interval_start,energy,prediction
2018-07-01 00:00:00,2.81,0.0
2018-07-01 00:15:00,2.81,0.0
2018-07-01 00:30:00,2.95,0.0
2018-07-01 00:45:00,2.81,0.0
2018-07-01 01:00:00,2.88,0.0
2018-07-01 01:15:00,2.88,0.0
2018-07-01 01:30:00,2.84,0.0
2018-07-01 01:45:00,2.84,0.14046872105836883
2018-07-01 02:00:00,2.92,0.38589851811092046
2018-07-01 02:15:00,2.84,0.6408556349482275
2018-07-01 02:30:00,2.88,0.9178561059280632
2018-07-01 02:45:00,2.84,1.1089697645365852
2018-07-01 03:00:00,3.67,1.362102661745805
2018-07-01 03:15:00,3.85,1.6774458120578721
2018-07-01 03:30:00,2.88,2.5170892403600647
2018-07-01 03:45:00,2.81,2.931479792571686
2018-07-01 04:00:00,2.81,2.3624871023517677
2018-07-01 04:15:00,2.81,2.4052650081895415
2018-07-01 04:30:00,2.81,2.7962829939349767
2018-07-01 04:45:00,2.84,3.0749360674468527
2018-07-01 05:00:00,2.74,3.1719079132770176
2018-07-01 05:15:00,2.77,3.466473660998002
2018-07-01 05:30:00,2.81,3.505441664237278
2018-07-01 05:45:00,2.81,3.6541662106398007
2018-07-01 06:00:00,2.77,3.8350572947813575
2018-07-01 06:15:00,2.81,3.9671761825296414
2018-07-01 06:30:00,2.74,4.074370557031116
2018-07-01 06:45:00,2.74,4.192574966470584
2018-07-01 07:00:00,2.7,4.271265579668494
2018-07-01 07:15:00,2.74,4.40685132904661
2018-07-01 07:30:00,3.28,4.532962813715518
2018-07-01 07:45:00,3.06,4.636221137181494
2018-07-01 08:00:00,3.38,12.619343945125014
2018-07-01 08:15:00,2.74,16.25891448094093
2018-07-01 08:30:00,2.66,14.629903497878248
2018-07-01 08:45:00,2.84,16.74755953624906
2018-07-01 09:00:00,2.99,14.810318437309968
2018-07-01 09:15:00,3.1,15.470876754228438
2018-07-01 09:30:00,2.99,15.586278164001206
2018-07-01 09:45:00,2.99,13.64175060228602
2018-07-01 10:00:00,3.02,13.44434422487176
2018-07-01 10:15:00,3.02,15.697984452425766
2018-07-01 10:30:00,2.99,14.591587325332554
2018-07-01 10:45:00,3.06,12.724457969947789
2018-07-01 11:00:00,3.35,12.466051398527195
2018-07-01 11:15:00,3.02,15.438777157599144
2018-07-01 11:30:00,2.84,11.624462462149207
2018-07-01 11:45:00,2.81,6.767701700596632
2018-07-01 12:00:00,2.95,3.4563032802646916
2018-07-01 12:15:00,3.13,3.178397628958546
2018-07-01 12:30:00,3.1,3.021720224479651
2018-07-01 12:45:00,3.06,2.902266828282425
2018-07-01 13:00:00,3.42,6.390836677872144
2018-07-01 13:15:00,3.6,13.169854229517309
2018-07-01 13:30:00,2.99,14.615769764380524
2018-07-01 13:45:00,2.95,13.57592060002715
2018-07-01 14:00:00,2.99,11.38287092638021
2018-07-01 14:15:00,2.99,10.72698474595865
2018-07-01 14:30:00,3.02,12.786393113282152
2018-07-01 14:45:00,2.99,13.516629246087813
2018-07-01 15:00:00,2.99,11.565961583348816
2018-07-01 15:15:00,3.56,14.467524986450567
2018-07-01 15:30:00,3.17,7.601417800401105
2018-07-01 15:45:00,2.92,9.711878948218274
2018-07-01 16:00:00,2.92,6.726733077097151
2018-07-01 16:15:00,2.95,8.20614301957481
2018-07-01 16:30:00,2.95,5.6883636517106275
2018-07-01 16:45:00,2.95,0.7209027964606847
2018-07-01 17:00:00,2.99,0.0
2018-07-01 17:15:00,2.99,0.0
2018-07-01 17:30:00,2.95,0.0
2018-07-01 17:45:00,3.06,0.0
2018-07-01 18:00:00,2.88,0.0
2018-07-01 18:15:00,2.84,0.0
2018-07-01 18:30:00,3.06,0.0
2018-07-01 18:45:00,3.74,0.0
2018-07-01 19:00:00,3.56,0.0
2018-07-01 19:15:00,3.53,0.0
2018-07-01 19:30:00,3.02,0.0
2018-07-01 19:45:00,3.06,0.0
2018-07-01 20:00:00,3.06,0.0
2018-07-01 20:15:00,3.1,0.0
2018-07-01 20:30:00,3.06,0.0
2018-07-01 20:45:00,3.06,0.0
2018-07-01 21:00:00,3.06,0.0
2018-07-01 21:15:00,3.06,0.0
2018-07-01 21:30:00,3.06,0.0
2018-07-01 21:45:00,3.06,0.0
2018-07-01 22:00:00,2.99,0.0
2018-07-01 22:15:00,2.88,0.0
2018-07-01 22:30:00,2.84,0.0
2018-07-01 22:45:00,2.81,0.0
2018-07-01 23:00:00,3.35,0.0
2018-07-01 23:15:00,2.92,0.0
2018-07-01 23:30:00,2.81,0.0
2018-07-01 23:45:00,3.2,0.0
2018-07-02 00:00:00,2.81,3.45066781470873
2018-07-02 00:15:00,2.84,3.9087594600138154
2018-07-02 00:30:00,2.88,4.053349397866459
2018-07-02 00:45:00,3.28,4.17034225773963
2018-07-02 01:00:00,3.38,4.561516053312953
2018-07-02 01:15:00,2.88,5.067806388073098
2018-07-02 01:30:00,2.92,5.329393277585339
2018-07-02 01:45:00,2.92,5.1660862253229105
2018-07-02 02:00:00,2.92,5.437276913516822
2018-07-02 02:15:00,2.88,5.76240595189558
2018-07-02 02:30:00,2.92,6.026752141773553
2018-07-02 02:45:00,3.38,6.181097955071003
2018-07-02 03:00:00,3.13,6.615271164889268
2018-07-02 03:15:00,2.95,7.206332388145036
2018-07-02 03:30:00,2.92,7.134009774489673
2018-07-02 03:45:00,2.84,7.169134106127082
2018-07-02 04:00:00,2.92,7.428764783525423
2018-07-02 04:15:00,2.84,7.654248808427017
2018-07-02 04:30:00,2.88,7.894978280281105
2018-07-02 04:45:00,2.88,8.068966369637305
2018-07-02 05:00:00,2.88,8.296046152103692
2018-07-02 05:15:00,2.84,8.504526558507028
2018-07-02 05:30:00,2.88,8.752475840559615
2018-07-02 05:45:00,2.84,8.804338497857863
2018-07-02 06:00:00,2.81,8.975588756256332
2018-07-02 06:15:00,2.81,9.15670653476317
2018-07-02 06:30:00,3.42,9.17261300083522
2018-07-02 06:45:00,3.78,9.265144036676993
2018-07-02 07:00:00,3.06,9.766476013354659
2018-07-02 07:15:00,2.99,10.105134364631308
2018-07-02 07:30:00,3.02,9.75798825400268
2018-07-02 07:45:00,2.99,10.12572343865607
2018-07-02 08:00:00,18.61,17.061741027905995
2018-07-02 08:15:00,39.53,18.968674405262032
2018-07-02 08:30:00,44.89,30.334461313899386
2018-07-02 08:45:00,48.31,42.074009571628594
2018-07-02 09:00:00,51.3,46.60389945751446
2018-07-02 09:15:00,50.18,43.68166217199499
2018-07-02 09:30:00,61.85,46.15132131243023
2018-07-02 09:45:00,71.35,46.221465028613
2018-07-02 10:00:00,72.68,54.58483130082855
2018-07-02 10:15:00,59.72,61.403054487109486
2018-07-02 10:30:00,59.11,68.32782932677989
2018-07-02 10:45:00,56.45,55.29043918966454
2018-07-02 11:00:00,70.52,62.00713374452303
2018-07-02 11:15:00,65.7,56.363359604959484
2018-07-02 11:30:00,70.7,70.32477061705558
2018-07-02 11:45:00,63.76,64.73455729425194
2018-07-02 12:00:00,8.24,48.11502560497898
2018-07-02 12:15:00,5.08,45.25461105874232
2018-07-02 12:30:00,5.58,15.47289432472139
2018-07-02 12:45:00,5.51,10.80980319133359
2018-07-02 13:00:00,40.1,31.042339286363724
2018-07-02 13:15:00,61.81,33.58811754381745
2018-07-02 13:30:00,87.7,53.31800195920877
2018-07-02 13:45:00,69.12,64.69189028105473
2018-07-02 14:00:00,58.1,77.01286852673607
2018-07-02 14:15:00,56.77,66.72937447722614
2018-07-02 14:30:00,59.8,55.85447021415331
2018-07-02 14:45:00,57.28,61.676164073032325
2018-07-02 15:00:00,68.04,62.1590140130775
2018-07-02 15:15:00,63.54,66.50526900442921
2018-07-02 15:30:00,70.31,65.15734676223056
2018-07-02 15:45:00,62.32,54.4586653636419
2018-07-02 16:00:00,53.1,58.36713115661492
2018-07-02 16:15:00,51.52,49.51041138587075
2018-07-02 16:30:00,49.75,44.658132923461935
2018-07-02 16:45:00,58.03,43.35464738233129
2018-07-02 17:00:00,57.24,41.831056178944564
2018-07-02 17:15:00,57.46,47.34555379974873
2018-07-02 17:30:00,34.7,45.16957313022252
2018-07-02 17:45:00,27.43,46.42750297002424
2018-07-02 18:00:00,31.68,31.725055979187232
2018-07-02 18:15:00,53.03,26.86739819671765
2018-07-02 18:30:00,40.5,30.84429455831657
2018-07-02 18:45:00,35.96,45.086082401441
2018-07-02 19:00:00,40.18,37.004276094421314
2018-07-02 19:15:00,44.57,35.394538910278285
2018-07-02 19:30:00,44.5,35.15124568318372
2018-07-02 19:45:00,45.43,39.9066149118248
2018-07-02 20:00:00,46.08,41.37077839289393
2018-07-02 20:15:00,46.62,36.4722211699576
2018-07-02 20:30:00,47.63,37.32379206205455
2018-07-02 20:45:00,18.14,33.817109479166014
2018-07-02 21:00:00,4.46,33.09309079754555
2018-07-02 21:15:00,3.82,16.306877077635043
2018-07-02 21:30:00,3.78,6.9980619470338645
2018-07-02 21:45:00,3.82,7.151638755624848
2018-07-02 22:00:00,3.71,8.8039941754855
2018-07-02 22:15:00,3.6,6.226090205488177
2018-07-02 22:30:00,3.46,6.6573216025335356
2018-07-02 22:45:00,3.46,5.978386407091243
2018-07-02 23:00:00,3.46,5.225216365852056
2018-07-02 23:15:00,3.46,5.523404881377665
2018-07-02 23:30:00,3.42,6.113109708514006
2018-07-02 23:45:00,3.42,6.719477470702806
2018-07-03 00:00:00,2.84,4.188018032527808
2018-07-03 00:15:00,2.88,4.624568463893976
2018-07-03 00:30:00,2.95,4.745641312670287
2018-07-03 00:45:00,2.92,5.28519863952862
2018-07-03 01:00:00,3.38,3.3165101368086702
2018-07-03 01:15:00,3.2,2.3579963404518516
2018-07-03 01:30:00,2.7,2.74247284153817
2018-07-03 01:45:00,2.77,2.9335029052409247
2018-07-03 02:00:00,2.81,2.858550349811967
2018-07-03 02:15:00,2.81,3.10749956392052
2018-07-03 02:30:00,2.84,3.498873856775365
2018-07-03 02:45:00,2.81,3.8047391474749084
2018-07-03 03:00:00,2.84,3.9693456105378964
2018-07-03 03:15:00,2.81,4.2120163380191755
2018-07-03 03:30:00,3.06,4.5600888594894755
2018-07-03 03:45:00,3.24,4.715222931557911
2018-07-03 04:00:00,2.84,5.053878380639819
2018-07-03 04:15:00,2.81,5.33729156420231
2018-07-03 04:30:00,2.84,5.333938344512479
2018-07-03 04:45:00,2.81,5.599236593592529
2018-07-03 05:00:00,2.81,5.799731723380038
2018-07-03 05:15:00,2.81,6.013052730853175
2018-07-03 05:30:00,2.84,6.1128944090266515
2018-07-03 05:45:00,2.77,6.234945568093849
2018-07-03 06:00:00,2.77,6.405778620524412
2018-07-03 06:15:00,2.77,6.50009908361352
2018-07-03 06:30:00,2.77,6.732328853737091
2018-07-03 06:45:00,2.77,6.915354439500078
2018-07-03 07:00:00,2.77,6.8807932823585425
2018-07-03 07:15:00,3.53,6.992499561530412
2018-07-03 07:30:00,3.67,7.195390748236331
2018-07-03 07:45:00,5.22,7.702619454940166
2018-07-03 08:00:00,30.42,15.890416566936633
2018-07-03 08:15:00,41.44,21.432426951044892
2018-07-03 08:30:00,48.31,37.541230918453415
2018-07-03 08:45:00,59.04,45.64998376318951
2018-07-03 09:00:00,60.62,50.79134843492011
2018-07-03 09:15:00,61.13,55.85377339829878
2018-07-03 09:30:00,71.82,59.39671987021147
2018-07-03 09:45:00,62.71,61.156888981631354
2018-07-03 10:00:00,49.86,68.98430942230752
2018-07-03 10:15:00,46.73,61.26831786660178
2018-07-03 10:30:00,57.42,52.729601999417376
2018-07-03 10:45:00,59.83,50.731223646520554
2018-07-03 11:00:00,71.14,62.03150785400557
2018-07-03 11:15:00,54.4,63.42998628792801
2018-07-03 11:30:00,57.64,66.48581797922617
2018-07-03 11:45:00,66.67,54.41474836718244
2018-07-03 12:00:00,23.72,38.713098051370665
2018-07-03 12:15:00,4.1,46.0734512734617
2018-07-03 12:30:00,4.21,23.913853942483836
2018-07-03 12:45:00,4.79,7.890138505526224
2018-07-03 13:00:00,38.3,22.59230653425243
2018-07-03 13:15:00,66.17,34.49475004867389
2018-07-03 13:30:00,55.48,55.537701844840726
2018-07-03 13:45:00,57.35,68.98798183804138
2018-07-03 14:00:00,48.74,57.22016673601759
2018-07-03 14:15:00,52.78,53.55248092501428
2018-07-03 14:30:00,71.32,51.65915145918878
2018-07-03 14:45:00,53.82,57.53171654847961
2018-07-03 15:00:00,67.0,70.00490734276032
2018-07-03 15:15:00,56.74,61.57247937840788
2018-07-03 15:30:00,78.34,64.75800414090034
2018-07-03 15:45:00,105.66,61.46156031602549
2018-07-03 16:00:00,64.37,81.98272780471211
2018-07-03 16:15:00,66.74,91.92336681351182
2018-07-03 16:30:00,95.54,65.6196568828342
2018-07-03 16:45:00,113.26,53.70249591405134
2018-07-03 17:00:00,72.47,74.92194850597537
2018-07-03 17:15:00,73.48,90.90403241684595
2018-07-03 17:30:00,43.7,55.93118246439931
2018-07-03 17:45:00,31.43,50.21914664753007
2018-07-03 18:00:00,42.05,42.11776636639425
2018-07-03 18:15:00,70.2,38.52927021213229
2018-07-03 18:30:00,57.53,40.483517117573484
2018-07-03 18:45:00,71.21,62.40412027318289
2018-07-03 19:00:00,81.07,50.24219550064669
2018-07-03 19:15:00,103.36,54.002892913476714
2018-07-03 19:30:00,90.83,61.52855863141352
2018-07-03 19:45:00,109.73,78.25930238684631
2018-07-03 20:00:00,106.56,73.54570714975335
2018-07-03 20:15:00,76.1,80.17091798415095
2018-07-03 20:30:00,92.38,80.93514281650093
2018-07-03 20:45:00,77.04,55.602349974782804
2018-07-03 21:00:00,27.11,60.248462621480385
2018-07-03 21:15:00,27.79,53.69222908543147
2018-07-03 21:30:00,14.33,23.334655060354674
2018-07-03 21:45:00,4.18,15.987988294198503
2018-07-03 22:00:00,3.85,14.886707604919822
2018-07-03 22:15:00,3.53,8.46378331749382
2018-07-03 22:30:00,3.56,5.2529150868325765
2018-07-03 22:45:00,3.6,6.047524726789231
2018-07-03 23:00:00,3.46,5.978444372492358
2018-07-03 23:15:00,3.46,5.350720291745851
2018-07-03 23:30:00,3.49,7.7134778335814325
2018-07-03 23:45:00,3.56,6.669658502979303
2018-07-04 00:00:00,3.2,5.926198725371165
2018-07-04 00:15:00,2.81,6.356530787795453
2018-07-04 00:30:00,3.24,4.172627209083796
2018-07-04 00:45:00,3.42,5.820468739576402
2018-07-04 01:00:00,2.95,5.464311765107627
2018-07-04 01:15:00,2.84,1.8944305374388577
2018-07-04 01:30:00,2.84,1.8628953827068813
2018-07-04 01:45:00,2.81,0.9110759577490235
2018-07-04 02:00:00,2.81,0.45504695192205347
2018-07-04 02:15:00,2.88,0.7116505113976146
2018-07-04 02:30:00,2.92,0.8876908816969156
2018-07-04 02:45:00,2.84,1.1605406762749588
2018-07-04 03:00:00,2.81,1.469172243447268
2018-07-04 03:15:00,2.84,1.6424334962211908
2018-07-04 03:30:00,2.84,1.897239252600869
2018-07-04 03:45:00,2.92,2.2900378357461157
2018-07-04 04:00:00,2.81,2.4906232201934735
2018-07-04 04:15:00,3.06,2.6333647740610324
2018-07-04 04:30:00,3.42,2.772839854573263
2018-07-04 04:45:00,2.99,3.135332788983895
2018-07-04 05:00:00,2.81,3.581476907392311
2018-07-04 05:15:00,2.84,3.4980573895052807
2018-07-04 05:30:00,2.81,3.4917291978767757
2018-07-04 05:45:00,2.81,3.7116134864979706
2018-07-04 06:00:00,2.77,4.010566706595018
2018-07-04 06:15:00,2.77,4.075941594841197
2018-07-04 06:30:00,3.31,4.091668858108367
2018-07-04 06:45:00,3.42,4.208927369675475
2018-07-04 07:00:00,3.02,4.629370967919073
2018-07-04 07:15:00,3.13,4.95018177381813
2018-07-04 07:30:00,3.53,4.779484456739365
2018-07-04 07:45:00,6.7,5.260285522279162
2018-07-04 08:00:00,56.09,16.810205763239537
2018-07-04 08:15:00,87.37,26.258615814356673
2018-07-04 08:30:00,93.85,52.79061810521732
2018-07-04 08:45:00,68.8,75.98265669179605
2018-07-04 09:00:00,118.98,73.37803291222912
2018-07-04 09:15:00,98.57,58.98593364783232
2018-07-04 09:30:00,116.06,89.26847130058071
2018-07-04 09:45:00,88.6,86.50464801115275
2018-07-04 10:00:00,86.62,87.76116337408976
2018-07-04 10:15:00,111.38,72.89042094838553
2018-07-04 10:30:00,90.36,72.46055296891588
2018-07-04 10:45:00,105.05,87.02633331673786
2018-07-04 11:00:00,91.4,83.65546193821429
2018-07-04 11:15:00,108.22,82.37274936434702
2018-07-04 11:30:00,67.07,75.1655448836647
2018-07-04 11:45:00,42.34,88.62713525117833
2018-07-04 12:00:00,8.1,45.94206333488604
2018-07-04 12:15:00,4.5,29.986048423315566
2018-07-04 12:30:00,5.26,13.96289965131188
2018-07-04 12:45:00,4.57,15.798312243452983
2018-07-04 13:00:00,24.26,28.920631698354846
2018-07-04 13:15:00,40.14,36.196837240098674
2018-07-04 13:30:00,38.63,46.31384733665571
2018-07-04 13:45:00,34.99,53.20658684416325
2018-07-04 14:00:00,35.93,44.975488870217575
2018-07-04 14:15:00,43.31,40.923525168595496
2018-07-04 14:30:00,35.78,51.44376249866137
2018-07-04 14:45:00,36.4,50.48046556878607
2018-07-04 15:00:00,40.21,48.710391885277474
2018-07-04 15:15:00,40.86,45.20200698303368
2018-07-04 15:30:00,39.28,55.36097644913155
2018-07-04 15:45:00,48.06,57.50278287456041
2018-07-04 16:00:00,53.17,43.19637654431724
2018-07-04 16:15:00,44.06,44.95203007875086
2018-07-04 16:30:00,42.23,52.9350719414643
2018-07-04 16:45:00,46.26,49.85675954689161
2018-07-04 17:00:00,47.48,41.36365991328287
2018-07-04 17:15:00,41.36,44.89669252132734
2018-07-04 17:30:00,35.42,42.89271144669494
2018-07-04 17:45:00,36.68,36.24659392009573
2018-07-04 18:00:00,50.87,27.922291441607655
2018-07-04 18:15:00,47.7,32.272681328159116
2018-07-04 18:30:00,44.21,39.41829452094781
2018-07-04 18:45:00,50.9,39.266155710610356
2018-07-04 19:00:00,45.72,36.71609359880828
2018-07-04 19:15:00,43.13,44.75226849922493
2018-07-04 19:30:00,35.96,41.7832817871988
2018-07-04 19:45:00,34.38,41.918396346826285
2018-07-04 20:00:00,53.32,37.7771672893243
2018-07-04 20:15:00,45.22,33.04594107285192
2018-07-04 20:30:00,53.21,46.04199820195739
2018-07-04 20:45:00,34.31,39.59584735792628
2018-07-04 21:00:00,37.33,32.878862844394384
2018-07-04 21:15:00,56.05,22.838478271955378
2018-07-04 21:30:00,37.26,22.319750730004095
2018-07-04 21:45:00,4.5,31.711649402624573
2018-07-04 22:00:00,4.72,23.043328136811947
2018-07-04 22:15:00,3.89,0.4967904459164316
2018-07-04 22:30:00,3.71,0.46540122000515183
2018-07-04 22:45:00,3.64,5.989121415622073
2018-07-04 23:00:00,3.6,4.837694255686564
2018-07-04 23:15:00,3.53,0.986703249984501
2018-07-04 23:30:00,3.53,1.4810399032888526
2018-07-04 23:45:00,3.67,0.798740390247282
2018-07-05 00:00:00,3.56,0.0
2018-07-05 00:15:00,3.53,1.6809363234916503
2018-07-05 00:30:00,3.1,1.4048464093534996
2018-07-05 00:45:00,3.02,2.4763496490267514
2018-07-05 01:00:00,3.02,0.9923863315882464
2018-07-05 01:15:00,3.13,1.6397462258698283
2018-07-05 01:30:00,3.56,3.5988997054239285
2018-07-05 01:45:00,3.06,2.454554805921152
2018-07-05 02:00:00,3.02,0.2631612497383884
2018-07-05 02:15:00,3.06,0.3109084627329537
2018-07-05 02:30:00,3.06,0.4537276047619123
2018-07-05 02:45:00,3.06,0.6778595536216514
2018-07-05 03:00:00,3.13,0.9960915804833625
2018-07-05 03:15:00,3.06,1.1746027303831141
2018-07-05 03:30:00,3.06,1.445556441429165
2018-07-05 03:45:00,3.06,1.685915568807964
2018-07-05 04:00:00,3.1,1.9020422808159658
2018-07-05 04:15:00,3.02,2.1790664678844394
2018-07-05 04:30:00,3.1,2.480619901857498
2018-07-05 04:45:00,3.1,2.5304657907949313
2018-07-05 05:00:00,3.06,2.73745823044203
2018-07-05 05:15:00,3.56,2.9457580346435677
2018-07-05 05:30:00,3.24,3.103076019519669
2018-07-05 05:45:00,3.1,3.57478892141609
2018-07-05 06:00:00,3.2,3.521354429710531
2018-07-05 06:15:00,3.64,3.5465441652114045
2018-07-05 06:30:00,3.17,3.87662086573231
2018-07-05 06:45:00,2.99,4.261006754335735
2018-07-05 07:00:00,3.06,4.045042666952806
2018-07-05 07:15:00,3.53,4.077074565260883
2018-07-05 07:30:00,4.03,4.406579593629807
2018-07-05 07:45:00,4.82,5.286907543953607
2018-07-05 08:00:00,38.41,19.1316240573805
2018-07-05 08:15:00,71.14,26.780364689237963
2018-07-05 08:30:00,117.32,46.78253311934506
2018-07-05 08:45:00,121.68,63.03005462245433
2018-07-05 09:00:00,84.2,97.54739375842263
2018-07-05 09:15:00,98.17,98.760328277187
2018-07-05 09:30:00,74.52,74.73945749676133
2018-07-05 09:45:00,85.97,78.0898584177981
2018-07-05 10:00:00,106.96,74.631104280851
2018-07-05 10:15:00,83.7,86.08087170700875
2018-07-05 10:30:00,66.28,94.99480935796899
2018-07-05 10:45:00,75.89,90.51165821594725
2018-07-05 11:00:00,74.88,70.05943832167983
2018-07-05 11:15:00,101.7,79.19964845398837
2018-07-05 11:30:00,107.75,70.86134650575696
2018-07-05 11:45:00,82.73,77.75119033604781
2018-07-05 12:00:00,8.42,65.86148036604523
2018-07-05 12:15:00,5.9,51.85745690222609
2018-07-05 12:30:00,5.0,8.57590626636074
2018-07-05 12:45:00,4.86,11.871702052179458
2018-07-05 13:00:00,59.62,31.517194791920975
2018-07-05 13:15:00,64.76,32.003142946636814
2018-07-05 13:30:00,50.94,54.708490496057735
2018-07-05 13:45:00,56.92,57.5507468213184
2018-07-05 14:00:00,55.48,45.3599706426023
2018-07-05 14:15:00,61.02,47.50045065274921
2018-07-05 14:30:00,65.52,53.05259381991381
2018-07-05 14:45:00,47.59,55.125727361854985
2018-07-05 15:00:00,81.04,57.173422005547835
2018-07-05 15:15:00,105.12,47.44190563633877
2018-07-05 15:30:00,82.19,64.979866740971
2018-07-05 15:45:00,74.23,84.84009389913794
2018-07-05 16:00:00,58.68,70.39942690189491
2018-07-05 16:15:00,53.46,54.47172030650581
2018-07-05 16:30:00,51.48,50.90700902019382
2018-07-05 16:45:00,64.04,47.40873506973507
2018-07-05 17:00:00,59.04,45.03959075420782
2018-07-05 17:15:00,55.19,53.01739381479529
2018-07-05 17:30:00,30.74,47.98792421767832
2018-07-05 17:45:00,32.47,42.18998368104117
2018-07-05 18:00:00,41.0,33.257626929229005
2018-07-05 18:15:00,62.42,32.63292749144735
2018-07-05 18:30:00,57.6,41.14171330629981
2018-07-05 18:45:00,57.46,55.280196465582534
2018-07-05 19:00:00,55.51,45.395543488584465
2018-07-05 19:15:00,57.85,45.3384354061183
2018-07-05 19:30:00,47.74,45.780792788401165
2018-07-05 19:45:00,49.61,47.03506675823448
2018-07-05 20:00:00,65.23,46.60867456052468
2018-07-05 20:15:00,109.87,43.708347406326084
2018-07-05 20:30:00,106.74,52.399598342596136
2018-07-05 20:45:00,33.77,73.84146696136906
2018-07-05 21:00:00,4.72,69.41944252099307
2018-07-05 21:15:00,4.28,25.49008188124004
2018-07-05 21:30:00,4.07,2.3184515346551393
2018-07-05 21:45:00,4.0,5.2841534147514295
2018-07-05 22:00:00,3.85,9.589483087976493
2018-07-05 22:15:00,3.74,2.6782652592609857
2018-07-05 22:30:00,4.64,2.0440709047533225
2018-07-05 22:45:00,4.57,1.831518510681402
2018-07-05 23:00:00,3.64,1.4019952775103732
2018-07-05 23:15:00,3.6,1.1284717574012753
2018-07-05 23:30:00,3.64,1.034398617210563
2018-07-05 23:45:00,3.67,0.38203933583745453
2018-07-06 00:00:00,3.64,3.1059900692991853
2018-07-06 00:15:00,3.28,4.787617785477842
2018-07-06 00:30:00,3.17,8.81269584993748
2018-07-06 00:45:00,3.13,8.996764089263074
2018-07-06 01:00:00,3.17,3.3442202225448376
2018-07-06 01:15:00,3.13,1.257616184580531
2018-07-06 01:30:00,3.1,1.575305346850044
2018-07-06 01:45:00,3.17,1.6778215008962079
2018-07-06 02:00:00,3.24,1.8928699478085278
2018-07-06 02:15:00,3.2,2.1896856517212804
2018-07-06 02:30:00,3.24,2.4709533652704465
2018-07-06 02:45:00,3.2,2.772228222265028
2018-07-06 03:00:00,3.17,3.1434195624270167
2018-07-06 03:15:00,3.2,3.221300755134159
2018-07-06 03:30:00,3.2,3.4427566529456364
2018-07-06 03:45:00,3.17,3.6885656268924123
2018-07-06 04:00:00,3.31,3.952225612363602
2018-07-06 04:15:00,3.6,4.142726383602927
2018-07-06 04:30:00,3.53,4.415877578943654
2018-07-06 04:45:00,3.89,4.805237181202525
2018-07-06 05:00:00,3.31,4.986482722030274
2018-07-06 05:15:00,3.24,5.517448992660729
2018-07-06 05:30:00,3.28,5.247199042011211
2018-07-06 05:45:00,3.24,5.291746392083862
2018-07-06 06:00:00,3.2,5.527967453575908
2018-07-06 06:15:00,3.24,5.885872770403765
2018-07-06 06:30:00,3.2,5.773252341300086
2018-07-06 06:45:00,3.24,5.827642950115866
2018-07-06 07:00:00,3.24,5.927326821842101
2018-07-06 07:15:00,3.6,6.138491923329294
2018-07-06 07:30:00,3.53,6.356001761116534
2018-07-06 07:45:00,3.85,6.714371024390818
2018-07-06 08:00:00,58.0,18.59413827818438
2018-07-06 08:15:00,112.32,27.42125151914909
2018-07-06 08:30:00,115.52,67.3614757077309
2018-07-06 08:45:00,112.72,102.87072842278536
2018-07-06 09:00:00,86.4,93.29523746713473
2018-07-06 09:15:00,106.52,86.35905182015844
2018-07-06 09:30:00,105.37,70.31978198199229
2018-07-06 09:45:00,78.12,92.11100324429577
2018-07-06 10:00:00,108.94,96.95724884192217
2018-07-06 10:15:00,88.67,74.30050558043425
2018-07-06 10:30:00,96.7,86.49827732971588
2018-07-06 10:45:00,118.91,85.02810551940091
2018-07-06 11:00:00,76.9,80.04094164333618
2018-07-06 11:15:00,110.84,96.22358449325671
2018-07-06 11:30:00,97.56,77.60262169822408
2018-07-06 11:45:00,99.32,86.0334308922663
2018-07-06 12:00:00,7.16,68.32919786076921
2018-07-06 12:15:00,5.72,68.03979541905274
2018-07-06 12:30:00,5.15,14.370415939863502
2018-07-06 12:45:00,4.9,12.987960579647766
2018-07-06 13:00:00,48.24,35.39232913776064
2018-07-06 13:15:00,54.94,39.28842666341936
2018-07-06 13:30:00,84.71,55.017568572791916
2018-07-06 13:45:00,96.98,60.63165203310178
2018-07-06 14:00:00,89.35,70.95305001571339
2018-07-06 14:15:00,115.13,81.15721460158294
2018-07-06 14:30:00,93.24,75.18876669777255
2018-07-06 14:45:00,112.72,83.9000974115587
2018-07-06 15:00:00,94.61,84.68835064876578
2018-07-06 15:15:00,78.88,97.80946332898097
2018-07-06 15:30:00,111.24,86.86765827772672
2018-07-06 15:45:00,81.11,79.50652809983342
2018-07-06 16:00:00,107.93,91.54512531678111
2018-07-06 16:15:00,99.43,69.70265697441289
2018-07-06 16:30:00,104.87,78.12220209974177
2018-07-06 16:45:00,102.89,78.19648667408686
2018-07-06 17:00:00,61.16,80.86826447334379
2018-07-06 17:15:00,69.62,76.17994391226574
2018-07-06 17:30:00,32.54,48.10036040156413
2018-07-06 17:45:00,32.98,52.84669238964628
2018-07-06 18:00:00,60.44,39.54491582559455
2018-07-06 18:15:00,112.03,43.281201313538936
2018-07-06 18:30:00,90.36,61.10473216617605
2018-07-06 18:45:00,103.32,89.25624459731503
2018-07-06 19:00:00,104.83,76.33599637584072
2018-07-06 19:15:00,88.02,74.54880803489957
2018-07-06 19:30:00,116.21,76.22004960602199
2018-07-06 19:45:00,117.0,75.58894463922802
2018-07-06 20:00:00,89.35,88.6530864584365
2018-07-06 20:15:00,115.34,101.80027313910247
2018-07-06 20:30:00,87.66,85.36300349344359
2018-07-06 20:45:00,34.56,77.1695946909484
2018-07-06 21:00:00,12.24,61.60243536853822
2018-07-06 21:15:00,4.1,23.999706814671033
2018-07-06 21:30:00,4.07,7.623507897606817
2018-07-06 21:45:00,4.0,8.189054080486091
2018-07-06 22:00:00,3.92,8.029955044396523
2018-07-06 22:15:00,3.78,5.045916549510817
2018-07-06 22:30:00,3.67,7.919226951807559
2018-07-06 22:45:00,3.67,5.10742236350621
2018-07-06 23:00:00,3.64,5.560098136314643
2018-07-06 23:15:00,3.6,5.851884799913282
2018-07-06 23:30:00,3.6,4.838206770048192
2018-07-06 23:45:00,3.1,7.660239100568852
2018-07-07 00:00:00,3.49,5.569757883742682
2018-07-07 00:15:00,3.06,3.499168181109461
2018-07-07 00:30:00,3.1,6.381736798471032
2018-07-07 00:45:00,3.13,4.527404425188607
2018-07-07 01:00:00,3.1,0.5521398242949864
2018-07-07 01:15:00,3.35,0.0
2018-07-07 01:30:00,3.74,0.0
2018-07-07 01:45:00,3.35,0.0
2018-07-07 02:00:00,3.13,0.0
2018-07-07 02:15:00,3.13,0.0
2018-07-07 02:30:00,3.17,0.0
2018-07-07 02:45:00,3.2,0.0
2018-07-07 03:00:00,3.13,0.19214816430023518
2018-07-07 03:15:00,3.13,0.424687380891104
2018-07-07 03:30:00,3.13,0.597267702062247
2018-07-07 03:45:00,3.17,0.9402678950647321
2018-07-07 04:00:00,3.2,1.1001045222683459
2018-07-07 04:15:00,3.53,1.4002501544174812
2018-07-07 04:30:00,3.49,1.5762937580360585
2018-07-07 04:45:00,3.13,2.040725182732011
2018-07-07 05:00:00,3.1,2.1643688944449835
2018-07-07 05:15:00,3.17,2.184661034402449
2018-07-07 05:30:00,3.2,2.2482133896514824
2018-07-07 05:45:00,3.13,2.548022374000027
2018-07-07 06:00:00,3.1,2.691964027292947
2018-07-07 06:15:00,3.13,2.720677090144555
2018-07-07 06:30:00,2.99,2.8378728731309018
2018-07-07 06:45:00,2.92,2.975004920608427
2018-07-07 07:00:00,3.02,2.988718000750488
2018-07-07 07:15:00,3.85,3.074825727727305
2018-07-07 07:30:00,3.49,3.2490993985761953
2018-07-07 07:45:00,3.24,3.9694591230747776
2018-07-07 08:00:00,39.53,17.655348670676254
2018-07-07 08:15:00,110.27,30.760144066910065
2018-07-07 08:30:00,100.33,50.12805933981528
2018-07-07 08:45:00,43.24,95.19402992408041
2018-07-07 09:00:00,62.5,83.06553985106918
2018-07-07 09:15:00,54.9,45.13672424105578
2018-07-07 09:30:00,55.62,56.196714296828844
2018-07-07 09:45:00,59.76,60.03338874959587
2018-07-07 10:00:00,49.18,63.233461460149016
2018-07-07 10:15:00,42.7,58.986844091949486
2018-07-07 10:30:00,45.61,56.84457482120751
2018-07-07 10:45:00,40.57,52.57482382943108
2018-07-07 11:00:00,59.44,46.17616235186756
2018-07-07 11:15:00,59.8,54.06698389132173
2018-07-07 11:30:00,80.78,59.00031684312021
2018-07-07 11:45:00,101.81,56.16528568308371
2018-07-07 12:00:00,21.56,47.03133394397129
2018-07-07 12:15:00,6.26,61.22637128061199
2018-07-07 12:30:00,5.69,21.781717042153904
2018-07-07 12:45:00,5.18,5.267005644976493
2018-07-07 13:00:00,23.15,16.83224156243545
2018-07-07 13:15:00,79.78,31.743750918923936
2018-07-07 13:30:00,105.23,39.18497413514572
2018-07-07 13:45:00,106.16,72.44544320882062
2018-07-07 14:00:00,72.07,85.70006267696874
2018-07-07 14:15:00,94.25,83.31037717360088
2018-07-07 14:30:00,94.18,59.569338020522736
2018-07-07 14:45:00,96.01,80.5740224037026
2018-07-07 15:00:00,98.1,82.20092751592384
2018-07-07 15:15:00,78.01,84.31278869604876
2018-07-07 15:30:00,98.71,83.26643611674682
2018-07-07 15:45:00,109.98,75.06204180473858
2018-07-07 16:00:00,90.9,88.7193939992253
2018-07-07 16:15:00,107.21,91.69490654523365
2018-07-07 16:30:00,89.39,77.0784750584348
2018-07-07 16:45:00,6.3,75.0033438272558
2018-07-07 17:00:00,4.07,60.41704199568649
2018-07-07 17:15:00,3.64,13.742316995847194
2018-07-07 17:30:00,3.67,4.793466779706293
2018-07-07 17:45:00,3.71,17.63985396164364
2018-07-07 18:00:00,3.56,22.794033789536478
2018-07-07 18:15:00,3.46,19.11971668993684
2018-07-07 18:30:00,3.49,17.351559783685026
2018-07-07 18:45:00,3.6,19.423596519498474
2018-07-07 19:00:00,4.39,18.66628613127481
2018-07-07 19:15:00,4.21,16.255372216537978
2018-07-07 19:30:00,3.67,20.16988777789882
2018-07-07 19:45:00,3.46,22.247280001973603
2018-07-07 20:00:00,3.02,18.248056916162163
2018-07-07 20:15:00,3.06,21.374335445850704
2018-07-07 20:30:00,3.06,18.191982341502023
2018-07-07 20:45:00,3.02,7.908280716038465
2018-07-07 21:00:00,3.1,0.0
2018-07-07 21:15:00,3.06,0.0
2018-07-07 21:30:00,3.06,0.0
2018-07-07 21:45:00,3.06,0.0
2018-07-07 22:00:00,3.02,0.0
2018-07-07 22:15:00,2.84,0.0
2018-07-07 22:30:00,2.95,0.0
2018-07-07 22:45:00,2.77,0.0
2018-07-07 23:00:00,2.77,0.0
2018-07-07 23:15:00,2.74,0.0
2018-07-07 23:30:00,3.28,0.0
2018-07-07 23:45:00,2.7,0.0
2018-07-08 00:00:00,3.35,0.0
2018-07-08 00:15:00,2.74,0.0
2018-07-08 00:30:00,2.81,0.0
2018-07-08 00:45:00,2.81,0.0
2018-07-08 01:00:00,2.81,0.0
2018-07-08 01:15:00,2.81,0.0
2018-07-08 01:30:00,2.81,0.15939287694177295
2018-07-08 01:45:00,2.84,0.2797383814370491
2018-07-08 02:00:00,2.81,0.5097176264805761
2018-07-08 02:15:00,2.81,0.7749006575015045
2018-07-08 02:30:00,2.81,1.0041733510562594
2018-07-08 02:45:00,2.84,1.262081744714905
2018-07-08 03:00:00,3.24,1.6536243388921186
2018-07-08 03:15:00,2.99,1.960230441872664
2018-07-08 03:30:00,2.84,2.2405452533571513
2018-07-08 03:45:00,2.84,2.3948705996544177
2018-07-08 04:00:00,2.81,2.4469938260633697
2018-07-08 04:15:00,2.84,2.79744100355817
2018-07-08 04:30:00,3.42,3.010603827157084
2018-07-08 04:45:00,3.13,3.160319194927581
2018-07-08 05:00:00,2.77,3.6574278777596128
2018-07-08 05:15:00,2.81,3.7346725963630902
2018-07-08 05:30:00,2.77,3.636575138127416
2018-07-08 05:45:00,2.77,3.8108969894245774
2018-07-08 06:00:00,2.84,4.043337584973219
2018-07-08 06:15:00,3.38,4.161296606146571
2018-07-08 06:30:00,2.81,4.250892129664738
2018-07-08 06:45:00,2.81,4.679693402767601
2018-07-08 07:00:00,2.74,4.471887293502611
2018-07-08 07:15:00,2.81,4.644564829152163
2018-07-08 07:30:00,2.95,4.74626744187222
2018-07-08 07:45:00,18.76,4.806971540135084
2018-07-08 08:00:00,54.58,11.214776901938873
2018-07-08 08:15:00,105.91,32.44767184025028
2018-07-08 08:30:00,112.36,52.1112821978713
2018-07-08 08:45:00,86.51,72.04095048153084
2018-07-08 09:00:00,99.94,77.70943279295373
2018-07-08 09:15:00,104.69,57.43851210714378
2018-07-08 09:30:00,96.8,65.85604770072538
2018-07-08 09:45:00,92.52,78.03370595542617
2018-07-08 10:00:00,64.44,71.70917498872245
2018-07-08 10:15:00,79.78,64.02880733699789
2018-07-08 10:30:00,116.78,50.858324394877876
2018-07-08 10:45:00,90.04,58.04631698723108
2018-07-08 11:00:00,110.2,84.52798927542155
2018-07-08 11:15:00,98.96,69.46669130775325
2018-07-08 11:30:00,78.26,75.41809608858694
2018-07-08 11:45:00,49.79,76.6391112080239
2018-07-08 12:00:00,4.07,53.849108964079704
2018-07-08 12:15:00,4.03,33.33791539721159
2018-07-08 12:30:00,3.96,14.428493081598225
2018-07-08 12:45:00,4.0,15.011775523895048
2018-07-08 13:00:00,53.21,18.37345231194562
2018-07-08 13:15:00,90.4,27.46988944007409
2018-07-08 13:30:00,51.55,55.01863057591868
2018-07-08 13:45:00,48.46,78.25074373895828
2018-07-08 14:00:00,56.7,46.1942937400448
2018-07-08 14:15:00,62.75,38.05000755835973
2018-07-08 14:30:00,59.98,52.51719384587351
2018-07-08 14:45:00,53.14,65.26525209376355
2018-07-08 15:00:00,43.42,56.75788413922966
2018-07-08 15:15:00,45.97,50.60277270405027
2018-07-08 15:30:00,44.14,48.91803165020796
2018-07-08 15:45:00,48.35,50.71867017880879
2018-07-08 16:00:00,51.08,44.69950495291558
2018-07-08 16:15:00,44.1,45.045757404607244
2018-07-08 16:30:00,44.17,42.45236928737146
2018-07-08 16:45:00,5.87,23.665519849202656
2018-07-08 17:00:00,3.96,21.87596799141437
2018-07-08 17:15:00,3.82,4.592060909669076
2018-07-08 17:30:00,3.78,4.9975044815930865
2018-07-08 17:45:00,3.74,4.629761548860504
2018-07-08 18:00:00,3.56,5.407652190432557
2018-07-08 18:15:00,3.38,1.701025396441672
2018-07-08 18:30:00,3.49,1.9042512841734762
2018-07-08 18:45:00,3.89,1.8214215150552207
2018-07-08 19:00:00,4.61,0.8700402297776328
2018-07-08 19:15:00,3.49,0.3427546224707143
2018-07-08 19:30:00,3.56,0.8645195337550113
2018-07-08 19:45:00,3.64,0.13051457689433832
2018-07-08 20:00:00,3.56,0.4517603187118695
2018-07-08 20:15:00,3.31,1.050649437056208
2018-07-08 20:30:00,2.92,0.6966584457624485
2018-07-08 20:45:00,2.95,0.5882338246551768
2018-07-08 21:00:00,2.95,0.0
2018-07-08 21:15:00,2.95,0.0
2018-07-08 21:30:00,2.99,0.0
2018-07-08 21:45:00,2.95,0.0
2018-07-08 22:00:00,2.84,0.0
2018-07-08 22:15:00,2.7,0.0
2018-07-08 22:30:00,2.74,0.0
2018-07-08 22:45:00,2.7,0.0
2018-07-08 23:00:00,2.74,0.0
2018-07-08 23:15:00,3.28,0.0
2018-07-08 23:30:00,2.92,0.0
2018-07-08 23:45:00,3.31,0.0
2018-07-09 00:00:00,2.66,3.8708078458924042
2018-07-09 00:15:00,3.17,4.123304548362714
2018-07-09 00:30:00,3.02,4.019789704961145
2018-07-09 00:45:00,2.77,4.587223988786427
2018-07-09 01:00:00,2.74,4.800498152076965
2018-07-09 01:15:00,2.74,4.802254194183682
2018-07-09 01:30:00,2.77,4.9632769512150645
2018-07-09 01:45:00,2.7,5.303213110676584
2018-07-09 02:00:00,2.77,5.563681564110205
2018-07-09 02:15:00,2.74,5.723442637729093
2018-07-09 02:30:00,2.74,6.013834904114951
2018-07-09 02:45:00,2.77,6.357631621936665
2018-07-09 03:00:00,2.74,6.619227017783821
2018-07-09 03:15:00,2.77,6.8036156003953
2018-07-09 03:30:00,2.81,7.056889040238982
2018-07-09 03:45:00,2.74,7.263293409839115
2018-07-09 04:00:00,3.24,7.5684626726801625
2018-07-09 04:15:00,3.02,7.697147090277202
2018-07-09 04:30:00,2.99,8.343361041631276
2018-07-09 04:45:00,3.13,8.40280667536791
2018-07-09 05:00:00,2.7,8.44815684209927
2018-07-09 05:15:00,2.7,8.715279276990834
2018-07-09 05:30:00,2.7,8.721637255756175
2018-07-09 05:45:00,2.7,8.820585856555827
2018-07-09 06:00:00,2.7,9.009588337086512
2018-07-09 06:15:00,2.66,9.28375267503942
2018-07-09 06:30:00,2.66,9.374363334032747
2018-07-09 06:45:00,2.66,9.5329746741387
2018-07-09 07:00:00,2.74,9.478063469496448
2018-07-09 07:15:00,2.99,9.55096351573009
2018-07-09 07:30:00,3.42,9.695020251028257
2018-07-09 07:45:00,4.72,12.62386472069656
2018-07-09 08:00:00,17.39,22.18352167313831
2018-07-09 08:15:00,53.6,35.99451551339803
2018-07-09 08:30:00,57.71,45.45198646849964
2018-07-09 08:45:00,60.95,62.978752677216335
2018-07-09 09:00:00,50.98,68.85930523993818
2018-07-09 09:15:00,50.62,67.56191414272496
2018-07-09 09:30:00,53.39,62.949257135861814
2018-07-09 09:45:00,59.8,66.87541288515726
2018-07-09 10:00:00,69.23,64.96682234032535
2018-07-09 10:15:00,53.42,69.44840887555026
2018-07-09 10:30:00,56.3,80.35762666206982
2018-07-09 10:45:00,48.42,65.58092339056536
2018-07-09 11:00:00,55.69,71.5507170691904
2018-07-09 11:15:00,69.62,65.84521262539099
2018-07-09 11:30:00,50.69,67.78383241723998
2018-07-09 11:45:00,53.06,68.43862296615632
2018-07-09 12:00:00,16.16,39.050738403373494
2018-07-09 12:15:00,6.34,37.09897639748231
2018-07-09 12:30:00,5.44,20.981118315559186
2018-07-09 12:45:00,6.12,15.365528860368187
2018-07-09 13:00:00,34.52,31.094332921094267
2018-07-09 13:15:00,49.57,43.451388923861515
2018-07-09 13:30:00,46.66,54.27878244775239
2018-07-09 13:45:00,48.49,58.86322416268712
2018-07-09 14:00:00,50.47,54.73490473021998
2018-07-09 14:15:00,48.64,54.3479163117925
2018-07-09 14:30:00,52.92,57.312651373369384
2018-07-09 14:45:00,52.02,56.327776230731686
2018-07-09 15:00:00,50.0,57.65798542562362
2018-07-09 15:15:00,47.45,58.137968078530655
2018-07-09 15:30:00,52.52,59.00794189624971
2018-07-09 15:45:00,66.24,54.54229985963405
2018-07-09 16:00:00,58.54,56.7017620745745
2018-07-09 16:15:00,54.25,60.21121888871038
2018-07-09 16:30:00,59.11,54.26328519892013
2018-07-09 16:45:00,67.43,44.17218555617781
2018-07-09 17:00:00,57.24,46.93971817844136
2018-07-09 17:15:00,57.64,56.199398672182255
2018-07-09 17:30:00,28.04,45.97132050523912
2018-07-09 17:45:00,27.72,42.40272741786494
2018-07-09 18:00:00,32.87,27.818770533538167
2018-07-09 18:15:00,42.66,31.25801358242738
2018-07-09 18:30:00,45.25,33.19978396813757
2018-07-09 18:45:00,48.82,39.413948375355524
2018-07-09 19:00:00,48.38,38.45337597790612
2018-07-09 19:15:00,61.2,39.80831218199431
2018-07-09 19:30:00,58.82,39.62820544723056
2018-07-09 19:45:00,48.1,47.775622407785065
2018-07-09 20:00:00,47.02,48.62094546016378
2018-07-09 20:15:00,42.05,41.007371412761614
2018-07-09 20:30:00,60.16,39.66654105839251
2018-07-09 20:45:00,38.45,34.07321330760616
2018-07-09 21:00:00,5.04,42.43870479831955
2018-07-09 21:15:00,3.92,29.331929852688603
2018-07-09 21:30:00,3.82,7.49827652543626
2018-07-09 21:45:00,3.78,3.854663841115439
2018-07-09 22:00:00,3.67,9.562521463039289
2018-07-09 22:15:00,3.49,8.400093153860901
2018-07-09 22:30:00,3.46,5.416434389254057
2018-07-09 22:45:00,3.46,6.008462034407906
2018-07-09 23:00:00,3.35,6.2365802907712435
2018-07-09 23:15:00,3.35,6.074831034978981
2018-07-09 23:30:00,3.31,7.3669517986443935
2018-07-09 23:45:00,3.24,7.626598739686351
2018-07-10 00:00:00,3.42,4.244816226770094
2018-07-10 00:15:00,3.49,4.598413675084636
2018-07-10 00:30:00,3.38,4.646675917661572
2018-07-10 00:45:00,3.35,6.579282741977462
2018-07-10 01:00:00,2.99,5.1990553302721665
2018-07-10 01:15:00,2.84,2.6582863750127856
2018-07-10 01:30:00,2.81,2.5454999174663158
2018-07-10 01:45:00,3.42,2.6992714682761303
2018-07-10 02:00:00,3.24,2.96930827059607
2018-07-10 02:15:00,2.92,3.58439892485573
2018-07-10 02:30:00,2.88,3.7276537514445813
2018-07-10 02:45:00,2.88,3.7068986455804342
2018-07-10 03:00:00,2.84,3.921910157390485
2018-07-10 03:15:00,2.95,4.262628967624025
2018-07-10 03:30:00,2.84,4.530807803909379
2018-07-10 03:45:00,2.84,4.8175020356449245
2018-07-10 04:00:00,2.88,5.008899163005392
2018-07-10 04:15:00,2.88,5.1904836308712845
2018-07-10 04:30:00,2.95,5.440679905424059
2018-07-10 04:45:00,2.99,5.680114101871602
2018-07-10 05:00:00,3.31,5.82970563681646
2018-07-10 05:15:00,2.84,6.0166798393715695
2018-07-10 05:30:00,2.84,6.37481227736134
2018-07-10 05:45:00,2.81,6.2642580249197195
2018-07-10 06:00:00,2.88,6.41900524654654
2018-07-10 06:15:00,2.84,6.56682978888016
2018-07-10 06:30:00,2.84,6.753512933556699
2018-07-10 06:45:00,2.88,6.791423375163475
2018-07-10 07:00:00,2.95,6.893522709829185
2018-07-10 07:15:00,3.24,7.190858970063491
2018-07-10 07:30:00,3.67,7.409729545548817
2018-07-10 07:45:00,5.76,8.140563757705802
2018-07-10 08:00:00,39.56,15.580662222402244
2018-07-10 08:15:00,49.54,25.24044636593131
2018-07-10 08:30:00,53.6,46.789262588253266
2018-07-10 08:45:00,70.13,56.77712228439854
2018-07-10 09:00:00,59.76,54.71780653245734
2018-07-10 09:15:00,71.93,62.791127162039764
2018-07-10 09:30:00,61.63,63.34188926826316
2018-07-10 09:45:00,55.73,68.21643024584966
2018-07-10 10:00:00,55.48,62.89777549495241
2018-07-10 10:15:00,54.97,56.77836783604516
2018-07-10 10:30:00,50.94,58.26686748026456
2018-07-10 10:45:00,67.86,59.01959250742383
2018-07-10 11:00:00,63.83,59.03043411319598
2018-07-10 11:15:00,71.86,66.47081269583458
2018-07-10 11:30:00,55.84,62.65037247761987
2018-07-10 11:45:00,50.65,67.00577185721232
2018-07-10 12:00:00,4.07,42.57030519036923
2018-07-10 12:15:00,4.0,36.85660133789829
2018-07-10 12:30:00,4.03,11.171640523314458
2018-07-10 12:45:00,4.25,10.742724173469885
2018-07-10 13:00:00,36.25,26.755368490451545
2018-07-10 13:15:00,64.8,34.4481312965888
2018-07-10 13:30:00,55.58,45.91517924807585
2018-07-10 13:45:00,52.2,63.52776786289129
2018-07-10 14:00:00,54.83,54.48945753286535
2018-07-10 14:15:00,64.08,47.93612387041561
2018-07-10 14:30:00,56.88,57.40803583672147
2018-07-10 14:45:00,47.7,62.5612046429843
2018-07-10 15:00:00,86.22,61.064057997928174
2018-07-10 15:15:00,113.29,51.56198487005008
2018-07-10 15:30:00,99.0,80.11952152662072
2018-07-10 15:45:00,118.91,105.94439195356918
2018-07-10 16:00:00,89.14,84.40892317309611
2018-07-10 16:15:00,92.74,85.84645763213202
2018-07-10 16:30:00,110.41,81.21178712762492
2018-07-10 16:45:00,95.11,87.37292061137
2018-07-10 17:00:00,101.52,88.07023775781892
2018-07-10 17:15:00,82.8,85.96147836221533
2018-07-10 17:30:00,47.12,74.96000510518263
2018-07-10 17:45:00,29.02,62.3035806502262
2018-07-10 18:00:00,49.79,45.29541034320209
2018-07-10 18:15:00,79.56,39.60075690103103
2018-07-10 18:30:00,86.18,53.96116569668915
2018-07-10 18:45:00,108.58,75.55571436144606
2018-07-10 19:00:00,80.53,75.83916981018811
2018-07-10 19:15:00,49.68,93.34502112606143
2018-07-10 19:30:00,78.91,78.59407354652797
2018-07-10 19:45:00,74.59,60.52729083869427
2018-07-10 20:00:00,82.08,79.358690956831
2018-07-10 20:15:00,44.75,75.93341603746566
2018-07-10 20:30:00,41.65,81.71245459313758
2018-07-10 20:45:00,28.33,51.761692037398035
2018-07-10 21:00:00,13.46,34.41349945711295
2018-07-10 21:15:00,3.67,29.854715923602686
2018-07-10 21:30:00,3.82,18.10948011981734
2018-07-10 21:45:00,3.64,4.464248791597605
2018-07-10 22:00:00,3.6,3.956190064666419
2018-07-10 22:15:00,3.38,5.601542338089068
2018-07-10 22:30:00,3.35,6.215478122326932
2018-07-10 22:45:00,3.31,5.9141435467671
2018-07-10 23:00:00,3.31,8.023117771721125
2018-07-10 23:15:00,3.28,5.942231367611424
2018-07-10 23:30:00,3.28,3.6353548601770562
2018-07-10 23:45:00,3.06,6.465538431161374
2018-07-11 00:00:00,3.28,3.937486809374402
2018-07-11 00:15:00,3.38,4.877938185287203
2018-07-11 00:30:00,3.31,2.414021411710088
2018-07-11 00:45:00,3.46,2.6626206118724234
2018-07-11 01:00:00,3.35,1.71087700491033
2018-07-11 01:15:00,2.77,0.7815396148265208
2018-07-11 01:30:00,2.74,0.20555165193853853
2018-07-11 01:45:00,2.77,0.22910134770297574
2018-07-11 02:00:00,2.74,0.38542125208367395
2018-07-11 02:15:00,2.74,0.695200400099484
2018-07-11 02:30:00,2.81,0.9247098531082898
2018-07-11 02:45:00,2.77,1.0901763993245766
2018-07-11 03:00:00,2.77,1.3707744737456018
2018-07-11 03:15:00,2.84,1.6309331517672376
2018-07-11 03:30:00,2.77,1.834710691646034
2018-07-11 03:45:00,2.77,2.1356711548927336
2018-07-11 04:00:00,2.88,2.3124205113007754
2018-07-11 04:15:00,3.24,2.593454391208663
2018-07-11 04:30:00,2.77,2.975629867536007
2018-07-11 04:45:00,2.81,3.3291740870152857
2018-07-11 05:00:00,2.77,3.294232853369518
2018-07-11 05:15:00,2.77,3.3610979925678777
2018-07-11 05:30:00,2.77,3.519037301322836
2018-07-11 05:45:00,2.74,3.723113613790776
2018-07-11 06:00:00,2.74,3.831539061921866
2018-07-11 06:15:00,2.99,3.95248808827062
2018-07-11 06:30:00,3.35,4.184562881600591
2018-07-11 06:45:00,2.84,4.4686701385851535
2018-07-11 07:00:00,2.81,4.716268477321094
2018-07-11 07:15:00,2.92,4.564678557668557
2018-07-11 07:30:00,3.13,4.700679198042739
2018-07-11 07:45:00,3.2,5.862096096740149
2018-07-11 08:00:00,18.14,21.652881282664858
2018-07-11 08:15:00,111.2,29.54287632673311
2018-07-11 08:30:00,76.54,40.11272096497977
2018-07-11 08:45:00,55.51,92.25547678967483
2018-07-11 09:00:00,62.14,83.79058425356789
2018-07-11 09:15:00,53.35,57.99571305662156
2018-07-11 09:30:00,64.48,65.1503921409346
2018-07-11 09:45:00,53.93,67.48177016757856
2018-07-11 10:00:00,60.88,68.3733070593608
2018-07-11 10:15:00,66.71,65.8827276685994
2018-07-11 10:30:00,56.84,65.62154697009768
2018-07-11 10:45:00,62.53,74.01084934926061
2018-07-11 11:00:00,60.8,65.31913697566421
2018-07-11 11:15:00,68.18,70.49365295614821
2018-07-11 11:30:00,60.98,60.048346508312335
2018-07-11 11:45:00,59.83,58.54901139666751
2018-07-11 12:00:00,7.27,38.27038297932022
2018-07-11 12:15:00,4.61,37.40798078311453
2018-07-11 12:30:00,4.64,15.279558547344724
2018-07-11 12:45:00,4.54,8.864465381662836
2018-07-11 13:00:00,42.88,20.869320250975445
2018-07-11 13:15:00,58.14,30.643061076919427
2018-07-11 13:30:00,63.32,44.01525658244248
2018-07-11 13:45:00,51.01,53.9681825786969
2018-07-11 14:00:00,45.72,53.5342329499307
2018-07-11 14:15:00,43.42,46.85168674881992
2018-07-11 14:30:00,47.63,44.27796522999549
2018-07-11 14:45:00,48.74,43.06828692468792
2018-07-11 15:00:00,39.71,54.45935661374059
2018-07-11 15:15:00,38.84,59.38053719404154
2018-07-11 15:30:00,38.92,51.174243735181776
2018-07-11 15:45:00,46.55,54.21353485788713
2018-07-11 16:00:00,49.46,50.95349521816621
2018-07-11 16:15:00,49.93,49.86979045083888
2018-07-11 16:30:00,49.28,52.9826482899591
2018-07-11 16:45:00,42.84,50.38741140209211
2018-07-11 17:00:00,43.34,50.57467979996014
2018-07-11 17:15:00,39.38,45.90890309982562
2018-07-11 17:30:00,33.08,39.973768461604486
2018-07-11 17:45:00,28.87,35.87336493091041
2018-07-11 18:00:00,29.88,37.46013881930062
2018-07-11 18:15:00,35.71,38.37346025446246
2018-07-11 18:30:00,43.92,39.692128722708844
2018-07-11 18:45:00,44.03,48.66997653445542
2018-07-11 19:00:00,46.48,47.02025950921541
2018-07-11 19:15:00,45.32,39.77827657614529
2018-07-11 19:30:00,38.02,43.8033782419389
2018-07-11 19:45:00,36.4,42.53147118985359
2018-07-11 20:00:00,38.34,44.53337932869073
2018-07-11 20:15:00,56.41,35.480473702268334
2018-07-11 20:30:00,27.97,38.76263278278961
2018-07-11 20:45:00,7.27,43.560892924748174
2018-07-11 21:00:00,5.4,24.712515245153917
2018-07-11 21:15:00,3.74,11.372751154482579
2018-07-11 21:30:00,3.78,7.943782166982935
2018-07-11 21:45:00,3.82,4.7375557872475405
2018-07-11 22:00:00,3.64,1.824349163711453
2018-07-11 22:15:00,3.53,0.0
2018-07-11 22:30:00,3.53,0.46962585116317257
2018-07-11 22:45:00,3.42,0.6500360374680518
2018-07-11 23:00:00,2.88,0.6238864609934076
2018-07-11 23:15:00,2.88,1.0677151841858432
2018-07-11 23:30:00,2.92,0.957781971182019
2018-07-11 23:45:00,2.74,0.6558077155207442
2018-07-12 00:00:00,3.49,0.34364729169426766
2018-07-12 00:15:00,2.99,0.760918840032474
2018-07-12 00:30:00,2.92,2.9164959418816636
2018-07-12 00:45:00,2.99,0.7192299166556708
2018-07-12 01:00:00,2.99,0.0
2018-07-12 01:15:00,2.95,0.0
2018-07-12 01:30:00,2.95,0.0
2018-07-12 01:45:00,2.95,0.0
2018-07-12 02:00:00,2.99,0.0
2018-07-12 02:15:00,3.02,0.0891488269698435
2018-07-12 02:30:00,2.99,0.3650607647778976
2018-07-12 02:45:00,3.02,0.628455207282343
2018-07-12 03:00:00,2.99,0.869461893616247
2018-07-12 03:15:00,3.49,1.0852667681806167
2018-07-12 03:30:00,3.13,1.3094165943172484
2018-07-12 03:45:00,3.06,1.840270703200396
2018-07-12 04:00:00,2.99,1.9050976197847653
2018-07-12 04:15:00,2.92,2.1370039427429575
2018-07-12 04:30:00,2.92,2.228030550767045
2018-07-12 04:45:00,3.28,2.468806873784068
2018-07-12 05:00:00,3.49,2.6239730643455843
2018-07-12 05:15:00,2.99,3.119805964589098
2018-07-12 05:30:00,2.92,3.3745465866894193
2018-07-12 05:45:00,2.99,3.1812150172624136
2018-07-12 06:00:00,2.95,3.256268792625555
2018-07-12 06:15:00,2.92,3.6519506602285148
2018-07-12 06:30:00,2.92,3.772495854343113
2018-07-12 06:45:00,2.99,3.673963382063782
2018-07-12 07:00:00,3.02,3.7800050948387636
2018-07-12 07:15:00,3.31,4.025546200114579
2018-07-12 07:30:00,3.82,4.275550317990849
2018-07-12 07:45:00,4.1,4.618992878799087
2018-07-12 08:00:00,37.04,14.149570799957752
2018-07-12 08:15:00,63.14,36.89188935177737
2018-07-12 08:30:00,66.49,58.8496476860623
2018-07-12 08:45:00,61.42,72.76815739747309
2018-07-12 09:00:00,67.61,66.51324717976837
2018-07-12 09:15:00,59.8,61.48170940616595
2018-07-12 09:30:00,70.13,64.66280628882156
2018-07-12 09:45:00,53.96,64.10733162661569
2018-07-12 10:00:00,63.86,74.51213449490959
2018-07-12 10:15:00,68.4,62.47126333409329
2018-07-12 10:30:00,57.42,62.09895152105162
2018-07-12 10:45:00,75.74,68.27339349069807
2018-07-12 11:00:00,58.82,61.81197010089449
2018-07-12 11:15:00,54.61,75.43542915446795
2018-07-12 11:30:00,68.26,68.26284621163053
2018-07-12 11:45:00,49.5,58.532765216816884
2018-07-12 12:00:00,4.36,41.72265868265736
2018-07-12 12:15:00,4.36,36.201237038114705
2018-07-12 12:30:00,4.39,7.816375151586389
2018-07-12 12:45:00,4.61,6.363258940986196
2018-07-12 13:00:00,4.97,30.15605624603834
2018-07-12 13:15:00,6.48,32.9292241243892
2018-07-12 13:30:00,5.22,25.28603286712911
2018-07-12 13:45:00,4.75,26.2753836856184
2018-07-12 14:00:00,39.53,22.69365395928008
2018-07-12 14:15:00,67.07,22.905079816961102
2018-07-12 14:30:00,45.22,44.97460866739817
2018-07-12 14:45:00,47.45,58.61614339668257
2018-07-12 15:00:00,54.86,50.3519951751187
2018-07-12 15:15:00,54.54,49.89662990780162
2018-07-12 15:30:00,48.13,54.89216553215775
2018-07-12 15:45:00,51.73,59.269774141819696
2018-07-12 16:00:00,57.46,47.88463855817707
2018-07-12 16:15:00,61.38,45.318591645457474
2018-07-12 16:30:00,48.92,49.89327848881863
2018-07-12 16:45:00,49.97,52.77377655501603
2018-07-12 17:00:00,62.93,43.17530870286829
2018-07-12 17:15:00,56.02,41.332506293679884
2018-07-12 17:30:00,31.86,44.516806881918896
2018-07-12 17:45:00,30.82,40.9115673788397
2018-07-12 18:00:00,51.95,25.39616214050661
2018-07-12 18:15:00,58.9,31.98678304140549
2018-07-12 18:30:00,56.92,50.91514302140958
2018-07-12 18:45:00,58.72,53.78812588715691
2018-07-12 19:00:00,49.39,48.24827742872647
2018-07-12 19:15:00,46.87,48.905003251294595
2018-07-12 19:30:00,47.27,42.69150672313412
2018-07-12 19:45:00,44.1,40.48889643280502
2018-07-12 20:00:00,48.89,44.89622431783755
2018-07-12 20:15:00,73.84,56.53453494150915
2018-07-12 20:30:00,49.32,52.99152664588607
2018-07-12 20:45:00,19.04,48.63297063197727
2018-07-12 21:00:00,7.99,29.62439935671467
2018-07-12 21:15:00,4.03,8.520966223896714
2018-07-12 21:30:00,3.64,2.4677381227886848
2018-07-12 21:45:00,3.56,4.227467557626969
2018-07-12 22:00:00,3.53,2.648139257228685
2018-07-12 22:15:00,3.71,1.7166593734610593
2018-07-12 22:30:00,4.39,2.0457535675375205
2018-07-12 22:45:00,3.82,1.4340446496204002
2018-07-12 23:00:00,2.95,1.5116343542082262
2018-07-12 23:15:00,2.66,0.5878951149577034
2018-07-12 23:30:00,2.7,0.07561750378206611
2018-07-12 23:45:00,2.59,0.2918033076844324
2018-07-13 00:00:00,2.66,2.56276292611345
2018-07-13 00:15:00,2.81,3.109605704337053
2018-07-13 00:30:00,2.74,5.541848213378145
2018-07-13 00:45:00,2.77,4.050365416778266
2018-07-13 01:00:00,2.81,1.861811574282303
2018-07-13 01:15:00,2.81,1.1828028157845623
2018-07-13 01:30:00,2.74,1.1392545262988456
2018-07-13 01:45:00,2.81,1.3945379624370133
2018-07-13 02:00:00,2.77,1.6100910123054213
2018-07-13 02:15:00,2.74,1.9030496800382828
2018-07-13 02:30:00,2.77,2.1743284423982274
2018-07-13 02:45:00,3.2,2.461682365622199
2018-07-13 03:00:00,3.2,2.671690713811696
2018-07-13 03:15:00,2.81,3.2058495355886087
2018-07-13 03:30:00,2.84,3.381285655514393
2018-07-13 03:45:00,2.88,3.333707269272473
2018-07-13 04:00:00,2.84,3.564905279174596
2018-07-13 04:15:00,2.84,3.955775083127726
2018-07-13 04:30:00,3.17,4.158197125472665
2018-07-13 04:45:00,3.28,4.444368003565042
2018-07-13 05:00:00,2.84,4.773786460869754
2018-07-13 05:15:00,2.84,4.953314701970207
2018-07-13 05:30:00,2.81,4.835715031450906
2018-07-13 05:45:00,2.84,4.95827271556043
2018-07-13 06:00:00,2.77,5.166062345462752
2018-07-13 06:15:00,2.74,5.3427775600866845
2018-07-13 06:30:00,2.81,5.370789944934401
2018-07-13 06:45:00,2.77,5.486593819360973
2018-07-13 07:00:00,2.81,5.667535644801102
2018-07-13 07:15:00,3.2,5.851718299794069
2018-07-13 07:30:00,3.38,5.965268243718462
2018-07-13 07:45:00,3.67,6.351932521047978
2018-07-13 08:00:00,29.95,22.88163965669426
2018-07-13 08:15:00,39.06,38.235834795225976
2018-07-13 08:30:00,46.91,54.53326540506988
2018-07-13 08:45:00,48.42,59.745634875640356
2018-07-13 09:00:00,49.07,57.920729413017874
2018-07-13 09:15:00,60.91,60.146240445553005
2018-07-13 09:30:00,65.52,64.04113996428333
2018-07-13 09:45:00,56.66,63.199725593523596
2018-07-13 10:00:00,55.19,74.80418718309001
2018-07-13 10:15:00,61.56,65.85807467962536
2018-07-13 10:30:00,51.01,63.36568434329109
2018-07-13 10:45:00,53.03,76.44168438660657
2018-07-13 11:00:00,57.78,60.0524997057687
2018-07-13 11:15:00,56.74,64.57863659940483
2018-07-13 11:30:00,47.45,67.76170948161034
2018-07-13 11:45:00,46.33,64.99200609228069
2018-07-13 12:00:00,6.73,31.338668622298833
2018-07-13 12:15:00,4.57,31.943819071773095
2018-07-13 12:30:00,4.86,11.11707118516576
2018-07-13 12:45:00,5.72,8.186435969188157
2018-07-13 13:00:00,34.78,19.753297417176757
2018-07-13 13:15:00,52.42,22.8499915764777
2018-07-13 13:30:00,58.75,41.5195564923819
2018-07-13 13:45:00,48.24,55.38102383364134
2018-07-13 14:00:00,51.84,60.72664037305624
2018-07-13 14:15:00,61.85,61.55431803666528
2018-07-13 14:30:00,47.27,57.61562028365526
2018-07-13 14:45:00,48.74,69.65264526583587
2018-07-13 15:00:00,53.24,60.07183785150437
2018-07-13 15:15:00,54.72,55.321362818970464
2018-07-13 15:30:00,57.31,64.89949142494068
2018-07-13 15:45:00,46.62,61.137995727038714
2018-07-13 16:00:00,48.35,66.25245794169211
2018-07-13 16:15:00,49.5,55.61541358445466
2018-07-13 16:30:00,54.83,54.76554424940093
2018-07-13 16:45:00,57.13,55.87310299457993
2018-07-13 17:00:00,58.14,53.119229851886374
2018-07-13 17:15:00,54.94,55.97064100141239
2018-07-13 17:30:00,30.89,46.10881709280631
2018-07-13 17:45:00,31.1,44.4213399137244
2018-07-13 18:00:00,34.88,38.74570316920338
2018-07-13 18:15:00,59.94,49.685639494707985
2018-07-13 18:30:00,57.56,50.646345646511605
2018-07-13 18:45:00,48.89,67.09266380615657
2018-07-13 19:00:00,46.87,62.647728843964515
2018-07-13 19:15:00,62.6,51.54430290846726
2018-07-13 19:30:00,55.44,55.668165414985864
2018-07-13 19:45:00,65.66,67.8311274985223
2018-07-13 20:00:00,57.6,59.14933775273957
2018-07-13 20:15:00,61.85,71.69269694165362
2018-07-13 20:30:00,46.84,58.54263035028244
2018-07-13 20:45:00,27.22,46.22097850874217
2018-07-13 21:00:00,20.45,31.316152919963653
2018-07-13 21:15:00,3.89,18.00210600391687
2018-07-13 21:30:00,3.82,13.558304912324473
2018-07-13 21:45:00,3.78,4.43881918307687
2018-07-13 22:00:00,3.74,3.167735609759532
2018-07-13 22:15:00,4.54,3.0232506912180916
2018-07-13 22:30:00,3.67,5.123051299174861
2018-07-13 22:45:00,3.2,3.4455545857865815
2018-07-13 23:00:00,2.7,2.119395911037163
2018-07-13 23:15:00,2.74,1.7187775040921593
2018-07-13 23:30:00,2.66,2.8809121199110876
2018-07-13 23:45:00,2.77,2.7378377111488312
2018-07-14 00:00:00,2.56,1.1474485352264558
2018-07-14 00:15:00,2.63,0.8763096179182561
2018-07-14 00:30:00,2.63,1.5213598627096587
2018-07-14 00:45:00,2.74,0.7294233589131061
2018-07-14 01:00:00,2.66,0.0
2018-07-14 01:15:00,2.63,0.0
2018-07-14 01:30:00,2.66,0.0
2018-07-14 01:45:00,2.7,0.0
2018-07-14 02:00:00,2.66,0.0
2018-07-14 02:15:00,2.74,0.0
2018-07-14 02:30:00,2.88,0.0
2018-07-14 02:45:00,3.24,0.0
2018-07-14 03:00:00,2.77,0.0
2018-07-14 03:15:00,2.84,0.2017483108398146
2018-07-14 03:30:00,3.31,0.18390973156751045
2018-07-14 03:45:00,3.06,0.4177818726322009
2018-07-14 04:00:00,2.74,0.9901797076037688
2018-07-14 04:15:00,2.74,1.191100420344462
2018-07-14 04:30:00,2.74,1.1647778365911705
2018-07-14 04:45:00,2.74,1.3306524143112206
2018-07-14 05:00:00,2.74,1.5571028592325895
2018-07-14 05:15:00,2.84,1.724038561103871
2018-07-14 05:30:00,2.7,1.864626846901988
2018-07-14 05:45:00,2.7,2.0906386916894704
2018-07-14 06:00:00,2.7,2.150030594356018
2018-07-14 06:15:00,2.7,2.2641379347317354
2018-07-14 06:30:00,2.7,2.392943069748238
2018-07-14 06:45:00,2.7,2.5102274804970115
2018-07-14 07:00:00,2.66,2.647629562312183
2018-07-14 07:15:00,2.77,2.9209257588487603
2018-07-14 07:30:00,3.74,2.9304500895694794
2018-07-14 07:45:00,3.92,3.0785677318886364
2018-07-14 08:00:00,22.5,15.354463266328615
2018-07-14 08:15:00,35.89,30.988230471203003
2018-07-14 08:30:00,38.63,40.967414502640466
2018-07-14 08:45:00,37.33,38.61940670445232
2018-07-14 09:00:00,37.76,42.96899225110086
2018-07-14 09:15:00,37.73,41.038306775270385
2018-07-14 09:30:00,37.08,43.57864238945139
2018-07-14 09:45:00,39.13,44.28709329595205
2018-07-14 10:00:00,37.84,41.64503018320734
2018-07-14 10:15:00,38.3,42.5265381144698
2018-07-14 10:30:00,36.04,40.71937485092489
2018-07-14 10:45:00,37.48,39.840085614776605
2018-07-14 11:00:00,38.05,42.7890673558145
2018-07-14 11:15:00,35.68,43.30259779158893
2018-07-14 11:30:00,38.16,45.979419702264536
2018-07-14 11:45:00,24.59,48.29214994363194
2018-07-14 12:00:00,3.71,26.293630329851513
2018-07-14 12:15:00,4.32,16.850873399031155
2018-07-14 12:30:00,3.89,4.812280225263631
2018-07-14 12:45:00,3.42,5.1220677177749
2018-07-14 13:00:00,22.03,15.938539049094986
2018-07-14 13:15:00,36.76,28.580392120296327
2018-07-14 13:30:00,34.96,42.77317561975671
2018-07-14 13:45:00,36.83,50.58084048083692
2018-07-14 14:00:00,35.86,42.10895205696785
2018-07-14 14:15:00,33.84,46.55946341006353
2018-07-14 14:30:00,70.2,45.40971603259124
2018-07-14 14:45:00,77.18,45.94657510839458
2018-07-14 15:00:00,73.26,67.62811659780954
2018-07-14 15:15:00,76.28,70.44152224010162
2018-07-14 15:30:00,84.28,69.10979315381284
2018-07-14 15:45:00,61.56,69.06745289729848
2018-07-14 16:00:00,57.46,73.37828481673972
2018-07-14 16:15:00,84.49,62.53800785086868
2018-07-14 16:30:00,71.96,54.56144261809558
2018-07-14 16:45:00,40.1,56.50150956381422
2018-07-14 17:00:00,25.99,51.97061561137081
2018-07-14 17:15:00,24.84,28.123179671708517
2018-07-14 17:30:00,26.1,15.266213822982461
2018-07-14 17:45:00,24.3,20.292318962408373
2018-07-14 18:00:00,5.47,21.833721612857257
2018-07-14 18:15:00,2.99,21.619634653950435
2018-07-14 18:30:00,2.88,8.753136210507265
2018-07-14 18:45:00,2.95,7.665610905559937
2018-07-14 19:00:00,2.92,9.516046268610957
2018-07-14 19:15:00,3.28,12.313160374340956
2018-07-14 19:30:00,3.31,9.255301897011993
2018-07-14 19:45:00,2.92,11.836569730554732
2018-07-14 20:00:00,2.92,8.701836231768809
2018-07-14 20:15:00,2.95,8.7329537594083
2018-07-14 20:30:00,2.92,8.566833336879927
2018-07-14 20:45:00,2.99,4.52681161213534
2018-07-14 21:00:00,2.99,0.9626133988473313
2018-07-14 21:15:00,3.02,0.0
2018-07-14 21:30:00,3.56,0.0
2018-07-14 21:45:00,3.64,0.0
2018-07-14 22:00:00,3.06,0.0
2018-07-14 22:15:00,2.92,0.0
2018-07-14 22:30:00,2.81,0.0
2018-07-14 22:45:00,2.81,0.0
2018-07-14 23:00:00,2.77,0.0
2018-07-14 23:15:00,2.81,0.0
2018-07-14 23:30:00,2.77,0.0
2018-07-14 23:45:00,2.92,0.0
2018-07-15 00:00:00,2.84,0.0
2018-07-15 00:15:00,2.84,0.0
2018-07-15 00:30:00,2.84,0.0
2018-07-15 00:45:00,2.84,0.0
2018-07-15 01:00:00,3.17,0.0
2018-07-15 01:15:00,3.38,0.0
2018-07-15 01:30:00,2.92,0.04801441362132053
2018-07-15 01:45:00,2.84,0.49567165233947463
2018-07-15 02:00:00,2.84,0.46143076160104
2018-07-15 02:15:00,2.88,0.5823141237072669
2018-07-15 02:30:00,3.35,0.925789037371743
2018-07-15 02:45:00,3.1,1.3050793620572243
2018-07-15 03:00:00,2.95,1.7749212721279797
2018-07-15 03:15:00,2.92,1.8577437195996467
2018-07-15 03:30:00,2.84,2.013908873286333
2018-07-15 03:45:00,2.84,2.1931145220934916
2018-07-15 04:00:00,2.81,2.4052747151390257
2018-07-15 04:15:00,2.84,2.6050349054428956
2018-07-15 04:30:00,2.84,2.9136425963975405
2018-07-15 04:45:00,2.92,3.089767303509678
2018-07-15 05:00:00,2.81,3.2111618762435654
2018-07-15 05:15:00,2.77,3.496121737748336
2018-07-15 05:30:00,2.81,3.5986264456021715
2018-07-15 05:45:00,2.81,3.6936009473043647
2018-07-15 06:00:00,2.81,3.884841103508549
2018-07-15 06:15:00,2.81,4.148900958810181
2018-07-15 06:30:00,4.28,4.150730788657736
2018-07-15 06:45:00,3.2,4.296601846327452
2018-07-15 07:00:00,2.74,5.20340135450861
2018-07-15 07:15:00,2.74,4.760185832429695
2018-07-15 07:30:00,3.67,4.545268333446334
2018-07-15 07:45:00,8.86,7.778894890567237
2018-07-15 08:00:00,56.88,18.855500006403652
2018-07-15 08:15:00,90.68,34.20466947903966
2018-07-15 08:30:00,71.75,63.665503297861015
2018-07-15 08:45:00,111.92,79.76520491280846
2018-07-15 09:00:00,86.65,68.39871592563324
2018-07-15 09:15:00,82.66,87.23428147060463
2018-07-15 09:30:00,101.05,79.6059504991909
2018-07-15 09:45:00,77.62,75.41504446244858
2018-07-15 10:00:00,108.47,79.08162762242017
2018-07-15 10:15:00,98.57,75.75411143247864
2018-07-15 10:30:00,80.46,94.50980956806703
2018-07-15 10:45:00,107.71,86.24205384621038
2018-07-15 11:00:00,78.66,79.04543653590281
2018-07-15 11:15:00,90.14,87.65603614929704
2018-07-15 11:30:00,87.3,73.82644491280567
2018-07-15 11:45:00,35.06,67.26799636438085
2018-07-15 12:00:00,5.58,53.310071869399366
2018-07-15 12:15:00,4.5,30.02823760903654
2018-07-15 12:30:00,4.28,9.223284740345356
2018-07-15 12:45:00,4.18,11.593915118693044
2018-07-15 13:00:00,48.92,31.939224486477293
2018-07-15 13:15:00,97.6,33.87998463945768
2018-07-15 13:30:00,88.88,48.14701529225441
2018-07-15 13:45:00,94.86,79.66379115578414
2018-07-15 14:00:00,99.86,71.30243874152629
2018-07-15 14:15:00,88.34,71.12317552144995
2018-07-15 14:30:00,95.72,84.09455147029465
2018-07-15 14:45:00,99.61,81.13824134807925
2018-07-15 15:00:00,85.93,82.51982369405532
2018-07-15 15:15:00,96.91,86.03518718538092
2018-07-15 15:30:00,98.06,81.02762989781732
2018-07-15 15:45:00,88.27,80.93771578600028
2018-07-15 16:00:00,97.85,79.56688404859304
2018-07-15 16:15:00,84.6,74.09079651022562
2018-07-15 16:30:00,91.04,74.08546715958198
2018-07-15 16:45:00,49.54,55.71578837320923
2018-07-15 17:00:00,26.89,54.78408547741169
2018-07-15 17:15:00,26.06,34.06332413577503
2018-07-15 17:30:00,25.56,23.83046083207651
2018-07-15 17:45:00,25.31,23.53372552664322
2018-07-15 18:00:00,37.73,24.21986821835282
2018-07-15 18:15:00,42.05,20.00833770827742
2018-07-15 18:30:00,39.46,23.501547204030054
2018-07-15 18:45:00,44.53,27.55081615550366
2018-07-15 19:00:00,45.79,24.895901113458063
2018-07-15 19:15:00,47.45,25.38341571037558
2018-07-15 19:30:00,44.5,29.057705774834687
2018-07-15 19:45:00,44.71,30.342152288165025
2018-07-15 20:00:00,44.35,27.5232888490233
2018-07-15 20:15:00,44.28,29.030136381085207
2018-07-15 20:30:00,44.03,28.31988521354465
2018-07-15 20:45:00,11.63,29.199461544991525
2018-07-15 21:00:00,6.3,25.51756905716477
2018-07-15 21:15:00,3.78,5.102460373424108
2018-07-15 21:30:00,3.67,0.3713236190733511
2018-07-15 21:45:00,3.85,1.8853734914423264
2018-07-15 22:00:00,4.72,2.9212253179823833
2018-07-15 22:15:00,3.78,0.7767731762598267
2018-07-15 22:30:00,3.46,1.3454566305993403
2018-07-15 22:45:00,3.49,0.6027979734075046
2018-07-15 23:00:00,2.77,0.4299733824149925
2018-07-15 23:15:00,2.84,0.9845934678838866
2018-07-15 23:30:00,2.81,1.0961592324398026
2018-07-15 23:45:00,2.92,1.2095822610529794
2018-07-16 00:00:00,2.92,6.588092428951629
2018-07-16 00:15:00,2.92,7.1264336232736945
2018-07-16 00:30:00,2.88,7.384380238969342
2018-07-16 00:45:00,2.88,7.700483501165401
2018-07-16 01:00:00,2.88,5.366605343929166
2018-07-16 01:15:00,2.92,5.22469757693985
2018-07-16 01:30:00,2.88,5.202247800014799
2018-07-16 01:45:00,2.95,5.442829370011442
2018-07-16 02:00:00,2.99,5.704717790488466
2018-07-16 02:15:00,2.95,6.072451843241108
2018-07-16 02:30:00,3.42,6.366243991591752
2018-07-16 02:45:00,2.99,6.536567453375838
2018-07-16 03:00:00,2.92,7.019656792550059
2018-07-16 03:15:00,2.99,7.0002968035725495
2018-07-16 03:30:00,2.88,7.140713034646442
2018-07-16 03:45:00,2.84,7.428211356840855
2018-07-16 04:00:00,3.42,7.778508778079093
2018-07-16 04:15:00,3.06,7.884222221156769
2018-07-16 04:30:00,2.88,8.430117022858592
2018-07-16 04:45:00,2.92,8.526165815735173
2018-07-16 05:00:00,2.81,8.42251683840793
2018-07-16 05:15:00,2.77,8.635992071921692
2018-07-16 05:30:00,2.81,8.859201276060329
2018-07-16 05:45:00,2.81,8.949603325547105
2018-07-16 06:00:00,2.92,9.118695852211566
2018-07-16 06:15:00,3.35,9.278367453438747
2018-07-16 06:30:00,2.77,9.697317333898287
2018-07-16 06:45:00,2.77,9.906058763302656
2018-07-16 07:00:00,2.81,9.587334666990241
2018-07-16 07:15:00,3.28,9.632006971898168
2018-07-16 07:30:00,3.6,10.031617338043613
2018-07-16 07:45:00,5.26,11.562181413672256
2018-07-16 08:00:00,63.25,22.542294688313223
2018-07-16 08:15:00,88.49,36.513332453782915
2018-07-16 08:30:00,94.21,67.38340171168642
2018-07-16 08:45:00,89.21,92.38026615891722
2018-07-16 09:00:00,97.81,84.67595352670523
2018-07-16 09:15:00,94.82,77.39591457643675
2018-07-16 09:30:00,77.9,91.07910202729381
2018-07-16 09:45:00,91.37,89.93231379325354
2018-07-16 10:00:00,101.27,86.73797756313166
2018-07-16 10:15:00,88.42,88.81671177017245
2018-07-16 10:30:00,55.33,95.43498826603454
2018-07-16 10:45:00,66.6,89.99073332788939
2018-07-16 11:00:00,47.92,62.806579139097124
2018-07-16 11:15:00,53.39,74.53751203854632
2018-07-16 11:30:00,75.71,64.480077697023
2018-07-16 11:45:00,52.6,55.429521285338794
2018-07-16 12:00:00,5.69,53.87832910683608
2018-07-16 12:15:00,5.54,45.552177748377815
2018-07-16 12:30:00,5.36,14.305731059493509
2018-07-16 12:45:00,6.16,14.117459301714483
2018-07-16 13:00:00,30.92,34.97777831104522
2018-07-16 13:15:00,71.35,45.637481956864036
2018-07-16 13:30:00,52.13,52.293698305574694
2018-07-16 13:45:00,50.47,77.18288322110527
2018-07-16 14:00:00,55.76,67.72989366148016
2018-07-16 14:15:00,62.5,58.82556774817435
2018-07-16 14:30:00,57.6,66.66713289166762
2018-07-16 14:45:00,65.81,73.71811413024528
2018-07-16 15:00:00,66.71,66.46438953906052
2018-07-16 15:15:00,60.05,69.9553828004494
2018-07-16 15:30:00,59.76,73.94531629330365
2018-07-16 15:45:00,64.15,72.52978834743857
2018-07-16 16:00:00,67.18,69.11738129448197
2018-07-16 16:15:00,65.3,65.92614299773047
2018-07-16 16:30:00,69.01,69.91717408323876
2018-07-16 16:45:00,67.07,61.68839428352586
2018-07-16 17:00:00,61.38,57.12490706560021
2018-07-16 17:15:00,56.02,58.4745363346371
2018-07-16 17:30:00,29.88,52.217742126943676
2018-07-16 17:45:00,31.21,46.83340876257323
2018-07-16 18:00:00,36.47,35.481223380006426
2018-07-16 18:15:00,46.48,38.30331218762821
2018-07-16 18:30:00,54.5,43.997793556095615
2018-07-16 18:45:00,56.16,51.073510375204265
2018-07-16 19:00:00,63.11,53.37941778617787
2018-07-16 19:15:00,61.85,56.598619029373396
2018-07-16 19:30:00,58.18,58.6361610361584
2018-07-16 19:45:00,55.01,56.53361870211943
2018-07-16 20:00:00,51.05,54.657419556335334
2018-07-16 20:15:00,49.46,52.16535030923602
2018-07-16 20:30:00,44.06,54.50085133333036
2018-07-16 20:45:00,23.0,44.24958994809935
2018-07-16 21:00:00,4.9,33.56264966415421
2018-07-16 21:15:00,4.18,20.15007887073779
2018-07-16 21:30:00,3.82,8.359558917165614
2018-07-16 21:45:00,3.82,6.945078111754448
2018-07-16 22:00:00,3.71,8.6907830220992
2018-07-16 22:15:00,3.64,7.063252136442312
2018-07-16 22:30:00,3.64,5.947388293418712
2018-07-16 22:45:00,3.53,6.731059034304124
2018-07-16 23:00:00,3.53,6.682843727561707
2018-07-16 23:15:00,3.89,7.295708267858593
2018-07-16 23:30:00,3.46,7.563878011439826
2018-07-16 23:45:00,2.66,7.885063560821436
2018-07-17 00:00:00,2.95,5.195354146916543
2018-07-17 00:15:00,2.92,4.755945964572252
2018-07-17 00:30:00,2.95,5.160892680692498
2018-07-17 00:45:00,2.95,5.239762136196251
2018-07-17 01:00:00,2.99,3.7289096971150926
2018-07-17 01:15:00,2.99,2.3927574641472162
2018-07-17 01:30:00,3.02,2.6344525701109873
2018-07-17 01:45:00,2.95,2.982064237428851
2018-07-17 02:00:00,2.99,3.2130780853998786
2018-07-17 02:15:00,2.95,3.3574834813699326
2018-07-17 02:30:00,2.99,3.7035866582343253
2018-07-17 02:45:00,3.49,3.872284481898909
2018-07-17 03:00:00,3.42,4.120240129972952
2018-07-17 03:15:00,2.92,4.6912459095723165
2018-07-17 03:30:00,2.95,4.917221096876034
2018-07-17 03:45:00,2.88,4.771088407090755
2018-07-17 04:00:00,2.95,5.0370211741242485
2018-07-17 04:15:00,2.92,5.2979055987071995
2018-07-17 04:30:00,2.95,5.533430203694017
2018-07-17 04:45:00,3.13,5.696788551991634
2018-07-17 05:00:00,3.49,5.964517515268906
2018-07-17 05:15:00,2.99,6.15625810336352
2018-07-17 05:30:00,2.92,6.5560600803815845
2018-07-17 05:45:00,2.92,6.429388793109389
2018-07-17 06:00:00,2.95,6.504550390412547
2018-07-17 06:15:00,2.92,6.7747963859629685
2018-07-17 06:30:00,2.88,6.873795075852481
2018-07-17 06:45:00,2.88,6.923992167975406
2018-07-17 07:00:00,2.99,7.050690873853291
2018-07-17 07:15:00,3.17,7.272205252443683
2018-07-17 07:30:00,3.24,7.498700919214468
2018-07-17 07:45:00,3.49,8.353640889122193
2018-07-17 08:00:00,32.83,25.114447611941696
2018-07-17 08:15:00,47.38,31.59972110519539
2018-07-17 08:30:00,67.75,50.25345628606988
2018-07-17 08:45:00,67.86,62.52330195743279
2018-07-17 09:00:00,58.64,71.4157678039316
2018-07-17 09:15:00,82.3,72.19759906923005
2018-07-17 09:30:00,60.91,62.70498107652092
2018-07-17 09:45:00,66.56,77.89417099959243
2018-07-17 10:00:00,50.0,71.50271748829846
2018-07-17 10:15:00,52.2,69.25289902761665
2018-07-17 10:30:00,49.79,53.91174534597555
2018-07-17 10:45:00,47.38,62.219260067912785
2018-07-17 11:00:00,54.0,55.57634280149621
2018-07-17 11:15:00,66.42,56.87885911851548
2018-07-17 11:30:00,54.72,59.57537667007131
2018-07-17 11:45:00,69.73,61.84807190411968
2018-07-17 12:00:00,8.39,37.3159000076691
2018-07-17 12:15:00,4.86,45.37707923627922
2018-07-17 12:30:00,4.46,13.533657433207804
2018-07-17 12:45:00,4.25,10.049703176831976
2018-07-17 13:00:00,26.46,24.535318807961985
2018-07-17 13:15:00,59.62,39.793048505480954
2018-07-17 13:30:00,80.82,42.50711058868064
2018-07-17 13:45:00,96.62,59.42910949512226
2018-07-17 14:00:00,79.74,73.1923730270334
2018-07-17 14:15:00,104.94,79.9053636566819
2018-07-17 14:30:00,94.54,68.32831445802863
2018-07-17 14:45:00,71.35,82.76839337777494
2018-07-17 15:00:00,71.6,89.09558169433592
2018-07-17 15:15:00,72.97,79.60410620909137
2018-07-17 15:30:00,104.58,75.3850000585318
2018-07-17 15:45:00,78.55,85.44728659135441
2018-07-17 16:00:00,108.4,98.85501716510765
2018-07-17 16:15:00,100.55,77.33761111366508
2018-07-17 16:30:00,88.45,93.6549777794365
2018-07-17 16:45:00,104.26,88.70208538934492
2018-07-17 17:00:00,76.61,81.90872068388629
2018-07-17 17:15:00,60.05,84.13483550833993
2018-07-17 17:30:00,32.44,64.82119194002708
2018-07-17 17:45:00,32.29,50.305803304446115
2018-07-17 18:00:00,45.79,40.28380084859692
2018-07-17 18:15:00,91.04,49.50614999271947
2018-07-17 18:30:00,87.05,61.84911200714828
2018-07-17 18:45:00,60.48,91.00764566889704
2018-07-17 19:00:00,46.8,80.62440014389993
2018-07-17 19:15:00,55.48,53.47192767434714
2018-07-17 19:30:00,44.89,50.02668026833338
2018-07-17 19:45:00,57.17,63.11894596813338
2018-07-17 20:00:00,37.48,57.71510486206481
2018-07-17 20:15:00,55.76,55.7604965713941
2018-07-17 20:30:00,36.47,43.174419464391136
2018-07-17 20:45:00,9.86,45.49511213668194
2018-07-17 21:00:00,6.62,30.867269930863813
2018-07-17 21:15:00,3.78,10.226905253223084
2018-07-17 21:30:00,3.85,5.089734018577293
2018-07-17 21:45:00,3.85,6.1868623474751026
2018-07-17 22:00:00,3.74,5.082372627192843
2018-07-17 22:15:00,3.67,3.2897399012103428
2018-07-17 22:30:00,3.53,7.358871165035353
2018-07-17 22:45:00,2.81,6.765468123523814
2018-07-17 23:00:00,2.74,4.464400969496754
2018-07-17 23:15:00,2.7,3.2841815829730336
2018-07-17 23:30:00,2.66,4.176587922715537
2018-07-17 23:45:00,3.38,3.536290219446119
2018-07-18 00:00:00,2.7,2.4091680687247923
2018-07-18 00:15:00,2.74,1.5086705191860368
2018-07-18 00:30:00,2.74,3.0585198930082385
2018-07-18 00:45:00,2.7,1.794477386781164
2018-07-18 01:00:00,2.7,0.0
2018-07-18 01:15:00,2.7,0.0
2018-07-18 01:30:00,2.77,0.0
2018-07-18 01:45:00,3.24,0.0738515480982116
2018-07-18 02:00:00,3.42,0.386356215136999
2018-07-18 02:15:00,2.92,0.8866642378937506
2018-07-18 02:30:00,2.88,1.282595694354086
2018-07-18 02:45:00,2.88,1.2801590792392297
2018-07-18 03:00:00,2.92,1.3902206880318637
2018-07-18 03:15:00,2.81,1.6593312251533945
2018-07-18 03:30:00,2.88,1.951666297766991
2018-07-18 03:45:00,3.02,2.0587737003072917
2018-07-18 04:00:00,3.35,2.421792394763166
2018-07-18 04:15:00,2.84,2.7571656541733525
2018-07-18 04:30:00,2.81,3.081125516477428
2018-07-18 04:45:00,2.77,3.025741023212859
2018-07-18 05:00:00,2.81,3.2042185320293974
2018-07-18 05:15:00,2.77,3.34331354037532
2018-07-18 05:30:00,2.74,3.5814918540175213
2018-07-18 05:45:00,2.7,3.673147940331674
2018-07-18 06:00:00,2.74,3.848499718333393
2018-07-18 06:15:00,2.74,4.029425093232149
2018-07-18 06:30:00,2.77,4.1999393151322835
2018-07-18 06:45:00,2.66,4.20967264431507
2018-07-18 07:00:00,2.66,4.32921034688243
2018-07-18 07:15:00,2.99,4.399735065936394
2018-07-18 07:30:00,3.31,4.5038322415608505
2018-07-18 07:45:00,3.82,4.814633257283155
2018-07-18 08:00:00,29.74,13.090053135199206
2018-07-18 08:15:00,43.31,34.23387209368304
2018-07-18 08:30:00,49.68,45.77730647989584
2018-07-18 08:45:00,47.52,50.78073133540532
2018-07-18 09:00:00,55.94,52.188010985191745
2018-07-18 09:15:00,50.11,51.60580272682421
2018-07-18 09:30:00,45.61,56.68315475859195
2018-07-18 09:45:00,50.83,54.08940090456176
2018-07-18 10:00:00,44.75,49.35227083016288
2018-07-18 10:15:00,50.94,53.931531293084916
2018-07-18 10:30:00,64.15,49.84869573619049
2018-07-18 10:45:00,76.1,52.462846605759694
2018-07-18 11:00:00,51.34,60.77451300745516
2018-07-18 11:15:00,51.37,71.86428227376388
2018-07-18 11:30:00,55.04,52.17702127020967
2018-07-18 11:45:00,47.59,51.98824144528054
2018-07-18 12:00:00,29.45,36.5972341276073
2018-07-18 12:15:00,30.92,35.006825117295904
2018-07-18 12:30:00,29.16,21.79945314373881
2018-07-18 12:45:00,29.45,22.814465955925847
2018-07-18 13:00:00,44.89,35.524665108689334
2018-07-18 13:15:00,73.87,43.831016514656156
2018-07-18 13:30:00,59.8,54.787051195636124
2018-07-18 13:45:00,66.96,72.26367381296143
2018-07-18 14:00:00,62.57,60.07369407947486
2018-07-18 14:15:00,54.07,63.020892050652634
2018-07-18 14:30:00,60.48,62.71284554831204
2018-07-18 14:45:00,56.99,57.56988813171229
2018-07-18 15:00:00,48.38,58.468217783880505
2018-07-18 15:15:00,52.49,56.64015223636373
2018-07-18 15:30:00,59.18,56.26234154739927
2018-07-18 15:45:00,60.59,54.16900180057637
2018-07-18 16:00:00,61.96,64.93102942744808
2018-07-18 16:15:00,61.45,62.32943137065417
2018-07-18 16:30:00,61.99,58.84281522783263
2018-07-18 16:45:00,53.17,59.92385605627872
2018-07-18 17:00:00,50.51,55.764363219068294
2018-07-18 17:15:00,60.3,48.105232223300774
2018-07-18 17:30:00,60.34,42.49329350040274
2018-07-18 17:45:00,53.32,46.755139672383606
2018-07-18 18:00:00,5.83,50.868761398217444
2018-07-18 18:15:00,3.78,53.421883808697416
2018-07-18 18:30:00,3.42,25.311427759195208
2018-07-18 18:45:00,3.38,19.321635981258364
2018-07-18 19:00:00,3.42,21.61943976615047
2018-07-18 19:15:00,3.42,22.60567888485247
2018-07-18 19:30:00,3.42,14.489764098735423
2018-07-18 19:45:00,3.28,16.78571121463216
2018-07-18 20:00:00,2.81,13.894974926561286
2018-07-18 20:15:00,2.77,20.031510897181143
2018-07-18 20:30:00,2.77,10.971951787965008
2018-07-18 20:45:00,2.84,2.5384980367574776
2018-07-18 21:00:00,2.92,1.1731459841391185
2018-07-18 21:15:00,2.88,0.4180075003643715
2018-07-18 21:30:00,2.95,1.523677421767534
2018-07-18 21:45:00,3.28,1.8167279987105438
2018-07-18 22:00:00,3.28,1.518774665886852
2018-07-18 22:15:00,2.81,0.0
2018-07-18 22:30:00,2.84,0.0
2018-07-18 22:45:00,2.81,0.0
2018-07-18 23:00:00,2.81,0.0
2018-07-18 23:15:00,2.7,0.0
2018-07-18 23:30:00,2.77,0.0
2018-07-18 23:45:00,3.42,0.0
2018-07-19 00:00:00,2.99,0.0
2018-07-19 00:15:00,2.84,0.0
2018-07-19 00:30:00,2.77,0.0
2018-07-19 00:45:00,2.81,0.0
2018-07-19 01:00:00,2.81,0.0
2018-07-19 01:15:00,3.1,0.0
2018-07-19 01:30:00,2.95,0.0
2018-07-19 01:45:00,3.02,0.0
2018-07-19 02:00:00,2.99,0.0
2018-07-19 02:15:00,2.99,0.07760397908278449
2018-07-19 02:30:00,3.02,0.2736705480336106
2018-07-19 02:45:00,2.92,0.5634556224395375
2018-07-19 03:00:00,2.95,0.81591255541991
2018-07-19 03:15:00,3.46,1.0974982657034467
2018-07-19 03:30:00,3.38,1.2851525754245898
2018-07-19 03:45:00,2.74,1.8430247826999278
2018-07-19 04:00:00,2.77,2.1610748223359693
2018-07-19 04:15:00,3.17,1.815122948554361
2018-07-19 04:30:00,2.99,1.9994433211000953
2018-07-19 04:45:00,2.81,2.6255759046222273
2018-07-19 05:00:00,2.7,2.796039812169383
2018-07-19 05:15:00,2.7,2.652283750826264
2018-07-19 05:30:00,2.7,2.785161897327143
2018-07-19 05:45:00,2.7,3.008619692572193
2018-07-19 06:00:00,2.7,3.1509265718335158
2018-07-19 06:15:00,2.7,3.2657028290202383
2018-07-19 06:30:00,2.59,3.3920458241017357
2018-07-19 06:45:00,2.7,3.498484704851272
2018-07-19 07:00:00,2.81,3.5267000676115856
2018-07-19 07:15:00,3.24,3.7800720712369156
2018-07-19 07:30:00,3.6,4.124775376022747
2018-07-19 07:45:00,5.33,4.556785270764792
2018-07-19 08:00:00,46.44,15.7138920832702
2018-07-19 08:15:00,52.81,24.19855572501483
2018-07-19 08:30:00,65.27,49.669756614237684
2018-07-19 08:45:00,71.24,53.958797837090486
2018-07-19 09:00:00,72.5,59.86464708341403
2018-07-19 09:15:00,59.58,59.836693605526094
2018-07-19 09:30:00,52.31,65.28289694142552
2018-07-19 09:45:00,47.45,55.19016793942592
2018-07-19 10:00:00,54.5,52.088807105810304
2018-07-19 10:15:00,62.24,53.20041459196702
2018-07-19 10:30:00,54.04,58.051027367616015
2018-07-19 10:45:00,56.92,67.5528296130162
2018-07-19 11:00:00,70.78,53.93621612823166
2018-07-19 11:15:00,88.81,52.47193257767668
2018-07-19 11:30:00,100.3,64.80558677296648
2018-07-19 11:45:00,91.44,71.2161313280235
2018-07-19 12:00:00,7.06,63.947356278075326
2018-07-19 12:15:00,15.55,61.05956842808806
2018-07-19 12:30:00,23.33,12.158906850597472
2018-07-19 12:45:00,26.32,15.944945433150489
2018-07-19 13:00:00,48.64,34.01875027238778
2018-07-19 13:15:00,67.21,41.740653139592375
2018-07-19 13:30:00,94.61,40.34080413071101
2018-07-19 13:45:00,75.28,53.33430741251334
2018-07-19 14:00:00,71.82,73.98682021760388
2018-07-19 14:15:00,97.85,65.1133318878698
2018-07-19 14:30:00,106.27,58.82614706040514
2018-07-19 14:45:00,83.95,76.05983670495792
2018-07-19 15:00:00,75.96,86.19217318984396
2018-07-19 15:15:00,79.38,70.86012255033913
2018-07-19 15:30:00,83.77,64.66144094345776
2018-07-19 15:45:00,78.73,73.46564285420766
2018-07-19 16:00:00,111.42,78.56501121931979
2018-07-19 16:15:00,85.5,66.38087910851044
2018-07-19 16:30:00,90.9,81.74627908547481
2018-07-19 16:45:00,95.76,68.41226394858649
2018-07-19 17:00:00,70.2,68.95338113245867
2018-07-19 17:15:00,96.55,74.96105974779643
2018-07-19 17:30:00,31.68,60.94574952142112
2018-07-19 17:45:00,31.64,71.80280299354904
2018-07-19 18:00:00,55.76,33.11182489932708
2018-07-19 18:15:00,82.66,29.2470862474888
2018-07-19 18:30:00,99.14,47.27311377170317
2018-07-19 18:45:00,69.8,69.81739992951586
2018-07-19 19:00:00,51.44,67.18189594702075
2018-07-19 19:15:00,66.13,46.328489412536435
2018-07-19 19:30:00,65.7,35.53170168039495
2018-07-19 19:45:00,59.22,47.28543185952989
2018-07-19 20:00:00,52.38,52.72640153787307
2018-07-19 20:15:00,51.98,52.628373831180156
2018-07-19 20:30:00,63.22,39.549687675379005
2018-07-19 20:45:00,47.66,36.2569555526212
2018-07-19 21:00:00,40.61,41.39142958549325
2018-07-19 21:15:00,40.28,29.420501003458874
2018-07-19 21:30:00,35.71,25.176778502161582
2018-07-19 21:45:00,33.48,20.653441678755744
2018-07-19 22:00:00,11.84,20.305378766256332
2018-07-19 22:15:00,3.82,19.10992903633006
2018-07-19 22:30:00,3.6,8.819516746249832
2018-07-19 22:45:00,3.53,5.167157615927792
2018-07-19 23:00:00,4.5,3.8264399122926136
2018-07-19 23:15:00,3.82,3.441685729829455
2018-07-19 23:30:00,3.38,3.2854644507902897
2018-07-19 23:45:00,3.6,2.4328429759825454
2018-07-20 00:00:00,3.38,3.6728647382949617
2018-07-20 00:15:00,2.84,3.2920942823094634
2018-07-20 00:30:00,2.81,3.5664553260774134
2018-07-20 00:45:00,2.77,4.539916698887897
2018-07-20 01:00:00,2.88,3.6164759437389264
2018-07-20 01:15:00,2.88,3.5634182971149535
2018-07-20 01:30:00,2.84,3.930849914271114
2018-07-20 01:45:00,2.88,3.907003040631132
2018-07-20 02:00:00,2.81,4.055294486630565
2018-07-20 02:15:00,2.84,2.594543715667772
2018-07-20 02:30:00,2.88,2.18362150883371
2018-07-20 02:45:00,2.84,2.500425387401833
2018-07-20 03:00:00,2.92,2.780810351360639
2018-07-20 03:15:00,2.92,3.111968284743231
2018-07-20 03:30:00,2.81,3.3296676710218875
2018-07-20 03:45:00,2.74,3.4442559398966743
2018-07-20 04:00:00,2.77,3.632338447566923
2018-07-20 04:15:00,3.28,3.860030128752328
2018-07-20 04:30:00,4.21,4.104471105040798
2018-07-20 04:45:00,2.81,4.608491678706471
2018-07-20 05:00:00,2.77,5.247200694986969
2018-07-20 05:15:00,2.77,4.632256086435053
2018-07-20 05:30:00,2.77,4.604056384663092
2018-07-20 05:45:00,2.81,4.947409042130303
2018-07-20 06:00:00,2.81,5.233343120244356
2018-07-20 06:15:00,2.81,5.22210486206129
2018-07-20 06:30:00,2.7,5.351780433833202
2018-07-20 06:45:00,2.74,5.489906974662063
2018-07-20 07:00:00,2.7,5.521181328449437
2018-07-20 07:15:00,3.2,5.78076140355919
2018-07-20 07:30:00,3.24,5.933608017747179
2018-07-20 07:45:00,3.78,6.613317899049534
2018-07-20 08:00:00,31.57,18.975599059349165
2018-07-20 08:15:00,47.88,22.15637305179623
2018-07-20 08:30:00,51.52,41.87408328224041
2018-07-20 08:45:00,64.3,54.10606912538605
2018-07-20 09:00:00,59.44,54.39671302473856
2018-07-20 09:15:00,57.71,59.64277467157268
2018-07-20 09:30:00,52.7,59.47163897280223
2018-07-20 09:45:00,53.5,55.88416142473131
2018-07-20 10:00:00,47.12,54.165235852133655
2018-07-20 10:15:00,63.58,58.88255869864457
2018-07-20 10:30:00,54.65,51.678504504821845
2018-07-20 10:45:00,61.38,61.23004129339849
2018-07-20 11:00:00,61.7,60.2220535507727
2018-07-20 11:15:00,63.83,64.64689024827464
2018-07-20 11:30:00,60.3,64.74816582023192
2018-07-20 11:45:00,57.38,65.1855413788019
2018-07-20 12:00:00,6.88,39.249598536616844
2018-07-20 12:15:00,5.33,40.804180598891854
2018-07-20 12:30:00,4.39,14.71947691638241
2018-07-20 12:45:00,4.28,12.347191442631747
2018-07-20 13:00:00,30.38,27.081656939389816
2018-07-20 13:15:00,61.34,34.14210365873716
2018-07-20 13:30:00,61.49,49.18205822594747
2018-07-20 13:45:00,59.33,62.25317038399133
2018-07-20 14:00:00,50.65,61.25487450195638
2018-07-20 14:15:00,54.43,61.165660789212886
2018-07-20 14:30:00,60.01,58.095065124157784
2018-07-20 14:45:00,58.0,59.057345521331285
2018-07-20 15:00:00,62.71,63.214214436635
2018-07-20 15:15:00,64.58,63.05720403018812
2018-07-20 15:30:00,64.51,65.75660144864145
2018-07-20 15:45:00,63.94,64.10740253881798
2018-07-20 16:00:00,60.91,69.87403110521936
2018-07-20 16:15:00,68.18,60.04970469600471
2018-07-20 16:30:00,99.18,60.26444749009322
2018-07-20 16:45:00,99.04,65.42510258389348
2018-07-20 17:00:00,68.26,79.22177982347523
2018-07-20 17:15:00,59.51,85.85704958414883
2018-07-20 17:30:00,31.28,50.83729649963822
2018-07-20 17:45:00,31.21,44.10760071453456
2018-07-20 18:00:00,42.01,38.65221401368601
2018-07-20 18:15:00,52.34,47.292073883281674
2018-07-20 18:30:00,43.42,55.63594726708354
2018-07-20 18:45:00,82.66,55.93373290094317
2018-07-20 19:00:00,102.35,43.196502201373434
2018-07-20 19:15:00,66.02,69.45896042937721
2018-07-20 19:30:00,82.08,83.30853390842697
2018-07-20 19:45:00,97.67,61.28678938933555
2018-07-20 20:00:00,72.86,61.755554445598506
2018-07-20 20:15:00,67.82,80.00056159198681
2018-07-20 20:30:00,44.68,67.7966510887988
2018-07-20 20:45:00,28.48,53.26747124352033
2018-07-20 21:00:00,6.19,41.956297402470724
2018-07-20 21:15:00,4.46,28.87146570141247
2018-07-20 21:30:00,3.92,12.661851118334013
2018-07-20 21:45:00,3.92,9.682510643597485
2018-07-20 22:00:00,3.96,5.814850593801719
2018-07-20 22:15:00,3.78,4.0096916664492745
2018-07-20 22:30:00,3.6,2.367903491675328
2018-07-20 22:45:00,3.17,1.144518273437928
2018-07-20 23:00:00,3.1,4.404291649586707
2018-07-20 23:15:00,3.1,5.825023830927783
2018-07-20 23:30:00,3.1,3.149332896733309
2018-07-20 23:45:00,3.38,5.030428018636023
2018-07-21 00:00:00,3.13,3.915168361452622
2018-07-21 00:15:00,2.99,2.4260728271532557
2018-07-21 00:30:00,3.06,2.3510480742883466
2018-07-21 00:45:00,3.06,0.758386208464195
2018-07-21 01:00:00,3.02,0.0
2018-07-21 01:15:00,3.02,0.0
2018-07-21 01:30:00,2.99,0.0
2018-07-21 01:45:00,3.24,0.0
2018-07-21 02:00:00,3.24,0.0
2018-07-21 02:15:00,3.64,0.0
2018-07-21 02:30:00,3.78,0.0
2018-07-21 02:45:00,3.35,0.042586894527048
2018-07-21 03:00:00,3.38,0.2743178580579908
2018-07-21 03:15:00,3.28,0.27986079668337993
2018-07-21 03:30:00,3.35,0.5687333975017914
2018-07-21 03:45:00,3.28,0.7774394890280725
2018-07-21 04:00:00,3.24,1.039539660575869
2018-07-21 04:15:00,3.31,1.2573490618168996
2018-07-21 04:30:00,3.28,1.604909057749854
2018-07-21 04:45:00,3.28,1.6124328824447183
2018-07-21 05:00:00,3.35,1.7986941843589825
2018-07-21 05:15:00,3.24,1.9893190919876425
2018-07-21 05:30:00,3.71,2.1751129146864514
2018-07-21 05:45:00,3.64,2.29592030133605
2018-07-21 06:00:00,3.24,2.722243173164685
2018-07-21 06:15:00,3.31,2.8557569137265375
2018-07-21 06:30:00,3.24,2.7268255128485457
2018-07-21 06:45:00,3.28,2.8592378700457672
2018-07-21 07:00:00,3.28,2.9655263458601944
2018-07-21 07:15:00,3.46,3.1708113694802478
2018-07-21 07:30:00,4.07,3.3835390206474436
2018-07-21 07:45:00,3.78,3.683803039191236
2018-07-21 08:00:00,24.23,12.531727582802763
2018-07-21 08:15:00,40.39,17.849632224310138
2018-07-21 08:30:00,32.69,30.690680042601155
2018-07-21 08:45:00,33.55,43.02652034552211
2018-07-21 09:00:00,44.42,36.642775436478445
2018-07-21 09:15:00,45.14,34.16031476876947
2018-07-21 09:30:00,43.49,42.07377119420794
2018-07-21 09:45:00,43.74,45.42864785714034
2018-07-21 10:00:00,42.12,40.89242052175732
2018-07-21 10:15:00,45.54,43.72877075400346
2018-07-21 10:30:00,44.64,42.240076305055226
2018-07-21 10:45:00,43.67,45.219237153234374
2018-07-21 11:00:00,44.93,44.71736913821352
2018-07-21 11:15:00,45.14,43.59289438677701
2018-07-21 11:30:00,32.9,43.646916528967346
2018-07-21 11:45:00,10.87,40.84312717709844
2018-07-21 12:00:00,4.25,20.364284938327387
2018-07-21 12:15:00,4.28,8.081170602906813
2018-07-21 12:30:00,4.21,5.393374896265115
2018-07-21 12:45:00,4.14,6.625978134195783
2018-07-21 13:00:00,11.81,14.396794627015963
2018-07-21 13:15:00,50.29,20.991123001466953
2018-07-21 13:30:00,37.73,24.271027140875038
2018-07-21 13:45:00,31.86,46.34752070759778
2018-07-21 14:00:00,37.01,38.21652810055132
2018-07-21 14:15:00,49.18,29.93572656136657
2018-07-21 14:30:00,31.14,42.06653828046797
2018-07-21 14:45:00,42.19,55.44583732107115
2018-07-21 15:00:00,44.14,43.60586193332716
2018-07-21 15:15:00,50.4,47.88701983089393
2018-07-21 15:30:00,36.65,53.768510153182504
2018-07-21 15:45:00,34.96,52.13742897603341
2018-07-21 16:00:00,51.77,38.429278119788904
2018-07-21 16:15:00,45.68,43.08860733725264
2018-07-21 16:30:00,46.01,56.87700465832705
2018-07-21 16:45:00,12.53,48.51652931928479
2018-07-21 17:00:00,4.5,36.83108038568998
2018-07-21 17:15:00,3.78,16.234341626853848
2018-07-21 17:30:00,3.46,10.343522739424625
2018-07-21 17:45:00,3.46,10.387621480938819
2018-07-21 18:00:00,3.35,9.33255762129437
2018-07-21 18:15:00,3.35,7.631276316660326
2018-07-21 18:30:00,3.42,6.038964231279447
2018-07-21 18:45:00,3.53,11.307457464543866
2018-07-21 19:00:00,3.49,15.096349067980741
2018-07-21 19:15:00,3.49,9.035339502538875
2018-07-21 19:30:00,2.88,12.398287175337302
2018-07-21 19:45:00,2.95,13.967324869682667
2018-07-21 20:00:00,2.92,9.278241283334903
2018-07-21 20:15:00,2.99,9.964556502585761
2018-07-21 20:30:00,2.92,5.663636647274458
2018-07-21 20:45:00,2.95,3.1281318207204585
2018-07-21 21:00:00,2.95,0.0
2018-07-21 21:15:00,3.6,0.0
2018-07-21 21:30:00,3.06,0.0
2018-07-21 21:45:00,3.1,0.0
2018-07-21 22:00:00,2.95,0.0
2018-07-21 22:15:00,2.81,0.0
2018-07-21 22:30:00,2.84,0.0
2018-07-21 22:45:00,2.81,0.0
2018-07-21 23:00:00,2.81,0.0
2018-07-21 23:15:00,2.81,0.0
2018-07-21 23:30:00,2.92,0.0
2018-07-21 23:45:00,2.88,0.0
2018-07-22 00:00:00,3.13,0.0
2018-07-22 00:15:00,2.84,0.0
2018-07-22 00:30:00,2.81,0.0
2018-07-22 00:45:00,2.92,0.0
2018-07-22 01:00:00,2.92,0.0
2018-07-22 01:15:00,2.88,0.0
2018-07-22 01:30:00,2.84,0.05338617555857894
2018-07-22 01:45:00,2.88,0.22311728988799828
2018-07-22 02:00:00,3.28,0.4486849930490884
2018-07-22 02:15:00,3.31,0.8108604157452
2018-07-22 02:30:00,2.99,1.4030665071450628
2018-07-22 02:45:00,2.88,1.566250433986795
2018-07-22 03:00:00,2.88,1.565052533526167
2018-07-22 03:15:00,2.88,1.702744324571885
2018-07-22 03:30:00,2.81,2.0157702472814805
2018-07-22 03:45:00,2.81,2.2743485169629416
2018-07-22 04:00:00,2.84,2.418585884319384
2018-07-22 04:15:00,2.92,2.676270445693053
2018-07-22 04:30:00,2.92,2.892376543245483
2018-07-22 04:45:00,2.84,3.160300804808042
2018-07-22 05:00:00,2.77,3.3524565209093318
2018-07-22 05:15:00,2.81,3.461623915520544
2018-07-22 05:30:00,2.81,3.683967604596546
2018-07-22 05:45:00,3.46,3.8707416787895745
2018-07-22 06:00:00,2.77,3.9696314698049697
2018-07-22 06:15:00,2.74,4.518395560504718
2018-07-22 06:30:00,2.74,4.556143931568087
2018-07-22 06:45:00,3.35,4.32075847292748
2018-07-22 07:00:00,2.95,4.368578311025608
2018-07-22 07:15:00,2.7,4.923975069543019
2018-07-22 07:30:00,2.77,5.0001995169129785
2018-07-22 07:45:00,2.66,5.782946221511633
2018-07-22 08:00:00,2.74,18.872511454564698
2018-07-22 08:15:00,2.74,28.37590416452395
2018-07-22 08:30:00,2.74,23.310925275801875
2018-07-22 08:45:00,2.81,31.32941839705647
2018-07-22 09:00:00,2.88,28.20997713574711
2018-07-22 09:15:00,2.92,27.508758375586797
2018-07-22 09:30:00,2.92,30.823649131078216
2018-07-22 09:45:00,2.84,26.190170312435367
2018-07-22 10:00:00,2.88,31.92525081106476
2018-07-22 10:15:00,2.81,30.35379993575887
2018-07-22 10:30:00,3.28,26.524746903027953
2018-07-22 10:45:00,2.92,31.54716089214708
2018-07-22 11:00:00,2.81,26.205390981769497
2018-07-22 11:15:00,2.7,28.112474723635923
2018-07-22 11:30:00,2.7,25.10342490571569
2018-07-22 11:45:00,2.66,10.761935359629234
2018-07-22 12:00:00,2.81,3.664376555151481
2018-07-22 12:15:00,3.35,3.19847634549226
2018-07-22 12:30:00,3.38,2.993403567265826
2018-07-22 12:45:00,2.92,3.0494503413137544
2018-07-22 13:00:00,2.84,12.978122376325544
2018-07-22 13:15:00,2.84,28.662465809199524
2018-07-22 13:30:00,2.84,24.4543059726578
2018-07-22 13:45:00,2.88,24.463786317993538
2018-07-22 14:00:00,2.92,26.098710886552002
2018-07-22 14:15:00,3.02,25.660499805991595
2018-07-22 14:30:00,3.46,23.748305636655605
2018-07-22 14:45:00,3.17,26.26689789151789
2018-07-22 15:00:00,2.92,23.873953223229826
2018-07-22 15:15:00,2.95,26.70647903805996
2018-07-22 15:30:00,2.95,24.089342229821465
2018-07-22 15:45:00,2.92,21.65841904216699
2018-07-22 16:00:00,2.99,26.300066714566576
2018-07-22 16:15:00,2.99,22.37027865636286
2018-07-22 16:30:00,2.95,23.527168075095712
2018-07-22 16:45:00,2.95,9.365982791559844
2018-07-22 17:00:00,2.92,3.240730888236655
2018-07-22 17:15:00,2.95,2.7427388743276424
2018-07-22 17:30:00,2.99,2.4046695486236374
2018-07-22 17:45:00,3.06,2.204650108710222
2018-07-22 18:00:00,2.95,4.501348305900763
2018-07-22 18:15:00,2.88,5.2556638013268255
2018-07-22 18:30:00,3.06,4.57272911741682
2018-07-22 18:45:00,3.38,5.4646868814395155
2018-07-22 19:00:00,3.67,5.700896632041772
2018-07-22 19:15:00,3.53,6.137573421532444
2018-07-22 19:30:00,3.46,5.544021435126215
2018-07-22 19:45:00,3.02,5.439822032738409
2018-07-22 20:00:00,3.06,5.266245353203779
2018-07-22 20:15:00,3.06,5.0400732612531804
2018-07-22 20:30:00,3.17,5.021296767698303
2018-07-22 20:45:00,3.1,0.0
2018-07-22 21:00:00,3.06,0.0
2018-07-22 21:15:00,3.13,0.0
2018-07-22 21:30:00,3.17,0.0
2018-07-22 21:45:00,3.17,0.0
2018-07-22 22:00:00,3.1,0.0
2018-07-22 22:15:00,2.95,0.0
2018-07-22 22:30:00,3.06,0.0
2018-07-22 22:45:00,2.95,0.0
2018-07-22 23:00:00,2.88,0.0
2018-07-22 23:15:00,2.88,0.0
2018-07-22 23:30:00,2.92,0.0
2018-07-22 23:45:00,2.84,0.0
2018-07-23 00:00:00,2.92,3.6486779549124826
2018-07-23 00:15:00,2.95,3.7592075560459115
2018-07-23 00:30:00,2.95,3.995649604147726
2018-07-23 00:45:00,3.1,4.28512532523488
2018-07-23 01:00:00,4.18,4.514935890507694
2018-07-23 01:15:00,3.49,4.826277786581919
2018-07-23 01:30:00,2.95,5.702152050074769
2018-07-23 01:45:00,2.95,5.627243552033896
2018-07-23 02:00:00,2.92,5.4959574562745495
2018-07-23 02:15:00,2.99,5.776007520221086
2018-07-23 02:30:00,2.92,6.234325104772637
2018-07-23 02:45:00,2.95,6.363822840431634
2018-07-23 03:00:00,2.95,6.499688955065441
2018-07-23 03:15:00,2.88,6.783401504909818
2018-07-23 03:30:00,2.84,6.986949091370764
2018-07-23 03:45:00,2.84,7.180434748441751
2018-07-23 04:00:00,2.92,7.492377559677436
2018-07-23 04:15:00,2.92,7.677891807836417
2018-07-23 04:30:00,2.88,7.918057494599736
2018-07-23 04:45:00,2.77,8.119309285486924
2018-07-23 05:00:00,2.81,8.264690092511938
2018-07-23 05:15:00,2.81,8.479936712386376
2018-07-23 05:30:00,3.31,8.642668876644915
2018-07-23 05:45:00,2.84,8.892190219382208
2018-07-23 06:00:00,2.77,9.229699085010228
2018-07-23 06:15:00,2.77,9.191300254683124
2018-07-23 06:30:00,2.77,9.097871571423536
2018-07-23 06:45:00,3.17,9.340500597548075
2018-07-23 07:00:00,3.49,9.45194505062226
2018-07-23 07:15:00,3.67,9.758863197688033
2018-07-23 07:30:00,3.74,10.089731440565437
2018-07-23 07:45:00,3.74,10.53037993596956
2018-07-23 08:00:00,20.59,21.98690968345958
2018-07-23 08:15:00,48.96,26.997277818911684
2018-07-23 08:30:00,73.55,37.82644223066728
2018-07-23 08:45:00,49.28,54.04186937211574
2018-07-23 09:00:00,72.36,69.6180266134055
2018-07-23 09:15:00,56.99,53.00972846184415
2018-07-23 09:30:00,67.32,60.257964090349276
2018-07-23 09:45:00,45.4,60.255262927789765
2018-07-23 10:00:00,48.85,68.06073978648922
2018-07-23 10:15:00,54.79,51.59906377566482
2018-07-23 10:30:00,59.0,48.127288153084685
2018-07-23 10:45:00,62.78,54.128981539850784
2018-07-23 11:00:00,65.16,53.78836505948303
2018-07-23 11:15:00,60.01,54.06453341117211
2018-07-23 11:30:00,51.8,59.235739194974634
2018-07-23 11:45:00,52.81,51.843487521152895
2018-07-23 12:00:00,6.16,37.00076181949808
2018-07-23 12:15:00,5.36,39.17137118680775
2018-07-23 12:30:00,5.44,15.764510504819516
2018-07-23 12:45:00,5.33,14.310488081747899
2018-07-23 13:00:00,42.84,20.816781746807035
2018-07-23 13:15:00,66.53,31.85741167174846
2018-07-23 13:30:00,57.2,42.77529024239252
2018-07-23 13:45:00,59.94,58.658714355822426
2018-07-23 14:00:00,63.83,49.91408094737242
2018-07-23 14:15:00,61.45,48.32730885969811
2018-07-23 14:30:00,55.58,54.83820609802677
2018-07-23 14:45:00,57.82,58.043795964925096
2018-07-23 15:00:00,54.14,53.192565860517334
2018-07-23 15:15:00,74.92,53.95055629175093
2018-07-23 15:30:00,59.65,52.754139056427334
2018-07-23 15:45:00,70.7,63.89513401235829
2018-07-23 16:00:00,59.26,56.34724972039031
2018-07-23 16:15:00,55.51,55.60055224345393
2018-07-23 16:30:00,65.7,50.42084248326004
2018-07-23 16:45:00,56.48,48.39833966607212
2018-07-23 17:00:00,63.0,51.64391794572224
2018-07-23 17:15:00,83.88,50.49119045290054
2018-07-23 17:30:00,29.92,48.45738960238715
2018-07-23 17:45:00,30.85,60.13898802242039
2018-07-23 18:00:00,57.64,32.26139602344067
2018-07-23 18:15:00,103.43,28.518467207451977
2018-07-23 18:30:00,76.61,50.945471934309595
2018-07-23 18:45:00,93.38,82.2723067207144
2018-07-23 19:00:00,79.99,61.63693956990078
2018-07-23 19:15:00,99.29,64.14458353158764
2018-07-23 19:30:00,88.34,63.38651253396697
2018-07-23 19:45:00,74.3,75.01709993706936
2018-07-23 20:00:00,101.09,67.63190533496712
2018-07-23 20:15:00,67.5,58.39998632200617
2018-07-23 20:30:00,61.38,71.46663774469752
2018-07-23 20:45:00,38.27,53.66286363665496
2018-07-23 21:00:00,5.0,40.58586271318178
2018-07-23 21:15:00,4.21,28.27048307084273
2018-07-23 21:30:00,3.85,14.532441749488461
2018-07-23 21:45:00,3.89,6.269014943367967
2018-07-23 22:00:00,3.85,9.079413275328047
2018-07-23 22:15:00,3.64,10.093081228435992
2018-07-23 22:30:00,3.49,9.891534217385889
2018-07-23 22:45:00,3.06,7.7896224401787215
2018-07-23 23:00:00,2.84,9.111592619288633
2018-07-23 23:15:00,2.81,7.761581583933271
2018-07-23 23:30:00,2.77,9.663557433621193
2018-07-23 23:45:00,2.88,9.121946185408753
2018-07-24 00:00:00,2.81,5.880541685398914
2018-07-24 00:15:00,3.53,8.67418712193766
2018-07-24 00:30:00,2.99,6.37550441888126
2018-07-24 00:45:00,2.81,6.761204825243613
2018-07-24 01:00:00,2.92,5.179391295707575
2018-07-24 01:15:00,2.92,2.4171064311309927
2018-07-24 01:30:00,2.88,2.599757221853082
2018-07-24 01:45:00,2.92,2.930656176378573
2018-07-24 02:00:00,2.99,3.102308773676622
2018-07-24 02:15:00,3.46,3.3579723537739206
2018-07-24 02:30:00,2.92,3.666669273512948
2018-07-24 02:45:00,2.92,4.276212140998403
2018-07-24 03:00:00,2.95,4.179652014267823
2018-07-24 03:15:00,3.06,4.229008012401817
2018-07-24 03:30:00,3.02,4.539669640159353
2018-07-24 03:45:00,2.95,4.894082306343346
2018-07-24 04:00:00,2.99,5.082617549167821
2018-07-24 04:15:00,2.92,5.245513265836109
2018-07-24 04:30:00,2.92,5.557545471079234
2018-07-24 04:45:00,2.95,5.714593936142563
2018-07-24 05:00:00,2.95,5.967555086258681
2018-07-24 05:15:00,3.35,6.084288682363276
2018-07-24 05:30:00,3.35,6.345997576970607
2018-07-24 05:45:00,2.92,6.645837026974117
2018-07-24 06:00:00,2.95,6.815862559951732
2018-07-24 06:15:00,2.92,6.672164755604452
2018-07-24 06:30:00,3.02,6.813455546077119
2018-07-24 06:45:00,2.88,7.023837637345409
2018-07-24 07:00:00,3.46,7.2594537319650065
2018-07-24 07:15:00,3.49,7.285489412307488
2018-07-24 07:30:00,3.56,7.711770238511949
2018-07-24 07:45:00,3.38,7.862176697200809
2018-07-24 08:00:00,34.06,16.571949923663052
2018-07-24 08:15:00,71.32,24.23671534804892
2018-07-24 08:30:00,94.61,50.1744456427317
2018-07-24 08:45:00,96.41,69.02101631032119
2018-07-24 09:00:00,82.19,83.38746873105535
2018-07-24 09:15:00,93.02,82.97930207780804
2018-07-24 09:30:00,92.52,72.59059385691694
2018-07-24 09:45:00,78.41,78.61871161315653
2018-07-24 10:00:00,97.06,79.88928656325791
2018-07-24 10:15:00,99.18,72.73638584946906
2018-07-24 10:30:00,104.94,81.27041384647728
2018-07-24 10:45:00,105.37,86.3016606208559
2018-07-24 11:00:00,102.56,89.33845422778916
2018-07-24 11:15:00,103.64,88.42535951718413
2018-07-24 11:30:00,88.06,84.29339253140046
2018-07-24 11:45:00,102.92,87.37870340200288
2018-07-24 12:00:00,7.27,58.417248440836985
2018-07-24 12:15:00,5.65,67.62932632230178
2018-07-24 12:30:00,5.51,17.3499692202765
2018-07-24 12:45:00,5.4,12.028514924972423
2018-07-24 13:00:00,42.08,30.280732292880504
2018-07-24 13:15:00,83.56,43.67229576203988
2018-07-24 13:30:00,103.64,57.110527612965065
2018-07-24 13:45:00,94.21,86.07316790355361
2018-07-24 14:00:00,56.38,92.533817193639
2018-07-24 14:15:00,55.8,87.4797310222842
2018-07-24 14:30:00,61.02,63.485288871419556
2018-07-24 14:45:00,66.96,62.59528659629853
2018-07-24 15:00:00,66.49,71.23999723002385
2018-07-24 15:15:00,56.74,78.91374490952049
2018-07-24 15:30:00,53.64,78.32226342423706
2018-07-24 15:45:00,58.46,67.64920337385564
2018-07-24 16:00:00,51.52,70.72606002212991
2018-07-24 16:15:00,55.84,63.962898240431656
2018-07-24 16:30:00,58.32,59.52335082111874
2018-07-24 16:45:00,55.44,61.25716110814384
2018-07-24 17:00:00,54.94,58.523896943285806
2018-07-24 17:15:00,43.63,60.37157466648632
2018-07-24 17:30:00,29.12,47.10998315490342
2018-07-24 17:45:00,30.28,43.051506066206215
2018-07-24 18:00:00,49.68,41.14072954936848
2018-07-24 18:15:00,56.16,55.389124178476095
2018-07-24 18:30:00,58.61,62.78635959751662
2018-07-24 18:45:00,54.68,64.55741825257562
2018-07-24 19:00:00,46.91,58.05731093406678
2018-07-24 19:15:00,57.89,59.97154905629067
2018-07-24 19:30:00,58.5,52.152938175837875
2018-07-24 19:45:00,46.66,58.57035537707401
2018-07-24 20:00:00,52.56,61.830769152629514
2018-07-24 20:15:00,61.27,51.19434445731008
2018-07-24 20:30:00,39.02,48.342804278841605
2018-07-24 20:45:00,29.16,47.16823857798981
2018-07-24 21:00:00,8.68,27.931490850450988
2018-07-24 21:15:00,3.92,17.868785952350784
2018-07-24 21:30:00,3.85,7.5904568303005036
2018-07-24 21:45:00,3.82,5.172768347590974
2018-07-24 22:00:00,3.64,4.544391479340511
2018-07-24 22:15:00,3.56,6.199854827840959
2018-07-24 22:30:00,3.56,4.760653328772499
2018-07-24 22:45:00,3.53,4.106987695558718
2018-07-24 23:00:00,2.95,3.9303294478721895
2018-07-24 23:15:00,2.88,3.2635340274983236
2018-07-24 23:30:00,2.88,4.099968302517176
2018-07-24 23:45:00,2.74,4.6432699395454655
2018-07-25 00:00:00,2.84,1.3503965151817994
2018-07-25 00:15:00,3.13,2.3046212578861613
2018-07-25 00:30:00,3.24,3.353596389799897
2018-07-25 00:45:00,2.84,2.061205521410127
2018-07-25 01:00:00,3.13,1.6928447233442796
2018-07-25 01:15:00,3.06,0.014811379175441175
2018-07-25 01:30:00,2.99,0.02421514649963541
2018-07-25 01:45:00,2.99,0.41890910774896994
2018-07-25 02:00:00,3.02,0.6667154876196939
2018-07-25 02:15:00,3.02,0.8440006736091661
2018-07-25 02:30:00,2.99,1.058314108105197
2018-07-25 02:45:00,2.95,1.3119104959974024
2018-07-25 03:00:00,3.17,1.5420092799334064
2018-07-25 03:15:00,3.31,1.7218975313549514
2018-07-25 03:30:00,3.24,2.0982259477632006
2018-07-25 03:45:00,3.35,2.449893509105255
2018-07-25 04:00:00,3.2,2.6866374153725125
2018-07-25 04:15:00,3.17,2.8452454051699156
2018-07-25 04:30:00,3.2,3.0318621260291145
2018-07-25 04:45:00,3.13,3.2302671609158935
2018-07-25 05:00:00,3.13,3.424743664615484
2018-07-25 05:15:00,3.2,3.684505793882149
2018-07-25 05:30:00,3.17,3.830312443088367
2018-07-25 05:45:00,3.56,3.9502428571125776
2018-07-25 06:00:00,3.78,4.110007693836845
2018-07-25 06:15:00,3.31,4.451516010118318
2018-07-25 06:30:00,3.06,4.748088763143603
2018-07-25 06:45:00,3.13,4.521225444150115
2018-07-25 07:00:00,3.17,4.507767015485076
2018-07-25 07:15:00,3.82,4.789790290955025
2018-07-25 07:30:00,4.14,5.029946095242291
2018-07-25 07:45:00,3.82,5.460147930263997
2018-07-25 08:00:00,17.75,16.109224987346433
2018-07-25 08:15:00,49.68,25.017224524492985
2018-07-25 08:30:00,57.17,38.23465827024199
2018-07-25 08:45:00,59.9,57.27865854299354
2018-07-25 09:00:00,57.38,61.03365445453351
2018-07-25 09:15:00,59.33,60.00370126053909
2018-07-25 09:30:00,46.91,57.66844311682644
2018-07-25 09:45:00,47.74,60.247479813668704
2018-07-25 10:00:00,49.14,56.02892488902289
2018-07-25 10:15:00,48.96,57.54058190007511
2018-07-25 10:30:00,47.74,63.08456929675179
2018-07-25 10:45:00,51.26,65.68268937421632
2018-07-25 11:00:00,58.18,57.70780045536945
2018-07-25 11:15:00,46.44,59.54758382176327
2018-07-25 11:30:00,57.96,61.74735083836377
2018-07-25 11:45:00,40.43,55.56104007450601
2018-07-25 12:00:00,4.39,40.07855116865204
2018-07-25 12:15:00,5.44,32.868118524320664
2018-07-25 12:30:00,5.65,13.127751695037755
2018-07-25 12:45:00,5.58,12.387136588355347
2018-07-25 13:00:00,28.26,27.508392085585776
2018-07-25 13:15:00,49.75,38.867973979250735
2018-07-25 13:30:00,51.3,48.249075129171665
2018-07-25 13:45:00,54.9,60.79919554421997
2018-07-25 14:00:00,57.53,52.77949887668186
2018-07-25 14:15:00,60.23,49.766413760308325
2018-07-25 14:30:00,56.88,55.41897836408964
2018-07-25 14:45:00,63.4,59.20882680507256
2018-07-25 15:00:00,45.18,55.50231982127728
2018-07-25 15:15:00,52.6,58.98786731186263
2018-07-25 15:30:00,56.88,49.35764734027314
2018-07-25 15:45:00,54.18,54.21554765769262
2018-07-25 16:00:00,63.0,55.782064577144105
2018-07-25 16:15:00,81.76,52.236077939216656
2018-07-25 16:30:00,98.93,54.683633813500684
2018-07-25 16:45:00,90.9,64.29433006627566
2018-07-25 17:00:00,92.56,73.91315403726892
2018-07-25 17:15:00,90.94,68.9392228771359
2018-07-25 17:30:00,29.84,67.4002555311267
2018-07-25 17:45:00,30.17,67.87922773746905
2018-07-25 18:00:00,48.78,28.674033200472998
2018-07-25 18:15:00,93.17,25.62830952069432
2018-07-25 18:30:00,103.86,43.48296824517096
2018-07-25 18:45:00,84.28,70.40287707186954
2018-07-25 19:00:00,94.64,68.89106423787464
2018-07-25 19:15:00,92.09,53.654030154193414
2018-07-25 19:30:00,79.67,59.15833181577482
2018-07-25 19:45:00,113.47,62.20147623851529
2018-07-25 20:00:00,84.28,56.11449940295705
2018-07-25 20:15:00,105.55,75.02027158667832
2018-07-25 20:30:00,69.91,60.9832235037787
2018-07-25 20:45:00,8.86,68.14597976323051
2018-07-25 21:00:00,6.16,45.020488115978495
2018-07-25 21:15:00,3.64,10.046524987222902
2018-07-25 21:30:00,3.56,4.87071558110334
2018-07-25 21:45:00,3.53,7.619279250820192
2018-07-25 22:00:00,3.42,5.619383528972669
2018-07-25 22:15:00,3.31,0.0
2018-07-25 22:30:00,3.24,4.0675265208873626
2018-07-25 22:45:00,3.28,4.484848993356255
2018-07-25 23:00:00,2.66,2.1676208293259656
2018-07-25 23:15:00,2.59,3.488730071151842
2018-07-25 23:30:00,2.59,3.428940365249929
2018-07-25 23:45:00,2.81,2.93216541579012
2018-07-26 00:00:00,2.63,5.684783922330897
2018-07-26 00:15:00,2.66,4.025277884299015
2018-07-26 00:30:00,2.63,6.221884893833042
2018-07-26 00:45:00,2.63,3.742631423347884
2018-07-26 01:00:00,2.88,0.0
2018-07-26 01:15:00,3.2,0.0
2018-07-26 01:30:00,3.38,0.0
2018-07-26 01:45:00,3.28,0.0
2018-07-26 02:00:00,3.56,0.13724195630643266
2018-07-26 02:15:00,3.82,0.29602550141972017
2018-07-26 02:30:00,3.31,0.7036113901941903
2018-07-26 02:45:00,3.17,1.1329790498320271
2018-07-26 03:00:00,3.42,1.1484084062267002
2018-07-26 03:15:00,3.64,1.3216615492705657
2018-07-26 03:30:00,3.17,1.7506297072360617
2018-07-26 03:45:00,3.2,2.0806220180701374
2018-07-26 04:00:00,3.17,1.9693868133869046
2018-07-26 04:15:00,3.2,2.206093062786337
2018-07-26 04:30:00,3.17,2.456148273501409
2018-07-26 04:45:00,3.17,2.6548520481697047
2018-07-26 05:00:00,3.1,2.761410078202438
2018-07-26 05:15:00,3.13,2.9871568314685817
2018-07-26 05:30:00,3.1,3.149545892983454
2018-07-26 05:45:00,3.1,3.4089246994902993
2018-07-26 06:00:00,3.13,3.5817458199934684
2018-07-26 06:15:00,3.1,3.661329344071415
2018-07-26 06:30:00,3.06,3.7580554124021823
2018-07-26 06:45:00,3.06,3.850443996317857
2018-07-26 07:00:00,3.24,3.9326731256556045
2018-07-26 07:15:00,3.2,4.230674703105269
2018-07-26 07:30:00,3.56,4.553374813771558
2018-07-26 07:45:00,5.04,4.831908793899377
2018-07-26 08:00:00,35.46,15.552288634505338
2018-07-26 08:15:00,107.17,23.221481783019463
2018-07-26 08:30:00,79.74,44.512990135409105
2018-07-26 08:45:00,102.42,88.78414281140559
2018-07-26 09:00:00,100.12,73.47724304498243
2018-07-26 09:15:00,41.9,74.8372919863852
2018-07-26 09:30:00,56.95,75.48961774874903
2018-07-26 09:45:00,37.76,47.40885758915444
2018-07-26 10:00:00,36.29,50.6652522211749
2018-07-26 10:15:00,49.61,50.640843795149614
2018-07-26 10:30:00,50.15,47.36338180670545
2018-07-26 10:45:00,47.66,50.08282164767027
2018-07-26 11:00:00,51.01,57.45676116245279
2018-07-26 11:15:00,45.58,53.654638367076
2018-07-26 11:30:00,52.24,57.80593089987203
2018-07-26 11:45:00,49.28,51.802322970297155
2018-07-26 12:00:00,16.7,31.676304597922176
2018-07-26 12:15:00,4.9,34.53980155119678
2018-07-26 12:30:00,4.61,23.132744748608033
2018-07-26 12:45:00,5.0,12.393569810145976
2018-07-26 13:00:00,28.62,25.883141779096235
2018-07-26 13:15:00,52.67,34.99769930406524
2018-07-26 13:30:00,56.12,45.79177150777279
2018-07-26 13:45:00,55.08,57.55203157418971
2018-07-26 14:00:00,42.55,56.38527980503906
2018-07-26 14:15:00,45.14,57.7196936893167
2018-07-26 14:30:00,45.97,54.04910551912211
2018-07-26 14:45:00,51.88,54.22757331195098
2018-07-26 15:00:00,48.96,51.345397636146004
2018-07-26 15:15:00,53.64,57.09248017774983
2018-07-26 15:30:00,56.95,55.454834533163805
2018-07-26 15:45:00,59.0,56.59389459283146
2018-07-26 16:00:00,56.95,66.47032796054523
2018-07-26 16:15:00,53.64,63.03369063733236
2018-07-26 16:30:00,56.09,63.89300720725437
2018-07-26 16:45:00,46.94,61.285553875309716
2018-07-26 17:00:00,56.2,58.04585621605989
2018-07-26 17:15:00,47.27,60.006563001848505
2018-07-26 17:30:00,28.44,42.91439955275404
2018-07-26 17:45:00,28.44,38.98694386064033
2018-07-26 18:00:00,35.82,35.03436150078732
2018-07-26 18:15:00,54.9,45.42012328888843
2018-07-26 18:30:00,42.55,57.98382460191167
2018-07-26 18:45:00,60.91,59.59262491948407
2018-07-26 19:00:00,53.89,49.033412334218475
2018-07-26 19:15:00,63.61,59.156978493842246
2018-07-26 19:30:00,55.73,55.7299184472123
2018-07-26 19:45:00,45.43,66.09828416676535
2018-07-26 20:00:00,63.18,54.678678401727126
2018-07-26 20:15:00,52.6,53.21782117874112
2018-07-26 20:30:00,38.77,58.70490918332233
2018-07-26 20:45:00,7.06,42.290428910516084
2018-07-26 21:00:00,6.12,29.024303177056975
2018-07-26 21:15:00,3.78,9.718049546224648
2018-07-26 21:30:00,3.71,9.810999203690319
2018-07-26 21:45:00,3.64,8.658798791199246
2018-07-26 22:00:00,3.71,3.3798504655239157
2018-07-26 22:15:00,4.46,0.0
2018-07-26 22:30:00,3.46,1.039888231601548
2018-07-26 22:45:00,2.88,0.25689897795648164
2018-07-26 23:00:00,2.84,1.1132154703202275
2018-07-26 23:15:00,2.74,0.27790080757024427
2018-07-26 23:30:00,2.77,1.396746816585285
2018-07-26 23:45:00,2.81,1.3482465993533523
2018-07-27 00:00:00,2.77,2.5737074616461264
2018-07-27 00:15:00,2.81,4.334189119648926
2018-07-27 00:30:00,2.84,3.871654062495921
2018-07-27 00:45:00,2.84,3.1018211634595367
2018-07-27 01:00:00,2.84,0.8642574155137588
2018-07-27 01:15:00,2.88,1.1014603886300591
2018-07-27 01:30:00,2.84,1.1755018468851617
2018-07-27 01:45:00,2.88,1.442066125725681
2018-07-27 02:00:00,2.88,1.7109391719989873
2018-07-27 02:15:00,3.2,2.04189729184975
2018-07-27 02:30:00,3.06,2.2897392791089572
2018-07-27 02:45:00,2.88,2.6193127456779166
2018-07-27 03:00:00,2.88,2.8150459758912127
2018-07-27 03:15:00,2.88,2.9607832042068516
2018-07-27 03:30:00,2.92,3.0923734978299855
2018-07-27 03:45:00,2.88,3.3844567320867256
2018-07-27 04:00:00,2.92,3.634311016958403
2018-07-27 04:15:00,3.46,3.922236170433049
2018-07-27 04:30:00,3.24,4.345425293382686
2018-07-27 04:45:00,2.81,4.596344553867755
2018-07-27 05:00:00,2.84,4.677983586457813
2018-07-27 05:15:00,2.84,4.55387009268831
2018-07-27 05:30:00,2.84,4.738799280791778
2018-07-27 05:45:00,2.81,5.02318488015052
2018-07-27 06:00:00,2.77,5.165423418554482
2018-07-27 06:15:00,3.24,5.232883004619385
2018-07-27 06:30:00,3.02,5.345968062161422
2018-07-27 06:45:00,2.81,5.721680917028376
2018-07-27 07:00:00,2.95,5.722282061263066
2018-07-27 07:15:00,4.25,5.711784657646188
2018-07-27 07:30:00,4.07,5.921823039411979
2018-07-27 07:45:00,3.96,7.171140705667028
2018-07-27 08:00:00,28.4,17.869515789307627
2018-07-27 08:15:00,66.1,33.289928546540466
2018-07-27 08:30:00,50.4,43.341379220416385
2018-07-27 08:45:00,46.8,72.85947351736706
2018-07-27 09:00:00,66.31,61.87246204062997
2018-07-27 09:15:00,55.62,43.9860778890165
2018-07-27 09:30:00,58.79,59.992560381003415
2018-07-27 09:45:00,60.88,56.57412372498128
2018-07-27 10:00:00,52.56,52.27554462179032
2018-07-27 10:15:00,60.66,59.49992068941807
2018-07-27 10:30:00,56.95,55.72156463294536
2018-07-27 10:45:00,62.6,58.63493060866343
2018-07-27 11:00:00,45.76,58.28831597274112
2018-07-27 11:15:00,50.0,60.39634031539798
2018-07-27 11:30:00,53.14,50.22094280997163
2018-07-27 11:45:00,48.89,50.76876561457688
2018-07-27 12:00:00,4.25,37.97209644082784
2018-07-27 12:15:00,4.54,35.49420814662095
2018-07-27 12:30:00,4.57,10.03685648047174
2018-07-27 12:45:00,4.61,7.176838393253984
2018-07-27 13:00:00,19.55,21.037867497882203
2018-07-27 13:15:00,47.02,33.05252313046586
2018-07-27 13:30:00,53.28,36.17640829217335
2018-07-27 13:45:00,55.3,52.448249297710205
2018-07-27 14:00:00,52.02,52.15368113909463
2018-07-27 14:15:00,55.4,50.127762947280736
2018-07-27 14:30:00,51.05,50.57261851561468
2018-07-27 14:45:00,39.96,55.31322716227501
2018-07-27 15:00:00,41.15,54.67682814282173
2018-07-27 15:15:00,50.76,47.83460368614405
2018-07-27 15:30:00,54.65,49.03381883051598
2018-07-27 15:45:00,55.08,56.61949427215187
2018-07-27 16:00:00,56.34,57.50833578200901
2018-07-27 16:15:00,52.88,52.45215212238405
2018-07-27 16:30:00,48.24,58.93599271168573
2018-07-27 16:45:00,54.4,55.9183127458027
2018-07-27 17:00:00,53.21,48.3429682912012
2018-07-27 17:15:00,39.85,49.64140248089362
2018-07-27 17:30:00,25.31,43.355699518934784
2018-07-27 17:45:00,25.56,35.09403782479653
2018-07-27 18:00:00,29.52,28.90362353483524
2018-07-27 18:15:00,45.97,35.34765825837976
2018-07-27 18:30:00,52.85,35.529265656311956
2018-07-27 18:45:00,67.57,54.37029886663995
2018-07-27 19:00:00,50.87,58.90202790515234
2018-07-27 19:15:00,54.32,60.556859781824244
2018-07-27 19:30:00,55.08,53.441163333056934
2018-07-27 19:45:00,34.24,56.11840388052953
2018-07-27 20:00:00,32.87,57.090911272943444
2018-07-27 20:15:00,40.14,44.24566529527905
2018-07-27 20:30:00,48.13,33.292828697970535
2018-07-27 20:45:00,15.8,30.97302603655605
2018-07-27 21:00:00,6.77,32.950044963210296
2018-07-27 21:15:00,4.36,10.635290420102987
2018-07-27 21:30:00,3.82,1.526194559387914
2018-07-27 21:45:00,3.85,2.474881608316462
2018-07-27 22:00:00,3.78,4.415553632938366
2018-07-27 22:15:00,3.1,1.6471868353760435
2018-07-27 22:30:00,2.92,2.202426261384282
2018-07-27 22:45:00,2.92,2.383795105753979
2018-07-27 23:00:00,2.92,3.208016943071847
2018-07-27 23:15:00,2.84,2.1010359058575467
2018-07-27 23:30:00,2.84,2.754408375735906
2018-07-27 23:45:00,2.66,3.1472021100567815
2018-07-28 00:00:00,2.81,0.0
2018-07-28 00:15:00,2.92,0.0
2018-07-28 00:30:00,2.88,0.0
2018-07-28 00:45:00,2.92,1.1136327735853513
2018-07-28 01:00:00,2.95,0.0
2018-07-28 01:15:00,3.38,0.0
2018-07-28 01:30:00,3.78,0.0
2018-07-28 01:45:00,3.24,0.0
2018-07-28 02:00:00,3.6,0.0
2018-07-28 02:15:00,3.46,0.0
2018-07-28 02:30:00,3.56,0.0
2018-07-28 02:45:00,3.64,0.0
2018-07-28 03:00:00,3.49,0.2501677673773983
2018-07-28 03:15:00,4.0,0.4727349592751615
2018-07-28 03:30:00,3.85,0.6911570707262271
2018-07-28 03:45:00,3.46,1.173977735530098
2018-07-28 04:00:00,3.42,1.3464515119850233
2018-07-28 04:15:00,3.49,1.426000652567609
2018-07-28 04:30:00,3.46,1.547427986699084
2018-07-28 04:45:00,3.42,1.8199177868378236
2018-07-28 05:00:00,3.35,2.024099079782708
2018-07-28 05:15:00,3.28,2.114401259626046
2018-07-28 05:30:00,3.24,2.3839031511376447
2018-07-28 05:45:00,3.31,2.531954282242065
2018-07-28 06:00:00,3.2,2.526711386008902
2018-07-28 06:15:00,3.28,2.8337604444141924
2018-07-28 06:30:00,3.2,2.836311406178904
2018-07-28 06:45:00,3.2,2.953426465611372
2018-07-28 07:00:00,3.2,3.0440309694969194
2018-07-28 07:15:00,4.79,3.370916369026265
2018-07-28 07:30:00,6.73,3.5605480992508056
2018-07-28 07:45:00,6.12,4.44667777350951
2018-07-28 08:00:00,18.72,13.898043018601584
2018-07-28 08:15:00,42.44,23.211348182385017
2018-07-28 08:30:00,51.19,25.94796422551265
2018-07-28 08:45:00,35.75,39.957188119116026
2018-07-28 09:00:00,35.78,50.65830504897443
2018-07-28 09:15:00,36.83,37.64443227466986
2018-07-28 09:30:00,49.21,36.93639525521792
2018-07-28 09:45:00,47.23,41.88655126939455
2018-07-28 10:00:00,46.4,48.41796770405004
2018-07-28 10:15:00,39.38,48.05572303038659
2018-07-28 10:30:00,40.32,45.522153957450655
2018-07-28 10:45:00,56.38,42.11031661096913
2018-07-28 11:00:00,67.61,40.588669385623035
2018-07-28 11:15:00,45.86,50.80509690459543
2018-07-28 11:30:00,57.89,56.028501373229844
2018-07-28 11:45:00,27.68,36.609124632731465
2018-07-28 12:00:00,4.54,31.45710549924862
2018-07-28 12:15:00,4.68,19.264453594360674
2018-07-28 12:30:00,4.5,6.486043972566328
2018-07-28 12:45:00,4.39,6.089588426584239
2018-07-28 13:00:00,35.93,13.352608563043088
2018-07-28 13:15:00,47.27,22.631369690231345
2018-07-28 13:30:00,46.01,36.24559511918534
2018-07-28 13:45:00,45.29,44.79477607185669
2018-07-28 14:00:00,71.53,41.09292194249886
2018-07-28 14:15:00,44.89,41.05232097189506
2018-07-28 14:30:00,63.9,54.52089761008523
2018-07-28 14:45:00,49.9,42.08328483988513
2018-07-28 15:00:00,44.53,50.45696401094833
2018-07-28 15:15:00,41.65,49.59068257420512
2018-07-28 15:30:00,44.57,43.632721557895856
2018-07-28 15:45:00,50.94,40.02090595283404
2018-07-28 16:00:00,50.58,45.37112595270368
2018-07-28 16:15:00,48.92,44.34714428400996
2018-07-28 16:30:00,33.98,42.050391095781556
2018-07-28 16:45:00,22.82,34.44768588684619
2018-07-28 17:00:00,11.23,23.592319398693185
2018-07-28 17:15:00,3.49,17.07367641297661
2018-07-28 17:30:00,3.42,9.448765605822135
2018-07-28 17:45:00,3.53,5.531849478143624
2018-07-28 18:00:00,3.35,5.408683369348417
2018-07-28 18:15:00,3.35,10.272430533376351
2018-07-28 18:30:00,4.1,8.04149469753727
2018-07-28 18:45:00,4.14,11.093993772766652
2018-07-28 19:00:00,2.84,7.385963547415873
2018-07-28 19:15:00,2.95,7.504969463015346
2018-07-28 19:30:00,2.92,6.390166769214787
2018-07-28 19:45:00,2.84,3.111576157850436
2018-07-28 20:00:00,2.88,3.746855829217136
2018-07-28 20:15:00,2.92,5.134891216582339
2018-07-28 20:30:00,2.88,6.420443404114746
2018-07-28 20:45:00,2.84,0.0
2018-07-28 21:00:00,2.92,0.0
2018-07-28 21:15:00,2.81,0.0
2018-07-28 21:30:00,2.81,0.0
2018-07-28 21:45:00,2.88,0.0
2018-07-28 22:00:00,2.7,0.0
2018-07-28 22:15:00,2.63,0.0
2018-07-28 22:30:00,2.74,0.0
2018-07-28 22:45:00,3.13,0.0
2018-07-28 23:00:00,2.88,0.0
2018-07-28 23:15:00,2.59,0.0
2018-07-28 23:30:00,2.59,0.0
2018-07-28 23:45:00,2.74,0.0
2018-07-29 00:00:00,2.66,0.0
2018-07-29 00:15:00,2.66,0.0
2018-07-29 00:30:00,2.63,0.0
2018-07-29 00:45:00,3.06,0.0
2018-07-29 01:00:00,3.13,0.0
2018-07-29 01:15:00,2.7,0.0
2018-07-29 01:30:00,2.66,0.22507637016596505
2018-07-29 01:45:00,2.74,0.10396937928666361
2018-07-29 02:00:00,2.7,0.4401815564144762
2018-07-29 02:15:00,2.66,0.7958194877929543
2018-07-29 02:30:00,2.66,1.0022561431056403
2018-07-29 02:45:00,2.66,1.1747791613974385
2018-07-29 03:00:00,2.7,1.4377570394146382
2018-07-29 03:15:00,2.74,1.7720458943013249
2018-07-29 03:30:00,2.74,1.9661267377082972
2018-07-29 03:45:00,2.66,2.1589517065583763
2018-07-29 04:00:00,3.02,2.40481007463012
2018-07-29 04:15:00,3.06,2.6024227516910408
2018-07-29 04:30:00,2.7,3.022691535782535
2018-07-29 04:45:00,2.7,3.2631756904729308
2018-07-29 05:00:00,2.74,3.2351107314763468
2018-07-29 05:15:00,2.66,3.3879369687422027
2018-07-29 05:30:00,2.7,3.6257641072723246
2018-07-29 05:45:00,2.7,3.897836566760528
2018-07-29 06:00:00,2.66,3.8744276010148333
2018-07-29 06:15:00,2.66,4.034858842168294
2018-07-29 06:30:00,2.88,4.123700628465489
2018-07-29 06:45:00,3.28,4.336064389872021
2018-07-29 07:00:00,2.95,4.488246767574694
2018-07-29 07:15:00,2.66,5.041210757994172
2018-07-29 07:30:00,2.81,5.261831254164285
2018-07-29 07:45:00,3.17,4.952547721082933
2018-07-29 08:00:00,19.73,7.295888584372268
2018-07-29 08:15:00,34.7,11.748435765852992
2018-07-29 08:30:00,32.54,22.75296066362388
2018-07-29 08:45:00,35.39,29.44774198655532
2018-07-29 09:00:00,35.89,27.297664780049526
2018-07-29 09:15:00,32.51,27.038634441399577
2018-07-29 09:30:00,35.28,31.2576499327532
2018-07-29 09:45:00,32.47,30.298710284077078
2018-07-29 10:00:00,31.86,30.984981904242826
2018-07-29 10:15:00,35.14,28.994423579546815
2018-07-29 10:30:00,32.15,28.610296861709035
2018-07-29 10:45:00,35.39,32.713941829937454
2018-07-29 11:00:00,32.69,33.351101845065514
2018-07-29 11:15:00,34.99,30.306453422984667
2018-07-29 11:30:00,34.16,30.779648893614734
2018-07-29 11:45:00,11.09,26.582589724854778
2018-07-29 12:00:00,3.42,21.749393077785637
2018-07-29 12:15:00,3.53,9.851508385108389
2018-07-29 12:30:00,3.49,4.96665418418382
2018-07-29 12:45:00,3.56,6.7045218631698695
2018-07-29 13:00:00,12.02,13.472322426250361
2018-07-29 13:15:00,33.98,12.801388331171061
2018-07-29 13:30:00,32.62,16.180618215861365
2018-07-29 13:45:00,33.55,29.218844829597355
2018-07-29 14:00:00,35.42,32.51100014051108
2018-07-29 14:15:00,34.63,25.590633780281202
2018-07-29 14:30:00,32.72,30.76823839089854
2018-07-29 14:45:00,33.3,29.94220305927828
2018-07-29 15:00:00,28.73,27.46816881639092
2018-07-29 15:15:00,34.92,27.023354967274802
2018-07-29 15:30:00,33.8,25.69011021453663
2018-07-29 15:45:00,34.02,29.665051481764348
2018-07-29 16:00:00,35.06,27.35281833298661
2018-07-29 16:15:00,32.54,25.74521118195993
2018-07-29 16:30:00,32.72,22.85115751998396
2018-07-29 16:45:00,5.47,19.88360789515862
2018-07-29 17:00:00,3.35,17.289845068314378
2018-07-29 17:15:00,3.02,0.8932834917319568
2018-07-29 17:30:00,2.99,0.10376779262665536
2018-07-29 17:45:00,3.02,2.0318646445243793
2018-07-29 18:00:00,2.81,2.808616936760309
2018-07-29 18:15:00,2.81,0.0
2018-07-29 18:30:00,2.95,0.0
2018-07-29 18:45:00,3.53,0.0
2018-07-29 19:00:00,3.42,0.0
2018-07-29 19:15:00,2.92,0.0
2018-07-29 19:30:00,2.92,0.0
2018-07-29 19:45:00,2.95,0.0
2018-07-29 20:00:00,3.02,0.0
2018-07-29 20:15:00,2.95,0.0
2018-07-29 20:30:00,3.06,0.0
2018-07-29 20:45:00,3.02,0.0
2018-07-29 21:00:00,3.02,0.0
2018-07-29 21:15:00,3.1,0.0
2018-07-29 21:30:00,3.64,0.0
2018-07-29 21:45:00,3.02,0.0
2018-07-29 22:00:00,2.99,0.0
2018-07-29 22:15:00,2.77,0.0
2018-07-29 22:30:00,2.63,0.0
2018-07-29 22:45:00,2.66,0.0
2018-07-29 23:00:00,2.66,0.0
2018-07-29 23:15:00,3.17,0.0
2018-07-29 23:30:00,3.24,0.0
2018-07-29 23:45:00,2.63,0.0
2018-07-30 00:00:00,2.66,3.802520001608549
2018-07-30 00:15:00,2.66,3.632779765518773
2018-07-30 00:30:00,2.74,3.806005064183015
2018-07-30 00:45:00,2.7,4.268082672244621
2018-07-30 01:00:00,2.7,4.792429749810193
2018-07-30 01:15:00,2.81,4.7348153473581505
2018-07-30 01:30:00,2.74,4.878947839634623
2018-07-30 01:45:00,2.77,5.257696124232062
2018-07-30 02:00:00,2.77,5.414394938754871
2018-07-30 02:15:00,2.95,5.672864110754183
2018-07-30 02:30:00,3.35,5.902716161901221
2018-07-30 02:45:00,2.88,6.267574875554761
2018-07-30 03:00:00,2.77,6.759113699140709
2018-07-30 03:15:00,2.7,6.737995115626404
2018-07-30 03:30:00,2.77,6.88738728611883
2018-07-30 03:45:00,2.77,7.133264605895288
2018-07-30 04:00:00,2.7,7.501439773277035
2018-07-30 04:15:00,2.74,7.696505726776195
2018-07-30 04:30:00,2.81,7.790481613281305
2018-07-30 04:45:00,2.74,8.002845026275246
2018-07-30 05:00:00,2.74,8.264998391580704
2018-07-30 05:15:00,2.66,8.400744034001274
2018-07-30 05:30:00,3.13,8.673213167638568
2018-07-30 05:45:00,2.88,8.707218809102148
2018-07-30 06:00:00,2.7,9.118468181424344
2018-07-30 06:15:00,2.74,9.138775139429264
2018-07-30 06:30:00,2.7,9.156213404039761
2018-07-30 06:45:00,2.66,9.469499484443954
2018-07-30 07:00:00,2.63,9.590003185777455
2018-07-30 07:15:00,3.06,9.592037385088098
2018-07-30 07:30:00,3.78,9.651502507226656
2018-07-30 07:45:00,3.56,10.031074761156606
2018-07-30 08:00:00,27.32,16.680134035368617
2018-07-30 08:15:00,62.68,24.727394096778763
2018-07-30 08:30:00,56.16,42.74594337502187
2018-07-30 08:45:00,58.68,60.07634149293763
2018-07-30 09:00:00,58.72,60.438436536525145
2018-07-30 09:15:00,57.2,53.61826844504752
2018-07-30 09:30:00,62.21,58.67787370107834
2018-07-30 09:45:00,59.94,56.79818377529429
2018-07-30 10:00:00,47.84,59.00186709559427
2018-07-30 10:15:00,50.76,60.21453055368406
2018-07-30 10:30:00,48.28,53.25137608190792
2018-07-30 10:45:00,54.14,55.045222163511994
2018-07-30 11:00:00,44.28,55.31033685001238
2018-07-30 11:15:00,56.99,57.27671846704608
2018-07-30 11:30:00,44.39,48.57036685203984
2018-07-30 11:45:00,34.02,51.124923199426846
2018-07-30 12:00:00,5.04,34.1796756481986
2018-07-30 12:15:00,7.09,28.453005259481824
2018-07-30 12:30:00,6.01,13.843110382421091
2018-07-30 12:45:00,5.9,15.552592592495728
2018-07-30 13:00:00,18.83,25.772272386062888
2018-07-30 13:15:00,60.41,33.12090484501277
2018-07-30 13:30:00,66.85,35.1859019202004
2018-07-30 13:45:00,53.06,60.89500089712738
2018-07-30 14:00:00,48.64,66.03142785566908
2018-07-30 14:15:00,50.36,51.66452627759227
2018-07-30 14:30:00,59.15,46.84939143089528
2018-07-30 14:45:00,76.14,53.755023542480146
2018-07-30 15:00:00,74.81,59.113789273037504
2018-07-30 15:15:00,74.74,71.9626713179716
2018-07-30 15:30:00,83.77,68.97831369002833
2018-07-30 15:45:00,106.52,68.1438564773573
2018-07-30 16:00:00,85.64,70.57808996450545
2018-07-30 16:15:00,83.74,82.05407886159419
2018-07-30 16:30:00,75.67,71.9276236657451
2018-07-30 16:45:00,92.12,60.208579960960876
2018-07-30 17:00:00,74.99,58.785635269748994
2018-07-30 17:15:00,62.14,75.75466844617418
2018-07-30 17:30:00,41.18,57.679332993591785
2018-07-30 17:45:00,31.75,48.326035893596114
2018-07-30 18:00:00,51.95,40.26509095837995
2018-07-30 18:15:00,54.83,45.40514355246188
2018-07-30 18:30:00,73.08,51.61029428366664
2018-07-30 18:45:00,75.35,58.18065762555128
2018-07-30 19:00:00,60.55,63.585075853517566
2018-07-30 19:15:00,72.29,67.33593530583431
2018-07-30 19:30:00,86.08,57.02615662894327
2018-07-30 19:45:00,57.85,60.308813985614194
2018-07-30 20:00:00,81.43,79.5268761492647
2018-07-30 20:15:00,85.75,55.5440153309109
2018-07-30 20:30:00,51.23,62.95718723644338
2018-07-30 20:45:00,23.76,65.75144993437584
2018-07-30 21:00:00,3.85,40.96010316377591
2018-07-30 21:15:00,4.07,17.3250522186462
2018-07-30 21:30:00,3.2,9.807924130731696
2018-07-30 21:45:00,3.13,11.435852619027663
2018-07-30 22:00:00,2.99,8.390922021332365
2018-07-30 22:15:00,2.84,7.762083448426566
2018-07-30 22:30:00,2.84,6.01056375454797
2018-07-30 22:45:00,2.81,7.189742450642328
2018-07-30 23:00:00,2.81,7.202006694987805
2018-07-30 23:15:00,2.74,6.128852383447114
2018-07-30 23:30:00,2.7,7.532200902655308
2018-07-30 23:45:00,2.84,9.020634856224895
2018-07-31 00:00:00,2.95,4.466754934423484
2018-07-31 00:15:00,3.28,7.12626184323166
2018-07-31 00:30:00,3.42,8.009710603591472
2018-07-31 00:45:00,3.02,5.76377642712669
2018-07-31 01:00:00,2.84,3.955405981026832
2018-07-31 01:15:00,2.81,2.3633032151100863
2018-07-31 01:30:00,2.88,2.4769937428922084
2018-07-31 01:45:00,2.95,2.71862469304196
2018-07-31 02:00:00,2.88,3.0650834276671475
2018-07-31 02:15:00,2.84,3.4386751757854803
2018-07-31 02:30:00,3.56,3.586488240442282
2018-07-31 02:45:00,3.13,3.7229844260202505
2018-07-31 03:00:00,2.95,4.378114712652227
2018-07-31 03:15:00,2.99,4.439044816734274
2018-07-31 03:30:00,2.95,4.475447645012899
2018-07-31 03:45:00,2.92,4.734619602193835
2018-07-31 04:00:00,3.17,5.068289306153417
2018-07-31 04:15:00,3.28,5.227171059075509
2018-07-31 04:30:00,3.17,5.610780502803827
2018-07-31 04:45:00,3.13,5.92654848205251
2018-07-31 05:00:00,3.02,6.0012985426696766
2018-07-31 05:15:00,3.56,6.18876561686168
2018-07-31 05:30:00,3.28,6.418690959817315
2018-07-31 05:45:00,3.06,6.785293034088916
2018-07-31 06:00:00,3.06,6.785206001799338
2018-07-31 06:15:00,3.17,6.725685046607126
2018-07-31 06:30:00,3.06,6.852707899985777
2018-07-31 06:45:00,3.06,7.142217292676243
2018-07-31 07:00:00,3.17,7.226276407367283
2018-07-31 07:15:00,3.42,7.3270644474260855
2018-07-31 07:30:00,5.08,7.613874656309541
2018-07-31 07:45:00,27.25,7.744431352969418
2018-07-31 08:00:00,58.36,18.86718676730747
2018-07-31 08:15:00,80.1,45.161240985429316
2018-07-31 08:30:00,90.61,67.50777426420359
2018-07-31 08:45:00,64.84,80.11787645546993
2018-07-31 09:00:00,78.41,80.90805994582868
2018-07-31 09:15:00,55.94,67.95011925632011
2018-07-31 09:30:00,67.54,76.93710478700542
2018-07-31 09:45:00,78.84,66.11760692815227
2018-07-31 10:00:00,53.24,73.59093994020293
2018-07-31 10:15:00,63.86,80.7328570004448
2018-07-31 10:30:00,66.1,68.26471809815024
2018-07-31 10:45:00,60.23,69.84080859444967
2018-07-31 11:00:00,81.79,72.26445663594967
2018-07-31 11:15:00,84.85,72.09370025779747
2018-07-31 11:30:00,83.52,74.66495417060213
2018-07-31 11:45:00,58.1,80.39325258890455
2018-07-31 12:00:00,6.01,55.78720631657252
2018-07-31 12:15:00,6.23,41.45315327888822
2018-07-31 12:30:00,6.23,14.277303351709623
2018-07-31 12:45:00,6.19,15.29359087507854
2018-07-31 13:00:00,58.32,28.095998774542572
2018-07-31 13:15:00,115.56,43.08156767706921
2018-07-31 13:30:00,57.67,70.15965355109724
2018-07-31 13:45:00,38.2,102.49938773858253
2018-07-31 14:00:00,42.41,59.22023116385648
2018-07-31 14:15:00,52.2,34.89940443249526
2018-07-31 14:30:00,48.17,50.06302716625743
2018-07-31 14:45:00,49.79,69.95233344271335
2018-07-31 15:00:00,50.62,60.3803246002459
2018-07-31 15:15:00,44.57,58.34721099441719
2018-07-31 15:30:00,41.36,61.68716381317168
2018-07-31 15:45:00,37.8,62.998441657047785
2018-07-31 16:00:00,31.72,52.6511432588881
2018-07-31 16:15:00,28.98,47.187853323075615
2018-07-31 16:30:00,28.48,42.96558489178958
2018-07-31 16:45:00,11.38,42.653266877695884
2018-07-31 17:00:00,10.8,39.172323662592966
2018-07-31 17:15:00,4.21,29.015434885876438
2018-07-31 17:30:00,3.42,25.384894118205647
2018-07-31 17:45:00,4.57,16.79827979567088
2018-07-31 18:00:00,3.78,21.993776497199583
2018-07-31 18:15:00,3.42,23.28650627433005
2018-07-31 18:30:00,3.38,27.501330307777458
2018-07-31 18:45:00,3.1,25.725603243676176
2018-07-31 19:00:00,2.88,21.46571649968478
2018-07-31 19:15:00,2.88,25.845258762969998
2018-07-31 19:30:00,2.92,27.622891104718903
2018-07-31 19:45:00,2.99,20.200366708079862
2018-07-31 20:00:00,2.92,25.326735807465003
2018-07-31 20:15:00,2.95,27.392851333329254
2018-07-31 20:30:00,2.95,16.837088326976016
2018-07-31 20:45:00,2.95,10.214870064901334
2018-07-31 21:00:00,2.99,1.4193845549691133
2018-07-31 21:15:00,3.06,0.5580901291949516
2018-07-31 21:30:00,3.02,0.0
2018-07-31 21:45:00,3.06,0.0
2018-07-31 22:00:00,2.88,0.11344133934731815
2018-07-31 22:15:00,2.81,0.13698973197250552
2018-07-31 22:30:00,2.88,0.14501504439764545
2018-07-31 22:45:00,3.24,0.2307587663862023
2018-07-31 23:00:00,3.31,0.3003888770715406
2018-07-31 23:15:00,2.77,0.6533984150321572
2018-07-31 23:30:00,2.77,0.862292247243893
2018-07-31 23:45:00,2.63,0.7017045356232998
2018-08-01 00:00:00,3.2,0.0
2018-08-01 00:15:00,2.66,0.0
2018-08-01 00:30:00,2.63,0.0
2018-08-01 00:45:00,2.66,0.0
2018-08-01 01:00:00,2.63,0.0
2018-08-01 01:15:00,2.7,0.0
2018-08-01 01:30:00,2.7,0.0
2018-08-01 01:45:00,2.66,0.029028102811864187
2018-08-01 02:00:00,2.74,0.2830539170359003
2018-08-01 02:15:00,2.66,0.5035498276926447
2018-08-01 02:30:00,2.7,0.9052205348750704
2018-08-01 02:45:00,2.66,1.0518380652530048
2018-08-01 03:00:00,2.7,1.36324040673815
2018-08-01 03:15:00,2.74,1.6368071266026831
2018-08-01 03:30:00,2.81,1.8448261773633021
2018-08-01 03:45:00,2.7,2.1203708047560603
2018-08-01 04:00:00,3.24,2.3975402417558094
2018-08-01 04:15:00,2.77,2.6177776772144696
2018-08-01 04:30:00,3.2,3.07734290008991
2018-08-01 04:45:00,2.99,3.027145728986337
2018-08-01 05:00:00,2.66,3.388517799912769
2018-08-01 05:15:00,2.7,3.602135432597205
2018-08-01 05:30:00,2.66,3.554135060832266
2018-08-01 05:45:00,2.7,3.721788049571664
2018-08-01 06:00:00,2.7,3.973434584103064
2018-08-01 06:15:00,2.66,4.04679042872279
2018-08-01 06:30:00,2.66,4.045342470874388
2018-08-01 06:45:00,2.7,4.1530472825207525
2018-08-01 07:00:00,2.66,4.2536023540091
2018-08-01 07:15:00,2.74,4.530831898316748
2018-08-01 07:30:00,2.7,4.9293654812979995
2018-08-01 07:45:00,2.66,8.871146058040708
2018-08-01 08:00:00,2.63,17.215748577654445
2018-08-01 08:15:00,2.56,27.59394234626042
2018-08-01 08:30:00,3.02,30.90453818091013
2018-08-01 08:45:00,3.06,26.873994933256835
2018-08-01 09:00:00,2.77,28.959772076248804
2018-08-01 09:15:00,2.7,25.329614608644476
2018-08-01 09:30:00,2.74,24.56226927835575
2018-08-01 09:45:00,2.74,26.55626477552602
2018-08-01 10:00:00,3.2,22.298111829630844
2018-08-01 10:15:00,3.17,24.03165004373151
2018-08-01 10:30:00,2.81,24.26243695583896
2018-08-01 10:45:00,2.77,23.78599412215253
2018-08-01 11:00:00,2.59,28.596707737463067
2018-08-01 11:15:00,2.56,26.51022686220744
2018-08-01 11:30:00,2.59,28.415273257566444
2018-08-01 11:45:00,2.77,20.11569614465866
2018-08-01 12:00:00,2.77,3.3227132352110083
2018-08-01 12:15:00,2.81,3.465793122942241
2018-08-01 12:30:00,2.84,3.2583168875522723
2018-08-01 12:45:00,2.84,3.035844768011355
2018-08-01 13:00:00,2.74,16.669693789953072
2018-08-01 13:15:00,2.74,30.928162401460593
2018-08-01 13:30:00,2.74,20.66781543883865
2018-08-01 13:45:00,2.74,17.694427715500794
2018-08-01 14:00:00,3.31,18.73299605959167
2018-08-01 14:15:00,2.66,20.800349012210468
2018-08-01 14:30:00,2.66,19.462696674216765
2018-08-01 14:45:00,2.74,20.43896934528373
2018-08-01 15:00:00,2.7,16.528913118984175
2018-08-01 15:15:00,2.7,16.798094810349383
2018-08-01 15:30:00,2.77,16.909200826243648
2018-08-01 15:45:00,2.74,15.40291787612133
2018-08-01 16:00:00,2.84,15.945532434013456
2018-08-01 16:15:00,3.28,19.061035672755423
2018-08-01 16:30:00,2.84,22.286937780503656
2018-08-01 16:45:00,2.7,17.677007409486677
2018-08-01 17:00:00,2.7,17.479466198366136
2018-08-01 17:15:00,2.66,15.63615732928875
2018-08-01 17:30:00,2.77,2.9175573352966637
2018-08-01 17:45:00,2.77,3.079446982157343
2018-08-01 18:00:00,2.66,6.595364017080982
2018-08-01 18:15:00,2.63,15.484948746173382
2018-08-01 18:30:00,3.02,17.416443628455678
2018-08-01 18:45:00,3.35,13.237496035321008
2018-08-01 19:00:00,2.84,15.472805251892614
2018-08-01 19:15:00,2.84,15.09107188774133
2018-08-01 19:30:00,2.74,12.179940933561227
2018-08-01 19:45:00,2.81,18.977884878397113
2018-08-01 20:00:00,2.88,13.026522169619348
2018-08-01 20:15:00,2.84,17.448970263708325
2018-08-01 20:30:00,2.92,10.233680183309964
2018-08-01 20:45:00,2.84,0.0
2018-08-01 21:00:00,2.88,0.0
2018-08-01 21:15:00,2.92,0.0
2018-08-01 21:30:00,2.88,0.0
2018-08-01 21:45:00,2.95,0.0
2018-08-01 22:00:00,3.06,0.0
2018-08-01 22:15:00,3.24,0.0
2018-08-01 22:30:00,2.74,0.0
2018-08-01 22:45:00,2.66,0.0
2018-08-01 23:00:00,2.74,0.0
2018-08-01 23:15:00,2.66,0.0
2018-08-01 23:30:00,2.59,0.0
2018-08-01 23:45:00,2.84,0.0
2018-08-02 00:00:00,2.66,0.0
2018-08-02 00:15:00,2.63,0.0
2018-08-02 00:30:00,2.66,0.0
2018-08-02 00:45:00,2.7,0.0
2018-08-02 01:00:00,3.13,0.0
2018-08-02 01:15:00,2.88,0.0
2018-08-02 01:30:00,2.7,0.0
2018-08-02 01:45:00,2.7,0.0
2018-08-02 02:00:00,2.7,0.0
2018-08-02 02:15:00,2.74,0.0
2018-08-02 02:30:00,2.74,0.21389840209245747
2018-08-02 02:45:00,2.7,0.38949214801479215
2018-08-02 03:00:00,2.77,0.6749508101201478
2018-08-02 03:15:00,2.7,0.9643471615581944
2018-08-02 03:30:00,2.77,1.1518668082635557
2018-08-02 03:45:00,2.77,1.339105781375153
2018-08-02 04:00:00,2.77,1.7139317693456775
2018-08-02 04:15:00,3.17,1.8505059157607455
2018-08-02 04:30:00,3.2,2.1372676797746095
2018-08-02 04:45:00,2.74,2.530655230150458
2018-08-02 05:00:00,2.77,2.699722546218627
2018-08-02 05:15:00,3.24,2.632099448620128
2018-08-02 05:30:00,2.7,2.7554639383252955
2018-08-02 05:45:00,2.66,3.2733149081089543
2018-08-02 06:00:00,2.7,3.1440123810888814
2018-08-02 06:15:00,2.66,3.1145417083454774
2018-08-02 06:30:00,2.7,3.3054086926441677
2018-08-02 06:45:00,2.7,3.464276490383636
2018-08-02 07:00:00,2.59,3.524379902484167
2018-08-02 07:15:00,2.63,3.6093997164273297
2018-08-02 07:30:00,2.7,3.6723745692804783
2018-08-02 07:45:00,2.63,4.014297285662007
2018-08-02 08:00:00,2.59,10.284917676601431
2018-08-02 08:15:00,2.63,24.846134259029238
2018-08-02 08:30:00,2.59,19.317765183687342
2018-08-02 08:45:00,2.77,23.95379296481767
2018-08-02 09:00:00,2.77,23.343272849500398
2018-08-02 09:15:00,2.74,11.503294431776428
2018-08-02 09:30:00,2.7,14.548078900537877
2018-08-02 09:45:00,2.77,10.472312602104623
2018-08-02 10:00:00,2.81,10.108123793594096
2018-08-02 10:15:00,3.74,12.757311783564386
2018-08-02 10:30:00,3.64,12.693321315807289
2018-08-02 10:45:00,2.74,12.558574132331895
2018-08-02 11:00:00,2.63,13.019663221699023
2018-08-02 11:15:00,2.59,11.108314165870084
2018-08-02 11:30:00,2.59,12.173614542311292
2018-08-02 11:45:00,2.59,11.578216803014673
2018-08-02 12:00:00,2.77,4.741494984945099
2018-08-02 12:15:00,2.81,2.023841237401186
2018-08-02 12:30:00,2.88,1.8557922418252133
2018-08-02 12:45:00,2.88,1.721070182820494
2018-08-02 13:00:00,2.81,6.295043697814645
2018-08-02 13:15:00,2.81,10.940452836532465
2018-08-02 13:30:00,2.92,11.361479966188654
2018-08-02 13:45:00,2.95,10.891996462994154
2018-08-02 14:00:00,2.95,8.269300940520242
2018-08-02 14:15:00,2.95,8.455270320505846
2018-08-02 14:30:00,2.88,8.432845899938311
2018-08-02 14:45:00,2.95,9.38662448526781
2018-08-02 15:00:00,2.95,8.427113522638756
2018-08-02 15:15:00,2.88,9.159760155057874
2018-08-02 15:30:00,3.1,9.606713085522472
2018-08-02 15:45:00,3.24,9.734179303778088
2018-08-02 16:00:00,2.92,9.21514886454295
2018-08-02 16:15:00,3.02,8.513919564742611
2018-08-02 16:30:00,2.99,8.521526882265093
2018-08-02 16:45:00,3.49,6.44673873712787
2018-08-02 17:00:00,2.92,8.178899473906394
2018-08-02 17:15:00,2.92,6.460608571619325
2018-08-02 17:30:00,2.95,2.1254673525396726
2018-08-02 17:45:00,2.95,1.9141831146226025
2018-08-02 18:00:00,2.81,3.3165659183106015
2018-08-02 18:15:00,2.88,7.128539196556201
2018-08-02 18:30:00,2.92,4.415266724806148
2018-08-02 18:45:00,2.95,8.136965282548552
2018-08-02 19:00:00,2.95,6.588711292628403
2018-08-02 19:15:00,2.95,8.500673682472122
2018-08-02 19:30:00,2.95,6.796118844920393
2018-08-02 19:45:00,3.42,4.69589664373429
2018-08-02 20:00:00,3.28,8.318559177374865
2018-08-02 20:15:00,2.95,6.396154890063027
2018-08-02 20:30:00,2.99,3.554376801207333
2018-08-02 20:45:00,3.06,0.0
2018-08-02 21:00:00,3.06,0.0
2018-08-02 21:15:00,3.02,0.0
2018-08-02 21:30:00,3.42,0.0
2018-08-02 21:45:00,3.42,0.0
2018-08-02 22:00:00,2.95,0.0
2018-08-02 22:15:00,2.81,0.0
2018-08-02 22:30:00,2.81,0.0
2018-08-02 22:45:00,2.81,0.0
2018-08-02 23:00:00,2.84,0.0
2018-08-02 23:15:00,2.81,0.0
2018-08-02 23:30:00,2.81,0.0
2018-08-02 23:45:00,2.81,0.0
2018-08-03 00:00:00,2.81,0.0
2018-08-03 00:15:00,3.02,0.0
2018-08-03 00:30:00,3.35,0.0
2018-08-03 00:45:00,2.84,0.24317564198092967
2018-08-03 01:00:00,2.84,0.7673948902541916
2018-08-03 01:15:00,2.88,0.6777920823936405
2018-08-03 01:30:00,2.99,0.8245751362233733
2018-08-03 01:45:00,2.88,1.2144090301966912
2018-08-03 02:00:00,2.88,1.5861479145857693
2018-08-03 02:15:00,3.17,1.753681252356646
2018-08-03 02:30:00,3.2,1.9568944525150371
2018-08-03 02:45:00,2.84,2.3554310256236057
2018-08-03 03:00:00,2.84,2.65526107150221
2018-08-03 03:15:00,2.81,2.6454045618977418
2018-08-03 03:30:00,2.88,2.8833642215407913
2018-08-03 03:45:00,2.84,3.167878688561675
2018-08-03 04:00:00,2.84,3.4557584302601967
2018-08-03 04:15:00,2.84,3.802530345423726
2018-08-03 04:30:00,2.84,3.995474063208203
2018-08-03 04:45:00,3.31,4.063224643721309
2018-08-03 05:00:00,2.92,4.230258231763393
2018-08-03 05:15:00,2.88,4.765692569270705
2018-08-03 05:30:00,2.81,4.64163573046832
2018-08-03 05:45:00,2.81,4.712068583741704
2018-08-03 06:00:00,2.84,4.835428472904717
2018-08-03 06:15:00,2.84,5.120256288040903
2018-08-03 06:30:00,2.88,5.206469871397797
2018-08-03 06:45:00,2.81,5.269275631061863
2018-08-03 07:00:00,2.77,5.356912174764826
2018-08-03 07:15:00,2.84,5.65371562825273
2018-08-03 07:30:00,3.31,5.654777401111033
2018-08-03 07:45:00,3.24,5.70862802837717
2018-08-03 08:00:00,2.84,10.983119385460085
2018-08-03 08:15:00,2.74,18.64077416365442
2018-08-03 08:30:00,2.77,15.136353657413924
2018-08-03 08:45:00,2.99,14.337136100159556
2018-08-03 09:00:00,3.2,18.415071438209004
2018-08-03 09:15:00,3.53,16.27594190694066
2018-08-03 09:30:00,3.06,16.918754689717936
2018-08-03 09:45:00,2.88,17.432021850387063
2018-08-03 10:00:00,2.84,15.354482175321984
2018-08-03 10:15:00,2.84,16.90207632501869
2018-08-03 10:30:00,2.88,16.021371789070884
2018-08-03 10:45:00,2.84,16.92796964337583
2018-08-03 11:00:00,2.77,13.28707217912223
2018-08-03 11:15:00,2.7,13.92474005868141
2018-08-03 11:30:00,2.74,14.336315896012989
2018-08-03 11:45:00,2.81,13.262610194383733
2018-08-03 12:00:00,2.95,4.016873352163852
2018-08-03 12:15:00,2.99,3.8753194947663694
2018-08-03 12:30:00,3.06,3.7306853722622115
2018-08-03 12:45:00,2.99,3.5202688637058266
2018-08-03 13:00:00,3.02,6.359233320995649
2018-08-03 13:15:00,3.2,11.68932072582464
2018-08-03 13:30:00,3.64,12.784694906984278
2018-08-03 13:45:00,3.24,13.024687652126595
2018-08-03 14:00:00,2.99,12.354832888944372
2018-08-03 14:15:00,2.99,12.545999271789537
2018-08-03 14:30:00,2.99,11.183436058561835
2018-08-03 14:45:00,2.95,8.726151730606023
2018-08-03 15:00:00,3.02,8.793634405891435
2018-08-03 15:15:00,3.02,10.417735301830092
2018-08-03 15:30:00,3.1,11.00993968060246
2018-08-03 15:45:00,2.95,10.900990772639364
2018-08-03 16:00:00,2.95,10.905460733993763
2018-08-03 16:15:00,3.35,9.91079795369319
2018-08-03 16:30:00,3.35,8.740559196637953
2018-08-03 16:45:00,2.99,10.127384331772838
2018-08-03 17:00:00,2.92,9.61041218877505
2018-08-03 17:15:00,3.02,6.441478884572749
2018-08-03 17:30:00,2.95,3.2628497469080706
2018-08-03 17:45:00,2.99,3.331432135823121
2018-08-03 18:00:00,2.92,3.908346389664949
2018-08-03 18:15:00,2.77,7.086478314974592
2018-08-03 18:30:00,2.92,8.342538682811682
2018-08-03 18:45:00,2.99,11.162085190520838
2018-08-03 19:00:00,2.95,7.740683757766725
2018-08-03 19:15:00,2.99,8.444903649420798
2018-08-03 19:30:00,2.92,8.506428305836529
2018-08-03 19:45:00,2.99,4.306032312717392
2018-08-03 20:00:00,2.99,3.94951430788149
2018-08-03 20:15:00,3.2,5.407107923588374
2018-08-03 20:30:00,3.6,7.0900529860843555
2018-08-03 20:45:00,3.02,0.6704210725788862
2018-08-03 21:00:00,3.06,0.0
2018-08-03 21:15:00,3.42,0.0
2018-08-03 21:30:00,3.42,0.0
2018-08-03 21:45:00,3.02,0.0
2018-08-03 22:00:00,2.88,0.0
2018-08-03 22:15:00,2.81,0.0
2018-08-03 22:30:00,2.81,0.0
2018-08-03 22:45:00,2.74,0.0
2018-08-03 23:00:00,2.81,0.0
2018-08-03 23:15:00,2.7,0.0
2018-08-03 23:30:00,2.74,0.0
2018-08-03 23:45:00,2.7,0.0
2018-08-04 00:00:00,2.77,0.0
2018-08-04 00:15:00,2.74,0.0
2018-08-04 00:30:00,2.77,0.0
2018-08-04 00:45:00,2.84,0.0
2018-08-04 01:00:00,2.84,0.0
2018-08-04 01:15:00,2.99,0.0
2018-08-04 01:30:00,3.42,0.0
2018-08-04 01:45:00,3.17,0.0
2018-08-04 02:00:00,3.28,0.0
2018-08-04 02:15:00,2.84,0.0
2018-08-04 02:30:00,2.84,0.0
2018-08-04 02:45:00,2.84,0.0
2018-08-04 03:00:00,2.88,0.0
2018-08-04 03:15:00,2.81,0.2837907359299372
2018-08-04 03:30:00,2.84,0.5476713837330855
2018-08-04 03:45:00,2.81,0.621676522976994
2018-08-04 04:00:00,2.84,0.8475179223910736
2018-08-04 04:15:00,2.84,1.084829707598601
2018-08-04 04:30:00,2.84,1.3027338331093077
2018-08-04 04:45:00,2.88,1.5827215372965782
2018-08-04 05:00:00,2.84,1.7030508176731303
2018-08-04 05:15:00,2.88,1.8869294792738636
2018-08-04 05:30:00,2.84,2.033878503002512
2018-08-04 05:45:00,2.81,2.2654517825288387
2018-08-04 06:00:00,2.84,2.3572757225756753
2018-08-04 06:15:00,2.81,2.5007954225787046
2018-08-04 06:30:00,3.24,2.587588217597009
2018-08-04 06:45:00,2.99,2.6710063942712523
2018-08-04 07:00:00,2.77,2.9924035581692685
2018-08-04 07:15:00,2.77,3.2765249743912825
2018-08-04 07:30:00,3.38,3.6272882744033055
2018-08-04 07:45:00,3.17,3.5342003824596766
2018-08-04 08:00:00,2.77,6.477809742212365
2018-08-04 08:15:00,2.77,11.18044038932604
2018-08-04 08:30:00,2.59,12.627945535488355
2018-08-04 08:45:00,2.81,9.492865665800721
2018-08-04 09:00:00,2.88,9.500968146391955
2018-08-04 09:15:00,2.81,9.806947874698704
2018-08-04 09:30:00,2.77,12.193564779684404
2018-08-04 09:45:00,2.81,11.618216231524027
2018-08-04 10:00:00,2.77,11.268398926443162
2018-08-04 10:15:00,2.74,9.762457075332076
2018-08-04 10:30:00,2.88,9.812652927951447
2018-08-04 10:45:00,3.2,12.928974445425698
2018-08-04 11:00:00,2.56,15.101089220975696
2018-08-04 11:15:00,2.63,10.663221994173153
2018-08-04 11:30:00,2.56,12.5557901108115
2018-08-04 11:45:00,2.59,6.241158019673605
2018-08-04 12:00:00,2.7,1.364127268761898
2018-08-04 12:15:00,2.81,1.2030090749551086
2018-08-04 12:30:00,2.92,0.9469334481621559
2018-08-04 12:45:00,2.81,0.7394435662268819
2018-08-04 13:00:00,2.81,7.001514542484596
2018-08-04 13:15:00,2.74,9.022206414178935
2018-08-04 13:30:00,2.77,8.582964779938017
2018-08-04 13:45:00,2.74,8.087900944988935
2018-08-04 14:00:00,3.17,13.165459999374821
2018-08-04 14:15:00,3.35,7.459563631715515
2018-08-04 14:30:00,2.88,11.319840271222663
2018-08-04 14:45:00,2.84,8.337361411896971
2018-08-04 15:00:00,3.38,6.726276131441981
2018-08-04 15:15:00,2.81,5.760156690736448
2018-08-04 15:30:00,2.74,6.530725999781257
2018-08-04 15:45:00,2.74,7.283697539653225
2018-08-04 16:00:00,2.77,6.803681059926365
2018-08-04 16:15:00,2.74,6.366697265799569
2018-08-04 16:30:00,2.81,3.218109751723347
2018-08-04 16:45:00,2.74,0.5938169081200115
2018-08-04 17:00:00,2.74,0.0
2018-08-04 17:15:00,2.74,0.0
2018-08-04 17:30:00,2.7,0.0
2018-08-04 17:45:00,2.74,0.0
2018-08-04 18:00:00,2.66,0.0
2018-08-04 18:15:00,2.74,0.0
2018-08-04 18:30:00,2.88,0.0
2018-08-04 18:45:00,2.88,0.0
2018-08-04 19:00:00,2.88,0.0
2018-08-04 19:15:00,2.88,0.0
2018-08-04 19:30:00,2.84,0.0
2018-08-04 19:45:00,3.2,0.0
2018-08-04 20:00:00,3.17,0.0
2018-08-04 20:15:00,2.92,0.0
2018-08-04 20:30:00,2.99,0.0
2018-08-04 20:45:00,2.95,0.0
2018-08-04 21:00:00,2.95,0.0
2018-08-04 21:15:00,2.92,0.0
2018-08-04 21:30:00,3.06,0.0
2018-08-04 21:45:00,3.53,0.0
2018-08-04 22:00:00,3.06,0.0
2018-08-04 22:15:00,2.74,0.0
2018-08-04 22:30:00,2.81,0.0
2018-08-04 22:45:00,2.74,0.0
2018-08-04 23:00:00,2.74,0.0
2018-08-04 23:15:00,2.7,0.0
2018-08-04 23:30:00,2.74,0.0
2018-08-04 23:45:00,2.63,0.0
2018-08-05 00:00:00,3.1,0.0
2018-08-05 00:15:00,3.06,0.0
2018-08-05 00:30:00,2.81,0.0
2018-08-05 00:45:00,2.77,0.0
2018-08-05 01:00:00,2.77,0.0
2018-08-05 01:15:00,2.77,0.0
2018-08-05 01:30:00,2.81,0.0
2018-08-05 01:45:00,2.77,0.21777363207254652
2018-08-05 02:00:00,2.81,0.5203832175501084
2018-08-05 02:15:00,2.81,0.6359022802585308
2018-08-05 02:30:00,2.81,0.8818148600795936
2018-08-05 02:45:00,2.84,1.143181716723479
2018-08-05 03:00:00,2.84,1.4057798015617138
2018-08-05 03:15:00,2.81,1.662527245118529
2018-08-05 03:30:00,2.88,1.9148217313428901
2018-08-05 03:45:00,3.2,2.115933473904139
2018-08-05 04:00:00,3.49,2.454837841322952
2018-08-05 04:15:00,2.92,2.9240131875029647
2018-08-05 04:30:00,2.81,3.239724122408809
2018-08-05 04:45:00,2.99,3.078249571241251
2018-08-05 05:00:00,3.2,3.155418026208377
2018-08-05 05:15:00,2.84,3.5181041922355014
2018-08-05 05:30:00,2.81,3.8761800998354907
2018-08-05 05:45:00,2.81,3.7544743203141344
2018-08-05 06:00:00,2.74,3.8300209671569583
2018-08-05 06:15:00,2.84,4.017911827069099
2018-08-05 06:30:00,2.81,4.239995936070091
2018-08-05 06:45:00,2.77,4.391610944430404
2018-08-05 07:00:00,2.74,4.370023693452929
2018-08-05 07:15:00,2.77,4.353890835906984
2018-08-05 07:30:00,2.7,4.512284263315969
2018-08-05 07:45:00,2.77,4.625385899106053
2018-08-05 08:00:00,2.74,7.939828632123348
2018-08-05 08:15:00,2.74,11.051047675574132
2018-08-05 08:30:00,2.77,10.511436715364393
2018-08-05 08:45:00,2.99,11.089815775413015
2018-08-05 09:00:00,3.06,11.1856864316868
2018-08-05 09:15:00,3.02,10.579982902141662
2018-08-05 09:30:00,3.1,11.073926729258265
2018-08-05 09:45:00,3.67,10.368598673452322
2018-08-05 10:00:00,3.42,10.16591904989777
2018-08-05 10:15:00,3.6,11.058327861895496
2018-08-05 10:30:00,3.06,10.224782856949801
2018-08-05 10:45:00,2.95,10.814637990548736
2018-08-05 11:00:00,2.84,9.703513166266283
2018-08-05 11:15:00,2.84,9.968259574616589
2018-08-05 11:30:00,2.81,9.550086813783103
2018-08-05 11:45:00,2.81,4.687808339995286
2018-08-05 12:00:00,2.95,2.883831991180706
2018-08-05 12:15:00,2.95,2.686203492957997
2018-08-05 12:30:00,2.99,2.543876115999499
2018-08-05 12:45:00,2.92,2.3020294510015447
2018-08-05 13:00:00,2.99,3.806235896987502
2018-08-05 13:15:00,2.92,7.9830818771138325
2018-08-05 13:30:00,2.99,7.507256881082945
2018-08-05 13:45:00,3.06,7.4132802252796886
2018-08-05 14:00:00,2.92,7.702051279602024
2018-08-05 14:15:00,2.95,7.341132831945931
2018-08-05 14:30:00,3.17,6.555015484036144
2018-08-05 14:45:00,3.17,6.361021865071564
2018-08-05 15:00:00,3.17,5.411463706140125
2018-08-05 15:15:00,3.13,6.330892063522114
2018-08-05 15:30:00,3.13,5.804101756199756
2018-08-05 15:45:00,3.17,5.583161474799979
2018-08-05 16:00:00,3.2,5.591327419700665
2018-08-05 16:15:00,3.49,4.882938211436461
2018-08-05 16:30:00,3.67,4.73507215147761
2018-08-05 16:45:00,3.35,0.0
2018-08-05 17:00:00,3.6,0.0
2018-08-05 17:15:00,3.13,0.0
2018-08-05 17:30:00,3.1,0.0
2018-08-05 17:45:00,3.1,0.0
2018-08-05 18:00:00,2.81,0.0
2018-08-05 18:15:00,2.74,0.0
2018-08-05 18:30:00,2.92,0.0
2018-08-05 18:45:00,3.06,0.0
2018-08-05 19:00:00,3.06,0.0
2018-08-05 19:15:00,3.1,0.0
2018-08-05 19:30:00,3.1,0.0
2018-08-05 19:45:00,3.06,0.0
2018-08-05 20:00:00,3.13,0.0
2018-08-05 20:15:00,3.1,0.0
2018-08-05 20:30:00,3.1,0.0
2018-08-05 20:45:00,3.1,0.0
2018-08-05 21:00:00,3.13,0.0
2018-08-05 21:15:00,3.13,0.0
2018-08-05 21:30:00,3.17,0.0
2018-08-05 21:45:00,3.2,0.0
2018-08-05 22:00:00,3.53,0.0
2018-08-05 22:15:00,2.84,0.0
2018-08-05 22:30:00,3.31,0.0
2018-08-05 22:45:00,3.06,0.0
2018-08-05 23:00:00,2.74,0.0
2018-08-05 23:15:00,2.77,0.0
2018-08-05 23:30:00,2.74,0.0
2018-08-05 23:45:00,2.88,0.0
2018-08-06 00:00:00,2.66,3.2592381770439545
2018-08-06 00:15:00,2.66,3.5390488001654568
2018-08-06 00:30:00,2.63,3.5685575775426948
2018-08-06 00:45:00,2.66,3.7793030452289287
2018-08-06 01:00:00,2.66,4.015922425549967
2018-08-06 01:15:00,2.66,4.319748933637346
2018-08-06 01:30:00,2.74,4.544695376834149
2018-08-06 01:45:00,2.7,4.800230335656003
2018-08-06 02:00:00,2.66,5.112964067521808
2018-08-06 02:15:00,3.1,5.417652699447455
2018-08-06 02:30:00,2.92,5.665350456404163
2018-08-06 02:45:00,2.59,6.126713202949553
2018-08-06 03:00:00,2.63,6.267711637195738
2018-08-06 03:15:00,2.63,6.22346324044673
2018-08-06 03:30:00,2.74,6.510438090569032
2018-08-06 03:45:00,2.74,6.894994551206111
2018-08-06 04:00:00,2.63,7.221618112524762
2018-08-06 04:15:00,2.7,7.30020243387818
2018-08-06 04:30:00,3.24,7.4500119442543244
2018-08-06 04:45:00,2.81,7.701722890852132
2018-08-06 05:00:00,2.63,8.270323354815137
2018-08-06 05:15:00,2.59,8.146588560791653
2018-08-06 05:30:00,2.63,8.217976759654722
2018-08-06 05:45:00,2.56,8.345731137884915
2018-08-06 06:00:00,2.59,8.55092608750805
2018-08-06 06:15:00,2.59,8.623088128282813
2018-08-06 06:30:00,2.59,8.758716884542483
2018-08-06 06:45:00,2.77,8.846587591193671
2018-08-06 07:00:00,4.14,8.889763951522916
2018-08-06 07:15:00,4.0,9.149675634916171
2018-08-06 07:30:00,3.96,10.141304248354196
2018-08-06 07:45:00,3.56,10.118760545873094
2018-08-06 08:00:00,26.78,14.800483382424881
2018-08-06 08:15:00,58.14,21.769922522521956
2018-08-06 08:30:00,79.49,33.99476155237547
2018-08-06 08:45:00,83.81,53.705675348643155
2018-08-06 09:00:00,109.22,64.95563022182861
2018-08-06 09:15:00,79.81,64.20495165623359
2018-08-06 09:30:00,93.28,79.70600859472037
2018-08-06 09:45:00,102.24,65.85232283805492
2018-08-06 10:00:00,49.03,69.16294317265691
2018-08-06 10:15:00,57.89,78.45686843023424
2018-08-06 10:30:00,58.9,49.77634045120311
2018-08-06 10:45:00,64.4,49.009472890626526
2018-08-06 11:00:00,106.56,54.31068649452354
2018-08-06 11:15:00,88.52,61.47797577468329
2018-08-06 11:30:00,90.18,75.99456274805459
2018-08-06 11:45:00,103.9,65.56078997301171
2018-08-06 12:00:00,6.84,55.202892233527464
2018-08-06 12:15:00,6.12,65.66905641495063
2018-08-06 12:30:00,6.05,17.54128713782471
2018-08-06 12:45:00,5.87,10.866199860696621
2018-08-06 13:00:00,53.64,23.492087832421433
2018-08-06 13:15:00,97.67,38.50086256781245
2018-08-06 13:30:00,98.93,53.34653400678687
2018-08-06 13:45:00,85.9,79.29622546096311
2018-08-06 14:00:00,49.07,77.30416405786653
2018-08-06 14:15:00,55.84,58.11433146385409
2018-08-06 14:30:00,43.42,43.04042902497061
2018-08-06 14:45:00,39.24,54.920612154736446
2018-08-06 15:00:00,39.38,52.05759881982546
2018-08-06 15:15:00,46.51,52.04448503460904
2018-08-06 15:30:00,50.94,49.878900266124035
2018-08-06 15:45:00,49.61,60.23392244716025
2018-08-06 16:00:00,53.86,58.43086245015158
2018-08-06 16:15:00,49.82,47.04022316409903
2018-08-06 16:30:00,55.33,46.92852467252585
2018-08-06 16:45:00,52.67,48.305389950327715
2018-08-06 17:00:00,91.48,47.48416738387976
2018-08-06 17:15:00,98.21,47.507243982739936
2018-08-06 17:30:00,30.89,69.4264684539113
2018-08-06 17:45:00,31.18,73.01039125655076
2018-08-06 18:00:00,85.72,34.08067616015536
2018-08-06 18:15:00,72.97,26.838485680751916
2018-08-06 18:30:00,55.76,73.6041094863356
2018-08-06 18:45:00,96.12,70.12297651203015
2018-08-06 19:00:00,99.18,42.69483035948142
2018-08-06 19:15:00,86.98,68.47477686319644
2018-08-06 19:30:00,113.65,83.73839295274391
2018-08-06 19:45:00,74.09,64.75787738673736
2018-08-06 20:00:00,91.73,81.03731123422352
2018-08-06 20:15:00,118.12,67.35105090295224
2018-08-06 20:30:00,48.92,65.89349320946161
2018-08-06 20:45:00,43.6,78.34603574749734
2018-08-06 21:00:00,8.17,38.03410000916581
2018-08-06 21:15:00,4.9,27.734084512691684
2018-08-06 21:30:00,4.03,15.871499352261255
2018-08-06 21:45:00,3.96,12.21891676538312
2018-08-06 22:00:00,3.82,6.568297278506183
2018-08-06 22:15:00,3.46,12.119903613301766
2018-08-06 22:30:00,3.35,8.020286709259207
2018-08-06 22:45:00,2.84,4.986240187126253
2018-08-06 23:00:00,2.81,8.640359682984506
2018-08-06 23:15:00,2.7,8.540291141189758
2018-08-06 23:30:00,3.2,7.966771780702462
2018-08-06 23:45:00,2.84,10.895683562707184
2018-08-07 00:00:00,2.77,5.846251378725647
2018-08-07 00:15:00,2.88,7.784202501366341
2018-08-07 00:30:00,2.84,10.663647304744714
2018-08-07 00:45:00,2.81,5.279651783912453
2018-08-07 01:00:00,2.74,5.26550568662806
2018-08-07 01:15:00,3.06,2.477175038983752
2018-08-07 01:30:00,2.99,2.4403275516631098
2018-08-07 01:45:00,2.99,2.8416855520450888
2018-08-07 02:00:00,2.99,3.045022784293348
2018-08-07 02:15:00,2.92,3.3251811915123035
2018-08-07 02:30:00,3.02,3.6632464970695118
2018-08-07 02:45:00,3.24,3.7623040442418443
2018-08-07 03:00:00,3.31,3.9879510875286357
2018-08-07 03:15:00,3.2,4.3794090002539825
2018-08-07 03:30:00,3.74,4.672640009605914
2018-08-07 03:45:00,3.53,4.854271508973913
2018-08-07 04:00:00,3.24,5.393793631395244
2018-08-07 04:15:00,3.24,5.583260024063513
2018-08-07 04:30:00,3.6,5.657669121586533
2018-08-07 04:45:00,3.74,5.761053545619983
2018-08-07 05:00:00,3.24,6.206589741679888
2018-08-07 05:15:00,3.17,6.565519010184904
2018-08-07 05:30:00,3.2,6.359500386456773
2018-08-07 05:45:00,3.2,6.381681215437169
2018-08-07 06:00:00,3.17,6.631861028136715
2018-08-07 06:15:00,3.17,6.8148008624175525
2018-08-07 06:30:00,3.17,6.8264100841835855
2018-08-07 06:45:00,3.38,6.966257258044223
2018-08-07 07:00:00,3.13,7.347102214647617
2018-08-07 07:15:00,3.31,7.563635093457886
2018-08-07 07:30:00,3.89,7.800849889873248
2018-08-07 07:45:00,5.54,12.404666781991086
2018-08-07 08:00:00,66.31,23.22350218573258
2018-08-07 08:15:00,93.71,34.1754801506015
2018-08-07 08:30:00,79.52,75.15814994409743
2018-08-07 08:45:00,86.33,88.97586689756056
2018-08-07 09:00:00,86.8,82.99024386679713
2018-08-07 09:15:00,58.46,72.37479387302676
2018-08-07 09:30:00,65.45,85.24387423917594
2018-08-07 09:45:00,108.32,75.12545477948277
2018-08-07 10:00:00,101.59,61.006644090333765
2018-08-07 10:15:00,83.41,94.17529480834727
2018-08-07 10:30:00,112.21,92.79640262953734
2018-08-07 10:45:00,87.01,73.2310204811458
2018-08-07 11:00:00,96.23,101.15468883413033
2018-08-07 11:15:00,82.84,91.64629778016337
2018-08-07 11:30:00,95.87,91.40173760711522
2018-08-07 11:45:00,94.18,80.74659085644117
2018-08-07 12:00:00,10.87,63.16917985560704
2018-08-07 12:15:00,5.98,65.56433469119168
2018-08-07 12:30:00,5.8,19.133069007637612
2018-08-07 12:45:00,5.98,10.081758902568776
2018-08-07 13:00:00,62.64,38.763205291466065
2018-08-07 13:15:00,99.79,60.487281382278226
2018-08-07 13:30:00,103.61,69.36611495824121
2018-08-07 13:45:00,58.54,87.27469070857182
2018-08-07 14:00:00,58.75,83.36283612059586
2018-08-07 14:15:00,50.94,53.57420331263526
2018-08-07 14:30:00,43.49,52.29829633496004
2018-08-07 14:45:00,42.84,58.489921988187085
2018-08-07 15:00:00,49.93,53.06464336750608
2018-08-07 15:15:00,54.11,49.73361275287916
2018-08-07 15:30:00,52.02,54.363613417594934
2018-08-07 15:45:00,56.84,56.587152058195414
2018-08-07 16:00:00,59.4,52.468545048841655
2018-08-07 16:15:00,58.75,45.84165322520873
2018-08-07 16:30:00,47.92,48.369782603998544
2018-08-07 16:45:00,87.19,43.6066472102213
2018-08-07 17:00:00,72.25,43.05837557915045
2018-08-07 17:15:00,104.76,70.43397987643903
2018-08-07 17:30:00,30.31,56.06978666969072
2018-08-07 17:45:00,30.42,70.94243502161844
2018-08-07 18:00:00,75.28,34.42648481173583
2018-08-07 18:15:00,77.22,30.325348127549287
2018-08-07 18:30:00,48.06,57.44554981247754
2018-08-07 18:45:00,49.68,71.89068325307225
2018-08-07 19:00:00,51.73,43.006914650295336
2018-08-07 19:15:00,51.88,39.61167164056725
2018-08-07 19:30:00,47.34,54.61895425410921
2018-08-07 19:45:00,47.59,46.75321622759995
2018-08-07 20:00:00,48.35,44.015411905223544
2018-08-07 20:15:00,50.29,49.89629256851558
2018-08-07 20:30:00,50.0,38.81563636148431
2018-08-07 20:45:00,30.13,37.64877154293508
2018-08-07 21:00:00,26.42,34.24630163367143
2018-08-07 21:15:00,15.52,20.96240079247189
2018-08-07 21:30:00,4.14,20.942917915865422
2018-08-07 21:45:00,4.0,10.408412375135825
2018-08-07 22:00:00,3.82,4.1438780452372015
2018-08-07 22:15:00,3.56,6.495179239252437
2018-08-07 22:30:00,3.06,7.9377245562733165
2018-08-07 22:45:00,2.88,4.60730384641694
2018-08-07 23:00:00,2.88,3.1294924641149926
2018-08-07 23:15:00,2.88,3.38321188117391
2018-08-07 23:30:00,2.81,3.7077558753688393
2018-08-07 23:45:00,2.66,3.4100878163496198
2018-08-08 00:00:00,2.92,1.385985865425809
2018-08-08 00:15:00,3.46,1.6710475602675245
2018-08-08 00:30:00,3.02,2.4097096363206845
2018-08-08 00:45:00,3.13,3.1652985966099223
2018-08-08 01:00:00,3.31,1.5743177053362025
2018-08-08 01:15:00,3.17,1.6527854181324741
2018-08-08 01:30:00,3.17,1.2028103146379259
2018-08-08 01:45:00,3.13,0.48142746895396726
2018-08-08 02:00:00,3.2,0.6647912199821171
2018-08-08 02:15:00,3.28,0.8858617826604345
2018-08-08 02:30:00,3.2,1.2210010398057918
2018-08-08 02:45:00,3.67,1.4929290507042445
2018-08-08 03:00:00,3.28,1.7030470956530017
2018-08-08 03:15:00,3.17,2.196934173099393
2018-08-08 03:30:00,3.2,2.3572614105676486
2018-08-08 03:45:00,3.17,2.4113958611936646
2018-08-08 04:00:00,3.13,2.719241125136495
2018-08-08 04:15:00,3.17,2.9276103113768954
2018-08-08 04:30:00,3.17,3.2728084112589215
2018-08-08 04:45:00,3.13,3.433496680724346
2018-08-08 05:00:00,3.17,3.502499816688559
2018-08-08 05:15:00,3.17,3.6620331281717426
2018-08-08 05:30:00,3.17,3.8346343779383893
2018-08-08 05:45:00,3.53,4.014545725471727
2018-08-08 06:00:00,3.74,4.1491289861131015
2018-08-08 06:15:00,3.17,4.481850317167538
2018-08-08 06:30:00,3.1,4.74994164499018
2018-08-08 06:45:00,3.13,4.535009610364682
2018-08-08 07:00:00,3.2,4.516316564194991
2018-08-08 07:15:00,4.07,4.713121181694898
2018-08-08 07:30:00,5.18,4.937976678862832
2018-08-08 07:45:00,4.82,5.701120089066233
2018-08-08 08:00:00,34.99,17.147879077892938
2018-08-08 08:15:00,53.14,21.745422725910352
2018-08-08 08:30:00,64.91,36.58387310288261
2018-08-08 08:45:00,59.44,49.66371449947343
2018-08-08 09:00:00,84.56,54.25129153048211
2018-08-08 09:15:00,56.38,43.89912258027395
2018-08-08 09:30:00,63.5,61.102237836075936
2018-08-08 09:45:00,103.93,55.62402442524501
2018-08-08 10:00:00,87.08,55.970479398975826
2018-08-08 10:15:00,90.61,78.3042713785034
2018-08-08 10:30:00,91.08,78.0072094639645
2018-08-08 10:45:00,106.99,67.06354192299062
2018-08-08 11:00:00,93.85,70.16792438898909
2018-08-08 11:15:00,76.1,81.60860878576645
2018-08-08 11:30:00,117.68,73.88512913125595
2018-08-08 11:45:00,95.65,61.21365063353224
2018-08-08 12:00:00,7.24,70.89319487838247
2018-08-08 12:15:00,5.0,64.76840063009207
2018-08-08 12:30:00,4.93,8.52350415404214
2018-08-08 12:45:00,4.93,3.3702880025077633
2018-08-08 13:00:00,44.42,27.042444423716972
2018-08-08 13:15:00,123.16,34.881833263036526
2018-08-08 13:30:00,85.68,45.34837985109637
2018-08-08 13:45:00,93.92,85.70850723252755
2018-08-08 14:00:00,104.0,66.73374205160678
2018-08-08 14:15:00,79.56,56.32180048421934
2018-08-08 14:30:00,115.67,68.03207927735602
2018-08-08 14:45:00,81.68,63.113103357813586
2018-08-08 15:00:00,115.74,79.73557728457484
2018-08-08 15:15:00,111.38,65.07349231215574
2018-08-08 15:30:00,69.23,80.61680784368352
2018-08-08 15:45:00,50.33,82.93361561554882
2018-08-08 16:00:00,45.86,58.36722989863817
2018-08-08 16:15:00,60.73,33.48436912128993
2018-08-08 16:30:00,42.73,35.10084276336121
2018-08-08 16:45:00,50.26,52.83627542091986
2018-08-08 17:00:00,49.43,35.26408830495668
2018-08-08 17:15:00,37.69,44.721842778018924
2018-08-08 17:30:00,30.96,39.106397554223456
2018-08-08 17:45:00,32.08,29.66174641273511
2018-08-08 18:00:00,38.34,31.408173663837694
2018-08-08 18:15:00,47.38,35.07728265171374
2018-08-08 18:30:00,49.79,32.77044183509176
2018-08-08 18:45:00,52.56,40.221612774214215
2018-08-08 19:00:00,44.35,38.23822741368838
2018-08-08 19:15:00,64.44,42.18382581320599
2018-08-08 19:30:00,53.42,36.69263157764098
2018-08-08 19:45:00,111.06,45.093496964756824
2018-08-08 20:00:00,53.86,39.22352446711598
2018-08-08 20:15:00,94.14,70.52695424821741
2018-08-08 20:30:00,70.63,41.18603913969761
2018-08-08 20:45:00,22.0,53.57069984605615
2018-08-08 21:00:00,7.16,45.071284405139366
2018-08-08 21:15:00,4.18,17.51492409509462
2018-08-08 21:30:00,3.89,0.0
2018-08-08 21:45:00,3.85,5.91847635954672
2018-08-08 22:00:00,3.71,6.668326983822936
2018-08-08 22:15:00,3.24,1.2025293274398017
2018-08-08 22:30:00,2.7,1.1619194572879223
2018-08-08 22:45:00,2.66,0.6021777016431145
2018-08-08 23:00:00,2.59,0.0
2018-08-08 23:15:00,2.56,0.0
2018-08-08 23:30:00,2.56,1.381935609340072
2018-08-08 23:45:00,2.66,0.8424910274774966
2018-08-09 00:00:00,3.17,5.794650087508117
2018-08-09 00:15:00,2.84,1.5773880991992648
2018-08-09 00:30:00,2.7,5.820536394260639
2018-08-09 00:45:00,2.74,4.2207220320428185
2018-08-09 01:00:00,2.77,0.42658399407499203
2018-08-09 01:15:00,2.77,0.0
2018-08-09 01:30:00,2.74,0.0
2018-08-09 01:45:00,2.74,0.0
2018-08-09 02:00:00,2.99,0.0
2018-08-09 02:15:00,3.2,0.19378831835049226
2018-08-09 02:30:00,2.77,0.5432303293274039
2018-08-09 02:45:00,2.81,0.9578773548618251
2018-08-09 03:00:00,2.74,0.8845759430669844
2018-08-09 03:15:00,2.77,1.0712824963185703
2018-08-09 03:30:00,2.77,1.361060808620472
2018-08-09 03:45:00,2.77,1.6361730184274919
2018-08-09 04:00:00,2.77,1.8270202383752405
2018-08-09 04:15:00,2.81,2.1932743592923103
2018-08-09 04:30:00,2.81,2.3837952690684894
2018-08-09 04:45:00,2.74,2.4961427099923874
2018-08-09 05:00:00,2.77,2.7117132484246405
2018-08-09 05:15:00,3.35,2.9494801876908845
2018-08-09 05:30:00,3.13,3.026831176783098
2018-08-09 05:45:00,2.74,3.5883490285774684
2018-08-09 06:00:00,2.81,3.6772464844934305
2018-08-09 06:15:00,2.74,3.4201954452268417
2018-08-09 06:30:00,3.24,3.59098076727609
2018-08-09 06:45:00,2.92,3.7363053815643994
2018-08-09 07:00:00,2.99,4.076412765644854
2018-08-09 07:15:00,4.07,4.102041825012552
2018-08-09 07:30:00,4.21,4.366979368844973
2018-08-09 07:45:00,8.21,4.963588185513203
2018-08-09 08:00:00,64.87,10.497665006275103
2018-08-09 08:15:00,98.32,15.892616000702306
2018-08-09 08:30:00,109.98,50.82023938911523
2018-08-09 08:45:00,96.41,71.35157346625769
2018-08-09 09:00:00,73.76,78.02522414796039
2018-08-09 09:15:00,98.86,61.33829321407472
2018-08-09 09:30:00,103.39,53.281892640886525
2018-08-09 09:45:00,110.66,78.46117896900901
2018-08-09 10:00:00,111.67,82.64548688761815
2018-08-09 10:15:00,88.88,84.77734558247444
2018-08-09 10:30:00,111.64,82.23561122153237
2018-08-09 10:45:00,72.11,73.51759898642499
2018-08-09 11:00:00,126.29,82.66777755066397
2018-08-09 11:15:00,94.54,59.74097641159644
2018-08-09 11:30:00,103.72,94.88679465847409
2018-08-09 11:45:00,89.39,75.39332780989196
2018-08-09 12:00:00,19.26,61.497522334745724
2018-08-09 12:15:00,4.9,55.16101741169103
2018-08-09 12:30:00,4.79,22.18135509307357
2018-08-09 12:45:00,4.57,9.660051948517612
2018-08-09 13:00:00,50.72,22.376405396920717
2018-08-09 13:15:00,107.21,36.44729474260427
2018-08-09 13:30:00,72.43,50.22740548805649
2018-08-09 13:45:00,133.06,85.41362134887746
2018-08-09 14:00:00,66.1,65.37188131329808
2018-08-09 14:15:00,42.37,86.59504954663123
2018-08-09 14:30:00,49.18,62.31509799692975
2018-08-09 14:45:00,62.39,42.54897183362404
2018-08-09 15:00:00,44.35,49.311746560504204
2018-08-09 15:15:00,40.0,72.69408335984019
2018-08-09 15:30:00,49.9,45.76795341028776
2018-08-09 15:45:00,67.43,34.996861005165755
2018-08-09 16:00:00,59.8,41.93624735007357
2018-08-09 16:15:00,54.04,49.921782275581535
2018-08-09 16:30:00,46.26,37.99304865743504
2018-08-09 16:45:00,44.96,32.989587738520186
2018-08-09 17:00:00,56.99,29.356216856795047
2018-08-09 17:15:00,44.03,32.27472261592678
2018-08-09 17:30:00,30.53,42.731722506028014
2018-08-09 17:45:00,31.43,32.79865621751963
2018-08-09 18:00:00,51.59,29.097282797011285
2018-08-09 18:15:00,44.6,25.727459724151743
2018-08-09 18:30:00,44.75,38.64107801010893
2018-08-09 18:45:00,49.32,35.0234283777581
2018-08-09 19:00:00,52.78,30.826407566613142
2018-08-09 19:15:00,52.2,36.09018361641257
2018-08-09 19:30:00,49.03,38.10883073170018
2018-08-09 19:45:00,42.73,47.49310228227894
2018-08-09 20:00:00,50.36,36.60754306424192
2018-08-09 20:15:00,49.5,40.20075384038582
2018-08-09 20:30:00,46.55,40.31646139797696
2018-08-09 20:45:00,16.99,31.551386067900857
2018-08-09 21:00:00,10.15,26.178032871251656
2018-08-09 21:15:00,5.98,8.82694529294556
2018-08-09 21:30:00,4.46,3.7862213494723562
2018-08-09 21:45:00,3.89,2.8893761375360683
2018-08-09 22:00:00,3.67,2.745201504783779
2018-08-09 22:15:00,3.49,1.4988222620346896
2018-08-09 22:30:00,3.46,0.394536937820682
2018-08-09 22:45:00,3.24,0.16357448251677909
2018-08-09 23:00:00,2.66,0.1672077117168982
2018-08-09 23:15:00,2.63,0.5416673640194496
2018-08-09 23:30:00,2.63,0.45813549396974196
2018-08-09 23:45:00,2.7,0.5461046265954543
2018-08-10 00:00:00,2.7,2.3181297141701904
2018-08-10 00:15:00,2.66,3.4047757274634414
2018-08-10 00:30:00,2.7,3.7475301310954734
2018-08-10 00:45:00,2.66,3.8023642020591133
2018-08-10 01:00:00,2.66,1.6419890972164417
2018-08-10 01:15:00,2.7,1.3344698661986456
2018-08-10 01:30:00,2.74,1.2607199343836477
2018-08-10 01:45:00,2.66,1.3939821855101364
2018-08-10 02:00:00,2.7,1.683300077091328
2018-08-10 02:15:00,2.7,1.9691092450401335
2018-08-10 02:30:00,3.31,2.1580088173399403
2018-08-10 02:45:00,2.88,2.3623900588862377
2018-08-10 03:00:00,2.66,2.9405141811441524
2018-08-10 03:15:00,2.74,2.9082187884005535
2018-08-10 03:30:00,3.06,2.9615860925064084
2018-08-10 03:45:00,2.56,3.259928863303063
2018-08-10 04:00:00,2.52,3.786240350039293
2018-08-10 04:15:00,2.63,3.6901822057295313
2018-08-10 04:30:00,2.63,3.798113424066699
2018-08-10 04:45:00,2.59,4.218653338630009
2018-08-10 05:00:00,2.59,4.3854232967478275
2018-08-10 05:15:00,2.56,4.569720458378587
2018-08-10 05:30:00,2.56,4.686698080569684
2018-08-10 05:45:00,2.52,4.787972000238938
2018-08-10 06:00:00,2.52,4.936934806573198
2018-08-10 06:15:00,2.66,5.036062481281821
2018-08-10 06:30:00,2.66,5.252843276275986
2018-08-10 06:45:00,2.66,5.4214284670831105
2018-08-10 07:00:00,2.59,5.484867610436265
2018-08-10 07:15:00,3.53,5.725224736042435
2018-08-10 07:30:00,7.31,5.864705931716255
2018-08-10 07:45:00,6.34,7.182671709572176
2018-08-10 08:00:00,37.4,19.34615813874987
2018-08-10 08:15:00,49.9,24.760430313981768
2018-08-10 08:30:00,55.73,44.30504780229752
2018-08-10 08:45:00,47.84,50.598117636564965
2018-08-10 09:00:00,50.65,47.736786742714436
2018-08-10 09:15:00,55.08,45.747581885855396
2018-08-10 09:30:00,51.55,50.25252059231714
2018-08-10 09:45:00,52.09,56.081958782936844
2018-08-10 10:00:00,42.7,54.60530495780661
2018-08-10 10:15:00,44.14,49.5585364863786
2018-08-10 10:30:00,60.37,48.6827183939296
2018-08-10 10:45:00,91.44,42.362005139719116
2018-08-10 11:00:00,69.8,61.37367325927157
2018-08-10 11:15:00,94.32,74.16104006057105
2018-08-10 11:30:00,105.77,61.64411618927335
2018-08-10 11:45:00,113.72,68.82207095739288
2018-08-10 12:00:00,12.31,66.97913588184895
2018-08-10 12:15:00,4.79,73.10800295366067
2018-08-10 12:30:00,4.68,11.381542750281735
2018-08-10 12:45:00,4.61,4.7661470651502285
2018-08-10 13:00:00,30.06,23.568602718088727
2018-08-10 13:15:00,123.8,36.89329373203341
2018-08-10 13:30:00,105.7,34.650429182293394
2018-08-10 13:45:00,94.93,99.55611241437069
2018-08-10 14:00:00,115.45,78.79588959904603
2018-08-10 14:15:00,86.47,54.50495540637856
2018-08-10 14:30:00,91.84,69.54232228005785
2018-08-10 14:45:00,89.35,69.32647566260522
2018-08-10 15:00:00,90.18,66.31466175920124
2018-08-10 15:15:00,106.67,63.89881996862874
2018-08-10 15:30:00,131.0,72.10843032803542
2018-08-10 15:45:00,107.46,81.9511070773531
2018-08-10 16:00:00,103.46,96.29429214956536
2018-08-10 16:15:00,100.22,72.1081188706822
2018-08-10 16:30:00,118.04,62.81600374062429
2018-08-10 16:45:00,55.66,63.679260931440844
2018-08-10 17:00:00,83.27,78.92217234414129
2018-08-10 17:15:00,99.83,40.69889319725908
2018-08-10 17:30:00,30.71,57.437950671376036
2018-08-10 17:45:00,29.81,72.80443613216279
2018-08-10 18:00:00,63.79,36.236351472611815
2018-08-10 18:15:00,79.96,23.611554066236394
2018-08-10 18:30:00,98.75,50.58983251162401
2018-08-10 18:45:00,86.9,66.51145883259488
2018-08-10 19:00:00,110.84,65.88007715958395
2018-08-10 19:15:00,73.55,58.018351258607765
2018-08-10 19:30:00,112.61,74.26926853003218
2018-08-10 19:45:00,91.8,56.239101869167115
2018-08-10 20:00:00,100.33,76.55848268285129
2018-08-10 20:15:00,84.46,68.42049876857457
2018-08-10 20:30:00,102.46,71.65571422444432
2018-08-10 20:45:00,64.8,56.48707946644572
2018-08-10 21:00:00,4.46,63.46487448337526
2018-08-10 21:15:00,4.25,43.65397476952448
2018-08-10 21:30:00,3.74,7.163872759980691
2018-08-10 21:45:00,3.78,0.6375577683240969
2018-08-10 22:00:00,3.56,8.737687625766185
2018-08-10 22:15:00,3.28,8.856323147479138
2018-08-10 22:30:00,3.24,3.2680242371373502
2018-08-10 22:45:00,2.74,5.539517248800202
2018-08-10 23:00:00,2.7,4.188573555492798
2018-08-10 23:15:00,2.7,5.410067673398359
2018-08-10 23:30:00,2.66,2.7229368947613146
2018-08-10 23:45:00,2.7,6.718368914419042
2018-08-11 00:00:00,2.66,2.9304576275441185
2018-08-11 00:15:00,2.81,4.256897215616689
2018-08-11 00:30:00,2.74,3.505811567629138
2018-08-11 00:45:00,2.7,5.796220842581498
2018-08-11 01:00:00,2.74,3.1049882770521435
2018-08-11 01:15:00,2.77,0.0
2018-08-11 01:30:00,3.35,0.0
2018-08-11 01:45:00,2.92,0.0
2018-08-11 02:00:00,2.74,0.0
2018-08-11 02:15:00,2.7,0.0
2018-08-11 02:30:00,2.66,0.0
2018-08-11 02:45:00,2.66,0.0
2018-08-11 03:00:00,3.28,0.0
2018-08-11 03:15:00,2.99,0.16625021255596195
2018-08-11 03:30:00,2.77,0.8163768574895371
2018-08-11 03:45:00,2.77,0.8244807670978034
2018-08-11 04:00:00,2.77,0.8433439634301187
2018-08-11 04:15:00,2.77,1.0869760576845877
2018-08-11 04:30:00,2.81,1.4149504491790488
2018-08-11 04:45:00,2.74,1.5864723126184224
2018-08-11 05:00:00,2.81,1.768713617847073
2018-08-11 05:15:00,2.74,1.933628292303478
2018-08-11 05:30:00,2.74,2.129058030318042
2018-08-11 05:45:00,2.74,2.2925724894006336
2018-08-11 06:00:00,2.74,2.406285009167295
2018-08-11 06:15:00,2.74,2.5403782857748816
2018-08-11 06:30:00,2.84,2.7523997217296525
2018-08-11 06:45:00,2.7,2.793702891441754
2018-08-11 07:00:00,2.7,2.880268079958462
2018-08-11 07:15:00,3.28,3.0980176493468825
2018-08-11 07:30:00,4.25,3.906261739789745
2018-08-11 07:45:00,5.44,4.059255201933372
2018-08-11 08:00:00,68.94,10.10080464467255
2018-08-11 08:15:00,111.38,12.973726271932115
2018-08-11 08:30:00,77.72,50.56583604275443
2018-08-11 08:45:00,109.84,76.37589525359988
2018-08-11 09:00:00,91.19,52.79425059865507
2018-08-11 09:15:00,109.91,64.8978242828442
2018-08-11 09:30:00,87.88,64.41269250028338
2018-08-11 09:45:00,110.59,76.38765079340529
2018-08-11 10:00:00,73.87,59.62759308694801
2018-08-11 10:15:00,78.44,74.92592130125104
2018-08-11 10:30:00,76.25,57.554477980130486
2018-08-11 10:45:00,90.76,63.2473063823041
2018-08-11 11:00:00,94.86,58.95769632815161
2018-08-11 11:15:00,71.71,73.59914194818944
2018-08-11 11:30:00,103.82,74.34676382370138
2018-08-11 11:45:00,56.63,60.778275966202614
2018-08-11 12:00:00,4.0,59.375485902158616
2018-08-11 12:15:00,4.21,40.49405586592436
2018-08-11 12:30:00,3.92,9.281809541526425
2018-08-11 12:45:00,4.21,5.405502070616471
2018-08-11 13:00:00,37.22,22.776168246724126
2018-08-11 13:15:00,83.99,33.62433508486684
2018-08-11 13:30:00,95.65,44.73079040373578
2018-08-11 13:45:00,109.33,70.15182575030522
2018-08-11 14:00:00,89.32,80.4205951848517
2018-08-11 14:15:00,105.59,74.13750244942494
2018-08-11 14:30:00,96.3,65.92450357403978
2018-08-11 14:45:00,103.57,77.3096329248693
2018-08-11 15:00:00,93.56,76.9616865031324
2018-08-11 15:15:00,71.64,84.62415651164554
2018-08-11 15:30:00,72.54,80.33529787052107
2018-08-11 15:45:00,86.9,67.122409466037
2018-08-11 16:00:00,103.36,61.64348637766898
2018-08-11 16:15:00,81.9,67.23010214833809
2018-08-11 16:30:00,95.83,79.48636827328852
2018-08-11 16:45:00,15.55,51.96894192085537
2018-08-11 17:00:00,5.62,61.71131094131886
2018-08-11 17:15:00,4.0,24.563691716338628
2018-08-11 17:30:00,3.78,7.326439983905399
2018-08-11 17:45:00,3.2,12.124455621564753
2018-08-11 18:00:00,2.84,23.77625347835641
2018-08-11 18:15:00,2.74,16.169401873662842
2018-08-11 18:30:00,2.88,19.474651524375172
2018-08-11 18:45:00,3.06,16.977866084170472
2018-08-11 19:00:00,3.06,20.723653891983382
2018-08-11 19:15:00,3.02,13.476316385265477
2018-08-11 19:30:00,3.02,18.71272415035537
2018-08-11 19:45:00,3.06,15.38805860979205
2018-08-11 20:00:00,3.1,18.451560273205384
2018-08-11 20:15:00,3.17,17.45957409903735
2018-08-11 20:30:00,3.1,19.241882554804487
2018-08-11 20:45:00,3.1,14.215495321104157
2018-08-11 21:00:00,3.1,0.0
2018-08-11 21:15:00,3.17,0.0
2018-08-11 21:30:00,3.17,0.0
2018-08-11 21:45:00,3.24,0.0
2018-08-11 22:00:00,3.49,0.0
2018-08-11 22:15:00,2.88,0.0
2018-08-11 22:30:00,2.74,0.0
2018-08-11 22:45:00,3.17,0.0
2018-08-11 23:00:00,3.24,0.0
2018-08-11 23:15:00,2.59,0.0
2018-08-11 23:30:00,2.66,0.0
2018-08-11 23:45:00,2.74,0.0
2018-08-12 00:00:00,2.7,0.0
2018-08-12 00:15:00,2.74,0.0
2018-08-12 00:30:00,2.74,0.0
2018-08-12 00:45:00,2.7,0.0
2018-08-12 01:00:00,2.7,0.0
2018-08-12 01:15:00,2.7,0.0
2018-08-12 01:30:00,2.74,0.1160584370425326
2018-08-12 01:45:00,2.81,0.29765714676976884
2018-08-12 02:00:00,2.77,0.563440442254393
2018-08-12 02:15:00,2.77,0.8744012274740065
2018-08-12 02:30:00,3.06,1.0499487856604723
2018-08-12 02:45:00,3.06,1.2898618138500488
2018-08-12 03:00:00,2.77,1.864542188731889
2018-08-12 03:15:00,2.77,2.0860244609040812
2018-08-12 03:30:00,2.84,2.048716424434474
2018-08-12 03:45:00,2.77,2.340062322952445
2018-08-12 04:00:00,2.77,2.7425606963733458
2018-08-12 04:15:00,2.77,2.815097312329364
2018-08-12 04:30:00,2.81,2.9754360145538286
2018-08-12 04:45:00,3.28,3.2178285001117892
2018-08-12 05:00:00,3.2,3.4985439245920062
2018-08-12 05:15:00,2.74,3.8572697084853615
2018-08-12 05:30:00,2.66,3.994370252553633
2018-08-12 05:45:00,2.74,3.8413184331760526
2018-08-12 06:00:00,2.77,3.9146744875592
2018-08-12 06:15:00,2.74,4.20923741877775
2018-08-12 06:30:00,3.17,4.367693743994749
2018-08-12 06:45:00,2.84,4.38861589620328
2018-08-12 07:00:00,2.74,4.713969581716405
2018-08-12 07:15:00,2.7,4.708592709051892
2018-08-12 07:30:00,2.7,4.800613211432662
2018-08-12 07:45:00,2.63,5.0623863018081074
2018-08-12 08:00:00,2.59,16.38527888231129
2018-08-12 08:15:00,2.63,23.834939477994357
2018-08-12 08:30:00,2.7,17.82630638350151
2018-08-12 08:45:00,2.95,23.560562030077293
2018-08-12 09:00:00,3.06,20.305501175530388
2018-08-12 09:15:00,3.02,23.674358892360093
2018-08-12 09:30:00,3.1,19.728303073943117
2018-08-12 09:45:00,3.06,23.71855384389653
2018-08-12 10:00:00,3.06,17.09078333477713
2018-08-12 10:15:00,3.1,17.817941467040107
2018-08-12 10:30:00,3.64,17.17779532689172
2018-08-12 10:45:00,3.13,19.62711315018305
2018-08-12 11:00:00,3.02,20.460493406771846
2018-08-12 11:15:00,3.24,15.88915067413013
2018-08-12 11:30:00,2.7,21.226566283895362
2018-08-12 11:45:00,2.77,12.830266081347148
2018-08-12 12:00:00,2.88,3.0927170339356174
2018-08-12 12:15:00,3.06,2.8381969487520244
2018-08-12 12:30:00,3.06,2.673581317762107
2018-08-12 12:45:00,3.06,2.629199036059518
2018-08-12 13:00:00,3.1,8.19256144985841
2018-08-12 13:15:00,3.06,16.21073054515241
2018-08-12 13:30:00,3.1,18.07038554930266
2018-08-12 13:45:00,3.02,20.244202449344566
2018-08-12 14:00:00,3.02,16.424770228013866
2018-08-12 14:15:00,2.99,19.00932939550171
2018-08-12 14:30:00,3.06,17.1512049804723
2018-08-12 14:45:00,3.02,18.209886887586023
2018-08-12 15:00:00,3.06,16.180589182586637
2018-08-12 15:15:00,3.1,11.99905520654536
2018-08-12 15:30:00,3.64,11.940961646418106
2018-08-12 15:45:00,3.06,14.226268673913191
2018-08-12 16:00:00,3.1,17.23176020675968
2018-08-12 16:15:00,2.99,12.946604735300859
2018-08-12 16:30:00,3.02,15.187777084269591
2018-08-12 16:45:00,3.02,0.6828396605947269
2018-08-12 17:00:00,3.02,0.0
2018-08-12 17:15:00,3.56,0.0
2018-08-12 17:30:00,3.38,0.0
2018-08-12 17:45:00,2.99,0.0
2018-08-12 18:00:00,2.77,0.0
2018-08-12 18:15:00,2.74,0.0
2018-08-12 18:30:00,2.88,0.0
2018-08-12 18:45:00,2.99,0.0
2018-08-12 19:00:00,3.02,0.0
2018-08-12 19:15:00,3.06,0.0
2018-08-12 19:30:00,3.02,0.0
2018-08-12 19:45:00,3.06,0.0
2018-08-12 20:00:00,3.02,0.0
2018-08-12 20:15:00,3.46,0.0
2018-08-12 20:30:00,3.28,0.0
2018-08-12 20:45:00,3.13,0.0
2018-08-12 21:00:00,3.13,0.0
2018-08-12 21:15:00,3.13,0.0
2018-08-12 21:30:00,3.13,0.0
2018-08-12 21:45:00,3.13,0.0
2018-08-12 22:00:00,2.99,0.0
2018-08-12 22:15:00,2.7,0.0
2018-08-12 22:30:00,2.92,0.0
2018-08-12 22:45:00,3.28,0.0
2018-08-12 23:00:00,2.88,0.0
2018-08-12 23:15:00,2.66,0.0
2018-08-12 23:30:00,2.74,0.0
2018-08-12 23:45:00,2.84,0.0
2018-08-13 00:00:00,2.77,3.1202187509414188
2018-08-13 00:15:00,2.81,3.474721757595809
2018-08-13 00:30:00,3.28,3.644502681164319
2018-08-13 00:45:00,2.74,3.8528045672477447
2018-08-13 01:00:00,2.77,4.377686256845617
2018-08-13 01:15:00,2.77,4.335519798237392
2018-08-13 01:30:00,2.81,4.543466157182813
2018-08-13 01:45:00,2.77,4.855140155390483
2018-08-13 02:00:00,2.77,5.184390313692795
2018-08-13 02:15:00,2.81,5.433603327441549
2018-08-13 02:30:00,2.84,5.678557696506449
2018-08-13 02:45:00,2.77,5.92123948455572
2018-08-13 03:00:00,2.7,6.177431062490932
2018-08-13 03:15:00,2.74,6.346340694268555
2018-08-13 03:30:00,2.7,6.559538129855149
2018-08-13 03:45:00,2.74,6.824861331271066
2018-08-13 04:00:00,2.74,7.033727773934761
2018-08-13 04:15:00,2.81,7.277878785093197
2018-08-13 04:30:00,3.74,7.612865584389468
2018-08-13 04:45:00,3.74,7.900054034252818
2018-08-13 05:00:00,2.74,8.533759902757332
2018-08-13 05:15:00,2.7,8.66872043367054
2018-08-13 05:30:00,2.7,8.162389507832835
2018-08-13 05:45:00,2.66,8.245742001364356
2018-08-13 06:00:00,2.66,8.607036261083177
2018-08-13 06:15:00,2.63,8.734597714611127
2018-08-13 06:30:00,2.74,8.81669838449234
2018-08-13 06:45:00,2.7,8.901660375771751
2018-08-13 07:00:00,2.7,9.308275477182072
2018-08-13 07:15:00,3.53,9.299315711601494
2018-08-13 07:30:00,4.03,9.337264735841146
2018-08-13 07:45:00,3.85,9.756707580350835
2018-08-13 08:00:00,26.64,14.84255031986889
2018-08-13 08:15:00,92.23,21.070633920077725
2018-08-13 08:30:00,82.08,38.50892120094515
2018-08-13 08:45:00,119.92,78.45827952448745
2018-08-13 09:00:00,92.34,78.31670535985549
2018-08-13 09:15:00,110.2,86.2983234366979
2018-08-13 09:30:00,89.78,76.79285117245195
2018-08-13 09:45:00,106.34,91.25114611543216
2018-08-13 10:00:00,84.31,69.70101552884316
2018-08-13 10:15:00,104.62,83.20677033091715
2018-08-13 10:30:00,81.94,70.70747770780724
2018-08-13 10:45:00,100.66,82.54454092056997
2018-08-13 11:00:00,101.99,78.5732534609468
2018-08-13 11:15:00,81.54,83.9408800489588
2018-08-13 11:30:00,100.94,84.92074366326577
2018-08-13 11:45:00,96.55,75.94231373712402
2018-08-13 12:00:00,28.87,63.039279992217416
2018-08-13 12:15:00,24.01,66.42744693664275
2018-08-13 12:30:00,4.97,31.422723637869776
2018-08-13 12:45:00,4.97,21.730747250203006
2018-08-13 13:00:00,60.48,32.97914464557287
2018-08-13 13:15:00,90.07,40.10556178399383
2018-08-13 13:30:00,107.6,67.81353436861816
2018-08-13 13:45:00,111.46,83.2222854483428
2018-08-13 14:00:00,105.19,80.71764453183137
2018-08-13 14:15:00,85.75,77.69285950611658
2018-08-13 14:30:00,109.19,77.28452261056094
2018-08-13 14:45:00,93.6,65.01614899660785
2018-08-13 15:00:00,57.56,81.64394792816164
2018-08-13 15:15:00,57.64,78.61972625338728
2018-08-13 15:30:00,75.64,53.94728435329898
2018-08-13 15:45:00,76.1,52.6541356954926
2018-08-13 16:00:00,91.98,70.14624582437294
2018-08-13 16:15:00,85.18,63.02333455255155
2018-08-13 16:30:00,102.64,66.12925259372258
2018-08-13 16:45:00,110.05,60.310125864276664
2018-08-13 17:00:00,95.36,77.64709152100055
2018-08-13 17:15:00,101.2,88.25449751719032
2018-08-13 17:30:00,35.21,68.88333489802652
2018-08-13 17:45:00,32.11,71.4229045228321
2018-08-13 18:00:00,68.29,48.247771213375714
2018-08-13 18:15:00,86.9,41.226928808088694
2018-08-13 18:30:00,103.1,61.50772929909823
2018-08-13 18:45:00,70.13,86.84133670642376
2018-08-13 19:00:00,103.68,85.2951062216442
2018-08-13 19:15:00,88.74,58.100018794705775
2018-08-13 19:30:00,104.4,83.6214493143761
2018-08-13 19:45:00,83.63,73.72998377979155
2018-08-13 20:00:00,99.68,84.75736731157646
2018-08-13 20:15:00,91.98,77.94669099428518
2018-08-13 20:30:00,105.37,74.56584187177438
2018-08-13 20:45:00,68.29,71.61561344244984
2018-08-13 21:00:00,6.05,72.51466349832987
2018-08-13 21:15:00,4.61,48.549855613882634
2018-08-13 21:30:00,4.43,11.786294044225038
2018-08-13 21:45:00,4.1,5.430226392998879
2018-08-13 22:00:00,3.89,13.138201333761252
2018-08-13 22:15:00,3.6,13.553467180095943
2018-08-13 22:30:00,3.67,8.138404732426135
2018-08-13 22:45:00,3.67,10.0147227843959
2018-08-13 23:00:00,3.64,6.939289919733866
2018-08-13 23:15:00,2.99,9.116009690203565
2018-08-13 23:30:00,2.84,8.478607439913063
2018-08-13 23:45:00,2.74,9.982744053083476
2018-08-14 00:00:00,2.84,6.151675575937965
2018-08-14 00:15:00,3.06,8.18600736418098
2018-08-14 00:30:00,3.46,8.316288715437619
2018-08-14 00:45:00,2.81,10.11137159320343
2018-08-14 01:00:00,2.84,7.7352074599026714
2018-08-14 01:15:00,2.92,2.429031281460311
2018-08-14 01:30:00,2.84,2.501365613005909
2018-08-14 01:45:00,2.84,2.866977041993824
2018-08-14 02:00:00,3.13,3.1119160239333254
2018-08-14 02:15:00,3.02,3.262357356498164
2018-08-14 02:30:00,3.06,3.705262617658967
2018-08-14 02:45:00,3.02,3.9702881917065866
2018-08-14 03:00:00,3.02,4.195304610086641
2018-08-14 03:15:00,3.06,4.414333426858029
2018-08-14 03:30:00,3.31,4.73892518501253
2018-08-14 03:45:00,3.56,4.9409918030784645
2018-08-14 04:00:00,2.92,5.25647894224679
2018-08-14 04:15:00,2.92,5.65369655198597
2018-08-14 04:30:00,2.88,5.7394998546241816
2018-08-14 04:45:00,2.92,5.9567513470232285
2018-08-14 05:00:00,2.92,5.88273351419835
2018-08-14 05:15:00,2.92,6.111386592967598
2018-08-14 05:30:00,2.88,6.229545543127195
2018-08-14 05:45:00,2.88,6.377732963775003
2018-08-14 06:00:00,2.92,6.494852189797417
2018-08-14 06:15:00,3.46,6.638507750780931
2018-08-14 06:30:00,2.84,6.794906988223207
2018-08-14 06:45:00,2.81,7.251684856070188
2018-08-14 07:00:00,2.81,6.943203650712665
2018-08-14 07:15:00,3.35,7.098652616348719
2018-08-14 07:30:00,3.92,7.419442584459247
2018-08-14 07:45:00,3.67,8.174473521714521
2018-08-14 08:00:00,22.32,24.91596035972188
2018-08-14 08:15:00,101.63,41.887844130441735
2018-08-14 08:30:00,93.49,47.88645093334022
2018-08-14 08:45:00,69.41,102.61053966269068
2018-08-14 09:00:00,96.66,94.67160006991094
2018-08-14 09:15:00,82.69,69.12642109952918
2018-08-14 09:30:00,76.28,82.64986326804618
2018-08-14 09:45:00,97.49,98.81968091422021
2018-08-14 10:00:00,105.88,85.5204765808119
2018-08-14 10:15:00,91.8,95.31843231619001
2018-08-14 10:30:00,106.49,108.12907202270236
2018-08-14 10:45:00,57.28,94.15691897340645
2018-08-14 11:00:00,63.79,101.07203671981415
2018-08-14 11:15:00,72.68,70.59615602006373
2018-08-14 11:30:00,53.21,77.22240930412434
2018-08-14 11:45:00,72.86,83.91276178365005
2018-08-14 12:00:00,15.23,45.997480270780244
2018-08-14 12:15:00,5.87,49.1849082693369
2018-08-14 12:30:00,5.87,22.2494198712434
2018-08-14 12:45:00,5.76,13.310319410328741
2018-08-14 13:00:00,52.99,34.316497936180504
2018-08-14 13:15:00,63.25,53.93141336542483
2018-08-14 13:30:00,71.42,77.61993570787445
2018-08-14 13:45:00,66.1,75.1594946557176
2018-08-14 14:00:00,74.48,76.72877665426128
2018-08-14 14:15:00,96.12,66.59452481536661
2018-08-14 14:30:00,81.22,76.82545119252921
2018-08-14 14:45:00,96.7,89.52462591360137
2018-08-14 15:00:00,95.08,72.67433953044392
2018-08-14 15:15:00,75.92,80.00247764343968
2018-08-14 15:30:00,89.78,85.2079477639279
2018-08-14 15:45:00,93.64,74.50659510780389
2018-08-14 16:00:00,83.59,84.36125199763296
2018-08-14 16:15:00,88.09,84.38897242353434
2018-08-14 16:30:00,105.26,77.48198247908667
2018-08-14 16:45:00,86.0,85.18554887938762
2018-08-14 17:00:00,105.48,91.92756628849152
2018-08-14 17:15:00,70.99,92.99943681309901
2018-08-14 17:30:00,29.92,73.74327424586181
2018-08-14 17:45:00,29.99,56.973365474554896
2018-08-14 18:00:00,67.5,47.05862264540162
2018-08-14 18:15:00,106.45,50.177042923089566
2018-08-14 18:30:00,85.03,77.81002144393165
2018-08-14 18:45:00,108.36,92.358386020441
2018-08-14 19:00:00,75.89,80.52751559268543
2018-08-14 19:15:00,95.94,86.06199034471835
2018-08-14 19:30:00,82.62,73.55060498038333
2018-08-14 19:45:00,89.5,82.98986001891218
2018-08-14 20:00:00,95.44,79.80283839472987
2018-08-14 20:15:00,81.61,83.41245457443772
2018-08-14 20:30:00,119.34,87.77101274017471
2018-08-14 20:45:00,37.73,72.46779105372065
2018-08-14 21:00:00,28.4,78.44513158848373
2018-08-14 21:15:00,4.0,33.70781597154203
2018-08-14 21:30:00,3.89,17.023502450436855
2018-08-14 21:45:00,3.85,4.484225632492564
2018-08-14 22:00:00,3.42,10.384125816152789
2018-08-14 22:15:00,2.77,6.975473847520895
2018-08-14 22:30:00,2.77,9.622089913928708
2018-08-14 22:45:00,2.77,5.801142728292042
2018-08-14 23:00:00,2.74,6.8106246241986454
2018-08-14 23:15:00,2.74,4.357443752949283
2018-08-14 23:30:00,2.74,6.08452144340999
2018-08-14 23:45:00,2.81,5.398426829323721
2018-08-15 00:00:00,2.74,4.190335300634068
2018-08-15 00:15:00,2.74,5.5117754678902
2018-08-15 00:30:00,2.59,4.8611034341046455
2018-08-15 00:45:00,2.63,8.697188953231102
2018-08-15 01:00:00,2.59,2.1902602508197972
2018-08-15 01:15:00,2.63,1.7791565523586108
2018-08-15 01:30:00,2.63,0.0
2018-08-15 01:45:00,2.59,0.2162398694399137
2018-08-15 02:00:00,2.95,0.5287793749266925
2018-08-15 02:15:00,3.13,0.7267226401166305
2018-08-15 02:30:00,3.2,1.1206968881161679
2018-08-15 02:45:00,2.81,1.5906448440147294
2018-08-15 03:00:00,2.59,1.7776626253319918
2018-08-15 03:15:00,2.59,1.755457855878383
2018-08-15 03:30:00,2.63,1.9372565826304893
2018-08-15 03:45:00,2.7,2.2628564975619163
2018-08-15 04:00:00,2.74,2.440243637803917
2018-08-15 04:15:00,2.66,2.6759315809406345
2018-08-15 04:30:00,2.59,2.885881658701088
2018-08-15 04:45:00,2.63,3.0279994055529365
2018-08-15 05:00:00,2.63,3.183594912363315
2018-08-15 05:15:00,2.63,3.3963856980127183
2018-08-15 05:30:00,2.66,3.5810180188131184
2018-08-15 05:45:00,2.59,3.803794965815399
2018-08-15 06:00:00,2.59,4.007075899010168
2018-08-15 06:15:00,2.99,4.1178188250688414
2018-08-15 06:30:00,3.06,4.121960780941173
2018-08-15 06:45:00,2.59,4.470647944952713
2018-08-15 07:00:00,2.66,4.604199024097731
2018-08-15 07:15:00,3.1,4.612653113762491
2018-08-15 07:30:00,3.64,4.998766918511482
2018-08-15 07:45:00,5.8,5.27294041407195
2018-08-15 08:00:00,33.73,15.089031711341427
2018-08-15 08:15:00,46.76,34.011186095749835
2018-08-15 08:30:00,56.99,51.12107005894697
2018-08-15 08:45:00,62.42,54.255711381282126
2018-08-15 09:00:00,57.46,67.75608498683805
2018-08-15 09:15:00,81.11,61.31401911737892
2018-08-15 09:30:00,101.02,60.697156141039116
2018-08-15 09:45:00,82.3,86.57636011882981
2018-08-15 10:00:00,100.69,98.41409859526127
2018-08-15 10:15:00,112.68,85.16074583412782
2018-08-15 10:30:00,99.97,94.39524021300966
2018-08-15 10:45:00,111.17,100.56730273989947
2018-08-15 11:00:00,83.34,92.5475215612129
2018-08-15 11:15:00,113.98,91.95300013373505
2018-08-15 11:30:00,69.7,84.43382336716863
2018-08-15 11:45:00,70.45,100.19701656917638
2018-08-15 12:00:00,6.91,48.040231402889255
2018-08-15 12:15:00,7.81,45.3795935985461
2018-08-15 12:30:00,7.02,10.236039742959687
2018-08-15 12:45:00,7.13,12.62492294801164
2018-08-15 13:00:00,46.12,30.35826560847236
2018-08-15 13:15:00,107.35,48.44148899445945
2018-08-15 13:30:00,67.68,60.08616387006079
2018-08-15 13:45:00,103.32,98.9652621003369
2018-08-15 14:00:00,108.68,76.67508474496901
2018-08-15 14:15:00,66.35,87.68621349673882
2018-08-15 14:30:00,99.76,105.33136637278773
2018-08-15 14:45:00,92.27,79.96980778598152
2018-08-15 15:00:00,72.32,98.95846788015311
2018-08-15 15:15:00,49.61,98.26740351793063
2018-08-15 15:30:00,78.05,82.01418191943284
2018-08-15 15:45:00,99.68,55.19736489592805
2018-08-15 16:00:00,99.0,74.46061435491964
2018-08-15 16:15:00,78.19,88.07558241636389
2018-08-15 16:30:00,71.42,82.01086778302071
2018-08-15 16:45:00,18.86,62.7392828929832
2018-08-15 17:00:00,5.4,63.44209980564414
2018-08-15 17:15:00,3.96,31.438614450863486
2018-08-15 17:30:00,3.85,18.40691935922309
2018-08-15 17:45:00,3.38,17.362905287229857
2018-08-15 18:00:00,2.99,30.380186311742936
2018-08-15 18:15:00,2.81,33.87511093531422
2018-08-15 18:30:00,2.99,24.9848203258409
2018-08-15 18:45:00,3.2,32.44646282771177
2018-08-15 19:00:00,3.17,23.8100260038938
2018-08-15 19:15:00,3.1,29.84707312616037
2018-08-15 19:30:00,3.13,23.387025542750308
2018-08-15 19:45:00,3.13,38.94433320666474
2018-08-15 20:00:00,3.17,30.601242354943096
2018-08-15 20:15:00,3.28,36.74799529407248
2018-08-15 20:30:00,3.13,37.25044358830642
2018-08-15 20:45:00,3.2,12.714086442283381
2018-08-15 21:00:00,3.2,3.6455518115314725
2018-08-15 21:15:00,3.28,0.0
2018-08-15 21:30:00,3.24,0.0
2018-08-15 21:45:00,3.28,0.0
2018-08-15 22:00:00,3.56,0.0
2018-08-15 22:15:00,3.1,0.0
2018-08-15 22:30:00,2.81,0.0
2018-08-15 22:45:00,2.84,0.0
2018-08-15 23:00:00,3.38,0.0
2018-08-15 23:15:00,3.1,0.0
2018-08-15 23:30:00,2.81,0.0
2018-08-15 23:45:00,2.77,0.0
2018-08-16 00:00:00,2.84,0.0
2018-08-16 00:15:00,2.81,0.0
2018-08-16 00:30:00,2.7,0.0
2018-08-16 00:45:00,2.66,0.0
2018-08-16 01:00:00,2.74,0.0
2018-08-16 01:15:00,2.7,0.0
2018-08-16 01:30:00,2.7,0.0
2018-08-16 01:45:00,2.63,0.0
2018-08-16 02:00:00,2.66,0.0
2018-08-16 02:15:00,2.66,0.11249007159563362
2018-08-16 02:30:00,2.95,0.28071496504866644
2018-08-16 02:45:00,3.31,0.452780325680866
2018-08-16 03:00:00,2.74,0.8207806798743142
2018-08-16 03:15:00,2.74,1.3383215083824318
2018-08-16 03:30:00,2.66,1.228130187906416
2018-08-16 03:45:00,2.74,1.3876851705280941
2018-08-16 04:00:00,2.66,1.6598389005504686
2018-08-16 04:15:00,2.81,1.9812023040623004
2018-08-16 04:30:00,2.7,2.0820483494901083
2018-08-16 04:45:00,2.81,2.3549088807390994
2018-08-16 05:00:00,3.31,2.501354208671092
2018-08-16 05:15:00,2.81,2.855076285281669
2018-08-16 05:30:00,2.77,3.2778377254661635
2018-08-16 05:45:00,2.7,3.0863526438512636
2018-08-16 06:00:00,2.74,3.1316301505603263
2018-08-16 06:15:00,2.7,3.332160048167051
2018-08-16 06:30:00,2.74,3.659006230594798
2018-08-16 06:45:00,2.7,3.565167158675461
2018-08-16 07:00:00,2.63,3.728635183664206
2018-08-16 07:15:00,3.49,4.033933932307715
2018-08-16 07:30:00,4.1,4.163163044792622
2018-08-16 07:45:00,5.18,5.883821921605282
2018-08-16 08:00:00,69.08,22.80111397870951
2018-08-16 08:15:00,78.05,32.47998815574227
2018-08-16 08:30:00,89.89,73.52411591446332
2018-08-16 08:45:00,111.89,79.61048362862066
2018-08-16 09:00:00,80.03,74.78435223295321
2018-08-16 09:15:00,98.53,95.00349454519892
2018-08-16 09:30:00,116.6,87.64664846921656
2018-08-16 09:45:00,80.21,93.20040117493369
2018-08-16 10:00:00,103.03,111.55989735044798
2018-08-16 10:15:00,105.62,90.84847215676098
2018-08-16 10:30:00,70.27,98.50904400323964
2018-08-16 10:45:00,40.0,100.05612738883738
2018-08-16 11:00:00,58.03,86.21156660952494
2018-08-16 11:15:00,53.75,59.95420329007867
2018-08-16 11:30:00,47.16,69.10783034455196
2018-08-16 11:45:00,36.97,68.60200649525999
2018-08-16 12:00:00,4.93,32.666309153636064
2018-08-16 12:15:00,4.64,25.951383050747474
2018-08-16 12:30:00,4.64,10.396374616036614
2018-08-16 12:45:00,4.61,9.749196355218299
2018-08-16 13:00:00,32.51,30.113813273518275
2018-08-16 13:15:00,108.68,49.646679470801146
2018-08-16 13:30:00,100.51,49.55673675622237
2018-08-16 13:45:00,57.89,115.02625091406458
2018-08-16 14:00:00,51.44,94.88516365175633
2018-08-16 14:15:00,46.33,50.596429455761566
2018-08-16 14:30:00,43.85,54.947530394242904
2018-08-16 14:45:00,44.14,63.139569526662676
2018-08-16 15:00:00,65.41,51.89334225697789
2018-08-16 15:15:00,45.18,44.551287170672936
2018-08-16 15:30:00,55.84,64.40929681613028
2018-08-16 15:45:00,44.32,59.53308150975945
2018-08-16 16:00:00,41.4,58.70023514319112
2018-08-16 16:15:00,45.47,46.04387071951399
2018-08-16 16:30:00,53.14,42.310617096464235
2018-08-16 16:45:00,43.31,33.093598384867185
2018-08-16 17:00:00,55.22,39.149599084064505
2018-08-16 17:15:00,57.42,31.74076637206423
2018-08-16 17:30:00,27.79,40.349697058274806
2018-08-16 17:45:00,28.08,43.157786946648336
2018-08-16 18:00:00,33.16,26.14504416526212
2018-08-16 18:15:00,48.89,21.227874250466932
2018-08-16 18:30:00,50.8,28.11368250586149
2018-08-16 18:45:00,58.68,39.07640985583555
2018-08-16 19:00:00,43.56,37.39437957255473
2018-08-16 19:15:00,60.37,42.32029738237484
2018-08-16 19:30:00,39.56,31.666553132158025
2018-08-16 19:45:00,47.45,40.7328419012381
2018-08-16 20:00:00,54.61,31.588559731113076
2018-08-16 20:15:00,48.67,34.40105999887699
2018-08-16 20:30:00,37.55,38.90697013437114
2018-08-16 20:45:00,13.36,32.09386757003785
2018-08-16 21:00:00,5.15,20.064045474970026
2018-08-16 21:15:00,3.85,6.9493483067363115
2018-08-16 21:30:00,3.64,3.5621376224207673
2018-08-16 21:45:00,3.6,1.4948293591107742
2018-08-16 22:00:00,3.6,1.6703593955750478
2018-08-16 22:15:00,3.49,0.0
2018-08-16 22:30:00,3.49,0.37700494702960796
2018-08-16 22:45:00,3.31,0.439900563666189
2018-08-16 23:00:00,3.13,0.9952448718412974
2018-08-16 23:15:00,2.74,0.0
2018-08-16 23:30:00,2.74,1.444189828571382
2018-08-16 23:45:00,3.13,0.0
2018-08-17 00:00:00,2.77,2.6982538829741323
2018-08-17 00:15:00,2.84,3.9880230634222933
2018-08-17 00:30:00,2.81,3.706061534087116
2018-08-17 00:45:00,2.77,3.087172480006444
2018-08-17 01:00:00,2.81,1.3653325860899486
2018-08-17 01:15:00,2.77,0.949978807252787
2018-08-17 01:30:00,2.77,1.0775259030247284
2018-08-17 01:45:00,2.74,1.2802230044559764
2018-08-17 02:00:00,2.77,1.5489039528176853
2018-08-17 02:15:00,2.74,1.7835747603917262
2018-08-17 02:30:00,2.77,2.232538838247514
2018-08-17 02:45:00,3.28,2.4490436669892475
2018-08-17 03:00:00,3.06,2.5562927219942573
2018-08-17 03:15:00,2.77,3.104067597306596
2018-08-17 03:30:00,2.77,3.262441065898809
2018-08-17 03:45:00,2.77,3.180465766619861
2018-08-17 04:00:00,2.99,3.4264554926579116
2018-08-17 04:15:00,3.46,3.762944704771936
2018-08-17 04:30:00,3.24,4.0723664792421275
2018-08-17 04:45:00,2.77,4.536087024815636
2018-08-17 05:00:00,2.81,4.698659543601423
2018-08-17 05:15:00,2.81,4.454363902882566
2018-08-17 05:30:00,2.77,4.650787225214231
2018-08-17 05:45:00,2.74,4.897784279576616
2018-08-17 06:00:00,2.81,5.0052621279009735
2018-08-17 06:15:00,2.77,5.091780596513221
2018-08-17 06:30:00,2.77,5.271588637441553
2018-08-17 06:45:00,2.7,5.349850850031064
2018-08-17 07:00:00,3.28,5.434103544579326
2018-08-17 07:15:00,2.99,5.791939430262442
2018-08-17 07:30:00,3.1,7.041814693137901
2018-08-17 07:45:00,3.17,6.933915504678112
2018-08-17 08:00:00,33.84,24.592252130840283
2018-08-17 08:15:00,40.72,28.806928658021658
2018-08-17 08:30:00,64.94,49.89307036030135
2018-08-17 08:45:00,50.22,57.393908685743234
2018-08-17 09:00:00,45.86,63.37783095322813
2018-08-17 09:15:00,40.5,58.64716850063333
2018-08-17 09:30:00,45.65,58.680203868093784
2018-08-17 09:45:00,42.12,50.54656656223775
2018-08-17 10:00:00,46.08,58.63713610282065
2018-08-17 10:15:00,42.01,56.76957319382299
2018-08-17 10:30:00,44.53,54.82687518731366
2018-08-17 10:45:00,43.49,53.378342482972855
2018-08-17 11:00:00,41.4,53.06406586926939
2018-08-17 11:15:00,63.0,56.3337246629623
2018-08-17 11:30:00,45.07,56.02950928350566
2018-08-17 11:45:00,36.25,67.53255221418239
2018-08-17 12:00:00,4.07,31.858357922653376
2018-08-17 12:15:00,4.86,24.506741768863126
2018-08-17 12:30:00,5.26,6.887838352529688
2018-08-17 12:45:00,5.11,11.633227682856237
2018-08-17 13:00:00,28.12,21.963535732578446
2018-08-17 13:15:00,81.14,53.50023929599014
2018-08-17 13:30:00,86.62,57.713561331597035
2018-08-17 13:45:00,91.19,79.6960517761863
2018-08-17 14:00:00,77.65,85.32423460764312
2018-08-17 14:15:00,65.45,75.03201867860392
2018-08-17 14:30:00,91.37,68.44554263499893
2018-08-17 14:45:00,82.01,65.75323576917006
2018-08-17 15:00:00,75.6,85.51715402115343
2018-08-17 15:15:00,71.46,82.91321935607218
2018-08-17 15:30:00,58.61,84.22781198460788
2018-08-17 15:45:00,59.08,71.93001569906443
2018-08-17 16:00:00,89.06,65.76520901337469
2018-08-17 16:15:00,85.14,61.471012370491735
2018-08-17 16:30:00,109.73,83.7527736495538
2018-08-17 16:45:00,118.76,68.14300265452832
2018-08-17 17:00:00,64.3,84.68193414489517
2018-08-17 17:15:00,40.28,95.98043055228473
2018-08-17 17:30:00,30.06,50.83660009528518
2018-08-17 17:45:00,30.6,32.573718116121185
2018-08-17 18:00:00,43.52,41.873305472898785
2018-08-17 18:15:00,51.41,51.72938621576552
2018-08-17 18:30:00,49.03,57.408572232137516
2018-08-17 18:45:00,51.95,61.67196062960058
2018-08-17 19:00:00,67.61,59.840569648439896
2018-08-17 19:15:00,60.62,54.28928814380333
2018-08-17 19:30:00,42.95,68.55553071110278
2018-08-17 19:45:00,41.94,61.746804846621686
2018-08-17 20:00:00,45.86,52.364886126738995
2018-08-17 20:15:00,48.31,50.3652791438497
2018-08-17 20:30:00,92.59,58.00221987070577
2018-08-17 20:45:00,51.26,49.60179331311096
2018-08-17 21:00:00,11.09,60.29836824316723
2018-08-17 21:15:00,4.46,33.50815375243623
2018-08-17 21:30:00,3.74,2.124688527537714
2018-08-17 21:45:00,3.6,0.0
2018-08-17 22:00:00,3.49,8.230111080966502
2018-08-17 22:15:00,3.35,6.077327706171719
2018-08-17 22:30:00,3.28,2.568373206548756
2018-08-17 22:45:00,2.63,2.6230724915019863
2018-08-17 23:00:00,2.63,2.290527771368968
2018-08-17 23:15:00,2.56,2.8460740627899455
2018-08-17 23:30:00,2.63,2.5382459771385477
2018-08-17 23:45:00,2.56,1.5059754576996696
2018-08-18 00:00:00,2.92,0.0
2018-08-18 00:15:00,2.59,0.0
2018-08-18 00:30:00,2.66,0.6229869984101732
2018-08-18 00:45:00,2.63,4.798595238718178
2018-08-18 01:00:00,2.66,1.7838393135162711
2018-08-18 01:15:00,2.63,0.0
2018-08-18 01:30:00,2.66,0.0
2018-08-18 01:45:00,2.7,0.0
2018-08-18 02:00:00,2.63,0.0
2018-08-18 02:15:00,2.63,0.0
2018-08-18 02:30:00,2.7,0.0
2018-08-18 02:45:00,2.95,0.0
2018-08-18 03:00:00,2.88,0.0
2018-08-18 03:15:00,2.52,0.2867063404483865
2018-08-18 03:30:00,2.48,0.43502317182234407
2018-08-18 03:45:00,2.52,0.44255946894463705
2018-08-18 04:00:00,2.59,0.6793248678206609
2018-08-18 04:15:00,2.56,1.1056065357525995
2018-08-18 04:30:00,2.52,1.3086170814408682
2018-08-18 04:45:00,2.52,1.3664660147656384
2018-08-18 05:00:00,2.56,1.550256836056711
2018-08-18 05:15:00,2.48,1.7276114061045682
2018-08-18 05:30:00,2.56,1.9206419321178494
2018-08-18 05:45:00,2.88,2.031128802734191
2018-08-18 06:00:00,2.88,2.229633674630289
2018-08-18 06:15:00,2.52,2.5472151097870075
2018-08-18 06:30:00,2.81,2.6979960465214035
2018-08-18 06:45:00,3.06,2.5145661686242953
2018-08-18 07:00:00,2.66,2.8816273440515268
2018-08-18 07:15:00,2.81,3.2463886867693894
2018-08-18 07:30:00,7.88,3.2438033276544544
2018-08-18 07:45:00,26.93,3.530384481157533
2018-08-18 08:00:00,81.43,24.930279443101306
2018-08-18 08:15:00,110.7,46.04682059828329
2018-08-18 08:30:00,73.91,75.18732584683553
2018-08-18 08:45:00,79.92,96.30805935694636
2018-08-18 09:00:00,85.68,66.25082568254373
2018-08-18 09:15:00,75.6,68.77143065863726
2018-08-18 09:30:00,64.26,77.81514221114323
2018-08-18 09:45:00,80.96,79.42074664605629
2018-08-18 10:00:00,109.12,60.59930621693309
2018-08-18 10:15:00,82.98,72.15739438850167
2018-08-18 10:30:00,72.07,91.24303828748596
2018-08-18 10:45:00,115.38,76.33846547409352
2018-08-18 11:00:00,47.09,64.46295819963068
2018-08-18 11:15:00,45.79,91.644540287289
2018-08-18 11:30:00,38.56,61.614520730057855
2018-08-18 11:45:00,26.57,39.14023828843636
2018-08-18 12:00:00,3.67,24.745156086095832
2018-08-18 12:15:00,3.56,29.222956789574617
2018-08-18 12:30:00,4.25,10.30362490889653
2018-08-18 12:45:00,4.32,7.110390022611096
2018-08-18 13:00:00,26.89,21.38562504255064
2018-08-18 13:15:00,44.28,38.687694055800634
2018-08-18 13:30:00,46.55,51.52780838562537
2018-08-18 13:45:00,52.16,65.03163784171521
2018-08-18 14:00:00,48.71,59.64346614698233
2018-08-18 14:15:00,50.87,63.972726900325156
2018-08-18 14:30:00,47.77,64.71679318137762
2018-08-18 14:45:00,43.2,66.00437329139763
2018-08-18 15:00:00,46.08,65.32621873085975
2018-08-18 15:15:00,52.02,52.28614106137507
2018-08-18 15:30:00,67.1,51.4936194701733
2018-08-18 15:45:00,81.5,57.98948206849409
2018-08-18 16:00:00,76.36,73.83691434837115
2018-08-18 16:15:00,89.71,74.13270924966814
2018-08-18 16:30:00,74.38,77.2537222814977
2018-08-18 16:45:00,20.74,68.42662475208698
2018-08-18 17:00:00,7.74,49.874973937276195
2018-08-18 17:15:00,3.82,15.597104902363512
2018-08-18 17:30:00,3.38,5.831864770449734
2018-08-18 17:45:00,3.35,10.533942841413204
2018-08-18 18:00:00,3.31,13.61395597491861
2018-08-18 18:15:00,3.24,8.99506294148038
2018-08-18 18:30:00,3.38,7.71181076455737
2018-08-18 18:45:00,3.38,7.311807653358329
2018-08-18 19:00:00,2.77,8.775694895272707
2018-08-18 19:15:00,2.74,7.647770980352991
2018-08-18 19:30:00,2.77,4.732955560762573
2018-08-18 19:45:00,2.77,6.01417767142248
2018-08-18 20:00:00,2.84,8.352154503461868
2018-08-18 20:15:00,2.84,8.708287853308764
2018-08-18 20:30:00,2.81,18.028057064243356
2018-08-18 20:45:00,2.77,9.769371812016377
2018-08-18 21:00:00,2.81,0.0
2018-08-18 21:15:00,2.84,0.0
2018-08-18 21:30:00,2.92,0.0
2018-08-18 21:45:00,3.28,0.0
2018-08-18 22:00:00,3.13,0.0
2018-08-18 22:15:00,2.59,0.0
2018-08-18 22:30:00,2.66,0.0
2018-08-18 22:45:00,2.63,0.0
2018-08-18 23:00:00,2.99,0.0
2018-08-18 23:15:00,3.1,0.0
2018-08-18 23:30:00,2.63,0.0
2018-08-18 23:45:00,2.66,0.0
2018-08-19 00:00:00,2.63,0.0
2018-08-19 00:15:00,2.59,0.0
2018-08-19 00:30:00,2.59,0.0
2018-08-19 00:45:00,2.66,0.0
2018-08-19 01:00:00,2.59,0.0
2018-08-19 01:15:00,2.63,0.0
2018-08-19 01:30:00,2.59,0.0
2018-08-19 01:45:00,2.63,0.14942273927336913
2018-08-19 02:00:00,2.74,0.40291297072446497
2018-08-19 02:15:00,2.74,0.6756044979185027
2018-08-19 02:30:00,2.66,1.0176552445993607
2018-08-19 02:45:00,3.24,1.3294760766198337
2018-08-19 03:00:00,2.84,1.4468066423008104
2018-08-19 03:15:00,2.74,1.996601432924475
2018-08-19 03:30:00,2.7,2.075573144243428
2018-08-19 03:45:00,2.7,2.1340347269170863
2018-08-19 04:00:00,3.02,2.373359464287514
2018-08-19 04:15:00,2.99,2.675528881322947
2018-08-19 04:30:00,2.74,3.033132763826938
2018-08-19 04:45:00,2.7,3.319489843378559
2018-08-19 05:00:00,2.63,3.340757098955301
2018-08-19 05:15:00,2.63,3.3658935425283367
2018-08-19 05:30:00,2.7,3.5584400337397533
2018-08-19 05:45:00,2.63,3.7894742262689824
2018-08-19 06:00:00,2.63,3.965020641252874
2018-08-19 06:15:00,2.63,4.0035166755982345
2018-08-19 06:30:00,2.66,4.242448936938395
2018-08-19 06:45:00,2.66,4.31696443158895
2018-08-19 07:00:00,2.66,4.391082311177204
2018-08-19 07:15:00,2.59,4.44030061273061
2018-08-19 07:30:00,2.59,5.382750896839433
2018-08-19 07:45:00,3.06,8.73863056316356
2018-08-19 08:00:00,3.42,18.40426663387929
2018-08-19 08:15:00,2.95,23.90748579064102
2018-08-19 08:30:00,2.63,17.618027248511968
2018-08-19 08:45:00,2.81,18.365929244261373
2018-08-19 09:00:00,2.84,19.103034769018166
2018-08-19 09:15:00,2.81,17.420271937553807
2018-08-19 09:30:00,3.2,15.451116417635705
2018-08-19 09:45:00,3.56,18.225333296522976
2018-08-19 10:00:00,3.64,23.282550213095398
2018-08-19 10:15:00,3.67,18.786511772798878
2018-08-19 10:30:00,3.6,16.834742373653057
2018-08-19 10:45:00,4.14,24.211083662867754
2018-08-19 11:00:00,3.78,11.914863152115522
2018-08-19 11:15:00,3.92,11.886545283934467
2018-08-19 11:30:00,3.92,10.123843076684494
2018-08-19 11:45:00,3.78,7.828905881256105
2018-08-19 12:00:00,3.96,3.6492155294866997
2018-08-19 12:15:00,4.03,3.4500088144805154
2018-08-19 12:30:00,3.82,3.354275527437771
2018-08-19 12:45:00,4.21,3.1764496196607617
2018-08-19 13:00:00,4.32,6.827801190488454
2018-08-19 13:15:00,3.89,9.832682343799831
2018-08-19 13:30:00,4.0,10.10701002041737
2018-08-19 13:45:00,4.14,10.586214396275548
2018-08-19 14:00:00,3.49,9.742846656832725
2018-08-19 14:15:00,2.84,10.039731092867527
2018-08-19 14:30:00,2.77,8.888475108247633
2018-08-19 14:45:00,2.74,7.3304118213049065
2018-08-19 15:00:00,2.77,7.654154488536818
2018-08-19 15:15:00,2.81,8.510193159892577
2018-08-19 15:30:00,2.81,11.010854262608557
2018-08-19 15:45:00,2.77,13.16068277860639
2018-08-19 16:00:00,2.88,12.008073826321258
2018-08-19 16:15:00,3.35,14.096211398907597
2018-08-19 16:30:00,3.17,11.228925900587328
2018-08-19 16:45:00,2.81,1.786199139911563
2018-08-19 17:00:00,2.74,0.0
2018-08-19 17:15:00,2.77,0.0
2018-08-19 17:30:00,2.7,0.0
2018-08-19 17:45:00,2.74,0.0
2018-08-19 18:00:00,2.66,0.0
2018-08-19 18:15:00,2.63,0.0
2018-08-19 18:30:00,2.66,0.0
2018-08-19 18:45:00,2.7,0.0
2018-08-19 19:00:00,2.77,0.0
2018-08-19 19:15:00,2.81,0.0
2018-08-19 19:30:00,2.74,0.0
2018-08-19 19:45:00,2.92,0.0
2018-08-19 20:00:00,3.35,0.0
2018-08-19 20:15:00,3.24,0.0
2018-08-19 20:30:00,3.2,0.0
2018-08-19 20:45:00,2.84,0.0
2018-08-19 21:00:00,2.81,0.0
2018-08-19 21:15:00,2.81,0.0
2018-08-19 21:30:00,2.88,0.0
2018-08-19 21:45:00,2.88,0.0
2018-08-19 22:00:00,2.74,0.0
2018-08-19 22:15:00,2.63,0.0
2018-08-19 22:30:00,2.66,0.0
2018-08-19 22:45:00,2.7,0.0
2018-08-19 23:00:00,2.63,0.0
2018-08-19 23:15:00,2.66,0.0
2018-08-19 23:30:00,2.63,0.0
2018-08-19 23:45:00,2.56,0.0
2018-08-20 00:00:00,2.66,3.0679986567092534
2018-08-20 00:15:00,2.66,3.2865197351717015
2018-08-20 00:30:00,2.95,3.6503492674269076
2018-08-20 00:45:00,4.03,3.803235079564786
2018-08-20 01:00:00,3.06,4.165031769226033
2018-08-20 01:15:00,2.66,5.041717421453008
2018-08-20 01:30:00,2.7,4.76341702267246
2018-08-20 01:45:00,2.66,4.6317365065857246
2018-08-20 02:00:00,2.7,5.01967981951179
2018-08-20 02:15:00,2.7,5.43717535541796
2018-08-20 02:30:00,2.74,5.5876673898234515
2018-08-20 02:45:00,2.66,5.897770103081509
2018-08-20 03:00:00,2.66,6.114554532823558
2018-08-20 03:15:00,2.66,6.279360245554461
2018-08-20 03:30:00,2.66,6.500626099761234
2018-08-20 03:45:00,2.7,6.753298261340252
2018-08-20 04:00:00,2.7,7.04169712011808
2018-08-20 04:15:00,2.63,7.2986820741093545
2018-08-20 04:30:00,2.7,7.662066419035202
2018-08-20 04:45:00,3.1,7.843960901710833
2018-08-20 05:00:00,2.99,7.956533342355165
2018-08-20 05:15:00,2.59,8.299722178347196
2018-08-20 05:30:00,2.59,8.399980047381707
2018-08-20 05:45:00,2.63,8.257137974579948
2018-08-20 06:00:00,2.63,8.394458061378426
2018-08-20 06:15:00,2.63,8.636499925805243
2018-08-20 06:30:00,3.1,8.77817177515816
2018-08-20 06:45:00,2.95,8.8279539248847
2018-08-20 07:00:00,2.74,9.187580299099913
2018-08-20 07:15:00,3.02,9.352466817013493
2018-08-20 07:30:00,3.38,9.32607937235041
2018-08-20 07:45:00,4.0,9.568919073034145
2018-08-20 08:00:00,72.9,14.599202275646446
2018-08-20 08:15:00,59.04,28.21201693204152
2018-08-20 08:30:00,107.68,65.81856060274276
2018-08-20 08:45:00,127.66,68.49327457801388
2018-08-20 09:00:00,96.55,83.30517699787723
2018-08-20 09:15:00,60.3,100.41724366270438
2018-08-20 09:30:00,111.31,82.1806498558044
2018-08-20 09:45:00,115.56,58.20144258694728
2018-08-20 10:00:00,105.01,89.4636887741336
2018-08-20 10:15:00,55.98,105.7109802516811
2018-08-20 10:30:00,101.2,86.30748662253424
2018-08-20 10:45:00,133.7,56.1778435411437
2018-08-20 11:00:00,118.12,87.03953501467274
2018-08-20 11:15:00,75.2,108.10080543810253
2018-08-20 11:30:00,54.83,98.39300554113734
2018-08-20 11:45:00,37.48,62.49481689358844
2018-08-20 12:00:00,14.11,40.7354692121406
2018-08-20 12:15:00,5.62,42.52190296959896
2018-08-20 12:30:00,5.47,23.008373884028856
2018-08-20 12:45:00,5.22,19.290522968874527
2018-08-20 13:00:00,44.17,32.98966067506079
2018-08-20 13:15:00,58.75,35.27581883679674
2018-08-20 13:30:00,54.54,54.9021392447889
2018-08-20 13:45:00,48.64,68.98393735560083
2018-08-20 14:00:00,45.32,62.045116551404824
2018-08-20 14:15:00,45.65,50.808166927576174
2018-08-20 14:30:00,55.51,53.54950697448261
2018-08-20 14:45:00,51.3,56.56446384889969
2018-08-20 15:00:00,53.06,57.762716552894865
2018-08-20 15:15:00,65.7,54.65415654300141
2018-08-20 15:30:00,55.01,54.31199172904036
2018-08-20 15:45:00,56.38,60.02708394459294
2018-08-20 16:00:00,62.14,56.83857410029496
2018-08-20 16:15:00,97.42,51.61137428302412
2018-08-20 16:30:00,103.36,58.397270212227
2018-08-20 16:45:00,101.48,81.75265958800892
2018-08-20 17:00:00,92.41,81.31764113033277
2018-08-20 17:15:00,114.12,81.16394938079816
2018-08-20 17:30:00,34.31,62.92908715547215
2018-08-20 17:45:00,28.94,77.7129335393088
2018-08-20 18:00:00,35.5,40.73153389800433
2018-08-20 18:15:00,47.41,35.16021846483002
2018-08-20 18:30:00,52.96,49.04782914531066
2018-08-20 18:45:00,45.36,55.01356637752096
2018-08-20 19:00:00,45.72,55.31215638558956
2018-08-20 19:15:00,54.25,46.13760504346604
2018-08-20 19:30:00,46.58,50.6849135643692
2018-08-20 19:45:00,41.18,51.01396860705056
2018-08-20 20:00:00,62.75,51.09404912772361
2018-08-20 20:15:00,49.79,44.96886128665771
2018-08-20 20:30:00,40.86,63.99393940793767
2018-08-20 20:45:00,13.54,52.42041318006366
2018-08-20 21:00:00,6.37,31.021839019395397
2018-08-20 21:15:00,3.74,14.306253081364048
2018-08-20 21:30:00,3.53,14.997085515254833
2018-08-20 21:45:00,3.56,7.757793521453916
2018-08-20 22:00:00,3.38,7.277970437795663
2018-08-20 22:15:00,3.31,5.649109502596783
2018-08-20 22:30:00,2.77,5.884875693146448
2018-08-20 22:45:00,2.63,6.206470738331976
2018-08-20 23:00:00,2.56,5.048905681403358
2018-08-20 23:15:00,2.59,5.091741231694051
2018-08-20 23:30:00,2.52,6.132118238204189
2018-08-20 23:45:00,2.56,5.879343360785654
2018-08-21 00:00:00,2.52,3.23681721930161
2018-08-21 00:15:00,2.74,5.587820434375317
2018-08-21 00:30:00,3.2,5.047627065311353
2018-08-21 00:45:00,2.74,4.879449793949668
2018-08-21 01:00:00,2.66,2.9734337894288423
2018-08-21 01:15:00,2.7,2.315202060933416
2018-08-21 01:30:00,2.7,2.2182990938191764
2018-08-21 01:45:00,2.74,2.531527037033648
2018-08-21 02:00:00,2.77,2.932747739561048
2018-08-21 02:15:00,3.35,3.1211671349558223
2018-08-21 02:30:00,2.88,3.4030800998504915
2018-08-21 02:45:00,2.74,3.936673297885129
2018-08-21 03:00:00,2.77,3.9182445137345283
2018-08-21 03:15:00,2.7,4.010686579782007
2018-08-21 03:30:00,2.74,4.35861860813246
2018-08-21 03:45:00,2.81,4.7001387772124765
2018-08-21 04:00:00,2.7,4.770502384725614
2018-08-21 04:15:00,2.74,5.011728783229948
2018-08-21 04:30:00,2.81,5.202725075148866
2018-08-21 04:45:00,3.28,5.522603862528541
2018-08-21 05:00:00,2.77,5.714854505845555
2018-08-21 05:15:00,2.7,6.103663310303425
2018-08-21 05:30:00,2.74,5.975856898855138
2018-08-21 05:45:00,2.63,6.036422325375728
2018-08-21 06:00:00,2.63,6.265986216983428
2018-08-21 06:15:00,2.63,6.519275003964481
2018-08-21 06:30:00,2.88,6.580127757867142
2018-08-21 06:45:00,2.95,6.615625348334316
2018-08-21 07:00:00,3.24,6.815117975229374
2018-08-21 07:15:00,2.84,7.078102559988931
2018-08-21 07:30:00,3.17,7.451350712733195
2018-08-21 07:45:00,4.1,7.322485139647412
2018-08-21 08:00:00,67.46,23.520788446897903
2018-08-21 08:15:00,69.77,37.80897789165877
2018-08-21 08:30:00,53.42,81.390348231349
2018-08-21 08:45:00,49.79,83.93994750969966
2018-08-21 09:00:00,58.43,68.1386026148565
2018-08-21 09:15:00,55.44,54.363904080103076
2018-08-21 09:30:00,56.84,75.56308525656152
2018-08-21 09:45:00,75.78,79.91734551274777
2018-08-21 10:00:00,48.1,77.38925098214258
2018-08-21 10:15:00,48.56,77.41372672876128
2018-08-21 10:30:00,52.81,73.83748486116163
2018-08-21 10:45:00,65.45,65.61894781623147
2018-08-21 11:00:00,60.8,68.75174702897087
2018-08-21 11:15:00,44.21,72.93013569877778
2018-08-21 11:30:00,41.4,59.0494477954646
2018-08-21 11:45:00,33.77,48.50099137535258
2018-08-21 12:00:00,4.14,30.97885134513269
2018-08-21 12:15:00,5.47,30.911110079287035
2018-08-21 12:30:00,5.47,13.589403078351651
2018-08-21 12:45:00,5.29,10.430743069156211
2018-08-21 13:00:00,39.82,29.637652043475992
2018-08-21 13:15:00,48.02,34.364942784199286
2018-08-21 13:30:00,40.82,51.12951718917371
2018-08-21 13:45:00,39.17,55.448905322947866
2018-08-21 14:00:00,42.91,50.72893943240754
2018-08-21 14:15:00,46.4,49.29737050793461
2018-08-21 14:30:00,52.42,54.527224870457864
2018-08-21 14:45:00,57.64,60.5298695448147
2018-08-21 15:00:00,56.88,63.87091167322698
2018-08-21 15:15:00,51.23,64.97571626883422
2018-08-21 15:30:00,49.86,63.95549165371082
2018-08-21 15:45:00,51.08,60.78101415840251
2018-08-21 16:00:00,50.58,58.386553850845274
2018-08-21 16:15:00,57.64,64.51577339124736
2018-08-21 16:30:00,57.28,68.74140296152817
2018-08-21 16:45:00,50.87,67.48704673784393
2018-08-21 17:00:00,56.48,69.4945679310475
2018-08-21 17:15:00,38.74,64.67737425282785
2018-08-21 17:30:00,30.38,45.345989557301785
2018-08-21 17:45:00,29.02,35.025752389495565
2018-08-21 18:00:00,33.01,37.41591469693426
2018-08-21 18:15:00,54.86,47.39120961844765
2018-08-21 18:30:00,54.76,48.44775606983468
2018-08-21 18:45:00,48.71,63.363541509749474
2018-08-21 19:00:00,56.27,56.69921728517812
2018-08-21 19:15:00,53.93,56.39981095028123
2018-08-21 19:30:00,50.4,55.608649522658375
2018-08-21 19:45:00,55.87,57.86606582114544
2018-08-21 20:00:00,54.9,60.14517614186967
2018-08-21 20:15:00,56.09,57.437110920482795
2018-08-21 20:30:00,57.31,65.55448590048425
2018-08-21 20:45:00,34.06,43.99613913727802
2018-08-21 21:00:00,4.54,40.53344914482689
2018-08-21 21:15:00,3.82,22.949394482034506
2018-08-21 21:30:00,3.49,3.0349022909960475
2018-08-21 21:45:00,3.38,3.0400477677222106
2018-08-21 22:00:00,3.64,6.3850135603336575
2018-08-21 22:15:00,3.89,4.639495389408037
2018-08-21 22:30:00,3.24,3.520595386981743
2018-08-21 22:45:00,2.77,3.9846482590194086
2018-08-21 23:00:00,2.56,2.9466630911910094
2018-08-21 23:15:00,2.59,3.0859026605728346
2018-08-21 23:30:00,2.56,3.2297464058046934
2018-08-21 23:45:00,2.92,3.459591640513082
2018-08-22 00:00:00,2.59,1.8222520720413335
2018-08-22 00:15:00,2.74,2.3941486657296167
2018-08-22 00:30:00,2.63,2.823618270229101
2018-08-22 00:45:00,2.59,3.363045839848212
2018-08-22 01:00:00,2.59,1.7242084142214225
2018-08-22 01:15:00,2.63,0.0
2018-08-22 01:30:00,2.59,0.0
2018-08-22 01:45:00,2.66,0.0
2018-08-22 02:00:00,2.63,0.252626375101773
2018-08-22 02:15:00,2.56,0.6988456774958678
2018-08-22 02:30:00,2.59,0.9051492020297651
2018-08-22 02:45:00,2.95,0.9587184348818774
2018-08-22 03:00:00,3.17,1.143636107426559
2018-08-22 03:15:00,2.95,1.5877707410044586
2018-08-22 03:30:00,3.1,1.988710648153095
2018-08-22 03:45:00,2.59,2.0880209249208406
2018-08-22 04:00:00,2.63,2.3922014925512443
2018-08-22 04:15:00,2.59,2.349660380067572
2018-08-22 04:30:00,2.56,2.5899702866093612
2018-08-22 04:45:00,2.66,2.880146094655995
2018-08-22 05:00:00,2.63,2.9939415300128545
2018-08-22 05:15:00,2.63,3.1712930614260912
2018-08-22 05:30:00,2.63,3.352667939012729
2018-08-22 05:45:00,2.56,3.463589268247162
2018-08-22 06:00:00,2.59,3.6044641760529004
2018-08-22 06:15:00,2.59,3.789144384458531
2018-08-22 06:30:00,2.59,3.9699667998341823
2018-08-22 06:45:00,2.52,4.00022640541329
2018-08-22 07:00:00,2.59,4.185805156011927
2018-08-22 07:15:00,3.46,4.24773209107434
2018-08-22 07:30:00,3.96,4.49562289352459
2018-08-22 07:45:00,4.03,5.666834009961608
2018-08-22 08:00:00,44.57,22.876354344795956
2018-08-22 08:15:00,48.35,25.912314526341554
2018-08-22 08:30:00,59.04,48.43249928236019
2018-08-22 08:45:00,51.41,52.88341894247556
2018-08-22 09:00:00,48.28,55.58766570687902
2018-08-22 09:15:00,68.33,54.54680670507835
2018-08-22 09:30:00,60.01,60.008952761014584
2018-08-22 09:45:00,61.74,71.68058073842806
2018-08-22 10:00:00,42.05,67.96677114946228
2018-08-22 10:15:00,48.67,68.69648750905603
2018-08-22 10:30:00,60.62,55.3197910516527
2018-08-22 10:45:00,57.82,64.92272026387458
2018-08-22 11:00:00,62.03,66.04983154204726
2018-08-22 11:15:00,59.11,67.72938596310348
2018-08-22 11:30:00,51.44,56.94154110574359
2018-08-22 11:45:00,40.93,54.50172024374726
2018-08-22 12:00:00,4.03,32.357460248755324
2018-08-22 12:15:00,4.36,28.999079360321087
2018-08-22 12:30:00,4.46,8.5800175382318
2018-08-22 12:45:00,4.36,8.974109078922421
2018-08-22 13:00:00,32.15,25.30437048817204
2018-08-22 13:15:00,55.48,38.372087344415974
2018-08-22 13:30:00,57.24,42.4026944426971
2018-08-22 13:45:00,51.84,63.24225040603211
2018-08-22 14:00:00,68.76,64.12854115268017
2018-08-22 14:15:00,60.73,47.569803993481536
2018-08-22 14:30:00,60.7,67.8855302501039
2018-08-22 14:45:00,46.22,67.39709100819613
2018-08-22 15:00:00,55.66,60.93783516350092
2018-08-22 15:15:00,47.59,47.4446752511587
2018-08-22 15:30:00,61.6,59.902783911191506
2018-08-22 15:45:00,53.28,59.93223075110022
2018-08-22 16:00:00,56.05,65.49480231454358
2018-08-22 16:15:00,58.75,54.03847092570361
2018-08-22 16:30:00,51.48,53.10607581440878
2018-08-22 16:45:00,56.2,42.13834432703777
2018-08-22 17:00:00,45.18,37.10605698409758
2018-08-22 17:15:00,62.17,37.00958636016877
2018-08-22 17:30:00,34.16,31.98534415273396
2018-08-22 17:45:00,15.05,41.235007854319385
2018-08-22 18:00:00,5.4,25.83779805271925
2018-08-22 18:15:00,3.92,17.882360156257754
2018-08-22 18:30:00,3.49,12.025820132094058
2018-08-22 18:45:00,3.38,14.061789560611393
2018-08-22 19:00:00,3.46,12.081557977225913
2018-08-22 19:15:00,3.42,10.403023436187716
2018-08-22 19:30:00,2.81,8.561237653251105
2018-08-22 19:45:00,2.88,10.210756194690141
2018-08-22 20:00:00,2.88,8.764678093039642
2018-08-22 20:15:00,2.88,9.275873537790648
2018-08-22 20:30:00,2.88,9.994225024858547
2018-08-22 20:45:00,2.92,5.515062923986058
2018-08-22 21:00:00,2.92,0.8920319002811752
2018-08-22 21:15:00,3.02,0.13708954091426406
2018-08-22 21:30:00,2.95,1.8473292669315207
2018-08-22 21:45:00,2.95,0.0
2018-08-22 22:00:00,2.88,0.0
2018-08-22 22:15:00,2.81,0.0
2018-08-22 22:30:00,2.81,0.0
2018-08-22 22:45:00,2.81,0.0
2018-08-22 23:00:00,2.81,0.0
2018-08-22 23:15:00,3.2,0.0
2018-08-22 23:30:00,2.99,0.0
2018-08-22 23:45:00,2.92,0.0
2018-08-23 00:00:00,3.46,0.0
2018-08-23 00:15:00,2.92,0.0
2018-08-23 00:30:00,2.99,0.0
2018-08-23 00:45:00,2.92,0.0
2018-08-23 01:00:00,2.92,0.0
2018-08-23 01:15:00,2.92,0.0
2018-08-23 01:30:00,3.17,0.0
2018-08-23 01:45:00,3.02,0.0
2018-08-23 02:00:00,3.13,0.0
2018-08-23 02:15:00,3.28,0.05553395867192634
2018-08-23 02:30:00,3.2,0.39088729646438836
2018-08-23 02:45:00,5.62,0.885157729686938
2018-08-23 03:00:00,4.46,1.0396121797677544
2018-08-23 03:15:00,4.0,2.607709073476663
2018-08-23 03:30:00,4.07,2.348838454390105
2018-08-23 03:45:00,5.0,1.9548120155492548
2018-08-23 04:00:00,5.18,2.242640814590189
2018-08-23 04:15:00,3.96,3.4259102111196746
2018-08-23 04:30:00,3.64,3.5776414825569063
2018-08-23 04:45:00,3.17,2.977075574798466
2018-08-23 05:00:00,3.13,3.0368946215749766
2018-08-23 05:15:00,3.17,3.0330153917967024
2018-08-23 05:30:00,3.2,3.2177357119227246
2018-08-23 05:45:00,3.13,3.305185003762677
2018-08-23 06:00:00,3.17,3.465268807193439
2018-08-23 06:15:00,3.17,3.5056952313125826
2018-08-23 06:30:00,3.13,3.633270937293517
2018-08-23 06:45:00,3.06,3.7161768047439523
2018-08-23 07:00:00,3.06,3.985478358419087
2018-08-23 07:15:00,3.24,4.242920538216893
2018-08-23 07:30:00,3.78,4.482828084523717
2018-08-23 07:45:00,4.5,4.876777420004132
2018-08-23 08:00:00,41.0,25.496303705365094
2018-08-23 08:15:00,66.06,28.436389898627432
2018-08-23 08:30:00,59.47,53.67876507612861
2018-08-23 08:45:00,57.31,72.74369437477768
2018-08-23 09:00:00,49.54,59.189063738158154
2018-08-23 09:15:00,65.45,61.56963863334565
2018-08-23 09:30:00,52.67,63.31467157980532
2018-08-23 09:45:00,79.13,67.99449506450907
2018-08-23 10:00:00,68.26,62.18811694973922
2018-08-23 10:15:00,59.04,77.2521363842774
2018-08-23 10:30:00,63.9,67.21973320761585
2018-08-23 10:45:00,78.77,53.631777203971026
2018-08-23 11:00:00,71.32,59.030872709458
2018-08-23 11:15:00,71.68,70.05527164646793
2018-08-23 11:30:00,69.01,61.98387075607605
2018-08-23 11:45:00,62.06,54.56056307402022
2018-08-23 12:00:00,15.3,41.06038143176191
2018-08-23 12:15:00,29.23,41.27292605802069
2018-08-23 12:30:00,28.44,15.063005659416644
2018-08-23 12:45:00,28.94,21.12390795089612
2018-08-23 13:00:00,38.88,36.3461483475558
2018-08-23 13:15:00,45.97,53.98436136846055
2018-08-23 13:30:00,41.26,54.01466769963862
2018-08-23 13:45:00,39.82,49.22045595765488
2018-08-23 14:00:00,40.07,49.430194947879876
2018-08-23 14:15:00,40.07,43.125482550052304
2018-08-23 14:30:00,42.62,43.50649381525678
2018-08-23 14:45:00,42.08,42.31496185734785
2018-08-23 15:00:00,41.47,50.42631737185974
2018-08-23 15:15:00,45.4,43.961482005419
2018-08-23 15:30:00,45.79,48.071622443730135
2018-08-23 15:45:00,50.65,46.06626522203231
2018-08-23 16:00:00,51.95,45.9721876737364
2018-08-23 16:15:00,49.46,45.37284489322734
2018-08-23 16:30:00,53.28,47.306686380291026
2018-08-23 16:45:00,53.57,44.40823367731646
2018-08-23 17:00:00,48.49,46.53822091663638
2018-08-23 17:15:00,41.04,51.70757373787515
2018-08-23 17:30:00,31.54,38.08070579065219
2018-08-23 17:45:00,31.68,29.23601496269307
2018-08-23 18:00:00,37.12,23.479492686418762
2018-08-23 18:15:00,39.96,26.860126228538757
2018-08-23 18:30:00,43.24,30.672470575961462
2018-08-23 18:45:00,41.04,33.664496366963476
2018-08-23 19:00:00,40.43,30.867440321021512
2018-08-23 19:15:00,45.54,32.57968309321681
2018-08-23 19:30:00,41.15,28.187994060407114
2018-08-23 19:45:00,48.74,33.05142347231381
2018-08-23 20:00:00,49.82,33.11880696551019
2018-08-23 20:15:00,54.36,35.59584403392918
2018-08-23 20:30:00,41.69,34.446778208634804
2018-08-23 20:45:00,22.36,32.56560262830615
2018-08-23 21:00:00,6.55,23.060321187031672
2018-08-23 21:15:00,3.89,11.118835585501131
2018-08-23 21:30:00,3.78,1.9296933383222772
2018-08-23 21:45:00,3.78,1.614059732638335
2018-08-23 22:00:00,3.67,2.2378647037942585
2018-08-23 22:15:00,4.72,1.2492745089447403
2018-08-23 22:30:00,3.74,0.029390876860578175
2018-08-23 22:45:00,3.38,0.6456129919550655
2018-08-23 23:00:00,2.92,0.0
2018-08-23 23:15:00,2.88,0.0
2018-08-23 23:30:00,2.92,0.0
2018-08-23 23:45:00,2.81,0.18012368566816406
2018-08-24 00:00:00,2.92,2.9927596360523268
2018-08-24 00:15:00,2.95,3.3412383922452555
2018-08-24 00:30:00,2.92,4.212982970319423
2018-08-24 00:45:00,2.92,3.5459925615348737
2018-08-24 01:00:00,2.92,2.229801705808118
2018-08-24 01:15:00,2.92,1.1259453619364734
2018-08-24 01:30:00,2.92,1.2159461136993954
2018-08-24 01:45:00,2.95,1.4365652037051078
2018-08-24 02:00:00,2.88,1.7162099414210061
2018-08-24 02:15:00,2.95,2.0070016978748164
2018-08-24 02:30:00,2.88,2.31345737489589
2018-08-24 02:45:00,2.95,3.056136227500005
2018-08-24 03:00:00,3.13,2.999633263451557
2018-08-24 03:15:00,3.78,3.104784282481603
2018-08-24 03:30:00,3.78,3.4629735995677073
2018-08-24 03:45:00,3.24,4.255932742624058
2018-08-24 04:00:00,2.92,4.556208380040701
2018-08-24 04:15:00,2.95,4.2939952408817526
2018-08-24 04:30:00,2.92,4.209744671844579
2018-08-24 04:45:00,3.02,4.364790377627603
2018-08-24 05:00:00,2.88,4.58927376383302
2018-08-24 05:15:00,2.88,4.781536565373585
2018-08-24 05:30:00,2.92,4.8532973381477795
2018-08-24 05:45:00,2.92,4.983143708702418
2018-08-24 06:00:00,2.88,5.175481301306785
2018-08-24 06:15:00,2.92,5.3043454236769385
2018-08-24 06:30:00,2.84,5.378972232301631
2018-08-24 06:45:00,2.84,5.469602449598309
2018-08-24 07:00:00,2.88,5.647763102356539
2018-08-24 07:15:00,3.71,5.69904930756676
2018-08-24 07:30:00,4.03,5.95708113473291
2018-08-24 07:45:00,3.82,6.630069611472358
2018-08-24 08:00:00,38.59,19.52753248999165
2018-08-24 08:15:00,58.46,25.151792269140813
2018-08-24 08:30:00,64.44,48.93050343568018
2018-08-24 08:45:00,62.32,58.60625174979613
2018-08-24 09:00:00,55.76,57.0855853938682
2018-08-24 09:15:00,51.41,54.90041603090794
2018-08-24 09:30:00,68.58,52.56991464049866
2018-08-24 09:45:00,60.62,55.80459097100598
2018-08-24 10:00:00,61.2,65.44255939089918
2018-08-24 10:15:00,53.39,59.760448552588215
2018-08-24 10:30:00,55.4,58.70684550264137
2018-08-24 10:45:00,51.7,56.29435431133382
2018-08-24 11:00:00,64.48,56.9954733046275
2018-08-24 11:15:00,58.25,58.70309050166079
2018-08-24 11:30:00,57.82,61.37341936168436
2018-08-24 11:45:00,45.11,54.66132848155449
2018-08-24 12:00:00,4.68,37.695610379007306
2018-08-24 12:15:00,4.5,35.53568658816005
2018-08-24 12:30:00,4.5,14.525386912201013
2018-08-24 12:45:00,4.5,13.648016422511652
2018-08-24 13:00:00,32.94,24.012678031298808
2018-08-24 13:15:00,55.48,35.033932679995644
2018-08-24 13:30:00,50.29,46.493742052015
2018-08-24 13:45:00,52.09,62.87128873590487
2018-08-24 14:00:00,57.85,54.29760912220422
2018-08-24 14:15:00,47.16,48.914647258726966
2018-08-24 14:30:00,45.94,60.55982811796437
2018-08-24 14:45:00,39.24,55.116272482110105
2018-08-24 15:00:00,45.76,50.737230326142466
2018-08-24 15:15:00,47.59,49.28061269867449
2018-08-24 15:30:00,51.62,50.9243386868539
2018-08-24 15:45:00,50.58,52.36044253861303
2018-08-24 16:00:00,58.9,59.17533270581487
2018-08-24 16:15:00,53.28,52.71702277624277
2018-08-24 16:30:00,54.11,62.839342259955025
2018-08-24 16:45:00,54.65,61.64709485830626
2018-08-24 17:00:00,56.84,48.98913373945531
2018-08-24 17:15:00,45.54,45.64385241056982
2018-08-24 17:30:00,29.92,45.92813589796614
2018-08-24 17:45:00,28.91,38.36991384678832
2018-08-24 18:00:00,38.09,32.2895290432334
2018-08-24 18:15:00,54.68,34.84063946455103
2018-08-24 18:30:00,57.67,41.14444748415684
2018-08-24 18:45:00,55.12,50.2855762108004
2018-08-24 19:00:00,56.05,52.47133218629335
2018-08-24 19:15:00,53.39,49.171831873187735
2018-08-24 19:30:00,56.7,45.52513730761091
2018-08-24 19:45:00,52.49,47.28063787143137
2018-08-24 20:00:00,51.73,50.21822570641182
2018-08-24 20:15:00,56.63,50.07905775369415
2018-08-24 20:30:00,51.62,55.9119961131119
2018-08-24 20:45:00,17.5,47.0717844984987
2018-08-24 21:00:00,6.7,34.00322075669345
2018-08-24 21:15:00,3.92,11.567970337280602
2018-08-24 21:30:00,3.78,3.0448588319292966
2018-08-24 21:45:00,3.31,3.8590789762762547
2018-08-24 22:00:00,2.95,4.768059173811967
2018-08-24 22:15:00,2.92,2.1734875432194194
2018-08-24 22:30:00,3.06,2.422097621340537
2018-08-24 22:45:00,3.24,2.4693749516312735
2018-08-24 23:00:00,2.7,2.0169159252113253
2018-08-24 23:15:00,2.74,2.3465801080098068
2018-08-24 23:30:00,2.74,2.148257917628772
2018-08-24 23:45:00,2.56,2.80900124854875
2018-08-25 00:00:00,2.7,0.390676776382886
2018-08-25 00:15:00,2.74,0.622742851926958
2018-08-25 00:30:00,2.74,1.5248983746141889
2018-08-25 00:45:00,2.7,1.608998275437333
2018-08-25 01:00:00,2.81,0.0
2018-08-25 01:15:00,2.74,0.0
2018-08-25 01:30:00,2.77,0.0
2018-08-25 01:45:00,2.81,0.0
2018-08-25 02:00:00,2.74,0.0
2018-08-25 02:15:00,2.95,0.0
2018-08-25 02:30:00,3.38,0.0
2018-08-25 02:45:00,2.92,0.0
2018-08-25 03:00:00,2.81,0.3558380375223855
2018-08-25 03:15:00,3.31,0.3409896958715741
2018-08-25 03:30:00,3.02,0.43900915378000605
2018-08-25 03:45:00,2.84,0.9362059026591467
2018-08-25 04:00:00,2.77,1.0347337729833583
2018-08-25 04:15:00,2.84,1.0493452282005116
2018-08-25 04:30:00,2.81,1.2167092993764044
2018-08-25 04:45:00,2.81,1.5682257610959915
2018-08-25 05:00:00,2.81,1.6976393224724475
2018-08-25 05:15:00,2.74,1.8458437362341975
2018-08-25 05:30:00,2.74,2.0396504335832404
2018-08-25 05:45:00,2.81,2.2304815603043053
2018-08-25 06:00:00,2.77,2.363917720765631
2018-08-25 06:15:00,2.77,2.4708503105195128
2018-08-25 06:30:00,2.92,2.635466855526314
2018-08-25 06:45:00,3.28,2.811119222429536
2018-08-25 07:00:00,2.77,2.8756935751234636
2018-08-25 07:15:00,3.02,3.3392747727359158
2018-08-25 07:30:00,3.2,4.228303865538276
2018-08-25 07:45:00,3.1,8.168662072396046
2018-08-25 08:00:00,4.21,25.61190351382299
2018-08-25 08:15:00,4.21,35.06753692142418
2018-08-25 08:30:00,5.83,29.178572859153594
2018-08-25 08:45:00,5.62,30.0783592252323
2018-08-25 09:00:00,4.93,30.890959692956134
2018-08-25 09:15:00,4.57,27.90281431132633
2018-08-25 09:30:00,6.66,28.101226123683517
2018-08-25 09:45:00,4.43,29.739683963645287
2018-08-25 10:00:00,4.61,36.911609137937724
2018-08-25 10:15:00,4.43,28.913486860456928
2018-08-25 10:30:00,4.57,26.615776743196083
2018-08-25 10:45:00,4.79,34.706002022943984
2018-08-25 11:00:00,4.68,23.252557982751796
2018-08-25 11:15:00,5.18,21.526626714497425
2018-08-25 11:30:00,5.44,19.748000288135145
2018-08-25 11:45:00,3.35,15.138222895445619
2018-08-25 12:00:00,3.56,3.2351430222523625
2018-08-25 12:15:00,3.67,1.8340219814416017
2018-08-25 12:30:00,3.46,1.7205074435151566
2018-08-25 12:45:00,3.38,1.9814211335605059
2018-08-25 13:00:00,4.25,11.302203922315513
2018-08-25 13:15:00,4.57,18.221088041067446
2018-08-25 13:30:00,4.79,18.038034489042644
2018-08-25 13:45:00,5.8,19.68512908887516
2018-08-25 14:00:00,5.58,19.54846481572355
2018-08-25 14:15:00,5.51,18.390408296619334
2018-08-25 14:30:00,5.51,17.25897881390236
2018-08-25 14:45:00,5.58,14.769617889894375
2018-08-25 15:00:00,5.51,16.2942000502499
2018-08-25 15:15:00,5.36,17.749741251994813
2018-08-25 15:30:00,6.37,21.272414342868643
2018-08-25 15:45:00,6.84,23.699862301906574
2018-08-25 16:00:00,7.13,24.306996078045184
2018-08-25 16:15:00,6.37,26.147304470409523
2018-08-25 16:30:00,3.74,23.030690274352274
2018-08-25 16:45:00,4.03,11.448910179391568
2018-08-25 17:00:00,3.67,7.495579996337433
2018-08-25 17:15:00,3.53,4.746643417011569
2018-08-25 17:30:00,3.42,1.8522841109122794
2018-08-25 17:45:00,3.42,1.3805975364452614
2018-08-25 18:00:00,3.38,2.606359823530358
2018-08-25 18:15:00,3.46,5.441467846869468
2018-08-25 18:30:00,3.46,5.815704797986953
2018-08-25 18:45:00,3.38,5.245559227300646
2018-08-25 19:00:00,2.84,5.210638128850206
2018-08-25 19:15:00,2.81,4.601164144528127
2018-08-25 19:30:00,2.92,4.80619181744796
2018-08-25 19:45:00,2.88,4.090970000170763
2018-08-25 20:00:00,2.84,4.1190767478312225
2018-08-25 20:15:00,2.92,5.0065361484941135
2018-08-25 20:30:00,3.42,3.976136729232877
2018-08-25 20:45:00,3.31,0.0
2018-08-25 21:00:00,2.88,0.0
2018-08-25 21:15:00,2.92,0.0
2018-08-25 21:30:00,2.88,0.0
2018-08-25 21:45:00,2.95,0.0
2018-08-25 22:00:00,2.88,0.0
2018-08-25 22:15:00,2.66,0.0
2018-08-25 22:30:00,2.56,0.0
2018-08-25 22:45:00,2.52,0.0
2018-08-25 23:00:00,2.74,0.0
2018-08-25 23:15:00,3.17,0.0
2018-08-25 23:30:00,2.59,0.0
2018-08-25 23:45:00,2.88,0.0
2018-08-26 00:00:00,2.56,0.0
2018-08-26 00:15:00,2.63,0.0
2018-08-26 00:30:00,2.66,0.0
2018-08-26 00:45:00,2.59,0.0
2018-08-26 01:00:00,2.66,0.0
2018-08-26 01:15:00,2.63,0.0
2018-08-26 01:30:00,2.59,0.0
2018-08-26 01:45:00,2.56,0.012890388750939508
2018-08-26 02:00:00,2.77,0.26509444955772565
2018-08-26 02:15:00,3.24,0.5224140887654833
2018-08-26 02:30:00,2.81,0.9546066613806161
2018-08-26 02:45:00,2.56,1.5193968713499046
2018-08-26 03:00:00,2.59,1.4127613951546074
2018-08-26 03:15:00,2.59,1.53136111763175
2018-08-26 03:30:00,2.63,1.818450935252443
2018-08-26 03:45:00,3.1,2.0651043869332177
2018-08-26 04:00:00,2.84,2.3502653002210003
2018-08-26 04:15:00,2.63,2.8020624056372085
2018-08-26 04:30:00,2.56,2.8472463746210757
2018-08-26 04:45:00,2.59,2.8588146522984026
2018-08-26 05:00:00,2.59,3.0012397319663933
2018-08-26 05:15:00,2.59,3.2755089235758206
2018-08-26 05:30:00,2.77,3.442681306415004
2018-08-26 05:45:00,2.77,3.572717153583575
2018-08-26 06:00:00,2.7,3.8145603540872806
2018-08-26 06:15:00,2.7,3.9724282384052643
2018-08-26 06:30:00,2.74,4.103083881662375
2018-08-26 06:45:00,2.74,4.226428396391032
2018-08-26 07:00:00,2.7,4.253740509211088
2018-08-26 07:15:00,2.74,4.360559856214493
2018-08-26 07:30:00,2.84,4.412049060965661
2018-08-26 07:45:00,4.61,4.5560231816754175
2018-08-26 08:00:00,6.73,4.957656959310892
2018-08-26 08:15:00,5.72,5.867949547100363
2018-08-26 08:30:00,5.72,7.345632204095693
2018-08-26 08:45:00,5.65,6.640462669881675
2018-08-26 09:00:00,5.65,6.190154263203567
2018-08-26 09:15:00,5.08,6.270278247349221
2018-08-26 09:30:00,5.8,6.892530935250495
2018-08-26 09:45:00,5.62,6.041611578719987
2018-08-26 10:00:00,6.34,6.394904414909757
2018-08-26 10:15:00,5.33,6.24539554778783
2018-08-26 10:30:00,5.33,6.4320630712523545
2018-08-26 10:45:00,5.4,5.805232204666037
2018-08-26 11:00:00,5.04,5.502555978526473
2018-08-26 11:15:00,5.26,5.531964751011582
2018-08-26 11:30:00,4.57,5.267183858225589
2018-08-26 11:45:00,4.64,4.665629952733447
2018-08-26 12:00:00,3.31,4.317702046609906
2018-08-26 12:15:00,3.06,4.334818454400359
2018-08-26 12:30:00,3.02,3.184252515154931
2018-08-26 12:45:00,3.06,2.848898340106725
2018-08-26 13:00:00,3.24,2.8049368239129002
2018-08-26 13:15:00,5.0,2.6109999585929877
2018-08-26 13:30:00,5.98,2.3461728764700283
2018-08-26 13:45:00,6.59,3.351045741952049
2018-08-26 14:00:00,5.62,3.540086816396361
2018-08-26 14:15:00,5.15,3.4025374938005406
2018-08-26 14:30:00,4.93,2.397321570333606
2018-08-26 14:45:00,4.82,1.9557759216611146
2018-08-26 15:00:00,6.12,1.7532193780809173
2018-08-26 15:15:00,8.24,1.5204332327175685
2018-08-26 15:30:00,7.85,2.171762338681333
2018-08-26 15:45:00,7.96,3.208205546089168
2018-08-26 16:00:00,8.42,2.7758739424589436
2018-08-26 16:15:00,7.67,2.160129293244463
2018-08-26 16:30:00,4.0,1.8104012749051996
2018-08-26 16:45:00,3.89,1.3823419393395149
2018-08-26 17:00:00,4.14,0.0
2018-08-26 17:15:00,4.57,0.0
2018-08-26 17:30:00,4.25,0.0
2018-08-26 17:45:00,3.64,0.0
2018-08-26 18:00:00,3.6,0.0
2018-08-26 18:15:00,3.53,0.0
2018-08-26 18:30:00,3.6,0.0
2018-08-26 18:45:00,3.24,0.0
2018-08-26 19:00:00,3.06,0.0
2018-08-26 19:15:00,3.06,0.0
2018-08-26 19:30:00,3.06,0.0
2018-08-26 19:45:00,3.06,0.0
2018-08-26 20:00:00,3.13,0.0
2018-08-26 20:15:00,3.1,0.0
2018-08-26 20:30:00,3.1,0.0
2018-08-26 20:45:00,3.06,0.0
2018-08-26 21:00:00,3.13,0.0
2018-08-26 21:15:00,3.06,0.0
2018-08-26 21:30:00,3.17,0.0
2018-08-26 21:45:00,3.13,0.0
2018-08-26 22:00:00,2.99,0.0
2018-08-26 22:15:00,2.92,0.0
2018-08-26 22:30:00,2.92,0.0
2018-08-26 22:45:00,3.89,0.0
2018-08-26 23:00:00,3.85,0.0
2018-08-26 23:15:00,3.02,0.0
2018-08-26 23:30:00,2.88,0.0
2018-08-26 23:45:00,2.66,0.0
2018-08-27 00:00:00,2.92,3.08589629672457
2018-08-27 00:15:00,2.95,3.383959435616145
2018-08-27 00:30:00,3.02,3.8383832901271795
2018-08-27 00:45:00,2.99,4.2389357985186
2018-08-27 01:00:00,2.92,4.315224839695052
2018-08-27 01:15:00,2.95,4.4331871160156275
2018-08-27 01:30:00,2.95,4.644300181036872
2018-08-27 01:45:00,2.95,4.911451708384618
2018-08-27 02:00:00,2.99,5.22284012285294
2018-08-27 02:15:00,2.92,5.551158039678715
2018-08-27 02:30:00,3.17,5.748624006058517
2018-08-27 02:45:00,3.53,5.909328955014907
2018-08-27 03:00:00,2.92,6.390055418778189
2018-08-27 03:15:00,2.92,6.863865710548133
2018-08-27 03:30:00,2.92,6.690707515787484
2018-08-27 03:45:00,2.95,6.932043162719129
2018-08-27 04:00:00,2.95,7.181435115795569
2018-08-27 04:15:00,2.92,7.448429284883723
2018-08-27 04:30:00,2.88,7.598181639500229
2018-08-27 04:45:00,2.88,7.882835034480628
2018-08-27 05:00:00,3.1,8.036828507394588
2018-08-27 05:15:00,3.49,8.127739344942505
2018-08-27 05:30:00,2.88,8.467436432356937
2018-08-27 05:45:00,2.84,8.868603649231883
2018-08-27 06:00:00,2.88,8.64174075764738
2018-08-27 06:15:00,2.88,8.684030325839995
2018-08-27 06:30:00,2.84,8.998780855776754
2018-08-27 06:45:00,2.88,9.155887411915508
2018-08-27 07:00:00,3.02,9.129505886409177
2018-08-27 07:15:00,3.53,9.234489365809843
2018-08-27 07:30:00,3.74,9.480186037031842
2018-08-27 07:45:00,3.92,10.244647714361374
2018-08-27 08:00:00,28.48,24.801731672086788
2018-08-27 08:15:00,47.3,21.868469196860758
2018-08-27 08:30:00,50.54,45.93507675002711
2018-08-27 08:45:00,55.73,61.928594814022446
2018-08-27 09:00:00,59.98,55.731056702121265
2018-08-27 09:15:00,53.75,48.86295763127278
2018-08-27 09:30:00,62.71,64.01529994680581
2018-08-27 09:45:00,60.66,62.68713623363888
2018-08-27 10:00:00,54.72,65.07004398229782
2018-08-27 10:15:00,57.6,55.380455083488044
2018-08-27 10:30:00,58.93,60.76503138946107
2018-08-27 10:45:00,65.45,67.75888376079862
2018-08-27 11:00:00,54.94,66.79064381328357
2018-08-27 11:15:00,47.88,61.17185197190645
2018-08-27 11:30:00,41.29,49.721068631220035
2018-08-27 11:45:00,40.57,41.05339701070905
2018-08-27 12:00:00,28.12,32.54873483600863
2018-08-27 12:15:00,25.24,33.36980242224055
2018-08-27 12:30:00,25.27,27.10425757778498
2018-08-27 12:45:00,25.52,24.33641183640679
2018-08-27 13:00:00,46.3,33.110104922935655
2018-08-27 13:15:00,58.68,37.03264968338573
2018-08-27 13:30:00,46.76,46.174546322284996
2018-08-27 13:45:00,41.76,53.31334486738868
2018-08-27 14:00:00,52.42,43.70265424189756
2018-08-27 14:15:00,68.65,37.69436839351462
2018-08-27 14:30:00,45.79,48.95169911175364
2018-08-27 14:45:00,67.79,60.00671192713751
2018-08-27 15:00:00,43.88,46.115863124815654
2018-08-27 15:15:00,45.9,57.61483590241275
2018-08-27 15:30:00,50.51,45.11961502344113
2018-08-27 15:45:00,49.5,44.56284448296577
2018-08-27 16:00:00,52.02,47.43416931038433
2018-08-27 16:15:00,63.22,55.776534051875615
2018-08-27 16:30:00,44.42,54.21102295763258
2018-08-27 16:45:00,63.4,59.87811594338089
2018-08-27 17:00:00,51.73,48.150829901850365
2018-08-27 17:15:00,49.97,62.55238331915251
2018-08-27 17:30:00,46.58,43.23317153762276
2018-08-27 17:45:00,29.95,39.15577207808986
2018-08-27 18:00:00,5.54,36.41897724360418
2018-08-27 18:15:00,3.6,32.515171229796735
2018-08-27 18:30:00,3.38,19.41053241347555
2018-08-27 18:45:00,3.42,14.788912548349431
2018-08-27 19:00:00,3.42,19.346257656273067
2018-08-27 19:15:00,3.46,17.670658377811662
2018-08-27 19:30:00,3.46,13.590200653177728
2018-08-27 19:45:00,3.35,12.783489677390136
2018-08-27 20:00:00,3.38,16.942011142863674
2018-08-27 20:15:00,3.42,14.18501420194963
2018-08-27 20:30:00,2.88,13.564992795060085
2018-08-27 20:45:00,2.84,6.661166618200301
2018-08-27 21:00:00,2.88,6.817105055815578
2018-08-27 21:15:00,2.81,5.503305381807397
2018-08-27 21:30:00,2.84,5.700705984478542
2018-08-27 21:45:00,2.77,5.6859174466289915
2018-08-27 22:00:00,2.7,4.402219621726385
2018-08-27 22:15:00,2.66,2.4202291242608815
2018-08-27 22:30:00,2.7,2.248802788820292
2018-08-27 22:45:00,2.63,2.4897095568817207
2018-08-27 23:00:00,2.59,2.67237184825197
2018-08-27 23:15:00,2.66,2.6716246754147654
2018-08-27 23:30:00,3.13,2.789820491054666
2018-08-27 23:45:00,3.42,3.0037915687545684
2018-08-28 00:00:00,2.59,1.0096559759202748
2018-08-28 00:15:00,2.56,1.4573637726129043
2018-08-28 00:30:00,2.59,1.2763225524719353
2018-08-28 00:45:00,2.59,1.282878515336268
2018-08-28 01:00:00,2.56,1.6389369974339694
2018-08-28 01:15:00,2.74,1.9565046610067576
2018-08-28 01:30:00,3.06,2.0870285920525937
2018-08-28 01:45:00,2.59,2.4603709030272043
2018-08-28 02:00:00,2.59,2.9291416070560743
2018-08-28 02:15:00,2.56,2.994690829068766
2018-08-28 02:30:00,2.59,3.1353156463424874
2018-08-28 02:45:00,2.59,3.474153700131616
2018-08-28 03:00:00,2.59,3.6814773219666037
2018-08-28 03:15:00,2.52,3.8621075586385274
2018-08-28 03:30:00,2.52,4.1224378500460475
2018-08-28 03:45:00,2.56,4.385038939225048
2018-08-28 04:00:00,2.56,4.614769347339262
2018-08-28 04:15:00,2.52,4.803109643350577
2018-08-28 04:30:00,2.63,5.026890080570187
2018-08-28 04:45:00,3.17,5.297671241693042
2018-08-28 05:00:00,3.06,5.490570743682245
2018-08-28 05:15:00,2.52,6.053678946580646
2018-08-28 05:30:00,2.52,6.091331443046883
2018-08-28 05:45:00,3.06,5.872528273637336
2018-08-28 06:00:00,2.56,5.97609051013405
2018-08-28 06:15:00,2.56,6.539524375809659
2018-08-28 06:30:00,2.52,6.430612584988943
2018-08-28 06:45:00,2.59,6.420018755370712
2018-08-28 07:00:00,2.52,6.618250575996878
2018-08-28 07:15:00,2.95,6.807892892385983
2018-08-28 07:30:00,3.31,6.859494416758007
2018-08-28 07:45:00,3.67,7.358543126144582
2018-08-28 08:00:00,31.72,24.877387152612844
2018-08-28 08:15:00,49.18,28.865831383903224
2018-08-28 08:30:00,53.24,42.2523357358508
2018-08-28 08:45:00,45.9,53.71472424190194
2018-08-28 09:00:00,52.06,56.48183549668536
2018-08-28 09:15:00,60.7,48.23118880009349
2018-08-28 09:30:00,66.74,55.54927439576895
2018-08-28 09:45:00,62.86,66.702210887366
2018-08-28 10:00:00,50.15,63.602106445740446
2018-08-28 10:15:00,59.08,60.52487106417364
2018-08-28 10:30:00,50.4,53.9952224005
2018-08-28 10:45:00,60.91,63.25779263875278
2018-08-28 11:00:00,61.09,57.33183752883684
2018-08-28 11:15:00,59.9,56.980350566519135
2018-08-28 11:30:00,55.98,54.803457878972694
2018-08-28 11:45:00,40.72,52.3017335873933
2018-08-28 12:00:00,5.0,40.0045868131493
2018-08-28 12:15:00,4.32,33.890095135031
2018-08-28 12:30:00,4.39,14.41930344948438
2018-08-28 12:45:00,4.28,13.910410372530757
2018-08-28 13:00:00,29.02,27.499383117578898
2018-08-28 13:15:00,53.32,30.74084330588061
2018-08-28 13:30:00,58.0,37.985536731711996
2018-08-28 13:45:00,49.54,52.2594979732572
2018-08-28 14:00:00,51.16,55.52005261158941
2018-08-28 14:15:00,50.4,49.52696324623791
2018-08-28 14:30:00,41.69,49.737123889821845
2018-08-28 14:45:00,50.18,56.92835656458311
2018-08-28 15:00:00,45.61,48.6945612223022
2018-08-28 15:15:00,42.7,51.77808830373003
2018-08-28 15:30:00,47.41,51.31540104131992
2018-08-28 15:45:00,48.06,48.29385489811505
2018-08-28 16:00:00,49.97,48.801416140223694
2018-08-28 16:15:00,44.78,50.79438630374317
2018-08-28 16:30:00,35.93,47.09604207119591
2018-08-28 16:45:00,40.07,45.17645932491875
2018-08-28 17:00:00,40.39,39.01908236934183
2018-08-28 17:15:00,40.61,39.385278976619816
2018-08-28 17:30:00,30.31,40.528177040487336
2018-08-28 17:45:00,30.53,37.004183680204804
2018-08-28 18:00:00,34.49,25.60761592332443
2018-08-28 18:15:00,39.24,29.938959676164195
2018-08-28 18:30:00,33.95,33.03023907177577
2018-08-28 18:45:00,32.94,33.95929984227278
2018-08-28 19:00:00,38.2,31.83536198979661
2018-08-28 19:15:00,39.35,29.619471061778093
2018-08-28 19:30:00,41.22,32.533687302929394
2018-08-28 19:45:00,42.62,35.49742382123803
2018-08-28 20:00:00,49.64,35.403155599707524
2018-08-28 20:15:00,60.16,36.496738301869925
2018-08-28 20:30:00,46.62,40.85953332729162
2018-08-28 20:45:00,28.01,41.61156492366365
2018-08-28 21:00:00,4.36,28.07974559762905
2018-08-28 21:15:00,3.82,15.689837147708513
2018-08-28 21:30:00,3.64,3.2099484556672877
2018-08-28 21:45:00,3.6,4.419107750673991
2018-08-28 22:00:00,3.42,5.6932592378296505
2018-08-28 22:15:00,3.53,4.758436597503959
2018-08-28 22:30:00,3.42,2.6976896544110858
2018-08-28 22:45:00,3.13,2.1698838418665467
2018-08-28 23:00:00,2.77,1.9098357293926753
2018-08-28 23:15:00,2.74,2.0603533805796097
2018-08-28 23:30:00,2.92,2.343372942821432
2018-08-28 23:45:00,2.88,3.005437834448717
2018-08-29 00:00:00,2.74,0.9661232335644208
2018-08-29 00:15:00,2.81,1.97134974377283
2018-08-29 00:30:00,2.77,3.1874009485756716
2018-08-29 00:45:00,2.77,2.5025600366827128
2018-08-29 01:00:00,2.7,1.2968898937381859
2018-08-29 01:15:00,2.77,0.0
2018-08-29 01:30:00,2.7,0.0
2018-08-29 01:45:00,2.7,0.009850406471056061
2018-08-29 02:00:00,2.7,0.22428945421299318
2018-08-29 02:15:00,2.77,0.43791297367246074
2018-08-29 02:30:00,2.77,0.7176694663121452
2018-08-29 02:45:00,2.77,1.089384819865792
2018-08-29 03:00:00,2.7,1.359484892924776
2018-08-29 03:15:00,2.74,1.5131607811428864
2018-08-29 03:30:00,2.74,1.7455801617357949
2018-08-29 03:45:00,2.95,1.9307975108674285
2018-08-29 04:00:00,3.38,2.1777128691427805
2018-08-29 04:15:00,2.88,2.4944486281607716
2018-08-29 04:30:00,2.7,2.98045928632925
2018-08-29 04:45:00,2.77,3.0133260599651166
2018-08-29 05:00:00,2.77,3.00986069831621
2018-08-29 05:15:00,3.2,3.189812092284612
2018-08-29 05:30:00,2.99,3.4504291105653486
2018-08-29 05:45:00,2.74,3.8726834628948055
2018-08-29 06:00:00,2.77,3.816335015610477
2018-08-29 06:15:00,2.74,3.7680436101087977
2018-08-29 06:30:00,2.7,3.893724081201416
2018-08-29 06:45:00,2.66,4.054500231840969
2018-08-29 07:00:00,2.7,4.098261159074948
2018-08-29 07:15:00,3.24,4.36568939361932
2018-08-29 07:30:00,3.78,4.628082806807871
2018-08-29 07:45:00,3.46,5.056080452058779
2018-08-29 08:00:00,34.31,18.644908575386168
2018-08-29 08:15:00,55.66,22.33028320999293
2018-08-29 08:30:00,55.08,42.910124336145145
2018-08-29 08:45:00,60.95,53.759695707884475
2018-08-29 09:00:00,56.84,51.660552613408704
2018-08-29 09:15:00,50.15,57.63171568813341
2018-08-29 09:30:00,48.46,57.88553643600501
2018-08-29 09:45:00,43.27,55.0730847150125
2018-08-29 10:00:00,34.88,47.3898466837709
2018-08-29 10:15:00,37.08,48.933051227120686
2018-08-29 10:30:00,45.72,44.63775318925136
2018-08-29 10:45:00,44.82,46.243134647819055
2018-08-29 11:00:00,58.1,52.73966088691549
2018-08-29 11:15:00,59.29,50.71154419281464
2018-08-29 11:30:00,52.78,53.74753425010666
2018-08-29 11:45:00,48.64,49.97799850436096
2018-08-29 12:00:00,4.79,31.5630414815152
2018-08-29 12:15:00,5.87,30.468255890108725
2018-08-29 12:30:00,5.9,8.794411116996557
2018-08-29 12:45:00,6.26,8.05672754945985
2018-08-29 13:00:00,32.9,22.276818550861396
2018-08-29 13:15:00,60.77,31.665120146393555
2018-08-29 13:30:00,50.4,42.517179740327144
2018-08-29 13:45:00,41.72,56.92643914670561
2018-08-29 14:00:00,49.46,52.53385272018933
2018-08-29 14:15:00,56.2,40.17518171433125
2018-08-29 14:30:00,38.99,46.21996638812345
2018-08-29 14:45:00,38.84,53.79302670163469
2018-08-29 15:00:00,53.28,43.10845633758261
2018-08-29 15:15:00,44.96,39.69213981195391
2018-08-29 15:30:00,56.2,54.6718777413693
2018-08-29 15:45:00,55.73,49.11034030520004
2018-08-29 16:00:00,58.03,51.94593056322965
2018-08-29 16:15:00,54.47,48.37813102081405
2018-08-29 16:30:00,52.96,47.152649251392404
2018-08-29 16:45:00,52.88,44.99151380326911
2018-08-29 17:00:00,53.64,42.46983836914365
2018-08-29 17:15:00,44.6,48.350774760781576
2018-08-29 17:30:00,29.02,43.78594885222765
2018-08-29 17:45:00,29.41,33.54067066778396
2018-08-29 18:00:00,36.18,21.69761011296472
2018-08-29 18:15:00,54.54,23.236380205804544
2018-08-29 18:30:00,56.16,28.42782507461921
2018-08-29 18:45:00,40.68,36.780729267022664
2018-08-29 19:00:00,43.06,36.880360492094496
2018-08-29 19:15:00,63.76,27.47690761646215
2018-08-29 19:30:00,41.47,27.694451174864035
2018-08-29 19:45:00,45.25,44.322342723561405
2018-08-29 20:00:00,46.98,33.83915281168399
2018-08-29 20:15:00,43.67,33.327079728461854
2018-08-29 20:30:00,43.31,34.30304150659766
2018-08-29 20:45:00,14.22,31.605787779352188
2018-08-29 21:00:00,6.3,23.98495115043596
2018-08-29 21:15:00,3.92,8.0469421572184
2018-08-29 21:30:00,3.82,2.190927551309443
2018-08-29 21:45:00,3.74,1.3580901901487472
2018-08-29 22:00:00,3.6,2.7476325646583426
2018-08-29 22:15:00,3.35,0.5594808498483772
2018-08-29 22:30:00,3.53,1.4334513520828835
2018-08-29 22:45:00,3.06,1.4823902018053872
2018-08-29 23:00:00,2.92,0.0
2018-08-29 23:15:00,2.88,0.21052535227421032
2018-08-29 23:30:00,2.84,2.22716863619015
2018-08-29 23:45:00,2.74,0.6870679158700455
2018-08-30 00:00:00,2.88,0.9571589337489677
2018-08-30 00:15:00,2.92,1.3141720125011673
2018-08-30 00:30:00,2.95,1.515750253372115
2018-08-30 00:45:00,2.99,1.9288588438892056
2018-08-30 01:00:00,2.92,0.0
2018-08-30 01:15:00,2.66,0.0
2018-08-30 01:30:00,2.63,0.0
2018-08-30 01:45:00,2.66,0.0
2018-08-30 02:00:00,2.66,0.0
2018-08-30 02:15:00,2.66,0.09387746498590488
2018-08-30 02:30:00,2.66,0.3180327242156551
2018-08-30 02:45:00,2.77,1.0531100955251418
2018-08-30 03:00:00,3.13,1.0162864609654676
2018-08-30 03:15:00,2.66,1.2341381998653418
2018-08-30 03:30:00,2.66,1.6985074465343324
2018-08-30 03:45:00,2.7,1.8942017044126338
2018-08-30 04:00:00,3.17,2.172315905277209
2018-08-30 04:15:00,2.66,2.148540489878833
2018-08-30 04:30:00,2.63,2.596443516522349
2018-08-30 04:45:00,2.59,2.3908710462987806
2018-08-30 05:00:00,2.66,2.497714225520898
2018-08-30 05:15:00,2.59,2.791382133615123
2018-08-30 05:30:00,2.52,3.0088021977202075
2018-08-30 05:45:00,2.52,3.016087620241489
2018-08-30 06:00:00,2.52,3.1269455083587445
2018-08-30 06:15:00,2.59,3.2621080537646314
2018-08-30 06:30:00,2.59,3.372395714658701
2018-08-30 06:45:00,2.48,3.487981136761487
2018-08-30 07:00:00,2.84,3.587276123494952
2018-08-30 07:15:00,3.71,3.755057748447456
2018-08-30 07:30:00,3.85,4.177390672288944
2018-08-30 07:45:00,3.71,4.84278239789683
2018-08-30 08:00:00,30.96,17.851308190706447
2018-08-30 08:15:00,50.8,26.599750364971243
2018-08-30 08:30:00,47.3,40.83717996784489
2018-08-30 08:45:00,53.96,54.15192874387984
2018-08-30 09:00:00,56.74,47.84384912595414
2018-08-30 09:15:00,53.6,50.85459497298609
2018-08-30 09:30:00,42.23,52.73467138566079
2018-08-30 09:45:00,43.13,56.91080156124078
2018-08-30 10:00:00,42.66,45.346009296322066
2018-08-30 10:15:00,51.62,45.09488512563682
2018-08-30 10:30:00,48.17,48.958035887555894
2018-08-30 10:45:00,48.35,56.33393806344323
2018-08-30 11:00:00,42.84,54.04012029021871
2018-08-30 11:15:00,68.87,53.19809837793839
2018-08-30 11:30:00,46.55,48.06480829633172
2018-08-30 11:45:00,43.34,61.18875794886287
2018-08-30 12:00:00,6.16,31.891707826776535
2018-08-30 12:15:00,4.97,31.557330998252574
2018-08-30 12:30:00,5.47,12.494814381921795
2018-08-30 12:45:00,5.33,13.551679849115633
2018-08-30 13:00:00,27.76,22.176188059954484
2018-08-30 13:15:00,47.23,29.045092316932504
2018-08-30 13:30:00,58.03,35.03627423687866
2018-08-30 13:45:00,50.33,43.807036417526376
2018-08-30 14:00:00,68.65,49.994823980469306
2018-08-30 14:15:00,52.13,43.82356625541159
2018-08-30 14:30:00,59.18,53.18247629815362
2018-08-30 14:45:00,49.14,46.58494921281843
2018-08-30 15:00:00,57.24,51.64620776936724
2018-08-30 15:15:00,54.94,45.54736374131548
2018-08-30 15:30:00,55.55,55.98281914222862
2018-08-30 15:45:00,56.38,52.920544932575226
2018-08-30 16:00:00,57.67,53.34339908851629
2018-08-30 16:15:00,47.66,48.39639585182417
2018-08-30 16:30:00,48.56,49.74842474138573
2018-08-30 16:45:00,43.24,43.4489391864633
2018-08-30 17:00:00,42.48,41.92151444281514
2018-08-30 17:15:00,39.35,38.59553639512353
2018-08-30 17:30:00,41.44,34.893314877073294
2018-08-30 17:45:00,47.38,33.3142544938208
2018-08-30 18:00:00,100.58,36.228466666244636
2018-08-30 18:15:00,77.4,44.84738254805274
2018-08-30 18:30:00,39.92,74.89215204076675
2018-08-30 18:45:00,40.61,60.199974948950455
2018-08-30 19:00:00,39.89,31.487044752081232
2018-08-30 19:15:00,37.33,37.45200738309286
2018-08-30 19:30:00,40.86,42.30738999647217
2018-08-30 19:45:00,33.12,41.05435479849146
2018-08-30 20:00:00,38.52,39.426993711760176
2018-08-30 20:15:00,34.42,37.026659720913536
2018-08-30 20:30:00,32.22,35.528520882242354
2018-08-30 20:45:00,24.44,24.14395314137732
2018-08-30 21:00:00,3.74,17.72963932637801
2018-08-30 21:15:00,4.25,11.597351394374225
2018-08-30 21:30:00,3.89,0.0
2018-08-30 21:45:00,3.64,0.10988928545373611
2018-08-30 22:00:00,3.53,2.4534229092520263
2018-08-30 22:15:00,3.31,7.031973146690408
2018-08-30 22:30:00,2.88,2.8391414555557652
2018-08-30 22:45:00,3.38,0.0
2018-08-30 23:00:00,2.77,0.0
2018-08-30 23:15:00,2.63,0.0
2018-08-30 23:30:00,2.7,0.0
2018-08-30 23:45:00,2.95,0.016545663140401956
2018-08-31 00:00:00,2.74,1.5649005062723198
2018-08-31 00:15:00,2.7,2.643627233695547
2018-08-31 00:30:00,2.7,2.479249250099432
2018-08-31 00:45:00,2.7,2.5862083446652413
2018-08-31 01:00:00,2.7,2.2909939033172613
2018-08-31 01:15:00,2.7,0.7793333123923212
2018-08-31 01:30:00,2.74,1.048161173683713
2018-08-31 01:45:00,2.77,1.2851945375059834
2018-08-31 02:00:00,2.7,1.5379588121886059
2018-08-31 02:15:00,2.74,1.8184218282813163
2018-08-31 02:30:00,2.99,2.0009494384222286
2018-08-31 02:45:00,3.2,2.2706291041591022
2018-08-31 03:00:00,2.81,2.82618749912427
2018-08-31 03:15:00,2.74,3.2065557140308236
2018-08-31 03:30:00,2.74,3.188433553365307
2018-08-31 03:45:00,2.74,3.2512952518794513
2018-08-31 04:00:00,3.02,3.584880061430038
2018-08-31 04:15:00,3.38,3.745370233157516
2018-08-31 04:30:00,2.81,4.065129329938205
2018-08-31 04:45:00,2.77,4.502033460389775
2018-08-31 05:00:00,2.77,4.344206618392633
2018-08-31 05:15:00,2.74,4.418177877837312
2018-08-31 05:30:00,2.74,4.665752196244075
2018-08-31 05:45:00,2.7,4.868899310922295
2018-08-31 06:00:00,2.74,4.943384371424205
2018-08-31 06:15:00,2.7,5.071649305354583
2018-08-31 06:30:00,2.74,5.206171213939307
2018-08-31 06:45:00,2.88,5.280340085479473
2018-08-31 07:00:00,3.06,5.477158663546582
2018-08-31 07:15:00,3.31,5.92086971583031
2018-08-31 07:30:00,3.85,6.171372614938406
2018-08-31 07:45:00,3.6,6.275117389004272
2018-08-31 08:00:00,26.14,18.510489054716327
2018-08-31 08:15:00,45.65,25.96756601487033
2018-08-31 08:30:00,58.03,39.54910258361273
2018-08-31 08:45:00,88.99,52.50466212264957
2018-08-31 09:00:00,113.04,57.35876260742307
2018-08-31 09:15:00,112.68,71.7163822383506
2018-08-31 09:30:00,54.32,89.16151730341645
2018-08-31 09:45:00,58.54,87.07236256260975
2018-08-31 10:00:00,52.92,51.28452377402603
2018-08-31 10:15:00,53.6,54.21167375396661
2018-08-31 10:30:00,44.21,59.50148177346658
2018-08-31 10:45:00,49.03,59.39688957331174
2018-08-31 11:00:00,61.52,49.51281319929352
2018-08-31 11:15:00,60.01,55.83782435498195
2018-08-31 11:30:00,61.56,59.112036741415906
2018-08-31 11:45:00,48.28,53.90661129781735
2018-08-31 12:00:00,4.46,37.092441102108985
2018-08-31 12:15:00,5.54,31.13746642955349
2018-08-31 12:30:00,5.44,8.036690271201586
2018-08-31 12:45:00,8.5,8.501993934922801
2018-08-31 13:00:00,37.44,25.83006639798597
2018-08-31 13:15:00,44.64,37.2983154721265
2018-08-31 13:30:00,53.03,50.046312276519956
2018-08-31 13:45:00,56.77,49.36215214578469
2018-08-31 14:00:00,56.12,55.96136431111525
2018-08-31 14:15:00,58.97,50.947545493982744
2018-08-31 14:30:00,56.77,53.979798670200864
2018-08-31 14:45:00,40.32,51.66800187251341
2018-08-31 15:00:00,48.17,54.43812759458112
2018-08-31 15:15:00,44.42,46.35534423707995
2018-08-31 15:30:00,55.55,50.97321361449551
2018-08-31 15:45:00,55.87,51.22348394739518
2018-08-31 16:00:00,58.14,57.411628044685486
2018-08-31 16:15:00,56.12,49.35626038723315
2018-08-31 16:30:00,51.98,50.60569151654622
2018-08-31 16:45:00,55.19,47.54274115174919
2018-08-31 17:00:00,47.41,45.962070211224784
2018-08-31 17:15:00,43.92,47.292840648294955
2018-08-31 17:30:00,28.4,41.1640990181089
2018-08-31 17:45:00,28.69,39.93645120691214
2018-08-31 18:00:00,31.82,42.55191690822614
2018-08-31 18:15:00,44.03,42.09259632843957
2018-08-31 18:30:00,36.76,38.780065408606404
2018-08-31 18:45:00,36.22,45.177315370300775
2018-08-31 19:00:00,43.49,38.0744831738576
2018-08-31 19:15:00,40.25,35.68405424795039
2018-08-31 19:30:00,44.71,41.606419975811995
2018-08-31 19:45:00,43.67,40.119555131672264
2018-08-31 20:00:00,37.94,41.86954993325218
2018-08-31 20:15:00,36.4,42.18282649795759
2018-08-31 20:30:00,53.71,38.02124878040189
2018-08-31 20:45:00,19.22,27.77251787792741
2018-08-31 21:00:00,4.46,33.32201247195392
2018-08-31 21:15:00,4.03,13.415631442887715
2018-08-31 21:30:00,4.07,0.6397385744828732
2018-08-31 21:45:00,3.85,1.413113282413203
2018-08-31 22:00:00,3.67,5.6599006002608725
2018-08-31 22:15:00,3.6,2.1795935505700434
2018-08-31 22:30:00,3.82,1.6155971184991031
2018-08-31 22:45:00,4.64,1.6901921245283518
2018-08-31 23:00:00,3.06,1.2173899786240163
2018-08-31 23:15:00,2.92,2.3509090295106816
2018-08-31 23:30:00,2.95,1.518797035758542
2018-08-31 23:45:00,3.85,2.0424111272272256
2018-09-01 00:00:00,2.95,0.0
2018-09-01 00:15:00,3.02,0.5115295496970802
2018-09-01 00:30:00,3.02,0.09413448847269024
2018-09-01 00:45:00,3.02,1.898931601168691
2018-09-01 01:00:00,3.02,0.0
2018-09-01 01:15:00,2.95,0.0
2018-09-01 01:30:00,2.99,0.0
2018-09-01 01:45:00,3.06,0.0
2018-09-01 02:00:00,2.99,0.0
2018-09-01 02:15:00,2.95,0.0
2018-09-01 02:30:00,3.02,0.0
2018-09-01 02:45:00,3.49,0.0
2018-09-01 03:00:00,3.17,0.26255602456941673
2018-09-01 03:15:00,3.06,0.7501207090103748
2018-09-01 03:30:00,3.53,0.7322375307794289
2018-09-01 03:45:00,3.46,0.7979585035776644
2018-09-01 04:00:00,3.02,1.432154926346069
2018-09-01 04:15:00,3.02,1.70224326901171
2018-09-01 04:30:00,3.02,1.4638573624911828
2018-09-01 04:45:00,3.13,1.6165141757243013
2018-09-01 05:00:00,3.06,1.9130586438883874
2018-09-01 05:15:00,3.06,2.129225177439981
2018-09-01 05:30:00,3.02,2.19588746662485
2018-09-01 05:45:00,3.02,2.354046678083229
2018-09-01 06:00:00,3.02,2.4763342424052404
2018-09-01 06:15:00,3.06,2.591161318549563
2018-09-01 06:30:00,3.53,2.730493577027751
2018-09-01 06:45:00,3.24,2.953394756286521
2018-09-01 07:00:00,2.99,3.2786380884904
2018-09-01 07:15:00,3.02,3.257607657943282
2018-09-01 07:30:00,3.17,3.225196473507733
2018-09-01 07:45:00,3.28,3.2604328481730285
2018-09-01 08:00:00,17.17,7.710443437294629
2018-09-01 08:15:00,32.44,11.20990061566766
2018-09-01 08:30:00,32.11,21.792430562452093
2018-09-01 08:45:00,37.4,36.73790177595155
2018-09-01 09:00:00,47.09,39.937073862639494
2018-09-01 09:15:00,32.9,40.869818106295654
2018-09-01 09:30:00,42.77,37.77282222943079
2018-09-01 09:45:00,41.11,31.271082863501288
2018-09-01 10:00:00,49.46,34.05681215258982
2018-09-01 10:15:00,38.88,35.34212772869095
2018-09-01 10:30:00,50.62,39.079374133628846
2018-09-01 10:45:00,32.94,32.07349227699423
2018-09-01 11:00:00,28.15,40.832272401906216
2018-09-01 11:15:00,25.78,31.269968286031162
2018-09-01 11:30:00,25.7,27.49788606565666
2018-09-01 11:45:00,25.31,23.11256441942642
2018-09-01 12:00:00,25.6,17.096009797113535
2018-09-01 12:15:00,25.34,16.390130269650946
2018-09-01 12:30:00,25.49,16.821121585924203
2018-09-01 12:45:00,25.49,17.010390050556705
2018-09-01 13:00:00,25.49,22.291189523244565
2018-09-01 13:15:00,28.19,24.18778491876999
2018-09-01 13:30:00,27.61,24.328243476298503
2018-09-01 13:45:00,27.04,27.392208953799837
2018-09-01 14:00:00,27.43,26.704208941624568
2018-09-01 14:15:00,26.86,27.14145215101684
2018-09-01 14:30:00,26.78,25.861873273640768
2018-09-01 14:45:00,27.14,23.844306160449733
2018-09-01 15:00:00,26.57,23.39327419878667
2018-09-01 15:15:00,26.17,22.242898702021222
2018-09-01 15:30:00,26.42,23.811988409003956
2018-09-01 15:45:00,25.99,23.348932857121575
2018-09-01 16:00:00,25.92,23.701003081349008
2018-09-01 16:15:00,26.53,22.853134183075984
2018-09-01 16:30:00,26.32,21.195389163052525
2018-09-01 16:45:00,26.32,21.97547946548289
2018-09-01 17:00:00,26.06,20.275596898717296
2018-09-01 17:15:00,25.02,19.30971073851603
2018-09-01 17:30:00,25.85,16.40862343409558
2018-09-01 17:45:00,24.34,15.732005023394063
2018-09-01 18:00:00,25.74,16.53462154725701
2018-09-01 18:15:00,6.44,17.914508784469078
2018-09-01 18:30:00,3.49,17.14288372493579
2018-09-01 18:45:00,3.49,5.736066230913149
2018-09-01 19:00:00,3.6,4.371706725876724
2018-09-01 19:15:00,3.56,5.243525020365826
2018-09-01 19:30:00,3.31,7.0619343452311405
2018-09-01 19:45:00,2.92,4.734795508813015
2018-09-01 20:00:00,2.92,3.209898301392567
2018-09-01 20:15:00,2.99,2.8433756484028585
2018-09-01 20:30:00,2.99,5.814641111171145
2018-09-01 20:45:00,2.95,0.0
2018-09-01 21:00:00,2.99,0.0
2018-09-01 21:15:00,2.92,0.0
2018-09-01 21:30:00,2.81,0.0
2018-09-01 21:45:00,2.81,0.0
2018-09-01 22:00:00,2.7,0.0
2018-09-01 22:15:00,2.7,0.0
2018-09-01 22:30:00,2.66,0.0
2018-09-01 22:45:00,2.66,0.0
2018-09-01 23:00:00,2.66,0.0
2018-09-01 23:15:00,2.63,0.0
2018-09-01 23:30:00,3.82,0.0
2018-09-01 23:45:00,2.74,0.0
2018-09-02 00:00:00,2.63,0.0
2018-09-02 00:15:00,2.63,0.0
2018-09-02 00:30:00,2.66,0.0
2018-09-02 00:45:00,2.63,0.0
2018-09-02 01:00:00,2.74,0.0
2018-09-02 01:15:00,2.7,0.0
2018-09-02 01:30:00,2.63,0.0
2018-09-02 01:45:00,2.66,0.19715778608135537
2018-09-02 02:00:00,2.63,0.40154266618512935
2018-09-02 02:15:00,2.66,0.7364919293950081
2018-09-02 02:30:00,2.7,0.9149399553782303
2018-09-02 02:45:00,2.63,1.2025028806168727
2018-09-02 03:00:00,2.66,1.411946022752808
2018-09-02 03:15:00,2.63,1.5963772441922224
2018-09-02 03:30:00,2.63,1.9261084745428576
2018-09-02 03:45:00,2.81,2.3323879251933377
2018-09-02 04:00:00,3.2,2.338119226391189
2018-09-02 04:15:00,2.77,2.59981765432752
2018-09-02 04:30:00,2.66,3.032012486427149
2018-09-02 04:45:00,3.2,3.0022775921722022
2018-09-02 05:00:00,3.17,3.0464928028162745
2018-09-02 05:15:00,2.59,3.5942591530152406
2018-09-02 05:30:00,2.56,3.855868720977732
2018-09-02 05:45:00,2.63,3.5599693806861694
2018-09-02 06:00:00,2.56,3.6228736424894166
2018-09-02 06:15:00,2.56,3.920379705187049
2018-09-02 06:30:00,2.56,4.092279786307515
2018-09-02 06:45:00,2.56,4.059151657222653
2018-09-02 07:00:00,2.59,4.094506025824529
2018-09-02 07:15:00,2.66,4.1852206639173275
2018-09-02 07:30:00,2.77,4.27540709064743
2018-09-02 07:45:00,2.7,4.724231728986538
2018-09-02 08:00:00,26.17,7.736052400154698
2018-09-02 08:15:00,50.18,10.260632031693898
2018-09-02 08:30:00,42.37,23.8208526805658
2018-09-02 08:45:00,41.76,39.69277905163243
2018-09-02 09:00:00,31.46,35.557320321359875
2018-09-02 09:15:00,39.13,29.064844541813
2018-09-02 09:30:00,56.95,27.5566852132696
2018-09-02 09:45:00,35.14,34.10140767224853
2018-09-02 10:00:00,51.34,46.253996253223164
2018-09-02 10:15:00,48.67,31.854105707436105
2018-09-02 10:30:00,32.36,39.52678117426935
2018-09-02 10:45:00,31.14,37.52325701336747
2018-09-02 11:00:00,35.53,27.706670103156426
2018-09-02 11:15:00,52.63,22.55382838132418
2018-09-02 11:30:00,57.38,28.291414897304882
2018-09-02 11:45:00,21.67,38.66322796709326
2018-09-02 12:00:00,3.17,38.741197140642875
2018-09-02 12:15:00,3.17,18.11454210319785
2018-09-02 12:30:00,3.31,7.187931768135531
2018-09-02 12:45:00,3.89,10.57980313003749
2018-09-02 13:00:00,13.43,13.78267098219823
2018-09-02 13:15:00,32.8,10.310685250286504
2018-09-02 13:30:00,52.2,14.713467797191667
2018-09-02 13:45:00,56.56,27.956497750393787
2018-09-02 14:00:00,33.91,36.31016093785174
2018-09-02 14:15:00,42.41,38.23770746031427
2018-09-02 14:30:00,44.75,23.495199341203694
2018-09-02 14:45:00,47.7,27.259695264818728
2018-09-02 15:00:00,44.82,33.12873716349341
2018-09-02 15:15:00,31.68,35.89153993439853
2018-09-02 15:30:00,23.69,32.814478935081056
2018-09-02 15:45:00,5.65,26.30150601406819
2018-09-02 16:00:00,5.04,18.462907811509872
2018-09-02 16:15:00,3.64,6.848005543138417
2018-09-02 16:30:00,3.6,5.59389771353484
2018-09-02 16:45:00,3.64,4.915412081424311
2018-09-02 17:00:00,3.6,4.314516291226344
2018-09-02 17:15:00,3.64,2.825526117924774
2018-09-02 17:30:00,3.53,4.143102044781141
2018-09-02 17:45:00,3.42,5.115576462467139
2018-09-02 18:00:00,3.42,5.374794123943715
2018-09-02 18:15:00,3.49,0.0
2018-09-02 18:30:00,3.02,0.20774737070682292
2018-09-02 18:45:00,2.92,0.49516360710068597
2018-09-02 19:00:00,2.81,0.5804016585064993
2018-09-02 19:15:00,2.84,0.3756621087930512
2018-09-02 19:30:00,2.99,0.0
2018-09-02 19:45:00,2.88,0.0
2018-09-02 20:00:00,2.92,0.0
2018-09-02 20:15:00,3.64,0.0
2018-09-02 20:30:00,3.35,0.0
2018-09-02 20:45:00,2.95,0.0
2018-09-02 21:00:00,2.99,0.0
2018-09-02 21:15:00,2.92,0.0
2018-09-02 21:30:00,2.92,0.0
2018-09-02 21:45:00,2.88,0.0
2018-09-02 22:00:00,2.7,0.0
2018-09-02 22:15:00,2.77,0.0
2018-09-02 22:30:00,2.81,0.0
2018-09-02 22:45:00,2.74,0.0
2018-09-02 23:00:00,2.66,0.0
2018-09-02 23:15:00,2.7,0.0
2018-09-02 23:30:00,2.74,0.0
2018-09-02 23:45:00,2.7,0.0
2018-09-03 00:00:00,3.35,3.4447177138747875
2018-09-03 00:15:00,2.74,3.633345594006915
2018-09-03 00:30:00,2.74,4.3029674947726235
2018-09-03 00:45:00,2.74,4.178950949461981
2018-09-03 01:00:00,2.74,4.301609212116691
2018-09-03 01:15:00,2.74,4.5784966833858505
2018-09-03 01:30:00,2.77,4.897574457412407
2018-09-03 01:45:00,2.74,5.077334947531657
2018-09-03 02:00:00,3.17,5.341009046897472
2018-09-03 02:15:00,3.31,5.563113501442967
2018-09-03 02:30:00,2.74,6.106373098464509
2018-09-03 02:45:00,2.7,6.516672216256271
2018-09-03 03:00:00,2.77,6.272494520493041
2018-09-03 03:15:00,2.74,6.422286161735865
2018-09-03 03:30:00,2.74,6.800832286735492
2018-09-03 03:45:00,3.28,7.092651933656093
2018-09-03 04:00:00,2.7,7.305887064575753
2018-09-03 04:15:00,2.77,7.815190218348107
2018-09-03 04:30:00,2.7,7.6398109844061
2018-09-03 04:45:00,2.77,7.880686713232198
2018-09-03 05:00:00,2.7,8.108560448011726
2018-09-03 05:15:00,2.63,8.370166641442385
2018-09-03 05:30:00,2.63,8.303879467826118
2018-09-03 05:45:00,2.66,8.422219663448757
2018-09-03 06:00:00,2.59,8.55932402988217
2018-09-03 06:15:00,2.74,8.743509206284752
2018-09-03 06:30:00,2.66,8.816202169287575
2018-09-03 06:45:00,2.66,8.944902874186791
2018-09-03 07:00:00,2.77,9.022969108756197
2018-09-03 07:15:00,4.54,9.194861635877427
2018-09-03 07:30:00,3.71,9.361715344598537
2018-09-03 07:45:00,2.95,10.47522907074497
2018-09-03 08:00:00,12.17,19.22973406812327
2018-09-03 08:15:00,41.9,26.59347030595441
2018-09-03 08:30:00,41.04,31.21968267203269
2018-09-03 08:45:00,46.08,50.12179844886256
2018-09-03 09:00:00,46.66,48.816605798398086
2018-09-03 09:15:00,67.0,48.463607571959095
2018-09-03 09:30:00,65.88,54.1950112737876
2018-09-03 09:45:00,41.0,64.52811274729108
2018-09-03 10:00:00,41.22,65.80577978097699
2018-09-03 10:15:00,40.93,49.78440904463704
2018-09-03 10:30:00,39.17,46.113774106197
2018-09-03 10:45:00,44.24,51.473103729432786
2018-09-03 11:00:00,59.94,49.350750717608335
2018-09-03 11:15:00,39.13,50.597896292297264
2018-09-03 11:30:00,39.6,59.93454461285987
2018-09-03 11:45:00,30.71,40.95134774559758
2018-09-03 12:00:00,5.08,31.639400030936375
2018-09-03 12:15:00,5.0,28.491757221637457
2018-09-03 12:30:00,4.97,17.812374586656617
2018-09-03 12:45:00,5.11,14.916027891669996
2018-09-03 13:00:00,23.15,23.954942351943956
2018-09-03 13:15:00,46.26,29.93890691946343
2018-09-03 13:30:00,63.58,39.78256153653044
2018-09-03 13:45:00,54.22,53.73089761535532
2018-09-03 14:00:00,56.77,58.73638481166329
2018-09-03 14:15:00,51.34,55.32858265514727
2018-09-03 14:30:00,54.94,51.8302831339132
2018-09-03 14:45:00,60.88,56.43947072635672
2018-09-03 15:00:00,58.9,55.19424800597129
2018-09-03 15:15:00,55.15,57.68898243520843
2018-09-03 15:30:00,79.67,54.85319680704121
2018-09-03 15:45:00,83.16,47.944613745782135
2018-09-03 16:00:00,113.65,61.64548156428569
2018-09-03 16:15:00,63.83,65.27792381627758
2018-09-03 16:30:00,118.04,76.28420456903235
2018-09-03 16:45:00,110.56,50.41598139889007
2018-09-03 17:00:00,72.43,77.01518808943243
2018-09-03 17:15:00,88.74,79.97388574017968
2018-09-03 17:30:00,38.27,57.846446811566985
2018-09-03 17:45:00,30.92,57.42823715649196
2018-09-03 18:00:00,52.6,33.126392367544554
2018-09-03 18:15:00,77.83,25.522155994699656
2018-09-03 18:30:00,75.89,35.92543519335699
2018-09-03 18:45:00,30.53,56.959720247612495
2018-09-03 19:00:00,29.3,49.26537219318736
2018-09-03 19:15:00,27.11,17.793402386733213
2018-09-03 19:30:00,25.67,17.267677383250742
2018-09-03 19:45:00,25.67,24.351381210759975
2018-09-03 20:00:00,25.74,24.83872948773607
2018-09-03 20:15:00,26.42,23.172689814631006
2018-09-03 20:30:00,25.31,19.7424659708309
2018-09-03 20:45:00,4.57,24.768282929359867
2018-09-03 21:00:00,5.0,22.829327776536864
2018-09-03 21:15:00,3.64,7.7108695783975705
2018-09-03 21:30:00,3.67,8.89949708493437
2018-09-03 21:45:00,3.53,6.219453796221092
2018-09-03 22:00:00,3.35,6.112759552855227
2018-09-03 22:15:00,3.31,5.838928577347609
2018-09-03 22:30:00,3.31,8.43128581507343
2018-09-03 22:45:00,2.74,8.546293322537942
2018-09-03 23:00:00,2.7,4.6306532378584535
2018-09-03 23:15:00,2.66,4.521719042393652
2018-09-03 23:30:00,2.66,4.647336642356294
2018-09-03 23:45:00,2.56,4.912787965124789
2018-09-04 00:00:00,2.66,2.5483118508226674
2018-09-04 00:15:00,2.66,2.6411864147183692
2018-09-04 00:30:00,2.7,3.0918503066899063
2018-09-04 00:45:00,2.7,3.3495346407792184
2018-09-04 01:00:00,2.66,1.8752692818354006
2018-09-04 01:15:00,2.7,2.183678637288292
2018-09-04 01:30:00,2.7,2.371880498597193
2018-09-04 01:45:00,2.77,2.5457741990883385
2018-09-04 02:00:00,2.7,2.870548327536465
2018-09-04 02:15:00,2.88,3.1658525062667096
2018-09-04 02:30:00,3.02,3.272847338722748
2018-09-04 02:45:00,2.63,3.615035224684732
2018-09-04 03:00:00,3.28,3.9175851016506407
2018-09-04 03:15:00,3.17,3.9041617655332885
2018-09-04 03:30:00,2.63,4.4715179542600545
2018-09-04 03:45:00,2.66,4.823030787212627
2018-09-04 04:00:00,2.59,4.577328744000479
2018-09-04 04:15:00,2.63,4.743553311047741
2018-09-04 04:30:00,2.63,5.055210013559659
2018-09-04 04:45:00,2.66,5.397512498903609
2018-09-04 05:00:00,2.66,5.484680080834536
2018-09-04 05:15:00,2.59,5.570152429642324
2018-09-04 05:30:00,2.59,5.727213064819924
2018-09-04 05:45:00,2.74,5.941487858856579
2018-09-04 06:00:00,3.17,5.970587521043015
2018-09-04 06:15:00,2.74,6.2129004894715045
2018-09-04 06:30:00,2.63,6.576797610889699
2018-09-04 06:45:00,2.63,6.444018398294407
2018-09-04 07:00:00,2.59,6.369773707374598
2018-09-04 07:15:00,2.77,6.93741510603823
2018-09-04 07:30:00,2.88,6.951138663526109
2018-09-04 07:45:00,3.24,6.930095458067292
2018-09-04 08:00:00,29.3,14.280591355364754
2018-09-04 08:15:00,51.34,23.303776484080217
2018-09-04 08:30:00,72.76,39.12685029379962
2018-09-04 08:45:00,65.02,52.433345498642424
2018-09-04 09:00:00,81.65,64.54233596367949
2018-09-04 09:15:00,59.15,63.29693577504287
2018-09-04 09:30:00,55.58,73.79300376600455
2018-09-04 09:45:00,84.42,58.54920648482299
2018-09-04 10:00:00,99.25,53.74082260302677
2018-09-04 10:15:00,89.53,73.13544912206508
2018-09-04 10:30:00,102.67,83.86864042431833
2018-09-04 10:45:00,105.95,76.4332782340498
2018-09-04 11:00:00,122.65,83.18680990187032
2018-09-04 11:15:00,98.24,85.42728141229962
2018-09-04 11:30:00,113.51,94.21782949732554
2018-09-04 11:45:00,99.04,73.46438874680729
2018-09-04 12:00:00,5.44,69.4127253212974
2018-09-04 12:15:00,5.4,65.66671912116001
2018-09-04 12:30:00,4.32,12.76705078737842
2018-09-04 12:45:00,4.61,8.65225440028393
2018-09-04 13:00:00,47.52,26.699867106910656
2018-09-04 13:15:00,107.17,38.34639681641491
2018-09-04 13:30:00,90.97,53.97113114900499
2018-09-04 13:45:00,112.0,87.19476213217267
2018-09-04 14:00:00,90.79,78.82098253970346
2018-09-04 14:15:00,103.9,81.48975501954712
2018-09-04 14:30:00,101.92,72.98566537745319
2018-09-04 14:45:00,99.4,88.83773472694143
2018-09-04 15:00:00,100.51,86.60546319913499
2018-09-04 15:15:00,85.9,87.8008681035818
2018-09-04 15:30:00,102.6,90.06127569348459
2018-09-04 15:45:00,82.15,84.9458195110016
2018-09-04 16:00:00,118.69,98.68748423042135
2018-09-04 16:15:00,90.83,69.7133780448799
2018-09-04 16:30:00,102.28,96.63972615294415
2018-09-04 16:45:00,102.96,80.44799370688148
2018-09-04 17:00:00,68.36,77.48614387196884
2018-09-04 17:15:00,100.19,83.76890699394143
2018-09-04 17:30:00,59.44,60.97810217214351
2018-09-04 17:45:00,40.68,71.9739158711838
2018-09-04 18:00:00,47.02,60.18602097646598
2018-09-04 18:15:00,75.85,49.8803490724525
2018-09-04 18:30:00,85.75,50.877247427005244
2018-09-04 18:45:00,76.75,66.5031571781163
2018-09-04 19:00:00,76.75,69.29491963794125
2018-09-04 19:15:00,78.95,58.567362603904414
2018-09-04 19:30:00,72.0,56.86445503362755
2018-09-04 19:45:00,88.02,63.04321577164848
2018-09-04 20:00:00,72.47,59.81525833061652
2018-09-04 20:15:00,88.09,73.1777762172648
2018-09-04 20:30:00,64.62,60.914874951104736
2018-09-04 20:45:00,11.3,62.141728570439085
2018-09-04 21:00:00,4.57,44.74131764401806
2018-09-04 21:15:00,3.49,10.27686700009038
2018-09-04 21:30:00,3.49,7.019135554246397
2018-09-04 21:45:00,3.49,10.362662926040592
2018-09-04 22:00:00,3.31,8.51671429339774
2018-09-04 22:15:00,3.1,2.9571233114471163
2018-09-04 22:30:00,2.66,5.27979062315087
2018-09-04 22:45:00,2.59,5.715072102021974
2018-09-04 23:00:00,2.52,3.9849419281448633
2018-09-04 23:15:00,2.48,4.325769510065292
2018-09-04 23:30:00,2.52,5.063530467664364
2018-09-04 23:45:00,2.81,4.967624969482024
2018-09-05 00:00:00,2.48,4.412017385546719
2018-09-05 00:15:00,2.52,3.863107642852551
2018-09-05 00:30:00,2.52,5.602317412654298
2018-09-05 00:45:00,2.48,4.161204462285056
2018-09-05 01:00:00,2.59,0.03566841730796355
2018-09-05 01:15:00,2.48,0.0
2018-09-05 01:30:00,2.48,0.0
2018-09-05 01:45:00,2.48,0.14154242550612395
2018-09-05 02:00:00,2.52,0.37300458151927884
2018-09-05 02:15:00,3.42,0.6515703333344902
2018-09-05 02:30:00,3.71,0.9495938714456749
2018-09-05 02:45:00,2.52,1.603039482339618
2018-09-05 03:00:00,2.52,2.1447435208835692
2018-09-05 03:15:00,2.48,1.5972187779029206
2018-09-05 03:30:00,2.48,1.6289892148599314
2018-09-05 03:45:00,2.52,2.0976302094403927
2018-09-05 04:00:00,2.59,2.481981072538776
2018-09-05 04:15:00,2.52,2.4626640382880787
2018-09-05 04:30:00,2.52,2.7000028934521794
2018-09-05 04:45:00,2.56,2.8763831159676343
2018-09-05 05:00:00,2.52,3.022411920454541
2018-09-05 05:15:00,2.48,3.3140299835701796
2018-09-05 05:30:00,2.56,3.41423329975596
2018-09-05 05:45:00,2.48,3.5050721367239
2018-09-05 06:00:00,2.52,3.774898401782373
2018-09-05 06:15:00,2.77,3.7877182880337443
2018-09-05 06:30:00,3.31,3.9561388582200827
2018-09-05 06:45:00,2.99,4.221943036831451
2018-09-05 07:00:00,2.7,4.5386657335452725
2018-09-05 07:15:00,2.92,4.543552897647409
2018-09-05 07:30:00,3.02,4.477615465760518
2018-09-05 07:45:00,2.88,4.673233565677485
2018-09-05 08:00:00,40.32,15.701019190269948
2018-09-05 08:15:00,95.4,23.799335914360146
2018-09-05 08:30:00,98.06,49.27289419887673
2018-09-05 08:45:00,111.92,82.73355021666171
2018-09-05 09:00:00,97.81,84.97006595272367
2018-09-05 09:15:00,100.08,81.11445613903187
2018-09-05 09:30:00,103.54,74.76696347982545
2018-09-05 09:45:00,60.23,84.21665337931411
2018-09-05 10:00:00,56.99,88.01935439845695
2018-09-05 10:15:00,55.4,63.63798634149714
2018-09-05 10:30:00,53.82,62.58124814698908
2018-09-05 10:45:00,53.57,65.86029448292032
2018-09-05 11:00:00,47.45,72.17890796686335
2018-09-05 11:15:00,64.26,62.11753300821816
2018-09-05 11:30:00,66.17,59.39857424763757
2018-09-05 11:45:00,52.81,65.03249323006948
2018-09-05 12:00:00,6.95,40.28464430205295
2018-09-05 12:15:00,5.51,34.01363202649146
2018-09-05 12:30:00,5.44,9.652841932148004
2018-09-05 12:45:00,5.47,10.439931523280173
2018-09-05 13:00:00,28.3,29.668487519885854
2018-09-05 13:15:00,71.17,44.55855994674405
2018-09-05 13:30:00,70.38,48.24274627162488
2018-09-05 13:45:00,56.05,76.59580732654676
2018-09-05 14:00:00,50.29,69.52361089489375
2018-09-05 14:15:00,65.63,58.616427465092045
2018-09-05 14:30:00,64.73,52.098138955264695
2018-09-05 14:45:00,48.49,66.4126952211076
2018-09-05 15:00:00,49.68,70.16817068269492
2018-09-05 15:15:00,54.07,53.03748526551025
2018-09-05 15:30:00,66.71,59.41197504517204
2018-09-05 15:45:00,63.86,61.63970529345427
2018-09-05 16:00:00,61.81,74.75155150201289
2018-09-05 16:15:00,52.78,61.155364665326005
2018-09-05 16:30:00,54.22,60.13923517271739
2018-09-05 16:45:00,49.03,54.855221144703314
2018-09-05 17:00:00,60.08,50.21912434401903
2018-09-05 17:15:00,62.28,53.32190200846014
2018-09-05 17:30:00,32.51,52.538979540196394
2018-09-05 17:45:00,29.95,50.5340154530777
2018-09-05 18:00:00,52.6,33.614523689990236
2018-09-05 18:15:00,47.52,37.920746139829866
2018-09-05 18:30:00,49.79,58.3054274970056
2018-09-05 18:45:00,45.9,52.85329198152956
2018-09-05 19:00:00,51.88,47.25786429487841
2018-09-05 19:15:00,51.34,49.50882550306833
2018-09-05 19:30:00,59.33,50.12629403647971
2018-09-05 19:45:00,55.8,53.83962052551574
2018-09-05 20:00:00,47.99,55.588228920843434
2018-09-05 20:15:00,54.58,55.81311037972037
2018-09-05 20:30:00,46.26,45.932572550873644
2018-09-05 20:45:00,27.94,34.33234114514134
2018-09-05 21:00:00,8.86,28.27687582844819
2018-09-05 21:15:00,3.78,16.878643230330226
2018-09-05 21:30:00,3.74,4.994390566742737
2018-09-05 21:45:00,3.85,1.7821796325745005
2018-09-05 22:00:00,3.56,2.6774002462018096
2018-09-05 22:15:00,3.53,3.489533003642201
2018-09-05 22:30:00,3.49,1.216012652887791
2018-09-05 22:45:00,3.64,0.8443688068395936
2018-09-05 23:00:00,4.64,0.4423717048467246
2018-09-05 23:15:00,3.92,1.0207462303847272
2018-09-05 23:30:00,2.81,1.843540146897606
2018-09-05 23:45:00,3.35,2.611439273647143
2018-09-06 00:00:00,2.77,1.5291177647591248
2018-09-06 00:15:00,2.81,1.6528623337917843
2018-09-06 00:30:00,2.84,2.6068711166677296
2018-09-06 00:45:00,2.81,2.249407853620095
2018-09-06 01:00:00,2.81,1.0291664162718703
2018-09-06 01:15:00,2.84,0.0
2018-09-06 01:30:00,2.84,0.0
2018-09-06 01:45:00,2.81,0.0
2018-09-06 02:00:00,2.88,0.0
2018-09-06 02:15:00,2.81,0.35026643700041404
2018-09-06 02:30:00,2.95,0.6900585869897711
2018-09-06 02:45:00,2.95,0.7136250919800347
2018-09-06 03:00:00,2.95,1.1170092345300269
2018-09-06 03:15:00,3.02,1.354066077510776
2018-09-06 03:30:00,3.31,1.5317328070473977
2018-09-06 03:45:00,3.28,1.7125180444176245
2018-09-06 04:00:00,3.02,2.2763328489440156
2018-09-06 04:15:00,3.02,2.3169803093870307
2018-09-06 04:30:00,3.6,2.334858974801975
2018-09-06 04:45:00,3.06,2.5276597799551155
2018-09-06 05:00:00,2.92,3.1158333950506396
2018-09-06 05:15:00,2.92,2.9815961519897414
2018-09-06 05:30:00,2.92,2.95666140810636
2018-09-06 05:45:00,2.95,3.1296852111682867
2018-09-06 06:00:00,2.92,3.367557476923608
2018-09-06 06:15:00,3.06,3.5074292113194225
2018-09-06 06:30:00,2.81,3.675299979516204
2018-09-06 06:45:00,2.81,3.793598152334109
2018-09-06 07:00:00,3.06,3.7443860108516205
2018-09-06 07:15:00,3.28,4.00004194099477
2018-09-06 07:30:00,3.06,4.2642280338910155
2018-09-06 07:45:00,3.2,4.432432263678816
2018-09-06 08:00:00,31.39,16.43776802193377
2018-09-06 08:15:00,59.15,30.300156887156284
2018-09-06 08:30:00,54.11,46.545668368694415
2018-09-06 08:45:00,62.68,67.73462792423868
2018-09-06 09:00:00,62.89,61.0492107339295
2018-09-06 09:15:00,57.78,61.95418218915465
2018-09-06 09:30:00,50.9,63.584143910686535
2018-09-06 09:45:00,48.56,55.26788469285772
2018-09-06 10:00:00,50.94,49.129776124167805
2018-09-06 10:15:00,58.46,50.716460534203094
2018-09-06 10:30:00,58.14,52.08944836173107
2018-09-06 10:45:00,51.66,55.83822927864658
2018-09-06 11:00:00,55.37,52.56730230959395
2018-09-06 11:15:00,59.51,55.527435551326164
2018-09-06 11:30:00,59.83,52.872197532810944
2018-09-06 11:45:00,55.69,53.311008943945325
2018-09-06 12:00:00,5.8,37.282832271984475
2018-09-06 12:15:00,5.22,35.16224912872473
2018-09-06 12:30:00,5.4,8.54441896410728
2018-09-06 12:45:00,6.12,6.339126064929424
2018-09-06 13:00:00,32.47,20.452741768760816
2018-09-06 13:15:00,61.38,33.420322193130445
2018-09-06 13:30:00,54.94,44.55855599044972
2018-09-06 13:45:00,58.21,57.66070525461343
2018-09-06 14:00:00,54.32,54.80115159208727
2018-09-06 14:15:00,57.78,51.37384570294272
2018-09-06 14:30:00,48.46,53.89360530428999
2018-09-06 14:45:00,48.46,53.86566161933388
2018-09-06 15:00:00,46.91,49.14745756359093
2018-09-06 15:15:00,53.96,49.89155832415021
2018-09-06 15:30:00,60.44,52.50494682154452
2018-09-06 15:45:00,59.9,56.56400911225295
2018-09-06 16:00:00,56.41,59.10714788005329
2018-09-06 16:15:00,57.92,50.14742870423755
2018-09-06 16:30:00,49.72,47.10516563364969
2018-09-06 16:45:00,57.89,45.91821429574057
2018-09-06 17:00:00,60.44,43.76828983624751
2018-09-06 17:15:00,59.69,49.68597639179895
2018-09-06 17:30:00,31.36,49.35324689602376
2018-09-06 17:45:00,29.2,48.813268455808945
2018-09-06 18:00:00,49.25,45.657557766534865
2018-09-06 18:15:00,58.82,38.11073747678157
2018-09-06 18:30:00,57.85,45.946352598383
2018-09-06 18:45:00,59.83,51.669167023768395
2018-09-06 19:00:00,57.49,47.309278509997654
2018-09-06 19:15:00,49.9,45.95621708410526
2018-09-06 19:30:00,55.37,49.55376461459376
2018-09-06 19:45:00,66.89,43.70850468407568
2018-09-06 20:00:00,55.76,46.221221075400805
2018-09-06 20:15:00,70.38,54.7213220564257
2018-09-06 20:30:00,58.5,46.54114653760642
2018-09-06 20:45:00,63.5,46.884007814871154
2018-09-06 21:00:00,7.92,35.19194297968652
2018-09-06 21:15:00,3.96,37.262899806150386
2018-09-06 21:30:00,3.85,4.2692711336732785
2018-09-06 21:45:00,3.78,0.0
2018-09-06 22:00:00,3.49,2.6023526111947177
2018-09-06 22:15:00,3.53,6.635602172730376
2018-09-06 22:30:00,3.53,1.372162728134164
2018-09-06 22:45:00,4.14,1.1202839857178724
2018-09-06 23:00:00,4.64,1.910460786927814
2018-09-06 23:15:00,3.42,1.118067865233698
2018-09-06 23:30:00,3.31,0.9129507621911301
2018-09-06 23:45:00,4.79,1.2153519327463513
2018-09-07 00:00:00,3.31,4.283438495997377
2018-09-07 00:15:00,3.31,4.861271609040479
2018-09-07 00:30:00,3.35,5.928964018874318
2018-09-07 00:45:00,3.31,5.091140784347264
2018-09-07 01:00:00,3.53,6.161983994576911
2018-09-07 01:15:00,3.67,2.0347861750884313
2018-09-07 01:30:00,3.1,1.8801322449870668
2018-09-07 01:45:00,2.95,2.2108302099455734
2018-09-07 02:00:00,2.95,2.1433186847518755
2018-09-07 02:15:00,2.88,2.194236919107496
2018-09-07 02:30:00,2.92,2.5921807069114564
2018-09-07 02:45:00,3.06,2.887995460496743
2018-09-07 03:00:00,2.99,3.0646390422596603
2018-09-07 03:15:00,2.92,3.4295079515738607
2018-09-07 03:30:00,2.95,3.5838964807363993
2018-09-07 03:45:00,2.99,3.7208947443879765
2018-09-07 04:00:00,3.02,4.103228100703003
2018-09-07 04:15:00,2.95,4.319273280028476
2018-09-07 04:30:00,3.49,4.525498273032362
2018-09-07 04:45:00,3.42,4.57128908797517
2018-09-07 05:00:00,2.99,5.04583511655569
2018-09-07 05:15:00,2.99,5.227249947992714
2018-09-07 05:30:00,2.99,5.103090756854613
2018-09-07 05:45:00,2.95,5.170769841891051
2018-09-07 06:00:00,3.2,5.4067457777323185
2018-09-07 06:15:00,3.56,5.528077437646758
2018-09-07 06:30:00,3.02,5.6865469229373
2018-09-07 06:45:00,2.99,6.049319848933806
2018-09-07 07:00:00,3.02,5.89753226454258
2018-09-07 07:15:00,3.06,5.949071775348042
2018-09-07 07:30:00,3.2,6.148519036539142
2018-09-07 07:45:00,3.06,6.243020171899595
2018-09-07 08:00:00,35.71,15.840723273324503
2018-09-07 08:15:00,93.38,24.643704206731897
2018-09-07 08:30:00,96.44,45.21938782422619
2018-09-07 08:45:00,84.89,87.93610820657514
2018-09-07 09:00:00,107.93,93.68796787889525
2018-09-07 09:15:00,93.42,79.28109161975041
2018-09-07 09:30:00,103.9,80.94418275364153
2018-09-07 09:45:00,85.39,81.2648956327597
2018-09-07 10:00:00,107.24,83.93492431780946
2018-09-07 10:15:00,91.69,74.65087264915614
2018-09-07 10:30:00,100.15,87.4982076587757
2018-09-07 10:45:00,102.24,78.3582803617887
2018-09-07 11:00:00,101.12,84.53918087821685
2018-09-07 11:15:00,104.15,85.159220135401
2018-09-07 11:30:00,84.92,86.18421375866134
2018-09-07 11:45:00,95.29,81.80368139574855
2018-09-07 12:00:00,3.92,52.96509226148784
2018-09-07 12:15:00,4.54,60.958489678512095
2018-09-07 12:30:00,4.28,13.98634494842073
2018-09-07 12:45:00,4.46,11.403182904897701
2018-09-07 13:00:00,43.16,27.096538641781883
2018-09-07 13:15:00,114.37,39.44474790052569
2018-09-07 13:30:00,107.35,50.70600265202526
2018-09-07 13:45:00,95.65,95.90189600286791
2018-09-07 14:00:00,118.69,88.90905675604289
2018-09-07 14:15:00,96.34,74.82981301339683
2018-09-07 14:30:00,113.51,87.56238613019647
2018-09-07 14:45:00,63.79,82.44612234000411
2018-09-07 15:00:00,41.29,89.97150716464432
2018-09-07 15:15:00,50.36,62.89239030453939
2018-09-07 15:30:00,42.19,54.356814604630834
2018-09-07 15:45:00,51.91,58.393664725524935
2018-09-07 16:00:00,111.42,59.89588447240021
2018-09-07 16:15:00,100.73,51.37762612941482
2018-09-07 16:30:00,107.68,81.19485524869906
2018-09-07 16:45:00,89.68,79.83234437446127
2018-09-07 17:00:00,94.72,73.72012520719579
2018-09-07 17:15:00,81.65,65.59563614868021
2018-09-07 17:30:00,28.84,72.28945718148462
2018-09-07 17:45:00,29.02,63.9710750963029
2018-09-07 18:00:00,52.27,36.789340168026186
2018-09-07 18:15:00,72.43,41.112407225679824
2018-09-07 18:30:00,54.97,57.0858068728876
2018-09-07 18:45:00,47.66,71.69514228253207
2018-09-07 19:00:00,48.42,50.352820090762144
2018-09-07 19:15:00,73.62,38.9298253878966
2018-09-07 19:30:00,106.96,45.242092577620696
2018-09-07 19:45:00,105.05,63.44740322470774
2018-09-07 20:00:00,97.92,79.62398648962983
2018-09-07 20:15:00,91.33,84.56250241071109
2018-09-07 20:30:00,114.98,77.5307236830465
2018-09-07 20:45:00,74.41,69.97060541475899
2018-09-07 21:00:00,13.28,73.63192460483245
2018-09-07 21:15:00,4.25,51.25221896904366
2018-09-07 21:30:00,4.21,10.41298635479281
2018-09-07 21:45:00,4.18,1.2480270599949002
2018-09-07 22:00:00,3.89,10.52514487851937
2018-09-07 22:15:00,3.89,10.173420918856856
2018-09-07 22:30:00,3.78,4.978480845645198
2018-09-07 22:45:00,3.71,3.64743100517272
2018-09-07 23:00:00,3.71,2.2536812129909514
2018-09-07 23:15:00,3.64,1.065941332293118
2018-09-07 23:30:00,3.85,3.4395273667892567
2018-09-07 23:45:00,3.02,7.316052450795716
2018-09-08 00:00:00,3.64,4.665972574193638
2018-09-08 00:15:00,3.1,4.286053237694876
2018-09-08 00:30:00,3.1,4.710760072258832
2018-09-08 00:45:00,2.99,7.2139988760975875
2018-09-08 01:00:00,3.17,4.444634540376825
2018-09-08 01:15:00,3.06,0.0
2018-09-08 01:30:00,3.1,0.0
2018-09-08 01:45:00,3.02,0.0
2018-09-08 02:00:00,3.02,0.0
2018-09-08 02:15:00,3.1,0.0
2018-09-08 02:30:00,3.17,0.0
2018-09-08 02:45:00,3.1,0.35023106007828275
2018-09-08 03:00:00,3.1,0.5628119029258336
2018-09-08 03:15:00,3.31,0.7197125857659366
2018-09-08 03:30:00,3.6,1.0365344943560366
2018-09-08 03:45:00,3.17,1.4176273485285265
2018-09-08 04:00:00,3.17,1.6745373358227411
2018-09-08 04:15:00,3.17,1.6630509333542882
2018-09-08 04:30:00,3.13,1.8705160103149048
2018-09-08 04:45:00,3.2,2.136504219539937
2018-09-08 05:00:00,3.78,2.242784277234758
2018-09-08 05:15:00,3.49,2.4212459614108397
2018-09-08 05:30:00,3.13,2.917260530348031
2018-09-08 05:45:00,3.17,2.9202128959110176
2018-09-08 06:00:00,3.13,2.8004728462970228
2018-09-08 06:15:00,3.13,3.024814555045843
2018-09-08 06:30:00,3.2,3.2276936138761982
2018-09-08 06:45:00,3.78,3.2338029759927203
2018-09-08 07:00:00,3.28,3.265864361508541
2018-09-08 07:15:00,3.24,3.703587236333398
2018-09-08 07:30:00,3.24,3.540551859262468
2018-09-08 07:45:00,3.02,3.485491446865481
2018-09-08 08:00:00,25.56,12.136312582723512
2018-09-08 08:15:00,32.83,25.482295737274352
2018-09-08 08:30:00,32.58,39.01852313847317
2018-09-08 08:45:00,33.01,43.15243700079221
2018-09-08 09:00:00,33.08,47.11026282748425
2018-09-08 09:15:00,32.87,40.45659724861625
2018-09-08 09:30:00,47.81,46.64248755858754
2018-09-08 09:45:00,33.16,43.429404212071844
2018-09-08 10:00:00,41.18,57.40359252169797
2018-09-08 10:15:00,50.47,44.868113152243
2018-09-08 10:30:00,34.7,51.20589757428206
2018-09-08 10:45:00,51.73,54.46485521764353
2018-09-08 11:00:00,39.49,45.59629937257844
2018-09-08 11:15:00,33.7,51.66209318651527
2018-09-08 11:30:00,40.25,43.62163114526576
2018-09-08 11:45:00,17.71,41.31122616952663
2018-09-08 12:00:00,3.24,26.68465319219527
2018-09-08 12:15:00,3.31,18.54116511250446
2018-09-08 12:30:00,3.31,7.776647389301072
2018-09-08 12:45:00,3.28,7.993504769469805
2018-09-08 13:00:00,19.37,17.96923663982509
2018-09-08 13:15:00,40.39,28.561536872585865
2018-09-08 13:30:00,33.91,34.591293607385396
2018-09-08 13:45:00,32.69,46.656120303987734
2018-09-08 14:00:00,36.07,44.53901643145718
2018-09-08 14:15:00,52.6,37.14405409689094
2018-09-08 14:30:00,48.6,44.7204712010056
2018-09-08 14:45:00,34.81,46.89991887292436
2018-09-08 15:00:00,35.24,41.27930242636433
2018-09-08 15:15:00,34.7,31.870396618589
2018-09-08 15:30:00,53.06,30.179897367320027
2018-09-08 15:45:00,49.46,35.1047221182192
2018-09-08 16:00:00,32.51,54.06349377540559
2018-09-08 16:15:00,32.98,47.83180233691189
2018-09-08 16:30:00,41.72,37.25339597009841
2018-09-08 16:45:00,18.18,32.89292548944148
2018-09-08 17:00:00,3.89,42.08900634749961
2018-09-08 17:15:00,3.71,27.22105281160903
2018-09-08 17:30:00,3.67,7.311028387491689
2018-09-08 17:45:00,3.56,8.187949547545884
2018-09-08 18:00:00,3.46,15.405430427013826
2018-09-08 18:15:00,3.49,12.593223485612246
2018-09-08 18:30:00,3.53,8.61800347219588
2018-09-08 18:45:00,3.56,7.293333813553595
2018-09-08 19:00:00,3.56,5.888744072076182
2018-09-08 19:15:00,3.24,10.20690182194883
2018-09-08 19:30:00,3.42,16.166340326169152
2018-09-08 19:45:00,3.31,17.280217320583155
2018-09-08 20:00:00,2.99,15.995748565090496
2018-09-08 20:15:00,2.99,13.533548349879815
2018-09-08 20:30:00,2.95,17.76103491512801
2018-09-08 20:45:00,2.95,11.372914632833009
2018-09-08 21:00:00,2.99,0.0
2018-09-08 21:15:00,2.99,0.0
2018-09-08 21:30:00,3.06,0.0
2018-09-08 21:45:00,3.1,0.0
2018-09-08 22:00:00,2.81,0.0
2018-09-08 22:15:00,2.84,0.0
2018-09-08 22:30:00,2.84,0.0
2018-09-08 22:45:00,2.84,0.0
2018-09-08 23:00:00,2.88,0.0
2018-09-08 23:15:00,3.31,0.0
2018-09-08 23:30:00,2.84,0.0
2018-09-08 23:45:00,2.77,0.0
2018-09-09 00:00:00,3.38,0.0
2018-09-09 00:15:00,2.77,0.0
2018-09-09 00:30:00,2.84,0.0
2018-09-09 00:45:00,2.81,0.0
2018-09-09 01:00:00,2.77,0.0
2018-09-09 01:15:00,2.77,0.0
2018-09-09 01:30:00,2.81,0.07497740802550723
2018-09-09 01:45:00,2.81,0.23522235335960673
2018-09-09 02:00:00,2.84,0.5158107035467765
2018-09-09 02:15:00,2.84,0.7725871945393727
2018-09-09 02:30:00,2.84,1.038320331716772
2018-09-09 02:45:00,2.84,1.259313296826754
2018-09-09 03:00:00,3.13,1.5096208797797637
2018-09-09 03:15:00,3.13,1.7825177368176206
2018-09-09 03:30:00,2.95,2.2797872255197795
2018-09-09 03:45:00,2.84,2.4418650437146248
2018-09-09 04:00:00,2.84,2.6025369580002895
2018-09-09 04:15:00,3.17,2.704877690982382
2018-09-09 04:30:00,3.42,2.8777485533038103
2018-09-09 04:45:00,2.92,3.4084203357949328
2018-09-09 05:00:00,2.92,3.831180823875858
2018-09-09 05:15:00,2.88,3.5146997867022414
2018-09-09 05:30:00,2.84,3.552349365191226
2018-09-09 05:45:00,2.81,3.7805753662355563
2018-09-09 06:00:00,2.84,3.9121941002897316
2018-09-09 06:15:00,3.17,3.96401787437231
2018-09-09 06:30:00,3.13,4.11523065067804
2018-09-09 06:45:00,2.81,4.513131427511944
2018-09-09 07:00:00,2.92,4.482385178732635
2018-09-09 07:15:00,2.92,4.354294081286589
2018-09-09 07:30:00,3.06,4.474534373548746
2018-09-09 07:45:00,3.06,4.514296655448479
2018-09-09 08:00:00,3.74,13.3310549959338
2018-09-09 08:15:00,5.76,19.40435652440014
2018-09-09 08:30:00,8.53,18.21040029080852
2018-09-09 08:45:00,10.55,19.354446298115118
2018-09-09 09:00:00,10.22,18.85387899715566
2018-09-09 09:15:00,10.98,21.358181618318532
2018-09-09 09:30:00,11.45,27.148943523595236
2018-09-09 09:45:00,10.58,20.43525857722627
2018-09-09 10:00:00,11.09,25.578236152678006
2018-09-09 10:15:00,10.44,26.250372418917095
2018-09-09 10:30:00,7.67,20.210460660839626
2018-09-09 10:45:00,9.11,22.68750942847543
2018-09-09 11:00:00,20.66,19.57313548253472
2018-09-09 11:15:00,25.78,22.4124243817474
2018-09-09 11:30:00,20.99,31.472337125778616
2018-09-09 11:45:00,4.07,23.40100751704609
2018-09-09 12:00:00,4.07,12.757039623730265
2018-09-09 12:15:00,4.07,1.850969953508752
2018-09-09 12:30:00,4.1,2.736691983018506
2018-09-09 12:45:00,4.1,5.134141238368809
2018-09-09 13:00:00,4.1,9.795234199911828
2018-09-09 13:15:00,21.1,15.44031107502454
2018-09-09 13:30:00,28.76,18.124544719082714
2018-09-09 13:45:00,29.48,28.408175066688667
2018-09-09 14:00:00,29.59,28.98879655430621
2018-09-09 14:15:00,27.36,32.531052518167506
2018-09-09 14:30:00,25.42,30.83454620068807
2018-09-09 14:45:00,25.52,28.841914866767176
2018-09-09 15:00:00,23.9,27.777648804082258
2018-09-09 15:15:00,23.26,26.004681801889397
2018-09-09 15:30:00,23.65,27.573895289547657
2018-09-09 15:45:00,17.71,22.173181175388866
2018-09-09 16:00:00,4.25,17.42604134600136
2018-09-09 16:15:00,4.5,13.585971763831374
2018-09-09 16:30:00,5.18,6.483164258147497
2018-09-09 16:45:00,6.26,2.0284344767970843
2018-09-09 17:00:00,3.85,1.1411729010952847
2018-09-09 17:15:00,3.67,1.16615951567087
2018-09-09 17:30:00,3.64,0.0
2018-09-09 17:45:00,3.64,0.0
2018-09-09 18:00:00,3.49,0.0
2018-09-09 18:15:00,3.53,0.0
2018-09-09 18:30:00,3.49,0.0
2018-09-09 18:45:00,2.99,0.0
2018-09-09 19:00:00,2.95,0.0
2018-09-09 19:15:00,2.95,0.0
2018-09-09 19:30:00,2.99,0.0
2018-09-09 19:45:00,2.99,0.0
2018-09-09 20:00:00,2.95,0.0
2018-09-09 20:15:00,2.99,0.0
2018-09-09 20:30:00,2.95,0.0
2018-09-09 20:45:00,2.95,0.0
2018-09-09 21:00:00,2.99,0.0
2018-09-09 21:15:00,3.02,0.0
2018-09-09 21:30:00,2.99,0.0
2018-09-09 21:45:00,2.95,0.0
2018-09-09 22:00:00,3.74,0.0
2018-09-09 22:15:00,4.03,0.0
2018-09-09 22:30:00,2.77,0.0
2018-09-09 22:45:00,2.88,0.0
2018-09-09 23:00:00,2.77,0.0
2018-09-09 23:15:00,2.77,0.0
2018-09-09 23:30:00,2.74,0.0
2018-09-09 23:45:00,2.56,0.0
2018-09-10 00:00:00,2.77,3.5822682731779736
2018-09-10 00:15:00,2.88,3.4897254375164017
2018-09-10 00:30:00,2.77,3.8395419883746165
2018-09-10 00:45:00,2.77,4.123769112620547
2018-09-10 01:00:00,2.84,4.2757201346883775
2018-09-10 01:15:00,2.81,4.474412756890263
2018-09-10 01:30:00,2.77,4.807460138800085
2018-09-10 01:45:00,3.28,5.046100785845244
2018-09-10 02:00:00,3.02,5.333530842455833
2018-09-10 02:15:00,2.81,5.980528062349716
2018-09-10 02:30:00,2.81,6.028689269194388
2018-09-10 02:45:00,2.81,5.9733769945568085
2018-09-10 03:00:00,3.38,6.289008986045712
2018-09-10 03:15:00,3.35,6.601889873556914
2018-09-10 03:30:00,2.81,7.110110650138569
2018-09-10 03:45:00,2.84,7.4049034452642815
2018-09-10 04:00:00,2.81,7.13401863481964
2018-09-10 04:15:00,2.77,7.4144711130568695
2018-09-10 04:30:00,2.84,7.759850230908935
2018-09-10 04:45:00,2.88,7.85444761223237
2018-09-10 05:00:00,2.84,8.003749522388325
2018-09-10 05:15:00,2.81,8.21142604449247
2018-09-10 05:30:00,3.35,8.334098365141674
2018-09-10 05:45:00,2.95,8.440925298811123
2018-09-10 06:00:00,2.7,8.940365623669294
2018-09-10 06:15:00,2.77,8.930757866711236
2018-09-10 06:30:00,2.74,8.779872680816805
2018-09-10 06:45:00,2.74,8.86994567273215
2018-09-10 07:00:00,2.74,9.07699958254754
2018-09-10 07:15:00,3.02,9.496179171450336
2018-09-10 07:30:00,3.17,9.375462986966003
2018-09-10 07:45:00,3.2,9.396610391136985
2018-09-10 08:00:00,15.44,11.470115081345082
2018-09-10 08:15:00,80.21,17.770513464608786
2018-09-10 08:30:00,58.28,25.191801092945568
2018-09-10 08:45:00,50.11,64.82929488325955
2018-09-10 09:00:00,46.66,53.54182637009218
2018-09-10 09:15:00,57.06,45.230760133895544
2018-09-10 09:30:00,58.46,44.29250351568106
2018-09-10 09:45:00,48.96,53.85745781679317
2018-09-10 10:00:00,55.66,52.80064172795028
2018-09-10 10:15:00,46.04,45.14274254287109
2018-09-10 10:30:00,56.12,48.03830823117586
2018-09-10 10:45:00,56.74,45.21750065943333
2018-09-10 11:00:00,51.08,55.082807150239795
2018-09-10 11:15:00,56.7,51.7579352727931
2018-09-10 11:30:00,54.79,47.6222869672288
2018-09-10 11:45:00,59.08,43.98007489136774
2018-09-10 12:00:00,4.79,39.0442024988094
2018-09-10 12:15:00,4.57,41.88698302103471
2018-09-10 12:30:00,3.92,14.829201062786677
2018-09-10 12:45:00,3.82,10.979013404332676
2018-09-10 13:00:00,58.32,18.306228859087295
2018-09-10 13:15:00,108.07,27.34980299582804
2018-09-10 13:30:00,89.75,58.550900216621265
2018-09-10 13:45:00,103.46,88.1638888256165
2018-09-10 14:00:00,116.68,73.88413698514708
2018-09-10 14:15:00,63.65,72.41349447075558
2018-09-10 14:30:00,108.32,86.78085865147334
2018-09-10 14:45:00,104.08,63.073618173519066
2018-09-10 15:00:00,73.33,81.97801782846952
2018-09-10 15:15:00,109.87,87.23304533935283
2018-09-10 15:30:00,87.7,73.90134255668262
2018-09-10 15:45:00,101.95,85.4832440215885
2018-09-10 16:00:00,122.54,86.46656643364766
2018-09-10 16:15:00,92.23,75.83787503198968
2018-09-10 16:30:00,106.06,95.09793846864979
2018-09-10 16:45:00,120.46,80.82070642596338
2018-09-10 17:00:00,82.44,73.76073052189821
2018-09-10 17:15:00,121.46,93.48983264807627
2018-09-10 17:30:00,108.14,68.51704886530447
2018-09-10 17:45:00,47.45,80.60193678213727
2018-09-10 18:00:00,14.94,85.05725701113043
2018-09-10 18:15:00,3.82,54.59521798839432
2018-09-10 18:30:00,3.82,23.090115267744157
2018-09-10 18:45:00,3.46,21.01483357999887
2018-09-10 19:00:00,3.46,23.632315120171487
2018-09-10 19:15:00,3.49,14.49893038715565
2018-09-10 19:30:00,3.53,14.96654802848062
2018-09-10 19:45:00,3.49,11.944063095979669
2018-09-10 20:00:00,3.46,12.285616320487872
2018-09-10 20:15:00,3.42,13.930009174757387
2018-09-10 20:30:00,3.49,11.376181329965867
2018-09-10 20:45:00,3.49,8.889517143177056
2018-09-10 21:00:00,3.53,10.83873150645724
2018-09-10 21:15:00,3.53,7.882856663889765
2018-09-10 21:30:00,4.1,11.787252067347914
2018-09-10 21:45:00,4.64,11.256792058081093
2018-09-10 22:00:00,2.92,7.003520221115689
2018-09-10 22:15:00,2.66,4.874357440744163
2018-09-10 22:30:00,2.63,2.83397172058433
2018-09-10 22:45:00,2.7,2.599180894132889
2018-09-10 23:00:00,2.63,2.895128008640988
2018-09-10 23:15:00,2.59,3.2382179643158793
2018-09-10 23:30:00,2.52,3.1913346425483695
2018-09-10 23:45:00,2.95,3.29193657772673
2018-09-11 00:00:00,2.56,0.8796641989729075
2018-09-11 00:15:00,2.63,1.3386999768521726
2018-09-11 00:30:00,2.56,1.3337006527765283
2018-09-11 00:45:00,2.63,1.551080839521358
2018-09-11 01:00:00,2.66,1.775575798564514
2018-09-11 01:15:00,2.63,2.1158055460475325
2018-09-11 01:30:00,3.17,2.333884903593173
2018-09-11 01:45:00,2.92,2.7247823912080484
2018-09-11 02:00:00,2.59,3.2758510077183907
2018-09-11 02:15:00,2.56,3.259334062872373
2018-09-11 02:30:00,3.2,3.2627880513895136
2018-09-11 02:45:00,2.88,3.4001404810589797
2018-09-11 03:00:00,2.56,4.356974677566157
2018-09-11 03:15:00,2.66,4.385462586828144
2018-09-11 03:30:00,2.59,4.109708909651353
2018-09-11 03:45:00,2.66,4.410080583438646
2018-09-11 04:00:00,2.56,4.723033532107429
2018-09-11 04:15:00,2.56,4.897061424721656
2018-09-11 04:30:00,2.59,5.03180273213426
2018-09-11 04:45:00,2.63,5.25286906007738
2018-09-11 05:00:00,2.56,5.448290989666209
2018-09-11 05:15:00,2.59,5.635940790729752
2018-09-11 05:30:00,2.56,5.842664406122754
2018-09-11 05:45:00,2.95,6.008324711282974
2018-09-11 06:00:00,3.02,6.163403707903804
2018-09-11 06:15:00,2.63,6.414803193187822
2018-09-11 06:30:00,2.56,6.545952005053817
2018-09-11 06:45:00,2.52,6.439559932017765
2018-09-11 07:00:00,2.81,6.408830053521509
2018-09-11 07:15:00,3.06,6.586917687906045
2018-09-11 07:30:00,2.99,6.886624911747415
2018-09-11 07:45:00,3.13,7.107863832176573
2018-09-11 08:00:00,52.38,14.48155200431301
2018-09-11 08:15:00,106.52,30.53224388089179
2018-09-11 08:30:00,102.46,59.615755955982806
2018-09-11 08:45:00,93.92,90.18315217570088
2018-09-11 09:00:00,115.13,87.82556547803294
2018-09-11 09:15:00,106.7,73.14659351741433
2018-09-11 09:30:00,67.93,89.03361543935765
2018-09-11 09:45:00,86.15,95.88891082369457
2018-09-11 10:00:00,125.46,74.2167652324175
2018-09-11 10:15:00,95.15,79.27613914994063
2018-09-11 10:30:00,77.69,114.49122637970034
2018-09-11 10:45:00,107.14,96.81594318748006
2018-09-11 11:00:00,109.58,77.96635487635592
2018-09-11 11:15:00,90.25,94.44315252214273
2018-09-11 11:30:00,122.11,106.18061124392447
2018-09-11 11:45:00,114.84,85.36346673663856
2018-09-11 12:00:00,7.56,71.31580461310153
2018-09-11 12:15:00,7.42,78.17199503438894
2018-09-11 12:30:00,6.84,16.29068579937566
2018-09-11 12:45:00,6.16,8.38188721989329
2018-09-11 13:00:00,55.69,40.61986475042876
2018-09-11 13:15:00,96.84,65.00015605427303
2018-09-11 13:30:00,122.94,73.69809880017452
2018-09-11 13:45:00,125.89,104.0146627845442
2018-09-11 14:00:00,62.78,115.58748831564954
2018-09-11 14:15:00,59.54,107.06870163514209
2018-09-11 14:30:00,64.98,77.52626674483831
2018-09-11 14:45:00,53.64,73.80156077519521
2018-09-11 15:00:00,62.57,82.92801074990967
2018-09-11 15:15:00,58.07,83.71609175640108
2018-09-11 15:30:00,70.16,79.0633503106024
2018-09-11 15:45:00,106.67,79.13225407927386
2018-09-11 16:00:00,73.44,96.5862774488186
2018-09-11 16:15:00,115.34,95.46810237502046
2018-09-11 16:30:00,99.11,81.81042306886819
2018-09-11 16:45:00,122.76,102.68279238651482
2018-09-11 17:00:00,118.84,84.04189622049826
2018-09-11 17:15:00,75.82,115.59104767986312
2018-09-11 17:30:00,62.42,103.38241955911845
2018-09-11 17:45:00,28.37,68.96869368896162
2018-09-11 18:00:00,35.21,53.607026805958796
2018-09-11 18:15:00,38.16,37.80677104254454
2018-09-11 18:30:00,33.62,44.786485814172735
2018-09-11 18:45:00,34.81,43.512914546909336
2018-09-11 19:00:00,37.26,39.203471571306785
2018-09-11 19:15:00,37.76,36.35251687517758
2018-09-11 19:30:00,37.58,36.36414153551265
2018-09-11 19:45:00,32.15,41.15760922137936
2018-09-11 20:00:00,37.33,39.74767352900551
2018-09-11 20:15:00,38.52,37.30829668474666
2018-09-11 20:30:00,34.02,39.6506886775985
2018-09-11 20:45:00,14.72,29.386698540999376
2018-09-11 21:00:00,6.52,27.556025474489726
2018-09-11 21:15:00,4.0,15.204672612372319
2018-09-11 21:30:00,3.89,7.479910398742664
2018-09-11 21:45:00,3.82,7.059422574327318
2018-09-11 22:00:00,3.6,4.5479615286900135
2018-09-11 22:15:00,3.6,3.512533382413743
2018-09-11 22:30:00,4.18,2.959774987675427
2018-09-11 22:45:00,4.72,2.479676653201995
2018-09-11 23:00:00,3.53,2.7875280981726327
2018-09-11 23:15:00,3.49,3.469801690851785
2018-09-11 23:30:00,3.06,3.049911521292355
2018-09-11 23:45:00,3.35,3.387944288607624
2018-09-12 00:00:00,2.92,0.5877617426057142
2018-09-12 00:15:00,2.95,1.6624912129185248
2018-09-12 00:30:00,2.92,1.8059994733489297
2018-09-12 00:45:00,2.92,1.809506213862182
2018-09-12 01:00:00,2.95,0.5104717307330198
2018-09-12 01:15:00,2.92,0.07634891787483156
2018-09-12 01:30:00,2.95,0.1800659235912505
2018-09-12 01:45:00,2.99,0.35493749645875283
2018-09-12 02:00:00,2.88,0.5656171256693412
2018-09-12 02:15:00,2.95,0.9902273757717062
2018-09-12 02:30:00,2.92,1.3530534418535005
2018-09-12 02:45:00,2.92,1.3846140393081185
2018-09-12 03:00:00,2.99,1.6223952298546536
2018-09-12 03:15:00,3.2,1.7765547358788645
2018-09-12 03:30:00,4.32,2.026432155816778
2018-09-12 03:45:00,3.38,2.3763774731141396
2018-09-12 04:00:00,2.95,3.2731718850900435
2018-09-12 04:15:00,2.92,2.911559722118067
2018-09-12 04:30:00,2.99,2.728771815934209
2018-09-12 04:45:00,2.92,2.9857377448369213
2018-09-12 05:00:00,2.92,3.38928551695183
2018-09-12 05:15:00,2.92,3.4302038548224054
2018-09-12 05:30:00,2.88,3.5466430801781392
2018-09-12 05:45:00,2.88,3.780772931184149
2018-09-12 06:00:00,2.92,3.9093005123638527
2018-09-12 06:15:00,2.92,3.985214958612488
2018-09-12 06:30:00,2.88,4.223631013795025
2018-09-12 06:45:00,2.84,4.250011627297734
2018-09-12 07:00:00,2.88,4.291043895631631
2018-09-12 07:15:00,3.02,4.425046731872907
2018-09-12 07:30:00,3.31,4.53089815541329
2018-09-12 07:45:00,4.75,4.748302645641914
2018-09-12 08:00:00,58.07,21.17416356339217
2018-09-12 08:15:00,126.25,42.6954628948416
2018-09-12 08:30:00,87.91,73.59473483917343
2018-09-12 08:45:00,54.54,116.62271396891083
2018-09-12 09:00:00,54.25,92.7147308143881
2018-09-12 09:15:00,41.69,62.354802161467234
2018-09-12 09:30:00,52.78,62.30797247764366
2018-09-12 09:45:00,59.33,61.46481734290535
2018-09-12 10:00:00,47.84,69.76622574744944
2018-09-12 10:15:00,46.15,66.37032604544275
2018-09-12 10:30:00,49.03,56.85707817332637
2018-09-12 10:45:00,55.44,56.94064769694096
2018-09-12 11:00:00,67.0,58.870968322770004
2018-09-12 11:15:00,54.36,63.459763400839975
2018-09-12 11:30:00,59.33,74.26901900518935
2018-09-12 11:45:00,44.35,62.33720204019163
2018-09-12 12:00:00,4.43,35.15073403537811
2018-09-12 12:15:00,5.18,31.92724025750901
2018-09-12 12:30:00,4.5,14.86201445031922
2018-09-12 12:45:00,5.11,10.190946586793633
2018-09-12 13:00:00,38.23,25.39422023568457
2018-09-12 13:15:00,64.22,41.05671905225957
2018-09-12 13:30:00,62.42,58.80663285242531
2018-09-12 13:45:00,66.53,74.04787849206436
2018-09-12 14:00:00,91.51,58.4546460023773
2018-09-12 14:15:00,66.02,57.88384036170574
2018-09-12 14:30:00,76.82,76.42884084249387
2018-09-12 14:45:00,115.7,59.97227463799784
2018-09-12 15:00:00,77.44,64.505865492878
2018-09-12 15:15:00,99.68,91.41303702513021
2018-09-12 15:30:00,120.13,77.20568261680663
2018-09-12 15:45:00,87.52,87.45322904098398
2018-09-12 16:00:00,53.75,96.31266788696696
2018-09-12 16:15:00,57.49,83.92301723371166
2018-09-12 16:30:00,58.39,51.939946893552126
2018-09-12 16:45:00,58.39,60.70489937410907
2018-09-12 17:00:00,58.39,69.81733309993876
2018-09-12 17:15:00,43.49,60.80581066935045
2018-09-12 17:30:00,29.09,50.73994094985293
2018-09-12 17:45:00,27.32,36.03470547421182
2018-09-12 18:00:00,43.45,32.405482369886045
2018-09-12 18:15:00,55.76,33.123880421818235
2018-09-12 18:30:00,51.8,41.87275005095039
2018-09-12 18:45:00,44.14,48.964610633788055
2018-09-12 19:00:00,58.5,49.10164188579509
2018-09-12 19:15:00,44.6,39.55572799810289
2018-09-12 19:30:00,49.5,52.86286582227776
2018-09-12 19:45:00,56.09,47.6793345395888
2018-09-12 20:00:00,40.39,45.08525362418003
2018-09-12 20:15:00,43.31,48.30570396679751
2018-09-12 20:30:00,32.51,39.19503646420439
2018-09-12 20:45:00,13.82,30.751515091506512
2018-09-12 21:00:00,5.54,21.153106256193123
2018-09-12 21:15:00,3.82,9.707775369932225
2018-09-12 21:30:00,3.64,1.7438121718568453
2018-09-12 21:45:00,3.64,1.876599644126884
2018-09-12 22:00:00,3.46,1.78114338590537
2018-09-12 22:15:00,3.49,1.2124435725808738
2018-09-12 22:30:00,3.38,1.7528198059432434
2018-09-12 22:45:00,3.35,1.5094193944489156
2018-09-12 23:00:00,3.35,0.7437907887559199
2018-09-12 23:15:00,3.35,2.022211480166064
2018-09-12 23:30:00,3.31,0.9109604379917933
2018-09-12 23:45:00,4.28,1.9052062294023067
2018-09-13 00:00:00,3.06,2.2471941407375127
2018-09-13 00:15:00,2.74,1.9149775729559302
2018-09-13 00:30:00,2.74,1.9096756673914257
2018-09-13 00:45:00,2.77,1.048334395705762
2018-09-13 01:00:00,2.7,0.0
2018-09-13 01:15:00,2.77,0.0
2018-09-13 01:30:00,2.77,0.0
2018-09-13 01:45:00,2.66,0.0
2018-09-13 02:00:00,2.99,0.07152064846468065
2018-09-13 02:15:00,3.38,0.21372905179680046
2018-09-13 02:30:00,2.99,0.6601813087139732
2018-09-13 02:45:00,2.77,1.1599980247357102
2018-09-13 03:00:00,2.74,1.1760326214144392
2018-09-13 03:15:00,2.74,1.2628703167277564
2018-09-13 03:30:00,2.7,1.7993979102376052
2018-09-13 03:45:00,2.81,1.9292610845817926
2018-09-13 04:00:00,3.17,2.0464208609927113
2018-09-13 04:15:00,3.38,2.200854482761084
2018-09-13 04:30:00,2.81,2.732857918624944
2018-09-13 04:45:00,2.77,2.928256675420304
2018-09-13 05:00:00,2.84,2.717605605871185
2018-09-13 05:15:00,2.81,2.820958501940602
2018-09-13 05:30:00,2.84,3.1138614022705475
2018-09-13 05:45:00,2.77,3.2990415811503873
2018-09-13 06:00:00,2.74,3.373643895193922
2018-09-13 06:15:00,2.81,3.519167304211223
2018-09-13 06:30:00,2.77,3.597801967304086
2018-09-13 06:45:00,2.7,3.684239951961505
2018-09-13 07:00:00,2.81,3.7907037661051888
2018-09-13 07:15:00,2.81,3.866863728349472
2018-09-13 07:30:00,3.6,3.9828503310405985
2018-09-13 07:45:00,4.61,4.319953809687689
2018-09-13 08:00:00,35.75,19.986718012554675
2018-09-13 08:15:00,52.78,38.40024941967784
2018-09-13 08:30:00,47.95,48.65380538039064
2018-09-13 08:45:00,90.79,55.390425740403444
2018-09-13 09:00:00,108.72,50.18434230708108
2018-09-13 09:15:00,105.52,69.11774822017574
2018-09-13 09:30:00,59.51,85.39279645449199
2018-09-13 09:45:00,116.64,82.5912788461503
2018-09-13 10:00:00,123.55,50.0987065232476
2018-09-13 10:15:00,78.44,87.72846058151016
2018-09-13 10:30:00,51.8,101.09734034955669
2018-09-13 10:45:00,53.6,69.51699951571445
2018-09-13 11:00:00,50.33,47.54486635853493
2018-09-13 11:15:00,51.01,56.80923516678673
2018-09-13 11:30:00,56.45,59.902033356852996
2018-09-13 11:45:00,56.09,50.37031459274584
2018-09-13 12:00:00,7.31,34.436553087723205
2018-09-13 12:15:00,4.43,37.144129611619945
2018-09-13 12:30:00,4.5,7.858135480366773
2018-09-13 12:45:00,5.08,3.1369421658113197
2018-09-13 13:00:00,40.25,23.280809237988194
2018-09-13 13:15:00,60.48,37.207497180859605
2018-09-13 13:30:00,58.18,50.37207588147945
2018-09-13 13:45:00,65.99,60.94471407636301
2018-09-13 14:00:00,59.8,65.66535701834893
2018-09-13 14:15:00,51.44,63.07831506684079
2018-09-13 14:30:00,61.81,59.820575560289434
2018-09-13 14:45:00,67.9,60.875358383045466
2018-09-13 15:00:00,109.01,59.407422520808396
2018-09-13 15:15:00,99.72,70.91622832917618
2018-09-13 15:30:00,68.0,98.8073886405258
2018-09-13 15:45:00,101.02,87.41961894842787
2018-09-13 16:00:00,122.87,58.66281792675581
2018-09-13 16:15:00,74.56,73.29657465326963
2018-09-13 16:30:00,49.32,93.10848748751435
2018-09-13 16:45:00,58.68,63.63048718648746
2018-09-13 17:00:00,54.4,40.171994742728174
2018-09-13 17:15:00,57.74,53.18282489359473
2018-09-13 17:30:00,32.69,50.38514476397316
2018-09-13 17:45:00,31.97,44.348458822963806
2018-09-13 18:00:00,41.22,35.24062435175138
2018-09-13 18:15:00,50.65,38.67636153763333
2018-09-13 18:30:00,46.3,43.11772084800789
2018-09-13 18:45:00,57.17,49.46637617610027
2018-09-13 19:00:00,54.76,46.344530425239995
2018-09-13 19:15:00,49.1,50.81468229898195
2018-09-13 19:30:00,46.8,52.627099657613556
2018-09-13 19:45:00,40.79,49.76636296367565
2018-09-13 20:00:00,47.95,45.512119830485695
2018-09-13 20:15:00,69.16,49.628003404370205
2018-09-13 20:30:00,49.82,45.6787022420318
2018-09-13 20:45:00,19.98,53.829965946073294
2018-09-13 21:00:00,5.04,31.147250428394315
2018-09-13 21:15:00,4.93,8.542401225586982
2018-09-13 21:30:00,4.86,0.957676795751496
2018-09-13 21:45:00,4.79,4.125207171649574
2018-09-13 22:00:00,4.46,3.889442649176072
2018-09-13 22:15:00,4.46,1.9112464401241773
2018-09-13 22:30:00,4.43,1.5365095268047
2018-09-13 22:45:00,4.28,1.2008136374345497
2018-09-13 23:00:00,4.28,1.9677584220867494
2018-09-13 23:15:00,4.32,1.5268664658369993
2018-09-13 23:30:00,4.28,1.3904854351357798
2018-09-13 23:45:00,2.66,2.1127520278912897
2018-09-14 00:00:00,4.28,3.390396010417021
2018-09-14 00:15:00,4.25,3.379602427040073
2018-09-14 00:30:00,3.89,6.564402605555969
2018-09-14 00:45:00,3.28,5.630465942613011
2018-09-14 01:00:00,3.24,3.174393580365539
2018-09-14 01:15:00,3.53,1.6202642330468393
2018-09-14 01:30:00,4.36,1.9253681366774877
2018-09-14 01:45:00,3.31,2.3525848836669567
2018-09-14 02:00:00,3.35,3.096808042303838
2018-09-14 02:15:00,3.31,2.736766889498263
2018-09-14 02:30:00,3.31,2.811624759472007
2018-09-14 02:45:00,3.24,3.1318486763181284
2018-09-14 03:00:00,3.28,3.454288204875734
2018-09-14 03:15:00,3.28,3.5203293912457667
2018-09-14 03:30:00,3.35,3.79495736781535
2018-09-14 03:45:00,3.31,4.075591476597928
2018-09-14 04:00:00,3.89,4.247109469744004
2018-09-14 04:15:00,4.07,4.5957571545672735
2018-09-14 04:30:00,3.31,5.143866094116785
2018-09-14 04:45:00,3.31,5.423758209154705
2018-09-14 05:00:00,3.35,5.001239572388393
2018-09-14 05:15:00,3.35,5.09744387009798
2018-09-14 05:30:00,3.64,5.45151055392299
2018-09-14 05:45:00,4.28,5.700185209106074
2018-09-14 06:00:00,3.67,5.8699123975316745
2018-09-14 06:15:00,3.24,6.479489904463151
2018-09-14 06:30:00,3.31,6.122102266384356
2018-09-14 06:45:00,3.24,5.834146777956217
2018-09-14 07:00:00,3.28,6.031473080852212
2018-09-14 07:15:00,3.49,6.203252618600075
2018-09-14 07:30:00,3.71,6.373813274189953
2018-09-14 07:45:00,4.82,6.6504320221906355
2018-09-14 08:00:00,33.34,18.935105984680014
2018-09-14 08:15:00,50.9,34.19120691170663
2018-09-14 08:30:00,63.58,50.578509186616344
2018-09-14 08:45:00,49.32,67.17127700666936
2018-09-14 09:00:00,47.41,80.22726522050823
2018-09-14 09:15:00,61.2,66.42327426567118
2018-09-14 09:30:00,45.79,59.96246954152398
2018-09-14 09:45:00,39.6,77.27790959911474
2018-09-14 10:00:00,41.18,76.2821762370187
2018-09-14 10:15:00,52.06,58.05725268124753
2018-09-14 10:30:00,55.19,56.51622498763656
2018-09-14 10:45:00,50.4,66.23604320055786
2018-09-14 11:00:00,56.05,65.19618063711961
2018-09-14 11:15:00,55.4,61.00351651088762
2018-09-14 11:30:00,64.48,60.72860118495735
2018-09-14 11:45:00,63.4,63.51472118484871
2018-09-14 12:00:00,13.46,41.21523207779664
2018-09-14 12:15:00,4.32,41.988205530376106
2018-09-14 12:30:00,4.64,14.035596970497835
2018-09-14 12:45:00,3.71,7.471797055319151
2018-09-14 13:00:00,47.34,25.798617285908982
2018-09-14 13:15:00,54.76,45.0754787028161
2018-09-14 13:30:00,68.29,64.05611363845564
2018-09-14 13:45:00,58.46,67.11828257483135
2018-09-14 14:00:00,66.31,73.94454473414439
2018-09-14 14:15:00,60.98,59.6008739502825
2018-09-14 14:30:00,67.68,73.1805499711724
2018-09-14 14:45:00,61.49,63.01548706434784
2018-09-14 15:00:00,48.24,69.94939853605122
2018-09-14 15:15:00,61.06,67.07070371727468
2018-09-14 15:30:00,65.99,52.021699962055195
2018-09-14 15:45:00,58.03,67.41962470553082
2018-09-14 16:00:00,65.81,88.39450311989528
2018-09-14 16:15:00,111.78,67.1386833501745
2018-09-14 16:30:00,106.16,64.45290767414438
2018-09-14 16:45:00,48.13,91.51941628129251
2018-09-14 17:00:00,43.02,89.73844821848307
2018-09-14 17:15:00,62.5,51.00790745010207
2018-09-14 17:30:00,54.58,31.355685777487672
2018-09-14 17:45:00,34.99,54.67722150087489
2018-09-14 18:00:00,28.48,57.39819161668546
2018-09-14 18:15:00,29.05,43.46140276986459
2018-09-14 18:30:00,28.26,34.72892214783976
2018-09-14 18:45:00,27.0,40.139436855419035
2018-09-14 19:00:00,20.41,37.864870847134384
2018-09-14 19:15:00,7.85,37.71576006887184
2018-09-14 19:30:00,8.32,40.96672970055151
2018-09-14 19:45:00,4.54,32.50749364774134
2018-09-14 20:00:00,3.67,31.748096632934377
2018-09-14 20:15:00,3.71,34.02468933665146
2018-09-14 20:30:00,3.67,38.450761523377246
2018-09-14 20:45:00,3.64,23.86144650979631
2018-09-14 21:00:00,3.6,4.5966484479797565
2018-09-14 21:15:00,3.74,2.0042919542255397
2018-09-14 21:30:00,3.6,3.5597919238174924
2018-09-14 21:45:00,3.6,3.330321244297224
2018-09-14 22:00:00,3.28,1.69618926846994
2018-09-14 22:15:00,3.31,1.3618328705181924
2018-09-14 22:30:00,2.84,1.463154465938132
2018-09-14 22:45:00,2.7,1.6521592584598324
2018-09-14 23:00:00,2.66,1.5674715997672877
2018-09-14 23:15:00,2.66,1.1775131632820646
2018-09-14 23:30:00,2.66,0.3628409697014021
2018-09-14 23:45:00,2.66,0.19266141934804537
2018-09-15 00:00:00,2.7,0.0
2018-09-15 00:15:00,2.63,0.0
2018-09-15 00:30:00,2.63,0.0
2018-09-15 00:45:00,2.63,0.0
2018-09-15 01:00:00,2.81,0.0
2018-09-15 01:15:00,3.24,0.0
2018-09-15 01:30:00,2.99,0.0
2018-09-15 01:45:00,2.66,0.0
2018-09-15 02:00:00,2.7,0.0
2018-09-15 02:15:00,2.7,0.0
2018-09-15 02:30:00,2.63,0.0
2018-09-15 02:45:00,2.63,0.0
2018-09-15 03:00:00,2.7,0.034566547926644375
2018-09-15 03:15:00,2.63,0.2731682791411565
2018-09-15 03:30:00,2.63,0.6403299726782272
2018-09-15 03:45:00,3.31,0.7346339166311786
2018-09-15 04:00:00,2.77,1.0356256338079959
2018-09-15 04:15:00,2.7,1.6885434616786519
2018-09-15 04:30:00,2.7,1.468294409486301
2018-09-15 04:45:00,2.7,1.5387545121153998
2018-09-15 05:00:00,2.7,1.8788619031225764
2018-09-15 05:15:00,2.63,2.1148519465737365
2018-09-15 05:30:00,2.59,2.2326788376570548
2018-09-15 05:45:00,2.63,2.4383562607037526
2018-09-15 06:00:00,2.7,2.4206694200450833
2018-09-15 06:15:00,2.63,2.4879811126527187
2018-09-15 06:30:00,2.63,2.6717521584016986
2018-09-15 06:45:00,2.63,2.816008392217846
2018-09-15 07:00:00,3.06,2.7879076509249145
2018-09-15 07:15:00,3.1,2.8981869936475277
2018-09-15 07:30:00,2.74,3.2402183966374487
2018-09-15 07:45:00,8.06,3.460110086382958
2018-09-15 08:00:00,34.02,12.907474074388936
2018-09-15 08:15:00,33.44,20.53676155930993
2018-09-15 08:30:00,38.3,38.17191141760412
2018-09-15 08:45:00,48.78,35.8896773753476
2018-09-15 09:00:00,33.05,35.54321859114986
2018-09-15 09:15:00,35.75,44.11159408731356
2018-09-15 09:30:00,35.14,37.997313006083004
2018-09-15 09:45:00,40.14,33.36588107428597
2018-09-15 10:00:00,33.8,36.66871151323289
2018-09-15 10:15:00,40.43,45.054868711812986
2018-09-15 10:30:00,33.01,36.76635911582003
2018-09-15 10:45:00,40.72,42.55669816139752
2018-09-15 11:00:00,41.22,37.3804159270581
2018-09-15 11:15:00,32.58,39.75137456068856
2018-09-15 11:30:00,40.39,42.802493252589585
2018-09-15 11:45:00,17.89,32.905472731907
2018-09-15 12:00:00,3.31,24.309695334087
2018-09-15 12:15:00,3.82,13.409303809065017
2018-09-15 12:30:00,3.82,3.4225112666686215
2018-09-15 12:45:00,3.31,3.9462370366215715
2018-09-15 13:00:00,29.63,18.905026966109983
2018-09-15 13:15:00,40.97,20.392947588947365
2018-09-15 13:30:00,39.96,35.03306548053081
2018-09-15 13:45:00,36.65,40.86645965436483
2018-09-15 14:00:00,40.39,40.07850016170575
2018-09-15 14:15:00,40.39,37.534585917700795
2018-09-15 14:30:00,32.98,43.24031388796408
2018-09-15 14:45:00,37.84,40.33684442848461
2018-09-15 15:00:00,44.21,33.72112576044281
2018-09-15 15:15:00,42.37,38.3352106510771
2018-09-15 15:30:00,38.59,47.25034067311246
2018-09-15 15:45:00,33.08,44.42803408035782
2018-09-15 16:00:00,39.67,36.253849060157506
2018-09-15 16:15:00,40.72,40.27604262564395
2018-09-15 16:30:00,39.67,45.45547626032261
2018-09-15 16:45:00,5.83,31.11187971148624
2018-09-15 17:00:00,3.82,25.526755693722478
2018-09-15 17:15:00,3.46,10.373339465678669
2018-09-15 17:30:00,3.49,7.971224430919829
2018-09-15 17:45:00,3.49,7.328302345132958
2018-09-15 18:00:00,3.42,6.682736093758589
2018-09-15 18:15:00,3.42,3.3480374418161993
2018-09-15 18:30:00,3.6,3.0322943007894594
2018-09-15 18:45:00,3.67,2.1766712671992714
2018-09-15 19:00:00,3.64,0.8486343379028654
2018-09-15 19:15:00,3.6,0.0
2018-09-15 19:30:00,3.64,0.0
2018-09-15 19:45:00,3.06,0.0
2018-09-15 20:00:00,2.99,0.0
2018-09-15 20:15:00,2.92,0.0
2018-09-15 20:30:00,2.92,0.0
2018-09-15 20:45:00,2.95,0.0
2018-09-15 21:00:00,3.53,0.0
2018-09-15 21:15:00,3.49,0.0
2018-09-15 21:30:00,2.92,0.0
2018-09-15 21:45:00,2.88,0.0
2018-09-15 22:00:00,2.77,0.0
2018-09-15 22:15:00,2.84,0.0
2018-09-15 22:30:00,2.77,0.0
2018-09-15 22:45:00,2.88,0.0
2018-09-15 23:00:00,3.2,0.0
2018-09-15 23:15:00,2.66,0.0
2018-09-15 23:30:00,2.66,0.0
2018-09-15 23:45:00,2.74,0.0
2018-09-16 00:00:00,2.66,0.0
2018-09-16 00:15:00,2.81,0.0
2018-09-16 00:30:00,2.74,0.0
2018-09-16 00:45:00,2.7,0.0
2018-09-16 01:00:00,2.7,0.0
2018-09-16 01:15:00,2.7,0.0
2018-09-16 01:30:00,2.74,0.001486068343918845
2018-09-16 01:45:00,2.77,0.16506002702288214
2018-09-16 02:00:00,2.74,0.4405745166767474
2018-09-16 02:15:00,2.99,0.6920614527963913
2018-09-16 02:30:00,3.31,0.9162891408606804
2018-09-16 02:45:00,2.7,1.2952706767432183
2018-09-16 03:00:00,3.35,1.8215807183665973
2018-09-16 03:15:00,3.2,1.714427918648184
2018-09-16 03:30:00,2.74,2.179070258493862
2018-09-16 03:45:00,2.74,2.5274355845618715
2018-09-16 04:00:00,2.74,2.3754737213218675
2018-09-16 04:15:00,2.77,2.5398399660905397
2018-09-16 04:30:00,2.74,2.939259106126258
2018-09-16 04:45:00,2.74,3.0487250302832543
2018-09-16 05:00:00,2.7,3.1473374627315245
2018-09-16 05:15:00,2.74,3.3125699858733775
2018-09-16 05:30:00,2.66,3.436600519678077
2018-09-16 05:45:00,2.7,3.6083633683379333
2018-09-16 06:00:00,2.66,3.723301203365036
2018-09-16 06:15:00,2.77,3.9161931724657464
2018-09-16 06:30:00,3.17,4.021606420369508
2018-09-16 06:45:00,3.02,4.147512643684099
2018-09-16 07:00:00,2.66,4.507761572371965
2018-09-16 07:15:00,2.66,4.560207940191717
2018-09-16 07:30:00,2.63,4.300259550986141
2018-09-16 07:45:00,2.7,5.2477863286934365
2018-09-16 08:00:00,2.59,10.121681917261053
2018-09-16 08:15:00,2.63,10.452530071051754
2018-09-16 08:30:00,3.35,11.763020416529216
2018-09-16 08:45:00,3.2,14.029631650991599
2018-09-16 09:00:00,2.88,11.517459060688225
2018-09-16 09:15:00,2.92,12.02360329556851
2018-09-16 09:30:00,2.81,11.651793427261335
2018-09-16 09:45:00,2.84,12.276834020786133
2018-09-16 10:00:00,2.84,11.191837129431502
2018-09-16 10:15:00,2.84,12.114733814606154
2018-09-16 10:30:00,2.88,10.072751181493658
2018-09-16 10:45:00,2.92,11.643468498606087
2018-09-16 11:00:00,2.84,13.87287655724548
2018-09-16 11:15:00,2.81,13.161321982147582
2018-09-16 11:30:00,2.77,13.363264036975089
2018-09-16 11:45:00,3.2,5.714629233420737
2018-09-16 12:00:00,3.06,2.885002622731516
2018-09-16 12:15:00,2.84,3.0091241984455444
2018-09-16 12:30:00,2.95,2.727153605391379
2018-09-16 12:45:00,2.84,2.2913190639190404
2018-09-16 13:00:00,2.81,6.814806593199741
2018-09-16 13:15:00,2.84,11.9974970748723
2018-09-16 13:30:00,2.81,13.062534683135269
2018-09-16 13:45:00,2.81,12.351208998972936
2018-09-16 14:00:00,2.92,12.806693219111715
2018-09-16 14:15:00,2.88,12.089386867481188
2018-09-16 14:30:00,3.49,10.179864245386899
2018-09-16 14:45:00,2.92,10.81240413592992
2018-09-16 15:00:00,2.84,11.723998777908403
2018-09-16 15:15:00,3.13,10.70924987040084
2018-09-16 15:30:00,3.38,9.75179203585476
2018-09-16 15:45:00,2.88,7.536790488439035
2018-09-16 16:00:00,2.84,6.087291112120916
2018-09-16 16:15:00,2.88,5.7231390384249
2018-09-16 16:30:00,2.84,5.354319151683509
2018-09-16 16:45:00,2.84,0.0
2018-09-16 17:00:00,2.81,0.0
2018-09-16 17:15:00,2.88,0.0
2018-09-16 17:30:00,2.95,0.0
2018-09-16 17:45:00,2.81,0.0
2018-09-16 18:00:00,2.77,0.0
2018-09-16 18:15:00,2.84,0.0
2018-09-16 18:30:00,2.88,0.0
2018-09-16 18:45:00,2.84,0.0
2018-09-16 19:00:00,3.06,0.0
2018-09-16 19:15:00,3.56,0.0
2018-09-16 19:30:00,3.28,0.0
2018-09-16 19:45:00,3.28,0.0
2018-09-16 20:00:00,3.49,0.0
2018-09-16 20:15:00,2.95,0.0
2018-09-16 20:30:00,2.92,0.0
2018-09-16 20:45:00,2.99,0.0
2018-09-16 21:00:00,2.92,0.0
2018-09-16 21:15:00,2.92,0.0
2018-09-16 21:30:00,2.95,0.0
2018-09-16 21:45:00,2.99,0.0
2018-09-16 22:00:00,2.74,0.0
2018-09-16 22:15:00,2.88,0.0
2018-09-16 22:30:00,2.77,0.0
2018-09-16 22:45:00,2.74,0.0
2018-09-16 23:00:00,2.74,0.0
2018-09-16 23:15:00,2.66,0.0
2018-09-16 23:30:00,2.7,0.0
2018-09-16 23:45:00,3.53,0.0
2018-09-17 00:00:00,2.7,3.3040578174881468
2018-09-17 00:15:00,2.77,4.072369020751342
2018-09-17 00:30:00,2.74,3.767899484180706
2018-09-17 00:45:00,2.74,3.8990200317600987
2018-09-17 01:00:00,3.35,4.201231990055721
2018-09-17 01:15:00,2.84,4.541269281854063
2018-09-17 01:30:00,3.28,5.039900516389789
2018-09-17 01:45:00,3.1,5.134175073552633
2018-09-17 02:00:00,2.77,5.51820746938882
2018-09-17 02:15:00,2.77,5.674982174938368
2018-09-17 02:30:00,2.77,5.835059311937698
2018-09-17 02:45:00,2.74,5.891362636816925
2018-09-17 03:00:00,2.77,6.4503866840101445
2018-09-17 03:15:00,2.84,6.639685424715065
2018-09-17 03:30:00,2.77,6.642318756483597
2018-09-17 03:45:00,2.74,6.935165816018426
2018-09-17 04:00:00,2.74,7.1801088901340755
2018-09-17 04:15:00,2.81,7.284422435809162
2018-09-17 04:30:00,2.74,7.512433855821595
2018-09-17 04:45:00,3.2,7.768734048025337
2018-09-17 05:00:00,2.99,7.89418060303052
2018-09-17 05:15:00,2.77,8.380017711498386
2018-09-17 05:30:00,2.7,8.49902693944118
2018-09-17 05:45:00,2.63,8.44275688488704
2018-09-17 06:00:00,2.66,8.458854304694661
2018-09-17 06:15:00,2.7,8.627098882254316
2018-09-17 06:30:00,3.13,8.806694413995647
2018-09-17 06:45:00,3.06,8.881226099900065
2018-09-17 07:00:00,2.66,9.14819630125497
2018-09-17 07:15:00,2.92,9.231462275846592
2018-09-17 07:30:00,3.06,9.030818086511925
2018-09-17 07:45:00,3.13,9.209427581094815
2018-09-17 08:00:00,25.78,11.83569165839491
2018-09-17 08:15:00,63.11,24.82856153942764
2018-09-17 08:30:00,45.76,33.70002528005183
2018-09-17 08:45:00,56.34,54.731406919267876
2018-09-17 09:00:00,56.48,43.175932356401574
2018-09-17 09:15:00,50.98,46.25619420573699
2018-09-17 09:30:00,47.34,50.134731980427674
2018-09-17 09:45:00,42.3,48.57833071071735
2018-09-17 10:00:00,43.02,44.84635008841804
2018-09-17 10:15:00,55.19,41.758387657093245
2018-09-17 10:30:00,56.63,44.97151547121749
2018-09-17 10:45:00,62.96,51.44958948249312
2018-09-17 11:00:00,49.79,51.14465276926935
2018-09-17 11:15:00,56.88,53.79030968512903
2018-09-17 11:30:00,48.17,45.08339815056776
2018-09-17 11:45:00,45.79,49.87299226523636
2018-09-17 12:00:00,6.23,34.91600995561835
2018-09-17 12:15:00,3.89,35.03190869870509
2018-09-17 12:30:00,6.55,14.044525950036334
2018-09-17 12:45:00,5.26,10.665132898536413
2018-09-17 13:00:00,50.98,26.795735854760114
2018-09-17 13:15:00,74.77,36.78771313309627
2018-09-17 13:30:00,115.49,54.485108583007744
2018-09-17 13:45:00,114.12,72.23520665545911
2018-09-17 14:00:00,96.23,94.91504999395012
2018-09-17 14:15:00,111.64,80.42248828591718
2018-09-17 14:30:00,97.85,80.42790502205455
2018-09-17 14:45:00,121.14,89.32439173628387
2018-09-17 15:00:00,85.9,82.43238824318402
2018-09-17 15:15:00,108.5,101.03221519989059
2018-09-17 15:30:00,107.82,76.52378671616913
2018-09-17 15:45:00,105.19,90.60244705210542
2018-09-17 16:00:00,110.52,95.70367463687857
2018-09-17 16:15:00,100.3,85.24516253469774
2018-09-17 16:30:00,122.54,85.73437779422862
2018-09-17 16:45:00,82.62,85.08192250436925
2018-09-17 17:00:00,65.05,89.2104622955156
2018-09-17 17:15:00,53.35,77.78490974197604
2018-09-17 17:30:00,34.92,64.11744992243112
2018-09-17 17:45:00,27.36,49.75246637604711
2018-09-17 18:00:00,35.6,37.264276015397606
2018-09-17 18:15:00,42.48,25.392880291469847
2018-09-17 18:30:00,52.6,31.145007046775632
2018-09-17 18:45:00,51.05,34.806281223884504
2018-09-17 19:00:00,54.22,39.63184843791856
2018-09-17 19:15:00,51.16,34.33390387938045
2018-09-17 19:30:00,54.29,37.77474475128024
2018-09-17 19:45:00,55.76,36.61328361051536
2018-09-17 20:00:00,44.14,39.14615309175253
2018-09-17 20:15:00,48.31,40.97280341680113
2018-09-17 20:30:00,53.82,33.9837546792039
2018-09-17 20:45:00,12.28,37.79522645987916
2018-09-17 21:00:00,5.76,39.512216730199015
2018-09-17 21:15:00,4.07,14.365395340729947
2018-09-17 21:30:00,3.92,5.999167321276055
2018-09-17 21:45:00,3.89,7.882384767861989
2018-09-17 22:00:00,3.67,9.277000809992142
2018-09-17 22:15:00,3.64,5.295137582331279
2018-09-17 22:30:00,3.6,5.40751975880098
2018-09-17 22:45:00,3.6,6.544493688084941
2018-09-17 23:00:00,4.21,5.856002852273097
2018-09-17 23:15:00,4.61,6.378575538604245
2018-09-17 23:30:00,3.49,6.83546125649919
2018-09-17 23:45:00,3.2,8.027950957040094
2018-09-18 00:00:00,3.56,5.0365313370111515
2018-09-18 00:15:00,3.53,4.237736151314646
2018-09-18 00:30:00,3.31,5.371762908324104
2018-09-18 00:45:00,2.95,6.419731221994478
2018-09-18 01:00:00,2.95,3.0863421554733392
2018-09-18 01:15:00,2.95,2.4533628553845794
2018-09-18 01:30:00,2.95,2.8053163724186234
2018-09-18 01:45:00,2.99,2.9718449857464186
2018-09-18 02:00:00,2.95,3.072227261243029
2018-09-18 02:15:00,2.95,3.2875492426083994
2018-09-18 02:30:00,2.95,3.64140354233038
2018-09-18 02:45:00,2.95,3.8070544099573134
2018-09-18 03:00:00,2.95,3.9894551019158193
2018-09-18 03:15:00,2.99,4.3239335484718175
2018-09-18 03:30:00,2.99,4.56870703552422
2018-09-18 03:45:00,2.99,4.739831303553782
2018-09-18 04:00:00,3.6,4.9221386114778625
2018-09-18 04:15:00,3.06,5.177571246366938
2018-09-18 04:30:00,3.46,5.732291492493566
2018-09-18 04:45:00,2.99,5.7183544923626926
2018-09-18 05:00:00,2.99,5.97400795804532
2018-09-18 05:15:00,2.95,5.893839262697597
2018-09-18 05:30:00,2.84,6.066949472090727
2018-09-18 05:45:00,2.84,6.230196291649296
2018-09-18 06:00:00,2.88,6.38505710254066
2018-09-18 06:15:00,2.95,6.392190815004909
2018-09-18 06:30:00,2.88,6.5888562495040475
2018-09-18 06:45:00,2.84,6.713831120301137
2018-09-18 07:00:00,2.88,6.715747186260813
2018-09-18 07:15:00,2.95,6.843514699845933
2018-09-18 07:30:00,4.54,6.938067597589573
2018-09-18 07:45:00,4.9,7.066507382325092
2018-09-18 08:00:00,35.46,21.91676020886282
2018-09-18 08:15:00,51.59,39.7583019541539
2018-09-18 08:30:00,55.87,53.45395369017391
2018-09-18 08:45:00,53.82,64.23094345023965
2018-09-18 09:00:00,48.24,68.71707691424496
2018-09-18 09:15:00,60.08,62.47771325923959
2018-09-18 09:30:00,61.2,53.224748987983205
2018-09-18 09:45:00,59.8,64.33058010476194
2018-09-18 10:00:00,59.26,74.23246694362209
2018-09-18 10:15:00,53.93,68.63673218541533
2018-09-18 10:30:00,49.75,63.899838498445604
2018-09-18 10:45:00,47.09,68.9727790805881
2018-09-18 11:00:00,60.55,64.17373636837216
2018-09-18 11:15:00,62.06,59.652649626712474
2018-09-18 11:30:00,62.68,72.52019258313025
2018-09-18 11:45:00,45.68,71.54578263302899
2018-09-18 12:00:00,25.6,41.2339906380346
2018-09-18 12:15:00,12.46,32.27497613102454
2018-09-18 12:30:00,4.07,22.680550298314536
2018-09-18 12:45:00,3.89,15.674858474590852
2018-09-18 13:00:00,39.2,30.415132136949378
2018-09-18 13:15:00,53.57,41.95042487023292
2018-09-18 13:30:00,60.48,74.81457437239473
2018-09-18 13:45:00,64.69,83.79553387483564
2018-09-18 14:00:00,62.89,67.61489127260833
2018-09-18 14:15:00,57.31,69.48697550895182
2018-09-18 14:30:00,54.11,69.41435297999173
2018-09-18 14:45:00,58.1,68.27792667964876
2018-09-18 15:00:00,42.62,61.99292409450348
2018-09-18 15:15:00,48.38,70.07520941569142
2018-09-18 15:30:00,60.23,63.984704173374226
2018-09-18 15:45:00,47.09,72.56781389839904
2018-09-18 16:00:00,41.08,73.4684014538122
2018-09-18 16:15:00,55.4,71.14040830491427
2018-09-18 16:30:00,51.12,63.062127931373126
2018-09-18 16:45:00,48.67,69.1877587528797
2018-09-18 17:00:00,43.02,65.35803300653976
2018-09-18 17:15:00,54.0,52.60028246479321
2018-09-18 17:30:00,32.22,43.709319363218505
2018-09-18 17:45:00,31.28,44.4968168083964
2018-09-18 18:00:00,37.26,35.20806026303281
2018-09-18 18:15:00,55.73,34.03695357788167
2018-09-18 18:30:00,48.67,39.359237235441064
2018-09-18 18:45:00,42.01,51.939125733309254
2018-09-18 19:00:00,47.7,46.8037809079559
2018-09-18 19:15:00,45.68,38.64266649479009
2018-09-18 19:30:00,49.18,43.791229230100846
2018-09-18 19:45:00,66.35,45.587841424441834
2018-09-18 20:00:00,40.93,44.15983414482748
2018-09-18 20:15:00,43.78,54.163310769069604
2018-09-18 20:30:00,41.44,42.18219468219044
2018-09-18 20:45:00,42.37,28.986926771317417
2018-09-18 21:00:00,27.29,27.044752094865228
2018-09-18 21:15:00,4.86,28.825828013033263
2018-09-18 21:30:00,3.67,18.147014222183074
2018-09-18 21:45:00,3.6,3.0618524837515437
2018-09-18 22:00:00,3.31,2.9079144464881566
2018-09-18 22:15:00,3.38,5.629713113310462
2018-09-18 22:30:00,3.35,6.429120603841547
2018-09-18 22:45:00,4.46,3.6624125147151148
2018-09-18 23:00:00,3.96,3.2293635660964775
2018-09-18 23:15:00,3.2,4.460534542563238
2018-09-18 23:30:00,3.2,3.624292705301915
2018-09-18 23:45:00,2.66,3.7508851851582676
2018-09-19 00:00:00,2.92,3.169965619507348
2018-09-19 00:15:00,2.74,1.3634398698033294
2018-09-19 00:30:00,2.66,2.0659998137292703
2018-09-19 00:45:00,2.66,2.093025833685722
2018-09-19 01:00:00,2.7,2.5645106994358393
2018-09-19 01:15:00,2.66,1.6027443912242845
2018-09-19 01:30:00,2.74,0.0563747908440142
2018-09-19 01:45:00,2.77,0.18232980973471413
2018-09-19 02:00:00,2.74,0.4185079575632429
2018-09-19 02:15:00,2.77,0.6886686266335929
2018-09-19 02:30:00,2.74,0.9167625706593832
2018-09-19 02:45:00,2.74,1.167621862814471
2018-09-19 03:00:00,2.81,1.520346643123819
2018-09-19 03:15:00,2.77,1.7746245885000178
2018-09-19 03:30:00,2.74,2.2113324292915557
2018-09-19 03:45:00,3.82,2.240302053858855
2018-09-19 04:00:00,3.89,2.4119773650503937
2018-09-19 04:15:00,2.7,3.1761124009453034
2018-09-19 04:30:00,2.77,3.551607127449124
2018-09-19 04:45:00,2.74,2.8408574745140314
2018-09-19 05:00:00,2.81,2.9757807593770274
2018-09-19 05:15:00,2.74,3.373820848060859
2018-09-19 05:30:00,2.7,3.576622597387651
2018-09-19 05:45:00,2.7,3.5551773808240483
2018-09-19 06:00:00,2.74,3.7112426383047925
2018-09-19 06:15:00,2.66,3.8470588290046095
2018-09-19 06:30:00,2.66,3.9504716593412503
2018-09-19 06:45:00,2.66,3.9778313507173735
2018-09-19 07:00:00,2.66,4.06094314535634
2018-09-19 07:15:00,2.92,4.1810791291184835
2018-09-19 07:30:00,4.61,4.575668915766702
2018-09-19 07:45:00,4.9,5.100600421337674
2018-09-19 08:00:00,25.45,22.354221043440532
2018-09-19 08:15:00,61.09,39.11462493975657
2018-09-19 08:30:00,34.99,43.90800087802821
2018-09-19 08:45:00,37.3,58.41218333616801
2018-09-19 09:00:00,54.65,41.706789895793335
2018-09-19 09:15:00,55.01,37.39642195608393
2018-09-19 09:30:00,37.76,53.80074428103275
2018-09-19 09:45:00,36.72,60.24886895298289
2018-09-19 10:00:00,37.22,42.64422255784928
2018-09-19 10:15:00,39.67,39.912790425282296
2018-09-19 10:30:00,43.09,44.14658158590381
2018-09-19 10:45:00,43.34,46.07789058898666
2018-09-19 11:00:00,45.76,50.53547489168316
2018-09-19 11:15:00,40.25,48.22356873449747
2018-09-19 11:30:00,48.06,50.06987608512375
2018-09-19 11:45:00,38.59,40.46441138466529
2018-09-19 12:00:00,5.36,32.96900054479756
2018-09-19 12:15:00,4.97,27.47818409739982
2018-09-19 12:30:00,4.46,8.61288436099941
2018-09-19 12:45:00,4.9,4.810638488807982
2018-09-19 13:00:00,30.74,21.872512099669986
2018-09-19 13:15:00,41.58,31.122669716332762
2018-09-19 13:30:00,43.27,43.08654809522578
2018-09-19 13:45:00,44.1,50.63569804121065
2018-09-19 14:00:00,42.7,53.72306660368906
2018-09-19 14:15:00,38.7,45.58892604887504
2018-09-19 14:30:00,44.93,48.973087584400304
2018-09-19 14:45:00,43.42,56.270567822700315
2018-09-19 15:00:00,45.86,49.409054994698664
2018-09-19 15:15:00,37.15,55.3471247944633
2018-09-19 15:30:00,40.61,61.79667553073564
2018-09-19 15:45:00,42.52,47.92437776051803
2018-09-19 16:00:00,50.58,41.272994177364296
2018-09-19 16:15:00,52.38,43.26993944350308
2018-09-19 16:30:00,43.16,47.14257035788039
2018-09-19 16:45:00,51.62,46.489964151293734
2018-09-19 17:00:00,59.44,39.372886897923735
2018-09-19 17:15:00,51.66,44.67397195309647
2018-09-19 17:30:00,39.71,45.11596275868548
2018-09-19 17:45:00,36.47,40.05513270833342
2018-09-19 18:00:00,4.0,34.91534085712273
2018-09-19 18:15:00,3.85,39.74628022092462
2018-09-19 18:30:00,3.71,20.473079811692912
2018-09-19 18:45:00,3.67,16.247336279900857
2018-09-19 19:00:00,3.6,21.938478976529744
2018-09-19 19:15:00,3.6,19.724744471976127
2018-09-19 19:30:00,3.64,16.64973646675009
2018-09-19 19:45:00,3.64,21.196787888689478
2018-09-19 20:00:00,3.67,13.770414018867346
2018-09-19 20:15:00,3.64,15.034003168906567
2018-09-19 20:30:00,3.64,12.856076526810641
2018-09-19 20:45:00,3.71,8.721491176883493
2018-09-19 21:00:00,3.71,5.341978405171709
2018-09-19 21:15:00,3.31,2.0012245803313533
2018-09-19 21:30:00,3.74,1.428703901177176
2018-09-19 21:45:00,3.31,0.4566392385502098
2018-09-19 22:00:00,2.92,0.6034286808986558
2018-09-19 22:15:00,2.92,0.0
2018-09-19 22:30:00,2.92,0.0
2018-09-19 22:45:00,2.92,0.0
2018-09-19 23:00:00,2.74,0.0
2018-09-19 23:15:00,2.7,0.0
2018-09-19 23:30:00,2.66,0.0
2018-09-19 23:45:00,3.42,0.0
2018-09-20 00:00:00,2.7,0.0
2018-09-20 00:15:00,2.77,0.0
2018-09-20 00:30:00,3.35,0.0
2018-09-20 00:45:00,2.77,0.0
2018-09-20 01:00:00,2.7,0.0
2018-09-20 01:15:00,2.7,0.0
2018-09-20 01:30:00,2.66,0.0
2018-09-20 01:45:00,2.74,0.0
2018-09-20 02:00:00,2.7,0.0
2018-09-20 02:15:00,2.7,0.1681006097170865
2018-09-20 02:30:00,2.7,0.3100850931226091
2018-09-20 02:45:00,3.1,0.517273435372406
2018-09-20 03:00:00,3.35,0.7520619947561578
2018-09-20 03:15:00,2.92,1.2118429758176887
2018-09-20 03:30:00,2.7,1.5874785570102965
2018-09-20 03:45:00,2.66,1.7477952075846197
2018-09-20 04:00:00,2.74,1.9402516278905608
2018-09-20 04:15:00,2.92,1.9718467759994205
2018-09-20 04:30:00,3.28,2.1891168509881602
2018-09-20 04:45:00,2.77,2.4903952147016675
2018-09-20 05:00:00,2.66,2.8493384815657414
2018-09-20 05:15:00,2.66,2.69907301976302
2018-09-20 05:30:00,2.66,2.7353836099000617
2018-09-20 05:45:00,2.66,2.9200262446905114
2018-09-20 06:00:00,2.66,3.13182937143986
2018-09-20 06:15:00,2.7,3.1966916607138316
2018-09-20 06:30:00,2.63,3.290099826271284
2018-09-20 06:45:00,2.66,3.4032202429213783
2018-09-20 07:00:00,2.63,3.4904968066861066
2018-09-20 07:15:00,2.66,3.634346341132858
2018-09-20 07:30:00,2.81,4.099660504935432
2018-09-20 07:45:00,3.96,4.388901434844872
2018-09-20 08:00:00,34.7,14.398609151614865
2018-09-20 08:15:00,41.47,24.878302925517794
2018-09-20 08:30:00,48.42,37.18458222811779
2018-09-20 08:45:00,41.11,51.26953747348968
2018-09-20 09:00:00,46.12,59.14538688705872
2018-09-20 09:15:00,38.63,53.05660496920697
2018-09-20 09:30:00,38.27,45.915388797298014
2018-09-20 09:45:00,39.02,54.0414322526683
2018-09-20 10:00:00,38.81,55.23859996007158
2018-09-20 10:15:00,43.56,47.161747552112615
2018-09-20 10:30:00,54.04,43.01396447258797
2018-09-20 10:45:00,54.54,45.04287949103695
2018-09-20 11:00:00,50.76,50.5854511065678
2018-09-20 11:15:00,49.1,49.839326815445915
2018-09-20 11:30:00,59.98,48.4103674666598
2018-09-20 11:45:00,34.78,45.32769918380494
2018-09-20 12:00:00,26.78,37.156383138810526
2018-09-20 12:15:00,10.15,24.834414005773457
2018-09-20 12:30:00,3.67,17.973945792757526
2018-09-20 12:45:00,4.28,10.693385827241602
2018-09-20 13:00:00,31.36,19.82693451651034
2018-09-20 13:15:00,61.16,24.93524030053512
2018-09-20 13:30:00,64.4,39.93599938142374
2018-09-20 13:45:00,61.99,58.39373870696939
2018-09-20 14:00:00,60.12,55.97996389350123
2018-09-20 14:15:00,48.85,48.35214899581599
2018-09-20 14:30:00,45.47,52.20557651500839
2018-09-20 14:45:00,55.3,50.64819799242776
2018-09-20 15:00:00,48.13,57.28418602231786
2018-09-20 15:15:00,51.8,60.335506964939924
2018-09-20 15:30:00,70.49,51.52105359036605
2018-09-20 15:45:00,54.32,58.895935309357995
2018-09-20 16:00:00,65.23,73.35975367470154
2018-09-20 16:15:00,43.16,55.3289676344212
2018-09-20 16:30:00,56.41,49.48086898264162
2018-09-20 16:45:00,51.3,40.8868287726457
2018-09-20 17:00:00,50.33,49.63606682342213
2018-09-20 17:15:00,55.19,48.20028198761126
2018-09-20 17:30:00,29.09,43.28474810184453
2018-09-20 17:45:00,30.31,43.463130727202554
2018-09-20 18:00:00,37.66,25.64435642613003
2018-09-20 18:15:00,52.81,26.08112460006733
2018-09-20 18:30:00,39.42,30.30949781600671
2018-09-20 18:45:00,44.17,42.73377309566358
2018-09-20 19:00:00,57.13,31.93233484211498
2018-09-20 19:15:00,54.22,30.8508342544173
2018-09-20 19:30:00,45.04,40.334442417160325
2018-09-20 19:45:00,41.11,40.73792115600261
2018-09-20 20:00:00,41.47,32.42982268167413
2018-09-20 20:15:00,67.54,35.63669823189873
2018-09-20 20:30:00,37.58,32.81957955277569
2018-09-20 20:45:00,13.28,43.2391797117266
2018-09-20 21:00:00,4.07,22.614626918176008
2018-09-20 21:15:00,3.89,4.372347566329335
2018-09-20 21:30:00,3.74,0.7748277492803091
2018-09-20 21:45:00,3.71,4.162507690558403
2018-09-20 22:00:00,3.53,2.088046976618859
2018-09-20 22:15:00,3.49,0.31924468339456524
2018-09-20 22:30:00,3.49,1.337561859285639
2018-09-20 22:45:00,3.53,0.0
2018-09-20 23:00:00,3.42,0.0
2018-09-20 23:15:00,3.42,1.334482209838086
2018-09-20 23:30:00,3.38,1.4277366740560318
2018-09-20 23:45:00,2.48,0.8648334745500712
2018-09-21 00:00:00,2.77,3.038657311734241
2018-09-21 00:15:00,2.92,2.9539914839292862
2018-09-21 00:30:00,3.17,5.802486317030464
2018-09-21 00:45:00,3.46,3.685062612661639
2018-09-21 01:00:00,2.84,2.083824495934099
2018-09-21 01:15:00,2.81,1.672791406042169
2018-09-21 01:30:00,2.81,1.7209552375017303
2018-09-21 01:45:00,2.92,1.6998678767414894
2018-09-21 02:00:00,2.88,2.009299664491948
2018-09-21 02:15:00,2.88,2.36122477660518
2018-09-21 02:30:00,2.81,2.5197849271912247
2018-09-21 02:45:00,2.84,2.815878510305346
2018-09-21 03:00:00,2.84,3.0848977817102394
2018-09-21 03:15:00,2.84,3.2557982851436265
2018-09-21 03:30:00,2.84,3.470525789622908
2018-09-21 03:45:00,2.95,3.682781097163854
2018-09-21 04:00:00,3.38,3.9528092775591936
2018-09-21 04:15:00,3.1,4.326492682973246
2018-09-21 04:30:00,2.84,4.7133956343377115
2018-09-21 04:45:00,2.92,4.683459747540471
2018-09-21 05:00:00,2.81,4.677157352677327
2018-09-21 05:15:00,2.77,4.864927499324224
2018-09-21 05:30:00,2.74,5.106364370711649
2018-09-21 05:45:00,2.88,5.323132376137295
2018-09-21 06:00:00,3.38,5.309686893416821
2018-09-21 06:15:00,2.95,5.458680703289119
2018-09-21 06:30:00,2.81,5.852998918827069
2018-09-21 06:45:00,2.74,5.680907475981737
2018-09-21 07:00:00,2.7,5.61205802402548
2018-09-21 07:15:00,2.99,5.71949822142194
2018-09-21 07:30:00,3.35,5.896366962093847
2018-09-21 07:45:00,14.33,6.483845407979597
2018-09-21 08:00:00,35.14,17.94022453412405
2018-09-21 08:15:00,41.11,29.098323934576257
2018-09-21 08:30:00,50.29,45.36938262877804
2018-09-21 08:45:00,55.91,44.42377640435411
2018-09-21 09:00:00,59.83,48.141791489372714
2018-09-21 09:15:00,45.58,53.17740553611274
2018-09-21 09:30:00,39.31,53.705914738845664
2018-09-21 09:45:00,47.52,44.05893481910238
2018-09-21 10:00:00,54.9,40.544475942921274
2018-09-21 10:15:00,38.66,50.18642812012445
2018-09-21 10:30:00,39.35,58.531219386194564
2018-09-21 10:45:00,34.09,46.005731242338314
2018-09-21 11:00:00,30.24,44.23758101020289
2018-09-21 11:15:00,31.25,42.825433322397785
2018-09-21 11:30:00,30.38,44.695685304315006
2018-09-21 11:45:00,29.84,38.474990877259195
2018-09-21 12:00:00,7.24,27.96329732374883
2018-09-21 12:15:00,6.26,23.867849856127698
2018-09-21 12:30:00,4.64,9.134576846036712
2018-09-21 12:45:00,4.21,8.393335238369321
2018-09-21 13:00:00,18.18,23.384452203998862
2018-09-21 13:15:00,28.08,30.75277788483352
2018-09-21 13:30:00,29.77,38.44794012358372
2018-09-21 13:45:00,27.86,41.74708734671833
2018-09-21 14:00:00,27.07,43.43941329031747
2018-09-21 14:15:00,24.95,37.963964304698834
2018-09-21 14:30:00,8.6,37.84602341346335
2018-09-21 14:45:00,8.64,38.248534435702425
2018-09-21 15:00:00,8.57,24.361356128023267
2018-09-21 15:15:00,7.67,26.697019846420787
2018-09-21 15:30:00,6.52,32.66820530417002
2018-09-21 15:45:00,5.08,27.644278287215133
2018-09-21 16:00:00,3.31,28.291032698415584
2018-09-21 16:15:00,3.31,30.63032047693862
2018-09-21 16:30:00,3.35,30.568361561858698
2018-09-21 16:45:00,3.38,17.323859097805823
2018-09-21 17:00:00,3.35,15.993453980623967
2018-09-21 17:15:00,3.42,21.700518342903635
2018-09-21 17:30:00,3.31,15.959517264655856
2018-09-21 17:45:00,3.24,12.380820228755528
2018-09-21 18:00:00,3.28,12.130420244448327
2018-09-21 18:15:00,3.31,14.795841834552153
2018-09-21 18:30:00,3.92,12.081143197933898
2018-09-21 18:45:00,4.39,11.290511894225972
2018-09-21 19:00:00,2.7,12.581513520248695
2018-09-21 19:15:00,2.74,9.783645541127719
2018-09-21 19:30:00,2.77,7.103859720670393
2018-09-21 19:45:00,2.7,5.414538526942881
2018-09-21 20:00:00,2.77,5.413338982132149
2018-09-21 20:15:00,2.74,9.999834892051474
2018-09-21 20:30:00,2.74,4.470186777853307
2018-09-21 20:45:00,2.7,0.15017228398344074
2018-09-21 21:00:00,2.66,0.0
2018-09-21 21:15:00,2.7,0.0
2018-09-21 21:30:00,2.77,0.0
2018-09-21 21:45:00,2.66,0.0
2018-09-21 22:00:00,2.52,0.0
2018-09-21 22:15:00,2.59,0.0
2018-09-21 22:30:00,2.52,0.0
2018-09-21 22:45:00,3.17,0.0
2018-09-21 23:00:00,2.88,0.0
2018-09-21 23:15:00,3.2,0.0
2018-09-21 23:30:00,2.52,0.0
2018-09-21 23:45:00,2.92,0.0
2018-09-22 00:00:00,2.52,0.0
2018-09-22 00:15:00,2.56,0.0
2018-09-22 00:30:00,2.59,0.0
2018-09-22 00:45:00,2.56,0.0
2018-09-22 01:00:00,2.52,0.0
2018-09-22 01:15:00,2.56,0.0
2018-09-22 01:30:00,2.52,0.0
2018-09-22 01:45:00,2.56,0.0
2018-09-22 02:00:00,2.63,0.0
2018-09-22 02:15:00,3.02,0.0
2018-09-22 02:30:00,2.84,0.0
2018-09-22 02:45:00,2.56,0.0
2018-09-22 03:00:00,2.56,0.0
2018-09-22 03:15:00,2.56,0.0
2018-09-22 03:30:00,3.02,0.11823237378566276
2018-09-22 03:45:00,3.06,0.523240140956041
2018-09-22 04:00:00,2.66,1.004216753322975
2018-09-22 04:15:00,2.56,1.1321397341989474
2018-09-22 04:30:00,2.59,1.0267445894830445
2018-09-22 04:45:00,2.59,1.1440474639271052
2018-09-22 05:00:00,2.66,1.406835300520136
2018-09-22 05:15:00,2.59,1.5833848490908338
2018-09-22 05:30:00,2.52,1.7298847665892048
2018-09-22 05:45:00,2.52,1.8703920910540504
2018-09-22 06:00:00,3.17,2.069309195361253
2018-09-22 06:15:00,3.1,2.101883354990889
2018-09-22 06:30:00,2.59,2.61523501712292
2018-09-22 06:45:00,2.56,2.665135451648613
2018-09-22 07:00:00,2.48,2.4285453935567176
2018-09-22 07:15:00,2.52,2.50403664043732
2018-09-22 07:30:00,2.52,2.6234929198781956
2018-09-22 07:45:00,2.52,5.7547558613261245
2018-09-22 08:00:00,2.95,14.65061551705639
2018-09-22 08:15:00,3.28,15.580517476961845
2018-09-22 08:30:00,3.31,18.409417992239575
2018-09-22 08:45:00,3.74,21.68421229736734
2018-09-22 09:00:00,2.99,19.174239434799482
2018-09-22 09:15:00,2.92,17.302971992870617
2018-09-22 09:30:00,2.99,15.58451046902499
2018-09-22 09:45:00,2.92,17.871853992485306
2018-09-22 10:00:00,4.0,17.911621573938895
2018-09-22 10:15:00,3.24,16.30378251999834
2018-09-22 10:30:00,2.92,15.334333725200947
2018-09-22 10:45:00,2.95,15.335542020067594
2018-09-22 11:00:00,3.28,14.269423982321321
2018-09-22 11:15:00,3.78,12.556705751973603
2018-09-22 11:30:00,2.99,14.146560123702603
2018-09-22 11:45:00,3.35,9.567320767570752
2018-09-22 12:00:00,2.92,1.8765575310466716
2018-09-22 12:15:00,2.81,1.7668120785138122
2018-09-22 12:30:00,2.88,1.131637499537451
2018-09-22 12:45:00,2.95,0.6826709015949213
2018-09-22 13:00:00,2.81,8.23200870538368
2018-09-22 13:15:00,2.81,12.09004674064073
2018-09-22 13:30:00,3.17,11.817938090581674
2018-09-22 13:45:00,4.5,10.526235709945322
2018-09-22 14:00:00,2.99,11.11536058320607
2018-09-22 14:15:00,2.92,11.3728553643816
2018-09-22 14:30:00,2.81,5.769694740469774
2018-09-22 14:45:00,2.77,6.231008335223166
2018-09-22 15:00:00,2.84,7.3379601149292775
2018-09-22 15:15:00,3.13,6.769842903491831
2018-09-22 15:30:00,3.38,5.48914834691109
2018-09-22 15:45:00,3.06,4.012702077755431
2018-09-22 16:00:00,2.77,4.992211844459277
2018-09-22 16:15:00,2.84,4.706999453551649
2018-09-22 16:30:00,2.88,4.079349920849001
2018-09-22 16:45:00,2.77,0.0
2018-09-22 17:00:00,2.77,0.0
2018-09-22 17:15:00,2.81,0.0
2018-09-22 17:30:00,2.81,0.0
2018-09-22 17:45:00,2.81,0.0
2018-09-22 18:00:00,2.77,0.0
2018-09-22 18:15:00,2.92,0.0
2018-09-22 18:30:00,3.56,0.0
2018-09-22 18:45:00,3.06,0.0
2018-09-22 19:00:00,2.88,0.0
2018-09-22 19:15:00,2.84,0.0
2018-09-22 19:30:00,2.95,0.0
2018-09-22 19:45:00,3.38,0.0
2018-09-22 20:00:00,3.13,0.0
2018-09-22 20:15:00,2.88,0.0
2018-09-22 20:30:00,2.95,0.0
2018-09-22 20:45:00,2.92,0.0
2018-09-22 21:00:00,2.92,0.0
2018-09-22 21:15:00,2.88,0.0
2018-09-22 21:30:00,2.88,0.0
2018-09-22 21:45:00,2.84,0.0
2018-09-22 22:00:00,2.66,0.0
2018-09-22 22:15:00,2.7,0.0
2018-09-22 22:30:00,2.77,0.0
2018-09-22 22:45:00,2.77,0.0
2018-09-22 23:00:00,2.95,0.0
2018-09-22 23:15:00,2.95,0.0
2018-09-22 23:30:00,2.84,0.0
2018-09-22 23:45:00,2.66,0.0
2018-09-23 00:00:00,2.56,0.0
2018-09-23 00:15:00,2.52,0.0
2018-09-23 00:30:00,2.56,0.0
2018-09-23 00:45:00,2.52,0.0
2018-09-23 01:00:00,2.56,0.0
2018-09-23 01:15:00,2.66,0.0
2018-09-23 01:30:00,2.56,0.0
2018-09-23 01:45:00,2.52,0.0
2018-09-23 02:00:00,2.56,0.17424752851383474
2018-09-23 02:15:00,2.48,0.4820336130838463
2018-09-23 02:30:00,2.84,0.7974270210122505
2018-09-23 02:45:00,3.17,0.8519208414402435
2018-09-23 03:00:00,2.52,1.4170473939331814
2018-09-23 03:15:00,2.59,1.8536148667915313
2018-09-23 03:30:00,2.81,1.6891609264490413
2018-09-23 03:45:00,3.13,1.8767864584494554
2018-09-23 04:00:00,2.56,2.2395145088683286
2018-09-23 04:15:00,2.63,2.6797723520549503
2018-09-23 04:30:00,2.52,2.459943357484132
2018-09-23 04:45:00,2.52,2.6553966190647564
2018-09-23 05:00:00,2.56,2.8611924628452527
2018-09-23 05:15:00,2.59,3.0623556117338815
2018-09-23 05:30:00,2.52,3.1721762150182755
2018-09-23 05:45:00,2.56,3.3587374080210566
2018-09-23 06:00:00,2.52,3.552685120218797
2018-09-23 06:15:00,2.52,3.693881946169455
2018-09-23 06:30:00,2.48,3.7765120482354675
2018-09-23 06:45:00,2.88,3.8653195728473015
2018-09-23 07:00:00,2.95,3.8610066056144596
2018-09-23 07:15:00,2.52,4.117603459143009
2018-09-23 07:30:00,2.48,4.2241871335383046
2018-09-23 07:45:00,3.13,4.003309467603469
2018-09-23 08:00:00,2.84,4.041189235074572
2018-09-23 08:15:00,2.48,4.525180943821976
2018-09-23 08:30:00,2.56,4.546635666171834
2018-09-23 08:45:00,2.81,4.2158181350678845
2018-09-23 09:00:00,2.7,4.015137889224494
2018-09-23 09:15:00,2.7,4.220361127836469
2018-09-23 09:30:00,2.7,4.038351462177236
2018-09-23 09:45:00,2.7,3.8566970779990086
2018-09-23 10:00:00,2.74,3.9721318496685107
2018-09-23 10:15:00,2.7,3.734883572476331
2018-09-23 10:30:00,2.77,3.5499055545669087
2018-09-23 10:45:00,2.77,3.3889205830162688
2018-09-23 11:00:00,2.7,3.3441506150970817
2018-09-23 11:15:00,2.77,3.263497617156464
2018-09-23 11:30:00,2.74,2.849880430286575
2018-09-23 11:45:00,2.84,2.8310495051337377
2018-09-23 12:00:00,3.35,2.5768109146456837
2018-09-23 12:15:00,2.81,2.3284842789968323
2018-09-23 12:30:00,2.81,2.4035621231513
2018-09-23 12:45:00,2.81,1.8784335051693297
2018-09-23 13:00:00,2.77,1.5547152396060433
2018-09-23 13:15:00,2.99,1.3604961582222366
2018-09-23 13:30:00,3.35,1.2284524143109863
2018-09-23 13:45:00,2.81,1.2823181761456546
2018-09-23 14:00:00,2.88,1.0113119631859746
2018-09-23 14:15:00,2.77,0.4367126757109894
2018-09-23 14:30:00,2.81,0.24766565341163727
2018-09-23 14:45:00,2.81,0.0
2018-09-23 15:00:00,2.81,0.0
2018-09-23 15:15:00,2.77,0.0
2018-09-23 15:30:00,2.81,0.0
2018-09-23 15:45:00,2.84,0.0
2018-09-23 16:00:00,2.84,0.0
2018-09-23 16:15:00,3.1,0.0
2018-09-23 16:30:00,3.2,0.0
2018-09-23 16:45:00,2.81,0.0
2018-09-23 17:00:00,2.77,0.0
2018-09-23 17:15:00,2.81,0.0
2018-09-23 17:30:00,2.81,0.0
2018-09-23 17:45:00,2.81,0.0
2018-09-23 18:00:00,3.17,0.0
2018-09-23 18:15:00,3.13,0.0
2018-09-23 18:30:00,2.81,0.0
2018-09-23 18:45:00,2.81,0.0
2018-09-23 19:00:00,2.81,0.0
2018-09-23 19:15:00,2.88,0.0
2018-09-23 19:30:00,2.81,0.0
2018-09-23 19:45:00,3.24,0.0
2018-09-23 20:00:00,3.02,0.0
2018-09-23 20:15:00,2.81,0.0
2018-09-23 20:30:00,2.84,0.0
2018-09-23 20:45:00,2.81,0.0
2018-09-23 21:00:00,2.92,0.0
2018-09-23 21:15:00,2.81,0.0
2018-09-23 21:30:00,2.88,0.0
2018-09-23 21:45:00,2.81,0.0
2018-09-23 22:00:00,2.63,0.0
2018-09-23 22:15:00,2.63,0.0
2018-09-23 22:30:00,2.66,0.0
2018-09-23 22:45:00,2.7,0.0
2018-09-23 23:00:00,3.6,0.0
2018-09-23 23:15:00,4.0,0.0
2018-09-23 23:30:00,2.63,0.0
2018-09-23 23:45:00,2.63,0.0
2018-09-24 00:00:00,2.59,3.1895036981877105
2018-09-24 00:15:00,2.63,3.2711570363459614
2018-09-24 00:30:00,2.74,3.6805873305236148
2018-09-24 00:45:00,2.63,4.0099618003564075
2018-09-24 01:00:00,2.59,4.278956318408287
2018-09-24 01:15:00,2.63,4.401959162340699
2018-09-24 01:30:00,2.63,4.670914897064357
2018-09-24 01:45:00,2.66,4.883772707941496
2018-09-24 02:00:00,2.66,5.088572171317757
2018-09-24 02:15:00,2.66,5.307714397581684
2018-09-24 02:30:00,2.63,5.61574436104415
2018-09-24 02:45:00,2.63,5.921401575793588
2018-09-24 03:00:00,2.95,6.036797024784786
2018-09-24 03:15:00,3.02,6.38326827248725
2018-09-24 03:30:00,2.63,6.873614880541801
2018-09-24 03:45:00,3.17,7.095584088083591
2018-09-24 04:00:00,3.24,6.956864837802545
2018-09-24 04:15:00,2.74,7.476915657286913
2018-09-24 04:30:00,2.66,7.789264197686379
2018-09-24 04:45:00,2.63,7.763421473083351
2018-09-24 05:00:00,2.66,7.769247187802577
2018-09-24 05:15:00,2.63,7.998407450936213
2018-09-24 05:30:00,2.7,8.185289921697507
2018-09-24 05:45:00,2.63,8.250210315575192
2018-09-24 06:00:00,2.59,8.429828487364759
2018-09-24 06:15:00,3.1,8.52473997954683
2018-09-24 06:30:00,2.92,8.674227023922288
2018-09-24 06:45:00,2.56,9.120197425094045
2018-09-24 07:00:00,2.66,9.06277796935985
2018-09-24 07:15:00,2.59,8.856444632118713
2018-09-24 07:30:00,2.56,8.974853521109182
2018-09-24 07:45:00,2.63,9.170845182981349
2018-09-24 08:00:00,2.59,13.671931669136082
2018-09-24 08:15:00,2.59,21.08719539355617
2018-09-24 08:30:00,2.74,17.581259105599013
2018-09-24 08:45:00,2.81,19.68551786061962
2018-09-24 09:00:00,2.88,19.72202449679708
2018-09-24 09:15:00,2.84,18.6196227327391
2018-09-24 09:30:00,3.17,17.832729920483608
2018-09-24 09:45:00,3.24,16.70406200066848
2018-09-24 10:00:00,2.84,16.9414402517622
2018-09-24 10:15:00,2.88,19.306014508318487
2018-09-24 10:30:00,3.42,19.259766950316735
2018-09-24 10:45:00,2.88,20.350442282157143
2018-09-24 11:00:00,2.84,17.902041728133028
2018-09-24 11:15:00,2.81,18.889861969539325
2018-09-24 11:30:00,2.84,16.79997088669323
2018-09-24 11:45:00,2.88,16.17188720410423
2018-09-24 12:00:00,2.81,8.245900030946142
2018-09-24 12:15:00,2.81,7.417566474306657
2018-09-24 12:30:00,2.84,7.681765539033776
2018-09-24 12:45:00,2.81,7.207895916239828
2018-09-24 13:00:00,2.81,16.136029294308123
2018-09-24 13:15:00,2.84,20.692645666501363
2018-09-24 13:30:00,2.84,28.646548019225268
2018-09-24 13:45:00,3.13,28.079522152777752
2018-09-24 14:00:00,3.49,24.27936355989414
2018-09-24 14:15:00,2.92,27.223741939948752
2018-09-24 14:30:00,3.38,24.44886081542704
2018-09-24 14:45:00,3.24,28.569449302074933
2018-09-24 15:00:00,2.84,21.429604586039645
2018-09-24 15:15:00,2.84,25.71845216654995
2018-09-24 15:30:00,2.81,25.125175621339125
2018-09-24 15:45:00,2.81,24.292694205687372
2018-09-24 16:00:00,2.81,25.225326321907204
2018-09-24 16:15:00,2.92,23.006041837852386
2018-09-24 16:30:00,2.88,27.210431114970596
2018-09-24 16:45:00,2.81,19.03281826229015
2018-09-24 17:00:00,2.81,15.294943198738428
2018-09-24 17:15:00,2.84,12.722825470203425
2018-09-24 17:30:00,2.77,8.871215833650432
2018-09-24 17:45:00,2.77,7.244597921421988
2018-09-24 18:00:00,2.74,8.802651649750146
2018-09-24 18:15:00,2.74,10.066536720327115
2018-09-24 18:30:00,2.88,11.868289216722737
2018-09-24 18:45:00,2.84,11.506732949180613
2018-09-24 19:00:00,2.81,12.126025826529144
2018-09-24 19:15:00,3.38,11.411874520327189
2018-09-24 19:30:00,4.43,11.941020700500403
2018-09-24 19:45:00,2.92,12.60611761567964
2018-09-24 20:00:00,2.81,10.880606164071128
2018-09-24 20:15:00,2.81,10.778474696159027
2018-09-24 20:30:00,2.81,11.660034525754934
2018-09-24 20:45:00,2.81,3.5523506624300865
2018-09-24 21:00:00,2.88,2.481768740769965
2018-09-24 21:15:00,2.92,2.0089820171858612
2018-09-24 21:30:00,2.81,2.1131839517346016
2018-09-24 21:45:00,2.77,2.2320839799038446
2018-09-24 22:00:00,2.66,2.16138453576308
2018-09-24 22:15:00,2.63,2.239194315147575
2018-09-24 22:30:00,2.84,2.3249716300205954
2018-09-24 22:45:00,3.2,2.483564942363074
2018-09-24 23:00:00,2.59,3.046489741635707
2018-09-24 23:15:00,2.56,3.592014795655917
2018-09-24 23:30:00,2.59,2.985726795920371
2018-09-24 23:45:00,2.66,3.1284631019387383
2018-09-25 00:00:00,2.66,0.7172585531725417
2018-09-25 00:15:00,3.24,1.0253134404392839
2018-09-25 00:30:00,2.99,1.1511442704441848
2018-09-25 00:45:00,2.63,1.620450778286056
2018-09-25 01:00:00,2.63,1.73628462252627
2018-09-25 01:15:00,2.63,1.706443208813976
2018-09-25 01:30:00,2.59,1.9455158298447053
2018-09-25 01:45:00,2.7,2.3061718128235853
2018-09-25 02:00:00,3.24,2.5000652427532053
2018-09-25 02:15:00,2.77,2.7582627977715433
2018-09-25 02:30:00,2.7,3.3337843314701097
2018-09-25 02:45:00,2.63,3.330936200288434
2018-09-25 03:00:00,2.59,3.53431433446816
2018-09-25 03:15:00,2.66,3.743052786956053
2018-09-25 03:30:00,2.63,3.9614202843968265
2018-09-25 03:45:00,2.63,4.280094229836887
2018-09-25 04:00:00,2.59,4.628371444896345
2018-09-25 04:15:00,2.59,4.64238900237374
2018-09-25 04:30:00,2.66,4.92797416466809
2018-09-25 04:45:00,2.66,5.012557793292611
2018-09-25 05:00:00,2.63,5.214581562651855
2018-09-25 05:15:00,2.88,5.380173644797313
2018-09-25 05:30:00,3.85,5.507226300216054
2018-09-25 05:45:00,2.84,5.784600195721062
2018-09-25 06:00:00,2.56,6.520276741314515
2018-09-25 06:15:00,2.56,6.224406737745916
2018-09-25 06:30:00,2.56,5.9381236532285975
2018-09-25 06:45:00,2.52,6.045216543779105
2018-09-25 07:00:00,2.56,6.313701943602442
2018-09-25 07:15:00,2.63,6.2395311428111455
2018-09-25 07:30:00,2.59,6.601620169020173
2018-09-25 07:45:00,2.63,6.78525672897586
2018-09-25 08:00:00,2.59,12.865324401024752
2018-09-25 08:15:00,2.52,16.093594917373174
2018-09-25 08:30:00,2.48,16.94678306639356
2018-09-25 08:45:00,2.92,16.486762371004655
2018-09-25 09:00:00,3.13,15.306493186430302
2018-09-25 09:15:00,2.66,17.871588909200135
2018-09-25 09:30:00,2.7,18.241689459766313
2018-09-25 09:45:00,2.66,17.65000690061283
2018-09-25 10:00:00,3.1,17.24569883447678
2018-09-25 10:15:00,3.35,16.108474742102185
2018-09-25 10:30:00,2.74,15.51770029656145
2018-09-25 10:45:00,2.63,14.847870439635354
2018-09-25 11:00:00,2.66,16.994208685868962
2018-09-25 11:15:00,2.66,16.99187217692443
2018-09-25 11:30:00,2.66,17.047150000469117
2018-09-25 11:45:00,2.59,13.510707723105355
2018-09-25 12:00:00,2.66,9.203966123490762
2018-09-25 12:15:00,2.66,6.311911211008905
2018-09-25 12:30:00,2.66,4.457212602420501
2018-09-25 12:45:00,2.84,4.1794612619117935
2018-09-25 13:00:00,3.35,11.041541134883431
2018-09-25 13:15:00,2.66,13.798704096012964
2018-09-25 13:30:00,2.63,15.213012603595176
2018-09-25 13:45:00,2.66,15.466543312538558
2018-09-25 14:00:00,2.66,14.816955341232077
2018-09-25 14:15:00,2.66,13.48051382641944
2018-09-25 14:30:00,2.63,12.781862982386127
2018-09-25 14:45:00,2.74,13.175070248767152
2018-09-25 15:00:00,2.74,9.735471363983347
2018-09-25 15:15:00,2.66,10.728868637806688
2018-09-25 15:30:00,2.63,12.852197829803986
2018-09-25 15:45:00,2.7,9.936290085164046
2018-09-25 16:00:00,2.66,8.47809164369669
2018-09-25 16:15:00,2.66,11.2144599098925
2018-09-25 16:30:00,3.28,10.128950889087733
2018-09-25 16:45:00,3.67,9.411181603018385
2018-09-25 17:00:00,2.95,8.47185148868466
2018-09-25 17:15:00,2.66,10.8066633396672
2018-09-25 17:30:00,2.63,5.743095098901097
2018-09-25 17:45:00,2.63,5.14407625549946
2018-09-25 18:00:00,2.52,6.302118242403537
2018-09-25 18:15:00,2.56,9.963385612648306
2018-09-25 18:30:00,2.59,8.325550306878856
2018-09-25 18:45:00,2.59,6.886207010626126
2018-09-25 19:00:00,2.7,7.983709468262127
2018-09-25 19:15:00,2.77,7.601756646820945
2018-09-25 19:30:00,2.84,8.475499893241363
2018-09-25 19:45:00,3.02,11.6539338135982
2018-09-25 20:00:00,3.35,6.5728256778451914
2018-09-25 20:15:00,2.74,7.234381255440617
2018-09-25 20:30:00,2.74,6.986017660753216
2018-09-25 20:45:00,2.77,6.904451139727591
2018-09-25 21:00:00,2.81,3.9281156992806174
2018-09-25 21:15:00,2.7,0.0
2018-09-25 21:30:00,2.77,0.0
2018-09-25 21:45:00,3.46,0.0
2018-09-25 22:00:00,2.88,0.0
2018-09-25 22:15:00,2.59,0.0
2018-09-25 22:30:00,2.56,0.0
2018-09-25 22:45:00,2.63,0.0
2018-09-25 23:00:00,2.56,0.0
2018-09-25 23:15:00,2.63,0.13565479125169233
2018-09-25 23:30:00,3.13,0.23399220598436088
2018-09-25 23:45:00,2.48,0.34023280784802523
2018-09-26 00:00:00,2.56,0.0
2018-09-26 00:15:00,2.66,0.0
2018-09-26 00:30:00,2.63,0.0
2018-09-26 00:45:00,2.66,0.0
2018-09-26 01:00:00,2.63,0.0
2018-09-26 01:15:00,2.59,0.0
2018-09-26 01:30:00,2.59,0.0
2018-09-26 01:45:00,2.66,0.0
2018-09-26 02:00:00,2.59,0.09921064427940962
2018-09-26 02:15:00,2.56,0.27276792482537005
2018-09-26 02:30:00,2.77,0.4390613578257927
2018-09-26 02:45:00,3.17,0.6367493704825335
2018-09-26 03:00:00,2.81,1.0193116393562711
2018-09-26 03:15:00,2.63,1.5116684795687725
2018-09-26 03:30:00,3.13,1.518616790495372
2018-09-26 03:45:00,2.92,1.8387017314597927
2018-09-26 04:00:00,2.59,2.3471725700041723
2018-09-26 04:15:00,2.56,2.3007141144458068
2018-09-26 04:30:00,2.59,2.2524165419433473
2018-09-26 04:45:00,2.56,2.3987742371312173
2018-09-26 05:00:00,2.63,2.7181863358605547
2018-09-26 05:15:00,2.56,2.884427574681638
2018-09-26 05:30:00,2.63,3.205011039148939
2018-09-26 05:45:00,2.56,3.1473111504996183
2018-09-26 06:00:00,2.48,3.2802871447973736
2018-09-26 06:15:00,2.52,3.3392380242644037
2018-09-26 06:30:00,2.52,3.400093390915899
2018-09-26 06:45:00,2.59,3.5241055979979947
2018-09-26 07:00:00,2.52,3.6668775841635934
2018-09-26 07:15:00,2.56,3.8003452208953554
2018-09-26 07:30:00,2.56,4.116211066757977
2018-09-26 07:45:00,3.13,4.278827041946922
2018-09-26 08:00:00,3.02,8.39057039362584
2018-09-26 08:15:00,2.74,15.820610617928205
2018-09-26 08:30:00,2.48,10.523808375051907
2018-09-26 08:45:00,2.59,10.816665405414817
2018-09-26 09:00:00,2.63,14.108486144119334
2018-09-26 09:15:00,2.63,14.18731557867389
2018-09-26 09:30:00,2.66,10.705567407560896
2018-09-26 09:45:00,2.63,10.366783550521607
2018-09-26 10:00:00,2.74,10.423408641315088
2018-09-26 10:15:00,2.63,10.82152320038811
2018-09-26 10:30:00,2.63,11.320978848365268
2018-09-26 10:45:00,2.59,11.1373758007385
2018-09-26 11:00:00,2.59,11.461344083867953
2018-09-26 11:15:00,3.2,10.159527908168144
2018-09-26 11:30:00,3.2,11.554014906389735
2018-09-26 11:45:00,3.24,9.79731498703876
2018-09-26 12:00:00,2.81,3.0302181953535445
2018-09-26 12:15:00,2.7,2.6917884125264244
2018-09-26 12:30:00,2.74,2.0758234057238383
2018-09-26 12:45:00,2.81,1.9295863681187413
2018-09-26 13:00:00,2.74,7.023019201426784
2018-09-26 13:15:00,2.7,8.901000264627381
2018-09-26 13:30:00,2.7,8.91381256663291
2018-09-26 13:45:00,2.59,8.794691439250695
2018-09-26 14:00:00,2.59,8.273312450792304
2018-09-26 14:15:00,2.59,7.174745814965323
2018-09-26 14:30:00,2.59,8.145105794218932
2018-09-26 14:45:00,2.66,7.623673886297574
2018-09-26 15:00:00,3.24,7.869893468261807
2018-09-26 15:15:00,2.77,5.899273524566286
2018-09-26 15:30:00,2.59,6.74509837057343
2018-09-26 15:45:00,2.59,6.6567841901945
2018-09-26 16:00:00,2.56,7.860133058728334
2018-09-26 16:15:00,2.59,8.000602806325094
2018-09-26 16:30:00,2.52,6.1322159474384215
2018-09-26 16:45:00,2.66,7.666736619666121
2018-09-26 17:00:00,2.59,8.866067578236848
2018-09-26 17:15:00,2.59,7.165838638459782
2018-09-26 17:30:00,3.17,4.559517147601568
2018-09-26 17:45:00,3.02,3.7451348233784714
2018-09-26 18:00:00,2.52,0.0
2018-09-26 18:15:00,2.59,0.0
2018-09-26 18:30:00,3.31,0.0
2018-09-26 18:45:00,2.7,0.0
2018-09-26 19:00:00,2.66,0.0
2018-09-26 19:15:00,2.66,0.0
2018-09-26 19:30:00,2.74,0.0
2018-09-26 19:45:00,2.74,0.0
2018-09-26 20:00:00,2.66,0.0
2018-09-26 20:15:00,2.63,0.0
2018-09-26 20:30:00,2.66,0.0
2018-09-26 20:45:00,2.7,0.0
2018-09-26 21:00:00,2.63,0.0
2018-09-26 21:15:00,2.92,0.0
2018-09-26 21:30:00,3.28,0.0
2018-09-26 21:45:00,2.74,0.0
2018-09-26 22:00:00,2.56,0.0
2018-09-26 22:15:00,2.63,0.0
2018-09-26 22:30:00,3.17,0.0
2018-09-26 22:45:00,2.7,0.0
2018-09-26 23:00:00,2.45,0.0
2018-09-26 23:15:00,2.45,0.0
2018-09-26 23:30:00,2.45,0.0
2018-09-26 23:45:00,2.84,0.0
2018-09-27 00:00:00,2.48,0.0
2018-09-27 00:15:00,2.48,0.0
2018-09-27 00:30:00,2.59,0.0
2018-09-27 00:45:00,3.1,0.0
2018-09-27 01:00:00,2.74,0.0
2018-09-27 01:15:00,2.56,0.0
2018-09-27 01:30:00,2.52,0.0
2018-09-27 01:45:00,2.52,0.0
2018-09-27 02:00:00,2.56,0.0
2018-09-27 02:15:00,2.52,0.0
2018-09-27 02:30:00,2.52,0.0
2018-09-27 02:45:00,2.7,0.4041276517595733
2018-09-27 03:00:00,3.2,0.5956190061137434
2018-09-27 03:15:00,2.81,0.795371295511309
2018-09-27 03:30:00,2.52,1.3760974546358433
2018-09-27 03:45:00,2.56,1.3290954236077468
2018-09-27 04:00:00,2.52,1.3021215106742154
2018-09-27 04:15:00,2.52,1.5740869563089532
2018-09-27 04:30:00,2.52,1.9319706726494275
2018-09-27 04:45:00,3.17,1.9861544716624984
2018-09-27 05:00:00,2.66,2.180669280346713
2018-09-27 05:15:00,2.56,2.7110234218209506
2018-09-27 05:30:00,2.52,2.5889873634699043
2018-09-27 05:45:00,2.45,2.5744011116567513
2018-09-27 06:00:00,2.45,2.7028185348925966
2018-09-27 06:15:00,2.48,2.9023989417087748
2018-09-27 06:30:00,2.48,2.937970611198711
2018-09-27 06:45:00,2.45,3.065633074433528
2018-09-27 07:00:00,2.48,3.156336388897259
2018-09-27 07:15:00,2.84,3.2394082182789816
2018-09-27 07:30:00,7.99,3.3012792017295034
2018-09-27 07:45:00,9.04,3.859766236282624
2018-09-27 08:00:00,28.04,13.026051340044702
2018-09-27 08:15:00,49.46,15.11380897811412
2018-09-27 08:30:00,56.41,27.047066702660597
2018-09-27 08:45:00,40.75,38.63032966586764
2018-09-27 09:00:00,47.16,43.26329310380707
2018-09-27 09:15:00,46.91,30.220958983877843
2018-09-27 09:30:00,54.72,33.97737024908815
2018-09-27 09:45:00,57.78,37.93063981644357
2018-09-27 10:00:00,48.38,42.76460199968967
2018-09-27 10:15:00,57.82,43.880351088856656
2018-09-27 10:30:00,62.06,40.7485964183567
2018-09-27 10:45:00,57.49,45.178597826903385
2018-09-27 11:00:00,51.8,48.29132853952771
2018-09-27 11:15:00,44.28,44.99586618722648
2018-09-27 11:30:00,48.96,41.46067420311355
2018-09-27 11:45:00,54.0,33.42067663792078
2018-09-27 12:00:00,3.89,35.060772930632645
2018-09-27 12:15:00,3.67,36.22537193954063
2018-09-27 12:30:00,3.49,6.766866382907253
2018-09-27 12:45:00,4.07,3.6664664690926294
2018-09-27 13:00:00,25.85,12.66147559058222
2018-09-27 13:15:00,61.02,21.21260958836611
2018-09-27 13:30:00,52.85,28.409737010695753
2018-09-27 13:45:00,60.62,49.99255966500783
2018-09-27 14:00:00,121.46,44.502119226926006
2018-09-27 14:15:00,127.62,40.45334199652537
2018-09-27 14:30:00,71.14,78.61101222186984
2018-09-27 14:45:00,112.46,90.48721916679482
2018-09-27 15:00:00,110.05,48.671088357906775
2018-09-27 15:15:00,96.01,69.30008474195996
2018-09-27 15:30:00,115.24,85.5379839035946
2018-09-27 15:45:00,82.19,71.95855966691474
2018-09-27 16:00:00,61.63,77.31479134757966
2018-09-27 16:15:00,60.73,57.291660206977355
2018-09-27 16:30:00,48.53,44.20423388634854
2018-09-27 16:45:00,49.07,40.93914683658626
2018-09-27 17:00:00,54.32,39.14730521730402
2018-09-27 17:15:00,59.62,37.99504646666083
2018-09-27 17:30:00,34.81,37.178265746777015
2018-09-27 17:45:00,27.32,40.47537916591031
2018-09-27 18:00:00,32.22,25.45545097981284
2018-09-27 18:15:00,40.86,27.30214607659191
2018-09-27 18:30:00,36.18,30.969312608601925
2018-09-27 18:45:00,31.75,34.19431990648319
2018-09-27 19:00:00,37.76,34.925282145772385
2018-09-27 19:15:00,31.79,29.933416058928806
2018-09-27 19:30:00,36.4,31.44528640807503
2018-09-27 19:45:00,40.32,30.415781892082997
2018-09-27 20:00:00,34.34,29.207005657797193
2018-09-27 20:15:00,34.92,35.33477844941711
2018-09-27 20:30:00,39.64,26.710675142637804
2018-09-27 20:45:00,19.04,19.711064218345918
2018-09-27 21:00:00,7.49,21.716116188147026
2018-09-27 21:15:00,5.26,11.211605676101634
2018-09-27 21:30:00,3.78,2.973962881887857
2018-09-27 21:45:00,3.78,1.207084378649352
2018-09-27 22:00:00,3.49,2.028236202800379
2018-09-27 22:15:00,3.46,0.5432127730352114
2018-09-27 22:30:00,3.46,0.3357389252739935
2018-09-27 22:45:00,3.42,0.02889641676414456
2018-09-27 23:00:00,3.31,0.0
2018-09-27 23:15:00,2.77,0.0
2018-09-27 23:30:00,2.77,0.0
2018-09-27 23:45:00,3.13,0.0
2018-09-28 00:00:00,2.77,2.4358835518523207
2018-09-28 00:15:00,2.81,2.5933699252057387
2018-09-28 00:30:00,2.84,2.896352567678317
2018-09-28 00:45:00,2.95,3.7550148746272463
2018-09-28 01:00:00,2.88,2.2200078409939294
2018-09-28 01:15:00,2.92,1.5995397528835653
2018-09-28 01:30:00,3.02,1.5675264860203697
2018-09-28 01:45:00,2.99,1.7307293702749398
2018-09-28 02:00:00,3.38,2.0567730898037873
2018-09-28 02:15:00,4.1,2.2658985670496428
2018-09-28 02:30:00,3.17,2.7070419393718375
2018-09-28 02:45:00,2.99,3.434976226182613
2018-09-28 03:00:00,2.95,3.2306225632999386
2018-09-28 03:15:00,2.95,3.161111955662715
2018-09-28 03:30:00,2.95,3.383411762330798
2018-09-28 03:45:00,2.88,3.7675347818574174
2018-09-28 04:00:00,2.95,3.9962958916721334
2018-09-28 04:15:00,3.02,4.07193582899383
2018-09-28 04:30:00,2.95,4.278108433368022
2018-09-28 04:45:00,2.92,4.639601133081804
2018-09-28 05:00:00,2.95,4.675413171595814
2018-09-28 05:15:00,2.99,4.780765075093875
2018-09-28 05:30:00,2.95,4.964194519325357
2018-09-28 05:45:00,3.64,5.177465945253342
2018-09-28 06:00:00,3.85,5.379994077065877
2018-09-28 06:15:00,3.17,5.852262057356441
2018-09-28 06:30:00,2.88,6.1587964272192295
2018-09-28 06:45:00,2.84,5.707397976681932
2018-09-28 07:00:00,2.92,5.526432262729067
2018-09-28 07:15:00,3.06,5.816082154284182
2018-09-28 07:30:00,3.2,6.975884526617335
2018-09-28 07:45:00,3.02,9.408987034367524
2018-09-28 08:00:00,28.48,17.04983313759999
2018-09-28 08:15:00,38.59,21.973538706307412
2018-09-28 08:30:00,55.51,39.856397206252495
2018-09-28 08:45:00,58.03,45.10445366497424
2018-09-28 09:00:00,54.36,54.76355977206637
2018-09-28 09:15:00,60.3,52.18676120990026
2018-09-28 09:30:00,60.12,51.15538468533175
2018-09-28 09:45:00,47.2,56.83582376817199
2018-09-28 10:00:00,49.32,58.76471664388339
2018-09-28 10:15:00,53.14,49.68106878549506
2018-09-28 10:30:00,52.6,50.46069738022954
2018-09-28 10:45:00,59.69,52.81601193190424
2018-09-28 11:00:00,50.26,50.632844618641876
2018-09-28 11:15:00,56.77,51.14598829901518
2018-09-28 11:30:00,50.72,46.52723763827516
2018-09-28 11:45:00,46.12,50.06337227520038
2018-09-28 12:00:00,6.12,33.20970854764779
2018-09-28 12:15:00,5.26,32.3120512012575
2018-09-28 12:30:00,4.0,8.370088572732623
2018-09-28 12:45:00,3.64,8.803197898434398
2018-09-28 13:00:00,26.57,18.280860875330827
2018-09-28 13:15:00,43.67,26.332052394705094
2018-09-28 13:30:00,55.58,34.59538014349306
2018-09-28 13:45:00,64.87,46.365138521883466
2018-09-28 14:00:00,41.72,61.13988377301831
2018-09-28 14:15:00,39.1,64.5634523342377
2018-09-28 14:30:00,53.68,39.27346481781727
2018-09-28 14:45:00,55.04,44.67853298519112
2018-09-28 15:00:00,38.52,56.41314660409329
2018-09-28 15:15:00,56.81,56.588664968144684
2018-09-28 15:30:00,56.66,46.85115908717753
2018-09-28 15:45:00,44.71,49.32093213484289
2018-09-28 16:00:00,38.74,48.84633911137347
2018-09-28 16:15:00,45.36,36.27684951172405
2018-09-28 16:30:00,50.18,27.1153767226694
2018-09-28 16:45:00,58.25,33.962000064821886
2018-09-28 17:00:00,46.76,38.465631354039246
2018-09-28 17:15:00,51.48,43.69582112842796
2018-09-28 17:30:00,33.41,33.154378564300686
2018-09-28 17:45:00,27.25,34.7998301254801
2018-09-28 18:00:00,29.52,27.25614404198674
2018-09-28 18:15:00,37.87,23.06098955075825
2018-09-28 18:30:00,38.12,23.472905562595244
2018-09-28 18:45:00,38.63,30.68039294274325
2018-09-28 19:00:00,38.38,30.031900499976572
2018-09-28 19:15:00,29.45,26.01645536296111
2018-09-28 19:30:00,36.58,28.421650302389846
2018-09-28 19:45:00,35.32,24.4786234801126
2018-09-28 20:00:00,35.24,26.137881634577383
2018-09-28 20:15:00,33.16,26.304986854389032
2018-09-28 20:30:00,21.67,27.36721713201078
2018-09-28 20:45:00,7.85,21.83461765946785
2018-09-28 21:00:00,6.19,14.701664515037894
2018-09-28 21:15:00,3.56,5.00058050817853
2018-09-28 21:30:00,3.6,4.7542311875485055
2018-09-28 21:45:00,3.53,3.356979315794863
2018-09-28 22:00:00,3.24,2.000165675227308
2018-09-28 22:15:00,3.17,1.047120948301508
2018-09-28 22:30:00,3.2,1.676096140556016
2018-09-28 22:45:00,3.17,1.524388270919161
2018-09-28 23:00:00,3.1,1.5678466260695458
2018-09-28 23:15:00,3.1,1.815141485833049
2018-09-28 23:30:00,3.13,1.1194174491629063
2018-09-28 23:45:00,2.56,2.20635431057401
2018-09-29 00:00:00,2.7,0.0
2018-09-29 00:15:00,2.48,0.0
2018-09-29 00:30:00,2.45,0.0
2018-09-29 00:45:00,2.56,0.0
2018-09-29 01:00:00,2.59,0.0
2018-09-29 01:15:00,3.17,0.0
2018-09-29 01:30:00,2.95,0.0
2018-09-29 01:45:00,2.52,0.0
2018-09-29 02:00:00,2.52,0.0
2018-09-29 02:15:00,2.59,0.0
2018-09-29 02:30:00,2.48,0.0
2018-09-29 02:45:00,2.52,0.0
2018-09-29 03:00:00,2.59,0.0
2018-09-29 03:15:00,2.59,0.010564183843307262
2018-09-29 03:30:00,2.59,0.40435134174270004
2018-09-29 03:45:00,2.59,0.6397717213771301
2018-09-29 04:00:00,2.52,0.7171674780614445
2018-09-29 04:15:00,2.77,0.9397230341110188
2018-09-29 04:30:00,3.17,1.0899140045283566
2018-09-29 04:45:00,2.56,1.4187570209745246
2018-09-29 05:00:00,2.59,1.885219974688976
2018-09-29 05:15:00,2.59,1.696410906617519
2018-09-29 05:30:00,2.56,1.827115380527193
2018-09-29 05:45:00,2.56,2.1643699345632967
2018-09-29 06:00:00,2.52,2.477245943477538
2018-09-29 06:15:00,2.56,2.389203760008723
2018-09-29 06:30:00,2.59,2.339966340306365
2018-09-29 06:45:00,2.74,2.444149291078972
2018-09-29 07:00:00,3.13,2.5320157373331647
2018-09-29 07:15:00,3.02,2.7225979061033065
2018-09-29 07:30:00,2.66,3.021842875662962
2018-09-29 07:45:00,3.06,2.9632947081186174
2018-09-29 08:00:00,21.85,7.374319951530623
2018-09-29 08:15:00,47.3,9.480371538781988
2018-09-29 08:30:00,45.65,23.576545328420117
2018-09-29 08:45:00,41.9,39.68695639785105
2018-09-29 09:00:00,44.46,36.95464818024472
2018-09-29 09:15:00,47.41,32.65349416062166
2018-09-29 09:30:00,47.23,35.43435044089688
2018-09-29 09:45:00,37.87,38.062429240835804
2018-09-29 10:00:00,47.74,38.023599358181464
2018-09-29 10:15:00,44.5,32.37075172540611
2018-09-29 10:30:00,42.3,38.03535800560463
2018-09-29 10:45:00,44.14,38.70966638216164
2018-09-29 11:00:00,48.02,34.49777205711324
2018-09-29 11:15:00,49.14,35.39414538285769
2018-09-29 11:30:00,44.5,37.63296783935489
2018-09-29 11:45:00,32.47,36.75399524264237
2018-09-29 12:00:00,3.42,25.565342388924005
2018-09-29 12:15:00,3.28,19.62480690819588
2018-09-29 12:30:00,3.38,4.680155669555379
2018-09-29 12:45:00,4.5,4.383200327177086
2018-09-29 13:00:00,19.51,10.688253210660012
2018-09-29 13:15:00,47.59,13.980886178405573
2018-09-29 13:30:00,47.48,21.75262769343495
2018-09-29 13:45:00,35.03,40.39435319159321
2018-09-29 14:00:00,34.6,34.410927784670164
2018-09-29 14:15:00,46.58,23.69789488685656
2018-09-29 14:30:00,47.88,26.083929333477613
2018-09-29 14:45:00,34.49,37.422723347797756
2018-09-29 15:00:00,34.92,36.0506193754465
2018-09-29 15:15:00,50.62,29.450572574393988
2018-09-29 15:30:00,36.14,29.18267506279245
2018-09-29 15:45:00,35.93,38.238127251067176
2018-09-29 16:00:00,51.59,28.261941052292922
2018-09-29 16:15:00,35.32,22.792626138484955
2018-09-29 16:30:00,24.12,33.690626908726024
2018-09-29 16:45:00,4.97,28.213927894325167
2018-09-29 17:00:00,3.6,15.130322951515055
2018-09-29 17:15:00,3.46,6.4633152788792465
2018-09-29 17:30:00,3.49,7.587979217231272
2018-09-29 17:45:00,3.38,6.2128373592445065
2018-09-29 18:00:00,3.35,4.877008624268207
2018-09-29 18:15:00,3.42,4.44103889375544
2018-09-29 18:30:00,3.46,5.158385546856703
2018-09-29 18:45:00,3.49,5.16126492849742
2018-09-29 19:00:00,3.49,3.652482845634694
2018-09-29 19:15:00,3.46,2.136232302405702
2018-09-29 19:30:00,3.42,4.903133437298795
2018-09-29 19:45:00,3.42,3.6782580440275794
2018-09-29 20:00:00,3.46,3.7127655674309423
2018-09-29 20:15:00,3.53,4.822569064812832
2018-09-29 20:30:00,3.38,1.630418474029181
2018-09-29 20:45:00,2.81,0.0
2018-09-29 21:00:00,2.81,0.0
2018-09-29 21:15:00,2.81,0.0
2018-09-29 21:30:00,2.81,0.0
2018-09-29 21:45:00,2.81,0.0
2018-09-29 22:00:00,3.13,0.0
2018-09-29 22:15:00,3.28,0.0
2018-09-29 22:30:00,2.59,0.0
2018-09-29 22:45:00,2.59,0.0
2018-09-29 23:00:00,2.59,0.0
2018-09-29 23:15:00,2.56,0.0
2018-09-29 23:30:00,2.52,0.0
2018-09-29 23:45:00,2.74,0.0
2018-09-30 00:00:00,3.02,0.0
2018-09-30 00:15:00,2.81,0.0
2018-09-30 00:30:00,2.63,0.0
2018-09-30 00:45:00,2.56,0.0
2018-09-30 01:00:00,2.56,0.0
2018-09-30 01:15:00,2.59,0.0
2018-09-30 01:30:00,2.56,0.0
2018-09-30 01:45:00,2.56,0.03000074902275074
2018-09-30 02:00:00,2.63,0.255159324557674
2018-09-30 02:15:00,2.56,0.5222681796222908
2018-09-30 02:30:00,2.56,0.8759542742197368
2018-09-30 02:45:00,2.63,1.1002938046102209
2018-09-30 03:00:00,2.59,1.2110189712965393
2018-09-30 03:15:00,2.56,1.5102597412274186
2018-09-30 03:30:00,3.13,1.776953012554614
2018-09-30 03:45:00,2.88,2.0315230126005446
2018-09-30 04:00:00,3.1,2.4794445548667667
2018-09-30 04:15:00,3.02,2.670191018514398
2018-09-30 04:30:00,2.52,2.9660350566233724
2018-09-30 04:45:00,2.63,3.0057299750177364
2018-09-30 05:00:00,2.66,2.9577705330797137
2018-09-30 05:15:00,2.52,3.1520140473882137
2018-09-30 05:30:00,2.59,3.3961700754458057
2018-09-30 05:45:00,2.52,3.47779557478351
2018-09-30 06:00:00,2.52,3.5646915245167072
2018-09-30 06:15:00,2.56,3.695335720855116
2018-09-30 06:30:00,2.56,3.792971982535601
2018-09-30 06:45:00,2.59,3.996054490208124
2018-09-30 07:00:00,2.52,4.1809581242845475
2018-09-30 07:15:00,2.95,4.143040853209495
2018-09-30 07:30:00,2.95,4.073520228820559
2018-09-30 07:45:00,2.59,4.609568622215541
2018-09-30 08:00:00,2.56,7.938606941648917
2018-09-30 08:15:00,2.52,12.201488961579809
2018-09-30 08:30:00,2.63,11.847442601489533
2018-09-30 08:45:00,2.74,11.207969519562479
2018-09-30 09:00:00,3.02,11.676791507158189
2018-09-30 09:15:00,3.46,12.16952353247883
2018-09-30 09:30:00,2.81,12.206033313829458
2018-09-30 09:45:00,2.77,10.685144397342548
2018-09-30 10:00:00,2.74,11.954878358478496
2018-09-30 10:15:00,2.74,11.148454012221357
2018-09-30 10:30:00,2.74,10.691899953778577
2018-09-30 10:45:00,2.74,10.939598514711992
2018-09-30 11:00:00,2.7,11.38413457694912
2018-09-30 11:15:00,2.7,11.414943178718143
2018-09-30 11:30:00,2.74,10.406252534484207
2018-09-30 11:45:00,3.02,8.054469636300304
2018-09-30 12:00:00,3.31,2.737060604924533
2018-09-30 12:15:00,2.77,2.5485729525019174
2018-09-30 12:30:00,2.81,2.512454021674362
2018-09-30 12:45:00,2.77,2.161645781389719
2018-09-30 13:00:00,2.7,4.586564744038512
2018-09-30 13:15:00,2.66,9.50160364749959
2018-09-30 13:30:00,2.74,9.35090147702466
2018-09-30 13:45:00,2.74,6.620936975214121
2018-09-30 14:00:00,2.74,6.366325636045822
2018-09-30 14:15:00,2.95,8.247952329834071
2018-09-30 14:30:00,3.38,8.211203666562625
2018-09-30 14:45:00,2.95,5.67785691527083
2018-09-30 15:00:00,2.7,5.774718905817824
2018-09-30 15:15:00,2.7,8.078009173900895
2018-09-30 15:30:00,2.7,5.039489788985801
2018-09-30 15:45:00,2.74,4.821684845420105
2018-09-30 16:00:00,2.95,7.511727846451041
2018-09-30 16:15:00,3.31,4.435079976530368
2018-09-30 16:30:00,2.66,2.2908508060695283
2018-09-30 16:45:00,2.7,0.0
2018-09-30 17:00:00,2.7,0.0
2018-09-30 17:15:00,2.7,0.0
2018-09-30 17:30:00,2.7,0.0
2018-09-30 17:45:00,2.74,0.0
2018-09-30 18:00:00,2.63,0.0
2018-09-30 18:15:00,2.66,0.0
2018-09-30 18:30:00,2.77,0.0
2018-09-30 18:45:00,2.77,0.0
2018-09-30 19:00:00,2.95,0.0
2018-09-30 19:15:00,3.35,0.0
2018-09-30 19:30:00,2.99,0.0
2018-09-30 19:45:00,3.46,0.0
2018-09-30 20:00:00,2.74,0.0
2018-09-30 20:15:00,2.7,0.0
2018-09-30 20:30:00,2.77,0.0
2018-09-30 20:45:00,2.77,0.0
2018-09-30 21:00:00,2.77,0.0
2018-09-30 21:15:00,2.77,0.0
2018-09-30 21:30:00,2.74,0.0
2018-09-30 21:45:00,2.77,0.0
2018-09-30 22:00:00,2.59,0.0
2018-09-30 22:15:00,3.17,0.0
2018-09-30 22:30:00,2.81,0.0
2018-09-30 22:45:00,2.59,0.0
2018-09-30 23:00:00,2.56,0.0
2018-09-30 23:15:00,2.52,0.0
2018-09-30 23:30:00,2.59,0.0
2018-09-30 23:45:00,2.56,0.0
