interval_start,energy,prediction
2018-07-01 00:00:00,2.81,3.150261992825007
2018-07-01 00:15:00,2.81,3.073603048263387
2018-07-01 00:30:00,2.95,3.0770497733699615
2018-07-01 00:45:00,2.81,3.06887578512959
2018-07-01 01:00:00,2.88,3.0967156968265384
2018-07-01 01:15:00,2.88,3.0702060129687943
2018-07-01 01:30:00,2.84,3.0690111667504194
2018-07-01 01:45:00,2.84,3.067779499263103
2018-07-01 02:00:00,2.92,3.067779499263103
2018-07-01 02:15:00,2.84,3.067779499263103
2018-07-01 02:30:00,2.88,3.070616794561618
2018-07-01 02:45:00,2.84,3.067779499263103
2018-07-01 03:00:00,3.67,3.067779499263103
2018-07-01 03:15:00,3.85,3.067779499263103
2018-07-01 03:30:00,2.88,3.2267416968599782
2018-07-01 03:45:00,2.81,3.3719046380082216
2018-07-01 04:00:00,2.81,3.083154696308887
2018-07-01 04:15:00,2.81,3.079481861468925
2018-07-01 04:30:00,2.81,3.06887578512959
2018-07-01 04:45:00,2.84,3.067779499263103
2018-07-01 05:00:00,2.74,3.067779499263103
2018-07-01 05:15:00,2.77,3.067779499263103
2018-07-01 05:30:00,2.81,3.067779499263103
2018-07-01 05:45:00,2.81,3.067779499263103
2018-07-01 06:00:00,2.77,3.067779499263103
2018-07-01 06:15:00,2.81,3.067779499263103
2018-07-01 06:30:00,2.74,3.067779499263103
2018-07-01 06:45:00,2.74,3.067779499263103
2018-07-01 07:00:00,2.7,3.067779499263103
2018-07-01 07:15:00,2.74,3.182225232896775
2018-07-01 07:30:00,3.28,3.5014292662931523
2018-07-01 07:45:00,3.06,3.634073492768451
2018-07-01 08:00:00,3.38,19.854821346844652
2018-07-01 08:15:00,2.74,12.310450098551227
2018-07-01 08:30:00,2.66,3.3807786282521524
2018-07-01 08:45:00,2.84,3.368070931715595
2018-07-01 09:00:00,2.99,3.368070931715595
2018-07-01 09:15:00,3.1,3.368070931715595
2018-07-01 09:30:00,2.99,3.368070931715595
2018-07-01 09:45:00,2.99,3.368070931715595
2018-07-01 10:00:00,3.02,3.368070931715595
2018-07-01 10:15:00,3.02,3.368070931715595
2018-07-01 10:30:00,2.99,3.368070931715595
2018-07-01 10:45:00,3.06,3.368070931715595
2018-07-01 11:00:00,3.35,3.368070931715595
2018-07-01 11:15:00,3.02,3.368070931715595
2018-07-01 11:30:00,2.84,3.368070931715595
2018-07-01 11:45:00,2.81,3.368070931715595
2018-07-01 12:00:00,2.95,3.362637710307409
2018-07-01 12:15:00,3.13,3.362637710307409
2018-07-01 12:30:00,3.1,3.362637710307409
2018-07-01 12:45:00,3.06,3.362637710307409
2018-07-01 13:00:00,3.42,3.3648217146306
2018-07-01 13:15:00,3.6,3.368070931715595
2018-07-01 13:30:00,2.99,3.368070931715595
2018-07-01 13:45:00,2.95,3.368070931715595
2018-07-01 14:00:00,2.99,3.368070931715595
2018-07-01 14:15:00,2.99,3.368070931715595
2018-07-01 14:30:00,3.02,3.368070931715595
2018-07-01 14:45:00,2.99,3.368070931715595
2018-07-01 15:00:00,2.99,3.368070931715595
2018-07-01 15:15:00,3.56,3.368070931715595
2018-07-01 15:30:00,3.17,3.368070931715595
2018-07-01 15:45:00,2.92,3.368070931715595
2018-07-01 16:00:00,2.92,3.368070931715595
2018-07-01 16:15:00,2.95,3.704821913487357
2018-07-01 16:30:00,2.95,3.5568780632890884
2018-07-01 16:45:00,2.95,3.2138846441740596
2018-07-01 17:00:00,2.99,3.108862092342122
2018-07-01 17:15:00,2.99,3.1031387354395026
2018-07-01 17:30:00,2.95,3.109183528090696
2018-07-01 17:45:00,3.06,3.1115261350914527
2018-07-01 18:00:00,2.88,3.1073475632022536
2018-07-01 18:15:00,2.84,3.1563576750730573
2018-07-01 18:30:00,3.06,3.0748765733233547
2018-07-01 18:45:00,3.74,3.079814630789918
2018-07-01 19:00:00,3.56,3.1480684156980994
2018-07-01 19:15:00,3.53,3.22599834461854
2018-07-01 19:30:00,3.02,3.2213314448127535
2018-07-01 19:45:00,3.06,3.26966181284007
2018-07-01 20:00:00,3.06,3.172625196812185
2018-07-01 20:15:00,3.1,3.1634436127438836
2018-07-01 20:30:00,3.06,3.162107810511406
2018-07-01 20:45:00,3.06,3.1633474786044142
2018-07-01 21:00:00,3.06,3.162107810511406
2018-07-01 21:15:00,3.06,3.162107810511406
2018-07-01 21:30:00,3.06,3.162107810511406
2018-07-01 21:45:00,3.06,3.164952683464372
2018-07-01 22:00:00,2.99,3.162107810511406
2018-07-01 22:15:00,2.88,3.162107810511406
2018-07-01 22:30:00,2.84,3.1178961701575254
2018-07-01 22:45:00,2.81,3.0839696082367327
2018-07-01 23:00:00,3.35,3.0747385307988573
2018-07-01 23:15:00,2.92,3.06887578512959
2018-07-01 23:30:00,2.81,3.1492075645311712
2018-07-01 23:45:00,3.2,3.0753859152680656
2018-07-02 00:00:00,2.81,3.0770497733699615
2018-07-02 00:15:00,2.84,3.149308083791107
2018-07-02 00:30:00,2.88,3.0725486199695506
2018-07-02 00:45:00,3.28,3.0770497733699615
2018-07-02 01:00:00,3.38,3.070007057335758
2018-07-02 01:15:00,2.88,3.1492075645311712
2018-07-02 01:30:00,2.92,3.2021226854463034
2018-07-02 01:45:00,2.92,3.08181889407641
2018-07-02 02:00:00,2.92,3.080983354534963
2018-07-02 02:15:00,2.88,3.071713080428105
2018-07-02 02:30:00,2.92,3.070616794561618
2018-07-02 02:45:00,3.38,3.067779499263103
2018-07-02 03:00:00,3.13,3.070616794561618
2018-07-02 03:15:00,2.95,3.200118422159812
2018-07-02 03:30:00,2.92,3.1529809186310684
2018-07-02 03:45:00,2.84,3.110755091639845
2018-07-02 04:00:00,2.92,3.083409868240654
2018-07-02 04:15:00,2.84,3.070107452616906
2018-07-02 04:30:00,2.88,3.070616794561618
2018-07-02 04:45:00,2.88,3.067779499263103
2018-07-02 05:00:00,2.88,3.067779499263103
2018-07-02 05:15:00,2.84,3.067779499263103
2018-07-02 05:30:00,2.88,3.068910771469271
2018-07-02 05:45:00,2.84,3.067779499263103
2018-07-02 06:00:00,2.81,3.067779499263103
2018-07-02 06:15:00,2.81,3.067779499263103
2018-07-02 06:30:00,3.42,3.067779499263103
2018-07-02 06:45:00,3.78,3.067779499263103
2018-07-02 07:00:00,3.06,3.1973535647398545
2018-07-02 07:15:00,2.99,3.3168417328091055
2018-07-02 07:30:00,3.02,3.921935966932715
2018-07-02 07:45:00,2.99,4.840068762542373
2018-07-02 08:00:00,18.61,19.159165631426323
2018-07-02 08:15:00,39.53,28.126779853646564
2018-07-02 08:30:00,44.89,49.38123573054618
2018-07-02 08:45:00,48.31,54.122038360102295
2018-07-02 09:00:00,51.3,53.742796069251945
2018-07-02 09:15:00,50.18,56.80450061701763
2018-07-02 09:30:00,61.85,59.48874019047334
2018-07-02 09:45:00,71.35,59.21567959411331
2018-07-02 10:00:00,72.68,60.09845570887287
2018-07-02 10:15:00,59.72,68.69737010252375
2018-07-02 10:30:00,59.11,71.39425569351899
2018-07-02 10:45:00,56.45,61.27213504185355
2018-07-02 11:00:00,70.52,61.01555224675663
2018-07-02 11:15:00,65.7,61.227419404301266
2018-07-02 11:30:00,70.7,68.10481631376096
2018-07-02 11:45:00,63.76,64.21208932445467
2018-07-02 12:00:00,8.24,7.244107606700148
2018-07-02 12:15:00,5.08,6.012876266099299
2018-07-02 12:30:00,5.58,6.561301456908819
2018-07-02 12:45:00,5.51,5.08240822729364
2018-07-02 13:00:00,40.1,49.09229354048071
2018-07-02 13:15:00,61.81,54.02300586598246
2018-07-02 13:30:00,87.7,65.34426757858989
2018-07-02 13:45:00,69.12,60.591471896215
2018-07-02 14:00:00,58.1,78.60109574131549
2018-07-02 14:15:00,56.77,68.8667596948662
2018-07-02 14:30:00,59.8,61.84527940421945
2018-07-02 14:45:00,57.28,61.82927235375791
2018-07-02 15:00:00,68.04,60.84355996492898
2018-07-02 15:15:00,63.54,59.90790896018098
2018-07-02 15:30:00,70.31,65.69053181511279
2018-07-02 15:45:00,62.32,58.17263399402922
2018-07-02 16:00:00,53.1,68.01568990893784
2018-07-02 16:15:00,51.52,61.39472414938162
2018-07-02 16:30:00,49.75,61.04413659174974
2018-07-02 16:45:00,58.03,60.03088482447478
2018-07-02 17:00:00,57.24,59.08049280832867
2018-07-02 17:15:00,57.46,56.29308427008865
2018-07-02 17:30:00,34.7,33.91159196594654
2018-07-02 17:45:00,27.43,33.505630258232884
2018-07-02 18:00:00,31.68,34.10205462617741
2018-07-02 18:15:00,53.03,18.275010914317853
2018-07-02 18:30:00,40.5,38.4688806142895
2018-07-02 18:45:00,35.96,50.48006597167821
2018-07-02 19:00:00,40.18,39.897813247178014
2018-07-02 19:15:00,44.57,42.77454192972901
2018-07-02 19:30:00,44.5,41.644329405831265
2018-07-02 19:45:00,45.43,44.522031944730855
2018-07-02 20:00:00,46.08,45.998199500172035
2018-07-02 20:15:00,46.62,46.20052464058879
2018-07-02 20:30:00,47.63,44.23393599264335
2018-07-02 20:45:00,18.14,24.07005189117352
2018-07-02 21:00:00,4.46,11.56100058134087
2018-07-02 21:15:00,3.82,5.644672807147528
2018-07-02 21:30:00,3.78,4.447356234020744
2018-07-02 21:45:00,3.82,4.173421736958421
2018-07-02 22:00:00,3.71,4.070693629630034
2018-07-02 22:15:00,3.6,3.814189942640614
2018-07-02 22:30:00,3.46,3.6534251242816436
2018-07-02 22:45:00,3.46,3.6405877022470294
2018-07-02 23:00:00,3.46,3.5494492837932814
2018-07-02 23:15:00,3.46,3.473716840251994
2018-07-02 23:30:00,3.42,3.312049354712067
2018-07-02 23:45:00,3.42,3.2619887406490546
2018-07-03 00:00:00,2.84,3.253750734098001
2018-07-03 00:15:00,2.88,3.250946744126683
2018-07-03 00:30:00,2.95,3.087122909228139
2018-07-03 00:45:00,2.92,3.0810179862892135
2018-07-03 01:00:00,3.38,3.099404630262669
2018-07-03 01:15:00,3.2,3.074097736561145
2018-07-03 01:30:00,2.7,3.1996396605210067
2018-07-03 01:45:00,2.77,3.1540353469249043
2018-07-03 02:00:00,2.81,3.082873322370246
2018-07-03 02:15:00,2.81,3.0792004875302843
2018-07-03 02:30:00,2.84,3.0699302134234263
2018-07-03 02:45:00,2.81,3.067779499263103
2018-07-03 03:00:00,2.84,3.067779499263103
2018-07-03 03:15:00,2.81,3.067779499263103
2018-07-03 03:30:00,3.06,3.067779499263103
2018-07-03 03:45:00,3.24,3.067779499263103
2018-07-03 04:00:00,2.84,3.146972129831612
2018-07-03 04:15:00,2.81,3.1539766852376196
2018-07-03 04:30:00,2.84,3.08181889407641
2018-07-03 04:45:00,2.81,3.078146059236448
2018-07-03 05:00:00,2.81,3.06887578512959
2018-07-03 05:15:00,2.81,3.067779499263103
2018-07-03 05:30:00,2.84,3.067779499263103
2018-07-03 05:45:00,2.77,3.067779499263103
2018-07-03 06:00:00,2.77,3.067779499263103
2018-07-03 06:15:00,2.77,3.067779499263103
2018-07-03 06:30:00,2.77,3.067779499263103
2018-07-03 06:45:00,2.77,3.07054435668306
2018-07-03 07:00:00,2.77,3.067779499263103
2018-07-03 07:15:00,3.53,3.2758583990120895
2018-07-03 07:30:00,3.67,3.9013289730180385
2018-07-03 07:45:00,5.22,4.539917931600028
2018-07-03 08:00:00,30.42,33.36899005812981
2018-07-03 08:15:00,41.44,35.991379759882264
2018-07-03 08:30:00,48.31,51.17785341066131
2018-07-03 08:45:00,59.04,43.00013419828355
2018-07-03 09:00:00,60.62,55.764796505505984
2018-07-03 09:15:00,61.13,59.20624293568586
2018-07-03 09:30:00,71.82,58.72051062384422
2018-07-03 09:45:00,62.71,58.729618133414675
2018-07-03 10:00:00,49.86,69.05501823699922
2018-07-03 10:15:00,46.73,59.41771012726849
2018-07-03 10:30:00,57.42,58.873521045767674
2018-07-03 10:45:00,59.83,54.9414992590819
2018-07-03 11:00:00,71.14,59.200979138611146
2018-07-03 11:15:00,54.4,59.425342531476616
2018-07-03 11:30:00,57.64,68.56360127300113
2018-07-03 11:45:00,66.67,57.23016310302737
2018-07-03 12:00:00,23.72,10.739256461608006
2018-07-03 12:15:00,4.1,5.497547609071054
2018-07-03 12:30:00,4.21,6.936341798652767
2018-07-03 12:45:00,4.79,5.053990445048587
2018-07-03 13:00:00,38.3,38.518154821338534
2018-07-03 13:15:00,66.17,53.991224578072824
2018-07-03 13:30:00,55.48,57.5921593818535
2018-07-03 13:45:00,57.35,68.64156357274642
2018-07-03 14:00:00,48.74,59.1021540578627
2018-07-03 14:15:00,52.78,59.43043110590059
2018-07-03 14:30:00,71.32,56.6978631567217
2018-07-03 14:45:00,53.82,59.37561937770719
2018-07-03 15:00:00,67.0,68.69673936094476
2018-07-03 15:15:00,56.74,59.223571953975004
2018-07-03 15:30:00,78.34,65.42687663351643
2018-07-03 15:45:00,105.66,60.42612772722869
2018-07-03 16:00:00,64.37,73.19224782397612
2018-07-03 16:15:00,66.74,91.02609686974439
2018-07-03 16:30:00,95.54,70.13452290694813
2018-07-03 16:45:00,113.26,67.46344161696597
2018-07-03 17:00:00,72.47,87.24799636943442
2018-07-03 17:15:00,73.48,92.81839073845529
2018-07-03 17:30:00,43.7,48.036124548782006
2018-07-03 17:45:00,31.43,45.33727103641141
2018-07-03 18:00:00,42.05,37.505304743897945
2018-07-03 18:15:00,70.2,45.31554599807659
2018-07-03 18:30:00,57.53,45.23288080022487
2018-07-03 18:45:00,71.21,67.71729281077008
2018-07-03 19:00:00,81.07,55.41271270513968
2018-07-03 19:15:00,103.36,68.84640938791343
2018-07-03 19:30:00,90.83,73.43485833846488
2018-07-03 19:45:00,109.73,84.97964313142069
2018-07-03 20:00:00,106.56,86.17369173225121
2018-07-03 20:15:00,76.1,90.36580237625037
2018-07-03 20:30:00,92.38,94.14781943062546
2018-07-03 20:45:00,77.04,41.566230285292995
2018-07-03 21:00:00,27.11,31.86130193633116
2018-07-03 21:15:00,27.79,34.22780633507126
2018-07-03 21:30:00,14.33,6.888922141200734
2018-07-03 21:45:00,4.18,9.065526687479899
2018-07-03 22:00:00,3.85,6.789503599095223
2018-07-03 22:15:00,3.53,4.438912840200937
2018-07-03 22:30:00,3.56,4.173421736958421
2018-07-03 22:45:00,3.6,4.258030069796631
2018-07-03 23:00:00,3.46,3.624992221884724
2018-07-03 23:15:00,3.46,3.634048439437891
2018-07-03 23:30:00,3.49,3.4737578875941204
2018-07-03 23:45:00,3.56,3.4711489963123734
2018-07-04 00:00:00,3.2,3.4559217811384118
2018-07-04 00:15:00,2.81,3.3157401431649656
2018-07-04 00:30:00,3.24,3.197290437164761
2018-07-04 00:45:00,3.42,3.087122909228139
2018-07-04 01:00:00,2.95,3.1611667720741603
2018-07-04 01:15:00,2.84,3.2093261590291213
2018-07-04 01:30:00,2.84,3.112347739209489
2018-07-04 01:45:00,2.81,3.0834444999949047
2018-07-04 02:00:00,2.81,3.071161880910742
2018-07-04 02:15:00,2.88,3.0688339275569394
2018-07-04 02:30:00,2.92,3.0688339275569394
2018-07-04 02:45:00,2.84,3.0688339275569394
2018-07-04 03:00:00,2.81,3.070616794561618
2018-07-04 03:15:00,2.84,3.067779499263103
2018-07-04 03:30:00,2.84,3.067779499263103
2018-07-04 03:45:00,2.92,3.067779499263103
2018-07-04 04:00:00,2.81,3.067779499263103
2018-07-04 04:15:00,3.06,3.070616794561618
2018-07-04 04:30:00,3.42,3.067779499263103
2018-07-04 04:45:00,2.99,3.146972129831612
2018-07-04 05:00:00,2.81,3.2021226854463034
2018-07-04 05:15:00,2.84,3.1167998842910385
2018-07-04 05:30:00,2.81,3.082915179942897
2018-07-04 05:45:00,2.81,3.0747385307988573
2018-07-04 06:00:00,2.77,3.06887578512959
2018-07-04 06:15:00,2.77,3.067779499263103
2018-07-04 06:30:00,3.31,3.067779499263103
2018-07-04 06:45:00,3.42,3.067779499263103
2018-07-04 07:00:00,3.02,3.1492075645311712
2018-07-04 07:15:00,3.13,3.311440638869841
2018-07-04 07:30:00,3.53,4.445506056271697
2018-07-04 07:45:00,6.7,6.3433580543966865
2018-07-04 08:00:00,56.09,36.70245372458172
2018-07-04 08:15:00,87.37,66.99582267017648
2018-07-04 08:30:00,93.85,83.63821922006335
2018-07-04 08:45:00,68.8,85.49977428349393
2018-07-04 09:00:00,118.98,85.25896803746642
2018-07-04 09:15:00,98.57,78.0200663824361
2018-07-04 09:30:00,116.06,92.68128164476367
2018-07-04 09:45:00,88.6,95.54589001680318
2018-07-04 10:00:00,86.62,94.95043796742402
2018-07-04 10:15:00,111.38,90.10108747629941
2018-07-04 10:30:00,90.36,84.71122126759155
2018-07-04 10:45:00,105.05,93.78935186850264
2018-07-04 11:00:00,91.4,90.73411999919146
2018-07-04 11:15:00,108.22,89.45058612222893
2018-07-04 11:30:00,67.07,91.08183454963591
2018-07-04 11:45:00,42.34,93.28158132717712
2018-07-04 12:00:00,8.1,15.581103071366549
2018-07-04 12:15:00,4.5,6.009431934697526
2018-07-04 12:30:00,5.26,6.114209993718548
2018-07-04 12:45:00,4.57,5.223169200641849
2018-07-04 13:00:00,24.26,58.32379125881512
2018-07-04 13:15:00,40.14,59.172180407797825
2018-07-04 13:30:00,38.63,57.00543756367031
2018-07-04 13:45:00,34.99,41.575055357383754
2018-07-04 14:00:00,35.93,39.79768108161677
2018-07-04 14:15:00,43.31,39.523100816757285
2018-07-04 14:30:00,35.78,39.4423778702226
2018-07-04 14:45:00,36.4,42.03669322262128
2018-07-04 15:00:00,40.21,39.36721473909151
2018-07-04 15:15:00,40.86,39.28223527242308
2018-07-04 15:30:00,39.28,39.61094649408461
2018-07-04 15:45:00,48.06,39.61094649408461
2018-07-04 16:00:00,53.17,39.61094649408461
2018-07-04 16:15:00,44.06,55.13039167628281
2018-07-04 16:30:00,42.23,60.54541506270012
2018-07-04 16:45:00,46.26,44.97867899996209
2018-07-04 17:00:00,47.48,46.3750011221498
2018-07-04 17:15:00,41.36,49.65862769560586
2018-07-04 17:30:00,35.42,51.1268308085456
2018-07-04 17:45:00,36.68,41.61905304112117
2018-07-04 18:00:00,50.87,39.60456196147142
2018-07-04 18:15:00,47.7,41.303441324795266
2018-07-04 18:30:00,44.21,50.83010260775717
2018-07-04 18:45:00,50.9,50.397987299423875
2018-07-04 19:00:00,45.72,39.939242339838714
2018-07-04 19:15:00,43.13,51.71041647338995
2018-07-04 19:30:00,35.96,47.872211480828426
2018-07-04 19:45:00,34.38,40.04806991932221
2018-07-04 20:00:00,53.32,40.31196452202205
2018-07-04 20:15:00,45.22,41.53893954770915
2018-07-04 20:30:00,53.21,54.01411695719159
2018-07-04 20:45:00,34.31,47.241609695491064
2018-07-04 21:00:00,37.33,13.731988618366527
2018-07-04 21:15:00,56.05,11.954242049860566
2018-07-04 21:30:00,37.26,22.35324746254811
2018-07-04 21:45:00,4.5,26.351303149788567
2018-07-04 22:00:00,4.72,25.019900526255398
2018-07-04 22:15:00,3.89,5.290104385293367
2018-07-04 22:30:00,3.71,4.437635251069803
2018-07-04 22:45:00,3.64,4.173421736958421
2018-07-04 23:00:00,3.6,4.0589870305253335
2018-07-04 23:15:00,3.53,3.712217313781439
2018-07-04 23:30:00,3.53,3.6404783822629168
2018-07-04 23:45:00,3.67,3.591464978279476
2018-07-05 00:00:00,3.56,3.575355967682309
2018-07-05 00:15:00,3.53,3.639212944868467
2018-07-05 00:30:00,3.1,3.5970293646140736
2018-07-05 00:45:00,3.02,3.575355967682309
2018-07-05 01:00:00,3.02,3.2053095758238546
2018-07-05 01:15:00,3.13,3.137569344526422
2018-07-05 01:30:00,3.56,3.1351022700877773
2018-07-05 01:45:00,3.06,3.164940126174058
2018-07-05 02:00:00,3.02,3.2271427556964833
2018-07-05 02:15:00,3.06,3.1631622388052425
2018-07-05 02:30:00,3.06,3.13456405081197
2018-07-05 02:45:00,3.06,3.1631622388052425
2018-07-05 03:00:00,3.13,3.1631622388052425
2018-07-05 03:15:00,3.06,3.1631622388052425
2018-07-05 03:30:00,3.06,3.1644019068982505
2018-07-05 03:45:00,3.06,3.1631622388052425
2018-07-05 04:00:00,3.1,3.1631622388052425
2018-07-05 04:15:00,3.02,3.1631622388052425
2018-07-05 04:30:00,3.1,3.1633474786044142
2018-07-05 04:45:00,3.1,3.1335096225181336
2018-07-05 05:00:00,3.06,3.1633474786044142
2018-07-05 05:15:00,3.56,3.1633474786044142
2018-07-05 05:30:00,3.24,3.162107810511406
2018-07-05 05:45:00,3.1,3.2210919284467634
2018-07-05 06:00:00,3.2,3.1643432452109654
2018-07-05 06:15:00,3.64,3.1633474786044142
2018-07-05 06:30:00,3.17,3.164683280836891
2018-07-05 06:45:00,2.99,3.2362003052477544
2018-07-05 07:00:00,3.06,3.1657377091307275
2018-07-05 07:15:00,3.53,3.316764361639298
2018-07-05 07:30:00,4.03,3.9778843969303512
2018-07-05 07:45:00,4.82,4.843582671572703
2018-07-05 08:00:00,38.41,40.84264558297951
2018-07-05 08:15:00,71.14,50.28214154835027
2018-07-05 08:30:00,117.32,58.7780264603771
2018-07-05 08:45:00,121.68,74.73817106205966
2018-07-05 09:00:00,84.2,94.06781605687138
2018-07-05 09:15:00,98.17,101.56171934166396
2018-07-05 09:30:00,74.52,89.99851449144715
2018-07-05 09:45:00,85.97,89.91623325760064
2018-07-05 10:00:00,106.96,87.61142710571924
2018-07-05 10:15:00,83.7,78.13054850387516
2018-07-05 10:30:00,66.28,91.98153529214146
2018-07-05 10:45:00,75.89,84.06204608617419
2018-07-05 11:00:00,74.88,75.59382349352992
2018-07-05 11:15:00,101.7,73.51656642823217
2018-07-05 11:30:00,107.75,73.47844554655741
2018-07-05 11:45:00,82.73,89.54376209430352
2018-07-05 12:00:00,8.42,16.25402217446363
2018-07-05 12:15:00,5.9,5.901355793612846
2018-07-05 12:30:00,5.0,6.126030716207899
2018-07-05 12:45:00,4.86,5.630270591498207
2018-07-05 13:00:00,59.62,70.9880969766236
2018-07-05 13:15:00,64.76,78.85865419618713
2018-07-05 13:30:00,50.94,84.40985892882529
2018-07-05 13:45:00,56.92,63.22733238891484
2018-07-05 14:00:00,55.48,59.51804315558898
2018-07-05 14:15:00,61.02,59.788557597672515
2018-07-05 14:30:00,65.52,60.18061509199178
2018-07-05 14:45:00,47.59,60.46225028828309
2018-07-05 15:00:00,81.04,64.63808402394996
2018-07-05 15:15:00,105.12,56.559437079787
2018-07-05 15:30:00,82.19,72.3861447516831
2018-07-05 15:45:00,74.23,89.29882027311923
2018-07-05 16:00:00,58.68,81.76527625682499
2018-07-05 16:15:00,53.46,74.89023293036246
2018-07-05 16:30:00,51.48,64.48880028814602
2018-07-05 16:45:00,64.04,62.65071381108536
2018-07-05 17:00:00,59.04,60.90872982785825
2018-07-05 17:15:00,55.19,60.06492189178384
2018-07-05 17:30:00,30.74,47.743998334662294
2018-07-05 17:45:00,32.47,45.16495141826791
2018-07-05 18:00:00,41.0,47.36769428058984
2018-07-05 18:15:00,62.42,46.913803947271454
2018-07-05 18:30:00,57.6,42.47969159175837
2018-07-05 18:45:00,57.46,60.459286702379266
2018-07-05 19:00:00,55.51,58.53837954357599
2018-07-05 19:15:00,57.85,59.068091113471766
2018-07-05 19:30:00,47.74,58.71912876532044
2018-07-05 19:45:00,49.61,56.68622966291369
2018-07-05 20:00:00,65.23,55.29828285832904
2018-07-05 20:15:00,109.87,59.22669503000648
2018-07-05 20:30:00,106.74,59.86410729052234
2018-07-05 20:45:00,33.77,51.72214244936884
2018-07-05 21:00:00,4.72,63.672409810612514
2018-07-05 21:15:00,4.28,46.713604433641486
2018-07-05 21:30:00,4.07,10.488140574853674
2018-07-05 21:45:00,4.0,4.425264173619719
2018-07-05 22:00:00,3.85,4.292983134650185
2018-07-05 22:15:00,3.74,4.2142300721984745
2018-07-05 22:30:00,4.64,3.8271413744678084
2018-07-05 22:45:00,4.57,3.7156924404471767
2018-07-05 23:00:00,3.64,4.085323674730681
2018-07-05 23:15:00,3.6,4.345817677673266
2018-07-05 23:30:00,3.64,3.9820984323370014
2018-07-05 23:45:00,3.67,4.168431789817393
2018-07-06 00:00:00,3.64,3.690998961989444
2018-07-06 00:15:00,3.28,3.6445181557299025
2018-07-06 00:30:00,3.17,3.6445181557299025
2018-07-06 00:45:00,3.13,3.386232203253607
2018-07-06 01:00:00,3.17,3.197290437164761
2018-07-06 01:15:00,3.13,3.166275928406535
2018-07-06 01:30:00,3.1,3.164940126174058
2018-07-06 01:45:00,3.17,3.164940126174058
2018-07-06 02:00:00,3.24,3.164940126174058
2018-07-06 02:15:00,3.2,3.164940126174058
2018-07-06 02:30:00,3.24,3.1653976735048013
2018-07-06 02:45:00,3.2,3.1644019068982505
2018-07-06 03:00:00,3.17,3.166528945710969
2018-07-06 03:15:00,3.2,3.1644019068982505
2018-07-06 03:30:00,3.2,3.1644019068982505
2018-07-06 03:45:00,3.17,3.1644019068982505
2018-07-06 04:00:00,3.31,3.1644019068982505
2018-07-06 04:15:00,3.6,3.1644019068982505
2018-07-06 04:30:00,3.53,3.1653976735048013
2018-07-06 04:45:00,3.89,3.2273948622884454
2018-07-06 05:00:00,3.31,3.2443503448474815
2018-07-06 05:15:00,3.24,3.684199688194604
2018-07-06 05:30:00,3.28,3.4202753381856246
2018-07-06 05:45:00,3.24,3.2272256879546792
2018-07-06 06:00:00,3.2,3.197747984495505
2018-07-06 06:15:00,3.24,3.1678647479434465
2018-07-06 06:30:00,3.2,3.1644019068982505
2018-07-06 06:45:00,3.24,3.1653976735048013
2018-07-06 07:00:00,3.24,3.1644019068982505
2018-07-06 07:15:00,3.6,3.321393002211708
2018-07-06 07:30:00,3.53,3.853641057175245
2018-07-06 07:45:00,3.85,4.557146962668896
2018-07-06 08:00:00,58.0,44.097419843144024
2018-07-06 08:15:00,112.32,61.249595174386194
2018-07-06 08:30:00,115.52,82.47192989038187
2018-07-06 08:45:00,112.72,94.56714336250289
2018-07-06 09:00:00,86.4,97.96981174432207
2018-07-06 09:15:00,106.52,98.27663265987965
2018-07-06 09:30:00,105.37,94.91002114647613
2018-07-06 09:45:00,78.12,89.7814790848753
2018-07-06 10:00:00,108.94,96.73576041672236
2018-07-06 10:15:00,88.67,88.1949968900724
2018-07-06 10:30:00,96.7,91.23658441576052
2018-07-06 10:45:00,118.91,89.57965369746793
2018-07-06 11:00:00,76.9,87.32892319850797
2018-07-06 11:15:00,110.84,97.21895216558487
2018-07-06 11:30:00,97.56,89.2410012922678
2018-07-06 11:45:00,99.32,88.96149216937039
2018-07-06 12:00:00,7.16,16.209358742020115
2018-07-06 12:15:00,5.72,6.018167231144986
2018-07-06 12:30:00,5.15,6.171733240556684
2018-07-06 12:45:00,4.9,5.91482162255598
2018-07-06 13:00:00,48.24,65.82180872873991
2018-07-06 13:15:00,54.94,87.53461427060016
2018-07-06 13:30:00,84.71,72.47040054112168
2018-07-06 13:45:00,96.98,61.10469384308973
2018-07-06 14:00:00,89.35,78.18095449442954
2018-07-06 14:15:00,115.13,88.66857699927432
2018-07-06 14:30:00,93.24,81.37401112256569
2018-07-06 14:45:00,112.72,91.85794427586298
2018-07-06 15:00:00,94.61,94.02764185289121
2018-07-06 15:15:00,78.88,94.50725390564408
2018-07-06 15:30:00,111.24,96.06785067163753
2018-07-06 15:45:00,81.11,89.8360824199484
2018-07-06 16:00:00,107.93,91.76057357236972
2018-07-06 16:15:00,99.43,88.52023971751572
2018-07-06 16:30:00,104.87,90.40868142029728
2018-07-06 16:45:00,102.89,95.86720754728998
2018-07-06 17:00:00,61.16,94.24117363191436
2018-07-06 17:15:00,69.62,96.74515588234179
2018-07-06 17:30:00,32.54,61.64276471334895
2018-07-06 17:45:00,32.98,54.939815089082686
2018-07-06 18:00:00,60.44,57.33881750053376
2018-07-06 18:15:00,112.03,66.74694374091399
2018-07-06 18:30:00,90.36,67.24796653606202
2018-07-06 18:45:00,103.32,90.3004316241625
2018-07-06 19:00:00,104.83,88.95069134053101
2018-07-06 19:15:00,88.02,88.42273415746635
2018-07-06 19:30:00,116.21,94.99117630129888
2018-07-06 19:45:00,117.0,95.25114108241065
2018-07-06 20:00:00,89.35,93.11903660845333
2018-07-06 20:15:00,115.34,98.88478115913078
2018-07-06 20:30:00,87.66,95.09626316929013
2018-07-06 20:45:00,34.56,57.106739805775945
2018-07-06 21:00:00,12.24,24.470707186675487
2018-07-06 21:15:00,4.1,12.504036066289787
2018-07-06 21:30:00,4.07,5.692527323835216
2018-07-06 21:45:00,4.0,4.406354802975901
2018-07-06 22:00:00,3.92,4.287238682059106
2018-07-06 22:15:00,3.78,4.2133592232173696
2018-07-06 22:30:00,3.67,3.8454528072553584
2018-07-06 22:45:00,3.67,3.738790928098081
2018-07-06 23:00:00,3.64,3.681005587544433
2018-07-06 23:15:00,3.6,3.65105741853904
2018-07-06 23:30:00,3.6,3.6476231800606285
2018-07-06 23:45:00,3.1,3.6339391194537787
2018-07-07 00:00:00,3.49,3.6309922413320366
2018-07-07 00:15:00,3.06,3.2123744010889657
2018-07-07 00:30:00,3.1,3.2525987818393802
2018-07-07 00:45:00,3.13,3.1650362603135274
2018-07-07 01:00:00,3.1,3.164940126174058
2018-07-07 01:15:00,3.35,3.164940126174058
2018-07-07 01:30:00,3.74,3.1644019068982505
2018-07-07 01:45:00,3.35,3.1653976735048013
2018-07-07 02:00:00,3.13,3.2385063188656584
2018-07-07 02:15:00,3.13,3.191642703851425
2018-07-07 02:30:00,3.17,3.1906469372448742
2018-07-07 02:45:00,3.2,3.1680437227486324
2018-07-07 03:00:00,3.13,3.1644019068982505
2018-07-07 03:15:00,3.13,3.1644019068982505
2018-07-07 03:30:00,3.13,3.1644019068982505
2018-07-07 03:45:00,3.17,3.1655331791044183
2018-07-07 04:00:00,3.2,3.1644019068982505
2018-07-07 04:15:00,3.53,3.1644019068982505
2018-07-07 04:30:00,3.49,3.1644019068982505
2018-07-07 04:45:00,3.13,3.219265891158129
2018-07-07 05:00:00,3.1,3.2195306517362474
2018-07-07 05:15:00,3.17,3.1691749949548
2018-07-07 05:30:00,3.2,3.1657377091307275
2018-07-07 05:45:00,3.13,3.1644019068982505
2018-07-07 06:00:00,3.1,3.1644019068982505
2018-07-07 06:15:00,3.13,3.1644019068982505
2018-07-07 06:30:00,2.99,3.1644019068982505
2018-07-07 06:45:00,2.92,3.1644019068982505
2018-07-07 07:00:00,3.02,3.1189505984513612
2018-07-07 07:15:00,3.85,3.2012526371689205
2018-07-07 07:30:00,3.49,3.526419194334736
2018-07-07 07:45:00,3.24,4.562619109786267
2018-07-07 08:00:00,39.53,41.10500496015769
2018-07-07 08:15:00,110.27,52.247126173400865
2018-07-07 08:30:00,100.33,64.25001946763841
2018-07-07 08:45:00,43.24,95.07612804645801
2018-07-07 09:00:00,62.5,90.12542657589977
2018-07-07 09:15:00,54.9,50.33156423728068
2018-07-07 09:30:00,55.62,67.05567418363076
2018-07-07 09:45:00,59.76,63.299612247714634
2018-07-07 10:00:00,49.18,65.61059119067127
2018-07-07 10:15:00,42.7,62.77966270805412
2018-07-07 10:30:00,45.61,59.52893798841809
2018-07-07 10:45:00,40.57,42.921217630709414
2018-07-07 11:00:00,59.44,54.06539171505093
2018-07-07 11:15:00,59.8,43.79020171501176
2018-07-07 11:30:00,80.78,62.63445639702571
2018-07-07 11:45:00,101.81,58.16267941896731
2018-07-07 12:00:00,21.56,10.251278710290638
2018-07-07 12:15:00,6.26,7.006161811056887
2018-07-07 12:30:00,5.69,6.971748154922304
2018-07-07 12:45:00,5.18,6.350848236182465
2018-07-07 13:00:00,23.15,32.21970620834703
2018-07-07 13:15:00,79.78,39.34201464687759
2018-07-07 13:30:00,105.23,52.063559600266
2018-07-07 13:45:00,106.16,78.19871216526867
2018-07-07 14:00:00,72.07,90.51831184248539
2018-07-07 14:15:00,94.25,93.09331519438626
2018-07-07 14:30:00,94.18,87.20715904397325
2018-07-07 14:45:00,96.01,88.26583257856446
2018-07-07 15:00:00,98.1,88.20176453946105
2018-07-07 15:15:00,78.01,91.89926588720006
2018-07-07 15:30:00,98.71,90.72702630844788
2018-07-07 15:45:00,109.98,88.5077291522935
2018-07-07 16:00:00,90.9,87.69993831632713
2018-07-07 16:15:00,107.21,95.11031153240592
2018-07-07 16:30:00,89.39,89.63678065697398
2018-07-07 16:45:00,6.3,92.79454118800206
2018-07-07 17:00:00,4.07,93.27439075753756
2018-07-07 17:15:00,3.64,19.858736202527307
2018-07-07 17:30:00,3.67,4.472044454305724
2018-07-07 17:45:00,3.71,4.20848275390315
2018-07-07 18:00:00,3.56,4.070506502973605
2018-07-07 18:15:00,3.46,3.666825007071397
2018-07-07 18:30:00,3.49,3.627941227441632
2018-07-07 18:45:00,3.6,3.556000047040496
2018-07-07 19:00:00,4.39,3.5008783769452414
2018-07-07 19:15:00,4.21,3.5606347201798054
2018-07-07 19:30:00,3.67,4.0106055285514675
2018-07-07 19:45:00,3.46,4.058600067732263
2018-07-07 20:00:00,3.02,3.7299214107195127
2018-07-07 20:15:00,3.06,3.6328067103930604
2018-07-07 20:30:00,3.06,3.4397992030321145
2018-07-07 20:45:00,3.02,3.1732343391416684
2018-07-07 21:00:00,3.1,3.1664653155010067
2018-07-07 21:15:00,3.06,3.137328908231927
2018-07-07 21:30:00,3.06,3.1671667643182078
2018-07-07 21:45:00,3.06,3.1687719691781653
2018-07-07 22:00:00,3.02,3.171439569173086
2018-07-07 22:15:00,2.84,3.1659270962251997
2018-07-07 22:30:00,2.95,3.13456405081197
2018-07-07 22:45:00,2.77,3.0839696082367327
2018-07-07 23:00:00,2.77,3.10813668509372
2018-07-07 23:15:00,2.74,3.072356727129117
2018-07-07 23:30:00,3.28,3.0690111667504194
2018-07-07 23:45:00,2.7,3.067779499263103
2018-07-08 00:00:00,3.35,3.1492075645311712
2018-07-08 00:15:00,2.74,3.0725486199695506
2018-07-08 00:30:00,2.81,3.1584778386380292
2018-07-08 00:45:00,2.81,3.073644905836039
2018-07-08 01:00:00,2.81,3.0770497733699615
2018-07-08 01:15:00,2.81,3.06887578512959
2018-07-08 01:30:00,2.81,3.067779499263103
2018-07-08 01:45:00,2.84,3.067779499263103
2018-07-08 02:00:00,2.81,3.067779499263103
2018-07-08 02:15:00,2.81,3.067779499263103
2018-07-08 02:30:00,2.81,3.067779499263103
2018-07-08 02:45:00,2.84,3.067779499263103
2018-07-08 03:00:00,3.24,3.0732919722109893
2018-07-08 03:15:00,2.99,3.079996891913833
2018-07-08 03:30:00,2.84,3.1492075645311712
2018-07-08 03:45:00,2.84,3.1075296101841796
2018-07-08 04:00:00,2.81,3.08181889407641
2018-07-08 04:15:00,2.84,3.0747385307988573
2018-07-08 04:30:00,3.42,3.06887578512959
2018-07-08 04:45:00,3.13,3.067779499263103
2018-07-08 05:00:00,2.77,3.1973535647398545
2018-07-08 05:15:00,2.81,3.1529809186310684
2018-07-08 05:30:00,2.77,3.08181889407641
2018-07-08 05:45:00,2.77,3.078146059236448
2018-07-08 06:00:00,2.84,3.06887578512959
2018-07-08 06:15:00,3.38,3.067779499263103
2018-07-08 06:30:00,2.81,3.067779499263103
2018-07-08 06:45:00,2.81,3.1973535647398545
2018-07-08 07:00:00,2.74,3.0725486199695506
2018-07-08 07:15:00,2.81,3.1942603644235907
2018-07-08 07:30:00,2.95,3.5158892751008834
2018-07-08 07:45:00,18.76,3.6701276315115474
2018-07-08 08:00:00,54.58,16.96181896887706
2018-07-08 08:15:00,105.91,39.182671948810324
2018-07-08 08:30:00,112.36,66.84042998491672
2018-07-08 08:45:00,86.51,88.97204280248623
2018-07-08 09:00:00,99.94,95.81178239978765
2018-07-08 09:15:00,104.69,87.85021953513919
2018-07-08 09:30:00,96.8,89.3124542536158
2018-07-08 09:45:00,92.52,95.73416461447104
2018-07-08 10:00:00,64.44,93.38016345149431
2018-07-08 10:15:00,79.78,90.30779208454787
2018-07-08 10:30:00,116.78,63.87785693311493
2018-07-08 10:45:00,90.04,73.19902986827172
2018-07-08 11:00:00,110.2,93.0133264979984
2018-07-08 11:15:00,98.96,88.0781420017456
2018-07-08 11:30:00,78.26,93.74412163239654
2018-07-08 11:45:00,49.79,88.07656238576288
2018-07-08 12:00:00,4.07,17.98010696076487
2018-07-08 12:15:00,4.03,6.636918555786946
2018-07-08 12:30:00,3.96,6.115876320737083
2018-07-08 12:45:00,4.0,6.938864471542192
2018-07-08 13:00:00,53.21,53.2448566214585
2018-07-08 13:15:00,90.4,61.77650662204899
2018-07-08 13:30:00,51.55,63.29524491654268
2018-07-08 13:45:00,48.46,75.5239480582043
2018-07-08 14:00:00,56.7,53.94653716666078
2018-07-08 14:15:00,62.75,55.32132916900042
2018-07-08 14:30:00,59.98,54.18887202436456
2018-07-08 14:45:00,53.14,58.44173564587918
2018-07-08 15:00:00,43.42,55.873700497195074
2018-07-08 15:15:00,45.97,52.48252484925015
2018-07-08 15:30:00,44.14,44.14483379665236
2018-07-08 15:45:00,48.35,49.10966984798475
2018-07-08 16:00:00,51.08,36.3300724008112
2018-07-08 16:15:00,44.1,50.63689771891618
2018-07-08 16:30:00,44.17,52.53020358029266
2018-07-08 16:45:00,5.87,30.003142842342708
2018-07-08 17:00:00,3.96,29.846143222601455
2018-07-08 17:15:00,3.82,7.113484000225432
2018-07-08 17:30:00,3.78,4.202109413698432
2018-07-08 17:45:00,3.74,4.167938833443208
2018-07-08 18:00:00,3.56,4.0671464096356145
2018-07-08 18:15:00,3.38,3.665938127860015
2018-07-08 18:30:00,3.49,3.6226245161421207
2018-07-08 18:45:00,3.89,3.5222846466818734
2018-07-08 19:00:00,4.61,3.4980090884177275
2018-07-08 19:15:00,3.49,3.751708483456261
2018-07-08 19:30:00,3.56,4.022101536507336
2018-07-08 19:45:00,3.64,3.636195945959749
2018-07-08 20:00:00,3.56,3.683784411384517
2018-07-08 20:15:00,3.31,3.66257232117839
2018-07-08 20:30:00,2.92,3.5416862994802973
2018-07-08 20:45:00,2.95,3.383664359313986
2018-07-08 21:00:00,2.95,3.0946113803169393
2018-07-08 21:15:00,2.95,3.108674904369528
2018-07-08 21:30:00,2.99,3.1012929246925527
2018-07-08 21:45:00,2.95,3.1014283063133816
2018-07-08 22:00:00,2.84,3.1074730989645745
2018-07-08 22:15:00,2.7,3.1037709133141385
2018-07-08 22:30:00,2.74,3.0771231869318973
2018-07-08 22:45:00,2.7,3.071161880910742
2018-07-08 23:00:00,2.74,3.0688339275569394
2018-07-08 23:15:00,3.28,3.0688339275569394
2018-07-08 23:30:00,2.92,3.067779499263103
2018-07-08 23:45:00,3.31,3.1492075645311712
2018-07-09 00:00:00,2.66,3.0753859152680656
2018-07-09 00:15:00,3.17,3.1584778386380292
2018-07-09 00:30:00,3.02,3.073644905836039
2018-07-09 00:45:00,2.77,3.1574820720314785
2018-07-09 01:00:00,2.74,3.125370620617443
2018-07-09 01:15:00,2.74,3.08181889407641
2018-07-09 01:30:00,2.77,3.078146059236448
2018-07-09 01:45:00,2.7,3.06887578512959
2018-07-09 02:00:00,2.77,3.067779499263103
2018-07-09 02:15:00,2.74,3.067779499263103
2018-07-09 02:30:00,2.74,3.067779499263103
2018-07-09 02:45:00,2.77,3.068910771469271
2018-07-09 03:00:00,2.74,3.067779499263103
2018-07-09 03:15:00,2.77,3.067779499263103
2018-07-09 03:30:00,2.81,3.067779499263103
2018-07-09 03:45:00,2.74,3.067779499263103
2018-07-09 04:00:00,3.24,3.067779499263103
2018-07-09 04:15:00,3.02,3.067779499263103
2018-07-09 04:30:00,2.99,3.1492075645311712
2018-07-09 04:45:00,3.13,3.1231430625447882
2018-07-09 05:00:00,2.7,3.1167998842910385
2018-07-09 05:15:00,2.7,3.1633474786044142
2018-07-09 05:30:00,2.7,3.0795076515053057
2018-07-09 05:45:00,2.7,3.078146059236448
2018-07-09 06:00:00,2.7,3.06887578512959
2018-07-09 06:15:00,2.66,3.067779499263103
2018-07-09 06:30:00,2.66,3.068910771469271
2018-07-09 06:45:00,2.66,3.0779805491076555
2018-07-09 07:00:00,2.74,3.067779499263103
2018-07-09 07:15:00,2.99,3.2758583990120895
2018-07-09 07:30:00,3.42,3.8928087684385217
2018-07-09 07:45:00,4.72,4.266220526828994
2018-07-09 08:00:00,17.39,31.597034326392876
2018-07-09 08:15:00,53.6,43.15546718699014
2018-07-09 08:30:00,57.71,48.69627961344356
2018-07-09 08:45:00,60.95,64.98184346612666
2018-07-09 09:00:00,50.98,59.161017952330624
2018-07-09 09:15:00,50.62,59.443128392564375
2018-07-09 09:30:00,53.39,59.35450691722777
2018-07-09 09:45:00,59.8,59.23650600357399
2018-07-09 10:00:00,69.23,59.20919559847373
2018-07-09 10:15:00,53.42,59.36605737666301
2018-07-09 10:30:00,56.3,65.91717878921452
2018-07-09 10:45:00,48.42,59.84639540607935
2018-07-09 11:00:00,55.69,60.05675520585293
2018-07-09 11:15:00,69.62,56.53434663868218
2018-07-09 11:30:00,50.69,59.65237923560457
2018-07-09 11:45:00,53.06,61.81771128395411
2018-07-09 12:00:00,16.16,8.187225034461504
2018-07-09 12:15:00,6.34,5.424355472547422
2018-07-09 12:30:00,5.44,6.353859081747655
2018-07-09 12:45:00,6.12,5.605239934183072
2018-07-09 13:00:00,34.52,37.469924560648344
2018-07-09 13:15:00,49.57,53.734208574407496
2018-07-09 13:30:00,46.66,59.9717233516677
2018-07-09 13:45:00,48.49,59.41501928376263
2018-07-09 14:00:00,50.47,53.837169274374375
2018-07-09 14:15:00,48.64,56.018995366248326
2018-07-09 14:30:00,52.92,59.28024321433402
2018-07-09 14:45:00,52.02,56.07403228099114
2018-07-09 15:00:00,50.0,59.355057060563304
2018-07-09 15:15:00,47.45,59.35239720471307
2018-07-09 15:30:00,52.52,59.36916679440288
2018-07-09 15:45:00,66.24,55.99726512001523
2018-07-09 16:00:00,58.54,59.295483168879
2018-07-09 16:15:00,54.25,64.8715828582844
2018-07-09 16:30:00,59.11,59.319269755846875
2018-07-09 16:45:00,67.43,59.41955497738341
2018-07-09 17:00:00,57.24,59.74095645789816
2018-07-09 17:15:00,57.64,64.85144586132628
2018-07-09 17:30:00,28.04,46.73127834164536
2018-07-09 17:45:00,27.72,33.294180844619994
2018-07-09 18:00:00,32.87,23.789330434812886
2018-07-09 18:15:00,42.66,40.34928465383562
2018-07-09 18:30:00,45.25,41.15961795748346
2018-07-09 18:45:00,48.82,40.8539569155573
2018-07-09 19:00:00,48.38,46.94551845736251
2018-07-09 19:15:00,61.2,53.06057416472102
2018-07-09 19:30:00,58.82,53.07741160238862
2018-07-09 19:45:00,48.1,57.586571709614184
2018-07-09 20:00:00,47.02,57.5598649668078
2018-07-09 20:15:00,42.05,54.96014230901519
2018-07-09 20:30:00,60.16,54.14679131029736
2018-07-09 20:45:00,38.45,23.90439164172965
2018-07-09 21:00:00,5.04,12.70318849766737
2018-07-09 21:15:00,3.92,10.868916439310288
2018-07-09 21:30:00,3.82,6.710613702212368
2018-07-09 21:45:00,3.78,4.177298645593645
2018-07-09 22:00:00,3.67,4.167938833443208
2018-07-09 22:15:00,3.49,3.992301014095602
2018-07-09 22:30:00,3.46,3.658169920321684
2018-07-09 22:45:00,3.46,3.574719956610319
2018-07-09 23:00:00,3.35,3.5441440729318456
2018-07-09 23:15:00,3.35,3.4711489963123734
2018-07-09 23:30:00,3.31,3.1994174759774796
2018-07-09 23:45:00,3.24,3.194916476096086
2018-07-10 00:00:00,3.42,3.1812053500766875
2018-07-10 00:15:00,3.49,3.167271695013086
2018-07-10 00:30:00,3.38,3.2222382489863617
2018-07-10 00:45:00,3.35,3.2261160155200956
2018-07-10 01:00:00,2.99,3.2365271158441202
2018-07-10 01:15:00,2.84,3.1937852038899184
2018-07-10 01:30:00,2.81,3.1202864006838387
2018-07-10 01:45:00,3.42,3.0839696082367327
2018-07-10 02:00:00,3.24,3.075792959092693
2018-07-10 02:15:00,2.92,3.199504278900178
2018-07-10 02:30:00,2.88,3.155031113531456
2018-07-10 02:45:00,2.88,3.0857106176687608
2018-07-10 03:00:00,2.84,3.0792004875302843
2018-07-10 03:15:00,2.95,3.0699302134234263
2018-07-10 03:30:00,2.84,3.0688339275569394
2018-07-10 03:45:00,2.84,3.0967156968265384
2018-07-10 04:00:00,2.88,3.0702060129687943
2018-07-10 04:15:00,2.88,3.0690111667504194
2018-07-10 04:30:00,2.95,3.067779499263103
2018-07-10 04:45:00,2.99,3.067779499263103
2018-07-10 05:00:00,3.31,3.0967156968265384
2018-07-10 05:15:00,2.84,3.105187003183423
2018-07-10 05:30:00,2.84,3.1552083527249355
2018-07-10 05:45:00,2.81,3.078411365638819
2018-07-10 06:00:00,2.88,3.078146059236448
2018-07-10 06:15:00,2.84,3.06887578512959
2018-07-10 06:30:00,2.84,3.067779499263103
2018-07-10 06:45:00,2.88,3.067779499263103
2018-07-10 07:00:00,2.95,3.067779499263103
2018-07-10 07:15:00,3.24,3.278703271965055
2018-07-10 07:30:00,3.67,3.9066575365467218
2018-07-10 07:45:00,5.76,4.283231723472286
2018-07-10 08:00:00,39.56,32.70570027761908
2018-07-10 08:15:00,49.54,47.30404884964994
2018-07-10 08:30:00,53.6,61.75941445289758
2018-07-10 08:45:00,70.13,59.19554246681364
2018-07-10 09:00:00,59.76,59.134980161379026
2018-07-10 09:15:00,71.93,67.39865792876259
2018-07-10 09:30:00,61.63,59.659177207646756
2018-07-10 09:45:00,55.73,69.09845459424405
2018-07-10 10:00:00,55.48,60.83892272080462
2018-07-10 10:15:00,54.97,60.5245498316239
2018-07-10 10:30:00,50.94,60.085548175346865
2018-07-10 10:45:00,67.86,59.435842482131214
2018-07-10 11:00:00,63.83,59.36020688256147
2018-07-10 11:15:00,71.86,65.40096766970056
2018-07-10 11:30:00,55.84,60.79029665893832
2018-07-10 11:45:00,50.65,66.7583927982639
2018-07-10 12:00:00,4.07,11.958648618295545
2018-07-10 12:15:00,4.0,5.930209295251311
2018-07-10 12:30:00,4.03,4.982860299392471
2018-07-10 12:45:00,4.25,4.982286464422942
2018-07-10 13:00:00,36.25,41.125935936704636
2018-07-10 13:15:00,64.8,52.753110236711336
2018-07-10 13:30:00,55.58,56.94654160991809
2018-07-10 13:45:00,52.2,64.01637808660358
2018-07-10 14:00:00,54.83,58.97393588341502
2018-07-10 14:15:00,64.08,59.26721081522481
2018-07-10 14:30:00,56.88,59.338680782717454
2018-07-10 14:45:00,47.7,60.50297942429692
2018-07-10 15:00:00,86.22,59.32953231073909
2018-07-10 15:15:00,113.29,56.5018359077485
2018-07-10 15:30:00,99.0,75.03009541387073
2018-07-10 15:45:00,118.91,92.64773713884877
2018-07-10 16:00:00,89.14,94.1652184083987
2018-07-10 16:15:00,92.74,96.62217511154854
2018-07-10 16:30:00,110.41,89.54092555967789
2018-07-10 16:45:00,95.11,87.07180202234069
2018-07-10 17:00:00,101.52,93.9636177909546
2018-07-10 17:15:00,82.8,94.92823839345989
2018-07-10 17:30:00,47.12,51.80930667583338
2018-07-10 17:45:00,29.02,46.18718704772893
2018-07-10 18:00:00,49.79,57.88233968437676
2018-07-10 18:15:00,79.56,47.09558854754095
2018-07-10 18:30:00,86.18,64.5816083474624
2018-07-10 18:45:00,108.58,77.47308482946977
2018-07-10 19:00:00,80.53,77.78491505258815
2018-07-10 19:15:00,49.68,92.52567065276502
2018-07-10 19:30:00,78.91,89.01995297110643
2018-07-10 19:45:00,74.59,68.00049303644668
2018-07-10 20:00:00,82.08,74.22822730656851
2018-07-10 20:15:00,44.75,73.20241812789197
2018-07-10 20:30:00,41.65,70.23328331836596
2018-07-10 20:45:00,28.33,59.34331145622281
2018-07-10 21:00:00,13.46,14.72114792484287
2018-07-10 21:15:00,3.67,12.184151642756687
2018-07-10 21:30:00,3.82,6.32331382976727
2018-07-10 21:45:00,3.64,4.218036297084957
2018-07-10 22:00:00,3.6,4.167938833443208
2018-07-10 22:15:00,3.38,4.061963866484205
2018-07-10 22:30:00,3.35,3.637153463768617
2018-07-10 22:45:00,3.31,3.5222846466818734
2018-07-10 23:00:00,3.31,3.2308908784886006
2018-07-10 23:15:00,3.28,3.194916476096086
2018-07-10 23:30:00,3.28,3.1707089808371585
2018-07-10 23:45:00,3.06,3.170116567966052
2018-07-11 00:00:00,3.28,3.167271695013086
2018-07-11 00:15:00,3.38,3.16370045808105
2018-07-11 00:30:00,3.31,3.165935892780609
2018-07-11 00:45:00,3.46,3.2197277053421476
2018-07-11 01:00:00,3.35,3.165935892780609
2018-07-11 01:15:00,2.77,3.2245834111587417
2018-07-11 01:30:00,2.74,3.18066713080088
2018-07-11 01:45:00,2.77,3.0839696082367327
2018-07-11 02:00:00,2.74,3.0792004875302843
2018-07-11 02:15:00,2.74,3.0699302134234263
2018-07-11 02:30:00,2.81,3.0688339275569394
2018-07-11 02:45:00,2.77,3.067779499263103
2018-07-11 03:00:00,2.77,3.067779499263103
2018-07-11 03:15:00,2.84,3.067779499263103
2018-07-11 03:30:00,2.77,3.067779499263103
2018-07-11 03:45:00,2.77,3.067779499263103
2018-07-11 04:00:00,2.88,3.067779499263103
2018-07-11 04:15:00,3.24,3.067779499263103
2018-07-11 04:30:00,2.77,3.068910771469271
2018-07-11 04:45:00,2.81,3.1492075645311712
2018-07-11 05:00:00,2.77,3.0725486199695506
2018-07-11 05:15:00,2.77,3.0770497733699615
2018-07-11 05:30:00,2.77,3.06887578512959
2018-07-11 05:45:00,2.74,3.067779499263103
2018-07-11 06:00:00,2.74,3.067779499263103
2018-07-11 06:15:00,2.99,3.067779499263103
2018-07-11 06:30:00,3.35,3.067779499263103
2018-07-11 06:45:00,2.84,3.103891761683899
2018-07-11 07:00:00,2.81,3.1539766852376196
2018-07-11 07:15:00,2.92,3.3025689539938368
2018-07-11 07:30:00,3.13,4.49263529731745
2018-07-11 07:45:00,3.2,6.422179106434651
2018-07-11 08:00:00,18.14,31.30068555270753
2018-07-11 08:15:00,111.2,49.69264581238917
2018-07-11 08:30:00,76.54,50.66758484963768
2018-07-11 08:45:00,55.51,93.88590986839289
2018-07-11 09:00:00,62.14,84.55621657106168
2018-07-11 09:15:00,53.35,63.26657901605627
2018-07-11 09:30:00,64.48,63.30862648509265
2018-07-11 09:45:00,53.93,62.020736660397255
2018-07-11 10:00:00,60.88,63.42253575637447
2018-07-11 10:15:00,66.71,60.964152516659624
2018-07-11 10:30:00,56.84,61.31199470648981
2018-07-11 10:45:00,62.53,66.17071582521585
2018-07-11 11:00:00,60.8,61.298135169141645
2018-07-11 11:15:00,68.18,61.96571421853862
2018-07-11 11:30:00,60.98,61.66951602283884
2018-07-11 11:45:00,59.83,63.94834904241409
2018-07-11 12:00:00,7.27,9.132102045114724
2018-07-11 12:15:00,4.61,5.455949549207008
2018-07-11 12:30:00,4.64,6.27401272610425
2018-07-11 12:45:00,4.54,5.109634147772563
2018-07-11 13:00:00,42.88,38.824343271377536
2018-07-11 13:15:00,58.14,43.34516016094368
2018-07-11 13:30:00,63.32,59.570360778198065
2018-07-11 13:45:00,51.01,63.52242577629568
2018-07-11 14:00:00,45.72,62.600939337864276
2018-07-11 14:15:00,43.42,60.090874823601645
2018-07-11 14:30:00,47.63,51.21249931899184
2018-07-11 14:45:00,48.74,45.15647558438663
2018-07-11 15:00:00,39.71,54.25108082071207
2018-07-11 15:15:00,38.84,55.36317594200486
2018-07-11 15:30:00,38.92,41.29308376770915
2018-07-11 15:45:00,46.55,43.337161955923776
2018-07-11 16:00:00,49.46,41.34869745419286
2018-07-11 16:15:00,49.93,50.99598403153375
2018-07-11 16:30:00,49.28,58.71502212328804
2018-07-11 16:45:00,42.84,59.14685043944928
2018-07-11 17:00:00,43.34,57.795240893754844
2018-07-11 17:15:00,39.38,43.655350665404846
2018-07-11 17:30:00,33.08,43.439329434717784
2018-07-11 17:45:00,28.87,40.74329741881233
2018-07-11 18:00:00,29.88,39.20060280817212
2018-07-11 18:15:00,35.71,38.01719290317966
2018-07-11 18:30:00,43.92,38.221992620141066
2018-07-11 18:45:00,44.03,39.21032727972576
2018-07-11 19:00:00,46.48,42.92117461027742
2018-07-11 19:15:00,45.32,43.020459528373614
2018-07-11 19:30:00,38.02,47.57307112305191
2018-07-11 19:45:00,36.4,45.918405740714306
2018-07-11 20:00:00,38.34,40.982380197491864
2018-07-11 20:15:00,56.41,40.096870765381816
2018-07-11 20:30:00,27.97,38.63969967670444
2018-07-11 20:45:00,7.27,45.14692625021698
2018-07-11 21:00:00,5.4,11.62121098190023
2018-07-11 21:15:00,3.74,5.958314815411897
2018-07-11 21:30:00,3.78,4.71407328388305
2018-07-11 21:45:00,3.82,4.067375501555661
2018-07-11 22:00:00,3.64,4.070693629630034
2018-07-11 22:15:00,3.53,4.082025232806347
2018-07-11 22:30:00,3.53,3.6511667385231528
2018-07-11 22:45:00,3.42,3.6010604391944683
2018-07-11 23:00:00,2.88,3.5915742982635885
2018-07-11 23:15:00,2.88,3.4492895700623993
2018-07-11 23:30:00,2.92,3.09461895797139
2018-07-11 23:45:00,2.74,3.0865304592370997
2018-07-12 00:00:00,3.49,3.077429880433836
2018-07-12 00:15:00,2.99,3.073496299268834
2018-07-12 00:30:00,2.92,3.203460752456186
2018-07-12 00:45:00,2.99,3.1091222577538233
2018-07-12 01:00:00,2.99,3.08752811642769
2018-07-12 01:15:00,2.95,3.1107739493073217
2018-07-12 01:30:00,2.95,3.112525197297469
2018-07-12 01:45:00,2.95,3.1084019914960894
2018-07-12 02:00:00,2.99,3.10715567036182
2018-07-12 02:15:00,3.02,3.1014701638860327
2018-07-12 02:30:00,2.99,3.1064186706707386
2018-07-12 02:45:00,3.02,3.124374730032104
2018-07-12 03:00:00,2.99,3.113392355853447
2018-07-12 03:15:00,3.49,3.1335096225181336
2018-07-12 03:30:00,3.13,3.1144886417199342
2018-07-12 03:45:00,3.06,3.2124892454196488
2018-07-12 04:00:00,2.99,3.1599399501668226
2018-07-12 04:15:00,2.92,3.162107810511406
2018-07-12 04:30:00,2.92,3.1178961701575254
2018-07-12 04:45:00,3.28,3.085752475241412
2018-07-12 05:00:00,3.49,3.077575826097372
2018-07-12 05:15:00,2.99,3.153148723350624
2018-07-12 05:30:00,2.92,3.2021226854463034
2018-07-12 05:45:00,2.99,3.1167998842910385
2018-07-12 06:00:00,2.95,3.085752475241412
2018-07-12 06:15:00,2.92,3.1152319939613715
2018-07-12 06:30:00,2.92,3.102581103399474
2018-07-12 06:45:00,2.99,3.078906053936576
2018-07-12 07:00:00,3.02,3.072944747915421
2018-07-12 07:15:00,3.31,3.2979066526707475
2018-07-12 07:30:00,3.82,3.9163211563324647
2018-07-12 07:45:00,4.1,4.291914225803142
2018-07-12 08:00:00,37.04,33.56920365304022
2018-07-12 08:15:00,63.14,67.23033106725654
2018-07-12 08:30:00,66.49,59.172587603379974
2018-07-12 08:45:00,61.42,61.25481370025611
2018-07-12 09:00:00,67.61,66.03960794487458
2018-07-12 09:15:00,59.8,59.73674479800922
2018-07-12 09:30:00,70.13,65.69794296407241
2018-07-12 09:45:00,53.96,60.717477071263126
2018-07-12 10:00:00,63.86,67.62557084956343
2018-07-12 10:15:00,68.4,60.55756131745209
2018-07-12 10:30:00,57.42,61.36950543500867
2018-07-12 10:45:00,75.74,65.71835901846164
2018-07-12 11:00:00,58.82,60.32796567768324
2018-07-12 11:15:00,54.61,71.93300622342143
2018-07-12 11:30:00,68.26,60.78083611362756
2018-07-12 11:45:00,49.5,60.28916785634059
2018-07-12 12:00:00,4.36,9.816133842610228
2018-07-12 12:15:00,4.36,5.347572682234744
2018-07-12 12:30:00,4.39,5.0695649396338425
2018-07-12 12:45:00,4.61,5.196940262584263
2018-07-12 13:00:00,4.97,51.65811774326569
2018-07-12 13:15:00,6.48,53.04633268810313
2018-07-12 13:30:00,5.22,46.20339121467142
2018-07-12 13:45:00,4.75,30.817026177697873
2018-07-12 14:00:00,39.53,30.31387199330269
2018-07-12 14:15:00,67.07,18.046951663423226
2018-07-12 14:30:00,45.22,59.34186369054991
2018-07-12 14:45:00,47.45,68.64293472481337
2018-07-12 15:00:00,54.86,51.70143822845931
2018-07-12 15:15:00,54.54,56.51694704841815
2018-07-12 15:30:00,48.13,59.169469045050285
2018-07-12 15:45:00,51.73,59.284356633238986
2018-07-12 16:00:00,57.46,55.885736051959384
2018-07-12 16:15:00,61.38,59.10608891563927
2018-07-12 16:30:00,48.92,59.06940921874846
2018-07-12 16:45:00,49.97,59.37553748613231
2018-07-12 17:00:00,62.93,56.39177698406439
2018-07-12 17:15:00,56.02,57.8288348374954
2018-07-12 17:30:00,31.86,35.818769308395815
2018-07-12 17:45:00,30.82,33.444933855771325
2018-07-12 18:00:00,51.95,45.44503072798795
2018-07-12 18:15:00,58.9,48.14247422636163
2018-07-12 18:30:00,56.92,61.149312918484
2018-07-12 18:45:00,58.72,57.898129543387604
2018-07-12 19:00:00,49.39,57.90059499558909
2018-07-12 19:15:00,46.87,58.11126064926209
2018-07-12 19:30:00,47.27,57.1677120468711
2018-07-12 19:45:00,44.1,53.244958503417195
2018-07-12 20:00:00,48.89,53.28564624647683
2018-07-12 20:15:00,73.84,45.72826500861893
2018-07-12 20:30:00,49.32,52.80402901085945
2018-07-12 20:45:00,19.04,50.47430810983127
2018-07-12 21:00:00,7.99,11.707726821515426
2018-07-12 21:15:00,4.03,5.653530829280625
2018-07-12 21:30:00,3.64,5.76385809506881
2018-07-12 21:45:00,3.56,4.246304541397879
2018-07-12 22:00:00,3.53,4.061963866484205
2018-07-12 22:15:00,3.71,4.037957347145206
2018-07-12 22:30:00,4.39,3.5961672612782123
2018-07-12 22:45:00,3.82,3.6378633254147354
2018-07-12 23:00:00,2.95,4.007042930756128
2018-07-12 23:15:00,2.66,3.7984544943638308
2018-07-12 23:30:00,2.7,3.4281974086749893
2018-07-12 23:45:00,2.59,3.1325783189772225
2018-07-13 00:00:00,2.66,3.0784918526175575
2018-07-13 00:15:00,2.81,3.0706514263158677
2018-07-13 00:30:00,2.74,3.0706514263158677
2018-07-13 00:45:00,2.77,3.0706514263158677
2018-07-13 01:00:00,2.81,3.0706514263158677
2018-07-13 01:15:00,2.81,3.0688339275569394
2018-07-13 01:30:00,2.74,3.0688339275569394
2018-07-13 01:45:00,2.81,3.067779499263103
2018-07-13 02:00:00,2.77,3.067779499263103
2018-07-13 02:15:00,2.74,3.067779499263103
2018-07-13 02:30:00,2.77,3.067779499263103
2018-07-13 02:45:00,3.2,3.067779499263103
2018-07-13 03:00:00,3.2,3.067779499263103
2018-07-13 03:15:00,2.81,3.1482117979246205
2018-07-13 03:30:00,2.84,3.1529809186310684
2018-07-13 03:45:00,2.88,3.08181889407641
2018-07-13 04:00:00,2.84,3.078146059236448
2018-07-13 04:15:00,2.84,3.071720658082556
2018-07-13 04:30:00,3.17,3.070624372216069
2018-07-13 04:45:00,3.28,3.079996891913833
2018-07-13 05:00:00,2.84,3.1482117979246205
2018-07-13 05:15:00,2.84,3.1539766852376196
2018-07-13 05:30:00,2.81,3.08181889407641
2018-07-13 05:45:00,2.84,3.078146059236448
2018-07-13 06:00:00,2.77,3.06887578512959
2018-07-13 06:15:00,2.74,3.067779499263103
2018-07-13 06:30:00,2.81,3.067779499263103
2018-07-13 06:45:00,2.77,3.067779499263103
2018-07-13 07:00:00,2.81,3.067779499263103
2018-07-13 07:15:00,3.2,3.260549415148114
2018-07-13 07:30:00,3.38,3.823136348619064
2018-07-13 07:45:00,3.67,4.149082426377312
2018-07-13 08:00:00,29.95,50.55254573514366
2018-07-13 08:15:00,39.06,67.25950910233817
2018-07-13 08:30:00,46.91,57.126254030928585
2018-07-13 08:45:00,48.42,41.697236787354186
2018-07-13 09:00:00,49.07,54.377565175398296
2018-07-13 09:15:00,60.91,55.82184774676203
2018-07-13 09:30:00,65.52,57.148098893235364
2018-07-13 09:45:00,56.66,59.38798525740262
2018-07-13 10:00:00,55.19,64.17324436530106
2018-07-13 10:15:00,61.56,59.45425587361758
2018-07-13 10:30:00,51.01,59.96973370249985
2018-07-13 10:45:00,53.03,60.28116261017483
2018-07-13 11:00:00,57.78,59.4709500503484
2018-07-13 11:15:00,56.74,59.24830841355686
2018-07-13 11:30:00,47.45,59.27494135436005
2018-07-13 11:45:00,46.33,58.75368695079781
2018-07-13 12:00:00,6.73,6.484491241558286
2018-07-13 12:15:00,4.57,5.26636538202888
2018-07-13 12:30:00,4.86,6.028296897320773
2018-07-13 12:45:00,5.72,5.076412383055913
2018-07-13 13:00:00,34.78,49.48571918864238
2018-07-13 13:15:00,52.42,52.48088952570453
2018-07-13 13:30:00,58.75,62.56964459744927
2018-07-13 13:45:00,48.24,59.27006931595933
2018-07-13 14:00:00,51.84,59.18028205087492
2018-07-13 14:15:00,61.85,56.43956346005663
2018-07-13 14:30:00,47.27,59.19069674804083
2018-07-13 14:45:00,48.74,59.61714198214437
2018-07-13 15:00:00,53.24,55.41527342685332
2018-07-13 15:15:00,54.72,56.5796299244031
2018-07-13 15:30:00,57.31,59.084629300295454
2018-07-13 15:45:00,46.62,59.19305327083046
2018-07-13 16:00:00,48.35,59.22437431767108
2018-07-13 16:15:00,49.5,54.56093075164819
2018-07-13 16:30:00,54.83,56.15450064349442
2018-07-13 16:45:00,57.13,58.93123452743937
2018-07-13 17:00:00,58.14,58.809101570308464
2018-07-13 17:15:00,54.94,57.8798933754746
2018-07-13 17:30:00,30.89,32.36893082220961
2018-07-13 17:45:00,31.1,31.74038562927899
2018-07-13 18:00:00,34.88,47.06480903678779
2018-07-13 18:15:00,59.94,47.53517304375764
2018-07-13 18:30:00,57.56,41.82227662402029
2018-07-13 18:45:00,48.89,58.15816181286102
2018-07-13 19:00:00,46.87,57.89600255073556
2018-07-13 19:15:00,62.6,55.38397859191016
2018-07-13 19:30:00,55.44,53.739849349789694
2018-07-13 19:45:00,65.66,58.85595751928604
2018-07-13 20:00:00,57.6,57.85574020883931
2018-07-13 20:15:00,61.85,63.49012524176818
2018-07-13 20:30:00,46.84,57.97994153376234
2018-07-13 20:45:00,27.22,51.41916429797871
2018-07-13 21:00:00,20.45,12.101300711542253
2018-07-13 21:15:00,3.89,6.0100519066950975
2018-07-13 21:30:00,3.82,5.844741554029233
2018-07-13 21:45:00,3.78,4.198232505063208
2018-07-13 22:00:00,3.74,4.167938833443208
2018-07-13 22:15:00,4.54,4.070693629630034
2018-07-13 22:30:00,3.67,3.6760795711397467
2018-07-13 22:45:00,3.2,4.05573498125295
2018-07-13 23:00:00,2.7,3.7143724621553815
2018-07-13 23:15:00,2.74,3.4504419387424843
2018-07-13 23:30:00,2.66,3.331336346215338
2018-07-13 23:45:00,2.77,3.0810179862892135
2018-07-14 00:00:00,2.56,3.0728789843885234
2018-07-14 00:15:00,2.63,3.0706514263158677
2018-07-14 00:30:00,2.63,3.0706514263158677
2018-07-14 00:45:00,2.74,3.0706514263158677
2018-07-14 01:00:00,2.66,3.0706514263158677
2018-07-14 01:15:00,2.63,3.0706514263158677
2018-07-14 01:30:00,2.66,3.0790349774014913
2018-07-14 01:45:00,2.7,3.067779499263103
2018-07-14 02:00:00,2.66,3.067779499263103
2018-07-14 02:15:00,2.74,3.067779499263103
2018-07-14 02:30:00,2.88,3.067779499263103
2018-07-14 02:45:00,3.24,3.067779499263103
2018-07-14 03:00:00,2.77,3.067779499263103
2018-07-14 03:15:00,2.84,3.1492075645311712
2018-07-14 03:30:00,3.31,3.0725486199695506
2018-07-14 03:45:00,3.06,3.0770497733699615
2018-07-14 04:00:00,2.74,3.150303850397658
2018-07-14 04:15:00,2.74,3.1545861234910264
2018-07-14 04:30:00,2.74,3.082950166282578
2018-07-14 04:45:00,2.74,3.078146059236448
2018-07-14 05:00:00,2.74,3.06887578512959
2018-07-14 05:15:00,2.84,3.067779499263103
2018-07-14 05:30:00,2.7,3.067779499263103
2018-07-14 05:45:00,2.7,3.067779499263103
2018-07-14 06:00:00,2.7,3.067779499263103
2018-07-14 06:15:00,2.7,3.067779499263103
2018-07-14 06:30:00,2.7,3.067779499263103
2018-07-14 06:45:00,2.7,3.067779499263103
2018-07-14 07:00:00,2.66,3.067779499263103
2018-07-14 07:15:00,2.77,3.194442625547505
2018-07-14 07:30:00,3.74,3.499500355349137
2018-07-14 07:45:00,3.92,3.70535754872364
2018-07-14 08:00:00,22.5,29.393735642426208
2018-07-14 08:15:00,35.89,72.59035874063945
2018-07-14 08:30:00,38.63,50.05783782154696
2018-07-14 08:45:00,37.33,45.401196520222264
2018-07-14 09:00:00,37.76,41.54081715875135
2018-07-14 09:15:00,37.73,41.419970456059765
2018-07-14 09:30:00,37.08,41.22415306373953
2018-07-14 09:45:00,39.13,40.48670691591722
2018-07-14 10:00:00,37.84,40.48670691591722
2018-07-14 10:15:00,38.3,40.72094313690427
2018-07-14 10:30:00,36.04,40.48670691591722
2018-07-14 10:45:00,37.48,39.92314035208035
2018-07-14 11:00:00,38.05,40.35552625980769
2018-07-14 11:15:00,35.68,40.46266631549416
2018-07-14 11:30:00,38.16,40.48670691591722
2018-07-14 11:45:00,24.59,38.81520706760982
2018-07-14 12:00:00,3.71,10.197584887683211
2018-07-14 12:15:00,4.32,8.286044317340576
2018-07-14 12:30:00,3.89,5.471034844704201
2018-07-14 12:45:00,3.42,5.43963134985593
2018-07-14 13:00:00,22.03,26.223296992029415
2018-07-14 13:15:00,36.76,20.94192840945792
2018-07-14 13:30:00,34.96,46.06516993925665
2018-07-14 13:45:00,36.83,42.8412519262034
2018-07-14 14:00:00,35.86,39.199492263476344
2018-07-14 14:15:00,33.84,39.3136403242102
2018-07-14 14:30:00,70.2,39.083406401662494
2018-07-14 14:45:00,77.18,38.75202356092267
2018-07-14 15:00:00,73.26,71.56476045407945
2018-07-14 15:15:00,76.28,75.14293589369119
2018-07-14 15:30:00,84.28,73.09868308145366
2018-07-14 15:45:00,61.56,73.25240068808971
2018-07-14 16:00:00,57.46,74.990093038721
2018-07-14 16:15:00,84.49,62.35754358242948
2018-07-14 16:30:00,71.96,61.851058895760964
2018-07-14 16:45:00,40.1,71.8690495786401
2018-07-14 17:00:00,25.99,68.2406167533081
2018-07-14 17:15:00,24.84,37.03986815436995
2018-07-14 17:30:00,26.1,20.90936769541167
2018-07-14 17:45:00,24.3,22.116408740703946
2018-07-14 18:00:00,5.47,22.18682300596983
2018-07-14 18:15:00,2.99,21.431377390770002
2018-07-14 18:30:00,2.88,4.815862562883602
2018-07-14 18:45:00,2.95,5.00944864656734
2018-07-14 19:00:00,2.92,4.954785604131445
2018-07-14 19:15:00,3.28,3.4459979953395936
2018-07-14 19:30:00,3.31,3.0907220729625893
2018-07-14 19:45:00,2.92,3.1613612306224406
2018-07-14 20:00:00,2.92,3.163767411635405
2018-07-14 20:15:00,2.95,3.095726195255831
2018-07-14 20:30:00,2.92,3.0920533604158704
2018-07-14 20:45:00,2.99,3.1076027090908105
2018-07-14 21:00:00,2.99,3.0841133141482153
2018-07-14 21:15:00,3.02,3.108349661954648
2018-07-14 21:30:00,3.56,3.1118871151737806
2018-07-14 21:45:00,3.64,3.133363313203656
2018-07-14 22:00:00,3.06,3.23329605286429
2018-07-14 22:15:00,2.92,3.238965162667711
2018-07-14 22:30:00,2.81,3.1634436127438836
2018-07-14 22:45:00,2.81,3.0870882774738884
2018-07-14 23:00:00,2.77,3.078146059236448
2018-07-14 23:15:00,2.81,3.06887578512959
2018-07-14 23:30:00,2.77,3.067779499263103
2018-07-14 23:45:00,2.92,3.067779499263103
2018-07-15 00:00:00,2.84,3.067779499263103
2018-07-15 00:15:00,2.84,3.070616794561618
2018-07-15 00:30:00,2.84,3.067779499263103
2018-07-15 00:45:00,2.84,3.067779499263103
2018-07-15 01:00:00,3.17,3.067779499263103
2018-07-15 01:15:00,3.38,3.067779499263103
2018-07-15 01:30:00,2.92,3.1482117979246205
2018-07-15 01:45:00,2.84,3.2021226854463034
2018-07-15 02:00:00,2.84,3.084656189374925
2018-07-15 02:15:00,2.88,3.078146059236448
2018-07-15 02:30:00,3.35,3.06887578512959
2018-07-15 02:45:00,3.1,3.067779499263103
2018-07-15 03:00:00,2.95,3.1492075645311712
2018-07-15 03:15:00,2.92,3.1529809186310684
2018-07-15 03:30:00,2.84,3.110755091639845
2018-07-15 03:45:00,2.84,3.083409868240654
2018-07-15 04:00:00,2.81,3.070107452616906
2018-07-15 04:15:00,2.84,3.067779499263103
2018-07-15 04:30:00,2.84,3.068910771469271
2018-07-15 04:45:00,2.92,3.067779499263103
2018-07-15 05:00:00,2.81,3.067779499263103
2018-07-15 05:15:00,2.77,3.070616794561618
2018-07-15 05:30:00,2.81,3.067779499263103
2018-07-15 05:45:00,2.81,3.067779499263103
2018-07-15 06:00:00,2.81,3.067779499263103
2018-07-15 06:15:00,2.81,3.068910771469271
2018-07-15 06:30:00,4.28,3.067779499263103
2018-07-15 06:45:00,3.2,3.067779499263103
2018-07-15 07:00:00,2.74,3.8139506620624024
2018-07-15 07:15:00,2.74,3.246431917495897
2018-07-15 07:30:00,3.67,3.5595775126975933
2018-07-15 07:45:00,8.86,3.794672320553367
2018-07-15 08:00:00,56.88,50.89962267508672
2018-07-15 08:15:00,90.68,75.820600017675
2018-07-15 08:30:00,71.75,79.27765800391488
2018-07-15 08:45:00,111.92,86.54673628506752
2018-07-15 09:00:00,86.65,72.29146754025294
2018-07-15 09:15:00,82.66,91.89475748045287
2018-07-15 09:30:00,101.05,84.02258690328985
2018-07-15 09:45:00,77.62,75.31309578174017
2018-07-15 10:00:00,108.47,88.73583070695136
2018-07-15 10:15:00,98.57,83.32957079439413
2018-07-15 10:30:00,80.46,91.55746413860153
2018-07-15 10:45:00,107.71,95.38155456334478
2018-07-15 11:00:00,78.66,87.63754758966661
2018-07-15 11:15:00,90.14,91.86033756827726
2018-07-15 11:30:00,87.3,87.36366951331253
2018-07-15 11:45:00,35.06,84.85641168825273
2018-07-15 12:00:00,5.58,10.413769109572398
2018-07-15 12:15:00,4.5,6.066413582427758
2018-07-15 12:30:00,4.28,6.930258527102049
2018-07-15 12:45:00,4.18,6.735721005000893
2018-07-15 13:00:00,48.92,89.97745348159572
2018-07-15 13:15:00,97.6,53.111409949321825
2018-07-15 13:30:00,88.88,67.19857319700361
2018-07-15 13:45:00,94.86,90.91505941210706
2018-07-15 14:00:00,99.86,85.37250540737556
2018-07-15 14:15:00,88.34,87.468869523491
2018-07-15 14:30:00,95.72,93.49042122710755
2018-07-15 14:45:00,99.61,88.29999024220328
2018-07-15 15:00:00,85.93,87.83383475516592
2018-07-15 15:15:00,96.91,92.816044718672
2018-07-15 15:30:00,98.06,87.88236661300535
2018-07-15 15:45:00,88.27,88.29690368731123
2018-07-15 16:00:00,97.85,93.20140724641622
2018-07-15 16:15:00,84.6,88.96826500764168
2018-07-15 16:30:00,91.04,88.50347199221989
2018-07-15 16:45:00,49.54,82.67568249538874
2018-07-15 17:00:00,26.89,81.6251525290364
2018-07-15 17:15:00,26.06,51.475255313806464
2018-07-15 17:30:00,25.56,24.003525609109957
2018-07-15 17:45:00,25.31,22.214443064177303
2018-07-15 18:00:00,37.73,15.27068962941637
2018-07-15 18:15:00,42.05,14.086842964365541
2018-07-15 18:30:00,39.46,37.64682929229613
2018-07-15 18:45:00,44.53,39.58149763906891
2018-07-15 19:00:00,45.79,39.075824210973884
2018-07-15 19:15:00,47.45,37.69333469536459
2018-07-15 19:30:00,44.5,39.86829402954726
2018-07-15 19:45:00,44.71,40.226055841431965
2018-07-15 20:00:00,44.35,37.67710799647451
2018-07-15 20:15:00,44.28,39.801699939686664
2018-07-15 20:30:00,44.03,37.443775019272046
2018-07-15 20:45:00,11.63,24.502730878478765
2018-07-15 21:00:00,6.3,11.60096739702714
2018-07-15 21:15:00,3.78,5.806041166293616
2018-07-15 21:30:00,3.67,5.602061809979782
2018-07-15 21:45:00,3.85,4.226169958555805
2018-07-15 22:00:00,4.72,4.061854546500093
2018-07-15 22:15:00,3.78,4.16041784834078
2018-07-15 22:30:00,3.46,4.056092612725299
2018-07-15 22:45:00,3.49,3.7280084822785136
2018-07-15 23:00:00,2.77,3.617148441844817
2018-07-15 23:15:00,2.84,3.618095738539134
2018-07-15 23:30:00,2.81,3.104372933652838
2018-07-15 23:45:00,2.92,3.0810179862892135
2018-07-16 00:00:00,2.92,3.0717477121823555
2018-07-16 00:15:00,2.92,3.0734887216143822
2018-07-16 00:30:00,2.88,3.0734887216143822
2018-07-16 00:45:00,2.88,3.0734887216143822
2018-07-16 01:00:00,2.88,3.0706514263158677
2018-07-16 01:15:00,2.92,3.0688339275569394
2018-07-16 01:30:00,2.88,3.0688339275569394
2018-07-16 01:45:00,2.95,3.0716712228554544
2018-07-16 02:00:00,2.99,3.0688339275569394
2018-07-16 02:15:00,2.95,3.0967156968265384
2018-07-16 02:30:00,3.42,3.105187003183423
2018-07-16 02:45:00,2.99,3.1027164850203026
2018-07-16 03:00:00,2.92,3.205642824114813
2018-07-16 03:15:00,2.99,3.1098575635379833
2018-07-16 03:30:00,2.88,3.084656189374925
2018-07-16 03:45:00,2.84,3.109719521013486
2018-07-16 04:00:00,3.42,3.073644905836039
2018-07-16 04:15:00,3.06,3.0736422449323704
2018-07-16 04:30:00,2.88,3.198449850606342
2018-07-16 04:45:00,2.92,3.1517412505380604
2018-07-16 05:00:00,2.81,3.08181889407641
2018-07-16 05:15:00,2.77,3.080983354534963
2018-07-16 05:30:00,2.81,3.06887578512959
2018-07-16 05:45:00,2.81,3.067779499263103
2018-07-16 06:00:00,2.92,3.067779499263103
2018-07-16 06:15:00,3.35,3.067779499263103
2018-07-16 06:30:00,2.77,3.073381651981575
2018-07-16 06:45:00,2.77,3.1492075645311712
2018-07-16 07:00:00,2.81,3.0725486199695506
2018-07-16 07:15:00,3.28,3.2851286731189475
2018-07-16 07:30:00,3.6,3.9159818615659123
2018-07-16 07:45:00,5.26,4.298567848221904
2018-07-16 08:00:00,63.25,41.95670058359695
2018-07-16 08:15:00,88.49,65.51857004408434
2018-07-16 08:30:00,94.21,85.2467062893059
2018-07-16 08:45:00,89.21,86.10202469690721
2018-07-16 09:00:00,97.81,88.38880811111197
2018-07-16 09:15:00,94.82,84.86609468128238
2018-07-16 09:30:00,77.9,88.44908410342127
2018-07-16 09:45:00,91.37,92.99974037886945
2018-07-16 10:00:00,101.27,85.64767806119418
2018-07-16 10:15:00,88.42,81.98513416407226
2018-07-16 10:30:00,55.33,89.63933107891371
2018-07-16 10:45:00,66.6,86.06012376374903
2018-07-16 11:00:00,47.92,70.33526627426357
2018-07-16 11:15:00,53.39,68.61322107677442
2018-07-16 11:30:00,75.71,58.52521185432481
2018-07-16 11:45:00,52.6,60.61865053674297
2018-07-16 12:00:00,5.69,11.156999800132482
2018-07-16 12:15:00,5.54,5.502266602984166
2018-07-16 12:30:00,5.36,5.659577636956695
2018-07-16 12:45:00,6.16,5.6402085213050706
2018-07-16 13:00:00,30.92,49.53454543621923
2018-07-16 13:15:00,71.35,55.07592513441496
2018-07-16 13:30:00,52.13,56.94682946876625
2018-07-16 13:45:00,50.47,79.1105434942897
2018-07-16 14:00:00,55.76,60.30760302095922
2018-07-16 14:15:00,62.5,60.45345544550709
2018-07-16 14:30:00,57.6,60.26326574997484
2018-07-16 14:45:00,65.81,60.85753906825003
2018-07-16 15:00:00,66.71,60.11341022435039
2018-07-16 15:15:00,60.05,64.98129540808485
2018-07-16 15:30:00,59.76,65.963397179579
2018-07-16 15:45:00,64.15,61.21778787034771
2018-07-16 16:00:00,67.18,60.83911366119661
2018-07-16 16:15:00,65.3,62.362748769734715
2018-07-16 16:30:00,69.01,65.79425439560983
2018-07-16 16:45:00,67.07,64.09350497002985
2018-07-16 17:00:00,61.38,65.35853230814214
2018-07-16 17:15:00,56.02,64.80801208249254
2018-07-16 17:30:00,29.88,35.71634343816768
2018-07-16 17:45:00,31.21,34.82412969774869
2018-07-16 18:00:00,36.47,39.123694121869214
2018-07-16 18:15:00,46.48,48.12945513123662
2018-07-16 18:30:00,54.5,42.04770705942003
2018-07-16 18:45:00,56.16,50.65577292002099
2018-07-16 19:00:00,63.11,58.00875361172761
2018-07-16 19:15:00,61.85,58.43217190990647
2018-07-16 19:30:00,58.18,60.34546469853565
2018-07-16 19:45:00,55.01,60.0003359412608
2018-07-16 20:00:00,51.05,59.736786238541264
2018-07-16 20:15:00,49.46,58.833393383406445
2018-07-16 20:30:00,44.06,58.44358180145397
2018-07-16 20:45:00,23.0,53.62453941810396
2018-07-16 21:00:00,4.9,11.033145893250127
2018-07-16 21:15:00,4.18,6.009147084112633
2018-07-16 21:30:00,3.82,4.461971442352245
2018-07-16 21:45:00,3.82,4.417140844518291
2018-07-16 22:00:00,3.71,4.181807454998623
2018-07-16 22:15:00,3.64,4.091631856728721
2018-07-16 22:30:00,3.64,3.7070533410202278
2018-07-16 22:45:00,3.53,3.65105741853904
2018-07-16 23:00:00,3.53,3.65105741853904
2018-07-16 23:15:00,3.89,3.591464978279476
2018-07-16 23:30:00,3.46,3.589106645539782
2018-07-16 23:45:00,2.66,3.7516645218127525
2018-07-17 00:00:00,2.95,3.5441440729318456
2018-07-17 00:15:00,2.92,3.1177023047391543
2018-07-17 00:30:00,2.95,3.1098061765756957
2018-07-17 00:45:00,2.95,3.077011521186561
2018-07-17 01:00:00,2.99,3.0995400118834975
2018-07-17 01:15:00,2.99,3.1001966388260653
2018-07-17 01:30:00,3.02,3.1074730989645745
2018-07-17 01:45:00,2.95,3.1109469781714996
2018-07-17 02:00:00,2.99,3.1300602365078913
2018-07-17 02:15:00,2.95,3.1094982773625772
2018-07-17 02:30:00,2.99,3.1166079914506044
2018-07-17 02:45:00,3.49,3.104867199180626
2018-07-17 03:00:00,3.42,3.1110497488526896
2018-07-17 03:15:00,2.92,3.2044506388001066
2018-07-17 03:30:00,2.95,3.20798543111557
2018-07-17 03:45:00,2.88,3.085752475241412
2018-07-17 04:00:00,2.95,3.107082256799884
2018-07-17 04:15:00,2.92,3.071302298835281
2018-07-17 04:30:00,2.95,3.0979473643138546
2018-07-17 04:45:00,3.13,3.073043308267309
2018-07-17 05:00:00,3.49,3.0979473643138546
2018-07-17 05:15:00,2.99,3.150638311630311
2018-07-17 05:30:00,2.92,3.2033543529336193
2018-07-17 05:45:00,2.92,3.1167998842910385
2018-07-17 06:00:00,2.95,3.085752475241412
2018-07-17 06:15:00,2.92,3.077575826097372
2018-07-17 06:30:00,2.88,3.0978119826930253
2018-07-17 06:45:00,2.88,3.073043308267309
2018-07-17 07:00:00,2.99,3.0690111667504194
2018-07-17 07:15:00,3.17,3.2758583990120895
2018-07-17 07:30:00,3.24,3.9066575365467218
2018-07-17 07:45:00,3.49,4.293272888382964
2018-07-17 08:00:00,32.83,35.51640170709477
2018-07-17 08:15:00,47.38,54.056531584627585
2018-07-17 08:30:00,67.75,59.09431486551809
2018-07-17 08:45:00,67.86,56.87100584299252
2018-07-17 09:00:00,58.64,66.92006323347877
2018-07-17 09:15:00,82.3,65.89162700136836
2018-07-17 09:30:00,60.91,60.127055323808925
2018-07-17 09:45:00,66.56,73.65225972253872
2018-07-17 10:00:00,50.0,62.5215907497493
2018-07-17 10:15:00,52.2,66.07107857308421
2018-07-17 10:30:00,49.79,60.8589969350556
2018-07-17 10:45:00,47.38,59.55960270021864
2018-07-17 11:00:00,54.0,59.168045549281906
2018-07-17 11:15:00,66.42,56.12742438568038
2018-07-17 11:30:00,54.72,59.15452573327873
2018-07-17 11:45:00,69.73,61.53272891880488
2018-07-17 12:00:00,8.39,6.278835126212861
2018-07-17 12:15:00,4.86,5.851459141000574
2018-07-17 12:30:00,4.46,6.068626992377985
2018-07-17 12:45:00,4.25,5.176477776290876
2018-07-17 13:00:00,26.46,37.90909008655996
2018-07-17 13:15:00,59.62,54.69509802438949
2018-07-17 13:30:00,80.82,52.49178166493946
2018-07-17 13:45:00,96.62,63.72600901458719
2018-07-17 14:00:00,79.74,77.83857760012623
2018-07-17 14:15:00,104.94,88.75552540433877
2018-07-17 14:30:00,94.54,82.69686907276933
2018-07-17 14:45:00,71.35,90.24703339318857
2018-07-17 15:00:00,71.6,93.82024299715455
2018-07-17 15:15:00,72.97,86.2216742330983
2018-07-17 15:30:00,104.58,74.45044777920708
2018-07-17 15:45:00,78.55,72.38787571320024
2018-07-17 16:00:00,108.4,89.6906134853498
2018-07-17 16:15:00,100.55,82.38639830922526
2018-07-17 16:30:00,88.45,91.28633864008603
2018-07-17 16:45:00,104.26,95.67085755638692
2018-07-17 17:00:00,76.61,90.92762045539848
2018-07-17 17:15:00,60.05,90.42484653090801
2018-07-17 17:30:00,32.44,72.00193989275019
2018-07-17 17:45:00,32.29,50.712710620044284
2018-07-17 18:00:00,45.79,61.142068710554646
2018-07-17 18:15:00,91.04,62.04218179304921
2018-07-17 18:30:00,87.05,56.45662361336639
2018-07-17 18:45:00,60.48,81.54967361433118
2018-07-17 19:00:00,46.8,79.93702590166727
2018-07-17 19:15:00,55.48,64.12372945593215
2018-07-17 19:30:00,44.89,59.66798067529858
2018-07-17 19:45:00,57.17,62.0206008044366
2018-07-17 20:00:00,37.48,51.82187845752324
2018-07-17 20:15:00,55.76,58.75495876484606
2018-07-17 20:30:00,36.47,43.43953822280291
2018-07-17 20:45:00,9.86,29.16563113058846
2018-07-17 21:00:00,6.62,11.964117023108967
2018-07-17 21:15:00,3.78,5.686332370181253
2018-07-17 21:30:00,3.85,5.605249112372806
2018-07-17 21:45:00,3.85,4.226766060230786
2018-07-17 22:00:00,3.74,4.167938833443208
2018-07-17 22:15:00,3.67,4.16041784834078
2018-07-17 22:30:00,3.53,3.6615357270033093
2018-07-17 22:45:00,2.81,3.6534251242816436
2018-07-17 23:00:00,2.74,3.600951119210356
2018-07-17 23:15:00,2.7,3.12988183689423
2018-07-17 23:30:00,2.66,3.0810179862892135
2018-07-17 23:45:00,3.38,3.0717477121823555
2018-07-18 00:00:00,2.7,3.0706514263158677
2018-07-18 00:15:00,2.74,3.2045920246623534
2018-07-18 00:30:00,2.74,3.075420547022316
2018-07-18 00:45:00,2.7,3.0810529726288944
2018-07-18 01:00:00,2.7,3.0717477121823555
2018-07-18 01:15:00,2.7,3.0688339275569394
2018-07-18 01:30:00,2.77,3.067779499263103
2018-07-18 01:45:00,3.24,3.067779499263103
2018-07-18 02:00:00,3.42,3.067779499263103
2018-07-18 02:15:00,2.92,3.1492075645311712
2018-07-18 02:30:00,2.88,3.2021226854463034
2018-07-18 02:45:00,2.88,3.084656189374925
2018-07-18 03:00:00,2.92,3.078146059236448
2018-07-18 03:15:00,2.81,3.06887578512959
2018-07-18 03:30:00,2.88,3.070616794561618
2018-07-18 03:45:00,3.02,3.067779499263103
2018-07-18 04:00:00,3.35,3.067779499263103
2018-07-18 04:15:00,2.84,3.11837394183834
2018-07-18 04:30:00,2.81,3.1539766852376196
2018-07-18 04:45:00,2.77,3.08181889407641
2018-07-18 05:00:00,2.81,3.078146059236448
2018-07-18 05:15:00,2.77,3.06887578512959
2018-07-18 05:30:00,2.74,3.067779499263103
2018-07-18 05:45:00,2.7,3.067779499263103
2018-07-18 06:00:00,2.74,3.067779499263103
2018-07-18 06:15:00,2.74,3.067779499263103
2018-07-18 06:30:00,2.77,3.067779499263103
2018-07-18 06:45:00,2.66,3.067779499263103
2018-07-18 07:00:00,2.66,3.067779499263103
2018-07-18 07:15:00,2.99,3.291937087618122
2018-07-18 07:30:00,3.31,4.397923010961121
2018-07-18 07:45:00,3.82,6.007160886853489
2018-07-18 08:00:00,29.74,34.180298618354975
2018-07-18 08:15:00,43.31,74.44855581374148
2018-07-18 08:30:00,49.68,51.07192129757996
2018-07-18 08:45:00,47.52,45.05280619296456
2018-07-18 09:00:00,55.94,60.25165234724215
2018-07-18 09:15:00,50.11,56.31545846470187
2018-07-18 09:30:00,45.61,60.153269424514875
2018-07-18 09:45:00,50.83,59.99738420445403
2018-07-18 10:00:00,44.75,52.66693224873822
2018-07-18 10:15:00,50.94,60.16283354071813
2018-07-18 10:30:00,64.15,51.63827029898793
2018-07-18 10:45:00,76.1,60.08732773092406
2018-07-18 11:00:00,51.34,62.07302856685729
2018-07-18 11:15:00,51.37,72.80278473828984
2018-07-18 11:30:00,55.04,60.99109810709137
2018-07-18 11:45:00,47.59,60.30536684823512
2018-07-18 12:00:00,29.45,9.13732018592197
2018-07-18 12:15:00,30.92,5.294574219549349
2018-07-18 12:30:00,29.16,16.87215181645883
2018-07-18 12:45:00,29.45,34.58231152895914
2018-07-18 13:00:00,44.89,45.625410558611605
2018-07-18 13:15:00,73.87,48.46231832722677
2018-07-18 13:30:00,59.8,52.67999314987482
2018-07-18 13:45:00,66.96,76.16257319507321
2018-07-18 14:00:00,62.57,59.818727944575194
2018-07-18 14:15:00,54.07,66.04101686500667
2018-07-18 14:30:00,60.48,62.099929774501554
2018-07-18 14:45:00,56.99,61.13516552287134
2018-07-18 15:00:00,48.38,60.045705637903104
2018-07-18 15:15:00,52.49,58.62807565843495
2018-07-18 15:30:00,59.18,54.836312014888065
2018-07-18 15:45:00,60.59,58.82398802135623
2018-07-18 16:00:00,61.96,59.345108254807485
2018-07-18 16:15:00,61.45,59.51333858261712
2018-07-18 16:30:00,61.99,59.994930059363284
2018-07-18 16:45:00,53.17,58.5492832524452
2018-07-18 17:00:00,50.51,58.611682668400356
2018-07-18 17:15:00,60.3,55.758577369918356
2018-07-18 17:30:00,60.34,35.831462446586386
2018-07-18 17:45:00,53.32,34.94430339418216
2018-07-18 18:00:00,5.83,47.460315326818716
2018-07-18 18:15:00,3.78,40.62593341871418
2018-07-18 18:30:00,3.42,6.346410900909722
2018-07-18 18:45:00,3.38,5.173939006449274
2018-07-18 19:00:00,3.42,4.083823034546523
2018-07-18 19:15:00,3.42,4.775286942978678
2018-07-18 19:30:00,3.42,3.419905474502601
2018-07-18 19:45:00,3.28,3.263268529077533
2018-07-18 20:00:00,2.81,3.263268529077533
2018-07-18 20:15:00,2.77,3.808533907328563
2018-07-18 20:30:00,2.77,3.1074314814847406
2018-07-18 20:45:00,2.84,3.101316939014243
2018-07-18 21:00:00,2.92,3.0920466649073846
2018-07-18 21:15:00,2.88,3.0836173335803774
2018-07-18 21:30:00,2.95,3.086454628878892
2018-07-18 21:45:00,3.28,3.0856336763865553
2018-07-18 22:00:00,3.28,3.1038208173440682
2018-07-18 22:15:00,2.81,3.1555333794836646
2018-07-18 22:30:00,2.84,3.1591076539717373
2018-07-18 22:45:00,2.81,3.082950166282578
2018-07-18 23:00:00,2.81,3.078146059236448
2018-07-18 23:15:00,2.7,3.06887578512959
2018-07-18 23:30:00,2.77,3.067779499263103
2018-07-18 23:45:00,3.42,3.067779499263103
2018-07-19 00:00:00,2.99,3.068910771469271
2018-07-19 00:15:00,2.84,3.1973535647398545
2018-07-19 00:30:00,2.77,3.1075296101841796
2018-07-19 00:45:00,2.81,3.08181889407641
2018-07-19 01:00:00,2.81,3.0747385307988573
2018-07-19 01:15:00,3.1,3.06887578512959
2018-07-19 01:30:00,2.95,3.067779499263103
2018-07-19 01:45:00,3.02,3.1482117979246205
2018-07-19 02:00:00,2.99,3.1014848175329863
2018-07-19 02:15:00,2.99,3.1300707296508894
2018-07-19 02:30:00,3.02,3.1098575635379833
2018-07-19 02:45:00,2.92,3.1167998842910385
2018-07-19 03:00:00,2.95,3.130102094080542
2018-07-19 03:15:00,3.46,3.0834762190099885
2018-07-19 03:30:00,3.38,3.107082256799884
2018-07-19 03:45:00,2.74,3.2008763643120335
2018-07-19 04:00:00,2.77,3.2033543529336193
2018-07-19 04:15:00,3.17,3.08181889407641
2018-07-19 04:30:00,2.99,3.078146059236448
2018-07-19 04:45:00,2.81,3.149308083791107
2018-07-19 05:00:00,2.7,3.1086608823903474
2018-07-19 05:15:00,2.7,3.08181889407641
2018-07-19 05:30:00,2.7,3.0747385307988573
2018-07-19 05:45:00,2.7,3.06887578512959
2018-07-19 06:00:00,2.7,3.067779499263103
2018-07-19 06:15:00,2.7,3.067779499263103
2018-07-19 06:30:00,2.59,3.067779499263103
2018-07-19 06:45:00,2.7,3.067779499263103
2018-07-19 07:00:00,2.81,3.067779499263103
2018-07-19 07:15:00,3.24,3.2758583990120895
2018-07-19 07:30:00,3.6,3.91482250843884
2018-07-19 07:45:00,5.33,4.292840194591263
2018-07-19 08:00:00,46.44,31.9258586906692
2018-07-19 08:15:00,52.81,65.18490069977801
2018-07-19 08:30:00,65.27,65.98660583871467
2018-07-19 08:45:00,71.24,59.26943270779693
2018-07-19 09:00:00,72.5,64.23723723295177
2018-07-19 09:15:00,59.58,68.36072766176046
2018-07-19 09:30:00,52.31,70.72649133019411
2018-07-19 09:45:00,47.45,60.63846416847193
2018-07-19 10:00:00,54.5,60.85440710474501
2018-07-19 10:15:00,62.24,56.81545106297569
2018-07-19 10:30:00,54.04,59.34570101897765
2018-07-19 10:45:00,56.92,59.6928749564691
2018-07-19 11:00:00,70.78,59.24293348359688
2018-07-19 11:15:00,88.81,59.30806255921636
2018-07-19 11:30:00,100.3,68.4245833680145
2018-07-19 11:45:00,91.44,73.76286228314252
2018-07-19 12:00:00,7.06,22.222615857518573
2018-07-19 12:15:00,15.55,16.975335627224602
2018-07-19 12:30:00,23.33,18.735488659589826
2018-07-19 12:45:00,26.32,25.809898718402792
2018-07-19 13:00:00,48.64,39.207080219954605
2018-07-19 13:15:00,67.21,38.97341008288063
2018-07-19 13:30:00,94.61,51.938328862217595
2018-07-19 13:45:00,75.28,66.73776387129237
2018-07-19 14:00:00,71.82,81.77868307532381
2018-07-19 14:15:00,97.85,82.26200047409922
2018-07-19 14:30:00,106.27,71.83611782291494
2018-07-19 14:45:00,83.95,87.75425910559815
2018-07-19 15:00:00,75.96,95.27542350507152
2018-07-19 15:15:00,79.38,85.69567953593825
2018-07-19 15:30:00,83.77,78.09112799122468
2018-07-19 15:45:00,78.73,76.96391543887302
2018-07-19 16:00:00,111.42,76.43413501363293
2018-07-19 16:15:00,85.5,75.03597012763252
2018-07-19 16:30:00,90.9,91.31758887069944
2018-07-19 16:45:00,95.76,86.22495577794383
2018-07-19 17:00:00,70.2,83.3920141434445
2018-07-19 17:15:00,96.55,89.45684307103598
2018-07-19 17:30:00,31.68,52.48971867784878
2018-07-19 17:45:00,31.64,55.29336172572345
2018-07-19 18:00:00,55.76,58.9800794101441
2018-07-19 18:15:00,82.66,68.93253424924106
2018-07-19 18:30:00,99.14,62.05238865887234
2018-07-19 18:45:00,69.8,77.86827683001883
2018-07-19 19:00:00,51.44,88.6876563172383
2018-07-19 19:15:00,66.13,78.6038293589172
2018-07-19 19:30:00,65.7,62.41863496581114
2018-07-19 19:45:00,59.22,65.62502086952514
2018-07-19 20:00:00,52.38,65.33852139969402
2018-07-19 20:15:00,51.98,60.457581615005786
2018-07-19 20:30:00,63.22,59.11616815413794
2018-07-19 20:45:00,47.66,30.307438655671536
2018-07-19 21:00:00,40.61,14.326683591168596
2018-07-19 21:15:00,40.28,11.573603490849326
2018-07-19 21:30:00,35.71,22.74041514081453
2018-07-19 21:45:00,33.48,24.698542844961356
2018-07-19 22:00:00,11.84,25.20076238554474
2018-07-19 22:15:00,3.82,25.399562226495522
2018-07-19 22:30:00,3.6,5.767239226269046
2018-07-19 22:45:00,3.53,4.198232505063208
2018-07-19 23:00:00,4.5,4.140741280487525
2018-07-19 23:15:00,3.82,4.257920749812519
2018-07-19 23:30:00,3.38,4.032307838723942
2018-07-19 23:45:00,3.6,3.8060210351589343
2018-07-20 00:00:00,3.38,3.541132302150977
2018-07-20 00:15:00,2.84,3.6519932849022654
2018-07-20 00:30:00,2.81,3.451748094017908
2018-07-20 00:45:00,2.77,3.087122909228139
2018-07-20 01:00:00,2.88,3.0810179862892135
2018-07-20 01:15:00,2.88,3.0717477121823555
2018-07-20 01:30:00,2.84,3.0706514263158677
2018-07-20 01:45:00,2.88,3.0706514263158677
2018-07-20 02:00:00,2.81,3.0706514263158677
2018-07-20 02:15:00,2.84,3.0706514263158677
2018-07-20 02:30:00,2.88,3.0688339275569394
2018-07-20 02:45:00,2.84,3.0688339275569394
2018-07-20 03:00:00,2.92,3.0688339275569394
2018-07-20 03:15:00,2.92,3.067779499263103
2018-07-20 03:30:00,2.81,3.070616794561618
2018-07-20 03:45:00,2.74,3.070616794561618
2018-07-20 04:00:00,2.77,3.067779499263103
2018-07-20 04:15:00,3.28,3.067779499263103
2018-07-20 04:30:00,4.21,3.067779499263103
2018-07-20 04:45:00,2.81,3.1492075645311712
2018-07-20 05:00:00,2.77,3.8103158937211288
2018-07-20 05:15:00,2.77,3.0893779185975627
2018-07-20 05:30:00,2.77,3.079481861468925
2018-07-20 05:45:00,2.81,3.06887578512959
2018-07-20 06:00:00,2.81,3.067779499263103
2018-07-20 06:15:00,2.81,3.067779499263103
2018-07-20 06:30:00,2.7,3.067779499263103
2018-07-20 06:45:00,2.74,3.067779499263103
2018-07-20 07:00:00,2.7,3.067779499263103
2018-07-20 07:15:00,3.2,3.2577045421951483
2018-07-20 07:30:00,3.24,3.807462597487415
2018-07-20 07:45:00,3.78,4.1722640917601375
2018-07-20 08:00:00,31.57,41.072154742731044
2018-07-20 08:15:00,47.88,44.77352422830506
2018-07-20 08:30:00,51.52,59.41391330665238
2018-07-20 08:45:00,64.3,58.14133727475033
2018-07-20 09:00:00,59.44,61.382653133867905
2018-07-20 09:15:00,57.71,63.85872391857223
2018-07-20 09:30:00,52.7,61.4181581954318
2018-07-20 09:45:00,53.5,61.61298030289465
2018-07-20 10:00:00,47.12,61.64288254625138
2018-07-20 10:15:00,63.58,61.43327853592591
2018-07-20 10:30:00,54.65,55.2414275954601
2018-07-20 10:45:00,61.38,62.269538571184476
2018-07-20 11:00:00,61.7,61.2634998925745
2018-07-20 11:15:00,63.83,61.87934999342763
2018-07-20 11:30:00,60.3,62.22051516159548
2018-07-20 11:45:00,57.38,61.693024558362865
2018-07-20 12:00:00,6.88,7.91495879739795
2018-07-20 12:15:00,5.33,9.605796859042904
2018-07-20 12:30:00,4.39,11.38947718323213
2018-07-20 12:45:00,4.28,5.618189987252988
2018-07-20 13:00:00,30.38,39.38135768922091
2018-07-20 13:15:00,61.34,53.86235776488659
2018-07-20 13:30:00,61.49,58.77427481325607
2018-07-20 13:45:00,59.33,67.27293939592938
2018-07-20 14:00:00,50.65,61.16011452501384
2018-07-20 14:15:00,54.43,61.05208200603348
2018-07-20 14:30:00,60.01,60.57766453487575
2018-07-20 14:45:00,58.0,60.38297653716819
2018-07-20 15:00:00,62.71,60.64319884894544
2018-07-20 15:15:00,64.58,60.4330766823825
2018-07-20 15:30:00,64.51,61.3989423569033
2018-07-20 15:45:00,63.94,62.76420326395348
2018-07-20 16:00:00,60.91,63.6096766325726
2018-07-20 16:15:00,68.18,62.34681682680262
2018-07-20 16:30:00,99.18,61.71001226180975
2018-07-20 16:45:00,99.04,66.08019496930342
2018-07-20 17:00:00,68.26,87.60583487244314
2018-07-20 17:15:00,59.51,92.61067768942831
2018-07-20 17:30:00,31.28,44.21171006258449
2018-07-20 17:45:00,31.21,38.18673682742919
2018-07-20 18:00:00,42.01,50.54661558732522
2018-07-20 18:15:00,52.34,50.252318713207025
2018-07-20 18:30:00,43.42,43.04076385545104
2018-07-20 18:45:00,82.66,59.00366433957529
2018-07-20 19:00:00,102.35,42.14768586383994
2018-07-20 19:15:00,66.02,75.30023462158613
2018-07-20 19:30:00,82.08,88.12880260622414
2018-07-20 19:45:00,97.67,76.07207418591892
2018-07-20 20:00:00,72.86,74.6073373597523
2018-07-20 20:15:00,67.82,87.28702081343258
2018-07-20 20:30:00,44.68,80.7903738124929
2018-07-20 20:45:00,28.48,57.90244119472617
2018-07-20 21:00:00,6.19,47.66687575728488
2018-07-20 21:15:00,4.46,27.682219685549708
2018-07-20 21:30:00,3.92,5.616933244813489
2018-07-20 21:45:00,3.92,4.449638473130642
2018-07-20 22:00:00,3.96,4.185684363633847
2018-07-20 22:15:00,3.78,4.172302523769302
2018-07-20 22:30:00,3.6,4.088781238056456
2018-07-20 22:45:00,3.17,3.724356403945756
2018-07-20 23:00:00,3.1,3.6620254081978847
2018-07-20 23:15:00,3.1,3.4456000117590344
2018-07-20 23:30:00,3.1,3.1927894372833676
2018-07-20 23:45:00,3.38,3.164940126174058
2018-07-21 00:00:00,3.13,3.164940126174058
2018-07-21 00:15:00,2.99,3.2185964331359798
2018-07-21 00:30:00,3.06,3.164940126174058
2018-07-21 00:45:00,3.06,3.119488817727169
2018-07-21 01:00:00,3.02,3.16370045808105
2018-07-21 01:15:00,3.02,3.1602929296434583
2018-07-21 01:30:00,2.99,3.13456405081197
2018-07-21 01:45:00,3.24,3.13456405081197
2018-07-21 02:00:00,3.24,3.1189505984513612
2018-07-21 02:15:00,3.64,3.1653976735048013
2018-07-21 02:30:00,3.78,3.16199014506721
2018-07-21 02:45:00,3.35,3.2362003052477544
2018-07-21 03:00:00,3.38,3.287559378245349
2018-07-21 03:15:00,3.28,3.3418521244476262
2018-07-21 03:30:00,3.35,3.4251142054691286
2018-07-21 03:45:00,3.28,3.197747984495505
2018-07-21 04:00:00,3.24,3.171384651527563
2018-07-21 04:15:00,3.31,3.1667334757372787
2018-07-21 04:30:00,3.28,3.169498333157236
2018-07-21 04:45:00,3.28,3.1667334757372787
2018-07-21 05:00:00,3.35,3.1667334757372787
2018-07-21 05:15:00,3.24,3.1667334757372787
2018-07-21 05:30:00,3.71,3.1667334757372787
2018-07-21 05:45:00,3.64,3.1667334757372787
2018-07-21 06:00:00,3.24,3.26115319989301
2018-07-21 06:15:00,3.31,3.2927100099115774
2018-07-21 06:30:00,3.24,3.203439237390626
2018-07-21 06:45:00,3.28,3.211386778314778
2018-07-21 07:00:00,3.28,3.171384651527563
2018-07-21 07:15:00,3.46,3.251449858821457
2018-07-21 07:30:00,4.07,3.5296523943044558
2018-07-21 07:45:00,3.78,4.0966190570419885
2018-07-21 08:00:00,24.23,30.06345530515989
2018-07-21 08:15:00,40.39,31.808048427588428
2018-07-21 08:30:00,32.69,27.735070722511036
2018-07-21 08:45:00,33.55,41.78411164731224
2018-07-21 09:00:00,44.42,39.8081057194069
2018-07-21 09:15:00,45.14,39.58381421803802
2018-07-21 09:30:00,43.49,45.23553574373994
2018-07-21 09:45:00,43.74,48.38422764233606
2018-07-21 10:00:00,42.12,42.1504467988818
2018-07-21 10:15:00,45.54,44.060878998473044
2018-07-21 10:30:00,44.64,41.43540351604828
2018-07-21 10:45:00,43.67,48.37944559292726
2018-07-21 11:00:00,44.93,46.68352117072715
2018-07-21 11:15:00,45.14,43.45774124843314
2018-07-21 11:30:00,32.9,48.171378061100626
2018-07-21 11:45:00,10.87,44.69806369099706
2018-07-21 12:00:00,4.25,7.555204009605503
2018-07-21 12:15:00,4.28,6.074974986904786
2018-07-21 12:30:00,4.21,5.523954221898261
2018-07-21 12:45:00,4.14,5.527764976182856
2018-07-21 13:00:00,11.81,25.778664103364907
2018-07-21 13:15:00,50.29,30.906997247206217
2018-07-21 13:30:00,37.73,36.186818782592724
2018-07-21 13:45:00,31.86,61.55861372011646
2018-07-21 14:00:00,37.01,39.65791416829313
2018-07-21 14:15:00,49.18,38.68848943105567
2018-07-21 14:30:00,31.14,41.41522410725561
2018-07-21 14:45:00,42.19,57.13236112758199
2018-07-21 15:00:00,44.14,38.83713431630231
2018-07-21 15:15:00,50.4,41.1727322987235
2018-07-21 15:30:00,36.65,45.48268328497044
2018-07-21 15:45:00,34.96,59.025494436368916
2018-07-21 16:00:00,51.77,40.46913270325712
2018-07-21 16:15:00,45.68,40.20945358763779
2018-07-21 16:30:00,46.01,59.09841094865386
2018-07-21 16:45:00,12.53,47.8532507606741
2018-07-21 17:00:00,4.5,40.34408337349091
2018-07-21 17:15:00,3.78,10.950283051488082
2018-07-21 17:30:00,3.46,4.467818215770156
2018-07-21 17:45:00,3.46,4.308907244469312
2018-07-21 18:00:00,3.35,4.6268887078980905
2018-07-21 18:15:00,3.35,3.6116405429346377
2018-07-21 18:30:00,3.42,3.3909287050518215
2018-07-21 18:45:00,3.53,3.19992828946405
2018-07-21 19:00:00,3.49,3.2509845490567346
2018-07-21 19:15:00,3.49,3.262619637330334
2018-07-21 19:30:00,2.88,3.2587418674135114
2018-07-21 19:45:00,2.95,3.278484425999612
2018-07-21 20:00:00,2.92,3.099972163846565
2018-07-21 20:15:00,2.99,3.116872983197669
2018-07-21 20:30:00,2.92,3.085209600014703
2018-07-21 20:45:00,2.95,3.1137828833628327
2018-07-21 21:00:00,2.95,3.081022699740789
2018-07-21 21:15:00,3.6,3.1063977282095987
2018-07-21 21:30:00,3.06,3.106902655065476
2018-07-21 21:45:00,3.1,3.2240779185749933
2018-07-21 22:00:00,2.95,3.15679220373917
2018-07-21 22:15:00,2.81,3.166070478451721
2018-07-21 22:30:00,2.84,3.112905805800168
2018-07-21 22:45:00,2.81,3.080572572942139
2018-07-21 23:00:00,2.81,3.070107452616906
2018-07-21 23:15:00,2.81,3.067779499263103
2018-07-21 23:30:00,2.92,3.067779499263103
2018-07-21 23:45:00,2.88,3.067779499263103
2018-07-22 00:00:00,3.13,3.070616794561618
2018-07-22 00:15:00,2.84,3.067779499263103
2018-07-22 00:30:00,2.81,3.1482117979246205
2018-07-22 00:45:00,2.92,3.0725486199695506
2018-07-22 01:00:00,2.92,3.0770497733699615
2018-07-22 01:15:00,2.88,3.072844352634273
2018-07-22 01:30:00,2.84,3.070616794561618
2018-07-22 01:45:00,2.88,3.067779499263103
2018-07-22 02:00:00,3.28,3.067779499263103
2018-07-22 02:15:00,3.31,3.067779499263103
2018-07-22 02:30:00,2.99,3.1519724219511285
2018-07-22 02:45:00,2.88,3.1539766852376196
2018-07-22 03:00:00,2.88,3.1167998842910385
2018-07-22 03:15:00,2.88,3.082915179942897
2018-07-22 03:30:00,2.81,3.0747385307988573
2018-07-22 03:45:00,2.81,3.06887578512959
2018-07-22 04:00:00,2.84,3.067779499263103
2018-07-22 04:15:00,2.92,3.067779499263103
2018-07-22 04:30:00,2.92,3.067779499263103
2018-07-22 04:45:00,2.84,3.070616794561618
2018-07-22 05:00:00,2.77,3.070616794561618
2018-07-22 05:15:00,2.81,3.067779499263103
2018-07-22 05:30:00,2.81,3.067779499263103
2018-07-22 05:45:00,3.46,3.067779499263103
2018-07-22 06:00:00,2.77,3.067779499263103
2018-07-22 06:15:00,2.74,3.1973535647398545
2018-07-22 06:30:00,2.74,3.0847660126202805
2018-07-22 06:45:00,3.35,3.0770497733699615
2018-07-22 07:00:00,2.95,3.06887578512959
2018-07-22 07:15:00,2.7,3.2339239476153496
2018-07-22 07:30:00,2.77,3.5220123796283445
2018-07-22 07:45:00,2.66,3.7522180329300436
2018-07-22 08:00:00,2.74,24.722396476566743
2018-07-22 08:15:00,2.74,28.239300750804972
2018-07-22 08:30:00,2.74,4.643703357302224
2018-07-22 08:45:00,2.81,3.3347822976065418
2018-07-22 09:00:00,2.88,3.313528157699681
2018-07-22 09:15:00,2.92,3.3064186684893104
2018-07-22 09:30:00,2.92,3.3064186684893104
2018-07-22 09:45:00,2.84,3.3025382518226447
2018-07-22 10:00:00,2.88,3.318566715831212
2018-07-22 10:15:00,2.81,3.3054249184893103
2018-07-22 10:30:00,3.28,3.301134774000064
2018-07-22 10:45:00,2.92,3.304516531312045
2018-07-22 11:00:00,2.81,3.2977782143655787
2018-07-22 11:15:00,2.7,3.279916190182971
2018-07-22 11:30:00,2.7,3.3026873100711382
2018-07-22 11:45:00,2.66,3.3648217146306
2018-07-22 12:00:00,2.81,3.3667255099515456
2018-07-22 12:15:00,3.35,3.3667255099515456
2018-07-22 12:30:00,3.38,3.362637710307409
2018-07-22 12:45:00,2.92,3.362637710307409
2018-07-22 13:00:00,2.84,3.328455575151673
2018-07-22 13:15:00,2.84,3.2732895145079435
2018-07-22 13:30:00,2.84,3.2841671356245157
2018-07-22 13:45:00,2.88,3.3138192919622247
2018-07-22 14:00:00,2.92,3.302988309347317
2018-07-22 14:15:00,3.02,3.2631384806733568
2018-07-22 14:30:00,3.46,3.3069728483060343
2018-07-22 14:45:00,3.17,3.294217913147743
2018-07-22 15:00:00,2.92,3.3073980671340415
2018-07-22 15:15:00,2.95,3.282397386510443
2018-07-22 15:30:00,2.95,3.3107337377112236
2018-07-22 15:45:00,2.92,3.3245633623942767
2018-07-22 16:00:00,2.99,3.3151622247783594
2018-07-22 16:15:00,2.99,3.310084171759961
2018-07-22 16:30:00,2.95,3.3239316741105425
2018-07-22 16:45:00,2.95,3.3387124855236925
2018-07-22 17:00:00,2.92,3.1256766908326865
2018-07-22 17:15:00,2.95,3.1233340838319292
2018-07-22 17:30:00,2.99,3.091001561605239
2018-07-22 17:45:00,3.06,3.1135116345243294
2018-07-22 18:00:00,2.95,3.1207512733938985
2018-07-22 18:15:00,2.88,3.5992213948465546
2018-07-22 18:30:00,3.06,3.2135555515034246
2018-07-22 18:45:00,3.38,4.593559632917203
2018-07-22 19:00:00,3.67,3.7268911773709026
2018-07-22 19:15:00,3.53,3.3155714594533565
2018-07-22 19:30:00,3.46,4.592624912317882
2018-07-22 19:45:00,3.02,4.100294333386196
2018-07-22 20:00:00,3.06,4.8012755874639845
2018-07-22 20:15:00,3.06,4.850140267005995
2018-07-22 20:30:00,3.17,4.938931629588164
2018-07-22 20:45:00,3.1,3.176575794855395
2018-07-22 21:00:00,3.06,3.179719258269348
2018-07-22 21:15:00,3.13,3.1735485284489666
2018-07-22 21:30:00,3.17,3.1686747117531286
2018-07-22 21:45:00,3.17,3.175456983908842
2018-07-22 22:00:00,3.1,3.180773686563184
2018-07-22 22:15:00,2.95,3.1746029567428025
2018-07-22 22:30:00,3.06,3.1655331791044183
2018-07-22 22:45:00,2.95,3.114037078006336
2018-07-22 23:00:00,2.88,3.1608196318044848
2018-07-22 23:15:00,2.88,3.104867199180626
2018-07-22 23:30:00,2.92,3.0794762870756522
2018-07-22 23:45:00,2.84,3.070107452616906
2018-07-23 00:00:00,2.92,3.070616794561618
2018-07-23 00:15:00,2.95,3.067779499263103
2018-07-23 00:30:00,2.95,3.070616794561618
2018-07-23 00:45:00,3.1,3.0967156968265384
2018-07-23 01:00:00,4.18,3.0991422105322295
2018-07-23 01:15:00,3.49,3.151869979117627
2018-07-23 01:30:00,2.95,3.8103158937211288
2018-07-23 01:45:00,2.95,3.2516185305452385
2018-07-23 02:00:00,2.92,3.146327688093507
2018-07-23 02:15:00,2.99,3.1378960476710183
2018-07-23 02:30:00,2.92,3.0765025338272793
2018-07-23 02:45:00,2.95,3.103992156965047
2018-07-23 03:00:00,2.95,3.0753859152680656
2018-07-23 03:15:00,2.88,3.1025784424958056
2018-07-23 03:30:00,2.84,3.100238496398717
2018-07-23 03:45:00,2.84,3.07143768045611
2018-07-23 04:00:00,2.92,3.070142438956587
2018-07-23 04:15:00,2.92,3.067779499263103
2018-07-23 04:30:00,2.88,3.070616794561618
2018-07-23 04:45:00,2.77,3.070616794561618
2018-07-23 05:00:00,2.81,3.067779499263103
2018-07-23 05:15:00,2.81,3.067779499263103
2018-07-23 05:30:00,3.31,3.067779499263103
2018-07-23 05:45:00,2.84,3.067779499263103
2018-07-23 06:00:00,2.77,3.1492075645311712
2018-07-23 06:15:00,2.77,3.0725486199695506
2018-07-23 06:30:00,2.77,3.0770497733699615
2018-07-23 06:45:00,3.17,3.06887578512959
2018-07-23 07:00:00,3.49,3.067779499263103
2018-07-23 07:15:00,3.67,3.327736938383609
2018-07-23 07:30:00,3.74,3.8435309536957294
2018-07-23 07:45:00,3.74,4.613283359731551
2018-07-23 08:00:00,20.59,55.00125689175702
2018-07-23 08:15:00,48.96,64.40416968437877
2018-07-23 08:30:00,73.55,53.61016773623743
2018-07-23 08:45:00,49.28,61.36627170822378
2018-07-23 09:00:00,72.36,78.41440384245206
2018-07-23 09:15:00,56.99,59.22497662708784
2018-07-23 09:30:00,67.32,70.36934129925429
2018-07-23 09:45:00,45.4,61.158270128485775
2018-07-23 10:00:00,48.85,65.75641827534092
2018-07-23 10:15:00,54.79,56.28867336024362
2018-07-23 10:30:00,59.0,57.75932017415578
2018-07-23 10:45:00,62.78,59.67940559543488
2018-07-23 11:00:00,65.16,59.66107467348914
2018-07-23 11:15:00,60.01,60.405532531396666
2018-07-23 11:30:00,51.8,63.84334447669296
2018-07-23 11:45:00,52.81,60.301126927408305
2018-07-23 12:00:00,6.16,6.383510439753156
2018-07-23 12:15:00,5.36,5.750665364514045
2018-07-23 12:30:00,5.44,5.477957606091267
2018-07-23 12:45:00,5.33,5.376823878171706
2018-07-23 13:00:00,42.84,35.82835602604935
2018-07-23 13:15:00,66.53,53.820617057754504
2018-07-23 13:30:00,57.2,64.48376719414713
2018-07-23 13:45:00,59.94,67.24022760220936
2018-07-23 14:00:00,63.83,59.690904247931876
2018-07-23 14:15:00,61.45,60.09446770069037
2018-07-23 14:30:00,55.58,61.37222410164995
2018-07-23 14:45:00,57.82,60.68639013017037
2018-07-23 15:00:00,54.14,60.41920731992309
2018-07-23 15:15:00,74.92,60.41361080860256
2018-07-23 15:30:00,59.65,59.86773346064193
2018-07-23 15:45:00,70.7,71.44677515446833
2018-07-23 16:00:00,59.26,60.61401959435411
2018-07-23 16:15:00,55.51,68.6491645924242
2018-07-23 16:30:00,65.7,61.426994406125665
2018-07-23 16:45:00,56.48,60.48226494780747
2018-07-23 17:00:00,63.0,64.2775935613047
2018-07-23 17:15:00,83.88,59.1625097149557
2018-07-23 17:30:00,29.92,34.90064694628041
2018-07-23 17:45:00,30.85,51.46499431303857
2018-07-23 18:00:00,57.64,44.39579483643559
2018-07-23 18:15:00,103.43,50.64064183795497
2018-07-23 18:30:00,76.61,62.39816922526631
2018-07-23 18:45:00,93.38,91.09306652510475
2018-07-23 19:00:00,79.99,83.38040677283529
2018-07-23 19:15:00,99.29,85.93228654547406
2018-07-23 19:30:00,88.34,83.34067671180578
2018-07-23 19:45:00,74.3,87.43137127294139
2018-07-23 20:00:00,101.09,86.54227296829133
2018-07-23 20:15:00,67.5,75.42890565185117
2018-07-23 20:30:00,61.38,82.84923333445846
2018-07-23 20:45:00,38.27,39.52843184338738
2018-07-23 21:00:00,5.0,13.53204266965449
2018-07-23 21:15:00,4.21,11.318895394421677
2018-07-23 21:30:00,3.85,6.368680314458483
2018-07-23 21:45:00,3.89,4.420195307449814
2018-07-23 22:00:00,3.85,4.173421736958421
2018-07-23 22:15:00,3.64,4.153858147654628
2018-07-23 22:30:00,3.49,3.814189942640614
2018-07-23 22:45:00,3.06,3.6582792403057964
2018-07-23 23:00:00,2.84,3.5782635150728437
2018-07-23 23:15:00,2.81,3.3629952701937644
2018-07-23 23:30:00,2.77,3.0869183792018298
2018-07-23 23:45:00,2.88,3.0810179862892135
2018-07-24 00:00:00,2.81,3.0717477121823555
2018-07-24 00:15:00,3.53,3.0706514263158677
2018-07-24 00:30:00,2.99,3.0706514263158677
2018-07-24 00:45:00,2.81,3.2147105876050683
2018-07-24 01:00:00,2.92,3.1118871151737806
2018-07-24 01:15:00,2.92,3.082873322370246
2018-07-24 01:30:00,2.88,3.078630254391208
2018-07-24 01:45:00,2.92,3.072767508721941
2018-07-24 02:00:00,2.99,3.067779499263103
2018-07-24 02:15:00,3.46,3.070616794561618
2018-07-24 02:30:00,2.92,3.102760489477731
2018-07-24 02:45:00,2.92,3.203253957652471
2018-07-24 03:00:00,2.95,3.0823799331435016
2018-07-24 03:15:00,3.06,3.080983354534963
2018-07-24 03:30:00,3.02,3.0978119826930253
2018-07-24 03:45:00,2.95,3.1493986435373036
2018-07-24 04:00:00,2.99,3.124374730032104
2018-07-24 04:15:00,2.92,3.110755091639845
2018-07-24 04:30:00,2.92,3.115553563156768
2018-07-24 04:45:00,2.95,3.0777138686218692
2018-07-24 05:00:00,2.95,3.0776108124370527
2018-07-24 05:15:00,3.35,3.0978119826930253
2018-07-24 05:30:00,3.35,3.0991422105322295
2018-07-24 05:45:00,2.92,3.1528657457241787
2018-07-24 06:00:00,2.95,3.1552083527249355
2018-07-24 06:15:00,2.92,3.084656189374925
2018-07-24 06:30:00,3.02,3.107082256799884
2018-07-24 06:45:00,2.88,3.0741395941337957
2018-07-24 07:00:00,3.46,3.1196056093256557
2018-07-24 07:15:00,3.49,3.280627519718537
2018-07-24 07:30:00,3.56,3.8461277558605316
2018-07-24 07:45:00,3.38,4.528744722407429
2018-07-24 08:00:00,34.06,34.40212150880465
2018-07-24 08:15:00,71.32,55.29956963968879
2018-07-24 08:30:00,94.61,59.131082031384324
2018-07-24 08:45:00,96.41,78.53817788504472
2018-07-24 09:00:00,82.19,89.24836856795257
2018-07-24 09:15:00,93.02,93.06001085411918
2018-07-24 09:30:00,92.52,84.42128134782948
2018-07-24 09:45:00,78.41,87.6573880800346
2018-07-24 10:00:00,97.06,89.09958144656274
2018-07-24 10:15:00,99.18,80.41800598670427
2018-07-24 10:30:00,104.94,88.21085552415403
2018-07-24 10:45:00,105.37,92.85641879441364
2018-07-24 11:00:00,102.56,94.44264638785087
2018-07-24 11:15:00,103.64,96.33656490945798
2018-07-24 11:30:00,88.06,95.78987968149448
2018-07-24 11:45:00,102.92,96.51899163953145
2018-07-24 12:00:00,7.27,9.845083069321127
2018-07-24 12:15:00,5.65,5.953636709953316
2018-07-24 12:30:00,5.51,6.126727303832677
2018-07-24 12:45:00,5.4,6.25660043200146
2018-07-24 13:00:00,42.08,65.81524406406398
2018-07-24 13:15:00,83.56,88.5474421026876
2018-07-24 13:30:00,103.64,64.92782172320197
2018-07-24 13:45:00,94.21,82.81657850886496
2018-07-24 14:00:00,56.38,90.74857398631715
2018-07-24 14:15:00,55.8,93.53115929885847
2018-07-24 14:30:00,61.02,70.71342061235009
2018-07-24 14:45:00,66.96,65.74202699547172
2018-07-24 15:00:00,66.49,64.9329187623477
2018-07-24 15:15:00,56.74,67.95431310351617
2018-07-24 15:30:00,53.64,68.15936013442646
2018-07-24 15:45:00,58.46,63.49674104121008
2018-07-24 16:00:00,51.52,63.383351158433264
2018-07-24 16:15:00,55.84,62.928872271084494
2018-07-24 16:30:00,58.32,62.35444202160741
2018-07-24 16:45:00,55.44,62.17788806797372
2018-07-24 17:00:00,54.94,62.14832992716284
2018-07-24 17:15:00,43.63,61.42144342674737
2018-07-24 17:30:00,29.12,36.17406582531905
2018-07-24 17:45:00,30.28,36.569725432814515
2018-07-24 18:00:00,49.68,44.01411068001969
2018-07-24 18:15:00,56.16,42.9318514371541
2018-07-24 18:30:00,58.61,65.11003183833452
2018-07-24 18:45:00,54.68,60.20708159417933
2018-07-24 19:00:00,46.91,60.216303258728324
2018-07-24 19:15:00,57.89,60.195650870550445
2018-07-24 19:30:00,58.5,53.75896386887069
2018-07-24 19:45:00,46.66,60.24730541317953
2018-07-24 20:00:00,52.56,60.10759053043583
2018-07-24 20:15:00,61.27,52.78191099684541
2018-07-24 20:30:00,39.02,57.35647682163881
2018-07-24 20:45:00,29.16,49.19164616408046
2018-07-24 21:00:00,8.68,10.8754797438485
2018-07-24 21:15:00,3.92,14.39976343473854
2018-07-24 21:30:00,3.85,5.702978192336491
2018-07-24 21:45:00,3.82,4.206418162689846
2018-07-24 22:00:00,3.64,4.170580098892333
2018-07-24 22:15:00,3.56,4.16041784834078
2018-07-24 22:30:00,3.56,3.6582792403057964
2018-07-24 22:45:00,3.53,3.6226245161421207
2018-07-24 23:00:00,2.95,3.6160852533329826
2018-07-24 23:15:00,2.88,3.575355967682309
2018-07-24 23:30:00,2.88,3.1407630658308254
2018-07-24 23:45:00,2.74,3.084575772201072
2018-07-25 00:00:00,2.84,3.0729793796696714
2018-07-25 00:15:00,3.13,3.0706514263158677
2018-07-25 00:30:00,3.24,3.0706514263158677
2018-07-25 00:45:00,2.84,3.149804445494264
2018-07-25 01:00:00,3.13,3.155569332807263
2018-07-25 01:15:00,3.06,3.0846908211291755
2018-07-25 01:30:00,2.99,3.1596327861918017
2018-07-25 01:45:00,2.99,3.153891964698383
2018-07-25 02:00:00,3.02,3.118985584791042
2018-07-25 02:15:00,3.02,3.1178961701575254
2018-07-25 02:30:00,2.99,3.130102094080542
2018-07-25 02:45:00,2.95,3.130102094080542
2018-07-25 03:00:00,3.17,3.1178961701575254
2018-07-25 03:15:00,3.31,3.111851377506332
2018-07-25 03:30:00,3.24,3.1575973431660658
2018-07-25 03:45:00,3.35,3.1563046385914224
2018-07-25 04:00:00,3.2,3.1632469593444785
2018-07-25 04:15:00,3.17,3.165679047443443
2018-07-25 04:30:00,3.2,3.164683280836891
2018-07-25 04:45:00,3.13,3.1633474786044142
2018-07-25 05:00:00,3.13,3.1633474786044142
2018-07-25 05:15:00,3.2,3.1633474786044142
2018-07-25 05:30:00,3.17,3.1633474786044142
2018-07-25 05:45:00,3.56,3.1633474786044142
2018-07-25 06:00:00,3.78,3.1633474786044142
2018-07-25 06:15:00,3.31,3.223482158973076
2018-07-25 06:30:00,3.06,3.268910518249787
2018-07-25 06:45:00,3.13,3.2027299861616716
2018-07-25 07:00:00,3.17,3.1955125497959447
2018-07-25 07:15:00,3.82,3.361341538195748
2018-07-25 07:30:00,4.14,4.565884647430854
2018-07-25 07:45:00,3.82,7.9519990464847226
2018-07-25 08:00:00,17.75,40.633106126526144
2018-07-25 08:15:00,49.68,61.64716038966064
2018-07-25 08:30:00,57.17,46.722112909718795
2018-07-25 08:45:00,59.9,66.61074824370279
2018-07-25 09:00:00,57.38,60.58039313952122
2018-07-25 09:15:00,59.33,60.58470980200094
2018-07-25 09:30:00,46.91,59.80876208692108
2018-07-25 09:45:00,47.74,60.42537432785284
2018-07-25 10:00:00,49.14,54.52624893468153
2018-07-25 10:15:00,48.96,56.367807795752626
2018-07-25 10:30:00,47.74,57.89420401346491
2018-07-25 10:45:00,51.26,56.617485573712386
2018-07-25 11:00:00,58.18,55.63416871821462
2018-07-25 11:15:00,46.44,58.95768488553269
2018-07-25 11:30:00,57.96,59.16296326674868
2018-07-25 11:45:00,40.43,52.53940006816224
2018-07-25 12:00:00,4.39,10.610774848106791
2018-07-25 12:15:00,5.44,9.298165050742101
2018-07-25 12:30:00,5.65,5.199583027526694
2018-07-25 12:45:00,5.58,5.784985187408739
2018-07-25 13:00:00,28.26,51.356581922427324
2018-07-25 13:15:00,49.75,51.5274869092942
2018-07-25 13:30:00,51.3,51.00101024692046
2018-07-25 13:45:00,54.9,62.213277598579616
2018-07-25 14:00:00,57.53,59.15132526025009
2018-07-25 14:15:00,60.23,59.07483829270043
2018-07-25 14:30:00,56.88,59.27195140701424
2018-07-25 14:45:00,63.4,59.48999388848584
2018-07-25 15:00:00,45.18,59.087263201191035
2018-07-25 15:15:00,52.6,60.71909792551187
2018-07-25 15:30:00,56.88,52.61419007129881
2018-07-25 15:45:00,54.18,59.36272569861554
2018-07-25 16:00:00,63.0,59.207334160894554
2018-07-25 16:15:00,81.76,59.308872212330115
2018-07-25 16:30:00,98.93,60.26939412349855
2018-07-25 16:45:00,90.9,73.67843689668867
2018-07-25 17:00:00,92.56,88.06091901268188
2018-07-25 17:15:00,90.94,84.172523109753
2018-07-25 17:30:00,29.84,66.76315347329964
2018-07-25 17:45:00,30.17,60.865340204273394
2018-07-25 18:00:00,48.78,43.56539731757062
2018-07-25 18:15:00,93.17,51.71223981532452
2018-07-25 18:30:00,103.86,52.69422950712497
2018-07-25 18:45:00,84.28,78.85474909174317
2018-07-25 19:00:00,94.64,88.8685672750616
2018-07-25 19:15:00,92.09,80.39356928270631
2018-07-25 19:30:00,79.67,87.16471240550612
2018-07-25 19:45:00,113.47,86.5969907548015
2018-07-25 20:00:00,84.28,79.54425883633166
2018-07-25 20:15:00,105.55,93.23351768234583
2018-07-25 20:30:00,69.91,86.20908020713432
2018-07-25 20:45:00,8.86,56.136355004681654
2018-07-25 21:00:00,6.16,27.733401498526113
2018-07-25 21:15:00,3.64,6.5256821617713205
2018-07-25 21:30:00,3.56,5.602061809979782
2018-07-25 21:45:00,3.53,4.1687274344503455
2018-07-25 22:00:00,3.42,4.037848027161093
2018-07-25 22:15:00,3.31,4.235330558102085
2018-07-25 22:30:00,3.24,3.449180250078287
2018-07-25 22:45:00,3.28,3.2032682054374795
2018-07-25 23:00:00,2.66,3.1812053500766875
2018-07-25 23:15:00,2.59,3.167271695013086
2018-07-25 23:30:00,2.59,3.085787106995662
2018-07-25 23:45:00,2.81,3.0821492584953813
2018-07-26 00:00:00,2.63,3.0717477121823555
2018-07-26 00:15:00,2.66,3.0706514263158677
2018-07-26 00:30:00,2.63,3.0706514263158677
2018-07-26 00:45:00,2.63,3.0706514263158677
2018-07-26 01:00:00,2.88,3.0706514263158677
2018-07-26 01:15:00,3.2,3.0688339275569394
2018-07-26 01:30:00,3.38,3.067779499263103
2018-07-26 01:45:00,3.28,3.1482117979246205
2018-07-26 02:00:00,3.56,3.2021226854463034
2018-07-26 02:15:00,3.82,3.1632469593444785
2018-07-26 02:30:00,3.31,3.2270789064695253
2018-07-26 02:45:00,3.17,3.581070418733377
2018-07-26 03:00:00,3.42,3.226171259660843
2018-07-26 03:15:00,3.64,3.204848200460378
2018-07-26 03:30:00,3.17,3.2459708286165196
2018-07-26 03:45:00,3.2,3.2600987715991736
2018-07-26 04:00:00,3.17,3.1693344566271766
2018-07-26 04:15:00,3.2,3.1703888849210125
2018-07-26 04:30:00,3.17,3.1657377091307275
2018-07-26 04:45:00,3.17,3.1644019068982505
2018-07-26 05:00:00,3.1,3.1644019068982505
2018-07-26 05:15:00,3.13,3.1644019068982505
2018-07-26 05:30:00,3.1,3.1644019068982505
2018-07-26 05:45:00,3.1,3.1644019068982505
2018-07-26 06:00:00,3.13,3.1671667643182078
2018-07-26 06:15:00,3.1,3.1644019068982505
2018-07-26 06:30:00,3.06,3.1644019068982505
2018-07-26 06:45:00,3.06,3.1644019068982505
2018-07-26 07:00:00,3.24,3.1631622388052425
2018-07-26 07:15:00,3.2,3.3454522366841872
2018-07-26 07:30:00,3.56,3.923252193558986
2018-07-26 07:45:00,5.04,4.299890084390224
2018-07-26 08:00:00,35.46,48.55937172547822
2018-07-26 08:15:00,107.17,65.02452418813698
2018-07-26 08:30:00,79.74,59.226754764365
2018-07-26 08:45:00,102.42,93.39085579226209
2018-07-26 09:00:00,100.12,84.1991047534389
2018-07-26 09:15:00,41.9,87.63187321121133
2018-07-26 09:30:00,56.95,95.07679240901763
2018-07-26 09:45:00,37.76,51.42854827641977
2018-07-26 10:00:00,36.29,63.00842642943435
2018-07-26 10:15:00,49.61,45.85261083373024
2018-07-26 10:30:00,50.15,47.398411366275965
2018-07-26 10:45:00,47.66,60.28231002206937
2018-07-26 11:00:00,51.01,60.249004081548165
2018-07-26 11:15:00,45.58,56.414905555355915
2018-07-26 11:30:00,52.24,60.37926590348805
2018-07-26 11:45:00,49.28,52.28856325501052
2018-07-26 12:00:00,16.7,6.725659776314098
2018-07-26 12:15:00,4.9,9.233021372769713
2018-07-26 12:30:00,4.61,6.652652835029995
2018-07-26 12:45:00,5.0,5.534269692490669
2018-07-26 13:00:00,28.62,49.4505616749953
2018-07-26 13:15:00,52.67,53.23590737665099
2018-07-26 13:30:00,56.12,53.80870257560255
2018-07-26 13:45:00,55.08,66.54853839676213
2018-07-26 14:00:00,42.55,60.52497706566107
2018-07-26 14:15:00,45.14,60.53883094991239
2018-07-26 14:30:00,45.97,48.27733487194926
2018-07-26 14:45:00,51.88,52.74462603487323
2018-07-26 15:00:00,48.96,52.342908362635974
2018-07-26 15:15:00,53.64,60.20579159257129
2018-07-26 15:30:00,56.95,56.91799204241618
2018-07-26 15:45:00,59.0,60.310585835699555
2018-07-26 16:00:00,56.95,60.40455368527155
2018-07-26 16:15:00,53.64,60.462985238349226
2018-07-26 16:30:00,56.09,60.47941068955318
2018-07-26 16:45:00,46.94,60.2148943346623
2018-07-26 17:00:00,56.2,60.00425158366679
2018-07-26 17:15:00,47.27,53.68340827541267
2018-07-26 17:30:00,28.44,35.62819698951873
2018-07-26 17:45:00,28.44,35.37900243727233
2018-07-26 18:00:00,35.82,39.656496312978845
2018-07-26 18:15:00,54.9,42.69105446254298
2018-07-26 18:30:00,42.55,41.36403524025062
2018-07-26 18:45:00,60.91,58.04388154346708
2018-07-26 19:00:00,53.89,40.39234913339691
2018-07-26 19:15:00,63.61,58.43319984643249
2018-07-26 19:30:00,55.73,58.068270483152574
2018-07-26 19:45:00,45.43,59.60269105406895
2018-07-26 20:00:00,63.18,58.56278682879327
2018-07-26 20:15:00,52.6,51.50397352249196
2018-07-26 20:30:00,38.77,58.252666657580185
2018-07-26 20:45:00,7.06,55.36755467418567
2018-07-26 21:00:00,6.12,43.96637901438745
2018-07-26 21:15:00,3.78,7.455879591381578
2018-07-26 21:30:00,3.71,5.620555840285905
2018-07-26 21:45:00,3.64,4.184073717179608
2018-07-26 22:00:00,3.71,4.068957847774395
2018-07-26 22:15:00,4.46,4.058525966473897
2018-07-26 22:30:00,3.46,3.6511667385231528
2018-07-26 22:45:00,2.88,4.044928756874287
2018-07-26 23:00:00,2.84,3.5704051261069627
2018-07-26 23:15:00,2.74,3.404994385433996
2018-07-26 23:30:00,2.77,3.116810420876455
2018-07-26 23:45:00,2.81,3.074592585135321
2018-07-27 00:00:00,2.77,3.071782698522035
2018-07-27 00:15:00,2.81,3.0706514263158677
2018-07-27 00:30:00,2.84,3.0706514263158677
2018-07-27 00:45:00,2.84,3.0706514263158677
2018-07-27 01:00:00,2.84,3.0706514263158677
2018-07-27 01:15:00,2.88,3.0688339275569394
2018-07-27 01:30:00,2.84,3.0688339275569394
2018-07-27 01:45:00,2.88,3.067779499263103
2018-07-27 02:00:00,2.88,3.067779499263103
2018-07-27 02:15:00,3.2,3.07054435668306
2018-07-27 02:30:00,3.06,3.067779499263103
2018-07-27 02:45:00,2.88,3.1482117979246205
2018-07-27 03:00:00,2.88,3.1517412505380604
2018-07-27 03:15:00,2.88,3.08181889407641
2018-07-27 03:30:00,2.92,3.078146059236448
2018-07-27 03:45:00,2.88,3.06887578512959
2018-07-27 04:00:00,2.92,3.070616794561618
2018-07-27 04:15:00,3.46,3.067779499263103
2018-07-27 04:30:00,3.24,3.082834187212347
2018-07-27 04:45:00,2.81,3.1973535647398545
2018-07-27 05:00:00,2.84,3.1539766852376196
2018-07-27 05:15:00,2.84,3.08181889407641
2018-07-27 05:30:00,2.84,3.078146059236448
2018-07-27 05:45:00,2.81,3.06887578512959
2018-07-27 06:00:00,2.77,3.067779499263103
2018-07-27 06:15:00,3.24,3.067779499263103
2018-07-27 06:30:00,3.02,3.067779499263103
2018-07-27 06:45:00,2.81,3.1492075645311712
2018-07-27 07:00:00,2.95,3.1231430625447882
2018-07-27 07:15:00,4.25,3.271743937008456
2018-07-27 07:30:00,4.07,3.8182677439099235
2018-07-27 07:45:00,3.96,5.695184882640202
2018-07-27 08:00:00,28.4,33.91578158249942
2018-07-27 08:15:00,66.1,61.807289591221654
2018-07-27 08:30:00,50.4,45.921784746757815
2018-07-27 08:45:00,46.8,75.00891629564215
2018-07-27 09:00:00,66.31,59.16693031473236
2018-07-27 09:15:00,55.62,55.07255291019223
2018-07-27 09:30:00,58.79,65.36569968118579
2018-07-27 09:45:00,60.88,59.26954165754476
2018-07-27 10:00:00,52.56,58.958202921182675
2018-07-27 10:15:00,60.66,60.13552374222641
2018-07-27 10:30:00,56.95,59.38002474561143
2018-07-27 10:45:00,62.6,59.78423423401077
2018-07-27 11:00:00,45.76,59.27672693118471
2018-07-27 11:15:00,50.0,60.09933915089239
2018-07-27 11:30:00,53.14,52.83772762588943
2018-07-27 11:45:00,48.89,59.20230227428114
2018-07-27 12:00:00,4.25,9.408555714423144
2018-07-27 12:15:00,4.54,5.271987635577233
2018-07-27 12:30:00,4.57,5.16719299655551
2018-07-27 12:45:00,4.61,5.119068412733462
2018-07-27 13:00:00,19.55,35.35676031100462
2018-07-27 13:15:00,47.02,52.998023107660856
2018-07-27 13:30:00,53.28,50.687415537496015
2018-07-27 13:45:00,55.3,57.355001336268494
2018-07-27 14:00:00,52.02,58.91463456961233
2018-07-27 14:15:00,55.4,59.02642108353797
2018-07-27 14:30:00,51.05,59.16582414678016
2018-07-27 14:45:00,39.96,59.21429288287864
2018-07-27 15:00:00,41.15,59.218624501678136
2018-07-27 15:15:00,50.76,46.802401666862814
2018-07-27 15:30:00,54.65,45.289151496923466
2018-07-27 15:45:00,55.08,59.11015948863307
2018-07-27 16:00:00,56.34,59.09927611063453
2018-07-27 16:15:00,52.88,59.19417906855929
2018-07-27 16:30:00,48.24,59.27898274491894
2018-07-27 16:45:00,54.4,59.1621041161681
2018-07-27 17:00:00,53.21,55.87090121914288
2018-07-27 17:15:00,39.85,57.78684127186609
2018-07-27 17:30:00,25.31,31.492936312624593
2018-07-27 17:45:00,25.56,30.946729365526593
2018-07-27 18:00:00,29.52,27.184670613481984
2018-07-27 18:15:00,45.97,29.902458132579945
2018-07-27 18:30:00,52.85,37.40103730521021
2018-07-27 18:45:00,67.57,50.72894360466662
2018-07-27 19:00:00,50.87,57.78732848201087
2018-07-27 19:15:00,54.32,65.39946479109032
2018-07-27 19:30:00,55.08,57.890904935914875
2018-07-27 19:45:00,34.24,58.080290875518656
2018-07-27 20:00:00,32.87,58.16361566726462
2018-07-27 20:15:00,40.14,45.69951358956301
2018-07-27 20:30:00,48.13,46.09552468322495
2018-07-27 20:45:00,15.8,23.054771298430115
2018-07-27 21:00:00,6.77,11.675471227490556
2018-07-27 21:15:00,4.36,5.650328767199382
2018-07-27 21:30:00,3.82,5.761541878311582
2018-07-27 21:45:00,3.85,4.447356234020744
2018-07-27 22:00:00,3.78,4.173421736958421
2018-07-27 22:15:00,3.1,4.176324551483411
2018-07-27 22:30:00,2.92,3.724465723929869
2018-07-27 22:45:00,2.92,3.4437933559492335
2018-07-27 23:00:00,2.92,3.121012608594187
2018-07-27 23:15:00,2.84,3.0838552815877285
2018-07-27 23:30:00,2.84,3.0745850074808705
2018-07-27 23:45:00,2.66,3.071782698522035
2018-07-28 00:00:00,2.81,3.0706514263158677
2018-07-28 00:15:00,2.92,3.0706514263158677
2018-07-28 00:30:00,2.88,3.0706514263158677
2018-07-28 00:45:00,2.92,3.0734887216143822
2018-07-28 01:00:00,2.95,3.0706514263158677
2018-07-28 01:15:00,3.38,3.0716712228554544
2018-07-28 01:30:00,3.78,3.0977701251203746
2018-07-28 01:45:00,3.24,3.199780078445546
2018-07-28 02:00:00,3.6,3.227230012105856
2018-07-28 02:15:00,3.46,3.172401248142746
2018-07-28 02:30:00,3.56,3.463838532939633
2018-07-28 02:45:00,3.64,3.4470829517032144
2018-07-28 03:00:00,3.49,3.2708310250841772
2018-07-28 03:15:00,4.0,3.523359506452708
2018-07-28 03:30:00,3.85,3.4653854582519927
2018-07-28 03:45:00,3.46,3.736669501063288
2018-07-28 04:00:00,3.42,3.698330733939879
2018-07-28 04:15:00,3.49,3.5264979690358564
2018-07-28 04:30:00,3.46,3.5010949843233585
2018-07-28 04:45:00,3.42,3.469788821534485
2018-07-28 05:00:00,3.35,3.2515852375993095
2018-07-28 05:15:00,3.28,3.245893984704188
2018-07-28 05:30:00,3.24,3.2030987281227543
2018-07-28 05:45:00,3.31,3.1861796037487666
2018-07-28 06:00:00,3.2,3.1667334757372787
2018-07-28 06:15:00,3.28,3.1667334757372787
2018-07-28 06:30:00,3.2,3.1644019068982505
2018-07-28 06:45:00,3.2,3.1653976735048013
2018-07-28 07:00:00,3.2,3.1644019068982505
2018-07-28 07:15:00,4.79,3.25419001086805
2018-07-28 07:30:00,6.73,3.5396703482485874
2018-07-28 07:45:00,6.12,5.139190306359303
2018-07-28 08:00:00,18.72,31.94827756243903
2018-07-28 08:15:00,42.44,30.67985681631699
2018-07-28 08:30:00,51.19,24.493719366844434
2018-07-28 08:45:00,35.75,36.318245800899405
2018-07-28 09:00:00,35.78,57.79223860522418
2018-07-28 09:15:00,36.83,39.44175058116814
2018-07-28 09:30:00,49.21,41.185922477966294
2018-07-28 09:45:00,47.23,40.77360065924199
2018-07-28 10:00:00,46.4,55.89031608346344
2018-07-28 10:15:00,39.38,53.56676198020072
2018-07-28 10:30:00,40.32,51.35434745956784
2018-07-28 10:45:00,56.38,43.14256057753248
2018-07-28 11:00:00,67.61,42.85609724307674
2018-07-28 11:15:00,45.86,57.99545213014498
2018-07-28 11:30:00,57.89,63.209790081239625
2018-07-28 11:45:00,27.68,41.54334790012132
2018-07-28 12:00:00,4.54,5.965142165701854
2018-07-28 12:15:00,4.68,8.318409267786969
2018-07-28 12:30:00,4.5,5.4027528168370065
2018-07-28 12:45:00,4.39,5.536498670755477
2018-07-28 13:00:00,35.93,30.23364482855884
2018-07-28 13:15:00,47.27,46.711055106970655
2018-07-28 13:30:00,46.01,53.47749779187653
2018-07-28 13:45:00,45.29,48.08590231991859
2018-07-28 14:00:00,71.53,48.85345127369705
2018-07-28 14:15:00,44.89,51.56656967598866
2018-07-28 14:30:00,63.9,67.71645751058752
2018-07-28 14:45:00,49.9,50.04289161782981
2018-07-28 15:00:00,44.53,59.190592312956284
2018-07-28 15:15:00,41.65,59.04643073113877
2018-07-28 15:30:00,44.57,47.744635783740144
2018-07-28 15:45:00,50.94,42.03719946459695
2018-07-28 16:00:00,50.58,48.22854487199309
2018-07-28 16:15:00,48.92,58.214580026174644
2018-07-28 16:30:00,33.98,58.16180730938581
2018-07-28 16:45:00,22.82,44.770037945049644
2018-07-28 17:00:00,11.23,26.591930440642756
2018-07-28 17:15:00,3.49,15.508698134233434
2018-07-28 17:30:00,3.42,9.98908612855152
2018-07-28 17:45:00,3.53,4.870739688679119
2018-07-28 18:00:00,3.35,4.7038914772822995
2018-07-28 18:15:00,3.35,4.30041143824997
2018-07-28 18:30:00,4.1,3.238441787552942
2018-07-28 18:45:00,4.14,3.20116888165433
2018-07-28 19:00:00,2.84,3.970738955283869
2018-07-28 19:15:00,2.95,4.002134352550808
2018-07-28 19:30:00,2.92,3.4203940292673627
2018-07-28 19:45:00,2.84,3.3278469514313325
2018-07-28 20:00:00,2.88,3.085209600014703
2018-07-28 20:15:00,2.92,3.0800811726313255
2018-07-28 20:30:00,2.88,3.0788495051440092
2018-07-28 20:45:00,2.84,3.07625357903434
2018-07-28 21:00:00,2.92,3.0734162837358254
2018-07-28 21:15:00,2.81,3.076261156688791
2018-07-28 21:30:00,2.81,3.0744360802754107
2018-07-28 21:45:00,2.88,3.0715987849768958
2018-07-28 22:00:00,2.7,3.07054435668306
2018-07-28 22:15:00,2.63,3.067779499263103
2018-07-28 22:30:00,2.74,3.067779499263103
2018-07-28 22:45:00,3.13,3.067779499263103
2018-07-28 23:00:00,2.88,3.067779499263103
2018-07-28 23:15:00,2.59,3.1482117979246205
2018-07-28 23:30:00,2.59,3.0725486199695506
2018-07-28 23:45:00,2.74,3.0770497733699615
2018-07-29 00:00:00,2.66,3.06887578512959
2018-07-29 00:15:00,2.66,3.067779499263103
2018-07-29 00:30:00,2.63,3.067779499263103
2018-07-29 00:45:00,3.06,3.067779499263103
2018-07-29 01:00:00,3.13,3.067779499263103
2018-07-29 01:15:00,2.7,3.146972129831612
2018-07-29 01:30:00,2.66,3.1557457760510257
2018-07-29 01:45:00,2.74,3.08181889407641
2018-07-29 02:00:00,2.7,3.078146059236448
2018-07-29 02:15:00,2.66,3.06887578512959
2018-07-29 02:30:00,2.66,3.067779499263103
2018-07-29 02:45:00,2.66,3.067779499263103
2018-07-29 03:00:00,2.7,3.067779499263103
2018-07-29 03:15:00,2.74,3.07054435668306
2018-07-29 03:30:00,2.74,3.07054435668306
2018-07-29 03:45:00,2.66,3.067779499263103
2018-07-29 04:00:00,3.02,3.067779499263103
2018-07-29 04:15:00,3.06,3.067779499263103
2018-07-29 04:30:00,2.7,3.11837394183834
2018-07-29 04:45:00,2.7,3.1517412505380604
2018-07-29 05:00:00,2.74,3.08181889407641
2018-07-29 05:15:00,2.66,3.078146059236448
2018-07-29 05:30:00,2.7,3.06887578512959
2018-07-29 05:45:00,2.7,3.068910771469271
2018-07-29 06:00:00,2.66,3.067779499263103
2018-07-29 06:15:00,2.66,3.067779499263103
2018-07-29 06:30:00,2.88,3.067779499263103
2018-07-29 06:45:00,3.28,3.067779499263103
2018-07-29 07:00:00,2.95,3.067779499263103
2018-07-29 07:15:00,2.66,3.2366888050353064
2018-07-29 07:30:00,2.81,3.510824575053908
2018-07-29 07:45:00,3.17,3.671099497183986
2018-07-29 08:00:00,19.73,8.249790203996973
2018-07-29 08:15:00,34.7,17.47524461687773
2018-07-29 08:30:00,32.54,25.87278132819193
2018-07-29 08:45:00,35.39,34.645379020213966
2018-07-29 09:00:00,35.89,33.21309759915343
2018-07-29 09:15:00,32.51,32.74769772172586
2018-07-29 09:30:00,35.28,32.90321381932443
2018-07-29 09:45:00,32.47,32.664622514223744
2018-07-29 10:00:00,31.86,32.614988947790174
2018-07-29 10:15:00,35.14,32.56630331960082
2018-07-29 10:30:00,32.15,32.50300015862773
2018-07-29 10:45:00,35.39,32.73001578345451
2018-07-29 11:00:00,32.69,32.658126352511246
2018-07-29 11:15:00,34.99,32.58602402937526
2018-07-29 11:30:00,34.16,32.670993772388194
2018-07-29 11:45:00,11.09,17.788741602689797
2018-07-29 12:00:00,3.42,7.190658882121219
2018-07-29 12:15:00,3.53,6.394235585528111
2018-07-29 12:30:00,3.49,5.446906934237771
2018-07-29 12:45:00,3.56,5.468701420145156
2018-07-29 13:00:00,12.02,25.053322489006142
2018-07-29 13:15:00,33.98,25.492230092250644
2018-07-29 13:30:00,32.62,28.26348594841847
2018-07-29 13:45:00,33.55,36.098853739627
2018-07-29 14:00:00,35.42,34.48037371938159
2018-07-29 14:15:00,34.63,34.21387081785551
2018-07-29 14:30:00,32.72,34.153309215538805
2018-07-29 14:45:00,33.3,34.01025049800002
2018-07-29 15:00:00,28.73,33.9574938328961
2018-07-29 15:15:00,34.92,33.909459246849586
2018-07-29 15:30:00,33.8,27.196828275156484
2018-07-29 15:45:00,34.02,34.308311542148815
2018-07-29 16:00:00,35.06,33.60058118760452
2018-07-29 16:15:00,32.54,32.49675597288708
2018-07-29 16:30:00,32.72,30.646690272378795
2018-07-29 16:45:00,5.47,30.634303969123106
2018-07-29 17:00:00,3.35,30.634303969123106
2018-07-29 17:15:00,3.02,4.764432775250764
2018-07-29 17:30:00,2.99,4.934640176023485
2018-07-29 17:45:00,3.02,4.9689045257845486
2018-07-29 18:00:00,2.81,3.4329703229147297
2018-07-29 18:15:00,2.81,3.1351022700877773
2018-07-29 18:30:00,2.95,3.0851444359780276
2018-07-29 18:45:00,3.53,3.0849141159153377
2018-07-29 19:00:00,3.42,3.104917103210555
2018-07-29 19:15:00,2.92,3.2199819742637255
2018-07-29 19:30:00,2.92,3.210592812856118
2018-07-29 19:45:00,2.95,3.08752811642769
2018-07-29 20:00:00,3.02,3.0838552815877285
2018-07-29 20:15:00,2.95,3.099404630262669
2018-07-29 20:30:00,3.06,3.1223931031136747
2018-07-29 20:45:00,3.02,3.1043091325899463
2018-07-29 21:00:00,3.02,3.1597233459379983
2018-07-29 21:15:00,3.1,3.125471015898591
2018-07-29 21:30:00,3.64,3.1324133366516462
2018-07-29 21:45:00,3.02,3.1633474786044142
2018-07-29 22:00:00,2.99,3.235145876953918
2018-07-29 22:15:00,2.77,3.1335096225181336
2018-07-29 22:30:00,2.63,3.1178961701575254
2018-07-29 22:45:00,2.66,3.082915179942897
2018-07-29 23:00:00,2.66,3.0747385307988573
2018-07-29 23:15:00,3.17,3.06887578512959
2018-07-29 23:30:00,3.24,3.067779499263103
2018-07-29 23:45:00,2.63,3.1482117979246205
2018-07-30 00:00:00,2.66,3.1539766852376196
2018-07-30 00:15:00,2.66,3.08181889407641
2018-07-30 00:30:00,2.74,3.078146059236448
2018-07-30 00:45:00,2.7,3.06887578512959
2018-07-30 01:00:00,2.7,3.079996891913833
2018-07-30 01:15:00,2.81,3.068910771469271
2018-07-30 01:30:00,2.74,3.067779499263103
2018-07-30 01:45:00,2.77,3.067779499263103
2018-07-30 02:00:00,2.77,3.067779499263103
2018-07-30 02:15:00,2.95,3.067779499263103
2018-07-30 02:30:00,3.35,3.067779499263103
2018-07-30 02:45:00,2.88,3.0967156968265384
2018-07-30 03:00:00,2.77,3.151634078236863
2018-07-30 03:15:00,2.7,3.0737802874568665
2018-07-30 03:30:00,2.77,3.0770497733699615
2018-07-30 03:45:00,2.77,3.06887578512959
2018-07-30 04:00:00,2.7,3.067779499263103
2018-07-30 04:15:00,2.74,3.067779499263103
2018-07-30 04:30:00,2.81,3.067779499263103
2018-07-30 04:45:00,2.74,3.067779499263103
2018-07-30 05:00:00,2.74,3.067779499263103
2018-07-30 05:15:00,2.66,3.067779499263103
2018-07-30 05:30:00,3.13,3.067779499263103
2018-07-30 05:45:00,2.88,3.067779499263103
2018-07-30 06:00:00,2.7,3.1482117979246205
2018-07-30 06:15:00,2.74,3.0725486199695506
2018-07-30 06:30:00,2.7,3.0770497733699615
2018-07-30 06:45:00,2.66,3.06887578512959
2018-07-30 07:00:00,2.63,3.068910771469271
2018-07-30 07:15:00,3.06,3.2813708719599752
2018-07-30 07:30:00,3.78,3.908685149909624
2018-07-30 07:45:00,3.56,4.2160031983988615
2018-07-30 08:00:00,27.32,30.90670675698735
2018-07-30 08:15:00,62.68,57.00455059020607
2018-07-30 08:30:00,56.16,50.165334255665236
2018-07-30 08:45:00,58.68,64.83342456827276
2018-07-30 09:00:00,58.72,59.622074603170084
2018-07-30 09:15:00,57.2,59.80800991182569
2018-07-30 09:30:00,62.21,60.151953665841745
2018-07-30 09:45:00,59.94,58.62206560058331
2018-07-30 10:00:00,47.84,60.31231494778653
2018-07-30 10:15:00,50.76,60.29917736076147
2018-07-30 10:30:00,48.28,56.692355346127904
2018-07-30 10:45:00,54.14,59.608140675827606
2018-07-30 11:00:00,44.28,56.34429165101383
2018-07-30 11:15:00,56.99,59.422571519844
2018-07-30 11:30:00,44.39,48.57459680520846
2018-07-30 11:45:00,34.02,58.475623257003846
2018-07-30 12:00:00,5.04,6.090109075866237
2018-07-30 12:15:00,7.09,5.568743427677171
2018-07-30 12:30:00,6.01,5.118654889980981
2018-07-30 12:45:00,5.9,8.475064021442865
2018-07-30 13:00:00,18.83,49.391724662949954
2018-07-30 13:15:00,60.41,48.29987532278145
2018-07-30 13:30:00,66.85,50.91925357041592
2018-07-30 13:45:00,53.06,64.74110755478414
2018-07-30 14:00:00,48.64,66.73119558125563
2018-07-30 14:15:00,50.36,59.60452153608606
2018-07-30 14:30:00,59.15,56.983121476042285
2018-07-30 14:45:00,76.14,59.47898700840758
2018-07-30 15:00:00,74.81,59.636095709065366
2018-07-30 15:15:00,74.74,72.2836071272699
2018-07-30 15:30:00,83.77,72.47496561829959
2018-07-30 15:45:00,106.52,72.40158547985631
2018-07-30 16:00:00,85.64,75.11291472294965
2018-07-30 16:15:00,83.74,90.45866954753505
2018-07-30 16:30:00,75.67,82.62299349707656
2018-07-30 16:45:00,92.12,77.40021545687672
2018-07-30 17:00:00,74.99,74.80291343966428
2018-07-30 17:15:00,62.14,78.80191506163195
2018-07-30 17:30:00,41.18,48.47184080801844
2018-07-30 17:45:00,31.75,36.348074001428905
2018-07-30 18:00:00,51.95,54.68226410211266
2018-07-30 18:15:00,54.83,54.78614668706518
2018-07-30 18:30:00,73.08,59.98770523447937
2018-07-30 18:45:00,75.35,58.223578131427566
2018-07-30 19:00:00,60.55,72.53815796975766
2018-07-30 19:15:00,72.29,73.05926960898428
2018-07-30 19:30:00,86.08,60.30847572007715
2018-07-30 19:45:00,57.85,70.4796068642543
2018-07-30 20:00:00,81.43,75.60586529005977
2018-07-30 20:15:00,85.75,61.128734965194944
2018-07-30 20:30:00,51.23,67.53160500587681
2018-07-30 20:45:00,23.76,64.96764034644639
2018-07-30 21:00:00,3.85,12.243595118680473
2018-07-30 21:15:00,4.07,6.020588685497943
2018-07-30 21:30:00,3.2,4.198232505063208
2018-07-30 21:45:00,3.13,4.279114513094771
2018-07-30 22:00:00,2.99,4.9344577461037975
2018-07-30 22:15:00,2.84,3.3871332570858463
2018-07-30 22:30:00,2.84,3.126607067956099
2018-07-30 22:45:00,2.81,3.085787106995662
2018-07-30 23:00:00,2.81,3.0776104578516223
2018-07-30 23:15:00,2.74,3.0717477121823555
2018-07-30 23:30:00,2.7,3.0706514263158677
2018-07-30 23:45:00,2.84,3.0706514263158677
2018-07-31 00:00:00,2.95,3.0706514263158677
2018-07-31 00:15:00,3.28,3.073496299268834
2018-07-31 00:30:00,3.42,3.0983083443961816
2018-07-31 00:45:00,3.02,3.153226725806506
2018-07-31 01:00:00,2.84,3.2094615406499503
2018-07-31 01:15:00,2.81,3.1324133366516462
2018-07-31 01:30:00,2.88,3.082915179942897
2018-07-31 01:45:00,2.95,3.078146059236448
2018-07-31 02:00:00,2.88,3.06887578512959
2018-07-31 02:15:00,2.84,3.097846969032706
2018-07-31 02:30:00,3.56,3.0702060129687943
2018-07-31 02:45:00,3.13,3.0690111667504194
2018-07-31 03:00:00,2.95,3.2071752754049374
2018-07-31 03:15:00,2.99,3.1529809186310684
2018-07-31 03:30:00,2.95,3.110755091639845
2018-07-31 03:45:00,2.92,3.115553563156768
2018-07-31 04:00:00,3.17,3.10381277088679
2018-07-31 04:15:00,3.28,3.078906053936576
2018-07-31 04:30:00,3.17,3.1505397512784232
2018-07-31 04:45:00,3.13,3.1539766852376196
2018-07-31 05:00:00,3.02,3.162251192737927
2018-07-31 05:15:00,3.56,3.1633474786044142
2018-07-31 05:30:00,3.28,3.1335096225181336
2018-07-31 05:45:00,3.06,3.2210919284467634
2018-07-31 06:00:00,3.06,3.1643432452109654
2018-07-31 06:15:00,3.17,3.162107810511406
2018-07-31 06:30:00,3.06,3.162107810511406
2018-07-31 06:45:00,3.06,3.1644019068982505
2018-07-31 07:00:00,3.17,3.1632390827175745
2018-07-31 07:15:00,3.42,3.3427642231765615
2018-07-31 07:30:00,5.08,3.9286200646055494
2018-07-31 07:45:00,27.25,4.6478732366948226
2018-07-31 08:00:00,58.36,38.89168112529856
2018-07-31 08:15:00,80.1,66.81503555769797
2018-07-31 08:30:00,90.61,69.50220437668169
2018-07-31 08:45:00,64.84,80.1298856575774
2018-07-31 09:00:00,78.41,79.20183763120016
2018-07-31 09:15:00,55.94,66.43171570738473
2018-07-31 09:30:00,67.54,73.51114809516666
2018-07-31 09:45:00,78.84,62.52896142397435
2018-07-31 10:00:00,53.24,65.8732304072094
2018-07-31 10:15:00,63.86,73.04180698633624
2018-07-31 10:30:00,66.1,61.87134961172553
2018-07-31 10:45:00,60.23,62.47963741402555
2018-07-31 11:00:00,81.79,65.50548268067092
2018-07-31 11:15:00,84.85,61.64577050804104
2018-07-31 11:30:00,83.52,73.40977882844477
2018-07-31 11:45:00,58.1,76.38089798538087
2018-07-31 12:00:00,6.01,9.125343177879536
2018-07-31 12:15:00,6.23,8.544140728551104
2018-07-31 12:30:00,6.23,5.583028251220735
2018-07-31 12:45:00,6.19,5.668091885545974
2018-07-31 13:00:00,58.32,56.61351589501425
2018-07-31 13:15:00,115.56,53.693810565182574
2018-07-31 13:30:00,57.67,80.32438367277045
2018-07-31 13:45:00,38.2,94.77978944878299
2018-07-31 14:00:00,42.41,64.96296775843345
2018-07-31 14:15:00,52.2,50.682154047150796
2018-07-31 14:30:00,48.17,57.661867465289745
2018-07-31 14:45:00,49.79,61.313867513069965
2018-07-31 15:00:00,50.62,56.40104251733941
2018-07-31 15:15:00,44.57,60.54082906624539
2018-07-31 15:30:00,41.36,60.33470638463564
2018-07-31 15:45:00,37.8,49.16158194232085
2018-07-31 16:00:00,31.72,44.741607516794495
2018-07-31 16:15:00,28.98,42.559184769443306
2018-07-31 16:30:00,28.48,39.284093458073855
2018-07-31 16:45:00,11.38,36.52745336068085
2018-07-31 17:00:00,10.8,33.40506366868297
2018-07-31 17:15:00,4.21,6.425336662570752
2018-07-31 17:30:00,3.42,17.514834919277618
2018-07-31 17:45:00,4.57,4.569400931537919
2018-07-31 18:00:00,3.78,4.04978245356659
2018-07-31 18:15:00,3.42,4.470531830556586
2018-07-31 18:30:00,3.38,3.961577447491404
2018-07-31 18:45:00,3.1,3.9597570737355534
2018-07-31 19:00:00,2.88,3.9529360940723746
2018-07-31 19:15:00,2.88,3.6078042473188425
2018-07-31 19:30:00,2.92,3.5443493385878524
2018-07-31 19:45:00,2.99,3.5192221180762653
2018-07-31 20:00:00,2.92,3.5151052753145793
2018-07-31 20:15:00,2.95,3.476516057973642
2018-07-31 20:30:00,2.95,3.100998502676396
2018-07-31 20:45:00,2.95,3.125749434780876
2018-07-31 21:00:00,2.99,3.179586149597853
2018-07-31 21:15:00,3.06,3.115786460019738
2018-07-31 21:30:00,3.02,3.118528175975166
2018-07-31 21:45:00,3.06,3.165082423329804
2018-07-31 22:00:00,2.88,3.1355727094557775
2018-07-31 22:15:00,2.81,3.164952683464372
2018-07-31 22:30:00,2.88,3.0857600528958624
2018-07-31 22:45:00,3.24,3.080990932189414
2018-07-31 23:00:00,3.31,3.06887578512959
2018-07-31 23:15:00,2.77,3.1492075645311712
2018-07-31 23:30:00,2.77,3.1539766852376196
2018-07-31 23:45:00,2.63,3.08181889407641
2018-08-01 00:00:00,3.2,3.017719516456384
2018-08-01 00:15:00,2.66,3.010386723557047
2018-08-01 00:30:00,2.63,3.1326287713297103
2018-08-01 00:45:00,2.66,3.01635792455837
2018-08-01 01:00:00,2.63,3.0151429566864296
2018-08-01 01:15:00,2.7,3.010386723557047
2018-08-01 01:30:00,2.7,3.0095176014235494
2018-08-01 01:45:00,2.66,3.0095176014235494
2018-08-01 02:00:00,2.74,3.0095176014235494
2018-08-01 02:15:00,2.66,3.0095176014235494
2018-08-01 02:30:00,2.7,3.0103944988698026
2018-08-01 02:45:00,2.66,3.0095176014235494
2018-08-01 03:00:00,2.7,3.0095176014235494
2018-08-01 03:15:00,2.74,3.0095176014235494
2018-08-01 03:30:00,2.81,3.0095176014235494
2018-08-01 03:45:00,2.7,3.0103944988698026
2018-08-01 04:00:00,3.24,3.011225039060007
2018-08-01 04:15:00,2.77,3.0095176014235494
2018-08-01 04:30:00,3.2,3.1290178482580786
2018-08-01 04:45:00,2.99,3.018065362194828
2018-08-01 05:00:00,2.66,3.1366723945500548
2018-08-01 05:15:00,2.7,3.097632945700121
2018-08-01 05:30:00,2.66,3.0219832798212503
2018-08-01 05:45:00,2.7,3.0173095449317846
2018-08-01 06:00:00,2.7,3.015972487157583
2018-08-01 06:15:00,2.66,3.0095176014235494
2018-08-01 06:30:00,2.66,3.0095176014235494
2018-08-01 06:45:00,2.7,3.0095176014235494
2018-08-01 07:00:00,2.66,3.0095176014235494
2018-08-01 07:15:00,2.74,3.2134888994858244
2018-08-01 07:30:00,2.7,3.994710332636994
2018-08-01 07:45:00,2.66,5.192246147825958
2018-08-01 08:00:00,2.63,20.097815527492088
2018-08-01 08:15:00,2.56,26.137514922978383
2018-08-01 08:30:00,3.02,3.7581022544643115
2018-08-01 08:45:00,3.06,3.0625844366778385
2018-08-01 09:00:00,2.77,3.057412427834046
2018-08-01 09:15:00,2.7,3.043675928862187
2018-08-01 09:30:00,2.74,3.0369225335656864
2018-08-01 09:45:00,2.74,3.04051087841163
2018-08-01 10:00:00,3.2,3.0412234922860084
2018-08-01 10:15:00,3.17,3.0352517201841582
2018-08-01 10:30:00,2.81,3.056494867637555
2018-08-01 10:45:00,2.77,3.08530108166273
2018-08-01 11:00:00,2.59,3.065781034918854
2018-08-01 11:15:00,2.56,3.051434432051969
2018-08-01 11:30:00,2.59,3.031071074298611
2018-08-01 11:45:00,2.77,3.2899761067202307
2018-08-01 12:00:00,2.77,3.2559531690729755
2018-08-01 12:15:00,2.81,3.2559531690729755
2018-08-01 12:30:00,2.84,3.2559531690729755
2018-08-01 12:45:00,2.84,3.2600494626776264
2018-08-01 13:00:00,2.74,3.5131892714636335
2018-08-01 13:15:00,2.74,3.026593585263523
2018-08-01 13:30:00,2.74,3.0320770681695057
2018-08-01 13:45:00,2.74,3.008806360298327
2018-08-01 14:00:00,3.31,3.01202771994745
2018-08-01 14:15:00,2.66,3.1869415638568794
2018-08-01 14:30:00,2.66,3.049716523692394
2018-08-01 14:45:00,2.74,3.0166620426167396
2018-08-01 15:00:00,2.7,3.064710112868437
2018-08-01 15:15:00,2.7,3.011723210356164
2018-08-01 15:30:00,2.77,3.012371454556604
2018-08-01 15:45:00,2.74,3.00809486919075
2018-08-01 16:00:00,2.84,3.00809486919075
2018-08-01 16:15:00,3.28,3.475659698372709
2018-08-01 16:30:00,2.84,3.3723893687264717
2018-08-01 16:45:00,2.7,3.3242607346390827
2018-08-01 17:00:00,2.7,3.255757520934998
2018-08-01 17:15:00,2.66,3.2597780888009042
2018-08-01 17:30:00,2.77,3.028948097435422
2018-08-01 17:45:00,2.77,3.028948097435422
2018-08-01 18:00:00,2.66,3.2598173143766696
2018-08-01 18:15:00,2.63,3.2628009552205928
2018-08-01 18:30:00,3.02,3.2596908529604876
2018-08-01 18:45:00,3.35,3.25897899887371
2018-08-01 19:00:00,2.84,3.270669992944912
2018-08-01 19:15:00,2.84,3.3232277992595916
2018-08-01 19:30:00,2.74,3.262652497559906
2018-08-01 19:45:00,2.81,3.264776014889628
2018-08-01 20:00:00,2.88,3.2628362774423785
2018-08-01 20:15:00,2.84,3.274341316716353
2018-08-01 20:30:00,2.92,3.265064923604523
2018-08-01 20:45:00,2.84,3.028508234132508
2018-08-01 21:00:00,2.88,3.0296818557094487
2018-08-01 21:15:00,2.92,3.017937639588691
2018-08-01 21:30:00,2.88,3.0187241929499784
2018-08-01 21:45:00,2.95,3.019371200620778
2018-08-01 22:00:00,3.06,3.015095172463235
2018-08-01 22:15:00,3.24,3.0907742451230305
2018-08-01 22:30:00,2.74,3.1250923958963455
2018-08-01 22:45:00,2.66,3.13637204441528
2018-08-01 23:00:00,2.74,3.0228601772675034
2018-08-01 23:15:00,2.66,3.016012078819927
2018-08-01 23:30:00,2.59,3.0112636210033004
2018-08-01 23:45:00,2.84,3.0095176014235494
2018-08-02 00:00:00,2.66,3.0095176014235494
2018-08-02 00:15:00,2.63,3.0134394969684504
2018-08-02 00:30:00,2.66,3.0095176014235494
2018-08-02 00:45:00,2.7,3.0095176014235494
2018-08-02 01:00:00,3.13,3.010386723557047
2018-08-02 01:15:00,2.88,3.0095176014235494
2018-08-02 01:30:00,2.7,3.1237203825592523
2018-08-02 01:45:00,2.7,3.0186957590158596
2018-08-02 02:00:00,2.7,3.0187719771731736
2018-08-02 02:15:00,2.74,3.01825366825352
2018-08-02 02:30:00,2.74,3.010386723557047
2018-08-02 02:45:00,2.7,3.0103944988698026
2018-08-02 03:00:00,2.77,3.0103944988698026
2018-08-02 03:15:00,2.7,3.0131466219102934
2018-08-02 03:30:00,2.77,3.011225039060007
2018-08-02 03:45:00,2.77,3.0095176014235494
2018-08-02 04:00:00,2.77,3.011225039060007
2018-08-02 04:15:00,3.17,3.0120941611935046
2018-08-02 04:30:00,3.2,3.011225039060007
2018-08-02 04:45:00,2.74,3.128474593445448
2018-08-02 05:00:00,2.77,3.1342741103054874
2018-08-02 05:15:00,3.24,3.0228601772675034
2018-08-02 05:30:00,2.7,3.017719516456384
2018-08-02 05:45:00,2.66,3.135263877685149
2018-08-02 06:00:00,2.7,3.015488802424873
2018-08-02 06:15:00,2.66,3.016012078819927
2018-08-02 06:30:00,2.7,3.010386723557047
2018-08-02 06:45:00,2.7,3.0095176014235494
2018-08-02 07:00:00,2.59,3.0095176014235494
2018-08-02 07:15:00,2.63,3.189430176517755
2018-08-02 07:30:00,2.7,3.7591790125361317
2018-08-02 07:45:00,2.63,4.475822517036722
2018-08-02 08:00:00,2.59,19.22711337760923
2018-08-02 08:15:00,2.63,24.76633678327451
2018-08-02 08:30:00,2.59,3.95505531648607
2018-08-02 08:45:00,2.77,3.2476591044066097
2018-08-02 09:00:00,2.77,3.238550100344034
2018-08-02 09:15:00,2.74,3.4737833688495856
2018-08-02 09:30:00,2.7,3.2699742503954963
2018-08-02 09:45:00,2.77,3.6830009350298445
2018-08-02 10:00:00,2.81,3.514900538720521
2018-08-02 10:15:00,3.74,3.2618130241106984
2018-08-02 10:30:00,3.64,3.264927729993051
2018-08-02 10:45:00,2.74,16.44544144206114
2018-08-02 11:00:00,2.63,5.127620599452001
2018-08-02 11:15:00,2.59,3.743373295874557
2018-08-02 11:30:00,2.59,3.2713674851987333
2018-08-02 11:45:00,2.59,3.2737622436062814
2018-08-02 12:00:00,2.77,3.25851124841739
2018-08-02 12:15:00,2.81,3.2559531690729755
2018-08-02 12:30:00,2.88,3.2559531690729755
2018-08-02 12:45:00,2.88,3.2559531690729755
2018-08-02 13:00:00,2.81,3.514900538720521
2018-08-02 13:15:00,2.81,3.2665925836255294
2018-08-02 13:30:00,2.92,3.269148066531512
2018-08-02 13:45:00,2.95,3.274100789451117
2018-08-02 14:00:00,2.95,3.2284252721805236
2018-08-02 14:15:00,2.95,3.4587477891217686
2018-08-02 14:30:00,2.88,3.3251648441611454
2018-08-02 14:45:00,2.95,3.2848761826581745
2018-08-02 15:00:00,2.95,3.277473369071789
2018-08-02 15:15:00,2.88,3.276428443602521
2018-08-02 15:30:00,3.1,3.2756794925535706
2018-08-02 15:45:00,3.24,3.277473369071789
2018-08-02 16:00:00,2.92,3.2835064533993386
2018-08-02 16:15:00,3.02,3.448904360569117
2018-08-02 16:30:00,2.99,3.405110766631268
2018-08-02 16:45:00,3.49,3.342836331068588
2018-08-02 17:00:00,2.92,3.3070555264867574
2018-08-02 17:15:00,2.92,3.544978390525771
2018-08-02 17:30:00,2.95,3.046482637434557
2018-08-02 17:45:00,2.95,3.0435579297620334
2018-08-02 18:00:00,2.81,3.107328266428786
2018-08-02 18:15:00,2.88,3.320335134821164
2018-08-02 18:30:00,2.92,3.3832996482886615
2018-08-02 18:45:00,2.95,3.2969840403970414
2018-08-02 19:00:00,2.95,3.305230998148103
2018-08-02 19:15:00,2.95,3.3039379916499025
2018-08-02 19:30:00,2.95,3.3045792386555117
2018-08-02 19:45:00,3.42,3.306427020913576
2018-08-02 20:00:00,3.28,3.306427020913576
2018-08-02 20:15:00,2.95,3.3581305568960342
2018-08-02 20:30:00,2.99,3.1532264035238695
2018-08-02 20:45:00,3.06,3.1070822220911922
2018-08-02 21:00:00,3.06,3.106096041981867
2018-08-02 21:15:00,3.02,3.1395778076614995
2018-08-02 21:30:00,3.42,3.1384616477758294
2018-08-02 21:45:00,3.42,3.1257284524867366
2018-08-02 22:00:00,2.95,3.1599091157146932
2018-08-02 22:15:00,2.81,3.1651652307080003
2018-08-02 22:30:00,2.81,3.1066008119867097
2018-08-02 22:45:00,2.81,3.020315545457414
2018-08-02 23:00:00,2.84,3.014192095303297
2018-08-02 23:15:00,2.81,3.0120941611935046
2018-08-02 23:30:00,2.81,3.0143086191019477
2018-08-02 23:45:00,2.81,3.0120941611935046
2018-08-03 00:00:00,2.81,3.0120941611935046
2018-08-03 00:15:00,3.02,3.0120941611935046
2018-08-03 00:30:00,3.35,3.0120941611935046
2018-08-03 00:45:00,2.84,3.109617067166427
2018-08-03 01:00:00,2.84,3.1342741103054874
2018-08-03 01:15:00,2.88,3.0251902364122367
2018-08-03 01:30:00,2.99,3.019933974364828
2018-08-03 01:45:00,2.88,3.0143086191019477
2018-08-03 02:00:00,2.88,3.093306830091032
2018-08-03 02:15:00,3.17,3.0203514345106437
2018-08-03 02:30:00,3.2,3.0176024199899416
2018-08-03 02:45:00,2.84,3.1307253836410265
2018-08-03 03:00:00,2.84,3.1361530367432184
2018-08-03 03:15:00,2.81,3.0251902364122367
2018-08-03 03:30:00,2.88,3.019933974364828
2018-08-03 03:45:00,2.84,3.0120941611935046
2018-08-03 04:00:00,2.84,3.0143086191019477
2018-08-03 04:15:00,2.84,3.0143086191019477
2018-08-03 04:30:00,2.84,3.015095172463235
2018-08-03 04:45:00,3.31,3.0143086191019477
2018-08-03 05:00:00,2.92,3.0143086191019477
2018-08-03 05:15:00,2.88,3.1290178482580786
2018-08-03 05:30:00,2.81,3.024627462668187
2018-08-03 05:45:00,2.81,3.019933974364828
2018-08-03 06:00:00,2.84,3.0128807145547913
2018-08-03 06:15:00,2.84,3.0128807145547913
2018-08-03 06:30:00,2.88,3.0143086191019477
2018-08-03 06:45:00,2.81,3.0143086191019477
2018-08-03 07:00:00,2.77,3.0143086191019477
2018-08-03 07:15:00,2.84,3.2023988899282134
2018-08-03 07:30:00,3.31,3.6973125257130404
2018-08-03 07:45:00,3.24,4.030966595682744
2018-08-03 08:00:00,2.84,29.436605287812664
2018-08-03 08:15:00,2.74,68.91353837691845
2018-08-03 08:30:00,2.77,3.9875284881073014
2018-08-03 08:45:00,2.99,3.2914363383482397
2018-08-03 09:00:00,3.2,3.2902985252213517
2018-08-03 09:15:00,3.53,3.2663542099164484
2018-08-03 09:30:00,3.06,3.304630592892354
2018-08-03 09:45:00,2.88,3.441499188431158
2018-08-03 10:00:00,2.84,3.3657722069427276
2018-08-03 10:15:00,2.84,3.2023280341867677
2018-08-03 10:30:00,2.88,3.210713727901076
2018-08-03 10:45:00,2.84,3.342100002037912
2018-08-03 11:00:00,2.77,3.8450575097793647
2018-08-03 11:15:00,2.7,3.3730880622902237
2018-08-03 11:30:00,2.74,3.399574644674766
2018-08-03 11:45:00,2.81,3.3849653699242275
2018-08-03 12:00:00,2.95,3.252137259855757
2018-08-03 12:15:00,2.99,3.252137259855757
2018-08-03 12:30:00,3.06,3.252137259855757
2018-08-03 12:45:00,2.99,3.252137259855757
2018-08-03 13:00:00,3.02,3.4265031930415084
2018-08-03 13:15:00,3.2,3.3471216086061584
2018-08-03 13:30:00,3.64,3.3486916336366828
2018-08-03 13:45:00,3.24,3.3265400730787174
2018-08-03 14:00:00,2.99,4.016106866894681
2018-08-03 14:15:00,2.99,3.5152091322860257
2018-08-03 14:30:00,2.99,3.3739434830407498
2018-08-03 14:45:00,2.95,3.6064604283922717
2018-08-03 15:00:00,3.02,3.4401627260862413
2018-08-03 15:15:00,3.02,3.4130153464137525
2018-08-03 15:30:00,3.1,3.431981424987685
2018-08-03 15:45:00,2.95,3.4716120188259083
2018-08-03 16:00:00,2.95,3.4441309244260334
2018-08-03 16:15:00,3.35,3.3896032159738048
2018-08-03 16:30:00,3.35,3.393334448709557
2018-08-03 16:45:00,2.99,3.381275266919103
2018-08-03 17:00:00,2.92,3.36358926222573
2018-08-03 17:15:00,3.02,3.167025926554241
2018-08-03 17:30:00,2.95,3.048814191809443
2018-08-03 17:45:00,2.99,3.1319377690774903
2018-08-03 18:00:00,2.92,3.112422301838072
2018-08-03 18:15:00,2.77,3.308491337017914
2018-08-03 18:30:00,2.92,3.3104022229748984
2018-08-03 18:45:00,2.99,3.305512578393724
2018-08-03 19:00:00,2.95,3.299850128288081
2018-08-03 19:15:00,2.99,3.3060915936231243
2018-08-03 19:30:00,2.92,3.306427020913576
2018-08-03 19:45:00,2.99,3.1106714837748397
2018-08-03 20:00:00,2.99,3.045286770656355
2018-08-03 20:15:00,3.2,3.1588767029158245
2018-08-03 20:30:00,3.6,3.309458521701268
2018-08-03 20:45:00,3.02,3.1490279998588067
2018-08-03 21:00:00,3.06,3.167995411777732
2018-08-03 21:15:00,3.42,3.1279639396974286
2018-08-03 21:30:00,3.42,3.1430122791072
2018-08-03 21:45:00,3.02,3.169434599968655
2018-08-03 22:00:00,2.88,3.1631743705854247
2018-08-03 22:15:00,2.81,3.127694424225686
2018-08-03 22:30:00,2.81,3.0251902364122367
2018-08-03 22:45:00,2.74,3.017719516456384
2018-08-03 23:00:00,2.81,3.0128807145547913
2018-08-03 23:15:00,2.7,3.0112636210033004
2018-08-03 23:30:00,2.74,3.0120941611935046
2018-08-03 23:45:00,2.7,3.010386723557047
2018-08-04 00:00:00,2.77,3.0103944988698026
2018-08-04 00:15:00,2.74,3.010386723557047
2018-08-04 00:30:00,2.77,3.011225039060007
2018-08-04 00:45:00,2.84,3.0103944988698026
2018-08-04 01:00:00,2.84,3.011225039060007
2018-08-04 01:15:00,2.99,3.0143086191019477
2018-08-04 01:30:00,3.42,3.0190252605689865
2018-08-04 01:45:00,3.17,3.0912058141315644
2018-08-04 02:00:00,3.28,3.1485270899908353
2018-08-04 02:15:00,2.84,3.138094440947961
2018-08-04 02:30:00,2.84,3.1446988071734214
2018-08-04 02:45:00,2.84,3.0288192568989807
2018-08-04 03:00:00,2.88,3.019933974364828
2018-08-04 03:15:00,2.81,3.0213890104371344
2018-08-04 03:30:00,2.84,3.0213890104371344
2018-08-04 03:45:00,2.81,3.0120941611935046
2018-08-04 04:00:00,2.84,3.015095172463235
2018-08-04 04:15:00,2.84,3.0120941611935046
2018-08-04 04:30:00,2.84,3.0143086191019477
2018-08-04 04:45:00,2.88,3.0143086191019477
2018-08-04 05:00:00,2.84,3.0143086191019477
2018-08-04 05:15:00,2.88,3.0143086191019477
2018-08-04 05:30:00,2.84,3.0143086191019477
2018-08-04 05:45:00,2.81,3.015095172463235
2018-08-04 06:00:00,2.84,3.0143086191019477
2018-08-04 06:15:00,2.81,3.0128807145547913
2018-08-04 06:30:00,3.24,3.0143086191019477
2018-08-04 06:45:00,2.99,3.0120941611935046
2018-08-04 07:00:00,2.77,3.1290178482580786
2018-08-04 07:15:00,2.77,3.2586357333902134
2018-08-04 07:30:00,3.38,3.6267009251508666
2018-08-04 07:45:00,3.17,3.92776488593711
2018-08-04 08:00:00,2.77,15.50222019386887
2018-08-04 08:15:00,2.77,31.225191501973853
2018-08-04 08:30:00,2.59,3.9810190880219625
2018-08-04 08:45:00,2.81,3.2487514914677122
2018-08-04 09:00:00,2.88,3.2487514914677122
2018-08-04 09:15:00,2.81,3.4255127284594606
2018-08-04 09:30:00,2.77,3.266171463507853
2018-08-04 09:45:00,2.81,3.2976559397308898
2018-08-04 10:00:00,2.77,3.3187299324048833
2018-08-04 10:15:00,2.74,3.402060826099901
2018-08-04 10:30:00,2.88,3.392131247154865
2018-08-04 10:45:00,3.2,3.2710571543465488
2018-08-04 11:00:00,2.56,3.265719730104125
2018-08-04 11:15:00,2.63,3.771163568831753
2018-08-04 11:30:00,2.56,3.2639675028064503
2018-08-04 11:45:00,2.59,3.2487514914677122
2018-08-04 12:00:00,2.7,3.2401678744464992
2018-08-04 12:15:00,2.81,3.2401678744464992
2018-08-04 12:30:00,2.92,3.2401678744464992
2018-08-04 12:45:00,2.81,3.2401678744464992
2018-08-04 13:00:00,2.81,3.2487514914677122
2018-08-04 13:15:00,2.74,3.2639675028064503
2018-08-04 13:30:00,2.77,3.6242192436366683
2018-08-04 13:45:00,2.74,3.316397640450221
2018-08-04 14:00:00,3.17,3.263242182445562
2018-08-04 14:15:00,3.35,3.454876103796085
2018-08-04 14:30:00,2.88,3.2983463787958907
2018-08-04 14:45:00,2.84,3.3059242063119423
2018-08-04 15:00:00,3.38,3.323848292793384
2018-08-04 15:15:00,2.81,3.211800951262906
2018-08-04 15:30:00,2.74,3.3494986742874557
2018-08-04 15:45:00,2.74,3.2746760848620458
2018-08-04 16:00:00,2.77,3.2745523138323938
2018-08-04 16:15:00,2.74,3.389538804650906
2018-08-04 16:30:00,2.81,3.7053515544127613
2018-08-04 16:45:00,2.74,3.193246767443366
2018-08-04 17:00:00,2.74,3.026293776224065
2018-08-04 17:15:00,2.74,3.0112636210033004
2018-08-04 17:30:00,2.7,3.0103944988698026
2018-08-04 17:45:00,2.74,3.0112636210033004
2018-08-04 18:00:00,2.66,3.0095176014235494
2018-08-04 18:15:00,2.74,3.0103944988698026
2018-08-04 18:30:00,2.88,3.0165979927587365
2018-08-04 18:45:00,2.88,3.0174748902049897
2018-08-04 19:00:00,2.88,3.0134394969684504
2018-08-04 19:15:00,2.88,3.0134394969684504
2018-08-04 19:30:00,2.84,3.014226050329737
2018-08-04 19:45:00,3.2,3.015095172463235
2018-08-04 20:00:00,3.17,3.015095172463235
2018-08-04 20:15:00,2.92,3.1298044016193654
2018-08-04 20:30:00,2.99,3.133730855492857
2018-08-04 20:45:00,2.95,3.0302528179310673
2018-08-04 21:00:00,2.95,3.0989614453775784
2018-08-04 21:15:00,2.92,3.099302392651053
2018-08-04 21:30:00,3.06,3.09726359865632
2018-08-04 21:45:00,3.53,3.0233502247776856
2018-08-04 22:00:00,3.06,3.1256150596741787
2018-08-04 22:15:00,2.74,3.147806369217369
2018-08-04 22:30:00,2.81,3.1368357717994053
2018-08-04 22:45:00,2.74,3.0228601772675034
2018-08-04 23:00:00,2.74,3.017719516456384
2018-08-04 23:15:00,2.7,3.0112636210033004
2018-08-04 23:30:00,2.74,3.0103944988698026
2018-08-04 23:45:00,2.63,3.010386723557047
2018-08-05 00:00:00,3.1,3.0103944988698026
2018-08-05 00:15:00,3.06,3.0095176014235494
2018-08-05 00:30:00,2.81,3.1237203825592523
2018-08-05 00:45:00,2.77,3.1276810145353515
2018-08-05 01:00:00,2.77,3.022821595324211
2018-08-05 01:15:00,2.77,3.017719516456384
2018-08-05 01:30:00,2.81,3.0120941611935046
2018-08-05 01:45:00,2.77,3.0120941611935046
2018-08-05 02:00:00,2.81,3.0120941611935046
2018-08-05 02:15:00,2.81,3.0120941611935046
2018-08-05 02:30:00,2.81,3.0120941611935046
2018-08-05 02:45:00,2.84,3.0120941611935046
2018-08-05 03:00:00,2.84,3.0120941611935046
2018-08-05 03:15:00,2.81,3.0143086191019477
2018-08-05 03:30:00,2.88,3.0143086191019477
2018-08-05 03:45:00,3.2,3.0120941611935046
2018-08-05 04:00:00,3.49,3.0143086191019477
2018-08-05 04:15:00,2.92,3.1290178482580786
2018-08-05 04:30:00,2.81,3.1463861129750597
2018-08-05 04:45:00,2.99,3.0302528179310673
2018-08-05 05:00:00,3.2,3.017719516456384
2018-08-05 05:15:00,2.84,3.0952642529734664
2018-08-05 05:30:00,2.81,3.1378850333771204
2018-08-05 05:45:00,2.81,3.0228586820373504
2018-08-05 06:00:00,2.74,3.017719516456384
2018-08-05 06:15:00,2.84,3.0120941611935046
2018-08-05 06:30:00,2.81,3.0112636210033004
2018-08-05 06:45:00,2.77,3.0143086191019477
2018-08-05 07:00:00,2.74,3.0120941611935046
2018-08-05 07:15:00,2.77,3.164210378432662
2018-08-05 07:30:00,2.7,3.5323601826446414
2018-08-05 07:45:00,2.77,4.001918814207158
2018-08-05 08:00:00,2.74,5.741801655695829
2018-08-05 08:15:00,2.74,6.139023077551745
2018-08-05 08:30:00,2.77,3.2923503899094815
2018-08-05 08:45:00,2.99,3.2487514914677122
2018-08-05 09:00:00,3.06,3.2487514914677122
2018-08-05 09:15:00,3.02,3.2487514914677122
2018-08-05 09:30:00,3.1,3.2487514914677122
2018-08-05 09:45:00,3.67,3.2487514914677122
2018-08-05 10:00:00,3.42,3.2487514914677122
2018-08-05 10:15:00,3.6,3.2487514914677122
2018-08-05 10:30:00,3.06,3.2487514914677122
2018-08-05 10:45:00,2.95,3.2487514914677122
2018-08-05 11:00:00,2.84,3.2487514914677122
2018-08-05 11:15:00,2.84,3.2487514914677122
2018-08-05 11:30:00,2.81,3.2487514914677122
2018-08-05 11:45:00,2.81,3.2468222473955644
2018-08-05 12:00:00,2.95,3.242776513730162
2018-08-05 12:15:00,2.95,3.242776513730162
2018-08-05 12:30:00,2.99,3.243840098939166
2018-08-05 12:45:00,2.92,3.243840098939166
2018-08-05 13:00:00,2.99,3.2468222473955644
2018-08-05 13:15:00,2.92,3.2487514914677122
2018-08-05 13:30:00,2.99,3.2487514914677122
2018-08-05 13:45:00,3.06,3.2487514914677122
2018-08-05 14:00:00,2.92,3.2487514914677122
2018-08-05 14:15:00,2.95,3.2487514914677122
2018-08-05 14:30:00,3.17,3.2487514914677122
2018-08-05 14:45:00,3.17,3.2487514914677122
2018-08-05 15:00:00,3.17,3.2487514914677122
2018-08-05 15:15:00,3.13,3.2487514914677122
2018-08-05 15:30:00,3.13,3.2487514914677122
2018-08-05 15:45:00,3.17,3.2487514914677122
2018-08-05 16:00:00,3.2,3.2487514914677122
2018-08-05 16:15:00,3.49,3.8939967333882803
2018-08-05 16:30:00,3.67,3.668152397314662
2018-08-05 16:45:00,3.35,3.2894842057339706
2018-08-05 17:00:00,3.6,3.1767178629930184
2018-08-05 17:15:00,3.13,3.1606766923716667
2018-08-05 17:30:00,3.1,3.563908659125463
2018-08-05 17:45:00,3.1,3.1599215583190774
2018-08-05 18:00:00,2.81,3.149007051170035
2018-08-05 18:15:00,2.74,3.1443774312977855
2018-08-05 18:30:00,2.92,3.0236907174577077
2018-08-05 18:45:00,3.06,3.01688897626618
2018-08-05 19:00:00,3.06,3.019371200620778
2018-08-05 19:15:00,3.1,3.127535886531652
2018-08-05 19:30:00,3.1,3.129967778868716
2018-08-05 19:45:00,3.06,3.138131401870715
2018-08-05 20:00:00,3.13,3.1407665082261538
2018-08-05 20:15:00,3.1,3.143081801226476
2018-08-05 20:30:00,3.1,3.1443774312977855
2018-08-05 20:45:00,3.1,3.1443774312977855
2018-08-05 21:00:00,3.13,3.1443774312977855
2018-08-05 21:15:00,3.13,3.1443774312977855
2018-08-05 21:30:00,3.17,3.14568334503945
2018-08-05 21:45:00,3.2,3.1443774312977855
2018-08-05 22:00:00,3.53,3.1476314312119045
2018-08-05 22:15:00,2.84,3.148174686024535
2018-08-05 22:30:00,3.31,3.165189760835783
2018-08-05 22:45:00,3.06,3.0251902364122367
2018-08-05 23:00:00,2.74,3.1429184239771253
2018-08-05 23:15:00,2.77,3.1354272549344997
2018-08-05 23:30:00,2.74,3.0228601772675034
2018-08-05 23:45:00,2.88,3.017719516456384
2018-08-06 00:00:00,2.66,3.0112636210033004
2018-08-06 00:15:00,2.66,3.0134394969684504
2018-08-06 00:30:00,2.63,3.010386723557047
2018-08-06 00:45:00,2.66,3.010304154784836
2018-08-06 01:00:00,2.66,3.010386723557047
2018-08-06 01:15:00,2.66,3.0095176014235494
2018-08-06 01:30:00,2.74,3.0095176014235494
2018-08-06 01:45:00,2.7,3.0095176014235494
2018-08-06 02:00:00,2.66,3.0103944988698026
2018-08-06 02:15:00,3.1,3.0095176014235494
2018-08-06 02:30:00,2.92,3.0095176014235494
2018-08-06 02:45:00,2.59,3.1237203825592523
2018-08-06 03:00:00,2.63,3.02375834053469
2018-08-06 03:15:00,2.63,3.0151429566864296
2018-08-06 03:30:00,2.74,3.011173276918334
2018-08-06 03:45:00,2.74,3.010386723557047
2018-08-06 04:00:00,2.63,3.0103944988698026
2018-08-06 04:15:00,2.7,3.0103944988698026
2018-08-06 04:30:00,3.24,3.0095176014235494
2018-08-06 04:45:00,2.81,3.0095176014235494
2018-08-06 05:00:00,2.63,3.1290178482580786
2018-08-06 05:15:00,2.59,3.0171962400613306
2018-08-06 05:30:00,2.63,3.0151429566864296
2018-08-06 05:45:00,2.56,3.010386723557047
2018-08-06 06:00:00,2.59,3.010386723557047
2018-08-06 06:15:00,2.59,3.0095176014235494
2018-08-06 06:30:00,2.59,3.0095176014235494
2018-08-06 06:45:00,2.77,3.0095176014235494
2018-08-06 07:00:00,4.14,3.0095176014235494
2018-08-06 07:15:00,4.0,3.1903070739640085
2018-08-06 07:30:00,3.96,4.647334651439427
2018-08-06 07:45:00,3.56,5.024727608377444
2018-08-06 08:00:00,26.78,34.05084359359286
2018-08-06 08:15:00,58.14,58.03033631358735
2018-08-06 08:30:00,79.49,49.59410396377536
2018-08-06 08:45:00,83.81,62.47782975290066
2018-08-06 09:00:00,109.22,77.78823718460102
2018-08-06 09:15:00,79.81,76.0845206626137
2018-08-06 09:30:00,93.28,90.50624943078292
2018-08-06 09:45:00,102.24,85.5638723392662
2018-08-06 10:00:00,49.03,85.76841102121526
2018-08-06 10:15:00,57.89,91.82268977000095
2018-08-06 10:30:00,58.9,66.26008461990129
2018-08-06 10:45:00,64.4,62.52706719080913
2018-08-06 11:00:00,106.56,61.07920171774376
2018-08-06 11:15:00,88.52,63.453086489341075
2018-08-06 11:30:00,90.18,88.84561183401348
2018-08-06 11:45:00,103.9,76.04999231190862
2018-08-06 12:00:00,6.84,9.545650798989842
2018-08-06 12:15:00,6.12,7.474267279107761
2018-08-06 12:30:00,6.05,5.973109371779057
2018-08-06 12:45:00,5.87,5.365847726350035
2018-08-06 13:00:00,53.64,53.62946743329992
2018-08-06 13:15:00,97.67,78.89795750444095
2018-08-06 13:30:00,98.93,71.1919603580211
2018-08-06 13:45:00,85.9,89.16184239212221
2018-08-06 14:00:00,49.07,92.210293365438
2018-08-06 14:15:00,55.84,85.22446752616435
2018-08-06 14:30:00,43.42,61.65663282807579
2018-08-06 14:45:00,39.24,62.68323918679134
2018-08-06 15:00:00,39.38,50.00711749842002
2018-08-06 15:15:00,46.51,52.473592882282674
2018-08-06 15:30:00,50.94,45.38463303984612
2018-08-06 15:45:00,49.61,51.565128494825686
2018-08-06 16:00:00,53.86,58.87940419037872
2018-08-06 16:15:00,49.82,58.48833042209202
2018-08-06 16:30:00,55.33,58.519554967995056
2018-08-06 16:45:00,52.67,58.519554967995056
2018-08-06 17:00:00,91.48,58.48571615522608
2018-08-06 17:15:00,98.21,58.54884268001681
2018-08-06 17:30:00,30.89,61.54919274182496
2018-08-06 17:45:00,31.18,47.49174577945883
2018-08-06 18:00:00,85.72,51.12095125641866
2018-08-06 18:15:00,72.97,55.7707988091955
2018-08-06 18:30:00,55.76,79.21364088768946
2018-08-06 18:45:00,96.12,75.45630274487165
2018-08-06 19:00:00,99.18,59.60114588756514
2018-08-06 19:15:00,86.98,86.38982864753038
2018-08-06 19:30:00,113.65,90.92177164207806
2018-08-06 19:45:00,74.09,87.30414307768919
2018-08-06 20:00:00,91.73,90.63508047659413
2018-08-06 20:15:00,118.12,87.61754011926008
2018-08-06 20:30:00,48.92,74.51238539309246
2018-08-06 20:45:00,43.6,47.521885924878944
2018-08-06 21:00:00,8.17,10.971862563243647
2018-08-06 21:15:00,4.9,11.270866898161751
2018-08-06 21:30:00,4.03,5.398022712066117
2018-08-06 21:45:00,3.96,4.432074198049297
2018-08-06 22:00:00,3.82,4.184761141795971
2018-08-06 22:15:00,3.46,4.157068189970598
2018-08-06 22:30:00,3.35,4.0490631876655065
2018-08-06 22:45:00,2.84,3.470000088688434
2018-08-06 23:00:00,2.81,3.40912788219209
2018-08-06 23:15:00,2.7,3.039208214759783
2018-08-06 23:30:00,3.2,3.0192820661321838
2018-08-06 23:45:00,2.84,3.010386723557047
2018-08-07 00:00:00,2.77,3.1326287713297103
2018-08-07 00:15:00,2.88,3.0195648811493565
2018-08-07 00:30:00,2.84,3.0168503943228866
2018-08-07 00:45:00,2.81,3.0143086191019477
2018-08-07 01:00:00,2.74,3.0143086191019477
2018-08-07 01:15:00,3.06,3.0128807145547913
2018-08-07 01:30:00,2.99,3.0112636210033004
2018-08-07 01:45:00,2.99,3.123924963460019
2018-08-07 02:00:00,2.99,3.097962287151051
2018-08-07 02:15:00,2.92,3.1045470488759173
2018-08-07 02:30:00,3.02,3.1022326603297796
2018-08-07 02:45:00,3.24,3.027921263556181
2018-08-07 03:00:00,3.31,3.115467477965157
2018-08-07 03:15:00,3.2,3.137617273577511
2018-08-07 03:30:00,3.74,3.143021029673909
2018-08-07 03:45:00,3.53,3.1445637629529024
2018-08-07 04:00:00,3.24,3.1767178629930184
2018-08-07 04:15:00,3.24,3.1814918596022506
2018-08-07 04:30:00,3.6,3.1606766923716667
2018-08-07 04:45:00,3.74,3.1637188130458265
2018-08-07 05:00:00,3.24,3.1789793829318453
2018-08-07 05:15:00,3.17,3.20276681644766
2018-08-07 05:30:00,3.2,3.1671584684079814
2018-08-07 05:45:00,3.2,3.163175558233196
2018-08-07 06:00:00,3.17,3.1524440552851893
2018-08-07 06:15:00,3.17,3.1485349366361293
2018-08-07 06:30:00,3.17,3.1476314312119045
2018-08-07 06:45:00,3.38,3.1476314312119045
2018-08-07 07:00:00,3.13,3.1476314312119045
2018-08-07 07:15:00,3.31,3.2897910469776668
2018-08-07 07:30:00,3.89,4.088333041191974
2018-08-07 07:45:00,5.54,5.940331408003687
2018-08-07 08:00:00,66.31,54.180567861374975
2018-08-07 08:15:00,93.71,70.55028866759164
2018-08-07 08:30:00,79.52,89.71857734839413
2018-08-07 08:45:00,86.33,90.16731499944262
2018-08-07 09:00:00,86.8,85.96398036445055
2018-08-07 09:15:00,58.46,76.0740166330128
2018-08-07 09:30:00,65.45,78.34773444435633
2018-08-07 09:45:00,108.32,65.97645040785618
2018-08-07 10:00:00,101.59,67.53874227886365
2018-08-07 10:15:00,83.41,89.7357040250201
2018-08-07 10:30:00,112.21,92.94110624357687
2018-08-07 10:45:00,87.01,87.44058941897248
2018-08-07 11:00:00,96.23,91.95087667681945
2018-08-07 11:15:00,82.84,89.57137326406051
2018-08-07 11:30:00,95.87,88.10323665101696
2018-08-07 11:45:00,94.18,89.26448621895526
2018-08-07 12:00:00,10.87,10.513393961916305
2018-08-07 12:15:00,5.98,6.025687689999452
2018-08-07 12:30:00,5.8,6.300755029816034
2018-08-07 12:45:00,5.98,5.362124592221555
2018-08-07 13:00:00,62.64,67.65594214303448
2018-08-07 13:15:00,99.79,86.2137291420153
2018-08-07 13:30:00,103.61,78.7696637084939
2018-08-07 13:45:00,58.54,87.1734399193159
2018-08-07 14:00:00,58.75,90.5874212600854
2018-08-07 14:15:00,50.94,68.79069389186957
2018-08-07 14:30:00,43.49,64.13362882991696
2018-08-07 14:45:00,42.84,64.00746303036662
2018-08-07 15:00:00,49.93,50.48613875902489
2018-08-07 15:15:00,54.11,46.59313903611286
2018-08-07 15:30:00,52.02,59.48327104283385
2018-08-07 15:45:00,56.84,59.392228213364845
2018-08-07 16:00:00,59.4,55.290808971585136
2018-08-07 16:15:00,58.75,55.74401288531134
2018-08-07 16:30:00,47.92,55.67228565131555
2018-08-07 16:45:00,87.19,52.76152856878892
2018-08-07 17:00:00,72.25,50.78310025036586
2018-08-07 17:15:00,104.76,75.1456255315061
2018-08-07 17:30:00,30.31,57.21145581352506
2018-08-07 17:45:00,30.42,52.66983351773904
2018-08-07 18:00:00,75.28,43.361874683779234
2018-08-07 18:15:00,77.22,58.96148906016709
2018-08-07 18:30:00,48.06,77.37851074196287
2018-08-07 18:45:00,49.68,77.56117794774053
2018-08-07 19:00:00,51.73,55.29992212558167
2018-08-07 19:15:00,51.88,56.65823124525401
2018-08-07 19:30:00,47.34,57.589249299527
2018-08-07 19:45:00,47.59,55.17229146002591
2018-08-07 20:00:00,48.35,50.00422404869557
2018-08-07 20:15:00,50.29,50.98027777498708
2018-08-07 20:30:00,50.0,51.42361980184907
2018-08-07 20:45:00,30.13,48.49730379625235
2018-08-07 21:00:00,26.42,11.563635167939358
2018-08-07 21:15:00,15.52,10.499565101682462
2018-08-07 21:30:00,4.14,8.96681962257923
2018-08-07 21:45:00,4.0,5.470784673208301
2018-08-07 22:00:00,3.82,4.37841188711376
2018-08-07 22:15:00,3.56,4.184761141795971
2018-08-07 22:30:00,3.06,4.154296713261823
2018-08-07 22:45:00,2.88,3.657951654491358
2018-08-07 23:00:00,2.88,3.3868815922383835
2018-08-07 23:15:00,2.88,3.0350105187928635
2018-08-07 23:30:00,2.81,3.0214965240406273
2018-08-07 23:45:00,2.66,3.015095172463235
2018-08-08 00:00:00,2.92,3.0128807145547913
2018-08-08 00:15:00,3.46,3.011173276918334
2018-08-08 00:30:00,3.02,3.019371200620778
2018-08-08 00:45:00,3.13,3.1403432975663628
2018-08-08 01:00:00,3.31,3.1171600935472004
2018-08-08 01:15:00,3.17,3.138131401870715
2018-08-08 01:30:00,3.17,3.1445637629529024
2018-08-08 01:45:00,3.13,3.1476314312119045
2018-08-08 02:00:00,3.2,3.146121524099739
2018-08-08 02:15:00,3.28,3.1443774312977855
2018-08-08 02:30:00,3.2,3.148174686024535
2018-08-08 02:45:00,3.67,3.148174686024535
2018-08-08 03:00:00,3.28,3.148174686024535
2018-08-08 03:15:00,3.17,3.1718250642885146
2018-08-08 03:30:00,3.2,3.1524440552851893
2018-08-08 03:45:00,3.17,3.151900800472559
2018-08-08 04:00:00,3.13,3.1524440552851893
2018-08-08 04:15:00,3.17,3.1479916818234988
2018-08-08 04:30:00,3.17,3.1443774312977855
2018-08-08 04:45:00,3.13,3.1476314312119045
2018-08-08 05:00:00,3.17,3.1476314312119045
2018-08-08 05:15:00,3.17,3.1443774312977855
2018-08-08 05:30:00,3.17,3.1476314312119045
2018-08-08 05:45:00,3.53,3.1476314312119045
2018-08-08 06:00:00,3.74,3.1476314312119045
2018-08-08 06:15:00,3.17,3.165189760835783
2018-08-08 06:30:00,3.1,3.1788073066627596
2018-08-08 06:45:00,3.13,3.157036356036071
2018-08-08 07:00:00,3.2,3.1537823561219525
2018-08-08 07:15:00,4.07,3.293268636898619
2018-08-08 07:30:00,5.18,4.221027036401014
2018-08-08 07:45:00,4.82,7.390778399739554
2018-08-08 08:00:00,34.99,51.66162527385933
2018-08-08 08:15:00,53.14,66.1550968180909
2018-08-08 08:30:00,64.91,58.055092345215016
2018-08-08 08:45:00,59.44,75.99678905555828
2018-08-08 09:00:00,84.56,68.6848763526681
2018-08-08 09:15:00,56.38,57.925996367180254
2018-08-08 09:30:00,63.5,75.86867960082581
2018-08-08 09:45:00,103.93,59.33064886229604
2018-08-08 10:00:00,87.08,61.63484968892859
2018-08-08 10:15:00,90.61,86.79788485225245
2018-08-08 10:30:00,91.08,84.51721158340152
2018-08-08 10:45:00,106.99,79.71631272969665
2018-08-08 11:00:00,93.85,82.10456230268926
2018-08-08 11:15:00,76.1,91.42714943920004
2018-08-08 11:30:00,117.68,91.89128901781318
2018-08-08 11:45:00,95.65,83.49149823117212
2018-08-08 12:00:00,7.24,14.120008953334596
2018-08-08 12:15:00,5.0,6.7871780196055616
2018-08-08 12:30:00,4.93,6.1964550534114835
2018-08-08 12:45:00,4.93,5.201518085455604
2018-08-08 13:00:00,44.42,56.62553868743917
2018-08-08 13:15:00,123.16,74.06996625061984
2018-08-08 13:30:00,85.68,62.78411345859132
2018-08-08 13:45:00,93.92,93.25227858034654
2018-08-08 14:00:00,104.0,87.50130336418111
2018-08-08 14:15:00,79.56,86.57056641739628
2018-08-08 14:30:00,115.67,91.75914402511435
2018-08-08 14:45:00,81.68,86.90311751052737
2018-08-08 15:00:00,115.74,92.64149351566306
2018-08-08 15:15:00,111.38,89.81030350969631
2018-08-08 15:30:00,69.23,92.80502070995101
2018-08-08 15:45:00,50.33,100.5237324598437
2018-08-08 16:00:00,45.86,79.21232957810427
2018-08-08 16:15:00,60.73,64.0455761617419
2018-08-08 16:30:00,42.73,59.31137650257447
2018-08-08 16:45:00,50.26,58.25948426322355
2018-08-08 17:00:00,49.43,46.05573838175314
2018-08-08 17:15:00,37.69,54.08317858713616
2018-08-08 17:30:00,30.96,37.391576482564986
2018-08-08 17:45:00,32.08,32.776356293548496
2018-08-08 18:00:00,38.34,43.29083596044465
2018-08-08 18:15:00,47.38,46.753227929378745
2018-08-08 18:30:00,49.79,47.349579457505506
2018-08-08 18:45:00,52.56,49.45272816242445
2018-08-08 19:00:00,44.35,52.00286099535742
2018-08-08 19:15:00,64.44,53.28076652900398
2018-08-08 19:30:00,53.42,42.54175989175575
2018-08-08 19:45:00,111.06,59.04861732255216
2018-08-08 20:00:00,53.86,54.91245458724637
2018-08-08 20:15:00,94.14,89.71105312547941
2018-08-08 20:30:00,70.63,59.6276481684365
2018-08-08 20:45:00,22.0,47.57172033427837
2018-08-08 21:00:00,7.16,33.26897319172007
2018-08-08 21:15:00,4.18,6.6855422866450125
2018-08-08 21:30:00,3.89,5.456414295020847
2018-08-08 21:45:00,3.85,4.371945953320654
2018-08-08 22:00:00,3.71,4.160541378237685
2018-08-08 22:15:00,3.24,4.157068189970598
2018-08-08 22:30:00,2.7,3.7167632016814833
2018-08-08 22:45:00,2.66,3.4069535552387986
2018-08-08 23:00:00,2.59,3.0360012581687967
2018-08-08 23:15:00,2.56,3.0175746284957268
2018-08-08 23:30:00,2.56,3.0119492732328466
2018-08-08 23:45:00,2.66,3.0095176014235494
2018-08-09 00:00:00,3.17,3.0095176014235494
2018-08-09 00:15:00,2.84,3.0095176014235494
2018-08-09 00:30:00,2.7,3.128474593445448
2018-08-09 00:45:00,2.74,3.0186957590158596
2018-08-09 01:00:00,2.77,3.0151429566864296
2018-08-09 01:15:00,2.77,3.0112636210033004
2018-08-09 01:30:00,2.74,3.0120941611935046
2018-08-09 01:45:00,2.74,3.011225039060007
2018-08-09 02:00:00,2.99,3.0103944988698026
2018-08-09 02:15:00,3.2,3.0112636210033004
2018-08-09 02:30:00,2.77,3.0912058141315644
2018-08-09 02:45:00,2.81,3.1342741103054874
2018-08-09 03:00:00,2.74,3.0204900409493245
2018-08-09 03:15:00,2.77,3.017719516456384
2018-08-09 03:30:00,2.77,3.0112636210033004
2018-08-09 03:45:00,2.77,3.0120941611935046
2018-08-09 04:00:00,2.77,3.0120941611935046
2018-08-09 04:15:00,2.81,3.011225039060007
2018-08-09 04:30:00,2.81,3.0120941611935046
2018-08-09 04:45:00,2.74,3.0120941611935046
2018-08-09 05:00:00,2.77,3.0120941611935046
2018-08-09 05:15:00,3.35,3.0112636210033004
2018-08-09 05:30:00,3.13,3.0120941611935046
2018-08-09 05:45:00,2.74,3.1290178482580786
2018-08-09 06:00:00,2.81,3.128976644606661
2018-08-09 06:15:00,2.74,3.0228601772675034
2018-08-09 06:30:00,3.24,3.017719516456384
2018-08-09 06:45:00,2.92,3.0112636210033004
2018-08-09 07:00:00,2.99,3.1326287713297103
2018-08-09 07:15:00,4.07,3.200116798349643
2018-08-09 07:30:00,4.21,3.7940591946449005
2018-08-09 07:45:00,8.21,5.220641934199976
2018-08-09 08:00:00,64.87,42.587563899728885
2018-08-09 08:15:00,98.32,56.7571600579677
2018-08-09 08:30:00,109.98,85.6822694575456
2018-08-09 08:45:00,96.41,87.17895581186127
2018-08-09 09:00:00,73.76,94.44325598968982
2018-08-09 09:15:00,98.86,93.54974510081047
2018-08-09 09:30:00,103.39,84.41990683679373
2018-08-09 09:45:00,110.66,87.98682866631458
2018-08-09 10:00:00,111.67,91.09235563136906
2018-08-09 10:15:00,88.88,96.24689489645627
2018-08-09 10:30:00,111.64,100.12304493813649
2018-08-09 10:45:00,72.11,94.6790712177287
2018-08-09 11:00:00,126.29,94.92058713122144
2018-08-09 11:15:00,94.54,85.49135174117191
2018-08-09 11:30:00,103.72,94.45788560265127
2018-08-09 11:45:00,89.39,85.1678428409415
2018-08-09 12:00:00,19.26,12.495560329174532
2018-08-09 12:15:00,4.9,6.9916924391666795
2018-08-09 12:30:00,4.79,6.400533604703417
2018-08-09 12:45:00,4.57,5.194831132727544
2018-08-09 13:00:00,50.72,56.62874234217183
2018-08-09 13:15:00,107.21,72.35765770760463
2018-08-09 13:30:00,72.43,72.50169841215492
2018-08-09 13:45:00,133.06,89.4952358767861
2018-08-09 14:00:00,66.1,81.5432297367679
2018-08-09 14:15:00,42.37,93.94423008573006
2018-08-09 14:30:00,49.18,77.59261651893924
2018-08-09 14:45:00,62.39,53.86174597925951
2018-08-09 15:00:00,44.35,60.59080880050295
2018-08-09 15:15:00,40.0,61.91054243338253
2018-08-09 15:30:00,49.9,44.15319899910296
2018-08-09 15:45:00,67.43,42.64825289631225
2018-08-09 16:00:00,59.8,54.19708230386728
2018-08-09 16:15:00,54.04,62.95455038569663
2018-08-09 16:30:00,46.26,55.549346193246386
2018-08-09 16:45:00,44.96,54.63076204125245
2018-08-09 17:00:00,56.99,45.71054926241567
2018-08-09 17:15:00,44.03,44.496445495758636
2018-08-09 17:30:00,30.53,34.34822450760281
2018-08-09 17:45:00,31.43,33.63173075319999
2018-08-09 18:00:00,51.59,42.981450539184934
2018-08-09 18:15:00,44.6,48.472827840530556
2018-08-09 18:30:00,44.75,56.88700321456221
2018-08-09 18:45:00,49.32,44.40256978211491
2018-08-09 19:00:00,52.78,44.964121110100926
2018-08-09 19:15:00,52.2,52.899654970664905
2018-08-09 19:30:00,49.03,55.49214703849976
2018-08-09 19:45:00,42.73,57.14834417524637
2018-08-09 20:00:00,50.36,53.07650803177792
2018-08-09 20:15:00,49.5,42.18854749409099
2018-08-09 20:30:00,46.55,52.68599265433156
2018-08-09 20:45:00,16.99,24.739639385170882
2018-08-09 21:00:00,10.15,10.741323824287708
2018-08-09 21:15:00,5.98,5.405861987151636
2018-08-09 21:30:00,4.46,5.458924064728142
2018-08-09 21:45:00,3.89,5.449667990182316
2018-08-09 22:00:00,3.67,4.39256077038927
2018-08-09 22:15:00,3.49,4.160541378237685
2018-08-09 22:30:00,3.46,4.078563511308584
2018-08-09 22:45:00,3.24,3.5870829801281237
2018-08-09 23:00:00,2.66,3.4575752159840443
2018-08-09 23:15:00,2.63,3.1789242244487808
2018-08-09 23:30:00,2.63,3.02354582949705
2018-08-09 23:45:00,2.7,3.016012078819927
2018-08-10 00:00:00,2.7,3.010386723557047
2018-08-10 00:15:00,2.66,3.0095176014235494
2018-08-10 00:30:00,2.7,3.0095176014235494
2018-08-10 00:45:00,2.66,3.0095176014235494
2018-08-10 01:00:00,2.66,3.0095176014235494
2018-08-10 01:15:00,2.7,3.0095176014235494
2018-08-10 01:30:00,2.74,3.0095176014235494
2018-08-10 01:45:00,2.66,3.0095176014235494
2018-08-10 02:00:00,2.7,3.0103944988698026
2018-08-10 02:15:00,2.7,3.0095176014235494
2018-08-10 02:30:00,3.31,3.0095176014235494
2018-08-10 02:45:00,2.88,3.0095176014235494
2018-08-10 03:00:00,2.66,3.1290178482580786
2018-08-10 03:15:00,2.74,3.0186957590158596
2018-08-10 03:30:00,3.06,3.0151429566864296
2018-08-10 03:45:00,2.56,3.012050174364587
2018-08-10 04:00:00,2.52,3.1260356755595744
2018-08-10 04:15:00,2.63,3.015488802424873
2018-08-10 04:30:00,2.63,3.0151429566864296
2018-08-10 04:45:00,2.59,3.010386723557047
2018-08-10 05:00:00,2.59,3.0095176014235494
2018-08-10 05:15:00,2.56,3.0095176014235494
2018-08-10 05:30:00,2.56,3.0095176014235494
2018-08-10 05:45:00,2.52,3.0095176014235494
2018-08-10 06:00:00,2.52,3.0095176014235494
2018-08-10 06:15:00,2.66,3.0095176014235494
2018-08-10 06:30:00,2.66,3.0095176014235494
2018-08-10 06:45:00,2.66,3.0095176014235494
2018-08-10 07:00:00,2.59,3.0095176014235494
2018-08-10 07:15:00,3.53,3.17229801686893
2018-08-10 07:30:00,7.31,3.706706067807408
2018-08-10 07:45:00,6.34,4.47084145189547
2018-08-10 08:00:00,37.4,52.82266553900108
2018-08-10 08:15:00,49.9,71.54007267493371
2018-08-10 08:30:00,55.73,58.87290851419623
2018-08-10 08:45:00,47.84,72.06455020823628
2018-08-10 09:00:00,50.65,65.18862088748868
2018-08-10 09:15:00,55.08,59.00172767250966
2018-08-10 09:30:00,51.55,54.57782323615782
2018-08-10 09:45:00,52.09,57.74296245528386
2018-08-10 10:00:00,42.7,57.35402416581276
2018-08-10 10:15:00,44.14,56.01459840062464
2018-08-10 10:30:00,60.37,42.41844221638642
2018-08-10 10:45:00,91.44,42.193348218558384
2018-08-10 11:00:00,69.8,57.60282642135219
2018-08-10 11:15:00,94.32,75.29073605134067
2018-08-10 11:30:00,105.77,68.4914078581974
2018-08-10 11:45:00,113.72,78.24656717871937
2018-08-10 12:00:00,12.31,17.52807533830373
2018-08-10 12:15:00,4.79,7.744241607087833
2018-08-10 12:30:00,4.68,6.325166505484352
2018-08-10 12:45:00,4.61,5.1590756819824275
2018-08-10 13:00:00,30.06,48.02159682724401
2018-08-10 13:15:00,123.8,53.00410659474352
2018-08-10 13:30:00,105.7,58.10046113605715
2018-08-10 13:45:00,94.93,92.04664494615712
2018-08-10 14:00:00,115.45,94.84050246589437
2018-08-10 14:15:00,86.47,90.32434439315402
2018-08-10 14:30:00,91.84,96.83974169800736
2018-08-10 14:45:00,89.35,92.14645955059491
2018-08-10 15:00:00,90.18,82.0470622158208
2018-08-10 15:15:00,106.67,82.36064710525848
2018-08-10 15:30:00,131.0,80.04739691657709
2018-08-10 15:45:00,107.46,89.92546779195379
2018-08-10 16:00:00,103.46,99.46973827926337
2018-08-10 16:15:00,100.22,100.01101583517004
2018-08-10 16:30:00,118.04,96.52925319322472
2018-08-10 16:45:00,55.66,94.28607035278083
2018-08-10 17:00:00,83.27,96.06220486932253
2018-08-10 17:15:00,99.83,61.61120644089715
2018-08-10 17:30:00,30.71,57.69960260773887
2018-08-10 17:45:00,29.81,55.77729929033207
2018-08-10 18:00:00,63.79,63.61760420750333
2018-08-10 18:15:00,79.96,58.479012324851055
2018-08-10 18:30:00,98.75,55.84065204154658
2018-08-10 18:45:00,86.9,76.2479632983747
2018-08-10 19:00:00,110.84,85.34979153974467
2018-08-10 19:15:00,73.55,83.30684058702178
2018-08-10 19:30:00,112.61,91.15006623789947
2018-08-10 19:45:00,91.8,86.64062375447143
2018-08-10 20:00:00,100.33,90.91145017508411
2018-08-10 20:15:00,84.46,89.6077524701439
2018-08-10 20:30:00,102.46,86.52258795692983
2018-08-10 20:45:00,64.8,34.082317730708326
2018-08-10 21:00:00,4.46,24.120677413372
2018-08-10 21:15:00,4.25,13.950207492710465
2018-08-10 21:30:00,3.74,7.130432590664632
2018-08-10 21:45:00,3.78,4.331010260147397
2018-08-10 22:00:00,3.56,4.081962367381831
2018-08-10 22:15:00,3.28,3.7581851840149683
2018-08-10 22:30:00,3.24,3.608333843565846
2018-08-10 22:45:00,2.74,3.4004370552838896
2018-08-10 23:00:00,2.7,3.1789242244487808
2018-08-10 23:15:00,2.7,3.0244227269433033
2018-08-10 23:30:00,2.66,3.016012078819927
2018-08-10 23:45:00,2.7,3.010386723557047
2018-08-11 00:00:00,2.66,3.0095176014235494
2018-08-11 00:15:00,2.81,3.0095176014235494
2018-08-11 00:30:00,2.74,3.0095176014235494
2018-08-11 00:45:00,2.7,3.011225039060007
2018-08-11 01:00:00,2.74,3.0103944988698026
2018-08-11 01:15:00,2.77,3.0095176014235494
2018-08-11 01:30:00,3.35,3.0112636210033004
2018-08-11 01:45:00,2.92,3.011225039060007
2018-08-11 02:00:00,2.74,3.1290178482580786
2018-08-11 02:15:00,2.7,3.02375834053469
2018-08-11 02:30:00,2.66,3.01688897626618
2018-08-11 02:45:00,2.66,3.011173276918334
2018-08-11 03:00:00,3.28,3.010386723557047
2018-08-11 03:15:00,2.99,3.0095176014235494
2018-08-11 03:30:00,2.77,3.1290178482580786
2018-08-11 03:45:00,2.77,3.0964620761789745
2018-08-11 04:00:00,2.77,3.022821595324211
2018-08-11 04:15:00,2.77,3.015387962081498
2018-08-11 04:30:00,2.81,3.0120941611935046
2018-08-11 04:45:00,2.74,3.0120941611935046
2018-08-11 05:00:00,2.81,3.0120941611935046
2018-08-11 05:15:00,2.74,3.0112636210033004
2018-08-11 05:30:00,2.74,3.0120941611935046
2018-08-11 05:45:00,2.74,3.0112636210033004
2018-08-11 06:00:00,2.74,3.0103944988698026
2018-08-11 06:15:00,2.74,3.0112636210033004
2018-08-11 06:30:00,2.84,3.0103944988698026
2018-08-11 06:45:00,2.7,3.0103944988698026
2018-08-11 07:00:00,2.7,3.0134394969684504
2018-08-11 07:15:00,3.28,3.1617517339452683
2018-08-11 07:30:00,4.25,3.6939744751350263
2018-08-11 07:45:00,5.44,4.286637251413085
2018-08-11 08:00:00,68.94,38.822206758054584
2018-08-11 08:15:00,111.38,41.92492310173901
2018-08-11 08:30:00,77.72,86.57999023542527
2018-08-11 08:45:00,109.84,89.68221722400058
2018-08-11 09:00:00,91.19,84.6731206750382
2018-08-11 09:15:00,109.91,89.57094044244641
2018-08-11 09:30:00,87.88,88.87581347590542
2018-08-11 09:45:00,110.59,89.47286561203134
2018-08-11 10:00:00,73.87,88.93265722177298
2018-08-11 10:15:00,78.44,89.587662709492
2018-08-11 10:30:00,76.25,85.69773145405148
2018-08-11 10:45:00,90.76,76.54668439608514
2018-08-11 11:00:00,94.86,76.19323910367861
2018-08-11 11:15:00,71.71,76.65084776680034
2018-08-11 11:30:00,103.82,84.47245241481181
2018-08-11 11:45:00,56.63,78.85089884643335
2018-08-11 12:00:00,4.0,15.169991521211402
2018-08-11 12:15:00,4.21,6.332200495825272
2018-08-11 12:30:00,3.92,5.130943031122708
2018-08-11 12:45:00,4.21,5.130943031122708
2018-08-11 13:00:00,37.22,55.49336917591373
2018-08-11 13:15:00,83.99,68.7736001590416
2018-08-11 13:30:00,95.65,62.820649882065624
2018-08-11 13:45:00,109.33,76.28900246154328
2018-08-11 14:00:00,89.32,85.046709205469
2018-08-11 14:15:00,105.59,92.41151631730312
2018-08-11 14:30:00,96.3,88.71242659026976
2018-08-11 14:45:00,103.57,88.32913766968444
2018-08-11 15:00:00,93.56,90.98597563930923
2018-08-11 15:15:00,71.64,88.93823688029828
2018-08-11 15:30:00,72.54,89.9450005173054
2018-08-11 15:45:00,86.9,83.33945821053773
2018-08-11 16:00:00,103.36,74.61829813797922
2018-08-11 16:15:00,81.9,75.1252555735092
2018-08-11 16:30:00,95.83,85.4405397496814
2018-08-11 16:45:00,15.55,83.1085616651376
2018-08-11 17:00:00,5.62,83.93785930044909
2018-08-11 17:15:00,4.0,8.793287094382482
2018-08-11 17:30:00,3.78,5.0859951030946124
2018-08-11 17:45:00,3.2,4.2997528352022805
2018-08-11 18:00:00,2.84,4.096065608931317
2018-08-11 18:15:00,2.74,4.675790973584788
2018-08-11 18:30:00,2.88,3.0710777764283987
2018-08-11 18:45:00,3.06,3.0336957361161905
2018-08-11 19:00:00,3.06,3.031115378951958
2018-08-11 19:15:00,3.02,3.139295060714036
2018-08-11 19:30:00,3.02,3.1417269530511014
2018-08-11 19:45:00,3.06,3.1347174760931655
2018-08-11 20:00:00,3.1,3.137352582448603
2018-08-11 20:15:00,3.17,3.15484097540886
2018-08-11 20:30:00,3.1,3.1561366054801696
2018-08-11 20:45:00,3.1,3.157880698282125
2018-08-11 21:00:00,3.1,3.142867524185621
2018-08-11 21:15:00,3.17,3.1443774312977855
2018-08-11 21:30:00,3.17,3.1443774312977855
2018-08-11 21:45:00,3.24,3.1476314312119045
2018-08-11 22:00:00,3.49,3.1476314312119045
2018-08-11 22:15:00,2.88,3.148174686024535
2018-08-11 22:30:00,2.74,3.1637695045934744
2018-08-11 22:45:00,3.17,3.0251902364122367
2018-08-11 23:00:00,3.24,3.01688897626618
2018-08-11 23:15:00,2.59,3.1355071762338054
2018-08-11 23:30:00,2.66,3.1378850333771204
2018-08-11 23:45:00,2.74,3.0211141576877534
2018-08-12 00:00:00,2.7,3.016012078819927
2018-08-12 00:15:00,2.74,3.0112636210033004
2018-08-12 00:30:00,2.74,3.0095176014235494
2018-08-12 00:45:00,2.7,3.0103944988698026
2018-08-12 01:00:00,2.7,3.0103944988698026
2018-08-12 01:15:00,2.7,3.0095176014235494
2018-08-12 01:30:00,2.74,3.0095176014235494
2018-08-12 01:45:00,2.81,3.0095176014235494
2018-08-12 02:00:00,2.77,3.0103944988698026
2018-08-12 02:15:00,2.77,3.011225039060007
2018-08-12 02:30:00,3.06,3.011225039060007
2018-08-12 02:45:00,3.06,3.011225039060007
2018-08-12 03:00:00,2.77,3.1224247524879427
2018-08-12 03:15:00,2.77,3.1276810145353515
2018-08-12 03:30:00,2.84,3.0236907174577077
2018-08-12 03:45:00,2.77,3.017719516456384
2018-08-12 04:00:00,2.77,3.0143086191019477
2018-08-12 04:15:00,2.77,3.0120941611935046
2018-08-12 04:30:00,2.81,3.0120941611935046
2018-08-12 04:45:00,3.28,3.0120941611935046
2018-08-12 05:00:00,3.2,3.0120941611935046
2018-08-12 05:15:00,2.74,3.1290178482580786
2018-08-12 05:30:00,2.66,3.1342741103054874
2018-08-12 05:45:00,2.74,3.0228601772675034
2018-08-12 06:00:00,2.77,3.016012078819927
2018-08-12 06:15:00,2.74,3.0112636210033004
2018-08-12 06:30:00,3.17,3.011225039060007
2018-08-12 06:45:00,2.84,3.0103944988698026
2018-08-12 07:00:00,2.74,3.128474593445448
2018-08-12 07:15:00,2.7,3.17666942606137
2018-08-12 07:30:00,2.7,3.5874867306855918
2018-08-12 07:45:00,2.63,4.243167213761694
2018-08-12 08:00:00,2.59,29.714415953658516
2018-08-12 08:15:00,2.63,38.99034150690675
2018-08-12 08:30:00,2.7,3.6850185913234763
2018-08-12 08:45:00,2.95,3.868752546348462
2018-08-12 09:00:00,3.06,3.825141700760227
2018-08-12 09:15:00,3.02,3.868752546348462
2018-08-12 09:30:00,3.1,3.5107851568848156
2018-08-12 09:45:00,3.06,3.424351292068347
2018-08-12 10:00:00,3.06,3.2562024903909594
2018-08-12 10:15:00,3.1,3.2562024903909594
2018-08-12 10:30:00,3.64,3.2562024903909594
2018-08-12 10:45:00,3.13,3.6722468750515413
2018-08-12 11:00:00,3.02,3.7158577206397765
2018-08-12 11:15:00,3.24,3.2562024903909594
2018-08-12 11:30:00,2.7,3.7158577206397765
2018-08-12 11:45:00,2.77,3.2562024903909594
2018-08-12 12:00:00,2.88,3.242776513730162
2018-08-12 12:15:00,3.06,3.242776513730162
2018-08-12 12:30:00,3.06,3.242776513730162
2018-08-12 12:45:00,3.06,3.243840098939166
2018-08-12 13:00:00,3.1,3.2562024903909594
2018-08-12 13:15:00,3.06,3.3578903311761286
2018-08-12 13:30:00,3.1,3.7158577206397765
2018-08-12 13:45:00,3.02,3.7158577206397765
2018-08-12 14:00:00,3.02,3.3578903311761286
2018-08-12 14:15:00,2.99,3.7158577206397765
2018-08-12 14:30:00,3.06,3.7158577206397765
2018-08-12 14:45:00,3.02,3.7158577206397765
2018-08-12 15:00:00,3.06,3.7158577206397765
2018-08-12 15:15:00,3.1,3.2562024903909594
2018-08-12 15:30:00,3.64,3.2562024903909594
2018-08-12 15:45:00,3.06,3.3578903311761286
2018-08-12 16:00:00,3.1,3.7158577206397765
2018-08-12 16:15:00,2.99,3.963877297706065
2018-08-12 16:30:00,3.02,3.6040141554021092
2018-08-12 16:45:00,3.02,3.244894100790023
2018-08-12 17:00:00,3.02,3.1290003379673506
2018-08-12 17:15:00,3.56,3.1244034633888127
2018-08-12 17:30:00,3.38,3.12652355470454
2018-08-12 17:45:00,2.99,3.1590679989304995
2018-08-12 18:00:00,2.77,3.1622595974813095
2018-08-12 18:15:00,2.74,3.108138216192626
2018-08-12 18:30:00,2.88,3.0236907174577077
2018-08-12 18:45:00,2.99,3.0145574218912943
2018-08-12 19:00:00,3.02,3.0143086191019477
2018-08-12 19:15:00,3.06,3.0937983981800863
2018-08-12 19:30:00,3.02,3.1171600935472004
2018-08-12 19:45:00,3.06,3.1335448109625332
2018-08-12 20:00:00,3.02,3.124422538745072
2018-08-12 20:15:00,3.46,3.1405632512312884
2018-08-12 20:30:00,3.28,3.127694424225686
2018-08-12 20:45:00,3.13,3.1595001353328196
2018-08-12 21:00:00,3.13,3.1466647789123696
2018-08-12 21:15:00,3.13,3.1443774312977855
2018-08-12 21:30:00,3.13,3.147136893446276
2018-08-12 21:45:00,3.13,3.1443774312977855
2018-08-12 22:00:00,2.99,3.1443774312977855
2018-08-12 22:15:00,2.7,3.1443774312977855
2018-08-12 22:30:00,2.92,3.1078189343565312
2018-08-12 22:45:00,3.28,3.0219832798212503
2018-08-12 23:00:00,2.88,3.0226650015087717
2018-08-12 23:15:00,2.66,3.134093008164003
2018-08-12 23:30:00,2.74,3.0194823123771464
2018-08-12 23:45:00,2.84,3.016012078819927
2018-08-13 00:00:00,2.77,3.012050174364587
2018-08-13 00:15:00,2.81,3.0143086191019477
2018-08-13 00:30:00,3.28,3.011225039060007
2018-08-13 00:45:00,2.74,3.011225039060007
2018-08-13 01:00:00,2.77,3.1290178482580786
2018-08-13 01:15:00,2.77,3.0172348220046232
2018-08-13 01:30:00,2.81,3.017719516456384
2018-08-13 01:45:00,2.77,3.0120941611935046
2018-08-13 02:00:00,2.77,3.011225039060007
2018-08-13 02:15:00,2.81,3.0120941611935046
2018-08-13 02:30:00,2.84,3.0120941611935046
2018-08-13 02:45:00,2.77,3.0120941611935046
2018-08-13 03:00:00,2.7,3.0143086191019477
2018-08-13 03:15:00,2.74,3.0120941611935046
2018-08-13 03:30:00,2.7,3.010386723557047
2018-08-13 03:45:00,2.74,3.0112636210033004
2018-08-13 04:00:00,2.74,3.010386723557047
2018-08-13 04:15:00,2.81,3.0103944988698026
2018-08-13 04:30:00,3.74,3.0103944988698026
2018-08-13 04:45:00,3.74,3.011225039060007
2018-08-13 05:00:00,2.74,3.1510796338947142
2018-08-13 05:15:00,2.7,3.160605265202779
2018-08-13 05:30:00,2.7,3.031117909972331
2018-08-13 05:45:00,2.66,3.016012078819927
2018-08-13 06:00:00,2.66,3.0119492732328466
2018-08-13 06:15:00,2.63,3.0110801510993497
2018-08-13 06:30:00,2.74,3.0095176014235494
2018-08-13 06:45:00,2.7,3.0095176014235494
2018-08-13 07:00:00,2.7,3.0174748902049897
2018-08-13 07:15:00,3.53,3.2195930661524916
2018-08-13 07:30:00,4.03,3.784820799077875
2018-08-13 07:45:00,3.85,4.345127104204172
2018-08-13 08:00:00,26.64,32.913340877479094
2018-08-13 08:15:00,92.23,61.62586431929725
2018-08-13 08:30:00,82.08,50.644260211603935
2018-08-13 08:45:00,119.92,86.79297241180879
2018-08-13 09:00:00,92.34,80.60445631382605
2018-08-13 09:15:00,110.2,94.5965460114706
2018-08-13 09:30:00,89.78,90.14320153324135
2018-08-13 09:45:00,106.34,92.86678538141045
2018-08-13 10:00:00,84.31,90.22448756137779
2018-08-13 10:15:00,104.62,90.6156589466921
2018-08-13 10:30:00,81.94,87.80205966334286
2018-08-13 10:45:00,100.66,89.19730595595887
2018-08-13 11:00:00,101.99,87.9561696960055
2018-08-13 11:15:00,81.54,87.90281876877282
2018-08-13 11:30:00,100.94,93.44639764943322
2018-08-13 11:45:00,96.55,90.09236418473998
2018-08-13 12:00:00,28.87,9.949125915891324
2018-08-13 12:15:00,24.01,7.218754303629791
2018-08-13 12:30:00,4.97,11.991705245305655
2018-08-13 12:45:00,4.97,9.536709849513413
2018-08-13 13:00:00,60.48,71.7561498834858
2018-08-13 13:15:00,90.07,87.3339733611877
2018-08-13 13:30:00,107.6,82.55396632470178
2018-08-13 13:45:00,111.46,82.60954486192966
2018-08-13 14:00:00,105.19,89.53668118923629
2018-08-13 14:15:00,85.75,96.24014573483856
2018-08-13 14:30:00,109.19,94.64787813858511
2018-08-13 14:45:00,93.6,88.60184274223519
2018-08-13 15:00:00,57.56,91.75918093243848
2018-08-13 15:15:00,57.64,93.25129307147922
2018-08-13 15:30:00,75.64,73.01192848924889
2018-08-13 15:45:00,76.1,63.429678240206115
2018-08-13 16:00:00,91.98,74.212281511433
2018-08-13 16:15:00,85.18,74.00421081833993
2018-08-13 16:30:00,102.64,76.49930423317402
2018-08-13 16:45:00,110.05,77.99890503448057
2018-08-13 17:00:00,95.36,87.8143519678635
2018-08-13 17:15:00,101.2,95.51233127141086
2018-08-13 17:30:00,35.21,45.188085562430224
2018-08-13 17:45:00,32.11,42.34357473998752
2018-08-13 18:00:00,68.29,63.73708582715136
2018-08-13 18:15:00,86.9,75.6805879614678
2018-08-13 18:30:00,103.1,71.51885007780292
2018-08-13 18:45:00,70.13,76.97079600424335
2018-08-13 19:00:00,103.68,87.94381158161603
2018-08-13 19:15:00,88.74,82.14646116439124
2018-08-13 19:30:00,104.4,87.7910065769345
2018-08-13 19:45:00,83.63,90.4662938164426
2018-08-13 20:00:00,99.68,88.79637567524033
2018-08-13 20:15:00,91.98,90.53932366025694
2018-08-13 20:30:00,105.37,85.31720814877059
2018-08-13 20:45:00,68.29,69.27063957672799
2018-08-13 21:00:00,6.05,28.374541464022364
2018-08-13 21:15:00,4.61,16.130712098864368
2018-08-13 21:30:00,4.43,8.103106720624439
2018-08-13 21:45:00,4.1,4.435377089785588
2018-08-13 22:00:00,3.89,4.35357906072747
2018-08-13 22:15:00,3.6,4.305562385929545
2018-08-13 22:30:00,3.67,4.160541378237685
2018-08-13 22:45:00,3.67,3.7264397858960066
2018-08-13 23:00:00,3.64,3.6461037402402585
2018-08-13 23:15:00,2.99,3.6413089589501793
2018-08-13 23:30:00,2.84,3.631352970566368
2018-08-13 23:45:00,2.74,3.1688100890364983
2018-08-14 00:00:00,2.84,3.0350105187928635
2018-08-14 00:15:00,3.06,3.0161199715670937
2018-08-14 00:30:00,3.46,3.0143086191019477
2018-08-14 00:45:00,2.81,3.1250173365364633
2018-08-14 01:00:00,2.84,3.145599559613773
2018-08-14 01:15:00,2.92,3.0236907174577077
2018-08-14 01:30:00,2.84,3.019933974364828
2018-08-14 01:45:00,2.84,3.019371200620778
2018-08-14 02:00:00,3.13,3.0143086191019477
2018-08-14 02:15:00,3.02,3.015095172463235
2018-08-14 02:30:00,3.06,3.1252205935313286
2018-08-14 02:45:00,3.02,3.116373540185913
2018-08-14 03:00:00,3.02,3.1368357717994053
2018-08-14 03:15:00,3.06,3.1255934082662185
2018-08-14 03:30:00,3.31,3.1282468318708156
2018-08-14 03:45:00,3.56,3.140071683142234
2018-08-14 04:00:00,2.92,3.148174686024535
2018-08-14 04:15:00,2.92,3.160395923649617
2018-08-14 04:30:00,2.88,3.033881838417811
2018-08-14 04:45:00,2.92,3.030582319484194
2018-08-14 05:00:00,2.92,3.015095172463235
2018-08-14 05:15:00,2.92,3.0201577539820645
2018-08-14 05:30:00,2.88,3.0201577539820645
2018-08-14 05:45:00,2.88,3.0201577539820645
2018-08-14 06:00:00,2.92,3.015095172463235
2018-08-14 06:15:00,3.46,3.015095172463235
2018-08-14 06:30:00,2.84,3.0201577539820645
2018-08-14 06:45:00,2.81,3.141129850927651
2018-08-14 07:00:00,2.81,3.0203514345106437
2018-08-14 07:15:00,3.35,3.1875078995573407
2018-08-14 07:30:00,3.92,3.9727417399952407
2018-08-14 07:45:00,3.67,5.721686923743561
2018-08-14 08:00:00,22.32,54.17392504537388
2018-08-14 08:15:00,101.63,66.24239010005148
2018-08-14 08:30:00,93.49,51.4938863918115
2018-08-14 08:45:00,69.41,91.3930703414804
2018-08-14 09:00:00,96.66,92.23852010336255
2018-08-14 09:15:00,82.69,80.43723987590906
2018-08-14 09:30:00,76.28,87.45383099438881
2018-08-14 09:45:00,97.49,89.05569659522943
2018-08-14 10:00:00,105.88,75.28042942279339
2018-08-14 10:15:00,91.8,87.79371218424149
2018-08-14 10:30:00,106.49,94.6456195324459
2018-08-14 10:45:00,57.28,90.58949710236567
2018-08-14 11:00:00,63.79,90.74108688757964
2018-08-14 11:15:00,72.68,81.00902155021298
2018-08-14 11:30:00,53.21,70.50263714379749
2018-08-14 11:45:00,72.86,71.11930742462374
2018-08-14 12:00:00,15.23,12.141011851623828
2018-08-14 12:15:00,5.87,13.546580454138057
2018-08-14 12:30:00,5.87,6.355265325273434
2018-08-14 12:45:00,5.76,5.3085558048776305
2018-08-14 13:00:00,52.99,51.4133349081599
2018-08-14 13:15:00,63.25,68.11149337425914
2018-08-14 13:30:00,71.42,78.60768515838491
2018-08-14 13:45:00,66.1,62.72757238756918
2018-08-14 14:00:00,74.48,72.57728677602032
2018-08-14 14:15:00,96.12,67.44754558508839
2018-08-14 14:30:00,81.22,72.79518751844377
2018-08-14 14:45:00,96.7,86.81712693048468
2018-08-14 15:00:00,95.08,84.92169634932212
2018-08-14 15:15:00,75.92,87.2836803087658
2018-08-14 15:30:00,89.78,91.90247717218328
2018-08-14 15:45:00,93.64,86.43016192291401
2018-08-14 16:00:00,83.59,78.9250856244224
2018-08-14 16:15:00,88.09,87.34245614537757
2018-08-14 16:30:00,105.26,85.55446815202016
2018-08-14 16:45:00,86.0,78.3488332101043
2018-08-14 17:00:00,105.48,89.95098802532979
2018-08-14 17:15:00,70.99,88.45911345476544
2018-08-14 17:30:00,29.92,44.03646126907597
2018-08-14 17:45:00,29.99,43.594553503135955
2018-08-14 18:00:00,67.5,55.91698257629369
2018-08-14 18:15:00,106.45,77.85199253042428
2018-08-14 18:30:00,85.03,73.83672303077715
2018-08-14 18:45:00,108.36,90.80611224286655
2018-08-14 19:00:00,75.89,87.47583601374372
2018-08-14 19:15:00,95.94,89.89224875313967
2018-08-14 19:30:00,82.62,88.84231115065528
2018-08-14 19:45:00,89.5,88.23487313820294
2018-08-14 20:00:00,95.44,89.15758861355783
2018-08-14 20:15:00,81.61,77.59022949385738
2018-08-14 20:30:00,119.34,87.02925978782292
2018-08-14 20:45:00,37.73,66.77962175772717
2018-08-14 21:00:00,28.4,30.484710195052468
2018-08-14 21:15:00,4.0,12.31923355362537
2018-08-14 21:30:00,3.89,11.987030474125193
2018-08-14 21:45:00,3.85,4.5069474277365105
2018-08-14 22:00:00,3.42,4.1577319082127095
2018-08-14 22:15:00,2.77,4.157068189970598
2018-08-14 22:30:00,2.77,3.4532551739488975
2018-08-14 22:45:00,2.77,3.0848104956325226
2018-08-14 23:00:00,2.74,3.0192820661321838
2018-08-14 23:15:00,2.74,3.0136567108693044
2018-08-14 23:30:00,2.74,3.0112636210033004
2018-08-14 23:45:00,2.81,3.0112636210033004
2018-08-15 00:00:00,2.74,3.0112636210033004
2018-08-15 00:15:00,2.74,3.011225039060007
2018-08-15 00:30:00,2.59,3.0103944988698026
2018-08-15 00:45:00,2.63,3.0103944988698026
2018-08-15 01:00:00,2.59,3.010386723557047
2018-08-15 01:15:00,2.63,3.0095176014235494
2018-08-15 01:30:00,2.63,3.0095176014235494
2018-08-15 01:45:00,2.59,3.0095176014235494
2018-08-15 02:00:00,2.95,3.0095176014235494
2018-08-15 02:15:00,3.13,3.0095176014235494
2018-08-15 02:30:00,3.2,3.0899876917617433
2018-08-15 02:45:00,2.81,3.126907386348033
2018-08-15 03:00:00,2.59,3.13637204441528
2018-08-15 03:15:00,2.59,3.0236907174577077
2018-08-15 03:30:00,2.63,3.016012078819927
2018-08-15 03:45:00,2.7,3.010386723557047
2018-08-15 04:00:00,2.74,3.010386723557047
2018-08-15 04:15:00,2.66,3.0095176014235494
2018-08-15 04:30:00,2.59,3.0103944988698026
2018-08-15 04:45:00,2.63,3.0095176014235494
2018-08-15 05:00:00,2.63,3.0095176014235494
2018-08-15 05:15:00,2.63,3.0095176014235494
2018-08-15 05:30:00,2.66,3.0095176014235494
2018-08-15 05:45:00,2.59,3.0095176014235494
2018-08-15 06:00:00,2.59,3.0151033650240855
2018-08-15 06:15:00,2.99,3.0095176014235494
2018-08-15 06:30:00,3.06,3.0095176014235494
2018-08-15 06:45:00,2.59,3.0912058141315644
2018-08-15 07:00:00,2.66,3.1276810145353515
2018-08-15 07:15:00,3.1,3.2252653688192625
2018-08-15 07:30:00,3.64,4.548315169967744
2018-08-15 07:45:00,5.8,5.702669582473094
2018-08-15 08:00:00,33.73,43.59623265424139
2018-08-15 08:15:00,46.76,68.83598209524831
2018-08-15 08:30:00,56.99,72.56182034175144
2018-08-15 08:45:00,62.42,55.833078069279146
2018-08-15 09:00:00,57.46,61.477645596064185
2018-08-15 09:15:00,81.11,61.74942372415408
2018-08-15 09:30:00,101.02,61.02607058445021
2018-08-15 09:45:00,82.3,73.90225617165181
2018-08-15 10:00:00,100.69,87.72730098367488
2018-08-15 10:15:00,112.68,85.59958549119672
2018-08-15 10:30:00,99.97,88.10945601925302
2018-08-15 10:45:00,111.17,95.40313287568128
2018-08-15 11:00:00,83.34,94.209537909063
2018-08-15 11:15:00,113.98,95.03821038636046
2018-08-15 11:30:00,69.7,90.79395828477863
2018-08-15 11:45:00,70.45,87.70351813541245
2018-08-15 12:00:00,6.91,14.728286145660691
2018-08-15 12:15:00,7.81,6.213634894515889
2018-08-15 12:30:00,7.02,5.997300024801437
2018-08-15 12:45:00,7.13,6.28445184449166
2018-08-15 13:00:00,46.12,53.47247624721885
2018-08-15 13:15:00,107.35,60.37058202409788
2018-08-15 13:30:00,67.68,77.90322599640815
2018-08-15 13:45:00,103.32,90.5193868130901
2018-08-15 14:00:00,108.68,76.4729689569071
2018-08-15 14:15:00,66.35,87.46999443440284
2018-08-15 14:30:00,99.76,95.74034676837722
2018-08-15 14:45:00,92.27,89.63555967163147
2018-08-15 15:00:00,72.32,88.14297243713926
2018-08-15 15:15:00,49.61,90.53624343583625
2018-08-15 15:30:00,78.05,80.32808181027201
2018-08-15 15:45:00,99.68,67.39968703809217
2018-08-15 16:00:00,99.0,74.39860016331303
2018-08-15 16:15:00,78.19,87.77774718050367
2018-08-15 16:30:00,71.42,89.65693185358563
2018-08-15 16:45:00,18.86,86.8636525728431
2018-08-15 17:00:00,5.4,76.89909073586472
2018-08-15 17:15:00,3.96,9.154085117048313
2018-08-15 17:30:00,3.85,5.0873908674778265
2018-08-15 17:45:00,3.38,4.259696231764624
2018-08-15 18:00:00,2.99,4.179517380802221
2018-08-15 18:15:00,2.81,3.8559308221019477
2018-08-15 18:30:00,2.99,3.6845934450943987
2018-08-15 18:45:00,3.2,3.6574114843505408
2018-08-15 19:00:00,3.17,4.208936426911553
2018-08-15 19:15:00,3.1,3.679599249648251
2018-08-15 19:30:00,3.13,3.6031549581368476
2018-08-15 19:45:00,3.13,3.5848749119772454
2018-08-15 20:00:00,3.17,3.513310123033301
2018-08-15 20:15:00,3.28,3.392573901609093
2018-08-15 20:30:00,3.13,3.3768347488408232
2018-08-15 20:45:00,3.2,3.1667833832476293
2018-08-15 21:00:00,3.2,3.159493491806563
2018-08-15 21:15:00,3.28,3.1506237139004467
2018-08-15 21:30:00,3.24,3.1506237139004467
2018-08-15 21:45:00,3.28,3.152218164764319
2018-08-15 22:00:00,3.56,3.1494805997661994
2018-08-15 22:15:00,3.1,3.1524440552851893
2018-08-15 22:30:00,2.81,3.1658559181863417
2018-08-15 22:45:00,2.84,3.1486468005584407
2018-08-15 23:00:00,3.38,3.0236907174577077
2018-08-15 23:15:00,3.1,3.019933974364828
2018-08-15 23:30:00,2.81,3.1465893269934333
2018-08-15 23:45:00,2.77,3.1340877786503705
2018-08-16 00:00:00,2.84,3.0236907174577077
2018-08-16 00:15:00,2.81,3.017719516456384
2018-08-16 00:30:00,2.7,3.0143086191019477
2018-08-16 00:45:00,2.66,3.0120941611935046
2018-08-16 01:00:00,2.74,3.010386723557047
2018-08-16 01:15:00,2.7,3.010386723557047
2018-08-16 01:30:00,2.7,3.0112636210033004
2018-08-16 01:45:00,2.63,3.0095176014235494
2018-08-16 02:00:00,2.66,3.0095176014235494
2018-08-16 02:15:00,2.66,3.0095176014235494
2018-08-16 02:30:00,2.95,3.0095176014235494
2018-08-16 02:45:00,3.31,3.0095176014235494
2018-08-16 03:00:00,2.74,3.0899876917617433
2018-08-16 03:15:00,2.74,3.130898938305194
2018-08-16 03:30:00,2.66,3.0184636339809185
2018-08-16 03:45:00,2.74,3.01688897626618
2018-08-16 04:00:00,2.66,3.010386723557047
2018-08-16 04:15:00,2.81,3.0103944988698026
2018-08-16 04:30:00,2.7,3.0095176014235494
2018-08-16 04:45:00,2.81,3.011225039060007
2018-08-16 05:00:00,3.31,3.0095176014235494
2018-08-16 05:15:00,2.81,3.011225039060007
2018-08-16 05:30:00,2.77,3.1290178482580786
2018-08-16 05:45:00,2.7,3.0171962400613306
2018-08-16 06:00:00,2.74,3.017719516456384
2018-08-16 06:15:00,2.7,3.010386723557047
2018-08-16 06:30:00,2.74,3.0112636210033004
2018-08-16 06:45:00,2.7,3.010386723557047
2018-08-16 07:00:00,2.63,3.0103944988698026
2018-08-16 07:15:00,3.49,3.2134888994858244
2018-08-16 07:30:00,4.1,3.8204908569634712
2018-08-16 07:45:00,5.18,4.729278736086106
2018-08-16 08:00:00,69.08,54.34219022801566
2018-08-16 08:15:00,78.05,66.76496385667767
2018-08-16 08:30:00,89.89,88.48384357061057
2018-08-16 08:45:00,111.89,83.134664288002
2018-08-16 09:00:00,80.03,78.13071844525987
2018-08-16 09:15:00,98.53,91.40861326179603
2018-08-16 09:30:00,116.6,86.91614500103417
2018-08-16 09:45:00,80.21,87.68945630134515
2018-08-16 10:00:00,103.03,96.8956262843278
2018-08-16 10:15:00,105.62,89.39466765768931
2018-08-16 10:30:00,70.27,88.6303686719077
2018-08-16 10:45:00,40.0,95.69383098563958
2018-08-16 11:00:00,58.03,88.5190589579621
2018-08-16 11:15:00,53.75,50.59998847235695
2018-08-16 11:30:00,47.16,62.30974814364363
2018-08-16 11:45:00,36.97,59.43155351752223
2018-08-16 12:00:00,4.93,9.3822818697835
2018-08-16 12:15:00,4.64,7.5867579499871525
2018-08-16 12:30:00,4.64,5.272645726161113
2018-08-16 12:45:00,4.61,5.2478260742214955
2018-08-16 13:00:00,32.51,49.44618466163741
2018-08-16 13:15:00,108.68,55.70698765570406
2018-08-16 13:30:00,100.51,57.29122441366783
2018-08-16 13:45:00,57.89,90.86679743784042
2018-08-16 14:00:00,51.44,93.03897919243457
2018-08-16 14:15:00,46.33,64.90279967253562
2018-08-16 14:30:00,43.85,63.39609793643002
2018-08-16 14:45:00,44.14,53.57578782640555
2018-08-16 15:00:00,65.41,48.55391789768314
2018-08-16 15:15:00,45.18,45.19408212014706
2018-08-16 15:30:00,55.84,64.5383429591113
2018-08-16 15:45:00,44.32,50.04285687438795
2018-08-16 16:00:00,41.4,58.79800678804275
2018-08-16 16:15:00,45.47,48.04123940917543
2018-08-16 16:30:00,53.14,45.76041161623302
2018-08-16 16:45:00,43.31,48.21088430471259
2018-08-16 17:00:00,55.22,58.451159997256944
2018-08-16 17:15:00,57.42,44.42582749321307
2018-08-16 17:30:00,27.79,33.82049799089283
2018-08-16 17:45:00,28.08,33.8825334355162
2018-08-16 18:00:00,33.16,35.15896685411335
2018-08-16 18:15:00,48.89,39.01836426951723
2018-08-16 18:30:00,50.8,43.241133431359195
2018-08-16 18:45:00,58.68,58.3582059657935
2018-08-16 19:00:00,43.56,58.453661453659436
2018-08-16 19:15:00,60.37,58.586875434853425
2018-08-16 19:30:00,39.56,48.24868587861514
2018-08-16 19:45:00,47.45,56.391644983800035
2018-08-16 20:00:00,54.61,44.4977923715732
2018-08-16 20:15:00,48.67,56.81677704164778
2018-08-16 20:30:00,37.55,54.676596993111126
2018-08-16 20:45:00,13.36,26.86078209582912
2018-08-16 21:00:00,5.15,12.452424534473959
2018-08-16 21:15:00,3.85,5.422513689657771
2018-08-16 21:30:00,3.64,4.668315705390385
2018-08-16 21:45:00,3.6,4.161205096479796
2018-08-16 22:00:00,3.6,4.078539189919982
2018-08-16 22:15:00,3.49,3.8535202578820993
2018-08-16 22:30:00,3.49,3.6306695365375354
2018-08-16 22:45:00,3.31,3.5203801336705327
2018-08-16 23:00:00,3.13,3.4872887452948227
2018-08-16 23:15:00,2.74,3.178563973837186
2018-08-16 23:30:00,2.74,3.1486468005584407
2018-08-16 23:45:00,3.13,3.0228601772675034
2018-08-17 00:00:00,2.77,3.01688897626618
2018-08-17 00:15:00,2.84,3.131466622958399
2018-08-17 00:30:00,2.81,3.0171962400613306
2018-08-17 00:45:00,2.77,3.01906485223133
2018-08-17 01:00:00,2.81,3.0120941611935046
2018-08-17 01:15:00,2.77,3.0120941611935046
2018-08-17 01:30:00,2.77,3.0120941611935046
2018-08-17 01:45:00,2.74,3.0120941611935046
2018-08-17 02:00:00,2.77,3.0120941611935046
2018-08-17 02:15:00,2.74,3.0112636210033004
2018-08-17 02:30:00,2.77,3.0120941611935046
2018-08-17 02:45:00,3.28,3.0112636210033004
2018-08-17 03:00:00,3.06,3.011225039060007
2018-08-17 03:15:00,2.77,3.1290178482580786
2018-08-17 03:30:00,2.77,3.1276810145353515
2018-08-17 03:45:00,2.77,3.0236907174577077
2018-08-17 04:00:00,2.99,3.017719516456384
2018-08-17 04:15:00,3.46,3.0120941611935046
2018-08-17 04:30:00,3.24,3.093306830091032
2018-08-17 04:45:00,2.77,3.145599559613773
2018-08-17 05:00:00,2.81,3.1386376957605915
2018-08-17 05:15:00,2.81,3.0236907174577077
2018-08-17 05:30:00,2.77,3.017719516456384
2018-08-17 05:45:00,2.74,3.0120941611935046
2018-08-17 06:00:00,2.81,3.0120941611935046
2018-08-17 06:15:00,2.77,3.0112636210033004
2018-08-17 06:30:00,2.77,3.0120941611935046
2018-08-17 06:45:00,2.7,3.0120941611935046
2018-08-17 07:00:00,3.28,3.011225039060007
2018-08-17 07:15:00,2.99,3.1763233000049524
2018-08-17 07:30:00,3.1,3.8449757983543487
2018-08-17 07:45:00,3.17,4.25469510175189
2018-08-17 08:00:00,33.84,31.921809853250874
2018-08-17 08:15:00,40.72,29.414709118986615
2018-08-17 08:30:00,64.94,63.445956580455096
2018-08-17 08:45:00,50.22,41.45369487700218
2018-08-17 09:00:00,45.86,63.89966381793209
2018-08-17 09:15:00,40.5,58.63829934738899
2018-08-17 09:30:00,45.65,50.839330433102305
2018-08-17 09:45:00,42.12,45.72716630283831
2018-08-17 10:00:00,46.08,48.02128712460765
2018-08-17 10:15:00,42.01,43.70539919199964
2018-08-17 10:30:00,44.53,50.74912174285598
2018-08-17 10:45:00,43.49,43.23641074534925
2018-08-17 11:00:00,41.4,47.72978716406575
2018-08-17 11:15:00,63.0,46.43281654946645
2018-08-17 11:30:00,45.07,42.2087268978
2018-08-17 11:45:00,36.25,59.55832625931946
2018-08-17 12:00:00,4.07,8.348645964806046
2018-08-17 12:15:00,4.86,5.663040870898369
2018-08-17 12:30:00,5.26,5.1443006908651805
2018-08-17 12:45:00,5.11,5.196081338576049
2018-08-17 13:00:00,28.12,33.12841493391421
2018-08-17 13:15:00,81.14,54.282338025693406
2018-08-17 13:30:00,86.62,54.41501572861912
2018-08-17 13:45:00,91.19,84.23067693688556
2018-08-17 14:00:00,77.65,78.50108757729231
2018-08-17 14:15:00,65.45,78.23920841274096
2018-08-17 14:30:00,91.37,76.78172982235363
2018-08-17 14:45:00,82.01,67.81462333572162
2018-08-17 15:00:00,75.6,76.87011213187647
2018-08-17 15:15:00,71.46,76.83428427624818
2018-08-17 15:30:00,58.61,74.64139128856351
2018-08-17 15:45:00,59.08,73.44030753215554
2018-08-17 16:00:00,89.06,62.94934399461178
2018-08-17 16:15:00,85.14,61.89801132385989
2018-08-17 16:30:00,109.73,75.8628899407871
2018-08-17 16:45:00,118.76,76.2028363114548
2018-08-17 17:00:00,64.3,89.9887366488601
2018-08-17 17:15:00,40.28,98.9243300990397
2018-08-17 17:30:00,30.06,38.4598484585259
2018-08-17 17:45:00,30.6,36.830933929839624
2018-08-17 18:00:00,43.52,69.04940318026634
2018-08-17 18:15:00,51.41,54.12153502195091
2018-08-17 18:30:00,49.03,49.16401393413926
2018-08-17 18:45:00,51.95,58.48801347423134
2018-08-17 19:00:00,67.61,57.71145154668999
2018-08-17 19:15:00,60.62,58.49790605308827
2018-08-17 19:30:00,42.95,64.63302297145489
2018-08-17 19:45:00,41.94,59.07620838804203
2018-08-17 20:00:00,45.86,49.094783055425886
2018-08-17 20:15:00,48.31,48.86614157729465
2018-08-17 20:30:00,92.59,47.89722803990986
2018-08-17 20:45:00,51.26,53.504419758608556
2018-08-17 21:00:00,11.09,37.836880457187874
2018-08-17 21:15:00,4.46,10.377078809320622
2018-08-17 21:30:00,3.74,5.510715358089897
2018-08-17 21:45:00,3.6,4.39256077038927
2018-08-17 22:00:00,3.49,4.081938045993229
2018-08-17 22:15:00,3.35,4.0709248951121655
2018-08-17 22:30:00,3.28,3.5361990673438175
2018-08-17 22:45:00,2.63,3.389528657065394
2018-08-17 23:00:00,2.63,3.1626207463895617
2018-08-17 23:15:00,2.56,3.0219832798212503
2018-08-17 23:30:00,2.63,3.016012078819927
2018-08-17 23:45:00,2.56,3.010386723557047
2018-08-18 00:00:00,2.92,3.0095176014235494
2018-08-18 00:15:00,2.59,3.0095176014235494
2018-08-18 00:30:00,2.66,3.018502078487281
2018-08-18 00:45:00,2.63,3.0095176014235494
2018-08-18 01:00:00,2.66,3.010304154784836
2018-08-18 01:15:00,2.63,3.010386723557047
2018-08-18 01:30:00,2.66,3.0095176014235494
2018-08-18 01:45:00,2.7,3.0095176014235494
2018-08-18 02:00:00,2.63,3.0095176014235494
2018-08-18 02:15:00,2.63,3.0095176014235494
2018-08-18 02:30:00,2.7,3.0095176014235494
2018-08-18 02:45:00,2.95,3.0095176014235494
2018-08-18 03:00:00,2.88,3.0095176014235494
2018-08-18 03:15:00,2.52,3.0899876917617433
2018-08-18 03:30:00,2.48,3.015320587015566
2018-08-18 03:45:00,2.52,3.0116155355333416
2018-08-18 04:00:00,2.59,3.011173276918334
2018-08-18 04:15:00,2.56,3.010386723557047
2018-08-18 04:30:00,2.52,3.0095176014235494
2018-08-18 04:45:00,2.52,3.0095176014235494
2018-08-18 05:00:00,2.56,3.0095176014235494
2018-08-18 05:15:00,2.48,3.0095176014235494
2018-08-18 05:30:00,2.56,3.0095176014235494
2018-08-18 05:45:00,2.88,3.0095176014235494
2018-08-18 06:00:00,2.88,3.0095176014235494
2018-08-18 06:15:00,2.52,3.0134394969684504
2018-08-18 06:30:00,2.81,3.0134394969684504
2018-08-18 06:45:00,3.06,3.010304154784836
2018-08-18 07:00:00,2.66,3.0128807145547913
2018-08-18 07:15:00,2.81,3.2501439757192645
2018-08-18 07:30:00,7.88,3.6458737037325943
2018-08-18 07:45:00,26.93,4.308878340630089
2018-08-18 08:00:00,81.43,53.09545576654348
2018-08-18 08:15:00,110.7,71.48831717789292
2018-08-18 08:30:00,73.91,87.47527040778856
2018-08-18 08:45:00,79.92,91.31022059563486
2018-08-18 09:00:00,85.68,84.38845951091369
2018-08-18 09:15:00,75.6,75.62003810596029
2018-08-18 09:30:00,64.26,77.56950376005535
2018-08-18 09:45:00,80.96,74.9069218225037
2018-08-18 10:00:00,109.12,65.93736426216321
2018-08-18 10:15:00,82.98,74.01407902640875
2018-08-18 10:30:00,72.07,89.17395041139726
2018-08-18 10:45:00,115.38,85.38257736816459
2018-08-18 11:00:00,47.09,74.96834944229113
2018-08-18 11:15:00,45.79,90.80164224868942
2018-08-18 11:30:00,38.56,59.32227548118551
2018-08-18 11:45:00,26.57,56.199907770950574
2018-08-18 12:00:00,3.67,6.462022248291456
2018-08-18 12:15:00,3.56,7.84416835027654
2018-08-18 12:30:00,4.25,5.121402116373779
2018-08-18 12:45:00,4.32,5.117983460117111
2018-08-18 13:00:00,26.89,51.967627755838954
2018-08-18 13:15:00,44.28,52.93384271541159
2018-08-18 13:30:00,46.55,55.947256348644714
2018-08-18 13:45:00,52.16,47.40637062159733
2018-08-18 14:00:00,48.71,51.51536018186071
2018-08-18 14:15:00,50.87,58.816220029814566
2018-08-18 14:30:00,47.77,57.75119473988768
2018-08-18 14:45:00,43.2,58.55681490843557
2018-08-18 15:00:00,46.08,57.62543834744133
2018-08-18 15:15:00,52.02,46.237969041288586
2018-08-18 15:30:00,67.1,50.69201881347093
2018-08-18 15:45:00,81.5,58.522258750466435
2018-08-18 16:00:00,76.36,64.94419682966337
2018-08-18 16:15:00,89.71,74.09183701064927
2018-08-18 16:30:00,74.38,74.53757451838342
2018-08-18 16:45:00,20.74,71.7171758340021
2018-08-18 17:00:00,7.74,69.05421618393933
2018-08-18 17:15:00,3.82,7.6798600033539834
2018-08-18 17:30:00,3.38,6.300288453573705
2018-08-18 17:45:00,3.35,4.178331751978565
2018-08-18 18:00:00,3.31,4.137103952172185
2018-08-18 18:15:00,3.24,4.269796267528267
2018-08-18 18:30:00,3.38,3.204075635752677
2018-08-18 18:45:00,3.38,3.164563480079169
2018-08-18 19:00:00,2.77,3.1755286787758594
2018-08-18 19:15:00,2.74,3.1755286787758594
2018-08-18 19:30:00,2.77,3.038934927631918
2018-08-18 19:45:00,2.77,3.0321331864403906
2018-08-18 20:00:00,2.84,3.027338371367715
2018-08-18 20:15:00,2.84,3.027338371367715
2018-08-18 20:30:00,2.81,3.0286837071426618
2018-08-18 20:45:00,2.77,3.0295528292761587
2018-08-18 21:00:00,2.81,3.020317905183646
2018-08-18 21:15:00,2.84,3.0120941611935046
2018-08-18 21:30:00,2.92,3.0120941611935046
2018-08-18 21:45:00,3.28,3.0143086191019477
2018-08-18 22:00:00,3.13,3.019371200620778
2018-08-18 22:15:00,2.59,3.1290178482580786
2018-08-18 22:30:00,2.66,3.129763197967949
2018-08-18 22:45:00,2.63,3.0219832798212503
2018-08-18 23:00:00,2.99,3.016012078819927
2018-08-18 23:15:00,3.1,3.010386723557047
2018-08-18 23:30:00,2.63,3.093306830091032
2018-08-18 23:45:00,2.66,3.128976644606661
2018-08-19 00:00:00,2.63,3.018782603312867
2018-08-19 00:15:00,2.59,3.016012078819927
2018-08-19 00:30:00,2.59,3.010386723557047
2018-08-19 00:45:00,2.66,3.0095176014235494
2018-08-19 01:00:00,2.59,3.0095176014235494
2018-08-19 01:15:00,2.63,3.0095176014235494
2018-08-19 01:30:00,2.59,3.0095176014235494
2018-08-19 01:45:00,2.63,3.0095176014235494
2018-08-19 02:00:00,2.74,3.0095176014235494
2018-08-19 02:15:00,2.74,3.0095176014235494
2018-08-19 02:30:00,2.66,3.0103944988698026
2018-08-19 02:45:00,3.24,3.0103944988698026
2018-08-19 03:00:00,2.84,3.0095176014235494
2018-08-19 03:15:00,2.74,3.1290178482580786
2018-08-19 03:30:00,2.7,3.0186957590158596
2018-08-19 03:45:00,2.7,3.016019854132683
2018-08-19 04:00:00,3.02,3.010386723557047
2018-08-19 04:15:00,2.99,3.010386723557047
2018-08-19 04:30:00,2.74,3.109617067166427
2018-08-19 04:45:00,2.7,3.0964620761789745
2018-08-19 05:00:00,2.63,3.0219910551340066
2018-08-19 05:15:00,2.63,3.013680524445041
2018-08-19 05:30:00,2.7,3.010386723557047
2018-08-19 05:45:00,2.63,3.0095176014235494
2018-08-19 06:00:00,2.63,3.0095176014235494
2018-08-19 06:15:00,2.63,3.0095176014235494
2018-08-19 06:30:00,2.66,3.0095176014235494
2018-08-19 06:45:00,2.66,3.0095176014235494
2018-08-19 07:00:00,2.66,3.0095176014235494
2018-08-19 07:15:00,2.59,3.163333480986408
2018-08-19 07:30:00,2.59,3.6033217704274443
2018-08-19 07:45:00,3.06,4.420824367217628
2018-08-19 08:00:00,3.42,17.197872956170453
2018-08-19 08:15:00,2.95,25.481488469219407
2018-08-19 08:30:00,2.63,3.8478075524930357
2018-08-19 08:45:00,2.81,3.3578903311761286
2018-08-19 09:00:00,2.84,3.3578903311761286
2018-08-19 09:15:00,2.81,3.2562024903909594
2018-08-19 09:30:00,3.2,3.366993696786309
2018-08-19 09:45:00,3.56,3.3578903311761286
2018-08-19 10:00:00,3.64,3.7158577206397765
2018-08-19 10:15:00,3.67,3.3578903311761286
2018-08-19 10:30:00,3.6,3.2562024903909594
2018-08-19 10:45:00,4.14,3.7158577206397765
2018-08-19 11:00:00,3.78,3.2562024903909594
2018-08-19 11:15:00,3.92,5.343029497003847
2018-08-19 11:30:00,3.92,3.4013782553440626
2018-08-19 11:45:00,3.78,4.128507898201846
2018-08-19 12:00:00,3.96,3.9921568109660917
2018-08-19 12:15:00,4.03,3.4200367779865717
2018-08-19 12:30:00,3.82,4.255732527172634
2018-08-19 12:45:00,4.21,4.3000366767006
2018-08-19 13:00:00,4.32,3.708340809398748
2018-08-19 13:15:00,3.89,5.695931659087352
2018-08-19 13:30:00,4.0,6.041820019622886
2018-08-19 13:45:00,4.14,4.46355407440224
2018-08-19 14:00:00,3.49,4.462575943348858
2018-08-19 14:15:00,2.84,5.436382020161161
2018-08-19 14:30:00,2.77,3.921185366217057
2018-08-19 14:45:00,2.74,3.7506964860473926
2018-08-19 15:00:00,2.77,3.7793457854466164
2018-08-19 15:15:00,2.81,3.5845154691070813
2018-08-19 15:30:00,2.81,3.550831481694721
2018-08-19 15:45:00,2.77,3.6109423433500707
2018-08-19 16:00:00,2.88,3.487663519957182
2018-08-19 16:15:00,3.35,4.16019372613541
2018-08-19 16:30:00,3.17,3.5682600980995693
2018-08-19 16:45:00,2.81,3.254339686909324
2018-08-19 17:00:00,2.74,3.1345174088541436
2018-08-19 17:15:00,2.77,3.027319737944451
2018-08-19 17:30:00,2.7,3.01688897626618
2018-08-19 17:45:00,2.74,3.0120941611935046
2018-08-19 18:00:00,2.66,3.010386723557047
2018-08-19 18:15:00,2.63,3.0103944988698026
2018-08-19 18:30:00,2.66,3.010386723557047
2018-08-19 18:45:00,2.7,3.0095176014235494
2018-08-19 19:00:00,2.77,3.0095176014235494
2018-08-19 19:15:00,2.81,3.0095176014235494
2018-08-19 19:30:00,2.74,3.011225039060007
2018-08-19 19:45:00,2.92,3.011225039060007
2018-08-19 20:00:00,3.35,3.0103944988698026
2018-08-19 20:15:00,3.24,3.019371200620778
2018-08-19 20:30:00,3.2,3.1290178482580786
2018-08-19 20:45:00,2.84,3.135060663666774
2018-08-19 21:00:00,2.81,3.141928656597465
2018-08-19 21:15:00,2.81,3.0251902364122367
2018-08-19 21:30:00,2.88,3.017719516456384
2018-08-19 21:45:00,2.88,3.0120941611935046
2018-08-19 22:00:00,2.74,3.0143086191019477
2018-08-19 22:15:00,2.63,3.0143086191019477
2018-08-19 22:30:00,2.66,3.012050174364587
2018-08-19 22:45:00,2.7,3.011173276918334
2018-08-19 23:00:00,2.63,3.010386723557047
2018-08-19 23:15:00,2.66,3.0095176014235494
2018-08-19 23:30:00,2.63,3.0095176014235494
2018-08-19 23:45:00,2.56,3.0095176014235494
2018-08-20 00:00:00,2.66,3.0095176014235494
2018-08-20 00:15:00,2.66,3.0095176014235494
2018-08-20 00:30:00,2.95,3.0095176014235494
2018-08-20 00:45:00,4.03,3.0095176014235494
2018-08-20 01:00:00,3.06,3.0899876917617433
2018-08-20 01:15:00,2.66,3.3708876782251362
2018-08-20 01:30:00,2.7,3.1297789486451446
2018-08-20 01:45:00,2.66,3.0219832798212503
2018-08-20 02:00:00,2.7,3.016012078819927
2018-08-20 02:15:00,2.7,3.0119492732328466
2018-08-20 02:30:00,2.74,3.0095176014235494
2018-08-20 02:45:00,2.66,3.0095176014235494
2018-08-20 03:00:00,2.66,3.0103944988698026
2018-08-20 03:15:00,2.66,3.0095176014235494
2018-08-20 03:30:00,2.66,3.0095176014235494
2018-08-20 03:45:00,2.7,3.0095176014235494
2018-08-20 04:00:00,2.7,3.0095176014235494
2018-08-20 04:15:00,2.63,3.0095176014235494
2018-08-20 04:30:00,2.7,3.0151033650240855
2018-08-20 04:45:00,3.1,3.0151033650240855
2018-08-20 05:00:00,2.99,3.0095176014235494
2018-08-20 05:15:00,2.59,3.1237203825592523
2018-08-20 05:30:00,2.59,3.0964620761789745
2018-08-20 05:45:00,2.63,3.0211141576877534
2018-08-20 06:00:00,2.63,3.013680524445041
2018-08-20 06:15:00,2.63,3.010386723557047
2018-08-20 06:30:00,3.1,3.0095176014235494
2018-08-20 06:45:00,2.95,3.0095176014235494
2018-08-20 07:00:00,2.74,3.1237203825592523
2018-08-20 07:15:00,3.02,3.2648055695293543
2018-08-20 07:30:00,3.38,3.7924703922850513
2018-08-20 07:45:00,4.0,4.1919790509171815
2018-08-20 08:00:00,72.9,29.468332809149615
2018-08-20 08:15:00,59.04,64.41923900895591
2018-08-20 08:30:00,107.68,93.23615272023915
2018-08-20 08:45:00,127.66,58.95555096923918
2018-08-20 09:00:00,96.55,90.24600420508264
2018-08-20 09:15:00,60.3,101.40992965414961
2018-08-20 09:30:00,111.31,94.72516267708954
2018-08-20 09:45:00,115.56,71.08380117194834
2018-08-20 10:00:00,105.01,90.93375272622642
2018-08-20 10:15:00,55.98,98.11334867795296
2018-08-20 10:30:00,101.2,96.49062148916681
2018-08-20 10:45:00,133.7,71.50407638165726
2018-08-20 11:00:00,118.12,88.32417464028833
2018-08-20 11:15:00,75.2,99.09251133833692
2018-08-20 11:30:00,54.83,102.20576486022784
2018-08-20 11:45:00,37.48,88.30262437377468
2018-08-20 12:00:00,14.11,9.668903788567363
2018-08-20 12:15:00,5.62,8.787256808941592
2018-08-20 12:30:00,5.47,6.554176535987454
2018-08-20 12:45:00,5.22,5.3233337058919235
2018-08-20 13:00:00,44.17,52.8619032825911
2018-08-20 13:15:00,58.75,57.160393824380606
2018-08-20 13:30:00,54.54,66.67423594190714
2018-08-20 13:45:00,48.64,58.995628440667524
2018-08-20 14:00:00,45.32,58.866355312985206
2018-08-20 14:15:00,45.65,58.87951527885128
2018-08-20 14:30:00,55.51,52.60009507703293
2018-08-20 14:45:00,51.3,52.15299306579892
2018-08-20 15:00:00,53.06,59.01932385663905
2018-08-20 15:15:00,65.7,59.107532907270404
2018-08-20 15:30:00,55.01,58.673767299846304
2018-08-20 15:45:00,56.38,64.39813896869316
2018-08-20 16:00:00,62.14,58.753692760513005
2018-08-20 16:15:00,97.42,58.9024974825855
2018-08-20 16:30:00,103.36,59.535289836983395
2018-08-20 16:45:00,101.48,86.78128315515565
2018-08-20 17:00:00,92.41,92.07712212419581
2018-08-20 17:15:00,114.12,93.16764658395039
2018-08-20 17:30:00,34.31,47.47414715825166
2018-08-20 17:45:00,28.94,42.774726347452244
2018-08-20 18:00:00,35.5,52.78299476594315
2018-08-20 18:15:00,47.41,50.06336053541872
2018-08-20 18:30:00,52.96,48.768995081217966
2018-08-20 18:45:00,45.36,57.86150950149961
2018-08-20 19:00:00,45.72,58.54773056119966
2018-08-20 19:15:00,54.25,50.14220442190088
2018-08-20 19:30:00,46.58,52.45115155150136
2018-08-20 19:45:00,41.18,58.41476640467615
2018-08-20 20:00:00,62.75,52.399265208060676
2018-08-20 20:15:00,49.79,45.541420618185484
2018-08-20 20:30:00,40.86,56.61070740451517
2018-08-20 20:45:00,13.54,55.124385920767324
2018-08-20 21:00:00,6.37,10.90376476488766
2018-08-20 21:15:00,3.74,5.405448967407998
2018-08-20 21:30:00,3.53,5.3867203509019035
2018-08-20 21:45:00,3.56,4.141355144849997
2018-08-20 22:00:00,3.38,4.038444408835422
2018-08-20 22:15:00,3.31,4.051832668483714
2018-08-20 22:30:00,2.77,3.414744369897607
2018-08-20 22:45:00,2.63,3.166592030022991
2018-08-20 23:00:00,2.56,3.037630791741921
2018-08-20 23:15:00,2.59,3.016012078819927
2018-08-20 23:30:00,2.52,3.010386723557047
2018-08-20 23:45:00,2.56,3.010386723557047
2018-08-21 00:00:00,2.52,3.0095176014235494
2018-08-21 00:15:00,2.74,3.0095176014235494
2018-08-21 00:30:00,3.2,3.0095176014235494
2018-08-21 00:45:00,2.74,3.0103944988698026
2018-08-21 01:00:00,2.66,3.1290178482580786
2018-08-21 01:15:00,2.7,3.0163656998711263
2018-08-21 01:30:00,2.7,3.0151429566864296
2018-08-21 01:45:00,2.74,3.010386723557047
2018-08-21 02:00:00,2.77,3.0095176014235494
2018-08-21 02:15:00,3.35,3.0103944988698026
2018-08-21 02:30:00,2.88,3.011225039060007
2018-08-21 02:45:00,2.74,3.1290178482580786
2018-08-21 03:00:00,2.77,3.0186957590158596
2018-08-21 03:15:00,2.7,3.01688897626618
2018-08-21 03:30:00,2.74,3.0128807145547913
2018-08-21 03:45:00,2.81,3.0140157440437907
2018-08-21 04:00:00,2.7,3.0103944988698026
2018-08-21 04:15:00,2.74,3.0120941611935046
2018-08-21 04:30:00,2.81,3.0095176014235494
2018-08-21 04:45:00,3.28,3.0103944988698026
2018-08-21 05:00:00,2.77,3.0120941611935046
2018-08-21 05:15:00,2.7,3.1290178482580786
2018-08-21 05:30:00,2.74,3.0171962400613306
2018-08-21 05:45:00,2.63,3.016012078819927
2018-08-21 06:00:00,2.63,3.0112636210033004
2018-08-21 06:15:00,2.63,3.010386723557047
2018-08-21 06:30:00,2.88,3.0095176014235494
2018-08-21 06:45:00,2.95,3.0095176014235494
2018-08-21 07:00:00,3.24,3.0134394969684504
2018-08-21 07:15:00,2.84,3.2445880272322545
2018-08-21 07:30:00,3.17,3.920247311538806
2018-08-21 07:45:00,4.1,4.682532459885568
2018-08-21 08:00:00,67.46,34.35897613666005
2018-08-21 08:15:00,69.77,69.83990743322052
2018-08-21 08:30:00,53.42,88.70516125348472
2018-08-21 08:45:00,49.79,67.66485206278493
2018-08-21 09:00:00,58.43,59.154419411324824
2018-08-21 09:15:00,55.44,59.420718128538304
2018-08-21 09:30:00,56.84,59.20145330513144
2018-08-21 09:45:00,75.78,58.982080429374804
2018-08-21 10:00:00,48.1,58.73426514388605
2018-08-21 10:15:00,48.56,73.0307901038317
2018-08-21 10:30:00,52.81,58.27191398154501
2018-08-21 10:45:00,65.45,58.507007576322124
2018-08-21 11:00:00,60.8,59.46477277719203
2018-08-21 11:15:00,44.21,64.4993233541742
2018-08-21 11:30:00,41.4,59.186537761520825
2018-08-21 11:45:00,33.77,49.57173339917809
2018-08-21 12:00:00,4.14,10.870705608381565
2018-08-21 12:15:00,5.47,5.757109083725498
2018-08-21 12:30:00,5.47,5.1401501390088455
2018-08-21 12:45:00,5.29,5.283281253328603
2018-08-21 13:00:00,39.82,49.70071513485154
2018-08-21 13:15:00,48.02,51.68633982492062
2018-08-21 13:30:00,40.82,59.447548749009904
2018-08-21 13:45:00,39.17,57.502534475298425
2018-08-21 14:00:00,42.91,40.39572546700944
2018-08-21 14:15:00,46.4,41.890401835987525
2018-08-21 14:30:00,52.42,45.12272770843969
2018-08-21 14:45:00,57.64,50.72201332920563
2018-08-21 15:00:00,56.88,58.546063084888154
2018-08-21 15:15:00,51.23,58.679377205644634
2018-08-21 15:30:00,49.86,58.707188515296366
2018-08-21 15:45:00,51.08,58.64528343911911
2018-08-21 16:00:00,50.58,58.60843055250903
2018-08-21 16:15:00,57.64,58.54625415882963
2018-08-21 16:30:00,57.28,58.54625415882963
2018-08-21 16:45:00,50.87,58.645012121616986
2018-08-21 17:00:00,56.48,58.612285427665164
2018-08-21 17:15:00,38.74,58.47765692245588
2018-08-21 17:30:00,30.38,36.51997226812909
2018-08-21 17:45:00,29.02,31.135854180193274
2018-08-21 18:00:00,33.01,48.103407917119
2018-08-21 18:15:00,54.86,43.10733253356615
2018-08-21 18:30:00,54.76,39.60739074237995
2018-08-21 18:45:00,48.71,61.805634890716675
2018-08-21 19:00:00,56.27,58.44984561280415
2018-08-21 19:15:00,53.93,57.603268328933225
2018-08-21 19:30:00,50.4,58.527870172709385
2018-08-21 19:45:00,55.87,58.375753017510114
2018-08-21 20:00:00,54.9,58.34794170785838
2018-08-21 20:15:00,56.09,58.352734889050396
2018-08-21 20:30:00,57.31,55.148563253020875
2018-08-21 20:45:00,34.06,50.71348416567593
2018-08-21 21:00:00,4.54,12.48979831783832
2018-08-21 21:15:00,3.82,10.124807390233325
2018-08-21 21:30:00,3.49,4.414577801609349
2018-08-21 21:45:00,3.38,4.158433619771022
2018-08-21 22:00:00,3.64,4.031277934230611
2018-08-21 22:15:00,3.89,3.452038558441574
2018-08-21 22:30:00,3.24,3.625490025276895
2018-08-21 22:45:00,2.77,3.6870272276023184
2018-08-21 23:00:00,2.56,3.3844522968552635
2018-08-21 23:15:00,2.59,3.0382355897991946
2018-08-21 23:30:00,2.56,3.016012078819927
2018-08-21 23:45:00,2.92,3.0119492732328466
2018-08-22 00:00:00,2.59,3.010386723557047
2018-08-22 00:15:00,2.74,3.018502078487281
2018-08-22 00:30:00,2.63,3.0095176014235494
2018-08-22 00:45:00,2.59,3.0111810522310893
2018-08-22 01:00:00,2.59,3.010386723557047
2018-08-22 01:15:00,2.63,3.0095176014235494
2018-08-22 01:30:00,2.59,3.0095176014235494
2018-08-22 01:45:00,2.66,3.0095176014235494
2018-08-22 02:00:00,2.63,3.0095176014235494
2018-08-22 02:15:00,2.56,3.0095176014235494
2018-08-22 02:30:00,2.59,3.0095176014235494
2018-08-22 02:45:00,2.95,3.0095176014235494
2018-08-22 03:00:00,3.17,3.0095176014235494
2018-08-22 03:15:00,2.95,3.0899876917617433
2018-08-22 03:30:00,3.1,3.1303556834925637
2018-08-22 03:45:00,2.59,3.097341887918945
2018-08-22 04:00:00,2.63,3.1332560188983445
2018-08-22 04:15:00,2.59,3.0184558586681622
2018-08-22 04:30:00,2.56,3.016012078819927
2018-08-22 04:45:00,2.66,3.010386723557047
2018-08-22 05:00:00,2.63,3.0095176014235494
2018-08-22 05:15:00,2.63,3.0095176014235494
2018-08-22 05:30:00,2.63,3.0095176014235494
2018-08-22 05:45:00,2.56,3.0095176014235494
2018-08-22 06:00:00,2.59,3.0095176014235494
2018-08-22 06:15:00,2.59,3.0095176014235494
2018-08-22 06:30:00,2.59,3.0095176014235494
2018-08-22 06:45:00,2.52,3.0095176014235494
2018-08-22 07:00:00,2.59,3.0095176014235494
2018-08-22 07:15:00,3.46,3.1801365247147104
2018-08-22 07:30:00,3.96,3.99249017378521
2018-08-22 07:45:00,4.03,5.443225343296421
2018-08-22 08:00:00,44.57,38.30936876347111
2018-08-22 08:15:00,48.35,61.61497604284591
2018-08-22 08:30:00,59.04,64.18901128094656
2018-08-22 08:45:00,51.41,57.74697669136238
2018-08-22 09:00:00,48.28,58.77085733316978
2018-08-22 09:15:00,68.33,58.603777259886726
2018-08-22 09:30:00,60.01,57.81671692865385
2018-08-22 09:45:00,61.74,65.15268377389694
2018-08-22 10:00:00,42.05,59.11941494412061
2018-08-22 10:15:00,48.67,59.833992211063645
2018-08-22 10:30:00,60.62,48.820059758788545
2018-08-22 10:45:00,57.82,58.161266640916885
2018-08-22 11:00:00,62.03,59.140248144519575
2018-08-22 11:15:00,59.11,58.76288619159325
2018-08-22 11:30:00,51.44,59.286777862023776
2018-08-22 11:45:00,40.93,59.246807002896006
2018-08-22 12:00:00,4.03,7.073356982075374
2018-08-22 12:15:00,4.36,7.688897405266483
2018-08-22 12:30:00,4.46,5.186551443205656
2018-08-22 12:45:00,4.36,5.1989325816620156
2018-08-22 13:00:00,32.15,48.844962355131116
2018-08-22 13:15:00,55.48,54.544000324627945
2018-08-22 13:30:00,57.24,55.020568098713696
2018-08-22 13:45:00,51.84,62.12473977022475
2018-08-22 14:00:00,68.76,58.67625873700834
2018-08-22 14:15:00,60.73,58.55392005202271
2018-08-22 14:30:00,60.7,65.00687280394607
2018-08-22 14:45:00,46.22,59.49694205997386
2018-08-22 15:00:00,55.66,59.833203194028904
2018-08-22 15:15:00,47.59,52.052926688960866
2018-08-22 15:30:00,61.6,58.8793490876256
2018-08-22 15:45:00,53.28,57.363721224467945
2018-08-22 16:00:00,56.05,59.20702111564226
2018-08-22 16:15:00,58.75,58.64561878740341
2018-08-22 16:30:00,51.48,58.6136334973947
2018-08-22 16:45:00,56.2,45.512199433193175
2018-08-22 17:00:00,45.18,45.113135241531026
2018-08-22 17:15:00,62.17,47.75982640601071
2018-08-22 17:30:00,34.16,32.344305478083314
2018-08-22 17:45:00,15.05,32.17632303644204
2018-08-22 18:00:00,5.4,31.812816345548402
2018-08-22 18:15:00,3.92,10.759212537345581
2018-08-22 18:30:00,3.49,5.078495932996133
2018-08-22 18:45:00,3.38,4.1698693474549655
2018-08-22 19:00:00,3.46,4.0595358919399676
2018-08-22 19:15:00,3.42,3.6323428461893936
2018-08-22 19:30:00,2.81,3.4457309923699806
2018-08-22 19:45:00,2.88,3.1882032458081495
2018-08-22 20:00:00,2.88,3.047192660336746
2018-08-22 20:15:00,2.88,3.0351781845390384
2018-08-22 20:30:00,2.88,3.0295528292761587
2018-08-22 20:45:00,2.92,3.030339382637445
2018-08-22 21:00:00,2.92,3.015095172463235
2018-08-22 21:15:00,3.02,3.0201577539820645
2018-08-22 21:30:00,2.95,3.0201577539820645
2018-08-22 21:45:00,2.95,3.11190383149979
2018-08-22 22:00:00,2.88,3.098836631884181
2018-08-22 22:15:00,2.81,3.099953754505802
2018-08-22 22:30:00,2.81,3.018287643258855
2018-08-22 22:45:00,2.81,3.014192095303297
2018-08-22 23:00:00,2.81,3.0128807145547913
2018-08-22 23:15:00,3.2,3.0120941611935046
2018-08-22 23:30:00,2.99,3.0120941611935046
2018-08-22 23:45:00,2.92,3.1290178482580786
2018-08-23 00:00:00,3.46,3.0964620761789745
2018-08-23 00:15:00,2.92,3.0302528179310673
2018-08-23 00:30:00,2.99,3.1473419893769043
2018-08-23 00:45:00,2.92,3.0254140160294742
2018-08-23 01:00:00,2.92,3.0988829489328764
2018-08-23 01:15:00,2.92,3.0254140160294742
2018-08-23 01:30:00,3.17,3.0226650015087717
2018-08-23 01:45:00,3.02,3.0201577539820645
2018-08-23 02:00:00,3.13,3.130353519883179
2018-08-23 02:15:00,3.28,3.1171600935472004
2018-08-23 02:30:00,3.2,3.138131401870715
2018-08-23 02:45:00,5.62,3.1445637629529024
2018-08-23 03:00:00,4.46,3.148174686024535
2018-08-23 03:15:00,4.0,4.3066483359981795
2018-08-23 03:30:00,4.07,4.171178874089973
2018-08-23 03:45:00,5.0,4.1847281340346765
2018-08-23 04:00:00,5.18,4.215042438016789
2018-08-23 04:15:00,3.96,4.669419028849334
2018-08-23 04:30:00,3.64,4.891323773143545
2018-08-23 04:45:00,3.17,4.169716663608583
2018-08-23 05:00:00,3.13,4.089291403650796
2018-08-23 05:15:00,3.17,3.463342943899413
2018-08-23 05:30:00,3.2,3.1779544962035504
2018-08-23 05:45:00,3.13,3.1522610510841536
2018-08-23 06:00:00,3.17,3.148174686024535
2018-08-23 06:15:00,3.17,3.1443774312977855
2018-08-23 06:30:00,3.13,3.1476314312119045
2018-08-23 06:45:00,3.06,3.1476314312119045
2018-08-23 07:00:00,3.06,3.1443774312977855
2018-08-23 07:15:00,3.24,3.2933532327018096
2018-08-23 07:30:00,3.78,3.8728730764732306
2018-08-23 07:45:00,4.5,4.744336152559301
2018-08-23 08:00:00,41.0,53.00777646508998
2018-08-23 08:15:00,66.06,64.39511048504683
2018-08-23 08:30:00,59.47,62.883513753550524
2018-08-23 08:45:00,57.31,66.00044032030709
2018-08-23 09:00:00,49.54,58.893316172842525
2018-08-23 09:15:00,65.45,59.035751117360384
2018-08-23 09:30:00,52.67,58.802521286164655
2018-08-23 09:45:00,79.13,64.51642852422985
2018-08-23 10:00:00,68.26,58.759740617812575
2018-08-23 10:15:00,59.04,73.68402040722663
2018-08-23 10:30:00,63.9,66.56104023654788
2018-08-23 10:45:00,78.77,58.66006795376129
2018-08-23 11:00:00,71.32,62.270304482522086
2018-08-23 11:15:00,71.68,73.78392630901199
2018-08-23 11:30:00,69.01,71.50999342889334
2018-08-23 11:45:00,62.06,68.15390103516775
2018-08-23 12:00:00,15.3,6.374385240183942
2018-08-23 12:15:00,29.23,6.028281520875513
2018-08-23 12:30:00,28.44,6.355265325273434
2018-08-23 12:45:00,28.94,20.378305970544837
2018-08-23 13:00:00,38.88,44.31647051905738
2018-08-23 13:15:00,45.97,48.723718446075225
2018-08-23 13:30:00,41.26,40.19999328522758
2018-08-23 13:45:00,39.82,51.131940791598126
2018-08-23 14:00:00,40.07,41.1400829904649
2018-08-23 14:15:00,40.07,41.26828117510696
2018-08-23 14:30:00,42.62,41.137536129763866
2018-08-23 14:45:00,42.08,40.32577771351544
2018-08-23 15:00:00,41.47,42.34755306967285
2018-08-23 15:15:00,45.4,42.38104720206356
2018-08-23 15:30:00,45.79,41.6295835402185
2018-08-23 15:45:00,50.65,47.98204327526325
2018-08-23 16:00:00,51.95,47.367167446733816
2018-08-23 16:15:00,49.46,56.49043937265264
2018-08-23 16:30:00,53.28,58.45218505128942
2018-08-23 16:45:00,53.57,55.384754788524425
2018-08-23 17:00:00,48.49,58.48571615522608
2018-08-23 17:15:00,41.04,58.44984561280415
2018-08-23 17:30:00,31.54,35.53218038769068
2018-08-23 17:45:00,31.68,30.997279387919228
2018-08-23 18:00:00,37.12,35.277309349157136
2018-08-23 18:15:00,39.96,42.0872452992447
2018-08-23 18:30:00,43.24,39.54001817712249
2018-08-23 18:45:00,41.04,39.89931839093823
2018-08-23 19:00:00,40.43,43.260498893551365
2018-08-23 19:15:00,45.54,39.87506154728539
2018-08-23 19:30:00,41.15,40.264053998850166
2018-08-23 19:45:00,48.74,48.595629933435355
2018-08-23 20:00:00,49.82,40.585981490259876
2018-08-23 20:15:00,54.36,57.042745009313
2018-08-23 20:30:00,41.69,53.22145363811978
2018-08-23 20:45:00,22.36,24.976275922225497
2018-08-23 21:00:00,6.55,10.7544632048735
2018-08-23 21:15:00,3.89,5.405448967407998
2018-08-23 21:30:00,3.78,5.379766632120298
2018-08-23 21:45:00,3.78,4.174904426136726
2018-08-23 22:00:00,3.67,4.083281336036519
2018-08-23 22:15:00,4.72,4.083305657425122
2018-08-23 22:30:00,3.74,3.642465375415452
2018-08-23 22:45:00,3.38,3.9100718929096754
2018-08-23 23:00:00,2.92,3.7165236929299237
2018-08-23 23:15:00,2.88,3.5068961131275413
2018-08-23 23:30:00,2.92,3.359473966241344
2018-08-23 23:45:00,2.81,3.0214965240406273
2018-08-24 00:00:00,2.92,3.021720303657865
2018-08-24 00:15:00,2.95,3.0128807145547913
2018-08-24 00:30:00,2.92,3.0201577539820645
2018-08-24 00:45:00,2.92,3.0914879027338196
2018-08-24 01:00:00,2.92,3.0220388440291805
2018-08-24 01:15:00,2.92,3.02146913473057
2018-08-24 01:30:00,2.92,3.0201577539820645
2018-08-24 01:45:00,2.95,3.0201577539820645
2018-08-24 02:00:00,2.88,3.0201577539820645
2018-08-24 02:15:00,2.95,3.0922744560951076
2018-08-24 02:30:00,2.88,3.01697626251035
2018-08-24 02:45:00,2.95,3.093585836843612
2018-08-24 03:00:00,3.13,3.01697626251035
2018-08-24 03:15:00,3.78,3.092085625871536
2018-08-24 03:30:00,3.78,3.126388025967655
2018-08-24 03:45:00,3.24,3.168794492745271
2018-08-24 04:00:00,2.92,3.185602716562355
2018-08-24 04:15:00,2.95,3.1884363094440507
2018-08-24 04:30:00,2.92,3.0519949621918783
2018-08-24 04:45:00,3.02,3.101704800550895
2018-08-24 05:00:00,2.88,3.0236013937049804
2018-08-24 05:15:00,2.88,3.1153162282077638
2018-08-24 05:30:00,2.92,3.0203514345106437
2018-08-24 05:45:00,2.92,3.019933974364828
2018-08-24 06:00:00,2.88,3.0201577539820645
2018-08-24 06:15:00,2.92,3.0201577539820645
2018-08-24 06:30:00,2.84,3.015095172463235
2018-08-24 06:45:00,2.84,3.0201577539820645
2018-08-24 07:00:00,2.88,3.015095172463235
2018-08-24 07:15:00,3.71,3.1738555625820335
2018-08-24 07:30:00,4.03,3.692051694547106
2018-08-24 07:45:00,3.82,4.593919134298597
2018-08-24 08:00:00,38.59,36.309387313803406
2018-08-24 08:15:00,58.46,43.825351855249764
2018-08-24 08:30:00,64.44,61.37442909365183
2018-08-24 08:45:00,62.32,58.290938950634974
2018-08-24 09:00:00,55.76,62.11406035445636
2018-08-24 09:15:00,51.41,56.78193186556594
2018-08-24 09:30:00,68.58,58.091687354365405
2018-08-24 09:45:00,60.62,56.39775340579117
2018-08-24 10:00:00,61.2,64.75766402284042
2018-08-24 10:15:00,53.39,57.43960684128881
2018-08-24 10:30:00,55.4,57.915522671005895
2018-08-24 10:45:00,51.7,56.912139070098576
2018-08-24 11:00:00,64.48,56.550735703245834
2018-08-24 11:15:00,58.25,58.61486472966969
2018-08-24 11:30:00,57.82,62.04432216785137
2018-08-24 11:45:00,45.11,55.74858278072312
2018-08-24 12:00:00,4.68,8.672657951206338
2018-08-24 12:15:00,4.5,8.816819012562759
2018-08-24 12:30:00,4.5,7.553568263347771
2018-08-24 12:45:00,4.5,7.5932486028503705
2018-08-24 13:00:00,32.94,38.749979249315786
2018-08-24 13:15:00,55.48,52.6255381045615
2018-08-24 13:30:00,50.29,57.63416682843315
2018-08-24 13:45:00,52.09,61.487503358554825
2018-08-24 14:00:00,57.85,58.55020053340787
2018-08-24 14:15:00,47.16,58.52661981120959
2018-08-24 14:30:00,45.94,58.67841691508705
2018-08-24 14:45:00,39.24,54.475142617414
2018-08-24 15:00:00,45.76,51.11747802542114
2018-08-24 15:15:00,47.59,45.623975410093244
2018-08-24 15:30:00,51.62,49.90389753446419
2018-08-24 15:45:00,50.58,57.230114439993166
2018-08-24 16:00:00,58.9,58.52661981120959
2018-08-24 16:15:00,53.28,58.49225472718194
2018-08-24 16:30:00,54.11,58.68561128613072
2018-08-24 16:45:00,54.65,58.52006603683367
2018-08-24 17:00:00,56.84,58.4862272240647
2018-08-24 17:15:00,45.54,55.1194601671088
2018-08-24 17:30:00,29.92,30.394766739996804
2018-08-24 17:45:00,28.91,30.51589226060903
2018-08-24 18:00:00,38.09,47.939018727960665
2018-08-24 18:15:00,54.68,44.02890300460809
2018-08-24 18:30:00,57.67,39.75297957571374
2018-08-24 18:45:00,55.12,58.276079950623526
2018-08-24 19:00:00,56.05,58.52130333477837
2018-08-24 19:15:00,53.39,58.42254537199103
2018-08-24 19:30:00,56.7,56.06374978752257
2018-08-24 19:45:00,52.49,55.92104739721605
2018-08-24 20:00:00,51.73,57.022017726056816
2018-08-24 20:15:00,56.63,58.01753968371191
2018-08-24 20:30:00,51.62,55.148563253020875
2018-08-24 20:45:00,17.5,53.45660697881505
2018-08-24 21:00:00,6.7,11.04017722735543
2018-08-24 21:15:00,3.92,5.382389008883547
2018-08-24 21:30:00,3.78,5.395650080774106
2018-08-24 21:45:00,3.31,4.174904426136726
2018-08-24 22:00:00,2.95,4.083305657425122
2018-08-24 22:15:00,2.92,4.473989393943687
2018-08-24 22:30:00,3.06,3.1506103466025492
2018-08-24 22:45:00,3.24,3.368316599099718
2018-08-24 23:00:00,2.7,3.1326291776084765
2018-08-24 23:15:00,2.74,3.138671586738407
2018-08-24 23:30:00,2.74,3.0219832798212503
2018-08-24 23:45:00,2.56,3.01688897626618
2018-08-25 00:00:00,2.7,3.0112636210033004
2018-08-25 00:15:00,2.74,3.0095176014235494
2018-08-25 00:30:00,2.74,3.0095176014235494
2018-08-25 00:45:00,2.7,3.0103944988698026
2018-08-25 01:00:00,2.81,3.0103944988698026
2018-08-25 01:15:00,2.74,3.0095176014235494
2018-08-25 01:30:00,2.77,3.011225039060007
2018-08-25 01:45:00,2.81,3.0103944988698026
2018-08-25 02:00:00,2.74,3.011225039060007
2018-08-25 02:15:00,2.95,3.0120941611935046
2018-08-25 02:30:00,3.38,3.0103944988698026
2018-08-25 02:45:00,2.92,3.0899876917617433
2018-08-25 03:00:00,2.81,3.1422243876134788
2018-08-25 03:15:00,3.31,3.0258562746444824
2018-08-25 03:30:00,3.02,3.017719516456384
2018-08-25 03:45:00,2.84,3.132439507974803
2018-08-25 04:00:00,2.77,3.1169743451733045
2018-08-25 04:15:00,2.84,3.0251902364122367
2018-08-25 04:30:00,2.81,3.017719516456384
2018-08-25 04:45:00,2.81,3.0143086191019477
2018-08-25 05:00:00,2.81,3.0120941611935046
2018-08-25 05:15:00,2.74,3.0120941611935046
2018-08-25 05:30:00,2.74,3.0120941611935046
2018-08-25 05:45:00,2.81,3.0112636210033004
2018-08-25 06:00:00,2.77,3.0112636210033004
2018-08-25 06:15:00,2.77,3.0120941611935046
2018-08-25 06:30:00,2.92,3.011225039060007
2018-08-25 06:45:00,3.28,3.011225039060007
2018-08-25 07:00:00,2.77,3.019371200620778
2018-08-25 07:15:00,3.02,3.2468200120048554
2018-08-25 07:30:00,3.2,3.6808314175251264
2018-08-25 07:45:00,3.1,4.276996766005019
2018-08-25 08:00:00,4.21,57.709448291536916
2018-08-25 08:15:00,4.21,24.643183669305145
2018-08-25 08:30:00,5.83,35.04318680540937
2018-08-25 08:45:00,5.62,23.449950423149424
2018-08-25 09:00:00,4.93,23.641820218880596
2018-08-25 09:15:00,4.57,22.869312562266032
2018-08-25 09:30:00,6.66,22.45781276501175
2018-08-25 09:45:00,4.43,24.871126278487107
2018-08-25 10:00:00,4.61,28.806418330671974
2018-08-25 10:15:00,4.43,25.37039880600675
2018-08-25 10:30:00,4.57,24.761441952372124
2018-08-25 10:45:00,4.79,29.111542849318585
2018-08-25 11:00:00,4.68,24.28644136705631
2018-08-25 11:15:00,5.18,24.09124933011032
2018-08-25 11:30:00,5.44,5.880679534740185
2018-08-25 11:45:00,3.35,4.912939189711903
2018-08-25 12:00:00,3.56,5.070981230049405
2018-08-25 12:15:00,3.67,4.052814015256923
2018-08-25 12:30:00,3.46,4.019450583910401
2018-08-25 12:45:00,3.38,3.948389317137151
2018-08-25 13:00:00,4.25,3.877331465549215
2018-08-25 13:15:00,4.57,5.997234176004559
2018-08-25 13:30:00,4.79,23.25349398299756
2018-08-25 13:45:00,5.8,8.946925201247746
2018-08-25 14:00:00,5.58,8.782562167221586
2018-08-25 14:15:00,5.51,10.35915778374816
2018-08-25 14:30:00,5.51,10.731440852085475
2018-08-25 14:45:00,5.58,13.871545127748018
2018-08-25 15:00:00,5.51,13.991528735435955
2018-08-25 15:15:00,5.36,13.192987524867469
2018-08-25 15:30:00,6.37,12.394381073562927
2018-08-25 15:45:00,6.84,12.95662781939276
2018-08-25 16:00:00,7.13,12.405533065332545
2018-08-25 16:15:00,6.37,5.807492409045942
2018-08-25 16:30:00,3.74,5.604933444141709
2018-08-25 16:45:00,4.03,5.444194510182034
2018-08-25 17:00:00,3.67,4.1833947739717825
2018-08-25 17:15:00,3.53,4.212120739291885
2018-08-25 17:30:00,3.42,4.107227757481523
2018-08-25 17:45:00,3.42,3.589627379325664
2018-08-25 18:00:00,3.38,3.474976034417872
2018-08-25 18:15:00,3.46,3.399663999578922
2018-08-25 18:30:00,3.46,3.1882032458081495
2018-08-25 18:45:00,3.38,3.183982101684593
2018-08-25 19:00:00,2.84,3.18706860949725
2018-08-25 19:15:00,2.81,3.183982101684593
2018-08-25 19:30:00,2.92,3.048692179291275
2018-08-25 19:45:00,2.88,3.0329637266305953
2018-08-25 20:00:00,2.84,3.0346154107949888
2018-08-25 20:15:00,2.92,3.0295528292761587
2018-08-25 20:30:00,3.42,3.030339382637445
2018-08-25 20:45:00,3.31,3.035401964156276
2018-08-25 21:00:00,2.88,3.1403432975663628
2018-08-25 21:15:00,2.92,3.135060663666774
2018-08-25 21:30:00,2.88,3.0251902364122367
2018-08-25 21:45:00,2.95,3.024996555883658
2018-08-25 22:00:00,2.88,3.015095172463235
2018-08-25 22:15:00,2.66,3.0943754720545753
2018-08-25 22:30:00,2.56,3.01697626251035
2018-08-25 22:45:00,2.52,3.0124846576668394
2018-08-25 23:00:00,2.74,3.011173276918334
2018-08-25 23:15:00,3.17,3.010386723557047
2018-08-25 23:30:00,2.59,3.0103944988698026
2018-08-25 23:45:00,2.88,3.128474593445448
2018-08-26 00:00:00,2.56,3.015488802424873
2018-08-26 00:15:00,2.63,3.01906485223133
2018-08-26 00:30:00,2.66,3.010386723557047
2018-08-26 00:45:00,2.59,3.010304154784836
2018-08-26 01:00:00,2.66,3.010386723557047
2018-08-26 01:15:00,2.63,3.0095176014235494
2018-08-26 01:30:00,2.59,3.0095176014235494
2018-08-26 01:45:00,2.56,3.0095176014235494
2018-08-26 02:00:00,2.77,3.0095176014235494
2018-08-26 02:15:00,3.24,3.0095176014235494
2018-08-26 02:30:00,2.81,3.011225039060007
2018-08-26 02:45:00,2.56,3.1290178482580786
2018-08-26 03:00:00,2.59,3.0171962400613306
2018-08-26 03:15:00,2.59,3.016012078819927
2018-08-26 03:30:00,2.63,3.010386723557047
2018-08-26 03:45:00,3.1,3.010386723557047
2018-08-26 04:00:00,2.84,3.0095176014235494
2018-08-26 04:15:00,2.63,3.1237203825592523
2018-08-26 04:30:00,2.56,3.0186957590158596
2018-08-26 04:45:00,2.59,3.0151429566864296
2018-08-26 05:00:00,2.59,3.010386723557047
2018-08-26 05:15:00,2.59,3.010386723557047
2018-08-26 05:30:00,2.77,3.0095176014235494
2018-08-26 05:45:00,2.77,3.0095176014235494
2018-08-26 06:00:00,2.7,3.011225039060007
2018-08-26 06:15:00,2.7,3.011225039060007
2018-08-26 06:30:00,2.74,3.0095176014235494
2018-08-26 06:45:00,2.74,3.010386723557047
2018-08-26 07:00:00,2.7,3.0112636210033004
2018-08-26 07:15:00,2.74,3.164210378432662
2018-08-26 07:30:00,2.84,3.5671505932852647
2018-08-26 07:45:00,4.61,4.011409885635729
2018-08-26 08:00:00,6.73,8.000770629703482
2018-08-26 08:15:00,5.72,17.65817896876941
2018-08-26 08:30:00,5.72,13.310519397868974
2018-08-26 08:45:00,5.65,7.017148707733793
2018-08-26 09:00:00,5.65,10.534552764082223
2018-08-26 09:15:00,5.08,10.725886873394048
2018-08-26 09:30:00,5.8,11.946506456718266
2018-08-26 09:45:00,5.62,9.829371609519113
2018-08-26 10:00:00,6.34,9.541728023342785
2018-08-26 10:15:00,5.33,9.315870601622272
2018-08-26 10:30:00,5.33,9.488028858616655
2018-08-26 10:45:00,5.4,9.088262181306673
2018-08-26 11:00:00,5.04,10.10660901599551
2018-08-26 11:15:00,5.26,7.004840753818937
2018-08-26 11:30:00,4.57,7.70735099742173
2018-08-26 11:45:00,4.64,6.119408431064311
2018-08-26 12:00:00,3.31,5.042321284767096
2018-08-26 12:15:00,3.06,4.962758656075698
2018-08-26 12:30:00,3.02,4.3359491970872455
2018-08-26 12:45:00,3.06,4.052966918909131
2018-08-26 13:00:00,3.24,4.1338591201613575
2018-08-26 13:15:00,5.0,4.034862567663062
2018-08-26 13:30:00,5.98,3.894040913747306
2018-08-26 13:45:00,6.59,4.6294975936276055
2018-08-26 14:00:00,5.62,5.096727929452942
2018-08-26 14:15:00,5.15,9.382851046012602
2018-08-26 14:30:00,4.93,10.451061095193948
2018-08-26 14:45:00,4.82,10.476897069669496
2018-08-26 15:00:00,6.12,11.760762023727493
2018-08-26 15:15:00,8.24,9.497880601052211
2018-08-26 15:30:00,7.85,9.507236476524119
2018-08-26 15:45:00,7.96,16.676784122456404
2018-08-26 16:00:00,8.42,16.331518866027817
2018-08-26 16:15:00,7.67,8.142945748424731
2018-08-26 16:30:00,4.0,7.549628534291885
2018-08-26 16:45:00,3.89,7.45018169037771
2018-08-26 17:00:00,4.14,4.213490765613836
2018-08-26 17:15:00,4.57,4.1660937410849925
2018-08-26 17:30:00,4.25,4.309856226129375
2018-08-26 17:45:00,3.64,4.231314563527735
2018-08-26 18:00:00,3.6,4.353358449550779
2018-08-26 18:15:00,3.53,3.9847653762991295
2018-08-26 18:30:00,3.6,3.7317680799813275
2018-08-26 18:45:00,3.24,3.554778428146538
2018-08-26 19:00:00,3.06,3.6172387794152336
2018-08-26 19:15:00,3.06,3.208862685899965
2018-08-26 19:30:00,3.06,3.147351170487131
2018-08-26 19:45:00,3.06,3.3798011960555607
2018-08-26 20:00:00,3.13,3.143081801226476
2018-08-26 20:15:00,3.1,3.143081801226476
2018-08-26 20:30:00,3.1,3.1443774312977855
2018-08-26 20:45:00,3.06,3.1443774312977855
2018-08-26 21:00:00,3.13,3.1443774312977855
2018-08-26 21:15:00,3.06,3.143081801226476
2018-08-26 21:30:00,3.17,3.1443774312977855
2018-08-26 21:45:00,3.13,3.143081801226476
2018-08-26 22:00:00,2.99,3.1476314312119045
2018-08-26 22:15:00,2.92,3.1443774312977855
2018-08-26 22:30:00,2.92,3.1078189343565312
2018-08-26 22:45:00,3.89,3.0302528179310673
2018-08-26 23:00:00,3.85,3.0226650015087717
2018-08-26 23:15:00,3.02,3.255179971386744
2018-08-26 23:30:00,2.88,3.263921413764259
2018-08-26 23:45:00,2.66,3.1339576038515546
2018-08-27 00:00:00,2.92,3.039735108753724
2018-08-27 00:15:00,2.95,3.0175746284957268
2018-08-27 00:30:00,3.02,3.021720303657865
2018-08-27 00:45:00,2.99,3.0960379465692
2018-08-27 01:00:00,2.92,3.113784921546907
2018-08-27 01:15:00,2.95,3.1000602212608435
2018-08-27 01:30:00,2.95,3.0302528179310673
2018-08-27 01:45:00,2.95,3.0959525731429602
2018-08-27 02:00:00,2.99,3.09625656210169
2018-08-27 02:15:00,2.92,3.0965592999671725
2018-08-27 02:30:00,3.17,3.0966850492605493
2018-08-27 02:45:00,3.53,3.0267253967779792
2018-08-27 03:00:00,2.92,3.132838178900552
2018-08-27 03:15:00,2.92,3.149270606051661
2018-08-27 03:30:00,2.92,3.0302528179310673
2018-08-27 03:45:00,2.95,3.024996555883658
2018-08-27 04:00:00,2.95,3.0201577539820645
2018-08-27 04:15:00,2.92,3.0943754720545753
2018-08-27 04:30:00,2.88,3.0941555461422223
2018-08-27 04:45:00,2.88,3.0233502247776856
2018-08-27 05:00:00,3.1,3.01640655321174
2018-08-27 05:15:00,3.49,3.015095172463235
2018-08-27 05:30:00,2.88,3.126007146892616
2018-08-27 05:45:00,2.84,3.1463861129750597
2018-08-27 06:00:00,2.88,3.0251902364122367
2018-08-27 06:15:00,2.88,3.019933974364828
2018-08-27 06:30:00,2.84,3.015095172463235
2018-08-27 06:45:00,2.88,3.0143086191019477
2018-08-27 07:00:00,3.02,3.015095172463235
2018-08-27 07:15:00,3.53,3.184883555564191
2018-08-27 07:30:00,3.74,3.7381907518660875
2018-08-27 07:45:00,3.92,4.268267557897459
2018-08-27 08:00:00,28.48,51.40289193184767
2018-08-27 08:15:00,47.3,61.63525359961411
2018-08-27 08:30:00,50.54,56.66752342012842
2018-08-27 08:45:00,55.73,55.706260597494285
2018-08-27 09:00:00,59.98,58.57750077422099
2018-08-27 09:15:00,53.75,58.606915107358816
2018-08-27 09:30:00,62.71,58.889523025285854
2018-08-27 09:45:00,60.66,58.703564593629345
2018-08-27 10:00:00,54.72,59.55529824794589
2018-08-27 10:15:00,57.6,59.52052278217215
2018-08-27 10:30:00,58.93,58.975674186710066
2018-08-27 10:45:00,65.45,59.05550582755049
2018-08-27 11:00:00,54.94,58.9573336545709
2018-08-27 11:15:00,47.88,64.38179671168633
2018-08-27 11:30:00,41.29,59.05500037451978
2018-08-27 11:45:00,40.57,52.118104594932674
2018-08-27 12:00:00,28.12,8.927715440943958
2018-08-27 12:15:00,25.24,5.8894047977724835
2018-08-27 12:30:00,25.27,8.094984159610684
2018-08-27 12:45:00,25.52,10.149457456362603
2018-08-27 13:00:00,46.3,49.57543978441191
2018-08-27 13:15:00,58.68,51.075953861421596
2018-08-27 13:30:00,46.76,52.038408527597085
2018-08-27 13:45:00,41.76,58.35808268287382
2018-08-27 14:00:00,52.42,53.01631863094018
2018-08-27 14:15:00,68.65,48.5225766285679
2018-08-27 14:30:00,45.79,58.519363894053576
2018-08-27 14:45:00,67.79,65.04137487979544
2018-08-27 15:00:00,43.88,50.545573730352515
2018-08-27 15:15:00,45.9,64.73020231300694
2018-08-27 15:30:00,50.51,48.343290934930465
2018-08-27 15:45:00,49.5,51.179316835386935
2018-08-27 16:00:00,52.02,58.646250467666604
2018-08-27 16:15:00,63.22,58.66065863479571
2018-08-27 16:30:00,44.42,58.519554967995056
2018-08-27 16:45:00,63.4,59.762999989303324
2018-08-27 17:00:00,51.73,48.54709543667318
2018-08-27 17:15:00,49.97,60.08041542721441
2018-08-27 17:30:00,46.58,42.15951149113743
2018-08-27 17:45:00,29.95,31.826056547422926
2018-08-27 18:00:00,5.54,42.34871200817936
2018-08-27 18:15:00,3.6,44.427547689503854
2018-08-27 18:30:00,3.38,4.887811781067317
2018-08-27 18:45:00,3.42,3.973659473431632
2018-08-27 19:00:00,3.42,3.8982125069962406
2018-08-27 19:15:00,3.46,3.807746619616757
2018-08-27 19:30:00,3.46,3.8857182945135493
2018-08-27 19:45:00,3.35,3.3488636417746354
2018-08-27 20:00:00,3.38,3.6152365960532142
2018-08-27 20:15:00,3.42,3.718707123199942
2018-08-27 20:30:00,2.88,3.238907838738378
2018-08-27 20:45:00,2.84,3.2817423243693895
2018-08-27 21:00:00,2.88,3.0429720708444483
2018-08-27 21:15:00,2.81,3.0255197379653636
2018-08-27 21:30:00,2.84,3.015095172463235
2018-08-27 21:45:00,2.77,3.0157231816802477
2018-08-27 22:00:00,2.7,3.015095172463235
2018-08-27 22:15:00,2.66,3.0120941611935046
2018-08-27 22:30:00,2.7,3.010386723557047
2018-08-27 22:45:00,2.63,3.010386723557047
2018-08-27 23:00:00,2.59,3.010386723557047
2018-08-27 23:15:00,2.66,3.0095176014235494
2018-08-27 23:30:00,3.13,3.0095176014235494
2018-08-27 23:45:00,3.42,3.0095176014235494
2018-08-28 00:00:00,2.59,3.1237203825592523
2018-08-28 00:15:00,2.56,3.145599559613773
2018-08-28 00:30:00,2.59,3.0211141576877534
2018-08-28 00:45:00,2.59,3.016012078819927
2018-08-28 01:00:00,2.56,3.010386723557047
2018-08-28 01:15:00,2.74,3.0095176014235494
2018-08-28 01:30:00,3.06,3.0095176014235494
2018-08-28 01:45:00,2.59,3.0103944988698026
2018-08-28 02:00:00,2.59,3.1224247524879427
2018-08-28 02:15:00,2.56,3.015488802424873
2018-08-28 02:30:00,2.59,3.0151429566864296
2018-08-28 02:45:00,2.59,3.010386723557047
2018-08-28 03:00:00,2.59,3.0095176014235494
2018-08-28 03:15:00,2.52,3.0095176014235494
2018-08-28 03:30:00,2.52,3.0095176014235494
2018-08-28 03:45:00,2.56,3.0095176014235494
2018-08-28 04:00:00,2.56,3.0095176014235494
2018-08-28 04:15:00,2.52,3.0095176014235494
2018-08-28 04:30:00,2.63,3.0095176014235494
2018-08-28 04:45:00,3.17,3.0095176014235494
2018-08-28 05:00:00,3.06,3.0095176014235494
2018-08-28 05:15:00,2.52,3.128474593445448
2018-08-28 05:30:00,2.52,3.1276810145353515
2018-08-28 05:45:00,3.06,3.0211141576877534
2018-08-28 06:00:00,2.56,3.016012078819927
2018-08-28 06:15:00,2.56,3.128670781915012
2018-08-28 06:30:00,2.52,3.015488802424873
2018-08-28 06:45:00,2.59,3.0151429566864296
2018-08-28 07:00:00,2.52,3.010386723557047
2018-08-28 07:15:00,2.95,3.1833260098510885
2018-08-28 07:30:00,3.31,3.769887670187818
2018-08-28 07:45:00,3.67,4.487814350416519
2018-08-28 08:00:00,31.72,51.59611473791047
2018-08-28 08:15:00,49.18,60.050243696403406
2018-08-28 08:30:00,53.24,54.68163571564007
2018-08-28 08:45:00,45.9,58.49203313452319
2018-08-28 09:00:00,52.06,58.57750077422099
2018-08-28 09:15:00,60.7,51.08315502597371
2018-08-28 09:30:00,66.74,58.54294461625185
2018-08-28 09:45:00,62.86,59.140248144519575
2018-08-28 10:00:00,50.15,64.61152189313265
2018-08-28 10:15:00,59.08,59.661768357970374
2018-08-28 10:30:00,50.4,59.288834424542664
2018-08-28 10:45:00,60.91,59.40709210757602
2018-08-28 11:00:00,61.09,58.92427484460809
2018-08-28 11:15:00,59.9,57.290266307018484
2018-08-28 11:30:00,55.98,56.802474004522246
2018-08-28 11:45:00,40.72,52.782168453478015
2018-08-28 12:00:00,5.0,9.916966116858452
2018-08-28 12:15:00,4.32,10.282774290375208
2018-08-28 12:30:00,4.39,7.391359528105134
2018-08-28 12:45:00,4.28,7.586277773779528
2018-08-28 13:00:00,29.02,41.800264133109366
2018-08-28 13:15:00,53.32,51.22675511305595
2018-08-28 13:30:00,58.0,48.54640575272135
2018-08-28 13:45:00,49.54,58.39354595691747
2018-08-28 14:00:00,51.16,56.15558201627372
2018-08-28 14:15:00,50.4,57.03762628733655
2018-08-28 14:30:00,41.69,58.5143614449688
2018-08-28 14:45:00,50.18,58.55392005202271
2018-08-28 15:00:00,45.61,46.5174612785958
2018-08-28 15:15:00,42.7,58.30472477341569
2018-08-28 15:30:00,47.41,49.475087297337986
2018-08-28 15:45:00,48.06,44.56270309081915
2018-08-28 16:00:00,49.97,56.94875753401208
2018-08-28 16:15:00,44.78,57.24606628696461
2018-08-28 16:30:00,35.93,58.519554967995056
2018-08-28 16:45:00,40.07,49.08748690230502
2018-08-28 17:00:00,40.39,44.386292337750994
2018-08-28 17:15:00,40.61,42.11487798057211
2018-08-28 17:30:00,30.31,28.819575582943738
2018-08-28 17:45:00,30.53,31.048410483333566
2018-08-28 18:00:00,34.49,32.54556837158386
2018-08-28 18:15:00,39.24,39.279352140124246
2018-08-28 18:30:00,33.95,39.37189221653128
2018-08-28 18:45:00,32.94,39.82174317934043
2018-08-28 19:00:00,38.2,39.19537285911086
2018-08-28 19:15:00,39.35,39.19537285911086
2018-08-28 19:30:00,41.22,39.214947223752326
2018-08-28 19:45:00,42.62,39.484203955813975
2018-08-28 20:00:00,49.64,40.08237979425
2018-08-28 20:15:00,60.16,40.98212684711932
2018-08-28 20:30:00,46.62,55.63536202775392
2018-08-28 20:45:00,28.01,39.99681910590077
2018-08-28 21:00:00,4.36,11.19926260665027
2018-08-28 21:15:00,3.82,6.3712086446775285
2018-08-28 21:30:00,3.64,4.3822849953415455
2018-08-28 21:45:00,3.6,4.15776990152891
2018-08-28 22:00:00,3.42,4.078539189919982
2018-08-28 22:15:00,3.53,3.6610396676471537
2018-08-28 22:30:00,3.42,3.443205558067145
2018-08-28 22:45:00,3.13,3.509920182627299
2018-08-28 23:00:00,2.77,3.2231914180990118
2018-08-28 23:15:00,2.74,3.1516929124522113
2018-08-28 23:30:00,2.92,3.0236907174577077
2018-08-28 23:45:00,2.88,3.01688897626618
2018-08-29 00:00:00,2.74,3.019371200620778
2018-08-29 00:15:00,2.81,3.0143086191019477
2018-08-29 00:30:00,2.77,3.0111810522310893
2018-08-29 00:45:00,2.77,3.0128807145547913
2018-08-29 01:00:00,2.7,3.0120941611935046
2018-08-29 01:15:00,2.77,3.011225039060007
2018-08-29 01:30:00,2.7,3.010386723557047
2018-08-29 01:45:00,2.7,3.0120941611935046
2018-08-29 02:00:00,2.7,3.010386723557047
2018-08-29 02:15:00,2.77,3.0095176014235494
2018-08-29 02:30:00,2.77,3.010386723557047
2018-08-29 02:45:00,2.77,3.011225039060007
2018-08-29 03:00:00,2.7,3.011225039060007
2018-08-29 03:15:00,2.74,3.011225039060007
2018-08-29 03:30:00,2.74,3.010386723557047
2018-08-29 03:45:00,2.95,3.0112636210033004
2018-08-29 04:00:00,3.38,3.0112636210033004
2018-08-29 04:15:00,2.88,3.0899876917617433
2018-08-29 04:30:00,2.7,3.1422243876134788
2018-08-29 04:45:00,2.77,3.020793693125652
2018-08-29 05:00:00,2.77,3.016012078819927
2018-08-29 05:15:00,3.2,3.0128807145547913
2018-08-29 05:30:00,2.99,3.0120941611935046
2018-08-29 05:45:00,2.74,3.1290178482580786
2018-08-29 06:00:00,2.77,3.0964620761789745
2018-08-29 06:15:00,2.74,3.0228601772675034
2018-08-29 06:30:00,2.7,3.015387962081498
2018-08-29 06:45:00,2.66,3.0112636210033004
2018-08-29 07:00:00,2.7,3.0095176014235494
2018-08-29 07:15:00,3.24,3.190540778123489
2018-08-29 07:30:00,3.78,3.9943745190535695
2018-08-29 07:45:00,3.46,4.948111174583956
2018-08-29 08:00:00,34.31,49.077539389882595
2018-08-29 08:15:00,55.66,58.35131302259176
2018-08-29 08:30:00,55.08,58.71269137275875
2018-08-29 08:45:00,60.95,59.05762780010398
2018-08-29 09:00:00,56.84,58.157405319437906
2018-08-29 09:15:00,50.15,59.140248144519575
2018-08-29 09:30:00,48.46,58.821645693989836
2018-08-29 09:45:00,43.27,58.66807378573446
2018-08-29 10:00:00,34.88,55.1756006578905
2018-08-29 10:15:00,37.08,47.339500424113595
2018-08-29 10:30:00,45.72,44.80215564516158
2018-08-29 10:45:00,44.82,42.47642512702799
2018-08-29 11:00:00,58.1,49.86099986345234
2018-08-29 11:15:00,59.29,49.18321841813875
2018-08-29 11:30:00,52.78,58.49926521455333
2018-08-29 11:45:00,48.64,56.12780887537568
2018-08-29 12:00:00,4.79,6.815702828030535
2018-08-29 12:15:00,5.87,6.077149474003229
2018-08-29 12:30:00,5.9,5.166210753271912
2018-08-29 12:45:00,6.26,5.289571840899223
2018-08-29 13:00:00,32.9,34.957490400848485
2018-08-29 13:15:00,60.77,51.930577142327074
2018-08-29 13:30:00,50.4,57.5797860865038
2018-08-29 13:45:00,41.72,62.836171382638305
2018-08-29 14:00:00,49.46,58.63890039736752
2018-08-29 14:15:00,56.2,46.59608916023012
2018-08-29 14:30:00,38.99,58.19247439589628
2018-08-29 14:45:00,38.84,57.341085234961405
2018-08-29 15:00:00,53.28,42.59222840921045
2018-08-29 15:15:00,44.96,48.03453087400125
2018-08-29 15:30:00,56.2,58.519363894053576
2018-08-29 15:45:00,55.73,49.10238631663953
2018-08-29 16:00:00,58.03,58.618121856840915
2018-08-29 16:15:00,54.47,58.548969301132885
2018-08-29 16:30:00,52.96,58.50368687594827
2018-08-29 16:45:00,52.88,58.64039518844011
2018-08-29 17:00:00,53.64,56.79103550970405
2018-08-29 17:15:00,44.6,58.51450980906597
2018-08-29 17:30:00,29.02,41.78145815038218
2018-08-29 17:45:00,29.41,30.997279387919228
2018-08-29 18:00:00,36.18,28.84047383422373
2018-08-29 18:15:00,54.54,29.993949375177284
2018-08-29 18:30:00,56.16,32.59144373043477
2018-08-29 18:45:00,40.68,42.1054719001859
2018-08-29 19:00:00,43.06,51.19869906393322
2018-08-29 19:15:00,63.76,32.15614799366919
2018-08-29 19:30:00,41.47,34.20868149166226
2018-08-29 19:45:00,45.25,52.74181457667262
2018-08-29 20:00:00,46.98,34.819102305602634
2018-08-29 20:15:00,43.67,38.70382612235826
2018-08-29 20:30:00,43.31,42.51339597248527
2018-08-29 20:45:00,14.22,22.102710469585528
2018-08-29 21:00:00,6.3,10.873684142703137
2018-08-29 21:15:00,3.92,5.398022712066117
2018-08-29 21:30:00,3.82,5.3867203509019035
2018-08-29 21:45:00,3.74,4.174904426136726
2018-08-29 22:00:00,3.6,4.154296713261823
2018-08-29 22:15:00,3.35,4.081962367381831
2018-08-29 22:30:00,3.53,3.6318259530028083
2018-08-29 22:45:00,3.06,3.405153164882425
2018-08-29 23:00:00,2.92,3.509920182627299
2018-08-29 23:15:00,2.88,3.1528469766622376
2018-08-29 23:30:00,2.84,3.0302528179310673
2018-08-29 23:45:00,2.74,3.019933974364828
2018-08-30 00:00:00,2.88,3.015095172463235
2018-08-30 00:15:00,2.92,3.012050174364587
2018-08-30 00:30:00,2.95,3.0143086191019477
2018-08-30 00:45:00,2.99,3.019371200620778
2018-08-30 01:00:00,2.92,3.0922744560951076
2018-08-30 01:15:00,2.66,3.0953736685120448
2018-08-30 01:30:00,2.63,3.0267253967779792
2018-08-30 01:45:00,2.66,3.013680524445041
2018-08-30 02:00:00,2.66,3.011173276918334
2018-08-30 02:15:00,2.66,3.010386723557047
2018-08-30 02:30:00,2.66,3.0095176014235494
2018-08-30 02:45:00,2.77,3.019041703150933
2018-08-30 03:00:00,3.13,3.0165979927587365
2018-08-30 03:15:00,2.66,3.018305430395194
2018-08-30 03:30:00,2.66,3.126169410435164
2018-08-30 03:45:00,2.7,3.0250129041522573
2018-08-30 04:00:00,3.17,3.02553618054731
2018-08-30 04:15:00,2.66,3.0174671148922334
2018-08-30 04:30:00,2.63,3.1333914302587456
2018-08-30 04:45:00,2.59,3.015488802424873
2018-08-30 05:00:00,2.66,3.0151429566864296
2018-08-30 05:15:00,2.59,3.010386723557047
2018-08-30 05:30:00,2.52,3.0095176014235494
2018-08-30 05:45:00,2.52,3.0095176014235494
2018-08-30 06:00:00,2.52,3.0095176014235494
2018-08-30 06:15:00,2.59,3.0095176014235494
2018-08-30 06:30:00,2.59,3.0095176014235494
2018-08-30 06:45:00,2.48,3.0095176014235494
2018-08-30 07:00:00,2.84,3.0095176014235494
2018-08-30 07:15:00,3.71,3.1801365247147104
2018-08-30 07:30:00,3.85,3.778356649836665
2018-08-30 07:45:00,3.71,4.587886679356041
2018-08-30 08:00:00,30.96,40.350356302909134
2018-08-30 08:15:00,50.8,61.886467364129636
2018-08-30 08:30:00,47.3,55.253249109759224
2018-08-30 08:45:00,53.96,59.80283249639728
2018-08-30 09:00:00,56.74,54.78572552798478
2018-08-30 09:15:00,53.6,58.57750077422099
2018-08-30 09:30:00,42.23,58.57827351584524
2018-08-30 09:45:00,43.13,58.605312083872725
2018-08-30 10:00:00,42.66,48.758775222144514
2018-08-30 10:15:00,51.62,47.91654423441855
2018-08-30 10:30:00,48.17,45.64537671990814
2018-08-30 10:45:00,48.35,58.54294461625185
2018-08-30 11:00:00,42.84,57.42519840663893
2018-08-30 11:15:00,68.87,57.71015447409653
2018-08-30 11:30:00,46.55,46.37405473931429
2018-08-30 11:45:00,43.34,61.88342108528046
2018-08-30 12:00:00,6.16,8.349613917027584
2018-08-30 12:15:00,4.97,7.840801496159291
2018-08-30 12:30:00,5.47,5.606536893752654
2018-08-30 12:45:00,5.33,5.526981967578836
2018-08-30 13:00:00,27.76,37.574864892281134
2018-08-30 13:15:00,47.23,50.33041177459786
2018-08-30 13:30:00,58.03,47.6600227955198
2018-08-30 13:45:00,50.33,51.17213118410756
2018-08-30 14:00:00,68.65,55.96362782448751
2018-08-30 14:15:00,52.13,55.30154190681047
2018-08-30 14:30:00,59.18,64.49035474428878
2018-08-30 14:45:00,49.14,56.39011933013755
2018-08-30 15:00:00,57.24,56.71479988600781
2018-08-30 15:15:00,54.94,56.28800497194456
2018-08-30 15:30:00,55.55,57.49532507637291
2018-08-30 15:45:00,56.38,58.34576091981448
2018-08-30 16:00:00,57.67,58.46982209827607
2018-08-30 16:15:00,47.66,58.39886163168986
2018-08-30 16:30:00,48.56,58.60431504345427
2018-08-30 16:45:00,43.24,57.65605896140138
2018-08-30 17:00:00,42.48,57.47562269514058
2018-08-30 17:15:00,39.35,45.25657875330475
2018-08-30 17:30:00,41.44,31.104929490851365
2018-08-30 17:45:00,47.38,31.1560605862657
2018-08-30 18:00:00,100.58,40.530555521521734
2018-08-30 18:15:00,77.4,38.59974069546639
2018-08-30 18:30:00,39.92,68.75626491589918
2018-08-30 18:45:00,40.61,82.49757975968664
2018-08-30 19:00:00,39.89,47.281727005730005
2018-08-30 19:15:00,37.33,50.232386967011664
2018-08-30 19:30:00,40.86,44.23422896366622
2018-08-30 19:45:00,33.12,39.89495877986482
2018-08-30 20:00:00,38.52,39.64414200684295
2018-08-30 20:15:00,34.42,39.42874763719599
2018-08-30 20:30:00,32.22,38.198166062958734
2018-08-30 20:45:00,24.44,24.779959090745457
2018-08-30 21:00:00,3.74,10.854179092296597
2018-08-30 21:15:00,4.25,5.695295444104837
2018-08-30 21:30:00,3.89,4.55103806799768
2018-08-30 21:45:00,3.64,4.32423418014402
2018-08-30 22:00:00,3.53,4.144557531374358
2018-08-30 22:15:00,3.31,3.705491294913516
2018-08-30 22:30:00,2.88,3.5640574458482077
2018-08-30 22:45:00,3.38,3.4014998442512208
2018-08-30 23:00:00,2.77,3.0350105187928635
2018-08-30 23:15:00,2.63,3.159154489551674
2018-08-30 23:30:00,2.7,3.0188519155561147
2018-08-30 23:45:00,2.95,3.016012078819927
2018-08-31 00:00:00,2.74,3.010386723557047
2018-08-31 00:15:00,2.7,3.0935889186932872
2018-08-31 00:30:00,2.7,3.012990527870833
2018-08-31 00:45:00,2.7,3.0116155355333416
2018-08-31 01:00:00,2.7,3.010386723557047
2018-08-31 01:15:00,2.7,3.0095176014235494
2018-08-31 01:30:00,2.74,3.0095176014235494
2018-08-31 01:45:00,2.77,3.0095176014235494
2018-08-31 02:00:00,2.7,3.0103944988698026
2018-08-31 02:15:00,2.74,3.011225039060007
2018-08-31 02:30:00,2.99,3.0095176014235494
2018-08-31 02:45:00,3.2,3.0103944988698026
2018-08-31 03:00:00,2.81,3.0912058141315644
2018-08-31 03:15:00,2.74,3.1363267289226955
2018-08-31 03:30:00,2.74,3.02607580454986
2018-08-31 03:45:00,2.74,3.01688897626618
2018-08-31 04:00:00,3.02,3.0112636210033004
2018-08-31 04:15:00,3.38,3.0112636210033004
2018-08-31 04:30:00,2.81,3.109617067166427
2018-08-31 04:45:00,2.77,3.145599559613773
2018-08-31 05:00:00,2.77,3.022821595324211
2018-08-31 05:15:00,2.74,3.017719516456384
2018-08-31 05:30:00,2.74,3.0120941611935046
2018-08-31 05:45:00,2.7,3.0112636210033004
2018-08-31 06:00:00,2.74,3.0112636210033004
2018-08-31 06:15:00,2.7,3.010386723557047
2018-08-31 06:30:00,2.74,3.0103944988698026
2018-08-31 06:45:00,2.88,3.0095176014235494
2018-08-31 07:00:00,3.06,3.0103944988698026
2018-08-31 07:15:00,3.31,3.188857310630543
2018-08-31 07:30:00,3.85,3.734279730374417
2018-08-31 07:45:00,3.6,4.155934639450901
2018-08-31 08:00:00,26.14,36.19261619795748
2018-08-31 08:15:00,45.65,59.80950928623509
2018-08-31 08:30:00,58.03,48.40540862063872
2018-08-31 08:45:00,88.99,51.11069665192755
2018-08-31 09:00:00,113.04,58.63963016966446
2018-08-31 09:15:00,112.68,77.2144009964928
2018-08-31 09:30:00,54.32,91.42869605562504
2018-08-31 09:45:00,58.54,96.50606259063059
2018-08-31 10:00:00,52.92,70.00847685113459
2018-08-31 10:15:00,53.6,63.46130049212878
2018-08-31 10:30:00,44.21,62.109819122188846
2018-08-31 10:45:00,49.03,58.9951415879553
2018-08-31 11:00:00,61.52,49.13945364120375
2018-08-31 11:15:00,60.01,58.15832502061933
2018-08-31 11:30:00,61.56,59.17239714220418
2018-08-31 11:45:00,48.28,57.17682916215839
2018-08-31 12:00:00,4.46,6.424539199933109
2018-08-31 12:15:00,5.54,5.621024361027503
2018-08-31 12:30:00,5.44,5.138833526405808
2018-08-31 12:45:00,8.5,5.278519436534709
2018-08-31 13:00:00,37.44,41.302512473953165
2018-08-31 13:15:00,44.64,52.409766942425804
2018-08-31 13:30:00,53.03,59.33404535931354
2018-08-31 13:45:00,56.77,48.466930809681756
2018-08-31 14:00:00,56.12,58.51564437543873
2018-08-31 14:15:00,58.97,57.85217469108463
2018-08-31 14:30:00,56.77,57.14682556815749
2018-08-31 14:45:00,40.32,55.73881338437769
2018-08-31 15:00:00,48.17,57.230812901992465
2018-08-31 15:15:00,44.42,48.54549611141045
2018-08-31 15:30:00,55.55,57.35420036144937
2018-08-31 15:45:00,55.87,48.01577308573097
2018-08-31 16:00:00,58.14,58.49206365324046
2018-08-31 16:15:00,56.12,58.45429914361412
2018-08-31 16:30:00,51.98,58.576681914353756
2018-08-31 16:45:00,55.19,58.67500002380425
2018-08-31 17:00:00,47.41,58.54898892592643
2018-08-31 17:15:00,43.92,56.753674218870856
2018-08-31 17:30:00,28.4,39.900778933550065
2018-08-31 17:45:00,28.69,33.27257447869678
2018-08-31 18:00:00,31.82,34.667669378533766
2018-08-31 18:15:00,44.03,40.52914763964612
2018-08-31 18:30:00,36.76,39.46954851835232
2018-08-31 18:45:00,36.22,46.104737544993384
2018-08-31 19:00:00,43.49,39.33270371917974
2018-08-31 19:15:00,40.25,39.415657420311234
2018-08-31 19:30:00,44.71,44.45751224214154
2018-08-31 19:45:00,43.67,39.60965617580316
2018-08-31 20:00:00,37.94,46.626979660172985
2018-08-31 20:15:00,36.4,45.09280835157856
2018-08-31 20:30:00,53.71,38.37503922567212
2018-08-31 20:45:00,19.22,25.20957391039558
2018-08-31 21:00:00,4.46,10.30055684690148
2018-08-31 21:15:00,4.03,5.394801079160617
2018-08-31 21:30:00,4.07,4.39256077038927
2018-08-31 21:45:00,3.85,4.184761141795971
2018-08-31 22:00:00,3.67,4.2099068177094106
2018-08-31 22:15:00,3.6,4.041066972825872
2018-08-31 22:30:00,3.82,3.7167632016814833
2018-08-31 22:45:00,4.64,3.6354643178276147
2018-08-31 23:00:00,3.06,3.6988429244811183
2018-08-31 23:15:00,2.92,3.908915476444402
2018-08-31 23:30:00,2.95,3.392335303225962
2018-08-31 23:45:00,3.85,3.3487506437010937
2018-09-01 00:00:00,2.95,3.162409702553969
2018-09-01 00:15:00,3.02,3.396339229938275
2018-09-01 00:30:00,3.02,3.0957714244290035
2018-09-01 00:45:00,3.02,3.1111383909681023
2018-09-01 01:00:00,3.02,3.12415857302327
2018-09-01 01:15:00,2.95,3.1122902063011963
2018-09-01 01:30:00,2.99,3.126341388674421
2018-09-01 01:45:00,3.06,3.1206964436279994
2018-09-01 02:00:00,2.99,3.1221227958350486
2018-09-01 02:15:00,2.95,3.1187219562224002
2018-09-01 02:30:00,3.02,3.1052823038297244
2018-09-01 02:45:00,3.49,3.1183693112233253
2018-09-01 03:00:00,3.17,3.123300827342658
2018-09-01 03:15:00,3.06,3.1370769390333493
2018-09-01 03:30:00,3.53,3.1196434886513016
2018-09-01 03:45:00,3.46,3.1282194801930183
2018-09-01 04:00:00,3.02,3.1936103182828193
2018-09-01 04:15:00,3.02,3.1894732116663493
2018-09-01 04:30:00,3.02,3.160900703548604
2018-09-01 04:45:00,3.13,3.160900703548604
2018-09-01 05:00:00,3.06,3.127493204007515
2018-09-01 05:15:00,3.06,3.130137343644362
2018-09-01 05:30:00,3.02,3.1282194801930183
2018-09-01 05:45:00,3.02,3.1282194801930183
2018-09-01 06:00:00,3.02,3.126341388674421
2018-09-01 06:15:00,3.06,3.127493204007515
2018-09-01 06:30:00,3.53,3.127493204007515
2018-09-01 06:45:00,3.24,3.1293712955261124
2018-09-01 07:00:00,2.99,3.158345814156813
2018-09-01 07:15:00,3.02,3.201013249833118
2018-09-01 07:30:00,3.17,3.697440694622145
2018-09-01 07:45:00,3.28,4.28467852059244
2018-09-01 08:00:00,17.17,25.860401247795444
2018-09-01 08:15:00,32.44,31.079928348698544
2018-09-01 08:30:00,32.11,29.19886045273086
2018-09-01 08:45:00,37.4,37.09222659141501
2018-09-01 09:00:00,47.09,34.95972656663564
2018-09-01 09:15:00,32.9,34.45203145992772
2018-09-01 09:30:00,42.77,43.88208695940197
2018-09-01 09:45:00,41.11,33.170999714240054
2018-09-01 10:00:00,49.46,33.99305735245948
2018-09-01 10:15:00,38.88,33.716960637673836
2018-09-01 10:30:00,50.62,49.49990411417523
2018-09-01 10:45:00,32.94,33.40399606987764
2018-09-01 11:00:00,28.15,49.37256556658141
2018-09-01 11:15:00,25.78,33.059849894842124
2018-09-01 11:30:00,25.7,19.783140261071704
2018-09-01 11:45:00,25.31,21.16129118303602
2018-09-01 12:00:00,25.6,14.151110518709851
2018-09-01 12:15:00,25.34,13.159664210907716
2018-09-01 12:30:00,25.49,13.221458898407716
2018-09-01 12:45:00,25.49,18.635050889036673
2018-09-01 13:00:00,25.49,25.237879939164714
2018-09-01 13:15:00,28.19,25.44684499793802
2018-09-01 13:30:00,27.61,23.783591536939195
2018-09-01 13:45:00,27.04,25.6186227717495
2018-09-01 14:00:00,27.43,25.546433917801213
2018-09-01 14:15:00,26.86,25.703487030407516
2018-09-01 14:30:00,26.78,25.451250703515502
2018-09-01 14:45:00,27.14,25.65241735649447
2018-09-01 15:00:00,26.57,24.05633439303359
2018-09-01 15:15:00,26.17,21.912572494649645
2018-09-01 15:30:00,26.42,20.285425985057262
2018-09-01 15:45:00,25.99,20.089450820034948
2018-09-01 16:00:00,25.92,20.23004261296424
2018-09-01 16:15:00,26.53,19.117293410722176
2018-09-01 16:30:00,26.32,18.718745053413166
2018-09-01 16:45:00,26.32,18.751286089781768
2018-09-01 17:00:00,26.06,19.52506366186762
2018-09-01 17:15:00,25.02,20.02854559999893
2018-09-01 17:30:00,25.85,23.80608424059742
2018-09-01 17:45:00,24.34,25.384970760554538
2018-09-01 18:00:00,25.74,26.488223284284956
2018-09-01 18:15:00,6.44,9.124163712225792
2018-09-01 18:30:00,3.49,24.317585211860315
2018-09-01 18:45:00,3.49,5.227767760052326
2018-09-01 19:00:00,3.6,3.8605499263746013
2018-09-01 19:15:00,3.56,3.856073329354997
2018-09-01 19:30:00,3.31,3.917993673302391
2018-09-01 19:45:00,2.92,3.5950172934331017
2018-09-01 20:00:00,2.92,3.220376023768284
2018-09-01 20:15:00,2.99,3.07891127659544
2018-09-01 20:30:00,2.99,3.0439863869910293
2018-09-01 20:45:00,2.95,3.116179592110927
2018-09-01 21:00:00,2.99,3.091414727821789
2018-09-01 21:15:00,2.92,3.099791848121325
2018-09-01 21:30:00,2.81,3.1167551020986117
2018-09-01 21:45:00,2.81,3.0213625338456414
2018-09-01 22:00:00,2.7,2.917406332674363
2018-09-01 22:15:00,2.7,2.9121031916083626
2018-09-01 22:30:00,2.66,2.8828246080694835
2018-09-01 22:45:00,2.66,2.8821680468784
2018-09-01 23:00:00,2.66,2.8821680468784
2018-09-01 23:15:00,2.63,2.8821680468784
2018-09-01 23:30:00,3.82,2.8821680468784
2018-09-01 23:45:00,2.74,2.8821680468784
2018-09-02 00:00:00,2.63,3.294084768183745
2018-09-02 00:15:00,2.63,2.8991552318529368
2018-09-02 00:30:00,2.66,2.886036220942289
2018-09-02 00:45:00,2.63,2.8821680468784
2018-09-02 01:00:00,2.74,2.8821680468784
2018-09-02 01:15:00,2.7,2.8821680468784
2018-09-02 01:30:00,2.63,2.8925720736286333
2018-09-02 01:45:00,2.66,2.8821680468784
2018-09-02 02:00:00,2.63,2.8821680468784
2018-09-02 02:15:00,2.66,2.8821680468784
2018-09-02 02:30:00,2.7,2.8821680468784
2018-09-02 02:45:00,2.63,2.8821680468784
2018-09-02 03:00:00,2.66,2.8821680468784
2018-09-02 03:15:00,2.63,2.8821680468784
2018-09-02 03:30:00,2.63,2.8821680468784
2018-09-02 03:45:00,2.81,2.8821680468784
2018-09-02 04:00:00,3.2,2.8821680468784
2018-09-02 04:15:00,2.77,2.909607700194355
2018-09-02 04:30:00,2.66,3.0875934391431046
2018-09-02 04:45:00,3.2,2.9153778437115894
2018-09-02 05:00:00,3.17,2.8866927821333714
2018-09-02 05:15:00,2.59,3.10504640255638
2018-09-02 05:30:00,2.56,3.0933647269860596
2018-09-02 05:45:00,2.63,2.892619379166593
2018-09-02 06:00:00,2.56,2.886036220942289
2018-09-02 06:15:00,2.56,2.8821680468784
2018-09-02 06:30:00,2.56,2.8821680468784
2018-09-02 06:45:00,2.56,2.8821680468784
2018-09-02 07:00:00,2.59,2.8821680468784
2018-09-02 07:15:00,2.66,3.0315520637952766
2018-09-02 07:30:00,2.77,3.529981245502411
2018-09-02 07:45:00,2.7,4.345368707028487
2018-09-02 08:00:00,26.17,7.739857312070135
2018-09-02 08:15:00,50.18,7.610133218655044
2018-09-02 08:30:00,42.37,28.050315172989418
2018-09-02 08:45:00,41.76,61.85392234574976
2018-09-02 09:00:00,31.46,33.762335112537535
2018-09-02 09:15:00,39.13,31.27823017903898
2018-09-02 09:30:00,56.95,32.95242906755639
2018-09-02 09:45:00,35.14,33.211239920025825
2018-09-02 10:00:00,51.34,51.87526256600463
2018-09-02 10:15:00,48.67,32.78083014305016
2018-09-02 10:30:00,32.36,49.2560941836173
2018-09-02 10:45:00,31.14,33.9182593977084
2018-09-02 11:00:00,35.53,30.40776316764613
2018-09-02 11:15:00,52.63,30.5725040941256
2018-09-02 11:30:00,57.38,18.565309159941172
2018-09-02 11:45:00,21.67,10.972453049539347
2018-09-02 12:00:00,3.17,8.524110284322713
2018-09-02 12:15:00,3.17,14.331422050993671
2018-09-02 12:30:00,3.31,6.268834762283863
2018-09-02 12:45:00,3.89,6.490358231804732
2018-09-02 13:00:00,13.43,25.422024511627395
2018-09-02 13:15:00,32.8,25.040040201263942
2018-09-02 13:30:00,52.2,40.07962529946938
2018-09-02 13:45:00,56.56,33.2144774224909
2018-09-02 14:00:00,33.91,30.864617306110475
2018-09-02 14:15:00,42.41,30.086209781585154
2018-09-02 14:30:00,44.75,30.060839156573046
2018-09-02 14:45:00,47.7,30.151324932463616
2018-09-02 15:00:00,44.82,29.681314236924774
2018-09-02 15:15:00,31.68,29.962395178969306
2018-09-02 15:30:00,23.69,30.368705046825117
2018-09-02 15:45:00,5.65,30.53214209718554
2018-09-02 16:00:00,5.04,33.20821828870491
2018-09-02 16:15:00,3.64,6.352410251926874
2018-09-02 16:30:00,3.6,5.114471196749972
2018-09-02 16:45:00,3.64,4.089856589910955
2018-09-02 17:00:00,3.6,3.9444779895011273
2018-09-02 17:15:00,3.64,3.682381854870459
2018-09-02 17:30:00,3.53,3.642593795717536
2018-09-02 17:45:00,3.42,3.645292749461874
2018-09-02 18:00:00,3.42,3.5401578153201796
2018-09-02 18:15:00,3.49,3.3813269073347367
2018-09-02 18:30:00,3.02,3.374117017230073
2018-09-02 18:45:00,2.92,3.2363725494982107
2018-09-02 19:00:00,2.81,3.161427088675884
2018-09-02 19:15:00,2.84,3.03835929160592
2018-09-02 19:30:00,2.99,2.918691056287801
2018-09-02 19:45:00,2.88,2.9232080343992077
2018-09-02 20:00:00,2.92,3.0789181538711166
2018-09-02 20:15:00,3.64,2.944603798948449
2018-09-02 20:30:00,3.35,3.015214935386238
2018-09-02 20:45:00,2.95,3.136842382702326
2018-09-02 21:00:00,2.99,3.1015270141076625
2018-09-02 21:15:00,2.92,3.1114318413859947
2018-09-02 21:30:00,2.92,3.1321459295273386
2018-09-02 21:45:00,2.88,3.02264725745908
2018-09-02 22:00:00,2.7,3.0211511436947256
2018-09-02 22:15:00,2.77,2.9462074280625554
2018-09-02 22:30:00,2.81,2.8865028138693885
2018-09-02 22:45:00,2.74,2.917868035183814
2018-09-02 23:00:00,2.66,2.9185245963748976
2018-09-02 23:15:00,2.7,2.8932286348197165
2018-09-02 23:30:00,2.74,2.8821680468784
2018-09-02 23:45:00,2.7,2.8821680468784
2018-09-03 00:00:00,3.35,2.8925720736286333
2018-09-03 00:15:00,2.74,2.8821680468784
2018-09-03 00:30:00,2.74,3.0879884389951138
2018-09-03 00:45:00,2.74,2.8991552318529368
2018-09-03 01:00:00,2.74,2.896440247692521
2018-09-03 01:15:00,2.74,2.8925720736286333
2018-09-03 01:30:00,2.77,2.8925720736286333
2018-09-03 01:45:00,2.74,2.8925720736286333
2018-09-03 02:00:00,3.17,2.909607700194355
2018-09-03 02:15:00,3.31,2.8932286348197165
2018-09-03 02:30:00,2.74,3.087099329326814
2018-09-03 02:45:00,2.7,3.09735628241473
2018-09-03 03:00:00,2.77,2.904308129530264
2018-09-03 03:15:00,2.74,2.8873209445557273
2018-09-03 03:30:00,2.74,2.909607700194355
2018-09-03 03:45:00,3.28,2.8932286348197165
2018-09-03 04:00:00,2.7,2.8925720736286333
2018-09-03 04:15:00,2.77,3.0879884389951138
2018-09-03 04:30:00,2.7,2.888751205102704
2018-09-03 04:45:00,2.77,2.912802652666193
2018-09-03 05:00:00,2.7,2.8828246080694835
2018-09-03 05:15:00,2.63,2.9154506296115184
2018-09-03 05:30:00,2.63,2.8828246080694835
2018-09-03 05:45:00,2.66,2.8821680468784
2018-09-03 06:00:00,2.59,2.8821680468784
2018-09-03 06:15:00,2.74,2.8821680468784
2018-09-03 06:30:00,2.66,2.8821680468784
2018-09-03 06:45:00,2.66,2.8925720736286333
2018-09-03 07:00:00,2.77,2.8821680468784
2018-09-03 07:15:00,4.54,3.0875228503810304
2018-09-03 07:30:00,3.71,3.6364630207464193
2018-09-03 07:45:00,2.95,5.413322460512247
2018-09-03 08:00:00,12.17,32.64171238140004
2018-09-03 08:15:00,41.9,24.954387116812097
2018-09-03 08:30:00,41.04,51.440731126752496
2018-09-03 08:45:00,46.08,56.27522374647283
2018-09-03 09:00:00,46.66,40.491840344287404
2018-09-03 09:15:00,67.0,52.07023431287526
2018-09-03 09:30:00,65.88,52.44905602416016
2018-09-03 09:45:00,41.0,65.43286791124405
2018-09-03 10:00:00,41.22,65.14141936260272
2018-09-03 10:15:00,40.93,48.324989179045694
2018-09-03 10:30:00,39.17,49.18397784232563
2018-09-03 10:45:00,44.24,44.9362100554728
2018-09-03 11:00:00,59.94,40.93493585886723
2018-09-03 11:15:00,39.13,46.316150312848215
2018-09-03 11:30:00,39.6,56.45571621620944
2018-09-03 11:45:00,30.71,40.937985945897765
2018-09-03 12:00:00,5.08,8.454292924922836
2018-09-03 12:15:00,5.0,9.648142696728856
2018-09-03 12:30:00,4.97,5.286014817248515
2018-09-03 12:45:00,5.11,5.2806771421784875
2018-09-03 13:00:00,23.15,49.69028300805913
2018-09-03 13:15:00,46.26,50.604529818008324
2018-09-03 13:30:00,63.58,51.33376256675489
2018-09-03 13:45:00,54.22,50.733745239096294
2018-09-03 14:00:00,56.77,59.05367541109504
2018-09-03 14:15:00,51.34,58.04537249632835
2018-09-03 14:30:00,54.94,57.31750350221433
2018-09-03 14:45:00,60.88,58.02442317263105
2018-09-03 15:00:00,58.9,56.79943006402437
2018-09-03 15:15:00,55.15,57.48020135207531
2018-09-03 15:30:00,79.67,57.8689156309526
2018-09-03 15:45:00,83.16,57.83913225093835
2018-09-03 16:00:00,113.65,74.86568370745042
2018-09-03 16:15:00,63.83,75.42444716059488
2018-09-03 16:30:00,118.04,91.09122658812441
2018-09-03 16:45:00,110.56,69.21349523368583
2018-09-03 17:00:00,72.43,92.02272104164982
2018-09-03 17:15:00,88.74,95.87889723717416
2018-09-03 17:30:00,38.27,53.58587435429126
2018-09-03 17:45:00,30.92,46.51425876336165
2018-09-03 18:00:00,52.6,37.71010354599838
2018-09-03 18:15:00,77.83,43.84557051476631
2018-09-03 18:30:00,75.89,39.87711508432936
2018-09-03 18:45:00,30.53,73.1507349515654
2018-09-03 19:00:00,29.3,72.10942425101882
2018-09-03 19:15:00,27.11,40.748725194973694
2018-09-03 19:30:00,25.67,33.99219206405861
2018-09-03 19:45:00,25.67,18.92796387947493
2018-09-03 20:00:00,25.74,21.69588812247501
2018-09-03 20:15:00,26.42,20.309758141782492
2018-09-03 20:30:00,25.31,19.824355121396014
2018-09-03 20:45:00,4.57,18.052838434833742
2018-09-03 21:00:00,5.0,16.05079361120511
2018-09-03 21:15:00,3.64,4.446518161158682
2018-09-03 21:30:00,3.67,4.472696123391179
2018-09-03 21:45:00,3.53,3.8903937376605158
2018-09-03 22:00:00,3.35,3.875727362858944
2018-09-03 22:15:00,3.31,3.5423805163811335
2018-09-03 22:30:00,3.31,3.3312084408312983
2018-09-03 22:45:00,2.74,3.201496909418695
2018-09-03 23:00:00,2.7,3.1835208937883617
2018-09-03 23:15:00,2.66,2.9055010878264382
2018-09-03 23:30:00,2.66,2.8873209445557273
2018-09-03 23:45:00,2.56,2.8919990640821647
2018-09-04 00:00:00,2.66,2.8821680468784
2018-09-04 00:15:00,2.66,2.8821680468784
2018-09-04 00:30:00,2.7,2.8821680468784
2018-09-04 00:45:00,2.7,2.8821680468784
2018-09-04 01:00:00,2.66,2.8821680468784
2018-09-04 01:15:00,2.7,2.8821680468784
2018-09-04 01:30:00,2.7,2.8821680468784
2018-09-04 01:45:00,2.77,2.8821680468784
2018-09-04 02:00:00,2.7,2.8821680468784
2018-09-04 02:15:00,2.88,2.909607700194355
2018-09-04 02:30:00,3.02,2.8828246080694835
2018-09-04 02:45:00,2.63,2.939490216622297
2018-09-04 03:00:00,3.28,3.0768667109420864
2018-09-04 03:15:00,3.17,2.888751205102704
2018-09-04 03:30:00,2.63,3.1105763696549094
2018-09-04 03:45:00,2.66,3.112143556975854
2018-09-04 04:00:00,2.59,2.892619379166593
2018-09-04 04:15:00,2.63,2.886036220942289
2018-09-04 04:30:00,2.63,2.8821680468784
2018-09-04 04:45:00,2.66,2.8821680468784
2018-09-04 05:00:00,2.66,2.8821680468784
2018-09-04 05:15:00,2.59,2.8821680468784
2018-09-04 05:30:00,2.59,2.8821680468784
2018-09-04 05:45:00,2.74,2.8821680468784
2018-09-04 06:00:00,3.17,2.8821680468784
2018-09-04 06:15:00,2.74,2.8925720736286333
2018-09-04 06:30:00,2.63,3.087099329326814
2018-09-04 06:45:00,2.63,2.8991552318529368
2018-09-04 07:00:00,2.59,2.886036220942289
2018-09-04 07:15:00,2.77,3.085125810209999
2018-09-04 07:30:00,2.88,3.895849234931412
2018-09-04 07:45:00,3.24,6.071668760229478
2018-09-04 08:00:00,29.3,22.43363664551407
2018-09-04 08:15:00,51.34,42.202942626436304
2018-09-04 08:30:00,72.76,54.40488516635051
2018-09-04 08:45:00,65.02,59.41102546154812
2018-09-04 09:00:00,81.65,77.61109504965656
2018-09-04 09:15:00,59.15,64.86515128642874
2018-09-04 09:30:00,55.58,74.92149287624409
2018-09-04 09:45:00,84.42,61.991694332892095
2018-09-04 10:00:00,99.25,60.87557803288058
2018-09-04 10:15:00,89.53,75.20171958540983
2018-09-04 10:30:00,102.67,88.02785133158991
2018-09-04 10:45:00,105.95,85.82714542168749
2018-09-04 11:00:00,122.65,89.65521532779964
2018-09-04 11:15:00,98.24,93.36588163282869
2018-09-04 11:30:00,113.51,97.54019920880755
2018-09-04 11:45:00,99.04,82.36204202161987
2018-09-04 12:00:00,5.44,11.133889275245469
2018-09-04 12:15:00,5.4,6.501325528556927
2018-09-04 12:30:00,4.32,5.220112813346722
2018-09-04 12:45:00,4.61,5.206370536357528
2018-09-04 13:00:00,47.52,49.43114405770485
2018-09-04 13:15:00,107.17,90.05233937978976
2018-09-04 13:30:00,90.97,74.045191673126
2018-09-04 13:45:00,112.0,91.27634025854395
2018-09-04 14:00:00,90.79,86.18282697848332
2018-09-04 14:15:00,103.9,91.34045828769787
2018-09-04 14:30:00,101.92,89.8741551758831
2018-09-04 14:45:00,99.4,90.2164215002812
2018-09-04 15:00:00,100.51,93.35441691566157
2018-09-04 15:15:00,85.9,91.57283721296955
2018-09-04 15:30:00,102.6,92.3112213969047
2018-09-04 15:45:00,82.15,89.83631823657224
2018-09-04 16:00:00,118.69,89.70581915891344
2018-09-04 16:15:00,90.83,88.11466788987583
2018-09-04 16:30:00,102.28,93.43745558856523
2018-09-04 16:45:00,102.96,88.17903326457014
2018-09-04 17:00:00,68.36,87.35361391167184
2018-09-04 17:15:00,100.19,92.78915959718219
2018-09-04 17:30:00,59.44,52.77837656044935
2018-09-04 17:45:00,40.68,40.63397805542782
2018-09-04 18:00:00,47.02,63.38079780072369
2018-09-04 18:15:00,75.85,59.200291465077036
2018-09-04 18:30:00,85.75,57.389529896603605
2018-09-04 18:45:00,76.75,68.51615291693615
2018-09-04 19:00:00,76.75,70.97912899514309
2018-09-04 19:15:00,78.95,71.80935733363339
2018-09-04 19:30:00,72.0,72.54625691260054
2018-09-04 19:45:00,88.02,72.60854258688852
2018-09-04 20:00:00,72.47,72.13077490840857
2018-09-04 20:15:00,88.09,75.70510504444051
2018-09-04 20:30:00,64.62,71.56589244193364
2018-09-04 20:45:00,11.3,42.836668515313406
2018-09-04 21:00:00,4.57,14.580561552591858
2018-09-04 21:15:00,3.49,5.086669403379138
2018-09-04 21:30:00,3.49,4.44994195497021
2018-09-04 21:45:00,3.49,3.8173151039363273
2018-09-04 22:00:00,3.31,3.810294412201194
2018-09-04 22:15:00,3.1,3.513673838768189
2018-09-04 22:30:00,2.66,3.2019802485697784
2018-09-04 22:45:00,2.59,3.164849205322211
2018-09-04 23:00:00,2.52,2.8950970610762052
2018-09-04 23:15:00,2.48,2.886036220942289
2018-09-04 23:30:00,2.52,2.8821680468784
2018-09-04 23:45:00,2.81,2.8821680468784
2018-09-05 00:00:00,2.48,2.8821680468784
2018-09-05 00:15:00,2.52,2.909607700194355
2018-09-05 00:30:00,2.52,2.8828246080694835
2018-09-05 00:45:00,2.48,2.8821680468784
2018-09-05 01:00:00,2.59,2.8821680468784
2018-09-05 01:15:00,2.48,2.8821680468784
2018-09-05 01:30:00,2.48,2.8821680468784
2018-09-05 01:45:00,2.48,2.8821680468784
2018-09-05 02:00:00,2.52,2.8821680468784
2018-09-05 02:15:00,3.42,2.8821680468784
2018-09-05 02:30:00,3.71,2.8821680468784
2018-09-05 02:45:00,2.52,3.1744789553688952
2018-09-05 03:00:00,2.52,3.1928809660149535
2018-09-05 03:15:00,2.48,3.100931684315928
2018-09-05 03:30:00,2.48,3.0943485260916255
2018-09-05 03:45:00,2.52,3.089195628414298
2018-09-05 04:00:00,2.59,2.8905486936286393
2018-09-05 04:15:00,2.52,3.089195628414298
2018-09-05 04:30:00,2.52,3.089195628414298
2018-09-05 04:45:00,2.56,3.089195628414298
2018-09-05 05:00:00,2.52,3.089195628414298
2018-09-05 05:15:00,2.48,2.8821680468784
2018-09-05 05:30:00,2.56,3.089195628414298
2018-09-05 05:45:00,2.48,3.089195628414298
2018-09-05 06:00:00,2.52,3.089195628414298
2018-09-05 06:15:00,2.77,3.089195628414298
2018-09-05 06:30:00,3.31,2.8821680468784
2018-09-05 06:45:00,2.99,2.909607700194355
2018-09-05 07:00:00,2.7,3.293681013458775
2018-09-05 07:15:00,2.92,3.5026303713042073
2018-09-05 07:30:00,3.02,5.255039328888424
2018-09-05 07:45:00,2.88,7.658451329752768
2018-09-05 08:00:00,40.32,38.30964049366115
2018-09-05 08:15:00,95.4,29.12308739721138
2018-09-05 08:30:00,98.06,68.90095270680192
2018-09-05 08:45:00,111.92,89.7500425479017
2018-09-05 09:00:00,97.81,90.82454054566315
2018-09-05 09:15:00,100.08,93.20048173085735
2018-09-05 09:30:00,103.54,92.97600127440353
2018-09-05 09:45:00,60.23,92.64483527850402
2018-09-05 10:00:00,56.99,93.88351777989759
2018-09-05 10:15:00,55.4,78.29798657836007
2018-09-05 10:30:00,53.82,67.6436186236791
2018-09-05 10:45:00,53.57,65.15822493328741
2018-09-05 11:00:00,47.45,62.54940362493963
2018-09-05 11:15:00,64.26,61.64021877251636
2018-09-05 11:30:00,66.17,57.97424406687533
2018-09-05 11:45:00,52.81,62.12247937205021
2018-09-05 12:00:00,6.95,7.632398106398472
2018-09-05 12:15:00,5.51,6.394768664560576
2018-09-05 12:30:00,5.44,6.5313626591136345
2018-09-05 12:45:00,5.47,5.224889008433204
2018-09-05 13:00:00,28.3,43.66245942562735
2018-09-05 13:15:00,71.17,52.94847269181644
2018-09-05 13:30:00,70.38,53.16594202481685
2018-09-05 13:45:00,56.05,78.7789914145011
2018-09-05 14:00:00,50.29,70.65837099670293
2018-09-05 14:15:00,65.63,61.23299575319438
2018-09-05 14:30:00,64.73,61.00026790824819
2018-09-05 14:45:00,48.49,66.91050447934767
2018-09-05 15:00:00,49.68,65.49549161913757
2018-09-05 15:15:00,54.07,57.279755055772455
2018-09-05 15:30:00,66.71,59.862747366612396
2018-09-05 15:45:00,63.86,60.22021753740651
2018-09-05 16:00:00,61.81,66.68320626845235
2018-09-05 16:15:00,52.78,60.53025218066353
2018-09-05 16:30:00,54.22,59.405219869579334
2018-09-05 16:45:00,49.03,58.74272361082677
2018-09-05 17:00:00,60.08,58.78345133387884
2018-09-05 17:15:00,62.28,56.02889371699849
2018-09-05 17:30:00,32.51,48.60181221699626
2018-09-05 17:45:00,29.95,46.698494940893596
2018-09-05 18:00:00,52.6,46.54494188339651
2018-09-05 18:15:00,47.52,50.8400215119923
2018-09-05 18:30:00,49.79,61.38574585881042
2018-09-05 18:45:00,45.9,52.23136855131276
2018-09-05 19:00:00,51.88,56.00974409168657
2018-09-05 19:15:00,51.34,50.36046159740814
2018-09-05 19:30:00,59.33,55.98064870239399
2018-09-05 19:45:00,55.8,56.59201688124098
2018-09-05 20:00:00,47.99,57.396145086551876
2018-09-05 20:15:00,54.58,56.24025562229511
2018-09-05 20:30:00,46.26,51.71451645875391
2018-09-05 20:45:00,27.94,25.022592835206943
2018-09-05 21:00:00,8.86,9.992241501245072
2018-09-05 21:15:00,3.78,5.194314737774647
2018-09-05 21:30:00,3.74,5.120558709017274
2018-09-05 21:45:00,3.85,3.9015872406646026
2018-09-05 22:00:00,3.56,3.890869807791315
2018-09-05 22:15:00,3.53,3.977262667559414
2018-09-05 22:30:00,3.49,3.6037326108433176
2018-09-05 22:45:00,3.64,3.532722603722853
2018-09-05 23:00:00,4.64,3.488649731713273
2018-09-05 23:15:00,3.92,3.554300053599425
2018-09-05 23:30:00,2.81,3.8794072786529483
2018-09-05 23:45:00,3.35,3.7675706594383502
2018-09-06 00:00:00,2.77,3.2965416972880393
2018-09-06 00:15:00,2.81,3.3837249159158107
2018-09-06 00:30:00,2.84,2.932158871333193
2018-09-06 00:45:00,2.81,2.9134592138572764
2018-09-06 01:00:00,2.81,2.921369104176285
2018-09-06 01:15:00,2.84,2.9114303153703696
2018-09-06 01:30:00,2.84,2.9102642613854384
2018-09-06 01:45:00,2.81,2.920437941776036
2018-09-06 02:00:00,2.88,2.921603995760967
2018-09-06 02:15:00,2.81,2.9114303153703696
2018-09-06 02:30:00,2.95,2.939490216622297
2018-09-06 02:45:00,2.95,2.9114303153703696
2018-09-06 03:00:00,2.95,3.077580272262701
2018-09-06 03:15:00,3.02,3.0782841865289576
2018-09-06 03:30:00,3.31,3.087064849714068
2018-09-06 03:45:00,3.28,3.097241251091974
2018-09-06 04:00:00,3.02,3.1042569632666233
2018-09-06 04:15:00,3.02,3.1192821508499
2018-09-06 04:30:00,3.6,3.1232264963823484
2018-09-06 04:45:00,3.06,3.1232264963823484
2018-09-06 05:00:00,2.92,3.175083730606007
2018-09-06 05:15:00,2.92,3.1293712955261124
2018-09-06 05:30:00,2.92,3.0310445832864543
2018-09-06 05:45:00,2.95,3.028685161481215
2018-09-06 06:00:00,2.92,3.0176470897914895
2018-09-06 06:15:00,3.06,3.088821912105676
2018-09-06 06:30:00,2.81,3.0145046223160215
2018-09-06 06:45:00,2.81,3.0996914585384263
2018-09-06 07:00:00,3.06,2.9172167739345123
2018-09-06 07:15:00,3.28,3.117267711908022
2018-09-06 07:30:00,3.06,3.837069728701295
2018-09-06 07:45:00,3.2,5.871154803687725
2018-09-06 08:00:00,31.39,29.05783197869454
2018-09-06 08:15:00,59.15,51.7614877545165
2018-09-06 08:30:00,54.11,60.549293490119744
2018-09-06 08:45:00,62.68,60.56662153677329
2018-09-06 09:00:00,62.89,58.09342283049114
2018-09-06 09:15:00,57.78,58.538157904048404
2018-09-06 09:30:00,50.9,57.2710177363894
2018-09-06 09:45:00,48.56,56.82844823414653
2018-09-06 10:00:00,50.94,56.60823201316949
2018-09-06 10:15:00,58.46,56.569610220148505
2018-09-06 10:30:00,58.14,57.73925034477277
2018-09-06 10:45:00,51.66,57.78502595925027
2018-09-06 11:00:00,55.37,56.32502547784248
2018-09-06 11:15:00,59.51,57.97168497646066
2018-09-06 11:30:00,59.83,57.309377566107706
2018-09-06 11:45:00,55.69,56.4774719100531
2018-09-06 12:00:00,5.8,6.830929555607469
2018-09-06 12:15:00,5.22,6.003793919964631
2018-09-06 12:30:00,5.4,5.234457840637762
2018-09-06 12:45:00,6.12,5.163288008823425
2018-09-06 13:00:00,32.47,37.101487781503195
2018-09-06 13:15:00,61.38,51.8525872548662
2018-09-06 13:30:00,54.94,58.02643680996109
2018-09-06 13:45:00,58.21,59.728338834086465
2018-09-06 14:00:00,54.32,57.96056260992982
2018-09-06 14:15:00,57.78,57.8964415160126
2018-09-06 14:30:00,48.46,58.012707248277
2018-09-06 14:45:00,48.46,57.84590344136841
2018-09-06 15:00:00,46.91,56.583037490133094
2018-09-06 15:15:00,53.96,56.52457379522618
2018-09-06 15:30:00,60.44,52.51082641502654
2018-09-06 15:45:00,59.9,58.02043730694835
2018-09-06 16:00:00,56.41,58.24676239377059
2018-09-06 16:15:00,57.92,57.65451564474935
2018-09-06 16:30:00,49.72,57.71656357159074
2018-09-06 16:45:00,57.89,56.377970548064965
2018-09-06 17:00:00,60.44,56.14121848929488
2018-09-06 17:15:00,59.69,55.70281119383883
2018-09-06 17:30:00,31.36,52.753121890068066
2018-09-06 17:45:00,29.2,47.701236716745235
2018-09-06 18:00:00,49.25,48.1778366273748
2018-09-06 18:15:00,58.82,50.85285837079319
2018-09-06 18:30:00,57.85,54.88925078087508
2018-09-06 18:45:00,59.83,56.10336067782477
2018-09-06 19:00:00,57.49,55.421519148467745
2018-09-06 19:15:00,49.9,55.48516258891538
2018-09-06 19:30:00,55.37,55.80619489877302
2018-09-06 19:45:00,66.89,46.790461284604724
2018-09-06 20:00:00,55.76,55.30715419853426
2018-09-06 20:15:00,70.38,63.77486023424427
2018-09-06 20:30:00,58.5,48.25685916389296
2018-09-06 20:45:00,63.5,33.29590390958047
2018-09-06 21:00:00,7.92,12.091214666100928
2018-09-06 21:15:00,3.96,10.465242213060424
2018-09-06 21:30:00,3.85,5.0680540829364595
2018-09-06 21:45:00,3.78,4.049768612015919
2018-09-06 22:00:00,3.49,4.001635890625427
2018-09-06 22:15:00,3.53,3.8907380236000986
2018-09-06 22:30:00,3.53,3.5093004978799955
2018-09-06 22:45:00,4.14,3.536401757053743
2018-09-06 23:00:00,4.64,3.5234530239998025
2018-09-06 23:15:00,3.42,3.8716623416802864
2018-09-06 23:30:00,3.31,3.8972922115099937
2018-09-06 23:45:00,4.79,3.4592977717329063
2018-09-07 00:00:00,3.31,3.3868040679788125
2018-09-07 00:15:00,3.31,4.533352388056809
2018-09-07 00:30:00,3.35,3.3904281994255934
2018-09-07 00:45:00,3.31,3.374473425191128
2018-09-07 01:00:00,3.53,3.3785106458073484
2018-09-07 01:15:00,3.67,3.1805951024323686
2018-09-07 01:30:00,3.1,3.2042935241589583
2018-09-07 01:45:00,2.95,3.264595589410305
2018-09-07 02:00:00,2.95,3.1685915431551637
2018-09-07 02:15:00,2.88,3.155255758502181
2018-09-07 02:30:00,2.92,3.121848258961093
2018-09-07 02:45:00,3.06,2.949922872116708
2018-09-07 03:00:00,2.99,3.011913116223715
2018-09-07 03:15:00,2.92,3.092531914002953
2018-09-07 03:30:00,2.95,3.087107769012364
2018-09-07 03:45:00,2.99,3.025542694005748
2018-09-07 04:00:00,3.02,3.1152964604909976
2018-09-07 04:15:00,2.95,3.1092391616491493
2018-09-07 04:30:00,3.49,3.0989798305288936
2018-09-07 04:45:00,3.42,3.102452884589917
2018-09-07 05:00:00,2.99,3.1498417599194544
2018-09-07 05:15:00,2.99,3.1484362739690575
2018-09-07 05:30:00,2.99,3.114234506448197
2018-09-07 05:45:00,2.95,3.1315313353827245
2018-09-07 06:00:00,3.2,3.120234049836378
2018-09-07 06:15:00,3.56,3.116480565224656
2018-09-07 06:30:00,3.02,3.125732960363103
2018-09-07 06:45:00,2.99,3.1446623520080443
2018-09-07 07:00:00,3.02,3.1111383909681023
2018-09-07 07:15:00,3.06,3.238490008937411
2018-09-07 07:30:00,3.2,3.9963145908775646
2018-09-07 07:45:00,3.06,5.764867849091567
2018-09-07 08:00:00,35.71,32.78559519261469
2018-09-07 08:15:00,93.38,24.90386014266486
2018-09-07 08:30:00,96.44,60.11636251864742
2018-09-07 08:45:00,84.89,89.49182197142778
2018-09-07 09:00:00,107.93,91.05758397978902
2018-09-07 09:15:00,93.42,85.18360187370361
2018-09-07 09:30:00,103.9,90.91797396822767
2018-09-07 09:45:00,85.39,91.63661724345292
2018-09-07 10:00:00,107.24,91.65482807657644
2018-09-07 10:15:00,91.69,88.91213780159983
2018-09-07 10:30:00,100.15,91.47670196916144
2018-09-07 10:45:00,102.24,88.87514113766663
2018-09-07 11:00:00,101.12,89.66514706954761
2018-09-07 11:15:00,104.15,92.20542982077963
2018-09-07 11:30:00,84.92,92.14253300086695
2018-09-07 11:45:00,95.29,84.10507330224061
2018-09-07 12:00:00,3.92,10.115307172447965
2018-09-07 12:15:00,4.54,6.335084012246793
2018-09-07 12:30:00,4.28,5.1255450529905975
2018-09-07 12:45:00,4.46,5.241929657095933
2018-09-07 13:00:00,43.16,52.85174618062161
2018-09-07 13:15:00,114.37,81.77204828517148
2018-09-07 13:30:00,107.35,69.69210762733306
2018-09-07 13:45:00,95.65,91.55912872781124
2018-09-07 14:00:00,118.69,94.96741966697216
2018-09-07 14:15:00,96.34,91.07198719002514
2018-09-07 14:30:00,113.51,97.02339880876741
2018-09-07 14:45:00,63.79,95.14669899420898
2018-09-07 15:00:00,41.29,95.03903698216364
2018-09-07 15:15:00,50.36,81.72577815158061
2018-09-07 15:30:00,42.19,55.261770677612276
2018-09-07 15:45:00,51.91,64.01954776940924
2018-09-07 16:00:00,111.42,47.12178921528109
2018-09-07 16:15:00,100.73,60.04482537014564
2018-09-07 16:30:00,107.68,91.0533794755234
2018-09-07 16:45:00,89.68,91.21758584972204
2018-09-07 17:00:00,94.72,93.01225514698241
2018-09-07 17:15:00,81.65,90.53045621255283
2018-09-07 17:30:00,28.84,44.557472986571014
2018-09-07 17:45:00,29.02,44.56396174766682
2018-09-07 18:00:00,52.27,45.10938621206999
2018-09-07 18:15:00,72.43,70.82014611007071
2018-09-07 18:30:00,54.97,70.31285350647526
2018-09-07 18:45:00,47.66,74.04288918270831
2018-09-07 19:00:00,48.42,60.802818681777545
2018-09-07 19:15:00,73.62,57.007414517048744
2018-09-07 19:30:00,106.96,58.682255947228875
2018-09-07 19:45:00,105.05,73.04435007701113
2018-09-07 20:00:00,97.92,89.62907079061164
2018-09-07 20:15:00,91.33,91.41432621002986
2018-09-07 20:30:00,114.98,91.10185767822159
2018-09-07 20:45:00,74.41,65.97356331911092
2018-09-07 21:00:00,13.28,26.397684949134444
2018-09-07 21:15:00,4.25,21.827522023732207
2018-09-07 21:30:00,4.21,7.30002929376413
2018-09-07 21:45:00,4.18,4.281812452058458
2018-09-07 22:00:00,3.89,4.223841796533062
2018-09-07 22:15:00,3.89,4.223841796533062
2018-09-07 22:30:00,3.78,3.9879981105216316
2018-09-07 22:45:00,3.71,3.8683943107016585
2018-09-07 23:00:00,3.71,3.6923141314449985
2018-09-07 23:15:00,3.64,3.6402977800549454
2018-09-07 23:30:00,3.85,3.6323039708640357
2018-09-07 23:45:00,3.02,3.6616235315563936
2018-09-08 00:00:00,3.64,3.739501977399413
2018-09-08 00:15:00,3.1,3.3101029142961313
2018-09-08 00:30:00,3.1,3.5642759227427003
2018-09-08 00:45:00,2.99,3.1685915431551637
2018-09-08 01:00:00,3.17,3.1374520519638285
2018-09-08 01:15:00,3.06,3.129437504154515
2018-09-08 01:30:00,3.1,3.140349871968242
2018-09-08 01:45:00,3.02,3.126330734194348
2018-09-08 02:00:00,3.02,3.127810211239688
2018-09-08 02:15:00,3.1,3.126341388674421
2018-09-08 02:30:00,3.17,3.127493204007515
2018-09-08 02:45:00,3.1,3.1315404106771196
2018-09-08 03:00:00,3.1,3.137133750438446
2018-09-08 03:15:00,3.31,3.1289855283112677
2018-09-08 03:30:00,3.6,3.13083960466821
2018-09-08 03:45:00,3.17,3.141549913149023
2018-09-08 04:00:00,3.17,3.2003251010397236
2018-09-08 04:15:00,3.17,3.1723982545644525
2018-09-08 04:30:00,3.13,3.1723982545644525
2018-09-08 04:45:00,3.2,3.1723982545644525
2018-09-08 05:00:00,3.78,3.130137343644362
2018-09-08 05:15:00,3.49,3.139751846264255
2018-09-08 05:30:00,3.13,3.2073128600788214
2018-09-08 05:45:00,3.17,3.202416666973043
2018-09-08 06:00:00,3.13,3.1700891730083485
2018-09-08 06:15:00,3.13,3.1804541889765345
2018-09-08 06:30:00,3.2,3.2258696121485726
2018-09-08 06:45:00,3.78,3.130137343644362
2018-09-08 07:00:00,3.28,3.139751846264255
2018-09-08 07:15:00,3.24,3.253962953013572
2018-09-08 07:30:00,3.24,3.6678930635464546
2018-09-08 07:45:00,3.02,6.197428512525492
2018-09-08 08:00:00,25.56,37.784469452713076
2018-09-08 08:15:00,32.83,39.10349672108296
2018-09-08 08:30:00,32.58,29.066641984012545
2018-09-08 08:45:00,33.01,42.009607855022814
2018-09-08 09:00:00,33.08,39.362368415283136
2018-09-08 09:15:00,32.87,43.244187119148364
2018-09-08 09:30:00,47.81,39.31386793302844
2018-09-08 09:45:00,33.16,39.385866790487015
2018-09-08 10:00:00,41.18,59.164063725904136
2018-09-08 10:15:00,50.47,39.43027868410275
2018-09-08 10:30:00,34.7,42.209391455060924
2018-09-08 10:45:00,51.73,51.30966249341581
2018-09-08 11:00:00,39.49,40.06370426976056
2018-09-08 11:15:00,33.7,52.79904804538582
2018-09-08 11:30:00,40.25,40.296528825047815
2018-09-08 11:45:00,17.71,40.29209693585149
2018-09-08 12:00:00,3.24,8.842283125639629
2018-09-08 12:15:00,3.31,7.207266384438353
2018-09-08 12:30:00,3.31,5.200255707530651
2018-09-08 12:45:00,3.28,5.200255707530651
2018-09-08 13:00:00,19.37,36.58566835136492
2018-09-08 13:15:00,40.39,32.03177535854581
2018-09-08 13:30:00,33.91,25.333635854818404
2018-09-08 13:45:00,32.69,45.55927216784413
2018-09-08 14:00:00,36.07,42.5914811364102
2018-09-08 14:15:00,52.6,42.616487535237226
2018-09-08 14:30:00,48.6,41.536895777503176
2018-09-08 14:45:00,34.81,51.15339408429579
2018-09-08 15:00:00,35.24,47.38383177852526
2018-09-08 15:15:00,34.7,40.11644243597176
2018-09-08 15:30:00,53.06,40.166698154557245
2018-09-08 15:45:00,49.46,40.04824067632766
2018-09-08 16:00:00,32.51,51.350845722676155
2018-09-08 16:15:00,32.98,48.4286983612755
2018-09-08 16:30:00,41.72,34.78315507631369
2018-09-08 16:45:00,18.18,28.433390507596037
2018-09-08 17:00:00,3.89,25.15253325462155
2018-09-08 17:15:00,3.71,5.678698856970693
2018-09-08 17:30:00,3.67,4.205901584593735
2018-09-08 17:45:00,3.56,3.953716780187469
2018-09-08 18:00:00,3.46,3.9277557819266757
2018-09-08 18:15:00,3.49,3.678850225097344
2018-09-08 18:30:00,3.53,3.449911464819475
2018-09-08 18:45:00,3.56,3.467724993444079
2018-09-08 19:00:00,3.56,3.489973482985271
2018-09-08 19:15:00,3.24,3.5532694864733863
2018-09-08 19:30:00,3.42,3.544386858412237
2018-09-08 19:45:00,3.31,3.208365975588413
2018-09-08 20:00:00,2.99,3.209954717742617
2018-09-08 20:15:00,2.99,3.1856449444305723
2018-09-08 20:30:00,2.95,3.7108127479104396
2018-09-08 20:45:00,2.95,3.132534863087608
2018-09-08 21:00:00,2.99,3.1188076976293297
2018-09-08 21:15:00,2.99,3.1151958416112175
2018-09-08 21:30:00,3.06,3.1090134158463187
2018-09-08 21:45:00,3.1,3.096137550544674
2018-09-08 22:00:00,2.81,3.109975921154935
2018-09-08 22:15:00,2.84,3.1236178345748304
2018-09-08 22:30:00,2.84,2.921050478093039
2018-09-08 22:45:00,2.84,2.92807006030451
2018-09-08 23:00:00,2.88,2.9225351581612147
2018-09-08 23:15:00,3.31,2.921603995760967
2018-09-08 23:30:00,2.84,2.9477796426976353
2018-09-08 23:45:00,2.77,3.0906719218743475
2018-09-09 00:00:00,3.38,2.925551524102187
2018-09-09 00:15:00,2.77,2.914625267842206
2018-09-09 00:30:00,2.84,3.125158450722538
2018-09-09 00:45:00,2.81,2.9153778437115894
2018-09-09 01:00:00,2.77,2.927138897904261
2018-09-09 01:15:00,2.77,2.9114303153703696
2018-09-09 01:30:00,2.81,2.9102642613854384
2018-09-09 01:45:00,2.81,2.9102642613854384
2018-09-09 02:00:00,2.84,2.9102642613854384
2018-09-09 02:15:00,2.84,2.9102642613854384
2018-09-09 02:30:00,2.84,2.920437941776036
2018-09-09 02:45:00,2.84,2.921603995760967
2018-09-09 03:00:00,3.13,2.921603995760967
2018-09-09 03:15:00,3.13,2.921603995760967
2018-09-09 03:30:00,2.95,3.0784608806055958
2018-09-09 03:45:00,2.84,3.0836931325602546
2018-09-09 04:00:00,2.84,3.097847097298124
2018-09-09 04:15:00,3.17,2.9356613245402725
2018-09-09 04:30:00,3.42,2.9257301106330527
2018-09-09 04:45:00,2.92,3.0917246739002393
2018-09-09 05:00:00,2.92,3.1125659776408714
2018-09-09 05:15:00,2.88,3.0223875505294173
2018-09-09 05:30:00,2.84,3.028685161481215
2018-09-09 05:45:00,2.81,2.9474921516759944
2018-09-09 06:00:00,2.84,2.924374088384139
2018-09-09 06:15:00,3.17,2.9114303153703696
2018-09-09 06:30:00,3.13,2.920437941776036
2018-09-09 06:45:00,2.81,3.0897828122060473
2018-09-09 07:00:00,2.92,3.086808024852326
2018-09-09 07:15:00,2.92,3.0653407466440257
2018-09-09 07:30:00,3.06,3.4421157872241497
2018-09-09 07:45:00,3.06,3.6701235638429166
2018-09-09 08:00:00,3.74,9.272984168881031
2018-09-09 08:15:00,5.76,15.304909878296378
2018-09-09 08:30:00,8.53,29.499532784403122
2018-09-09 08:45:00,10.55,15.766978572640712
2018-09-09 09:00:00,10.22,10.256387274614001
2018-09-09 09:15:00,10.98,20.7363000033693
2018-09-09 09:30:00,11.45,28.463851139490867
2018-09-09 09:45:00,10.58,18.461109390068454
2018-09-09 10:00:00,11.09,29.1660247600814
2018-09-09 10:15:00,10.44,28.934356799163165
2018-09-09 10:30:00,7.67,12.427524749662236
2018-09-09 10:45:00,9.11,10.858307151985755
2018-09-09 11:00:00,20.66,10.587197532773203
2018-09-09 11:15:00,25.78,27.853162270089133
2018-09-09 11:30:00,20.99,30.923583156435186
2018-09-09 11:45:00,4.07,20.835556081451063
2018-09-09 12:00:00,4.07,7.855863721656654
2018-09-09 12:15:00,4.07,5.389201094057695
2018-09-09 12:30:00,4.1,5.153484152291669
2018-09-09 12:45:00,4.1,5.17670342076829
2018-09-09 13:00:00,4.1,17.76307834952207
2018-09-09 13:15:00,21.1,17.27022451676632
2018-09-09 13:30:00,28.76,25.445863652705654
2018-09-09 13:45:00,29.48,28.746422946970828
2018-09-09 14:00:00,29.59,22.687848628574578
2018-09-09 14:15:00,27.36,38.22482592050181
2018-09-09 14:30:00,25.42,38.52865929781557
2018-09-09 14:45:00,25.52,30.55783028999391
2018-09-09 15:00:00,23.9,29.953752657614295
2018-09-09 15:15:00,23.26,20.50398476265614
2018-09-09 15:30:00,23.65,20.354211375291953
2018-09-09 15:45:00,17.71,19.796265854183165
2018-09-09 16:00:00,4.25,19.971188217388598
2018-09-09 16:15:00,4.5,6.797889483706209
2018-09-09 16:30:00,5.18,5.072433186366139
2018-09-09 16:45:00,6.26,4.471318612204062
2018-09-09 17:00:00,3.85,4.6815524156878165
2018-09-09 17:15:00,3.67,5.152697499139138
2018-09-09 17:30:00,3.64,4.042345708423862
2018-09-09 17:45:00,3.64,3.8857267994285207
2018-09-09 18:00:00,3.49,3.8857267994285207
2018-09-09 18:15:00,3.53,3.6311392220418304
2018-09-09 18:30:00,3.49,3.4921163791061924
2018-09-09 18:45:00,2.99,3.4920811959970224
2018-09-09 19:00:00,2.95,3.4363646397299936
2018-09-09 19:15:00,2.95,3.1603705218629825
2018-09-09 19:30:00,2.99,3.736783419444432
2018-09-09 19:45:00,2.99,3.1188076976293297
2018-09-09 20:00:00,2.95,3.110165231179413
2018-09-09 20:15:00,2.99,3.099044941096715
2018-09-09 20:30:00,2.95,3.1011681609764774
2018-09-09 20:45:00,2.95,3.1167551020986117
2018-09-09 21:00:00,2.99,3.1075870636392695
2018-09-09 21:15:00,3.02,3.1011681609764774
2018-09-09 21:30:00,2.99,3.1090134158463187
2018-09-09 21:45:00,2.95,3.1016408669974846
2018-09-09 22:00:00,3.74,3.103879236796965
2018-09-09 22:15:00,4.03,3.1183693112233253
2018-09-09 22:30:00,2.77,3.159313452271753
2018-09-09 22:45:00,2.88,3.4113294401649092
2018-09-09 23:00:00,2.77,2.9995323253272734
2018-09-09 23:15:00,2.77,3.0021131634665648
2018-09-09 23:30:00,2.74,2.9127150389838077
2018-09-09 23:45:00,2.56,2.9102642613854384
2018-09-10 00:00:00,2.77,2.8932286348197165
2018-09-10 00:15:00,2.88,2.8821680468784
2018-09-10 00:30:00,2.77,2.909607700194355
2018-09-10 00:45:00,2.77,2.939490216622297
2018-09-10 01:00:00,2.84,2.9114303153703696
2018-09-10 01:15:00,2.81,2.9102642613854384
2018-09-10 01:30:00,2.77,2.920437941776036
2018-09-10 01:45:00,3.28,2.9114303153703696
2018-09-10 02:00:00,3.02,2.9102642613854384
2018-09-10 02:15:00,2.81,3.0879884389951138
2018-09-10 02:30:00,2.81,3.080814239283307
2018-09-10 02:45:00,2.81,2.9185727961834274
2018-09-10 03:00:00,3.38,2.914743937470715
2018-09-10 03:15:00,3.35,2.9102642613854384
2018-09-10 03:30:00,2.81,3.10490333480152
2018-09-10 03:45:00,2.84,3.094386744934704
2018-09-10 04:00:00,2.81,2.9198575197968655
2018-09-10 04:15:00,2.77,2.929354783917948
2018-09-10 04:30:00,2.84,2.9114303153703696
2018-09-10 04:45:00,2.88,2.9102642613854384
2018-09-10 05:00:00,2.84,2.920437941776036
2018-09-10 05:15:00,2.81,2.9406562706072283
2018-09-10 05:30:00,3.35,2.921603995760967
2018-09-10 05:45:00,2.95,2.9114303153703696
2018-09-10 06:00:00,2.7,3.0879884389951138
2018-09-10 06:15:00,2.77,3.0764540178503235
2018-09-10 06:30:00,2.74,2.892619379166593
2018-09-10 06:45:00,2.74,2.912802652666193
2018-09-10 07:00:00,2.74,2.8932286348197165
2018-09-10 07:15:00,3.02,3.1189568748118344
2018-09-10 07:30:00,3.17,3.6313393858041785
2018-09-10 07:45:00,3.2,3.888869932420061
2018-09-10 08:00:00,15.44,25.197483099260136
2018-09-10 08:15:00,80.21,40.472543554627556
2018-09-10 08:30:00,58.28,45.379325541337
2018-09-10 08:45:00,50.11,88.53345415137755
2018-09-10 09:00:00,46.66,58.47542570694983
2018-09-10 09:15:00,57.06,58.673835125868685
2018-09-10 09:30:00,58.46,54.346261655390755
2018-09-10 09:45:00,48.96,56.64846801525261
2018-09-10 10:00:00,55.66,56.22720167728974
2018-09-10 10:15:00,46.04,54.881339325773745
2018-09-10 10:30:00,56.12,55.19744376617984
2018-09-10 10:45:00,56.74,49.77922662690993
2018-09-10 11:00:00,51.08,58.12914156109664
2018-09-10 11:15:00,56.7,54.872938318249105
2018-09-10 11:30:00,54.79,54.389657925655776
2018-09-10 11:45:00,59.08,10.211634540229841
2018-09-10 12:00:00,4.79,6.703989309251884
2018-09-10 12:15:00,4.57,6.4665618182580795
2018-09-10 12:30:00,3.92,5.154918987250077
2018-09-10 12:45:00,3.82,5.153468482199571
2018-09-10 13:00:00,58.32,36.22241374575143
2018-09-10 13:15:00,108.07,48.677583930849025
2018-09-10 13:30:00,89.75,75.85500290116555
2018-09-10 13:45:00,103.46,91.27231471928572
2018-09-10 14:00:00,116.68,85.65993301620234
2018-09-10 14:15:00,63.65,89.44300281566326
2018-09-10 14:30:00,108.32,96.2285043188603
2018-09-10 14:45:00,104.08,76.74077635069139
2018-09-10 15:00:00,73.33,90.54812066381066
2018-09-10 15:15:00,109.87,92.75147304164693
2018-09-10 15:30:00,87.7,85.52982209651202
2018-09-10 15:45:00,101.95,91.06764650426412
2018-09-10 16:00:00,122.54,88.5167481292056
2018-09-10 16:15:00,92.23,89.15725130700895
2018-09-10 16:30:00,106.06,97.65146169565689
2018-09-10 16:45:00,120.46,91.1095446626527
2018-09-10 17:00:00,82.44,92.82311856117094
2018-09-10 17:15:00,121.46,99.28977560993262
2018-09-10 17:30:00,108.14,48.8562632114693
2018-09-10 17:45:00,47.45,43.232620528757735
2018-09-10 18:00:00,14.94,56.57988248186329
2018-09-10 18:15:00,3.82,72.74707257667869
2018-09-10 18:30:00,3.82,5.881969849058066
2018-09-10 18:45:00,3.46,4.30025935418569
2018-09-10 19:00:00,3.46,4.084238346865672
2018-09-10 19:15:00,3.49,3.8016622823286004
2018-09-10 19:30:00,3.53,3.450216380606379
2018-09-10 19:45:00,3.49,3.4534795837237975
2018-09-10 20:00:00,3.46,3.290647105478381
2018-09-10 20:15:00,3.42,3.2792592168245367
2018-09-10 20:30:00,3.49,3.2582106968300852
2018-09-10 20:45:00,3.49,3.239636043618786
2018-09-10 21:00:00,3.53,3.247350690699637
2018-09-10 21:15:00,3.53,3.2465303667968812
2018-09-10 21:30:00,4.1,3.2784457266914915
2018-09-10 21:45:00,4.64,3.4602895332539596
2018-09-10 22:00:00,2.92,3.8317066584588253
2018-09-10 22:15:00,2.66,3.9283400509813062
2018-09-10 22:30:00,2.63,3.4040446023736637
2018-09-10 22:45:00,2.7,3.266785267178859
2018-09-10 23:00:00,2.63,2.90253094044973
2018-09-10 23:15:00,2.59,2.8821680468784
2018-09-10 23:30:00,2.52,2.8821680468784
2018-09-10 23:45:00,2.95,2.8821680468784
2018-09-11 00:00:00,2.56,2.8821680468784
2018-09-11 00:15:00,2.63,3.073170604202806
2018-09-11 00:30:00,2.56,2.888751205102704
2018-09-11 00:45:00,2.63,2.886036220942289
2018-09-11 01:00:00,2.66,2.8821680468784
2018-09-11 01:15:00,2.63,2.8821680468784
2018-09-11 01:30:00,3.17,2.8821680468784
2018-09-11 01:45:00,2.92,2.8821680468784
2018-09-11 02:00:00,2.59,3.087099329326814
2018-09-11 02:15:00,2.56,3.008361916623228
2018-09-11 02:30:00,3.2,2.890639900950459
2018-09-11 02:45:00,2.88,2.8846801986933754
2018-09-11 03:00:00,2.56,3.089676416876446
2018-09-11 03:15:00,2.66,2.944603798948449
2018-09-11 03:30:00,2.59,2.887858836118302
2018-09-11 03:45:00,2.66,3.089195628414298
2018-09-11 04:00:00,2.56,2.8821680468784
2018-09-11 04:15:00,2.56,2.8821680468784
2018-09-11 04:30:00,2.59,2.8821680468784
2018-09-11 04:45:00,2.63,2.8821680468784
2018-09-11 05:00:00,2.56,2.8821680468784
2018-09-11 05:15:00,2.59,2.8821680468784
2018-09-11 05:30:00,2.56,2.8821680468784
2018-09-11 05:45:00,2.95,2.8821680468784
2018-09-11 06:00:00,3.02,2.8821680468784
2018-09-11 06:15:00,2.63,3.0700557119107343
2018-09-11 06:30:00,2.56,3.080814239283307
2018-09-11 06:45:00,2.52,2.892619379166593
2018-09-11 07:00:00,2.81,2.886036220942289
2018-09-11 07:15:00,3.06,3.180535239244604
2018-09-11 07:30:00,2.99,4.338748776630134
2018-09-11 07:45:00,3.13,6.977788251501543
2018-09-11 08:00:00,52.38,26.60632480963706
2018-09-11 08:15:00,106.52,24.30300371630895
2018-09-11 08:30:00,102.46,80.53912180779773
2018-09-11 08:45:00,93.92,90.70038262701244
2018-09-11 09:00:00,115.13,91.49018091336943
2018-09-11 09:15:00,106.7,90.08973277441827
2018-09-11 09:30:00,67.93,94.47598055562392
2018-09-11 09:45:00,86.15,96.50443344334104
2018-09-11 10:00:00,125.46,85.01900675763514
2018-09-11 10:15:00,95.15,80.41882569879333
2018-09-11 10:30:00,77.69,94.95957520238206
2018-09-11 10:45:00,107.14,93.2259880457515
2018-09-11 11:00:00,109.58,89.1913308042588
2018-09-11 11:15:00,90.25,90.9658042966196
2018-09-11 11:30:00,122.11,94.3344126278444
2018-09-11 11:45:00,114.84,87.7658550566763
2018-09-11 12:00:00,7.56,12.061841043369743
2018-09-11 12:15:00,7.42,6.3689629631236775
2018-09-11 12:30:00,6.84,6.804164605206638
2018-09-11 12:45:00,6.16,6.786783771539663
2018-09-11 13:00:00,55.69,81.40502556807508
2018-09-11 13:15:00,96.84,96.46747487175303
2018-09-11 13:30:00,122.94,84.66549614437959
2018-09-11 13:45:00,125.89,89.39776948221049
2018-09-11 14:00:00,62.78,96.78029993389333
2018-09-11 14:15:00,59.54,99.52689338779749
2018-09-11 14:30:00,64.98,88.15431720640929
2018-09-11 14:45:00,53.64,78.66383658704817
2018-09-11 15:00:00,62.57,68.93567424735363
2018-09-11 15:15:00,58.07,61.09196674206758
2018-09-11 15:30:00,70.16,60.81022688424368
2018-09-11 15:45:00,106.67,59.840593747520956
2018-09-11 16:00:00,73.44,68.91908409584325
2018-09-11 16:15:00,115.34,90.54109377815473
2018-09-11 16:30:00,99.11,84.03928696209341
2018-09-11 16:45:00,122.76,91.54555104336829
2018-09-11 17:00:00,118.84,93.06387237902372
2018-09-11 17:15:00,75.82,96.36756327181652
2018-09-11 17:30:00,62.42,52.7623123198163
2018-09-11 17:45:00,28.37,53.65804698528106
2018-09-11 18:00:00,35.21,67.46777502308959
2018-09-11 18:15:00,38.16,43.27876733095561
2018-09-11 18:30:00,33.62,67.18320528535834
2018-09-11 18:45:00,34.81,48.80661112768189
2018-09-11 19:00:00,37.26,45.262610892803444
2018-09-11 19:15:00,37.76,44.91528262710656
2018-09-11 19:30:00,37.58,42.12520998787838
2018-09-11 19:45:00,32.15,41.61926494865925
2018-09-11 20:00:00,37.33,39.757287436009754
2018-09-11 20:15:00,38.52,39.07284084691132
2018-09-11 20:30:00,34.02,38.683174239529336
2018-09-11 20:45:00,14.72,26.14471445575555
2018-09-11 21:00:00,6.52,11.15080851801435
2018-09-11 21:15:00,4.0,5.129190605547162
2018-09-11 21:30:00,3.89,5.170316893705713
2018-09-11 21:45:00,3.82,4.088518354160817
2018-09-11 22:00:00,3.6,4.005268150667539
2018-09-11 22:15:00,3.6,3.9873574435505845
2018-09-11 22:30:00,4.18,3.6235892066624866
2018-09-11 22:45:00,4.72,3.6155953974715764
2018-09-11 23:00:00,3.53,3.8560403797024936
2018-09-11 23:15:00,3.49,4.084747654708378
2018-09-11 23:30:00,3.06,3.6228526438502677
2018-09-11 23:45:00,3.35,3.518262918025737
2018-09-12 00:00:00,2.92,3.348285241578638
2018-09-12 00:15:00,2.95,3.1821126277793628
2018-09-12 00:30:00,2.92,3.03835929160592
2018-09-12 00:45:00,2.92,3.119488837155855
2018-09-12 01:00:00,2.95,3.0212912352101657
2018-09-12 01:15:00,2.92,3.014694181055871
2018-09-12 01:30:00,2.95,3.089046409627735
2018-09-12 01:45:00,2.99,3.0145046223160215
2018-09-12 02:00:00,2.88,3.0921684219734074
2018-09-12 02:15:00,2.95,3.0952114810144105
2018-09-12 02:30:00,2.92,2.9558532859109414
2018-09-12 02:45:00,2.92,3.097220632635258
2018-09-12 03:00:00,2.99,3.017018949380265
2018-09-12 03:15:00,3.2,3.0115390375795403
2018-09-12 03:30:00,4.32,3.0904727618347834
2018-09-12 03:45:00,3.38,3.1004778685670447
2018-09-12 04:00:00,2.95,3.604365941872046
2018-09-12 04:15:00,2.92,3.2194977554758237
2018-09-12 04:30:00,2.99,3.1749731686418197
2018-09-12 04:45:00,2.92,3.0739779842945625
2018-09-12 05:00:00,2.92,3.111417665392287
2018-09-12 05:15:00,2.92,3.0145046223160215
2018-09-12 05:30:00,2.88,3.0211511436947256
2018-09-12 05:45:00,2.88,3.0176470897914895
2018-09-12 06:00:00,2.92,2.9462074280625554
2018-09-12 06:15:00,2.92,2.9434263632303987
2018-09-12 06:30:00,2.88,3.007569531758338
2018-09-12 06:45:00,2.84,3.007195453114164
2018-09-12 07:00:00,2.88,2.9452762656623075
2018-09-12 07:15:00,3.02,3.1215823651969044
2018-09-12 07:30:00,3.31,3.832819229611683
2018-09-12 07:45:00,4.75,6.595802966742522
2018-09-12 08:00:00,58.07,45.713938605682344
2018-09-12 08:15:00,126.25,69.79479278794254
2018-09-12 08:30:00,87.91,87.73363839755389
2018-09-12 08:45:00,54.54,94.93590184198104
2018-09-12 09:00:00,54.25,86.37112548103516
2018-09-12 09:15:00,41.69,73.61219691018478
2018-09-12 09:30:00,52.78,64.61069590973473
2018-09-12 09:45:00,59.33,48.974218460369784
2018-09-12 10:00:00,47.84,60.55621342973709
2018-09-12 10:15:00,46.15,59.72659821664508
2018-09-12 10:30:00,49.03,57.42161588305382
2018-09-12 10:45:00,55.44,51.904144881706124
2018-09-12 11:00:00,67.0,56.877856220659375
2018-09-12 11:15:00,54.36,58.33453135030052
2018-09-12 11:30:00,59.33,65.58196973995338
2018-09-12 11:45:00,44.35,58.105200429718195
2018-09-12 12:00:00,4.43,7.2860667575097615
2018-09-12 12:15:00,5.18,6.43006181117525
2018-09-12 12:30:00,4.5,5.158158027776094
2018-09-12 12:45:00,5.11,5.162574827485302
2018-09-12 13:00:00,38.23,37.1023726243422
2018-09-12 13:15:00,64.22,52.40743637026779
2018-09-12 13:30:00,62.42,64.89778882133841
2018-09-12 13:45:00,66.53,65.59472522447281
2018-09-12 14:00:00,91.51,58.31489061903747
2018-09-12 14:15:00,66.02,65.48726486070707
2018-09-12 14:30:00,76.82,77.1539182101836
2018-09-12 14:45:00,115.7,69.7276714695364
2018-09-12 15:00:00,77.44,74.75076134394207
2018-09-12 15:15:00,99.68,91.43518131644173
2018-09-12 15:30:00,120.13,85.15538475761454
2018-09-12 15:45:00,87.52,88.2014930668972
2018-09-12 16:00:00,53.75,96.51621035073082
2018-09-12 16:15:00,57.49,89.66604875313747
2018-09-12 16:30:00,58.39,78.6693993019584
2018-09-12 16:45:00,58.39,64.1284594119553
2018-09-12 17:00:00,58.39,61.690017026652725
2018-09-12 17:15:00,43.49,58.95560045832186
2018-09-12 17:30:00,29.09,48.49155582761602
2018-09-12 17:45:00,27.32,34.934220941025764
2018-09-12 18:00:00,43.45,48.077057903220854
2018-09-12 18:15:00,55.76,42.813250606035744
2018-09-12 18:30:00,51.8,45.31509688290355
2018-09-12 18:45:00,44.14,56.8097983445205
2018-09-12 19:00:00,58.5,57.521106528110515
2018-09-12 19:15:00,44.6,49.023803216357
2018-09-12 19:30:00,49.5,57.676427445579336
2018-09-12 19:45:00,56.09,48.34004052296756
2018-09-12 20:00:00,40.39,57.074093758692726
2018-09-12 20:15:00,43.31,57.574030429465154
2018-09-12 20:30:00,32.51,42.90884146662806
2018-09-12 20:45:00,13.82,25.49084956427744
2018-09-12 21:00:00,5.54,10.210270082276308
2018-09-12 21:15:00,3.82,5.123330540601144
2018-09-12 21:30:00,3.64,4.791747914590243
2018-09-12 21:45:00,3.64,4.0159125877887565
2018-09-12 22:00:00,3.46,3.886519190775746
2018-09-12 22:15:00,3.49,3.861694227928924
2018-09-12 22:30:00,3.38,3.4523343372773736
2018-09-12 22:45:00,3.35,3.4709295272839453
2018-09-12 23:00:00,3.35,3.255354620290951
2018-09-12 23:15:00,3.35,3.195408275833255
2018-09-12 23:30:00,3.31,3.1816102800694352
2018-09-12 23:45:00,4.28,3.1768744171924537
2018-09-13 00:00:00,3.06,3.174080730784633
2018-09-13 00:15:00,2.74,3.9260338506413293
2018-09-13 00:30:00,2.74,3.3961480121258374
2018-09-13 00:45:00,2.77,2.9826437995628
2018-09-13 01:00:00,2.7,2.914290989448877
2018-09-13 01:15:00,2.77,2.909607700194355
2018-09-13 01:30:00,2.77,2.8828246080694835
2018-09-13 01:45:00,2.66,2.909607700194355
2018-09-13 02:00:00,2.99,2.9102642613854384
2018-09-13 02:15:00,3.38,2.8828246080694835
2018-09-13 02:30:00,2.99,3.0745969564098554
2018-09-13 02:45:00,2.77,3.1115343460219744
2018-09-13 03:00:00,2.74,3.0993477804654814
2018-09-13 03:15:00,2.74,2.921050478093039
2018-09-13 03:30:00,2.7,2.8970968088836044
2018-09-13 03:45:00,2.81,2.8925720736286333
2018-09-13 04:00:00,3.17,2.8821680468784
2018-09-13 04:15:00,3.38,2.909607700194355
2018-09-13 04:30:00,2.81,3.0900688668068397
2018-09-13 04:45:00,2.77,3.11130164074111
2018-09-13 05:00:00,2.84,2.9198575197968655
2018-09-13 05:15:00,2.81,2.914743937470715
2018-09-13 05:30:00,2.84,2.921369104176285
2018-09-13 05:45:00,2.77,2.9114303153703696
2018-09-13 06:00:00,2.74,2.920437941776036
2018-09-13 06:15:00,2.81,2.9114303153703696
2018-09-13 06:30:00,2.77,2.8932286348197165
2018-09-13 06:45:00,2.7,2.909607700194355
2018-09-13 07:00:00,2.81,2.9102642613854384
2018-09-13 07:15:00,2.81,3.0877911428678853
2018-09-13 07:30:00,3.6,3.7067678888413953
2018-09-13 07:45:00,4.61,4.819493204493128
2018-09-13 08:00:00,35.75,35.8759199242223
2018-09-13 08:15:00,52.78,64.75470129280421
2018-09-13 08:30:00,47.95,62.22329428213279
2018-09-13 08:45:00,90.79,58.15686734560768
2018-09-13 09:00:00,108.72,56.29631836679392
2018-09-13 09:15:00,105.52,77.80590967539555
2018-09-13 09:30:00,59.51,90.94421566235546
2018-09-13 09:45:00,116.64,92.64491182372008
2018-09-13 10:00:00,123.55,68.7109298468374
2018-09-13 10:15:00,78.44,92.26924181788794
2018-09-13 10:30:00,51.8,98.72201161864989
2018-09-13 10:45:00,53.6,88.38320290540415
2018-09-13 11:00:00,50.33,73.41505337163196
2018-09-13 11:15:00,51.01,62.957032391126525
2018-09-13 11:30:00,56.45,60.12591271197503
2018-09-13 11:45:00,56.09,58.6570045378527
2018-09-13 12:00:00,7.31,7.125505008631036
2018-09-13 12:15:00,4.43,6.291617807986561
2018-09-13 12:30:00,4.5,6.7399222473653655
2018-09-13 12:45:00,5.08,5.146815639156008
2018-09-13 13:00:00,40.25,45.48302466870242
2018-09-13 13:15:00,60.48,51.96038474416113
2018-09-13 13:30:00,58.18,64.44892833626943
2018-09-13 13:45:00,65.99,58.43648140952523
2018-09-13 14:00:00,59.8,58.048970764936485
2018-09-13 14:15:00,51.44,66.03740725893338
2018-09-13 14:30:00,61.81,58.46704790504807
2018-09-13 14:45:00,67.9,58.46040310933781
2018-09-13 15:00:00,109.01,58.446219194843515
2018-09-13 15:15:00,99.72,65.7161980507722
2018-09-13 15:30:00,68.0,90.98573686294274
2018-09-13 15:45:00,101.02,90.92385410310462
2018-09-13 16:00:00,122.87,82.04460316852165
2018-09-13 16:15:00,74.56,88.84872268077334
2018-09-13 16:30:00,49.32,95.8836438318011
2018-09-13 16:45:00,58.68,88.18047541961603
2018-09-13 17:00:00,54.4,69.34181167991854
2018-09-13 17:15:00,57.74,62.380107368320594
2018-09-13 17:30:00,32.69,34.80289383863857
2018-09-13 17:45:00,31.97,33.16602073931472
2018-09-13 18:00:00,41.22,49.812878563899275
2018-09-13 18:15:00,50.65,55.82416114343842
2018-09-13 18:30:00,46.3,44.30088365199458
2018-09-13 18:45:00,57.17,57.893440019144144
2018-09-13 19:00:00,54.76,50.94678107629326
2018-09-13 19:15:00,49.1,57.67738037870513
2018-09-13 19:30:00,46.8,57.81775280870942
2018-09-13 19:45:00,40.79,56.906271363804784
2018-09-13 20:00:00,47.95,52.866259416262125
2018-09-13 20:15:00,69.16,45.38229642028656
2018-09-13 20:30:00,49.82,52.422831162931686
2018-09-13 20:45:00,19.98,49.00968201586672
2018-09-13 21:00:00,5.04,10.032093146493473
2018-09-13 21:15:00,4.93,5.086916971419926
2018-09-13 21:30:00,4.86,4.536814896849058
2018-09-13 21:45:00,4.79,4.421168881043278
2018-09-13 22:00:00,4.46,4.411089546881919
2018-09-13 22:15:00,4.46,4.411089546881919
2018-09-13 22:30:00,4.43,4.267937090938687
2018-09-13 22:45:00,4.28,4.25189824953767
2018-09-13 23:00:00,4.28,4.24378531384771
2018-09-13 23:15:00,4.32,4.229499566292169
2018-09-13 23:30:00,4.28,4.229499566292169
2018-09-13 23:45:00,2.66,5.094988034380647
2018-09-14 00:00:00,4.28,4.872812845698313
2018-09-14 00:15:00,4.25,3.4007189825475863
2018-09-14 00:30:00,3.89,3.9445534601321937
2018-09-14 00:45:00,3.28,3.86096668960468
2018-09-14 01:00:00,3.24,3.804748486936522
2018-09-14 01:15:00,3.53,3.390858783372035
2018-09-14 01:30:00,4.36,3.380826298509146
2018-09-14 01:45:00,3.31,3.2729774304798185
2018-09-14 02:00:00,3.35,3.846518655271187
2018-09-14 02:15:00,3.31,3.3790105986787795
2018-09-14 02:30:00,3.31,3.3807744714011796
2018-09-14 02:45:00,3.24,3.3575736657627657
2018-09-14 03:00:00,3.28,3.1805951024323686
2018-09-14 03:15:00,3.28,3.173554345657353
2018-09-14 03:30:00,3.35,3.173554345657353
2018-09-14 03:45:00,3.31,3.173554345657353
2018-09-14 04:00:00,3.89,3.173554345657353
2018-09-14 04:15:00,4.07,3.173554345657353
2018-09-14 04:30:00,3.31,3.390421287061766
2018-09-14 04:45:00,3.31,3.7860186626125136
2018-09-14 05:00:00,3.35,3.3803414245187433
2018-09-14 05:15:00,3.35,3.3706647872615356
2018-09-14 05:30:00,3.64,3.3366083325472324
2018-09-14 05:45:00,4.28,3.18035886776189
2018-09-14 06:00:00,3.67,3.215108870019116
2018-09-14 06:15:00,3.24,3.8382839130606135
2018-09-14 06:30:00,3.31,3.6141173890930998
2018-09-14 06:45:00,3.24,3.3745481615318886
2018-09-14 07:00:00,3.28,3.378043053188544
2018-09-14 07:15:00,3.49,3.2347183957159644
2018-09-14 07:30:00,3.71,3.78103314721391
2018-09-14 07:45:00,4.82,4.709620868233843
2018-09-14 08:00:00,33.34,37.324171570644786
2018-09-14 08:15:00,50.9,69.05409563016667
2018-09-14 08:30:00,63.58,61.59374343000206
2018-09-14 08:45:00,49.32,59.16090640203071
2018-09-14 09:00:00,47.41,59.376971791881815
2018-09-14 09:15:00,61.2,57.6104541538444
2018-09-14 09:30:00,45.79,56.63851796607656
2018-09-14 09:45:00,39.6,58.39537756652881
2018-09-14 10:00:00,41.18,50.699781822032016
2018-09-14 10:15:00,52.06,48.275905272258136
2018-09-14 10:30:00,55.19,46.24907489504927
2018-09-14 10:45:00,50.4,58.129287583244185
2018-09-14 11:00:00,56.05,57.98780359533397
2018-09-14 11:15:00,55.4,57.909977115071364
2018-09-14 11:30:00,64.48,57.96056260992982
2018-09-14 11:45:00,63.4,57.972424306524665
2018-09-14 12:00:00,13.46,7.969012874256048
2018-09-14 12:15:00,4.32,6.101619727164576
2018-09-14 12:30:00,4.64,7.0028153606286
2018-09-14 12:45:00,3.71,5.1495621745773486
2018-09-14 13:00:00,47.34,48.44621422391733
2018-09-14 13:15:00,54.76,52.04207866682284
2018-09-14 13:30:00,68.29,65.05006335815516
2018-09-14 13:45:00,58.46,57.987687455181565
2018-09-14 14:00:00,66.31,65.65670386279507
2018-09-14 14:15:00,60.98,58.1320718714179
2018-09-14 14:30:00,67.68,65.72332799044976
2018-09-14 14:45:00,61.49,60.012718135869484
2018-09-14 15:00:00,48.24,65.81750988233962
2018-09-14 15:15:00,61.06,60.141154180306536
2018-09-14 15:30:00,65.99,55.46693369316011
2018-09-14 15:45:00,58.03,58.53776018820663
2018-09-14 16:00:00,65.81,65.23198822464809
2018-09-14 16:15:00,111.78,58.33095836372209
2018-09-14 16:30:00,106.16,65.68180914449485
2018-09-14 16:45:00,48.13,91.15290125129017
2018-09-14 17:00:00,43.02,93.50648154008728
2018-09-14 17:15:00,62.5,61.20745312413506
2018-09-14 17:30:00,54.58,36.26699843011587
2018-09-14 17:45:00,34.99,34.475867535078585
2018-09-14 18:00:00,28.48,49.370216425734554
2018-09-14 18:15:00,29.05,46.94443911792811
2018-09-14 18:30:00,28.26,22.37966668110581
2018-09-14 18:45:00,27.0,36.78487684452618
2018-09-14 19:00:00,20.41,25.716259395167278
2018-09-14 19:15:00,7.85,24.669936531567863
2018-09-14 19:30:00,8.32,6.689890008901639
2018-09-14 19:45:00,4.54,5.261751604849368
2018-09-14 20:00:00,3.67,5.3185699328858815
2018-09-14 20:15:00,3.71,4.315032327559266
2018-09-14 20:30:00,3.67,4.463449715370637
2018-09-14 20:45:00,3.64,3.8567454880075434
2018-09-14 21:00:00,3.6,3.6848156302998594
2018-09-14 21:15:00,3.74,3.66636496511982
2018-09-14 21:30:00,3.6,3.654658503376765
2018-09-14 21:45:00,3.6,3.6679891649178074
2018-09-14 22:00:00,3.28,3.642309057849134
2018-09-14 22:15:00,3.31,3.6399557129908557
2018-09-14 22:30:00,2.84,3.3411946961064087
2018-09-14 22:45:00,2.7,3.205220180210853
2018-09-14 23:00:00,2.66,3.009591946806681
2018-09-14 23:15:00,2.66,2.902597892086372
2018-09-14 23:30:00,2.66,2.8956223792330325
2018-09-14 23:45:00,2.66,2.8821680468784
2018-09-15 00:00:00,2.7,2.8974918284017432
2018-09-15 00:15:00,2.63,2.8821680468784
2018-09-15 00:30:00,2.63,2.8821680468784
2018-09-15 00:45:00,2.63,2.8821680468784
2018-09-15 01:00:00,2.81,2.8821680468784
2018-09-15 01:15:00,3.24,2.8821680468784
2018-09-15 01:30:00,2.99,2.909607700194355
2018-09-15 01:45:00,2.66,3.0879884389951138
2018-09-15 02:00:00,2.7,3.0765956464439337
2018-09-15 02:15:00,2.7,2.892619379166593
2018-09-15 02:30:00,2.63,2.886036220942289
2018-09-15 02:45:00,2.63,2.8821680468784
2018-09-15 03:00:00,2.7,2.8821680468784
2018-09-15 03:15:00,2.63,2.8821680468784
2018-09-15 03:30:00,2.63,2.891641554778709
2018-09-15 03:45:00,3.31,2.8821680468784
2018-09-15 04:00:00,2.77,2.8821680468784
2018-09-15 04:15:00,2.7,3.0879884389951138
2018-09-15 04:30:00,2.7,2.9153778437115894
2018-09-15 04:45:00,2.7,2.8866927821333714
2018-09-15 05:00:00,2.7,2.894568651718311
2018-09-15 05:15:00,2.63,2.8905486936286393
2018-09-15 05:30:00,2.59,2.8821680468784
2018-09-15 05:45:00,2.63,2.8821680468784
2018-09-15 06:00:00,2.7,2.8821680468784
2018-09-15 06:15:00,2.63,2.8821680468784
2018-09-15 06:30:00,2.63,2.8821680468784
2018-09-15 06:45:00,2.63,2.894568651718311
2018-09-15 07:00:00,3.06,2.8821680468784
2018-09-15 07:15:00,3.1,3.0285707297864963
2018-09-15 07:30:00,2.74,3.6179164064131273
2018-09-15 07:45:00,8.06,4.155206505799675
2018-09-15 08:00:00,34.02,7.425769704661674
2018-09-15 08:15:00,33.44,32.68570196445813
2018-09-15 08:30:00,38.3,39.66349681176226
2018-09-15 08:45:00,48.78,34.140997621773685
2018-09-15 09:00:00,33.05,33.92671649917048
2018-09-15 09:15:00,35.75,49.26028619954818
2018-09-15 09:30:00,35.14,39.462545087637125
2018-09-15 09:45:00,40.14,33.910317414880886
2018-09-15 10:00:00,33.8,40.67480165173921
2018-09-15 10:15:00,40.43,40.50948520706657
2018-09-15 10:30:00,33.01,38.36063541694208
2018-09-15 10:45:00,40.72,39.97711035229211
2018-09-15 11:00:00,41.22,39.17288288470094
2018-09-15 11:15:00,32.58,35.31062366474749
2018-09-15 11:30:00,40.39,41.27427607521829
2018-09-15 11:45:00,17.89,32.979101814389736
2018-09-15 12:00:00,3.31,8.330284578648236
2018-09-15 12:15:00,3.82,6.999711471881674
2018-09-15 12:30:00,3.82,5.11634587949833
2018-09-15 12:45:00,3.31,5.123512155225172
2018-09-15 13:00:00,29.63,31.814434374184152
2018-09-15 13:15:00,40.97,25.234321231511302
2018-09-15 13:30:00,39.96,40.94122834174611
2018-09-15 13:45:00,36.65,34.55536099170765
2018-09-15 14:00:00,40.39,39.65208047789662
2018-09-15 14:15:00,40.39,39.474992887637754
2018-09-15 14:30:00,32.98,40.31178197087231
2018-09-15 14:45:00,37.84,39.19282936859568
2018-09-15 15:00:00,44.21,38.65014953543466
2018-09-15 15:15:00,42.37,38.70209518719677
2018-09-15 15:30:00,38.59,46.003971438848005
2018-09-15 15:45:00,33.08,43.13602994694092
2018-09-15 16:00:00,39.67,33.684990370164876
2018-09-15 16:15:00,40.72,33.21713921492635
2018-09-15 16:30:00,39.67,39.9264706944273
2018-09-15 16:45:00,5.83,27.05129827868315
2018-09-15 17:00:00,3.82,22.91470087445779
2018-09-15 17:15:00,3.46,5.493697969384478
2018-09-15 17:30:00,3.49,4.057726654162181
2018-09-15 17:45:00,3.49,3.8163668870185306
2018-09-15 18:00:00,3.42,3.8113384694790984
2018-09-15 18:15:00,3.42,3.5236318133243842
2018-09-15 18:30:00,3.6,3.239334771499531
2018-09-15 18:45:00,3.67,3.2294667556282404
2018-09-15 19:00:00,3.64,3.3185610206191027
2018-09-15 19:15:00,3.6,3.5754990002718032
2018-09-15 19:30:00,3.64,3.6290480023997027
2018-09-15 19:45:00,3.06,3.623610532185388
2018-09-15 20:00:00,2.99,3.6090019631097836
2018-09-15 20:15:00,2.92,3.2037724868242305
2018-09-15 20:30:00,2.92,3.157444730506989
2018-09-15 20:45:00,2.95,3.0310445832864543
2018-09-15 21:00:00,3.53,3.0267447982926963
2018-09-15 21:15:00,3.49,3.101881131966299
2018-09-15 21:30:00,2.92,3.1250583202740687
2018-09-15 21:45:00,2.88,3.133754908014873
2018-09-15 22:00:00,2.77,3.034951233553424
2018-09-15 22:15:00,2.84,2.9681060168253093
2018-09-15 22:30:00,2.77,2.9145539692067306
2018-09-15 22:45:00,2.88,2.921369104176285
2018-09-15 23:00:00,3.2,2.9114303153703696
2018-09-15 23:15:00,2.66,2.939490216622297
2018-09-15 23:30:00,2.66,3.0902769220223383
2018-09-15 23:45:00,2.74,2.888751205102704
2018-09-16 00:00:00,2.66,2.8958672381460526
2018-09-16 00:15:00,2.81,2.8925720736286333
2018-09-16 00:30:00,2.74,2.8821680468784
2018-09-16 00:45:00,2.7,2.909607700194355
2018-09-16 01:00:00,2.7,2.8932286348197165
2018-09-16 01:15:00,2.7,2.8821680468784
2018-09-16 01:30:00,2.74,2.8821680468784
2018-09-16 01:45:00,2.77,2.8821680468784
2018-09-16 02:00:00,2.74,2.8925720736286333
2018-09-16 02:15:00,2.99,2.909607700194355
2018-09-16 02:30:00,3.31,2.8932286348197165
2018-09-16 02:45:00,2.7,3.0714820641177827
2018-09-16 03:00:00,3.35,3.0931020213212657
2018-09-16 03:15:00,3.2,2.892619379166593
2018-09-16 03:30:00,2.74,3.1269041697227755
2018-09-16 03:45:00,2.74,3.1126376667921436
2018-09-16 04:00:00,2.74,2.904308129530264
2018-09-16 04:15:00,2.77,2.8977249713059594
2018-09-16 04:30:00,2.74,2.9009527203788723
2018-09-16 04:45:00,2.74,2.909607700194355
2018-09-16 05:00:00,2.7,2.8932286348197165
2018-09-16 05:15:00,2.74,2.8925720736286333
2018-09-16 05:30:00,2.66,2.8821680468784
2018-09-16 05:45:00,2.7,2.8925720736286333
2018-09-16 06:00:00,2.66,2.8821680468784
2018-09-16 06:15:00,2.77,2.8821680468784
2018-09-16 06:30:00,3.17,2.8821680468784
2018-09-16 06:45:00,3.02,2.909607700194355
2018-09-16 07:00:00,2.66,3.087099329326814
2018-09-16 07:15:00,2.66,3.14936230515144
2018-09-16 07:30:00,2.63,3.396915682712042
2018-09-16 07:45:00,2.7,3.7086882583656005
2018-09-16 08:00:00,2.59,9.097124253480693
2018-09-16 08:15:00,2.63,8.405506308068972
2018-09-16 08:30:00,3.35,3.2296741229239347
2018-09-16 08:45:00,3.2,3.2296741229239347
2018-09-16 09:00:00,2.88,3.2314820809400824
2018-09-16 09:15:00,2.92,3.2314820809400824
2018-09-16 09:30:00,2.81,3.2296741229239347
2018-09-16 09:45:00,2.84,3.2296741229239347
2018-09-16 10:00:00,2.84,3.2296741229239347
2018-09-16 10:15:00,2.84,3.2296741229239347
2018-09-16 10:30:00,2.88,3.2296741229239347
2018-09-16 10:45:00,2.92,3.2296741229239347
2018-09-16 11:00:00,2.84,3.2296741229239347
2018-09-16 11:15:00,2.81,3.2296741229239347
2018-09-16 11:30:00,2.77,3.2296741229239347
2018-09-16 11:45:00,3.2,3.2296741229239347
2018-09-16 12:00:00,3.06,3.189480327212284
2018-09-16 12:15:00,2.84,3.1912882852284317
2018-09-16 12:30:00,2.95,3.189480327212284
2018-09-16 12:45:00,2.84,3.189480327212284
2018-09-16 13:00:00,2.81,3.2296741229239347
2018-09-16 13:15:00,2.84,3.2296741229239347
2018-09-16 13:30:00,2.81,3.2296741229239347
2018-09-16 13:45:00,2.81,3.2015366209117815
2018-09-16 14:00:00,2.92,3.2015366209117815
2018-09-16 14:15:00,2.88,3.2015366209117815
2018-09-16 14:30:00,3.49,3.2015366209117815
2018-09-16 14:45:00,2.92,3.2015366209117815
2018-09-16 15:00:00,2.84,3.203344578927929
2018-09-16 15:15:00,3.13,3.2015366209117815
2018-09-16 15:30:00,3.38,3.2015366209117815
2018-09-16 15:45:00,2.88,3.2015366209117815
2018-09-16 16:00:00,2.84,3.203344578927929
2018-09-16 16:15:00,2.88,3.621648722361499
2018-09-16 16:30:00,2.84,3.4572544479766067
2018-09-16 16:45:00,2.84,3.091366994624138
2018-09-16 17:00:00,2.81,2.9309180582651475
2018-09-16 17:15:00,2.88,2.929864330750426
2018-09-16 17:30:00,2.95,2.9196906503598274
2018-09-16 17:45:00,2.81,2.9466135887127054
2018-09-16 18:00:00,2.77,3.0747940215662273
2018-09-16 18:15:00,2.84,2.921524473555258
2018-09-16 18:30:00,2.88,2.919302143274438
2018-09-16 18:45:00,2.84,2.921369104176285
2018-09-16 19:00:00,3.06,2.9406562706072283
2018-09-16 19:15:00,3.56,2.921603995760967
2018-09-16 19:30:00,3.28,3.08210450054724
2018-09-16 19:45:00,3.28,3.1212031498715396
2018-09-16 20:00:00,3.49,3.118831680179418
2018-09-16 20:15:00,2.95,3.172402530324259
2018-09-16 20:30:00,2.92,3.200435032873998
2018-09-16 20:45:00,2.99,3.155255758502181
2018-09-16 21:00:00,2.92,3.0310445832864543
2018-09-16 21:15:00,2.92,3.111417665392287
2018-09-16 21:30:00,2.95,3.0145046223160215
2018-09-16 21:45:00,2.99,3.0211511436947256
2018-09-16 22:00:00,2.74,3.1047521683083295
2018-09-16 22:15:00,2.88,3.0953394916785397
2018-09-16 22:30:00,2.77,2.903023405916826
2018-09-16 22:45:00,2.74,2.9489720331419558
2018-09-16 23:00:00,2.74,2.9114303153703696
2018-09-16 23:15:00,2.66,2.8932286348197165
2018-09-16 23:30:00,2.7,2.8925720736286333
2018-09-16 23:45:00,3.53,2.8821680468784
2018-09-17 00:00:00,2.7,2.8821680468784
2018-09-17 00:15:00,2.77,3.1101922567510836
2018-09-17 00:30:00,2.74,2.888751205102704
2018-09-17 00:45:00,2.74,2.912802652666193
2018-09-17 01:00:00,3.35,2.8932286348197165
2018-09-17 01:15:00,2.84,2.8925720736286333
2018-09-17 01:30:00,3.28,3.0879884389951138
2018-09-17 01:45:00,3.1,2.925551524102187
2018-09-17 02:00:00,2.77,3.114884151838197
2018-09-17 02:15:00,2.77,3.103427586598057
2018-09-17 02:30:00,2.77,2.9198575197968655
2018-09-17 02:45:00,2.74,2.914743937470715
2018-09-17 03:00:00,2.77,2.9161071908026
2018-09-17 03:15:00,2.84,2.8932286348197165
2018-09-17 03:30:00,2.77,2.909607700194355
2018-09-17 03:45:00,2.74,2.920437941776036
2018-09-17 04:00:00,2.74,2.9114303153703696
2018-09-17 04:15:00,2.81,2.8932286348197165
2018-09-17 04:30:00,2.74,2.8925720736286333
2018-09-17 04:45:00,3.2,2.909607700194355
2018-09-17 05:00:00,2.99,2.8932286348197165
2018-09-17 05:15:00,2.77,3.0875934391431046
2018-09-17 05:30:00,2.7,3.0765956464439337
2018-09-17 05:45:00,2.63,2.9185727961834274
2018-09-17 06:00:00,2.66,2.8866927821333714
2018-09-17 06:15:00,2.7,2.8821680468784
2018-09-17 06:30:00,3.13,2.8821680468784
2018-09-17 06:45:00,3.06,2.8821680468784
2018-09-17 07:00:00,2.66,3.0772948266206646
2018-09-17 07:15:00,2.92,3.211309709504353
2018-09-17 07:30:00,3.06,3.6037227101999805
2018-09-17 07:45:00,3.13,3.900441471717603
2018-09-17 08:00:00,25.78,18.233013964323654
2018-09-17 08:15:00,63.11,17.98019798314524
2018-09-17 08:30:00,45.76,54.37928293052035
2018-09-17 08:45:00,56.34,63.73362101048468
2018-09-17 09:00:00,56.48,51.75776900858289
2018-09-17 09:15:00,50.98,58.57003582052101
2018-09-17 09:30:00,47.34,58.16272207223042
2018-09-17 09:45:00,42.3,57.940649259484935
2018-09-17 10:00:00,43.02,56.28617990180598
2018-09-17 10:15:00,55.19,48.80943519296838
2018-09-17 10:30:00,56.63,47.60297029104646
2018-09-17 10:45:00,62.96,58.12437427744275
2018-09-17 11:00:00,49.79,57.87030515983326
2018-09-17 11:15:00,56.88,58.9690057710646
2018-09-17 11:30:00,48.17,58.064731720838516
2018-09-17 11:45:00,45.79,58.324028530615905
2018-09-17 12:00:00,6.23,9.062915158174786
2018-09-17 12:15:00,3.89,8.692341147084857
2018-09-17 12:30:00,6.55,5.2808508026100025
2018-09-17 12:45:00,5.26,5.146736154017678
2018-09-17 13:00:00,50.98,49.470531642912746
2018-09-17 13:15:00,74.77,55.27352579280588
2018-09-17 13:30:00,115.49,67.53468262781863
2018-09-17 13:45:00,114.12,80.54882134920835
2018-09-17 14:00:00,96.23,91.86819625910634
2018-09-17 14:15:00,111.64,95.56114169905567
2018-09-17 14:30:00,97.85,93.47490265745637
2018-09-17 14:45:00,121.14,96.29391607816376
2018-09-17 15:00:00,85.9,94.5588764168378
2018-09-17 15:15:00,108.5,97.46521189912234
2018-09-17 15:30:00,107.82,89.46440595903266
2018-09-17 15:45:00,105.19,91.44219195657277
2018-09-17 16:00:00,110.52,95.99834599966206
2018-09-17 16:15:00,100.3,93.94154281149866
2018-09-17 16:30:00,122.54,95.86658661299383
2018-09-17 16:45:00,82.62,95.28755446401122
2018-09-17 17:00:00,65.05,98.28639787737586
2018-09-17 17:15:00,53.35,91.43870802055244
2018-09-17 17:30:00,34.92,67.35648280259414
2018-09-17 17:45:00,27.36,56.148294316447554
2018-09-17 18:00:00,35.6,61.53060879663252
2018-09-17 18:15:00,42.48,41.651991376199874
2018-09-17 18:30:00,52.6,48.741409545072884
2018-09-17 18:45:00,51.05,44.167425379165955
2018-09-17 19:00:00,54.22,41.740131632523045
2018-09-17 19:15:00,51.16,41.64117002233196
2018-09-17 19:30:00,54.29,43.069926854745674
2018-09-17 19:45:00,55.76,43.069926854745674
2018-09-17 20:00:00,44.14,42.53322128562545
2018-09-17 20:15:00,48.31,42.22869964337881
2018-09-17 20:30:00,53.82,42.59964367158657
2018-09-17 20:45:00,12.28,25.432157659030608
2018-09-17 21:00:00,5.76,10.172609443084824
2018-09-17 21:15:00,4.07,5.12656659737937
2018-09-17 21:30:00,3.92,5.000582401457866
2018-09-17 21:45:00,3.89,4.175513059151418
2018-09-17 22:00:00,3.67,4.01128695722138
2018-09-17 22:15:00,3.64,4.002304642364109
2018-09-17 22:30:00,3.6,3.6522394643372484
2018-09-17 22:45:00,3.6,3.6350132072188317
2018-09-17 23:00:00,4.21,3.6143669398507594
2018-09-17 23:15:00,4.61,3.6006421045179424
2018-09-17 23:30:00,3.49,3.8499443302890706
2018-09-17 23:45:00,3.2,4.378370630257516
2018-09-18 00:00:00,3.56,3.522386054317636
2018-09-18 00:15:00,3.53,3.3830682785977477
2018-09-18 00:30:00,3.31,3.592420215537574
2018-09-18 00:45:00,2.95,3.2293246736164076
2018-09-18 01:00:00,2.95,3.1816102800694352
2018-09-18 01:15:00,2.95,3.155782143629462
2018-09-18 01:30:00,2.95,3.121848258961093
2018-09-18 01:45:00,2.99,3.1123507349904753
2018-09-18 02:00:00,2.95,3.0958630136707184
2018-09-18 02:15:00,2.95,3.096137550544674
2018-09-18 02:30:00,2.95,3.0947111983376243
2018-09-18 02:45:00,2.95,3.1011681609764774
2018-09-18 03:00:00,2.95,3.1075870636392695
2018-09-18 03:15:00,2.99,3.0947111983376243
2018-09-18 03:30:00,2.99,3.0947111983376243
2018-09-18 03:45:00,2.99,3.096137550544674
2018-09-18 04:00:00,3.6,3.096137550544674
2018-09-18 04:15:00,3.06,3.103879236796965
2018-09-18 04:30:00,3.46,3.1550465607279863
2018-09-18 04:45:00,2.99,3.122851786456581
2018-09-18 05:00:00,2.99,3.1840545047894886
2018-09-18 05:15:00,2.95,3.1555302953761366
2018-09-18 05:30:00,2.84,3.1232746111681426
2018-09-18 05:45:00,2.84,3.1188076976293297
2018-09-18 06:00:00,2.88,2.934376600926834
2018-09-18 06:15:00,2.95,2.9257301106330527
2018-09-18 06:30:00,2.88,2.941587433007476
2018-09-18 06:45:00,2.84,3.074336658187737
2018-09-18 07:00:00,2.88,2.944603798948449
2018-09-18 07:15:00,2.95,3.1159787479328944
2018-09-18 07:30:00,4.54,3.75756276786622
2018-09-18 07:45:00,4.9,5.713375021072603
2018-09-18 08:00:00,35.46,52.59262367417156
2018-09-18 08:15:00,51.59,72.33773448204161
2018-09-18 08:30:00,55.87,62.085239406403964
2018-09-18 08:45:00,53.82,58.3533847649861
2018-09-18 09:00:00,48.24,58.3137976389304
2018-09-18 09:15:00,60.08,58.25838789515573
2018-09-18 09:30:00,61.2,56.672116818344655
2018-09-18 09:45:00,59.8,58.5047047809878
2018-09-18 10:00:00,59.26,58.56486005920685
2018-09-18 10:15:00,53.93,58.48155856441198
2018-09-18 10:30:00,49.75,58.647353844159994
2018-09-18 10:45:00,47.09,58.51310199599894
2018-09-18 11:00:00,60.55,58.328638136679594
2018-09-18 11:15:00,62.06,53.23530904697165
2018-09-18 11:30:00,62.68,58.64907356154407
2018-09-18 11:45:00,45.68,58.63337446286769
2018-09-18 12:00:00,25.6,8.615404969373309
2018-09-18 12:15:00,12.46,7.749712169084509
2018-09-18 12:30:00,4.07,9.368518507218065
2018-09-18 12:45:00,3.89,7.102936499875076
2018-09-18 13:00:00,39.2,48.231420331108886
2018-09-18 13:15:00,53.57,52.80965175052458
2018-09-18 13:30:00,60.48,64.44664548268207
2018-09-18 13:45:00,64.69,58.24850485989294
2018-09-18 14:00:00,62.89,58.507589573633844
2018-09-18 14:15:00,57.31,63.702644200372276
2018-09-18 14:30:00,54.11,59.29356740930566
2018-09-18 14:45:00,58.1,58.711581049322184
2018-09-18 15:00:00,42.62,58.742794824872426
2018-09-18 15:15:00,48.38,58.5236676480159
2018-09-18 15:30:00,60.23,48.695330591269894
2018-09-18 15:45:00,47.09,56.538457142664
2018-09-18 16:00:00,41.08,58.285616828343194
2018-09-18 16:15:00,55.4,52.58093390678784
2018-09-18 16:30:00,51.12,48.02614756932724
2018-09-18 16:45:00,48.67,57.954059451941355
2018-09-18 17:00:00,43.02,57.927043601578156
2018-09-18 17:15:00,54.0,56.37667803409895
2018-09-18 17:30:00,32.22,46.94887910023208
2018-09-18 17:45:00,31.28,31.788051616350707
2018-09-18 18:00:00,37.26,41.502472554156675
2018-09-18 18:15:00,55.73,43.67694951368192
2018-09-18 18:30:00,48.67,35.92792028974205
2018-09-18 18:45:00,42.01,54.40971261171565
2018-09-18 19:00:00,47.7,52.80404968477248
2018-09-18 19:15:00,45.68,46.13089162192727
2018-09-18 19:30:00,49.18,51.41533570153465
2018-09-18 19:45:00,66.35,40.558129156557946
2018-09-18 20:00:00,40.93,53.46871839118419
2018-09-18 20:15:00,43.78,64.62119884584126
2018-09-18 20:30:00,41.44,39.9850028415555
2018-09-18 20:45:00,42.37,23.70618920419892
2018-09-18 21:00:00,27.29,9.696915393775807
2018-09-18 21:15:00,4.86,9.826644086252115
2018-09-18 21:30:00,3.67,5.991756415246517
2018-09-18 21:45:00,3.6,4.446518161158682
2018-09-18 22:00:00,3.31,3.893572076689108
2018-09-18 22:15:00,3.38,3.877696753459079
2018-09-18 22:30:00,3.35,3.4014304351843454
2018-09-18 22:45:00,4.46,3.253256927588445
2018-09-18 23:00:00,3.96,3.197936764117251
2018-09-18 23:15:00,3.2,3.8744397062351696
2018-09-18 23:30:00,3.2,3.716902263971365
2018-09-18 23:45:00,2.66,3.3872013374643295
2018-09-19 00:00:00,2.92,3.384590433943004
2018-09-19 00:15:00,2.74,2.9719291816578415
2018-09-19 00:30:00,2.66,3.0247380426641284
2018-09-19 00:45:00,2.66,2.897175753636803
2018-09-19 01:00:00,2.7,2.8846801986933754
2018-09-19 01:15:00,2.66,2.8821680468784
2018-09-19 01:30:00,2.74,2.8821680468784
2018-09-19 01:45:00,2.77,2.8821680468784
2018-09-19 02:00:00,2.74,2.8925720736286333
2018-09-19 02:15:00,2.77,2.909607700194355
2018-09-19 02:30:00,2.74,2.8932286348197165
2018-09-19 02:45:00,2.74,2.909607700194355
2018-09-19 03:00:00,2.81,2.8932286348197165
2018-09-19 03:15:00,2.77,2.8925720736286333
2018-09-19 03:30:00,2.74,2.917868035183814
2018-09-19 03:45:00,3.82,2.9161071908026
2018-09-19 04:00:00,3.89,2.8932286348197165
2018-09-19 04:15:00,2.7,3.281764056490595
2018-09-19 04:30:00,2.77,3.347575620925956
2018-09-19 04:45:00,2.74,2.9686289792795937
2018-09-19 05:00:00,2.81,2.9860621702260977
2018-09-19 05:15:00,2.74,2.8945133584331546
2018-09-19 05:30:00,2.7,2.909607700194355
2018-09-19 05:45:00,2.7,2.8932286348197165
2018-09-19 06:00:00,2.74,2.8821680468784
2018-09-19 06:15:00,2.66,2.8821680468784
2018-09-19 06:30:00,2.66,2.8925720736286333
2018-09-19 06:45:00,2.66,2.8821680468784
2018-09-19 07:00:00,2.66,2.8821680468784
2018-09-19 07:15:00,2.92,3.085125810209999
2018-09-19 07:30:00,4.61,3.8156988189848886
2018-09-19 07:45:00,4.9,4.730157563572419
2018-09-19 08:00:00,25.45,52.539689678728074
2018-09-19 08:15:00,61.09,74.55057367399577
2018-09-19 08:30:00,34.99,57.21055388156782
2018-09-19 08:45:00,37.3,62.947016114955574
2018-09-19 09:00:00,54.65,39.90828815920365
2018-09-19 09:15:00,55.01,46.02352572885278
2018-09-19 09:30:00,37.76,57.96540246693787
2018-09-19 09:45:00,36.72,58.129287583244185
2018-09-19 10:00:00,37.22,45.58680240044548
2018-09-19 10:15:00,39.67,47.53925842847779
2018-09-19 10:30:00,43.09,43.528839989204506
2018-09-19 10:45:00,43.34,40.73522300484036
2018-09-19 11:00:00,45.76,43.428371361714746
2018-09-19 11:15:00,40.25,44.66603346398282
2018-09-19 11:30:00,48.06,50.27953837241551
2018-09-19 11:45:00,38.59,42.308539770976004
2018-09-19 12:00:00,5.36,8.013086676827253
2018-09-19 12:15:00,4.97,7.793212857880047
2018-09-19 12:30:00,4.46,5.1824111267082795
2018-09-19 12:45:00,4.9,5.143696860539029
2018-09-19 13:00:00,30.74,37.890021694419445
2018-09-19 13:15:00,41.58,49.767668587762536
2018-09-19 13:30:00,43.27,56.00894260371555
2018-09-19 13:45:00,44.1,43.90289669068738
2018-09-19 14:00:00,42.7,44.55481122922541
2018-09-19 14:15:00,38.7,46.881156798596045
2018-09-19 14:30:00,44.93,45.33362570600041
2018-09-19 14:45:00,43.42,41.42177001353376
2018-09-19 15:00:00,45.86,49.89996770600873
2018-09-19 15:15:00,37.15,46.816303880763435
2018-09-19 15:30:00,40.61,50.72405809219848
2018-09-19 15:45:00,42.52,41.93673076506983
2018-09-19 16:00:00,50.58,42.01634450426344
2018-09-19 16:15:00,52.38,43.665175141176725
2018-09-19 16:30:00,43.16,57.84924023370098
2018-09-19 16:45:00,51.62,57.9270667139636
2018-09-19 17:00:00,59.44,45.60238830354754
2018-09-19 17:15:00,51.66,55.975167460070224
2018-09-19 17:30:00,39.71,31.926892251899925
2018-09-19 17:45:00,36.47,31.255416708100555
2018-09-19 18:00:00,4.0,47.55992489227129
2018-09-19 18:15:00,3.85,46.67649734708347
2018-09-19 18:30:00,3.71,4.491899322016109
2018-09-19 18:45:00,3.67,4.131917089276493
2018-09-19 19:00:00,3.6,4.027104327623581
2018-09-19 19:15:00,3.6,5.087621220308984
2018-09-19 19:30:00,3.64,3.654134734122771
2018-09-19 19:45:00,3.64,3.616471988303829
2018-09-19 20:00:00,3.67,3.6397278382063676
2018-09-19 20:15:00,3.64,3.6113441831902136
2018-09-19 20:30:00,3.64,3.649071958842667
2018-09-19 20:45:00,3.71,3.651374103084002
2018-09-19 21:00:00,3.71,3.65273322002888
2018-09-19 21:15:00,3.31,3.6604002521724937
2018-09-19 21:30:00,3.74,3.6338360714374027
2018-09-19 21:45:00,3.31,3.3764271032580706
2018-09-19 22:00:00,2.92,3.618595863327412
2018-09-19 22:15:00,2.92,3.3405491857854934
2018-09-19 22:30:00,2.92,3.0753501056626775
2018-09-19 22:45:00,2.92,3.039190319474887
2018-09-19 23:00:00,2.74,3.0189318134049277
2018-09-19 23:15:00,2.7,3.0133381588069574
2018-09-19 23:30:00,2.66,2.899687905451777
2018-09-19 23:45:00,3.42,2.9000039802167183
2018-09-20 00:00:00,2.7,2.8821680468784
2018-09-20 00:15:00,2.77,3.1064207636958234
2018-09-20 00:30:00,3.35,2.888751205102704
2018-09-20 00:45:00,2.77,2.912802652666193
2018-09-20 01:00:00,2.7,3.1082435549161316
2018-09-20 01:15:00,2.7,2.9153778437115894
2018-09-20 01:30:00,2.66,2.8866927821333714
2018-09-20 01:45:00,2.74,2.8821680468784
2018-09-20 02:00:00,2.7,2.8821680468784
2018-09-20 02:15:00,2.7,2.9009527203788723
2018-09-20 02:30:00,2.7,2.8821680468784
2018-09-20 02:45:00,3.1,2.8821680468784
2018-09-20 03:00:00,3.35,2.8821680468784
2018-09-20 03:15:00,2.92,3.0772948266206646
2018-09-20 03:30:00,2.7,3.0931020213212657
2018-09-20 03:45:00,2.66,3.0223875505294173
2018-09-20 04:00:00,2.74,2.891924624563897
2018-09-20 04:15:00,2.92,2.8930608454436135
2018-09-20 04:30:00,3.28,2.8925720736286333
2018-09-20 04:45:00,2.77,3.0032483342970773
2018-09-20 05:00:00,2.66,3.091935557812201
2018-09-20 05:15:00,2.66,2.9172167739345123
2018-09-20 05:30:00,2.66,2.8866927821333714
2018-09-20 05:45:00,2.66,2.8821680468784
2018-09-20 06:00:00,2.66,2.8821680468784
2018-09-20 06:15:00,2.7,2.8821680468784
2018-09-20 06:30:00,2.63,2.8821680468784
2018-09-20 06:45:00,2.66,2.8821680468784
2018-09-20 07:00:00,2.63,2.8821680468784
2018-09-20 07:15:00,2.66,3.0790567602918024
2018-09-20 07:30:00,2.81,3.640454398307357
2018-09-20 07:45:00,3.96,4.118974840871942
2018-09-20 08:00:00,34.7,14.38961644856344
2018-09-20 08:15:00,41.47,59.126457896475905
2018-09-20 08:30:00,48.42,60.51052946633432
2018-09-20 08:45:00,41.11,44.19666457505094
2018-09-20 09:00:00,46.12,56.78658188915276
2018-09-20 09:15:00,38.63,40.93876116994342
2018-09-20 09:30:00,38.27,50.97085491101362
2018-09-20 09:45:00,39.02,43.47240738558957
2018-09-20 10:00:00,38.81,41.27372487559461
2018-09-20 10:15:00,43.56,41.34633223666831
2018-09-20 10:30:00,54.04,40.121457917373235
2018-09-20 10:45:00,54.54,45.574216289391906
2018-09-20 11:00:00,50.76,57.73767288252875
2018-09-20 11:15:00,49.1,57.73767288252875
2018-09-20 11:30:00,59.98,57.91223557329882
2018-09-20 11:45:00,34.78,57.17958004729361
2018-09-20 12:00:00,26.78,8.024204563310565
2018-09-20 12:15:00,10.15,6.2669480162932
2018-09-20 12:30:00,3.67,10.72235502318955
2018-09-20 12:45:00,4.28,6.9649032983957895
2018-09-20 13:00:00,31.36,41.887843743644396
2018-09-20 13:15:00,61.16,49.82670003473101
2018-09-20 13:30:00,64.4,56.1678715996115
2018-09-20 13:45:00,61.99,60.38643824032832
2018-09-20 14:00:00,60.12,63.63219101784309
2018-09-20 14:15:00,48.85,58.19013130233021
2018-09-20 14:30:00,45.47,59.59214996506347
2018-09-20 14:45:00,55.3,57.338260306867554
2018-09-20 15:00:00,48.13,51.36393434418448
2018-09-20 15:15:00,51.8,58.10204659784005
2018-09-20 15:30:00,70.49,55.905797262258574
2018-09-20 15:45:00,54.32,57.9444439910565
2018-09-20 16:00:00,65.23,67.9655556905532
2018-09-20 16:15:00,43.16,58.1310976536156
2018-09-20 16:30:00,56.41,65.06204300430863
2018-09-20 16:45:00,51.3,48.79323248916304
2018-09-20 17:00:00,50.33,58.57692682409747
2018-09-20 17:15:00,55.19,57.754451599672485
2018-09-20 17:30:00,29.09,43.459741733182106
2018-09-20 17:45:00,30.31,41.93316034302036
2018-09-20 18:00:00,37.66,41.52816411459387
2018-09-20 18:15:00,52.81,47.21031832235754
2018-09-20 18:30:00,39.42,42.45435807864522
2018-09-20 18:45:00,44.17,57.745843595480785
2018-09-20 19:00:00,57.13,40.18063823450519
2018-09-20 19:15:00,54.22,48.51243161726002
2018-09-20 19:30:00,45.04,57.134753930954446
2018-09-20 19:45:00,41.11,55.16092272492758
2018-09-20 20:00:00,41.47,50.16937912845399
2018-09-20 20:15:00,67.54,47.140242637690626
2018-09-20 20:30:00,37.58,45.157248042908826
2018-09-20 20:45:00,13.28,30.800787013563557
2018-09-20 21:00:00,4.07,9.62648530587858
2018-09-20 21:15:00,3.89,5.134459539361194
2018-09-20 21:30:00,3.74,4.191481130602557
2018-09-20 21:45:00,3.71,4.015290837426461
2018-09-20 22:00:00,3.53,3.895773106565881
2018-09-20 22:15:00,3.49,3.6533191107179404
2018-09-20 22:30:00,3.49,3.5379980888583504
2018-09-20 22:45:00,3.53,3.5011634624996564
2018-09-20 23:00:00,3.42,3.4507635895591005
2018-09-20 23:15:00,3.42,3.467706948263418
2018-09-20 23:30:00,3.38,3.2384377209367465
2018-09-20 23:45:00,2.48,3.2193756654910572
2018-09-21 00:00:00,2.77,3.220702583096833
2018-09-21 00:15:00,2.92,2.9114745701142697
2018-09-21 00:30:00,3.17,2.9234014387838116
2018-09-21 00:45:00,3.46,3.0107124087579393
2018-09-21 01:00:00,2.84,3.093715692371298
2018-09-21 01:15:00,2.81,3.123111981561445
2018-09-21 01:30:00,2.81,2.9427287012335572
2018-09-21 01:45:00,2.92,2.915909991455645
2018-09-21 02:00:00,2.88,2.911548984998877
2018-09-21 02:15:00,2.88,3.0032483342970773
2018-09-21 02:30:00,2.81,2.9434373354393846
2018-09-21 02:45:00,2.84,2.9424952008301513
2018-09-21 03:00:00,2.84,2.9114303153703696
2018-09-21 03:15:00,2.84,2.920437941776036
2018-09-21 03:30:00,2.84,2.921603995760967
2018-09-21 03:45:00,2.95,2.921603995760967
2018-09-21 04:00:00,3.38,3.136891912286324
2018-09-21 04:15:00,3.1,3.075244617570789
2018-09-21 04:30:00,2.84,3.1125659776408714
2018-09-21 04:45:00,2.92,3.0966386580107748
2018-09-21 05:00:00,2.81,2.9344683662440985
2018-09-21 05:15:00,2.77,3.0259040966490587
2018-09-21 05:30:00,2.74,2.9235254427067052
2018-09-21 05:45:00,2.88,2.921417254112542
2018-09-21 06:00:00,3.38,2.9048158478658155
2018-09-21 06:15:00,2.95,2.939490216622297
2018-09-21 06:30:00,2.81,3.107333725686212
2018-09-21 06:45:00,2.74,3.0808636859102183
2018-09-21 07:00:00,2.7,2.9198575197968655
2018-09-21 07:15:00,2.99,3.0918030055916064
2018-09-21 07:30:00,3.35,3.6649069489870048
2018-09-21 07:45:00,14.33,3.9072215562527206
2018-09-21 08:00:00,35.14,26.162879798177872
2018-09-21 08:15:00,41.11,61.32064589306894
2018-09-21 08:30:00,50.29,51.91165769616003
2018-09-21 08:45:00,55.91,40.69648884137515
2018-09-21 09:00:00,59.83,57.541349865597965
2018-09-21 09:15:00,45.58,58.02615139012165
2018-09-21 09:30:00,39.31,57.249844505938675
2018-09-21 09:45:00,47.52,47.81551967400742
2018-09-21 10:00:00,54.9,47.915914604469535
2018-09-21 10:15:00,38.66,55.608478392026875
2018-09-21 10:30:00,39.35,58.129287583244185
2018-09-21 10:45:00,34.09,42.67812649647392
2018-09-21 11:00:00,30.24,46.973476361094264
2018-09-21 11:15:00,31.25,43.46460792691904
2018-09-21 11:30:00,30.38,40.15725117017692
2018-09-21 11:45:00,29.84,39.48385918340438
2018-09-21 12:00:00,7.24,12.504601440514223
2018-09-21 12:15:00,6.26,11.574816812369898
2018-09-21 12:30:00,4.64,6.578342238834339
2018-09-21 12:45:00,4.21,5.284090849131487
2018-09-21 13:00:00,18.18,48.44713220514014
2018-09-21 13:15:00,28.08,46.5639532899861
2018-09-21 13:30:00,29.77,45.306170998210526
2018-09-21 13:45:00,27.86,35.04196121434822
2018-09-21 14:00:00,27.07,39.46002981943665
2018-09-21 14:15:00,24.95,31.59150729159645
2018-09-21 14:30:00,8.6,28.87347712842948
2018-09-21 14:45:00,8.64,27.22517987047325
2018-09-21 15:00:00,8.57,17.44027721027212
2018-09-21 15:15:00,7.67,18.935487484532228
2018-09-21 15:30:00,6.52,19.279463191023133
2018-09-21 15:45:00,5.08,18.076081007620957
2018-09-21 16:00:00,3.31,15.890452978002354
2018-09-21 16:15:00,3.31,6.189723435936034
2018-09-21 16:30:00,3.35,4.973280263879257
2018-09-21 16:45:00,3.38,4.091622942987806
2018-09-21 17:00:00,3.35,3.4841833720249076
2018-09-21 17:15:00,3.42,3.447134223330078
2018-09-21 17:30:00,3.31,3.383213485328178
2018-09-21 17:45:00,3.24,3.378816866696372
2018-09-21 18:00:00,3.28,3.3623175097485536
2018-09-21 18:15:00,3.31,3.3591554837220814
2018-09-21 18:30:00,3.92,3.19717736018403
2018-09-21 18:45:00,4.39,3.19717736018403
2018-09-21 19:00:00,2.7,3.409779610184793
2018-09-21 19:15:00,2.74,3.885604121133982
2018-09-21 19:30:00,2.77,3.404763111109574
2018-09-21 19:45:00,2.7,3.0357515461060145
2018-09-21 20:00:00,2.77,2.9393472298108274
2018-09-21 20:15:00,2.74,2.958706682862523
2018-09-21 20:30:00,2.74,2.93458520392333
2018-09-21 20:45:00,2.7,2.9048158478658155
2018-09-21 21:00:00,2.66,2.902045581528942
2018-09-21 21:15:00,2.7,2.894568651718311
2018-09-21 21:30:00,2.77,2.891641554778709
2018-09-21 21:45:00,2.66,2.891641554778709
2018-09-21 22:00:00,2.52,2.909607700194355
2018-09-21 22:15:00,2.59,2.8828246080694835
2018-09-21 22:30:00,2.52,2.8821680468784
2018-09-21 22:45:00,3.17,2.8821680468784
2018-09-21 23:00:00,2.88,2.8821680468784
2018-09-21 23:15:00,3.2,3.087099329326814
2018-09-21 23:30:00,2.52,2.944603798948449
2018-09-21 23:45:00,2.92,3.1132044283727485
2018-09-22 00:00:00,2.52,2.8899441633988787
2018-09-22 00:15:00,2.56,3.015989244589827
2018-09-22 00:30:00,2.59,2.88677172688657
2018-09-22 00:45:00,2.56,2.8846801986933754
2018-09-22 01:00:00,2.52,2.8821680468784
2018-09-22 01:15:00,2.56,2.8821680468784
2018-09-22 01:30:00,2.52,2.8821680468784
2018-09-22 01:45:00,2.56,2.8821680468784
2018-09-22 02:00:00,2.63,2.8821680468784
2018-09-22 02:15:00,3.02,3.089195628414298
2018-09-22 02:30:00,2.84,2.8821680468784
2018-09-22 02:45:00,2.56,3.2813932314208176
2018-09-22 03:00:00,2.56,2.925551524102187
2018-09-22 03:15:00,2.56,2.887858836118302
2018-09-22 03:30:00,3.02,2.8821680468784
2018-09-22 03:45:00,3.06,3.089195628414298
2018-09-22 04:00:00,2.66,3.0757006569571566
2018-09-22 04:15:00,2.56,3.287334935292227
2018-09-22 04:30:00,2.59,2.892619379166593
2018-09-22 04:45:00,2.59,2.886036220942289
2018-09-22 05:00:00,2.66,2.8821680468784
2018-09-22 05:15:00,2.59,3.089195628414298
2018-09-22 05:30:00,2.52,2.8821680468784
2018-09-22 05:45:00,2.52,3.089195628414298
2018-09-22 06:00:00,3.17,2.8821680468784
2018-09-22 06:15:00,3.1,2.8821680468784
2018-09-22 06:30:00,2.59,3.087099329326814
2018-09-22 06:45:00,2.56,3.082408408946815
2018-09-22 07:00:00,2.48,2.892619379166593
2018-09-22 07:15:00,2.52,3.0649212230647165
2018-09-22 07:30:00,2.52,3.6331306701912474
2018-09-22 07:45:00,2.52,4.259795857982802
2018-09-22 08:00:00,2.95,7.6827861570688345
2018-09-22 08:15:00,3.28,7.01199358870734
2018-09-22 08:30:00,3.31,3.1353906103270055
2018-09-22 08:45:00,3.74,2.9124094369945697
2018-09-22 09:00:00,2.99,3.2314820809400824
2018-09-22 09:15:00,2.92,3.2314820809400824
2018-09-22 09:30:00,2.99,3.2296741229239347
2018-09-22 09:45:00,2.92,3.1025670453029255
2018-09-22 10:00:00,4.0,3.2296741229239347
2018-09-22 10:15:00,3.24,3.12603224993039
2018-09-22 10:30:00,2.92,3.549013728312377
2018-09-22 10:45:00,2.95,3.1190161603931497
2018-09-22 11:00:00,3.28,3.946957765687981
2018-09-22 11:15:00,3.78,3.2296741229239347
2018-09-22 11:30:00,2.99,3.2024545846272656
2018-09-22 11:45:00,3.35,3.2314820809400824
2018-09-22 12:00:00,2.92,3.242115192872534
2018-09-22 12:15:00,2.81,3.266589434857179
2018-09-22 12:30:00,2.88,3.252864443566386
2018-09-22 12:45:00,2.95,3.240167380037177
2018-09-22 13:00:00,2.81,3.2296741229239347
2018-09-22 13:15:00,2.81,3.3914308104741524
2018-09-22 13:30:00,3.17,3.211811971883139
2018-09-22 13:45:00,4.5,3.1998747137642805
2018-09-22 14:00:00,2.99,3.1782499284056316
2018-09-22 14:15:00,2.92,6.865720297162948
2018-09-22 14:30:00,2.81,3.2289491807662203
2018-09-22 14:45:00,2.77,3.1775081821813735
2018-09-22 15:00:00,2.84,3.1685755752605673
2018-09-22 15:15:00,3.13,3.2348785838865264
2018-09-22 15:30:00,3.38,3.161691232036481
2018-09-22 15:45:00,3.06,3.189480327212284
2018-09-22 16:00:00,2.77,3.317054615220033
2018-09-22 16:15:00,2.84,3.544043281082086
2018-09-22 16:30:00,2.88,3.4047706134311198
2018-09-22 16:45:00,2.77,3.0983211422256813
2018-09-22 17:00:00,2.77,2.9497645326126043
2018-09-22 17:15:00,2.81,2.9172732447875314
2018-09-22 17:30:00,2.81,2.9161071908026
2018-09-22 17:45:00,2.81,2.9161071908026
2018-09-22 18:00:00,2.77,2.9161071908026
2018-09-22 18:15:00,2.92,2.9161071908026
2018-09-22 18:30:00,3.56,2.9164108912291073
2018-09-22 18:45:00,3.06,3.009311315436794
2018-09-22 19:00:00,2.88,3.13427565736259
2018-09-22 19:15:00,2.84,3.0943438221717248
2018-09-22 19:30:00,2.95,2.963438044563064
2018-09-22 19:45:00,3.38,2.9305208379028778
2018-09-22 20:00:00,3.13,3.095324745030282
2018-09-22 20:15:00,2.88,3.112453456074204
2018-09-22 20:30:00,2.95,3.0966386580107748
2018-09-22 20:45:00,2.92,2.9563146724726566
2018-09-22 21:00:00,2.92,3.1132414135407527
2018-09-22 21:15:00,2.88,3.021724915898376
2018-09-22 21:30:00,2.88,3.0115390375795403
2018-09-22 21:45:00,2.84,2.9462074280625554
2018-09-22 22:00:00,2.66,2.9434263632303987
2018-09-22 22:15:00,2.7,2.9225351581612147
2018-09-22 22:30:00,2.77,2.8839906620544133
2018-09-22 22:45:00,2.77,2.8821680468784
2018-09-22 23:00:00,2.95,2.909607700194355
2018-09-22 23:15:00,2.95,2.9102642613854384
2018-09-22 23:30:00,2.84,3.0700557119107343
2018-09-22 23:45:00,2.66,3.075169294236885
2018-09-23 00:00:00,2.56,2.928746476574025
2018-09-23 00:15:00,2.52,2.887858836118302
2018-09-23 00:30:00,2.56,2.8821680468784
2018-09-23 00:45:00,2.52,2.8821680468784
2018-09-23 01:00:00,2.56,2.8821680468784
2018-09-23 01:15:00,2.66,2.8821680468784
2018-09-23 01:30:00,2.56,2.8821680468784
2018-09-23 01:45:00,2.52,2.8821680468784
2018-09-23 02:00:00,2.56,2.8821680468784
2018-09-23 02:15:00,2.48,2.8821680468784
2018-09-23 02:30:00,2.84,2.8821680468784
2018-09-23 02:45:00,3.17,2.8821680468784
2018-09-23 03:00:00,2.52,2.919781380584954
2018-09-23 03:15:00,2.59,3.088265383311745
2018-09-23 03:30:00,2.81,2.888751205102704
2018-09-23 03:45:00,3.13,2.886036220942289
2018-09-23 04:00:00,2.56,2.909607700194355
2018-09-23 04:15:00,2.63,3.0784466419537586
2018-09-23 04:30:00,2.52,3.095778786638602
2018-09-23 04:45:00,2.52,2.886036220942289
2018-09-23 05:00:00,2.56,3.089195628414298
2018-09-23 05:15:00,2.59,2.8821680468784
2018-09-23 05:30:00,2.52,2.8821680468784
2018-09-23 05:45:00,2.56,2.8821680468784
2018-09-23 06:00:00,2.52,3.089195628414298
2018-09-23 06:15:00,2.52,2.8821680468784
2018-09-23 06:30:00,2.48,3.089195628414298
2018-09-23 06:45:00,2.88,2.8821680468784
2018-09-23 07:00:00,2.95,2.8821680468784
2018-09-23 07:15:00,2.52,3.3600509676694825
2018-09-23 07:30:00,2.48,4.1967796411824105
2018-09-23 07:45:00,3.13,4.834340174160466
2018-09-23 08:00:00,2.84,7.4033732083437425
2018-09-23 08:15:00,2.48,13.155216507711065
2018-09-23 08:30:00,2.56,3.201397080505311
2018-09-23 08:45:00,2.81,3.2517778861925155
2018-09-23 09:00:00,2.7,3.2501225811527275
2018-09-23 09:15:00,2.7,3.1997417754655233
2018-09-23 09:30:00,2.7,3.201397080505311
2018-09-23 09:45:00,2.7,3.2517778861925155
2018-09-23 10:00:00,2.74,3.1997417754655233
2018-09-23 10:15:00,2.7,3.2501225811527275
2018-09-23 10:30:00,2.77,3.2517778861925155
2018-09-23 10:45:00,2.77,3.2517778861925155
2018-09-23 11:00:00,2.7,3.1997417754655233
2018-09-23 11:15:00,2.77,3.1997417754655233
2018-09-23 11:30:00,2.74,3.2501225811527275
2018-09-23 11:45:00,2.84,3.2501225811527275
2018-09-23 12:00:00,3.35,3.1997417754655233
2018-09-23 12:15:00,2.81,3.1997417754655233
2018-09-23 12:30:00,2.81,3.241669090915636
2018-09-23 12:45:00,2.81,3.189480327212284
2018-09-23 13:00:00,2.77,3.189480327212284
2018-09-23 13:15:00,2.99,3.189480327212284
2018-09-23 13:30:00,3.35,3.189480327212284
2018-09-23 13:45:00,2.81,3.189480327212284
2018-09-23 14:00:00,2.88,3.1912882852284317
2018-09-23 14:15:00,2.77,3.189480327212284
2018-09-23 14:30:00,2.81,3.189480327212284
2018-09-23 14:45:00,2.81,3.189480327212284
2018-09-23 15:00:00,2.81,3.189480327212284
2018-09-23 15:15:00,2.77,3.189480327212284
2018-09-23 15:30:00,2.81,3.189480327212284
2018-09-23 15:45:00,2.84,3.189480327212284
2018-09-23 16:00:00,2.84,3.189480327212284
2018-09-23 16:15:00,3.1,3.6482021921997916
2018-09-23 16:30:00,3.2,3.384097818066584
2018-09-23 16:45:00,2.81,3.1460954737494706
2018-09-23 17:00:00,2.77,3.0939917450826937
2018-09-23 17:15:00,2.81,2.9198575197968655
2018-09-23 17:30:00,2.81,2.9134592138572764
2018-09-23 17:45:00,2.81,2.9102642613854384
2018-09-23 18:00:00,3.17,2.9102642613854384
2018-09-23 18:15:00,3.13,2.9102642613854384
2018-09-23 18:30:00,2.81,3.087099329326814
2018-09-23 18:45:00,2.81,3.0836931325602546
2018-09-23 19:00:00,2.81,2.9198575197968655
2018-09-23 19:15:00,2.88,2.9208905673143835
2018-09-23 19:30:00,2.81,2.9102642613854384
2018-09-23 19:45:00,3.24,2.939490216622297
2018-09-23 20:00:00,3.02,2.9172732447875314
2018-09-23 20:15:00,2.81,3.0879884389951138
2018-09-23 20:30:00,2.84,3.0820989628967452
2018-09-23 20:45:00,2.81,2.9185727961834274
2018-09-23 21:00:00,2.92,2.929354783917948
2018-09-23 21:15:00,2.81,2.9114303153703696
2018-09-23 21:30:00,2.88,3.0032483342970773
2018-09-23 21:45:00,2.81,2.914211380202525
2018-09-23 22:00:00,2.63,2.9413291468452214
2018-09-23 22:15:00,2.63,2.9114303153703696
2018-09-23 22:30:00,2.66,2.8828246080694835
2018-09-23 22:45:00,2.7,2.8821680468784
2018-09-23 23:00:00,3.6,2.8821680468784
2018-09-23 23:15:00,4.0,2.8821680468784
2018-09-23 23:30:00,2.63,3.1169070395079883
2018-09-23 23:45:00,2.63,4.284279163036944
2018-09-24 00:00:00,2.59,2.912130403167219
2018-09-24 00:15:00,2.63,2.903886962698644
2018-09-24 00:30:00,2.74,2.8821680468784
2018-09-24 00:45:00,2.63,2.8821680468784
2018-09-24 01:00:00,2.59,2.8925720736286333
2018-09-24 01:15:00,2.63,2.8821680468784
2018-09-24 01:30:00,2.63,2.8821680468784
2018-09-24 01:45:00,2.66,2.8821680468784
2018-09-24 02:00:00,2.66,2.8821680468784
2018-09-24 02:15:00,2.66,2.8821680468784
2018-09-24 02:30:00,2.63,2.8821680468784
2018-09-24 02:45:00,2.63,2.8821680468784
2018-09-24 03:00:00,2.95,2.8821680468784
2018-09-24 03:15:00,3.02,2.8821680468784
2018-09-24 03:30:00,2.63,3.0700557119107343
2018-09-24 03:45:00,3.17,3.080814239283307
2018-09-24 04:00:00,3.24,2.892619379166593
2018-09-24 04:15:00,2.74,3.111727753817409
2018-09-24 04:30:00,2.66,3.1130326666441537
2018-09-24 04:45:00,2.63,2.903023405916826
2018-09-24 05:00:00,2.66,2.886036220942289
2018-09-24 05:15:00,2.63,2.8821680468784
2018-09-24 05:30:00,2.7,2.8821680468784
2018-09-24 05:45:00,2.63,2.8821680468784
2018-09-24 06:00:00,2.59,2.8821680468784
2018-09-24 06:15:00,3.1,2.8821680468784
2018-09-24 06:30:00,2.92,2.8821680468784
2018-09-24 06:45:00,2.56,3.0772948266206646
2018-09-24 07:00:00,2.66,3.008361916623228
2018-09-24 07:15:00,2.59,3.086872053172778
2018-09-24 07:30:00,2.56,3.5915788576000023
2018-09-24 07:45:00,2.63,4.1757854761292315
2018-09-24 08:00:00,2.59,15.375717214834218
2018-09-24 08:15:00,2.59,16.028451826005593
2018-09-24 08:30:00,2.74,3.4644009990410054
2018-09-24 08:45:00,2.81,2.902943755661076
2018-09-24 09:00:00,2.88,2.902943755661076
2018-09-24 09:15:00,2.84,2.902943755661076
2018-09-24 09:30:00,3.17,2.904200089450406
2018-09-24 09:45:00,3.24,4.612373089435159
2018-09-24 10:00:00,2.84,4.616548199239535
2018-09-24 10:15:00,2.88,2.9394270475669155
2018-09-24 10:30:00,3.42,2.955357049821322
2018-09-24 10:45:00,2.88,2.9424704662462284
2018-09-24 11:00:00,2.84,2.9065516704475542
2018-09-24 11:15:00,2.81,2.8923333644637395
2018-09-24 11:30:00,2.84,2.877799574369368
2018-09-24 11:45:00,2.88,3.4420315100914305
2018-09-24 12:00:00,2.81,3.204337383459186
2018-09-24 12:15:00,2.81,3.204337383459186
2018-09-24 12:30:00,2.84,3.204337383459186
2018-09-24 12:45:00,2.81,3.204337383459186
2018-09-24 13:00:00,2.81,2.9241889324713743
2018-09-24 13:15:00,2.84,2.982059541201458
2018-09-24 13:30:00,2.84,2.9607793843003525
2018-09-24 13:45:00,3.13,2.996092534358827
2018-09-24 14:00:00,3.49,2.9891177072799526
2018-09-24 14:15:00,2.92,2.964831277640091
2018-09-24 14:30:00,3.38,3.017607297147814
2018-09-24 14:45:00,3.24,3.030485750033563
2018-09-24 15:00:00,2.84,3.0298342944523906
2018-09-24 15:15:00,2.84,3.0195953606289168
2018-09-24 15:30:00,2.81,3.0044247813198566
2018-09-24 15:45:00,2.81,3.0057878892479044
2018-09-24 16:00:00,2.81,3.0115102986239886
2018-09-24 16:15:00,2.92,3.4050905488855325
2018-09-24 16:30:00,2.88,3.304057436917053
2018-09-24 16:45:00,2.81,3.13700158576368
2018-09-24 17:00:00,2.81,3.0105227730527364
2018-09-24 17:15:00,2.84,2.979025444011496
2018-09-24 17:30:00,2.77,2.9242623244654777
2018-09-24 17:45:00,2.77,2.9344360048560754
2018-09-24 18:00:00,2.74,2.9254283784504076
2018-09-24 18:15:00,2.74,2.9989924022850936
2018-09-24 18:30:00,2.88,2.95330043392915
2018-09-24 18:45:00,2.84,2.9714121174493062
2018-09-24 19:00:00,2.81,2.9990174576777617
2018-09-24 19:15:00,3.38,2.956780712285864
2018-09-24 19:30:00,4.43,2.9487623639541067
2018-09-24 19:45:00,2.92,3.0565393238758087
2018-09-24 20:00:00,2.81,3.4972258624603088
2018-09-24 20:15:00,2.81,3.1867696827798797
2018-09-24 20:30:00,2.81,3.239914206071366
2018-09-24 20:45:00,2.81,3.004877494525083
2018-09-24 21:00:00,2.88,2.9710266256790914
2018-09-24 21:15:00,2.92,2.9185245963748976
2018-09-24 21:30:00,2.81,2.9466135887127054
2018-09-24 21:45:00,2.77,3.0104773694217237
2018-09-24 22:00:00,2.66,2.9224717151919837
2018-09-24 22:15:00,2.63,2.9203635265978205
2018-09-24 22:30:00,2.84,2.8922981159697922
2018-09-24 22:45:00,3.2,2.891641554778709
2018-09-24 23:00:00,2.59,2.928041715574413
2018-09-24 23:15:00,2.56,3.096078673297622
2018-09-24 23:30:00,2.59,2.897131851852943
2018-09-24 23:45:00,2.66,2.886036220942289
2018-09-25 00:00:00,2.66,2.8930919252322345
2018-09-25 00:15:00,3.24,2.8941456527469556
2018-09-25 00:30:00,2.99,2.8821680468784
2018-09-25 00:45:00,2.63,3.0879884389951138
2018-09-25 01:00:00,2.63,3.0765956464439337
2018-09-25 01:15:00,2.63,2.892619379166593
2018-09-25 01:30:00,2.59,2.886036220942289
2018-09-25 01:45:00,2.7,2.8821680468784
2018-09-25 02:00:00,3.24,2.8821680468784
2018-09-25 02:15:00,2.77,2.8821680468784
2018-09-25 02:30:00,2.7,3.0879884389951138
2018-09-25 02:45:00,2.63,2.9153778437115894
2018-09-25 03:00:00,2.59,2.8866927821333714
2018-09-25 03:15:00,2.66,2.8821680468784
2018-09-25 03:30:00,2.63,2.8821680468784
2018-09-25 03:45:00,2.63,2.8821680468784
2018-09-25 04:00:00,2.59,2.891641554778709
2018-09-25 04:15:00,2.59,2.8821680468784
2018-09-25 04:30:00,2.66,2.8905486936286393
2018-09-25 04:45:00,2.66,2.8821680468784
2018-09-25 05:00:00,2.63,2.8821680468784
2018-09-25 05:15:00,2.88,2.8821680468784
2018-09-25 05:30:00,3.85,2.8821680468784
2018-09-25 05:45:00,2.84,2.939490216622297
2018-09-25 06:00:00,2.56,3.512242002716401
2018-09-25 06:15:00,2.56,2.926836247715626
2018-09-25 06:30:00,2.56,2.8891435597317408
2018-09-25 06:45:00,2.52,2.8821680468784
2018-09-25 07:00:00,2.56,2.8821680468784
2018-09-25 07:15:00,2.63,3.103380802262606
2018-09-25 07:30:00,2.59,3.721106914098327
2018-09-25 07:45:00,2.63,4.462756372385821
2018-09-25 08:00:00,2.59,12.719519084923233
2018-09-25 08:15:00,2.52,16.26056994788372
2018-09-25 08:30:00,2.48,2.913066416002697
2018-09-25 08:45:00,2.92,2.902943755661076
2018-09-25 09:00:00,3.13,2.902943755661076
2018-09-25 09:15:00,2.66,2.9067693211233383
2018-09-25 09:30:00,2.7,2.9127729174167944
2018-09-25 09:45:00,2.66,2.909153386437291
2018-09-25 10:00:00,3.1,2.9020217859641066
2018-09-25 10:15:00,3.35,2.9519231326433104
2018-09-25 10:30:00,2.74,2.956608695368845
2018-09-25 10:45:00,2.63,2.901566053990647
2018-09-25 11:00:00,2.66,2.8519835786250276
2018-09-25 11:15:00,2.66,2.8436121682358273
2018-09-25 11:30:00,2.66,2.891295366898585
2018-09-25 11:45:00,2.59,3.631135141412086
2018-09-25 12:00:00,2.66,3.1895605239397575
2018-09-25 12:15:00,2.66,3.1895605239397575
2018-09-25 12:30:00,2.66,3.236723483805979
2018-09-25 12:45:00,2.84,3.236723483805979
2018-09-25 13:00:00,3.35,3.0448388041345193
2018-09-25 13:15:00,2.66,2.8982019176471554
2018-09-25 13:30:00,2.63,2.9008518943560238
2018-09-25 13:45:00,2.66,2.895424532496516
2018-09-25 14:00:00,2.66,2.8981402833050742
2018-09-25 14:15:00,2.66,2.9537028541223664
2018-09-25 14:30:00,2.63,2.9526651539093645
2018-09-25 14:45:00,2.74,2.886781775769951
2018-09-25 15:00:00,2.74,2.9072836557692217
2018-09-25 15:15:00,2.66,2.9001179150430385
2018-09-25 15:30:00,2.63,2.8878346933900882
2018-09-25 15:45:00,2.7,2.8878346933900882
2018-09-25 16:00:00,2.66,2.9684759927054842
2018-09-25 16:15:00,2.66,3.450635301529905
2018-09-25 16:30:00,3.28,3.258997567927359
2018-09-25 16:45:00,3.67,3.0600695817944374
2018-09-25 17:00:00,2.95,3.032294181762519
2018-09-25 17:15:00,2.66,3.130814533236635
2018-09-25 17:30:00,2.63,3.1029970888299063
2018-09-25 17:45:00,2.63,2.913235394006695
2018-09-25 18:00:00,2.52,2.9073330117357155
2018-09-25 18:15:00,2.56,2.939207435591407
2018-09-25 18:30:00,2.59,2.9230857447925143
2018-09-25 18:45:00,2.59,2.9328778059025358
2018-09-25 19:00:00,2.7,2.9313753191883505
2018-09-25 19:15:00,2.77,2.9285387110920227
2018-09-25 19:30:00,2.84,2.9180391799152625
2018-09-25 19:45:00,3.02,2.940742761450108
2018-09-25 20:00:00,3.35,2.9584300987111716
2018-09-25 20:15:00,2.74,3.0019288081341564
2018-09-25 20:30:00,2.74,3.0781886397848344
2018-09-25 20:45:00,2.77,2.9743752680082647
2018-09-25 21:00:00,2.81,2.9137651888292004
2018-09-25 21:15:00,2.7,2.924659490789116
2018-09-25 21:30:00,2.77,2.9195783238896187
2018-09-25 21:45:00,3.46,2.8922981159697922
2018-09-25 22:00:00,2.88,2.909607700194355
2018-09-25 22:15:00,2.59,3.3147486558745642
2018-09-25 22:30:00,2.56,2.944603798948449
2018-09-25 22:45:00,2.63,2.9031793807693775
2018-09-25 23:00:00,2.56,2.894568651718311
2018-09-25 23:15:00,2.63,2.8821680468784
2018-09-25 23:30:00,3.13,2.8821680468784
2018-09-25 23:45:00,2.48,2.8821680468784
2018-09-26 00:00:00,2.56,3.0772948266206646
2018-09-26 00:15:00,2.66,2.888751205102704
2018-09-26 00:30:00,2.63,2.886036220942289
2018-09-26 00:45:00,2.66,2.8821680468784
2018-09-26 01:00:00,2.63,2.8821680468784
2018-09-26 01:15:00,2.59,2.8821680468784
2018-09-26 01:30:00,2.59,2.8821680468784
2018-09-26 01:45:00,2.66,2.8821680468784
2018-09-26 02:00:00,2.59,2.8821680468784
2018-09-26 02:15:00,2.56,2.8821680468784
2018-09-26 02:30:00,2.77,2.8821680468784
2018-09-26 02:45:00,3.17,2.8821680468784
2018-09-26 03:00:00,2.81,2.909607700194355
2018-09-26 03:15:00,2.63,3.087099329326814
2018-09-26 03:30:00,3.13,2.9153778437115894
2018-09-26 03:45:00,2.92,2.8990933869732824
2018-09-26 04:00:00,2.59,3.305551748501078
2018-09-26 04:15:00,2.56,3.008361916623228
2018-09-26 04:30:00,2.59,2.890639900950459
2018-09-26 04:45:00,2.56,2.8846801986933754
2018-09-26 05:00:00,2.63,2.8821680468784
2018-09-26 05:15:00,2.56,2.8821680468784
2018-09-26 05:30:00,2.63,2.8821680468784
2018-09-26 05:45:00,2.56,2.8821680468784
2018-09-26 06:00:00,2.48,2.8821680468784
2018-09-26 06:15:00,2.52,2.8821680468784
2018-09-26 06:30:00,2.52,2.8821680468784
2018-09-26 06:45:00,2.59,2.8821680468784
2018-09-26 07:00:00,2.52,2.8821680468784
2018-09-26 07:15:00,2.56,3.1501421473556053
2018-09-26 07:30:00,2.56,4.423108167351756
2018-09-26 07:45:00,3.13,4.960213427747934
2018-09-26 08:00:00,3.02,12.857479960051672
2018-09-26 08:15:00,2.74,16.81440519097396
2018-09-26 08:30:00,2.48,3.1935379711289986
2018-09-26 08:45:00,2.59,3.2504294525433495
2018-09-26 09:00:00,2.63,2.9020217859641066
2018-09-26 09:15:00,2.63,2.951554498484145
2018-09-26 09:30:00,2.66,3.144154876834244
2018-09-26 09:45:00,2.63,3.1793585655512917
2018-09-26 10:00:00,2.74,3.1588483450641047
2018-09-26 10:15:00,2.63,3.0297535044642645
2018-09-26 10:30:00,2.63,4.605084454146468
2018-09-26 10:45:00,2.59,4.917075351794102
2018-09-26 11:00:00,2.59,3.4050590247585735
2018-09-26 11:15:00,3.2,2.9976383875230153
2018-09-26 11:30:00,3.2,2.8436830962661297
2018-09-26 11:45:00,3.24,3.083151714047615
2018-09-26 12:00:00,2.81,3.291917376739283
2018-09-26 12:15:00,2.7,3.191368481955905
2018-09-26 12:30:00,2.74,3.2901094187231354
2018-09-26 12:45:00,2.81,3.3372723785893568
2018-09-26 13:00:00,2.74,3.2941068482289104
2018-09-26 13:15:00,2.7,4.175109362976117
2018-09-26 13:30:00,2.7,4.942894046513072
2018-09-26 13:45:00,2.59,2.9057593651722784
2018-09-26 14:00:00,2.59,2.9239185658742173
2018-09-26 14:15:00,2.59,3.100940881985664
2018-09-26 14:30:00,2.59,2.8857335363401084
2018-09-26 14:45:00,2.66,2.889310972635157
2018-09-26 15:00:00,3.24,2.8896092299127814
2018-09-26 15:15:00,2.77,3.1588483450641047
2018-09-26 15:30:00,2.59,3.0258091152486606
2018-09-26 15:45:00,2.59,2.922884002067849
2018-09-26 16:00:00,2.56,2.9086355825884187
2018-09-26 16:15:00,2.59,3.5368605283301036
2018-09-26 16:30:00,2.52,3.321313758822878
2018-09-26 16:45:00,2.66,3.0577682607475087
2018-09-26 17:00:00,2.59,2.9178436941086083
2018-09-26 17:15:00,2.59,2.9301269157615595
2018-09-26 17:30:00,3.17,2.9106533548848557
2018-09-26 17:45:00,3.02,2.90030637980889
2018-09-26 18:00:00,2.52,3.0911221810019383
2018-09-26 18:15:00,2.59,3.0848370909584304
2018-09-26 18:30:00,3.31,2.9050199840065027
2018-09-26 18:45:00,2.7,2.898436825782199
2018-09-26 19:00:00,2.66,3.1106164827362313
2018-09-26 19:15:00,2.66,2.8992784405177354
2018-09-26 19:30:00,2.74,2.898436825782199
2018-09-26 19:45:00,2.74,2.894568651718311
2018-09-26 20:00:00,2.66,2.905213014189454
2018-09-26 20:15:00,2.63,2.9041592866747323
2018-09-26 20:30:00,2.66,2.894568651718311
2018-09-26 20:45:00,2.7,3.1015962332542077
2018-09-26 21:00:00,2.63,2.894568651718311
2018-09-26 21:15:00,2.92,2.8821680468784
2018-09-26 21:30:00,3.28,2.894568651718311
2018-09-26 21:45:00,2.74,3.0032483342970773
2018-09-26 22:00:00,2.56,3.091935557812201
2018-09-26 22:15:00,2.63,3.108694965203808
2018-09-26 22:30:00,3.17,2.886036220942289
2018-09-26 22:45:00,2.7,2.8821680468784
2018-09-26 23:00:00,2.45,3.088251144659908
2018-09-26 23:15:00,2.45,2.888751205102704
2018-09-26 23:30:00,2.45,2.886036220942289
2018-09-26 23:45:00,2.84,2.8919990640821647
2018-09-27 00:00:00,2.48,2.8821680468784
2018-09-27 00:15:00,2.48,2.919781380584954
2018-09-27 00:30:00,2.59,2.8839906620544133
2018-09-27 00:45:00,3.1,2.8821680468784
2018-09-27 01:00:00,2.74,2.8821680468784
2018-09-27 01:15:00,2.56,3.0772948266206646
2018-09-27 01:30:00,2.52,2.8991552318529368
2018-09-27 01:45:00,2.52,2.886036220942289
2018-09-27 02:00:00,2.56,2.8821680468784
2018-09-27 02:15:00,2.52,2.8821680468784
2018-09-27 02:30:00,2.52,2.8821680468784
2018-09-27 02:45:00,2.7,2.8821680468784
2018-09-27 03:00:00,3.2,2.8821680468784
2018-09-27 03:15:00,2.81,3.089195628414298
2018-09-27 03:30:00,2.52,3.293286013606766
2018-09-27 03:45:00,2.56,3.122405425247487
2018-09-27 04:00:00,2.52,2.8866927821333714
2018-09-27 04:15:00,2.52,3.089195628414298
2018-09-27 04:30:00,2.52,3.089195628414298
2018-09-27 04:45:00,3.17,2.8821680468784
2018-09-27 05:00:00,2.66,2.8821680468784
2018-09-27 05:15:00,2.56,3.087099329326814
2018-09-27 05:30:00,2.52,2.888751205102704
2018-09-27 05:45:00,2.45,3.093063802478186
2018-09-27 06:00:00,2.45,3.089195628414298
2018-09-27 06:15:00,2.48,2.8821680468784
2018-09-27 06:30:00,2.48,3.089195628414298
2018-09-27 06:45:00,2.45,3.089195628414298
2018-09-27 07:00:00,2.48,2.8821680468784
2018-09-27 07:15:00,2.84,3.1501421473556053
2018-09-27 07:30:00,7.99,4.247773710051704
2018-09-27 07:45:00,9.04,5.5002760083417925
2018-09-27 08:00:00,28.04,37.0380824823013
2018-09-27 08:15:00,49.46,58.516842138416216
2018-09-27 08:30:00,56.41,54.96496688850481
2018-09-27 08:45:00,40.75,56.53615363771311
2018-09-27 09:00:00,47.16,57.7995531215321
2018-09-27 09:15:00,46.91,44.42022131753378
2018-09-27 09:30:00,54.72,51.1345722473025
2018-09-27 09:45:00,57.78,49.34997705941377
2018-09-27 10:00:00,48.38,55.33004502905816
2018-09-27 10:15:00,57.82,56.27445762952204
2018-09-27 10:30:00,62.06,56.55697997925931
2018-09-27 10:45:00,57.49,58.096655407864766
2018-09-27 11:00:00,51.8,58.217368714074965
2018-09-27 11:15:00,44.28,57.85203565610749
2018-09-27 11:30:00,48.96,58.106652127119105
2018-09-27 11:45:00,54.0,42.58606596651508
2018-09-27 12:00:00,3.89,11.679407150645778
2018-09-27 12:15:00,3.67,10.471018580722284
2018-09-27 12:30:00,3.49,5.133915176851192
2018-09-27 12:45:00,4.07,5.1275810139397935
2018-09-27 13:00:00,25.85,35.29039255115089
2018-09-27 13:15:00,61.02,49.309770956199
2018-09-27 13:30:00,52.85,51.31946909471171
2018-09-27 13:45:00,60.62,62.49907894464439
2018-09-27 14:00:00,121.46,58.24826142707672
2018-09-27 14:15:00,127.62,58.093692557181605
2018-09-27 14:30:00,71.14,93.95515576940625
2018-09-27 14:45:00,112.46,98.42481866548447
2018-09-27 15:00:00,110.05,84.59584245301903
2018-09-27 15:15:00,96.01,92.28093681304563
2018-09-27 15:30:00,115.24,96.04951962565283
2018-09-27 15:45:00,82.19,92.01174050268024
2018-09-27 16:00:00,61.63,95.90807770125079
2018-09-27 16:15:00,60.73,86.66522992555586
2018-09-27 16:30:00,48.53,74.47646938230874
2018-09-27 16:45:00,49.07,62.87171246917677
2018-09-27 17:00:00,54.32,60.71803483579568
2018-09-27 17:15:00,59.62,58.17321785843044
2018-09-27 17:30:00,34.81,32.79435882551452
2018-09-27 17:45:00,27.32,34.5321735427891
2018-09-27 18:00:00,32.22,52.34376511829735
2018-09-27 18:15:00,40.86,41.57206184939163
2018-09-27 18:30:00,36.18,47.444599785197504
2018-09-27 18:45:00,31.75,40.87994857955734
2018-09-27 19:00:00,37.76,39.419420441034454
2018-09-27 19:15:00,31.79,39.30313569676489
2018-09-27 19:30:00,36.4,39.38519462259599
2018-09-27 19:45:00,40.32,39.08545791052257
2018-09-27 20:00:00,34.34,39.2395901188046
2018-09-27 20:15:00,34.92,39.54488686361533
2018-09-27 20:30:00,39.64,38.73884859137017
2018-09-27 20:45:00,19.04,24.665670285213963
2018-09-27 21:00:00,7.49,10.623261468818987
2018-09-27 21:15:00,5.26,5.088433010251656
2018-09-27 21:30:00,3.78,5.133621175685971
2018-09-27 21:45:00,3.78,4.763986265154129
2018-09-27 22:00:00,3.49,3.8989010898230094
2018-09-27 22:15:00,3.46,3.8932343468418247
2018-09-27 22:30:00,3.46,3.7520895378672106
2018-09-27 22:45:00,3.42,3.4401930968829855
2018-09-27 23:00:00,3.31,3.3870664004143998
2018-09-27 23:15:00,2.77,3.2271224951735418
2018-09-27 23:30:00,2.77,3.184053273492541
2018-09-27 23:45:00,3.13,3.5393463365581574
2018-09-28 00:00:00,2.77,2.914743937470715
2018-09-28 00:15:00,2.81,3.101387753600898
2018-09-28 00:30:00,2.84,2.9153778437115894
2018-09-28 00:45:00,2.95,2.919302143274438
2018-09-28 01:00:00,2.88,2.921369104176285
2018-09-28 01:15:00,2.92,3.075488473520831
2018-09-28 01:30:00,3.02,2.944603798948449
2018-09-28 01:45:00,2.99,3.0087579727473837
2018-09-28 02:00:00,3.38,3.0917037924576944
2018-09-28 02:15:00,4.1,3.087107769012364
2018-09-28 02:30:00,3.17,3.1353421328980464
2018-09-28 02:45:00,2.99,3.5807076852938327
2018-09-28 03:00:00,2.95,3.273300132562081
2018-09-28 03:15:00,2.95,3.160576995345851
2018-09-28 03:30:00,2.95,3.155255758502181
2018-09-28 03:45:00,2.88,3.1188076976293297
2018-09-28 04:00:00,2.95,3.110141946005121
2018-09-28 04:15:00,3.02,2.9487299138205345
2018-09-28 04:30:00,2.95,3.0907636699964036
2018-09-28 04:45:00,2.92,3.0928702559667585
2018-09-28 05:00:00,2.95,3.0901797420061405
2018-09-28 05:15:00,2.99,3.0242579703923087
2018-09-28 05:30:00,2.95,3.107554774238705
2018-09-28 05:45:00,3.64,3.091639225343848
2018-09-28 06:00:00,3.85,3.094737952515229
2018-09-28 06:15:00,3.17,3.1429750058177035
2018-09-28 06:30:00,2.88,3.357416156966153
2018-09-28 06:45:00,2.84,3.164156885485566
2018-09-28 07:00:00,2.92,3.007780479133733
2018-09-28 07:15:00,3.06,3.189031085691104
2018-09-28 07:30:00,3.2,3.757222566531378
2018-09-28 07:45:00,3.02,4.573257163300139
2018-09-28 08:00:00,28.48,33.87153508168548
2018-09-28 08:15:00,38.59,26.69731949147215
2018-09-28 08:30:00,55.51,53.812937265427934
2018-09-28 08:45:00,58.03,40.814876550664806
2018-09-28 09:00:00,54.36,58.08156113389632
2018-09-28 09:15:00,60.3,56.900866762244185
2018-09-28 09:30:00,60.12,55.802494453594754
2018-09-28 09:45:00,47.2,57.90211102427386
2018-09-28 10:00:00,49.32,58.40248238944752
2018-09-28 10:15:00,53.14,51.14290573800071
2018-09-28 10:30:00,52.6,54.9245295494428
2018-09-28 10:45:00,59.69,52.81884817748187
2018-09-28 11:00:00,50.26,50.90982958128324
2018-09-28 11:15:00,56.77,51.213660064032766
2018-09-28 11:30:00,50.72,49.16969434953758
2018-09-28 11:45:00,46.12,51.35425968302905
2018-09-28 12:00:00,6.12,7.6900943872512535
2018-09-28 12:15:00,5.26,6.336652172237555
2018-09-28 12:30:00,4.0,5.24857614808605
2018-09-28 12:45:00,3.64,5.16473851387393
2018-09-28 13:00:00,26.57,36.514344523121274
2018-09-28 13:15:00,43.67,42.45788936767894
2018-09-28 13:30:00,55.58,42.22225668544804
2018-09-28 13:45:00,64.87,45.447243150347475
2018-09-28 14:00:00,41.72,58.503684934145994
2018-09-28 14:15:00,39.1,62.75768844079866
2018-09-28 14:30:00,53.68,37.380554307916306
2018-09-28 14:45:00,55.04,36.501865767213076
2018-09-28 15:00:00,38.52,52.567182642806046
2018-09-28 15:15:00,56.81,51.81432505230346
2018-09-28 15:30:00,56.66,35.62862767259747
2018-09-28 15:45:00,44.71,51.542029518983725
2018-09-28 16:00:00,38.74,52.29941956326913
2018-09-28 16:15:00,45.36,38.88368258746086
2018-09-28 16:30:00,50.18,33.343018168815505
2018-09-28 16:45:00,58.25,36.1603770770406
2018-09-28 17:00:00,46.76,45.13983876251681
2018-09-28 17:15:00,51.48,49.717372292855224
2018-09-28 17:30:00,33.41,39.5928572399059
2018-09-28 17:45:00,27.25,29.97381737331813
2018-09-28 18:00:00,29.52,31.3588460542603
2018-09-28 18:15:00,37.87,37.420029546363885
2018-09-28 18:30:00,38.12,32.12343670291106
2018-09-28 18:45:00,38.63,36.004429947664754
2018-09-28 19:00:00,38.38,36.769516088310766
2018-09-28 19:15:00,29.45,33.83974717941964
2018-09-28 19:30:00,36.58,36.04989195311398
2018-09-28 19:45:00,35.32,32.517990790802735
2018-09-28 20:00:00,35.24,34.83951849588728
2018-09-28 20:15:00,33.16,33.58479995468896
2018-09-28 20:30:00,21.67,34.97103062699213
2018-09-28 20:45:00,7.85,22.453695193898355
2018-09-28 21:00:00,6.19,5.2836906538534105
2018-09-28 21:15:00,3.56,5.17470974208591
2018-09-28 21:30:00,3.6,5.185576317148975
2018-09-28 21:45:00,3.53,3.861494309992866
2018-09-28 22:00:00,3.24,3.8730996970485254
2018-09-28 22:15:00,3.17,3.809957430555423
2018-09-28 22:30:00,3.2,3.2171806297586936
2018-09-28 22:45:00,3.17,3.1768193427612244
2018-09-28 23:00:00,3.1,3.173159345805343
2018-09-28 23:15:00,3.1,3.140092797604701
2018-09-28 23:30:00,3.13,3.130137343644362
2018-09-28 23:45:00,2.56,3.130137343644362
2018-09-29 00:00:00,2.7,3.130137343644362
2018-09-29 00:15:00,2.48,2.8950970610762052
2018-09-29 00:30:00,2.45,2.886036220942289
2018-09-29 00:45:00,2.56,2.8821680468784
2018-09-29 01:00:00,2.59,2.8821680468784
2018-09-29 01:15:00,3.17,2.8821680468784
2018-09-29 01:30:00,2.95,2.8821680468784
2018-09-29 01:45:00,2.52,3.0886167582211175
2018-09-29 02:00:00,2.52,3.075169294236885
2018-09-29 02:15:00,2.59,2.892619379166593
2018-09-29 02:30:00,2.48,2.886036220942289
2018-09-29 02:45:00,2.52,2.8821680468784
2018-09-29 03:00:00,2.59,2.8821680468784
2018-09-29 03:15:00,2.59,2.8821680468784
2018-09-29 03:30:00,2.59,2.8821680468784
2018-09-29 03:45:00,2.59,2.8821680468784
2018-09-29 04:00:00,2.52,2.8821680468784
2018-09-29 04:15:00,2.77,2.8821680468784
2018-09-29 04:30:00,3.17,3.089195628414298
2018-09-29 04:45:00,2.56,3.1166352817302534
2018-09-29 05:00:00,2.59,3.087099329326814
2018-09-29 05:15:00,2.59,2.888751205102704
2018-09-29 05:30:00,2.56,2.886036220942289
2018-09-29 05:45:00,2.56,2.8821680468784
2018-09-29 06:00:00,2.52,3.089195628414298
2018-09-29 06:15:00,2.56,3.089195628414298
2018-09-29 06:30:00,2.59,2.8821680468784
2018-09-29 06:45:00,2.74,3.089195628414298
2018-09-29 07:00:00,3.13,3.089195628414298
2018-09-29 07:15:00,3.02,3.1374130789734163
2018-09-29 07:30:00,2.66,4.03483778193608
2018-09-29 07:45:00,3.06,4.809144288875815
2018-09-29 08:00:00,21.85,10.072386898267467
2018-09-29 08:15:00,47.3,13.618540630263746
2018-09-29 08:30:00,45.65,28.168416057482865
2018-09-29 08:45:00,41.9,53.74367140485857
2018-09-29 09:00:00,44.46,43.32250471485211
2018-09-29 09:15:00,47.41,34.29323256673225
2018-09-29 09:30:00,47.23,40.04684061465494
2018-09-29 09:45:00,37.87,44.28218351770934
2018-09-29 10:00:00,47.74,43.73462957735125
2018-09-29 10:15:00,44.5,33.39350255408052
2018-09-29 10:30:00,42.3,47.02192793228398
2018-09-29 10:45:00,44.14,39.19310074699804
2018-09-29 11:00:00,48.02,34.01857775170965
2018-09-29 11:15:00,49.14,37.68225054227071
2018-09-29 11:30:00,44.5,47.401522922247814
2018-09-29 11:45:00,32.47,48.91172937631548
2018-09-29 12:00:00,3.42,6.54429997967027
2018-09-29 12:15:00,3.28,6.459807809861109
2018-09-29 12:30:00,3.38,5.108302044505389
2018-09-29 12:45:00,4.5,5.10609185938556
2018-09-29 13:00:00,19.51,31.503570175322494
2018-09-29 13:15:00,47.59,34.8400278579157
2018-09-29 13:30:00,47.48,37.6478132478575
2018-09-29 13:45:00,35.03,51.625633609300024
2018-09-29 14:00:00,34.6,46.142873965279165
2018-09-29 14:15:00,46.58,35.328922473296814
2018-09-29 14:30:00,47.88,35.2224548883916
2018-09-29 14:45:00,34.49,42.78266855735988
2018-09-29 15:00:00,34.92,46.82471996406334
2018-09-29 15:15:00,50.62,35.03136213673187
2018-09-29 15:30:00,36.14,34.992390474748525
2018-09-29 15:45:00,35.93,47.78731026365839
2018-09-29 16:00:00,51.59,33.533765339358624
2018-09-29 16:15:00,35.32,32.98749861419923
2018-09-29 16:30:00,24.12,49.30507756171853
2018-09-29 16:45:00,4.97,26.471440701826026
2018-09-29 17:00:00,3.6,5.653363601965095
2018-09-29 17:15:00,3.46,4.538166289714647
2018-09-29 17:30:00,3.49,3.90159394528064
2018-09-29 17:45:00,3.38,3.8387163573979093
2018-09-29 18:00:00,3.35,3.584476615124249
2018-09-29 18:15:00,3.42,3.2368911175748885
2018-09-29 18:30:00,3.46,3.2006653552697277
2018-09-29 18:45:00,3.49,3.202493305337494
2018-09-29 19:00:00,3.49,3.2039925766366952
2018-09-29 19:15:00,3.46,3.213983085237939
2018-09-29 19:30:00,3.42,3.235922538021602
2018-09-29 19:45:00,3.42,3.2377929646957084
2018-09-29 20:00:00,3.46,3.2217439505519523
2018-09-29 20:15:00,3.53,3.210744912592442
2018-09-29 20:30:00,3.38,3.21053962125296
2018-09-29 20:45:00,2.81,3.243372858677211
2018-09-29 21:00:00,2.81,3.2057807533333795
2018-09-29 21:15:00,2.81,2.9907625996085794
2018-09-29 21:30:00,2.81,2.914743937470715
2018-09-29 21:45:00,2.81,2.9102642613854384
2018-09-29 22:00:00,3.13,2.9102642613854384
2018-09-29 22:15:00,3.28,2.9102642613854384
2018-09-29 22:30:00,2.59,3.0804097189127373
2018-09-29 22:45:00,2.59,3.0959041738290063
2018-09-29 23:00:00,2.59,2.892619379166593
2018-09-29 23:15:00,2.56,2.886036220942289
2018-09-29 23:30:00,2.52,2.8821680468784
2018-09-29 23:45:00,2.74,2.8821680468784
2018-09-30 00:00:00,3.02,2.8821680468784
2018-09-30 00:15:00,2.81,2.8925720736286333
2018-09-30 00:30:00,2.63,3.0757006569571566
2018-09-30 00:45:00,2.56,2.9153778437115894
2018-09-30 01:00:00,2.56,2.8866927821333714
2018-09-30 01:15:00,2.59,2.8821680468784
2018-09-30 01:30:00,2.56,2.8821680468784
2018-09-30 01:45:00,2.56,2.8821680468784
2018-09-30 02:00:00,2.63,2.8821680468784
2018-09-30 02:15:00,2.56,2.8821680468784
2018-09-30 02:30:00,2.56,2.8821680468784
2018-09-30 02:45:00,2.63,2.8821680468784
2018-09-30 03:00:00,2.59,2.8821680468784
2018-09-30 03:15:00,2.56,2.8821680468784
2018-09-30 03:30:00,3.13,2.8821680468784
2018-09-30 03:45:00,2.88,3.089195628414298
2018-09-30 04:00:00,3.1,3.0772948266206646
2018-09-30 04:15:00,3.02,2.944603798948449
2018-09-30 04:30:00,2.52,3.1009039300267336
2018-09-30 04:45:00,2.63,3.1062430849944427
2018-09-30 05:00:00,2.66,2.892619379166593
2018-09-30 05:15:00,2.52,2.886036220942289
2018-09-30 05:30:00,2.59,2.8821680468784
2018-09-30 05:45:00,2.52,2.8821680468784
2018-09-30 06:00:00,2.52,2.8821680468784
2018-09-30 06:15:00,2.56,2.8821680468784
2018-09-30 06:30:00,2.56,2.8821680468784
2018-09-30 06:45:00,2.59,2.8821680468784
2018-09-30 07:00:00,2.52,2.8821680468784
2018-09-30 07:15:00,2.95,3.0589382480058034
2018-09-30 07:30:00,2.95,3.7793713859864693
2018-09-30 07:45:00,2.59,4.129617297070917
2018-09-30 08:00:00,2.56,11.232187951492438
2018-09-30 08:15:00,2.52,10.548728294785395
2018-09-30 08:30:00,2.63,3.2296741229239347
2018-09-30 08:45:00,2.74,3.2296741229239347
2018-09-30 09:00:00,3.02,3.2296741229239347
2018-09-30 09:15:00,3.46,3.2296741229239347
2018-09-30 09:30:00,2.81,3.2296741229239347
2018-09-30 09:45:00,2.77,3.2314820809400824
2018-09-30 10:00:00,2.74,3.2296741229239347
2018-09-30 10:15:00,2.74,3.2296741229239347
2018-09-30 10:30:00,2.74,3.2296741229239347
2018-09-30 10:45:00,2.74,3.2296741229239347
2018-09-30 11:00:00,2.7,3.2296741229239347
2018-09-30 11:15:00,2.7,3.2296741229239347
2018-09-30 11:30:00,2.74,3.2296741229239347
2018-09-30 11:45:00,3.02,3.2296741229239347
2018-09-30 12:00:00,3.31,3.189480327212284
2018-09-30 12:15:00,2.77,3.189480327212284
2018-09-30 12:30:00,2.81,3.241669090915636
2018-09-30 12:45:00,2.77,3.189480327212284
2018-09-30 13:00:00,2.7,3.2296741229239347
2018-09-30 13:15:00,2.66,3.2296741229239347
2018-09-30 13:30:00,2.74,3.2296741229239347
2018-09-30 13:45:00,2.74,3.2015366209117815
2018-09-30 14:00:00,2.74,3.2015366209117815
2018-09-30 14:15:00,2.95,3.2015366209117815
2018-09-30 14:30:00,3.38,3.2015366209117815
2018-09-30 14:45:00,2.95,3.2015366209117815
2018-09-30 15:00:00,2.7,3.203344578927929
2018-09-30 15:15:00,2.7,3.2015366209117815
2018-09-30 15:30:00,2.7,3.2015366209117815
2018-09-30 15:45:00,2.74,3.2015366209117815
2018-09-30 16:00:00,2.95,3.2015366209117815
2018-09-30 16:15:00,3.31,3.5985021124664787
2018-09-30 16:30:00,2.66,3.45756071394087
2018-09-30 16:45:00,2.7,3.1482732169834806
2018-09-30 17:00:00,2.7,2.892619379166593
2018-09-30 17:15:00,2.7,2.886036220942289
2018-09-30 17:30:00,2.7,2.8821680468784
2018-09-30 17:45:00,2.74,2.8821680468784
2018-09-30 18:00:00,2.63,2.8821680468784
2018-09-30 18:15:00,2.66,2.8925720736286333
2018-09-30 18:30:00,2.77,2.8821680468784
2018-09-30 18:45:00,2.77,2.8821680468784
2018-09-30 19:00:00,2.95,2.909607700194355
2018-09-30 19:15:00,3.35,2.9102642613854384
2018-09-30 19:30:00,2.99,3.0700557119107343
2018-09-30 19:45:00,3.46,3.0931020213212657
2018-09-30 20:00:00,2.74,3.0897759255345556
2018-09-30 20:15:00,2.7,3.2066336420111905
2018-09-30 20:30:00,2.77,2.9055010878264382
2018-09-30 20:45:00,2.77,2.8873209445557273
2018-09-30 21:00:00,2.77,2.909607700194355
2018-09-30 21:15:00,2.77,2.9102642613854384
2018-09-30 21:30:00,2.74,2.9102642613854384
2018-09-30 21:45:00,2.77,2.9102642613854384
2018-09-30 22:00:00,2.59,2.8932286348197165
2018-09-30 22:15:00,3.17,2.909607700194355
2018-09-30 22:30:00,2.81,2.8828246080694835
2018-09-30 22:45:00,2.59,3.087099329326814
2018-09-30 23:00:00,2.56,2.921524473555258
2018-09-30 23:15:00,2.52,2.8990933869732824
2018-09-30 23:30:00,2.59,2.8821680468784
2018-09-30 23:45:00,2.56,2.8821680468784
