interval_start,energy,prediction
2018-07-01 00:00:00,2.81,3.088176607142856
2018-07-01 00:15:00,2.81,3.206550833333336
2018-07-01 00:30:00,2.95,2.9403430357142843
2018-07-01 00:45:00,2.81,2.9558156547619046
2018-07-01 01:00:00,2.88,3.0531371825396825
2018-07-01 01:15:00,2.88,2.95472837301587
2018-07-01 01:30:00,2.84,2.9702535714285734
2018-07-01 01:45:00,2.84,2.970105119047615
2018-07-01 02:00:00,2.92,2.996078284632032
2018-07-01 02:15:00,2.84,3.0310087301587294
2018-07-01 02:30:00,2.88,3.085489523809523
2018-07-01 02:45:00,2.84,3.1024009126984144
2018-07-01 03:00:00,3.67,3.0995723809523814
2018-07-01 03:15:00,3.85,3.0472568650793654
2018-07-01 03:30:00,2.88,2.963971547619047
2018-07-01 03:45:00,2.81,2.964103234126984
2018-07-01 04:00:00,2.81,2.9070508928571415
2018-07-01 04:15:00,2.81,2.9224368452380953
2018-07-01 04:30:00,2.81,2.8967881547619045
2018-07-01 04:45:00,2.84,2.9024430952380915
2018-07-01 05:00:00,2.74,2.8956249404761882
2018-07-01 05:15:00,2.77,2.8679056547619037
2018-07-01 05:30:00,2.81,2.893107976190474
2018-07-01 05:45:00,2.81,2.935306547619047
2018-07-01 06:00:00,2.77,3.0052101984126978
2018-07-01 06:15:00,2.81,2.998634265873016
2018-07-01 06:30:00,2.74,2.9166991071428567
2018-07-01 06:45:00,2.74,2.940966011904763
2018-07-01 07:00:00,2.7,2.9859023611111097
2018-07-01 07:15:00,2.74,3.0782180952380918
2018-07-01 07:30:00,3.28,2.946717678571429
2018-07-01 07:45:00,3.06,2.774488452380954
2018-07-01 08:00:00,3.38,15.51598410714285
2018-07-01 08:15:00,2.74,12.505814702380947
2018-07-01 08:30:00,2.66,3.141929325396826
2018-07-01 08:45:00,2.84,3.0653238690476194
2018-07-01 09:00:00,2.99,3.0396118849206353
2018-07-01 09:15:00,3.1,3.051758214285716
2018-07-01 09:30:00,2.99,3.209778412698412
2018-07-01 09:45:00,2.99,3.2196549206349165
2018-07-01 10:00:00,3.02,3.202678214285712
2018-07-01 10:15:00,3.02,3.231317083333332
2018-07-01 10:30:00,2.99,3.27149234126984
2018-07-01 10:45:00,3.06,3.2685835714285725
2018-07-01 11:00:00,3.35,3.1126816269841266
2018-07-01 11:15:00,3.02,3.0787807142857146
2018-07-01 11:30:00,2.84,3.0439351388888864
2018-07-01 11:45:00,2.81,3.0382951190476173
2018-07-01 12:00:00,2.95,2.9898338095238084
2018-07-01 12:15:00,3.13,3.0382011904761885
2018-07-01 12:30:00,3.1,3.0807123611111065
2018-07-01 12:45:00,3.06,3.134377242063489
2018-07-01 13:00:00,3.42,3.2060775992063486
2018-07-01 13:15:00,3.6,3.2014630032467553
2018-07-01 13:30:00,2.99,3.2070454437229445
2018-07-01 13:45:00,2.95,3.1504717532467565
2018-07-01 14:00:00,2.99,3.0210841666666677
2018-07-01 14:15:00,2.99,2.990802142857146
2018-07-01 14:30:00,3.02,3.0776985515873023
2018-07-01 14:45:00,2.99,3.19224984126984
2018-07-01 15:00:00,2.99,3.275213015873015
2018-07-01 15:15:00,3.56,3.2285638492063486
2018-07-01 15:30:00,3.17,3.1896721825396823
2018-07-01 15:45:00,2.92,3.1284969047619056
2018-07-01 16:00:00,2.92,3.1059977380952386
2018-07-01 16:15:00,2.95,3.2638136904761903
2018-07-01 16:30:00,2.95,3.1935117857142887
2018-07-01 16:45:00,2.95,3.1034975793650803
2018-07-01 17:00:00,2.99,3.185553650793651
2018-07-01 17:15:00,2.99,3.1006998809523845
2018-07-01 17:30:00,2.95,3.131194642857144
2018-07-01 17:45:00,3.06,3.1037642857142855
2018-07-01 18:00:00,2.88,3.1311213095238095
2018-07-01 18:15:00,2.84,3.1159953373015865
2018-07-01 18:30:00,3.06,3.1432174999999996
2018-07-01 18:45:00,3.74,3.0936886309523812
2018-07-01 19:00:00,3.56,3.1388432738095218
2018-07-01 19:15:00,3.53,3.0599757539682524
2018-07-01 19:30:00,3.02,3.001258333333334
2018-07-01 19:45:00,3.06,3.073226349206349
2018-07-01 20:00:00,3.06,3.0494813095238085
2018-07-01 20:15:00,3.1,3.09395892857143
2018-07-01 20:30:00,3.06,3.1069850000000008
2018-07-01 20:45:00,3.06,3.1660369642857136
2018-07-01 21:00:00,3.06,3.1144875595238104
2018-07-01 21:15:00,3.06,3.085476964285715
2018-07-01 21:30:00,3.06,3.102613630952383
2018-07-01 21:45:00,3.06,3.120360416666669
2018-07-01 22:00:00,2.99,3.068075178571429
2018-07-01 22:15:00,2.88,2.955158452380952
2018-07-01 22:30:00,2.84,3.0056012500000002
2018-07-01 22:45:00,2.81,3.0253112499999992
2018-07-01 23:00:00,3.35,3.027635627705626
2018-07-01 23:15:00,2.92,2.9176862499999983
2018-07-01 23:30:00,2.81,3.000004166666667
2018-07-01 23:45:00,3.2,3.248762083333335
2018-07-02 00:00:00,2.81,2.910142142857142
2018-07-02 00:15:00,2.84,3.0014003174603157
2018-07-02 00:30:00,2.88,2.9094203571428547
2018-07-02 00:45:00,3.28,2.968790892857142
2018-07-02 01:00:00,3.38,3.007267976190473
2018-07-02 01:15:00,2.88,2.9689443452380946
2018-07-02 01:30:00,2.92,2.911448234126983
2018-07-02 01:45:00,2.92,2.987854761904762
2018-07-02 02:00:00,2.92,3.054043809523808
2018-07-02 02:15:00,2.88,3.030186428571428
2018-07-02 02:30:00,2.92,3.0386699404761894
2018-07-02 02:45:00,3.38,3.0279916071428556
2018-07-02 03:00:00,3.13,3.061856170634922
2018-07-02 03:15:00,2.95,3.0074004166666652
2018-07-02 03:30:00,2.92,2.962856309523807
2018-07-02 03:45:00,2.84,2.9613485515872986
2018-07-02 04:00:00,2.92,3.05657523809524
2018-07-02 04:15:00,2.84,2.9557491468253967
2018-07-02 04:30:00,2.88,3.0159601785714267
2018-07-02 04:45:00,2.88,2.949265119047617
2018-07-02 05:00:00,2.88,3.0298220833333334
2018-07-02 05:15:00,2.84,3.0449912896825384
2018-07-02 05:30:00,2.88,2.9878890476190465
2018-07-02 05:45:00,2.84,2.9386629563492064
2018-07-02 06:00:00,2.81,2.918100476190476
2018-07-02 06:15:00,2.81,2.938401825396826
2018-07-02 06:30:00,3.42,2.90561613095238
2018-07-02 06:45:00,3.78,2.939095674603174
2018-07-02 07:00:00,3.06,2.9877841071428572
2018-07-02 07:15:00,2.99,3.212640833333333
2018-07-02 07:30:00,3.02,4.2734220039682524
2018-07-02 07:45:00,2.99,6.500014861111107
2018-07-02 08:00:00,18.61,19.522586904761905
2018-07-02 08:15:00,39.53,28.036085297619056
2018-07-02 08:30:00,44.89,60.19050355158732
2018-07-02 08:45:00,48.31,62.780158134920576
2018-07-02 09:00:00,51.3,68.4496398286436
2018-07-02 09:15:00,50.18,62.141964253246734
2018-07-02 09:30:00,61.85,61.67958000000002
2018-07-02 09:45:00,71.35,59.2003470833333
2018-07-02 10:00:00,72.68,59.91948251984127
2018-07-02 10:15:00,59.72,68.8706675
2018-07-02 10:30:00,59.11,77.34909142857143
2018-07-02 10:45:00,56.45,68.63594198412697
2018-07-02 11:00:00,70.52,65.63026093253968
2018-07-02 11:15:00,65.7,64.41758761904765
2018-07-02 11:30:00,70.7,68.6177898214286
2018-07-02 11:45:00,63.76,68.37990065476191
2018-07-02 12:00:00,8.24,7.2640247619047615
2018-07-02 12:15:00,5.08,5.652414107142857
2018-07-02 12:30:00,5.58,6.0514267857142885
2018-07-02 12:45:00,5.51,4.82710785714286
2018-07-02 13:00:00,40.1,40.087986408730146
2018-07-02 13:15:00,61.81,58.405441884920656
2018-07-02 13:30:00,87.7,61.046294186507865
2018-07-02 13:45:00,69.12,64.80617392857144
2018-07-02 14:00:00,58.1,80.48686303571428
2018-07-02 14:15:00,56.77,76.22454331349203
2018-07-02 14:30:00,59.8,69.58598988095238
2018-07-02 14:45:00,57.28,69.25752595238096
2018-07-02 15:00:00,68.04,62.192916547619035
2018-07-02 15:15:00,63.54,60.09867365079367
2018-07-02 15:30:00,70.31,60.43453293650794
2018-07-02 15:45:00,62.32,62.44187624999998
2018-07-02 16:00:00,53.1,68.82280507936505
2018-07-02 16:15:00,51.52,66.93496976190478
2018-07-02 16:30:00,49.75,66.79436511904765
2018-07-02 16:45:00,58.03,62.5684244047619
2018-07-02 17:00:00,57.24,59.38735226190477
2018-07-02 17:15:00,57.46,55.453909345238124
2018-07-02 17:30:00,34.7,31.58071472222221
2018-07-02 17:45:00,27.43,32.64563841269841
2018-07-02 18:00:00,31.68,31.28028607142855
2018-07-02 18:15:00,53.03,19.64399101190475
2018-07-02 18:30:00,40.5,39.99871111111113
2018-07-02 18:45:00,35.96,50.99765660714288
2018-07-02 19:00:00,40.18,43.872524345238126
2018-07-02 19:15:00,44.57,46.80059386904762
2018-07-02 19:30:00,44.5,41.855123769841256
2018-07-02 19:45:00,45.43,46.33977395923521
2018-07-02 20:00:00,46.08,49.11030244047618
2018-07-02 20:15:00,46.62,45.46286907828285
2018-07-02 20:30:00,47.63,42.152621677489215
2018-07-02 20:45:00,18.14,20.54782121031747
2018-07-02 21:00:00,4.46,6.682633333333337
2018-07-02 21:15:00,3.82,4.09000371031746
2018-07-02 21:30:00,3.78,3.9782291666666674
2018-07-02 21:45:00,3.82,3.7459983928571416
2018-07-02 22:00:00,3.71,3.706055753968251
2018-07-02 22:15:00,3.6,3.6058351190476214
2018-07-02 22:30:00,3.46,3.57158095238095
2018-07-02 22:45:00,3.46,3.541159761904759
2018-07-02 23:00:00,3.46,3.582426785714286
2018-07-02 23:15:00,3.46,3.497918273809523
2018-07-02 23:30:00,3.42,3.256682142857144
2018-07-02 23:45:00,3.42,3.3767550595238105
2018-07-03 00:00:00,2.84,3.1929956060606086
2018-07-03 00:15:00,2.88,3.1009632251082255
2018-07-03 00:30:00,2.95,2.9821580086580077
2018-07-03 00:45:00,2.92,3.0156610912698416
2018-07-03 01:00:00,3.38,3.0317642261904734
2018-07-03 01:15:00,3.2,3.03520863095238
2018-07-03 01:30:00,2.7,2.988364507575755
2018-07-03 01:45:00,2.77,2.996351289682539
2018-07-03 02:00:00,2.81,2.8837259523809506
2018-07-03 02:15:00,2.81,2.917237916666665
2018-07-03 02:30:00,2.84,2.8529533730158714
2018-07-03 02:45:00,2.81,2.8857964880952363
2018-07-03 03:00:00,2.84,2.9255479166666656
2018-07-03 03:15:00,2.81,2.884529047619046
2018-07-03 03:30:00,3.06,2.9141086904761893
2018-07-03 03:45:00,3.24,2.9062004166666666
2018-07-03 04:00:00,2.84,2.928309047619048
2018-07-03 04:15:00,2.81,2.879366964285714
2018-07-03 04:30:00,2.84,2.91836472222222
2018-07-03 04:45:00,2.81,2.910522698412699
2018-07-03 05:00:00,2.81,2.999430238095236
2018-07-03 05:15:00,2.81,2.9871345238095217
2018-07-03 05:30:00,2.84,3.0640357142857138
2018-07-03 05:45:00,2.77,2.9363994444444446
2018-07-03 06:00:00,2.77,2.9879099801587294
2018-07-03 06:15:00,2.77,3.0177791666666667
2018-07-03 06:30:00,2.77,3.0124550595238087
2018-07-03 06:45:00,2.77,3.0820016071428555
2018-07-03 07:00:00,2.77,2.9185564880952386
2018-07-03 07:15:00,3.53,3.192642261904761
2018-07-03 07:30:00,3.67,3.8238368253968247
2018-07-03 07:45:00,5.22,4.620236587301587
2018-07-03 08:00:00,30.42,33.39715672979798
2018-07-03 08:15:00,41.44,36.38545390873016
2018-07-03 08:30:00,48.31,46.68365851190478
2018-07-03 08:45:00,59.04,51.705160119047626
2018-07-03 09:00:00,60.62,55.555899206349196
2018-07-03 09:15:00,61.13,58.4276339285714
2018-07-03 09:30:00,71.82,54.72833452380947
2018-07-03 09:45:00,62.71,52.93795515873013
2018-07-03 10:00:00,49.86,65.9247777579365
2018-07-03 10:15:00,46.73,58.01812107142854
2018-07-03 10:30:00,57.42,58.43239892857144
2018-07-03 10:45:00,59.83,55.94430126984123
2018-07-03 11:00:00,71.14,59.509167380952405
2018-07-03 11:15:00,54.4,59.89162696428574
2018-07-03 11:30:00,57.64,61.727112559523796
2018-07-03 11:45:00,66.67,55.76784327380951
2018-07-03 12:00:00,23.72,10.43957740079365
2018-07-03 12:15:00,4.1,5.869990357142856
2018-07-03 12:30:00,4.21,5.551480317460321
2018-07-03 12:45:00,4.79,4.70769732142857
2018-07-03 13:00:00,38.3,41.09759952380953
2018-07-03 13:15:00,66.17,58.161073591269854
2018-07-03 13:30:00,55.48,57.990610952380955
2018-07-03 13:45:00,57.35,70.87511055555558
2018-07-03 14:00:00,48.74,60.23633777777778
2018-07-03 14:15:00,52.78,56.72400551587306
2018-07-03 14:30:00,71.32,56.09737327380949
2018-07-03 14:45:00,53.82,59.08724224206353
2018-07-03 15:00:00,67.0,63.69374182720054
2018-07-03 15:15:00,56.74,56.340472023809504
2018-07-03 15:30:00,78.34,60.775192252886
2018-07-03 15:45:00,105.66,60.19687589285712
2018-07-03 16:00:00,64.37,69.29004789682543
2018-07-03 16:15:00,66.74,90.57843486111113
2018-07-03 16:30:00,95.54,73.99919458333333
2018-07-03 16:45:00,113.26,71.80375208333331
2018-07-03 17:00:00,72.47,83.1470898809524
2018-07-03 17:15:00,73.48,92.180404981685
2018-07-03 17:30:00,43.7,44.31594226190474
2018-07-03 17:45:00,31.43,42.87283083333334
2018-07-03 18:00:00,42.05,36.63712696428573
2018-07-03 18:15:00,70.2,49.417920611471885
2018-07-03 18:30:00,57.53,49.10150793290043
2018-07-03 18:45:00,71.21,67.70275164682538
2018-07-03 19:00:00,81.07,54.428183571428555
2018-07-03 19:15:00,103.36,66.50459180555555
2018-07-03 19:30:00,90.83,75.82501109126983
2018-07-03 19:45:00,109.73,81.21663748015877
2018-07-03 20:00:00,106.56,84.12210924603173
2018-07-03 20:15:00,76.1,85.17145404761906
2018-07-03 20:30:00,92.38,92.1166426785714
2018-07-03 20:45:00,77.04,47.463681230158734
2018-07-03 21:00:00,27.11,36.83516115079364
2018-07-03 21:15:00,27.79,32.79977570165944
2018-07-03 21:30:00,14.33,5.671643095238092
2018-07-03 21:45:00,4.18,8.002426567460315
2018-07-03 22:00:00,3.85,5.547050496031741
2018-07-03 22:15:00,3.53,3.980434940476191
2018-07-03 22:30:00,3.56,3.6913322619047633
2018-07-03 22:45:00,3.6,3.5772427380952343
2018-07-03 23:00:00,3.46,3.602831011904761
2018-07-03 23:15:00,3.46,3.6408597023809484
2018-07-03 23:30:00,3.49,3.714719722222221
2018-07-03 23:45:00,3.56,3.4857792857142833
2018-07-04 00:00:00,3.2,3.4735923917748925
2018-07-04 00:15:00,2.81,3.299539475108223
2018-07-04 00:30:00,3.24,3.19504767857143
2018-07-04 00:45:00,3.42,2.960338809523809
2018-07-04 01:00:00,2.95,3.1583891071428565
2018-07-04 01:15:00,2.84,3.0247784798534787
2018-07-04 01:30:00,2.84,3.03919630952381
2018-07-04 01:45:00,2.81,2.9822009920634915
2018-07-04 02:00:00,2.81,2.9403725324675327
2018-07-04 02:15:00,2.88,2.8267190476190462
2018-07-04 02:30:00,2.92,2.8421317857142823
2018-07-04 02:45:00,2.84,2.936032559523806
2018-07-04 03:00:00,2.81,2.9479863690476167
2018-07-04 03:15:00,2.84,2.9432249404761883
2018-07-04 03:30:00,2.84,2.935219583333333
2018-07-04 03:45:00,2.92,2.963910119047619
2018-07-04 04:00:00,2.81,3.020317321428572
2018-07-04 04:15:00,3.06,3.0731895634920647
2018-07-04 04:30:00,3.42,2.930726488095237
2018-07-04 04:45:00,2.99,2.954133869047618
2018-07-04 05:00:00,2.81,2.9655913095238096
2018-07-04 05:15:00,2.84,2.995366607142857
2018-07-04 05:30:00,2.81,2.9069635714285704
2018-07-04 05:45:00,2.81,2.9850338888888905
2018-07-04 06:00:00,2.77,2.9303568849206347
2018-07-04 06:15:00,2.77,2.908463095238093
2018-07-04 06:30:00,3.31,2.9700511904761915
2018-07-04 06:45:00,3.42,2.9858201190476183
2018-07-04 07:00:00,3.02,2.988197142857142
2018-07-04 07:15:00,3.13,3.2365267261904758
2018-07-04 07:30:00,3.53,4.253145773809525
2018-07-04 07:45:00,6.7,5.836885903679652
2018-07-04 08:00:00,56.09,36.38843303571428
2018-07-04 08:15:00,87.37,77.11691978174605
2018-07-04 08:30:00,93.85,87.46704749999999
2018-07-04 08:45:00,68.8,92.2261905952381
2018-07-04 09:00:00,118.98,87.59276275793648
2018-07-04 09:15:00,98.57,83.07877440476193
2018-07-04 09:30:00,116.06,87.63720553571433
2018-07-04 09:45:00,88.6,94.25584547619047
2018-07-04 10:00:00,86.62,92.43987585317461
2018-07-04 10:15:00,111.38,90.62703392857149
2018-07-04 10:30:00,90.36,89.29620857142854
2018-07-04 10:45:00,105.05,91.77449700396825
2018-07-04 11:00:00,91.4,90.85850845238096
2018-07-04 11:15:00,108.22,79.34173192460317
2018-07-04 11:30:00,67.07,89.94012811507935
2018-07-04 11:45:00,42.34,94.9098840277778
2018-07-04 12:00:00,8.1,16.725540992063497
2018-07-04 12:15:00,4.5,5.69994047619048
2018-07-04 12:30:00,5.26,5.5880926190476155
2018-07-04 12:45:00,4.57,4.9302487500000005
2018-07-04 13:00:00,24.26,57.13767309523807
2018-07-04 13:15:00,40.14,69.2566605753968
2018-07-04 13:30:00,38.63,63.88020228174598
2018-07-04 13:45:00,34.99,46.11771527777779
2018-07-04 14:00:00,35.93,42.274399126984136
2018-07-04 14:15:00,43.31,37.900947182539696
2018-07-04 14:30:00,35.78,40.5575562698413
2018-07-04 14:45:00,36.4,45.81457035714286
2018-07-04 15:00:00,40.21,40.790203214285725
2018-07-04 15:15:00,40.86,41.53089148809526
2018-07-04 15:30:00,39.28,42.535849920634945
2018-07-04 15:45:00,48.06,43.10530448953823
2018-07-04 16:00:00,53.17,43.8463649404762
2018-07-04 16:15:00,44.06,51.86150787698414
2018-07-04 16:30:00,42.23,58.878380753968315
2018-07-04 16:45:00,46.26,43.17405464285717
2018-07-04 17:00:00,47.48,49.03105897186145
2018-07-04 17:15:00,41.36,45.70340857142858
2018-07-04 17:30:00,35.42,43.154808988095226
2018-07-04 17:45:00,36.68,35.676603333333325
2018-07-04 18:00:00,50.87,40.83472386724386
2018-07-04 18:15:00,47.7,42.47708047438673
2018-07-04 18:30:00,44.21,47.037173690476195
2018-07-04 18:45:00,50.9,49.01865823412698
2018-07-04 19:00:00,45.72,38.19294398809522
2018-07-04 19:15:00,43.13,49.86596071428569
2018-07-04 19:30:00,35.96,43.83293238095237
2018-07-04 19:45:00,34.38,37.311855238095234
2018-07-04 20:00:00,53.32,41.370440952380996
2018-07-04 20:15:00,45.22,40.568006486291495
2018-07-04 20:30:00,53.21,49.484997043650786
2018-07-04 20:45:00,34.31,45.74886603174605
2018-07-04 21:00:00,37.33,18.885501825396826
2018-07-04 21:15:00,56.05,18.090378730158726
2018-07-04 21:30:00,37.26,15.260789870129882
2018-07-04 21:45:00,4.5,22.86160291666667
2018-07-04 22:00:00,4.72,15.624565476190487
2018-07-04 22:15:00,3.89,4.329370059523813
2018-07-04 22:30:00,3.71,4.207435178571431
2018-07-04 22:45:00,3.64,3.722652142857143
2018-07-04 23:00:00,3.6,3.521529503968253
2018-07-04 23:15:00,3.53,3.5413834523809515
2018-07-04 23:30:00,3.53,3.524678111471861
2018-07-04 23:45:00,3.67,3.44639852813853
2018-07-05 00:00:00,3.56,3.4415083928571426
2018-07-05 00:15:00,3.53,3.600901789321789
2018-07-05 00:30:00,3.1,3.537746567460317
2018-07-05 00:45:00,3.02,3.5172409722222198
2018-07-05 01:00:00,3.02,3.1810883928571427
2018-07-05 01:15:00,3.13,3.1272261904761907
2018-07-05 01:30:00,3.56,3.1307375000000004
2018-07-05 01:45:00,3.06,3.216118690476191
2018-07-05 02:00:00,3.02,3.1309744642857145
2018-07-05 02:15:00,3.06,3.1817608928571417
2018-07-05 02:30:00,3.06,3.103149880952379
2018-07-05 02:45:00,3.06,3.0980077380952378
2018-07-05 03:00:00,3.13,3.1483375595238083
2018-07-05 03:15:00,3.06,3.2397555952380945
2018-07-05 03:30:00,3.06,3.2335926587301613
2018-07-05 03:45:00,3.06,3.195285714285715
2018-07-05 04:00:00,3.1,3.2495104761904776
2018-07-05 04:15:00,3.02,3.28364130952381
2018-07-05 04:30:00,3.1,3.2550539285714315
2018-07-05 04:45:00,3.1,3.1692094642857143
2018-07-05 05:00:00,3.06,3.197661309523807
2018-07-05 05:15:00,3.56,3.232904166666665
2018-07-05 05:30:00,3.24,3.3096973809523798
2018-07-05 05:45:00,3.1,3.078843154761904
2018-07-05 06:00:00,3.2,3.156051488095236
2018-07-05 06:15:00,3.64,3.207199999999999
2018-07-05 06:30:00,3.17,3.1586988690476177
2018-07-05 06:45:00,2.99,3.177445297619047
2018-07-05 07:00:00,3.06,3.144165238095236
2018-07-05 07:15:00,3.53,3.409333928571426
2018-07-05 07:30:00,4.03,3.968621031746031
2018-07-05 07:45:00,4.82,4.983165476190479
2018-07-05 08:00:00,38.41,42.62469515873015
2018-07-05 08:15:00,71.14,55.865451547619024
2018-07-05 08:30:00,117.32,59.57758093253965
2018-07-05 08:45:00,121.68,80.71254035714293
2018-07-05 09:00:00,84.2,96.1848213293651
2018-07-05 09:15:00,98.17,101.34737904761909
2018-07-05 09:30:00,74.52,87.96719674603177
2018-07-05 09:45:00,85.97,87.17977160714285
2018-07-05 10:00:00,106.96,87.17118734126986
2018-07-05 10:15:00,83.7,85.5411911904762
2018-07-05 10:30:00,66.28,92.74214916666668
2018-07-05 10:45:00,75.89,80.11877980158734
2018-07-05 11:00:00,74.88,82.66751037698415
2018-07-05 11:15:00,101.7,73.58550998015868
2018-07-05 11:30:00,107.75,72.14063041666664
2018-07-05 11:45:00,82.73,90.46459017857136
2018-07-05 12:00:00,8.42,16.897781388888884
2018-07-05 12:15:00,5.9,5.353659648268398
2018-07-05 12:30:00,5.0,5.560387559523811
2018-07-05 12:45:00,4.86,5.819889603174606
2018-07-05 13:00:00,59.62,70.2968777976191
2018-07-05 13:15:00,64.76,89.3266186507937
2018-07-05 13:30:00,50.94,89.44704202380956
2018-07-05 13:45:00,56.92,65.92718164682536
2018-07-05 14:00:00,55.48,62.203225059523746
2018-07-05 14:15:00,61.02,59.26288446428567
2018-07-05 14:30:00,65.52,56.27534240079367
2018-07-05 14:45:00,47.59,56.20742134920636
2018-07-05 15:00:00,81.04,65.10569827380951
2018-07-05 15:15:00,105.12,57.53038924603175
2018-07-05 15:30:00,82.19,69.16180837301589
2018-07-05 15:45:00,74.23,88.99448383089137
2018-07-05 16:00:00,58.68,79.35143996031748
2018-07-05 16:15:00,53.46,74.82245547619051
2018-07-05 16:30:00,51.48,64.19011970238095
2018-07-05 16:45:00,64.04,63.244483492063495
2018-07-05 17:00:00,59.04,63.78726434523807
2018-07-05 17:15:00,55.19,60.00958625000002
2018-07-05 17:30:00,30.74,45.7146926984127
2018-07-05 17:45:00,32.47,39.87210192460319
2018-07-05 18:00:00,41.0,42.79367257936507
2018-07-05 18:15:00,62.42,47.37360703823956
2018-07-05 18:30:00,57.6,49.78114686507937
2018-07-05 18:45:00,57.46,61.39869958333335
2018-07-05 19:00:00,55.51,58.44130680555558
2018-07-05 19:15:00,57.85,55.70895664682534
2018-07-05 19:30:00,47.74,56.938403670634926
2018-07-05 19:45:00,49.61,58.318639503968235
2018-07-05 20:00:00,65.23,54.20750992063494
2018-07-05 20:15:00,109.87,56.64944823412699
2018-07-05 20:30:00,106.74,56.51191079365078
2018-07-05 20:45:00,33.77,49.14085849206347
2018-07-05 21:00:00,4.72,64.8029954761904
2018-07-05 21:15:00,4.28,47.035442370129914
2018-07-05 21:30:00,4.07,23.709751369047623
2018-07-05 21:45:00,4.0,4.130739543650789
2018-07-05 22:00:00,3.85,3.996972543290042
2018-07-05 22:15:00,3.74,3.8572883928571464
2018-07-05 22:30:00,4.64,3.8318083134920635
2018-07-05 22:45:00,4.57,3.76998910714286
2018-07-05 23:00:00,3.64,3.66068071428571
2018-07-05 23:15:00,3.6,3.6473901190476155
2018-07-05 23:30:00,3.64,3.551692876984126
2018-07-05 23:45:00,3.67,3.7924294047619025
2018-07-06 00:00:00,3.64,3.612003690476192
2018-07-06 00:15:00,3.28,3.5809863095238086
2018-07-06 00:30:00,3.17,3.711787539682537
2018-07-06 00:45:00,3.13,3.3686376388888872
2018-07-06 01:00:00,3.17,3.1753028571428574
2018-07-06 01:15:00,3.13,3.1722716666666644
2018-07-06 01:30:00,3.1,3.1930446428571435
2018-07-06 01:45:00,3.17,3.314359166666668
2018-07-06 02:00:00,3.24,3.321950654761906
2018-07-06 02:15:00,3.2,3.2427290674603175
2018-07-06 02:30:00,3.24,3.237211017316018
2018-07-06 02:45:00,3.2,3.2853370238095234
2018-07-06 03:00:00,3.17,3.4765391666666647
2018-07-06 03:15:00,3.2,3.23182470238095
2018-07-06 03:30:00,3.2,3.2510072619047623
2018-07-06 03:45:00,3.17,3.271760476190476
2018-07-06 04:00:00,3.31,3.2920396428571435
2018-07-06 04:15:00,3.6,3.3372631746031765
2018-07-06 04:30:00,3.53,3.292539002525251
2018-07-06 04:45:00,3.89,3.213774702380952
2018-07-06 05:00:00,3.31,3.2081366666666655
2018-07-06 05:15:00,3.24,3.3076147619047624
2018-07-06 05:30:00,3.28,3.245845773809523
2018-07-06 05:45:00,3.24,3.26537607142857
2018-07-06 06:00:00,3.2,3.28422976190476
2018-07-06 06:15:00,3.24,3.30512984126984
2018-07-06 06:30:00,3.2,3.3053163095238087
2018-07-06 06:45:00,3.24,3.2515795238095238
2018-07-06 07:00:00,3.24,3.310631845238096
2018-07-06 07:15:00,3.6,3.592355039682539
2018-07-06 07:30:00,3.53,4.5442299404761926
2018-07-06 07:45:00,3.85,4.706424761904763
2018-07-06 08:00:00,58.0,46.16316303571425
2018-07-06 08:15:00,112.32,66.85993833333332
2018-07-06 08:30:00,115.52,83.71132847222216
2018-07-06 08:45:00,112.72,94.41596119047617
2018-07-06 09:00:00,86.4,96.3506060119048
2018-07-06 09:15:00,106.52,98.51471458333337
2018-07-06 09:30:00,105.37,94.84844926587306
2018-07-06 09:45:00,78.12,82.84965196428571
2018-07-06 10:00:00,108.94,96.32768585317459
2018-07-06 10:15:00,88.67,81.49881666666671
2018-07-06 10:30:00,96.7,83.3133171031746
2018-07-06 10:45:00,118.91,90.10335065476191
2018-07-06 11:00:00,76.9,85.92074406746033
2018-07-06 11:15:00,110.84,96.24196555555554
2018-07-06 11:30:00,97.56,79.0262797619048
2018-07-06 11:45:00,99.32,93.7684700595238
2018-07-06 12:00:00,7.16,15.679276785714281
2018-07-06 12:15:00,5.72,5.484462797619045
2018-07-06 12:30:00,5.15,5.911020555555552
2018-07-06 12:45:00,4.9,5.523009603174607
2018-07-06 13:00:00,48.24,67.90683978174604
2018-07-06 13:15:00,54.94,87.79512125000001
2018-07-06 13:30:00,84.71,79.73888083333333
2018-07-06 13:45:00,96.98,59.656010833333376
2018-07-06 14:00:00,89.35,85.3201004761904
2018-07-06 14:15:00,115.13,87.53991600468977
2018-07-06 14:30:00,93.24,83.75865345238097
2018-07-06 14:45:00,112.72,91.90149466269841
2018-07-06 15:00:00,94.61,93.45600892857145
2018-07-06 15:15:00,78.88,90.64101732142865
2018-07-06 15:30:00,111.24,93.51901167388165
2018-07-06 15:45:00,81.11,95.6779529960318
2018-07-06 16:00:00,107.93,92.09867136904762
2018-07-06 16:15:00,99.43,89.16395829365078
2018-07-06 16:30:00,104.87,84.15646698412696
2018-07-06 16:45:00,102.89,94.90749980158728
2018-07-06 17:00:00,61.16,92.56774666666662
2018-07-06 17:15:00,69.62,96.11496214285708
2018-07-06 17:30:00,32.54,51.47547083333335
2018-07-06 17:45:00,32.98,45.14129244047621
2018-07-06 18:00:00,60.44,60.232269166666676
2018-07-06 18:15:00,112.03,66.85969708333336
2018-07-06 18:30:00,90.36,71.39987875
2018-07-06 18:45:00,103.32,95.98876892857139
2018-07-06 19:00:00,104.83,89.62812140873015
2018-07-06 19:15:00,88.02,82.9745882142857
2018-07-06 19:30:00,116.21,91.04388255952377
2018-07-06 19:45:00,117.0,95.95741583333336
2018-07-06 20:00:00,89.35,90.59469946428571
2018-07-06 20:15:00,115.34,95.25844990079361
2018-07-06 20:30:00,87.66,93.86818666666659
2018-07-06 20:45:00,34.56,58.790304112554075
2018-07-06 21:00:00,12.24,14.368679523809524
2018-07-06 21:15:00,4.1,17.299583988095225
2018-07-06 21:30:00,4.07,4.529086726190474
2018-07-06 21:45:00,4.0,4.1308211309523815
2018-07-06 22:00:00,3.92,4.042089404761903
2018-07-06 22:15:00,3.78,3.7933785119047574
2018-07-06 22:30:00,3.67,3.9251363888888875
2018-07-06 22:45:00,3.67,3.878522976190478
2018-07-06 23:00:00,3.64,3.7920816666666672
2018-07-06 23:15:00,3.6,3.7565489285714295
2018-07-06 23:30:00,3.6,3.7409780952380967
2018-07-06 23:45:00,3.1,3.5467138690476183
2018-07-07 00:00:00,3.49,3.6811176785714297
2018-07-07 00:15:00,3.06,3.40101357142857
2018-07-07 00:30:00,3.1,3.315336428571428
2018-07-07 00:45:00,3.13,3.1177978571428553
2018-07-07 01:00:00,3.1,3.182034821428571
2018-07-07 01:15:00,3.35,3.193248678266178
2018-07-07 01:30:00,3.74,3.2409566666666643
2018-07-07 01:45:00,3.35,3.2278564880952376
2018-07-07 02:00:00,3.13,3.1901505952380957
2018-07-07 02:15:00,3.13,3.19296244047619
2018-07-07 02:30:00,3.17,3.2248607936507923
2018-07-07 02:45:00,3.2,3.1708899603174587
2018-07-07 03:00:00,3.13,3.188799166666668
2018-07-07 03:15:00,3.13,3.291499642857143
2018-07-07 03:30:00,3.13,3.2798176190476163
2018-07-07 03:45:00,3.17,3.219876904761904
2018-07-07 04:00:00,3.2,3.2746536904761876
2018-07-07 04:15:00,3.53,3.323108235930736
2018-07-07 04:30:00,3.49,3.315142976190476
2018-07-07 04:45:00,3.13,3.2662413690476204
2018-07-07 05:00:00,3.1,3.2156945238095243
2018-07-07 05:15:00,3.17,3.194029404761904
2018-07-07 05:30:00,3.2,3.241585992063491
2018-07-07 05:45:00,3.13,3.225527738095238
2018-07-07 06:00:00,3.1,3.314817261904764
2018-07-07 06:15:00,3.13,3.37991351190476
2018-07-07 06:30:00,2.99,3.3723445833333296
2018-07-07 06:45:00,2.92,3.4236770382395347
2018-07-07 07:00:00,3.02,3.1147723015873003
2018-07-07 07:15:00,3.85,3.1913583928571416
2018-07-07 07:30:00,3.49,3.2755267857142876
2018-07-07 07:45:00,3.24,4.132560535714285
2018-07-07 08:00:00,39.53,47.47139541666667
2018-07-07 08:15:00,110.27,52.63703785714286
2018-07-07 08:30:00,100.33,65.78691440476189
2018-07-07 08:45:00,43.24,94.19334279761902
2018-07-07 09:00:00,62.5,90.4026000595238
2018-07-07 09:15:00,54.9,56.77298109126985
2018-07-07 09:30:00,55.62,69.62857051587301
2018-07-07 09:45:00,59.76,66.52354000000005
2018-07-07 10:00:00,49.18,70.87586077380955
2018-07-07 10:15:00,42.7,60.797279623015875
2018-07-07 10:30:00,45.61,57.79448615079365
2018-07-07 10:45:00,40.57,41.76087785714282
2018-07-07 11:00:00,59.44,57.501573869047604
2018-07-07 11:15:00,59.8,47.29809065476192
2018-07-07 11:30:00,80.78,62.3286675
2018-07-07 11:45:00,101.81,59.94050265873012
2018-07-07 12:00:00,21.56,9.249085283189027
2018-07-07 12:15:00,6.26,6.227570059523803
2018-07-07 12:30:00,5.69,5.6220277579365066
2018-07-07 12:45:00,5.18,5.521716646825399
2018-07-07 13:00:00,23.15,33.640375416666664
2018-07-07 13:15:00,79.78,44.69445684523807
2018-07-07 13:30:00,105.23,53.15519466269837
2018-07-07 13:45:00,106.16,68.38520589285712
2018-07-07 14:00:00,72.07,95.93825529761907
2018-07-07 14:15:00,94.25,94.64254547619049
2018-07-07 14:30:00,94.18,85.43398462301589
2018-07-07 14:45:00,96.01,82.65909537698413
2018-07-07 15:00:00,98.1,85.5362238528139
2018-07-07 15:15:00,78.01,88.04528926587298
2018-07-07 15:30:00,98.71,92.00110494047627
2018-07-07 15:45:00,109.98,88.07135265873013
2018-07-07 16:00:00,90.9,86.84917559523812
2018-07-07 16:15:00,107.21,93.00328748015869
2018-07-07 16:30:00,89.39,83.19430543650796
2018-07-07 16:45:00,6.3,88.65017458333335
2018-07-07 17:00:00,4.07,95.10781277777774
2018-07-07 17:15:00,3.64,24.4918444047619
2018-07-07 17:30:00,3.67,4.10132478174603
2018-07-07 17:45:00,3.71,3.7751319047619063
2018-07-07 18:00:00,3.56,3.6811332142857127
2018-07-07 18:15:00,3.46,3.932860833333332
2018-07-07 18:30:00,3.49,3.907963452380951
2018-07-07 18:45:00,3.6,3.7270706150793655
2018-07-07 19:00:00,4.39,3.7521609126984132
2018-07-07 19:15:00,4.21,3.821367797619048
2018-07-07 19:30:00,3.67,3.5987363492063493
2018-07-07 19:45:00,3.46,3.9385186904761906
2018-07-07 20:00:00,3.02,3.9119236507936477
2018-07-07 20:15:00,3.06,3.7110180555555536
2018-07-07 20:30:00,3.06,3.3784026190476184
2018-07-07 20:45:00,3.02,3.241748095238097
2018-07-07 21:00:00,3.1,3.1387828571428567
2018-07-07 21:15:00,3.06,3.1114779761904754
2018-07-07 21:30:00,3.06,3.105828273809524
2018-07-07 21:45:00,3.06,3.100765079365078
2018-07-07 22:00:00,3.02,3.1521430555555536
2018-07-07 22:15:00,2.84,3.183524246031745
2018-07-07 22:30:00,2.95,3.077908571428571
2018-07-07 22:45:00,2.77,2.9638511038961006
2018-07-07 23:00:00,2.77,3.0027196428571408
2018-07-07 23:15:00,2.74,2.9008194047619047
2018-07-07 23:30:00,3.28,2.8878495725108233
2018-07-07 23:45:00,2.7,2.8803611904761897
2018-07-08 00:00:00,3.35,2.9931751190476192
2018-07-08 00:15:00,2.74,2.857356071428571
2018-07-08 00:30:00,2.81,2.9609335119047633
2018-07-08 00:45:00,2.81,2.860621547619047
2018-07-08 01:00:00,2.81,2.8355140476190464
2018-07-08 01:15:00,2.81,2.8509205952380965
2018-07-08 01:30:00,2.81,2.893238928571427
2018-07-08 01:45:00,2.84,2.883778333333333
2018-07-08 02:00:00,2.81,2.9562417857142846
2018-07-08 02:15:00,2.81,3.035558095238094
2018-07-08 02:30:00,2.81,2.9357083333333325
2018-07-08 02:45:00,2.84,2.9532864285714266
2018-07-08 03:00:00,3.24,2.9142104166666654
2018-07-08 03:15:00,2.99,2.9577530357142843
2018-07-08 03:30:00,2.84,2.883117023809524
2018-07-08 03:45:00,2.84,3.0170461309523806
2018-07-08 04:00:00,2.81,2.9106978571428552
2018-07-08 04:15:00,2.84,3.0712954365079344
2018-07-08 04:30:00,3.42,2.865217619047617
2018-07-08 04:45:00,3.13,2.9679674999999976
2018-07-08 05:00:00,2.77,2.9264330952380955
2018-07-08 05:15:00,2.81,2.8910580158730155
2018-07-08 05:30:00,2.77,2.8847727976190463
2018-07-08 05:45:00,2.77,2.900276488095238
2018-07-08 06:00:00,2.84,2.9414148015873023
2018-07-08 06:15:00,3.38,2.9348498214285716
2018-07-08 06:30:00,2.81,2.9182877380952372
2018-07-08 06:45:00,2.81,2.9348555158730165
2018-07-08 07:00:00,2.74,2.9359419642857136
2018-07-08 07:15:00,2.81,3.1654227182539647
2018-07-08 07:30:00,2.95,3.124427040043289
2018-07-08 07:45:00,18.76,3.1456816865079373
2018-07-08 08:00:00,54.58,14.461579880952382
2018-07-08 08:15:00,105.91,40.11581869047618
2018-07-08 08:30:00,112.36,68.99866226190476
2018-07-08 08:45:00,86.51,93.52241761904764
2018-07-08 09:00:00,99.94,96.81488392857138
2018-07-08 09:15:00,104.69,90.61590488095237
2018-07-08 09:30:00,96.8,86.1014194642857
2018-07-08 09:45:00,92.52,98.3550635912698
2018-07-08 10:00:00,64.44,96.40998146825397
2018-07-08 10:15:00,79.78,96.96289168650797
2018-07-08 10:30:00,116.78,65.98628424603174
2018-07-08 10:45:00,90.04,69.92651154761904
2018-07-08 11:00:00,110.2,97.51142150793643
2018-07-08 11:15:00,98.96,88.95358690476186
2018-07-08 11:30:00,78.26,93.65885178571426
2018-07-08 11:45:00,49.79,92.98124986111108
2018-07-08 12:00:00,4.07,16.966744642857133
2018-07-08 12:15:00,4.03,6.9374157936508025
2018-07-08 12:30:00,3.96,5.168437261904764
2018-07-08 12:45:00,4.0,6.723234444444444
2018-07-08 13:00:00,53.21,48.632145634920654
2018-07-08 13:15:00,90.4,75.75633559523813
2018-07-08 13:30:00,51.55,63.45321541666669
2018-07-08 13:45:00,48.46,71.7403680952381
2018-07-08 14:00:00,56.7,55.1115203571429
2018-07-08 14:15:00,62.75,58.17359988095241
2018-07-08 14:30:00,59.98,55.892504166666725
2018-07-08 14:45:00,53.14,59.09677886904762
2018-07-08 15:00:00,43.42,54.70176628968257
2018-07-08 15:15:00,45.97,50.91778773809523
2018-07-08 15:30:00,44.14,46.51953351190474
2018-07-08 15:45:00,48.35,52.435274285714264
2018-07-08 16:00:00,51.08,36.72985398809524
2018-07-08 16:15:00,44.1,50.31895585317457
2018-07-08 16:30:00,44.17,49.41054916666664
2018-07-08 16:45:00,5.87,22.670605793650797
2018-07-08 17:00:00,3.96,20.25696579365078
2018-07-08 17:15:00,3.82,5.580388571428569
2018-07-08 17:30:00,3.78,3.9186658730158723
2018-07-08 17:45:00,3.74,3.749034603174603
2018-07-08 18:00:00,3.56,3.53587704365079
2018-07-08 18:15:00,3.38,3.606505714285711
2018-07-08 18:30:00,3.49,3.654967813852812
2018-07-08 18:45:00,3.89,3.616295555555554
2018-07-08 19:00:00,4.61,3.6406841919191897
2018-07-08 19:15:00,3.49,3.6738060912698427
2018-07-08 19:30:00,3.56,3.622699325396823
2018-07-08 19:45:00,3.64,3.4792449603174602
2018-07-08 20:00:00,3.56,3.5869350793650794
2018-07-08 20:15:00,3.31,3.6104314880952364
2018-07-08 20:30:00,2.92,3.4068763690476205
2018-07-08 20:45:00,2.95,3.3011996428571435
2018-07-08 21:00:00,2.95,2.9798448809523785
2018-07-08 21:15:00,2.95,2.994199444444442
2018-07-08 21:30:00,2.99,2.9827875793650778
2018-07-08 21:45:00,2.95,2.9992949007936516
2018-07-08 22:00:00,2.84,3.05486767857143
2018-07-08 22:15:00,2.7,3.0907471825396815
2018-07-08 22:30:00,2.74,2.9711322619047618
2018-07-08 22:45:00,2.7,2.882615595238095
2018-07-08 23:00:00,2.74,2.8422320238095216
2018-07-08 23:15:00,3.28,2.824812023809523
2018-07-08 23:30:00,2.92,2.8297750595238087
2018-07-08 23:45:00,3.31,2.9487651190476187
2018-07-09 00:00:00,2.66,3.12886130952381
2018-07-09 00:15:00,3.17,2.9356915476190477
2018-07-09 00:30:00,3.02,2.810733928571427
2018-07-09 00:45:00,2.77,3.044392142857142
2018-07-09 01:00:00,2.74,3.027872045454545
2018-07-09 01:15:00,2.74,2.892168452380953
2018-07-09 01:30:00,2.77,2.84550988095238
2018-07-09 01:45:00,2.7,2.853139390331888
2018-07-09 02:00:00,2.77,2.849933690476188
2018-07-09 02:15:00,2.74,2.8134260714285695
2018-07-09 02:30:00,2.74,2.823460059523808
2018-07-09 02:45:00,2.77,2.844272718253967
2018-07-09 03:00:00,2.74,2.84375145021645
2018-07-09 03:15:00,2.77,2.8131143073593057
2018-07-09 03:30:00,2.81,2.887594980158728
2018-07-09 03:45:00,2.74,2.880706309523806
2018-07-09 04:00:00,3.24,2.99241220238095
2018-07-09 04:15:00,3.02,2.8535362499999994
2018-07-09 04:30:00,2.99,2.861723273809523
2018-07-09 04:45:00,3.13,2.8926210119047626
2018-07-09 05:00:00,2.7,2.9344001984126966
2018-07-09 05:15:00,2.7,2.893876964285716
2018-07-09 05:30:00,2.7,2.7941084126984133
2018-07-09 05:45:00,2.7,2.780077857142856
2018-07-09 06:00:00,2.7,2.847786666666667
2018-07-09 06:15:00,2.66,2.8080541287878815
2018-07-09 06:30:00,2.66,2.8384422817460346
2018-07-09 06:45:00,2.66,2.821894484126984
2018-07-09 07:00:00,2.74,2.734335000000001
2018-07-09 07:15:00,2.99,3.0662482738095242
2018-07-09 07:30:00,3.42,4.177624642857143
2018-07-09 07:45:00,4.72,4.661807619047622
2018-07-09 08:00:00,17.39,28.90270025793649
2018-07-09 08:15:00,53.6,47.87024082792207
2018-07-09 08:30:00,57.71,51.10665829365076
2018-07-09 08:45:00,60.95,61.725143690476195
2018-07-09 09:00:00,50.98,55.46883208333336
2018-07-09 09:15:00,50.62,57.55363714285714
2018-07-09 09:30:00,53.39,61.209512996031755
2018-07-09 09:45:00,59.8,61.09783952380949
2018-07-09 10:00:00,69.23,56.925851569264076
2018-07-09 10:15:00,53.42,56.681982996031735
2018-07-09 10:30:00,56.3,62.87767416666666
2018-07-09 10:45:00,48.42,59.25492374999996
2018-07-09 11:00:00,55.69,62.056253452380936
2018-07-09 11:15:00,69.62,60.19637751984124
2018-07-09 11:30:00,50.69,59.74841126984127
2018-07-09 11:45:00,53.06,57.46575147186149
2018-07-09 12:00:00,16.16,7.654974460678209
2018-07-09 12:15:00,6.34,5.1215166865079365
2018-07-09 12:30:00,5.44,5.567511634199136
2018-07-09 12:45:00,6.12,6.1368663095238105
2018-07-09 13:00:00,34.52,40.571657499999986
2018-07-09 13:15:00,49.57,55.50951402777776
2018-07-09 13:30:00,46.66,58.26950908730156
2018-07-09 13:45:00,48.49,58.425036071428515
2018-07-09 14:00:00,50.47,53.29115515873014
2018-07-09 14:15:00,48.64,57.64236773809522
2018-07-09 14:30:00,52.92,63.50074202380952
2018-07-09 14:45:00,52.02,56.62606946428572
2018-07-09 15:00:00,50.0,60.896480714285666
2018-07-09 15:15:00,47.45,61.41521464285715
2018-07-09 15:30:00,52.52,57.638215654761886
2018-07-09 15:45:00,66.24,56.977537553418806
2018-07-09 16:00:00,58.54,61.772434226190484
2018-07-09 16:15:00,54.25,62.238233832972575
2018-07-09 16:30:00,59.11,57.38528982142857
2018-07-09 16:45:00,67.43,58.30693565476191
2018-07-09 17:00:00,57.24,58.018666666666675
2018-07-09 17:15:00,57.64,61.136401388888906
2018-07-09 17:30:00,28.04,41.49306630952381
2018-07-09 17:45:00,27.72,32.2022188095238
2018-07-09 18:00:00,32.87,24.909851726190485
2018-07-09 18:15:00,42.66,38.27653440476192
2018-07-09 18:30:00,45.25,44.891822272727275
2018-07-09 18:45:00,48.82,43.26873773809523
2018-07-09 19:00:00,48.38,42.70325285714291
2018-07-09 19:15:00,61.2,46.46410496031744
2018-07-09 19:30:00,58.82,45.43312611111112
2018-07-09 19:45:00,48.1,52.35603601190477
2018-07-09 20:00:00,47.02,51.18996589285715
2018-07-09 20:15:00,42.05,51.78450658730158
2018-07-09 20:30:00,60.16,53.12803210317458
2018-07-09 20:45:00,38.45,23.56850984126985
2018-07-09 21:00:00,5.04,8.06115375
2018-07-09 21:15:00,3.92,5.759079761904766
2018-07-09 21:30:00,3.82,7.6273867857142825
2018-07-09 21:45:00,3.78,3.8582170039682535
2018-07-09 22:00:00,3.67,3.7534708730158726
2018-07-09 22:15:00,3.49,3.623356904761906
2018-07-09 22:30:00,3.46,3.6188121825396813
2018-07-09 22:45:00,3.46,3.5622198214285725
2018-07-09 23:00:00,3.35,3.5750052976190476
2018-07-09 23:15:00,3.35,3.5524944047619034
2018-07-09 23:30:00,3.31,3.4237836111111117
2018-07-09 23:45:00,3.24,3.363872242063493
2018-07-10 00:00:00,3.42,3.2547918452380973
2018-07-10 00:15:00,3.49,3.1506648214285735
2018-07-10 00:30:00,3.38,3.2122973809523803
2018-07-10 00:45:00,3.35,3.128493571428572
2018-07-10 01:00:00,2.99,3.2355146825396837
2018-07-10 01:15:00,2.84,3.268239682539683
2018-07-10 01:30:00,2.81,3.0464051785714275
2018-07-10 01:45:00,3.42,2.9296625324675314
2018-07-10 02:00:00,3.24,2.840986904761905
2018-07-10 02:15:00,2.92,2.9919646428571407
2018-07-10 02:30:00,2.88,2.945369047619045
2018-07-10 02:45:00,2.88,2.931347023809524
2018-07-10 03:00:00,2.84,2.942671547619047
2018-07-10 03:15:00,2.95,2.9498855952380953
2018-07-10 03:30:00,2.84,2.925842929292927
2018-07-10 03:45:00,2.84,3.0769304166666682
2018-07-10 04:00:00,2.88,2.966545654761905
2018-07-10 04:15:00,2.88,2.945394058441559
2018-07-10 04:30:00,2.95,2.9734988095238077
2018-07-10 04:45:00,2.99,2.9818041071428563
2018-07-10 05:00:00,3.31,3.0778326388888884
2018-07-10 05:15:00,2.84,3.0687290476190485
2018-07-10 05:30:00,2.84,2.9336209523809504
2018-07-10 05:45:00,2.81,2.927102321428571
2018-07-10 06:00:00,2.88,2.9911233333333325
2018-07-10 06:15:00,2.84,2.9146410119047594
2018-07-10 06:30:00,2.84,3.077821150793649
2018-07-10 06:45:00,2.88,3.0358989484126977
2018-07-10 07:00:00,2.95,3.054979523809523
2018-07-10 07:15:00,3.24,3.503077480158729
2018-07-10 07:30:00,3.67,3.710326825396826
2018-07-10 07:45:00,5.76,4.058003551587304
2018-07-10 08:00:00,39.56,32.09547626984126
2018-07-10 08:15:00,49.54,46.02447418650795
2018-07-10 08:30:00,53.6,60.237928234127
2018-07-10 08:45:00,70.13,57.64566541666665
2018-07-10 09:00:00,59.76,56.39093136904758
2018-07-10 09:15:00,71.93,63.54056976190479
2018-07-10 09:30:00,61.63,62.343065178571436
2018-07-10 09:45:00,55.73,64.20530988095236
2018-07-10 10:00:00,55.48,57.557531071428585
2018-07-10 10:15:00,54.97,60.52817462301589
2018-07-10 10:30:00,50.94,62.45180273809521
2018-07-10 10:45:00,67.86,60.41552261904765
2018-07-10 11:00:00,63.83,62.11597952380953
2018-07-10 11:15:00,71.86,59.9962946626984
2018-07-10 11:30:00,55.84,58.97820609126982
2018-07-10 11:45:00,50.65,70.11002825396828
2018-07-10 12:00:00,4.07,11.426866428571431
2018-07-10 12:15:00,4.0,6.017108095238094
2018-07-10 12:30:00,4.03,4.666048690476191
2018-07-10 12:45:00,4.25,4.621031785714285
2018-07-10 13:00:00,36.25,48.31885321428572
2018-07-10 13:15:00,64.8,57.57822337301586
2018-07-10 13:30:00,55.58,53.05947599206348
2018-07-10 13:45:00,52.2,66.91532168650794
2018-07-10 14:00:00,54.83,59.36769956349206
2018-07-10 14:15:00,64.08,60.26042970238097
2018-07-10 14:30:00,56.88,60.2830940873016
2018-07-10 14:45:00,47.7,59.25112365079365
2018-07-10 15:00:00,86.22,57.80051023809522
2018-07-10 15:15:00,113.29,57.46383001984128
2018-07-10 15:30:00,99.0,75.88028201118331
2018-07-10 15:45:00,118.91,91.6032720238095
2018-07-10 16:00:00,89.14,89.0048018452381
2018-07-10 16:15:00,92.74,93.82523527777775
2018-07-10 16:30:00,110.41,87.62488954365087
2018-07-10 16:45:00,95.11,90.57068261904762
2018-07-10 17:00:00,101.52,94.59239890873012
2018-07-10 17:15:00,82.8,94.43515363095234
2018-07-10 17:30:00,47.12,48.08768575396828
2018-07-10 17:45:00,29.02,40.6636587698413
2018-07-10 18:00:00,49.79,56.35499696428571
2018-07-10 18:15:00,79.56,47.06320880952378
2018-07-10 18:30:00,86.18,70.95038624999997
2018-07-10 18:45:00,108.58,84.04864795634927
2018-07-10 19:00:00,80.53,80.88041928571431
2018-07-10 19:15:00,49.68,94.56508873015868
2018-07-10 19:30:00,78.91,93.1969883730159
2018-07-10 19:45:00,74.59,75.43538920634921
2018-07-10 20:00:00,82.08,76.16316136904761
2018-07-10 20:15:00,44.75,74.8903689484127
2018-07-10 20:30:00,41.65,67.67090029761904
2018-07-10 20:45:00,28.33,57.022728273809506
2018-07-10 21:00:00,13.46,23.397645972222218
2018-07-10 21:15:00,3.67,12.106578392857148
2018-07-10 21:30:00,3.82,5.551249285714288
2018-07-10 21:45:00,3.64,3.905361190476191
2018-07-10 22:00:00,3.6,3.712734761904761
2018-07-10 22:15:00,3.38,3.607537718253966
2018-07-10 22:30:00,3.35,3.571743888888889
2018-07-10 22:45:00,3.31,3.5288747222222208
2018-07-10 23:00:00,3.31,3.4907424206349216
2018-07-10 23:15:00,3.28,3.392219206349207
2018-07-10 23:30:00,3.28,3.324730992063492
2018-07-10 23:45:00,3.06,3.295722896825397
2018-07-11 00:00:00,3.28,3.325196468253968
2018-07-11 00:15:00,3.38,3.2584076388888876
2018-07-11 00:30:00,3.31,3.3115419047619055
2018-07-11 00:45:00,3.46,3.235554047619047
2018-07-11 01:00:00,3.35,3.197620734126981
2018-07-11 01:15:00,2.77,3.1951483928571434
2018-07-11 01:30:00,2.74,3.1395628571428573
2018-07-11 01:45:00,2.77,2.858821904761903
2018-07-11 02:00:00,2.74,2.809477023809522
2018-07-11 02:15:00,2.74,2.7929887499999984
2018-07-11 02:30:00,2.81,2.7941930952380933
2018-07-11 02:45:00,2.77,2.791659107142856
2018-07-11 03:00:00,2.77,2.838516845238095
2018-07-11 03:15:00,2.84,2.8425997619047614
2018-07-11 03:30:00,2.77,2.8811410119047607
2018-07-11 03:45:00,2.77,2.990780158730157
2018-07-11 04:00:00,2.88,3.0013736111111093
2018-07-11 04:15:00,3.24,2.9883810119047616
2018-07-11 04:30:00,2.77,3.139840595238096
2018-07-11 04:45:00,2.81,2.940170476190478
2018-07-11 05:00:00,2.77,3.0337623611111093
2018-07-11 05:15:00,2.77,2.949862142857142
2018-07-11 05:30:00,2.77,2.926001726190475
2018-07-11 05:45:00,2.74,3.0143428769841263
2018-07-11 06:00:00,2.74,3.087699146825397
2018-07-11 06:15:00,2.99,2.9345844047619045
2018-07-11 06:30:00,3.35,2.9374971428571426
2018-07-11 06:45:00,2.84,2.941850833333335
2018-07-11 07:00:00,2.81,2.968014523809523
2018-07-11 07:15:00,2.92,3.6344825000000007
2018-07-11 07:30:00,3.13,4.804723750000002
2018-07-11 07:45:00,3.2,5.606563244949495
2018-07-11 08:00:00,18.14,36.69827444444446
2018-07-11 08:15:00,111.2,55.28794867063494
2018-07-11 08:30:00,76.54,52.24632140873016
2018-07-11 08:45:00,55.51,91.91244246031751
2018-07-11 09:00:00,62.14,79.79497496031745
2018-07-11 09:15:00,53.35,68.91100261904762
2018-07-11 09:30:00,64.48,65.53613650793653
2018-07-11 09:45:00,53.93,66.53687011904762
2018-07-11 10:00:00,60.88,64.60725847222224
2018-07-11 10:15:00,66.71,61.397003829365055
2018-07-11 10:30:00,56.84,66.2057036111111
2018-07-11 10:45:00,62.53,63.86237904761908
2018-07-11 11:00:00,60.8,63.23892321428573
2018-07-11 11:15:00,68.18,63.5872082738095
2018-07-11 11:30:00,60.98,63.949404680735924
2018-07-11 11:45:00,59.83,62.84964875000001
2018-07-11 12:00:00,7.27,10.376156329365074
2018-07-11 12:15:00,4.61,5.067131607142855
2018-07-11 12:30:00,4.64,5.565925436507936
2018-07-11 12:45:00,4.54,5.060094861111114
2018-07-11 13:00:00,42.88,38.75214505952378
2018-07-11 13:15:00,58.14,57.35237988095237
2018-07-11 13:30:00,63.32,62.68367690476187
2018-07-11 13:45:00,51.01,60.9233245833333
2018-07-11 14:00:00,45.72,62.51246172619045
2018-07-11 14:15:00,43.42,55.85469434523805
2018-07-11 14:30:00,47.63,48.97689710317462
2018-07-11 14:45:00,48.74,42.607898327922065
2018-07-11 15:00:00,39.71,53.44285851190473
2018-07-11 15:15:00,38.84,53.24849470238097
2018-07-11 15:30:00,38.92,43.56809416666669
2018-07-11 15:45:00,46.55,46.79873886904767
2018-07-11 16:00:00,49.46,41.80673101190476
2018-07-11 16:15:00,49.93,50.29582269841271
2018-07-11 16:30:00,49.28,53.62011351190481
2018-07-11 16:45:00,42.84,55.40878763888892
2018-07-11 17:00:00,43.34,51.17178442460317
2018-07-11 17:15:00,39.38,41.04215509920635
2018-07-11 17:30:00,33.08,38.62913279220779
2018-07-11 17:45:00,28.87,30.888345515873006
2018-07-11 18:00:00,29.88,39.417391915584425
2018-07-11 18:15:00,35.71,38.20317928571428
2018-07-11 18:30:00,43.92,39.076476428571446
2018-07-11 18:45:00,44.03,37.406544166666656
2018-07-11 19:00:00,46.48,42.36803450396827
2018-07-11 19:15:00,45.32,42.35690642857146
2018-07-11 19:30:00,38.02,44.426839464285734
2018-07-11 19:45:00,36.4,43.11364190476192
2018-07-11 20:00:00,38.34,42.80950458333332
2018-07-11 20:15:00,56.41,41.81216797619047
2018-07-11 20:30:00,27.97,38.59385547619049
2018-07-11 20:45:00,7.27,34.12571188492061
2018-07-11 21:00:00,5.4,13.565401527777777
2018-07-11 21:15:00,3.74,5.61847498015873
2018-07-11 21:30:00,3.78,4.568717023809523
2018-07-11 21:45:00,3.82,3.781521488095241
2018-07-11 22:00:00,3.64,3.760961249999998
2018-07-11 22:15:00,3.53,3.5645767460317472
2018-07-11 22:30:00,3.53,3.508501964285714
2018-07-11 22:45:00,3.42,3.5376276785714267
2018-07-11 23:00:00,2.88,3.553576249999998
2018-07-11 23:15:00,2.88,3.487146607142855
2018-07-11 23:30:00,2.92,3.051979404761905
2018-07-11 23:45:00,2.74,3.221672738095239
2018-07-12 00:00:00,3.49,3.0941000396825418
2018-07-12 00:15:00,2.99,3.057236091269843
2018-07-12 00:30:00,2.92,3.0049243452380963
2018-07-12 00:45:00,2.99,3.019902142857142
2018-07-12 01:00:00,2.99,3.020099285714285
2018-07-12 01:15:00,2.95,3.0978941269841296
2018-07-12 01:30:00,2.95,3.153183225108225
2018-07-12 01:45:00,2.95,3.156269761904761
2018-07-12 02:00:00,2.99,3.163050773809524
2018-07-12 02:15:00,3.02,3.11849380952381
2018-07-12 02:30:00,2.99,3.1529965476190496
2018-07-12 02:45:00,3.02,3.1145138690476175
2018-07-12 03:00:00,2.99,3.1723219642857163
2018-07-12 03:15:00,3.49,3.1580179978355
2018-07-12 03:30:00,3.13,3.1732327597402614
2018-07-12 03:45:00,3.06,3.127073928571428
2018-07-12 04:00:00,2.99,3.085622023809522
2018-07-12 04:15:00,2.92,3.0931301190476184
2018-07-12 04:30:00,2.92,3.0429774603174597
2018-07-12 04:45:00,3.28,3.004597380952382
2018-07-12 05:00:00,3.49,3.044050833333334
2018-07-12 05:15:00,2.99,3.0921015476190483
2018-07-12 05:30:00,2.92,2.997246547619046
2018-07-12 05:45:00,2.99,2.9801866865079374
2018-07-12 06:00:00,2.95,2.987422500000002
2018-07-12 06:15:00,2.92,3.0443626785714293
2018-07-12 06:30:00,2.92,3.040645535714288
2018-07-12 06:45:00,2.99,3.0935640277777776
2018-07-12 07:00:00,3.02,3.0450360119047626
2018-07-12 07:15:00,3.31,3.3337826190476187
2018-07-12 07:30:00,3.82,3.736151488095239
2018-07-12 07:45:00,4.1,3.973955436507938
2018-07-12 08:00:00,37.04,33.26337436507935
2018-07-12 08:15:00,63.14,62.05999476190479
2018-07-12 08:30:00,66.49,57.98108676587299
2018-07-12 08:45:00,61.42,62.81394101190475
2018-07-12 09:00:00,67.61,65.56200916666668
2018-07-12 09:15:00,59.8,61.36476125000001
2018-07-12 09:30:00,70.13,65.45249988095239
2018-07-12 09:45:00,53.96,61.621878928571476
2018-07-12 10:00:00,63.86,63.37195601190475
2018-07-12 10:15:00,68.4,60.6201216468254
2018-07-12 10:30:00,57.42,62.91179714285713
2018-07-12 10:45:00,75.74,60.82634486111113
2018-07-12 11:00:00,58.82,60.14547476190472
2018-07-12 11:15:00,54.61,64.33838595238097
2018-07-12 11:30:00,68.26,60.200504384920606
2018-07-12 11:45:00,49.5,59.1863305357143
2018-07-12 12:00:00,4.36,9.501179007936505
2018-07-12 12:15:00,4.36,5.298813950216449
2018-07-12 12:30:00,4.39,4.84648125
2018-07-12 12:45:00,4.61,5.101330833333333
2018-07-12 13:00:00,4.97,52.9331901984127
2018-07-12 13:15:00,6.48,58.4904464484127
2018-07-12 13:30:00,5.22,50.00737896825398
2018-07-12 13:45:00,4.75,30.820638134920657
2018-07-12 14:00:00,39.53,30.45246785714287
2018-07-12 14:15:00,67.07,16.620471309523797
2018-07-12 14:30:00,45.22,57.08612648809524
2018-07-12 14:45:00,47.45,67.20562559523813
2018-07-12 15:00:00,54.86,57.954381944444464
2018-07-12 15:15:00,54.54,61.80239656746033
2018-07-12 15:30:00,48.13,58.648897718253984
2018-07-12 15:45:00,51.73,55.537126666666666
2018-07-12 16:00:00,57.46,51.2015143199856
2018-07-12 16:15:00,61.38,51.51423414682541
2018-07-12 16:30:00,48.92,57.85262611111109
2018-07-12 16:45:00,49.97,54.268644702381025
2018-07-12 17:00:00,62.93,51.45007577380953
2018-07-12 17:15:00,56.02,53.4141463690476
2018-07-12 17:30:00,31.86,30.945332380952365
2018-07-12 17:45:00,30.82,28.842199404761885
2018-07-12 18:00:00,51.95,39.63916825396824
2018-07-12 18:15:00,58.9,51.877552638888886
2018-07-12 18:30:00,56.92,61.552355357142844
2018-07-12 18:45:00,58.72,51.652031746031746
2018-07-12 19:00:00,49.39,52.943059940476225
2018-07-12 19:15:00,46.87,55.331029922438695
2018-07-12 19:30:00,47.27,53.438398014069264
2018-07-12 19:45:00,44.1,51.32621442279944
2018-07-12 20:00:00,48.89,50.218883668831204
2018-07-12 20:15:00,73.84,43.1696503968254
2018-07-12 20:30:00,49.32,41.29429142857143
2018-07-12 20:45:00,19.04,46.10982664682537
2018-07-12 21:00:00,7.99,6.151320456349207
2018-07-12 21:15:00,4.03,4.15417884920635
2018-07-12 21:30:00,3.64,4.162435873015872
2018-07-12 21:45:00,3.56,3.9411246626984133
2018-07-12 22:00:00,3.53,3.635866249999998
2018-07-12 22:15:00,3.71,3.561372976190472
2018-07-12 22:30:00,4.39,3.6263315476190483
2018-07-12 22:45:00,3.82,3.5918948809523816
2018-07-12 23:00:00,2.95,3.447606130952378
2018-07-12 23:15:00,2.66,3.621188333333332
2018-07-12 23:30:00,2.7,3.26054121031746
2018-07-12 23:45:00,2.59,3.142768293650795
2018-07-13 00:00:00,2.66,2.9928871626984126
2018-07-13 00:15:00,2.81,2.7654916666666645
2018-07-13 00:30:00,2.74,2.7350705158730135
2018-07-13 00:45:00,2.77,2.764246071428573
2018-07-13 01:00:00,2.81,2.7983099404761917
2018-07-13 01:15:00,2.81,2.8353715476190473
2018-07-13 01:30:00,2.74,2.854788392857143
2018-07-13 01:45:00,2.81,2.862481369047617
2018-07-13 02:00:00,2.77,2.86448494047619
2018-07-13 02:15:00,2.74,2.868086071428571
2018-07-13 02:30:00,2.77,2.931886190476189
2018-07-13 02:45:00,3.2,2.979399523809525
2018-07-13 03:00:00,3.2,2.9939194642857143
2018-07-13 03:15:00,2.81,2.8650059523809532
2018-07-13 03:30:00,2.84,2.829441309523811
2018-07-13 03:45:00,2.88,2.8398004761904745
2018-07-13 04:00:00,2.84,2.8506895238095216
2018-07-13 04:15:00,2.84,3.012990535714284
2018-07-13 04:30:00,3.17,3.003694404761904
2018-07-13 04:45:00,3.28,2.976000535714285
2018-07-13 05:00:00,2.84,2.928846607142855
2018-07-13 05:15:00,2.84,2.8859357142857136
2018-07-13 05:30:00,2.81,2.8849242460317455
2018-07-13 05:45:00,2.84,2.8497226984126987
2018-07-13 06:00:00,2.77,2.871479226190476
2018-07-13 06:15:00,2.74,2.925477083333334
2018-07-13 06:30:00,2.81,2.865145357142857
2018-07-13 06:45:00,2.77,2.8408252380952392
2018-07-13 07:00:00,2.81,2.9463810119047595
2018-07-13 07:15:00,3.2,3.289648095238093
2018-07-13 07:30:00,3.38,3.6507693253968245
2018-07-13 07:45:00,3.67,3.8720305357142872
2018-07-13 08:00:00,29.95,54.100520119047594
2018-07-13 08:15:00,39.06,68.02052327380956
2018-07-13 08:30:00,46.91,59.4017077777778
2018-07-13 08:45:00,48.42,49.73386031746031
2018-07-13 09:00:00,49.07,55.15165107142857
2018-07-13 09:15:00,60.91,56.73645456349206
2018-07-13 09:30:00,65.52,56.353271150793624
2018-07-13 09:45:00,56.66,52.41523232142857
2018-07-13 10:00:00,55.19,61.662541507936474
2018-07-13 10:15:00,61.56,56.832507281746054
2018-07-13 10:30:00,51.01,59.83365880952377
2018-07-13 10:45:00,53.03,59.57163013888884
2018-07-13 11:00:00,57.78,58.02111275793648
2018-07-13 11:15:00,56.74,57.64936273809526
2018-07-13 11:30:00,47.45,55.22274964285716
2018-07-13 11:45:00,46.33,56.873235039682534
2018-07-13 12:00:00,6.73,5.873848154761904
2018-07-13 12:15:00,4.57,4.678842142857144
2018-07-13 12:30:00,4.86,5.619882590187589
2018-07-13 12:45:00,5.72,4.800245119047619
2018-07-13 13:00:00,34.78,41.216183988095224
2018-07-13 13:15:00,52.42,54.646315753968274
2018-07-13 13:30:00,58.75,62.90000158730157
2018-07-13 13:45:00,48.24,53.61937628968251
2018-07-13 14:00:00,51.84,53.17689873015872
2018-07-13 14:15:00,61.85,57.61032898809529
2018-07-13 14:30:00,47.27,55.28862853174603
2018-07-13 14:45:00,48.74,55.74213117063492
2018-07-13 15:00:00,53.24,55.10994930555554
2018-07-13 15:15:00,54.72,54.74245466269843
2018-07-13 15:30:00,57.31,54.65866561507937
2018-07-13 15:45:00,46.62,54.624900595238124
2018-07-13 16:00:00,48.35,50.774174325396835
2018-07-13 16:15:00,49.5,54.25835809523811
2018-07-13 16:30:00,54.83,52.43561037087911
2018-07-13 16:45:00,57.13,52.01166849206349
2018-07-13 17:00:00,58.14,51.9513286904762
2018-07-13 17:15:00,54.94,48.022084484126964
2018-07-13 17:30:00,30.89,30.24779678571427
2018-07-13 17:45:00,31.1,29.61851238095239
2018-07-13 18:00:00,34.88,44.736447579365056
2018-07-13 18:15:00,59.94,54.746006805555545
2018-07-13 18:30:00,57.56,48.578525357142844
2018-07-13 18:45:00,48.89,51.605520297619044
2018-07-13 19:00:00,46.87,53.05934220238096
2018-07-13 19:15:00,62.6,53.457206706349204
2018-07-13 19:30:00,55.44,52.945492599206354
2018-07-13 19:45:00,65.66,54.81544565476189
2018-07-13 20:00:00,57.6,50.15214896825399
2018-07-13 20:15:00,61.85,62.98639333333336
2018-07-13 20:30:00,46.84,52.39665113095239
2018-07-13 20:45:00,27.22,47.475593174603176
2018-07-13 21:00:00,20.45,9.14733972222222
2018-07-13 21:15:00,3.89,4.506248849206347
2018-07-13 21:30:00,3.82,4.373216349206351
2018-07-13 21:45:00,3.78,3.827151706349205
2018-07-13 22:00:00,3.74,3.737711666666665
2018-07-13 22:15:00,4.54,3.626610773809523
2018-07-13 22:30:00,3.67,3.632467976190477
2018-07-13 22:45:00,3.2,3.708579146825394
2018-07-13 23:00:00,2.7,3.738286329365077
2018-07-13 23:15:00,2.74,3.424678472222222
2018-07-13 23:30:00,2.66,3.223367103174603
2018-07-13 23:45:00,2.77,2.98725079365079
2018-07-14 00:00:00,2.56,2.8967419047619027
2018-07-14 00:15:00,2.63,2.8660011904761897
2018-07-14 00:30:00,2.63,2.7871110912698396
2018-07-14 00:45:00,2.74,2.7529344642857114
2018-07-14 01:00:00,2.66,2.698859920634919
2018-07-14 01:15:00,2.63,2.805724761904764
2018-07-14 01:30:00,2.66,2.762224642857143
2018-07-14 01:45:00,2.7,2.736277321428571
2018-07-14 02:00:00,2.66,2.686987797619048
2018-07-14 02:15:00,2.74,2.795572738095239
2018-07-14 02:30:00,2.88,2.7222008134920634
2018-07-14 02:45:00,3.24,2.876614345238096
2018-07-14 03:00:00,2.77,2.9224789285714268
2018-07-14 03:15:00,2.84,2.7466390674603196
2018-07-14 03:30:00,3.31,2.8209525
2018-07-14 03:45:00,3.06,2.8189085119047625
2018-07-14 04:00:00,2.74,2.911313472222221
2018-07-14 04:15:00,2.74,2.959261210317459
2018-07-14 04:30:00,2.74,2.8352736309523796
2018-07-14 04:45:00,2.74,2.8722784523809515
2018-07-14 05:00:00,2.74,2.816119900793649
2018-07-14 05:15:00,2.84,2.8638510317460315
2018-07-14 05:30:00,2.7,2.854646547619047
2018-07-14 05:45:00,2.7,2.8619089285714274
2018-07-14 06:00:00,2.7,2.882602103174601
2018-07-14 06:15:00,2.7,2.8699674404761923
2018-07-14 06:30:00,2.7,2.8443490476190494
2018-07-14 06:45:00,2.7,2.8497733928571436
2018-07-14 07:00:00,2.66,2.8506475
2018-07-14 07:15:00,2.77,3.0697083928571414
2018-07-14 07:30:00,3.74,2.9609992658730158
2018-07-14 07:45:00,3.92,3.035329226190475
2018-07-14 08:00:00,22.5,28.437571190476184
2018-07-14 08:15:00,35.89,73.89900886904765
2018-07-14 08:30:00,38.63,47.297127380952354
2018-07-14 08:45:00,37.33,47.32399672619049
2018-07-14 09:00:00,37.76,43.76136623015873
2018-07-14 09:15:00,37.73,45.028565555555545
2018-07-14 09:30:00,37.08,43.761295833333314
2018-07-14 09:45:00,39.13,41.237197261904754
2018-07-14 10:00:00,37.84,42.33907839285712
2018-07-14 10:15:00,38.3,42.01206351190474
2018-07-14 10:30:00,36.04,42.61169648809522
2018-07-14 10:45:00,37.48,41.93749589285712
2018-07-14 11:00:00,38.05,41.67419103174605
2018-07-14 11:15:00,35.68,40.9712305952381
2018-07-14 11:30:00,38.16,40.68371982142856
2018-07-14 11:45:00,24.59,29.91168511904764
2018-07-14 12:00:00,3.71,9.986592837301586
2018-07-14 12:15:00,4.32,6.227365079365077
2018-07-14 12:30:00,3.89,4.086714444444445
2018-07-14 12:45:00,3.42,4.376609601370852
2018-07-14 13:00:00,22.03,17.80303301587302
2018-07-14 13:15:00,36.76,28.19307353174601
2018-07-14 13:30:00,34.96,51.9198023809524
2018-07-14 13:45:00,36.83,42.043082440476184
2018-07-14 14:00:00,35.86,37.36520898809526
2018-07-14 14:15:00,33.84,36.326785436507954
2018-07-14 14:30:00,70.2,37.3790576984127
2018-07-14 14:45:00,77.18,36.72916678571428
2018-07-14 15:00:00,73.26,71.88897827380953
2018-07-14 15:15:00,76.28,70.62698482142856
2018-07-14 15:30:00,84.28,71.50663265873015
2018-07-14 15:45:00,61.56,66.9351980952381
2018-07-14 16:00:00,57.46,63.22569357142862
2018-07-14 16:15:00,84.49,61.26628168290049
2018-07-14 16:30:00,71.96,63.15447960317462
2018-07-14 16:45:00,40.1,60.062930888278416
2018-07-14 17:00:00,25.99,65.80952682539682
2018-07-14 17:15:00,24.84,34.97434986111111
2018-07-14 17:30:00,26.1,19.47269303571429
2018-07-14 17:45:00,24.3,25.075234940476196
2018-07-14 18:00:00,5.47,24.602268908730167
2018-07-14 18:15:00,2.99,22.574589484126975
2018-07-14 18:30:00,2.88,4.534318809523813
2018-07-14 18:45:00,2.95,9.68212809523809
2018-07-14 19:00:00,2.92,9.635135476190468
2018-07-14 19:15:00,3.28,3.5153138690476204
2018-07-14 19:30:00,3.31,3.0862051984126997
2018-07-14 19:45:00,2.92,3.1545217857142864
2018-07-14 20:00:00,2.92,3.1396260119047623
2018-07-14 20:15:00,2.95,3.059946547619047
2018-07-14 20:30:00,2.92,3.040725595238094
2018-07-14 20:45:00,2.99,3.1105263095238116
2018-07-14 21:00:00,2.99,3.0231365476190466
2018-07-14 21:15:00,3.02,3.1705371626984133
2018-07-14 21:30:00,3.56,3.1724825595238126
2018-07-14 21:45:00,3.64,3.2140116468253974
2018-07-14 22:00:00,3.06,3.1359739285714294
2018-07-14 22:15:00,2.92,3.1449519047619052
2018-07-14 22:30:00,2.81,3.0414206349206347
2018-07-14 22:45:00,2.81,2.9536654166666643
2018-07-14 23:00:00,2.77,2.9324875000000015
2018-07-14 23:15:00,2.81,2.9080648214285687
2018-07-14 23:30:00,2.77,2.8574455357142843
2018-07-14 23:45:00,2.92,2.919937142857141
2018-07-15 00:00:00,2.84,2.8816421428571424
2018-07-15 00:15:00,2.84,3.0618407142857134
2018-07-15 00:30:00,2.84,2.9082748214285705
2018-07-15 00:45:00,2.84,2.9217124999999986
2018-07-15 01:00:00,3.17,2.972046884920634
2018-07-15 01:15:00,3.38,2.9015894444444426
2018-07-15 01:30:00,2.92,2.987396428571429
2018-07-15 01:45:00,2.84,2.9385644642857143
2018-07-15 02:00:00,2.84,2.973351845238094
2018-07-15 02:15:00,2.88,2.991272142857143
2018-07-15 02:30:00,3.35,3.0106508928571425
2018-07-15 02:45:00,3.1,2.9811454761904748
2018-07-15 03:00:00,2.95,2.941685297619046
2018-07-15 03:15:00,2.92,2.9047874801587272
2018-07-15 03:30:00,2.84,2.9336487301587315
2018-07-15 03:45:00,2.84,2.9402171428571426
2018-07-15 04:00:00,2.81,2.9765398809523815
2018-07-15 04:15:00,2.84,2.9288813095238093
2018-07-15 04:30:00,2.84,2.881426428571424
2018-07-15 04:45:00,2.92,2.867827380952381
2018-07-15 05:00:00,2.81,2.8512470833333294
2018-07-15 05:15:00,2.77,2.9644657142857147
2018-07-15 05:30:00,2.81,2.958344325396824
2018-07-15 05:45:00,2.81,2.983655198412697
2018-07-15 06:00:00,2.81,2.9684705158730145
2018-07-15 06:15:00,2.81,2.9536045689033164
2018-07-15 06:30:00,4.28,2.955253690476189
2018-07-15 06:45:00,3.2,3.0346274999999987
2018-07-15 07:00:00,2.74,2.975882619047619
2018-07-15 07:15:00,2.74,3.0134502380952357
2018-07-15 07:30:00,3.67,3.40292934523809
2018-07-15 07:45:00,8.86,3.467664345238096
2018-07-15 08:00:00,56.88,50.57843948412697
2018-07-15 08:15:00,90.68,75.56499253968255
2018-07-15 08:30:00,71.75,78.7133346626984
2018-07-15 08:45:00,111.92,96.36092917929291
2018-07-15 09:00:00,86.65,72.07567900793653
2018-07-15 09:15:00,82.66,76.34036777777781
2018-07-15 09:30:00,101.05,80.81751573412699
2018-07-15 09:45:00,77.62,68.06069676587303
2018-07-15 10:00:00,108.47,86.24687916666662
2018-07-15 10:15:00,98.57,81.11652404761908
2018-07-15 10:30:00,80.46,87.27480422619044
2018-07-15 10:45:00,107.71,95.57789934523804
2018-07-15 11:00:00,78.66,87.10458234126982
2018-07-15 11:15:00,90.14,91.02771825396825
2018-07-15 11:30:00,87.3,88.1134725
2018-07-15 11:45:00,35.06,80.7551494047619
2018-07-15 12:00:00,5.58,8.667021230158735
2018-07-15 12:15:00,4.5,5.930059226190482
2018-07-15 12:30:00,4.28,5.9417919642857155
2018-07-15 12:45:00,4.18,4.881708847402596
2018-07-15 13:00:00,48.92,94.61151027777777
2018-07-15 13:15:00,97.6,59.2967055952381
2018-07-15 13:30:00,88.88,65.32086519841269
2018-07-15 13:45:00,94.86,85.68962056818182
2018-07-15 14:00:00,99.86,83.86019073412697
2018-07-15 14:15:00,88.34,86.37203658008659
2018-07-15 14:30:00,95.72,95.21734851190475
2018-07-15 14:45:00,99.61,89.72478257936501
2018-07-15 15:00:00,85.93,88.7833533928572
2018-07-15 15:15:00,96.91,90.41477561507935
2018-07-15 15:30:00,98.06,90.03775220238096
2018-07-15 15:45:00,88.27,86.68159767857145
2018-07-15 16:00:00,97.85,94.70149466269835
2018-07-15 16:15:00,84.6,88.46256182539685
2018-07-15 16:30:00,91.04,89.6232602579365
2018-07-15 16:45:00,49.54,79.28075751984129
2018-07-15 17:00:00,26.89,85.22095972222216
2018-07-15 17:15:00,26.06,45.07952476190475
2018-07-15 17:30:00,25.56,22.285324464285722
2018-07-15 17:45:00,25.31,26.71763172619048
2018-07-15 18:00:00,37.73,17.85847720238095
2018-07-15 18:15:00,42.05,15.828897083333331
2018-07-15 18:30:00,39.46,46.504143273809476
2018-07-15 18:45:00,44.53,44.45646160714283
2018-07-15 19:00:00,45.79,43.178224265872984
2018-07-15 19:15:00,47.45,41.52287386904761
2018-07-15 19:30:00,44.5,39.7498894642857
2018-07-15 19:45:00,44.71,40.51454767857143
2018-07-15 20:00:00,44.35,39.20977041666667
2018-07-15 20:15:00,44.28,38.69981674603174
2018-07-15 20:30:00,44.03,36.20254166666666
2018-07-15 20:45:00,11.63,19.762882619047613
2018-07-15 21:00:00,6.3,9.595236349206349
2018-07-15 21:15:00,3.78,4.329840079365075
2018-07-15 21:30:00,3.67,4.665783769841267
2018-07-15 21:45:00,3.85,3.7241435317460305
2018-07-15 22:00:00,4.72,3.5296055753968205
2018-07-15 22:15:00,3.78,3.4972668849206356
2018-07-15 22:30:00,3.46,3.638837936507935
2018-07-15 22:45:00,3.49,3.7385355790043286
2018-07-15 23:00:00,2.77,3.403263055555555
2018-07-15 23:15:00,2.84,3.5469109523809528
2018-07-15 23:30:00,2.81,3.0073773809523807
2018-07-15 23:45:00,2.92,3.2176176388888895
2018-07-16 00:00:00,2.92,2.987349503968253
2018-07-16 00:15:00,2.92,3.132873214285713
2018-07-16 00:30:00,2.88,3.0429218452380953
2018-07-16 00:45:00,2.88,3.0366436309523808
2018-07-16 01:00:00,2.88,3.0779683333333336
2018-07-16 01:15:00,2.92,3.082012063492061
2018-07-16 01:30:00,2.88,3.0322826190476184
2018-07-16 01:45:00,2.95,2.992984940476191
2018-07-16 02:00:00,2.99,2.9998237499999987
2018-07-16 02:15:00,2.95,3.153295416666665
2018-07-16 02:30:00,3.42,3.184325892857144
2018-07-16 02:45:00,2.99,3.21740501984127
2018-07-16 03:00:00,2.92,3.00838363095238
2018-07-16 03:15:00,2.99,3.019250517676765
2018-07-16 03:30:00,2.88,2.9790446031746
2018-07-16 03:45:00,2.84,3.0134464898989903
2018-07-16 04:00:00,3.42,3.0935772294372272
2018-07-16 04:15:00,3.06,3.0627820039682523
2018-07-16 04:30:00,2.88,3.0074794047619053
2018-07-16 04:45:00,2.92,3.0531049999999995
2018-07-16 05:00:00,2.81,2.927847420634917
2018-07-16 05:15:00,2.77,2.956978888888888
2018-07-16 05:30:00,2.81,2.926520357142854
2018-07-16 05:45:00,2.81,2.8967333333333305
2018-07-16 06:00:00,2.92,2.9624633730158703
2018-07-16 06:15:00,3.35,2.946210753968251
2018-07-16 06:30:00,2.77,3.0251120238095233
2018-07-16 06:45:00,2.77,3.0239252380952366
2018-07-16 07:00:00,2.81,2.9509252380952358
2018-07-16 07:15:00,3.28,3.285905178571428
2018-07-16 07:30:00,3.6,4.014215892857143
2018-07-16 07:45:00,5.26,4.357891607142854
2018-07-16 08:00:00,63.25,41.71299251984128
2018-07-16 08:15:00,88.49,75.42999970238094
2018-07-16 08:30:00,94.21,88.68732339285712
2018-07-16 08:45:00,89.21,99.46189422619045
2018-07-16 09:00:00,97.81,83.1909296428571
2018-07-16 09:15:00,94.82,81.96652408730164
2018-07-16 09:30:00,77.9,85.33058208333333
2018-07-16 09:45:00,91.37,90.57548224206346
2018-07-16 10:00:00,101.27,90.87354406746036
2018-07-16 10:15:00,88.42,88.40140301587299
2018-07-16 10:30:00,55.33,90.36669478174605
2018-07-16 10:45:00,66.6,85.9456951388889
2018-07-16 11:00:00,47.92,71.32083172619043
2018-07-16 11:15:00,53.39,69.76338886904765
2018-07-16 11:30:00,75.71,61.12692886904763
2018-07-16 11:45:00,52.6,59.68993932539683
2018-07-16 12:00:00,5.69,10.942196904761902
2018-07-16 12:15:00,5.54,5.512946311327562
2018-07-16 12:30:00,5.36,5.147524345238099
2018-07-16 12:45:00,6.16,6.422249067460317
2018-07-16 13:00:00,30.92,51.16112607142854
2018-07-16 13:15:00,71.35,60.39947799603175
2018-07-16 13:30:00,52.13,55.354069999999986
2018-07-16 13:45:00,50.47,77.43067428571426
2018-07-16 14:00:00,55.76,62.73629065476192
2018-07-16 14:15:00,62.5,61.89293115079363
2018-07-16 14:30:00,57.6,56.836593095238094
2018-07-16 14:45:00,65.81,56.88217220238095
2018-07-16 15:00:00,66.71,55.12720426587297
2018-07-16 15:15:00,60.05,61.07665565476188
2018-07-16 15:30:00,59.76,61.903898055555565
2018-07-16 15:45:00,64.15,62.61085940476187
2018-07-16 16:00:00,67.18,61.05823172619046
2018-07-16 16:15:00,65.3,63.663890555555575
2018-07-16 16:30:00,69.01,63.378105615079384
2018-07-16 16:45:00,67.07,63.81149797077923
2018-07-16 17:00:00,61.38,60.41397418650794
2018-07-16 17:15:00,56.02,60.68742535714286
2018-07-16 17:30:00,29.88,33.77289309523809
2018-07-16 17:45:00,31.21,32.30786630952382
2018-07-16 18:00:00,36.47,37.76913607142856
2018-07-16 18:15:00,46.48,46.32928632936509
2018-07-16 18:30:00,54.5,46.14104948412701
2018-07-16 18:45:00,56.16,48.80861740079361
2018-07-16 19:00:00,63.11,55.428756190476186
2018-07-16 19:15:00,61.85,58.3704483928572
2018-07-16 19:30:00,58.18,56.16509384920635
2018-07-16 19:45:00,55.01,59.369479940476175
2018-07-16 20:00:00,51.05,61.133254404761914
2018-07-16 20:15:00,49.46,57.061969285714284
2018-07-16 20:30:00,44.06,52.31173555555555
2018-07-16 20:45:00,23.0,48.146929960317465
2018-07-16 21:00:00,4.9,6.807874563492067
2018-07-16 21:15:00,4.18,4.3535675992063485
2018-07-16 21:30:00,3.82,4.311021785714286
2018-07-16 21:45:00,3.82,4.023528452380955
2018-07-16 22:00:00,3.71,3.8087001677489187
2018-07-16 22:15:00,3.64,3.6582261309523814
2018-07-16 22:30:00,3.64,3.606502182539683
2018-07-16 22:45:00,3.53,3.5799401785714258
2018-07-16 23:00:00,3.53,3.636331531385279
2018-07-16 23:15:00,3.89,3.66888886904762
2018-07-16 23:30:00,3.46,3.615495892857142
2018-07-16 23:45:00,2.66,3.619383313492065
2018-07-17 00:00:00,2.95,3.464598749999997
2018-07-17 00:15:00,2.92,3.0740805952380974
2018-07-17 00:30:00,2.95,3.0780798809523797
2018-07-17 00:45:00,2.95,2.94587476190476
2018-07-17 01:00:00,2.99,3.0787351190476175
2018-07-17 01:15:00,2.99,3.135300059523809
2018-07-17 01:30:00,3.02,3.1204683531746027
2018-07-17 01:45:00,2.95,3.1565885822510817
2018-07-17 02:00:00,2.99,3.1377187500000003
2018-07-17 02:15:00,2.95,3.1141205357142843
2018-07-17 02:30:00,2.99,3.157430634920634
2018-07-17 02:45:00,3.49,3.1784336309523784
2018-07-17 03:00:00,3.42,3.0885814285714286
2018-07-17 03:15:00,2.92,3.0156585317460305
2018-07-17 03:30:00,2.95,3.0515758333333327
2018-07-17 03:45:00,2.88,3.0197197619047618
2018-07-17 04:00:00,2.95,2.973269980158729
2018-07-17 04:15:00,2.92,2.988528690476189
2018-07-17 04:30:00,2.95,3.0223330555555554
2018-07-17 04:45:00,3.13,3.0999900595238103
2018-07-17 05:00:00,3.49,3.0815939682539675
2018-07-17 05:15:00,2.99,3.0203974404761884
2018-07-17 05:30:00,2.92,2.9592277777777776
2018-07-17 05:45:00,2.92,2.9990454274891785
2018-07-17 06:00:00,2.95,2.9690454166666655
2018-07-17 06:15:00,2.92,2.9668073809523805
2018-07-17 06:30:00,2.88,3.0234361904761897
2018-07-17 06:45:00,2.88,3.1331165476190472
2018-07-17 07:00:00,2.99,3.133220952380953
2018-07-17 07:15:00,3.17,3.421595436507937
2018-07-17 07:30:00,3.24,3.804460575396825
2018-07-17 07:45:00,3.49,3.709917123015873
2018-07-17 08:00:00,32.83,34.69657886904763
2018-07-17 08:15:00,47.38,56.561471396103855
2018-07-17 08:30:00,67.75,54.432177896825415
2018-07-17 08:45:00,67.86,59.2717770833333
2018-07-17 09:00:00,58.64,71.84124928571427
2018-07-17 09:15:00,82.3,66.6717863095238
2018-07-17 09:30:00,60.91,63.473144067460325
2018-07-17 09:45:00,66.56,66.56857591269839
2018-07-17 10:00:00,50.0,61.904359576118324
2018-07-17 10:15:00,52.2,62.0404181547619
2018-07-17 10:30:00,49.79,62.504258690476206
2018-07-17 10:45:00,47.38,66.82378210317462
2018-07-17 11:00:00,54.0,63.423437658730144
2018-07-17 11:15:00,66.42,58.2040955573593
2018-07-17 11:30:00,54.72,58.550518015873
2018-07-17 11:45:00,69.73,59.22569261904764
2018-07-17 12:00:00,8.39,5.757357857142857
2018-07-17 12:15:00,4.86,6.209304464285713
2018-07-17 12:30:00,4.46,5.386806369047624
2018-07-17 12:45:00,4.25,5.287590898268402
2018-07-17 13:00:00,26.46,40.13255922619046
2018-07-17 13:15:00,59.62,61.09969593253972
2018-07-17 13:30:00,80.82,55.71599434523808
2018-07-17 13:45:00,96.62,63.17709545634923
2018-07-17 14:00:00,79.74,77.72020196428575
2018-07-17 14:15:00,104.94,86.32094071428571
2018-07-17 14:30:00,94.54,80.89494206349207
2018-07-17 14:45:00,71.35,89.47249714285712
2018-07-17 15:00:00,71.6,92.67852484126992
2018-07-17 15:15:00,72.97,92.72552567640695
2018-07-17 15:30:00,104.58,84.59412630952382
2018-07-17 15:45:00,78.55,75.48847833333332
2018-07-17 16:00:00,108.4,85.26979531746025
2018-07-17 16:15:00,100.55,76.57352968253967
2018-07-17 16:30:00,88.45,88.41413129870136
2018-07-17 16:45:00,104.26,97.1106720436508
2018-07-17 17:00:00,76.61,90.09658839285716
2018-07-17 17:15:00,60.05,89.99229654761906
2018-07-17 17:30:00,32.44,66.86185007936508
2018-07-17 17:45:00,32.29,44.94033773809526
2018-07-17 18:00:00,45.79,58.09878422619045
2018-07-17 18:15:00,91.04,63.67898738095238
2018-07-17 18:30:00,87.05,60.79561555555555
2018-07-17 18:45:00,60.48,93.15489069444446
2018-07-17 19:00:00,46.8,83.60077172619047
2018-07-17 19:15:00,55.48,64.51774773809525
2018-07-17 19:30:00,44.89,62.29349390873013
2018-07-17 19:45:00,57.17,68.22036367063491
2018-07-17 20:00:00,37.48,52.112362362637384
2018-07-17 20:15:00,55.76,61.14726374999999
2018-07-17 20:30:00,36.47,41.17706972222223
2018-07-17 20:45:00,9.86,34.39350053571428
2018-07-17 21:00:00,6.62,10.132474424603174
2018-07-17 21:15:00,3.78,4.378858710317458
2018-07-17 21:30:00,3.85,4.2019354274891745
2018-07-17 21:45:00,3.85,3.804680456349205
2018-07-17 22:00:00,3.74,3.696917142857142
2018-07-17 22:15:00,3.67,3.552379246031746
2018-07-17 22:30:00,3.53,3.5377565277777787
2018-07-17 22:45:00,2.81,3.5874131944444434
2018-07-17 23:00:00,2.74,3.6319101948051946
2018-07-17 23:15:00,2.7,3.111359682539683
2018-07-17 23:30:00,2.66,2.9711308730158716
2018-07-17 23:45:00,3.38,2.860491468253967
2018-07-18 00:00:00,2.7,2.814004087301587
2018-07-18 00:15:00,2.74,2.960242976190475
2018-07-18 00:30:00,2.74,2.8428013293650802
2018-07-18 00:45:00,2.7,2.8679289880952386
2018-07-18 01:00:00,2.7,2.863818690476188
2018-07-18 01:15:00,2.7,2.839035000000001
2018-07-18 01:30:00,2.77,2.842982678571429
2018-07-18 01:45:00,3.24,2.853749285714285
2018-07-18 02:00:00,3.42,2.82348029761905
2018-07-18 02:15:00,2.92,2.8982551785714294
2018-07-18 02:30:00,2.88,2.9498761309523824
2018-07-18 02:45:00,2.88,2.9572188690476167
2018-07-18 03:00:00,2.92,2.915227936507935
2018-07-18 03:15:00,2.81,3.014293214285712
2018-07-18 03:30:00,2.88,3.130537619047617
2018-07-18 03:45:00,3.02,2.9405141666666657
2018-07-18 04:00:00,3.35,3.189524642857141
2018-07-18 04:15:00,2.84,3.0008874206349203
2018-07-18 04:30:00,2.81,2.9644576388888892
2018-07-18 04:45:00,2.77,2.9490811309523806
2018-07-18 05:00:00,2.81,2.9386503571428566
2018-07-18 05:15:00,2.77,2.8774289880952377
2018-07-18 05:30:00,2.74,2.9257775793650787
2018-07-18 05:45:00,2.7,2.9663105357142854
2018-07-18 06:00:00,2.74,2.999658134920634
2018-07-18 06:15:00,2.74,2.8657677380952373
2018-07-18 06:30:00,2.77,2.914524761904764
2018-07-18 06:45:00,2.66,2.840691488095237
2018-07-18 07:00:00,2.66,2.9012494047619053
2018-07-18 07:15:00,2.99,3.124896071428572
2018-07-18 07:30:00,3.31,4.408607440476192
2018-07-18 07:45:00,3.82,4.8396937301587295
2018-07-18 08:00:00,29.74,33.559618158369425
2018-07-18 08:15:00,43.31,74.82425267857145
2018-07-18 08:30:00,49.68,49.77636174603173
2018-07-18 08:45:00,47.52,55.18229263888891
2018-07-18 09:00:00,55.94,60.610580376984124
2018-07-18 09:15:00,50.11,57.42435982142856
2018-07-18 09:30:00,45.61,58.015578452380936
2018-07-18 09:45:00,50.83,53.30398456349206
2018-07-18 10:00:00,44.75,52.053753908730165
2018-07-18 10:15:00,50.94,59.251360396825376
2018-07-18 10:30:00,64.15,51.787122559523816
2018-07-18 10:45:00,76.1,56.52688374999998
2018-07-18 11:00:00,51.34,60.81472553571428
2018-07-18 11:15:00,51.37,72.13386876984126
2018-07-18 11:30:00,55.04,65.04291591269842
2018-07-18 11:45:00,47.59,61.62183829365083
2018-07-18 12:00:00,29.45,9.38619400793651
2018-07-18 12:15:00,30.92,5.399645021645023
2018-07-18 12:30:00,29.16,14.215579940476184
2018-07-18 12:45:00,29.45,35.54527746031745
2018-07-18 13:00:00,44.89,40.987097678571445
2018-07-18 13:15:00,73.87,45.908660297619065
2018-07-18 13:30:00,59.8,53.98316178571426
2018-07-18 13:45:00,66.96,73.51743916666666
2018-07-18 14:00:00,62.57,61.11722785714284
2018-07-18 14:15:00,54.07,64.42721617063486
2018-07-18 14:30:00,60.48,60.9208818452381
2018-07-18 14:45:00,56.99,62.779923333333294
2018-07-18 15:00:00,48.38,59.8236445238095
2018-07-18 15:15:00,52.49,56.8121844642857
2018-07-18 15:30:00,59.18,54.79260908730158
2018-07-18 15:45:00,60.59,58.80349970238095
2018-07-18 16:00:00,61.96,58.97852468253971
2018-07-18 16:15:00,61.45,59.52536944444444
2018-07-18 16:30:00,61.99,60.40956198412699
2018-07-18 16:45:00,53.17,59.71481963744584
2018-07-18 17:00:00,50.51,58.997961547619035
2018-07-18 17:15:00,60.3,53.73513557539682
2018-07-18 17:30:00,60.34,33.99871478174603
2018-07-18 17:45:00,53.32,34.029004841269845
2018-07-18 18:00:00,5.83,42.49967677669551
2018-07-18 18:15:00,3.78,35.410279067460344
2018-07-18 18:30:00,3.42,5.276304390331891
2018-07-18 18:45:00,3.38,4.877954783549786
2018-07-18 19:00:00,3.42,3.8025420238095227
2018-07-18 19:15:00,3.42,4.22876351190476
2018-07-18 19:30:00,3.42,3.6010527759740256
2018-07-18 19:45:00,3.28,3.6475241648629146
2018-07-18 20:00:00,2.81,3.6367814267676755
2018-07-18 20:15:00,2.77,3.843575238095235
2018-07-18 20:30:00,2.77,3.0601304166666683
2018-07-18 20:45:00,2.84,3.0211716071428567
2018-07-18 21:00:00,2.92,2.976328749999999
2018-07-18 21:15:00,2.88,2.980222996031744
2018-07-18 21:30:00,2.95,3.0112790476190465
2018-07-18 21:45:00,3.28,3.040960357142857
2018-07-18 22:00:00,3.28,3.1173454563492062
2018-07-18 22:15:00,2.81,3.080546369047619
2018-07-18 22:30:00,2.84,3.029265595238096
2018-07-18 22:45:00,2.81,2.9872175108225094
2018-07-18 23:00:00,2.81,2.9439653679653683
2018-07-18 23:15:00,2.7,2.8886174999999987
2018-07-18 23:30:00,2.77,2.8711008333333314
2018-07-18 23:45:00,3.42,2.953437976190474
2018-07-19 00:00:00,2.99,3.0032800595238096
2018-07-19 00:15:00,2.84,2.9622798412698432
2018-07-19 00:30:00,2.77,2.8728434523809536
2018-07-19 00:45:00,2.81,2.8688697023809535
2018-07-19 01:00:00,2.81,2.924059880952381
2018-07-19 01:15:00,3.1,2.912556289682539
2018-07-19 01:30:00,2.95,2.880079767316017
2018-07-19 01:45:00,3.02,2.8903300000000005
2018-07-19 02:00:00,2.99,3.029194742063492
2018-07-19 02:15:00,2.99,3.0266952705627723
2018-07-19 02:30:00,3.02,3.008279466089464
2018-07-19 02:45:00,2.92,3.0650350595238085
2018-07-19 03:00:00,2.95,3.0526599025974015
2018-07-19 03:15:00,3.46,3.019600178571427
2018-07-19 03:30:00,3.38,3.1012493668831174
2018-07-19 03:45:00,2.74,3.1204193452380964
2018-07-19 04:00:00,2.77,3.058860238095238
2018-07-19 04:15:00,3.17,2.8699433730158717
2018-07-19 04:30:00,2.99,2.8497085119047614
2018-07-19 04:45:00,2.81,2.976305119047619
2018-07-19 05:00:00,2.7,2.9994308333333315
2018-07-19 05:15:00,2.7,2.8642345436507917
2018-07-19 05:30:00,2.7,2.825831190476188
2018-07-19 05:45:00,2.7,2.8003326785714266
2018-07-19 06:00:00,2.7,2.8305852380952383
2018-07-19 06:15:00,2.7,2.832458869047619
2018-07-19 06:30:00,2.59,2.7937165079365074
2018-07-19 06:45:00,2.7,2.8065702579365084
2018-07-19 07:00:00,2.81,2.7328157142857155
2018-07-19 07:15:00,3.24,3.1477962499999994
2018-07-19 07:30:00,3.6,4.56320875
2018-07-19 07:45:00,5.33,4.595212043650794
2018-07-19 08:00:00,46.44,31.372572757936506
2018-07-19 08:15:00,52.81,60.56773055555556
2018-07-19 08:30:00,65.27,64.50740533730159
2018-07-19 08:45:00,71.24,54.93418710317458
2018-07-19 09:00:00,72.5,66.66969571428572
2018-07-19 09:15:00,59.58,67.76151351190477
2018-07-19 09:30:00,52.31,69.27771965909089
2018-07-19 09:45:00,47.45,60.40806065476187
2018-07-19 10:00:00,54.5,65.4960256547619
2018-07-19 10:15:00,62.24,65.00250168650794
2018-07-19 10:30:00,54.04,57.00233910714288
2018-07-19 10:45:00,56.92,57.85323470238099
2018-07-19 11:00:00,70.78,55.79986208333337
2018-07-19 11:15:00,88.81,59.21283726190473
2018-07-19 11:30:00,100.3,60.83687023809527
2018-07-19 11:45:00,91.44,80.351490515873
2018-07-19 12:00:00,7.06,25.611589781746048
2018-07-19 12:15:00,15.55,17.35698464285715
2018-07-19 12:30:00,23.33,18.36783630952381
2018-07-19 12:45:00,26.32,24.10128220238097
2018-07-19 13:00:00,48.64,36.774368154761895
2018-07-19 13:15:00,67.21,40.72976805375178
2018-07-19 13:30:00,94.61,51.76594445346322
2018-07-19 13:45:00,75.28,67.80092283730157
2018-07-19 14:00:00,71.82,84.69348244047619
2018-07-19 14:15:00,97.85,81.91550154761906
2018-07-19 14:30:00,106.27,73.02280696428575
2018-07-19 14:45:00,83.95,82.43296446428569
2018-07-19 15:00:00,75.96,96.14754565476196
2018-07-19 15:15:00,79.38,87.80211426587299
2018-07-19 15:30:00,83.77,76.70820136904764
2018-07-19 15:45:00,78.73,78.10395880952379
2018-07-19 16:00:00,111.42,78.62065720238095
2018-07-19 16:15:00,85.5,76.44122535714288
2018-07-19 16:30:00,90.9,89.72203272727275
2018-07-19 16:45:00,95.76,90.02281759920638
2018-07-19 17:00:00,70.2,82.58989166666666
2018-07-19 17:15:00,96.55,89.56288158730153
2018-07-19 17:30:00,31.68,49.860527757936524
2018-07-19 17:45:00,31.64,54.11817409632036
2018-07-19 18:00:00,55.76,57.06853113095238
2018-07-19 18:15:00,82.66,76.39798317460321
2018-07-19 18:30:00,99.14,70.51956156746031
2018-07-19 18:45:00,69.8,90.01461690476188
2018-07-19 19:00:00,51.44,81.98685749999999
2018-07-19 19:15:00,66.13,84.6299171031746
2018-07-19 19:30:00,65.7,63.984087500000015
2018-07-19 19:45:00,59.22,69.48990875000003
2018-07-19 20:00:00,52.38,74.91948041666666
2018-07-19 20:15:00,51.98,68.10891476190476
2018-07-19 20:30:00,63.22,61.9419277579365
2018-07-19 20:45:00,47.66,40.682145357142865
2018-07-19 21:00:00,40.61,13.147872896825405
2018-07-19 21:15:00,40.28,6.032001453823954
2018-07-19 21:30:00,35.71,18.140157976190487
2018-07-19 21:45:00,33.48,17.644609166666676
2018-07-19 22:00:00,11.84,18.363865952380955
2018-07-19 22:15:00,3.82,16.686431666666678
2018-07-19 22:30:00,3.6,4.959195562770563
2018-07-19 22:45:00,3.53,3.7490943055555537
2018-07-19 23:00:00,4.5,3.5840691666666644
2018-07-19 23:15:00,3.82,3.4686444246031702
2018-07-19 23:30:00,3.38,3.695962619047618
2018-07-19 23:45:00,3.6,3.8057577380952363
2018-07-20 00:00:00,3.38,3.4929196410533905
2018-07-20 00:15:00,2.84,3.5801587932900407
2018-07-20 00:30:00,2.81,3.3627204365079355
2018-07-20 00:45:00,2.77,3.0165280086580095
2018-07-20 01:00:00,2.88,2.9300078174603157
2018-07-20 01:15:00,2.88,2.9364828373015843
2018-07-20 01:30:00,2.84,2.9981392857142835
2018-07-20 01:45:00,2.88,3.000906547619045
2018-07-20 02:00:00,2.81,3.011225238095237
2018-07-20 02:15:00,2.84,3.074919503968253
2018-07-20 02:30:00,2.88,2.918908035714285
2018-07-20 02:45:00,2.84,2.9533985714285693
2018-07-20 03:00:00,2.92,2.9536957142857125
2018-07-20 03:15:00,2.92,2.9978415476190463
2018-07-20 03:30:00,2.81,3.013037678571428
2018-07-20 03:45:00,2.74,3.0210475992063497
2018-07-20 04:00:00,2.77,2.9595213095238058
2018-07-20 04:15:00,3.28,2.947118809523809
2018-07-20 04:30:00,4.21,2.956467916666664
2018-07-20 04:45:00,2.81,2.913584761904762
2018-07-20 05:00:00,2.77,2.9561608333333345
2018-07-20 05:15:00,2.77,2.922509642857143
2018-07-20 05:30:00,2.77,2.9093579166666665
2018-07-20 05:45:00,2.81,2.87060232142857
2018-07-20 06:00:00,2.81,3.0319023412698396
2018-07-20 06:15:00,2.81,3.03093503968254
2018-07-20 06:30:00,2.7,2.9483608134920614
2018-07-20 06:45:00,2.74,2.977280178571426
2018-07-20 07:00:00,2.7,2.951402440476191
2018-07-20 07:15:00,3.2,3.1902370238095203
2018-07-20 07:30:00,3.24,3.887751607142859
2018-07-20 07:45:00,3.78,4.120055396825396
2018-07-20 08:00:00,31.57,43.479288531746036
2018-07-20 08:15:00,47.88,46.852495119047624
2018-07-20 08:30:00,51.52,54.96550111111115
2018-07-20 08:45:00,64.3,60.12444178571426
2018-07-20 09:00:00,59.44,57.429793571428576
2018-07-20 09:15:00,57.71,63.891184384920635
2018-07-20 09:30:00,52.7,59.705958968253924
2018-07-20 09:45:00,53.5,58.87043920634918
2018-07-20 10:00:00,47.12,59.34381715728717
2018-07-20 10:15:00,63.58,60.76982642857142
2018-07-20 10:30:00,54.65,56.471390178571426
2018-07-20 10:45:00,61.38,60.362334583333364
2018-07-20 11:00:00,61.7,62.00464827380955
2018-07-20 11:15:00,63.83,58.648612658730165
2018-07-20 11:30:00,60.3,59.941861249999995
2018-07-20 11:45:00,57.38,59.65285934523809
2018-07-20 12:00:00,6.88,8.286042321428573
2018-07-20 12:15:00,5.33,9.821186277056277
2018-07-20 12:30:00,4.39,10.79783571428572
2018-07-20 12:45:00,4.28,6.123019583333331
2018-07-20 13:00:00,30.38,42.66036529761904
2018-07-20 13:15:00,61.34,58.74784210317458
2018-07-20 13:30:00,61.49,60.959180654761916
2018-07-20 13:45:00,59.33,72.28140020021645
2018-07-20 14:00:00,50.65,63.38505325396827
2018-07-20 14:15:00,54.43,60.81250309523808
2018-07-20 14:30:00,60.01,57.47967918650794
2018-07-20 14:45:00,58.0,55.26052077380948
2018-07-20 15:00:00,62.71,54.375365833333305
2018-07-20 15:15:00,64.58,56.084966527777766
2018-07-20 15:30:00,64.51,58.96393640873014
2018-07-20 15:45:00,63.94,60.24139527777776
2018-07-20 16:00:00,60.91,61.88426930555553
2018-07-20 16:15:00,68.18,61.308743015873006
2018-07-20 16:30:00,99.18,60.46252553571428
2018-07-20 16:45:00,99.04,61.59425448412699
2018-07-20 17:00:00,68.26,81.11969422619052
2018-07-20 17:15:00,59.51,88.86630613095237
2018-07-20 17:30:00,31.28,41.75939297619048
2018-07-20 17:45:00,31.21,38.17179761904761
2018-07-20 18:00:00,42.01,45.53123360569989
2018-07-20 18:15:00,52.34,54.49609132936508
2018-07-20 18:30:00,43.42,51.9399636904762
2018-07-20 18:45:00,82.66,57.088382182539654
2018-07-20 19:00:00,102.35,44.61342023809525
2018-07-20 19:15:00,66.02,77.00197093253972
2018-07-20 19:30:00,82.08,84.59519202380947
2018-07-20 19:45:00,97.67,85.36681664682541
2018-07-20 20:00:00,72.86,74.92117331349208
2018-07-20 20:15:00,67.82,83.40423150793652
2018-07-20 20:30:00,44.68,83.8945948214286
2018-07-20 20:45:00,28.48,57.22624875
2018-07-20 21:00:00,6.19,44.09634744047617
2018-07-20 21:15:00,4.46,27.70652476190475
2018-07-20 21:30:00,3.92,5.321960119047618
2018-07-20 21:45:00,3.92,3.9925354166666667
2018-07-20 22:00:00,3.96,3.8442583225108224
2018-07-20 22:15:00,3.78,3.7714836904761895
2018-07-20 22:30:00,3.6,3.721943571428574
2018-07-20 22:45:00,3.17,3.7104497023809504
2018-07-20 23:00:00,3.1,3.594817142857142
2018-07-20 23:15:00,3.1,3.3998091269841266
2018-07-20 23:30:00,3.1,3.2193586904761897
2018-07-20 23:45:00,3.38,3.262480297619047
2018-07-21 00:00:00,3.13,3.336160654761904
2018-07-21 00:15:00,2.99,3.2523899404761916
2018-07-21 00:30:00,3.06,3.2848732936507936
2018-07-21 00:45:00,3.06,3.1131278571428562
2018-07-21 01:00:00,3.02,3.2518826190476178
2018-07-21 01:15:00,3.02,3.235049285714285
2018-07-21 01:30:00,2.99,3.2446278571428553
2018-07-21 01:45:00,3.24,3.152406845238094
2018-07-21 02:00:00,3.24,3.1595236904761874
2018-07-21 02:15:00,3.64,3.1642527380952363
2018-07-21 02:30:00,3.78,3.144618630952381
2018-07-21 02:45:00,3.35,3.09018994047619
2018-07-21 03:00:00,3.38,3.0983125
2018-07-21 03:15:00,3.28,3.209751666666666
2018-07-21 03:30:00,3.35,3.2135944444444444
2018-07-21 03:45:00,3.28,3.1550310714285725
2018-07-21 04:00:00,3.24,3.1344473809523823
2018-07-21 04:15:00,3.31,3.217644107142854
2018-07-21 04:30:00,3.28,3.216985535714284
2018-07-21 04:45:00,3.28,3.14833488095238
2018-07-21 05:00:00,3.35,3.142028095238095
2018-07-21 05:15:00,3.24,3.162795714285717
2018-07-21 05:30:00,3.71,3.163787380952381
2018-07-21 05:45:00,3.64,3.1810358333333335
2018-07-21 06:00:00,3.24,3.2376843452380952
2018-07-21 06:15:00,3.31,3.21779494047619
2018-07-21 06:30:00,3.24,3.20398996031746
2018-07-21 06:45:00,3.28,3.25068341269841
2018-07-21 07:00:00,3.28,3.1665482936507954
2018-07-21 07:15:00,3.46,3.410648928571431
2018-07-21 07:30:00,4.07,3.6091929761904775
2018-07-21 07:45:00,3.78,3.970624642857141
2018-07-21 08:00:00,24.23,29.44960533730159
2018-07-21 08:15:00,40.39,34.37892773809525
2018-07-21 08:30:00,32.69,27.30341686507937
2018-07-21 08:45:00,33.55,43.99650476190479
2018-07-21 09:00:00,44.42,39.65746732142857
2018-07-21 09:15:00,45.14,36.75797714285713
2018-07-21 09:30:00,43.49,44.393623035714285
2018-07-21 09:45:00,43.74,46.76177898809524
2018-07-21 10:00:00,42.12,45.029982499999996
2018-07-21 10:15:00,45.54,44.082338928571424
2018-07-21 10:30:00,44.64,42.97682952380953
2018-07-21 10:45:00,43.67,45.95137154761905
2018-07-21 11:00:00,44.93,43.68966619047618
2018-07-21 11:15:00,45.14,41.948664523809505
2018-07-21 11:30:00,32.9,45.98076476190476
2018-07-21 11:45:00,10.87,48.086831845238095
2018-07-21 12:00:00,4.25,6.717105000000001
2018-07-21 12:15:00,4.28,4.55410130050505
2018-07-21 12:30:00,4.21,4.32488708333333
2018-07-21 12:45:00,4.14,4.3494270238095245
2018-07-21 13:00:00,11.81,22.14462053571428
2018-07-21 13:15:00,50.29,41.45572464285709
2018-07-21 13:30:00,37.73,41.10070982142855
2018-07-21 13:45:00,31.86,54.06736678571429
2018-07-21 14:00:00,37.01,41.48886214285713
2018-07-21 14:15:00,49.18,39.22945529761905
2018-07-21 14:30:00,31.14,43.73924916666666
2018-07-21 14:45:00,42.19,55.21832837301587
2018-07-21 15:00:00,44.14,39.16109964285716
2018-07-21 15:15:00,50.4,45.43607321428574
2018-07-21 15:30:00,36.65,48.82655821428571
2018-07-21 15:45:00,34.96,51.68347813492064
2018-07-21 16:00:00,51.77,44.51736255952383
2018-07-21 16:15:00,45.68,42.489051650432906
2018-07-21 16:30:00,46.01,50.07230136904763
2018-07-21 16:45:00,12.53,41.78152059523809
2018-07-21 17:00:00,4.5,34.43075208333333
2018-07-21 17:15:00,3.78,7.473883517316023
2018-07-21 17:30:00,3.46,4.184050059523809
2018-07-21 17:45:00,3.46,4.042952738095236
2018-07-21 18:00:00,3.35,3.7145548214285715
2018-07-21 18:15:00,3.35,3.534968333333332
2018-07-21 18:30:00,3.42,3.4449225793650786
2018-07-21 18:45:00,3.53,3.407908551587298
2018-07-21 19:00:00,3.49,3.369325515873014
2018-07-21 19:15:00,3.49,3.4059196825396842
2018-07-21 19:30:00,2.88,3.4016275595238104
2018-07-21 19:45:00,2.95,3.3186141269841274
2018-07-21 20:00:00,2.92,2.9667011904761904
2018-07-21 20:15:00,2.99,3.121127083333333
2018-07-21 20:30:00,2.92,2.999828928571428
2018-07-21 20:45:00,2.95,3.0930300793650805
2018-07-21 21:00:00,2.95,3.0458526190476185
2018-07-21 21:15:00,3.6,3.06285636904762
2018-07-21 21:30:00,3.06,3.095168798701299
2018-07-21 21:45:00,3.1,3.0976597619047634
2018-07-21 22:00:00,2.95,3.0943445238095233
2018-07-21 22:15:00,2.81,3.1784227380952403
2018-07-21 22:30:00,2.84,3.0583195634920624
2018-07-21 22:45:00,2.81,2.928692619047618
2018-07-21 23:00:00,2.81,2.9357849404761898
2018-07-21 23:15:00,2.81,2.9200549999999974
2018-07-21 23:30:00,2.92,2.876601964285712
2018-07-21 23:45:00,2.88,2.8852585714285692
2018-07-22 00:00:00,3.13,3.061965178571427
2018-07-22 00:15:00,2.84,3.092247261904761
2018-07-22 00:30:00,2.81,3.0132966991341994
2018-07-22 00:45:00,2.92,2.9882739880952403
2018-07-22 01:00:00,2.92,2.9075571428571436
2018-07-22 01:15:00,2.88,3.0077427976190485
2018-07-22 01:30:00,2.84,3.071636587301587
2018-07-22 01:45:00,2.88,3.1392673412698415
2018-07-22 02:00:00,3.28,3.159901904761905
2018-07-22 02:15:00,3.31,3.1442698412698387
2018-07-22 02:30:00,2.99,3.010350773809522
2018-07-22 02:45:00,2.88,2.9246725000000002
2018-07-22 03:00:00,2.88,2.925474920634922
2018-07-22 03:15:00,2.88,2.922653373015872
2018-07-22 03:30:00,2.81,2.9160173412698422
2018-07-22 03:45:00,2.81,3.038592857142858
2018-07-22 04:00:00,2.84,2.8870709523809497
2018-07-22 04:15:00,2.92,2.861145119047616
2018-07-22 04:30:00,2.92,2.89683
2018-07-22 04:45:00,2.84,2.874123809523809
2018-07-22 05:00:00,2.77,2.941637361111109
2018-07-22 05:15:00,2.81,2.9657697023809506
2018-07-22 05:30:00,2.81,2.966591170634919
2018-07-22 05:45:00,3.46,2.9523720833333313
2018-07-22 06:00:00,2.77,3.011286884920634
2018-07-22 06:15:00,2.74,2.981614404761903
2018-07-22 06:30:00,2.74,3.0408806349206343
2018-07-22 06:45:00,3.35,2.884005952380954
2018-07-22 07:00:00,2.95,2.936732559523812
2018-07-22 07:15:00,2.7,2.9654067261904764
2018-07-22 07:30:00,2.77,2.95184976190476
2018-07-22 07:45:00,2.66,3.243334404761905
2018-07-22 08:00:00,2.74,25.63275884920634
2018-07-22 08:15:00,2.74,26.48453928571428
2018-07-22 08:30:00,2.74,4.9801978174603185
2018-07-22 08:45:00,2.81,3.520768234126982
2018-07-22 09:00:00,2.88,3.449737757936506
2018-07-22 09:15:00,2.92,3.4033931150793633
2018-07-22 09:30:00,2.92,3.40986728174603
2018-07-22 09:45:00,2.84,3.3808328769841256
2018-07-22 10:00:00,2.88,3.3605759722222235
2018-07-22 10:15:00,2.81,3.408506448412697
2018-07-22 10:30:00,3.28,3.407636448412697
2018-07-22 10:45:00,2.92,3.3992730555555553
2018-07-22 11:00:00,2.81,3.313728531746031
2018-07-22 11:15:00,2.7,3.3115189484126972
2018-07-22 11:30:00,2.7,3.3733248412698407
2018-07-22 11:45:00,2.66,2.9782296031746016
2018-07-22 12:00:00,2.81,3.10625884920635
2018-07-22 12:15:00,3.35,3.142974682539682
2018-07-22 12:30:00,3.38,3.15613115079365
2018-07-22 12:45:00,2.92,3.135700416666665
2018-07-22 13:00:00,2.84,3.3333317857142846
2018-07-22 13:15:00,2.84,3.3158885714285713
2018-07-22 13:30:00,2.84,3.386359126984126
2018-07-22 13:45:00,2.88,3.3740999603174613
2018-07-22 14:00:00,2.92,3.348698849206349
2018-07-22 14:15:00,3.02,3.3293519047619036
2018-07-22 14:30:00,3.46,3.4328949603174572
2018-07-22 14:45:00,3.17,3.3678915079365073
2018-07-22 15:00:00,2.92,3.3503136507936495
2018-07-22 15:15:00,2.95,3.330154404761903
2018-07-22 15:30:00,2.95,3.4567315079365075
2018-07-22 15:45:00,2.92,3.4726353174603184
2018-07-22 16:00:00,2.99,3.324813333333333
2018-07-22 16:15:00,2.99,3.321400654761906
2018-07-22 16:30:00,2.95,3.3560969209956735
2018-07-22 16:45:00,2.95,3.3282773214285726
2018-07-22 17:00:00,2.92,3.296194642857143
2018-07-22 17:15:00,2.95,3.2989874025974006
2018-07-22 17:30:00,2.99,3.2209039953102456
2018-07-22 17:45:00,3.06,3.277635396825396
2018-07-22 18:00:00,2.95,3.2499158730158735
2018-07-22 18:15:00,2.88,4.267327754329005
2018-07-22 18:30:00,3.06,3.2037277380952385
2018-07-22 18:45:00,3.38,6.804438647186156
2018-07-22 19:00:00,3.67,4.106554599567097
2018-07-22 19:15:00,3.53,3.3763317424242416
2018-07-22 19:30:00,3.46,6.873498488455997
2018-07-22 19:45:00,3.02,4.881918488455987
2018-07-22 20:00:00,3.06,6.920409321789333
2018-07-22 20:15:00,3.06,6.98093668650794
2018-07-22 20:30:00,3.17,6.933232519841275
2018-07-22 20:45:00,3.1,3.3188487499999995
2018-07-22 21:00:00,3.06,3.2901667460317467
2018-07-22 21:15:00,3.13,3.1688995833333324
2018-07-22 21:30:00,3.17,3.183030476190475
2018-07-22 21:45:00,3.17,3.265365119047619
2018-07-22 22:00:00,3.1,3.3281080952380955
2018-07-22 22:15:00,2.95,3.224576031746031
2018-07-22 22:30:00,3.06,3.138593710317458
2018-07-22 22:45:00,2.95,3.057765932539682
2018-07-22 23:00:00,2.88,3.2035082936507933
2018-07-22 23:15:00,2.88,3.104260912698413
2018-07-22 23:30:00,2.92,3.046960357142856
2018-07-22 23:45:00,2.84,3.1739938095238114
2018-07-23 00:00:00,2.92,3.0842787499999993
2018-07-23 00:15:00,2.95,3.173650952380951
2018-07-23 00:30:00,2.95,3.0441658928571393
2018-07-23 00:45:00,3.1,3.120950833333331
2018-07-23 01:00:00,4.18,3.168283690476191
2018-07-23 01:15:00,3.49,2.9954176587301573
2018-07-23 01:30:00,2.95,2.997652281746033
2018-07-23 01:45:00,2.95,3.0229874603174585
2018-07-23 02:00:00,2.92,3.0669945346320358
2018-07-23 02:15:00,2.99,3.0165832142857156
2018-07-23 02:30:00,2.92,3.0224649206349206
2018-07-23 02:45:00,2.95,3.0525139087301607
2018-07-23 03:00:00,2.95,3.1112832738095233
2018-07-23 03:15:00,2.88,3.038086249999996
2018-07-23 03:30:00,2.84,3.04066845238095
2018-07-23 03:45:00,2.84,3.0624483928571418
2018-07-23 04:00:00,2.92,3.0125119642857134
2018-07-23 04:15:00,2.92,2.95913494047619
2018-07-23 04:30:00,2.88,3.0056720833333337
2018-07-23 04:45:00,2.77,2.975594642857141
2018-07-23 05:00:00,2.81,3.030735892857143
2018-07-23 05:15:00,2.81,3.021448154761903
2018-07-23 05:30:00,3.31,2.9690821428571414
2018-07-23 05:45:00,2.84,2.969452519841268
2018-07-23 06:00:00,2.77,2.9476791666666675
2018-07-23 06:15:00,2.77,3.0289971825396833
2018-07-23 06:30:00,2.77,2.94555728174603
2018-07-23 06:45:00,3.17,2.9545725793650788
2018-07-23 07:00:00,3.49,2.9985311904761898
2018-07-23 07:15:00,3.67,3.3617349404761923
2018-07-23 07:30:00,3.74,4.011585595238094
2018-07-23 07:45:00,3.74,4.526325912698413
2018-07-23 08:00:00,20.59,53.84004613095235
2018-07-23 08:15:00,48.96,69.23453654761904
2018-07-23 08:30:00,73.55,66.64399214285713
2018-07-23 08:45:00,49.28,63.01831112554116
2018-07-23 09:00:00,72.36,86.33252994047616
2018-07-23 09:15:00,56.99,68.45960579545452
2018-07-23 09:30:00,67.32,72.34629422619048
2018-07-23 09:45:00,45.4,68.4373281150794
2018-07-23 10:00:00,48.85,69.80021285714284
2018-07-23 10:15:00,54.79,68.44693023809523
2018-07-23 10:30:00,59.0,66.52488320165948
2018-07-23 10:45:00,62.78,66.57717898809523
2018-07-23 11:00:00,65.16,60.52815035714287
2018-07-23 11:15:00,60.01,60.70060154761907
2018-07-23 11:30:00,51.8,65.50636946428568
2018-07-23 11:45:00,52.81,61.425831904761914
2018-07-23 12:00:00,6.16,6.103928392857142
2018-07-23 12:15:00,5.36,5.081237142857143
2018-07-23 12:30:00,5.44,5.4846572619047596
2018-07-23 12:45:00,5.33,5.517829226190478
2018-07-23 13:00:00,42.84,37.52456095238094
2018-07-23 13:15:00,66.53,58.98522123015873
2018-07-23 13:30:00,57.2,59.409163392857145
2018-07-23 13:45:00,59.94,69.15766136904763
2018-07-23 14:00:00,63.83,66.08507811507938
2018-07-23 14:15:00,61.45,61.99562083333328
2018-07-23 14:30:00,55.58,61.42745029761907
2018-07-23 14:45:00,57.82,61.804237023809584
2018-07-23 15:00:00,54.14,66.27355511904763
2018-07-23 15:15:00,74.92,63.97426321428572
2018-07-23 15:30:00,59.65,60.596259960317454
2018-07-23 15:45:00,70.7,67.86457124999998
2018-07-23 16:00:00,59.26,64.07969547619045
2018-07-23 16:15:00,55.51,67.73231073412695
2018-07-23 16:30:00,65.7,67.93761702380951
2018-07-23 16:45:00,56.48,62.27419067460314
2018-07-23 17:00:00,63.0,67.11544660714289
2018-07-23 17:15:00,83.88,61.402776666666675
2018-07-23 17:30:00,29.92,32.85727851190475
2018-07-23 17:45:00,30.85,53.620779206349205
2018-07-23 18:00:00,57.64,42.23593321428573
2018-07-23 18:15:00,103.43,52.0453358531746
2018-07-23 18:30:00,76.61,69.09109867063488
2018-07-23 18:45:00,93.38,94.04916726911975
2018-07-23 19:00:00,79.99,81.95274232142857
2018-07-23 19:15:00,99.29,80.30604823412699
2018-07-23 19:30:00,88.34,84.91449583333333
2018-07-23 19:45:00,74.3,81.88575097222218
2018-07-23 20:00:00,101.09,88.14753797619049
2018-07-23 20:15:00,67.5,73.97427869047623
2018-07-23 20:30:00,61.38,79.79481821428568
2018-07-23 20:45:00,38.27,49.081755456349164
2018-07-23 21:00:00,5.0,14.112302539682542
2018-07-23 21:15:00,4.21,13.381212559523815
2018-07-23 21:30:00,3.85,6.822422976190475
2018-07-23 21:45:00,3.89,4.022208095238096
2018-07-23 22:00:00,3.85,3.750646190476192
2018-07-23 22:15:00,3.64,3.68175517857143
2018-07-23 22:30:00,3.49,3.729649821428572
2018-07-23 22:45:00,3.06,3.706475773809523
2018-07-23 23:00:00,2.84,3.776137341269843
2018-07-23 23:15:00,2.81,3.3628317658730156
2018-07-23 23:30:00,2.77,3.0485667460317467
2018-07-23 23:45:00,2.88,3.045864384920634
2018-07-24 00:00:00,2.81,2.9491702777777777
2018-07-24 00:15:00,3.53,3.044004166666666
2018-07-24 00:30:00,2.99,2.927118888888889
2018-07-24 00:45:00,2.81,2.9803219642857153
2018-07-24 01:00:00,2.92,3.08443494047619
2018-07-24 01:15:00,2.92,2.9205063888888856
2018-07-24 01:30:00,2.88,2.942708035714284
2018-07-24 01:45:00,2.92,2.985311488095239
2018-07-24 02:00:00,2.99,2.980569226190476
2018-07-24 02:15:00,3.46,3.0143791071428567
2018-07-24 02:30:00,2.92,3.0563033730158726
2018-07-24 02:45:00,2.92,2.9807294047619037
2018-07-24 03:00:00,2.95,2.996023055555556
2018-07-24 03:15:00,3.06,2.9550151984126956
2018-07-24 03:30:00,3.02,2.985692680375179
2018-07-24 03:45:00,2.95,3.0828000793650805
2018-07-24 04:00:00,2.99,3.0392405357142853
2018-07-24 04:15:00,2.92,3.063424365079366
2018-07-24 04:30:00,2.92,3.2084443849206377
2018-07-24 04:45:00,2.95,3.1536091937229425
2018-07-24 05:00:00,2.95,3.1005034595959593
2018-07-24 05:15:00,3.35,3.1089641883116887
2018-07-24 05:30:00,3.35,3.1921311904761915
2018-07-24 05:45:00,2.92,2.956852698412697
2018-07-24 06:00:00,2.95,2.9361727777777777
2018-07-24 06:15:00,2.92,3.0025936904761887
2018-07-24 06:30:00,3.02,3.017018809523808
2018-07-24 06:45:00,2.88,2.9738401587301553
2018-07-24 07:00:00,3.46,3.094933174603174
2018-07-24 07:15:00,3.49,3.362881746031747
2018-07-24 07:30:00,3.56,3.557629682539684
2018-07-24 07:45:00,3.38,4.376110297619049
2018-07-24 08:00:00,34.06,33.318198333333335
2018-07-24 08:15:00,71.32,53.809162499999964
2018-07-24 08:30:00,94.61,54.4116011904762
2018-07-24 08:45:00,96.41,80.54549613095237
2018-07-24 09:00:00,82.19,89.17019444444436
2018-07-24 09:15:00,93.02,92.118060952381
2018-07-24 09:30:00,92.52,86.77872656746034
2018-07-24 09:45:00,78.41,86.8404976785714
2018-07-24 10:00:00,97.06,91.60717583333332
2018-07-24 10:15:00,99.18,84.52453559523812
2018-07-24 10:30:00,104.94,88.15140321428576
2018-07-24 10:45:00,105.37,92.64239309523813
2018-07-24 11:00:00,102.56,91.35335755952377
2018-07-24 11:15:00,103.64,96.89576779761914
2018-07-24 11:30:00,88.06,95.86599849567108
2018-07-24 11:45:00,102.92,96.64362780122663
2018-07-24 12:00:00,7.27,9.48271617063492
2018-07-24 12:15:00,5.65,5.316363630952384
2018-07-24 12:30:00,5.51,5.827972202380949
2018-07-24 12:45:00,5.4,6.1180677579365135
2018-07-24 13:00:00,42.08,64.84638009920634
2018-07-24 13:15:00,83.56,86.35488871031743
2018-07-24 13:30:00,103.64,72.46322394841268
2018-07-24 13:45:00,94.21,86.29529720238097
2018-07-24 14:00:00,56.38,86.54203220238098
2018-07-24 14:15:00,55.8,95.77903946428573
2018-07-24 14:30:00,61.02,70.555632281746
2018-07-24 14:45:00,66.96,65.25288398809522
2018-07-24 15:00:00,66.49,66.09002404761904
2018-07-24 15:15:00,56.74,72.17521783730159
2018-07-24 15:30:00,53.64,72.08918196428571
2018-07-24 15:45:00,58.46,65.14956595238097
2018-07-24 16:00:00,51.52,66.95513892857144
2018-07-24 16:15:00,55.84,65.54887533730164
2018-07-24 16:30:00,58.32,63.742306190476185
2018-07-24 16:45:00,55.44,60.93950851190477
2018-07-24 17:00:00,54.94,62.094793591269834
2018-07-24 17:15:00,43.63,61.786912341269854
2018-07-24 17:30:00,29.12,33.358113095238096
2018-07-24 17:45:00,30.28,32.275837499999994
2018-07-24 18:00:00,49.68,43.12380136904763
2018-07-24 18:15:00,56.16,50.305262261904815
2018-07-24 18:30:00,58.61,65.07570113095235
2018-07-24 18:45:00,54.68,58.1905465873016
2018-07-24 19:00:00,46.91,60.31607932539684
2018-07-24 19:15:00,57.89,58.454967380952354
2018-07-24 19:30:00,58.5,51.521241626984136
2018-07-24 19:45:00,46.66,57.515103055555564
2018-07-24 20:00:00,52.56,58.68636160714287
2018-07-24 20:15:00,61.27,50.22255001984126
2018-07-24 20:30:00,39.02,50.04471119047616
2018-07-24 20:45:00,29.16,41.633906964285714
2018-07-24 21:00:00,8.68,7.0404690476190455
2018-07-24 21:15:00,3.92,12.458872500000002
2018-07-24 21:30:00,3.85,4.034597043650792
2018-07-24 21:45:00,3.82,3.854755317460318
2018-07-24 22:00:00,3.64,3.7574461598124116
2018-07-24 22:15:00,3.56,3.602665416666667
2018-07-24 22:30:00,3.56,3.5474125396825387
2018-07-24 22:45:00,3.53,3.5580684090909087
2018-07-24 23:00:00,2.95,3.5916155357142854
2018-07-24 23:15:00,2.88,3.501543511904762
2018-07-24 23:30:00,2.88,3.1190455952380933
2018-07-24 23:45:00,2.74,3.33594146825397
2018-07-25 00:00:00,2.84,3.173559345238096
2018-07-25 00:15:00,3.13,3.0208478373015857
2018-07-25 00:30:00,3.24,2.9698209523809522
2018-07-25 00:45:00,2.84,2.940538095238095
2018-07-25 01:00:00,3.13,2.936632499999999
2018-07-25 01:15:00,3.06,2.9751354761904762
2018-07-25 01:30:00,2.99,3.112255357142857
2018-07-25 01:45:00,2.99,3.1481340873015857
2018-07-25 02:00:00,3.02,3.162103928571428
2018-07-25 02:15:00,3.02,3.102195892857146
2018-07-25 02:30:00,2.99,3.233393214285715
2018-07-25 02:45:00,2.95,3.2466103571428584
2018-07-25 03:00:00,3.17,3.2496988492063514
2018-07-25 03:15:00,3.31,3.2853877994227996
2018-07-25 03:30:00,3.24,3.1345711904761897
2018-07-25 03:45:00,3.35,3.1122823214285704
2018-07-25 04:00:00,3.2,3.0528342857142854
2018-07-25 04:15:00,3.17,2.999179722222222
2018-07-25 04:30:00,3.2,3.246798154761905
2018-07-25 04:45:00,3.13,3.2582870238095243
2018-07-25 05:00:00,3.13,3.1342098214285725
2018-07-25 05:15:00,3.2,3.2640923809523827
2018-07-25 05:30:00,3.17,3.2521759523809517
2018-07-25 05:45:00,3.56,3.202381666666669
2018-07-25 06:00:00,3.78,3.1951576785714297
2018-07-25 06:15:00,3.31,3.1646741468253947
2018-07-25 06:30:00,3.06,3.1763789285714275
2018-07-25 06:45:00,3.13,3.203645357142855
2018-07-25 07:00:00,3.17,3.191773809523809
2018-07-25 07:15:00,3.82,3.59995349206349
2018-07-25 07:30:00,4.14,4.616257976190474
2018-07-25 07:45:00,3.82,8.5327514484127
2018-07-25 08:00:00,17.75,41.079514861111086
2018-07-25 08:15:00,49.68,65.55942436507937
2018-07-25 08:30:00,57.17,48.29781559523807
2018-07-25 08:45:00,59.9,66.36786166666664
2018-07-25 09:00:00,57.38,58.50191472222224
2018-07-25 09:15:00,59.33,56.78998851190474
2018-07-25 09:30:00,46.91,52.25125561507939
2018-07-25 09:45:00,47.74,53.54448660714288
2018-07-25 10:00:00,49.14,52.13515083333337
2018-07-25 10:15:00,48.96,55.5736834920635
2018-07-25 10:30:00,47.74,58.97875406746033
2018-07-25 10:45:00,51.26,58.08453821428572
2018-07-25 11:00:00,58.18,53.35202051587302
2018-07-25 11:15:00,46.44,54.28643198412694
2018-07-25 11:30:00,57.96,57.439615793650766
2018-07-25 11:45:00,40.43,51.42161740079366
2018-07-25 12:00:00,4.39,11.548114107142858
2018-07-25 12:15:00,5.44,9.285086098484848
2018-07-25 12:30:00,5.65,4.969178012265513
2018-07-25 12:45:00,5.58,6.049671643217894
2018-07-25 13:00:00,28.26,50.65984337301588
2018-07-25 13:15:00,49.75,54.71570277777778
2018-07-25 13:30:00,51.3,55.966941547619044
2018-07-25 13:45:00,54.9,58.89187107142859
2018-07-25 14:00:00,57.53,52.64256658730159
2018-07-25 14:15:00,60.23,53.93828434523809
2018-07-25 14:30:00,56.88,54.726203492063526
2018-07-25 14:45:00,63.4,57.013739384920655
2018-07-25 15:00:00,45.18,57.12837503968252
2018-07-25 15:15:00,52.6,58.40802202380951
2018-07-25 15:30:00,56.88,50.0588854166667
2018-07-25 15:45:00,54.18,59.108769920634955
2018-07-25 16:00:00,63.0,59.81584760281385
2018-07-25 16:15:00,81.76,55.99450124999999
2018-07-25 16:30:00,98.93,56.459363055555535
2018-07-25 16:45:00,90.9,72.21776121031746
2018-07-25 17:00:00,92.56,81.31675982142859
2018-07-25 17:15:00,90.94,77.91874000000008
2018-07-25 17:30:00,29.84,57.528663928571426
2018-07-25 17:45:00,30.17,53.6651263095238
2018-07-25 18:00:00,48.78,48.20150886904766
2018-07-25 18:15:00,93.17,59.185031329365074
2018-07-25 18:30:00,103.86,56.47016165945169
2018-07-25 18:45:00,84.28,75.14165886904762
2018-07-25 19:00:00,94.64,85.46418077380952
2018-07-25 19:15:00,92.09,79.6577045039683
2018-07-25 19:30:00,79.67,91.44671323412695
2018-07-25 19:45:00,113.47,88.9813594047619
2018-07-25 20:00:00,84.28,74.14371160714288
2018-07-25 20:15:00,105.55,96.10158301587302
2018-07-25 20:30:00,69.91,84.76394684523811
2018-07-25 20:45:00,8.86,58.12735059523809
2018-07-25 21:00:00,6.16,23.704079583333336
2018-07-25 21:15:00,3.64,5.698614821428573
2018-07-25 21:30:00,3.56,4.6521898214285695
2018-07-25 21:45:00,3.53,3.833178075396828
2018-07-25 22:00:00,3.42,3.602208154761901
2018-07-25 22:15:00,3.31,3.4570682142857105
2018-07-25 22:30:00,3.24,3.5115832305194807
2018-07-25 22:45:00,3.28,3.349785634920637
2018-07-25 23:00:00,2.66,3.2728605158730177
2018-07-25 23:15:00,2.59,3.3022508928571432
2018-07-25 23:30:00,2.59,2.9417907142857147
2018-07-25 23:45:00,2.81,2.962882261904763
2018-07-26 00:00:00,2.63,2.763312380952381
2018-07-26 00:15:00,2.66,2.772895000000002
2018-07-26 00:30:00,2.63,2.721919067460317
2018-07-26 00:45:00,2.63,2.7254775198412666
2018-07-26 01:00:00,2.88,2.7182649603174593
2018-07-26 01:15:00,3.2,2.7046325396825406
2018-07-26 01:30:00,3.38,2.9068074404761903
2018-07-26 01:45:00,3.28,2.8654238690476195
2018-07-26 02:00:00,3.56,2.9315938095238097
2018-07-26 02:15:00,3.82,2.940925833333333
2018-07-26 02:30:00,3.31,2.9928784920634923
2018-07-26 02:45:00,3.17,3.2328852976190476
2018-07-26 03:00:00,3.42,3.2223373214285687
2018-07-26 03:15:00,3.64,3.1662841865079354
2018-07-26 03:30:00,3.17,3.2374697023809524
2018-07-26 03:45:00,3.2,3.1817496428571412
2018-07-26 04:00:00,3.17,3.0986716071428564
2018-07-26 04:15:00,3.2,3.188823333333332
2018-07-26 04:30:00,3.17,3.223566785714287
2018-07-26 04:45:00,3.17,3.279677499999999
2018-07-26 05:00:00,3.1,3.259696904761904
2018-07-26 05:15:00,3.13,3.282780357142857
2018-07-26 05:30:00,3.1,3.270896547619047
2018-07-26 05:45:00,3.1,3.3019914880952377
2018-07-26 06:00:00,3.13,3.354572857142856
2018-07-26 06:15:00,3.1,3.3619552777777786
2018-07-26 06:30:00,3.06,3.5014248809523814
2018-07-26 06:45:00,3.06,3.398579206349206
2018-07-26 07:00:00,3.24,3.377189841269841
2018-07-26 07:15:00,3.2,3.607517857142858
2018-07-26 07:30:00,3.56,4.444850535714288
2018-07-26 07:45:00,5.04,4.25615845238095
2018-07-26 08:00:00,35.46,47.37265869047619
2018-07-26 08:15:00,107.17,73.09389559523805
2018-07-26 08:30:00,79.74,57.394749265873
2018-07-26 08:45:00,102.42,99.50503753968263
2018-07-26 09:00:00,100.12,78.5317710119048
2018-07-26 09:15:00,41.9,80.50602652777779
2018-07-26 09:30:00,56.95,97.10056434523817
2018-07-26 09:45:00,37.76,55.93406642857147
2018-07-26 10:00:00,36.29,61.89606035714283
2018-07-26 10:15:00,49.61,45.45201910714286
2018-07-26 10:30:00,50.15,51.436813948412684
2018-07-26 10:45:00,47.66,62.07881365079367
2018-07-26 11:00:00,51.01,60.24064296536796
2018-07-26 11:15:00,45.58,57.99504392857142
2018-07-26 11:30:00,52.24,59.91147396825396
2018-07-26 11:45:00,49.28,50.699355119047624
2018-07-26 12:00:00,16.7,6.90239863095238
2018-07-26 12:15:00,4.9,9.230413095238093
2018-07-26 12:30:00,4.61,6.408601567460311
2018-07-26 12:45:00,5.0,5.2046313744588755
2018-07-26 13:00:00,28.62,41.43428398809523
2018-07-26 13:15:00,52.67,54.256805138888886
2018-07-26 13:30:00,56.12,64.30944746031744
2018-07-26 13:45:00,55.08,71.68874569805197
2018-07-26 14:00:00,42.55,67.99984255952383
2018-07-26 14:15:00,45.14,63.13692513888889
2018-07-26 14:30:00,45.97,52.10765863095237
2018-07-26 14:45:00,51.88,53.0653125595238
2018-07-26 15:00:00,48.96,54.743923789682555
2018-07-26 15:15:00,53.64,60.237275535714254
2018-07-26 15:30:00,56.95,56.54589761904762
2018-07-26 15:45:00,59.0,62.46604928571434
2018-07-26 16:00:00,56.95,60.34511238095243
2018-07-26 16:15:00,53.64,59.07626303571429
2018-07-26 16:30:00,56.09,59.69898841269841
2018-07-26 16:45:00,46.94,59.80017565476192
2018-07-26 17:00:00,56.2,59.768789146825384
2018-07-26 17:15:00,47.27,51.90709238095239
2018-07-26 17:30:00,28.44,32.71057660714285
2018-07-26 17:45:00,28.44,32.015492440476194
2018-07-26 18:00:00,35.82,38.419035634920604
2018-07-26 18:15:00,54.9,44.000408452380974
2018-07-26 18:30:00,42.55,47.79364589285712
2018-07-26 18:45:00,60.91,55.422555496031734
2018-07-26 19:00:00,53.89,43.24853654761903
2018-07-26 19:15:00,63.61,59.7033005952381
2018-07-26 19:30:00,55.73,56.174751190476165
2018-07-26 19:45:00,45.43,58.47511228174601
2018-07-26 20:00:00,63.18,57.094264126984115
2018-07-26 20:15:00,52.6,48.41820301587301
2018-07-26 20:30:00,38.77,53.31676535714284
2018-07-26 20:45:00,7.06,48.89928634920634
2018-07-26 21:00:00,6.12,32.484764246031766
2018-07-26 21:15:00,3.78,12.192158869047612
2018-07-26 21:30:00,3.71,4.804524642857143
2018-07-26 21:45:00,3.64,3.99598488095238
2018-07-26 22:00:00,3.71,3.7519923809523785
2018-07-26 22:15:00,4.46,3.503448392857141
2018-07-26 22:30:00,3.46,3.4928562500000004
2018-07-26 22:45:00,2.88,3.6125419047619043
2018-07-26 23:00:00,2.84,3.63956626984127
2018-07-26 23:15:00,2.74,3.407753571428571
2018-07-26 23:30:00,2.77,3.0854746428571422
2018-07-26 23:45:00,2.81,3.106767500000002
2018-07-27 00:00:00,2.77,2.944677619047618
2018-07-27 00:15:00,2.81,2.966990039682537
2018-07-27 00:30:00,2.84,2.933526547619047
2018-07-27 00:45:00,2.84,2.921387063492064
2018-07-27 01:00:00,2.84,2.9346494047619025
2018-07-27 01:15:00,2.88,2.8986173809523788
2018-07-27 01:30:00,2.84,2.9438383333333324
2018-07-27 01:45:00,2.88,2.932714126984126
2018-07-27 02:00:00,2.88,2.966907321428572
2018-07-27 02:15:00,3.2,2.9887056746031733
2018-07-27 02:30:00,3.06,3.016005515873013
2018-07-27 02:45:00,2.88,2.996549318181819
2018-07-27 03:00:00,2.88,2.949873988095237
2018-07-27 03:15:00,2.88,3.0605733730158717
2018-07-27 03:30:00,2.92,3.000349166666665
2018-07-27 03:45:00,2.88,3.0657439285714263
2018-07-27 04:00:00,2.92,3.1016961904761895
2018-07-27 04:15:00,3.46,3.0826922817460303
2018-07-27 04:30:00,3.24,3.1617335119047607
2018-07-27 04:45:00,2.81,2.9879586904761903
2018-07-27 05:00:00,2.84,2.9867271230158723
2018-07-27 05:15:00,2.84,2.9202138095238093
2018-07-27 05:30:00,2.84,2.906237162698411
2018-07-27 05:45:00,2.81,2.930570595238093
2018-07-27 06:00:00,2.77,2.9264408730158715
2018-07-27 06:15:00,3.24,2.8973965079365063
2018-07-27 06:30:00,3.02,2.9126257142857135
2018-07-27 06:45:00,2.81,2.952644761904762
2018-07-27 07:00:00,2.95,2.9567881349206346
2018-07-27 07:15:00,4.25,3.2638739285714267
2018-07-27 07:30:00,4.07,3.6134445634920644
2018-07-27 07:45:00,3.96,5.4564882738095255
2018-07-27 08:00:00,28.4,34.90731019841268
2018-07-27 08:15:00,66.1,57.83087170634921
2018-07-27 08:30:00,50.4,44.193484523809495
2018-07-27 08:45:00,46.8,79.69312543650791
2018-07-27 09:00:00,66.31,56.31039232142855
2018-07-27 09:15:00,55.62,57.82259400252528
2018-07-27 09:30:00,58.79,61.460381250000026
2018-07-27 09:45:00,60.88,55.309468869047606
2018-07-27 10:00:00,52.56,53.505351507936545
2018-07-27 10:15:00,60.66,57.67512081709956
2018-07-27 10:30:00,56.95,60.22209126984122
2018-07-27 10:45:00,62.6,59.94401517857149
2018-07-27 11:00:00,45.76,56.99867880952378
2018-07-27 11:15:00,50.0,59.571580694444464
2018-07-27 11:30:00,53.14,48.96096333333334
2018-07-27 11:45:00,48.89,57.4623565277778
2018-07-27 12:00:00,4.25,8.294064960317455
2018-07-27 12:15:00,4.54,4.830513194444443
2018-07-27 12:30:00,4.57,4.926564523809526
2018-07-27 12:45:00,4.61,5.031132420634918
2018-07-27 13:00:00,19.55,37.73919202380951
2018-07-27 13:15:00,47.02,57.95805986111108
2018-07-27 13:30:00,53.28,57.7504428968254
2018-07-27 13:45:00,55.3,57.851073014069236
2018-07-27 14:00:00,52.02,52.4221581547619
2018-07-27 14:15:00,55.4,53.51143178571429
2018-07-27 14:30:00,51.05,52.135745039682554
2018-07-27 14:45:00,39.96,52.085985422077954
2018-07-27 15:00:00,41.15,52.70600603174605
2018-07-27 15:15:00,50.76,49.87364329365082
2018-07-27 15:30:00,54.65,49.22873031746035
2018-07-27 15:45:00,55.08,51.00985130952382
2018-07-27 16:00:00,56.34,50.76064083333333
2018-07-27 16:15:00,52.88,49.38791113095238
2018-07-27 16:30:00,48.24,52.7271072420635
2018-07-27 16:45:00,54.4,53.567032003968215
2018-07-27 17:00:00,53.21,52.769692718253985
2018-07-27 17:15:00,39.85,49.47906164682539
2018-07-27 17:30:00,25.31,28.83532035714285
2018-07-27 17:45:00,25.56,27.749322500000016
2018-07-27 18:00:00,29.52,27.336818080808076
2018-07-27 18:15:00,45.97,29.545729444444436
2018-07-27 18:30:00,52.85,38.579139404761925
2018-07-27 18:45:00,67.57,50.56261444444445
2018-07-27 19:00:00,50.87,49.05611073412699
2018-07-27 19:15:00,54.32,61.60721819444448
2018-07-27 19:30:00,55.08,51.31772837301586
2018-07-27 19:45:00,34.24,51.673139920634924
2018-07-27 20:00:00,32.87,54.50055908730158
2018-07-27 20:15:00,40.14,45.46960085317457
2018-07-27 20:30:00,48.13,44.04266047619048
2018-07-27 20:45:00,15.8,18.635447380952396
2018-07-27 21:00:00,6.77,9.617882103174606
2018-07-27 21:15:00,4.36,4.36971285714286
2018-07-27 21:30:00,3.82,4.194150833333332
2018-07-27 21:45:00,3.85,3.9781952976190444
2018-07-27 22:00:00,3.78,3.7741460714285693
2018-07-27 22:15:00,3.1,3.734573600288599
2018-07-27 22:30:00,2.92,3.581609980158731
2018-07-27 22:45:00,2.92,3.4639298412698425
2018-07-27 23:00:00,2.92,3.1152428571428565
2018-07-27 23:15:00,2.84,3.0783228571428567
2018-07-27 23:30:00,2.84,3.05445880952381
2018-07-27 23:45:00,2.66,3.2046763293650793
2018-07-28 00:00:00,2.81,3.115010257936508
2018-07-28 00:15:00,2.92,2.8728733333333314
2018-07-28 00:30:00,2.88,2.8717651587301565
2018-07-28 00:45:00,2.92,2.8662546428571396
2018-07-28 01:00:00,2.95,2.9783265476190444
2018-07-28 01:15:00,3.38,2.9762285714285714
2018-07-28 01:30:00,3.78,3.1114638095238094
2018-07-28 01:45:00,3.24,2.9731107738095233
2018-07-28 02:00:00,3.6,2.9491259126984115
2018-07-28 02:15:00,3.46,3.006247619047619
2018-07-28 02:30:00,3.56,3.246427718253967
2018-07-28 02:45:00,3.64,3.208480000000001
2018-07-28 03:00:00,3.49,3.1154539285714287
2018-07-28 03:15:00,4.0,3.207939345238097
2018-07-28 03:30:00,3.85,3.2701217857142852
2018-07-28 03:45:00,3.46,3.240271626984127
2018-07-28 04:00:00,3.42,3.210127738095238
2018-07-28 04:15:00,3.49,3.3719061309523806
2018-07-28 04:30:00,3.46,3.4036667857142877
2018-07-28 04:45:00,3.42,3.362054444444445
2018-07-28 05:00:00,3.35,3.298926865079366
2018-07-28 05:15:00,3.28,3.310303174603172
2018-07-28 05:30:00,3.24,3.351888452380953
2018-07-28 05:45:00,3.31,3.3774872023809523
2018-07-28 06:00:00,3.2,3.306696904761907
2018-07-28 06:15:00,3.28,3.3329153715728705
2018-07-28 06:30:00,3.2,3.312259642857143
2018-07-28 06:45:00,3.2,3.3554344047619056
2018-07-28 07:00:00,3.2,3.280319484126984
2018-07-28 07:15:00,4.79,3.4398146626984127
2018-07-28 07:30:00,6.73,3.384511547619046
2018-07-28 07:45:00,6.12,4.500491269841268
2018-07-28 08:00:00,18.72,34.63584452380953
2018-07-28 08:15:00,42.44,32.89989307539682
2018-07-28 08:30:00,51.19,24.024351567460304
2018-07-28 08:45:00,35.75,38.72630016233766
2018-07-28 09:00:00,35.78,50.80140821428569
2018-07-28 09:15:00,36.83,41.37445373015874
2018-07-28 09:30:00,49.21,47.771658472222235
2018-07-28 09:45:00,47.23,41.75111654761908
2018-07-28 10:00:00,46.4,46.60285535714288
2018-07-28 10:15:00,39.38,48.22279162698413
2018-07-28 10:30:00,40.32,47.10358059523812
2018-07-28 10:45:00,56.38,46.360405476190515
2018-07-28 11:00:00,67.61,45.95323702380955
2018-07-28 11:15:00,45.86,50.98422283730162
2018-07-28 11:30:00,57.89,60.88999297619047
2018-07-28 11:45:00,27.68,40.87281910714286
2018-07-28 12:00:00,4.54,5.292370972222226
2018-07-28 12:15:00,4.68,6.129781230158727
2018-07-28 12:30:00,4.5,4.40281458333333
2018-07-28 12:45:00,4.39,4.642771585497834
2018-07-28 13:00:00,35.93,26.378521130952386
2018-07-28 13:15:00,47.27,50.263369940476174
2018-07-28 13:30:00,46.01,45.9224390277778
2018-07-28 13:45:00,45.29,45.716861071428575
2018-07-28 14:00:00,71.53,43.27128166666669
2018-07-28 14:15:00,44.89,53.42385232142863
2018-07-28 14:30:00,63.9,61.636969201770455
2018-07-28 14:45:00,49.9,47.930513988095235
2018-07-28 15:00:00,44.53,54.2428463888889
2018-07-28 15:15:00,41.65,53.57116035714284
2018-07-28 15:30:00,44.57,45.08482696428571
2018-07-28 15:45:00,50.94,41.97844112554113
2018-07-28 16:00:00,50.58,51.117142738095225
2018-07-28 16:15:00,48.92,49.18264446428573
2018-07-28 16:30:00,33.98,46.69324384920638
2018-07-28 16:45:00,22.82,39.56782892857142
2018-07-28 17:00:00,11.23,14.49073329365079
2018-07-28 17:15:00,3.49,14.487997187950935
2018-07-28 17:30:00,3.42,8.550670674603174
2018-07-28 17:45:00,3.53,3.6016794047619034
2018-07-28 18:00:00,3.35,3.534309345238092
2018-07-28 18:15:00,3.35,3.5614427976190415
2018-07-28 18:30:00,4.1,3.5497617261904764
2018-07-28 18:45:00,4.14,3.5377083134920633
2018-07-28 19:00:00,2.84,3.5295649603174577
2018-07-28 19:15:00,2.95,3.5232378174603163
2018-07-28 19:30:00,2.92,3.1662277777777774
2018-07-28 19:45:00,2.84,3.2689722619047616
2018-07-28 20:00:00,2.88,3.0051742857142836
2018-07-28 20:15:00,2.92,3.0236284325396814
2018-07-28 20:30:00,2.88,2.9803828571428554
2018-07-28 20:45:00,2.84,2.968491726190476
2018-07-28 21:00:00,2.92,2.9471607142857152
2018-07-28 21:15:00,2.81,3.06805255050505
2018-07-28 21:30:00,2.81,2.9143904166666634
2018-07-28 21:45:00,2.88,2.8806332738095235
2018-07-28 22:00:00,2.7,2.909174940476191
2018-07-28 22:15:00,2.63,2.8582529166666655
2018-07-28 22:30:00,2.74,2.8881489285714257
2018-07-28 22:45:00,3.13,2.8558917857142854
2018-07-28 23:00:00,2.88,2.91562386904762
2018-07-28 23:15:00,2.59,2.7791862500000004
2018-07-28 23:30:00,2.59,2.9813097619047615
2018-07-28 23:45:00,2.74,2.8329140079365085
2018-07-29 00:00:00,2.66,2.7721574999999996
2018-07-29 00:15:00,2.66,2.7267040476190463
2018-07-29 00:30:00,2.63,2.668865773809523
2018-07-29 00:45:00,3.06,2.711422857142856
2018-07-29 01:00:00,3.13,2.6786865476190456
2018-07-29 01:15:00,2.7,2.734413630952381
2018-07-29 01:30:00,2.66,2.7293435714285734
2018-07-29 01:45:00,2.74,2.7591889285714304
2018-07-29 02:00:00,2.7,2.7446358333333323
2018-07-29 02:15:00,2.66,2.8498712121212115
2018-07-29 02:30:00,2.66,2.815936331168832
2018-07-29 02:45:00,2.66,2.7700216666666675
2018-07-29 03:00:00,2.7,2.7400237896825383
2018-07-29 03:15:00,2.74,2.7780945039682536
2018-07-29 03:30:00,2.74,2.8799595454545477
2018-07-29 03:45:00,2.66,2.891891450216451
2018-07-29 04:00:00,3.02,2.817632224025976
2018-07-29 04:15:00,3.06,2.7762072420634936
2018-07-29 04:30:00,2.7,2.781377045454545
2018-07-29 04:45:00,2.7,2.7517466666666675
2018-07-29 05:00:00,2.74,2.8546575000000005
2018-07-29 05:15:00,2.66,2.8064007738095227
2018-07-29 05:30:00,2.7,2.8662199025974013
2018-07-29 05:45:00,2.7,2.7509802777777796
2018-07-29 06:00:00,2.66,2.9274417478354997
2018-07-29 06:15:00,2.66,2.843962997835499
2018-07-29 06:30:00,2.88,2.820910654761905
2018-07-29 06:45:00,3.28,2.768183551587303
2018-07-29 07:00:00,2.95,2.8016051406926414
2018-07-29 07:15:00,2.66,2.8527104166666675
2018-07-29 07:30:00,2.81,3.0605997023809524
2018-07-29 07:45:00,3.17,3.096642321428571
2018-07-29 08:00:00,19.73,9.997417638888892
2018-07-29 08:15:00,34.7,22.903769325396816
2018-07-29 08:30:00,32.54,27.473888154761898
2018-07-29 08:45:00,35.39,36.08684767857144
2018-07-29 09:00:00,35.89,33.70514238095237
2018-07-29 09:15:00,32.51,33.82425154761904
2018-07-29 09:30:00,35.28,33.360701488095216
2018-07-29 09:45:00,32.47,33.035175873015866
2018-07-29 10:00:00,31.86,32.65488934523808
2018-07-29 10:15:00,35.14,33.63830273809523
2018-07-29 10:30:00,32.15,33.19909414682539
2018-07-29 10:45:00,35.39,32.92500636904763
2018-07-29 11:00:00,32.69,31.931852936507934
2018-07-29 11:15:00,34.99,32.73907125000002
2018-07-29 11:30:00,34.16,31.33857
2018-07-29 11:45:00,11.09,17.029835793650783
2018-07-29 12:00:00,3.42,5.449732559523808
2018-07-29 12:15:00,3.53,4.694814475108224
2018-07-29 12:30:00,3.49,4.07243380952381
2018-07-29 12:45:00,3.56,4.204185615079362
2018-07-29 13:00:00,12.02,19.580434523809526
2018-07-29 13:15:00,33.98,29.662903333333333
2018-07-29 13:30:00,32.62,29.437571587301587
2018-07-29 13:45:00,33.55,34.43056119047621
2018-07-29 14:00:00,35.42,35.05877428571425
2018-07-29 14:15:00,34.63,34.047730714285734
2018-07-29 14:30:00,32.72,34.794051428571436
2018-07-29 14:45:00,33.3,33.98287964285714
2018-07-29 15:00:00,28.73,33.69247599206349
2018-07-29 15:15:00,34.92,34.28084059523808
2018-07-29 15:30:00,33.8,28.024667178932187
2018-07-29 15:45:00,34.02,34.57111323412699
2018-07-29 16:00:00,35.06,34.160565762987005
2018-07-29 16:15:00,32.54,33.96903378968254
2018-07-29 16:30:00,32.72,28.945439761904762
2018-07-29 16:45:00,5.47,21.6670855952381
2018-07-29 17:00:00,3.35,18.54631749999999
2018-07-29 17:15:00,3.02,4.359112678571426
2018-07-29 17:30:00,2.99,3.8594257142857136
2018-07-29 17:45:00,3.02,9.27530666666666
2018-07-29 18:00:00,2.81,3.5123752976190463
2018-07-29 18:15:00,2.81,3.139478273809522
2018-07-29 18:30:00,2.95,2.9942680753968243
2018-07-29 18:45:00,3.53,2.97282986111111
2018-07-29 19:00:00,3.42,3.1357453373015858
2018-07-29 19:15:00,2.92,3.0208801190476167
2018-07-29 19:30:00,2.92,2.9976073015872995
2018-07-29 19:45:00,2.95,3.016019880952383
2018-07-29 20:00:00,3.02,3.0022226190476182
2018-07-29 20:15:00,2.95,3.067098273809525
2018-07-29 20:30:00,3.06,3.1304770238095276
2018-07-29 20:45:00,3.02,3.228604940476191
2018-07-29 21:00:00,3.02,3.239251190476192
2018-07-29 21:15:00,3.1,3.240258492063493
2018-07-29 21:30:00,3.64,3.1878177976190494
2018-07-29 21:45:00,3.02,3.1019238888888894
2018-07-29 22:00:00,2.99,3.060509821428571
2018-07-29 22:15:00,2.77,3.003642896825396
2018-07-29 22:30:00,2.63,2.9892789195526683
2018-07-29 22:45:00,2.66,2.931659285714284
2018-07-29 23:00:00,2.66,2.8277479761904756
2018-07-29 23:15:00,3.17,2.735547619047618
2018-07-29 23:30:00,3.24,2.6997940476190463
2018-07-29 23:45:00,2.63,2.8468416666666663
2018-07-30 00:00:00,2.66,2.914669107142858
2018-07-30 00:15:00,2.66,2.807413531746032
2018-07-30 00:30:00,2.74,2.7580238095238085
2018-07-30 00:45:00,2.7,2.7243726587301573
2018-07-30 01:00:00,2.7,2.876298273809524
2018-07-30 01:15:00,2.81,2.8030736309523796
2018-07-30 01:30:00,2.74,2.8005650793650783
2018-07-30 01:45:00,2.77,2.867653214285714
2018-07-30 02:00:00,2.77,2.849451428571427
2018-07-30 02:15:00,2.95,2.91459863095238
2018-07-30 02:30:00,3.35,2.8840133333333324
2018-07-30 02:45:00,2.88,2.8917377976190477
2018-07-30 03:00:00,2.77,2.8519191666666677
2018-07-30 03:15:00,2.7,2.8863159523809507
2018-07-30 03:30:00,2.77,2.932386428571428
2018-07-30 03:45:00,2.77,2.834380892857142
2018-07-30 04:00:00,2.7,2.8910574819624815
2018-07-30 04:15:00,2.74,2.8418681547619054
2018-07-30 04:30:00,2.81,2.7988892857142855
2018-07-30 04:45:00,2.74,2.875762738095239
2018-07-30 05:00:00,2.74,2.861399940476191
2018-07-30 05:15:00,2.66,2.8891007738095236
2018-07-30 05:30:00,3.13,2.909916488095238
2018-07-30 05:45:00,2.88,2.747778829365079
2018-07-30 06:00:00,2.7,2.8000344642857153
2018-07-30 06:15:00,2.74,2.779673452380951
2018-07-30 06:30:00,2.7,2.857910952380953
2018-07-30 06:45:00,2.66,2.885589523809521
2018-07-30 07:00:00,2.63,2.869570892857145
2018-07-30 07:15:00,3.06,3.214212202380951
2018-07-30 07:30:00,3.78,4.29856119047619
2018-07-30 07:45:00,3.56,4.27640744047619
2018-07-30 08:00:00,27.32,25.460903988095247
2018-07-30 08:15:00,62.68,61.43476029761906
2018-07-30 08:30:00,56.16,59.87706541666665
2018-07-30 08:45:00,58.68,69.45100797619051
2018-07-30 09:00:00,58.72,69.65867297799424
2018-07-30 09:15:00,57.2,66.16504790043292
2018-07-30 09:30:00,62.21,65.73352355519482
2018-07-30 09:45:00,59.94,58.17474589285712
2018-07-30 10:00:00,47.84,57.48443904761904
2018-07-30 10:15:00,50.76,62.025064583333354
2018-07-30 10:30:00,48.28,64.2918853174604
2018-07-30 10:45:00,54.14,66.89960676587305
2018-07-30 11:00:00,44.28,64.9791292261905
2018-07-30 11:15:00,56.99,64.93224898809527
2018-07-30 11:30:00,44.39,51.600638690476195
2018-07-30 11:45:00,34.02,54.20531101190477
2018-07-30 12:00:00,5.04,5.626144404761901
2018-07-30 12:15:00,7.09,5.248166686507933
2018-07-30 12:30:00,6.01,4.693094345238097
2018-07-30 12:45:00,5.9,8.257406686507938
2018-07-30 13:00:00,18.83,50.07009446428571
2018-07-30 13:15:00,60.41,45.05723666666666
2018-07-30 13:30:00,66.85,54.90804416666671
2018-07-30 13:45:00,53.06,66.94685970238089
2018-07-30 14:00:00,48.64,63.53126375
2018-07-30 14:15:00,50.36,68.50389277777779
2018-07-30 14:30:00,59.15,62.200914444444464
2018-07-30 14:45:00,76.14,68.39122468253971
2018-07-30 15:00:00,74.81,64.41448803571427
2018-07-30 15:15:00,74.74,67.54669621031746
2018-07-30 15:30:00,83.77,77.9634070833333
2018-07-30 15:45:00,106.52,74.22298017857143
2018-07-30 16:00:00,85.64,76.02397101190475
2018-07-30 16:15:00,83.74,88.27984000000001
2018-07-30 16:30:00,75.67,77.48244708333337
2018-07-30 16:45:00,92.12,74.08110910714285
2018-07-30 17:00:00,74.99,73.35940880952381
2018-07-30 17:15:00,62.14,70.84542823412694
2018-07-30 17:30:00,41.18,46.875598035714305
2018-07-30 17:45:00,31.75,33.62762684523806
2018-07-30 18:00:00,51.95,55.93545416666669
2018-07-30 18:15:00,54.83,59.01715875000001
2018-07-30 18:30:00,73.08,62.316533174603165
2018-07-30 18:45:00,75.35,55.57809132936507
2018-07-30 19:00:00,60.55,78.24560708333331
2018-07-30 19:15:00,72.29,79.40332630952382
2018-07-30 19:30:00,86.08,66.76027416666663
2018-07-30 19:45:00,57.85,77.99705603174601
2018-07-30 20:00:00,81.43,76.22606015873012
2018-07-30 20:15:00,85.75,65.64785601190474
2018-07-30 20:30:00,51.23,67.62210043650788
2018-07-30 20:45:00,23.76,65.51825444444444
2018-07-30 21:00:00,3.85,10.070236765873016
2018-07-30 21:15:00,4.07,4.438000595238096
2018-07-30 21:30:00,3.2,3.8128495634920627
2018-07-30 21:45:00,3.13,3.838397202380954
2018-07-30 22:00:00,2.99,9.265557797619044
2018-07-30 22:15:00,2.84,3.470131269841269
2018-07-30 22:30:00,2.84,3.1826210714285703
2018-07-30 22:45:00,2.81,3.0394059848484853
2018-07-30 23:00:00,2.81,2.972558484848484
2018-07-30 23:15:00,2.74,2.939301805555554
2018-07-30 23:30:00,2.7,2.9509374801587267
2018-07-30 23:45:00,2.84,2.907431587301585
2018-07-31 00:00:00,2.95,2.8554834920634904
2018-07-31 00:15:00,3.28,3.2195190386002883
2018-07-31 00:30:00,3.42,3.068261666666668
2018-07-31 00:45:00,3.02,2.9559601190476195
2018-07-31 01:00:00,2.84,2.977930476190476
2018-07-31 01:15:00,2.81,2.990764226190478
2018-07-31 01:30:00,2.88,2.9669378373015864
2018-07-31 01:45:00,2.95,2.849733214285713
2018-07-31 02:00:00,2.88,3.044263809523811
2018-07-31 02:15:00,2.84,3.0970967857142853
2018-07-31 02:30:00,3.56,3.0818499999999984
2018-07-31 02:45:00,3.13,3.0661252976190463
2018-07-31 03:00:00,2.95,2.9629988095238087
2018-07-31 03:15:00,2.99,3.0086852380952367
2018-07-31 03:30:00,2.95,2.96245726190476
2018-07-31 03:45:00,2.92,2.9696311111111107
2018-07-31 04:00:00,3.17,3.0448025198412707
2018-07-31 04:15:00,3.28,3.157655912698414
2018-07-31 04:30:00,3.17,3.087074087301585
2018-07-31 04:45:00,3.13,3.0472383928571394
2018-07-31 05:00:00,3.02,3.0163113492063474
2018-07-31 05:15:00,3.56,3.006630357142855
2018-07-31 05:30:00,3.28,3.0372534920634915
2018-07-31 05:45:00,3.06,3.0621414880952385
2018-07-31 06:00:00,3.06,3.0853951785714293
2018-07-31 06:15:00,3.17,3.071571785714287
2018-07-31 06:30:00,3.06,3.059433333333333
2018-07-31 06:45:00,3.06,3.2250003571428563
2018-07-31 07:00:00,3.17,3.1827880357142853
2018-07-31 07:15:00,3.42,3.417556547619048
2018-07-31 07:30:00,5.08,3.8882062896825396
2018-07-31 07:45:00,27.25,4.746534583333332
2018-07-31 08:00:00,58.36,39.89067480158728
2018-07-31 08:15:00,80.1,71.37202023809526
2018-07-31 08:30:00,90.61,74.7816534126984
2018-07-31 08:45:00,64.84,85.11410422619048
2018-07-31 09:00:00,78.41,73.84585706349202
2018-07-31 09:15:00,55.94,66.8924027579365
2018-07-31 09:30:00,67.54,65.8190509126984
2018-07-31 09:45:00,78.84,64.92930734126985
2018-07-31 10:00:00,53.24,61.29179334054833
2018-07-31 10:15:00,63.86,70.88315875
2018-07-31 10:30:00,66.1,64.93336773809528
2018-07-31 10:45:00,60.23,64.18020189935065
2018-07-31 11:00:00,81.79,61.447613630952375
2018-07-31 11:15:00,84.85,63.36384805555549
2018-07-31 11:30:00,83.52,71.73153535714285
2018-07-31 11:45:00,58.1,76.33489982142855
2018-07-31 12:00:00,6.01,8.759876071428577
2018-07-31 12:15:00,6.23,9.55483948412699
2018-07-31 12:30:00,6.23,5.344756011904764
2018-07-31 12:45:00,6.19,6.18159686507937
2018-07-31 13:00:00,58.32,60.54145666666671
2018-07-31 13:15:00,115.56,60.033286504329006
2018-07-31 13:30:00,57.67,83.12129081349212
2018-07-31 13:45:00,38.2,95.3380931547619
2018-07-31 14:00:00,42.41,74.41260846861474
2018-07-31 14:15:00,52.2,52.868196567460316
2018-07-31 14:30:00,48.17,57.81087234848482
2018-07-31 14:45:00,49.79,63.86631244047621
2018-07-31 15:00:00,50.62,54.8569637301587
2018-07-31 15:15:00,44.57,58.70387878968254
2018-07-31 15:30:00,41.36,60.148048670634964
2018-07-31 15:45:00,37.8,50.91985071428572
2018-07-31 16:00:00,31.72,48.051825793650785
2018-07-31 16:15:00,28.98,44.95142392857144
2018-07-31 16:30:00,28.48,38.387010654761916
2018-07-31 16:45:00,11.38,34.56091244047618
2018-07-31 17:00:00,10.8,32.21541476190477
2018-07-31 17:15:00,4.21,6.003990541125541
2018-07-31 17:30:00,3.42,18.416938750000014
2018-07-31 17:45:00,4.57,4.239455119047618
2018-07-31 18:00:00,3.78,3.9606650595238078
2018-07-31 18:15:00,3.42,4.458205238095238
2018-07-31 18:30:00,3.38,3.897541985930736
2018-07-31 18:45:00,3.1,4.250529206349207
2018-07-31 19:00:00,2.88,3.9651202380952366
2018-07-31 19:15:00,2.88,3.4884223484848507
2018-07-31 19:30:00,2.92,3.4425892965367946
2018-07-31 19:45:00,2.99,3.4455674999999997
2018-07-31 20:00:00,2.92,3.433968333333332
2018-07-31 20:15:00,2.95,3.3718552380952365
2018-07-31 20:30:00,2.95,3.1069441666666675
2018-07-31 20:45:00,2.95,3.294914662698412
2018-07-31 21:00:00,2.99,3.3586824404761906
2018-07-31 21:15:00,3.06,3.184963888888889
2018-07-31 21:30:00,3.02,3.1955335010822505
2018-07-31 21:45:00,3.06,3.1083946428571427
2018-07-31 22:00:00,2.88,3.2152604166666667
2018-07-31 22:15:00,2.81,3.124344107142856
2018-07-31 22:30:00,2.88,3.074741785714285
2018-07-31 22:45:00,3.24,3.0111254870129858
2018-07-31 23:00:00,3.31,3.0228140476190486
2018-07-31 23:15:00,2.77,2.9366745238095238
2018-07-31 23:30:00,2.77,2.9118329563492056
2018-07-31 23:45:00,2.63,2.9864713095238087
2018-08-01 00:00:00,3.2,2.926458928571426
2018-08-01 00:15:00,2.66,2.837376944444447
2018-08-01 00:30:00,2.63,2.8577302579365074
2018-08-01 00:45:00,2.66,2.7945531349206374
2018-08-01 01:00:00,2.63,2.7822651190476186
2018-08-01 01:15:00,2.7,2.7429088690476187
2018-08-01 01:30:00,2.7,2.7206742658730163
2018-08-01 01:45:00,2.66,2.767998511904762
2018-08-01 02:00:00,2.74,2.754138273809524
2018-08-01 02:15:00,2.66,2.7350264285714285
2018-08-01 02:30:00,2.7,2.899506785714286
2018-08-01 02:45:00,2.66,2.7665365476190487
2018-08-01 03:00:00,2.7,2.799832619047619
2018-08-01 03:15:00,2.74,2.8216584523809525
2018-08-01 03:30:00,2.81,2.9015126190476197
2018-08-01 03:45:00,2.7,2.913912440476192
2018-08-01 04:00:00,3.24,2.9111363095238105
2018-08-01 04:15:00,2.77,2.917989702380954
2018-08-01 04:30:00,3.2,2.7845255952380956
2018-08-01 04:45:00,2.99,2.886183571428571
2018-08-01 05:00:00,2.66,2.8532501388888902
2018-08-01 05:15:00,2.7,2.9156390674603174
2018-08-01 05:30:00,2.66,2.778267361111111
2018-08-01 05:45:00,2.7,2.7637303571428564
2018-08-01 06:00:00,2.7,2.7576910497835514
2018-08-01 06:15:00,2.66,2.750131011904762
2018-08-01 06:30:00,2.66,2.7357797619047655
2018-08-01 06:45:00,2.7,2.7384094047619065
2018-08-01 07:00:00,2.66,2.7899567857142866
2018-08-01 07:15:00,2.74,3.2355434523809525
2018-08-01 07:30:00,2.7,4.284615963203465
2018-08-01 07:45:00,2.66,5.254624653679652
2018-08-01 08:00:00,2.63,19.914700972222217
2018-08-01 08:15:00,2.56,28.111299464285736
2018-08-01 08:30:00,3.02,3.6169344047619045
2018-08-01 08:45:00,3.06,3.084442619047619
2018-08-01 09:00:00,2.77,3.07601773809524
2018-08-01 09:15:00,2.7,3.0643667261904777
2018-08-01 09:30:00,2.74,3.0801619642857143
2018-08-01 09:45:00,2.74,3.1184994642857156
2018-08-01 10:00:00,3.2,3.101268690476192
2018-08-01 10:15:00,3.17,3.0665707738095254
2018-08-01 10:30:00,2.81,3.0695963095238126
2018-08-01 10:45:00,2.77,3.0654903571428593
2018-08-01 11:00:00,2.59,3.0889691666666677
2018-08-01 11:15:00,2.56,3.022676250000003
2018-08-01 11:30:00,2.59,3.0213354761904787
2018-08-01 11:45:00,2.77,3.128151825396825
2018-08-01 12:00:00,2.77,3.1652216071428567
2018-08-01 12:15:00,2.81,3.2838172619047605
2018-08-01 12:30:00,2.84,3.346008214285713
2018-08-01 12:45:00,2.84,3.293087023809523
2018-08-01 13:00:00,2.74,3.3015039285714276
2018-08-01 13:15:00,2.74,3.0355595238095265
2018-08-01 13:30:00,2.74,3.0496408333333345
2018-08-01 13:45:00,2.74,3.010160000000001
2018-08-01 14:00:00,3.31,3.03479273809524
2018-08-01 14:15:00,2.66,3.078891904761906
2018-08-01 14:30:00,2.66,3.0507222023809537
2018-08-01 14:45:00,2.74,3.054867380952383
2018-08-01 15:00:00,2.7,3.110946011904765
2018-08-01 15:15:00,2.7,3.078925833333337
2018-08-01 15:30:00,2.77,3.031578750000002
2018-08-01 15:45:00,2.74,3.043133809523811
2018-08-01 16:00:00,2.84,3.027148690476192
2018-08-01 16:15:00,3.28,3.3107261309523817
2018-08-01 16:30:00,2.84,3.256693614718614
2018-08-01 16:45:00,2.7,3.3901622023809512
2018-08-01 17:00:00,2.7,3.2156042099567106
2018-08-01 17:15:00,2.66,3.2844549007936483
2018-08-01 17:30:00,2.77,3.0062829761904752
2018-08-01 17:45:00,2.77,3.0466068831168855
2018-08-01 18:00:00,2.66,3.3296713690476203
2018-08-01 18:15:00,2.63,3.3558251785714277
2018-08-01 18:30:00,3.02,3.348478035714284
2018-08-01 18:45:00,3.35,3.3527377579365067
2018-08-01 19:00:00,2.84,3.3355560912698405
2018-08-01 19:15:00,2.84,3.4385833333333324
2018-08-01 19:30:00,2.74,3.344379781746032
2018-08-01 19:45:00,2.81,3.3723148611111107
2018-08-01 20:00:00,2.88,3.3995544246031746
2018-08-01 20:15:00,2.84,3.3899353769841256
2018-08-01 20:30:00,2.92,3.3979078769841253
2018-08-01 20:45:00,2.84,3.052148055555555
2018-08-01 21:00:00,2.88,3.1368263095238085
2018-08-01 21:15:00,2.92,3.093125714285714
2018-08-01 21:30:00,2.88,3.1924695833333323
2018-08-01 21:45:00,2.95,3.1129668253968252
2018-08-01 22:00:00,3.06,3.159587202380952
2018-08-01 22:15:00,3.24,3.1369464285714286
2018-08-01 22:30:00,2.74,3.065250476190476
2018-08-01 22:45:00,2.66,3.053159226190474
2018-08-01 23:00:00,2.74,2.9817364285714296
2018-08-01 23:15:00,2.66,2.9438574999999996
2018-08-01 23:30:00,2.59,2.932461547619047
2018-08-01 23:45:00,2.84,2.988416785714286
2018-08-02 00:00:00,2.66,2.944565238095237
2018-08-02 00:15:00,2.63,2.937348809523809
2018-08-02 00:30:00,2.66,2.7856076785714303
2018-08-02 00:45:00,2.7,2.8820254166666657
2018-08-02 01:00:00,3.13,2.911398452380953
2018-08-02 01:15:00,2.88,2.873414920634922
2018-08-02 01:30:00,2.7,2.860038988095239
2018-08-02 01:45:00,2.7,2.8719523412698407
2018-08-02 02:00:00,2.7,2.859530297619047
2018-08-02 02:15:00,2.74,2.930564880952381
2018-08-02 02:30:00,2.74,2.8738052777777785
2018-08-02 02:45:00,2.7,2.9451313095238096
2018-08-02 03:00:00,2.77,2.967023531746031
2018-08-02 03:15:00,2.7,2.901305357142858
2018-08-02 03:30:00,2.77,2.9410799603174587
2018-08-02 03:45:00,2.77,2.9197326984127
2018-08-02 04:00:00,2.77,3.015421388888888
2018-08-02 04:15:00,3.17,2.984853055555556
2018-08-02 04:30:00,3.2,2.9725917460317457
2018-08-02 04:45:00,2.74,2.926042023809523
2018-08-02 05:00:00,2.77,2.9133296428571422
2018-08-02 05:15:00,3.24,2.9258160389610373
2018-08-02 05:30:00,2.7,2.9999421031746016
2018-08-02 05:45:00,2.66,2.9232915873015872
2018-08-02 06:00:00,2.7,2.8669879166666674
2018-08-02 06:15:00,2.66,2.89515886904762
2018-08-02 06:30:00,2.7,2.895670119047621
2018-08-02 06:45:00,2.7,2.830778035714287
2018-08-02 07:00:00,2.59,2.9016441071428574
2018-08-02 07:15:00,2.63,3.248509583333332
2018-08-02 07:30:00,2.7,4.044473571428574
2018-08-02 07:45:00,2.63,4.689730119047621
2018-08-02 08:00:00,2.59,19.990946884920646
2018-08-02 08:15:00,2.63,28.851139464285726
2018-08-02 08:30:00,2.59,3.8477096428571422
2018-08-02 08:45:00,2.77,3.2578805952380945
2018-08-02 09:00:00,2.77,3.2726961904761906
2018-08-02 09:15:00,2.74,3.8886013095238074
2018-08-02 09:30:00,2.7,3.3192888095238096
2018-08-02 09:45:00,2.77,3.53554875
2018-08-02 10:00:00,2.81,3.572025773809524
2018-08-02 10:15:00,3.74,3.1375460714285723
2018-08-02 10:30:00,3.64,3.329589404761905
2018-08-02 10:45:00,2.74,6.3826284325396845
2018-08-02 11:00:00,2.63,3.5512366666666697
2018-08-02 11:15:00,2.59,4.149986984126989
2018-08-02 11:30:00,2.59,3.350543690476194
2018-08-02 11:45:00,2.59,3.3452314285714304
2018-08-02 12:00:00,2.77,3.180275654761904
2018-08-02 12:15:00,2.81,3.2820336904761906
2018-08-02 12:30:00,2.88,3.2283453571428566
2018-08-02 12:45:00,2.88,3.254090119047618
2018-08-02 13:00:00,2.81,3.5497736309523806
2018-08-02 13:15:00,2.81,3.3216717857142855
2018-08-02 13:30:00,2.92,3.324209404761904
2018-08-02 13:45:00,2.95,3.3461732142857126
2018-08-02 14:00:00,2.95,3.3414622619047605
2018-08-02 14:15:00,2.95,3.4150997619047603
2018-08-02 14:30:00,2.88,3.395172499999999
2018-08-02 14:45:00,2.95,3.3858741666666674
2018-08-02 15:00:00,2.95,3.409315357142857
2018-08-02 15:15:00,2.88,3.400809047619047
2018-08-02 15:30:00,3.1,3.4136573809523814
2018-08-02 15:45:00,3.24,3.431517023809522
2018-08-02 16:00:00,2.92,3.434462738095238
2018-08-02 16:15:00,3.02,3.6835969047619033
2018-08-02 16:30:00,2.99,3.575523472222221
2018-08-02 16:45:00,3.49,3.5440830753968244
2018-08-02 17:00:00,2.92,3.518984305555555
2018-08-02 17:15:00,2.92,3.5836809920634907
2018-08-02 17:30:00,2.95,3.05905273809524
2018-08-02 17:45:00,2.95,3.0904209523809527
2018-08-02 18:00:00,2.81,3.1324220238095224
2018-08-02 18:15:00,2.88,3.493522202380951
2018-08-02 18:30:00,2.92,3.6763397222222203
2018-08-02 18:45:00,2.95,3.49561863095238
2018-08-02 19:00:00,2.95,3.4948372222222215
2018-08-02 19:15:00,2.95,3.502682638888887
2018-08-02 19:30:00,2.95,3.4913259722222203
2018-08-02 19:45:00,3.42,3.494491150793649
2018-08-02 20:00:00,3.28,3.5120691269841258
2018-08-02 20:15:00,2.95,3.560571071428571
2018-08-02 20:30:00,2.99,3.123543134920634
2018-08-02 20:45:00,3.06,3.100225992063493
2018-08-02 21:00:00,3.06,3.1116521428571446
2018-08-02 21:15:00,3.02,3.1001864682539715
2018-08-02 21:30:00,3.42,3.1405649404761906
2018-08-02 21:45:00,3.42,3.1475673809523816
2018-08-02 22:00:00,2.95,3.121655198412697
2018-08-02 22:15:00,2.81,3.1653330158730157
2018-08-02 22:30:00,2.81,2.918942023809525
2018-08-02 22:45:00,2.81,2.920748392857141
2018-08-02 23:00:00,2.84,2.93995351190476
2018-08-02 23:15:00,2.81,2.981838174603173
2018-08-02 23:30:00,2.81,2.964119365079365
2018-08-02 23:45:00,2.81,2.969206964285714
2018-08-03 00:00:00,2.81,2.9766435714285717
2018-08-03 00:15:00,3.02,2.9947507142857144
2018-08-03 00:30:00,3.35,2.978302341269841
2018-08-03 00:45:00,2.84,3.015032162698412
2018-08-03 01:00:00,2.84,3.0266766666666656
2018-08-03 01:15:00,2.88,2.9580711904761885
2018-08-03 01:30:00,2.99,2.927118095238094
2018-08-03 01:45:00,2.88,3.001196408730159
2018-08-03 02:00:00,2.88,3.055573394660894
2018-08-03 02:15:00,3.17,3.194988293650791
2018-08-03 02:30:00,3.2,3.1729539880952364
2018-08-03 02:45:00,2.84,3.032032182539683
2018-08-03 03:00:00,2.84,3.0377520833333342
2018-08-03 03:15:00,2.81,2.8888793849206333
2018-08-03 03:30:00,2.88,2.854378035714284
2018-08-03 03:45:00,2.84,2.878203630952379
2018-08-03 04:00:00,2.84,2.8977542748917733
2018-08-03 04:15:00,2.84,2.9574562500000012
2018-08-03 04:30:00,2.84,2.9897692460317455
2018-08-03 04:45:00,3.31,2.990965119047619
2018-08-03 05:00:00,2.92,3.024518273809523
2018-08-03 05:15:00,2.88,2.9893146428571407
2018-08-03 05:30:00,2.81,2.921036011904761
2018-08-03 05:45:00,2.81,2.9652512499999997
2018-08-03 06:00:00,2.84,2.963150952380953
2018-08-03 06:15:00,2.84,3.0196284722222213
2018-08-03 06:30:00,2.88,3.0460601190476186
2018-08-03 06:45:00,2.81,3.1346010714285706
2018-08-03 07:00:00,2.77,3.1075755844155855
2018-08-03 07:15:00,2.84,3.8473594642857147
2018-08-03 07:30:00,3.31,4.18181398809524
2018-08-03 07:45:00,3.24,3.842808988095241
2018-08-03 08:00:00,2.84,24.697076091269842
2018-08-03 08:15:00,2.74,75.1973151190476
2018-08-03 08:30:00,2.77,3.7480683333333324
2018-08-03 08:45:00,2.99,3.3353405952380943
2018-08-03 09:00:00,3.2,3.324287797619048
2018-08-03 09:15:00,3.53,3.2970148214285717
2018-08-03 09:30:00,3.06,3.3324076785714283
2018-08-03 09:45:00,2.88,3.5467330952380935
2018-08-03 10:00:00,2.84,3.5263276190476183
2018-08-03 10:15:00,2.84,3.229322256493506
2018-08-03 10:30:00,2.88,3.2089576731601723
2018-08-03 10:45:00,2.84,3.4125427976190474
2018-08-03 11:00:00,2.77,4.360221984126985
2018-08-03 11:15:00,2.7,3.521027857142857
2018-08-03 11:30:00,2.74,3.6116865476190485
2018-08-03 11:45:00,2.81,3.5713109523809528
2018-08-03 12:00:00,2.95,3.145430238095238
2018-08-03 12:15:00,2.99,3.2811627380952375
2018-08-03 12:30:00,3.06,3.2212505952380948
2018-08-03 12:45:00,2.99,3.1814275793650793
2018-08-03 13:00:00,3.02,3.3339039880952384
2018-08-03 13:15:00,3.2,3.3973249404761896
2018-08-03 13:30:00,3.64,3.426638392857141
2018-08-03 13:45:00,3.24,3.3774771428571415
2018-08-03 14:00:00,2.99,3.644445833333333
2018-08-03 14:15:00,2.99,3.430292976190476
2018-08-03 14:30:00,2.99,3.4911507142857126
2018-08-03 14:45:00,2.95,3.5164344642857133
2018-08-03 15:00:00,3.02,3.4089130952380917
2018-08-03 15:15:00,3.02,3.5289036111111085
2018-08-03 15:30:00,3.1,3.621362896825396
2018-08-03 15:45:00,2.95,3.520384801587302
2018-08-03 16:00:00,2.95,3.660446587301587
2018-08-03 16:15:00,3.35,3.505317400793651
2018-08-03 16:30:00,3.35,3.5559578769841274
2018-08-03 16:45:00,2.99,3.5840802380952397
2018-08-03 17:00:00,2.92,3.54473869047619
2018-08-03 17:15:00,3.02,3.10420035714286
2018-08-03 17:30:00,2.95,3.09425970238095
2018-08-03 17:45:00,2.99,3.2735057738095232
2018-08-03 18:00:00,2.92,3.2028688492063497
2018-08-03 18:15:00,2.77,3.456482043650793
2018-08-03 18:30:00,2.92,3.4782661507936505
2018-08-03 18:45:00,2.99,3.4854254365079345
2018-08-03 19:00:00,2.95,3.4756087103174593
2018-08-03 19:15:00,2.99,3.4652546031746017
2018-08-03 19:30:00,2.92,3.4446591865079346
2018-08-03 19:45:00,2.99,3.1406642857142857
2018-08-03 20:00:00,2.99,3.114974464285714
2018-08-03 20:15:00,3.2,3.1678263888888876
2018-08-03 20:30:00,3.6,3.512109126984126
2018-08-03 20:45:00,3.02,3.1920431746031754
2018-08-03 21:00:00,3.06,3.1234282142857155
2018-08-03 21:15:00,3.42,3.1134973015873033
2018-08-03 21:30:00,3.42,3.124745396825395
2018-08-03 21:45:00,3.02,3.1820782539682546
2018-08-03 22:00:00,2.88,3.1259453174603182
2018-08-03 22:15:00,2.81,2.9480338095238086
2018-08-03 22:30:00,2.81,2.952740515873015
2018-08-03 22:45:00,2.74,2.9175926388888884
2018-08-03 23:00:00,2.81,2.930446904761902
2018-08-03 23:15:00,2.7,2.923213035714286
2018-08-03 23:30:00,2.74,2.968145555555555
2018-08-03 23:45:00,2.7,2.9897825
2018-08-04 00:00:00,2.77,2.9076944047619038
2018-08-04 00:15:00,2.74,2.8505394444444443
2018-08-04 00:30:00,2.77,2.8397714520202038
2018-08-04 00:45:00,2.84,2.8591189285714274
2018-08-04 01:00:00,2.84,2.8737821825396797
2018-08-04 01:15:00,2.99,2.9872711507936502
2018-08-04 01:30:00,3.42,3.1122912896825397
2018-08-04 01:45:00,3.17,3.077503917748915
2018-08-04 02:00:00,3.28,3.0674082738095247
2018-08-04 02:15:00,2.84,3.0597381547619027
2018-08-04 02:30:00,2.84,3.042481369047618
2018-08-04 02:45:00,2.84,2.957507738095237
2018-08-04 03:00:00,2.88,2.9658273412698395
2018-08-04 03:15:00,2.81,3.0689897619047617
2018-08-04 03:30:00,2.84,3.0847451785714277
2018-08-04 03:45:00,2.81,2.9830054365079355
2018-08-04 04:00:00,2.84,3.0294017063492067
2018-08-04 04:15:00,2.84,2.9928618650793646
2018-08-04 04:30:00,2.84,2.9733913095238114
2018-08-04 04:45:00,2.88,2.9346973809523824
2018-08-04 05:00:00,2.84,2.913529702380954
2018-08-04 05:15:00,2.88,2.893321071428571
2018-08-04 05:30:00,2.84,2.9545577380952377
2018-08-04 05:45:00,2.81,3.0031198214285735
2018-08-04 06:00:00,2.84,3.132969523809524
2018-08-04 06:15:00,2.81,3.1256248214285693
2018-08-04 06:30:00,3.24,3.1388729761904757
2018-08-04 06:45:00,2.99,3.1211996230158716
2018-08-04 07:00:00,2.77,3.0647397619047627
2018-08-04 07:15:00,2.77,3.403059166666665
2018-08-04 07:30:00,3.38,3.803657440476189
2018-08-04 07:45:00,3.17,3.408274940476191
2018-08-04 08:00:00,2.77,9.050296884920636
2018-08-04 08:15:00,2.77,32.1170368452381
2018-08-04 08:30:00,2.59,3.7393575000000006
2018-08-04 08:45:00,2.81,3.0392022420634897
2018-08-04 09:00:00,2.88,3.106961249999998
2018-08-04 09:15:00,2.81,3.244152321428571
2018-08-04 09:30:00,2.77,3.324871428571427
2018-08-04 09:45:00,2.81,3.4330269047619053
2018-08-04 10:00:00,2.77,3.438728452380953
2018-08-04 10:15:00,2.74,3.4637240476190487
2018-08-04 10:30:00,2.88,3.503667976190477
2018-08-04 10:45:00,3.2,3.3017548809523793
2018-08-04 11:00:00,2.56,3.293823928571429
2018-08-04 11:15:00,2.63,4.166784841269846
2018-08-04 11:30:00,2.56,3.3011839285714304
2018-08-04 11:45:00,2.59,3.0893231547619022
2018-08-04 12:00:00,2.7,3.0990686706349186
2018-08-04 12:15:00,2.81,3.246231428571428
2018-08-04 12:30:00,2.92,3.250177023809523
2018-08-04 12:45:00,2.81,3.2852147619047605
2018-08-04 13:00:00,2.81,3.250405773809523
2018-08-04 13:15:00,2.74,3.1255528571428584
2018-08-04 13:30:00,2.77,4.003674246031749
2018-08-04 13:45:00,2.74,3.162398333333335
2018-08-04 14:00:00,3.17,3.328779642857142
2018-08-04 14:15:00,3.35,3.4042978571428573
2018-08-04 14:30:00,2.88,3.394454642857142
2018-08-04 14:45:00,2.84,3.361540238095237
2018-08-04 15:00:00,3.38,3.4864542857142853
2018-08-04 15:15:00,2.81,3.2500507142857136
2018-08-04 15:30:00,2.74,3.4980402976190477
2018-08-04 15:45:00,2.74,3.3874874999999998
2018-08-04 16:00:00,2.77,3.399230476190476
2018-08-04 16:15:00,2.74,3.5857178571428574
2018-08-04 16:30:00,2.81,3.98566029761905
2018-08-04 16:45:00,2.74,3.2509077380952376
2018-08-04 17:00:00,2.74,3.035937261904765
2018-08-04 17:15:00,2.74,3.040869047619049
2018-08-04 17:30:00,2.7,3.0147658928571444
2018-08-04 17:45:00,2.74,3.0144786309523823
2018-08-04 18:00:00,2.66,3.0166952976190475
2018-08-04 18:15:00,2.74,2.961285476190477
2018-08-04 18:30:00,2.88,3.0231899404761906
2018-08-04 18:45:00,2.88,3.0116797619047633
2018-08-04 19:00:00,2.88,2.857340575396824
2018-08-04 19:15:00,2.88,2.930716944444443
2018-08-04 19:30:00,2.84,3.0568064682539666
2018-08-04 19:45:00,3.2,3.03635488095238
2018-08-04 20:00:00,3.17,3.0403407142857155
2018-08-04 20:15:00,2.92,2.9992640476190475
2018-08-04 20:30:00,2.99,2.983115833333333
2018-08-04 20:45:00,2.95,2.9063552777777777
2018-08-04 21:00:00,2.95,2.9714682936507937
2018-08-04 21:15:00,2.92,3.036377301587302
2018-08-04 21:30:00,3.06,3.0741823214285717
2018-08-04 21:45:00,3.53,3.0844202976190473
2018-08-04 22:00:00,3.06,3.071944047619048
2018-08-04 22:15:00,2.74,3.032577380952382
2018-08-04 22:30:00,2.81,3.034464940476192
2018-08-04 22:45:00,2.74,2.9275373809523813
2018-08-04 23:00:00,2.74,2.9143269246031758
2018-08-04 23:15:00,2.7,2.9439269642857147
2018-08-04 23:30:00,2.74,2.9903329761904756
2018-08-04 23:45:00,2.63,3.028927976190475
2018-08-05 00:00:00,3.1,2.933276190476188
2018-08-05 00:15:00,3.06,2.9042667857142863
2018-08-05 00:30:00,2.81,2.857081349206349
2018-08-05 00:45:00,2.77,2.955148452380951
2018-08-05 01:00:00,2.77,2.911400833333332
2018-08-05 01:15:00,2.77,2.9405936904761876
2018-08-05 01:30:00,2.81,3.0292372817460307
2018-08-05 01:45:00,2.77,3.003966666666664
2018-08-05 02:00:00,2.81,3.0482964285714274
2018-08-05 02:15:00,2.81,3.0858029761904753
2018-08-05 02:30:00,2.81,2.9830353571428576
2018-08-05 02:45:00,2.84,2.9750669642857144
2018-08-05 03:00:00,2.84,2.9644828571428583
2018-08-05 03:15:00,2.81,2.916368214285715
2018-08-05 03:30:00,2.88,2.9264739285714296
2018-08-05 03:45:00,3.2,2.9343939285714287
2018-08-05 04:00:00,3.49,2.9764636111111127
2018-08-05 04:15:00,2.92,2.988767976190474
2018-08-05 04:30:00,2.81,2.983971547619044
2018-08-05 04:45:00,2.99,2.9125772619047625
2018-08-05 05:00:00,3.2,2.85319
2018-08-05 05:15:00,2.84,2.999020436507936
2018-08-05 05:30:00,2.81,2.9807159523809528
2018-08-05 05:45:00,2.81,2.915022083333332
2018-08-05 06:00:00,2.74,2.8805253571428566
2018-08-05 06:15:00,2.84,2.9370304761904746
2018-08-05 06:30:00,2.81,2.961248968253969
2018-08-05 06:45:00,2.77,2.9484352380952403
2018-08-05 07:00:00,2.74,2.9840017261904785
2018-08-05 07:15:00,2.77,3.062056130952381
2018-08-05 07:30:00,2.7,3.0484044047619063
2018-08-05 07:45:00,2.77,4.017654761904763
2018-08-05 08:00:00,2.74,4.495994285714286
2018-08-05 08:15:00,2.74,5.88115714285714
2018-08-05 08:30:00,2.77,3.15974375
2018-08-05 08:45:00,2.99,3.218964107142856
2018-08-05 09:00:00,3.06,3.22691857142857
2018-08-05 09:15:00,3.02,3.1943582142857117
2018-08-05 09:30:00,3.1,3.214510476190475
2018-08-05 09:45:00,3.67,3.20763238095238
2018-08-05 10:00:00,3.42,3.191974523809522
2018-08-05 10:15:00,3.6,3.22824732142857
2018-08-05 10:30:00,3.06,3.21865595238095
2018-08-05 10:45:00,2.95,3.182199821428568
2018-08-05 11:00:00,2.84,3.028202380952379
2018-08-05 11:15:00,2.84,2.962579404761903
2018-08-05 11:30:00,2.81,2.9596843650793634
2018-08-05 11:45:00,2.81,2.9806805555555536
2018-08-05 12:00:00,2.95,3.0829402976190465
2018-08-05 12:15:00,2.95,3.1504139880952344
2018-08-05 12:30:00,2.99,3.168673154761901
2018-08-05 12:45:00,2.92,3.1552954166666627
2018-08-05 13:00:00,2.99,3.2306300198412656
2018-08-05 13:15:00,2.92,3.227846924603169
2018-08-05 13:30:00,2.99,3.2344385912698375
2018-08-05 13:45:00,3.06,3.224481329365075
2018-08-05 14:00:00,2.92,3.27166841269841
2018-08-05 14:15:00,2.95,3.2975156746031757
2018-08-05 14:30:00,3.17,3.260714999999998
2018-08-05 14:45:00,3.17,3.246765773809521
2018-08-05 15:00:00,3.17,3.2652867261904737
2018-08-05 15:15:00,3.13,3.238774761904759
2018-08-05 15:30:00,3.13,3.2586883333333314
2018-08-05 15:45:00,3.17,3.239177499999997
2018-08-05 16:00:00,3.2,3.232002619047617
2018-08-05 16:15:00,3.49,3.167446686507937
2018-08-05 16:30:00,3.67,3.392636984126985
2018-08-05 16:45:00,3.35,3.357971904761903
2018-08-05 17:00:00,3.6,3.1713058928571445
2018-08-05 17:15:00,3.13,3.172160833333331
2018-08-05 17:30:00,3.1,3.5091258730158734
2018-08-05 17:45:00,3.1,3.169344642857143
2018-08-05 18:00:00,2.81,3.155323948412698
2018-08-05 18:15:00,2.74,3.1382268452380946
2018-08-05 18:30:00,2.92,3.0209848214285686
2018-08-05 18:45:00,3.06,3.028182936507936
2018-08-05 19:00:00,3.06,3.0174908928571416
2018-08-05 19:15:00,3.1,3.01678375
2018-08-05 19:30:00,3.1,3.0695684126984126
2018-08-05 19:45:00,3.06,3.061819702380952
2018-08-05 20:00:00,3.13,3.163872797619045
2018-08-05 20:15:00,3.1,3.156735297619045
2018-08-05 20:30:00,3.1,3.3009254761904767
2018-08-05 20:45:00,3.1,3.2358611904761916
2018-08-05 21:00:00,3.13,3.2426796428571443
2018-08-05 21:15:00,3.13,3.290851845238096
2018-08-05 21:30:00,3.17,3.278554007936508
2018-08-05 21:45:00,3.2,3.2626234523809554
2018-08-05 22:00:00,3.53,3.1921597222222236
2018-08-05 22:15:00,2.84,3.0478603968253957
2018-08-05 22:30:00,3.31,2.9899349206349224
2018-08-05 22:45:00,3.06,2.9869211706349192
2018-08-05 23:00:00,2.74,3.028578234126984
2018-08-05 23:15:00,2.77,2.9581790476190473
2018-08-05 23:30:00,2.74,2.860080119047618
2018-08-05 23:45:00,2.88,2.9292715476190465
2018-08-06 00:00:00,2.66,2.8788828571428566
2018-08-06 00:15:00,2.66,2.9597577777777775
2018-08-06 00:30:00,2.63,2.86340857142857
2018-08-06 00:45:00,2.66,2.8199067857142848
2018-08-06 01:00:00,2.66,2.846842916666666
2018-08-06 01:15:00,2.66,2.7912648015873027
2018-08-06 01:30:00,2.74,2.792530714285714
2018-08-06 01:45:00,2.7,2.7881335714285695
2018-08-06 02:00:00,2.66,2.8385864285714275
2018-08-06 02:15:00,3.1,2.7986730952380956
2018-08-06 02:30:00,2.92,2.8107989484126987
2018-08-06 02:45:00,2.59,2.8605434523809534
2018-08-06 03:00:00,2.63,2.8755196428571437
2018-08-06 03:15:00,2.63,2.8216397023809505
2018-08-06 03:30:00,2.74,2.870072824675324
2018-08-06 03:45:00,2.74,2.725864404761903
2018-08-06 04:00:00,2.63,2.8503521428571417
2018-08-06 04:15:00,2.7,2.947434087301587
2018-08-06 04:30:00,3.24,2.8509396428571416
2018-08-06 04:45:00,2.81,2.8910888095238083
2018-08-06 05:00:00,2.63,2.831726309523808
2018-08-06 05:15:00,2.59,2.8932744047619026
2018-08-06 05:30:00,2.63,2.8609235119047605
2018-08-06 05:45:00,2.56,2.8819650595238078
2018-08-06 06:00:00,2.59,2.780211488095237
2018-08-06 06:15:00,2.59,2.730133988095237
2018-08-06 06:30:00,2.59,2.7522089880952376
2018-08-06 06:45:00,2.77,2.6350498809523804
2018-08-06 07:00:00,4.14,2.6342623809523813
2018-08-06 07:15:00,4.0,3.350772738095237
2018-08-06 07:30:00,3.96,4.711169166666667
2018-08-06 07:45:00,3.56,5.091284305555555
2018-08-06 08:00:00,26.78,37.74420410714285
2018-08-06 08:15:00,58.14,63.17622386904761
2018-08-06 08:30:00,79.49,62.98301162698411
2018-08-06 08:45:00,83.81,65.44345138888886
2018-08-06 09:00:00,109.22,79.65678636904762
2018-08-06 09:15:00,79.81,81.59151351190476
2018-08-06 09:30:00,93.28,91.91371635281382
2018-08-06 09:45:00,102.24,84.96753807234431
2018-08-06 10:00:00,49.03,80.62276619047617
2018-08-06 10:15:00,57.89,96.03655188492063
2018-08-06 10:30:00,58.9,68.98096321428574
2018-08-06 10:45:00,64.4,62.04856708333335
2018-08-06 11:00:00,106.56,66.09613797619049
2018-08-06 11:15:00,88.52,67.0891852380952
2018-08-06 11:30:00,90.18,86.93524033730151
2018-08-06 11:45:00,103.9,73.61875714285716
2018-08-06 12:00:00,6.84,9.239606964285718
2018-08-06 12:15:00,6.12,7.831526785714291
2018-08-06 12:30:00,6.05,6.0035226190476205
2018-08-06 12:45:00,5.87,6.097076527777781
2018-08-06 13:00:00,53.64,52.14528353174601
2018-08-06 13:15:00,97.67,76.89707115079361
2018-08-06 13:30:00,98.93,71.32495958333338
2018-08-06 13:45:00,85.9,86.87334041666666
2018-08-06 14:00:00,49.07,94.269591547619
2018-08-06 14:15:00,55.84,82.83424690476191
2018-08-06 14:30:00,43.42,62.03174588203463
2018-08-06 14:45:00,39.24,62.039720643939376
2018-08-06 15:00:00,39.38,55.64636023809522
2018-08-06 15:15:00,46.51,59.00999636904762
2018-08-06 15:30:00,50.94,52.2447390079365
2018-08-06 15:45:00,49.61,56.053401356421354
2018-08-06 16:00:00,53.86,61.47920876984124
2018-08-06 16:15:00,49.82,49.54288773809524
2018-08-06 16:30:00,55.33,54.2447413690476
2018-08-06 16:45:00,52.67,52.99175327380949
2018-08-06 17:00:00,91.48,55.444333392857104
2018-08-06 17:15:00,98.21,51.06395017857141
2018-08-06 17:30:00,30.89,63.29062416666662
2018-08-06 17:45:00,31.18,55.42565809523811
2018-08-06 18:00:00,85.72,54.84962226190478
2018-08-06 18:15:00,72.97,71.00606690476188
2018-08-06 18:30:00,55.76,84.49838600468975
2018-08-06 18:45:00,96.12,78.08573926587297
2018-08-06 19:00:00,99.18,64.1301360515873
2018-08-06 19:15:00,86.98,85.20473295634923
2018-08-06 19:30:00,113.65,87.39999015873019
2018-08-06 19:45:00,74.09,91.76628
2018-08-06 20:00:00,91.73,88.2419539087302
2018-08-06 20:15:00,118.12,82.28591535714285
2018-08-06 20:30:00,48.92,69.64773369047626
2018-08-06 20:45:00,43.6,50.75109706349208
2018-08-06 21:00:00,8.17,12.162364067460317
2018-08-06 21:15:00,4.9,8.977206765873017
2018-08-06 21:30:00,4.03,4.565228511904761
2018-08-06 21:45:00,3.96,4.271985476190476
2018-08-06 22:00:00,3.82,3.858416805555556
2018-08-06 22:15:00,3.46,3.7605633333333315
2018-08-06 22:30:00,3.35,3.760904285714286
2018-08-06 22:45:00,2.84,3.3816698015873006
2018-08-06 23:00:00,2.81,3.29411259920635
2018-08-06 23:15:00,2.7,2.978590416666665
2018-08-06 23:30:00,3.2,2.9160166666666663
2018-08-06 23:45:00,2.84,2.9567953174603154
2018-08-07 00:00:00,2.77,2.9497544264069275
2018-08-07 00:15:00,2.88,3.0157225
2018-08-07 00:30:00,2.84,2.995049523809525
2018-08-07 00:45:00,2.81,3.0452488582251083
2018-08-07 01:00:00,2.74,2.9386038095238085
2018-08-07 01:15:00,3.06,2.9110872619047607
2018-08-07 01:30:00,2.99,2.918975714285712
2018-08-07 01:45:00,2.99,3.0150785714285706
2018-08-07 02:00:00,2.99,3.0443369047619058
2018-08-07 02:15:00,2.92,3.113382519841272
2018-08-07 02:30:00,3.02,3.1107289682539685
2018-08-07 02:45:00,3.24,3.184938134920634
2018-08-07 03:00:00,3.31,3.0336587896825398
2018-08-07 03:15:00,3.2,2.991609940476191
2018-08-07 03:30:00,3.74,3.0454485714285737
2018-08-07 03:45:00,3.53,3.108469166666666
2018-08-07 04:00:00,3.24,3.193426607142859
2018-08-07 04:15:00,3.24,3.2465299783549786
2018-08-07 04:30:00,3.6,3.2629548214285715
2018-08-07 04:45:00,3.74,3.2269461904761867
2018-08-07 05:00:00,3.24,3.235281287878788
2018-08-07 05:15:00,3.17,3.2551514285714296
2018-08-07 05:30:00,3.2,3.216301190476189
2018-08-07 05:45:00,3.2,3.2587888888888883
2018-08-07 06:00:00,3.17,3.271076309523809
2018-08-07 06:15:00,3.17,3.245538392857142
2018-08-07 06:30:00,3.17,3.2965983333333315
2018-08-07 06:45:00,3.38,3.265003095238096
2018-08-07 07:00:00,3.13,3.306127976190475
2018-08-07 07:15:00,3.31,3.763800714285714
2018-08-07 07:30:00,3.89,4.719652876984131
2018-08-07 07:45:00,5.54,7.439545892857141
2018-08-07 08:00:00,66.31,56.3416868452381
2018-08-07 08:15:00,93.71,83.4433597835497
2018-08-07 08:30:00,79.52,93.21856978174603
2018-08-07 08:45:00,86.33,99.6443232142857
2018-08-07 09:00:00,86.8,88.93142154761905
2018-08-07 09:15:00,58.46,69.20677827380952
2018-08-07 09:30:00,65.45,79.87705297619053
2018-08-07 09:45:00,108.32,67.69262934523806
2018-08-07 10:00:00,101.59,63.01060974206352
2018-08-07 10:15:00,83.41,88.47262345238101
2018-08-07 10:30:00,112.21,92.91445017857136
2018-08-07 10:45:00,87.01,84.97629876984125
2018-08-07 11:00:00,96.23,90.21454248015868
2018-08-07 11:15:00,82.84,95.19449047619045
2018-08-07 11:30:00,95.87,83.62116291666668
2018-08-07 11:45:00,94.18,90.15585065476198
2018-08-07 12:00:00,10.87,10.670100615079361
2018-08-07 12:15:00,5.98,5.747522499999999
2018-08-07 12:30:00,5.8,5.718088055555557
2018-08-07 12:45:00,5.98,5.947229940476197
2018-08-07 13:00:00,62.64,67.53343071428576
2018-08-07 13:15:00,99.79,84.66191059523803
2018-08-07 13:30:00,103.61,79.33389220238101
2018-08-07 13:45:00,58.54,85.4139001785714
2018-08-07 14:00:00,58.75,91.97009341269835
2018-08-07 14:15:00,50.94,67.32154924603176
2018-08-07 14:30:00,43.49,61.9753313888889
2018-08-07 14:45:00,42.84,66.15732936507935
2018-08-07 15:00:00,49.93,49.982359345238095
2018-08-07 15:15:00,54.11,48.90392410714284
2018-08-07 15:30:00,52.02,55.39050563492067
2018-08-07 15:45:00,56.84,58.76943601190481
2018-08-07 16:00:00,59.4,55.60615255952379
2018-08-07 16:15:00,58.75,57.480160468975456
2018-08-07 16:30:00,47.92,58.495887400793656
2018-08-07 16:45:00,87.19,51.81431142135641
2018-08-07 17:00:00,72.25,49.532908511904736
2018-08-07 17:15:00,104.76,74.90434714826841
2018-08-07 17:30:00,30.31,55.962457326839825
2018-08-07 17:45:00,30.42,51.95415035714284
2018-08-07 18:00:00,75.28,41.24388146825399
2018-08-07 18:15:00,77.22,65.26655867063494
2018-08-07 18:30:00,48.06,83.56664091269839
2018-08-07 18:45:00,49.68,75.85705966269839
2018-08-07 19:00:00,51.73,56.27056244047619
2018-08-07 19:15:00,51.88,57.37749069444443
2018-08-07 19:30:00,47.34,61.47243365079366
2018-08-07 19:45:00,47.59,52.852378988095225
2018-08-07 20:00:00,48.35,48.59462307720057
2018-08-07 20:15:00,50.29,52.462048906926356
2018-08-07 20:30:00,50.0,48.64803170634922
2018-08-07 20:45:00,30.13,41.01883422619048
2018-08-07 21:00:00,26.42,10.001409742063485
2018-08-07 21:15:00,15.52,6.771899309163062
2018-08-07 21:30:00,4.14,7.735602202380953
2018-08-07 21:45:00,4.0,4.234281785714284
2018-08-07 22:00:00,3.82,3.913681408730156
2018-08-07 22:15:00,3.56,3.807642916666662
2018-08-07 22:30:00,3.06,3.7307751190476153
2018-08-07 22:45:00,2.88,3.5218168650793666
2018-08-07 23:00:00,2.88,2.9229804166666646
2018-08-07 23:15:00,2.88,2.9110307738095247
2018-08-07 23:30:00,2.81,2.8842782738095236
2018-08-07 23:45:00,2.66,3.0265808333333326
2018-08-08 00:00:00,2.92,2.906600952380951
2018-08-08 00:15:00,3.46,2.962156150793648
2018-08-08 00:30:00,3.02,2.9771036904761896
2018-08-08 00:45:00,3.13,2.9479372023809534
2018-08-08 01:00:00,3.31,3.031668690476191
2018-08-08 01:15:00,3.17,3.1271701984127014
2018-08-08 01:30:00,3.17,3.10977632936508
2018-08-08 01:45:00,3.13,3.2839651190476205
2018-08-08 02:00:00,3.2,3.317946309523813
2018-08-08 02:15:00,3.28,3.2261840873015886
2018-08-08 02:30:00,3.2,3.254925032467534
2018-08-08 02:45:00,3.67,3.2486109920634925
2018-08-08 03:00:00,3.28,3.287091488095235
2018-08-08 03:15:00,3.17,3.2355925992063495
2018-08-08 03:30:00,3.2,3.233080535714287
2018-08-08 03:45:00,3.17,3.3029814285714254
2018-08-08 04:00:00,3.13,3.266897738095237
2018-08-08 04:15:00,3.17,3.2263676785714246
2018-08-08 04:30:00,3.17,3.2683495436507917
2018-08-08 04:45:00,3.13,3.3398568849206334
2018-08-08 05:00:00,3.17,3.2844228373015865
2018-08-08 05:15:00,3.17,3.2567336111111103
2018-08-08 05:30:00,3.17,3.3527787301587324
2018-08-08 05:45:00,3.53,3.389599682539682
2018-08-08 06:00:00,3.74,3.3469931944444467
2018-08-08 06:15:00,3.17,3.1992810119047626
2018-08-08 06:30:00,3.1,3.1969507738095224
2018-08-08 06:45:00,3.13,3.2464022023809496
2018-08-08 07:00:00,3.2,3.217398234126984
2018-08-08 07:15:00,4.07,3.612502440476192
2018-08-08 07:30:00,5.18,4.524442559523812
2018-08-08 07:45:00,4.82,8.171318913308916
2018-08-08 08:00:00,34.99,57.793602063492116
2018-08-08 08:15:00,53.14,75.04739845238099
2018-08-08 08:30:00,64.91,66.31553966269843
2018-08-08 08:45:00,59.44,86.11692429487177
2018-08-08 09:00:00,84.56,73.65670638888886
2018-08-08 09:15:00,56.38,59.747356468254004
2018-08-08 09:30:00,63.5,73.25722323953822
2018-08-08 09:45:00,103.93,62.96327285714288
2018-08-08 10:00:00,87.08,65.65506511904769
2018-08-08 10:15:00,90.61,84.9104256547619
2018-08-08 10:30:00,91.08,79.10092561507938
2018-08-08 10:45:00,106.99,76.18134619047616
2018-08-08 11:00:00,93.85,85.46960878968251
2018-08-08 11:15:00,76.1,89.49880287698416
2018-08-08 11:30:00,117.68,88.3445715079365
2018-08-08 11:45:00,95.65,80.24320684523812
2018-08-08 12:00:00,7.24,12.87986806637806
2018-08-08 12:15:00,5.0,5.5516265873015875
2018-08-08 12:30:00,4.93,5.6698150000000025
2018-08-08 12:45:00,4.93,5.321771031746031
2018-08-08 13:00:00,44.42,54.01408613636361
2018-08-08 13:15:00,123.16,85.761509484127
2018-08-08 13:30:00,85.68,69.81804267857142
2018-08-08 13:45:00,93.92,99.56341236111109
2018-08-08 14:00:00,104.0,91.28959934523812
2018-08-08 14:15:00,79.56,85.11708482142858
2018-08-08 14:30:00,115.67,93.40931178571431
2018-08-08 14:45:00,81.68,84.98830523809524
2018-08-08 15:00:00,115.74,92.16535916666673
2018-08-08 15:15:00,111.38,89.65710527958149
2018-08-08 15:30:00,69.23,88.79377482142861
2018-08-08 15:45:00,50.33,101.52206611111119
2018-08-08 16:00:00,45.86,85.2895464880953
2018-08-08 16:15:00,60.73,65.07922666666661
2018-08-08 16:30:00,42.73,61.06600898809523
2018-08-08 16:45:00,50.26,64.03093839285711
2018-08-08 17:00:00,49.43,47.01126369047617
2018-08-08 17:15:00,37.69,55.0514637301587
2018-08-08 17:30:00,30.96,28.825219761904762
2018-08-08 17:45:00,32.08,24.848651607142823
2018-08-08 18:00:00,38.34,43.82448882936505
2018-08-08 18:15:00,47.38,47.93803158730157
2018-08-08 18:30:00,49.79,55.07073164682539
2018-08-08 18:45:00,52.56,51.538349087301576
2018-08-08 19:00:00,44.35,51.81274426587302
2018-08-08 19:15:00,64.44,51.02103817460316
2018-08-08 19:30:00,53.42,40.35584240079362
2018-08-08 19:45:00,111.06,61.278041051587245
2018-08-08 20:00:00,53.86,53.37093676587301
2018-08-08 20:15:00,94.14,88.37245932539683
2018-08-08 20:30:00,70.63,63.34170932539684
2018-08-08 20:45:00,22.0,46.8226969047619
2018-08-08 21:00:00,7.16,37.57089130952382
2018-08-08 21:15:00,4.18,6.011709543650793
2018-08-08 21:30:00,3.89,4.016598452380951
2018-08-08 21:45:00,3.85,3.998560317460317
2018-08-08 22:00:00,3.71,3.8227336309523827
2018-08-08 22:15:00,3.24,3.687325909090905
2018-08-08 22:30:00,2.7,3.6695437698412716
2018-08-08 22:45:00,2.66,3.2116948809523804
2018-08-08 23:00:00,2.59,2.8981917857142836
2018-08-08 23:15:00,2.56,2.9084368452380924
2018-08-08 23:30:00,2.56,2.9172832936507915
2018-08-08 23:45:00,2.66,2.8880094444444437
2018-08-09 00:00:00,3.17,2.7044500595238117
2018-08-09 00:15:00,2.84,2.6820525595238105
2018-08-09 00:30:00,2.7,3.035120892857143
2018-08-09 00:45:00,2.74,2.955555456349207
2018-08-09 01:00:00,2.77,2.9269210714285716
2018-08-09 01:15:00,2.77,2.905640476190477
2018-08-09 01:30:00,2.74,2.970336924603173
2018-08-09 01:45:00,2.74,3.0119631385281385
2018-08-09 02:00:00,2.99,3.082359404761904
2018-08-09 02:15:00,3.2,3.0770898809523795
2018-08-09 02:30:00,2.77,2.9341681547619056
2018-08-09 02:45:00,2.81,2.828358035714287
2018-08-09 03:00:00,2.74,3.0415587500000005
2018-08-09 03:15:00,2.77,3.0387371428571415
2018-08-09 03:30:00,2.77,3.0227557142857138
2018-08-09 03:45:00,2.77,3.088547440476192
2018-08-09 04:00:00,2.77,3.011052321428573
2018-08-09 04:15:00,2.81,3.173066904761905
2018-08-09 04:30:00,2.81,3.176487817460317
2018-08-09 04:45:00,2.74,3.0344911904761913
2018-08-09 05:00:00,2.77,3.0166674999999996
2018-08-09 05:15:00,3.35,3.105814761904763
2018-08-09 05:30:00,3.13,3.0663186904761908
2018-08-09 05:45:00,2.74,2.8231309523809514
2018-08-09 06:00:00,2.81,2.866448273809521
2018-08-09 06:15:00,2.74,2.97724595238095
2018-08-09 06:30:00,3.24,3.05210687229437
2018-08-09 06:45:00,2.92,2.9666126190476176
2018-08-09 07:00:00,2.99,2.8870928174603163
2018-08-09 07:15:00,4.07,3.466318809523808
2018-08-09 07:30:00,4.21,3.8611531547619053
2018-08-09 07:45:00,8.21,5.962637321428572
2018-08-09 08:00:00,64.87,46.19028956349209
2018-08-09 08:15:00,98.32,60.92467404761909
2018-08-09 08:30:00,109.98,95.69950464285711
2018-08-09 08:45:00,96.41,93.65052873015873
2018-08-09 09:00:00,73.76,95.2931106746032
2018-08-09 09:15:00,98.86,96.806365218254
2018-08-09 09:30:00,103.39,84.06419634920636
2018-08-09 09:45:00,110.66,87.95477015873011
2018-08-09 10:00:00,111.67,90.93075863095241
2018-08-09 10:15:00,88.88,93.80047730158735
2018-08-09 10:30:00,111.64,94.69883526515152
2018-08-09 10:45:00,72.11,97.44828910714281
2018-08-09 11:00:00,126.29,93.45614511724385
2018-08-09 11:15:00,94.54,88.4801348809524
2018-08-09 11:30:00,103.72,90.73135386904765
2018-08-09 11:45:00,89.39,86.66666089285718
2018-08-09 12:00:00,19.26,11.790900844155846
2018-08-09 12:15:00,4.9,5.7229874404761905
2018-08-09 12:30:00,4.79,6.60292121031746
2018-08-09 12:45:00,4.57,4.959118710317458
2018-08-09 13:00:00,50.72,58.59130976190477
2018-08-09 13:15:00,107.21,77.44209210317459
2018-08-09 13:30:00,72.43,74.13366926587301
2018-08-09 13:45:00,133.06,91.70315105158727
2018-08-09 14:00:00,66.1,83.48937958333329
2018-08-09 14:15:00,42.37,94.05626450396825
2018-08-09 14:30:00,49.18,78.49967541666669
2018-08-09 14:45:00,62.39,51.995862162698415
2018-08-09 15:00:00,44.35,62.339183690476176
2018-08-09 15:15:00,40.0,66.9242009126984
2018-08-09 15:30:00,49.9,45.11808549603172
2018-08-09 15:45:00,67.43,45.147219503968245
2018-08-09 16:00:00,59.8,55.88739962301586
2018-08-09 16:15:00,54.04,68.56902448412696
2018-08-09 16:30:00,46.26,57.19497355158726
2018-08-09 16:45:00,44.96,53.64309985750362
2018-08-09 17:00:00,56.99,47.23125948051944
2018-08-09 17:15:00,44.03,45.76251368506495
2018-08-09 17:30:00,30.53,25.606827976190463
2018-08-09 17:45:00,31.43,27.305779226190463
2018-08-09 18:00:00,51.59,44.3410538095238
2018-08-09 18:15:00,44.6,51.55155071428575
2018-08-09 18:30:00,44.75,56.52155146825395
2018-08-09 18:45:00,49.32,48.43492095238093
2018-08-09 19:00:00,52.78,49.20027817279941
2018-08-09 19:15:00,52.2,51.58958623015874
2018-08-09 19:30:00,49.03,54.57011878968254
2018-08-09 19:45:00,42.73,58.09112553571432
2018-08-09 20:00:00,50.36,49.03013059523806
2018-08-09 20:15:00,49.5,46.38669119047617
2018-08-09 20:30:00,46.55,49.61406420634921
2018-08-09 20:45:00,16.99,22.503040396825405
2018-08-09 21:00:00,10.15,8.30104206349206
2018-08-09 21:15:00,5.98,4.1180573809523775
2018-08-09 21:30:00,4.46,3.8512420833333327
2018-08-09 21:45:00,3.89,4.66475309163059
2018-08-09 22:00:00,3.67,3.899910921855922
2018-08-09 22:15:00,3.49,3.7731670833333344
2018-08-09 22:30:00,3.46,3.737398809523807
2018-08-09 22:45:00,3.24,3.30623636904762
2018-08-09 23:00:00,2.66,3.2643593452380926
2018-08-09 23:15:00,2.63,3.2052839285714274
2018-08-09 23:30:00,2.63,2.9089903571428555
2018-08-09 23:45:00,2.7,2.964473591269839
2018-08-10 00:00:00,2.7,2.8412822619047615
2018-08-10 00:15:00,2.66,2.7964617261904756
2018-08-10 00:30:00,2.7,2.797109464285713
2018-08-10 00:45:00,2.66,2.815771547619046
2018-08-10 01:00:00,2.66,2.840525535714284
2018-08-10 01:15:00,2.7,2.866777261904762
2018-08-10 01:30:00,2.74,2.872723928571428
2018-08-10 01:45:00,2.66,2.906538630952381
2018-08-10 02:00:00,2.7,2.9130478571428546
2018-08-10 02:15:00,2.7,2.9055474404761905
2018-08-10 02:30:00,3.31,2.8908388690476183
2018-08-10 02:45:00,2.88,2.8571436904761907
2018-08-10 03:00:00,2.66,2.8008087500000003
2018-08-10 03:15:00,2.74,2.872165773809523
2018-08-10 03:30:00,3.06,2.862170476190475
2018-08-10 03:45:00,2.56,2.9826483333333327
2018-08-10 04:00:00,2.52,2.811594940476191
2018-08-10 04:15:00,2.63,2.878228452380952
2018-08-10 04:30:00,2.63,2.831599166666665
2018-08-10 04:45:00,2.59,2.7261796428571414
2018-08-10 05:00:00,2.59,2.698104285714283
2018-08-10 05:15:00,2.56,2.82204255952381
2018-08-10 05:30:00,2.56,2.77553630952381
2018-08-10 05:45:00,2.52,2.666529523809522
2018-08-10 06:00:00,2.52,2.656273809523809
2018-08-10 06:15:00,2.66,2.659611071428573
2018-08-10 06:30:00,2.66,2.661398214285715
2018-08-10 06:45:00,2.66,2.6588495238095247
2018-08-10 07:00:00,2.59,2.8153725000000005
2018-08-10 07:15:00,3.53,3.087680178571428
2018-08-10 07:30:00,7.31,3.531999305555558
2018-08-10 07:45:00,6.34,4.5531520634920675
2018-08-10 08:00:00,37.4,56.39253670634924
2018-08-10 08:15:00,49.9,77.43761291666671
2018-08-10 08:30:00,55.73,68.14084531746035
2018-08-10 08:45:00,47.84,84.14185988095238
2018-08-10 09:00:00,50.65,70.04327019841267
2018-08-10 09:15:00,55.08,65.56100583333334
2018-08-10 09:30:00,51.55,59.34230976190475
2018-08-10 09:45:00,52.09,61.8160881547619
2018-08-10 10:00:00,42.7,60.12628851190476
2018-08-10 10:15:00,44.14,57.53010299603176
2018-08-10 10:30:00,60.37,45.18280061507935
2018-08-10 10:45:00,91.44,45.76315039682539
2018-08-10 11:00:00,69.8,60.49209015873017
2018-08-10 11:15:00,94.32,77.94564462301585
2018-08-10 11:30:00,105.77,70.41446142857144
2018-08-10 11:45:00,113.72,74.73933446428573
2018-08-10 12:00:00,12.31,14.315590595238087
2018-08-10 12:15:00,4.79,6.838842261904758
2018-08-10 12:30:00,4.68,5.633431666666667
2018-08-10 12:45:00,4.61,5.211514880952382
2018-08-10 13:00:00,30.06,48.173175892857124
2018-08-10 13:15:00,123.8,61.44024148809523
2018-08-10 13:30:00,105.7,63.11222154761906
2018-08-10 13:45:00,94.93,93.79699081349209
2018-08-10 14:00:00,115.45,97.59143922619052
2018-08-10 14:15:00,86.47,91.18572065476192
2018-08-10 14:30:00,91.84,98.66728173840049
2018-08-10 14:45:00,89.35,99.55270499999995
2018-08-10 15:00:00,90.18,83.69492547619043
2018-08-10 15:15:00,106.67,84.7687886904762
2018-08-10 15:30:00,131.0,81.0967619246032
2018-08-10 15:45:00,107.46,87.69473882936506
2018-08-10 16:00:00,103.46,99.46566425824172
2018-08-10 16:15:00,100.22,97.82865543650794
2018-08-10 16:30:00,118.04,100.18197410714284
2018-08-10 16:45:00,55.66,93.81726096320347
2018-08-10 17:00:00,83.27,97.31474880910757
2018-08-10 17:15:00,99.83,67.9139736796537
2018-08-10 17:30:00,30.71,61.250325714285665
2018-08-10 17:45:00,29.81,53.80541018398269
2018-08-10 18:00:00,63.79,64.55595419552671
2018-08-10 18:15:00,79.96,64.47432426587305
2018-08-10 18:30:00,98.75,60.70994059523806
2018-08-10 18:45:00,86.9,79.25728967796094
2018-08-10 19:00:00,110.84,83.66958119047622
2018-08-10 19:15:00,73.55,82.53132273809528
2018-08-10 19:30:00,112.61,90.8668869246032
2018-08-10 19:45:00,91.8,85.10532089285711
2018-08-10 20:00:00,100.33,89.79943684523812
2018-08-10 20:15:00,84.46,91.18154166666658
2018-08-10 20:30:00,102.46,81.12924569444442
2018-08-10 20:45:00,64.8,32.618551726190475
2018-08-10 21:00:00,4.46,18.28670581349206
2018-08-10 21:15:00,4.25,20.363665066738815
2018-08-10 21:30:00,3.74,8.234871190476191
2018-08-10 21:45:00,3.78,4.021796388888888
2018-08-10 22:00:00,3.56,3.8711202380952376
2018-08-10 22:15:00,3.28,3.673403154761906
2018-08-10 22:30:00,3.24,3.4646792857142867
2018-08-10 22:45:00,2.74,3.2587490476190495
2018-08-10 23:00:00,2.7,3.210145357142856
2018-08-10 23:15:00,2.7,2.974636071428571
2018-08-10 23:30:00,2.66,2.923806309523806
2018-08-10 23:45:00,2.7,2.950608055555554
2018-08-11 00:00:00,2.66,2.860910714285711
2018-08-11 00:15:00,2.81,2.8879761904761896
2018-08-11 00:30:00,2.74,2.823470634920633
2018-08-11 00:45:00,2.7,2.9081007738095224
2018-08-11 01:00:00,2.74,2.8297020238095225
2018-08-11 01:15:00,2.77,2.878762678571428
2018-08-11 01:30:00,3.35,2.9262297023809505
2018-08-11 01:45:00,2.92,2.9398108333333335
2018-08-11 02:00:00,2.74,3.053359523809523
2018-08-11 02:15:00,2.7,3.05718601190476
2018-08-11 02:30:00,2.66,3.030445416666666
2018-08-11 02:45:00,2.66,2.929874047619046
2018-08-11 03:00:00,3.28,2.883606765873016
2018-08-11 03:15:00,2.99,2.8598394047619036
2018-08-11 03:30:00,2.77,2.7318577380952407
2018-08-11 03:45:00,2.77,2.7776305952380973
2018-08-11 04:00:00,2.77,3.0222427380952377
2018-08-11 04:15:00,2.77,3.03166130952381
2018-08-11 04:30:00,2.81,3.145344960317461
2018-08-11 04:45:00,2.74,3.1035486904761904
2018-08-11 05:00:00,2.81,3.0946371428571435
2018-08-11 05:15:00,2.74,3.0601609126984135
2018-08-11 05:30:00,2.74,3.1064525793650803
2018-08-11 05:45:00,2.74,3.0767885119047627
2018-08-11 06:00:00,2.74,3.108958154761906
2018-08-11 06:15:00,2.74,3.021727797619048
2018-08-11 06:30:00,2.84,3.0267095238095236
2018-08-11 06:45:00,2.7,2.9706779761904754
2018-08-11 07:00:00,2.7,2.9185658730158726
2018-08-11 07:15:00,3.28,3.086818988095239
2018-08-11 07:30:00,4.25,4.272062539682541
2018-08-11 07:45:00,5.44,4.978541607142858
2018-08-11 08:00:00,68.94,44.77328452380952
2018-08-11 08:15:00,111.38,51.140599047619006
2018-08-11 08:30:00,77.72,94.76822339285712
2018-08-11 08:45:00,109.84,87.89112174603174
2018-08-11 09:00:00,91.19,83.00910577380957
2018-08-11 09:15:00,109.91,81.23899025793652
2018-08-11 09:30:00,87.88,85.81547722222219
2018-08-11 09:45:00,110.59,80.79280698412697
2018-08-11 10:00:00,73.87,87.48107440476187
2018-08-11 10:15:00,78.44,81.18417603174602
2018-08-11 10:30:00,76.25,78.84711428571431
2018-08-11 10:45:00,90.76,76.79390732142853
2018-08-11 11:00:00,94.86,80.6001408928572
2018-08-11 11:15:00,71.71,78.92490160714286
2018-08-11 11:30:00,103.82,84.38368468253968
2018-08-11 11:45:00,56.63,73.57310761904759
2018-08-11 12:00:00,4.0,15.154535892857139
2018-08-11 12:15:00,4.21,5.426329918831171
2018-08-11 12:30:00,3.92,4.5594454365079375
2018-08-11 12:45:00,4.21,4.544376249999998
2018-08-11 13:00:00,37.22,49.009899761904784
2018-08-11 13:15:00,83.99,80.37152803571428
2018-08-11 13:30:00,95.65,72.25343101190475
2018-08-11 13:45:00,109.33,61.527549325396784
2018-08-11 14:00:00,89.32,87.41792753968251
2018-08-11 14:15:00,105.59,92.63315871031746
2018-08-11 14:30:00,96.3,90.3770441071428
2018-08-11 14:45:00,103.57,77.49790553571425
2018-08-11 15:00:00,93.56,88.01027920634914
2018-08-11 15:15:00,71.64,79.40684982142854
2018-08-11 15:30:00,72.54,88.81801101190479
2018-08-11 15:45:00,86.9,82.4648054761904
2018-08-11 16:00:00,103.36,76.39077511904759
2018-08-11 16:15:00,81.9,76.4752336904761
2018-08-11 16:30:00,95.83,86.39712894841269
2018-08-11 16:45:00,15.55,76.14941071428572
2018-08-11 17:00:00,5.62,62.136519484126964
2018-08-11 17:15:00,4.0,7.9046664880952395
2018-08-11 17:30:00,3.78,4.869500119047619
2018-08-11 17:45:00,3.2,4.020573392857144
2018-08-11 18:00:00,2.84,3.785082083333333
2018-08-11 18:15:00,2.74,3.9949770833333327
2018-08-11 18:30:00,2.88,3.1353054166666645
2018-08-11 18:45:00,3.06,3.0696841666666668
2018-08-11 19:00:00,3.06,3.1843324404761897
2018-08-11 19:15:00,3.02,3.072202819264069
2018-08-11 19:30:00,3.02,3.089106031746031
2018-08-11 19:45:00,3.06,3.1613444642857127
2018-08-11 20:00:00,3.1,3.2915132142857124
2018-08-11 20:15:00,3.17,3.2829429761904745
2018-08-11 20:30:00,3.1,3.3778095833333346
2018-08-11 20:45:00,3.1,3.3250732142857156
2018-08-11 21:00:00,3.1,3.3746777777777806
2018-08-11 21:15:00,3.17,3.3712679761904774
2018-08-11 21:30:00,3.17,3.350769107142858
2018-08-11 21:45:00,3.24,3.316174226190478
2018-08-11 22:00:00,3.49,3.258416091269843
2018-08-11 22:15:00,2.88,3.1355597023809554
2018-08-11 22:30:00,2.74,3.0336933098845607
2018-08-11 22:45:00,3.17,2.873376150793651
2018-08-11 23:00:00,3.24,2.802575833333332
2018-08-11 23:15:00,2.59,2.9217009253246733
2018-08-11 23:30:00,2.66,2.897256150793652
2018-08-11 23:45:00,2.74,2.8252585119047624
2018-08-12 00:00:00,2.7,2.74854363095238
2018-08-12 00:15:00,2.74,2.7317702380952382
2018-08-12 00:30:00,2.74,2.7365587896825416
2018-08-12 00:45:00,2.7,2.8292791666666646
2018-08-12 01:00:00,2.7,2.8040682142857127
2018-08-12 01:15:00,2.7,2.7616941071428585
2018-08-12 01:30:00,2.74,2.7563144642857167
2018-08-12 01:45:00,2.81,2.7962812500000003
2018-08-12 02:00:00,2.77,2.771752857142857
2018-08-12 02:15:00,2.77,2.8984170238095244
2018-08-12 02:30:00,3.06,2.891235833333332
2018-08-12 02:45:00,3.06,3.0219819047619034
2018-08-12 03:00:00,2.77,2.888089404761906
2018-08-12 03:15:00,2.77,2.865200734126984
2018-08-12 03:30:00,2.84,2.95230392857143
2018-08-12 03:45:00,2.77,2.9243573214285714
2018-08-12 04:00:00,2.77,3.019988988095238
2018-08-12 04:15:00,2.77,2.898902202380952
2018-08-12 04:30:00,2.81,2.9305871428571435
2018-08-12 04:45:00,3.28,2.9023819047619033
2018-08-12 05:00:00,3.2,2.891356785714286
2018-08-12 05:15:00,2.74,2.77230607142857
2018-08-12 05:30:00,2.66,2.7864621428571423
2018-08-12 05:45:00,2.74,2.819683214285714
2018-08-12 06:00:00,2.77,2.7793683333333323
2018-08-12 06:15:00,2.74,2.766835753968252
2018-08-12 06:30:00,3.17,2.7798563492063497
2018-08-12 06:45:00,2.84,2.8084224404761913
2018-08-12 07:00:00,2.74,2.9493392063492085
2018-08-12 07:15:00,2.7,3.3389085119047603
2018-08-12 07:30:00,2.7,3.495896111111112
2018-08-12 07:45:00,2.63,4.90907027777778
2018-08-12 08:00:00,2.59,35.47361571428574
2018-08-12 08:15:00,2.63,53.2955786904762
2018-08-12 08:30:00,2.7,4.06483765873016
2018-08-12 08:45:00,2.95,3.881038432539683
2018-08-12 09:00:00,3.06,3.9065452380952363
2018-08-12 09:15:00,3.02,3.9130113690476147
2018-08-12 09:30:00,3.1,3.689994880952378
2018-08-12 09:45:00,3.06,3.653893749999999
2018-08-12 10:00:00,3.06,3.1495036904761906
2018-08-12 10:15:00,3.1,3.1712295238095227
2018-08-12 10:30:00,3.64,3.1966907142857135
2018-08-12 10:45:00,3.13,3.3791200595238085
2018-08-12 11:00:00,3.02,3.8768298214285717
2018-08-12 11:15:00,3.24,2.9840967261904763
2018-08-12 11:30:00,2.7,3.773100119047618
2018-08-12 11:45:00,2.77,2.9928814285714287
2018-08-12 12:00:00,2.88,3.0606049801587307
2018-08-12 12:15:00,3.06,3.1184071428571434
2018-08-12 12:30:00,3.06,3.0892376190476183
2018-08-12 12:45:00,3.06,3.1424879166666644
2018-08-12 13:00:00,3.1,3.218674642857141
2018-08-12 13:15:00,3.06,3.2458689285714284
2018-08-12 13:30:00,3.1,3.6726373809523785
2018-08-12 13:45:00,3.02,3.6414978373015896
2018-08-12 14:00:00,3.02,3.3777042261904766
2018-08-12 14:15:00,2.99,3.620057916666667
2018-08-12 14:30:00,3.06,3.6358374837662324
2018-08-12 14:45:00,3.02,3.6529451190476188
2018-08-12 15:00:00,3.06,3.6673742099567104
2018-08-12 15:15:00,3.1,3.235073475829726
2018-08-12 15:30:00,3.64,3.2296855357142853
2018-08-12 15:45:00,3.06,3.2349737301587287
2018-08-12 16:00:00,3.1,3.5602942261904746
2018-08-12 16:15:00,2.99,3.151486170634923
2018-08-12 16:30:00,3.02,3.304623373015873
2018-08-12 16:45:00,3.02,3.0973188690476205
2018-08-12 17:00:00,3.02,3.1426924404761905
2018-08-12 17:15:00,3.56,3.130255813492064
2018-08-12 17:30:00,3.38,3.1531550595238103
2018-08-12 17:45:00,2.99,3.1063710714285717
2018-08-12 18:00:00,2.77,3.070895714285714
2018-08-12 18:15:00,2.74,3.046808234126986
2018-08-12 18:30:00,2.88,3.0129772619047612
2018-08-12 18:45:00,2.99,2.94741488095238
2018-08-12 19:00:00,3.02,2.913078571428571
2018-08-12 19:15:00,3.06,3.052123571428571
2018-08-12 19:30:00,3.02,3.1165412698412696
2018-08-12 19:45:00,3.06,3.1263300000000003
2018-08-12 20:00:00,3.02,3.1434757142857115
2018-08-12 20:15:00,3.46,3.1756670833333316
2018-08-12 20:30:00,3.28,3.185536428571429
2018-08-12 20:45:00,3.13,3.1242076190476173
2018-08-12 21:00:00,3.13,3.1268717857142856
2018-08-12 21:15:00,3.13,3.2362120238095207
2018-08-12 21:30:00,3.13,3.208249007936508
2018-08-12 21:45:00,3.13,3.2585817261904784
2018-08-12 22:00:00,2.99,3.2092662698412697
2018-08-12 22:15:00,2.7,3.049183075396826
2018-08-12 22:30:00,2.92,2.9188989285714304
2018-08-12 22:45:00,3.28,2.8696351785714302
2018-08-12 23:00:00,2.88,2.9961388095238095
2018-08-12 23:15:00,2.66,2.9221252976190457
2018-08-12 23:30:00,2.74,3.008001249999998
2018-08-12 23:45:00,2.84,2.8698764880952385
2018-08-13 00:00:00,2.77,2.901510476190475
2018-08-13 00:15:00,2.81,2.9330285912698404
2018-08-13 00:30:00,3.28,2.944331507936503
2018-08-13 00:45:00,2.74,2.9998734126984106
2018-08-13 01:00:00,2.77,3.0596258333333335
2018-08-13 01:15:00,2.77,2.8959667857142852
2018-08-13 01:30:00,2.81,2.9870705952380927
2018-08-13 01:45:00,2.77,2.931919523809522
2018-08-13 02:00:00,2.77,2.9551127380952344
2018-08-13 02:15:00,2.81,2.9844622222222204
2018-08-13 02:30:00,2.84,2.9632229761904774
2018-08-13 02:45:00,2.77,2.9757398214285704
2018-08-13 03:00:00,2.7,3.036054047619048
2018-08-13 03:15:00,2.74,3.111680833333332
2018-08-13 03:30:00,2.7,2.9564441071428558
2018-08-13 03:45:00,2.74,2.94560738095238
2018-08-13 04:00:00,2.74,2.926712321428572
2018-08-13 04:15:00,2.81,2.889897142857143
2018-08-13 04:30:00,3.74,2.901724047619047
2018-08-13 04:45:00,3.74,2.9059633766233772
2018-08-13 05:00:00,2.74,2.9265799404761905
2018-08-13 05:15:00,2.7,2.9345032738095234
2018-08-13 05:30:00,2.7,2.9338926190476204
2018-08-13 05:45:00,2.66,2.8295183333333322
2018-08-13 06:00:00,2.66,2.823877023809523
2018-08-13 06:15:00,2.63,2.788967321428571
2018-08-13 06:30:00,2.74,2.820483452380954
2018-08-13 06:45:00,2.7,2.7856363095238095
2018-08-13 07:00:00,2.7,2.878301011904762
2018-08-13 07:15:00,3.53,3.540236726190477
2018-08-13 07:30:00,4.03,4.541187976190477
2018-08-13 07:45:00,3.85,4.693760932539682
2018-08-13 08:00:00,26.64,30.89721644841268
2018-08-13 08:15:00,92.23,53.854969365079384
2018-08-13 08:30:00,82.08,62.74538041666663
2018-08-13 08:45:00,119.92,89.60555505952384
2018-08-13 09:00:00,92.34,82.83130067460316
2018-08-13 09:15:00,110.2,88.40235152777782
2018-08-13 09:30:00,89.78,91.78795305250308
2018-08-13 09:45:00,106.34,92.84984819805194
2018-08-13 10:00:00,84.31,92.12402059523811
2018-08-13 10:15:00,104.62,89.9159063924964
2018-08-13 10:30:00,81.94,87.61273515873019
2018-08-13 10:45:00,100.66,89.28343926587304
2018-08-13 11:00:00,101.99,83.80968486111111
2018-08-13 11:15:00,81.54,84.04319081349209
2018-08-13 11:30:00,100.94,96.36719914682543
2018-08-13 11:45:00,96.55,93.55825999999998
2018-08-13 12:00:00,28.87,10.14795851190476
2018-08-13 12:15:00,24.01,6.489454623015877
2018-08-13 12:30:00,4.97,12.685700681818185
2018-08-13 12:45:00,4.97,10.02955827380953
2018-08-13 13:00:00,60.48,73.64718198412697
2018-08-13 13:15:00,90.07,92.97502950396819
2018-08-13 13:30:00,107.6,87.04016948232324
2018-08-13 13:45:00,111.46,93.0547182738095
2018-08-13 14:00:00,105.19,91.4171958928572
2018-08-13 14:15:00,85.75,99.87674446428574
2018-08-13 14:30:00,109.19,93.36676690476185
2018-08-13 14:45:00,93.6,83.79845575396827
2018-08-13 15:00:00,57.56,91.63522505952382
2018-08-13 15:15:00,57.64,94.29823624999996
2018-08-13 15:30:00,75.64,78.69760083333333
2018-08-13 15:45:00,76.1,68.43099928571434
2018-08-13 16:00:00,91.98,70.82191448412694
2018-08-13 16:15:00,85.18,75.7719624801587
2018-08-13 16:30:00,102.64,79.95497018398268
2018-08-13 16:45:00,110.05,76.05726898809529
2018-08-13 17:00:00,95.36,83.01229878968252
2018-08-13 17:15:00,101.2,92.96301075396825
2018-08-13 17:30:00,35.21,40.991698571428586
2018-08-13 17:45:00,32.11,38.810676547619074
2018-08-13 18:00:00,68.29,65.02712694444445
2018-08-13 18:15:00,86.9,80.12238398809522
2018-08-13 18:30:00,103.1,81.559628015873
2018-08-13 18:45:00,70.13,81.22839374999998
2018-08-13 19:00:00,103.68,79.28214617063493
2018-08-13 19:15:00,88.74,81.39091601190476
2018-08-13 19:30:00,104.4,83.15134962301589
2018-08-13 19:45:00,83.63,90.56560388888892
2018-08-13 20:00:00,99.68,82.74326901334776
2018-08-13 20:15:00,91.98,90.36760220238091
2018-08-13 20:30:00,105.37,83.97308691017311
2018-08-13 20:45:00,68.29,67.0812530952381
2018-08-13 21:00:00,6.05,24.720912976190466
2018-08-13 21:15:00,4.61,14.499258562409805
2018-08-13 21:30:00,4.43,6.030097261904764
2018-08-13 21:45:00,4.1,4.397664702380953
2018-08-13 22:00:00,3.89,3.990367916666667
2018-08-13 22:15:00,3.6,3.8326357738095242
2018-08-13 22:30:00,3.67,3.7070651785714266
2018-08-13 22:45:00,3.67,3.7756824007936536
2018-08-13 23:00:00,3.64,3.6316007738095237
2018-08-13 23:15:00,2.99,3.5575265674603185
2018-08-13 23:30:00,2.84,3.527517142857143
2018-08-13 23:45:00,2.74,3.371467519841269
2018-08-14 00:00:00,2.84,2.9831937499999994
2018-08-14 00:15:00,3.06,2.971526706349204
2018-08-14 00:30:00,3.46,3.1295216666666676
2018-08-14 00:45:00,2.81,3.0348670238095248
2018-08-14 01:00:00,2.84,2.9204703571428565
2018-08-14 01:15:00,2.92,2.902545238095237
2018-08-14 01:30:00,2.84,2.923385138888889
2018-08-14 01:45:00,2.84,2.9679286309523816
2018-08-14 02:00:00,3.13,2.980069761904761
2018-08-14 02:15:00,3.02,2.956468809523806
2018-08-14 02:30:00,3.06,3.0149665476190473
2018-08-14 02:45:00,3.02,2.9757413492063485
2018-08-14 03:00:00,3.02,3.053758928571429
2018-08-14 03:15:00,3.06,3.1048812662337686
2018-08-14 03:30:00,3.31,3.1880621428571447
2018-08-14 03:45:00,3.56,3.132908333333335
2018-08-14 04:00:00,2.92,3.183085773809522
2018-08-14 04:15:00,2.92,3.1869915746753263
2018-08-14 04:30:00,2.88,3.0204261111111093
2018-08-14 04:45:00,2.92,3.0787740277777753
2018-08-14 05:00:00,2.92,2.9661520436507924
2018-08-14 05:15:00,2.92,3.0704029365079366
2018-08-14 05:30:00,2.88,3.0357804365079373
2018-08-14 05:45:00,2.88,3.0261236507936515
2018-08-14 06:00:00,2.92,3.067464603174603
2018-08-14 06:15:00,3.46,3.058864365079366
2018-08-14 06:30:00,2.84,3.007298888888889
2018-08-14 06:45:00,2.81,2.9913052976190464
2018-08-14 07:00:00,2.81,2.978470714285712
2018-08-14 07:15:00,3.35,3.4299056547619045
2018-08-14 07:30:00,3.92,5.162028154761905
2018-08-14 07:45:00,3.67,6.6011597222222225
2018-08-14 08:00:00,22.32,49.9214902777778
2018-08-14 08:15:00,101.63,63.077706286075
2018-08-14 08:30:00,93.49,56.01471859126982
2018-08-14 08:45:00,69.41,98.24697680194805
2018-08-14 09:00:00,96.66,85.90765404761902
2018-08-14 09:15:00,82.69,91.56844333333328
2018-08-14 09:30:00,76.28,77.9464152777778
2018-08-14 09:45:00,97.49,91.07372469696962
2018-08-14 10:00:00,105.88,75.20888333333332
2018-08-14 10:15:00,91.8,83.61841164321784
2018-08-14 10:30:00,106.49,93.38693708333331
2018-08-14 10:45:00,57.28,83.88582386904761
2018-08-14 11:00:00,63.79,84.61037470238094
2018-08-14 11:15:00,72.68,78.3571194047619
2018-08-14 11:30:00,53.21,73.42896884920634
2018-08-14 11:45:00,72.86,72.9912661904762
2018-08-14 12:00:00,15.23,14.414236428571439
2018-08-14 12:15:00,5.87,12.539625892857138
2018-08-14 12:30:00,5.87,5.518377321428573
2018-08-14 12:45:00,5.76,5.819632202380953
2018-08-14 13:00:00,52.99,50.286904920634946
2018-08-14 13:15:00,63.25,73.08071390873015
2018-08-14 13:30:00,71.42,75.91694755952386
2018-08-14 13:45:00,66.1,70.34967142857144
2018-08-14 14:00:00,74.48,72.25888931818182
2018-08-14 14:15:00,96.12,69.96975041666664
2018-08-14 14:30:00,81.22,66.51638666666669
2018-08-14 14:45:00,96.7,88.15180035714282
2018-08-14 15:00:00,95.08,85.73475238095237
2018-08-14 15:15:00,75.92,83.9589209054834
2018-08-14 15:30:00,89.78,90.28408051587303
2018-08-14 15:45:00,93.64,86.66078750000001
2018-08-14 16:00:00,83.59,82.44992053571427
2018-08-14 16:15:00,88.09,86.34322297619046
2018-08-14 16:30:00,105.26,84.68557091269841
2018-08-14 16:45:00,86.0,83.20414613095235
2018-08-14 17:00:00,105.48,87.09993773809524
2018-08-14 17:15:00,70.99,85.4501573809524
2018-08-14 17:30:00,29.92,38.51081803571431
2018-08-14 17:45:00,29.99,36.242346488095244
2018-08-14 18:00:00,67.5,56.26042049603175
2018-08-14 18:15:00,106.45,79.11253831349207
2018-08-14 18:30:00,85.03,82.70957333333332
2018-08-14 18:45:00,108.36,89.14536916486286
2018-08-14 19:00:00,75.89,92.76619601190481
2018-08-14 19:15:00,95.94,87.58625488095237
2018-08-14 19:30:00,82.62,85.34832466269842
2018-08-14 19:45:00,89.5,86.62003190476187
2018-08-14 20:00:00,95.44,90.47364750000004
2018-08-14 20:15:00,81.61,78.24003567460322
2018-08-14 20:30:00,119.34,82.90379194264071
2018-08-14 20:45:00,37.73,57.49844978174602
2018-08-14 21:00:00,28.4,32.27725371031745
2018-08-14 21:15:00,4.0,17.241436031746037
2018-08-14 21:30:00,3.89,15.081778452380956
2018-08-14 21:45:00,3.85,4.429686785714285
2018-08-14 22:00:00,3.42,3.764210476190477
2018-08-14 22:15:00,2.77,3.651448690476188
2018-08-14 22:30:00,2.77,3.4485035714285726
2018-08-14 22:45:00,2.77,2.938369047619048
2018-08-14 23:00:00,2.74,2.9951591666666677
2018-08-14 23:15:00,2.74,2.8986199999999984
2018-08-14 23:30:00,2.74,2.9519054761904733
2018-08-14 23:45:00,2.81,2.9603240674603124
2018-08-15 00:00:00,2.74,2.9139884325396803
2018-08-15 00:15:00,2.74,2.991760000000001
2018-08-15 00:30:00,2.59,2.9164494444444444
2018-08-15 00:45:00,2.63,2.9267830158730135
2018-08-15 01:00:00,2.59,2.8709947619047598
2018-08-15 01:15:00,2.63,2.8559245436507927
2018-08-15 01:30:00,2.63,2.760964722222224
2018-08-15 01:45:00,2.59,2.7494029761904746
2018-08-15 02:00:00,2.95,2.767628333333336
2018-08-15 02:15:00,3.13,2.830687440476191
2018-08-15 02:30:00,3.2,2.8311795129870125
2018-08-15 02:45:00,2.81,2.78373375
2018-08-15 03:00:00,2.59,2.8702208928571444
2018-08-15 03:15:00,2.59,3.087879761904761
2018-08-15 03:30:00,2.63,2.9207517261904727
2018-08-15 03:45:00,2.7,2.9293817658730132
2018-08-15 04:00:00,2.74,2.7183430627705616
2018-08-15 04:15:00,2.66,2.7569308333333336
2018-08-15 04:30:00,2.59,2.9856017063492057
2018-08-15 04:45:00,2.63,2.9476316071428563
2018-08-15 05:00:00,2.63,2.9619157738095225
2018-08-15 05:15:00,2.63,2.8645213365800855
2018-08-15 05:30:00,2.66,2.762519642857143
2018-08-15 05:45:00,2.59,2.853377083333333
2018-08-15 06:00:00,2.59,2.886148452380953
2018-08-15 06:15:00,2.99,2.8758798214285712
2018-08-15 06:30:00,3.06,2.875949464285713
2018-08-15 06:45:00,2.59,2.9124561399711397
2018-08-15 07:00:00,2.66,2.78769007936508
2018-08-15 07:15:00,3.1,3.717974226190475
2018-08-15 07:30:00,3.64,6.099121190476187
2018-08-15 07:45:00,5.8,6.392195198412696
2018-08-15 08:00:00,33.73,48.795467539682534
2018-08-15 08:15:00,46.76,78.51146458333335
2018-08-15 08:30:00,56.99,71.8144118145743
2018-08-15 08:45:00,62.42,59.8807417261905
2018-08-15 09:00:00,57.46,68.68198446428578
2018-08-15 09:15:00,81.11,65.81530875000004
2018-08-15 09:30:00,101.02,62.81440797619048
2018-08-15 09:45:00,82.3,69.07918422619048
2018-08-15 10:00:00,100.69,88.24258571067823
2018-08-15 10:15:00,112.68,79.26608672077921
2018-08-15 10:30:00,99.97,82.25951874639247
2018-08-15 10:45:00,111.17,90.50774428571431
2018-08-15 11:00:00,83.34,89.71905773809529
2018-08-15 11:15:00,113.98,83.4054324404762
2018-08-15 11:30:00,69.7,91.51000468253967
2018-08-15 11:45:00,70.45,88.59960880952373
2018-08-15 12:00:00,6.91,14.86311892857143
2018-08-15 12:15:00,7.81,5.430110972222224
2018-08-15 12:30:00,7.02,5.442219484126985
2018-08-15 12:45:00,7.13,7.142272619047618
2018-08-15 13:00:00,46.12,55.85581021825394
2018-08-15 13:15:00,107.35,67.75052335317461
2018-08-15 13:30:00,67.68,89.96415170634918
2018-08-15 13:45:00,103.32,91.39140071428567
2018-08-15 14:00:00,108.68,76.90598449675319
2018-08-15 14:15:00,66.35,79.68274821428568
2018-08-15 14:30:00,99.76,98.40598992063491
2018-08-15 14:45:00,92.27,96.388029702381
2018-08-15 15:00:00,72.32,90.27199706349202
2018-08-15 15:15:00,49.61,92.19544240079367
2018-08-15 15:30:00,78.05,86.05092750000006
2018-08-15 15:45:00,99.68,72.0889776984127
2018-08-15 16:00:00,99.0,71.67427738095238
2018-08-15 16:15:00,78.19,89.1453317532467
2018-08-15 16:30:00,71.42,83.45463106962487
2018-08-15 16:45:00,18.86,86.18706617063498
2018-08-15 17:00:00,5.4,82.21346857142858
2018-08-15 17:15:00,3.96,8.031998035714286
2018-08-15 17:30:00,3.85,5.153654047619048
2018-08-15 17:45:00,3.38,4.229402619047619
2018-08-15 18:00:00,2.99,3.9669061904761884
2018-08-15 18:15:00,2.81,3.877864761904762
2018-08-15 18:30:00,2.99,3.5601415728715744
2018-08-15 18:45:00,3.2,3.544674325396827
2018-08-15 19:00:00,3.17,4.816861111111114
2018-08-15 19:15:00,3.1,3.660202182539686
2018-08-15 19:30:00,3.13,3.5474206746031745
2018-08-15 19:45:00,3.13,3.550614861111112
2018-08-15 20:00:00,3.17,3.4636087103174615
2018-08-15 20:15:00,3.28,3.320760912698414
2018-08-15 20:30:00,3.13,3.384175992063492
2018-08-15 20:45:00,3.2,3.5317171428571426
2018-08-15 21:00:00,3.2,3.5336117261904754
2018-08-15 21:15:00,3.28,3.511089880952381
2018-08-15 21:30:00,3.24,3.3763009523809524
2018-08-15 21:45:00,3.28,3.362579246031747
2018-08-15 22:00:00,3.56,3.2637008531746043
2018-08-15 22:15:00,3.1,3.127592559523809
2018-08-15 22:30:00,2.81,3.053859146825396
2018-08-15 22:45:00,2.84,3.056738908730157
2018-08-15 23:00:00,3.38,2.8786269246031733
2018-08-15 23:15:00,3.1,2.8715966666666675
2018-08-15 23:30:00,2.81,2.931164087301587
2018-08-15 23:45:00,2.77,2.970284464285714
2018-08-16 00:00:00,2.84,2.89830843253968
2018-08-16 00:15:00,2.81,2.8665395238095233
2018-08-16 00:30:00,2.7,2.904236249999999
2018-08-16 00:45:00,2.66,2.857274285714285
2018-08-16 01:00:00,2.74,2.853214107142857
2018-08-16 01:15:00,2.7,2.8120208928571433
2018-08-16 01:30:00,2.7,2.8585432142857155
2018-08-16 01:45:00,2.63,2.8228510119047625
2018-08-16 02:00:00,2.66,2.7400436904761936
2018-08-16 02:15:00,2.66,2.763624880952382
2018-08-16 02:30:00,2.95,2.7668889285714284
2018-08-16 02:45:00,3.31,2.7350189484126997
2018-08-16 03:00:00,2.74,2.82509263888889
2018-08-16 03:15:00,2.74,2.879334523809526
2018-08-16 03:30:00,2.66,2.922381904761904
2018-08-16 03:45:00,2.74,2.865700595238093
2018-08-16 04:00:00,2.66,2.7688929365079353
2018-08-16 04:15:00,2.81,2.8742687698412697
2018-08-16 04:30:00,2.7,2.8024850793650815
2018-08-16 04:45:00,2.81,2.872366785714285
2018-08-16 05:00:00,3.31,2.777773690476191
2018-08-16 05:15:00,2.81,2.984234880952379
2018-08-16 05:30:00,2.77,2.8067319246031746
2018-08-16 05:45:00,2.7,2.984616666666666
2018-08-16 06:00:00,2.74,2.907862261904762
2018-08-16 06:15:00,2.7,2.790827857142856
2018-08-16 06:30:00,2.74,2.87105880952381
2018-08-16 06:45:00,2.7,2.8112897619047605
2018-08-16 07:00:00,2.63,2.8519390476190485
2018-08-16 07:15:00,3.49,3.3772261904761907
2018-08-16 07:30:00,4.1,3.9390455357142877
2018-08-16 07:45:00,5.18,4.947692023809526
2018-08-16 08:00:00,69.08,50.61523384920633
2018-08-16 08:15:00,78.05,61.002551186868686
2018-08-16 08:30:00,89.89,90.78823547619051
2018-08-16 08:45:00,111.89,101.04734440476192
2018-08-16 09:00:00,80.03,80.05721186507935
2018-08-16 09:15:00,98.53,80.43709976190476
2018-08-16 09:30:00,116.6,86.25058734126983
2018-08-16 09:45:00,80.21,80.42332930555555
2018-08-16 10:00:00,103.03,96.02956386904764
2018-08-16 10:15:00,105.62,87.15454954365082
2018-08-16 10:30:00,70.27,78.78661714285715
2018-08-16 10:45:00,40.0,96.34833619047612
2018-08-16 11:00:00,58.03,93.88839434523808
2018-08-16 11:15:00,53.75,51.342711865079366
2018-08-16 11:30:00,47.16,65.18041589285716
2018-08-16 11:45:00,36.97,63.010190119047635
2018-08-16 12:00:00,4.93,10.627204821428577
2018-08-16 12:15:00,4.64,8.131054464285716
2018-08-16 12:30:00,4.64,5.110447857142855
2018-08-16 12:45:00,4.61,4.859890734126985
2018-08-16 13:00:00,32.51,41.669222261904764
2018-08-16 13:15:00,108.68,62.104596984127014
2018-08-16 13:30:00,100.51,58.2125461507936
2018-08-16 13:45:00,57.89,92.11531809523812
2018-08-16 14:00:00,51.44,98.23639452380945
2018-08-16 14:15:00,46.33,66.89629295634919
2018-08-16 14:30:00,43.85,63.6524045039683
2018-08-16 14:45:00,44.14,55.62566126984123
2018-08-16 15:00:00,65.41,49.55423702380953
2018-08-16 15:15:00,45.18,44.53599613095239
2018-08-16 15:30:00,55.84,62.85440781746033
2018-08-16 15:45:00,44.32,51.86435455627704
2018-08-16 16:00:00,41.4,53.034139821428596
2018-08-16 16:15:00,45.47,48.963438333333315
2018-08-16 16:30:00,53.14,47.72900507936511
2018-08-16 16:45:00,43.31,46.547769404761894
2018-08-16 17:00:00,55.22,53.74592184523809
2018-08-16 17:15:00,57.42,43.558032738095235
2018-08-16 17:30:00,27.79,33.11691686507937
2018-08-16 17:45:00,28.08,31.384283511904773
2018-08-16 18:00:00,33.16,35.35276765873018
2018-08-16 18:15:00,48.89,38.54832259920637
2018-08-16 18:30:00,50.8,48.06351547619054
2018-08-16 18:45:00,58.68,54.98260380952379
2018-08-16 19:00:00,43.56,50.241689880952364
2018-08-16 19:15:00,60.37,56.28307626984126
2018-08-16 19:30:00,39.56,49.42714025793651
2018-08-16 19:45:00,47.45,49.792701920995675
2018-08-16 20:00:00,54.61,47.38161880952381
2018-08-16 20:15:00,48.67,52.07645714285716
2018-08-16 20:30:00,37.55,45.546107103174606
2018-08-16 20:45:00,13.36,32.417927579365056
2018-08-16 21:00:00,5.15,11.474198327922085
2018-08-16 21:15:00,3.85,4.243150974025969
2018-08-16 21:30:00,3.64,4.247533154761905
2018-08-16 21:45:00,3.6,3.751706249999998
2018-08-16 22:00:00,3.6,3.654300238095236
2018-08-16 22:15:00,3.49,3.50728369047619
2018-08-16 22:30:00,3.49,3.4865621428571414
2018-08-16 22:45:00,3.31,3.369737499999999
2018-08-16 23:00:00,3.13,3.312762023809525
2018-08-16 23:15:00,2.74,3.213140654761903
2018-08-16 23:30:00,2.74,3.138180674603173
2018-08-16 23:45:00,3.13,2.8591117460317452
2018-08-17 00:00:00,2.77,2.8276808928571415
2018-08-17 00:15:00,2.84,2.9074968253968247
2018-08-17 00:30:00,2.81,2.8684189880952378
2018-08-17 00:45:00,2.77,2.935673293650792
2018-08-17 01:00:00,2.81,2.867625734126983
2018-08-17 01:15:00,2.77,2.852501547619048
2018-08-17 01:30:00,2.77,2.8863107341269822
2018-08-17 01:45:00,2.74,2.868232698412697
2018-08-17 02:00:00,2.77,2.8545793055555544
2018-08-17 02:15:00,2.74,2.8662266071428566
2018-08-17 02:30:00,2.77,2.8602531349206335
2018-08-17 02:45:00,3.28,2.873414623015873
2018-08-17 03:00:00,3.06,2.8726199999999977
2018-08-17 03:15:00,2.77,2.8615727976190484
2018-08-17 03:30:00,2.77,2.790840773809523
2018-08-17 03:45:00,2.77,2.857040714285713
2018-08-17 04:00:00,2.99,2.9108955627705604
2018-08-17 04:15:00,3.46,2.889881785714284
2018-08-17 04:30:00,3.24,2.8815539484126975
2018-08-17 04:45:00,2.77,2.816440019841268
2018-08-17 05:00:00,2.81,2.8781052380952366
2018-08-17 05:15:00,2.81,2.849896071428569
2018-08-17 05:30:00,2.77,2.8456832738095232
2018-08-17 05:45:00,2.74,2.841860238095236
2018-08-17 06:00:00,2.81,2.872542619047619
2018-08-17 06:15:00,2.77,2.8628185317460306
2018-08-17 06:30:00,2.77,2.8906747222222227
2018-08-17 06:45:00,2.7,2.92614632936508
2018-08-17 07:00:00,3.28,3.0279478553391055
2018-08-17 07:15:00,2.99,3.190844523809527
2018-08-17 07:30:00,3.1,4.454848035714287
2018-08-17 07:45:00,3.17,3.9582841666666684
2018-08-17 08:00:00,33.84,33.21850890873016
2018-08-17 08:15:00,40.72,35.368786964285725
2018-08-17 08:30:00,64.94,58.454052321428534
2018-08-17 08:45:00,50.22,48.61814666666668
2018-08-17 09:00:00,45.86,66.9422957142857
2018-08-17 09:15:00,40.5,59.39783369047616
2018-08-17 09:30:00,45.65,53.84768577380955
2018-08-17 09:45:00,42.12,50.884560178571434
2018-08-17 10:00:00,46.08,47.62849351190474
2018-08-17 10:15:00,42.01,49.0517663888889
2018-08-17 10:30:00,44.53,49.73053058441559
2018-08-17 10:45:00,43.49,47.78813702380953
2018-08-17 11:00:00,41.4,48.18986950396827
2018-08-17 11:15:00,63.0,48.390451369047604
2018-08-17 11:30:00,45.07,46.04586321428572
2018-08-17 11:45:00,36.25,53.51002584956707
2018-08-17 12:00:00,4.07,7.93815654761905
2018-08-17 12:15:00,4.86,5.337594642857142
2018-08-17 12:30:00,5.26,4.325460218253965
2018-08-17 12:45:00,5.11,4.871917162698413
2018-08-17 13:00:00,28.12,30.510808095238097
2018-08-17 13:15:00,81.14,53.53337412698413
2018-08-17 13:30:00,86.62,61.55812696428578
2018-08-17 13:45:00,91.19,80.64777209859584
2018-08-17 14:00:00,77.65,82.46618811050058
2018-08-17 14:15:00,65.45,80.82990410714288
2018-08-17 14:30:00,91.37,76.68658065476188
2018-08-17 14:45:00,82.01,70.78975938492067
2018-08-17 15:00:00,75.6,72.0440070833333
2018-08-17 15:15:00,71.46,75.0437448214286
2018-08-17 15:30:00,58.61,75.00413218253972
2018-08-17 15:45:00,59.08,81.9740416666667
2018-08-17 16:00:00,89.06,66.54999785714283
2018-08-17 16:15:00,85.14,65.21828148809526
2018-08-17 16:30:00,109.73,73.086435
2018-08-17 16:45:00,118.76,75.8236424404762
2018-08-17 17:00:00,64.3,88.89940892857145
2018-08-17 17:15:00,40.28,95.7396250396825
2018-08-17 17:30:00,30.06,37.621303571428555
2018-08-17 17:45:00,30.6,35.95601595238092
2018-08-17 18:00:00,43.52,67.95694165043288
2018-08-17 18:15:00,51.41,58.0330942261905
2018-08-17 18:30:00,49.03,54.325247499999996
2018-08-17 18:45:00,51.95,61.12266833333333
2018-08-17 19:00:00,67.61,58.15236757936505
2018-08-17 19:15:00,60.62,59.04097357142853
2018-08-17 19:30:00,42.95,58.16348876984128
2018-08-17 19:45:00,41.94,58.44524047077919
2018-08-17 20:00:00,45.86,44.78586607142854
2018-08-17 20:15:00,48.31,48.33512964285716
2018-08-17 20:30:00,92.59,44.59751107142857
2018-08-17 20:45:00,51.26,39.91084204365081
2018-08-17 21:00:00,11.09,42.662184464285694
2018-08-17 21:15:00,4.46,5.950889007936508
2018-08-17 21:30:00,3.74,4.1205074999999995
2018-08-17 21:45:00,3.6,3.9092879761904755
2018-08-17 22:00:00,3.49,3.75411886904762
2018-08-17 22:15:00,3.35,3.6313233928571407
2018-08-17 22:30:00,3.28,3.49258222222222
2018-08-17 22:45:00,2.63,3.304870634920635
2018-08-17 23:00:00,2.63,3.2713713690476163
2018-08-17 23:15:00,2.56,2.819226785714284
2018-08-17 23:30:00,2.63,2.8146701190476175
2018-08-17 23:45:00,2.56,2.841255773809525
2018-08-18 00:00:00,2.92,2.702435396825396
2018-08-18 00:15:00,2.59,2.686505773809523
2018-08-18 00:30:00,2.66,2.9511131547619027
2018-08-18 00:45:00,2.63,2.709857321428571
2018-08-18 01:00:00,2.66,2.747907083333333
2018-08-18 01:15:00,2.63,2.7509395238095267
2018-08-18 01:30:00,2.66,2.8002039285714293
2018-08-18 01:45:00,2.7,2.752756130952382
2018-08-18 02:00:00,2.63,2.7590820833333334
2018-08-18 02:15:00,2.63,2.7611774404761924
2018-08-18 02:30:00,2.7,2.8735624404761904
2018-08-18 02:45:00,2.95,2.99024259920635
2018-08-18 03:00:00,2.88,2.922119166666669
2018-08-18 03:15:00,2.52,2.798486170634921
2018-08-18 03:30:00,2.48,2.881401865079365
2018-08-18 03:45:00,2.52,2.9157391468253944
2018-08-18 04:00:00,2.59,2.915282281746029
2018-08-18 04:15:00,2.56,2.7023688095238096
2018-08-18 04:30:00,2.52,2.725784523809523
2018-08-18 04:45:00,2.52,2.7170359523809515
2018-08-18 05:00:00,2.56,2.74630488095238
2018-08-18 05:15:00,2.48,2.779713035714286
2018-08-18 05:30:00,2.56,2.813814226190477
2018-08-18 05:45:00,2.88,2.8145008928571427
2018-08-18 06:00:00,2.88,2.9087258928571442
2018-08-18 06:15:00,2.52,2.8852401785714283
2018-08-18 06:30:00,2.81,2.8804201785714274
2018-08-18 06:45:00,3.06,3.023073452380952
2018-08-18 07:00:00,2.66,3.075983333333334
2018-08-18 07:15:00,2.81,3.0153977380952393
2018-08-18 07:30:00,7.88,4.201854047619047
2018-08-18 07:45:00,26.93,5.588933690476189
2018-08-18 08:00:00,81.43,49.66997648809522
2018-08-18 08:15:00,110.7,67.7189225
2018-08-18 08:30:00,73.91,91.32280089285706
2018-08-18 08:45:00,79.92,85.90559563492062
2018-08-18 09:00:00,85.68,85.98074162698411
2018-08-18 09:15:00,75.6,71.60485545634923
2018-08-18 09:30:00,64.26,78.98939128968253
2018-08-18 09:45:00,80.96,69.0746155357143
2018-08-18 10:00:00,109.12,69.16669343253962
2018-08-18 10:15:00,82.98,63.91266045634919
2018-08-18 10:30:00,72.07,90.8625538690476
2018-08-18 10:45:00,115.38,82.94960345238094
2018-08-18 11:00:00,47.09,75.41948011904765
2018-08-18 11:15:00,45.79,92.79342187229442
2018-08-18 11:30:00,38.56,64.31532369047619
2018-08-18 11:45:00,26.57,54.67776158730158
2018-08-18 12:00:00,3.67,6.056214345238095
2018-08-18 12:15:00,3.56,7.590278630952381
2018-08-18 12:30:00,4.25,4.315507202380953
2018-08-18 12:45:00,4.32,4.252852976190477
2018-08-18 13:00:00,26.89,46.27713581349205
2018-08-18 13:15:00,44.28,57.32983503968249
2018-08-18 13:30:00,46.55,62.705862242063475
2018-08-18 13:45:00,52.16,52.974984583333324
2018-08-18 14:00:00,48.71,57.42933982142851
2018-08-18 14:15:00,50.87,61.748025000000005
2018-08-18 14:30:00,47.77,56.869573214285744
2018-08-18 14:45:00,43.2,53.83083478174603
2018-08-18 15:00:00,46.08,63.460109404761894
2018-08-18 15:15:00,52.02,48.00257613095239
2018-08-18 15:30:00,67.1,51.21134446428574
2018-08-18 15:45:00,81.5,51.227262678571414
2018-08-18 16:00:00,76.36,61.58496490079365
2018-08-18 16:15:00,89.71,67.31495956349205
2018-08-18 16:30:00,74.38,70.93456738095237
2018-08-18 16:45:00,20.74,67.31962951118332
2018-08-18 17:00:00,7.74,61.05609156746029
2018-08-18 17:15:00,3.82,5.813444464285713
2018-08-18 17:30:00,3.38,5.28882527777778
2018-08-18 17:45:00,3.35,3.87844113095238
2018-08-18 18:00:00,3.31,3.3798779166666666
2018-08-18 18:15:00,3.24,3.324705357142857
2018-08-18 18:30:00,3.38,3.4602751785714285
2018-08-18 18:45:00,3.38,3.49372009920635
2018-08-18 19:00:00,2.77,3.255184603174606
2018-08-18 19:15:00,2.74,3.246951904761907
2018-08-18 19:30:00,2.77,2.97588753968254
2018-08-18 19:45:00,2.77,2.8921105952380954
2018-08-18 20:00:00,2.84,2.907827738095236
2018-08-18 20:15:00,2.84,2.932408571428569
2018-08-18 20:30:00,2.81,3.007340119047618
2018-08-18 20:45:00,2.77,2.962444761904761
2018-08-18 21:00:00,2.81,2.8843769642857153
2018-08-18 21:15:00,2.84,2.9276004166666665
2018-08-18 21:30:00,2.92,2.882603214285713
2018-08-18 21:45:00,3.28,2.863136746031744
2018-08-18 22:00:00,3.13,2.947583511904762
2018-08-18 22:15:00,2.59,2.9110306746031736
2018-08-18 22:30:00,2.66,2.9342321428571427
2018-08-18 22:45:00,2.63,2.8688755952380967
2018-08-18 23:00:00,2.99,2.857179404761904
2018-08-18 23:15:00,3.1,2.8601408333333365
2018-08-18 23:30:00,2.63,2.82279771825397
2018-08-18 23:45:00,2.66,2.757057539682541
2018-08-19 00:00:00,2.63,2.7689651190476194
2018-08-19 00:15:00,2.59,2.8100540476190474
2018-08-19 00:30:00,2.59,2.7904728571428588
2018-08-19 00:45:00,2.66,2.7659797023809514
2018-08-19 01:00:00,2.59,2.6993654761904753
2018-08-19 01:15:00,2.63,2.638766547619048
2018-08-19 01:30:00,2.59,2.673046785714285
2018-08-19 01:45:00,2.63,2.7384952380952376
2018-08-19 02:00:00,2.74,2.7140932142857137
2018-08-19 02:15:00,2.74,2.740404166666667
2018-08-19 02:30:00,2.66,2.855675714285714
2018-08-19 02:45:00,3.24,2.9393370238095247
2018-08-19 03:00:00,2.84,2.952752916666666
2018-08-19 03:15:00,2.74,2.9143811904761914
2018-08-19 03:30:00,2.7,2.9331407539682526
2018-08-19 03:45:00,2.7,2.9658295833333312
2018-08-19 04:00:00,3.02,2.9205526785714273
2018-08-19 04:15:00,2.99,2.847180297619049
2018-08-19 04:30:00,2.74,2.7511782936507942
2018-08-19 04:45:00,2.7,2.8208422619047635
2018-08-19 05:00:00,2.63,2.872736011904761
2018-08-19 05:15:00,2.63,2.783155198412698
2018-08-19 05:30:00,2.7,2.779717261904762
2018-08-19 05:45:00,2.63,2.7113555952380946
2018-08-19 06:00:00,2.63,2.7240482738095237
2018-08-19 06:15:00,2.63,2.762865595238095
2018-08-19 06:30:00,2.66,2.758928809523809
2018-08-19 06:45:00,2.66,2.76932628968254
2018-08-19 07:00:00,2.66,2.75242904761905
2018-08-19 07:15:00,2.59,2.843485357142857
2018-08-19 07:30:00,2.59,3.130391904761903
2018-08-19 07:45:00,3.06,4.317135376984124
2018-08-19 08:00:00,3.42,22.820981468253958
2018-08-19 08:15:00,2.95,34.79279325396825
2018-08-19 08:30:00,2.63,3.475844384920636
2018-08-19 08:45:00,2.81,3.1051288455988466
2018-08-19 09:00:00,2.84,3.0176223809523828
2018-08-19 09:15:00,2.81,3.066457420634921
2018-08-19 09:30:00,3.2,3.274163908730161
2018-08-19 09:45:00,3.56,3.1945092658730174
2018-08-19 10:00:00,3.64,3.493800238095236
2018-08-19 10:15:00,3.67,3.1611235119047625
2018-08-19 10:30:00,3.6,3.1221597222222237
2018-08-19 10:45:00,4.14,3.41723238095238
2018-08-19 11:00:00,3.78,2.973289523809524
2018-08-19 11:15:00,3.92,7.506945654761916
2018-08-19 11:30:00,3.92,3.582185555555555
2018-08-19 11:45:00,3.78,4.881439642857142
2018-08-19 12:00:00,3.96,4.07912011904762
2018-08-19 12:15:00,4.03,3.449242499999998
2018-08-19 12:30:00,3.82,5.180675595238094
2018-08-19 12:45:00,4.21,5.277134166666669
2018-08-19 13:00:00,4.32,4.269825952380952
2018-08-19 13:15:00,3.89,8.992256071428573
2018-08-19 13:30:00,4.0,9.675607857142854
2018-08-19 13:45:00,4.14,5.788365654761903
2018-08-19 14:00:00,3.49,5.685388333333337
2018-08-19 14:15:00,2.84,7.776549464285713
2018-08-19 14:30:00,2.77,4.7842264880952365
2018-08-19 14:45:00,2.74,4.55669482142857
2018-08-19 15:00:00,2.77,4.692712797619047
2018-08-19 15:15:00,2.81,4.343926666666664
2018-08-19 15:30:00,2.81,4.329192103174602
2018-08-19 15:45:00,2.77,4.3806661507936475
2018-08-19 16:00:00,2.88,4.328171150793647
2018-08-19 16:15:00,3.35,3.8240199999999986
2018-08-19 16:30:00,3.17,3.8102255952380943
2018-08-19 16:45:00,2.81,3.182660952380954
2018-08-19 17:00:00,2.74,3.0221514682539676
2018-08-19 17:15:00,2.77,3.0953871428571413
2018-08-19 17:30:00,2.7,3.0338745238095246
2018-08-19 17:45:00,2.74,3.077993988095238
2018-08-19 18:00:00,2.66,3.052281488095236
2018-08-19 18:15:00,2.63,3.0164459523809524
2018-08-19 18:30:00,2.66,2.9999222619047616
2018-08-19 18:45:00,2.7,2.965448630952382
2018-08-19 19:00:00,2.77,2.9192736904761905
2018-08-19 19:15:00,2.81,2.9336522619047627
2018-08-19 19:30:00,2.74,2.91142282106782
2018-08-19 19:45:00,2.92,2.9470967099567082
2018-08-19 20:00:00,3.35,2.918519285714286
2018-08-19 20:15:00,3.24,3.0368672510822505
2018-08-19 20:30:00,3.2,2.955044880952383
2018-08-19 20:45:00,2.84,2.937714821428571
2018-08-19 21:00:00,2.81,2.9329754166666664
2018-08-19 21:15:00,2.81,2.8716773214285714
2018-08-19 21:30:00,2.88,2.87416011904762
2018-08-19 21:45:00,2.88,2.9216897619047613
2018-08-19 22:00:00,2.74,2.948516944444446
2018-08-19 22:15:00,2.63,3.0021074206349216
2018-08-19 22:30:00,2.66,2.9154820238095223
2018-08-19 22:45:00,2.7,2.967843273809523
2018-08-19 23:00:00,2.63,2.9517149404761898
2018-08-19 23:15:00,2.66,2.9636834523809523
2018-08-19 23:30:00,2.63,2.9651048214285716
2018-08-19 23:45:00,2.56,2.926607738095239
2018-08-20 00:00:00,2.66,2.827382261904762
2018-08-20 00:15:00,2.66,2.8509746428571416
2018-08-20 00:30:00,2.95,2.75904505952381
2018-08-20 00:45:00,4.03,2.7317045238095226
2018-08-20 01:00:00,3.06,2.8454120634920645
2018-08-20 01:15:00,2.66,2.8016685714285723
2018-08-20 01:30:00,2.7,2.8472798214285704
2018-08-20 01:45:00,2.66,2.8035566666666667
2018-08-20 02:00:00,2.7,2.836067142857141
2018-08-20 02:15:00,2.7,2.780145714285714
2018-08-20 02:30:00,2.74,2.811287916666666
2018-08-20 02:45:00,2.66,2.7894567857142865
2018-08-20 03:00:00,2.66,2.851574642857143
2018-08-20 03:15:00,2.66,2.8032097619047622
2018-08-20 03:30:00,2.66,2.848149960317459
2018-08-20 03:45:00,2.7,2.841880912698412
2018-08-20 04:00:00,2.7,2.8301420238095245
2018-08-20 04:15:00,2.63,2.8351044047619056
2018-08-20 04:30:00,2.7,2.8155991865079386
2018-08-20 04:45:00,3.1,2.8330450595238106
2018-08-20 05:00:00,2.99,2.8969538293650787
2018-08-20 05:15:00,2.59,2.7855438095238103
2018-08-20 05:30:00,2.59,2.7397288095238115
2018-08-20 05:45:00,2.63,2.808759047619046
2018-08-20 06:00:00,2.63,2.8273970833333335
2018-08-20 06:15:00,2.63,2.6882883928571433
2018-08-20 06:30:00,3.1,2.6770308928571427
2018-08-20 06:45:00,2.95,2.8326063690476184
2018-08-20 07:00:00,2.74,2.8034070238095246
2018-08-20 07:15:00,3.02,3.495168333333333
2018-08-20 07:30:00,3.38,4.894646607142858
2018-08-20 07:45:00,4.0,4.615901726190476
2018-08-20 08:00:00,72.9,25.058912242063478
2018-08-20 08:15:00,59.04,53.80598140873016
2018-08-20 08:30:00,107.68,94.85731249999999
2018-08-20 08:45:00,127.66,63.86976595238094
2018-08-20 09:00:00,96.55,82.66914234487736
2018-08-20 09:15:00,60.3,103.04119353174609
2018-08-20 09:30:00,111.31,93.90087511904763
2018-08-20 09:45:00,115.56,69.36025089285715
2018-08-20 10:00:00,105.01,93.71246642857145
2018-08-20 10:15:00,55.98,103.60929859126985
2018-08-20 10:30:00,101.2,95.33239771103898
2018-08-20 10:45:00,133.7,73.58627916666666
2018-08-20 11:00:00,118.12,90.87536884920642
2018-08-20 11:15:00,75.2,105.5778765674603
2018-08-20 11:30:00,54.83,103.21791928571433
2018-08-20 11:45:00,37.48,86.01372898809527
2018-08-20 12:00:00,14.11,9.626932460317455
2018-08-20 12:15:00,5.62,8.748556210317457
2018-08-20 12:30:00,5.47,6.564142947330449
2018-08-20 12:45:00,5.22,5.790841785714285
2018-08-20 13:00:00,44.17,43.259240634920644
2018-08-20 13:15:00,58.75,62.08665975732602
2018-08-20 13:30:00,54.54,65.94858105158731
2018-08-20 13:45:00,48.64,62.89584065476191
2018-08-20 14:00:00,45.32,64.98634422619048
2018-08-20 14:15:00,45.65,70.36410041666664
2018-08-20 14:30:00,55.51,57.19810732142858
2018-08-20 14:45:00,51.3,64.85274982142862
2018-08-20 15:00:00,53.06,67.89675536796538
2018-08-20 15:15:00,65.7,67.95328441558439
2018-08-20 15:30:00,55.01,57.500158869047624
2018-08-20 15:45:00,56.38,60.250326011904754
2018-08-20 16:00:00,62.14,62.28050023809519
2018-08-20 16:15:00,97.42,61.8881650595238
2018-08-20 16:30:00,103.36,60.6262068452381
2018-08-20 16:45:00,101.48,82.74237777597405
2018-08-20 17:00:00,92.41,85.02325779761904
2018-08-20 17:15:00,114.12,85.64363328282832
2018-08-20 17:30:00,34.31,45.99873511904759
2018-08-20 17:45:00,28.94,40.67558255952381
2018-08-20 18:00:00,35.5,56.88921619047618
2018-08-20 18:15:00,47.41,57.67262230158728
2018-08-20 18:30:00,52.96,56.898982678571464
2018-08-20 18:45:00,45.36,61.81282619047619
2018-08-20 19:00:00,45.72,59.391880654761906
2018-08-20 19:15:00,54.25,54.38333190476189
2018-08-20 19:30:00,46.58,56.735523095238094
2018-08-20 19:45:00,41.18,55.127816964285714
2018-08-20 20:00:00,62.75,53.65371434523809
2018-08-20 20:15:00,49.79,46.562837658730196
2018-08-20 20:30:00,40.86,53.09698283730164
2018-08-20 20:45:00,13.54,45.85301083333332
2018-08-20 21:00:00,6.37,21.637707261904758
2018-08-20 21:15:00,3.74,4.33902514069264
2018-08-20 21:30:00,3.53,4.16334648809524
2018-08-20 21:45:00,3.56,3.7554751984127
2018-08-20 22:00:00,3.38,3.5260228373015856
2018-08-20 22:15:00,3.31,3.6186439285714256
2018-08-20 22:30:00,2.77,3.399868115079366
2018-08-20 22:45:00,2.63,3.515116130952377
2018-08-20 23:00:00,2.56,2.895380595238096
2018-08-20 23:15:00,2.59,2.90633232142857
2018-08-20 23:30:00,2.52,2.8760761111111095
2018-08-20 23:45:00,2.56,2.867323253968256
2018-08-21 00:00:00,2.52,2.6904679166666665
2018-08-21 00:15:00,2.74,2.6809014880952367
2018-08-21 00:30:00,3.2,2.665929345238094
2018-08-21 00:45:00,2.74,2.727196646825396
2018-08-21 01:00:00,2.66,3.123073571428571
2018-08-21 01:15:00,2.7,2.888737063492061
2018-08-21 01:30:00,2.7,2.8320250595238075
2018-08-21 01:45:00,2.74,2.9008406547619034
2018-08-21 02:00:00,2.77,2.827531468253967
2018-08-21 02:15:00,3.35,2.9647160714285685
2018-08-21 02:30:00,2.88,2.966668928571427
2018-08-21 02:45:00,2.74,2.8278108928571424
2018-08-21 03:00:00,2.77,2.9305048015872996
2018-08-21 03:15:00,2.7,2.937131607142855
2018-08-21 03:30:00,2.74,2.9823676785714253
2018-08-21 03:45:00,2.81,2.8957365476190473
2018-08-21 04:00:00,2.7,2.925722261904759
2018-08-21 04:15:00,2.74,2.8998563888888884
2018-08-21 04:30:00,2.81,2.848821071428569
2018-08-21 04:45:00,3.28,2.8887873809523796
2018-08-21 05:00:00,2.77,2.842070555555554
2018-08-21 05:15:00,2.7,2.8011126785714286
2018-08-21 05:30:00,2.74,2.9799901785714287
2018-08-21 05:45:00,2.63,2.8098449999999984
2018-08-21 06:00:00,2.63,2.913152857142854
2018-08-21 06:15:00,2.63,2.8363476587301566
2018-08-21 06:30:00,2.88,2.8388735119047617
2018-08-21 06:45:00,2.95,2.775350416666665
2018-08-21 07:00:00,3.24,2.8788884758297257
2018-08-21 07:15:00,2.84,3.1473063095238074
2018-08-21 07:30:00,3.17,4.540921785714286
2018-08-21 07:45:00,4.1,4.1646807142857165
2018-08-21 08:00:00,67.46,32.85398511904761
2018-08-21 08:15:00,69.77,67.9245227164502
2018-08-21 08:30:00,53.42,89.63178424603173
2018-08-21 08:45:00,49.79,74.90279686507938
2018-08-21 09:00:00,58.43,65.08596071428568
2018-08-21 09:15:00,55.44,64.49486817460316
2018-08-21 09:30:00,56.84,60.45858289682542
2018-08-21 09:45:00,75.78,58.68076607142858
2018-08-21 10:00:00,48.1,56.65807571428575
2018-08-21 10:15:00,48.56,64.04862521825399
2018-08-21 10:30:00,52.81,58.420963948412655
2018-08-21 10:45:00,65.45,59.734666130952355
2018-08-21 11:00:00,60.8,61.36217303724054
2018-08-21 11:15:00,44.21,64.90702144841272
2018-08-21 11:30:00,41.4,56.227269047619075
2018-08-21 11:45:00,33.77,47.36849398809523
2018-08-21 12:00:00,4.14,11.37103928571428
2018-08-21 12:15:00,5.47,5.576388511904761
2018-08-21 12:30:00,5.47,4.637301805555554
2018-08-21 12:45:00,5.29,6.0578089484126965
2018-08-21 13:00:00,39.82,38.9295186111111
2018-08-21 13:15:00,48.02,48.13836188492064
2018-08-21 13:30:00,40.82,56.342137281746
2018-08-21 13:45:00,39.17,57.07540879870128
2018-08-21 14:00:00,42.91,43.1790811904762
2018-08-21 14:15:00,46.4,48.7005366666667
2018-08-21 14:30:00,52.42,45.830266488095255
2018-08-21 14:45:00,57.64,51.58213151515152
2018-08-21 15:00:00,56.88,55.01534930555553
2018-08-21 15:15:00,51.23,56.505111150793674
2018-08-21 15:30:00,49.86,55.54094658730161
2018-08-21 15:45:00,51.08,57.25664152777776
2018-08-21 16:00:00,50.58,59.02522281746029
2018-08-21 16:15:00,57.64,58.0952418560606
2018-08-21 16:30:00,57.28,56.74037150793651
2018-08-21 16:45:00,50.87,56.68784972222222
2018-08-21 17:00:00,56.48,56.41813351190478
2018-08-21 17:15:00,38.74,54.90707515873016
2018-08-21 17:30:00,30.38,33.37972134199133
2018-08-21 17:45:00,29.02,29.454263710317463
2018-08-21 18:00:00,33.01,47.19320922979803
2018-08-21 18:15:00,54.86,47.52714946428569
2018-08-21 18:30:00,54.76,43.49682571428571
2018-08-21 18:45:00,48.71,57.99262793650795
2018-08-21 19:00:00,56.27,52.88865892857144
2018-08-21 19:15:00,53.93,54.41562529761902
2018-08-21 19:30:00,50.4,54.58500398809524
2018-08-21 19:45:00,55.87,51.46417097222222
2018-08-21 20:00:00,54.9,49.24369998015872
2018-08-21 20:15:00,56.09,49.907941785714314
2018-08-21 20:30:00,57.31,48.43747761904764
2018-08-21 20:45:00,34.06,33.145898333333314
2018-08-21 21:00:00,4.54,10.407866190476195
2018-08-21 21:15:00,3.82,5.085982619047616
2018-08-21 21:30:00,3.49,3.995929583333334
2018-08-21 21:45:00,3.38,3.788654523809521
2018-08-21 22:00:00,3.64,3.4658699404761895
2018-08-21 22:15:00,3.89,3.3692820039682516
2018-08-21 22:30:00,3.24,3.3262511111111106
2018-08-21 22:45:00,2.77,3.249095277777776
2018-08-21 23:00:00,2.56,3.138558630952382
2018-08-21 23:15:00,2.59,2.879816547619047
2018-08-21 23:30:00,2.56,2.8171945833333307
2018-08-21 23:45:00,2.92,2.873396369047618
2018-08-22 00:00:00,2.59,2.695331666666667
2018-08-22 00:15:00,2.74,2.9294708928571414
2018-08-22 00:30:00,2.63,2.7143699404761894
2018-08-22 00:45:00,2.59,2.787752003968253
2018-08-22 01:00:00,2.59,2.7645860515873046
2018-08-22 01:15:00,2.63,2.84650640873016
2018-08-22 01:30:00,2.59,2.7311914484126993
2018-08-22 01:45:00,2.66,2.651696190476191
2018-08-22 02:00:00,2.63,2.6391535119047607
2018-08-22 02:15:00,2.56,2.706056904761904
2018-08-22 02:30:00,2.59,2.7414050000000016
2018-08-22 02:45:00,2.95,2.876426428571429
2018-08-22 03:00:00,3.17,2.9057679761904773
2018-08-22 03:15:00,2.95,2.779543392857144
2018-08-22 03:30:00,3.1,2.7091410714285753
2018-08-22 03:45:00,2.59,2.8390240277777785
2018-08-22 04:00:00,2.63,3.019312638888889
2018-08-22 04:15:00,2.59,2.848529047619045
2018-08-22 04:30:00,2.56,2.7773513095238083
2018-08-22 04:45:00,2.66,2.7514021428571427
2018-08-22 05:00:00,2.63,2.6845649999999996
2018-08-22 05:15:00,2.63,2.657699047619047
2018-08-22 05:30:00,2.63,2.6951540476190456
2018-08-22 05:45:00,2.56,2.8224376785714274
2018-08-22 06:00:00,2.59,2.8298290476190475
2018-08-22 06:15:00,2.59,2.8142916071428563
2018-08-22 06:30:00,2.59,2.7867227380952384
2018-08-22 06:45:00,2.52,2.626526071428573
2018-08-22 07:00:00,2.59,2.6170922619047627
2018-08-22 07:15:00,3.46,3.0305351785714287
2018-08-22 07:30:00,3.96,3.897795595238099
2018-08-22 07:45:00,4.03,5.217603988095237
2018-08-22 08:00:00,44.57,39.8771480952381
2018-08-22 08:15:00,48.35,53.58568547619049
2018-08-22 08:30:00,59.04,66.00366091630588
2018-08-22 08:45:00,51.41,57.905180178571435
2018-08-22 09:00:00,48.28,55.85184533730157
2018-08-22 09:15:00,68.33,56.919867979798
2018-08-22 09:30:00,60.01,55.98623283730159
2018-08-22 09:45:00,61.74,66.61369027777779
2018-08-22 10:00:00,42.05,56.946630595238105
2018-08-22 10:15:00,48.67,57.132028630952355
2018-08-22 10:30:00,60.62,52.931092786796526
2018-08-22 10:45:00,57.82,57.805484523809554
2018-08-22 11:00:00,62.03,56.29002523809524
2018-08-22 11:15:00,59.11,56.344520119047644
2018-08-22 11:30:00,51.44,56.760225694444436
2018-08-22 11:45:00,40.93,56.88390726190474
2018-08-22 12:00:00,4.03,7.74959603174603
2018-08-22 12:15:00,4.36,7.328587738095238
2018-08-22 12:30:00,4.46,4.485474404761904
2018-08-22 12:45:00,4.36,4.844015634920637
2018-08-22 13:00:00,32.15,31.8012510515873
2018-08-22 13:15:00,55.48,48.242706746031736
2018-08-22 13:30:00,57.24,54.631841011904754
2018-08-22 13:45:00,51.84,61.25399484126985
2018-08-22 14:00:00,68.76,58.125799841269824
2018-08-22 14:15:00,60.73,56.89954888888892
2018-08-22 14:30:00,60.7,63.18585690476195
2018-08-22 14:45:00,46.22,59.775991309523825
2018-08-22 15:00:00,55.66,59.07454494047622
2018-08-22 15:15:00,47.59,52.799236865079365
2018-08-22 15:30:00,61.6,58.80575940476192
2018-08-22 15:45:00,53.28,62.110684126984104
2018-08-22 16:00:00,56.05,54.700213095238084
2018-08-22 16:15:00,58.75,59.152888452380964
2018-08-22 16:30:00,51.48,57.607153452380956
2018-08-22 16:45:00,56.2,44.16971923881673
2018-08-22 17:00:00,45.18,42.85549005952382
2018-08-22 17:15:00,62.17,47.70653628246755
2018-08-22 17:30:00,34.16,34.078966607142846
2018-08-22 17:45:00,15.05,35.208303333333305
2018-08-22 18:00:00,5.4,25.90975521825395
2018-08-22 18:15:00,3.92,21.215626309523813
2018-08-22 18:30:00,3.49,4.608431547619049
2018-08-22 18:45:00,3.38,3.824103511904762
2018-08-22 19:00:00,3.46,3.4588154166666674
2018-08-22 19:15:00,3.42,3.4632730158730154
2018-08-22 19:30:00,2.81,3.4777566666666684
2018-08-22 19:45:00,2.88,3.605612559523808
2018-08-22 20:00:00,2.88,2.933135000000001
2018-08-22 20:15:00,2.88,2.9374533134920653
2018-08-22 20:30:00,2.88,2.98410494047619
2018-08-22 20:45:00,2.92,3.0345753174603174
2018-08-22 21:00:00,2.92,3.0233512499999993
2018-08-22 21:15:00,3.02,3.0323279761904764
2018-08-22 21:30:00,2.95,3.0472466666666675
2018-08-22 21:45:00,2.95,3.0617673809523795
2018-08-22 22:00:00,2.88,3.1143006709956733
2018-08-22 22:15:00,2.81,3.127594464285716
2018-08-22 22:30:00,2.81,3.017312480158728
2018-08-22 22:45:00,2.81,2.8944393650793643
2018-08-22 23:00:00,2.81,2.918730198412698
2018-08-22 23:15:00,3.2,2.910078015873014
2018-08-22 23:30:00,2.99,2.9651726587301552
2018-08-22 23:45:00,2.92,2.870392738095238
2018-08-23 00:00:00,3.46,2.9269428571428566
2018-08-23 00:15:00,2.92,3.0572194246031734
2018-08-23 00:30:00,2.99,2.940089543650793
2018-08-23 00:45:00,2.92,2.9720285714285692
2018-08-23 01:00:00,2.92,3.0486636507936526
2018-08-23 01:15:00,2.92,3.0051386904761883
2018-08-23 01:30:00,3.17,3.088359126984128
2018-08-23 01:45:00,3.02,3.062947341269842
2018-08-23 02:00:00,3.13,3.0308539285714273
2018-08-23 02:15:00,3.28,2.983924166666664
2018-08-23 02:30:00,3.2,3.0162950595238107
2018-08-23 02:45:00,5.62,3.0599223214285707
2018-08-23 03:00:00,4.46,3.1712712229437248
2018-08-23 03:15:00,4.0,3.803155515873016
2018-08-23 03:30:00,4.07,3.4328095634920617
2018-08-23 03:45:00,5.0,3.5525778769841265
2018-08-23 04:00:00,5.18,3.6598481944444443
2018-08-23 04:15:00,3.96,4.4152829365079365
2018-08-23 04:30:00,3.64,4.155351547619047
2018-08-23 04:45:00,3.17,3.7241746230158754
2018-08-23 05:00:00,3.13,3.7185331547619067
2018-08-23 05:15:00,3.17,3.215423015873016
2018-08-23 05:30:00,3.2,3.221463214285714
2018-08-23 05:45:00,3.13,3.2847741666666685
2018-08-23 06:00:00,3.17,3.337108869047617
2018-08-23 06:15:00,3.17,3.2643671428571417
2018-08-23 06:30:00,3.13,3.277676488095233
2018-08-23 06:45:00,3.06,3.257492440476187
2018-08-23 07:00:00,3.06,3.3846746428571417
2018-08-23 07:15:00,3.24,3.9827518452380946
2018-08-23 07:30:00,3.78,4.776189166666668
2018-08-23 07:45:00,4.5,5.3135348809523855
2018-08-23 08:00:00,41.0,49.33277926587298
2018-08-23 08:15:00,66.06,57.5972869047619
2018-08-23 08:30:00,59.47,63.722837375541104
2018-08-23 08:45:00,57.31,68.49008184523808
2018-08-23 09:00:00,49.54,59.90977513888885
2018-08-23 09:15:00,65.45,61.09806791666663
2018-08-23 09:30:00,52.67,64.99949920634918
2018-08-23 09:45:00,79.13,65.68957839285717
2018-08-23 10:00:00,68.26,59.328133095238044
2018-08-23 10:15:00,59.04,69.02236998015871
2018-08-23 10:30:00,63.9,67.77286710317462
2018-08-23 10:45:00,78.77,59.14881293650794
2018-08-23 11:00:00,71.32,61.187225714285745
2018-08-23 11:15:00,71.68,69.99641452380952
2018-08-23 11:30:00,69.01,70.13650577561329
2018-08-23 11:45:00,62.06,64.34004089285713
2018-08-23 12:00:00,15.3,5.946340238095238
2018-08-23 12:15:00,29.23,5.463022539682539
2018-08-23 12:30:00,28.44,5.264354117965371
2018-08-23 12:45:00,28.94,23.969843035714288
2018-08-23 13:00:00,38.88,41.70448250000001
2018-08-23 13:15:00,45.97,53.77574978174603
2018-08-23 13:30:00,41.26,42.15477958333334
2018-08-23 13:45:00,39.82,52.924891805555575
2018-08-23 14:00:00,40.07,43.74755950396827
2018-08-23 14:15:00,40.07,43.811776388888894
2018-08-23 14:30:00,42.62,44.230861091269865
2018-08-23 14:45:00,42.08,43.59170636904762
2018-08-23 15:00:00,41.47,44.36645226190479
2018-08-23 15:15:00,45.4,44.4853471031746
2018-08-23 15:30:00,45.79,44.30973607142858
2018-08-23 15:45:00,50.65,46.61720654761904
2018-08-23 16:00:00,51.95,45.18574940476188
2018-08-23 16:15:00,49.46,46.12185619047617
2018-08-23 16:30:00,53.28,48.36545079365078
2018-08-23 16:45:00,53.57,45.03011499999999
2018-08-23 17:00:00,48.49,49.428379523809525
2018-08-23 17:15:00,41.04,51.02758980158732
2018-08-23 17:30:00,31.54,32.175067043650785
2018-08-23 17:45:00,31.68,30.947573234126963
2018-08-23 18:00:00,37.12,32.032149523809515
2018-08-23 18:15:00,39.96,44.959497777777806
2018-08-23 18:30:00,43.24,45.83757369047621
2018-08-23 18:45:00,41.04,42.02385809523811
2018-08-23 19:00:00,40.43,44.46092357142856
2018-08-23 19:15:00,45.54,40.07218216269839
2018-08-23 19:30:00,41.15,38.92461404761903
2018-08-23 19:45:00,48.74,46.77302902777777
2018-08-23 20:00:00,49.82,41.33139690476192
2018-08-23 20:15:00,54.36,45.38788886904763
2018-08-23 20:30:00,41.69,44.02464257936506
2018-08-23 20:45:00,22.36,24.54198357142856
2018-08-23 21:00:00,6.55,20.11402564935066
2018-08-23 21:15:00,3.89,4.026511726190476
2018-08-23 21:30:00,3.78,3.8061153571428594
2018-08-23 21:45:00,3.78,3.7809512698412697
2018-08-23 22:00:00,3.67,3.7269313095238106
2018-08-23 22:15:00,4.72,3.6035994047619027
2018-08-23 22:30:00,3.74,3.4818545508658034
2018-08-23 22:45:00,3.38,3.445566964285712
2018-08-23 23:00:00,2.92,3.4510481547619083
2018-08-23 23:15:00,2.88,3.2419149801587315
2018-08-23 23:30:00,2.92,2.8611880158730156
2018-08-23 23:45:00,2.81,2.9259623214285715
2018-08-24 00:00:00,2.92,3.023657976190474
2018-08-24 00:15:00,2.95,2.9316613095238093
2018-08-24 00:30:00,2.92,2.970341309523807
2018-08-24 00:45:00,2.92,3.0826541071428557
2018-08-24 01:00:00,2.92,2.969272539682537
2018-08-24 01:15:00,2.92,2.993382916666667
2018-08-24 01:30:00,2.92,2.958918750000001
2018-08-24 01:45:00,2.95,2.950744702380953
2018-08-24 02:00:00,2.88,2.969998988095238
2018-08-24 02:15:00,2.95,3.115790476190477
2018-08-24 02:30:00,2.88,3.0497672420634903
2018-08-24 02:45:00,2.95,3.1734056547619023
2018-08-24 03:00:00,3.13,3.1234328174603174
2018-08-24 03:15:00,3.78,3.0356553571428564
2018-08-24 03:30:00,3.78,2.9725290476190445
2018-08-24 03:45:00,3.24,3.0899017099567097
2018-08-24 04:00:00,2.92,3.0381812139249638
2018-08-24 04:15:00,2.95,3.1952672817460313
2018-08-24 04:30:00,2.92,3.032997162698414
2018-08-24 04:45:00,3.02,3.0088191666666666
2018-08-24 05:00:00,2.88,3.0115905952380935
2018-08-24 05:15:00,2.88,3.024359464285713
2018-08-24 05:30:00,2.92,3.08924619047619
2018-08-24 05:45:00,2.92,3.0633501190476187
2018-08-24 06:00:00,2.88,3.008768492063493
2018-08-24 06:15:00,2.92,2.9589987698412705
2018-08-24 06:30:00,2.84,2.9733094444444452
2018-08-24 06:45:00,2.84,2.977333134920633
2018-08-24 07:00:00,2.88,2.9608568650793647
2018-08-24 07:15:00,3.71,3.3265907936507926
2018-08-24 07:30:00,4.03,3.889383015873016
2018-08-24 07:45:00,3.82,4.711209787851037
2018-08-24 08:00:00,38.59,34.821235337301594
2018-08-24 08:15:00,58.46,45.35847319444447
2018-08-24 08:30:00,64.44,61.647066709956725
2018-08-24 08:45:00,62.32,58.50892323412697
2018-08-24 09:00:00,55.76,60.90202900793652
2018-08-24 09:15:00,51.41,54.83398785714289
2018-08-24 09:30:00,68.58,58.16709501984127
2018-08-24 09:45:00,60.62,52.65633559523812
2018-08-24 10:00:00,61.2,59.66192750000001
2018-08-24 10:15:00,53.39,55.43020134920633
2018-08-24 10:30:00,55.4,56.818284801587296
2018-08-24 10:45:00,51.7,55.05517561507938
2018-08-24 11:00:00,64.48,56.77537099206348
2018-08-24 11:15:00,58.25,56.43663880952385
2018-08-24 11:30:00,57.82,60.602553333333304
2018-08-24 11:45:00,45.11,54.43617470238093
2018-08-24 12:00:00,4.68,7.352894265873016
2018-08-24 12:15:00,4.5,6.811698551587304
2018-08-24 12:30:00,4.5,5.735647050865801
2018-08-24 12:45:00,4.5,5.707401666666667
2018-08-24 13:00:00,32.94,35.60678194444445
2018-08-24 13:15:00,55.48,53.212526666666626
2018-08-24 13:30:00,50.29,57.72358192460311
2018-08-24 13:45:00,52.09,57.77502178571431
2018-08-24 14:00:00,57.85,51.96099371031745
2018-08-24 14:15:00,47.16,51.92518400793652
2018-08-24 14:30:00,45.94,49.31846928571428
2018-08-24 14:45:00,39.24,52.46449619047619
2018-08-24 15:00:00,45.76,52.361121982323226
2018-08-24 15:15:00,47.59,48.85948920634924
2018-08-24 15:30:00,51.62,53.687410158730145
2018-08-24 15:45:00,50.58,50.631964722222236
2018-08-24 16:00:00,58.9,48.70467513888889
2018-08-24 16:15:00,53.28,48.96233440476191
2018-08-24 16:30:00,54.11,49.92111567460318
2018-08-24 16:45:00,54.65,52.58676753968259
2018-08-24 17:00:00,56.84,49.0208975992064
2018-08-24 17:15:00,45.54,51.445430317460335
2018-08-24 17:30:00,29.92,28.252999206349227
2018-08-24 17:45:00,28.91,28.256104523809537
2018-08-24 18:00:00,38.09,41.50950456349208
2018-08-24 18:15:00,54.68,44.08655803571427
2018-08-24 18:30:00,57.67,42.852620396825415
2018-08-24 18:45:00,55.12,48.94112382936507
2018-08-24 19:00:00,56.05,49.85974948412698
2018-08-24 19:15:00,53.39,52.16112297619052
2018-08-24 19:30:00,56.7,52.15092815476191
2018-08-24 19:45:00,52.49,55.04611386904759
2018-08-24 20:00:00,51.73,56.595270615079315
2018-08-24 20:15:00,56.63,52.845929464285746
2018-08-24 20:30:00,51.62,45.81978101190479
2018-08-24 20:45:00,17.5,34.49147226190475
2018-08-24 21:00:00,6.7,9.288101488095242
2018-08-24 21:15:00,3.92,4.098824365079367
2018-08-24 21:30:00,3.78,3.7742635714285724
2018-08-24 21:45:00,3.31,3.8117394642857136
2018-08-24 22:00:00,2.95,3.735294583333332
2018-08-24 22:15:00,2.92,3.288718214285713
2018-08-24 22:30:00,3.06,2.9885105158730148
2018-08-24 22:45:00,3.24,3.5836235119047597
2018-08-24 23:00:00,2.7,3.035837797619047
2018-08-24 23:15:00,2.74,2.9704985317460326
2018-08-24 23:30:00,2.74,2.8553953769841254
2018-08-24 23:45:00,2.56,2.8427076785714265
2018-08-25 00:00:00,2.7,2.789523472222222
2018-08-25 00:15:00,2.74,2.8157275
2018-08-25 00:30:00,2.74,2.783713392857144
2018-08-25 00:45:00,2.7,2.7804570238095234
2018-08-25 01:00:00,2.81,2.8585882539682537
2018-08-25 01:15:00,2.74,2.8580187301587316
2018-08-25 01:30:00,2.77,2.919533749999999
2018-08-25 01:45:00,2.81,2.9330226190476183
2018-08-25 02:00:00,2.74,2.937404404761903
2018-08-25 02:15:00,2.95,2.920501428571427
2018-08-25 02:30:00,3.38,2.8939211904761897
2018-08-25 02:45:00,2.92,2.948761666666667
2018-08-25 03:00:00,2.81,2.9090215079365076
2018-08-25 03:15:00,3.31,2.9296768849206334
2018-08-25 03:30:00,3.02,2.942526785714284
2018-08-25 03:45:00,2.84,2.883995039682539
2018-08-25 04:00:00,2.77,2.908643988095237
2018-08-25 04:15:00,2.84,2.881792261904761
2018-08-25 04:30:00,2.81,2.838422142857141
2018-08-25 04:45:00,2.81,3.0098851190476177
2018-08-25 05:00:00,2.81,2.8179614285714276
2018-08-25 05:15:00,2.74,2.9055910714285718
2018-08-25 05:30:00,2.74,2.8096004761904756
2018-08-25 05:45:00,2.81,2.817665396825398
2018-08-25 06:00:00,2.77,2.867335456349207
2018-08-25 06:15:00,2.77,2.8767754761904762
2018-08-25 06:30:00,2.92,2.9545400595238096
2018-08-25 06:45:00,3.28,3.0764477182539673
2018-08-25 07:00:00,2.77,2.9573345238095214
2018-08-25 07:15:00,3.02,3.0008880357142855
2018-08-25 07:30:00,3.2,3.8672908928571417
2018-08-25 07:45:00,3.1,4.4011717857142845
2018-08-25 08:00:00,4.21,57.595380059523784
2018-08-25 08:15:00,4.21,26.936744523809526
2018-08-25 08:30:00,5.83,22.31597095238093
2018-08-25 08:45:00,5.62,12.74255208333332
2018-08-25 09:00:00,4.93,14.600556799450537
2018-08-25 09:15:00,4.57,12.019705906593396
2018-08-25 09:30:00,6.66,12.937837454212445
2018-08-25 09:45:00,4.43,16.571793743894972
2018-08-25 10:00:00,4.61,27.755697057387053
2018-08-25 10:15:00,4.43,14.425938650793633
2018-08-25 10:30:00,4.57,13.285084874847364
2018-08-25 10:45:00,4.79,21.965040119047625
2018-08-25 11:00:00,4.68,12.671625152625147
2018-08-25 11:15:00,5.18,11.69784168040293
2018-08-25 11:30:00,5.44,5.086522440476191
2018-08-25 11:45:00,3.35,4.883182857142855
2018-08-25 12:00:00,3.56,4.6684191991342
2018-08-25 12:15:00,3.67,4.061086130952381
2018-08-25 12:30:00,3.46,3.9991286904761916
2018-08-25 12:45:00,3.38,3.843002361111112
2018-08-25 13:00:00,4.25,3.986803511904764
2018-08-25 13:15:00,4.57,4.197901011904761
2018-08-25 13:30:00,4.79,14.302117619047614
2018-08-25 13:45:00,5.8,6.679163750000002
2018-08-25 14:00:00,5.58,6.42579214285714
2018-08-25 14:15:00,5.51,8.727186904761904
2018-08-25 14:30:00,5.51,9.758699761904765
2018-08-25 14:45:00,5.58,14.514117499999992
2018-08-25 15:00:00,5.51,14.410138095238088
2018-08-25 15:15:00,5.36,13.798945238095227
2018-08-25 15:30:00,6.37,12.22618515873015
2018-08-25 15:45:00,6.84,12.114855039682533
2018-08-25 16:00:00,7.13,12.343964801587298
2018-08-25 16:15:00,6.37,6.0534977380952375
2018-08-25 16:30:00,3.74,5.912414047619048
2018-08-25 16:45:00,4.03,5.604970595238093
2018-08-25 17:00:00,3.67,4.036958809523809
2018-08-25 17:15:00,3.53,4.004264345238096
2018-08-25 17:30:00,3.42,3.9682147619047625
2018-08-25 17:45:00,3.42,3.6058786309523816
2018-08-25 18:00:00,3.38,3.512584209956711
2018-08-25 18:15:00,3.46,3.5092764718614724
2018-08-25 18:30:00,3.46,3.5194130158730177
2018-08-25 18:45:00,3.38,3.5266127380952397
2018-08-25 19:00:00,2.84,3.2824389880952385
2018-08-25 19:15:00,2.81,3.2357141071428557
2018-08-25 19:30:00,2.92,2.9883383333333335
2018-08-25 19:45:00,2.88,3.013472738095239
2018-08-25 20:00:00,2.84,2.9417304761904752
2018-08-25 20:15:00,2.92,2.9094795833333325
2018-08-25 20:30:00,3.42,2.971702936507935
2018-08-25 20:45:00,3.31,2.913721488095236
2018-08-25 21:00:00,2.88,3.004380119047619
2018-08-25 21:15:00,2.92,2.9659238095238076
2018-08-25 21:30:00,2.88,2.9477996428571425
2018-08-25 21:45:00,2.95,2.9433029761904748
2018-08-25 22:00:00,2.88,2.930305476190475
2018-08-25 22:15:00,2.66,3.057874345238095
2018-08-25 22:30:00,2.56,2.959663333333333
2018-08-25 22:45:00,2.52,2.92899863095238
2018-08-25 23:00:00,2.74,2.955025238095239
2018-08-25 23:15:00,3.17,2.90913492063492
2018-08-25 23:30:00,2.59,2.7414182142857153
2018-08-25 23:45:00,2.88,2.7923010714285716
2018-08-26 00:00:00,2.56,2.8104344642857155
2018-08-26 00:15:00,2.63,3.1542889682539674
2018-08-26 00:30:00,2.66,2.7672168452380954
2018-08-26 00:45:00,2.59,2.772150535714286
2018-08-26 01:00:00,2.66,2.7566606349206335
2018-08-26 01:15:00,2.63,2.7609535119047615
2018-08-26 01:30:00,2.59,2.773568035714286
2018-08-26 01:45:00,2.56,2.7369138690476182
2018-08-26 02:00:00,2.77,2.833451547619047
2018-08-26 02:15:00,3.24,2.824548571428571
2018-08-26 02:30:00,2.81,2.848198928571429
2018-08-26 02:45:00,2.56,2.764517738095239
2018-08-26 03:00:00,2.59,3.002349523809524
2018-08-26 03:15:00,2.59,2.8791145833333327
2018-08-26 03:30:00,2.63,2.900435119047618
2018-08-26 03:45:00,3.1,2.6747174404761904
2018-08-26 04:00:00,2.84,2.625644821428569
2018-08-26 04:15:00,2.63,2.7109580952380945
2018-08-26 04:30:00,2.56,2.836477599206349
2018-08-26 04:45:00,2.59,2.823755476190475
2018-08-26 05:00:00,2.59,2.8713657738095213
2018-08-26 05:15:00,2.59,2.7347793452380955
2018-08-26 05:30:00,2.77,2.6075792261904756
2018-08-26 05:45:00,2.77,2.6040151190476184
2018-08-26 06:00:00,2.7,2.8062444444444448
2018-08-26 06:15:00,2.7,2.83910253968254
2018-08-26 06:30:00,2.74,2.910280674603176
2018-08-26 06:45:00,2.74,2.9395986904761897
2018-08-26 07:00:00,2.7,2.9340436309523796
2018-08-26 07:15:00,2.74,2.8721083928571414
2018-08-26 07:30:00,2.84,2.8201176785714286
2018-08-26 07:45:00,4.61,3.1583908928571445
2018-08-26 08:00:00,6.73,4.9183325
2018-08-26 08:15:00,5.72,12.716689940476192
2018-08-26 08:30:00,5.72,18.094352063492057
2018-08-26 08:45:00,5.65,11.18782527777778
2018-08-26 09:00:00,5.65,13.737768095238103
2018-08-26 09:15:00,5.08,13.153932023809523
2018-08-26 09:30:00,5.8,13.013498531746027
2018-08-26 09:45:00,5.62,12.153018928571425
2018-08-26 10:00:00,6.34,12.909522857142855
2018-08-26 10:15:00,5.33,12.166668809523804
2018-08-26 10:30:00,5.33,12.625503809523806
2018-08-26 10:45:00,5.4,12.10029964285714
2018-08-26 11:00:00,5.04,12.814583472222225
2018-08-26 11:15:00,5.26,10.433196369047618
2018-08-26 11:30:00,4.57,11.094148154761903
2018-08-26 11:45:00,4.64,8.857260416666666
2018-08-26 12:00:00,3.31,4.714665833333333
2018-08-26 12:15:00,3.06,4.615011468253965
2018-08-26 12:30:00,3.02,4.107638452380952
2018-08-26 12:45:00,3.06,4.240262619047621
2018-08-26 13:00:00,3.24,4.674965416666666
2018-08-26 13:15:00,5.0,4.812722261904761
2018-08-26 13:30:00,5.98,4.653077559523807
2018-08-26 13:45:00,6.59,4.54173134920635
2018-08-26 14:00:00,5.62,4.343321746031746
2018-08-26 14:15:00,5.15,11.363570753968247
2018-08-26 14:30:00,4.93,11.742840833333338
2018-08-26 14:45:00,4.82,12.440670238095242
2018-08-26 15:00:00,6.12,13.356418650793657
2018-08-26 15:15:00,8.24,13.83520988095239
2018-08-26 15:30:00,7.85,11.783474226190476
2018-08-26 15:45:00,7.96,16.800748452380954
2018-08-26 16:00:00,8.42,16.084926785714295
2018-08-26 16:15:00,7.67,8.026466369047611
2018-08-26 16:30:00,4.0,6.725485416666668
2018-08-26 16:45:00,3.89,6.441212559523808
2018-08-26 17:00:00,4.14,3.987871309523806
2018-08-26 17:15:00,4.57,3.8871156060606045
2018-08-26 17:30:00,4.25,3.9828318560606055
2018-08-26 17:45:00,3.64,3.9150041071428556
2018-08-26 18:00:00,3.6,4.225762738095237
2018-08-26 18:15:00,3.53,3.9025931150793634
2018-08-26 18:30:00,3.6,3.7771536309523803
2018-08-26 18:45:00,3.24,3.4817807539682533
2018-08-26 19:00:00,3.06,3.4517141702741703
2018-08-26 19:15:00,3.06,3.2127441666666647
2018-08-26 19:30:00,3.06,3.096987023809522
2018-08-26 19:45:00,3.06,3.7582905952380927
2018-08-26 20:00:00,3.13,3.1546971428571418
2018-08-26 20:15:00,3.1,3.2221451785714272
2018-08-26 20:30:00,3.1,3.244801051587301
2018-08-26 20:45:00,3.06,3.2277646428571454
2018-08-26 21:00:00,3.13,3.3026939285714287
2018-08-26 21:15:00,3.06,3.1790316666666656
2018-08-26 21:30:00,3.17,3.256777619047617
2018-08-26 21:45:00,3.13,3.1665456547619044
2018-08-26 22:00:00,2.99,3.2077951190476184
2018-08-26 22:15:00,2.92,3.1983688961038963
2018-08-26 22:30:00,2.92,3.0053152579365086
2018-08-26 22:45:00,3.89,2.9652242857142856
2018-08-26 23:00:00,3.85,2.958558333333333
2018-08-26 23:15:00,3.02,2.9694822222222235
2018-08-26 23:30:00,2.88,3.013208214285717
2018-08-26 23:45:00,2.66,3.210948293650794
2018-08-27 00:00:00,2.92,3.057612976190476
2018-08-27 00:15:00,2.95,2.8154689285714256
2018-08-27 00:30:00,3.02,3.023084027777776
2018-08-27 00:45:00,2.99,3.093108075396826
2018-08-27 01:00:00,2.92,2.9833686904761896
2018-08-27 01:15:00,2.95,3.0412369642857144
2018-08-27 01:30:00,2.95,3.032238194444443
2018-08-27 01:45:00,2.95,3.072413809523809
2018-08-27 02:00:00,2.99,3.1291155158730164
2018-08-27 02:15:00,2.92,3.090834444444444
2018-08-27 02:30:00,3.17,3.0915707539682535
2018-08-27 02:45:00,3.53,3.0822561309523793
2018-08-27 03:00:00,2.92,3.049796190476189
2018-08-27 03:15:00,2.92,3.035092738095239
2018-08-27 03:30:00,2.92,3.012144563492062
2018-08-27 03:45:00,2.95,2.9215479365079347
2018-08-27 04:00:00,2.95,2.9109355555555556
2018-08-27 04:15:00,2.92,3.0676722619047614
2018-08-27 04:30:00,2.88,3.1300089682539665
2018-08-27 04:45:00,2.88,3.1674211309523805
2018-08-27 05:00:00,3.1,3.1406555357142834
2018-08-27 05:15:00,3.49,3.019673611111108
2018-08-27 05:30:00,2.88,3.1110068650793643
2018-08-27 05:45:00,2.84,2.9148451785714293
2018-08-27 06:00:00,2.88,2.9523568452380937
2018-08-27 06:15:00,2.88,2.990030654761905
2018-08-27 06:30:00,2.84,2.9481561904761877
2018-08-27 06:45:00,2.88,2.958627251082251
2018-08-27 07:00:00,3.02,2.9994048015872994
2018-08-27 07:15:00,3.53,3.468958373015874
2018-08-27 07:30:00,3.74,3.6614348160173193
2018-08-27 07:45:00,3.92,4.065758855311354
2018-08-27 08:00:00,28.48,39.3051303571429
2018-08-27 08:15:00,47.3,51.01848228174605
2018-08-27 08:30:00,50.54,70.74245440476193
2018-08-27 08:45:00,55.73,58.00432432539682
2018-08-27 09:00:00,59.98,59.53150708333335
2018-08-27 09:15:00,53.75,62.492509563492085
2018-08-27 09:30:00,62.71,60.771134523809486
2018-08-27 09:45:00,60.66,61.898110436507935
2018-08-27 10:00:00,54.72,61.39244505952381
2018-08-27 10:15:00,57.6,59.41929952380947
2018-08-27 10:30:00,58.93,62.26112464285711
2018-08-27 10:45:00,65.45,60.487954523809506
2018-08-27 11:00:00,54.94,59.683817738095165
2018-08-27 11:15:00,47.88,61.45637720238099
2018-08-27 11:30:00,41.29,56.887620714285696
2018-08-27 11:45:00,40.57,51.82259607142857
2018-08-27 12:00:00,28.12,9.951205178571433
2018-08-27 12:15:00,25.24,5.797361428571424
2018-08-27 12:30:00,25.27,8.170432202380955
2018-08-27 12:45:00,25.52,10.435224583333339
2018-08-27 13:00:00,46.3,44.12249797619051
2018-08-27 13:15:00,58.68,46.96817974206348
2018-08-27 13:30:00,46.76,57.172398630952394
2018-08-27 13:45:00,41.76,57.4407829365079
2018-08-27 14:00:00,52.42,52.73251049603176
2018-08-27 14:15:00,68.65,53.27592380952384
2018-08-27 14:30:00,45.79,58.763329644383404
2018-08-27 14:45:00,67.79,60.22369595238094
2018-08-27 15:00:00,43.88,52.00821958333335
2018-08-27 15:15:00,45.9,61.04800089285715
2018-08-27 15:30:00,50.51,51.852415178571455
2018-08-27 15:45:00,49.5,53.983760634920664
2018-08-27 16:00:00,52.02,58.28199170634921
2018-08-27 16:15:00,63.22,57.021893511904764
2018-08-27 16:30:00,44.42,53.85852285714282
2018-08-27 16:45:00,63.4,58.50166357142855
2018-08-27 17:00:00,51.73,48.086659404761875
2018-08-27 17:15:00,49.97,59.78889894841269
2018-08-27 17:30:00,46.58,33.763069662698406
2018-08-27 17:45:00,29.95,30.366383928571395
2018-08-27 18:00:00,5.54,33.48406178571429
2018-08-27 18:15:00,3.6,38.58819482142857
2018-08-27 18:30:00,3.38,4.369829285714285
2018-08-27 18:45:00,3.42,4.10472611111111
2018-08-27 19:00:00,3.42,3.865290238095237
2018-08-27 19:15:00,3.46,3.896153690476189
2018-08-27 19:30:00,3.46,3.718569583333334
2018-08-27 19:45:00,3.35,3.477516547619048
2018-08-27 20:00:00,3.38,3.5038336904761893
2018-08-27 20:15:00,3.42,3.438036865079365
2018-08-27 20:30:00,2.88,3.4195732142857174
2018-08-27 20:45:00,2.84,3.540420714285714
2018-08-27 21:00:00,2.88,2.969860357142855
2018-08-27 21:15:00,2.81,2.927980674603174
2018-08-27 21:30:00,2.84,2.9616805555555534
2018-08-27 21:45:00,2.77,2.9165991071428574
2018-08-27 22:00:00,2.7,2.894605555555555
2018-08-27 22:15:00,2.66,2.887074960317461
2018-08-27 22:30:00,2.7,2.9180563690476187
2018-08-27 22:45:00,2.63,2.9810038690476195
2018-08-27 23:00:00,2.59,2.9783063095238096
2018-08-27 23:15:00,2.66,2.9837654166666656
2018-08-27 23:30:00,3.13,2.950901130952381
2018-08-27 23:45:00,3.42,2.8297748809523817
2018-08-28 00:00:00,2.59,2.744684027777779
2018-08-28 00:15:00,2.56,2.9009121428571443
2018-08-28 00:30:00,2.59,2.821683690476192
2018-08-28 00:45:00,2.59,2.7347442261904744
2018-08-28 01:00:00,2.56,2.6762874999999986
2018-08-28 01:15:00,2.74,2.608929523809523
2018-08-28 01:30:00,3.06,2.6145467857142854
2018-08-28 01:45:00,2.59,2.713357777777777
2018-08-28 02:00:00,2.59,2.699174285714287
2018-08-28 02:15:00,2.56,2.8775309523809525
2018-08-28 02:30:00,2.59,2.794619980158729
2018-08-28 02:45:00,2.59,2.6963659523809524
2018-08-28 03:00:00,2.59,2.6210415476190487
2018-08-28 03:15:00,2.52,2.6100007142857153
2018-08-28 03:30:00,2.52,2.6091836904761907
2018-08-28 03:45:00,2.56,2.6321095238095227
2018-08-28 04:00:00,2.56,2.6644415476190475
2018-08-28 04:15:00,2.52,2.9047099404761916
2018-08-28 04:30:00,2.63,2.9113791071428574
2018-08-28 04:45:00,3.17,2.911060892857144
2018-08-28 05:00:00,3.06,2.904709583333335
2018-08-28 05:15:00,2.52,2.7086034523809537
2018-08-28 05:30:00,2.52,2.7071775000000025
2018-08-28 05:45:00,3.06,2.8797678968253972
2018-08-28 06:00:00,2.56,2.9362325000000014
2018-08-28 06:15:00,2.56,2.9624381547619056
2018-08-28 06:30:00,2.52,2.80645107142857
2018-08-28 06:45:00,2.59,2.9299898611111104
2018-08-28 07:00:00,2.52,2.7723408333333346
2018-08-28 07:15:00,2.95,2.9832302976190466
2018-08-28 07:30:00,3.31,3.5321198214285725
2018-08-28 07:45:00,3.67,4.454113154761902
2018-08-28 08:00:00,31.72,54.40135309523806
2018-08-28 08:15:00,49.18,59.08588892857142
2018-08-28 08:30:00,53.24,48.976994402958155
2018-08-28 08:45:00,45.9,60.01321291666665
2018-08-28 09:00:00,52.06,59.136865714285705
2018-08-28 09:15:00,60.7,56.79369206349208
2018-08-28 09:30:00,66.74,56.941502023809534
2018-08-28 09:45:00,62.86,60.21630251984127
2018-08-28 10:00:00,50.15,63.159463194444434
2018-08-28 10:15:00,59.08,57.00370718253969
2018-08-28 10:30:00,50.4,56.569586547619025
2018-08-28 10:45:00,60.91,60.628369325396825
2018-08-28 11:00:00,61.09,60.89057952380953
2018-08-28 11:15:00,59.9,59.94638499999999
2018-08-28 11:30:00,55.98,53.88215180555556
2018-08-28 11:45:00,40.72,50.760166468253935
2018-08-28 12:00:00,5.0,7.497438273809521
2018-08-28 12:15:00,4.32,9.096180793650799
2018-08-28 12:30:00,4.39,5.793385165945162
2018-08-28 12:45:00,4.28,5.656453511904764
2018-08-28 13:00:00,29.02,39.74427811507938
2018-08-28 13:15:00,53.32,45.08135908730159
2018-08-28 13:30:00,58.0,51.61324215728716
2018-08-28 13:45:00,49.54,50.0521439285714
2018-08-28 14:00:00,51.16,50.93123398809524
2018-08-28 14:15:00,50.4,53.43259940476193
2018-08-28 14:30:00,41.69,55.92551676739923
2018-08-28 14:45:00,50.18,56.82403832431458
2018-08-28 15:00:00,45.61,46.30082821428573
2018-08-28 15:15:00,42.7,52.99900387987011
2018-08-28 15:30:00,47.41,51.53204648809523
2018-08-28 15:45:00,48.06,47.859401964285716
2018-08-28 16:00:00,49.97,53.90842251082251
2018-08-28 16:15:00,44.78,51.748814415584405
2018-08-28 16:30:00,35.93,48.10641120129873
2018-08-28 16:45:00,40.07,49.29639154761905
2018-08-28 17:00:00,40.39,45.327896385281385
2018-08-28 17:15:00,40.61,40.56603353174604
2018-08-28 17:30:00,30.31,35.40026767857141
2018-08-28 17:45:00,30.53,30.12031061507938
2018-08-28 18:00:00,34.49,29.277263571428556
2018-08-28 18:15:00,39.24,41.83404259920638
2018-08-28 18:30:00,33.95,41.546169880952405
2018-08-28 18:45:00,32.94,41.90666505952381
2018-08-28 19:00:00,38.2,38.026796924603175
2018-08-28 19:15:00,39.35,37.800807162698426
2018-08-28 19:30:00,41.22,38.9906293452381
2018-08-28 19:45:00,42.62,38.83711833333334
2018-08-28 20:00:00,49.64,39.50411037698414
2018-08-28 20:15:00,60.16,39.134427817460306
2018-08-28 20:30:00,46.62,44.85401597222221
2018-08-28 20:45:00,28.01,29.84963220238094
2018-08-28 21:00:00,4.36,21.06637227633478
2018-08-28 21:15:00,3.82,5.250713174603178
2018-08-28 21:30:00,3.64,3.9206157738095238
2018-08-28 21:45:00,3.6,3.7883106746031756
2018-08-28 22:00:00,3.42,3.777262261904761
2018-08-28 22:15:00,3.53,3.5436720238095227
2018-08-28 22:30:00,3.42,3.4422328571428586
2018-08-28 22:45:00,3.13,3.233415714285714
2018-08-28 23:00:00,2.77,3.283468154761904
2018-08-28 23:15:00,2.74,3.126300615079365
2018-08-28 23:30:00,2.92,2.8905106547619037
2018-08-28 23:45:00,2.88,2.859663690476192
2018-08-29 00:00:00,2.74,2.9996701785714297
2018-08-29 00:15:00,2.81,2.942591190476189
2018-08-29 00:30:00,2.77,2.898079265873015
2018-08-29 00:45:00,2.77,2.899716567460317
2018-08-29 01:00:00,2.7,2.90737994047619
2018-08-29 01:15:00,2.77,2.8945541865079356
2018-08-29 01:30:00,2.7,2.90582142857143
2018-08-29 01:45:00,2.7,2.871405436507936
2018-08-29 02:00:00,2.7,2.851439166666666
2018-08-29 02:15:00,2.77,2.867380238095239
2018-08-29 02:30:00,2.77,2.845857857142855
2018-08-29 02:45:00,2.77,2.8903019047619045
2018-08-29 03:00:00,2.7,2.9088472619047594
2018-08-29 03:15:00,2.74,3.009452142857142
2018-08-29 03:30:00,2.74,2.863035833333334
2018-08-29 03:45:00,2.95,2.914710555555553
2018-08-29 04:00:00,3.38,2.898573055555554
2018-08-29 04:15:00,2.88,2.8265155952380967
2018-08-29 04:30:00,2.7,2.7936012896825395
2018-08-29 04:45:00,2.77,2.866349503968252
2018-08-29 05:00:00,2.77,2.79883851190476
2018-08-29 05:15:00,3.2,2.9209954761904764
2018-08-29 05:30:00,2.99,2.882014682539683
2018-08-29 05:45:00,2.74,2.7588889285714284
2018-08-29 06:00:00,2.77,2.830639206349206
2018-08-29 06:15:00,2.74,2.8766558333333334
2018-08-29 06:30:00,2.7,2.913013095238096
2018-08-29 06:45:00,2.66,2.8946240476190472
2018-08-29 07:00:00,2.7,2.8104929761904756
2018-08-29 07:15:00,3.24,3.106750357142857
2018-08-29 07:30:00,3.78,3.887602023809526
2018-08-29 07:45:00,3.46,4.874160992063493
2018-08-29 08:00:00,34.31,47.234167460317465
2018-08-29 08:15:00,55.66,61.82925519841265
2018-08-29 08:30:00,55.08,55.092327662337645
2018-08-29 08:45:00,60.95,59.56993077380948
2018-08-29 09:00:00,56.84,54.23407363095239
2018-08-29 09:15:00,50.15,60.01717103174604
2018-08-29 09:30:00,48.46,62.81478438492066
2018-08-29 09:45:00,43.27,59.31120890873016
2018-08-29 10:00:00,34.88,53.9888849404762
2018-08-29 10:15:00,37.08,50.938273452380955
2018-08-29 10:30:00,45.72,49.74031595238094
2018-08-29 10:45:00,44.82,46.41872924603176
2018-08-29 11:00:00,58.1,48.07267119047618
2018-08-29 11:15:00,59.29,49.80169178571429
2018-08-29 11:30:00,52.78,51.16443047619051
2018-08-29 11:45:00,48.64,50.401370000000014
2018-08-29 12:00:00,4.79,9.417378035714282
2018-08-29 12:15:00,5.87,7.231259047619046
2018-08-29 12:30:00,5.9,4.932893326118325
2018-08-29 12:45:00,6.26,5.887246686507937
2018-08-29 13:00:00,32.9,38.436779384920634
2018-08-29 13:15:00,60.77,52.36965000000002
2018-08-29 13:30:00,50.4,54.70171958333331
2018-08-29 13:45:00,41.72,63.14535652777778
2018-08-29 14:00:00,49.46,54.98805396825401
2018-08-29 14:15:00,56.2,51.17461069444444
2018-08-29 14:30:00,38.99,55.8081506547619
2018-08-29 14:45:00,38.84,56.878125496031714
2018-08-29 15:00:00,53.28,44.46431416666666
2018-08-29 15:15:00,44.96,49.81694005952377
2018-08-29 15:30:00,56.2,54.03043684523813
2018-08-29 15:45:00,55.73,49.948969404761904
2018-08-29 16:00:00,58.03,52.23663136904764
2018-08-29 16:15:00,54.47,54.85905103174605
2018-08-29 16:30:00,52.96,56.378588948412656
2018-08-29 16:45:00,52.88,58.292541408730195
2018-08-29 17:00:00,53.64,58.385914226190486
2018-08-29 17:15:00,44.6,55.65200089285715
2018-08-29 17:30:00,29.02,35.95534597222222
2018-08-29 17:45:00,29.41,32.212207976190456
2018-08-29 18:00:00,36.18,29.25365158730157
2018-08-29 18:15:00,54.54,32.27111230158728
2018-08-29 18:30:00,56.16,35.76933360028856
2018-08-29 18:45:00,40.68,43.68999155663781
2018-08-29 19:00:00,43.06,51.06862307539684
2018-08-29 19:15:00,63.76,37.252322539682545
2018-08-29 19:30:00,41.47,39.50161321428573
2018-08-29 19:45:00,45.25,55.2662156349206
2018-08-29 20:00:00,46.98,35.574038015873015
2018-08-29 20:15:00,43.67,38.15014226190476
2018-08-29 20:30:00,43.31,43.899397698412706
2018-08-29 20:45:00,14.22,19.494253690476203
2018-08-29 21:00:00,6.3,8.037546626984126
2018-08-29 21:15:00,3.92,3.8215713095238084
2018-08-29 21:30:00,3.82,3.7090729166666683
2018-08-29 21:45:00,3.74,3.8359914484126985
2018-08-29 22:00:00,3.6,3.807828214285713
2018-08-29 22:15:00,3.35,3.5749360714285685
2018-08-29 22:30:00,3.53,3.442216468253966
2018-08-29 22:45:00,3.06,3.345631785714285
2018-08-29 23:00:00,2.92,3.2416142658730154
2018-08-29 23:15:00,2.88,3.0674371428571425
2018-08-29 23:30:00,2.84,2.943270535714284
2018-08-29 23:45:00,2.74,2.962415198412697
2018-08-30 00:00:00,2.88,2.979201666666666
2018-08-30 00:15:00,2.92,2.881092380952382
2018-08-30 00:30:00,2.95,2.9970080844155818
2018-08-30 00:45:00,2.99,2.915432370129868
2018-08-30 01:00:00,2.92,3.1399578571428584
2018-08-30 01:15:00,2.66,3.133929821428572
2018-08-30 01:30:00,2.63,3.0345623611111114
2018-08-30 01:45:00,2.66,2.8038227579365094
2018-08-30 02:00:00,2.66,2.7913474404761893
2018-08-30 02:15:00,2.66,2.7526645833333343
2018-08-30 02:30:00,2.66,2.742418095238097
2018-08-30 02:45:00,2.77,2.7586970238095243
2018-08-30 03:00:00,3.13,2.7572018452380957
2018-08-30 03:15:00,2.66,2.9050279797979797
2018-08-30 03:30:00,2.66,2.797612321428572
2018-08-30 03:45:00,2.7,2.798554107142857
2018-08-30 04:00:00,3.17,2.7942577380952383
2018-08-30 04:15:00,2.66,2.797617976190475
2018-08-30 04:30:00,2.63,2.8079956547619065
2018-08-30 04:45:00,2.59,2.7828314484126975
2018-08-30 05:00:00,2.66,2.7426666071428567
2018-08-30 05:15:00,2.59,2.7454925
2018-08-30 05:30:00,2.52,2.7317574675324674
2018-08-30 05:45:00,2.52,2.722869166666667
2018-08-30 06:00:00,2.52,2.790053015873014
2018-08-30 06:15:00,2.59,2.665861428571428
2018-08-30 06:30:00,2.59,2.6441754761904765
2018-08-30 06:45:00,2.48,2.6391066666666667
2018-08-30 07:00:00,2.84,2.634584642857143
2018-08-30 07:15:00,3.71,3.0220559523809527
2018-08-30 07:30:00,3.85,3.8690427380952404
2018-08-30 07:45:00,3.71,5.370337380952378
2018-08-30 08:00:00,30.96,40.78170392857143
2018-08-30 08:15:00,50.8,56.54335906746032
2018-08-30 08:30:00,47.3,50.59988762265513
2018-08-30 08:45:00,53.96,58.46698303571429
2018-08-30 09:00:00,56.74,54.799993015872985
2018-08-30 09:15:00,53.6,56.41826456349209
2018-08-30 09:30:00,42.23,56.09258503968253
2018-08-30 09:45:00,43.13,58.41735015873012
2018-08-30 10:00:00,42.66,49.97481081349207
2018-08-30 10:15:00,51.62,51.78190666666666
2018-08-30 10:30:00,48.17,50.7239092857143
2018-08-30 10:45:00,48.35,54.261140634920636
2018-08-30 11:00:00,42.84,51.762390238095264
2018-08-30 11:15:00,68.87,52.09637337121214
2018-08-30 11:30:00,46.55,48.11955946428569
2018-08-30 11:45:00,43.34,57.58012869047622
2018-08-30 12:00:00,6.16,8.508190119047619
2018-08-30 12:15:00,4.97,7.0468251190476225
2018-08-30 12:30:00,5.47,5.751666639610386
2018-08-30 12:45:00,5.33,5.379749489538239
2018-08-30 13:00:00,27.76,38.53771498015873
2018-08-30 13:15:00,47.23,50.7320995238095
2018-08-30 13:30:00,58.03,51.59667906746031
2018-08-30 13:45:00,50.33,44.77317869047617
2018-08-30 14:00:00,68.65,49.07130873015869
2018-08-30 14:15:00,52.13,48.61476166666668
2018-08-30 14:30:00,59.18,57.923811567460305
2018-08-30 14:45:00,49.14,51.3904094047619
2018-08-30 15:00:00,57.24,54.21442083333332
2018-08-30 15:15:00,54.94,52.411820086580086
2018-08-30 15:30:00,55.55,57.244728035714296
2018-08-30 15:45:00,56.38,53.62742830086579
2018-08-30 16:00:00,57.67,55.151954861111115
2018-08-30 16:15:00,47.66,56.99722544372294
2018-08-30 16:30:00,48.56,56.97078142857141
2018-08-30 16:45:00,43.24,63.13972515873016
2018-08-30 17:00:00,42.48,54.65818621031746
2018-08-30 17:15:00,39.35,41.67934486111113
2018-08-30 17:30:00,41.44,29.59941126984125
2018-08-30 17:45:00,47.38,29.646265138888886
2018-08-30 18:00:00,100.58,34.16812559523808
2018-08-30 18:15:00,77.4,26.345387142857145
2018-08-30 18:30:00,39.92,79.13856724206349
2018-08-30 18:45:00,40.61,78.42628392857138
2018-08-30 19:00:00,39.89,45.97455107142859
2018-08-30 19:15:00,37.33,50.85301932539685
2018-08-30 19:30:00,40.86,45.07565134920637
2018-08-30 19:45:00,33.12,39.88334166666667
2018-08-30 20:00:00,38.52,38.2304017207792
2018-08-30 20:15:00,34.42,38.50730792207794
2018-08-30 20:30:00,32.22,35.3172771969697
2018-08-30 20:45:00,24.44,20.556736249999993
2018-08-30 21:00:00,3.74,8.071148432539685
2018-08-30 21:15:00,4.25,4.479478809523809
2018-08-30 21:30:00,3.89,3.853301904761902
2018-08-30 21:45:00,3.64,3.8823708333333338
2018-08-30 22:00:00,3.53,3.716038234126985
2018-08-30 22:15:00,3.31,3.661055
2018-08-30 22:30:00,2.88,3.609680674603174
2018-08-30 22:45:00,3.38,3.326018392857143
2018-08-30 23:00:00,2.77,2.915233095238094
2018-08-30 23:15:00,2.63,3.158276746031746
2018-08-30 23:30:00,2.7,2.892026249999999
2018-08-30 23:45:00,2.95,2.8555223412698405
2018-08-31 00:00:00,2.74,2.822131369047619
2018-08-31 00:15:00,2.7,3.0526196428571444
2018-08-31 00:30:00,2.7,2.8601028968254
2018-08-31 00:45:00,2.7,2.8485059523809535
2018-08-31 01:00:00,2.7,2.8489444642857156
2018-08-31 01:15:00,2.7,2.8186819246031756
2018-08-31 01:30:00,2.74,2.8901904166666696
2018-08-31 01:45:00,2.77,2.8503021428571453
2018-08-31 02:00:00,2.7,2.8146438095238095
2018-08-31 02:15:00,2.74,2.859442619047618
2018-08-31 02:30:00,2.99,2.7950103769841297
2018-08-31 02:45:00,3.2,2.8925281746031732
2018-08-31 03:00:00,2.81,2.9109043939393944
2018-08-31 03:15:00,2.74,2.828242678571428
2018-08-31 03:30:00,2.74,3.005753095238094
2018-08-31 03:45:00,2.74,2.8572638690476175
2018-08-31 04:00:00,3.02,2.8664425000000007
2018-08-31 04:15:00,3.38,2.880919722222222
2018-08-31 04:30:00,2.81,2.77485126984127
2018-08-31 04:45:00,2.77,2.8325283134920607
2018-08-31 05:00:00,2.77,2.9098252380952387
2018-08-31 05:15:00,2.74,2.8896333333333324
2018-08-31 05:30:00,2.74,2.9144041666666665
2018-08-31 05:45:00,2.7,2.911948095238095
2018-08-31 06:00:00,2.74,2.9019042857142865
2018-08-31 06:15:00,2.7,2.794371666666667
2018-08-31 06:30:00,2.74,2.8320832738095243
2018-08-31 06:45:00,2.88,2.7790081547619034
2018-08-31 07:00:00,3.06,2.7842916071428583
2018-08-31 07:15:00,3.31,3.3583014285714303
2018-08-31 07:30:00,3.85,3.9500060119047644
2018-08-31 07:45:00,3.6,4.124385595238096
2018-08-31 08:00:00,26.14,37.21537904761907
2018-08-31 08:15:00,45.65,56.53552805555553
2018-08-31 08:30:00,58.03,47.38311825396824
2018-08-31 08:45:00,88.99,57.372918392857166
2018-08-31 09:00:00,113.04,55.052334424603174
2018-08-31 09:15:00,112.68,82.08734541666664
2018-08-31 09:30:00,54.32,91.80489500000002
2018-08-31 09:45:00,58.54,95.00135059523812
2018-08-31 10:00:00,52.92,66.80287940476197
2018-08-31 10:15:00,53.6,58.029407142857124
2018-08-31 10:30:00,44.21,59.965932539682505
2018-08-31 10:45:00,49.03,61.29533920634922
2018-08-31 11:00:00,61.52,50.7824819047619
2018-08-31 11:15:00,60.01,59.41419815476188
2018-08-31 11:30:00,61.56,59.48437416666667
2018-08-31 11:45:00,48.28,56.37894680555556
2018-08-31 12:00:00,4.46,6.257449702380954
2018-08-31 12:15:00,5.54,4.901320456349206
2018-08-31 12:30:00,5.44,4.797348896103893
2018-08-31 12:45:00,8.5,6.005034186507938
2018-08-31 13:00:00,37.44,36.871436031746036
2018-08-31 13:15:00,44.64,54.494134464285686
2018-08-31 13:30:00,53.03,58.45817232142855
2018-08-31 13:45:00,56.77,51.60210202380952
2018-08-31 14:00:00,56.12,57.13076718253965
2018-08-31 14:15:00,58.97,56.91403103174606
2018-08-31 14:30:00,56.77,51.43611597222223
2018-08-31 14:45:00,40.32,51.16932273809527
2018-08-31 15:00:00,48.17,53.77468187590187
2018-08-31 15:15:00,44.42,47.68505244047618
2018-08-31 15:30:00,55.55,55.740064861111115
2018-08-31 15:45:00,55.87,52.071923511904764
2018-08-31 16:00:00,58.14,54.81430029761906
2018-08-31 16:15:00,56.12,54.183767460317476
2018-08-31 16:30:00,51.98,55.156860099206334
2018-08-31 16:45:00,55.19,56.160529285714304
2018-08-31 17:00:00,47.41,54.71525291666667
2018-08-31 17:15:00,43.92,59.824837579365045
2018-08-31 17:30:00,28.4,38.472188739177476
2018-08-31 17:45:00,28.69,35.553230634920624
2018-08-31 18:00:00,31.82,34.14056035714285
2018-08-31 18:15:00,44.03,37.67434678571428
2018-08-31 18:30:00,36.76,39.613979107142875
2018-08-31 18:45:00,36.22,49.49287624999999
2018-08-31 19:00:00,43.49,40.452232619047614
2018-08-31 19:15:00,40.25,39.54007940476189
2018-08-31 19:30:00,44.71,41.94741339285714
2018-08-31 19:45:00,43.67,39.45573714285717
2018-08-31 20:00:00,37.94,43.855947003968275
2018-08-31 20:15:00,36.4,42.083177182539714
2018-08-31 20:30:00,53.71,37.229954404761905
2018-08-31 20:45:00,19.22,15.756007420634923
2018-08-31 21:00:00,4.46,6.948862123015877
2018-08-31 21:15:00,4.03,4.187521190476186
2018-08-31 21:30:00,4.07,3.8892694047619023
2018-08-31 21:45:00,3.85,3.839263095238096
2018-08-31 22:00:00,3.67,3.8210368253968254
2018-08-31 22:15:00,3.6,3.645655398629149
2018-08-31 22:30:00,3.82,3.5013317261904753
2018-08-31 22:45:00,4.64,3.44996482142857
2018-08-31 23:00:00,3.06,3.4535489285714287
2018-08-31 23:15:00,2.92,3.5499576984126993
2018-08-31 23:30:00,2.95,2.950920000000001
2018-08-31 23:45:00,3.85,3.2098112896825377
2018-09-01 00:00:00,2.95,3.115828750000002
2018-09-01 00:15:00,3.02,3.0267956944444423
2018-09-01 00:30:00,3.02,2.9846569841269837
2018-09-01 00:45:00,3.02,3.0803084722222205
2018-09-01 01:00:00,3.02,3.0362558928571417
2018-09-01 01:15:00,2.95,3.145962261904761
2018-09-01 01:30:00,2.99,3.1458820436507944
2018-09-01 01:45:00,3.06,3.145971130952384
2018-09-01 02:00:00,2.99,3.127354404761906
2018-09-01 02:15:00,2.95,3.1098353571428574
2018-09-01 02:30:00,3.02,3.057792996031748
2018-09-01 02:45:00,3.49,3.1023475595238112
2018-09-01 03:00:00,3.17,3.2485367460317462
2018-09-01 03:15:00,3.06,3.0910577651515148
2018-09-01 03:30:00,3.53,3.05786125
2018-09-01 03:45:00,3.46,3.0456152976190465
2018-09-01 04:00:00,3.02,3.151357261904763
2018-09-01 04:15:00,3.02,3.1666912499999995
2018-09-01 04:30:00,3.02,2.9980807900432898
2018-09-01 04:45:00,3.13,3.0016808928571432
2018-09-01 05:00:00,3.06,3.039413630952382
2018-09-01 05:15:00,3.06,3.2006177380952363
2018-09-01 05:30:00,3.02,3.168942083333334
2018-09-01 05:45:00,3.02,3.1134822023809505
2018-09-01 06:00:00,3.02,3.1134674206349193
2018-09-01 06:15:00,3.06,3.1133354166666676
2018-09-01 06:30:00,3.53,3.131633214285716
2018-09-01 06:45:00,3.24,3.0988009523809534
2018-09-01 07:00:00,2.99,3.1259471428571417
2018-09-01 07:15:00,3.02,3.3507677380952403
2018-09-01 07:30:00,3.17,3.9452287499999983
2018-09-01 07:45:00,3.28,4.442688214285712
2018-09-01 08:00:00,17.17,23.48676115079365
2018-09-01 08:15:00,32.44,31.759663888888895
2018-09-01 08:30:00,32.11,32.34827853174604
2018-09-01 08:45:00,37.4,38.61374555555553
2018-09-01 09:00:00,47.09,41.38967952380951
2018-09-01 09:15:00,32.9,40.45622884920633
2018-09-01 09:30:00,42.77,45.22439458333332
2018-09-01 09:45:00,41.11,31.79614704365079
2018-09-01 10:00:00,49.46,33.91529660714284
2018-09-01 10:15:00,38.88,33.810347202380946
2018-09-01 10:30:00,50.62,47.99174505952383
2018-09-01 10:45:00,32.94,32.91351366341993
2018-09-01 11:00:00,28.15,44.89037196428571
2018-09-01 11:15:00,25.78,32.9411080357143
2018-09-01 11:30:00,25.7,25.432889523809504
2018-09-01 11:45:00,25.31,21.405119873737362
2018-09-01 12:00:00,25.6,14.493935555555549
2018-09-01 12:15:00,25.34,12.985749126984135
2018-09-01 12:30:00,25.49,13.46336202380953
2018-09-01 12:45:00,25.49,21.1669063023088
2018-09-01 13:00:00,25.49,23.73264771825396
2018-09-01 13:15:00,28.19,26.366436646825413
2018-09-01 13:30:00,27.61,25.423834940476198
2018-09-01 13:45:00,27.04,26.951239027777785
2018-09-01 14:00:00,27.43,26.808221964285735
2018-09-01 14:15:00,26.86,26.902558750000022
2018-09-01 14:30:00,26.78,26.55596176587303
2018-09-01 14:45:00,27.14,27.061696170634942
2018-09-01 15:00:00,26.57,26.507094166666676
2018-09-01 15:15:00,26.17,22.738968571428565
2018-09-01 15:30:00,26.42,19.53709702380952
2018-09-01 15:45:00,25.99,16.809597976190474
2018-09-01 16:00:00,25.92,16.85994369047619
2018-09-01 16:15:00,26.53,19.376723777056277
2018-09-01 16:30:00,26.32,15.461817301587303
2018-09-01 16:45:00,26.32,14.813795007215013
2018-09-01 17:00:00,26.06,15.984173134920633
2018-09-01 17:15:00,25.02,15.392167420634923
2018-09-01 17:30:00,25.85,19.818663511904766
2018-09-01 17:45:00,24.34,20.145653214285716
2018-09-01 18:00:00,25.74,19.539339821428587
2018-09-01 18:15:00,6.44,6.680531825396826
2018-09-01 18:30:00,3.49,22.727247559523807
2018-09-01 18:45:00,3.49,4.881043313492064
2018-09-01 19:00:00,3.6,3.470586531385281
2018-09-01 19:15:00,3.56,3.451695836940837
2018-09-01 19:30:00,3.31,3.577293753607504
2018-09-01 19:45:00,2.92,3.5106407738095244
2018-09-01 20:00:00,2.92,3.228186726190476
2018-09-01 20:15:00,2.99,2.9365860119047613
2018-09-01 20:30:00,2.99,2.978995357142856
2018-09-01 20:45:00,2.95,3.0156723809523807
2018-09-01 21:00:00,2.99,3.1104544246031747
2018-09-01 21:15:00,2.92,3.262241091269843
2018-09-01 21:30:00,2.81,3.213659285714286
2018-09-01 21:45:00,2.81,3.0743457936507936
2018-09-01 22:00:00,2.7,2.864684166666667
2018-09-01 22:15:00,2.7,2.864456666666667
2018-09-01 22:30:00,2.66,2.8650975865800876
2018-09-01 22:45:00,2.66,2.802577745310247
2018-09-01 23:00:00,2.66,2.788060681818183
2018-09-01 23:15:00,2.63,2.870843419913421
2018-09-01 23:30:00,3.82,2.8238189682539674
2018-09-01 23:45:00,2.74,2.8568155952380967
2018-09-02 00:00:00,2.63,2.829220476190478
2018-09-02 00:15:00,2.63,2.8284611111111126
2018-09-02 00:30:00,2.66,2.70261066017316
2018-09-02 00:45:00,2.63,2.7136729761904768
2018-09-02 01:00:00,2.74,2.737483214285715
2018-09-02 01:15:00,2.7,2.7179591468253967
2018-09-02 01:30:00,2.63,2.773996666666666
2018-09-02 01:45:00,2.66,2.8116802380952377
2018-09-02 02:00:00,2.63,2.7654013492063485
2018-09-02 02:15:00,2.66,2.782314424603174
2018-09-02 02:30:00,2.7,2.7547289285714283
2018-09-02 02:45:00,2.63,2.8109526190476175
2018-09-02 03:00:00,2.66,2.7725780952380963
2018-09-02 03:15:00,2.63,2.7217594444444444
2018-09-02 03:30:00,2.63,2.7744373412698393
2018-09-02 03:45:00,2.81,2.8253008531746024
2018-09-02 04:00:00,3.2,2.852318075396825
2018-09-02 04:15:00,2.77,2.8788889087301595
2018-09-02 04:30:00,2.66,2.725330952380952
2018-09-02 04:45:00,3.2,2.7818452380952383
2018-09-02 05:00:00,3.17,2.7570886706349205
2018-09-02 05:15:00,2.59,2.815113511904763
2018-09-02 05:30:00,2.56,2.699540238095238
2018-09-02 05:45:00,2.63,2.6429864285714277
2018-09-02 06:00:00,2.56,2.6329445634920625
2018-09-02 06:15:00,2.56,2.6579388690476184
2018-09-02 06:30:00,2.56,2.6554717857142838
2018-09-02 06:45:00,2.56,2.6277344642857114
2018-09-02 07:00:00,2.59,2.634846488095235
2018-09-02 07:15:00,2.66,2.716327559523809
2018-09-02 07:30:00,2.77,3.0693937499999993
2018-09-02 07:45:00,2.7,4.355153988095238
2018-09-02 08:00:00,26.17,8.726414702380957
2018-09-02 08:15:00,50.18,9.314259940476195
2018-09-02 08:30:00,42.37,28.89972500000001
2018-09-02 08:45:00,41.76,65.6614435714286
2018-09-02 09:00:00,31.46,35.675065138888904
2018-09-02 09:15:00,39.13,35.44806740079363
2018-09-02 09:30:00,56.95,33.466459047619054
2018-09-02 09:45:00,35.14,33.69077500000001
2018-09-02 10:00:00,51.34,49.14532309523809
2018-09-02 10:15:00,48.67,29.356523722943717
2018-09-02 10:30:00,32.36,42.48577625
2018-09-02 10:45:00,31.14,33.21007642857144
2018-09-02 11:00:00,35.53,29.55526440476191
2018-09-02 11:15:00,52.63,29.241613452380957
2018-09-02 11:30:00,57.38,17.220868008658016
2018-09-02 11:45:00,21.67,9.305252817460316
2018-09-02 12:00:00,3.17,8.065693961038956
2018-09-02 12:15:00,3.17,13.57010499999999
2018-09-02 12:30:00,3.31,4.743160535714283
2018-09-02 12:45:00,3.89,4.661454821428569
2018-09-02 13:00:00,13.43,16.643469206349206
2018-09-02 13:15:00,32.8,31.743859325396837
2018-09-02 13:30:00,52.2,39.917667281746056
2018-09-02 13:45:00,56.56,42.65182714285713
2018-09-02 14:00:00,33.91,34.29373714285715
2018-09-02 14:15:00,42.41,31.723817638888885
2018-09-02 14:30:00,44.75,30.885334603174588
2018-09-02 14:45:00,47.7,31.19186041666666
2018-09-02 15:00:00,44.82,30.298963055555554
2018-09-02 15:15:00,31.68,30.36576882936508
2018-09-02 15:30:00,23.69,29.48668299603175
2018-09-02 15:45:00,5.65,29.96458085317459
2018-09-02 16:00:00,5.04,28.671586488095244
2018-09-02 16:15:00,3.64,5.7081554166666635
2018-09-02 16:30:00,3.6,4.592303690476191
2018-09-02 16:45:00,3.64,3.9465383134920624
2018-09-02 17:00:00,3.6,3.879632321428571
2018-09-02 17:15:00,3.64,3.842645773809524
2018-09-02 17:30:00,3.53,3.76053220238095
2018-09-02 17:45:00,3.42,3.7924007142857117
2018-09-02 18:00:00,3.42,3.818503333333331
2018-09-02 18:15:00,3.49,3.4674195833333328
2018-09-02 18:30:00,3.02,3.4975236904761893
2018-09-02 18:45:00,2.92,3.4404968055555543
2018-09-02 19:00:00,2.81,3.050278968253967
2018-09-02 19:15:00,2.84,2.9557382936507928
2018-09-02 19:30:00,2.99,2.869983690476188
2018-09-02 19:45:00,2.88,2.942722738095235
2018-09-02 20:00:00,2.92,3.0318574999999996
2018-09-02 20:15:00,3.64,2.9493228571428585
2018-09-02 20:30:00,3.35,3.0282433333333336
2018-09-02 20:45:00,2.95,2.990601488095237
2018-09-02 21:00:00,2.99,3.000147777777775
2018-09-02 21:15:00,2.92,3.007051746031747
2018-09-02 21:30:00,2.92,2.9645179563492077
2018-09-02 21:45:00,2.88,3.0311740873015873
2018-09-02 22:00:00,2.7,3.0440221428571452
2018-09-02 22:15:00,2.77,2.957537976190474
2018-09-02 22:30:00,2.81,2.8165110714285713
2018-09-02 22:45:00,2.74,3.0521849999999997
2018-09-02 23:00:00,2.66,3.0175101190476203
2018-09-02 23:15:00,2.7,2.8219932431457413
2018-09-02 23:30:00,2.74,2.7925882142857166
2018-09-02 23:45:00,2.7,2.7991441666666663
2018-09-03 00:00:00,3.35,2.781141349206351
2018-09-03 00:15:00,2.74,2.805173511904764
2018-09-03 00:30:00,2.74,2.8897559523809515
2018-09-03 00:45:00,2.74,2.806663392857144
2018-09-03 01:00:00,2.74,2.826715595238095
2018-09-03 01:15:00,2.74,2.869651845238097
2018-09-03 01:30:00,2.77,2.875714166666667
2018-09-03 01:45:00,2.74,2.9156007539682554
2018-09-03 02:00:00,3.17,2.9663696230158734
2018-09-03 02:15:00,3.31,2.8528004166666676
2018-09-03 02:30:00,2.74,2.8415696645021655
2018-09-03 02:45:00,2.7,2.8566232142857135
2018-09-03 03:00:00,2.77,2.7901410119047636
2018-09-03 03:15:00,2.74,2.765544047619049
2018-09-03 03:30:00,2.74,2.7957483928571456
2018-09-03 03:45:00,3.28,2.885882976190475
2018-09-03 04:00:00,2.7,2.8389529563492073
2018-09-03 04:15:00,2.77,2.896520119047618
2018-09-03 04:30:00,2.7,2.7666406547619067
2018-09-03 04:45:00,2.77,2.826004107142858
2018-09-03 05:00:00,2.7,2.758490634920636
2018-09-03 05:15:00,2.63,2.890649642857145
2018-09-03 05:30:00,2.63,2.7613573809523837
2018-09-03 05:45:00,2.66,2.7585245238095246
2018-09-03 06:00:00,2.59,2.718365416666667
2018-09-03 06:15:00,2.74,2.786450773809525
2018-09-03 06:30:00,2.66,2.7541570238095243
2018-09-03 06:45:00,2.66,2.767893035714288
2018-09-03 07:00:00,2.77,2.8187743452380967
2018-09-03 07:15:00,4.54,3.118620793650793
2018-09-03 07:30:00,3.71,3.7775510317460346
2018-09-03 07:45:00,2.95,4.903867380952381
2018-09-03 08:00:00,12.17,31.750632460317462
2018-09-03 08:15:00,41.9,28.851853214285722
2018-09-03 08:30:00,41.04,51.54124142857144
2018-09-03 08:45:00,46.08,61.1902886309524
2018-09-03 09:00:00,46.66,49.84189400793648
2018-09-03 09:15:00,67.0,57.48738619047621
2018-09-03 09:30:00,65.88,56.91927946428571
2018-09-03 09:45:00,41.0,61.478673392857175
2018-09-03 10:00:00,41.22,60.055919464285715
2018-09-03 10:15:00,40.93,54.30550429653682
2018-09-03 10:30:00,39.17,55.39264998015873
2018-09-03 10:45:00,44.24,50.87520904761907
2018-09-03 11:00:00,59.94,42.784870833333336
2018-09-03 11:15:00,39.13,48.67275434523811
2018-09-03 11:30:00,39.6,53.685786805555566
2018-09-03 11:45:00,30.71,39.83567867063491
2018-09-03 12:00:00,5.08,7.794555654761904
2018-09-03 12:15:00,5.0,9.677357916666661
2018-09-03 12:30:00,4.97,5.407828630952382
2018-09-03 12:45:00,5.11,5.312428690476189
2018-09-03 13:00:00,23.15,38.51057648809523
2018-09-03 13:15:00,46.26,55.23862684523813
2018-09-03 13:30:00,63.58,58.24790684523812
2018-09-03 13:45:00,54.22,52.341995833333314
2018-09-03 14:00:00,56.77,66.83090374999998
2018-09-03 14:15:00,51.34,69.16796630952382
2018-09-03 14:30:00,54.94,57.75397180555555
2018-09-03 14:45:00,60.88,63.58564833333334
2018-09-03 15:00:00,58.9,58.85763244047615
2018-09-03 15:15:00,55.15,55.92662188492067
2018-09-03 15:30:00,79.67,59.39247521825398
2018-09-03 15:45:00,83.16,58.74924234126982
2018-09-03 16:00:00,113.65,71.82574950396825
2018-09-03 16:15:00,63.83,79.93871182539685
2018-09-03 16:30:00,118.04,93.43726369047621
2018-09-03 16:45:00,110.56,76.02463142857144
2018-09-03 17:00:00,72.43,84.85597688131311
2018-09-03 17:15:00,88.74,100.01558232142865
2018-09-03 17:30:00,38.27,50.37175807539682
2018-09-03 17:45:00,30.92,44.15778277777777
2018-09-03 18:00:00,52.6,36.878617738095244
2018-09-03 18:15:00,77.83,46.29293791666666
2018-09-03 18:30:00,75.89,42.66654398809522
2018-09-03 18:45:00,30.53,76.16619553571424
2018-09-03 19:00:00,29.3,73.95674773809523
2018-09-03 19:15:00,27.11,48.0629918452381
2018-09-03 19:30:00,25.67,39.16438680555556
2018-09-03 19:45:00,25.67,19.60393255952381
2018-09-03 20:00:00,25.74,21.417293353174603
2018-09-03 20:15:00,26.42,19.64261871031746
2018-09-03 20:30:00,25.31,19.72720888888888
2018-09-03 20:45:00,4.57,17.869612817460315
2018-09-03 21:00:00,5.0,15.545446269841273
2018-09-03 21:15:00,3.64,4.10162906746032
2018-09-03 21:30:00,3.67,4.09801117063492
2018-09-03 21:45:00,3.53,3.5489732936507954
2018-09-03 22:00:00,3.35,3.5763077579365072
2018-09-03 22:15:00,3.31,3.2153489285714274
2018-09-03 22:30:00,3.31,3.0156080952380946
2018-09-03 22:45:00,2.74,2.9190875793650792
2018-09-03 23:00:00,2.7,2.949263690476193
2018-09-03 23:15:00,2.66,2.8521685317460324
2018-09-03 23:30:00,2.66,2.7831324206349204
2018-09-03 23:45:00,2.56,2.7993807142857134
2018-09-04 00:00:00,2.66,2.7995507936507935
2018-09-04 00:15:00,2.66,2.7595048412698424
2018-09-04 00:30:00,2.7,2.729615476190478
2018-09-04 00:45:00,2.7,2.7788220238095245
2018-09-04 01:00:00,2.66,2.7916016666666668
2018-09-04 01:15:00,2.7,2.7741435714285725
2018-09-04 01:30:00,2.7,2.7388247619047634
2018-09-04 01:45:00,2.77,2.7828883333333336
2018-09-04 02:00:00,2.7,2.776414464285715
2018-09-04 02:15:00,2.88,2.897346785714287
2018-09-04 02:30:00,3.02,2.826178690476192
2018-09-04 02:45:00,2.63,2.893894503968253
2018-09-04 03:00:00,3.28,2.7948359523809523
2018-09-04 03:15:00,3.17,2.8279934325396794
2018-09-04 03:30:00,2.63,2.884338214285716
2018-09-04 03:45:00,2.66,2.9547813492063506
2018-09-04 04:00:00,2.59,2.7287421428571412
2018-09-04 04:15:00,2.63,2.8149116269841254
2018-09-04 04:30:00,2.63,2.654464523809521
2018-09-04 04:45:00,2.66,2.646117619047619
2018-09-04 05:00:00,2.66,2.6716757142857124
2018-09-04 05:15:00,2.59,2.761724999999999
2018-09-04 05:30:00,2.59,2.747185714285714
2018-09-04 05:45:00,2.74,2.6563676785714256
2018-09-04 06:00:00,3.17,2.7294344642857116
2018-09-04 06:15:00,2.74,2.7898196428571422
2018-09-04 06:30:00,2.63,2.740414523809523
2018-09-04 06:45:00,2.63,2.853388273809524
2018-09-04 07:00:00,2.59,2.74063720238095
2018-09-04 07:15:00,2.77,3.324840357142857
2018-09-04 07:30:00,2.88,4.427164206349205
2018-09-04 07:45:00,3.24,6.117034821428571
2018-09-04 08:00:00,29.3,22.083438333333344
2018-09-04 08:15:00,51.34,39.4382230952381
2018-09-04 08:30:00,72.76,47.68612823412696
2018-09-04 08:45:00,65.02,57.641013273809506
2018-09-04 09:00:00,81.65,83.32404184523804
2018-09-04 09:15:00,59.15,66.46461353174602
2018-09-04 09:30:00,55.58,70.5435972619048
2018-09-04 09:45:00,84.42,60.982777638888905
2018-09-04 10:00:00,99.25,60.122525515872994
2018-09-04 10:15:00,89.53,74.67901267857141
2018-09-04 10:30:00,102.67,84.04993210317456
2018-09-04 10:45:00,105.95,90.19323648809521
2018-09-04 11:00:00,122.65,86.253204246448
2018-09-04 11:15:00,98.24,90.2836131547619
2018-09-04 11:30:00,113.51,93.56242857142855
2018-09-04 11:45:00,99.04,85.52100922619047
2018-09-04 12:00:00,5.44,10.589424583333335
2018-09-04 12:15:00,5.4,5.8127893452380945
2018-09-04 12:30:00,4.32,5.371089821428569
2018-09-04 12:45:00,4.61,5.220600000000001
2018-09-04 13:00:00,47.52,48.18559341269838
2018-09-04 13:15:00,107.17,90.20417352994224
2018-09-04 13:30:00,90.97,82.4071723809524
2018-09-04 13:45:00,112.0,96.07227906746039
2018-09-04 14:00:00,90.79,86.17952069444443
2018-09-04 14:15:00,103.9,91.33801732142857
2018-09-04 14:30:00,101.92,90.45694123015872
2018-09-04 14:45:00,99.4,84.6346484325397
2018-09-04 15:00:00,100.51,95.423550297619
2018-09-04 15:15:00,85.9,86.81168075396825
2018-09-04 15:30:00,102.6,92.91280755952384
2018-09-04 15:45:00,82.15,91.03265841269844
2018-09-04 16:00:00,118.69,89.84498148268398
2018-09-04 16:15:00,90.83,88.59400654761906
2018-09-04 16:30:00,102.28,95.56827047619039
2018-09-04 16:45:00,102.96,85.20655051587299
2018-09-04 17:00:00,68.36,87.71420999999995
2018-09-04 17:15:00,100.19,91.02729956349205
2018-09-04 17:30:00,59.44,47.16619291666667
2018-09-04 17:45:00,40.68,38.667877727272725
2018-09-04 18:00:00,47.02,59.60078656746028
2018-09-04 18:15:00,75.85,60.445384761904734
2018-09-04 18:30:00,85.75,56.85781438852815
2018-09-04 18:45:00,76.75,71.41790376984126
2018-09-04 19:00:00,76.75,76.90867466269844
2018-09-04 19:15:00,78.95,76.11274023809527
2018-09-04 19:30:00,72.0,74.83519630952382
2018-09-04 19:45:00,88.02,71.59707355158729
2018-09-04 20:00:00,72.47,72.37304767857142
2018-09-04 20:15:00,88.09,74.94151607142857
2018-09-04 20:30:00,64.62,71.4210030357143
2018-09-04 20:45:00,11.3,43.392714999999995
2018-09-04 21:00:00,4.57,10.289556904761907
2018-09-04 21:15:00,3.49,4.177446369047618
2018-09-04 21:30:00,3.49,4.148786190476191
2018-09-04 21:45:00,3.49,3.571618035714288
2018-09-04 22:00:00,3.31,3.5332756349206353
2018-09-04 22:15:00,3.1,3.458905535714284
2018-09-04 22:30:00,2.66,3.3176793452380924
2018-09-04 22:45:00,2.59,2.9603817261904766
2018-09-04 23:00:00,2.52,2.690488452380951
2018-09-04 23:15:00,2.48,2.652721883116884
2018-09-04 23:30:00,2.52,2.738394285714287
2018-09-04 23:45:00,2.81,2.801034107142857
2018-09-05 00:00:00,2.48,2.834222956349207
2018-09-05 00:15:00,2.52,2.7360910119047617
2018-09-05 00:30:00,2.52,2.7814057142857127
2018-09-05 00:45:00,2.48,2.765099166666666
2018-09-05 01:00:00,2.59,2.7296328571428563
2018-09-05 01:15:00,2.48,2.7422102976190477
2018-09-05 01:30:00,2.48,2.7826744047619054
2018-09-05 01:45:00,2.48,2.7870803571428575
2018-09-05 02:00:00,2.52,2.771543452380951
2018-09-05 02:15:00,3.42,2.8174644047619055
2018-09-05 02:30:00,3.71,2.8424266666666664
2018-09-05 02:45:00,2.52,3.0166088095238086
2018-09-05 03:00:00,2.52,2.771288055555554
2018-09-05 03:15:00,2.48,3.057296607142856
2018-09-05 03:30:00,2.48,5.4046771428571425
2018-09-05 03:45:00,2.52,2.974667202380951
2018-09-05 04:00:00,2.59,2.7741494642857134
2018-09-05 04:15:00,2.52,5.349812142857141
2018-09-05 04:30:00,2.52,2.928061091269839
2018-09-05 04:45:00,2.56,2.919435416666664
2018-09-05 05:00:00,2.52,5.339269404761902
2018-09-05 05:15:00,2.48,2.650825952380952
2018-09-05 05:30:00,2.56,5.325534880952378
2018-09-05 05:45:00,2.48,5.339537380952376
2018-09-05 06:00:00,2.52,5.324146785714282
2018-09-05 06:15:00,2.77,2.90463107142857
2018-09-05 06:30:00,3.31,2.7644272817460314
2018-09-05 06:45:00,2.99,2.8858484126984125
2018-09-05 07:00:00,2.7,2.9610969047619027
2018-09-05 07:15:00,2.92,3.548715119047618
2018-09-05 07:30:00,3.02,8.981035595238092
2018-09-05 07:45:00,2.88,10.178413333333332
2018-09-05 08:00:00,40.32,38.96057148809521
2018-09-05 08:15:00,95.4,33.08952454365079
2018-09-05 08:30:00,98.06,69.21117630952381
2018-09-05 08:45:00,111.92,86.39098541666662
2018-09-05 09:00:00,97.81,90.55286148809529
2018-09-05 09:15:00,100.08,88.80552019841272
2018-09-05 09:30:00,103.54,92.0240869047619
2018-09-05 09:45:00,60.23,87.83492107142857
2018-09-05 10:00:00,56.99,92.0892146428571
2018-09-05 10:15:00,55.4,78.99917696428577
2018-09-05 10:30:00,53.82,68.06862575396826
2018-09-05 10:45:00,53.57,69.51453992063493
2018-09-05 11:00:00,47.45,63.535748253968265
2018-09-05 11:15:00,64.26,60.05519646825398
2018-09-05 11:30:00,66.17,60.45132553571429
2018-09-05 11:45:00,52.81,62.904618888888905
2018-09-05 12:00:00,6.95,8.495965853174603
2018-09-05 12:15:00,5.51,5.781849940476191
2018-09-05 12:30:00,5.44,5.902820357142859
2018-09-05 12:45:00,5.47,5.9028732142857105
2018-09-05 13:00:00,28.3,37.16444007936507
2018-09-05 13:15:00,71.17,58.91170029761901
2018-09-05 13:30:00,70.38,59.41201690476194
2018-09-05 13:45:00,56.05,75.37397317460314
2018-09-05 14:00:00,50.29,71.03685363095241
2018-09-05 14:15:00,65.63,65.0842192496392
2018-09-05 14:30:00,64.73,61.84339416666662
2018-09-05 14:45:00,48.49,64.0991126984127
2018-09-05 15:00:00,49.68,65.86152279761903
2018-09-05 15:15:00,54.07,55.71951853174605
2018-09-05 15:30:00,66.71,63.4120101785714
2018-09-05 15:45:00,63.86,63.3716383531746
2018-09-05 16:00:00,61.81,64.10885569444443
2018-09-05 16:15:00,52.78,59.42461124999999
2018-09-05 16:30:00,54.22,64.18906648809525
2018-09-05 16:45:00,49.03,60.20289609126987
2018-09-05 17:00:00,60.08,59.61559027777778
2018-09-05 17:15:00,62.28,56.70143874999999
2018-09-05 17:30:00,32.51,44.60897686507938
2018-09-05 17:45:00,29.95,35.760031309523825
2018-09-05 18:00:00,52.6,40.92472984126983
2018-09-05 18:15:00,47.52,53.73195646825397
2018-09-05 18:30:00,49.79,65.15352690476189
2018-09-05 18:45:00,45.9,51.12230482142861
2018-09-05 19:00:00,51.88,50.70309678571429
2018-09-05 19:15:00,51.34,47.78809450396824
2018-09-05 19:30:00,59.33,52.52071196428572
2018-09-05 19:45:00,55.8,49.82142476190475
2018-09-05 20:00:00,47.99,51.2936715277778
2018-09-05 20:15:00,54.58,50.35663615800868
2018-09-05 20:30:00,46.26,46.744180793650806
2018-09-05 20:45:00,27.94,29.98628813492063
2018-09-05 21:00:00,8.86,7.859494007936507
2018-09-05 21:15:00,3.78,4.369099226190477
2018-09-05 21:30:00,3.74,3.8802156944444475
2018-09-05 21:45:00,3.85,3.7395163095238098
2018-09-05 22:00:00,3.56,3.6844372619047636
2018-09-05 22:15:00,3.53,3.64316464285714
2018-09-05 22:30:00,3.49,3.479148333333333
2018-09-05 22:45:00,3.64,3.24958876082251
2018-09-05 23:00:00,4.64,3.12299857142857
2018-09-05 23:15:00,3.92,3.098358988095236
2018-09-05 23:30:00,2.81,3.1603979563492044
2018-09-05 23:45:00,3.35,3.230863234126982
2018-09-06 00:00:00,2.77,2.989881428571428
2018-09-06 00:15:00,2.81,3.137526309523809
2018-09-06 00:30:00,2.84,2.858611249999999
2018-09-06 00:45:00,2.81,2.8528491071428568
2018-09-06 01:00:00,2.81,2.8549613095238096
2018-09-06 01:15:00,2.84,2.832476448412698
2018-09-06 01:30:00,2.84,2.8379389880952357
2018-09-06 01:45:00,2.81,2.8562104166666678
2018-09-06 02:00:00,2.88,2.8570079365079373
2018-09-06 02:15:00,2.81,2.9016366269841267
2018-09-06 02:30:00,2.95,2.973011190476191
2018-09-06 02:45:00,2.95,2.876442916666665
2018-09-06 03:00:00,2.95,3.045368690476189
2018-09-06 03:15:00,3.02,3.0576404761904756
2018-09-06 03:30:00,3.31,3.150287083333333
2018-09-06 03:45:00,3.28,3.020503194444444
2018-09-06 04:00:00,3.02,3.012438809523807
2018-09-06 04:15:00,3.02,3.0726508333333324
2018-09-06 04:30:00,3.6,3.0273944047619064
2018-09-06 04:45:00,3.06,3.0275367857142874
2018-09-06 05:00:00,2.92,3.2237410119047616
2018-09-06 05:15:00,2.92,3.1593620833333347
2018-09-06 05:30:00,2.92,3.10795160714286
2018-09-06 05:45:00,2.95,3.0846586706349215
2018-09-06 06:00:00,2.92,3.1314219642857166
2018-09-06 06:15:00,3.06,3.003085357142857
2018-09-06 06:30:00,2.81,3.047227976190476
2018-09-06 06:45:00,2.81,3.020487658730159
2018-09-06 07:00:00,3.06,2.9351976785714258
2018-09-06 07:15:00,3.28,3.427692043650794
2018-09-06 07:30:00,3.06,3.8473646428571437
2018-09-06 07:45:00,3.2,5.564309583333336
2018-09-06 08:00:00,31.39,30.02139783730156
2018-09-06 08:15:00,59.15,56.26224232142853
2018-09-06 08:30:00,54.11,58.09153577380949
2018-09-06 08:45:00,62.68,64.03500476190476
2018-09-06 09:00:00,62.89,56.77719936507936
2018-09-06 09:15:00,57.78,56.1378148214286
2018-09-06 09:30:00,50.9,53.908036011904706
2018-09-06 09:45:00,48.56,55.57840317460316
2018-09-06 10:00:00,50.94,55.05567861111109
2018-09-06 10:15:00,58.46,57.47363781746033
2018-09-06 10:30:00,58.14,62.08069750000002
2018-09-06 10:45:00,51.66,60.310861587301595
2018-09-06 11:00:00,55.37,55.13208958333332
2018-09-06 11:15:00,59.51,58.127246037157285
2018-09-06 11:30:00,59.83,54.65068603715726
2018-09-06 11:45:00,55.69,54.81847634920633
2018-09-06 12:00:00,5.8,6.747328452380952
2018-09-06 12:15:00,5.22,4.911332619047618
2018-09-06 12:30:00,5.4,5.4286376190476195
2018-09-06 12:45:00,6.12,5.1023055952380965
2018-09-06 13:00:00,32.47,35.62726821428571
2018-09-06 13:15:00,61.38,58.27184422619052
2018-09-06 13:30:00,54.94,58.23408918650791
2018-09-06 13:45:00,58.21,63.827280535714245
2018-09-06 14:00:00,54.32,55.23133232142855
2018-09-06 14:15:00,57.78,57.12662273809525
2018-09-06 14:30:00,48.46,57.39412035714285
2018-09-06 14:45:00,48.46,56.81720789682537
2018-09-06 15:00:00,46.91,56.95784077380949
2018-09-06 15:15:00,53.96,55.06344420634923
2018-09-06 15:30:00,60.44,56.25474930555552
2018-09-06 15:45:00,59.9,56.353495416666675
2018-09-06 16:00:00,56.41,56.919143571428584
2018-09-06 16:15:00,57.92,53.687131785714286
2018-09-06 16:30:00,49.72,55.51257696428568
2018-09-06 16:45:00,57.89,55.02668065476184
2018-09-06 17:00:00,60.44,55.24895523809524
2018-09-06 17:15:00,59.69,54.592849702380946
2018-09-06 17:30:00,31.36,41.69111912698411
2018-09-06 17:45:00,29.2,33.44977232142857
2018-09-06 18:00:00,49.25,45.84484589285719
2018-09-06 18:15:00,58.82,54.12707166666664
2018-09-06 18:30:00,57.85,51.69610313492067
2018-09-06 18:45:00,59.83,59.32911651515152
2018-09-06 19:00:00,57.49,54.56741351190476
2018-09-06 19:15:00,49.9,54.3318286002886
2018-09-06 19:30:00,55.37,53.830069999999985
2018-09-06 19:45:00,66.89,45.80633345238097
2018-09-06 20:00:00,55.76,54.15009305555561
2018-09-06 20:15:00,70.38,67.83146875000003
2018-09-06 20:30:00,58.5,44.9988576388889
2018-09-06 20:45:00,63.5,27.900106210317468
2018-09-06 21:00:00,7.92,13.506662420634918
2018-09-06 21:15:00,3.96,7.2428570779220784
2018-09-06 21:30:00,3.85,3.9184037500000004
2018-09-06 21:45:00,3.78,3.8157730952380935
2018-09-06 22:00:00,3.49,3.639093214285716
2018-09-06 22:15:00,3.53,3.4586751587301587
2018-09-06 22:30:00,3.53,3.320879146825394
2018-09-06 22:45:00,4.14,3.5774068452380954
2018-09-06 23:00:00,4.64,3.355472499999999
2018-09-06 23:15:00,3.42,3.301704087301587
2018-09-06 23:30:00,3.31,3.2190920634920626
2018-09-06 23:45:00,4.79,3.165953749999998
2018-09-07 00:00:00,3.31,3.0564064285714285
2018-09-07 00:15:00,3.31,4.232524583333331
2018-09-07 00:30:00,3.35,3.051913630952379
2018-09-07 00:45:00,3.31,3.041269226190474
2018-09-07 01:00:00,3.53,3.0481708333333337
2018-09-07 01:15:00,3.67,3.1063577976190477
2018-09-07 01:30:00,3.1,3.08908130952381
2018-09-07 01:45:00,2.95,3.1538743650793664
2018-09-07 02:00:00,2.95,3.130340119047621
2018-09-07 02:15:00,2.88,2.9652741071428554
2018-09-07 02:30:00,2.92,2.9761036309523807
2018-09-07 02:45:00,3.06,2.972167142857144
2018-09-07 03:00:00,2.99,2.9734544642857164
2018-09-07 03:15:00,2.92,3.0268762500000013
2018-09-07 03:30:00,2.95,3.0077530555555563
2018-09-07 03:45:00,2.99,2.9976623214285714
2018-09-07 04:00:00,3.02,3.218026373626374
2018-09-07 04:15:00,2.95,3.063693730158731
2018-09-07 04:30:00,3.49,3.0541604166666656
2018-09-07 04:45:00,3.42,3.0633011904761895
2018-09-07 05:00:00,2.99,3.0733298412698407
2018-09-07 05:15:00,2.99,3.0203620454545446
2018-09-07 05:30:00,2.99,2.959461266233768
2018-09-07 05:45:00,2.95,2.9699676388888867
2018-09-07 06:00:00,3.2,3.005753749999999
2018-09-07 06:15:00,3.56,3.147014503968257
2018-09-07 06:30:00,3.02,3.132121726190477
2018-09-07 06:45:00,2.99,3.0362740476190475
2018-09-07 07:00:00,3.02,3.0339346230158735
2018-09-07 07:15:00,3.06,3.4140177380952395
2018-09-07 07:30:00,3.2,4.400413809523809
2018-09-07 07:45:00,3.06,5.78243505952381
2018-09-07 08:00:00,35.71,28.502230416666663
2018-09-07 08:15:00,93.38,25.151138531746028
2018-09-07 08:30:00,96.44,56.607288551587295
2018-09-07 08:45:00,84.89,86.51608208333337
2018-09-07 09:00:00,107.93,90.59387176587303
2018-09-07 09:15:00,93.42,85.66685478174597
2018-09-07 09:30:00,103.9,85.67184601190475
2018-09-07 09:45:00,85.39,91.8216545009158
2018-09-07 10:00:00,107.24,80.93009934523808
2018-09-07 10:15:00,91.69,85.25978827380955
2018-09-07 10:30:00,100.15,88.9093978571428
2018-09-07 10:45:00,102.24,88.3747844047619
2018-09-07 11:00:00,101.12,83.1937886796537
2018-09-07 11:15:00,104.15,95.49297054334552
2018-09-07 11:30:00,84.92,91.90118105158729
2018-09-07 11:45:00,95.29,87.16503547619045
2018-09-07 12:00:00,3.92,9.577500674603172
2018-09-07 12:15:00,4.54,5.473970119047619
2018-09-07 12:30:00,4.28,4.545849642857144
2018-09-07 12:45:00,4.46,5.298336388888887
2018-09-07 13:00:00,43.16,49.89711535714282
2018-09-07 13:15:00,114.37,77.66857349025975
2018-09-07 13:30:00,107.35,82.50698369047619
2018-09-07 13:45:00,95.65,92.38032992063492
2018-09-07 14:00:00,118.69,95.13887033730154
2018-09-07 14:15:00,96.34,88.64467166666664
2018-09-07 14:30:00,113.51,96.11623221139968
2018-09-07 14:45:00,63.79,94.54789601190468
2018-09-07 15:00:00,41.29,94.53740797619048
2018-09-07 15:15:00,50.36,84.41472007936508
2018-09-07 15:30:00,42.19,57.16137928571432
2018-09-07 15:45:00,51.91,63.173703234127
2018-09-07 16:00:00,111.42,51.521901587301585
2018-09-07 16:15:00,100.73,57.18273422619045
2018-09-07 16:30:00,107.68,94.0844912499999
2018-09-07 16:45:00,89.68,89.49774476190473
2018-09-07 17:00:00,94.72,85.09740230158728
2018-09-07 17:15:00,81.65,89.49406126984131
2018-09-07 17:30:00,28.84,39.45025148809523
2018-09-07 17:45:00,29.02,41.01832267857142
2018-09-07 18:00:00,52.27,48.620782916666656
2018-09-07 18:15:00,72.43,77.01832630952383
2018-09-07 18:30:00,54.97,75.2147186580086
2018-09-07 18:45:00,47.66,79.11301841269842
2018-09-07 19:00:00,48.42,65.29985212662338
2018-09-07 19:15:00,73.62,60.038012261904775
2018-09-07 19:30:00,106.96,63.01937152777779
2018-09-07 19:45:00,105.05,72.59539894841271
2018-09-07 20:00:00,97.92,91.55309140873024
2018-09-07 20:15:00,91.33,89.67511670634923
2018-09-07 20:30:00,114.98,85.1812382738095
2018-09-07 20:45:00,74.41,61.29336019841273
2018-09-07 21:00:00,13.28,19.67748563492064
2018-09-07 21:15:00,4.25,15.277625535714298
2018-09-07 21:30:00,4.21,13.65358071428572
2018-09-07 21:45:00,4.18,3.9648136904761895
2018-09-07 22:00:00,3.89,3.932075714285711
2018-09-07 22:15:00,3.89,3.924277281746029
2018-09-07 22:30:00,3.78,3.7349650000000003
2018-09-07 22:45:00,3.71,3.912294027777777
2018-09-07 23:00:00,3.71,3.6664252777777806
2018-09-07 23:15:00,3.64,3.429976825396825
2018-09-07 23:30:00,3.85,3.4501923214285717
2018-09-07 23:45:00,3.02,3.702630099206346
2018-09-08 00:00:00,3.64,3.6662614880952367
2018-09-08 00:15:00,3.1,3.4204563095238076
2018-09-08 00:30:00,3.1,3.606530416666664
2018-09-08 00:45:00,2.99,3.1931314285714283
2018-09-08 01:00:00,3.17,3.213593313492065
2018-09-08 01:15:00,3.06,3.04892625
2018-09-08 01:30:00,3.1,3.241439345238096
2018-09-08 01:45:00,3.02,3.212848273809525
2018-09-08 02:00:00,3.02,3.2979064285714306
2018-09-08 02:15:00,3.1,3.137985416666666
2018-09-08 02:30:00,3.17,3.1514039880952383
2018-09-08 02:45:00,3.1,3.235686726190475
2018-09-08 03:00:00,3.1,3.2181711309523835
2018-09-08 03:15:00,3.31,3.2434379365079407
2018-09-08 03:30:00,3.6,3.182207698412698
2018-09-08 03:45:00,3.17,3.281828849206347
2018-09-08 04:00:00,3.17,3.156741726190477
2018-09-08 04:15:00,3.17,3.192810357142855
2018-09-08 04:30:00,3.13,3.2284140476190477
2018-09-08 04:45:00,3.2,3.244715281385282
2018-09-08 05:00:00,3.78,3.2240180952380944
2018-09-08 05:15:00,3.49,3.2678045833333327
2018-09-08 05:30:00,3.13,3.2123381150793646
2018-09-08 05:45:00,3.17,3.2021874999999973
2018-09-08 06:00:00,3.13,3.182555416666667
2018-09-08 06:15:00,3.13,3.2394495833333337
2018-09-08 06:30:00,3.2,3.2156857142857147
2018-09-08 06:45:00,3.78,3.2340206746031726
2018-09-08 07:00:00,3.28,3.2324205357142852
2018-09-08 07:15:00,3.24,3.351442976190476
2018-09-08 07:30:00,3.24,3.793889325396824
2018-09-08 07:45:00,3.02,6.110459940476187
2018-09-08 08:00:00,25.56,38.13138303571427
2018-09-08 08:15:00,32.83,45.16291416666666
2018-09-08 08:30:00,32.58,29.074776845238098
2018-09-08 08:45:00,33.01,43.74443724206347
2018-09-08 09:00:00,33.08,35.62381404761906
2018-09-08 09:15:00,32.87,45.50301285714283
2018-09-08 09:30:00,47.81,34.29353462301589
2018-09-08 09:45:00,33.16,35.59003184523811
2018-09-08 10:00:00,41.18,61.17740208333332
2018-09-08 10:15:00,50.47,40.45715607142858
2018-09-08 10:30:00,34.7,46.418584761904775
2018-09-08 10:45:00,51.73,56.022330396825424
2018-09-08 11:00:00,39.49,36.80036047619045
2018-09-08 11:15:00,33.7,54.39490851190478
2018-09-08 11:30:00,40.25,37.70147065476191
2018-09-08 11:45:00,17.71,38.761916309523805
2018-09-08 12:00:00,3.24,8.868643035714284
2018-09-08 12:15:00,3.31,5.633228511904764
2018-09-08 12:30:00,3.31,4.23373738095238
2018-09-08 12:45:00,3.28,4.140461845238096
2018-09-08 13:00:00,19.37,30.30487194444445
2018-09-08 13:15:00,40.39,38.382651845238115
2018-09-08 13:30:00,33.91,31.576342777777768
2018-09-08 13:45:00,32.69,50.10758390873018
2018-09-08 14:00:00,36.07,50.49077946428572
2018-09-08 14:15:00,52.6,47.77614630952381
2018-09-08 14:30:00,48.6,46.65238970238095
2018-09-08 14:45:00,34.81,51.36126027777777
2018-09-08 15:00:00,35.24,47.7970251190476
2018-09-08 15:15:00,34.7,41.78662214285716
2018-09-08 15:30:00,53.06,42.00623869047617
2018-09-08 15:45:00,49.46,42.03846543650794
2018-09-08 16:00:00,32.51,50.58134632936506
2018-09-08 16:15:00,32.98,48.33730200396826
2018-09-08 16:30:00,41.72,35.61115806998557
2018-09-08 16:45:00,18.18,22.637571924603165
2018-09-08 17:00:00,3.89,15.610265833333331
2018-09-08 17:15:00,3.71,5.229215595238095
2018-09-08 17:30:00,3.67,3.893449047619047
2018-09-08 17:45:00,3.56,3.7159248412698416
2018-09-08 18:00:00,3.46,3.6742872619047624
2018-09-08 18:15:00,3.49,3.6941259126984125
2018-09-08 18:30:00,3.53,3.587017321428569
2018-09-08 18:45:00,3.56,3.6883871428571444
2018-09-08 19:00:00,3.56,3.6612451190476194
2018-09-08 19:15:00,3.24,3.6246832142857124
2018-09-08 19:30:00,3.42,3.634909880952382
2018-09-08 19:45:00,3.31,3.1324096428571426
2018-09-08 20:00:00,2.99,3.1534280411255384
2018-09-08 20:15:00,2.99,3.2200460119047616
2018-09-08 20:30:00,2.95,3.0639231547619064
2018-09-08 20:45:00,2.95,3.0774338690476197
2018-09-08 21:00:00,2.99,3.0968025198412703
2018-09-08 21:15:00,2.99,3.0534548809523816
2018-09-08 21:30:00,3.06,3.0849814880952398
2018-09-08 21:45:00,3.1,3.100234722222221
2018-09-08 22:00:00,2.81,3.062114940476191
2018-09-08 22:15:00,2.84,3.0657677380952384
2018-09-08 22:30:00,2.84,2.885878214285715
2018-09-08 22:45:00,2.84,2.9083752380952377
2018-09-08 23:00:00,2.88,2.8668701587301593
2018-09-08 23:15:00,3.31,2.949089543650794
2018-09-08 23:30:00,2.84,3.148198015873013
2018-09-08 23:45:00,2.77,2.953553939393938
2018-09-09 00:00:00,3.38,3.0447189682539664
2018-09-09 00:15:00,2.77,2.96358619047619
2018-09-09 00:30:00,2.84,2.8675643452380966
2018-09-09 00:45:00,2.81,2.8351743009768007
2018-09-09 01:00:00,2.77,2.9461316666666675
2018-09-09 01:15:00,2.77,2.862186071428571
2018-09-09 01:30:00,2.81,2.852075019841268
2018-09-09 01:45:00,2.81,2.859126150793649
2018-09-09 02:00:00,2.84,2.829954999999998
2018-09-09 02:15:00,2.84,2.8172668849206315
2018-09-09 02:30:00,2.84,2.899052678571428
2018-09-09 02:45:00,2.84,2.9085345436507923
2018-09-09 03:00:00,3.13,3.0554830952380936
2018-09-09 03:15:00,3.13,3.144550238095239
2018-09-09 03:30:00,2.95,2.9430727380952355
2018-09-09 03:45:00,2.84,2.86308482142857
2018-09-09 04:00:00,2.84,3.033454880952379
2018-09-09 04:15:00,3.17,2.955750476190474
2018-09-09 04:30:00,3.42,2.972794999999999
2018-09-09 04:45:00,2.92,2.961376778499278
2018-09-09 05:00:00,2.92,3.0185224999999996
2018-09-09 05:15:00,2.88,2.9156719841269823
2018-09-09 05:30:00,2.84,2.939951865079365
2018-09-09 05:45:00,2.81,2.906277857142859
2018-09-09 06:00:00,2.84,2.931227559523809
2018-09-09 06:15:00,3.17,2.8846323214285685
2018-09-09 06:30:00,3.13,2.894542738095236
2018-09-09 06:45:00,2.81,2.9570510714285687
2018-09-09 07:00:00,2.92,2.9213043452380965
2018-09-09 07:15:00,2.92,3.2009632936507924
2018-09-09 07:30:00,3.06,3.053575198412699
2018-09-09 07:45:00,3.06,3.1851566666666646
2018-09-09 08:00:00,3.74,7.709202797619049
2018-09-09 08:15:00,5.76,13.315441765873006
2018-09-09 08:30:00,8.53,22.159136468253973
2018-09-09 08:45:00,10.55,8.355234623015871
2018-09-09 09:00:00,10.22,11.766543988095234
2018-09-09 09:15:00,10.98,19.97496357142858
2018-09-09 09:30:00,11.45,25.493459662698413
2018-09-09 09:45:00,10.58,18.596331011904752
2018-09-09 10:00:00,11.09,27.643450079365092
2018-09-09 10:15:00,10.44,27.17803591269841
2018-09-09 10:30:00,7.67,17.33558130952381
2018-09-09 10:45:00,9.11,12.8822568452381
2018-09-09 11:00:00,20.66,12.50955053571428
2018-09-09 11:15:00,25.78,25.36610478174603
2018-09-09 11:30:00,20.99,29.244639781746024
2018-09-09 11:45:00,4.07,21.74611152777779
2018-09-09 12:00:00,4.07,8.158439365079365
2018-09-09 12:15:00,4.07,4.710783809523811
2018-09-09 12:30:00,4.1,4.344770476190474
2018-09-09 12:45:00,4.1,4.49991964285714
2018-09-09 13:00:00,4.1,16.470265238095237
2018-09-09 13:15:00,21.1,19.09464636904763
2018-09-09 13:30:00,28.76,18.650250119047627
2018-09-09 13:45:00,29.48,29.563456726190463
2018-09-09 14:00:00,29.59,25.305889285714287
2018-09-09 14:15:00,27.36,34.865770476190484
2018-09-09 14:30:00,25.42,35.065464484126984
2018-09-09 14:45:00,25.52,32.30403452380952
2018-09-09 15:00:00,23.9,32.69032845238096
2018-09-09 15:15:00,23.26,23.851208869047625
2018-09-09 15:30:00,23.65,21.828951249999996
2018-09-09 15:45:00,17.71,14.053895773809524
2018-09-09 16:00:00,4.25,14.081942440476194
2018-09-09 16:15:00,4.5,6.517528630952371
2018-09-09 16:30:00,5.18,4.454189345238095
2018-09-09 16:45:00,6.26,4.116279437229438
2018-09-09 17:00:00,3.85,4.170187539682541
2018-09-09 17:15:00,3.67,4.614513484848483
2018-09-09 17:30:00,3.64,3.7182643650793654
2018-09-09 17:45:00,3.64,3.6076694246031757
2018-09-09 18:00:00,3.49,3.5502806547619055
2018-09-09 18:15:00,3.53,3.6659343650793645
2018-09-09 18:30:00,3.49,3.4390541666666676
2018-09-09 18:45:00,2.99,3.4016385119047627
2018-09-09 19:00:00,2.95,3.3140467460317473
2018-09-09 19:15:00,2.95,2.9626580122655137
2018-09-09 19:30:00,2.99,2.9938755357142868
2018-09-09 19:45:00,2.99,3.017984464285714
2018-09-09 20:00:00,2.95,3.051986964285715
2018-09-09 20:15:00,2.99,3.0912410317460313
2018-09-09 20:30:00,2.95,3.166429801587301
2018-09-09 20:45:00,2.95,3.185277043650794
2018-09-09 21:00:00,2.99,3.1165499603174593
2018-09-09 21:15:00,3.02,3.062222380952382
2018-09-09 21:30:00,2.99,3.0335501236263758
2018-09-09 21:45:00,2.95,3.061747817460317
2018-09-09 22:00:00,3.74,3.0465377380952368
2018-09-09 22:15:00,4.03,3.0407658928571433
2018-09-09 22:30:00,2.77,2.9820090476190484
2018-09-09 22:45:00,2.88,2.9696200595238107
2018-09-09 23:00:00,2.77,2.8988019047619042
2018-09-09 23:15:00,2.77,2.9034372023809523
2018-09-09 23:30:00,2.74,2.830956329365076
2018-09-09 23:45:00,2.56,2.846097619047618
2018-09-10 00:00:00,2.77,2.869653611111111
2018-09-10 00:15:00,2.88,2.721313178210679
2018-09-10 00:30:00,2.77,2.8198564682539673
2018-09-10 00:45:00,2.77,2.8587543849206356
2018-09-10 01:00:00,2.84,2.830575297619047
2018-09-10 01:15:00,2.81,2.8482538492063476
2018-09-10 01:30:00,2.77,2.8825328373015866
2018-09-10 01:45:00,3.28,2.867728849206348
2018-09-10 02:00:00,3.02,2.9229674999999964
2018-09-10 02:15:00,2.81,2.97409880952381
2018-09-10 02:30:00,2.81,2.9269280952380945
2018-09-10 02:45:00,2.81,2.86479238095238
2018-09-10 03:00:00,3.38,2.9131141269841248
2018-09-10 03:15:00,3.35,2.946522678571429
2018-09-10 03:30:00,2.81,2.871706547619047
2018-09-10 03:45:00,2.84,2.892897575757574
2018-09-10 04:00:00,2.81,2.822342976190474
2018-09-10 04:15:00,2.77,2.852139880952379
2018-09-10 04:30:00,2.84,2.8772508134920605
2018-09-10 04:45:00,2.88,2.827021031746031
2018-09-10 05:00:00,2.84,2.8365904761904726
2018-09-10 05:15:00,2.81,2.881687797619046
2018-09-10 05:30:00,3.35,2.869764464285712
2018-09-10 05:45:00,2.95,2.8460577380952374
2018-09-10 06:00:00,2.7,2.8949136904761907
2018-09-10 06:15:00,2.77,2.9605499206349215
2018-09-10 06:30:00,2.74,2.7357583333333344
2018-09-10 06:45:00,2.74,2.8571169047619054
2018-09-10 07:00:00,2.74,2.8473202777777766
2018-09-10 07:15:00,3.02,3.4416463095238066
2018-09-10 07:30:00,3.17,3.7032793253968244
2018-09-10 07:45:00,3.2,4.046933750000002
2018-09-10 08:00:00,15.44,23.97363916666666
2018-09-10 08:15:00,80.21,47.622415555555555
2018-09-10 08:30:00,58.28,46.91875624999999
2018-09-10 08:45:00,50.11,90.65634376984126
2018-09-10 09:00:00,46.66,64.85677059523809
2018-09-10 09:15:00,57.06,61.03060865079363
2018-09-10 09:30:00,58.46,63.22658727272727
2018-09-10 09:45:00,48.96,57.046576865079395
2018-09-10 10:00:00,55.66,55.111039801587275
2018-09-10 10:15:00,46.04,51.45149815476189
2018-09-10 10:30:00,56.12,54.479800595238075
2018-09-10 10:45:00,56.74,55.84174834956705
2018-09-10 11:00:00,51.08,58.64545464285713
2018-09-10 11:15:00,56.7,51.94318007936508
2018-09-10 11:30:00,54.79,50.995005714285696
2018-09-10 11:45:00,59.08,11.380602281746034
2018-09-10 12:00:00,4.79,5.941426388888886
2018-09-10 12:15:00,4.57,5.520353154761901
2018-09-10 12:30:00,3.92,5.138603134920636
2018-09-10 12:45:00,3.82,4.989029404761904
2018-09-10 13:00:00,58.32,38.57952797619047
2018-09-10 13:15:00,108.07,51.92720005952383
2018-09-10 13:30:00,89.75,75.58465968253974
2018-09-10 13:45:00,103.46,89.51530831349208
2018-09-10 14:00:00,116.68,73.81028575396826
2018-09-10 14:15:00,63.65,81.99139547619046
2018-09-10 14:30:00,108.32,99.59502247294377
2018-09-10 14:45:00,104.08,78.77354652777775
2018-09-10 15:00:00,73.33,81.09401960317462
2018-09-10 15:15:00,109.87,94.2932496428571
2018-09-10 15:30:00,87.7,84.79157208333334
2018-09-10 15:45:00,101.95,87.36450404761904
2018-09-10 16:00:00,122.54,90.96614952380956
2018-09-10 16:15:00,92.23,85.92305035714291
2018-09-10 16:30:00,106.06,99.11790654761906
2018-09-10 16:45:00,120.46,95.36235305555556
2018-09-10 17:00:00,82.44,96.92159297619048
2018-09-10 17:15:00,121.46,100.99119049603176
2018-09-10 17:30:00,108.14,46.1347521825397
2018-09-10 17:45:00,47.45,40.358731845238104
2018-09-10 18:00:00,14.94,46.514621706349196
2018-09-10 18:15:00,3.82,73.4488349801587
2018-09-10 18:30:00,3.82,6.747990573593075
2018-09-10 18:45:00,3.46,3.895734583333332
2018-09-10 19:00:00,3.46,3.9359323809523823
2018-09-10 19:15:00,3.49,3.5106609722222224
2018-09-10 19:30:00,3.53,3.5862332142857145
2018-09-10 19:45:00,3.49,3.705070654761904
2018-09-10 20:00:00,3.46,3.4829787500000005
2018-09-10 20:15:00,3.42,3.389870119047619
2018-09-10 20:30:00,3.49,3.2916465476190497
2018-09-10 20:45:00,3.49,3.280618452380953
2018-09-10 21:00:00,3.53,3.245786904761906
2018-09-10 21:15:00,3.53,3.3268582539682536
2018-09-10 21:30:00,4.1,3.3670707539682536
2018-09-10 21:45:00,4.64,3.6229242063492064
2018-09-10 22:00:00,2.92,3.3911229365079367
2018-09-10 22:15:00,2.66,3.54097872835498
2018-09-10 22:30:00,2.63,2.973339464285715
2018-09-10 22:45:00,2.7,2.894093511904762
2018-09-10 23:00:00,2.63,2.7328657142857145
2018-09-10 23:15:00,2.59,2.7848484920634924
2018-09-10 23:30:00,2.52,2.7718794444444423
2018-09-10 23:45:00,2.95,2.86249970238095
2018-09-11 00:00:00,2.56,2.7122967063492047
2018-09-11 00:15:00,2.63,2.9235755952380953
2018-09-11 00:30:00,2.56,2.682442976190475
2018-09-11 00:45:00,2.63,2.6779898214285707
2018-09-11 01:00:00,2.66,2.663418928571428
2018-09-11 01:15:00,2.63,2.6751205555555555
2018-09-11 01:30:00,3.17,2.708465297619048
2018-09-11 01:45:00,2.92,2.7165502976190465
2018-09-11 02:00:00,2.59,2.7258227380952387
2018-09-11 02:15:00,2.56,2.7445527976190447
2018-09-11 02:30:00,3.2,2.7314073809523807
2018-09-11 02:45:00,2.88,2.7887724404761887
2018-09-11 03:00:00,2.56,2.741679642857144
2018-09-11 03:15:00,2.66,2.7788432142857147
2018-09-11 03:30:00,2.59,2.6385028571428553
2018-09-11 03:45:00,2.66,2.7903706349206328
2018-09-11 04:00:00,2.56,2.7314544047619034
2018-09-11 04:15:00,2.56,2.672844999999999
2018-09-11 04:30:00,2.59,2.6311064682539667
2018-09-11 04:45:00,2.63,2.6145630952380947
2018-09-11 05:00:00,2.56,2.5863695833333287
2018-09-11 05:15:00,2.59,2.604027083333331
2018-09-11 05:30:00,2.56,2.678640892857145
2018-09-11 05:45:00,2.95,2.7154494642857143
2018-09-11 06:00:00,3.02,2.693385476190475
2018-09-11 06:15:00,2.63,2.7976647619047617
2018-09-11 06:30:00,2.56,2.7189221428571426
2018-09-11 06:45:00,2.52,2.875631547619048
2018-09-11 07:00:00,2.81,2.8896448809523805
2018-09-11 07:15:00,3.06,3.748915952380956
2018-09-11 07:30:00,2.99,4.337009642857141
2018-09-11 07:45:00,3.13,6.970970595238096
2018-09-11 08:00:00,52.38,28.768961904761895
2018-09-11 08:15:00,106.52,28.60623547619048
2018-09-11 08:30:00,102.46,82.45483257936513
2018-09-11 08:45:00,93.92,79.44723690476194
2018-09-11 09:00:00,115.13,91.52072351190478
2018-09-11 09:15:00,106.7,85.41209753968256
2018-09-11 09:30:00,67.93,90.7574901388889
2018-09-11 09:45:00,86.15,91.91123178266179
2018-09-11 10:00:00,125.46,83.55432128607507
2018-09-11 10:15:00,95.15,87.8052924007936
2018-09-11 10:30:00,77.69,92.10041644841269
2018-09-11 10:45:00,107.14,90.51575968253972
2018-09-11 11:00:00,109.58,88.62669466269837
2018-09-11 11:15:00,90.25,90.02962851190478
2018-09-11 11:30:00,122.11,94.80769226190478
2018-09-11 11:45:00,114.84,87.93377260822511
2018-09-11 12:00:00,7.56,12.481018789682539
2018-09-11 12:15:00,7.42,6.425350059523809
2018-09-11 12:30:00,6.84,5.879975952380951
2018-09-11 12:45:00,6.16,7.22922398809524
2018-09-11 13:00:00,55.69,80.87320351190476
2018-09-11 13:15:00,96.84,95.51348912698415
2018-09-11 13:30:00,122.94,87.49951912698414
2018-09-11 13:45:00,125.89,92.12241148809521
2018-09-11 14:00:00,62.78,107.494526686508
2018-09-11 14:15:00,59.54,99.66211511904766
2018-09-11 14:30:00,64.98,90.47350706349204
2018-09-11 14:45:00,53.64,80.8091817063492
2018-09-11 15:00:00,62.57,71.35452281746034
2018-09-11 15:15:00,58.07,68.33468876984129
2018-09-11 15:30:00,70.16,63.70424013888884
2018-09-11 15:45:00,106.67,63.449567440476216
2018-09-11 16:00:00,73.44,71.79366898809526
2018-09-11 16:15:00,115.34,90.67674676587302
2018-09-11 16:30:00,99.11,85.35778422619045
2018-09-11 16:45:00,122.76,88.83079281385282
2018-09-11 17:00:00,118.84,93.05424998015869
2018-09-11 17:15:00,75.82,96.64615916666666
2018-09-11 17:30:00,62.42,50.61109414682541
2018-09-11 17:45:00,28.37,54.94900804473305
2018-09-11 18:00:00,35.21,68.09346105158731
2018-09-11 18:15:00,38.16,45.32779654761903
2018-09-11 18:30:00,33.62,70.57489583333333
2018-09-11 18:45:00,34.81,55.37943293650791
2018-09-11 19:00:00,37.26,45.563837857142836
2018-09-11 19:15:00,37.76,46.204663452380935
2018-09-11 19:30:00,37.58,42.450910059523764
2018-09-11 19:45:00,32.15,41.32302876984125
2018-09-11 20:00:00,37.33,38.59303696428571
2018-09-11 20:15:00,38.52,36.40036392316016
2018-09-11 20:30:00,34.02,33.09841063492061
2018-09-11 20:45:00,14.72,32.879319166666676
2018-09-11 21:00:00,6.52,9.92679513888889
2018-09-11 21:15:00,4.0,4.506808948412698
2018-09-11 21:30:00,3.89,4.6277013888888865
2018-09-11 21:45:00,3.82,3.8608449999999976
2018-09-11 22:00:00,3.6,3.7307563888888877
2018-09-11 22:15:00,3.6,3.6081196825396815
2018-09-11 22:30:00,4.18,3.2892047619047613
2018-09-11 22:45:00,4.72,3.2664389880952394
2018-09-11 23:00:00,3.53,3.358988154761905
2018-09-11 23:15:00,3.49,3.4540058928571433
2018-09-11 23:30:00,3.06,3.243306924603173
2018-09-11 23:45:00,3.35,3.3005023015872994
2018-09-12 00:00:00,2.92,3.281805079365078
2018-09-12 00:15:00,2.95,2.991459821428575
2018-09-12 00:30:00,2.92,3.114385654761904
2018-09-12 00:45:00,2.92,3.055992202380951
2018-09-12 01:00:00,2.95,3.0446857142857136
2018-09-12 01:15:00,2.92,3.05585488095238
2018-09-12 01:30:00,2.95,3.045451488095239
2018-09-12 01:45:00,2.99,3.0622514880952365
2018-09-12 02:00:00,2.88,3.0138680952380956
2018-09-12 02:15:00,2.95,3.066922619047619
2018-09-12 02:30:00,2.92,3.104054702380954
2018-09-12 02:45:00,2.92,3.0853441666666663
2018-09-12 03:00:00,2.99,3.17609375
2018-09-12 03:15:00,3.2,3.072655297619047
2018-09-12 03:30:00,4.32,3.092383928571428
2018-09-12 03:45:00,3.38,3.031263015873014
2018-09-12 04:00:00,2.95,3.000436190476191
2018-09-12 04:15:00,2.92,3.044844523809524
2018-09-12 04:30:00,2.99,2.97042141955267
2018-09-12 04:45:00,2.92,3.0108651100288597
2018-09-12 05:00:00,2.92,3.0129221825396812
2018-09-12 05:15:00,2.92,3.104286190476189
2018-09-12 05:30:00,2.88,3.1451583928571436
2018-09-12 05:45:00,2.88,3.080314047619047
2018-09-12 06:00:00,2.92,3.0588847619047614
2018-09-12 06:15:00,2.92,3.027108333333331
2018-09-12 06:30:00,2.88,3.0378253174603174
2018-09-12 06:45:00,2.84,3.0284689285714266
2018-09-12 07:00:00,2.88,2.966337380952379
2018-09-12 07:15:00,3.02,3.4237742658730137
2018-09-12 07:30:00,3.31,3.8896788690476187
2018-09-12 07:45:00,4.75,8.206034880952377
2018-09-12 08:00:00,58.07,45.67232019841272
2018-09-12 08:15:00,126.25,68.99053095238096
2018-09-12 08:30:00,87.91,88.94939892857138
2018-09-12 08:45:00,54.54,95.36714125000002
2018-09-12 09:00:00,54.25,87.64227398809524
2018-09-12 09:15:00,41.69,78.9136799603175
2018-09-12 09:30:00,52.78,64.25106049062043
2018-09-12 09:45:00,59.33,49.523296488095276
2018-09-12 10:00:00,47.84,61.82328464285712
2018-09-12 10:15:00,46.15,63.65833855158726
2018-09-12 10:30:00,49.03,60.82199965187585
2018-09-12 10:45:00,55.44,52.471560833333314
2018-09-12 11:00:00,67.0,56.2964725
2018-09-12 11:15:00,54.36,56.22375323412696
2018-09-12 11:30:00,59.33,62.27841789682539
2018-09-12 11:45:00,44.35,55.285389186507956
2018-09-12 12:00:00,4.43,8.735364583333336
2018-09-12 12:15:00,5.18,6.917158809523805
2018-09-12 12:30:00,4.5,4.807354444444441
2018-09-12 12:45:00,5.11,5.176238809523808
2018-09-12 13:00:00,38.23,35.651071071428575
2018-09-12 13:15:00,64.22,55.16570297619047
2018-09-12 13:30:00,62.42,65.3935275595238
2018-09-12 13:45:00,66.53,67.65248291666666
2018-09-12 14:00:00,91.51,57.5396684920635
2018-09-12 14:15:00,66.02,62.01414125000001
2018-09-12 14:30:00,76.82,79.10968059523812
2018-09-12 14:45:00,115.7,70.61734023809525
2018-09-12 15:00:00,77.44,72.10221591269838
2018-09-12 15:15:00,99.68,89.7973725757576
2018-09-12 15:30:00,120.13,86.06769041666665
2018-09-12 15:45:00,87.52,80.1394364087302
2018-09-12 16:00:00,53.75,98.5581520238096
2018-09-12 16:15:00,57.49,86.02781648809528
2018-09-12 16:30:00,58.39,87.34034017857148
2018-09-12 16:45:00,58.39,68.35968424603179
2018-09-12 17:00:00,58.39,66.15466488095244
2018-09-12 17:15:00,43.49,64.11782857142853
2018-09-12 17:30:00,29.09,44.746653134920614
2018-09-12 17:45:00,27.32,34.2292773015873
2018-09-12 18:00:00,43.45,45.60506132936508
2018-09-12 18:15:00,55.76,40.730325000000015
2018-09-12 18:30:00,51.8,49.65691374999997
2018-09-12 18:45:00,44.14,55.1493995238095
2018-09-12 19:00:00,58.5,59.062524523809536
2018-09-12 19:15:00,44.6,49.32134630952382
2018-09-12 19:30:00,49.5,57.7879430952381
2018-09-12 19:45:00,56.09,49.136821785714304
2018-09-12 20:00:00,40.39,51.174443253968256
2018-09-12 20:15:00,43.31,49.37852600468977
2018-09-12 20:30:00,32.51,38.09528160714287
2018-09-12 20:45:00,13.82,20.451943690476178
2018-09-12 21:00:00,5.54,7.633684345238095
2018-09-12 21:15:00,3.82,4.015550297619048
2018-09-12 21:30:00,3.64,3.9966070238095224
2018-09-12 21:45:00,3.64,3.7130943452380967
2018-09-12 22:00:00,3.46,3.5938775000000014
2018-09-12 22:15:00,3.49,3.4993355158730144
2018-09-12 22:30:00,3.38,3.493704880952379
2018-09-12 22:45:00,3.35,3.5270080555555547
2018-09-12 23:00:00,3.35,3.3883351190476207
2018-09-12 23:15:00,3.35,3.361898452380953
2018-09-12 23:30:00,3.31,3.163377178932178
2018-09-12 23:45:00,4.28,3.3762267857142847
2018-09-13 00:00:00,3.06,3.2308330952380926
2018-09-13 00:15:00,2.74,3.2671618650793652
2018-09-13 00:30:00,2.74,3.0580823015873033
2018-09-13 00:45:00,2.77,2.9048009523809513
2018-09-13 01:00:00,2.7,2.810823333333333
2018-09-13 01:15:00,2.77,2.794292638888887
2018-09-13 01:30:00,2.77,2.7490592261904796
2018-09-13 01:45:00,2.66,2.794651726190475
2018-09-13 02:00:00,2.99,2.8010263095238086
2018-09-13 02:15:00,3.38,2.7371326190476206
2018-09-13 02:30:00,2.99,2.979863452380952
2018-09-13 02:45:00,2.77,2.920219285714286
2018-09-13 03:00:00,2.74,3.020488928571427
2018-09-13 03:15:00,2.74,2.865015714285714
2018-09-13 03:30:00,2.7,2.8694991666666665
2018-09-13 03:45:00,2.81,2.876160952380953
2018-09-13 04:00:00,3.17,2.8390880158730183
2018-09-13 04:15:00,3.38,2.9089575595238086
2018-09-13 04:30:00,2.81,2.826653333333332
2018-09-13 04:45:00,2.77,2.8305219047619032
2018-09-13 05:00:00,2.84,2.820334285714284
2018-09-13 05:15:00,2.81,2.805446190476188
2018-09-13 05:30:00,2.84,2.8365672186147166
2018-09-13 05:45:00,2.77,2.8679192261904745
2018-09-13 06:00:00,2.74,2.92397226190476
2018-09-13 06:15:00,2.81,2.991847738095237
2018-09-13 06:30:00,2.77,2.942629226190475
2018-09-13 06:45:00,2.7,3.0207160714285717
2018-09-13 07:00:00,2.81,2.9122199999999974
2018-09-13 07:15:00,2.81,3.1703027976190503
2018-09-13 07:30:00,3.6,3.581008051948053
2018-09-13 07:45:00,4.61,4.225390853174604
2018-09-13 08:00:00,35.75,33.69894396825397
2018-09-13 08:15:00,52.78,73.16661007936509
2018-09-13 08:30:00,47.95,62.64950285714286
2018-09-13 08:45:00,90.79,62.001348452380945
2018-09-13 09:00:00,108.72,56.94895672619049
2018-09-13 09:15:00,105.52,87.9209923214286
2018-09-13 09:30:00,59.51,83.46674821428573
2018-09-13 09:45:00,116.64,90.91874575091573
2018-09-13 10:00:00,123.55,63.70986371031744
2018-09-13 10:15:00,78.44,90.98131666666664
2018-09-13 10:30:00,51.8,96.78771140873019
2018-09-13 10:45:00,53.6,84.93822952380957
2018-09-13 11:00:00,50.33,75.208532797619
2018-09-13 11:15:00,51.01,61.61219871031745
2018-09-13 11:30:00,56.45,60.23090113095237
2018-09-13 11:45:00,56.09,60.172135912698394
2018-09-13 12:00:00,7.31,10.018729007936512
2018-09-13 12:15:00,4.43,6.974711785714281
2018-09-13 12:30:00,4.5,5.5982453571428605
2018-09-13 12:45:00,5.08,5.008911825396826
2018-09-13 13:00:00,40.25,38.15873765873015
2018-09-13 13:15:00,60.48,59.593018690476185
2018-09-13 13:30:00,58.18,72.22452277777778
2018-09-13 13:45:00,65.99,62.33537934523808
2018-09-13 14:00:00,59.8,59.575613452380956
2018-09-13 14:15:00,51.44,62.15941886904762
2018-09-13 14:30:00,61.81,59.52663265331889
2018-09-13 14:45:00,67.9,59.1648043253968
2018-09-13 15:00:00,109.01,58.78135553571425
2018-09-13 15:15:00,99.72,61.97710757936508
2018-09-13 15:30:00,68.0,95.80362174603178
2018-09-13 15:45:00,101.02,90.62463813492064
2018-09-13 16:00:00,122.87,87.37763357142862
2018-09-13 16:15:00,74.56,84.09246059523817
2018-09-13 16:30:00,49.32,95.85726142857142
2018-09-13 16:45:00,58.68,88.13579111111112
2018-09-13 17:00:00,54.4,71.63068285714286
2018-09-13 17:15:00,57.74,61.42085398809529
2018-09-13 17:30:00,32.69,33.86442821428571
2018-09-13 17:45:00,31.97,30.988167281746026
2018-09-13 18:00:00,41.22,46.8116289880952
2018-09-13 18:15:00,50.65,61.069389722222205
2018-09-13 18:30:00,46.3,48.34228706349205
2018-09-13 18:45:00,57.17,60.069723630952375
2018-09-13 19:00:00,54.76,54.29546452380954
2018-09-13 19:15:00,49.1,59.8733459848485
2018-09-13 19:30:00,46.8,61.67246878246756
2018-09-13 19:45:00,40.79,53.0754428968254
2018-09-13 20:00:00,47.95,52.89412527777776
2018-09-13 20:15:00,69.16,47.592739285714266
2018-09-13 20:30:00,49.82,47.23511498015873
2018-09-13 20:45:00,19.98,36.14008480158732
2018-09-13 21:00:00,5.04,8.893772678571429
2018-09-13 21:15:00,4.93,4.093387500000001
2018-09-13 21:30:00,4.86,3.9736658928571433
2018-09-13 21:45:00,4.79,4.078292023809524
2018-09-13 22:00:00,4.46,4.042563452380951
2018-09-13 22:15:00,4.46,4.146149940476189
2018-09-13 22:30:00,4.43,3.738973021284272
2018-09-13 22:45:00,4.28,3.8789826785714325
2018-09-13 23:00:00,4.28,3.8888610714285763
2018-09-13 23:15:00,4.32,3.832076130952383
2018-09-13 23:30:00,4.28,3.8730652380952386
2018-09-13 23:45:00,2.66,5.11145327380952
2018-09-14 00:00:00,4.28,4.395315238095237
2018-09-14 00:15:00,4.25,3.089797797619047
2018-09-14 00:30:00,3.89,4.017546448412698
2018-09-14 00:45:00,3.28,3.7606029761904756
2018-09-14 01:00:00,3.24,3.784246111111111
2018-09-14 01:15:00,3.53,3.161833511904762
2018-09-14 01:30:00,4.36,3.198843571428572
2018-09-14 01:45:00,3.31,3.209615476190473
2018-09-14 02:00:00,3.35,3.380360059523809
2018-09-14 02:15:00,3.31,3.2618767965367943
2018-09-14 02:30:00,3.31,3.282921190476189
2018-09-14 02:45:00,3.24,3.2516288690476216
2018-09-14 03:00:00,3.28,3.3013172619047624
2018-09-14 03:15:00,3.28,3.27051869047619
2018-09-14 03:30:00,3.35,3.2749824999999997
2018-09-14 03:45:00,3.31,3.276068928571427
2018-09-14 04:00:00,3.89,3.31857865079365
2018-09-14 04:15:00,4.07,3.3206058531746008
2018-09-14 04:30:00,3.31,3.378957420634925
2018-09-14 04:45:00,3.31,3.2811086904761932
2018-09-14 05:00:00,3.35,3.2508786904761884
2018-09-14 05:15:00,3.35,3.253587777777775
2018-09-14 05:30:00,3.64,3.3459976587301594
2018-09-14 05:45:00,4.28,3.38784732142857
2018-09-14 06:00:00,3.67,3.297343511904764
2018-09-14 06:15:00,3.24,3.293638214285716
2018-09-14 06:30:00,3.31,3.22844625
2018-09-14 06:45:00,3.24,3.210156428571427
2018-09-14 07:00:00,3.28,3.278900396825396
2018-09-14 07:15:00,3.49,3.6020077182539683
2018-09-14 07:30:00,3.71,4.458641011904762
2018-09-14 07:45:00,4.82,4.886135436507934
2018-09-14 08:00:00,33.34,39.885210238095254
2018-09-14 08:15:00,50.9,81.20279817460315
2018-09-14 08:30:00,63.58,60.56543271825396
2018-09-14 08:45:00,49.32,61.34514958333334
2018-09-14 09:00:00,47.41,63.87945351190476
2018-09-14 09:15:00,61.2,58.85035200396826
2018-09-14 09:30:00,45.79,64.05891148809523
2018-09-14 09:45:00,39.6,58.074287916666705
2018-09-14 10:00:00,41.18,53.03588107142855
2018-09-14 10:15:00,52.06,51.30440572510826
2018-09-14 10:30:00,55.19,51.184158333333336
2018-09-14 10:45:00,50.4,59.53039654761903
2018-09-14 11:00:00,56.05,56.166960813492054
2018-09-14 11:15:00,55.4,54.281198452381005
2018-09-14 11:30:00,64.48,56.12005030303028
2018-09-14 11:45:00,63.4,54.08779886904763
2018-09-14 12:00:00,13.46,8.599463095238095
2018-09-14 12:15:00,4.32,5.9270363095238086
2018-09-14 12:30:00,4.64,5.889230456349204
2018-09-14 12:45:00,3.71,5.090442142857142
2018-09-14 13:00:00,47.34,37.680715119047655
2018-09-14 13:15:00,54.76,56.34018821428571
2018-09-14 13:30:00,68.29,64.83790712301585
2018-09-14 13:45:00,58.46,58.57783797619047
2018-09-14 14:00:00,66.31,64.32175107142858
2018-09-14 14:15:00,60.98,57.58206119047619
2018-09-14 14:30:00,67.68,63.0394560714286
2018-09-14 14:45:00,61.49,64.02445200396828
2018-09-14 15:00:00,48.24,64.7103361904762
2018-09-14 15:15:00,61.06,60.088214047619076
2018-09-14 15:30:00,65.99,56.416045634920636
2018-09-14 15:45:00,58.03,58.61971589285712
2018-09-14 16:00:00,65.81,59.61022321428572
2018-09-14 16:15:00,111.78,57.845961190476174
2018-09-14 16:30:00,106.16,62.27643531746031
2018-09-14 16:45:00,48.13,87.1850355357143
2018-09-14 17:00:00,43.02,90.83720210317465
2018-09-14 17:15:00,62.5,62.70364468253968
2018-09-14 17:30:00,54.58,36.79092801587302
2018-09-14 17:45:00,34.99,34.77052226190475
2018-09-14 18:00:00,28.48,37.4202288095238
2018-09-14 18:15:00,29.05,42.92443761904763
2018-09-14 18:30:00,28.26,19.772707142857147
2018-09-14 18:45:00,27.0,38.7016490873016
2018-09-14 19:00:00,20.41,25.978516170634897
2018-09-14 19:15:00,7.85,25.103772023809537
2018-09-14 19:30:00,8.32,7.086551071428576
2018-09-14 19:45:00,4.54,5.351527061688313
2018-09-14 20:00:00,3.67,5.732918948412702
2018-09-14 20:15:00,3.71,4.408636230158731
2018-09-14 20:30:00,3.67,4.011489761904757
2018-09-14 20:45:00,3.64,4.015938154761903
2018-09-14 21:00:00,3.6,3.716609166666665
2018-09-14 21:15:00,3.74,3.687273452380954
2018-09-14 21:30:00,3.6,3.684275019841268
2018-09-14 21:45:00,3.6,3.722043333333333
2018-09-14 22:00:00,3.28,3.609481269841268
2018-09-14 22:15:00,3.31,3.605531666666666
2018-09-14 22:30:00,2.84,3.2691810010822513
2018-09-14 22:45:00,2.7,3.3743628463203454
2018-09-14 23:00:00,2.66,2.9162593055555535
2018-09-14 23:15:00,2.66,2.882736233766236
2018-09-14 23:30:00,2.66,2.8604014285714294
2018-09-14 23:45:00,2.66,2.865642222222222
2018-09-15 00:00:00,2.7,2.8336733333333357
2018-09-15 00:15:00,2.63,2.7927800000000023
2018-09-15 00:30:00,2.63,2.755442880591634
2018-09-15 00:45:00,2.63,2.7512349404761927
2018-09-15 01:00:00,2.81,2.775295773809523
2018-09-15 01:15:00,3.24,2.7727789880952374
2018-09-15 01:30:00,2.99,2.864411488095239
2018-09-15 01:45:00,2.66,2.9731779166666668
2018-09-15 02:00:00,2.7,2.949668869047619
2018-09-15 02:15:00,2.7,2.751568452380954
2018-09-15 02:30:00,2.63,2.7527346825396832
2018-09-15 02:45:00,2.63,2.771813134920635
2018-09-15 03:00:00,2.7,2.7627244246031744
2018-09-15 03:15:00,2.63,2.765799841269841
2018-09-15 03:30:00,2.63,2.777451150793652
2018-09-15 03:45:00,3.31,2.7225505555555545
2018-09-15 04:00:00,2.77,2.764853769841268
2018-09-15 04:15:00,2.7,2.7566771794871774
2018-09-15 04:30:00,2.7,2.802986984126982
2018-09-15 04:45:00,2.7,2.7361985714285715
2018-09-15 05:00:00,2.7,2.7744798611111112
2018-09-15 05:15:00,2.63,2.742776488095239
2018-09-15 05:30:00,2.59,2.764192662337665
2018-09-15 05:45:00,2.63,2.784794642857144
2018-09-15 06:00:00,2.7,2.7213334523809523
2018-09-15 06:15:00,2.63,2.6976152777777758
2018-09-15 06:30:00,2.63,2.7290786904761903
2018-09-15 06:45:00,2.63,2.7916976785714285
2018-09-15 07:00:00,3.06,2.7847768452380945
2018-09-15 07:15:00,3.1,3.037722500000001
2018-09-15 07:30:00,2.74,3.2453317857142836
2018-09-15 07:45:00,8.06,3.889125714285714
2018-09-15 08:00:00,34.02,6.05308791666667
2018-09-15 08:15:00,33.44,34.629282738095256
2018-09-15 08:30:00,38.3,42.10972871031744
2018-09-15 08:45:00,48.78,38.16935742063492
2018-09-15 09:00:00,33.05,37.51202873015873
2018-09-15 09:15:00,35.75,48.8539843452381
2018-09-15 09:30:00,35.14,46.54573178571426
2018-09-15 09:45:00,40.14,36.519704246031736
2018-09-15 10:00:00,33.8,42.774114761904755
2018-09-15 10:15:00,40.43,41.146816130952395
2018-09-15 10:30:00,33.01,39.957439662698405
2018-09-15 10:45:00,40.72,39.31283821428574
2018-09-15 11:00:00,41.22,39.816728214285725
2018-09-15 11:15:00,32.58,35.229682301587324
2018-09-15 11:30:00,40.39,41.98625041666667
2018-09-15 11:45:00,17.89,27.666089682539667
2018-09-15 12:00:00,3.31,7.0197371951659475
2018-09-15 12:15:00,3.82,4.62243755952381
2018-09-15 12:30:00,3.82,3.976298452380953
2018-09-15 12:45:00,3.31,3.8621814682539712
2018-09-15 13:00:00,29.63,24.580541388888875
2018-09-15 13:15:00,40.97,35.25972174603175
2018-09-15 13:30:00,39.96,41.23377321428571
2018-09-15 13:45:00,36.65,36.483265297619035
2018-09-15 14:00:00,40.39,39.968520714285724
2018-09-15 14:15:00,40.39,38.91167966269845
2018-09-15 14:30:00,32.98,45.51345708333334
2018-09-15 14:45:00,37.84,42.52334087301587
2018-09-15 15:00:00,44.21,42.21495011904764
2018-09-15 15:15:00,42.37,41.22641751984126
2018-09-15 15:30:00,38.59,45.256916785714296
2018-09-15 15:45:00,33.08,44.85015720238096
2018-09-15 16:00:00,39.67,33.40978569444446
2018-09-15 16:15:00,40.72,37.91020428571428
2018-09-15 16:30:00,39.67,36.94097003968254
2018-09-15 16:45:00,5.83,19.17946142857143
2018-09-15 17:00:00,3.82,8.800210634920635
2018-09-15 17:15:00,3.46,4.244284702380951
2018-09-15 17:30:00,3.49,3.677788373015876
2018-09-15 17:45:00,3.49,3.4581265873015856
2018-09-15 18:00:00,3.42,3.435517936507937
2018-09-15 18:15:00,3.42,3.5769151190476185
2018-09-15 18:30:00,3.6,3.6798119047619067
2018-09-15 18:45:00,3.67,3.640506585497837
2018-09-15 19:00:00,3.64,3.588889204545455
2018-09-15 19:15:00,3.6,3.5570910119047636
2018-09-15 19:30:00,3.64,3.5646083333333354
2018-09-15 19:45:00,3.06,3.578824047619049
2018-09-15 20:00:00,2.99,3.4133127380952373
2018-09-15 20:15:00,2.92,3.1475056547619027
2018-09-15 20:30:00,2.92,3.006432976190477
2018-09-15 20:45:00,2.95,2.9669543452380935
2018-09-15 21:00:00,3.53,3.062900476190478
2018-09-15 21:15:00,3.49,3.048092678571428
2018-09-15 21:30:00,2.92,3.0609198647186138
2018-09-15 21:45:00,2.88,3.0311063924963917
2018-09-15 22:00:00,2.77,2.925218928571429
2018-09-15 22:15:00,2.84,2.9092721428571413
2018-09-15 22:30:00,2.77,2.833846706349206
2018-09-15 22:45:00,2.88,2.8862680555555538
2018-09-15 23:00:00,3.2,2.812100535714285
2018-09-15 23:15:00,2.66,2.910119166666666
2018-09-15 23:30:00,2.66,2.8608606746031735
2018-09-15 23:45:00,2.74,2.8371432539682524
2018-09-16 00:00:00,2.66,2.773467281746032
2018-09-16 00:15:00,2.81,2.7705226190476187
2018-09-16 00:30:00,2.74,2.7364939285714307
2018-09-16 00:45:00,2.7,2.8002852777777774
2018-09-16 01:00:00,2.7,2.776506111111112
2018-09-16 01:15:00,2.7,2.767811666666668
2018-09-16 01:30:00,2.74,2.811253015873019
2018-09-16 01:45:00,2.77,2.7676547023809532
2018-09-16 02:00:00,2.74,2.8765158333333343
2018-09-16 02:15:00,2.99,2.94485509920635
2018-09-16 02:30:00,3.31,2.9200468055555553
2018-09-16 02:45:00,2.7,2.8308135930735943
2018-09-16 03:00:00,3.35,2.789884761904761
2018-09-16 03:15:00,3.2,2.7750275000000015
2018-09-16 03:30:00,2.74,2.9361449999999985
2018-09-16 03:45:00,2.74,2.967854262820514
2018-09-16 04:00:00,2.74,2.7855838095238115
2018-09-16 04:15:00,2.77,2.7806448015873024
2018-09-16 04:30:00,2.74,2.8350638095238114
2018-09-16 04:45:00,2.74,2.8208775595238085
2018-09-16 05:00:00,2.7,2.805919107142857
2018-09-16 05:15:00,2.74,2.747718333333335
2018-09-16 05:30:00,2.66,2.760185238095239
2018-09-16 05:45:00,2.7,2.7581086904761936
2018-09-16 06:00:00,2.66,2.7706086904761924
2018-09-16 06:15:00,2.77,2.751523392857144
2018-09-16 06:30:00,3.17,2.739900595238097
2018-09-16 06:45:00,3.02,2.9656992532467537
2018-09-16 07:00:00,2.66,2.7212249999999996
2018-09-16 07:15:00,2.66,2.893892896825398
2018-09-16 07:30:00,2.63,3.1859119444444453
2018-09-16 07:45:00,2.7,3.2321469047619025
2018-09-16 08:00:00,2.59,8.599934285714284
2018-09-16 08:15:00,2.63,7.335898392857147
2018-09-16 08:30:00,3.35,2.948061071428573
2018-09-16 08:45:00,3.2,2.946292040043291
2018-09-16 09:00:00,2.88,3.0720082738095225
2018-09-16 09:15:00,2.92,3.1661192460317467
2018-09-16 09:30:00,2.81,3.0029909523809506
2018-09-16 09:45:00,2.84,3.064203035714287
2018-09-16 10:00:00,2.84,2.985924087301589
2018-09-16 10:15:00,2.84,3.116366904761904
2018-09-16 10:30:00,2.88,3.141029623015873
2018-09-16 10:45:00,2.92,3.1137638690476184
2018-09-16 11:00:00,2.84,3.0787993055555556
2018-09-16 11:15:00,2.81,3.1161347023809527
2018-09-16 11:30:00,2.77,3.0616942460317462
2018-09-16 11:45:00,3.2,3.118448869047618
2018-09-16 12:00:00,3.06,3.0839351785714273
2018-09-16 12:15:00,2.84,3.3220149404761905
2018-09-16 12:30:00,2.95,3.292133690476193
2018-09-16 12:45:00,2.84,3.12318482142857
2018-09-16 13:00:00,2.81,3.074948333333331
2018-09-16 13:15:00,2.84,3.032304980158731
2018-09-16 13:30:00,2.81,3.084484980158732
2018-09-16 13:45:00,2.81,3.091504186507936
2018-09-16 14:00:00,2.92,3.1349713095238085
2018-09-16 14:15:00,2.88,3.1318238293650786
2018-09-16 14:30:00,3.49,3.1606030357142867
2018-09-16 14:45:00,2.92,3.1791622817460303
2018-09-16 15:00:00,2.84,3.1090274404761904
2018-09-16 15:15:00,3.13,3.169339920634921
2018-09-16 15:30:00,3.38,3.096490555555556
2018-09-16 15:45:00,2.88,3.1382897023809515
2018-09-16 16:00:00,2.84,3.1812016468253965
2018-09-16 16:15:00,2.88,3.0655660317460303
2018-09-16 16:30:00,2.84,3.3202593614718605
2018-09-16 16:45:00,2.84,3.205207635281384
2018-09-16 17:00:00,2.81,3.0617900000000002
2018-09-16 17:15:00,2.88,3.0262016666666676
2018-09-16 17:30:00,2.95,2.983544999999999
2018-09-16 17:45:00,2.81,3.030580000000001
2018-09-16 18:00:00,2.77,3.003735873015874
2018-09-16 18:15:00,2.84,2.9511277380952383
2018-09-16 18:30:00,2.88,2.98963136904762
2018-09-16 18:45:00,2.84,3.0380019047619045
2018-09-16 19:00:00,3.06,2.946686071428569
2018-09-16 19:15:00,3.56,3.073015833333331
2018-09-16 19:30:00,3.28,3.0738223809523793
2018-09-16 19:45:00,3.28,2.979213749999999
2018-09-16 20:00:00,3.49,2.9599548809523824
2018-09-16 20:15:00,2.95,3.08575023809524
2018-09-16 20:30:00,2.92,3.2190294642857133
2018-09-16 20:45:00,2.99,2.95900976190476
2018-09-16 21:00:00,2.92,2.9601260714285713
2018-09-16 21:15:00,2.92,3.0067746825396813
2018-09-16 21:30:00,2.95,3.0759438690476215
2018-09-16 21:45:00,2.99,3.094053769841271
2018-09-16 22:00:00,2.74,3.0945469444444442
2018-09-16 22:15:00,2.88,3.0830075793650793
2018-09-16 22:30:00,2.77,2.8110757142857135
2018-09-16 22:45:00,2.74,2.9623939880952372
2018-09-16 23:00:00,2.74,2.8472943452380957
2018-09-16 23:15:00,2.66,2.8274947023809545
2018-09-16 23:30:00,2.7,2.8645405555555574
2018-09-16 23:45:00,3.53,2.8848588167388187
2018-09-17 00:00:00,2.7,2.8472314754689774
2018-09-17 00:15:00,2.77,2.843466904761905
2018-09-17 00:30:00,2.74,2.807365992063494
2018-09-17 00:45:00,2.74,2.8505804761904754
2018-09-17 01:00:00,3.35,2.8162281944444434
2018-09-17 01:15:00,2.84,2.8078655357142854
2018-09-17 01:30:00,3.28,2.8587562499999994
2018-09-17 01:45:00,3.1,2.9096737499999996
2018-09-17 02:00:00,2.77,2.9116052380952384
2018-09-17 02:15:00,2.77,3.0121164087301593
2018-09-17 02:30:00,2.77,2.8830388293650793
2018-09-17 02:45:00,2.74,2.8241849404761905
2018-09-17 03:00:00,2.77,2.9048482142857153
2018-09-17 03:15:00,2.84,2.8523201785714294
2018-09-17 03:30:00,2.77,2.8280961904761894
2018-09-17 03:45:00,2.74,2.842457646103895
2018-09-17 04:00:00,2.74,3.020916547619046
2018-09-17 04:15:00,2.81,2.796952420634919
2018-09-17 04:30:00,2.74,2.819658253968254
2018-09-17 04:45:00,3.2,2.843264464285714
2018-09-17 05:00:00,2.99,2.7969794444444456
2018-09-17 05:15:00,2.77,2.8838511904761903
2018-09-17 05:30:00,2.7,2.888844920634921
2018-09-17 05:45:00,2.63,2.8832003571428566
2018-09-17 06:00:00,2.66,2.777455992063492
2018-09-17 06:15:00,2.7,2.819658333333337
2018-09-17 06:30:00,3.13,2.8426880411255397
2018-09-17 06:45:00,3.06,2.794614152236652
2018-09-17 07:00:00,2.66,2.715680357142857
2018-09-17 07:15:00,2.92,2.9555292857142863
2018-09-17 07:30:00,3.06,3.5198269246031746
2018-09-17 07:45:00,3.13,4.187193630952382
2018-09-17 08:00:00,25.78,17.55203446428572
2018-09-17 08:15:00,63.11,23.3183225
2018-09-17 08:30:00,45.76,57.18802083333332
2018-09-17 08:45:00,56.34,74.21893023809528
2018-09-17 09:00:00,56.48,59.13334464285717
2018-09-17 09:15:00,50.98,62.468305416666674
2018-09-17 09:30:00,47.34,62.76366619047619
2018-09-17 09:45:00,42.3,63.82272750000002
2018-09-17 10:00:00,43.02,64.02708953463207
2018-09-17 10:15:00,55.19,56.508383432539674
2018-09-17 10:30:00,56.63,54.62869466269843
2018-09-17 10:45:00,62.96,63.1693590873016
2018-09-17 11:00:00,49.79,60.229965952380965
2018-09-17 11:15:00,56.88,64.02790099206351
2018-09-17 11:30:00,48.17,60.736831031746014
2018-09-17 11:45:00,45.79,56.32478672619049
2018-09-17 12:00:00,6.23,10.080333095238098
2018-09-17 12:15:00,3.89,11.43806107142857
2018-09-17 12:30:00,6.55,5.343547559523809
2018-09-17 12:45:00,5.26,4.382016071428569
2018-09-17 13:00:00,50.98,40.32007773809525
2018-09-17 13:15:00,74.77,61.81465904761905
2018-09-17 13:30:00,115.49,67.93107107142852
2018-09-17 13:45:00,114.12,78.35736327380954
2018-09-17 14:00:00,96.23,92.19281483766231
2018-09-17 14:15:00,111.64,100.11777202380947
2018-09-17 14:30:00,97.85,99.63779769480514
2018-09-17 14:45:00,121.14,94.9642926118326
2018-09-17 15:00:00,85.9,96.74750494047625
2018-09-17 15:15:00,108.5,95.9990275
2018-09-17 15:30:00,107.82,82.54761757936508
2018-09-17 15:45:00,105.19,80.11555105158727
2018-09-17 16:00:00,110.52,96.5353453373016
2018-09-17 16:15:00,100.3,92.0511508730158
2018-09-17 16:30:00,122.54,92.0183120833333
2018-09-17 16:45:00,82.62,98.00729384920632
2018-09-17 17:00:00,65.05,99.84304916666662
2018-09-17 17:15:00,53.35,90.5345296626984
2018-09-17 17:30:00,34.92,69.89442166666669
2018-09-17 17:45:00,27.36,51.25303446428568
2018-09-17 18:00:00,35.6,63.09155904761902
2018-09-17 18:15:00,42.48,45.35688416666669
2018-09-17 18:30:00,52.6,54.55472291666667
2018-09-17 18:45:00,51.05,51.491429702380955
2018-09-17 19:00:00,54.22,47.76914809523807
2018-09-17 19:15:00,51.16,48.59340551406926
2018-09-17 19:30:00,54.29,54.00171563311684
2018-09-17 19:45:00,55.76,51.09773130952378
2018-09-17 20:00:00,44.14,50.55305297619045
2018-09-17 20:15:00,48.31,50.00324630952377
2018-09-17 20:30:00,53.82,50.69051958333334
2018-09-17 20:45:00,12.28,29.752397916666652
2018-09-17 21:00:00,5.76,12.702522083333339
2018-09-17 21:15:00,4.07,3.9277755952380966
2018-09-17 21:30:00,3.92,4.073987182539684
2018-09-17 21:45:00,3.89,3.9605630952380952
2018-09-17 22:00:00,3.67,3.692106964285714
2018-09-17 22:15:00,3.64,3.543404365079367
2018-09-17 22:30:00,3.6,3.3805320634920606
2018-09-17 22:45:00,3.6,3.3097543452380944
2018-09-17 23:00:00,4.21,3.128271369047618
2018-09-17 23:15:00,4.61,3.0611013095238087
2018-09-17 23:30:00,3.49,3.2766007738095215
2018-09-17 23:45:00,3.2,4.057721646825398
2018-09-18 00:00:00,3.56,3.1764682142857144
2018-09-18 00:15:00,3.53,3.1059682142857135
2018-09-18 00:30:00,3.31,3.2614472023809498
2018-09-18 00:45:00,2.95,3.0113855952380955
2018-09-18 01:00:00,2.95,3.103551309523811
2018-09-18 01:15:00,2.95,2.952059047619047
2018-09-18 01:30:00,2.95,3.012572341269841
2018-09-18 01:45:00,2.99,3.0761632142857143
2018-09-18 02:00:00,2.95,3.0394146230158725
2018-09-18 02:15:00,2.95,3.0187152182539694
2018-09-18 02:30:00,2.95,3.006169523809525
2018-09-18 02:45:00,2.95,3.0130854212454214
2018-09-18 03:00:00,2.95,3.103743095238095
2018-09-18 03:15:00,2.99,3.0909092261904774
2018-09-18 03:30:00,2.99,3.091455952380951
2018-09-18 03:45:00,2.99,3.1124021428571433
2018-09-18 04:00:00,3.6,3.0893130952380945
2018-09-18 04:15:00,3.06,3.097576547619047
2018-09-18 04:30:00,3.46,3.0367069841269836
2018-09-18 04:45:00,2.99,3.1133654166666673
2018-09-18 05:00:00,2.99,3.0864098412698393
2018-09-18 05:15:00,2.95,2.9544992857142853
2018-09-18 05:30:00,2.84,3.016283313492065
2018-09-18 05:45:00,2.84,3.0414782539682546
2018-09-18 06:00:00,2.88,3.0513051190476164
2018-09-18 06:15:00,2.95,3.0257011309523802
2018-09-18 06:30:00,2.88,2.9715249404761885
2018-09-18 06:45:00,2.84,3.0160339285714275
2018-09-18 07:00:00,2.88,2.936830714285711
2018-09-18 07:15:00,2.95,3.370750496031746
2018-09-18 07:30:00,4.54,3.7561034126984105
2018-09-18 07:45:00,4.9,4.771822976190477
2018-09-18 08:00:00,35.46,48.598192083333316
2018-09-18 08:15:00,51.59,75.8353963690477
2018-09-18 08:30:00,55.87,61.14757662698412
2018-09-18 08:45:00,53.82,64.31208761904766
2018-09-18 09:00:00,48.24,62.00215663059164
2018-09-18 09:15:00,60.08,60.010422500000026
2018-09-18 09:30:00,61.2,59.210990892857104
2018-09-18 09:45:00,59.8,56.19423307539683
2018-09-18 10:00:00,59.26,57.250285119047604
2018-09-18 10:15:00,53.93,56.47229060064935
2018-09-18 10:30:00,49.75,57.778334231601754
2018-09-18 10:45:00,47.09,60.78719940476189
2018-09-18 11:00:00,60.55,60.00888087301586
2018-09-18 11:15:00,62.06,57.92649583333335
2018-09-18 11:30:00,62.68,59.23658628968252
2018-09-18 11:45:00,45.68,57.11338267857143
2018-09-18 12:00:00,25.6,10.652798349567098
2018-09-18 12:15:00,12.46,7.986166904761901
2018-09-18 12:30:00,4.07,7.871363214285716
2018-09-18 12:45:00,3.89,7.914253571428573
2018-09-18 13:00:00,39.2,40.51072976190477
2018-09-18 13:15:00,53.57,53.21671696428571
2018-09-18 13:30:00,60.48,62.07436202380952
2018-09-18 13:45:00,64.69,65.95361484126984
2018-09-18 14:00:00,62.89,61.69689192099564
2018-09-18 14:15:00,57.31,61.29404142857142
2018-09-18 14:30:00,54.11,61.8392196825397
2018-09-18 14:45:00,58.1,61.07352593253966
2018-09-18 15:00:00,42.62,60.54587805555557
2018-09-18 15:15:00,48.38,60.374555357142825
2018-09-18 15:30:00,60.23,47.846348750000054
2018-09-18 15:45:00,47.09,58.11456966269844
2018-09-18 16:00:00,41.08,58.22839529761904
2018-09-18 16:15:00,55.4,57.19537154761906
2018-09-18 16:30:00,51.12,49.0155319642857
2018-09-18 16:45:00,48.67,54.17541612734488
2018-09-18 17:00:00,43.02,57.434196706349184
2018-09-18 17:15:00,54.0,51.92372360209238
2018-09-18 17:30:00,32.22,41.63526946428571
2018-09-18 17:45:00,31.28,30.449817380952364
2018-09-18 18:00:00,37.26,35.623034166666656
2018-09-18 18:15:00,55.73,46.98339446428573
2018-09-18 18:30:00,48.67,39.59516791125541
2018-09-18 18:45:00,42.01,49.712145761183265
2018-09-18 19:00:00,47.7,47.54605031746029
2018-09-18 19:15:00,45.68,44.66318529761904
2018-09-18 19:30:00,49.18,46.77980290043291
2018-09-18 19:45:00,66.35,39.11189196428572
2018-09-18 20:00:00,40.93,44.39645410714287
2018-09-18 20:15:00,43.78,60.49610446428576
2018-09-18 20:30:00,41.44,38.319620708874474
2018-09-18 20:45:00,42.37,20.884416865079356
2018-09-18 21:00:00,27.29,6.7921309523809565
2018-09-18 21:15:00,4.86,5.992296309523815
2018-09-18 21:30:00,3.67,5.183466515151519
2018-09-18 21:45:00,3.6,4.014511726190476
2018-09-18 22:00:00,3.31,3.6862208928571425
2018-09-18 22:15:00,3.38,3.5965102777777758
2018-09-18 22:30:00,3.35,3.3156672023809564
2018-09-18 22:45:00,4.46,3.3871758928571443
2018-09-18 23:00:00,3.96,3.388817976190474
2018-09-18 23:15:00,3.2,3.1597415873015877
2018-09-18 23:30:00,3.2,3.308413373015873
2018-09-18 23:45:00,2.66,3.5213649007936483
2018-09-19 00:00:00,2.92,3.396098333333333
2018-09-19 00:15:00,2.74,2.955383154761906
2018-09-19 00:30:00,2.66,2.9961909523809527
2018-09-19 00:45:00,2.66,2.7859958333333332
2018-09-19 01:00:00,2.7,2.736872539682539
2018-09-19 01:15:00,2.66,2.7532153968253965
2018-09-19 01:30:00,2.74,2.7585991666666683
2018-09-19 01:45:00,2.77,2.7179330952380973
2018-09-19 02:00:00,2.74,2.76098373015873
2018-09-19 02:15:00,2.77,2.80732753968254
2018-09-19 02:30:00,2.74,2.781725714285715
2018-09-19 02:45:00,2.74,2.8480675000000004
2018-09-19 03:00:00,2.81,2.9473421428571442
2018-09-19 03:15:00,2.77,2.941200833333336
2018-09-19 03:30:00,2.74,2.944541309523811
2018-09-19 03:45:00,3.82,2.994638906926406
2018-09-19 04:00:00,3.89,2.9086477777777784
2018-09-19 04:15:00,2.7,2.866437261904762
2018-09-19 04:30:00,2.77,2.8586571428571443
2018-09-19 04:45:00,2.74,2.8583168650793658
2018-09-19 05:00:00,2.81,2.851729209956709
2018-09-19 05:15:00,2.74,2.815769047619048
2018-09-19 05:30:00,2.7,2.820359761904761
2018-09-19 05:45:00,2.7,2.790240952380951
2018-09-19 06:00:00,2.74,2.7320932142857144
2018-09-19 06:15:00,2.66,2.7265180158730162
2018-09-19 06:30:00,2.66,2.7908204365079365
2018-09-19 06:45:00,2.66,2.7294192261904766
2018-09-19 07:00:00,2.66,2.730556825396826
2018-09-19 07:15:00,2.92,3.052823392857147
2018-09-19 07:30:00,4.61,3.575002202380951
2018-09-19 07:45:00,4.9,3.966051746031746
2018-09-19 08:00:00,25.45,48.37613488095238
2018-09-19 08:15:00,61.09,76.57361357142861
2018-09-19 08:30:00,34.99,60.30977248015869
2018-09-19 08:45:00,37.3,69.44539535714289
2018-09-19 09:00:00,54.65,47.020351964285695
2018-09-19 09:15:00,55.01,57.50926089285715
2018-09-19 09:30:00,37.76,55.63950940476188
2018-09-19 09:45:00,36.72,55.91480910714287
2018-09-19 10:00:00,37.22,51.100896250000005
2018-09-19 10:15:00,39.67,48.954904226190486
2018-09-19 10:30:00,43.09,44.727810773809544
2018-09-19 10:45:00,43.34,43.65667154761902
2018-09-19 11:00:00,45.76,45.75323900793649
2018-09-19 11:15:00,40.25,45.82595470238094
2018-09-19 11:30:00,48.06,51.19152446428572
2018-09-19 11:45:00,38.59,44.10060867063491
2018-09-19 12:00:00,5.36,7.4525405086580045
2018-09-19 12:15:00,4.97,7.275118088023086
2018-09-19 12:30:00,4.46,5.385556170634921
2018-09-19 12:45:00,4.9,4.90034398809524
2018-09-19 13:00:00,30.74,32.622378531746044
2018-09-19 13:15:00,41.58,52.633282003968226
2018-09-19 13:30:00,43.27,53.8060331547619
2018-09-19 13:45:00,44.1,47.88933458333336
2018-09-19 14:00:00,42.7,48.166790019841294
2018-09-19 14:15:00,38.7,52.952614265873045
2018-09-19 14:30:00,44.93,48.838792380952384
2018-09-19 14:45:00,43.42,48.05348753968255
2018-09-19 15:00:00,45.86,52.5716904761905
2018-09-19 15:15:00,37.15,49.94426158730157
2018-09-19 15:30:00,40.61,55.792717023809516
2018-09-19 15:45:00,42.52,45.52237867063491
2018-09-19 16:00:00,50.58,46.20475988095238
2018-09-19 16:15:00,52.38,44.172796706349224
2018-09-19 16:30:00,43.16,49.15714192460317
2018-09-19 16:45:00,51.62,50.98265936507938
2018-09-19 17:00:00,59.44,46.9385913095238
2018-09-19 17:15:00,51.66,46.47907289682539
2018-09-19 17:30:00,39.71,32.97328741341991
2018-09-19 17:45:00,36.47,30.002964761904767
2018-09-19 18:00:00,4.0,43.330029246031756
2018-09-19 18:15:00,3.85,42.98780585317462
2018-09-19 18:30:00,3.71,4.203003472222222
2018-09-19 18:45:00,3.67,3.839397341269842
2018-09-19 19:00:00,3.6,4.006892023809524
2018-09-19 19:15:00,3.6,5.748701865079366
2018-09-19 19:30:00,3.64,3.7187051984126978
2018-09-19 19:45:00,3.64,3.634126904761906
2018-09-19 20:00:00,3.67,3.7605982738095203
2018-09-19 20:15:00,3.64,3.674787698412698
2018-09-19 20:30:00,3.64,3.7046175595238067
2018-09-19 20:45:00,3.71,3.6979667261904763
2018-09-19 21:00:00,3.71,3.6901403968253974
2018-09-19 21:15:00,3.31,3.6902387896825406
2018-09-19 21:30:00,3.74,3.633949246031747
2018-09-19 21:45:00,3.31,3.2825407142857137
2018-09-19 22:00:00,2.92,3.5796787896825375
2018-09-19 22:15:00,2.92,3.299531011904764
2018-09-19 22:30:00,2.92,2.9353893452380935
2018-09-19 22:45:00,2.92,2.9543782142857133
2018-09-19 23:00:00,2.74,2.995778313492062
2018-09-19 23:15:00,2.7,3.0036283134920647
2018-09-19 23:30:00,2.66,2.8176550000000007
2018-09-19 23:45:00,3.42,2.918495654761906
2018-09-20 00:00:00,2.7,2.7610545238095257
2018-09-20 00:15:00,2.77,2.8737083333333344
2018-09-20 00:30:00,3.35,2.776355634920636
2018-09-20 00:45:00,2.77,2.796526111111112
2018-09-20 01:00:00,2.7,2.874743531746032
2018-09-20 01:15:00,2.7,2.820789107142858
2018-09-20 01:30:00,2.66,2.7575300595238104
2018-09-20 01:45:00,2.74,2.748467261904763
2018-09-20 02:00:00,2.7,2.703435833333336
2018-09-20 02:15:00,2.7,2.7858424404761912
2018-09-20 02:30:00,2.7,2.732996666666671
2018-09-20 02:45:00,3.1,2.7429963690476207
2018-09-20 03:00:00,3.35,2.766945119047621
2018-09-20 03:15:00,2.92,2.6985269751082246
2018-09-20 03:30:00,2.7,2.730921865079365
2018-09-20 03:45:00,2.66,2.951192500000001
2018-09-20 04:00:00,2.74,2.8663653805916316
2018-09-20 04:15:00,2.92,2.7303743650793644
2018-09-20 04:30:00,3.28,2.8333470634920643
2018-09-20 04:45:00,2.77,2.870119920634919
2018-09-20 05:00:00,2.66,2.7447116666666664
2018-09-20 05:15:00,2.66,2.7843180952380955
2018-09-20 05:30:00,2.66,2.706563452380953
2018-09-20 05:45:00,2.66,2.704425476190475
2018-09-20 06:00:00,2.66,2.695069523809524
2018-09-20 06:15:00,2.7,2.7434459523809522
2018-09-20 06:30:00,2.63,2.7263107142857153
2018-09-20 06:45:00,2.66,2.7290192857142865
2018-09-20 07:00:00,2.63,2.804217959956711
2018-09-20 07:15:00,2.66,3.0689584523809548
2018-09-20 07:30:00,2.81,3.547886944444444
2018-09-20 07:45:00,3.96,3.74945880952381
2018-09-20 08:00:00,34.7,13.411022797619047
2018-09-20 08:15:00,41.47,52.30697011904763
2018-09-20 08:30:00,48.42,58.66066275793648
2018-09-20 08:45:00,41.11,54.051030595238124
2018-09-20 09:00:00,46.12,61.393104464285734
2018-09-20 09:15:00,38.63,49.32031690476186
2018-09-20 09:30:00,38.27,53.180203988095265
2018-09-20 09:45:00,39.02,48.00425166666666
2018-09-20 10:00:00,38.81,50.32832978174602
2018-09-20 10:15:00,43.56,43.25118869047616
2018-09-20 10:30:00,54.04,40.79389249999999
2018-09-20 10:45:00,54.54,45.5459270238095
2018-09-20 11:00:00,50.76,56.94072464285715
2018-09-20 11:15:00,49.1,58.82754466269837
2018-09-20 11:30:00,59.98,53.928569826839876
2018-09-20 11:45:00,34.78,54.51758365079366
2018-09-20 12:00:00,26.78,9.715555714285713
2018-09-20 12:15:00,10.15,5.903235873015871
2018-09-20 12:30:00,3.67,9.698053630952371
2018-09-20 12:45:00,4.28,7.008613928571431
2018-09-20 13:00:00,31.36,35.69734051587304
2018-09-20 13:15:00,61.16,46.931100297619054
2018-09-20 13:30:00,64.4,54.29834948412699
2018-09-20 13:45:00,61.99,60.16072067821068
2018-09-20 14:00:00,60.12,61.41412482142855
2018-09-20 14:15:00,48.85,55.37460113095242
2018-09-20 14:30:00,45.47,59.07180726190475
2018-09-20 14:45:00,55.3,60.338524107142824
2018-09-20 15:00:00,48.13,53.94697876984126
2018-09-20 15:15:00,51.8,57.10018113095238
2018-09-20 15:30:00,70.49,54.869198829365075
2018-09-20 15:45:00,54.32,52.70004281746033
2018-09-20 16:00:00,65.23,60.75892371031745
2018-09-20 16:15:00,43.16,56.38852166666672
2018-09-20 16:30:00,56.41,60.25254045634919
2018-09-20 16:45:00,51.3,48.68895053571431
2018-09-20 17:00:00,50.33,56.87155749999999
2018-09-20 17:15:00,55.19,51.25539107142857
2018-09-20 17:30:00,29.09,34.29545220238095
2018-09-20 17:45:00,30.31,33.522113710317456
2018-09-20 18:00:00,37.66,32.353356071428564
2018-09-20 18:15:00,52.81,51.25725736111111
2018-09-20 18:30:00,39.42,49.06161019841271
2018-09-20 18:45:00,44.17,53.64551166666667
2018-09-20 19:00:00,57.13,44.907383908730154
2018-09-20 19:15:00,54.22,47.20010680555554
2018-09-20 19:30:00,45.04,50.69034184523809
2018-09-20 19:45:00,41.11,50.769758796897534
2018-09-20 20:00:00,41.47,48.98468753968255
2018-09-20 20:15:00,67.54,47.13287351190477
2018-09-20 20:30:00,37.58,40.48505273809528
2018-09-20 20:45:00,13.28,24.509112766955262
2018-09-20 21:00:00,4.07,5.443468293650798
2018-09-20 21:15:00,3.89,4.204396666666668
2018-09-20 21:30:00,3.74,3.942842321428571
2018-09-20 21:45:00,3.71,3.7275833730158716
2018-09-20 22:00:00,3.53,3.6790753300865804
2018-09-20 22:15:00,3.49,3.5942529761904756
2018-09-20 22:30:00,3.49,3.6185969642857145
2018-09-20 22:45:00,3.53,3.4808725198412684
2018-09-20 23:00:00,3.42,3.4056169642857124
2018-09-20 23:15:00,3.42,3.6193045238095234
2018-09-20 23:30:00,3.38,3.2533129761904784
2018-09-20 23:45:00,2.48,2.999700952380952
2018-09-21 00:00:00,2.77,3.2482796320346337
2018-09-21 00:15:00,2.92,2.8539569047619064
2018-09-21 00:30:00,3.17,2.888473333333332
2018-09-21 00:45:00,3.46,2.8902775595238093
2018-09-21 01:00:00,2.84,2.9441080952380965
2018-09-21 01:15:00,2.81,3.05155261904762
2018-09-21 01:30:00,2.81,2.992699469696967
2018-09-21 01:45:00,2.92,2.859525555555555
2018-09-21 02:00:00,2.88,2.851558591269842
2018-09-21 02:15:00,2.88,2.949340952380952
2018-09-21 02:30:00,2.81,2.90025357142857
2018-09-21 02:45:00,2.84,2.946393333333331
2018-09-21 03:00:00,2.84,2.8593885119047617
2018-09-21 03:15:00,2.84,2.9154864285714286
2018-09-21 03:30:00,2.84,2.9110283333333338
2018-09-21 03:45:00,2.95,3.024044841269839
2018-09-21 04:00:00,3.38,5.5344636111111045
2018-09-21 04:15:00,3.1,2.98145228174603
2018-09-21 04:30:00,2.84,2.919955595238094
2018-09-21 04:45:00,2.92,2.932567043650794
2018-09-21 05:00:00,2.81,2.886078452380949
2018-09-21 05:15:00,2.77,2.984972619047616
2018-09-21 05:30:00,2.74,2.9067025595238096
2018-09-21 05:45:00,2.88,2.9270341666666657
2018-09-21 06:00:00,3.38,2.965965530303031
2018-09-21 06:15:00,2.95,2.9068942658730133
2018-09-21 06:30:00,2.81,2.8542636111111106
2018-09-21 06:45:00,2.74,2.941724325396824
2018-09-21 07:00:00,2.7,2.8381583333333333
2018-09-21 07:15:00,2.99,3.2552134523809544
2018-09-21 07:30:00,3.35,4.4325257142857115
2018-09-21 07:45:00,14.33,3.737412619047619
2018-09-21 08:00:00,35.14,24.365963035714298
2018-09-21 08:15:00,41.11,54.137277083333345
2018-09-21 08:30:00,50.29,55.10815327380954
2018-09-21 08:45:00,55.91,50.13541936507934
2018-09-21 09:00:00,59.83,53.99267499999997
2018-09-21 09:15:00,45.58,56.365621309523796
2018-09-21 09:30:00,39.31,54.176876984127006
2018-09-21 09:45:00,47.52,44.4622459126984
2018-09-21 10:00:00,54.9,48.49120023809523
2018-09-21 10:15:00,38.66,52.58431031746036
2018-09-21 10:30:00,39.35,55.70965035714287
2018-09-21 10:45:00,34.09,47.30626761904761
2018-09-21 11:00:00,30.24,53.140215952380984
2018-09-21 11:15:00,31.25,45.886452242063505
2018-09-21 11:30:00,30.38,42.78461184523812
2018-09-21 11:45:00,29.84,34.508824662698416
2018-09-21 12:00:00,7.24,10.726698690476187
2018-09-21 12:15:00,6.26,9.551747380952385
2018-09-21 12:30:00,4.64,5.555427857142856
2018-09-21 12:45:00,4.21,5.749500952380955
2018-09-21 13:00:00,18.18,36.66088952380951
2018-09-21 13:15:00,28.08,47.476457083333315
2018-09-21 13:30:00,29.77,44.65494720238096
2018-09-21 13:45:00,27.86,35.258368690476196
2018-09-21 14:00:00,27.07,38.7325526190476
2018-09-21 14:15:00,24.95,33.57982559523811
2018-09-21 14:30:00,8.6,30.58478333333335
2018-09-21 14:45:00,8.64,29.334390138888892
2018-09-21 15:00:00,8.57,19.801978234126988
2018-09-21 15:15:00,7.67,18.611801250000003
2018-09-21 15:30:00,6.52,19.08317363095238
2018-09-21 15:45:00,5.08,17.469388690476187
2018-09-21 16:00:00,3.31,15.072319642857133
2018-09-21 16:15:00,3.31,6.0745961904761945
2018-09-21 16:30:00,3.35,4.716477103174605
2018-09-21 16:45:00,3.38,4.004809345238098
2018-09-21 17:00:00,3.35,3.474308809523811
2018-09-21 17:15:00,3.42,3.4274248412698416
2018-09-21 17:30:00,3.31,3.4372090476190498
2018-09-21 17:45:00,3.24,3.6496582142857146
2018-09-21 18:00:00,3.28,3.666621666666667
2018-09-21 18:15:00,3.31,3.705969583333334
2018-09-21 18:30:00,3.92,3.488848349567101
2018-09-21 18:45:00,4.39,3.515446468253971
2018-09-21 19:00:00,2.7,3.6917403787878778
2018-09-21 19:15:00,2.74,3.4029383928571404
2018-09-21 19:30:00,2.77,3.2191108333333336
2018-09-21 19:45:00,2.7,2.949472420634921
2018-09-21 20:00:00,2.77,2.8880367857142857
2018-09-21 20:15:00,2.74,2.833191964285716
2018-09-21 20:30:00,2.74,2.855455238095237
2018-09-21 20:45:00,2.7,2.847789345238094
2018-09-21 21:00:00,2.66,2.8562214285714282
2018-09-21 21:15:00,2.7,2.826747380952383
2018-09-21 21:30:00,2.77,2.799789702380956
2018-09-21 21:45:00,2.66,2.790112380952384
2018-09-21 22:00:00,2.52,2.8809486111111107
2018-09-21 22:15:00,2.59,2.7866829761904786
2018-09-21 22:30:00,2.52,2.82921123015873
2018-09-21 22:45:00,3.17,2.822846527777777
2018-09-21 23:00:00,2.88,2.831980853174601
2018-09-21 23:15:00,3.2,2.792215357142857
2018-09-21 23:30:00,2.52,2.6670477380952384
2018-09-21 23:45:00,2.92,2.8155478571428567
2018-09-22 00:00:00,2.52,2.760050694444441
2018-09-22 00:15:00,2.56,3.086865535714285
2018-09-22 00:30:00,2.59,2.7922140476190447
2018-09-22 00:45:00,2.56,2.7302724404761887
2018-09-22 01:00:00,2.52,2.6405208928571398
2018-09-22 01:15:00,2.56,2.680534365079362
2018-09-22 01:30:00,2.52,2.688285952380951
2018-09-22 01:45:00,2.56,2.7113970436507926
2018-09-22 02:00:00,2.63,2.752091686507935
2018-09-22 02:15:00,3.02,3.007515198412697
2018-09-22 02:30:00,2.84,2.779597559523808
2018-09-22 02:45:00,2.56,3.0092445833333312
2018-09-22 03:00:00,2.56,2.725268928571428
2018-09-22 03:15:00,2.56,2.8315790476190466
2018-09-22 03:30:00,3.02,2.9143021825396835
2018-09-22 03:45:00,3.06,3.203516607142857
2018-09-22 04:00:00,2.66,2.81880988095238
2018-09-22 04:15:00,2.56,2.8449398412698397
2018-09-22 04:30:00,2.59,2.8452039285714275
2018-09-22 04:45:00,2.59,2.824719920634919
2018-09-22 05:00:00,2.66,2.8264847023809523
2018-09-22 05:15:00,2.59,3.046579543650791
2018-09-22 05:30:00,2.52,2.697582261904762
2018-09-22 05:45:00,2.52,2.972916785714284
2018-09-22 06:00:00,3.17,2.7130968055555553
2018-09-22 06:15:00,3.1,2.684866805555555
2018-09-22 06:30:00,2.59,2.7930267261904747
2018-09-22 06:45:00,2.56,2.717172698412698
2018-09-22 07:00:00,2.48,2.707050277777778
2018-09-22 07:15:00,2.52,3.3266460119047627
2018-09-22 07:30:00,2.52,3.443908273809523
2018-09-22 07:45:00,2.52,3.176387916666666
2018-09-22 08:00:00,2.95,11.893923095238094
2018-09-22 08:15:00,3.28,12.164068928571435
2018-09-22 08:30:00,3.31,3.078685813492064
2018-09-22 08:45:00,3.74,2.8701886904761924
2018-09-22 09:00:00,2.99,3.358536210317462
2018-09-22 09:15:00,2.92,3.2548863690476173
2018-09-22 09:30:00,2.99,3.1619268253968245
2018-09-22 09:45:00,2.92,3.015808928571429
2018-09-22 10:00:00,4.0,3.177814285714287
2018-09-22 10:15:00,3.24,3.114098035714288
2018-09-22 10:30:00,2.92,3.650732579365081
2018-09-22 10:45:00,2.95,3.4466319642857157
2018-09-22 11:00:00,3.28,4.936021428571432
2018-09-22 11:15:00,3.78,2.9934000793650792
2018-09-22 11:30:00,2.99,3.1814014285714283
2018-09-22 11:45:00,3.35,3.3793476190476195
2018-09-22 12:00:00,2.92,3.2240987896825395
2018-09-22 12:15:00,2.81,3.3289111904761906
2018-09-22 12:30:00,2.88,3.1576033333333346
2018-09-22 12:45:00,2.95,3.188060496031746
2018-09-22 13:00:00,2.81,3.115626646825397
2018-09-22 13:15:00,2.81,3.597941309523809
2018-09-22 13:30:00,3.17,3.1304344047619055
2018-09-22 13:45:00,4.5,3.078395992063492
2018-09-22 14:00:00,2.99,3.1928302777777766
2018-09-22 14:15:00,2.92,7.197886547619048
2018-09-22 14:30:00,2.81,3.1318130753968245
2018-09-22 14:45:00,2.77,3.0361623015873023
2018-09-22 15:00:00,2.84,3.1068939285714294
2018-09-22 15:15:00,3.13,3.169761666666668
2018-09-22 15:30:00,3.38,3.161696984126987
2018-09-22 15:45:00,3.06,3.1970020833333335
2018-09-22 16:00:00,2.77,3.32366898809524
2018-09-22 16:15:00,2.84,3.184946309523809
2018-09-22 16:30:00,2.88,3.3830027543290027
2018-09-22 16:45:00,2.77,3.3283315638528115
2018-09-22 17:00:00,2.77,3.034627678571429
2018-09-22 17:15:00,2.81,2.9068949007936475
2018-09-22 17:30:00,2.81,2.9217838690476174
2018-09-22 17:45:00,2.81,2.946606944444444
2018-09-22 18:00:00,2.77,3.0113274206349208
2018-09-22 18:15:00,2.92,3.004221567460316
2018-09-22 18:30:00,3.56,3.0546353769841255
2018-09-22 18:45:00,3.06,3.0607551190476188
2018-09-22 19:00:00,2.88,3.025658647186146
2018-09-22 19:15:00,2.84,2.9408588095238084
2018-09-22 19:30:00,2.95,2.966695654761904
2018-09-22 19:45:00,3.38,2.9399315873015883
2018-09-22 20:00:00,3.13,3.0534383928571414
2018-09-22 20:15:00,2.88,2.9267494841269843
2018-09-22 20:30:00,2.95,2.940951230158729
2018-09-22 20:45:00,2.92,2.9083248015872987
2018-09-22 21:00:00,2.92,3.06711375
2018-09-22 21:15:00,2.88,3.033278095238094
2018-09-22 21:30:00,2.88,3.0428313095238115
2018-09-22 21:45:00,2.84,3.0281886904761905
2018-09-22 22:00:00,2.66,3.05924
2018-09-22 22:15:00,2.7,2.9471218452380925
2018-09-22 22:30:00,2.77,2.8199192063492076
2018-09-22 22:45:00,2.77,2.8534767929292943
2018-09-22 23:00:00,2.95,2.8473590476190473
2018-09-22 23:15:00,2.95,2.8391085714285715
2018-09-22 23:30:00,2.84,2.9652698809523828
2018-09-22 23:45:00,2.66,3.001015773809524
2018-09-23 00:00:00,2.56,3.021269821428571
2018-09-23 00:15:00,2.52,2.857497142857145
2018-09-23 00:30:00,2.56,2.8263709704184707
2018-09-23 00:45:00,2.52,2.8988248809523816
2018-09-23 01:00:00,2.56,2.997318333333333
2018-09-23 01:15:00,2.66,3.0825869642857153
2018-09-23 01:30:00,2.56,3.0860568452380965
2018-09-23 01:45:00,2.52,3.061386130952382
2018-09-23 02:00:00,2.56,3.070595833333334
2018-09-23 02:15:00,2.48,3.161326706349206
2018-09-23 02:30:00,2.84,3.1757850595238115
2018-09-23 02:45:00,3.17,3.217105337301588
2018-09-23 03:00:00,2.52,2.8621692261904763
2018-09-23 03:15:00,2.59,2.7370638293650766
2018-09-23 03:30:00,2.81,3.0730619444444414
2018-09-23 03:45:00,3.13,3.1435303571428586
2018-09-23 04:00:00,2.56,2.903661111111111
2018-09-23 04:15:00,2.63,2.7255863293650773
2018-09-23 04:30:00,2.52,3.125891309523808
2018-09-23 04:45:00,2.52,3.0971346626984126
2018-09-23 05:00:00,2.56,3.16171369047619
2018-09-23 05:15:00,2.59,3.0976858333333332
2018-09-23 05:30:00,2.52,3.1669961309523806
2018-09-23 05:45:00,2.56,3.20006875
2018-09-23 06:00:00,2.52,3.213198392857143
2018-09-23 06:15:00,2.52,3.17642636904762
2018-09-23 06:30:00,2.48,5.54955184523809
2018-09-23 06:45:00,2.88,3.1907889682539694
2018-09-23 07:00:00,2.95,3.2529282738095247
2018-09-23 07:15:00,2.52,3.6097031944444455
2018-09-23 07:30:00,2.48,4.046360000000002
2018-09-23 07:45:00,3.13,5.3295491071428565
2018-09-23 08:00:00,2.84,8.987874801587305
2018-09-23 08:15:00,2.48,12.895817976190488
2018-09-23 08:30:00,2.56,3.1327471428571436
2018-09-23 08:45:00,2.81,2.9904885876623393
2018-09-23 09:00:00,2.7,2.8887470238095245
2018-09-23 09:15:00,2.7,3.040925396825397
2018-09-23 09:30:00,2.7,3.071075555555555
2018-09-23 09:45:00,2.7,3.0195616269841263
2018-09-23 10:00:00,2.74,2.952258690476189
2018-09-23 10:15:00,2.7,2.9866031349206335
2018-09-23 10:30:00,2.77,3.0220894047619025
2018-09-23 10:45:00,2.77,3.1757814285714265
2018-09-23 11:00:00,2.7,3.008101646825395
2018-09-23 11:15:00,2.77,2.9754453968253944
2018-09-23 11:30:00,2.74,2.923515595238093
2018-09-23 11:45:00,2.84,3.1114460119047584
2018-09-23 12:00:00,3.35,2.9452425595238094
2018-09-23 12:15:00,2.81,2.9837853571428554
2018-09-23 12:30:00,2.81,3.4553841666666676
2018-09-23 12:45:00,2.81,2.9720420634920632
2018-09-23 13:00:00,2.77,2.9362969444444436
2018-09-23 13:15:00,2.99,2.975836944444444
2018-09-23 13:30:00,3.35,2.9892363492063487
2018-09-23 13:45:00,2.81,3.0686540476190447
2018-09-23 14:00:00,2.88,3.1972261309523806
2018-09-23 14:15:00,2.77,3.0854110714285707
2018-09-23 14:30:00,2.81,3.048014642857142
2018-09-23 14:45:00,2.81,3.011024999999999
2018-09-23 15:00:00,2.81,3.0598392460317463
2018-09-23 15:15:00,2.77,3.1204684523809534
2018-09-23 15:30:00,2.81,3.085249166666667
2018-09-23 15:45:00,2.84,3.024159166666667
2018-09-23 16:00:00,2.84,3.0448430952380945
2018-09-23 16:15:00,3.1,2.9408250793650796
2018-09-23 16:30:00,3.2,2.877065416666665
2018-09-23 16:45:00,2.81,2.948530288600288
2018-09-23 17:00:00,2.77,2.9419642063492057
2018-09-23 17:15:00,2.81,2.976200476190475
2018-09-23 17:30:00,2.81,3.00542505952381
2018-09-23 17:45:00,2.81,2.980755178571428
2018-09-23 18:00:00,3.17,2.896536785714284
2018-09-23 18:15:00,3.13,3.029075773809522
2018-09-23 18:30:00,2.81,2.9257535714285696
2018-09-23 18:45:00,2.81,2.907336071428572
2018-09-23 19:00:00,2.81,2.9373596428571407
2018-09-23 19:15:00,2.88,2.9294538690476184
2018-09-23 19:30:00,2.81,2.9268204166666663
2018-09-23 19:45:00,3.24,2.957542499999998
2018-09-23 20:00:00,3.02,2.953855496031744
2018-09-23 20:15:00,2.81,2.9279241666666684
2018-09-23 20:30:00,2.84,2.940728333333332
2018-09-23 20:45:00,2.81,2.9242316269841253
2018-09-23 21:00:00,2.92,2.9478657936507915
2018-09-23 21:15:00,2.81,2.928559583333332
2018-09-23 21:30:00,2.88,3.0103585714285703
2018-09-23 21:45:00,2.81,2.9677419047619025
2018-09-23 22:00:00,2.63,2.94454505952381
2018-09-23 22:15:00,2.63,2.951904345238094
2018-09-23 22:30:00,2.66,2.852723769841272
2018-09-23 22:45:00,2.7,2.876565873015876
2018-09-23 23:00:00,3.6,2.8629311309523824
2018-09-23 23:15:00,4.0,2.8082446031746042
2018-09-23 23:30:00,2.63,2.7065786904761926
2018-09-23 23:45:00,2.63,3.7431519444444445
2018-09-24 00:00:00,2.59,2.9323410714285747
2018-09-24 00:15:00,2.63,2.9147940656565674
2018-09-24 00:30:00,2.74,2.902657142857145
2018-09-24 00:45:00,2.63,2.9856678156565666
2018-09-24 01:00:00,2.59,2.846414702380952
2018-09-24 01:15:00,2.63,2.896457220418473
2018-09-24 01:30:00,2.63,2.9567449603174607
2018-09-24 01:45:00,2.66,2.9682709920634944
2018-09-24 02:00:00,2.66,3.0133969642857146
2018-09-24 02:15:00,2.66,2.9399066666666687
2018-09-24 02:30:00,2.63,2.8345812500000016
2018-09-24 02:45:00,2.63,2.831225000000001
2018-09-24 03:00:00,2.95,2.866906964285716
2018-09-24 03:15:00,3.02,2.948721825396827
2018-09-24 03:30:00,2.63,2.8035617857142863
2018-09-24 03:45:00,3.17,2.6663835912698404
2018-09-24 04:00:00,3.24,3.0843849603174607
2018-09-24 04:15:00,2.74,2.8313611904761897
2018-09-24 04:30:00,2.66,2.913048373015875
2018-09-24 04:45:00,2.63,2.898898353174605
2018-09-24 05:00:00,2.66,2.831842936507938
2018-09-24 05:15:00,2.63,2.835549107142857
2018-09-24 05:30:00,2.7,2.8541144101731613
2018-09-24 05:45:00,2.63,2.8163680952380963
2018-09-24 06:00:00,2.59,2.835763432539684
2018-09-24 06:15:00,3.1,2.8323732142857154
2018-09-24 06:30:00,2.92,2.900918273809522
2018-09-24 06:45:00,2.56,2.6833029166666655
2018-09-24 07:00:00,2.66,2.769997499999999
2018-09-24 07:15:00,2.59,3.246217261904761
2018-09-24 07:30:00,2.56,4.001211547619045
2018-09-24 07:45:00,2.63,4.363464880952381
2018-09-24 08:00:00,2.59,15.255233035714289
2018-09-24 08:15:00,2.59,17.552383174603168
2018-09-24 08:30:00,2.74,3.873288392857143
2018-09-24 08:45:00,2.81,3.5564068452380955
2018-09-24 09:00:00,2.88,3.560899583333334
2018-09-24 09:15:00,2.84,3.5636891071428582
2018-09-24 09:30:00,3.17,3.3551650992063498
2018-09-24 09:45:00,3.24,6.513477678571428
2018-09-24 10:00:00,2.84,6.551254940476187
2018-09-24 10:15:00,2.88,3.4137046428571445
2018-09-24 10:30:00,3.42,3.543007658730159
2018-09-24 10:45:00,2.88,3.4354271428571423
2018-09-24 11:00:00,2.84,3.210710753968252
2018-09-24 11:15:00,2.81,3.1701449999999993
2018-09-24 11:30:00,2.84,3.125664980158728
2018-09-24 11:45:00,2.88,3.169662738095237
2018-09-24 12:00:00,2.81,3.2899018849206363
2018-09-24 12:15:00,2.81,3.3516750000000024
2018-09-24 12:30:00,2.84,3.314810833333334
2018-09-24 12:45:00,2.81,3.296951111111112
2018-09-24 13:00:00,2.81,3.2664210714285713
2018-09-24 13:15:00,2.84,3.443716904761909
2018-09-24 13:30:00,2.84,3.3916275595238106
2018-09-24 13:45:00,3.13,3.0264784848484867
2018-09-24 14:00:00,3.49,3.0377081277056295
2018-09-24 14:15:00,2.92,2.982723551587303
2018-09-24 14:30:00,3.38,3.0100359523809526
2018-09-24 14:45:00,3.24,3.1311514610389612
2018-09-24 15:00:00,2.84,3.035120000000001
2018-09-24 15:15:00,2.84,3.005223750000001
2018-09-24 15:30:00,2.81,2.9429870238095246
2018-09-24 15:45:00,2.81,2.940665833333331
2018-09-24 16:00:00,2.81,2.993297738095239
2018-09-24 16:15:00,2.92,3.290732757936509
2018-09-24 16:30:00,2.88,3.203997103174604
2018-09-24 16:45:00,2.81,3.2214804761904783
2018-09-24 17:00:00,2.81,3.0004369047619037
2018-09-24 17:15:00,2.84,2.9495925198412682
2018-09-24 17:30:00,2.77,3.0061696565934053
2018-09-24 17:45:00,2.77,2.9860231547619054
2018-09-24 18:00:00,2.74,3.0232953571428562
2018-09-24 18:15:00,2.74,3.0771486904761916
2018-09-24 18:30:00,2.88,2.975733663419914
2018-09-24 18:45:00,2.84,2.9867339610389636
2018-09-24 19:00:00,2.81,2.982793273809524
2018-09-24 19:15:00,3.38,2.9036874999999984
2018-09-24 19:30:00,4.43,2.9029534523809515
2018-09-24 19:45:00,2.92,2.9562388690476213
2018-09-24 20:00:00,2.81,3.3040163095238104
2018-09-24 20:15:00,2.81,3.069240297619049
2018-09-24 20:30:00,2.81,3.080435654761907
2018-09-24 20:45:00,2.81,2.9626779761904736
2018-09-24 21:00:00,2.88,2.961700238095237
2018-09-24 21:15:00,2.92,2.9816919047619037
2018-09-24 21:30:00,2.81,2.991774761904759
2018-09-24 21:45:00,2.77,3.0089619047619043
2018-09-24 22:00:00,2.66,2.989775892857141
2018-09-24 22:15:00,2.63,2.977857083333331
2018-09-24 22:30:00,2.84,2.828501646825399
2018-09-24 22:45:00,3.2,2.916857936507936
2018-09-24 23:00:00,2.59,2.9750315873015865
2018-09-24 23:15:00,2.56,2.9120175
2018-09-24 23:30:00,2.59,2.9252647222222223
2018-09-24 23:45:00,2.66,2.9701340079365104
2018-09-25 00:00:00,2.66,2.964685515873015
2018-09-25 00:15:00,3.24,3.0656527380952387
2018-09-25 00:30:00,2.99,3.022034404761907
2018-09-25 00:45:00,2.63,2.6823975595238094
2018-09-25 01:00:00,2.63,2.7510722619047647
2018-09-25 01:15:00,2.63,2.840414920634923
2018-09-25 01:30:00,2.59,2.90139908730159
2018-09-25 01:45:00,2.7,2.8958910714285717
2018-09-25 02:00:00,3.24,2.927094404761904
2018-09-25 02:15:00,2.77,2.932632500000002
2018-09-25 02:30:00,2.7,2.695822678571429
2018-09-25 02:45:00,2.63,2.8124112896825384
2018-09-25 03:00:00,2.59,2.83639912698413
2018-09-25 03:15:00,2.66,2.843861785714288
2018-09-25 03:30:00,2.63,2.8914159523809535
2018-09-25 03:45:00,2.63,2.859170059523811
2018-09-25 04:00:00,2.59,3.004506904761905
2018-09-25 04:15:00,2.59,2.9575811309523816
2018-09-25 04:30:00,2.66,2.956075535714285
2018-09-25 04:45:00,2.66,3.0355639880952365
2018-09-25 05:00:00,2.63,3.1671723809523824
2018-09-25 05:15:00,2.88,3.074978630952381
2018-09-25 05:30:00,3.85,3.0554191071428574
2018-09-25 05:45:00,2.84,2.830685277777777
2018-09-25 06:00:00,2.56,2.843518809523813
2018-09-25 06:15:00,2.56,2.889827797619048
2018-09-25 06:30:00,2.56,2.828076746031746
2018-09-25 06:45:00,2.52,2.8981011904761904
2018-09-25 07:00:00,2.56,3.0272045238095258
2018-09-25 07:15:00,2.63,3.034226250000003
2018-09-25 07:30:00,2.59,3.704143829365082
2018-09-25 07:45:00,2.63,4.144180892857144
2018-09-25 08:00:00,2.59,13.45180001984127
2018-09-25 08:15:00,2.52,10.428160972222226
2018-09-25 08:30:00,2.48,2.9236833333333316
2018-09-25 08:45:00,2.92,2.8908844444444446
2018-09-25 09:00:00,3.13,3.1056683333333344
2018-09-25 09:15:00,2.66,2.8112416468253962
2018-09-25 09:30:00,2.7,2.7808659920634926
2018-09-25 09:45:00,2.66,2.792332976190477
2018-09-25 10:00:00,3.1,3.1155392261904784
2018-09-25 10:15:00,3.35,3.304754880952382
2018-09-25 10:30:00,2.74,3.2960288095238104
2018-09-25 10:45:00,2.63,2.8121005753968267
2018-09-25 11:00:00,2.66,2.6600839285714266
2018-09-25 11:15:00,2.66,2.6462436904761875
2018-09-25 11:30:00,2.66,2.6958666468253933
2018-09-25 11:45:00,2.59,2.7194668849206316
2018-09-25 12:00:00,2.66,2.8902123214285718
2018-09-25 12:15:00,2.66,2.866052202380954
2018-09-25 12:30:00,2.66,3.0387270436507934
2018-09-25 12:45:00,2.84,3.086363988095236
2018-09-25 13:00:00,3.35,2.8370328373015865
2018-09-25 13:15:00,2.66,2.779242916666667
2018-09-25 13:30:00,2.63,2.809359583333333
2018-09-25 13:45:00,2.66,2.8230591666666682
2018-09-25 14:00:00,2.66,2.8399288690476197
2018-09-25 14:15:00,2.66,3.026214285714285
2018-09-25 14:30:00,2.63,2.9683527380952386
2018-09-25 14:45:00,2.74,2.832185595238095
2018-09-25 15:00:00,2.74,2.9176206547619046
2018-09-25 15:15:00,2.66,2.9367329761904744
2018-09-25 15:30:00,2.63,2.8814037499999983
2018-09-25 15:45:00,2.7,2.872504047619047
2018-09-25 16:00:00,2.66,2.9090112499999985
2018-09-25 16:15:00,2.66,3.0942489880952393
2018-09-25 16:30:00,3.28,3.0612364880952394
2018-09-25 16:45:00,3.67,3.0219951785714296
2018-09-25 17:00:00,2.95,2.861998511904762
2018-09-25 17:15:00,2.66,2.965344226190477
2018-09-25 17:30:00,2.63,2.9298838888888885
2018-09-25 17:45:00,2.63,2.848509801587303
2018-09-25 18:00:00,2.52,2.8930585714285724
2018-09-25 18:15:00,2.56,2.992638194444444
2018-09-25 18:30:00,2.59,2.9752610714285708
2018-09-25 18:45:00,2.59,3.0752348015872992
2018-09-25 19:00:00,2.7,3.1075028571428556
2018-09-25 19:15:00,2.77,3.100401904761904
2018-09-25 19:30:00,2.84,2.986838690476192
2018-09-25 19:45:00,3.02,2.8840366666666677
2018-09-25 20:00:00,3.35,2.86648630952381
2018-09-25 20:15:00,2.74,2.8736719642857156
2018-09-25 20:30:00,2.74,2.9849048809523797
2018-09-25 20:45:00,2.77,3.0150733928571434
2018-09-25 21:00:00,2.81,2.971087500000002
2018-09-25 21:15:00,2.7,2.96667988095238
2018-09-25 21:30:00,2.77,2.9560506547619037
2018-09-25 21:45:00,3.46,2.849126051587304
2018-09-25 22:00:00,2.88,2.9481377777777777
2018-09-25 22:15:00,2.59,2.875743333333333
2018-09-25 22:30:00,2.56,2.9256032738095246
2018-09-25 22:45:00,2.63,2.9015102777777786
2018-09-25 23:00:00,2.56,2.9533507539682535
2018-09-25 23:15:00,2.63,3.0222508333333336
2018-09-25 23:30:00,3.13,3.0532004761904763
2018-09-25 23:45:00,2.48,2.9977462896825426
2018-09-26 00:00:00,2.56,2.712729404761904
2018-09-26 00:15:00,2.66,2.8831378968253967
2018-09-26 00:30:00,2.63,2.9137239285714283
2018-09-26 00:45:00,2.66,3.0663715476190494
2018-09-26 01:00:00,2.63,3.029326607142858
2018-09-26 01:15:00,2.59,2.9444625595238114
2018-09-26 01:30:00,2.59,2.8700730357142867
2018-09-26 01:45:00,2.66,2.9023532738095223
2018-09-26 02:00:00,2.59,3.036423333333334
2018-09-26 02:15:00,2.56,3.1552755753968267
2018-09-26 02:30:00,2.77,3.1936894642857148
2018-09-26 02:45:00,3.17,3.1585971428571407
2018-09-26 03:00:00,2.81,2.886534523809525
2018-09-26 03:15:00,2.63,2.7093782738095222
2018-09-26 03:30:00,3.13,2.75962613095238
2018-09-26 03:45:00,2.92,2.9647302579365076
2018-09-26 04:00:00,2.59,5.534676675824175
2018-09-26 04:15:00,2.56,2.812755
2018-09-26 04:30:00,2.59,2.799459722222222
2018-09-26 04:45:00,2.56,2.8701940476190475
2018-09-26 05:00:00,2.63,2.9046668452380957
2018-09-26 05:15:00,2.56,2.9929130357142864
2018-09-26 05:30:00,2.63,3.0433691666666682
2018-09-26 05:45:00,2.56,3.046
2018-09-26 06:00:00,2.48,2.9423997023809534
2018-09-26 06:15:00,2.52,3.093369226190477
2018-09-26 06:30:00,2.52,2.994983214285715
2018-09-26 06:45:00,2.59,3.057300297619048
2018-09-26 07:00:00,2.52,3.2318485119047633
2018-09-26 07:15:00,2.56,3.411677321428576
2018-09-26 07:30:00,2.56,5.442305238095238
2018-09-26 07:45:00,3.13,5.864388095238094
2018-09-26 08:00:00,3.02,13.240426289682535
2018-09-26 08:15:00,2.74,11.339828273809523
2018-09-26 08:30:00,2.48,3.329453452380955
2018-09-26 08:45:00,2.59,2.943488690476191
2018-09-26 09:00:00,2.63,3.1516025595238113
2018-09-26 09:15:00,2.63,3.3327319047619075
2018-09-26 09:30:00,2.66,3.0057394047619046
2018-09-26 09:45:00,2.63,2.8961964285714275
2018-09-26 10:00:00,2.74,2.8743211904761896
2018-09-26 10:15:00,2.63,3.1416133928571406
2018-09-26 10:30:00,2.63,6.626908392857144
2018-09-26 10:45:00,2.59,7.674592083333336
2018-09-26 11:00:00,2.59,3.019783492063492
2018-09-26 11:15:00,3.2,2.920658015873015
2018-09-26 11:30:00,3.2,3.000580277777778
2018-09-26 11:45:00,3.24,3.0777775000000025
2018-09-26 12:00:00,2.81,3.18008398809524
2018-09-26 12:15:00,2.7,3.199919702380953
2018-09-26 12:30:00,2.74,2.908358392857142
2018-09-26 12:45:00,2.81,3.0920794246031758
2018-09-26 13:00:00,2.74,2.911025317460317
2018-09-26 13:15:00,2.7,6.155005119047618
2018-09-26 13:30:00,2.7,7.275951666666668
2018-09-26 13:45:00,2.59,2.947385416666666
2018-09-26 14:00:00,2.59,2.957011607142856
2018-09-26 14:15:00,2.59,2.892598611111112
2018-09-26 14:30:00,2.59,2.905416011904761
2018-09-26 14:45:00,2.66,2.893943511904762
2018-09-26 15:00:00,3.24,2.875085535714285
2018-09-26 15:15:00,2.77,2.8599039285714283
2018-09-26 15:30:00,2.59,3.0132388095238087
2018-09-26 15:45:00,2.59,2.8817373809523796
2018-09-26 16:00:00,2.56,2.86268244047619
2018-09-26 16:15:00,2.59,3.190826547619049
2018-09-26 16:30:00,2.52,3.138762619047621
2018-09-26 16:45:00,2.66,3.019943333333334
2018-09-26 17:00:00,2.59,3.0908343452380955
2018-09-26 17:15:00,2.59,3.138511071428571
2018-09-26 17:30:00,3.17,3.1547073809523813
2018-09-26 17:45:00,3.02,3.1434140873015872
2018-09-26 18:00:00,2.52,2.867383452380951
2018-09-26 18:15:00,2.59,2.7745732142857147
2018-09-26 18:30:00,3.31,2.9542236111111126
2018-09-26 18:45:00,2.7,2.9944586111111122
2018-09-26 19:00:00,2.66,2.9184463095238073
2018-09-26 19:15:00,2.66,2.9333248214285716
2018-09-26 19:30:00,2.74,2.9486276190476195
2018-09-26 19:45:00,2.74,2.9239395238095263
2018-09-26 20:00:00,2.66,2.84385625
2018-09-26 20:15:00,2.63,2.9253259523809527
2018-09-26 20:30:00,2.66,2.8709911507936527
2018-09-26 20:45:00,2.7,3.155351527777778
2018-09-26 21:00:00,2.63,2.8823113492063515
2018-09-26 21:15:00,2.92,2.9055958928571446
2018-09-26 21:30:00,3.28,2.9506953769841293
2018-09-26 21:45:00,2.74,2.8953603571428577
2018-09-26 22:00:00,2.56,2.7820536904761917
2018-09-26 22:15:00,2.63,3.0289965476190486
2018-09-26 22:30:00,3.17,2.884946111111113
2018-09-26 22:45:00,2.7,2.959068908730161
2018-09-26 23:00:00,2.45,2.7301072619047613
2018-09-26 23:15:00,2.45,2.880284861111114
2018-09-26 23:30:00,2.45,2.9105955555555543
2018-09-26 23:45:00,2.84,2.9581739880952385
2018-09-27 00:00:00,2.48,3.016507380952382
2018-09-27 00:15:00,2.48,2.7967848611111106
2018-09-27 00:30:00,2.59,3.0923141071428573
2018-09-27 00:45:00,3.1,2.99398625
2018-09-27 01:00:00,2.74,3.0651357738095224
2018-09-27 01:15:00,2.56,2.7997289880952376
2018-09-27 01:30:00,2.52,2.8553348809523804
2018-09-27 01:45:00,2.52,2.9738491071428563
2018-09-27 02:00:00,2.56,3.0894601587301582
2018-09-27 02:15:00,2.52,3.147143452380953
2018-09-27 02:30:00,2.52,3.169069583333333
2018-09-27 02:45:00,2.7,3.2095275595238117
2018-09-27 03:00:00,3.2,3.236988392857144
2018-09-27 03:15:00,2.81,5.743522559523812
2018-09-27 03:30:00,2.52,5.1996487698412635
2018-09-27 03:45:00,2.56,5.321822857142855
2018-09-27 04:00:00,2.52,3.06184097222222
2018-09-27 04:15:00,2.52,5.630595892857142
2018-09-27 04:30:00,2.52,5.687392321428571
2018-09-27 04:45:00,3.17,3.1565822023809527
2018-09-27 05:00:00,2.66,3.185119523809525
2018-09-27 05:15:00,2.56,2.846953414502163
2018-09-27 05:30:00,2.52,3.098034702380953
2018-09-27 05:45:00,2.45,3.293575773809522
2018-09-27 06:00:00,2.45,3.3078369047619045
2018-09-27 06:15:00,2.48,3.110025833333333
2018-09-27 06:30:00,2.48,3.368874702380952
2018-09-27 06:45:00,2.45,3.3615077976190473
2018-09-27 07:00:00,2.48,3.216356011904762
2018-09-27 07:15:00,2.84,3.988414940476192
2018-09-27 07:30:00,7.99,5.153791428571431
2018-09-27 07:45:00,9.04,8.427505119047618
2018-09-27 08:00:00,28.04,37.72631013888888
2018-09-27 08:15:00,49.46,59.96868654761904
2018-09-27 08:30:00,56.41,61.469022261904726
2018-09-27 08:45:00,40.75,54.594085119047605
2018-09-27 09:00:00,47.16,61.38696607142856
2018-09-27 09:15:00,46.91,51.02557113095238
2018-09-27 09:30:00,54.72,53.11946982142853
2018-09-27 09:45:00,57.78,49.00920428571426
2018-09-27 10:00:00,48.38,57.29332244047616
2018-09-27 10:15:00,57.82,56.654385476190456
2018-09-27 10:30:00,62.06,59.8690257142857
2018-09-27 10:45:00,57.49,62.33779180555555
2018-09-27 11:00:00,51.8,60.90293702380953
2018-09-27 11:15:00,44.28,59.92592880952382
2018-09-27 11:30:00,48.96,60.36925656024531
2018-09-27 11:45:00,54.0,47.91481454365082
2018-09-27 12:00:00,3.89,16.021098095238106
2018-09-27 12:15:00,3.67,13.750008511904769
2018-09-27 12:30:00,3.49,4.458530833333331
2018-09-27 12:45:00,4.07,4.282011904761905
2018-09-27 13:00:00,25.85,36.54089371031745
2018-09-27 13:15:00,61.02,47.528474444444456
2018-09-27 13:30:00,52.85,52.392716964285704
2018-09-27 13:45:00,60.62,66.61818378968252
2018-09-27 14:00:00,121.46,61.34775875000001
2018-09-27 14:15:00,127.62,58.55751267857145
2018-09-27 14:30:00,71.14,98.23747906385283
2018-09-27 14:45:00,112.46,95.79592142857136
2018-09-27 15:00:00,110.05,76.88048976190481
2018-09-27 15:15:00,96.01,86.2602119372294
2018-09-27 15:30:00,115.24,99.47830607142856
2018-09-27 15:45:00,82.19,85.95586541666665
2018-09-27 16:00:00,61.63,90.92494966269844
2018-09-27 16:15:00,60.73,80.91152555555554
2018-09-27 16:30:00,48.53,82.02386325396824
2018-09-27 16:45:00,49.07,66.66829376984127
2018-09-27 17:00:00,54.32,66.71221831349207
2018-09-27 17:15:00,59.62,58.59474121031749
2018-09-27 17:30:00,34.81,31.569276249999987
2018-09-27 17:45:00,27.32,31.69932226190476
2018-09-27 18:00:00,32.22,49.48697303571428
2018-09-27 18:15:00,40.86,40.979947380952375
2018-09-27 18:30:00,36.18,51.16497982142856
2018-09-27 18:45:00,31.75,43.08979234126984
2018-09-27 19:00:00,37.76,39.3447275559163
2018-09-27 19:15:00,31.79,37.270476607142875
2018-09-27 19:30:00,36.4,37.94261234126986
2018-09-27 19:45:00,40.32,35.17073603174603
2018-09-27 20:00:00,34.34,36.475387546897544
2018-09-27 20:15:00,34.92,36.7407152579365
2018-09-27 20:30:00,39.64,31.984167321428554
2018-09-27 20:45:00,19.04,23.305735753968275
2018-09-27 21:00:00,7.49,13.708057440476193
2018-09-27 21:15:00,5.26,4.216608809523811
2018-09-27 21:30:00,3.78,4.200739186507934
2018-09-27 21:45:00,3.78,4.113549455266956
2018-09-27 22:00:00,3.49,3.718380357142856
2018-09-27 22:15:00,3.46,3.851882996031746
2018-09-27 22:30:00,3.46,3.524805714285717
2018-09-27 22:45:00,3.42,3.4302522619047617
2018-09-27 23:00:00,3.31,3.396999999999999
2018-09-27 23:15:00,2.77,3.2695046428571435
2018-09-27 23:30:00,2.77,3.209820048701299
2018-09-27 23:45:00,3.13,3.689078333333333
2018-09-28 00:00:00,2.77,2.890241944444444
2018-09-28 00:15:00,2.81,2.8910975595238084
2018-09-28 00:30:00,2.84,2.8426557738095237
2018-09-28 00:45:00,2.95,2.8545564285714273
2018-09-28 01:00:00,2.88,2.8529011904761883
2018-09-28 01:15:00,2.92,3.003464166666666
2018-09-28 01:30:00,3.02,3.033580297619049
2018-09-28 01:45:00,2.99,3.049388630952381
2018-09-28 02:00:00,3.38,3.060061626984126
2018-09-28 02:15:00,4.1,3.0304402777777772
2018-09-28 02:30:00,3.17,3.01877738095238
2018-09-28 02:45:00,2.99,3.0289033946608956
2018-09-28 03:00:00,2.95,3.092242579365081
2018-09-28 03:15:00,2.95,2.9865771626984117
2018-09-28 03:30:00,2.95,2.9730928373015884
2018-09-28 03:45:00,2.88,3.1083762301587323
2018-09-28 04:00:00,2.95,3.0832973286435794
2018-09-28 04:15:00,3.02,3.091353214285714
2018-09-28 04:30:00,2.95,3.0565236706349195
2018-09-28 04:45:00,2.92,2.9757487301587293
2018-09-28 05:00:00,2.95,3.0204676190476194
2018-09-28 05:15:00,2.99,3.070719940476189
2018-09-28 05:30:00,2.95,3.027665099206348
2018-09-28 05:45:00,3.64,3.016022804834054
2018-09-28 06:00:00,3.85,3.083381845238099
2018-09-28 06:15:00,3.17,3.04257023809524
2018-09-28 06:30:00,2.88,3.0260434523809527
2018-09-28 06:45:00,2.84,3.061024761904763
2018-09-28 07:00:00,2.92,3.0570847222222226
2018-09-28 07:15:00,3.06,3.7681383730158724
2018-09-28 07:30:00,3.2,4.259712321428573
2018-09-28 07:45:00,3.02,4.285738214285717
2018-09-28 08:00:00,28.48,31.883856904761895
2018-09-28 08:15:00,38.59,32.15534761904764
2018-09-28 08:30:00,55.51,50.158930512265535
2018-09-28 08:45:00,58.03,48.529954166666656
2018-09-28 09:00:00,54.36,61.00343035714284
2018-09-28 09:15:00,60.3,55.357459325396825
2018-09-28 09:30:00,60.12,49.53614511904762
2018-09-28 09:45:00,47.2,54.02224238095238
2018-09-28 10:00:00,49.32,57.01178021825396
2018-09-28 10:15:00,53.14,51.39964853174605
2018-09-28 10:30:00,52.6,51.15693053571428
2018-09-28 10:45:00,59.69,53.209638313492086
2018-09-28 11:00:00,50.26,52.21218793650794
2018-09-28 11:15:00,56.77,50.31788972222222
2018-09-28 11:30:00,50.72,48.988317100122096
2018-09-28 11:45:00,46.12,46.37618853174602
2018-09-28 12:00:00,6.12,8.870808095238091
2018-09-28 12:15:00,5.26,5.741045873015871
2018-09-28 12:30:00,4.0,5.275148690476187
2018-09-28 12:45:00,3.64,5.1282016071428576
2018-09-28 13:00:00,26.57,31.854504325396803
2018-09-28 13:15:00,43.67,49.64534859126983
2018-09-28 13:30:00,55.58,44.05651029761904
2018-09-28 13:45:00,64.87,47.98813265873018
2018-09-28 14:00:00,41.72,57.36722977994224
2018-09-28 14:15:00,39.1,65.01333361111114
2018-09-28 14:30:00,53.68,37.47983138888889
2018-09-28 14:45:00,55.04,36.98262035714286
2018-09-28 15:00:00,38.52,51.574419226190464
2018-09-28 15:15:00,56.81,49.251015595238094
2018-09-28 15:30:00,56.66,35.135397678571444
2018-09-28 15:45:00,44.71,51.37945833333333
2018-09-28 16:00:00,38.74,52.55139652777776
2018-09-28 16:15:00,45.36,34.01760248015873
2018-09-28 16:30:00,50.18,30.746598452380958
2018-09-28 16:45:00,58.25,32.17935378968255
2018-09-28 17:00:00,46.76,38.30227525793653
2018-09-28 17:15:00,51.48,45.714077579365075
2018-09-28 17:30:00,33.41,38.848188095238086
2018-09-28 17:45:00,27.25,26.985723392857153
2018-09-28 18:00:00,29.52,27.581076944444455
2018-09-28 18:15:00,37.87,37.73898404761906
2018-09-28 18:30:00,38.12,38.05373767857142
2018-09-28 18:45:00,38.63,37.40107130952381
2018-09-28 19:00:00,38.38,43.5901257936508
2018-09-28 19:15:00,29.45,27.953483948412714
2018-09-28 19:30:00,36.58,36.68096904761907
2018-09-28 19:45:00,35.32,29.322388685897444
2018-09-28 20:00:00,35.24,33.03677628968254
2018-09-28 20:15:00,33.16,31.11112702380953
2018-09-28 20:30:00,21.67,31.148968154761913
2018-09-28 20:45:00,7.85,17.286633611111114
2018-09-28 21:00:00,6.19,5.014926746031748
2018-09-28 21:15:00,3.56,4.695649523809524
2018-09-28 21:30:00,3.6,4.264051051587301
2018-09-28 21:45:00,3.53,3.4972570436507935
2018-09-28 22:00:00,3.24,3.5537312698412715
2018-09-28 22:15:00,3.17,3.361339642857142
2018-09-28 22:30:00,3.2,3.0341776190476186
2018-09-28 22:45:00,3.17,3.1931164880952383
2018-09-28 23:00:00,3.1,3.122065119047619
2018-09-28 23:15:00,3.1,3.140902321428571
2018-09-28 23:30:00,3.13,3.1035283333333337
2018-09-28 23:45:00,2.56,3.353077003968252
2018-09-29 00:00:00,2.7,3.159101130952381
2018-09-29 00:15:00,2.48,2.8165239484127
2018-09-29 00:30:00,2.45,2.761771210317462
2018-09-29 00:45:00,2.56,2.7608606944444474
2018-09-29 01:00:00,2.59,2.8227009722222234
2018-09-29 01:15:00,3.17,2.7904881547619045
2018-09-29 01:30:00,2.95,2.7864348809523802
2018-09-29 01:45:00,2.52,2.835222440476191
2018-09-29 02:00:00,2.52,2.9363587698412705
2018-09-29 02:15:00,2.59,2.779607857142856
2018-09-29 02:30:00,2.48,2.736381408730158
2018-09-29 02:45:00,2.52,2.778808035714286
2018-09-29 03:00:00,2.59,2.782137499999999
2018-09-29 03:15:00,2.59,2.7494397619047595
2018-09-29 03:30:00,2.59,2.694636964285714
2018-09-29 03:45:00,2.59,2.6980414285714276
2018-09-29 04:00:00,2.52,2.8780758730158724
2018-09-29 04:15:00,2.77,2.9410839087301595
2018-09-29 04:30:00,3.17,5.5270348015873
2018-09-29 04:45:00,2.56,5.359375912698409
2018-09-29 05:00:00,2.59,2.662015912698409
2018-09-29 05:15:00,2.59,2.764675615079363
2018-09-29 05:30:00,2.56,2.863831091269841
2018-09-29 05:45:00,2.56,2.86631130952381
2018-09-29 06:00:00,2.52,3.111391388888888
2018-09-29 06:15:00,2.56,3.0897006746031734
2018-09-29 06:30:00,2.59,2.793106527777777
2018-09-29 06:45:00,2.74,5.487077420634922
2018-09-29 07:00:00,3.13,3.112606587301587
2018-09-29 07:15:00,3.02,3.636063730158733
2018-09-29 07:30:00,2.66,3.9531200000000006
2018-09-29 07:45:00,3.06,5.101989920634921
2018-09-29 08:00:00,21.85,11.811031904761903
2018-09-29 08:15:00,47.3,16.672808333333343
2018-09-29 08:30:00,45.65,29.058483432539692
2018-09-29 08:45:00,41.9,59.08915494047619
2018-09-29 09:00:00,44.46,44.61029966269841
2018-09-29 09:15:00,47.41,33.99632160714285
2018-09-29 09:30:00,47.23,40.196831190476175
2018-09-29 09:45:00,37.87,43.00627206043957
2018-09-29 10:00:00,47.74,41.263918846153835
2018-09-29 10:15:00,44.5,33.19587669913419
2018-09-29 10:30:00,42.3,44.24625154761907
2018-09-29 10:45:00,44.14,39.074671894494394
2018-09-29 11:00:00,48.02,32.156086111111094
2018-09-29 11:15:00,49.14,37.645008730158736
2018-09-29 11:30:00,44.5,44.57705854853482
2018-09-29 11:45:00,32.47,43.159036865079386
2018-09-29 12:00:00,3.42,5.541718134920632
2018-09-29 12:15:00,3.28,5.214085952380952
2018-09-29 12:30:00,3.38,4.2752235714285725
2018-09-29 12:45:00,4.5,4.177730119047619
2018-09-29 13:00:00,19.51,27.37574412698414
2018-09-29 13:15:00,47.59,42.3943801388889
2018-09-29 13:30:00,47.48,39.92707285714286
2018-09-29 13:45:00,35.03,53.11743634920638
2018-09-29 14:00:00,34.6,47.774592543290076
2018-09-29 14:15:00,46.58,37.585650555555546
2018-09-29 14:30:00,47.88,37.02314749999998
2018-09-29 14:45:00,34.49,46.168146547619074
2018-09-29 15:00:00,34.92,47.11077005952384
2018-09-29 15:15:00,50.62,35.05254494047618
2018-09-29 15:30:00,36.14,34.99484177669551
2018-09-29 15:45:00,35.93,46.02247517857143
2018-09-29 16:00:00,51.59,32.612279126984156
2018-09-29 16:15:00,35.32,32.80386987373739
2018-09-29 16:30:00,24.12,41.67532148809522
2018-09-29 16:45:00,4.97,15.216675714285723
2018-09-29 17:00:00,3.6,4.342022301587301
2018-09-29 17:15:00,3.46,4.104157777777779
2018-09-29 17:30:00,3.49,3.4795843055555578
2018-09-29 17:45:00,3.38,3.3626520634920656
2018-09-29 18:00:00,3.35,3.4566821428571433
2018-09-29 18:15:00,3.42,3.2936900595238088
2018-09-29 18:30:00,3.46,3.69697619047619
2018-09-29 18:45:00,3.49,3.3704060714285693
2018-09-29 19:00:00,3.49,3.2412357738095228
2018-09-29 19:15:00,3.46,3.094899345238098
2018-09-29 19:30:00,3.42,3.0683748214285704
2018-09-29 19:45:00,3.42,3.3628499206349205
2018-09-29 20:00:00,3.46,3.3368024206349207
2018-09-29 20:15:00,3.53,3.140017922077922
2018-09-29 20:30:00,3.38,3.1792294047619034
2018-09-29 20:45:00,2.81,3.1206029761904754
2018-09-29 21:00:00,2.81,3.109113511904761
2018-09-29 21:15:00,2.81,2.8569298015873006
2018-09-29 21:30:00,2.81,2.8302045436507934
2018-09-29 21:45:00,2.81,2.838906924603175
2018-09-29 22:00:00,3.13,2.805315833333331
2018-09-29 22:15:00,3.28,2.801106845238094
2018-09-29 22:30:00,2.59,2.870075555555555
2018-09-29 22:45:00,2.59,2.895849166666665
2018-09-29 23:00:00,2.59,2.8077044047619046
2018-09-29 23:15:00,2.56,2.8423490873015864
2018-09-29 23:30:00,2.52,2.8046805537518047
2018-09-29 23:45:00,2.74,2.810527440476191
2018-09-30 00:00:00,3.02,2.8101544047619034
2018-09-30 00:15:00,2.81,2.741880714285712
2018-09-30 00:30:00,2.63,2.8883875595238107
2018-09-30 00:45:00,2.56,2.778418055555554
2018-09-30 01:00:00,2.56,2.7540741071428556
2018-09-30 01:15:00,2.59,2.653030238095236
2018-09-30 01:30:00,2.56,2.74119101190476
2018-09-30 01:45:00,2.56,2.730960357142854
2018-09-30 02:00:00,2.63,2.7374939285714266
2018-09-30 02:15:00,2.56,2.7393949999999996
2018-09-30 02:30:00,2.56,2.6856286904761886
2018-09-30 02:45:00,2.63,2.7738724999999995
2018-09-30 03:00:00,2.59,2.8876951984126986
2018-09-30 03:15:00,2.56,2.7999202380952375
2018-09-30 03:30:00,3.13,2.783050238095236
2018-09-30 03:45:00,2.88,2.8791511904761906
2018-09-30 04:00:00,3.1,2.757791448412699
2018-09-30 04:15:00,3.02,2.695075595238095
2018-09-30 04:30:00,2.52,2.7555115079365082
2018-09-30 04:45:00,2.63,2.9991671428571425
2018-09-30 05:00:00,2.66,2.7570189285714264
2018-09-30 05:15:00,2.52,2.7131526785714253
2018-09-30 05:30:00,2.59,2.836096845238093
2018-09-30 05:45:00,2.52,2.7557085119047615
2018-09-30 06:00:00,2.52,2.7720785714285694
2018-09-30 06:15:00,2.56,2.710423095238092
2018-09-30 06:30:00,2.56,2.7066482936507925
2018-09-30 06:45:00,2.59,2.6116192460317453
2018-09-30 07:00:00,2.52,2.6302222619047613
2018-09-30 07:15:00,2.95,3.0374355158730166
2018-09-30 07:30:00,2.95,4.026290416666668
2018-09-30 07:45:00,2.59,3.3035027976190463
2018-09-30 08:00:00,2.56,13.934070357142865
2018-09-30 08:15:00,2.52,13.348721904761904
2018-09-30 08:30:00,2.63,2.933764047619046
2018-09-30 08:45:00,2.74,2.998217619047619
2018-09-30 09:00:00,3.02,3.0154834523809524
2018-09-30 09:15:00,3.46,2.9866594047619035
2018-09-30 09:30:00,2.81,3.2353426190476196
2018-09-30 09:45:00,2.77,3.347827202380953
2018-09-30 10:00:00,2.74,3.056252023809522
2018-09-30 10:15:00,2.74,2.9780323809523797
2018-09-30 10:30:00,2.74,2.976205575396826
2018-09-30 10:45:00,2.74,3.0123028968253935
2018-09-30 11:00:00,2.7,2.971500634920634
2018-09-30 11:15:00,2.7,2.9353542063492055
2018-09-30 11:30:00,2.74,2.956936904761905
2018-09-30 11:45:00,3.02,2.9677345238095234
2018-09-30 12:00:00,3.31,3.0028847023809506
2018-09-30 12:15:00,2.77,3.2008030357142854
2018-09-30 12:30:00,2.81,3.2736886904761913
2018-09-30 12:45:00,2.77,3.0463186111111096
2018-09-30 13:00:00,2.7,3.000108968253966
2018-09-30 13:15:00,2.66,3.0786415873015853
2018-09-30 13:30:00,2.74,3.1164709523809506
2018-09-30 13:45:00,2.74,2.9906554761904744
2018-09-30 14:00:00,2.74,3.0434683333333323
2018-09-30 14:15:00,2.95,2.987260476190475
2018-09-30 14:30:00,3.38,2.994006309523809
2018-09-30 14:45:00,2.95,3.0405997023809515
2018-09-30 15:00:00,2.7,3.0888142261904754
2018-09-30 15:15:00,2.7,3.090801666666666
2018-09-30 15:30:00,2.7,2.9706448809523818
2018-09-30 15:45:00,2.74,2.9821311309523804
2018-09-30 16:00:00,2.95,3.074715595238096
2018-09-30 16:15:00,3.31,2.9885922023809535
2018-09-30 16:30:00,2.66,2.8637208928571436
2018-09-30 16:45:00,2.7,2.900185833333333
2018-09-30 17:00:00,2.7,2.853594642857143
2018-09-30 17:15:00,2.7,2.7912673015873013
2018-09-30 17:30:00,2.7,2.791601587301588
2018-09-30 17:45:00,2.74,2.790442361111113
2018-09-30 18:00:00,2.63,2.7998914484127018
2018-09-30 18:15:00,2.66,2.8291364087301583
2018-09-30 18:30:00,2.77,2.870417775974029
2018-09-30 18:45:00,2.77,2.908871944444445
2018-09-30 19:00:00,2.95,2.91084273809524
2018-09-30 19:15:00,3.35,2.8786974801587286
2018-09-30 19:30:00,2.99,2.874699523809524
2018-09-30 19:45:00,3.46,2.9091290043290043
2018-09-30 20:00:00,2.74,2.9277762499999995
2018-09-30 20:15:00,2.7,3.2060526190476217
2018-09-30 20:30:00,2.77,2.9252037499999997
2018-09-30 20:45:00,2.77,2.826389742063493
2018-09-30 21:00:00,2.77,2.862547916666667
2018-09-30 21:15:00,2.77,2.891445595238095
2018-09-30 21:30:00,2.74,2.8777877380952366
2018-09-30 21:45:00,2.77,2.874698511904762
2018-09-30 22:00:00,2.59,2.8490093253968256
2018-09-30 22:15:00,3.17,2.882759027777776
2018-09-30 22:30:00,2.81,2.8643801587301594
2018-09-30 22:45:00,2.59,2.8109758549783543
2018-09-30 23:00:00,2.56,2.894725238095238
2018-09-30 23:15:00,2.52,2.917756329365081
2018-09-30 23:30:00,2.59,2.9430473015873027
2018-09-30 23:45:00,2.56,3.0100230357142874
