interval_start,energy,prediction
2018-07-01 00:00:00,2.81,3.2359355260113833
2018-07-01 00:15:00,2.81,3.0172605180655134
2018-07-01 00:30:00,2.95,2.97187391013551
2018-07-01 00:45:00,2.81,2.9548940736272065
2018-07-01 01:00:00,2.88,2.9696080911033382
2018-07-01 01:15:00,2.88,2.9465412749217816
2018-07-01 01:30:00,2.84,2.9635211114300852
2018-07-01 01:45:00,2.84,2.9465412749217816
2018-07-01 02:00:00,2.92,2.9465412749217816
2018-07-01 02:15:00,2.84,2.9465412749217816
2018-07-01 02:30:00,2.88,2.9465412749217816
2018-07-01 02:45:00,2.84,2.9465412749217816
2018-07-01 03:00:00,3.67,2.9465412749217816
2018-07-01 03:15:00,3.85,2.962089199257757
2018-07-01 03:30:00,2.88,3.2458228221068994
2018-07-01 03:45:00,2.81,3.526138495473579
2018-07-01 04:00:00,2.81,3.080152560701815
2018-07-01 04:15:00,2.81,3.005475815174621
2018-07-01 04:30:00,2.81,2.9891732098927983
2018-07-01 04:45:00,2.84,2.9891732098927983
2018-07-01 05:00:00,2.74,2.9661063937112417
2018-07-01 05:15:00,2.77,2.9661063937112417
2018-07-01 05:30:00,2.81,2.9661063937112417
2018-07-01 05:45:00,2.81,2.9661063937112417
2018-07-01 06:00:00,2.77,2.9661063937112417
2018-07-01 06:15:00,2.81,2.9244113493690773
2018-07-01 06:30:00,2.74,2.9244113493690773
2018-07-01 06:45:00,2.74,2.9358653186412016
2018-07-01 07:00:00,2.7,2.9358653186412016
2018-07-01 07:15:00,2.74,2.9358653186412016
2018-07-01 07:30:00,3.28,3.0803923105312587
2018-07-01 07:45:00,3.06,3.026122527776237
2018-07-01 08:00:00,3.38,15.323047270808647
2018-07-01 08:15:00,2.74,10.7350656072609
2018-07-01 08:30:00,2.66,9.552214441168745
2018-07-01 08:45:00,2.84,3.6354553172111554
2018-07-01 09:00:00,2.99,3.888296536296822
2018-07-01 09:15:00,3.1,4.009164623021338
2018-07-01 09:30:00,2.99,3.8946424349794024
2018-07-01 09:45:00,2.99,4.040793159820982
2018-07-01 10:00:00,3.02,3.8385718889584144
2018-07-01 10:15:00,3.02,3.697069230228081
2018-07-01 10:30:00,2.99,3.531179203431374
2018-07-01 10:45:00,3.06,3.3239553516023967
2018-07-01 11:00:00,3.35,3.3239553516023967
2018-07-01 11:15:00,3.02,3.239342945979294
2018-07-01 11:30:00,2.84,3.0682050126693543
2018-07-01 11:45:00,2.81,3.381835390586288
2018-07-01 12:00:00,2.95,3.190376435906401
2018-07-01 12:15:00,3.13,3.13254216918382
2018-07-01 12:30:00,3.1,3.138629148857073
2018-07-01 12:45:00,3.06,3.3746607241037903
2018-07-01 13:00:00,3.42,3.2915409386778984
2018-07-01 13:15:00,3.6,3.2498146660612997
2018-07-01 13:30:00,2.99,3.809508645019342
2018-07-01 13:45:00,2.95,3.8870035406167656
2018-07-01 14:00:00,2.99,3.893445862058353
2018-07-01 14:15:00,2.99,3.86096147391349
2018-07-01 14:30:00,3.02,3.831769675235178
2018-07-01 14:45:00,2.99,3.831769675235178
2018-07-01 15:00:00,2.99,3.7205216479900782
2018-07-01 15:15:00,3.56,3.171305456465665
2018-07-01 15:30:00,3.17,3.7205216479900782
2018-07-01 15:45:00,2.92,3.2329681909578776
2018-07-01 16:00:00,2.92,3.8889254753600158
2018-07-01 16:15:00,2.95,2.504062163931888
2018-07-01 16:30:00,2.95,3.0332004555846597
2018-07-01 16:45:00,2.95,3.0713672252061572
2018-07-01 17:00:00,2.99,2.9785282458547564
2018-07-01 17:15:00,2.99,2.9967225991612567
2018-07-01 17:30:00,2.95,2.9967225991612567
2018-07-01 17:45:00,3.06,2.967144419413052
2018-07-01 18:00:00,2.88,3.020900768494734
2018-07-01 18:15:00,2.84,3.172921168925857
2018-07-01 18:30:00,3.06,3.1540554820278737
2018-07-01 18:45:00,3.74,3.1540554820278737
2018-07-01 19:00:00,3.56,3.1559413324175534
2018-07-01 19:15:00,3.53,3.415273765544654
2018-07-01 19:30:00,3.02,3.429898941812619
2018-07-01 19:45:00,3.06,3.4257211985315976
2018-07-01 20:00:00,3.06,3.0815851081809145
2018-07-01 20:15:00,3.1,3.0611511668221474
2018-07-01 20:30:00,3.06,3.057133972368663
2018-07-01 20:45:00,3.06,3.0777450577988605
2018-07-01 21:00:00,3.06,3.006385172294852
2018-07-01 21:15:00,3.06,3.006385172294852
2018-07-01 21:30:00,3.06,2.9823867983280685
2018-07-01 21:45:00,3.06,3.045481436294575
2018-07-01 22:00:00,2.99,3.045481436294575
2018-07-01 22:15:00,2.88,2.9823867983280685
2018-07-01 22:30:00,2.84,2.9635211114300852
2018-07-01 22:45:00,2.81,2.9635211114300852
2018-07-01 23:00:00,3.35,2.9635211114300852
2018-07-01 23:15:00,2.92,2.9548940736272065
2018-07-01 23:30:00,2.81,3.2359355260113833
2018-07-01 23:45:00,3.2,3.0172605180655134
2018-07-02 00:00:00,2.81,3.0239959514904644
2018-07-02 00:15:00,2.84,3.196964420490081
2018-07-02 00:30:00,2.88,3.0408612672673665
2018-07-02 00:45:00,3.28,3.0239959514904644
2018-07-02 01:00:00,3.38,2.998663316276736
2018-07-02 01:15:00,2.88,3.3027715848424695
2018-07-02 01:30:00,2.92,3.34207121309922
2018-07-02 01:45:00,2.92,3.0780095972233465
2018-07-02 02:00:00,2.92,3.0156431527850396
2018-07-02 02:15:00,2.88,3.0217301324582926
2018-07-02 02:30:00,2.92,3.0217301324582926
2018-07-02 02:45:00,3.38,2.998663316276736
2018-07-02 03:00:00,3.13,3.0617579542432423
2018-07-02 03:15:00,2.95,3.3740676402548693
2018-07-02 03:30:00,2.92,3.1816238136994683
2018-07-02 03:45:00,2.84,3.0442192159475243
2018-07-02 04:00:00,2.92,3.0796499190458677
2018-07-02 04:15:00,2.84,3.1027167352274243
2018-07-02 04:30:00,2.88,3.0857368987191207
2018-07-02 04:45:00,2.88,3.062670082537564
2018-07-02 05:00:00,2.88,3.062670082537564
2018-07-02 05:15:00,2.84,3.062670082537564
2018-07-02 05:30:00,2.88,3.062670082537564
2018-07-02 05:45:00,2.84,3.062670082537564
2018-07-02 06:00:00,2.81,3.062670082537564
2018-07-02 06:15:00,2.81,3.0209750381953997
2018-07-02 06:30:00,3.42,3.0209750381953997
2018-07-02 06:45:00,3.78,3.032429007467524
2018-07-02 07:00:00,3.06,3.3358911031615928
2018-07-02 07:15:00,2.99,3.5200681232775834
2018-07-02 07:30:00,3.02,3.5715512912893552
2018-07-02 07:45:00,2.99,3.7759789086976245
2018-07-02 08:00:00,18.61,20.78294897060036
2018-07-02 08:15:00,39.53,27.87426642041453
2018-07-02 08:30:00,44.89,58.43121237752596
2018-07-02 08:45:00,48.31,56.84036409786637
2018-07-02 09:00:00,51.3,58.989903910010526
2018-07-02 09:15:00,50.18,62.351005474515546
2018-07-02 09:30:00,61.85,61.252055176553526
2018-07-02 09:45:00,71.35,59.725243577249465
2018-07-02 10:00:00,72.68,60.35621633612806
2018-07-02 10:15:00,59.72,73.37999737564353
2018-07-02 10:30:00,59.11,76.23586268356101
2018-07-02 10:45:00,56.45,67.56005490500782
2018-07-02 11:00:00,70.52,70.08029233001004
2018-07-02 11:15:00,65.7,65.41912447116003
2018-07-02 11:30:00,70.7,68.08645779088268
2018-07-02 11:45:00,63.76,66.01289364546152
2018-07-02 12:00:00,8.24,9.87182439718072
2018-07-02 12:15:00,5.08,3.4137607106094907
2018-07-02 12:30:00,5.58,6.497755371287348
2018-07-02 12:45:00,5.51,7.437515556889169
2018-07-02 13:00:00,40.1,44.49849465006549
2018-07-02 13:15:00,61.81,55.13132495932605
2018-07-02 13:30:00,87.7,62.59636845773698
2018-07-02 13:45:00,69.12,67.04808135273048
2018-07-02 14:00:00,58.1,75.553751783048
2018-07-02 14:15:00,56.77,75.8362730726003
2018-07-02 14:30:00,59.8,66.01433623539776
2018-07-02 14:45:00,57.28,64.87319983642367
2018-07-02 15:00:00,68.04,65.1247220538617
2018-07-02 15:15:00,63.54,60.8529377375388
2018-07-02 15:30:00,70.31,62.826876641128315
2018-07-02 15:45:00,62.32,58.48084350848073
2018-07-02 16:00:00,53.1,66.12257115166398
2018-07-02 16:15:00,51.52,62.444042011012165
2018-07-02 16:30:00,49.75,63.694519569682605
2018-07-02 16:45:00,58.03,61.65066000298105
2018-07-02 17:00:00,57.24,58.67805101111867
2018-07-02 17:15:00,57.46,53.668330184730415
2018-07-02 17:30:00,34.7,32.91778263384437
2018-07-02 17:45:00,27.43,34.605568385608976
2018-07-02 18:00:00,31.68,35.23053147756759
2018-07-02 18:15:00,53.03,32.62301944369777
2018-07-02 18:30:00,40.5,38.82228862191748
2018-07-02 18:45:00,35.96,51.002411890017434
2018-07-02 19:00:00,40.18,39.6148105431579
2018-07-02 19:15:00,44.57,38.45521916153266
2018-07-02 19:30:00,44.5,43.03715610006432
2018-07-02 19:45:00,45.43,43.4844281824421
2018-07-02 20:00:00,46.08,49.33629457368651
2018-07-02 20:15:00,46.62,43.414363809341225
2018-07-02 20:30:00,47.63,35.593624609638454
2018-07-02 20:45:00,18.14,14.556268922495509
2018-07-02 21:00:00,4.46,6.542753947028409
2018-07-02 21:15:00,3.82,4.63070166916331
2018-07-02 21:30:00,3.78,3.341868230484397
2018-07-02 21:45:00,3.82,3.170500956856786
2018-07-02 22:00:00,3.71,3.727815281948261
2018-07-02 22:15:00,3.6,3.6460192744974926
2018-07-02 22:30:00,3.46,3.3906299224844787
2018-07-02 22:45:00,3.46,3.3823600771074807
2018-07-02 23:00:00,3.46,3.4372937326601707
2018-07-02 23:15:00,3.46,3.4663653952980624
2018-07-02 23:30:00,3.42,3.4176358738531203
2018-07-02 23:45:00,3.42,3.4176358738531203
2018-07-03 00:00:00,2.84,3.446510369673461
2018-07-03 00:15:00,2.88,3.446510369673461
2018-07-03 00:30:00,2.95,3.1654689172892843
2018-07-03 00:45:00,2.92,3.0543338433945117
2018-07-03 01:00:00,3.38,3.0553802526821734
2018-07-03 01:15:00,3.2,3.0553802526821734
2018-07-03 01:30:00,2.7,3.3303347253930973
2018-07-03 01:45:00,2.77,3.284628186446844
2018-07-03 02:00:00,2.81,3.0600716091125695
2018-07-03 02:15:00,2.81,3.0492932730089204
2018-07-03 02:30:00,2.84,3.0553802526821734
2018-07-03 02:45:00,2.81,3.0553802526821734
2018-07-03 03:00:00,2.84,3.032313436500617
2018-07-03 03:15:00,2.81,3.0608894996631015
2018-07-03 03:30:00,3.06,3.0608894996631015
2018-07-03 03:45:00,3.24,3.0608894996631015
2018-07-03 04:00:00,2.84,3.115185889659428
2018-07-03 04:15:00,2.81,3.380053825610587
2018-07-03 04:30:00,2.84,3.187976784796943
2018-07-03 04:45:00,2.81,3.1133000392697485
2018-07-03 05:00:00,2.81,3.096320202761445
2018-07-03 05:15:00,2.81,3.1193870189430015
2018-07-03 05:30:00,2.84,3.096320202761445
2018-07-03 05:45:00,2.77,3.096320202761445
2018-07-03 06:00:00,2.77,3.096320202761445
2018-07-03 06:15:00,2.77,3.0546251584192805
2018-07-03 06:30:00,2.77,3.0546251584192805
2018-07-03 06:45:00,2.77,3.129173765657911
2018-07-03 07:00:00,2.77,3.2449195304323646
2018-07-03 07:15:00,3.53,3.2449195304323646
2018-07-03 07:30:00,3.67,3.4722895576246793
2018-07-03 07:45:00,5.22,4.767780729318361
2018-07-03 08:00:00,30.42,27.01938553899809
2018-07-03 08:15:00,41.44,44.54881085479864
2018-07-03 08:30:00,48.31,52.656241343653804
2018-07-03 08:45:00,59.04,48.62052684389038
2018-07-03 09:00:00,60.62,55.31829556760576
2018-07-03 09:15:00,61.13,58.725564275009006
2018-07-03 09:30:00,71.82,58.32635069334085
2018-07-03 09:45:00,62.71,57.08894801129001
2018-07-03 10:00:00,49.86,67.1853095523831
2018-07-03 10:15:00,46.73,62.25214490032746
2018-07-03 10:30:00,57.42,60.737105255952386
2018-07-03 10:45:00,59.83,62.2182210305921
2018-07-03 11:00:00,71.14,62.843017975192616
2018-07-03 11:15:00,54.4,61.178743204222826
2018-07-03 11:30:00,57.64,60.80233352930312
2018-07-03 11:45:00,66.67,53.22177642203675
2018-07-03 12:00:00,23.72,10.198516336259322
2018-07-03 12:15:00,4.1,6.282906313383968
2018-07-03 12:30:00,4.21,9.585580830570418
2018-07-03 12:45:00,4.79,5.995978263115284
2018-07-03 13:00:00,38.3,28.89861427492188
2018-07-03 13:15:00,66.17,70.30317834196765
2018-07-03 13:30:00,55.48,60.36857536165258
2018-07-03 13:45:00,57.35,72.35746903453963
2018-07-03 14:00:00,48.74,56.56972389174127
2018-07-03 14:15:00,52.78,56.84136211443019
2018-07-03 14:30:00,71.32,52.34322159905482
2018-07-03 14:45:00,53.82,56.32698334551346
2018-07-03 15:00:00,67.0,61.77988965048132
2018-07-03 15:15:00,56.74,55.78648659189677
2018-07-03 15:30:00,78.34,60.46213990555845
2018-07-03 15:45:00,105.66,58.40531487522367
2018-07-03 16:00:00,64.37,71.72587266852895
2018-07-03 16:15:00,66.74,90.76433652467166
2018-07-03 16:30:00,95.54,69.53936396044082
2018-07-03 16:45:00,113.26,64.64751831113695
2018-07-03 17:00:00,72.47,87.34152181333963
2018-07-03 17:15:00,73.48,83.94298041307943
2018-07-03 17:30:00,43.7,45.37708203255238
2018-07-03 17:45:00,31.43,40.92819851298124
2018-07-03 18:00:00,42.05,35.48556864967329
2018-07-03 18:15:00,70.2,43.432848641695124
2018-07-03 18:30:00,57.53,52.37156128387
2018-07-03 18:45:00,71.21,64.57447933855735
2018-07-03 19:00:00,81.07,57.48436999739831
2018-07-03 19:15:00,103.36,70.0210398288251
2018-07-03 19:30:00,90.83,76.74075591952997
2018-07-03 19:45:00,109.73,85.44653361952354
2018-07-03 20:00:00,106.56,86.29287620578273
2018-07-03 20:15:00,76.1,91.19213718497217
2018-07-03 20:30:00,92.38,90.63885180338754
2018-07-03 20:45:00,77.04,33.255378666167296
2018-07-03 21:00:00,27.11,18.10088407376448
2018-07-03 21:15:00,27.79,16.51588370196137
2018-07-03 21:30:00,14.33,8.060934584442585
2018-07-03 21:45:00,4.18,11.887266361796845
2018-07-03 22:00:00,3.85,8.800873163100178
2018-07-03 22:15:00,3.53,3.069607090394866
2018-07-03 22:30:00,3.56,3.9221081549876784
2018-07-03 22:45:00,3.6,3.448531503993284
2018-07-03 23:00:00,3.46,3.528464383511028
2018-07-03 23:15:00,3.46,3.3913040860320525
2018-07-03 23:30:00,3.49,3.91474926097165
2018-07-03 23:45:00,3.56,3.6906467345039817
2018-07-04 00:00:00,3.2,3.6505055559549042
2018-07-04 00:15:00,2.81,3.6505055559549042
2018-07-04 00:30:00,3.24,3.531753397295032
2018-07-04 00:45:00,3.42,3.3562159649984555
2018-07-04 01:00:00,2.95,3.552127301027557
2018-07-04 01:15:00,2.84,3.6002888201748524
2018-07-04 01:30:00,2.84,3.3138376193439036
2018-07-04 01:45:00,2.81,3.22840435872404
2018-07-04 02:00:00,2.81,3.2514711749055967
2018-07-04 02:15:00,2.88,3.234491338397293
2018-07-04 02:30:00,2.92,3.2114245222157365
2018-07-04 02:45:00,2.84,3.2114245222157365
2018-07-04 03:00:00,2.81,3.2114245222157365
2018-07-04 03:15:00,2.84,3.240000585378221
2018-07-04 03:30:00,2.84,3.240000585378221
2018-07-04 03:45:00,2.92,3.240000585378221
2018-07-04 04:00:00,2.81,3.2754312884765646
2018-07-04 04:15:00,3.06,3.2754312884765646
2018-07-04 04:30:00,3.42,3.2754312884765646
2018-07-04 04:45:00,2.99,3.294296975374548
2018-07-04 05:00:00,2.81,3.559164911325707
2018-07-04 05:15:00,2.84,3.3670878705120626
2018-07-04 05:30:00,2.81,3.292411124984868
2018-07-04 05:45:00,2.81,3.292411124984868
2018-07-04 06:00:00,2.77,3.298498104658121
2018-07-04 06:15:00,2.77,3.2337362441344
2018-07-04 06:30:00,3.31,3.2337362441344
2018-07-04 06:45:00,3.42,3.2451902134065245
2018-07-04 07:00:00,3.02,3.5486523091005933
2018-07-04 07:15:00,3.13,3.686423692594294
2018-07-04 07:30:00,3.53,3.6670366201716904
2018-07-04 07:45:00,6.7,3.8462194008707167
2018-07-04 08:00:00,56.09,35.06748528115887
2018-07-04 08:15:00,87.37,72.77452885976093
2018-07-04 08:30:00,93.85,74.07178635625029
2018-07-04 08:45:00,68.8,88.30717621322366
2018-07-04 09:00:00,118.98,84.03841497888052
2018-07-04 09:15:00,98.57,76.91115002092008
2018-07-04 09:30:00,116.06,77.06707494500844
2018-07-04 09:45:00,88.6,94.69362523000912
2018-07-04 10:00:00,86.62,89.62857094909866
2018-07-04 10:15:00,111.38,87.25798902030456
2018-07-04 10:30:00,90.36,78.75590350144608
2018-07-04 10:45:00,105.05,94.29113104511364
2018-07-04 11:00:00,91.4,96.04860057538114
2018-07-04 11:15:00,108.22,85.23659068510777
2018-07-04 11:30:00,67.07,88.91235795098405
2018-07-04 11:45:00,42.34,90.22239989045374
2018-07-04 12:00:00,8.1,11.872953928968446
2018-07-04 12:15:00,4.5,7.249370075849556
2018-07-04 12:30:00,5.26,7.528939978610179
2018-07-04 12:45:00,4.57,6.047709223990763
2018-07-04 13:00:00,24.26,57.900379866288326
2018-07-04 13:15:00,40.14,71.69970299527381
2018-07-04 13:30:00,38.63,74.55647604472296
2018-07-04 13:45:00,34.99,54.22350236838059
2018-07-04 14:00:00,35.93,49.98387185066308
2018-07-04 14:15:00,43.31,42.68400169933388
2018-07-04 14:30:00,35.78,41.58340077491109
2018-07-04 14:45:00,36.4,49.29405117080957
2018-07-04 15:00:00,40.21,42.53162607088936
2018-07-04 15:15:00,40.86,42.33094535425512
2018-07-04 15:30:00,39.28,46.86363446097185
2018-07-04 15:45:00,48.06,47.5983988007594
2018-07-04 16:00:00,53.17,46.34927215852057
2018-07-04 16:15:00,44.06,53.02494705031609
2018-07-04 16:30:00,42.23,59.38060053423119
2018-07-04 16:45:00,46.26,47.8285323768043
2018-07-04 17:00:00,47.48,43.881019349264726
2018-07-04 17:15:00,41.36,47.72588159018942
2018-07-04 17:30:00,35.42,42.31200202635618
2018-07-04 17:45:00,36.68,32.63305504303515
2018-07-04 18:00:00,50.87,35.9471858777859
2018-07-04 18:15:00,47.7,42.29394944937344
2018-07-04 18:30:00,44.21,54.519041802899366
2018-07-04 18:45:00,50.9,52.88465785601069
2018-07-04 19:00:00,45.72,49.193468733128874
2018-07-04 19:15:00,43.13,51.32435184778219
2018-07-04 19:30:00,35.96,48.30619230495935
2018-07-04 19:45:00,34.38,42.32020093196842
2018-07-04 20:00:00,53.32,36.14449379717187
2018-07-04 20:15:00,45.22,38.068717356095085
2018-07-04 20:30:00,53.21,51.992980978433415
2018-07-04 20:45:00,34.31,35.47266719547044
2018-07-04 21:00:00,37.33,9.474846638179102
2018-07-04 21:15:00,56.05,13.977287240502594
2018-07-04 21:30:00,37.26,22.113366778945945
2018-07-04 21:45:00,4.5,28.580782594415123
2018-07-04 22:00:00,4.72,25.065683073296057
2018-07-04 22:15:00,3.89,4.943903222001721
2018-07-04 22:30:00,3.71,4.314557599204041
2018-07-04 22:45:00,3.64,4.058453941897913
2018-07-04 23:00:00,3.6,3.9405931988794136
2018-07-04 23:15:00,3.53,3.7707473819491337
2018-07-04 23:30:00,3.53,3.596973187100726
2018-07-04 23:45:00,3.67,3.7374456148000292
2018-07-05 00:00:00,3.56,3.674350976833523
2018-07-05 00:15:00,3.53,3.698607372820528
2018-07-05 00:30:00,3.1,3.625621455388581
2018-07-05 00:45:00,3.02,3.649877851375586
2018-07-05 01:00:00,3.02,3.413641485918211
2018-07-05 01:15:00,3.13,3.273860759860672
2018-07-05 01:30:00,3.56,3.2981171558476774
2018-07-05 01:45:00,3.06,3.3288854565248287
2018-07-05 02:00:00,3.02,3.5318353960632924
2018-07-05 02:15:00,3.06,3.332026075015406
2018-07-05 02:30:00,3.06,3.2507939436791156
2018-07-05 02:45:00,3.06,3.2927264467586554
2018-07-05 03:00:00,3.13,3.27033686180358
2018-07-05 03:15:00,3.06,3.275846108784508
2018-07-05 03:30:00,3.06,3.336688110619578
2018-07-05 03:45:00,3.06,3.275846108784508
2018-07-05 04:00:00,3.1,3.3112768118828515
2018-07-05 04:15:00,3.02,3.3112768118828515
2018-07-05 04:30:00,3.1,3.395185629899478
2018-07-05 04:45:00,3.1,3.292411124984868
2018-07-05 05:00:00,3.06,3.3721188137179214
2018-07-05 05:15:00,3.56,3.3721188137179214
2018-07-05 05:30:00,3.24,3.3112768118828515
2018-07-05 05:45:00,3.1,3.598534332789086
2018-07-05 06:00:00,3.2,3.6732110783162804
2018-07-05 06:15:00,3.64,3.427490099858027
2018-07-05 06:30:00,3.17,3.4148138445978304
2018-07-05 06:45:00,2.99,3.445106909625843
2018-07-05 07:00:00,3.06,3.7028517783196655
2018-07-05 07:15:00,3.53,3.4634000376108633
2018-07-05 07:30:00,4.03,3.9871094762548056
2018-07-05 07:45:00,4.82,5.818874100461719
2018-07-05 08:00:00,38.41,43.856570649189464
2018-07-05 08:15:00,71.14,59.87446262292098
2018-07-05 08:30:00,117.32,65.9865540330509
2018-07-05 08:45:00,121.68,81.99250016980399
2018-07-05 09:00:00,84.2,89.2231841263371
2018-07-05 09:15:00,98.17,98.55870230234528
2018-07-05 09:30:00,74.52,93.8669789385109
2018-07-05 09:45:00,85.97,93.19935760808535
2018-07-05 10:00:00,106.96,89.48912656898328
2018-07-05 10:15:00,83.7,78.39167914006296
2018-07-05 10:30:00,66.28,94.22670738844317
2018-07-05 10:45:00,75.89,83.17370931632979
2018-07-05 11:00:00,74.88,67.8401541189335
2018-07-05 11:15:00,101.7,71.68852615406422
2018-07-05 11:30:00,107.75,71.03220549995588
2018-07-05 11:45:00,82.73,88.29966861554563
2018-07-05 12:00:00,8.42,14.928268608361154
2018-07-05 12:15:00,5.9,8.907206985311737
2018-07-05 12:30:00,5.0,4.5122858274175766
2018-07-05 12:45:00,4.86,7.055722927717627
2018-07-05 13:00:00,59.62,67.1870963077477
2018-07-05 13:15:00,64.76,81.2963183639858
2018-07-05 13:30:00,50.94,80.61730359528248
2018-07-05 13:45:00,56.92,65.4210521328934
2018-07-05 14:00:00,55.48,59.87238349281894
2018-07-05 14:15:00,61.02,60.2067996268751
2018-07-05 14:30:00,65.52,60.93500956442121
2018-07-05 14:45:00,47.59,62.292031946750846
2018-07-05 15:00:00,81.04,65.21322532600958
2018-07-05 15:15:00,105.12,56.0941851716819
2018-07-05 15:30:00,82.19,68.28267209328729
2018-07-05 15:45:00,74.23,87.2008872488451
2018-07-05 16:00:00,58.68,79.85396441238801
2018-07-05 16:15:00,53.46,74.98392836895157
2018-07-05 16:30:00,51.48,69.21173476489335
2018-07-05 16:45:00,64.04,64.94435514890877
2018-07-05 17:00:00,59.04,57.58341128115923
2018-07-05 17:15:00,55.19,58.11064164839907
2018-07-05 17:30:00,30.74,44.3923849311468
2018-07-05 17:45:00,32.47,42.71761026020837
2018-07-05 18:00:00,41.0,39.8236188705422
2018-07-05 18:15:00,62.42,49.92700348805606
2018-07-05 18:30:00,57.6,51.10570961496322
2018-07-05 18:45:00,57.46,64.0398270410687
2018-07-05 19:00:00,55.51,56.74144281942046
2018-07-05 19:15:00,57.85,57.255955868467915
2018-07-05 19:30:00,47.74,60.50429664484975
2018-07-05 19:45:00,49.61,56.85629688595897
2018-07-05 20:00:00,65.23,54.08215543047747
2018-07-05 20:15:00,109.87,58.27922805582692
2018-07-05 20:30:00,106.74,60.25765184075143
2018-07-05 20:45:00,33.77,43.871389365347085
2018-07-05 21:00:00,4.72,62.354553580126705
2018-07-05 21:15:00,4.28,35.280566634905504
2018-07-05 21:30:00,4.07,7.1414403051465225
2018-07-05 21:45:00,4.0,3.8670322017196828
2018-07-05 22:00:00,3.85,3.477135328109725
2018-07-05 22:15:00,3.74,4.322745171138179
2018-07-05 22:30:00,4.64,3.2489698451186872
2018-07-05 22:45:00,4.57,2.5295041139606815
2018-07-05 23:00:00,3.64,4.294263549830689
2018-07-05 23:15:00,3.6,4.323335212468581
2018-07-05 23:30:00,3.64,3.9727224131045524
2018-07-05 23:45:00,3.67,3.9239928916596103
2018-07-06 00:00:00,3.64,3.607719556179792
2018-07-06 00:15:00,3.28,3.607719556179792
2018-07-06 00:30:00,3.17,3.569509018779609
2018-07-06 00:45:00,3.13,3.618238540224551
2018-07-06 01:00:00,3.17,3.473189630144079
2018-07-06 01:15:00,3.13,3.270278504304609
2018-07-06 01:30:00,3.1,3.4459071661598033
2018-07-06 01:45:00,3.17,3.2478889193495335
2018-07-06 02:00:00,3.24,3.2478889193495335
2018-07-06 02:15:00,3.2,3.3604229432382215
2018-07-06 02:30:00,3.24,3.473905675069554
2018-07-06 02:45:00,3.2,3.445178972631604
2018-07-06 03:00:00,3.17,3.4620159583427905
2018-07-06 03:15:00,3.2,3.4887575073479415
2018-07-06 03:30:00,3.2,3.426939527442021
2018-07-06 03:45:00,3.17,3.414080761820747
2018-07-06 04:00:00,3.31,3.4623702305403645
2018-07-06 04:15:00,3.6,3.4623702305403645
2018-07-06 04:30:00,3.53,3.5406046117953474
2018-07-06 04:45:00,3.89,3.6152813573225417
2018-07-06 05:00:00,3.31,3.6152813573225417
2018-07-06 05:15:00,3.24,3.8616253381734578
2018-07-06 05:30:00,3.28,3.6152813573225417
2018-07-06 05:45:00,3.24,3.6152813573225417
2018-07-06 06:00:00,3.2,3.6152813573225417
2018-07-06 06:15:00,3.24,3.4775690210508503
2018-07-06 06:30:00,3.2,3.431560869131286
2018-07-06 06:45:00,3.24,3.364110372450548
2018-07-06 07:00:00,3.24,3.4430148384034105
2018-07-06 07:15:00,3.6,3.427205010417054
2018-07-06 07:30:00,3.53,4.662712453093132
2018-07-06 07:45:00,3.85,5.943145854518093
2018-07-06 08:00:00,58.0,40.694309912747414
2018-07-06 08:15:00,112.32,74.33374249572105
2018-07-06 08:30:00,115.52,80.49488909941986
2018-07-06 08:45:00,112.72,95.01802784841985
2018-07-06 09:00:00,86.4,98.72632139125646
2018-07-06 09:15:00,106.52,98.46603202629892
2018-07-06 09:30:00,105.37,90.44084105666312
2018-07-06 09:45:00,78.12,81.25057493358499
2018-07-06 10:00:00,108.94,88.02504145591368
2018-07-06 10:15:00,88.67,86.38452266043754
2018-07-06 10:30:00,96.7,84.42802439865194
2018-07-06 10:45:00,118.91,85.35618847269396
2018-07-06 11:00:00,76.9,87.7425260297495
2018-07-06 11:15:00,110.84,101.87361442953744
2018-07-06 11:30:00,97.56,87.23428717731997
2018-07-06 11:45:00,99.32,61.44311023040922
2018-07-06 12:00:00,7.16,13.50417849788301
2018-07-06 12:15:00,5.72,2.707619663251365
2018-07-06 12:30:00,5.15,5.636905765410292
2018-07-06 12:45:00,4.9,5.787775475521795
2018-07-06 13:00:00,48.24,53.20954379554042
2018-07-06 13:15:00,54.94,97.4040472797687
2018-07-06 13:30:00,84.71,77.49083199834664
2018-07-06 13:45:00,96.98,67.3179028471587
2018-07-06 14:00:00,89.35,77.58796608321278
2018-07-06 14:15:00,115.13,91.64818870268958
2018-07-06 14:30:00,93.24,85.77648883070657
2018-07-06 14:45:00,112.72,87.78764376869944
2018-07-06 15:00:00,94.61,94.5268526894912
2018-07-06 15:15:00,78.88,88.21608145587949
2018-07-06 15:30:00,111.24,92.61533920322456
2018-07-06 15:45:00,81.11,91.22947257223647
2018-07-06 16:00:00,107.93,90.56670409826509
2018-07-06 16:15:00,99.43,88.17011805402896
2018-07-06 16:30:00,104.87,84.63321599093163
2018-07-06 16:45:00,102.89,90.25366606965957
2018-07-06 17:00:00,61.16,96.94920133017786
2018-07-06 17:15:00,69.62,82.79079676904611
2018-07-06 17:30:00,32.54,34.37995755173923
2018-07-06 17:45:00,32.98,31.169077783185646
2018-07-06 18:00:00,60.44,46.375997200466614
2018-07-06 18:15:00,112.03,71.0545976844854
2018-07-06 18:30:00,90.36,74.25374404136237
2018-07-06 18:45:00,103.32,83.14405659989065
2018-07-06 19:00:00,104.83,88.3345824413363
2018-07-06 19:15:00,88.02,84.16304061003656
2018-07-06 19:30:00,116.21,86.38768266967969
2018-07-06 19:45:00,117.0,90.56148139039732
2018-07-06 20:00:00,89.35,86.76151532540253
2018-07-06 20:15:00,115.34,91.99002828957506
2018-07-06 20:30:00,87.66,80.40371033474221
2018-07-06 20:45:00,34.56,42.899944358966835
2018-07-06 21:00:00,12.24,17.684498489822634
2018-07-06 21:15:00,4.1,16.074919144153306
2018-07-06 21:30:00,4.07,6.711888631998397
2018-07-06 21:45:00,4.0,6.762193167635544
2018-07-06 22:00:00,3.92,5.919208060378274
2018-07-06 22:15:00,3.78,3.314206617761314
2018-07-06 22:30:00,3.67,7.295273629876426
2018-07-06 22:45:00,3.67,3.794351257462211
2018-07-06 23:00:00,3.64,3.6654647368859674
2018-07-06 23:15:00,3.6,3.4883038922428478
2018-07-06 23:30:00,3.6,1.0421406692450605
2018-07-06 23:45:00,3.1,1.967428535892092
2018-07-07 00:00:00,3.49,4.051173427962927
2018-07-07 00:15:00,3.06,3.419369953980713
2018-07-07 00:30:00,3.1,3.522290710544965
2018-07-07 00:45:00,3.13,3.3608213592594645
2018-07-07 01:00:00,3.1,3.285426640508272
2018-07-07 01:15:00,3.35,3.2623598243267153
2018-07-07 01:30:00,3.74,3.2630370555531965
2018-07-07 01:45:00,3.35,3.46598699509166
2018-07-07 02:00:00,3.13,3.615464129163688
2018-07-07 02:15:00,3.13,3.5514202557115238
2018-07-07 02:30:00,3.17,3.3247262687650223
2018-07-07 02:45:00,3.2,3.285426640508272
2018-07-07 03:00:00,3.13,3.398359427748104
2018-07-07 03:15:00,3.13,3.3938111742428254
2018-07-07 03:30:00,3.13,3.293737152624267
2018-07-07 03:45:00,3.17,3.280878387002993
2018-07-07 04:00:00,3.2,3.2848955814564778
2018-07-07 04:15:00,3.53,3.4609230066628163
2018-07-07 04:30:00,3.49,3.4609230066628163
2018-07-07 04:45:00,3.13,3.5872645041154225
2018-07-07 05:00:00,3.1,3.5859878460548367
2018-07-07 05:15:00,3.17,3.3819619119387476
2018-07-07 05:30:00,3.2,3.3072851664115532
2018-07-07 05:45:00,3.13,3.4202179536513855
2018-07-07 06:00:00,3.1,3.39782836869631
2018-07-07 06:15:00,3.13,3.2560593027355873
2018-07-07 06:30:00,2.99,3.2201337209327567
2018-07-07 06:45:00,2.92,3.2546545063864376
2018-07-07 07:00:00,3.02,3.1749468176533844
2018-07-07 07:15:00,3.85,3.2380414556198907
2018-07-07 07:30:00,3.49,3.8109675224540456
2018-07-07 07:45:00,3.24,5.963626592479983
2018-07-07 08:00:00,39.53,32.465283079873785
2018-07-07 08:15:00,110.27,56.523798382347664
2018-07-07 08:30:00,100.33,70.8886078292334
2018-07-07 08:45:00,43.24,91.84075278431862
2018-07-07 09:00:00,62.5,87.03868590684499
2018-07-07 09:15:00,54.9,52.0956348276461
2018-07-07 09:30:00,55.62,62.26863240030762
2018-07-07 09:45:00,59.76,55.28058922235124
2018-07-07 10:00:00,49.18,50.176513555595214
2018-07-07 10:15:00,42.7,56.75297071153462
2018-07-07 10:30:00,45.61,60.24732128921154
2018-07-07 10:45:00,40.57,47.79043285091187
2018-07-07 11:00:00,59.44,55.9248718073335
2018-07-07 11:15:00,59.8,39.444902126076066
2018-07-07 11:30:00,80.78,53.55119088703614
2018-07-07 11:45:00,101.81,47.96300177337088
2018-07-07 12:00:00,21.56,10.688548604899688
2018-07-07 12:15:00,6.26,17.16628496208385
2018-07-07 12:30:00,5.69,6.073307326542442
2018-07-07 12:45:00,5.18,6.944691032724439
2018-07-07 13:00:00,23.15,23.570371037690606
2018-07-07 13:15:00,79.78,52.400703241657006
2018-07-07 13:30:00,105.23,48.53899678545754
2018-07-07 13:45:00,106.16,66.94403945076931
2018-07-07 14:00:00,72.07,92.2774814468087
2018-07-07 14:15:00,94.25,97.51122241800583
2018-07-07 14:30:00,94.18,83.0343687062949
2018-07-07 14:45:00,96.01,85.41787369437478
2018-07-07 15:00:00,98.1,91.1281865009238
2018-07-07 15:15:00,78.01,90.42026523293907
2018-07-07 15:30:00,98.71,94.12289403671822
2018-07-07 15:45:00,109.98,89.8679564108045
2018-07-07 16:00:00,90.9,82.92169136355405
2018-07-07 16:15:00,107.21,91.71891359505673
2018-07-07 16:30:00,89.39,81.51040035245109
2018-07-07 16:45:00,6.3,78.8195007603907
2018-07-07 17:00:00,4.07,86.32767169907885
2018-07-07 17:15:00,3.64,0.0
2018-07-07 17:30:00,3.67,0.7029439995299023
2018-07-07 17:45:00,3.71,0.0
2018-07-07 18:00:00,3.56,0.3169250753326069
2018-07-07 18:15:00,3.46,7.348535992109363
2018-07-07 18:30:00,3.49,9.97154326506861
2018-07-07 18:45:00,3.6,5.073764693775594
2018-07-07 19:00:00,4.39,2.7583387118836713
2018-07-07 19:15:00,4.21,0.7118381152755904
2018-07-07 19:30:00,3.67,2.367005941363731
2018-07-07 19:45:00,3.46,4.490218783573119
2018-07-07 20:00:00,3.02,3.9154733444358545
2018-07-07 20:15:00,3.06,4.188720722456985
2018-07-07 20:30:00,3.06,3.271839910273306
2018-07-07 20:45:00,3.02,3.7568419339260988
2018-07-07 21:00:00,3.1,3.1354401235408442
2018-07-07 21:15:00,3.06,3.1745766683348515
2018-07-07 21:30:00,3.06,3.1369871680096635
2018-07-07 21:45:00,3.06,3.0784385732884147
2018-07-07 22:00:00,3.02,3.0502570606981148
2018-07-07 22:15:00,2.84,3.0502570606981148
2018-07-07 22:30:00,2.95,3.0313913738001315
2018-07-07 22:45:00,2.77,3.0313913738001315
2018-07-07 23:00:00,2.77,3.0313913738001315
2018-07-07 23:15:00,2.74,3.0227643359972527
2018-07-07 23:30:00,3.28,3.0397441725055563
2018-07-07 23:45:00,2.7,2.9596696980307464
2018-07-08 00:00:00,3.35,3.2407111504149233
2018-07-08 00:15:00,2.74,3.0220361424690534
2018-07-08 00:30:00,2.81,3.257690986923227
2018-07-08 00:45:00,2.81,3.0220361424690534
2018-07-08 01:00:00,2.81,2.991363552015182
2018-07-08 01:15:00,2.81,2.9513168993253216
2018-07-08 01:30:00,2.81,3.0374783534733845
2018-07-08 01:45:00,2.84,2.9513168993253216
2018-07-08 02:00:00,2.81,2.9513168993253216
2018-07-08 02:15:00,2.81,2.9513168993253216
2018-07-08 02:30:00,2.81,2.9513168993253216
2018-07-08 02:45:00,2.84,2.9513168993253216
2018-07-08 03:00:00,3.24,2.9513168993253216
2018-07-08 03:15:00,2.99,2.966864823661297
2018-07-08 03:30:00,2.84,3.2505984465104394
2018-07-08 03:45:00,2.84,3.0415415691884915
2018-07-08 04:00:00,2.81,2.9878618546230853
2018-07-08 04:15:00,2.84,3.0509564925895916
2018-07-08 04:30:00,3.42,2.9939488342963383
2018-07-08 04:45:00,3.13,2.9708820181147817
2018-07-08 05:00:00,2.77,3.254615640963924
2018-07-08 05:15:00,2.81,3.1252664523750293
2018-07-08 05:30:00,2.77,2.9878618546230853
2018-07-08 05:45:00,2.77,2.9878618546230853
2018-07-08 06:00:00,2.84,2.9939488342963383
2018-07-08 06:15:00,3.38,2.952253789954174
2018-07-08 06:30:00,2.81,2.9291869737726173
2018-07-08 06:45:00,2.81,3.0652626359978505
2018-07-08 07:00:00,2.74,3.015317688571936
2018-07-08 07:15:00,2.81,3.0207154175195514
2018-07-08 07:30:00,2.95,3.0851679349347987
2018-07-08 07:45:00,18.76,2.990870330394827
2018-07-08 08:00:00,54.58,11.500275820855714
2018-07-08 08:15:00,105.91,39.74973170662855
2018-07-08 08:30:00,112.36,66.11951936489636
2018-07-08 08:45:00,86.51,85.97513045239936
2018-07-08 09:00:00,99.94,93.77964212106609
2018-07-08 09:15:00,104.69,85.124228571211
2018-07-08 09:30:00,96.8,83.65379045159419
2018-07-08 09:45:00,92.52,88.55061907887789
2018-07-08 10:00:00,64.44,90.61123911535968
2018-07-08 10:15:00,79.78,86.79103826341907
2018-07-08 10:30:00,116.78,69.49639234430094
2018-07-08 10:45:00,90.04,67.04944735908448
2018-07-08 11:00:00,110.2,95.38885011952473
2018-07-08 11:15:00,98.96,85.99631421524954
2018-07-08 11:30:00,78.26,78.09632085285958
2018-07-08 11:45:00,49.79,64.59480253823527
2018-07-08 12:00:00,4.07,18.7093691862326
2018-07-08 12:15:00,4.03,1.113293820087336
2018-07-08 12:30:00,3.96,4.830401013697739
2018-07-08 12:45:00,4.0,7.437855832702096
2018-07-08 13:00:00,53.21,30.195968834526973
2018-07-08 13:15:00,90.4,59.209764044863206
2018-07-08 13:30:00,51.55,65.27512063837024
2018-07-08 13:45:00,48.46,68.34165895253419
2018-07-08 14:00:00,56.7,53.758022921876616
2018-07-08 14:15:00,62.75,48.086643614982755
2018-07-08 14:30:00,59.98,52.06495588818119
2018-07-08 14:45:00,53.14,56.4364324859765
2018-07-08 15:00:00,43.42,48.43188758392601
2018-07-08 15:15:00,45.97,53.740449056384456
2018-07-08 15:30:00,44.14,45.33112355512313
2018-07-08 15:45:00,48.35,49.057516832975764
2018-07-08 16:00:00,51.08,46.15664178087873
2018-07-08 16:15:00,44.1,42.037539957430205
2018-07-08 16:30:00,44.17,41.17211948659006
2018-07-08 16:45:00,5.87,23.222754594343492
2018-07-08 17:00:00,3.96,22.314064419066867
2018-07-08 17:15:00,3.82,1.273819855616933
2018-07-08 17:30:00,3.78,3.542015860594802
2018-07-08 17:45:00,3.74,3.219034662947834
2018-07-08 18:00:00,3.56,3.9069051744133665
2018-07-08 18:15:00,3.38,4.23744592498537
2018-07-08 18:30:00,3.49,3.5925831738899197
2018-07-08 18:45:00,3.89,3.8617731199301195
2018-07-08 19:00:00,4.61,3.7939419354675596
2018-07-08 19:15:00,3.49,3.776648914750267
2018-07-08 19:30:00,3.56,4.082892764418807
2018-07-08 19:45:00,3.64,3.5261271906183294
2018-07-08 20:00:00,3.56,3.688147473682406
2018-07-08 20:15:00,3.31,3.88362712214027
2018-07-08 20:30:00,2.92,3.8553535316997802
2018-07-08 20:45:00,2.95,3.8398056073638047
2018-07-08 21:00:00,2.95,3.1001179553753477
2018-07-08 21:15:00,2.95,3.010091754051353
2018-07-08 21:30:00,2.99,2.974383715506878
2018-07-08 21:45:00,2.95,2.991363552015182
2018-07-08 22:00:00,2.84,2.968296735833625
2018-07-08 22:15:00,2.7,2.968296735833625
2018-07-08 22:30:00,2.74,2.968296735833625
2018-07-08 22:45:00,2.7,2.968296735833625
2018-07-08 23:00:00,2.74,2.9513168993253216
2018-07-08 23:15:00,3.28,2.9596696980307464
2018-07-08 23:30:00,2.92,2.9596696980307464
2018-07-08 23:45:00,3.31,3.2407111504149233
2018-07-09 00:00:00,2.66,3.0741581838240077
2018-07-09 00:15:00,3.17,3.3098130282781812
2018-07-09 00:30:00,3.02,3.0741581838240077
2018-07-09 00:45:00,2.77,3.241786697583481
2018-07-09 01:00:00,2.74,3.003438940680276
2018-07-09 01:15:00,2.74,3.043485593370136
2018-07-09 01:30:00,2.77,3.0204187771885795
2018-07-09 01:45:00,2.7,3.0265057568618325
2018-07-09 02:00:00,2.77,3.003438940680276
2018-07-09 02:15:00,2.74,3.003438940680276
2018-07-09 02:30:00,2.74,3.003438940680276
2018-07-09 02:45:00,2.77,3.003438940680276
2018-07-09 03:00:00,2.74,3.003438940680276
2018-07-09 03:15:00,2.77,3.0320150038427607
2018-07-09 03:30:00,2.81,3.0320150038427607
2018-07-09 03:45:00,2.74,3.0320150038427607
2018-07-09 04:00:00,3.24,3.067445706941104
2018-07-09 04:15:00,3.02,3.067445706941104
2018-07-09 04:30:00,2.99,3.3511793297902464
2018-07-09 04:45:00,3.13,3.1421224524682985
2018-07-09 05:00:00,2.7,3.0844255434494077
2018-07-09 05:15:00,2.7,3.164133232182461
2018-07-09 05:30:00,2.7,3.1074923596309643
2018-07-09 05:45:00,2.7,3.0844255434494077
2018-07-09 06:00:00,2.7,3.067445706941104
2018-07-09 06:15:00,2.66,3.0488174787804962
2018-07-09 06:30:00,2.66,3.0257506625989397
2018-07-09 06:45:00,2.66,3.037204631871064
2018-07-09 07:00:00,2.74,3.2160450346120237
2018-07-09 07:15:00,2.99,3.2160450346120237
2018-07-09 07:30:00,3.42,3.4434150618043384
2018-07-09 07:45:00,4.72,4.098663339447418
2018-07-09 08:00:00,17.39,27.08095625110349
2018-07-09 08:15:00,53.6,48.43146333373157
2018-07-09 08:30:00,57.71,47.02444456763596
2018-07-09 08:45:00,60.95,61.1906624159196
2018-07-09 09:00:00,50.98,57.73522249093608
2018-07-09 09:15:00,50.62,58.075576687640535
2018-07-09 09:30:00,53.39,56.78007323811902
2018-07-09 09:45:00,59.8,59.470414236205734
2018-07-09 10:00:00,69.23,60.50563341103266
2018-07-09 10:15:00,53.42,61.64848437941326
2018-07-09 10:30:00,56.3,66.81014586755997
2018-07-09 10:45:00,48.42,61.69677021913596
2018-07-09 11:00:00,55.69,64.54946460011726
2018-07-09 11:15:00,69.62,59.45412016088305
2018-07-09 11:30:00,50.69,60.29559421845607
2018-07-09 11:45:00,53.06,63.47052028997935
2018-07-09 12:00:00,16.16,9.155910081441192
2018-07-09 12:15:00,6.34,6.82634951815335
2018-07-09 12:30:00,5.44,6.188954340731889
2018-07-09 12:45:00,6.12,6.844402536928704
2018-07-09 13:00:00,34.52,38.746633512168884
2018-07-09 13:15:00,49.57,62.613718385146434
2018-07-09 13:30:00,46.66,62.74916421111943
2018-07-09 13:45:00,48.49,61.497059546150105
2018-07-09 14:00:00,50.47,51.799428343527325
2018-07-09 14:15:00,48.64,53.34336220682672
2018-07-09 14:30:00,52.92,58.53716742190931
2018-07-09 14:45:00,52.02,54.53451860007121
2018-07-09 15:00:00,50.0,58.59458914536868
2018-07-09 15:15:00,47.45,59.05396957191432
2018-07-09 15:30:00,52.52,57.96541132014339
2018-07-09 15:45:00,66.24,55.08287265011849
2018-07-09 16:00:00,58.54,58.843551411820634
2018-07-09 16:15:00,54.25,63.10439464711083
2018-07-09 16:30:00,59.11,55.35182031050021
2018-07-09 16:45:00,67.43,54.8091940261676
2018-07-09 17:00:00,57.24,55.537755044233116
2018-07-09 17:15:00,57.64,58.59896577928727
2018-07-09 17:30:00,28.04,40.75365905644651
2018-07-09 17:45:00,27.72,28.3024325010391
2018-07-09 18:00:00,32.87,19.64685084557796
2018-07-09 18:15:00,42.66,37.39726148006112
2018-07-09 18:30:00,45.25,43.10434246908003
2018-07-09 18:45:00,48.82,43.68514963784222
2018-07-09 19:00:00,48.38,42.40857739434105
2018-07-09 19:15:00,61.2,50.636690257336724
2018-07-09 19:30:00,58.82,49.38845194880934
2018-07-09 19:45:00,48.1,57.798768145345285
2018-07-09 20:00:00,47.02,54.33595721941209
2018-07-09 20:15:00,42.05,52.63650701686232
2018-07-09 20:30:00,60.16,49.50957624317995
2018-07-09 20:45:00,38.45,19.144353491973227
2018-07-09 21:00:00,5.04,12.044253106319712
2018-07-09 21:15:00,3.92,11.645614129283109
2018-07-09 21:30:00,3.82,3.720475199476734
2018-07-09 21:45:00,3.78,3.9511504694369037
2018-07-09 22:00:00,3.67,4.273417601475778
2018-07-09 22:15:00,3.49,3.6806875280801186
2018-07-09 22:30:00,3.46,3.44375131623027
2018-07-09 22:45:00,3.46,3.3663735264974735
2018-07-09 23:00:00,3.35,3.41737227172888
2018-07-09 23:15:00,3.35,3.4399863507966724
2018-07-09 23:30:00,3.31,3.374343431912026
2018-07-09 23:45:00,3.24,3.4418922698401255
2018-07-10 00:00:00,3.42,3.420131325172071
2018-07-10 00:15:00,3.49,3.420131325172071
2018-07-10 00:30:00,3.38,3.446510369673461
2018-07-10 00:45:00,3.35,3.4707667656604664
2018-07-10 01:00:00,2.99,3.4381575709680363
2018-07-10 01:15:00,2.84,3.4381575709680363
2018-07-10 01:30:00,2.81,3.1571161185838594
2018-07-10 01:45:00,3.42,3.072360089190477
2018-07-10 02:00:00,3.24,3.072360089190477
2018-07-10 02:15:00,2.92,3.3364217050663503
2018-07-10 02:30:00,2.88,3.3757213333231006
2018-07-10 02:45:00,2.88,3.1116597174472274
2018-07-10 03:00:00,2.84,3.0492932730089204
2018-07-10 03:15:00,2.95,3.083956315844658
2018-07-10 03:30:00,2.84,3.083956315844658
2018-07-10 03:45:00,2.84,3.0608894996631015
2018-07-10 04:00:00,2.88,3.096320202761445
2018-07-10 04:15:00,2.88,3.1133000392697485
2018-07-10 04:30:00,2.95,3.096320202761445
2018-07-10 04:45:00,2.99,3.096320202761445
2018-07-10 05:00:00,3.31,3.096320202761445
2018-07-10 05:15:00,2.84,3.096320202761445
2018-07-10 05:30:00,2.84,3.397033662118891
2018-07-10 05:45:00,2.81,3.187976784796943
2018-07-10 06:00:00,2.88,3.1133000392697485
2018-07-10 06:15:00,2.84,3.0546251584192805
2018-07-10 06:30:00,2.84,3.077691974600837
2018-07-10 06:45:00,2.88,3.066079127691405
2018-07-10 07:00:00,2.95,3.2449195304323646
2018-07-10 07:15:00,3.24,3.2449195304323646
2018-07-10 07:30:00,3.67,3.4722895576246793
2018-07-10 07:45:00,5.76,4.846861917894874
2018-07-10 08:00:00,39.56,26.157218375062175
2018-07-10 08:15:00,49.54,52.81666106917374
2018-07-10 08:30:00,53.6,59.10725504718398
2018-07-10 08:45:00,70.13,59.23315793887781
2018-07-10 09:00:00,59.76,58.843989996735985
2018-07-10 09:15:00,71.93,65.32651025633129
2018-07-10 09:30:00,61.63,59.10048184406746
2018-07-10 09:45:00,55.73,64.59818479669396
2018-07-10 10:00:00,55.48,62.654356355779825
2018-07-10 10:15:00,54.97,65.20706799431917
2018-07-10 10:30:00,50.94,62.76640621160368
2018-07-10 10:45:00,67.86,65.31344818532229
2018-07-10 11:00:00,63.83,62.50326887566006
2018-07-10 11:15:00,71.86,63.12629409828594
2018-07-10 11:30:00,55.84,59.81748427929461
2018-07-10 11:45:00,50.65,64.1249895434091
2018-07-10 12:00:00,4.07,10.713473259248714
2018-07-10 12:15:00,4.0,6.014069686117038
2018-07-10 12:30:00,4.03,5.046363154279516
2018-07-10 12:45:00,4.25,5.676147826802312
2018-07-10 13:00:00,36.25,38.11923589935289
2018-07-10 13:15:00,64.8,60.78508802841031
2018-07-10 13:30:00,55.58,59.24571195886786
2018-07-10 13:45:00,52.2,66.28936600479794
2018-07-10 14:00:00,54.83,57.88965310544951
2018-07-10 14:15:00,64.08,57.43502309458144
2018-07-10 14:30:00,56.88,58.35153128905143
2018-07-10 14:45:00,47.7,61.043807921931126
2018-07-10 15:00:00,86.22,57.01732928159762
2018-07-10 15:15:00,113.29,55.87514532955591
2018-07-10 15:30:00,99.0,72.37854589616538
2018-07-10 15:45:00,118.91,91.9022111634398
2018-07-10 16:00:00,89.14,89.38478921882302
2018-07-10 16:15:00,92.74,99.1242472146488
2018-07-10 16:30:00,110.41,89.89601859212748
2018-07-10 16:45:00,95.11,85.7160804204641
2018-07-10 17:00:00,101.52,97.76289786920596
2018-07-10 17:15:00,82.8,98.80702792886252
2018-07-10 17:30:00,47.12,45.670828976180914
2018-07-10 17:45:00,29.02,51.20563909724466
2018-07-10 18:00:00,49.79,46.6389326672949
2018-07-10 18:15:00,79.56,63.794288536850935
2018-07-10 18:30:00,86.18,71.95758443565146
2018-07-10 18:45:00,108.58,82.45213946489952
2018-07-10 19:00:00,80.53,80.59999809053879
2018-07-10 19:15:00,49.68,95.02877587009044
2018-07-10 19:30:00,78.91,94.05681257441405
2018-07-10 19:45:00,74.59,71.2249966305413
2018-07-10 20:00:00,82.08,78.11888694331444
2018-07-10 20:15:00,44.75,75.99194906459422
2018-07-10 20:30:00,41.65,66.99281810463866
2018-07-10 20:45:00,28.33,53.31556666943943
2018-07-10 21:00:00,13.46,16.856018168170927
2018-07-10 21:15:00,3.67,5.54375018399956
2018-07-10 21:30:00,3.82,6.122183702814396
2018-07-10 21:45:00,3.64,3.954335271887334
2018-07-10 22:00:00,3.6,4.179112710337072
2018-07-10 22:15:00,3.38,3.402991709623059
2018-07-10 22:30:00,3.35,3.5271888155462965
2018-07-10 22:45:00,3.31,3.66157507186609
2018-07-10 23:00:00,3.31,3.6701634147619546
2018-07-10 23:15:00,3.28,3.6906467345039817
2018-07-10 23:30:00,3.28,3.5992424108871908
2018-07-10 23:45:00,3.06,3.6419172130590396
2018-07-11 00:00:00,3.28,3.622846544171289
2018-07-11 00:15:00,3.38,3.4266697602310967
2018-07-11 00:30:00,3.31,3.563255010950274
2018-07-11 00:45:00,3.46,3.625621455388581
2018-07-11 01:00:00,3.35,3.617268656683156
2018-07-11 01:15:00,2.77,3.5942018405015994
2018-07-11 01:30:00,2.74,3.617268656683156
2018-07-11 01:45:00,2.77,3.336227204298979
2018-07-11 02:00:00,2.74,3.2514711749055967
2018-07-11 02:15:00,2.74,3.234491338397293
2018-07-11 02:30:00,2.81,3.234491338397293
2018-07-11 02:45:00,2.77,3.2114245222157365
2018-07-11 03:00:00,2.77,3.2114245222157365
2018-07-11 03:15:00,2.84,3.240000585378221
2018-07-11 03:30:00,2.77,3.240000585378221
2018-07-11 03:45:00,2.77,3.240000585378221
2018-07-11 04:00:00,2.88,3.2754312884765646
2018-07-11 04:15:00,3.24,3.2754312884765646
2018-07-11 04:30:00,2.77,3.2754312884765646
2018-07-11 04:45:00,2.81,3.559164911325707
2018-07-11 05:00:00,2.77,3.350108034003759
2018-07-11 05:15:00,2.77,3.292411124984868
2018-07-11 05:30:00,2.77,3.2754312884765646
2018-07-11 05:45:00,2.74,3.298498104658121
2018-07-11 06:00:00,2.74,3.2754312884765646
2018-07-11 06:15:00,2.99,3.2337362441344
2018-07-11 06:30:00,3.35,3.2337362441344
2018-07-11 06:45:00,2.84,3.2451902134065245
2018-07-11 07:00:00,2.81,3.5486523091005933
2018-07-11 07:15:00,2.92,3.5156871981829823
2018-07-11 07:30:00,3.13,3.592359874644496
2018-07-11 07:45:00,3.2,3.7431288412842916
2018-07-11 08:00:00,18.14,39.579220243262505
2018-07-11 08:15:00,111.2,46.813399228653005
2018-07-11 08:30:00,76.54,52.74474410282735
2018-07-11 08:45:00,55.51,96.32028101703737
2018-07-11 09:00:00,62.14,87.90323292146753
2018-07-11 09:15:00,53.35,64.04340161494666
2018-07-11 09:30:00,64.48,54.19884867191168
2018-07-11 09:45:00,53.93,58.675965467247735
2018-07-11 10:00:00,60.88,56.29633091399038
2018-07-11 10:15:00,66.71,62.297948308262356
2018-07-11 10:30:00,56.84,60.70772718030084
2018-07-11 10:45:00,62.53,67.61127710322185
2018-07-11 11:00:00,60.8,66.16387932350078
2018-07-11 11:15:00,68.18,62.456644009105126
2018-07-11 11:30:00,60.98,59.457921199528926
2018-07-11 11:45:00,59.83,55.695314195559874
2018-07-11 12:00:00,7.27,10.123443355967346
2018-07-11 12:15:00,4.61,8.442741959987757
2018-07-11 12:30:00,4.64,6.657271601740466
2018-07-11 12:45:00,4.54,6.266425785411089
2018-07-11 13:00:00,42.88,28.99877433449022
2018-07-11 13:15:00,58.14,59.86963294265823
2018-07-11 13:30:00,63.32,59.55639849366512
2018-07-11 13:45:00,51.01,55.940023513398366
2018-07-11 14:00:00,45.72,59.63517328608397
2018-07-11 14:15:00,43.42,56.12061406333461
2018-07-11 14:30:00,47.63,49.66115194725035
2018-07-11 14:45:00,48.74,46.02782404361187
2018-07-11 15:00:00,39.71,50.40655760333077
2018-07-11 15:15:00,38.84,52.19684544938035
2018-07-11 15:30:00,38.92,44.190929408793444
2018-07-11 15:45:00,46.55,44.194772349042296
2018-07-11 16:00:00,49.46,45.54090268851507
2018-07-11 16:15:00,49.93,50.8171965573645
2018-07-11 16:30:00,49.28,56.34914902670152
2018-07-11 16:45:00,42.84,57.03769797491637
2018-07-11 17:00:00,43.34,53.1867951730447
2018-07-11 17:15:00,39.38,40.63759168778678
2018-07-11 17:30:00,33.08,37.46807588430566
2018-07-11 17:45:00,28.87,30.783594515787318
2018-07-11 18:00:00,29.88,35.18655246581343
2018-07-11 18:15:00,35.71,34.81352185914781
2018-07-11 18:30:00,43.92,41.11737127724329
2018-07-11 18:45:00,44.03,39.57512217422675
2018-07-11 19:00:00,46.48,42.941786553968875
2018-07-11 19:15:00,45.32,45.832983894662945
2018-07-11 19:30:00,38.02,41.60318774441239
2018-07-11 19:45:00,36.4,43.57993748008551
2018-07-11 20:00:00,38.34,39.420097628235226
2018-07-11 20:15:00,56.41,36.42275736144211
2018-07-11 20:30:00,27.97,34.63506834036285
2018-07-11 20:45:00,7.27,25.862948919749073
2018-07-11 21:00:00,5.4,5.175792292515929
2018-07-11 21:15:00,3.74,6.610367149834556
2018-07-11 21:30:00,3.78,4.247741926791809
2018-07-11 21:45:00,3.82,4.155130697968651
2018-07-11 22:00:00,3.64,3.8492121188530843
2018-07-11 22:15:00,3.53,3.7522715600506302
2018-07-11 22:30:00,3.53,3.3952480223178143
2018-07-11 22:45:00,3.42,3.4661682284805115
2018-07-11 23:00:00,2.88,3.4661682284805115
2018-07-11 23:15:00,2.88,3.4952398911184033
2018-07-11 23:30:00,2.92,3.1654689172892843
2018-07-11 23:45:00,2.74,3.1031024728509773
2018-07-12 00:00:00,3.49,3.063733051387598
2018-07-12 00:15:00,2.99,3.063733051387598
2018-07-12 00:30:00,2.92,3.3459640835772237
2018-07-12 00:45:00,2.99,3.1030326796443486
2018-07-12 01:00:00,2.99,3.0492932730089204
2018-07-12 01:15:00,2.95,3.0492932730089204
2018-07-12 01:30:00,2.95,3.0553802526821734
2018-07-12 01:45:00,2.95,3.0492932730089204
2018-07-12 02:00:00,2.99,3.0492932730089204
2018-07-12 02:15:00,3.02,3.0492932730089204
2018-07-12 02:30:00,2.99,3.0492932730089204
2018-07-12 02:45:00,3.02,3.0492932730089204
2018-07-12 03:00:00,2.99,3.0492932730089204
2018-07-12 03:15:00,3.49,3.077869336171405
2018-07-12 03:30:00,3.13,3.077869336171405
2018-07-12 03:45:00,3.06,3.3616029590205474
2018-07-12 04:00:00,2.99,3.267684473529996
2018-07-12 04:15:00,2.92,3.1545553111228073
2018-07-12 04:30:00,2.92,3.135689624224824
2018-07-12 04:45:00,3.28,3.136366855451305
2018-07-12 05:00:00,3.49,3.136366855451305
2018-07-12 05:15:00,2.99,3.380053825610587
2018-07-12 05:30:00,2.92,3.4547305711377816
2018-07-12 05:45:00,2.99,3.2103663697520184
2018-07-12 06:00:00,2.95,3.135689624224824
2018-07-12 06:15:00,2.92,3.0946718111091407
2018-07-12 06:30:00,2.92,3.077691974600837
2018-07-12 06:45:00,2.99,3.0830589641997084
2018-07-12 07:00:00,3.02,3.261899366940668
2018-07-12 07:15:00,3.31,3.2449195304323646
2018-07-12 07:30:00,3.82,3.4722895576246793
2018-07-12 07:45:00,4.1,4.800747116436672
2018-07-12 08:00:00,37.04,29.54282740239935
2018-07-12 08:15:00,63.14,64.0025338334556
2018-07-12 08:30:00,66.49,63.64366144245273
2018-07-12 08:45:00,61.42,66.62831915141328
2018-07-12 09:00:00,67.61,66.08069122136008
2018-07-12 09:15:00,59.8,60.18143266655587
2018-07-12 09:30:00,70.13,60.356213081114916
2018-07-12 09:45:00,53.96,60.87891593477331
2018-07-12 10:00:00,63.86,66.95773633634444
2018-07-12 10:15:00,68.4,62.75153543758084
2018-07-12 10:30:00,57.42,63.09322302493048
2018-07-12 10:45:00,75.74,64.8205616579232
2018-07-12 11:00:00,58.82,62.733355237549915
2018-07-12 11:15:00,54.61,64.93273245388094
2018-07-12 11:30:00,68.26,61.350547641692444
2018-07-12 11:45:00,49.5,55.109312950892075
2018-07-12 12:00:00,4.36,10.203042572814043
2018-07-12 12:15:00,4.36,6.037750110394754
2018-07-12 12:30:00,4.39,4.086383613216645
2018-07-12 12:45:00,4.61,5.681101500582185
2018-07-12 13:00:00,4.97,48.40276868581162
2018-07-12 13:15:00,6.48,62.642669312407186
2018-07-12 13:30:00,5.22,37.18661592481234
2018-07-12 13:45:00,4.75,30.361056627742904
2018-07-12 14:00:00,39.53,29.64842661664332
2018-07-12 14:15:00,67.07,17.55769498081111
2018-07-12 14:30:00,45.22,60.05423500235695
2018-07-12 14:45:00,47.45,70.26578643707037
2018-07-12 15:00:00,54.86,52.36818182190891
2018-07-12 15:15:00,54.54,54.098637912502745
2018-07-12 15:30:00,48.13,57.32656519105255
2018-07-12 15:45:00,51.73,57.31425140479911
2018-07-12 16:00:00,57.46,52.37843154866093
2018-07-12 16:15:00,61.38,56.659959362733105
2018-07-12 16:30:00,48.92,56.92151780106286
2018-07-12 16:45:00,49.97,56.17836552876857
2018-07-12 17:00:00,62.93,51.47472641239529
2018-07-12 17:15:00,56.02,55.67723436770241
2018-07-12 17:30:00,31.86,33.32436232338978
2018-07-12 17:45:00,30.82,27.614337249461144
2018-07-12 18:00:00,51.95,39.40926426118886
2018-07-12 18:15:00,58.9,50.02530937586825
2018-07-12 18:30:00,56.92,63.6476910669678
2018-07-12 18:45:00,58.72,55.580739742077114
2018-07-12 19:00:00,49.39,55.58796715248746
2018-07-12 19:15:00,46.87,56.31811893246372
2018-07-12 19:30:00,47.27,52.67896263879911
2018-07-12 19:45:00,44.1,52.45623555549751
2018-07-12 20:00:00,48.89,48.19394045488775
2018-07-12 20:15:00,73.84,47.130303772721426
2018-07-12 20:30:00,49.32,39.568601816931434
2018-07-12 20:45:00,19.04,29.8513465403984
2018-07-12 21:00:00,7.99,8.680413633529987
2018-07-12 21:15:00,4.03,2.38322071587548
2018-07-12 21:30:00,3.64,6.817379019478785
2018-07-12 21:45:00,3.56,4.200620426752251
2018-07-12 22:00:00,3.53,3.8758908768764906
2018-07-12 22:15:00,3.71,3.702260701861506
2018-07-12 22:30:00,4.39,3.5517070006271245
2018-07-12 22:45:00,3.82,3.4354909689148267
2018-07-12 23:00:00,2.95,3.979917817020462
2018-07-12 23:15:00,2.66,3.652110189501423
2018-07-12 23:30:00,2.7,3.2909161207940856
2018-07-12 23:45:00,2.59,3.0767234283495872
2018-07-13 00:00:00,2.66,2.9997163507206066
2018-07-13 00:15:00,2.81,2.956357469710913
2018-07-13 00:30:00,2.74,2.890217659302739
2018-07-13 00:45:00,2.77,2.9820201749742985
2018-07-13 01:00:00,2.81,2.9513168993253216
2018-07-13 01:15:00,2.81,2.9513168993253216
2018-07-13 01:30:00,2.74,2.9513168993253216
2018-07-13 01:45:00,2.81,2.9513168993253216
2018-07-13 02:00:00,2.77,2.9513168993253216
2018-07-13 02:15:00,2.74,2.9513168993253216
2018-07-13 02:30:00,2.77,2.9513168993253216
2018-07-13 02:45:00,3.2,2.9513168993253216
2018-07-13 03:00:00,3.2,2.9513168993253216
2018-07-13 03:15:00,2.81,3.172533438460692
2018-07-13 03:30:00,2.84,3.1853922040819658
2018-07-13 03:45:00,2.88,3.009731564617384
2018-07-13 04:00:00,2.84,3.0323035020944533
2018-07-13 04:15:00,2.84,3.0383904817677063
2018-07-13 04:30:00,3.17,3.0383904817677063
2018-07-13 04:45:00,3.28,3.0153236655861497
2018-07-13 05:00:00,2.84,3.207964141559035
2018-07-13 05:15:00,2.84,3.299057288435292
2018-07-13 05:30:00,2.81,3.1069802476216477
2018-07-13 05:45:00,2.84,3.0323035020944533
2018-07-13 06:00:00,2.77,3.0383904817677063
2018-07-13 06:15:00,2.74,2.996695437425542
2018-07-13 06:30:00,2.81,2.9736286212439853
2018-07-13 06:45:00,2.77,2.9850825905161096
2018-07-13 07:00:00,2.81,2.9850825905161096
2018-07-13 07:15:00,3.2,2.9850825905161096
2018-07-13 07:30:00,3.38,3.2755472556749305
2018-07-13 07:45:00,3.67,4.3591212709918095
2018-07-13 08:00:00,29.95,35.103933302011335
2018-07-13 08:15:00,39.06,58.019020662046955
2018-07-13 08:30:00,46.91,59.55097744577034
2018-07-13 08:45:00,48.42,42.93409768445381
2018-07-13 09:00:00,49.07,50.235932295178806
2018-07-13 09:15:00,60.91,51.392226155993725
2018-07-13 09:30:00,65.52,52.51847205062592
2018-07-13 09:45:00,56.66,54.18399239617967
2018-07-13 10:00:00,55.19,58.63421269510408
2018-07-13 10:15:00,61.56,57.669872869863966
2018-07-13 10:30:00,51.01,61.21791483376543
2018-07-13 10:45:00,53.03,63.30170512656904
2018-07-13 11:00:00,57.78,60.097949607463406
2018-07-13 11:15:00,56.74,60.32155312367628
2018-07-13 11:30:00,47.45,56.940068622618234
2018-07-13 11:45:00,46.33,51.16672379946267
2018-07-13 12:00:00,6.73,5.974481889072573
2018-07-13 12:15:00,4.57,4.89866748715999
2018-07-13 12:30:00,4.86,5.940809168389342
2018-07-13 12:45:00,5.72,5.23885381968208
2018-07-13 13:00:00,34.78,40.566492700008084
2018-07-13 13:15:00,52.42,46.606486077555175
2018-07-13 13:30:00,58.75,59.89806644719829
2018-07-13 13:45:00,48.24,59.973586664222104
2018-07-13 14:00:00,51.84,54.71122901171391
2018-07-13 14:15:00,61.85,50.79072413705374
2018-07-13 14:30:00,47.27,56.717610825688986
2018-07-13 14:45:00,48.74,57.800505715822396
2018-07-13 15:00:00,53.24,50.57862982091849
2018-07-13 15:15:00,54.72,53.48172368794121
2018-07-13 15:30:00,57.31,56.05949282870066
2018-07-13 15:45:00,46.62,54.56874414650487
2018-07-13 16:00:00,48.35,54.33478703936246
2018-07-13 16:15:00,49.5,49.0201698974257
2018-07-13 16:30:00,54.83,52.6921310075098
2018-07-13 16:45:00,57.13,53.36920165381686
2018-07-13 17:00:00,58.14,54.23172434206233
2018-07-13 17:15:00,54.94,49.65312683637639
2018-07-13 17:30:00,30.89,26.395384161273206
2018-07-13 17:45:00,31.1,26.84353940914925
2018-07-13 18:00:00,34.88,38.87693253125096
2018-07-13 18:15:00,59.94,50.10002770555453
2018-07-13 18:30:00,57.56,42.98662856176969
2018-07-13 18:45:00,48.89,54.88750962105461
2018-07-13 19:00:00,46.87,51.22114482282361
2018-07-13 19:15:00,62.6,49.66323872274001
2018-07-13 19:30:00,55.44,50.243200200241304
2018-07-13 19:45:00,65.66,56.99791313197503
2018-07-13 20:00:00,57.6,53.34819242182033
2018-07-13 20:15:00,61.85,58.60738275641641
2018-07-13 20:30:00,46.84,48.902353492399484
2018-07-13 20:45:00,27.22,32.270426335067434
2018-07-13 21:00:00,20.45,11.543524038591961
2018-07-13 21:15:00,3.89,1.9702843129663747
2018-07-13 21:30:00,3.82,5.183699779610348
2018-07-13 21:45:00,3.78,3.270296488390009
2018-07-13 22:00:00,3.74,3.9781436825856034
2018-07-13 22:15:00,4.54,3.638231007591153
2018-07-13 22:30:00,3.67,3.570016115065843
2018-07-13 22:45:00,3.2,4.040613510510373
2018-07-13 23:00:00,2.7,3.3587926468038263
2018-07-13 23:15:00,2.74,3.4485974105716526
2018-07-13 23:30:00,2.66,2.9904635402556208
2018-07-13 23:45:00,2.77,3.023972746707612
2018-07-14 00:00:00,2.56,2.9403157826885926
2018-07-14 00:15:00,2.63,3.0069929101993083
2018-07-14 00:30:00,2.63,3.032655615462694
2018-07-14 00:45:00,2.74,2.9332906535293564
2018-07-14 01:00:00,2.66,2.9513168993253216
2018-07-14 01:15:00,2.63,2.9513168993253216
2018-07-14 01:30:00,2.66,2.9513168993253216
2018-07-14 01:45:00,2.7,2.9513168993253216
2018-07-14 02:00:00,2.66,2.9513168993253216
2018-07-14 02:15:00,2.74,2.9513168993253216
2018-07-14 02:30:00,2.88,2.9513168993253216
2018-07-14 02:45:00,3.24,2.9513168993253216
2018-07-14 03:00:00,2.77,2.9513168993253216
2018-07-14 03:15:00,2.84,3.2505984465104394
2018-07-14 03:30:00,3.31,3.0415415691884915
2018-07-14 03:45:00,3.06,2.9838446601696007
2018-07-14 04:00:00,2.74,3.254615640963924
2018-07-14 04:15:00,2.74,3.087491266721516
2018-07-14 04:30:00,2.74,2.9878618546230853
2018-07-14 04:45:00,2.74,2.9878618546230853
2018-07-14 05:00:00,2.74,2.9939488342963383
2018-07-14 05:15:00,2.84,2.9708820181147817
2018-07-14 05:30:00,2.7,2.9708820181147817
2018-07-14 05:45:00,2.7,2.9708820181147817
2018-07-14 06:00:00,2.7,2.9708820181147817
2018-07-14 06:15:00,2.7,2.9291869737726173
2018-07-14 06:30:00,2.7,2.9291869737726173
2018-07-14 06:45:00,2.7,2.9406409430447416
2018-07-14 07:00:00,2.66,2.9406409430447416
2018-07-14 07:15:00,2.77,2.9406409430447416
2018-07-14 07:30:00,3.74,3.0851679349347987
2018-07-14 07:45:00,3.92,3.030898152179777
2018-07-14 08:00:00,22.5,21.457202033322574
2018-07-14 08:15:00,35.89,52.02722091375454
2018-07-14 08:30:00,38.63,41.52261078559542
2018-07-14 08:45:00,37.33,40.157868581653226
2018-07-14 09:00:00,37.76,39.97898882647406
2018-07-14 09:15:00,37.73,38.9581914443504
2018-07-14 09:30:00,37.08,38.92832708250398
2018-07-14 09:45:00,39.13,38.93538409576474
2018-07-14 10:00:00,37.84,38.58156320155924
2018-07-14 10:15:00,38.3,38.88088118063169
2018-07-14 10:30:00,36.04,38.125371962091464
2018-07-14 10:45:00,37.48,39.118696505254334
2018-07-14 11:00:00,38.05,35.812313609277595
2018-07-14 11:15:00,35.68,38.802329020871355
2018-07-14 11:30:00,38.16,33.44749294348486
2018-07-14 11:45:00,24.59,31.25619492145141
2018-07-14 12:00:00,3.71,6.383095147116325
2018-07-14 12:15:00,4.32,6.700856859915292
2018-07-14 12:30:00,3.89,4.454409470640843
2018-07-14 12:45:00,3.42,6.17318224004354
2018-07-14 13:00:00,22.03,14.666580779880656
2018-07-14 13:15:00,36.76,20.00239779151725
2018-07-14 13:30:00,34.96,43.80510941807493
2018-07-14 13:45:00,36.83,44.45438716775744
2018-07-14 14:00:00,35.86,37.08324801683609
2018-07-14 14:15:00,33.84,41.84216482392291
2018-07-14 14:30:00,70.2,38.06800415753743
2018-07-14 14:45:00,77.18,37.51269584883088
2018-07-14 15:00:00,73.26,66.34247349065988
2018-07-14 15:15:00,76.28,66.89990367030981
2018-07-14 15:30:00,84.28,65.32773457319882
2018-07-14 15:45:00,61.56,66.08220049089465
2018-07-14 16:00:00,57.46,74.18265814735105
2018-07-14 16:15:00,84.49,53.36594142076121
2018-07-14 16:30:00,71.96,50.243461920224966
2018-07-14 16:45:00,40.1,55.55640925393997
2018-07-14 17:00:00,25.99,47.42979999010661
2018-07-14 17:15:00,24.84,26.722339562997114
2018-07-14 17:30:00,26.1,9.596431289193527
2018-07-14 17:45:00,24.3,13.221323437930804
2018-07-14 18:00:00,5.47,20.259383649529834
2018-07-14 18:15:00,2.99,18.307930141154145
2018-07-14 18:30:00,2.88,4.131505009969816
2018-07-14 18:45:00,2.95,3.990969339137398
2018-07-14 19:00:00,2.92,3.828794766682919
2018-07-14 19:15:00,3.28,2.7477778085037103
2018-07-14 19:30:00,3.31,2.491373072883287
2018-07-14 19:45:00,2.92,2.7620314785935967
2018-07-14 20:00:00,2.92,2.913917416386162
2018-07-14 20:15:00,2.95,2.6424920616710907
2018-07-14 20:30:00,2.92,2.6353683119825737
2018-07-14 20:45:00,2.99,3.036523752157459
2018-07-14 21:00:00,2.99,3.106046950796016
2018-07-14 21:15:00,3.02,3.050614123363375
2018-07-14 21:30:00,3.56,3.009635912888288
2018-07-14 21:45:00,3.64,3.0266157493965915
2018-07-14 22:00:00,3.06,3.3076572017807684
2018-07-14 22:15:00,2.92,3.420594743764451
2018-07-14 22:30:00,2.81,3.1302374656879572
2018-07-14 22:45:00,2.81,2.9859106963851607
2018-07-14 23:00:00,2.77,2.986587927611642
2018-07-14 23:15:00,2.81,2.977960889808763
2018-07-14 23:30:00,2.77,2.9548940736272065
2018-07-14 23:45:00,2.92,2.9548940736272065
2018-07-15 00:00:00,2.84,2.9548940736272065
2018-07-15 00:15:00,2.84,2.9548940736272065
2018-07-15 00:30:00,2.84,2.9548940736272065
2018-07-15 00:45:00,2.84,2.9548940736272065
2018-07-15 01:00:00,3.17,2.9465412749217816
2018-07-15 01:15:00,3.38,2.9465412749217816
2018-07-15 01:30:00,2.92,3.1364895804297017
2018-07-15 01:45:00,2.84,3.2275827273059585
2018-07-15 02:00:00,2.84,3.025887555868392
2018-07-15 02:15:00,2.88,2.9635211114300852
2018-07-15 02:30:00,3.35,2.9696080911033382
2018-07-15 02:45:00,3.1,2.9696080911033382
2018-07-15 03:00:00,2.95,3.2279814906571027
2018-07-15 03:15:00,2.92,3.1164736335180048
2018-07-15 03:30:00,2.84,2.9790690357660607
2018-07-15 03:45:00,2.84,2.9790690357660607
2018-07-15 04:00:00,2.81,3.006153046401102
2018-07-15 04:15:00,2.84,2.9661063937112417
2018-07-15 04:30:00,2.84,2.9661063937112417
2018-07-15 04:45:00,2.92,2.9661063937112417
2018-07-15 05:00:00,2.81,2.9661063937112417
2018-07-15 05:15:00,2.77,2.9661063937112417
2018-07-15 05:30:00,2.81,2.9661063937112417
2018-07-15 05:45:00,2.81,2.9661063937112417
2018-07-15 06:00:00,2.81,2.9661063937112417
2018-07-15 06:15:00,2.81,2.9244113493690773
2018-07-15 06:30:00,4.28,2.9244113493690773
2018-07-15 06:45:00,3.2,2.9358653186412016
2018-07-15 07:00:00,2.74,4.070288947736812
2018-07-15 07:15:00,2.74,3.1746398281235226
2018-07-15 07:30:00,3.67,3.2916872335624716
2018-07-15 07:45:00,8.86,3.1423056717428484
2018-07-15 08:00:00,56.88,32.694336181768
2018-07-15 08:15:00,90.68,64.52883324878444
2018-07-15 08:30:00,71.75,61.743422265018026
2018-07-15 08:45:00,111.92,79.25541493578378
2018-07-15 09:00:00,86.65,68.8855032626832
2018-07-15 09:15:00,82.66,78.006860362512
2018-07-15 09:30:00,101.05,76.16662722149682
2018-07-15 09:45:00,77.62,60.543634380727475
2018-07-15 10:00:00,108.47,85.16907721264901
2018-07-15 10:15:00,98.57,76.56773813519493
2018-07-15 10:30:00,80.46,88.31539728393389
2018-07-15 10:45:00,107.71,86.71601774369996
2018-07-15 11:00:00,78.66,85.4778973385657
2018-07-15 11:15:00,90.14,86.59864423112775
2018-07-15 11:30:00,87.3,81.91519851698659
2018-07-15 11:45:00,35.06,76.97748796340876
2018-07-15 12:00:00,5.58,12.50872609600568
2018-07-15 12:15:00,4.5,9.229516100184858
2018-07-15 12:30:00,4.28,5.637731805106557
2018-07-15 12:45:00,4.18,10.904102200880843
2018-07-15 13:00:00,48.92,67.48129929165914
2018-07-15 13:15:00,97.6,57.29037380918909
2018-07-15 13:30:00,88.88,68.18622597203705
2018-07-15 13:45:00,94.86,83.861806241569
2018-07-15 14:00:00,99.86,84.66977769785638
2018-07-15 14:15:00,88.34,86.68548837756272
2018-07-15 14:30:00,95.72,87.13793711465648
2018-07-15 14:45:00,99.61,89.39568136703872
2018-07-15 15:00:00,85.93,83.48538667532027
2018-07-15 15:15:00,96.91,90.54496082826111
2018-07-15 15:30:00,98.06,89.32321574332376
2018-07-15 15:45:00,88.27,86.12546471521563
2018-07-15 16:00:00,97.85,92.94018219822156
2018-07-15 16:15:00,84.6,86.7268766752199
2018-07-15 16:30:00,91.04,86.20655018112366
2018-07-15 16:45:00,49.54,63.22005450146984
2018-07-15 17:00:00,26.89,73.62863597123409
2018-07-15 17:15:00,26.06,28.158501908936735
2018-07-15 17:30:00,25.56,6.493536060906866
2018-07-15 17:45:00,25.31,15.452401389568589
2018-07-15 18:00:00,37.73,15.43157972277287
2018-07-15 18:15:00,42.05,23.783556871290887
2018-07-15 18:30:00,39.46,45.4181485960823
2018-07-15 18:45:00,44.53,41.0103410969686
2018-07-15 19:00:00,45.79,34.615024437457826
2018-07-15 19:15:00,47.45,36.24019766389429
2018-07-15 19:30:00,44.5,36.66778351424619
2018-07-15 19:45:00,44.71,40.655891494344665
2018-07-15 20:00:00,44.35,38.912770181928295
2018-07-15 20:15:00,44.28,39.32311592816783
2018-07-15 20:30:00,44.03,32.666176773127404
2018-07-15 20:45:00,11.63,25.869907418750334
2018-07-15 21:00:00,6.3,16.099440385744224
2018-07-15 21:15:00,3.78,3.688239571724206
2018-07-15 21:30:00,3.67,3.968377421080307
2018-07-15 21:45:00,3.85,3.2119128629357343
2018-07-15 22:00:00,4.72,3.8270754141469134
2018-07-15 22:15:00,3.78,3.766550735287559
2018-07-15 22:30:00,3.46,4.072794584956094
2018-07-15 22:45:00,3.49,3.67041208203687
2018-07-15 23:00:00,2.77,3.678280800496965
2018-07-15 23:15:00,2.84,3.5933544396582278
2018-07-15 23:30:00,2.81,3.2372044213277187
2018-07-15 23:45:00,2.92,3.1788274364357263
2018-07-16 00:00:00,2.92,3.213969641282377
2018-07-16 00:15:00,2.92,3.262699162727319
2018-07-16 00:30:00,2.88,3.1909028251008205
2018-07-16 00:45:00,2.88,3.1909028251008205
2018-07-16 01:00:00,2.88,3.1825500263953956
2018-07-16 01:15:00,2.92,3.1825500263953956
2018-07-16 01:30:00,2.88,3.1825500263953956
2018-07-16 01:45:00,2.95,3.1825500263953956
2018-07-16 02:00:00,2.99,3.1825500263953956
2018-07-16 02:15:00,2.95,3.1825500263953956
2018-07-16 02:30:00,3.42,3.1825500263953956
2018-07-16 02:45:00,2.99,3.1995298629036992
2018-07-16 03:00:00,2.92,3.4809700786390203
2018-07-16 03:15:00,2.99,3.3027826715933783
2018-07-16 03:30:00,2.88,3.228105926066184
2018-07-16 03:45:00,2.84,3.228105926066184
2018-07-16 04:00:00,3.42,3.2696236088377804
2018-07-16 04:15:00,3.06,3.2635366291645274
2018-07-16 04:30:00,2.88,3.530290415505366
2018-07-16 04:45:00,2.92,3.3400992250814014
2018-07-16 05:00:00,2.81,3.2635366291645274
2018-07-16 05:15:00,2.77,3.2635366291645274
2018-07-16 05:30:00,2.81,3.2696236088377804
2018-07-16 05:45:00,2.81,3.2465567926562238
2018-07-16 06:00:00,2.92,3.2465567926562238
2018-07-16 06:15:00,3.35,3.2048617483140593
2018-07-16 06:30:00,2.77,3.2679563862805656
2018-07-16 06:45:00,2.77,3.3409374105392926
2018-07-16 07:00:00,2.81,3.469832865854338
2018-07-16 07:15:00,3.28,3.412135956835447
2018-07-16 07:30:00,3.6,3.679726959176515
2018-07-16 07:45:00,5.26,5.410574725299002
2018-07-16 08:00:00,63.25,37.6309300229458
2018-07-16 08:15:00,88.49,73.99576151750905
2018-07-16 08:30:00,94.21,89.04400506044068
2018-07-16 08:45:00,89.21,86.89515648546255
2018-07-16 09:00:00,97.81,86.1063767353009
2018-07-16 09:15:00,94.82,80.10700359092606
2018-07-16 09:30:00,77.9,75.70894255738916
2018-07-16 09:45:00,91.37,94.05564485446489
2018-07-16 10:00:00,101.27,91.38812701285813
2018-07-16 10:15:00,88.42,77.45568905506947
2018-07-16 10:30:00,55.33,90.72935158195297
2018-07-16 10:45:00,66.6,87.35020512092237
2018-07-16 11:00:00,47.92,73.09569766964007
2018-07-16 11:15:00,53.39,66.22224613548053
2018-07-16 11:30:00,75.71,60.40467352542544
2018-07-16 11:45:00,52.6,58.0067251830022
2018-07-16 12:00:00,5.69,16.3639722567936
2018-07-16 12:15:00,5.54,12.086671585524105
2018-07-16 12:30:00,5.36,5.231938346736943
2018-07-16 12:45:00,6.16,7.734284393377156
2018-07-16 13:00:00,30.92,48.190351299414054
2018-07-16 13:15:00,71.35,66.75978359021296
2018-07-16 13:30:00,52.13,61.129210185767306
2018-07-16 13:45:00,50.47,77.68028999048968
2018-07-16 14:00:00,55.76,62.26193928843921
2018-07-16 14:15:00,62.5,59.1706378747753
2018-07-16 14:30:00,57.6,59.206313758457114
2018-07-16 14:45:00,65.81,65.54700792808802
2018-07-16 15:00:00,66.71,57.57202146930274
2018-07-16 15:15:00,60.05,62.74719796186409
2018-07-16 15:30:00,59.76,64.95402522296978
2018-07-16 15:45:00,64.15,60.017337544524516
2018-07-16 16:00:00,67.18,60.907288975464255
2018-07-16 16:15:00,65.3,61.311218197400194
2018-07-16 16:30:00,69.01,66.2576787098466
2018-07-16 16:45:00,67.07,64.70133577043757
2018-07-16 17:00:00,61.38,62.01731993872867
2018-07-16 17:15:00,56.02,61.34287207674659
2018-07-16 17:30:00,29.88,33.98318067757722
2018-07-16 17:45:00,31.21,30.534689975900474
2018-07-16 18:00:00,36.47,36.739091871924025
2018-07-16 18:15:00,46.48,51.60135683541005
2018-07-16 18:30:00,54.5,49.97022533936254
2018-07-16 18:45:00,56.16,49.72094988654712
2018-07-16 19:00:00,63.11,56.56099195207943
2018-07-16 19:15:00,61.85,59.135932681802885
2018-07-16 19:30:00,58.18,62.38221803504845
2018-07-16 19:45:00,55.01,63.10853691195086
2018-07-16 20:00:00,51.05,61.63817678316745
2018-07-16 20:15:00,49.46,61.21484762097681
2018-07-16 20:30:00,44.06,54.22995789370883
2018-07-16 20:45:00,23.0,38.42838951225322
2018-07-16 21:00:00,4.9,16.800091465439607
2018-07-16 21:15:00,4.18,3.5437141822456923
2018-07-16 21:30:00,3.82,3.770019631328546
2018-07-16 21:45:00,3.82,3.543214186666565
2018-07-16 22:00:00,3.71,4.165261377633566
2018-07-16 22:15:00,3.64,4.02928905107059
2018-07-16 22:30:00,3.64,3.5390270286424936
2018-07-16 22:45:00,3.53,3.563283424629499
2018-07-16 23:00:00,3.53,3.6406612143622956
2018-07-16 23:15:00,3.89,3.6021840390720876
2018-07-16 23:30:00,3.46,3.5534545176271455
2018-07-16 23:45:00,2.66,3.804252698439655
2018-07-17 00:00:00,2.95,3.649877851375586
2018-07-17 00:15:00,2.92,3.368836398991409
2018-07-17 00:30:00,2.95,3.255834514064707
2018-07-17 00:45:00,2.95,3.242844137102718
2018-07-17 01:00:00,2.99,3.2514711749055967
2018-07-17 01:15:00,2.99,3.2114245222157365
2018-07-17 01:30:00,3.02,3.22840435872404
2018-07-17 01:45:00,2.95,3.22840435872404
2018-07-17 02:00:00,2.99,3.22840435872404
2018-07-17 02:15:00,2.95,3.22840435872404
2018-07-17 02:30:00,2.99,3.22840435872404
2018-07-17 02:45:00,3.49,3.22840435872404
2018-07-17 03:00:00,3.42,3.22840435872404
2018-07-17 03:15:00,2.92,3.540714044735667
2018-07-17 03:30:00,2.95,3.637780375217937
2018-07-17 03:45:00,2.88,3.3540467523687947
2018-07-17 04:00:00,2.95,3.3148007099399437
2018-07-17 04:15:00,2.92,3.298498104658121
2018-07-17 04:30:00,2.95,3.315477941166425
2018-07-17 04:45:00,3.13,3.2754312884765646
2018-07-17 05:00:00,3.49,3.292411124984868
2018-07-17 05:15:00,2.99,3.355138977209618
2018-07-17 05:30:00,2.92,3.5761447478340105
2018-07-17 05:45:00,2.92,3.3670878705120626
2018-07-17 06:00:00,2.95,3.292411124984868
2018-07-17 06:15:00,2.92,3.2737828968242604
2018-07-17 06:30:00,2.88,3.256803060315957
2018-07-17 06:45:00,2.88,3.2451902134065245
2018-07-17 07:00:00,2.99,3.441010452655788
2018-07-17 07:15:00,3.17,3.4240306161474843
2018-07-17 07:30:00,3.24,3.5753800381361924
2018-07-17 07:45:00,3.49,4.015289633106899
2018-07-17 08:00:00,32.83,41.97836877945476
2018-07-17 08:15:00,47.38,57.78489376113658
2018-07-17 08:30:00,67.75,58.88095716299244
2018-07-17 08:45:00,67.86,56.80505670146469
2018-07-17 09:00:00,58.64,65.49177863802865
2018-07-17 09:15:00,82.3,66.65389376581734
2018-07-17 09:30:00,60.91,57.76184723931634
2018-07-17 09:45:00,66.56,64.89082629012117
2018-07-17 10:00:00,50.0,62.229949162589854
2018-07-17 10:15:00,52.2,61.968285466686325
2018-07-17 10:30:00,49.79,61.48147178311738
2018-07-17 10:45:00,47.38,59.44948851996279
2018-07-17 11:00:00,54.0,60.708234483380686
2018-07-17 11:15:00,66.42,54.042642110482056
2018-07-17 11:30:00,54.72,58.09940562234723
2018-07-17 11:45:00,69.73,60.936433639761404
2018-07-17 12:00:00,8.39,6.617771369652923
2018-07-17 12:15:00,4.86,6.988622596618246
2018-07-17 12:30:00,4.46,6.089879015263961
2018-07-17 12:45:00,4.25,6.45010734740678
2018-07-17 13:00:00,26.46,34.54717798285735
2018-07-17 13:15:00,59.62,71.3154820074062
2018-07-17 13:30:00,80.82,50.87024651548064
2018-07-17 13:45:00,96.62,59.465997564314996
2018-07-17 14:00:00,79.74,71.74709462640219
2018-07-17 14:15:00,104.94,84.32597049316288
2018-07-17 14:30:00,94.54,89.80911985009601
2018-07-17 14:45:00,71.35,90.28890380990278
2018-07-17 15:00:00,71.6,92.45212155159173
2018-07-17 15:15:00,72.97,91.7429226187821
2018-07-17 15:30:00,104.58,75.76969100914266
2018-07-17 15:45:00,78.55,70.0680116853083
2018-07-17 16:00:00,108.4,85.622327786593
2018-07-17 16:15:00,100.55,85.92953792763883
2018-07-17 16:30:00,88.45,93.75903791799064
2018-07-17 16:45:00,104.26,93.60455687022717
2018-07-17 17:00:00,76.61,93.12843171015328
2018-07-17 17:15:00,60.05,92.83040295517917
2018-07-17 17:30:00,32.44,60.66177452596884
2018-07-17 17:45:00,32.29,28.5979527293749
2018-07-17 18:00:00,45.79,60.10045763952793
2018-07-17 18:15:00,91.04,78.03594446292634
2018-07-17 18:30:00,87.05,67.6261306861757
2018-07-17 18:45:00,60.48,86.69037858133159
2018-07-17 19:00:00,46.8,83.72085832144525
2018-07-17 19:15:00,55.48,66.35763529683788
2018-07-17 19:30:00,44.89,61.81934968253377
2018-07-17 19:45:00,57.17,66.06464132429474
2018-07-17 20:00:00,37.48,52.54655162003246
2018-07-17 20:15:00,55.76,58.620499357246295
2018-07-17 20:30:00,36.47,41.18591731154067
2018-07-17 20:45:00,9.86,25.331772515566122
2018-07-17 21:00:00,6.62,18.336744037844287
2018-07-17 21:15:00,3.78,5.922306235822845
2018-07-17 21:30:00,3.85,4.097801499262585
2018-07-17 21:45:00,3.85,4.0281546496895295
2018-07-17 22:00:00,3.74,4.162680783743316
2018-07-17 22:15:00,3.67,3.9880197001621567
2018-07-17 22:30:00,3.53,3.814555310683609
2018-07-17 22:45:00,2.81,3.727444621049888
2018-07-17 23:00:00,2.74,3.7083739521621375
2018-07-17 23:15:00,2.7,3.4564041624158524
2018-07-17 23:30:00,2.66,3.306469954553102
2018-07-17 23:45:00,3.38,3.242844137102718
2018-07-18 00:00:00,2.7,3.267100533089723
2018-07-18 00:15:00,2.74,3.500818773305338
2018-07-18 00:30:00,2.74,3.3064001613464735
2018-07-18 00:45:00,2.7,3.236757157429465
2018-07-18 01:00:00,2.7,3.2114245222157365
2018-07-18 01:15:00,2.7,3.234491338397293
2018-07-18 01:30:00,2.77,3.2114245222157365
2018-07-18 01:45:00,3.24,3.2114245222157365
2018-07-18 02:00:00,3.42,3.2114245222157365
2018-07-18 02:15:00,2.92,3.4924659745999134
2018-07-18 02:30:00,2.88,3.5548324190382203
2018-07-18 02:45:00,2.88,3.290770803162347
2018-07-18 03:00:00,2.92,3.22840435872404
2018-07-18 03:15:00,2.81,3.263067401559778
2018-07-18 03:30:00,2.88,3.263067401559778
2018-07-18 03:45:00,3.02,3.240000585378221
2018-07-18 04:00:00,3.35,3.2754312884765646
2018-07-18 04:15:00,2.84,3.2754312884765646
2018-07-18 04:30:00,2.81,3.559164911325707
2018-07-18 04:45:00,2.77,3.3670878705120626
2018-07-18 05:00:00,2.81,3.292411124984868
2018-07-18 05:15:00,2.77,3.2754312884765646
2018-07-18 05:30:00,2.74,3.298498104658121
2018-07-18 05:45:00,2.7,3.2754312884765646
2018-07-18 06:00:00,2.74,3.2754312884765646
2018-07-18 06:15:00,2.74,3.2337362441344
2018-07-18 06:30:00,2.77,3.2337362441344
2018-07-18 06:45:00,2.66,3.2451902134065245
2018-07-18 07:00:00,2.66,3.4240306161474843
2018-07-18 07:15:00,2.99,3.4240306161474843
2018-07-18 07:30:00,3.31,3.512285400169686
2018-07-18 07:45:00,3.82,3.664047652707778
2018-07-18 08:00:00,29.74,30.28272784421005
2018-07-18 08:15:00,43.31,67.51295219292369
2018-07-18 08:30:00,49.68,57.92487360228296
2018-07-18 08:45:00,47.52,50.426990960375846
2018-07-18 09:00:00,55.94,62.16265152203487
2018-07-18 09:15:00,50.11,54.633213786409215
2018-07-18 09:30:00,45.61,57.62892167327333
2018-07-18 09:45:00,50.83,57.0727649470398
2018-07-18 10:00:00,44.75,54.324260328636456
2018-07-18 10:15:00,50.94,60.397433018283444
2018-07-18 10:30:00,64.15,55.11777049689199
2018-07-18 10:45:00,76.1,61.044340020665956
2018-07-18 11:00:00,51.34,65.46210425360675
2018-07-18 11:15:00,51.37,69.22908958609676
2018-07-18 11:30:00,55.04,62.179083464572194
2018-07-18 11:45:00,47.59,57.38682408366557
2018-07-18 12:00:00,29.45,9.824274256719717
2018-07-18 12:15:00,30.92,8.959725320441155
2018-07-18 12:30:00,29.16,15.076843590914029
2018-07-18 12:45:00,29.45,28.8242137010411
2018-07-18 13:00:00,44.89,40.250851204193474
2018-07-18 13:15:00,73.87,46.54041604971564
2018-07-18 13:30:00,59.8,53.08525618968633
2018-07-18 13:45:00,66.96,69.15546452059345
2018-07-18 14:00:00,62.57,61.77391600680037
2018-07-18 14:15:00,54.07,64.562286061649
2018-07-18 14:30:00,60.48,62.243845673946026
2018-07-18 14:45:00,56.99,62.79055712455804
2018-07-18 15:00:00,48.38,57.67678572513582
2018-07-18 15:15:00,52.49,59.51006403366136
2018-07-18 15:30:00,59.18,53.83251673331654
2018-07-18 15:45:00,60.59,59.35477660797746
2018-07-18 16:00:00,61.96,57.353745647984354
2018-07-18 16:15:00,61.45,57.575354189687
2018-07-18 16:30:00,61.99,61.108156841386176
2018-07-18 16:45:00,53.17,58.08756057920514
2018-07-18 17:00:00,50.51,59.097688005147646
2018-07-18 17:15:00,60.3,51.43971605470813
2018-07-18 17:30:00,60.34,28.575416494055208
2018-07-18 17:45:00,53.32,27.752097599920155
2018-07-18 18:00:00,5.83,41.87324085020831
2018-07-18 18:15:00,3.78,46.149771621451826
2018-07-18 18:30:00,3.42,7.255871504891121
2018-07-18 18:45:00,3.38,8.448043029356178
2018-07-18 19:00:00,3.42,8.094408352055208
2018-07-18 19:15:00,3.42,5.08204448052618
2018-07-18 19:30:00,3.42,3.4374671337601885
2018-07-18 19:45:00,3.28,3.3289914760689565
2018-07-18 20:00:00,2.81,3.4612767239602387
2018-07-18 20:15:00,2.77,3.7962258868099825
2018-07-18 20:30:00,2.77,3.268126584504799
2018-07-18 20:45:00,2.84,3.0307299515014567
2018-07-18 21:00:00,2.92,3.1575843704324775
2018-07-18 21:15:00,2.88,3.1376976402119237
2018-07-18 21:30:00,2.95,3.090632450063583
2018-07-18 21:45:00,3.28,3.090632450063583
2018-07-18 22:00:00,3.28,3.090632450063583
2018-07-18 22:15:00,2.81,3.37167390244776
2018-07-18 22:30:00,2.84,3.4510201833943706
2018-07-18 22:45:00,2.81,3.1068840930436874
2018-07-18 23:00:00,2.81,3.0445176486053804
2018-07-18 23:15:00,2.7,3.0589574269840583
2018-07-18 23:30:00,2.77,3.0589574269840583
2018-07-18 23:45:00,3.42,3.0358906108025017
2018-07-19 00:00:00,2.99,3.0358906108025017
2018-07-19 00:15:00,2.84,3.3169320631866785
2018-07-19 00:30:00,2.77,3.0982570552408086
2018-07-19 00:45:00,2.81,3.0528704473108053
2018-07-19 01:00:00,2.81,3.0445176486053804
2018-07-19 01:15:00,3.1,3.0506046282786334
2018-07-19 01:30:00,2.95,3.027537812097077
2018-07-19 01:45:00,3.02,3.104952093716309
2018-07-19 02:00:00,2.99,3.027537812097077
2018-07-19 02:15:00,2.99,3.0445176486053804
2018-07-19 02:30:00,3.02,3.0445176486053804
2018-07-19 02:45:00,2.92,3.0445176486053804
2018-07-19 03:00:00,2.95,3.0445176486053804
2018-07-19 03:15:00,3.46,3.073093711767865
2018-07-19 03:30:00,3.38,3.073093711767865
2018-07-19 03:45:00,2.74,3.339847498108704
2018-07-19 04:00:00,2.77,3.4893243681976207
2018-07-19 04:15:00,3.17,3.183201160393403
2018-07-19 04:30:00,2.99,3.1085244148662086
2018-07-19 04:45:00,2.81,3.307251870512347
2018-07-19 05:00:00,2.7,3.1146113945394616
2018-07-19 05:15:00,2.7,3.1085244148662086
2018-07-19 05:30:00,2.7,3.1085244148662086
2018-07-19 05:45:00,2.7,3.1146113945394616
2018-07-19 06:00:00,2.7,3.091544578357905
2018-07-19 06:15:00,2.7,3.0498495340157405
2018-07-19 06:30:00,2.59,3.0498495340157405
2018-07-19 06:45:00,2.7,3.061303503287865
2018-07-19 07:00:00,2.81,3.2401439060288246
2018-07-19 07:15:00,3.24,3.2401439060288246
2018-07-19 07:30:00,3.6,3.4675139332211393
2018-07-19 07:45:00,5.33,4.8420862934913345
2018-07-19 08:00:00,46.44,30.2793942627259
2018-07-19 08:15:00,52.81,66.82439249228835
2018-07-19 08:30:00,65.27,64.62584502413557
2018-07-19 08:45:00,71.24,60.35853569571774
2018-07-19 09:00:00,72.5,65.87547780494825
2018-07-19 09:15:00,59.58,65.78995561417416
2018-07-19 09:30:00,52.31,63.37463933518506
2018-07-19 09:45:00,47.45,59.331713801832244
2018-07-19 10:00:00,54.5,63.75881053879859
2018-07-19 10:15:00,62.24,65.8946347678807
2018-07-19 10:30:00,54.04,61.31501468296952
2018-07-19 10:45:00,56.92,62.92301603954804
2018-07-19 11:00:00,70.78,58.77984353537103
2018-07-19 11:15:00,88.81,58.478173758500205
2018-07-19 11:30:00,100.3,59.52753125400479
2018-07-19 11:45:00,91.44,83.39244581207454
2018-07-19 12:00:00,7.06,25.16412292379891
2018-07-19 12:15:00,15.55,20.176653931801813
2018-07-19 12:30:00,23.33,12.933961620348038
2018-07-19 12:45:00,26.32,15.090902268688806
2018-07-19 13:00:00,48.64,50.12806896371919
2018-07-19 13:15:00,67.21,50.2516139605022
2018-07-19 13:30:00,94.61,50.93169999063298
2018-07-19 13:45:00,75.28,64.4813487125068
2018-07-19 14:00:00,71.82,77.31050676335553
2018-07-19 14:15:00,97.85,83.16600803329564
2018-07-19 14:30:00,106.27,69.33323836817777
2018-07-19 14:45:00,83.95,81.29756906512823
2018-07-19 15:00:00,75.96,91.94557797998127
2018-07-19 15:15:00,79.38,84.94844691631303
2018-07-19 15:30:00,83.77,73.41430920877053
2018-07-19 15:45:00,78.73,78.30219543638758
2018-07-19 16:00:00,111.42,77.07947661053848
2018-07-19 16:15:00,85.5,70.9007671319508
2018-07-19 16:30:00,90.9,93.57730287882102
2018-07-19 16:45:00,95.76,89.73773708017538
2018-07-19 17:00:00,70.2,85.19107460098606
2018-07-19 17:15:00,96.55,85.77861451704061
2018-07-19 17:30:00,31.68,58.13114120151564
2018-07-19 17:45:00,31.64,50.173813881764126
2018-07-19 18:00:00,55.76,54.84354769421197
2018-07-19 18:15:00,82.66,87.28299093134483
2018-07-19 18:30:00,99.14,74.27687504396806
2018-07-19 18:45:00,69.8,91.86028321230143
2018-07-19 19:00:00,51.44,89.74410926584116
2018-07-19 19:15:00,66.13,82.94846625036922
2018-07-19 19:30:00,65.7,70.52112362313235
2018-07-19 19:45:00,59.22,68.63975288162764
2018-07-19 20:00:00,52.38,74.56202070824862
2018-07-19 20:15:00,51.98,61.012440552610364
2018-07-19 20:30:00,63.22,56.28377981252165
2018-07-19 20:45:00,47.66,34.69691321051997
2018-07-19 21:00:00,40.61,21.4448877235737
2018-07-19 21:15:00,40.28,18.80030364613541
2018-07-19 21:30:00,35.71,26.718501693370687
2018-07-19 21:45:00,33.48,28.141729113370964
2018-07-19 22:00:00,11.84,22.987667175310325
2018-07-19 22:15:00,3.82,23.22648778187551
2018-07-19 22:30:00,3.6,8.170089326346373
2018-07-19 22:45:00,3.53,4.853923585877241
2018-07-19 23:00:00,4.5,3.863215409146617
2018-07-19 23:15:00,3.82,3.795003777936139
2018-07-19 23:30:00,3.38,4.188100565373471
2018-07-19 23:45:00,3.6,3.881856715704938
2018-07-20 00:00:00,3.38,3.7716393650378084
2018-07-20 00:15:00,2.84,3.632758971848896
2018-07-20 00:30:00,2.81,3.584029450403954
2018-07-20 00:45:00,2.77,3.302987998019777
2018-07-20 01:00:00,2.88,3.1592437294325744
2018-07-20 01:15:00,2.88,3.196653594938136
2018-07-20 01:30:00,2.84,3.168642937425661
2018-07-20 01:45:00,2.88,3.1455761212441042
2018-07-20 02:00:00,2.81,3.1455761212441042
2018-07-20 02:15:00,2.84,3.1455761212441042
2018-07-20 02:30:00,2.88,3.1455761212441042
2018-07-20 02:45:00,2.84,3.1304279850404413
2018-07-20 03:00:00,2.92,3.1304279850404413
2018-07-20 03:15:00,2.92,3.159004048202926
2018-07-20 03:30:00,2.81,3.159004048202926
2018-07-20 03:45:00,2.74,3.159004048202926
2018-07-20 04:00:00,2.77,3.1944347513012694
2018-07-20 04:15:00,3.28,3.1944347513012694
2018-07-20 04:30:00,4.21,3.1944347513012694
2018-07-20 04:45:00,2.81,3.4781683741504117
2018-07-20 05:00:00,2.77,4.439443835276762
2018-07-20 05:15:00,2.77,3.308480918291843
2018-07-20 05:30:00,2.77,3.3515211716921005
2018-07-20 05:45:00,2.81,3.232649703686489
2018-07-20 06:00:00,2.81,3.232649703686489
2018-07-20 06:15:00,2.81,3.167887843162768
2018-07-20 06:30:00,2.7,3.167887843162768
2018-07-20 06:45:00,2.74,3.1793418124348922
2018-07-20 07:00:00,2.7,3.1793418124348922
2018-07-20 07:15:00,3.2,3.1793418124348922
2018-07-20 07:30:00,3.24,3.463912651284264
2018-07-20 07:45:00,3.78,4.919946455544073
2018-07-20 08:00:00,31.57,32.67706649424054
2018-07-20 08:15:00,47.88,51.873447691794325
2018-07-20 08:30:00,51.52,60.74354279191035
2018-07-20 08:45:00,64.3,60.338165262771916
2018-07-20 09:00:00,59.44,63.074448506549714
2018-07-20 09:15:00,57.71,64.5243398486804
2018-07-20 09:30:00,52.7,57.65615929970139
2018-07-20 09:45:00,53.5,58.38747853692095
2018-07-20 10:00:00,47.12,61.1203940682717
2018-07-20 10:15:00,63.58,64.32864079168932
2018-07-20 10:30:00,54.65,57.90944104807446
2018-07-20 10:45:00,61.38,66.61264622757685
2018-07-20 11:00:00,61.7,62.03665805331031
2018-07-20 11:15:00,63.83,62.079347751971476
2018-07-20 11:30:00,60.3,58.22687082702733
2018-07-20 11:45:00,57.38,60.5179661453175
2018-07-20 12:00:00,6.88,9.253426121945376
2018-07-20 12:15:00,5.33,8.225968388422077
2018-07-20 12:30:00,4.39,9.102622561711016
2018-07-20 12:45:00,4.28,8.04839370980887
2018-07-20 13:00:00,30.38,36.21238553168849
2018-07-20 13:15:00,61.34,68.06186449433184
2018-07-20 13:30:00,61.49,57.90412545824762
2018-07-20 13:45:00,59.33,63.08755960985748
2018-07-20 14:00:00,50.65,64.83610162792675
2018-07-20 14:15:00,54.43,58.38018311865987
2018-07-20 14:30:00,60.01,58.33270380708795
2018-07-20 14:45:00,58.0,58.833405486609756
2018-07-20 15:00:00,62.71,58.241490398411926
2018-07-20 15:15:00,64.58,57.83847718206337
2018-07-20 15:30:00,64.51,58.95941457289331
2018-07-20 15:45:00,63.94,59.6768898607917
2018-07-20 16:00:00,60.91,59.05333794876746
2018-07-20 16:15:00,68.18,58.90658881121365
2018-07-20 16:30:00,99.18,61.17415741804139
2018-07-20 16:45:00,99.04,60.222777631253145
2018-07-20 17:00:00,68.26,75.86864490491327
2018-07-20 17:15:00,59.51,81.10379434282966
2018-07-20 17:30:00,31.28,39.82139439759434
2018-07-20 17:45:00,31.21,26.59840465360807
2018-07-20 18:00:00,42.01,51.43941956443685
2018-07-20 18:15:00,52.34,57.04375205244765
2018-07-20 18:30:00,43.42,47.96078190482461
2018-07-20 18:45:00,82.66,55.86302941264967
2018-07-20 19:00:00,102.35,43.93630087457622
2018-07-20 19:15:00,66.02,68.39680050852294
2018-07-20 19:30:00,82.08,90.94431273850476
2018-07-20 19:45:00,97.67,72.57987367209672
2018-07-20 20:00:00,72.86,74.60570135479567
2018-07-20 20:15:00,67.82,85.43840931620855
2018-07-20 20:30:00,44.68,80.96530092906823
2018-07-20 20:45:00,28.48,60.96716813521996
2018-07-20 21:00:00,6.19,43.63997975756586
2018-07-20 21:15:00,4.46,31.964924924189578
2018-07-20 21:30:00,3.92,5.707507839807547
2018-07-20 21:45:00,3.92,3.691813415384231
2018-07-20 22:00:00,3.96,4.310719489756365
2018-07-20 22:15:00,3.78,3.9843267255046553
2018-07-20 22:30:00,3.6,4.241748633962883
2018-07-20 22:45:00,3.17,3.53112964271758
2018-07-20 23:00:00,3.1,3.744773443193671
2018-07-20 23:15:00,3.1,3.6399432551903432
2018-07-20 23:30:00,3.1,3.351617220441981
2018-07-20 23:45:00,3.38,3.4077249225225414
2018-07-21 00:00:00,3.13,3.3280541312795324
2018-07-21 00:15:00,2.99,3.506514869761984
2018-07-21 00:30:00,3.06,3.3421873272537894
2018-07-21 00:45:00,3.06,3.1557606202541697
2018-07-21 01:00:00,3.02,3.166273508446728
2018-07-21 01:15:00,3.02,3.1893403246282848
2018-07-21 01:30:00,2.99,3.1704746377303015
2018-07-21 01:45:00,3.24,3.147407821548745
2018-07-21 02:00:00,3.24,3.147407821548745
2018-07-21 02:15:00,3.64,3.4284492739329218
2018-07-21 02:30:00,3.78,3.4908157183712287
2018-07-21 02:45:00,3.35,3.513205303326304
2018-07-21 03:00:00,3.38,3.600714756311169
2018-07-21 03:15:00,3.28,3.566822515397689
2018-07-21 03:30:00,3.35,3.566822515397689
2018-07-21 03:45:00,3.28,3.566822515397689
2018-07-21 04:00:00,3.24,3.5708397098511737
2018-07-21 04:15:00,3.31,3.5708397098511737
2018-07-21 04:30:00,3.28,3.63393434781768
2018-07-21 04:45:00,3.28,3.5708397098511737
2018-07-21 05:00:00,3.35,3.5708397098511737
2018-07-21 05:15:00,3.24,3.5708397098511737
2018-07-21 05:30:00,3.71,3.5708397098511737
2018-07-21 05:45:00,3.64,3.5708397098511737
2018-07-21 06:00:00,3.24,3.5708397098511737
2018-07-21 06:15:00,3.31,3.370032735612976
2018-07-21 06:30:00,3.24,3.370032735612976
2018-07-21 06:45:00,3.28,3.3814867048851003
2018-07-21 07:00:00,3.28,3.3814867048851003
2018-07-21 07:15:00,3.46,3.3814867048851003
2018-07-21 07:30:00,4.07,4.2652845991378765
2018-07-21 07:45:00,3.78,5.127737336180903
2018-07-21 08:00:00,24.23,19.459283146520114
2018-07-21 08:15:00,40.39,31.036719676682626
2018-07-21 08:30:00,32.69,23.649891374613013
2018-07-21 08:45:00,33.55,43.158611054588356
2018-07-21 09:00:00,44.42,36.764943564522326
2018-07-21 09:15:00,45.14,35.39943915770088
2018-07-21 09:30:00,43.49,43.52016240552257
2018-07-21 09:45:00,43.74,43.02918488081203
2018-07-21 10:00:00,42.12,40.26286291874943
2018-07-21 10:15:00,45.54,40.569898398840714
2018-07-21 10:30:00,44.64,41.639079716516925
2018-07-21 10:45:00,43.67,45.353313408626605
2018-07-21 11:00:00,44.93,45.691114703826074
2018-07-21 11:15:00,45.14,41.34496305459506
2018-07-21 11:30:00,32.9,39.81195191395259
2018-07-21 11:45:00,10.87,39.48513687657806
2018-07-21 12:00:00,4.25,8.197800040369744
2018-07-21 12:15:00,4.28,5.443045773072052
2018-07-21 12:30:00,4.21,4.442396934189395
2018-07-21 12:45:00,4.14,7.32947828579446
2018-07-21 13:00:00,11.81,21.65623917089722
2018-07-21 13:15:00,50.29,32.38518455406716
2018-07-21 13:30:00,37.73,32.69410540204754
2018-07-21 13:45:00,31.86,51.08833511390947
2018-07-21 14:00:00,37.01,40.82948857881772
2018-07-21 14:15:00,49.18,35.786576126431044
2018-07-21 14:30:00,31.14,40.710057459887594
2018-07-21 14:45:00,42.19,50.04048955145264
2018-07-21 15:00:00,44.14,35.812104417134584
2018-07-21 15:15:00,50.4,40.9912552185869
2018-07-21 15:30:00,36.65,44.72657371767418
2018-07-21 15:45:00,34.96,52.021800266710095
2018-07-21 16:00:00,51.77,39.5546580173745
2018-07-21 16:15:00,45.68,33.018714743621835
2018-07-21 16:30:00,46.01,49.61208432808013
2018-07-21 16:45:00,12.53,32.58004431022052
2018-07-21 17:00:00,4.5,29.705814819025726
2018-07-21 17:15:00,3.78,8.742613865710311
2018-07-21 17:30:00,3.46,4.131628317024304
2018-07-21 17:45:00,3.46,3.1012373232624855
2018-07-21 18:00:00,3.35,3.231627217383717
2018-07-21 18:15:00,3.35,4.137520099945934
2018-07-21 18:30:00,3.42,3.697381765993042
2018-07-21 18:45:00,3.53,4.278140353666602
2018-07-21 19:00:00,3.49,2.619776419695533
2018-07-21 19:15:00,3.49,3.1148679661360053
2018-07-21 19:30:00,2.88,3.093054707837474
2018-07-21 19:45:00,2.95,2.8109887151903576
2018-07-21 20:00:00,2.92,2.8323174195900567
2018-07-21 20:15:00,2.99,2.7691386118597525
2018-07-21 20:30:00,2.92,3.1758189716313296
2018-07-21 20:45:00,2.95,3.120180716176478
2018-07-21 21:00:00,2.95,3.0618157994453714
2018-07-21 21:15:00,3.6,3.078795635953675
2018-07-21 21:30:00,3.06,3.009635912888288
2018-07-21 21:45:00,3.1,3.3076572017807684
2018-07-21 22:00:00,2.95,3.1078478807328818
2018-07-21 22:15:00,2.81,3.126419615970899
2018-07-21 22:30:00,2.84,3.049005334351667
2018-07-21 22:45:00,2.81,2.986587927611642
2018-07-21 23:00:00,2.81,2.9635211114300852
2018-07-21 23:15:00,2.81,2.9548940736272065
2018-07-21 23:30:00,2.92,2.9548940736272065
2018-07-21 23:45:00,2.88,2.9548940736272065
2018-07-22 00:00:00,3.13,2.9548940736272065
2018-07-22 00:15:00,2.84,2.9548940736272065
2018-07-22 00:30:00,2.81,3.0323083552464385
2018-07-22 00:45:00,2.92,2.9548940736272065
2018-07-22 01:00:00,2.92,2.9635211114300852
2018-07-22 01:15:00,2.88,2.9465412749217816
2018-07-22 01:30:00,2.84,2.9696080911033382
2018-07-22 01:45:00,2.88,2.9465412749217816
2018-07-22 02:00:00,3.28,2.9465412749217816
2018-07-22 02:15:00,3.31,3.009635912888288
2018-07-22 02:30:00,2.99,3.290677365272465
2018-07-22 02:45:00,2.88,3.2899491717442655
2018-07-22 03:00:00,2.88,3.025887555868392
2018-07-22 03:15:00,2.88,2.9790690357660607
2018-07-22 03:30:00,2.81,3.0021358519476173
2018-07-22 03:45:00,2.81,2.9851560154393137
2018-07-22 04:00:00,2.84,2.9661063937112417
2018-07-22 04:15:00,2.92,2.9661063937112417
2018-07-22 04:30:00,2.92,2.9661063937112417
2018-07-22 04:45:00,2.84,2.9661063937112417
2018-07-22 05:00:00,2.77,2.9661063937112417
2018-07-22 05:15:00,2.81,2.9661063937112417
2018-07-22 05:30:00,2.81,3.029201031677748
2018-07-22 05:45:00,3.46,3.029201031677748
2018-07-22 06:00:00,2.77,2.9661063937112417
2018-07-22 06:15:00,2.74,3.0490330423221863
2018-07-22 06:30:00,2.74,3.015074645506279
2018-07-22 06:45:00,3.35,2.952845155149505
2018-07-22 07:00:00,2.95,2.9358653186412016
2018-07-22 07:15:00,2.7,3.083553827775867
2018-07-22 07:30:00,2.77,3.2181636940249594
2018-07-22 07:45:00,2.66,2.6638526679495977
2018-07-22 08:00:00,2.74,24.16899749199717
2018-07-22 08:15:00,2.74,28.85965358254066
2018-07-22 08:30:00,2.74,3.77406945933524
2018-07-22 08:45:00,2.81,2.209596990960051
2018-07-22 09:00:00,2.88,1.9040240453154709
2018-07-22 09:15:00,2.92,1.6842736211837461
2018-07-22 09:30:00,2.92,1.1185638906142286
2018-07-22 09:45:00,2.84,2.4820059592370045
2018-07-22 10:00:00,2.88,2.0488504557637293
2018-07-22 10:15:00,2.81,0.6655872804382406
2018-07-22 10:30:00,3.28,2.1189173721417838
2018-07-22 10:45:00,2.92,1.492552230892728
2018-07-22 11:00:00,2.81,2.206288763235416
2018-07-22 11:15:00,2.7,0.716211054249277
2018-07-22 11:30:00,2.7,0.617256665762819
2018-07-22 11:45:00,2.66,3.5766521883771665
2018-07-22 12:00:00,2.81,3.212449966189661
2018-07-22 12:15:00,3.35,3.115562332675516
2018-07-22 12:30:00,3.38,3.115562332675516
2018-07-22 12:45:00,2.92,3.311388484187327
2018-07-22 13:00:00,2.84,2.9956123634301344
2018-07-22 13:15:00,2.84,0.0
2018-07-22 13:30:00,2.84,1.7983719899719897
2018-07-22 13:45:00,2.88,2.2519112746664716
2018-07-22 14:00:00,2.92,1.5902613777702392
2018-07-22 14:15:00,3.02,1.2117043734287758
2018-07-22 14:30:00,3.46,1.6312348000334584
2018-07-22 14:45:00,3.17,0.9938410273766328
2018-07-22 15:00:00,2.92,3.2502932057814786
2018-07-22 15:15:00,2.95,2.7214577275303844
2018-07-22 15:30:00,2.95,0.9701090224358457
2018-07-22 15:45:00,2.92,1.7959726935712892
2018-07-22 16:00:00,2.99,1.2485254750965233
2018-07-22 16:15:00,2.99,1.851717315827828
2018-07-22 16:30:00,2.95,1.077778116324271
2018-07-22 16:45:00,2.95,2.4561309562681353
2018-07-22 17:00:00,2.92,2.999735978717488
2018-07-22 17:15:00,2.95,2.999735978717488
2018-07-22 17:30:00,2.99,2.936641340750982
2018-07-22 17:45:00,3.06,2.9070631610027773
2018-07-22 18:00:00,2.95,2.1193919018283167
2018-07-22 18:15:00,2.88,3.1971641035552154
2018-07-22 18:30:00,3.06,2.2695264518697598
2018-07-22 18:45:00,3.38,2.8830148240472218
2018-07-22 19:00:00,3.67,3.364966462944286
2018-07-22 19:15:00,3.53,4.375063659451003
2018-07-22 19:30:00,3.46,4.605046190634646
2018-07-22 19:45:00,3.02,4.531668065077257
2018-07-22 20:00:00,3.06,4.313760881384634
2018-07-22 20:15:00,3.06,3.1031582845312142
2018-07-22 20:30:00,3.17,3.4703846735369903
2018-07-22 20:45:00,3.1,3.0222098426338433
2018-07-22 21:00:00,3.06,3.216521157696353
2018-07-22 21:15:00,3.13,3.128028404982607
2018-07-22 21:30:00,3.17,2.9823867983280685
2018-07-22 21:45:00,3.17,3.0409353930493173
2018-07-22 22:00:00,3.1,3.192522783729569
2018-07-22 22:15:00,2.95,3.1534694169380053
2018-07-22 22:30:00,3.06,3.0409353930493173
2018-07-22 22:45:00,2.95,2.986587927611642
2018-07-22 23:00:00,2.88,3.005453614509625
2018-07-22 23:15:00,2.88,2.9949407263170666
2018-07-22 23:30:00,2.92,2.97187391013551
2018-07-22 23:45:00,2.84,2.97187391013551
2018-07-23 00:00:00,2.92,3.007016114982161
2018-07-23 00:15:00,2.95,3.007016114982161
2018-07-23 00:30:00,2.95,3.007016114982161
2018-07-23 00:45:00,3.1,3.007016114982161
2018-07-23 01:00:00,4.18,2.998663316276736
2018-07-23 01:15:00,3.49,3.0930574344042716
2018-07-23 01:30:00,2.95,4.183283320768367
2018-07-23 01:45:00,2.95,3.381440634562599
2018-07-23 02:00:00,2.92,3.214944935956476
2018-07-23 02:15:00,2.99,3.49409615657829
2018-07-23 02:30:00,2.92,3.038709968966596
2018-07-23 02:45:00,2.95,3.038709968966596
2018-07-23 03:00:00,2.95,2.998663316276736
2018-07-23 03:15:00,2.88,3.0442192159475243
2018-07-23 03:30:00,2.84,3.0272393794392207
2018-07-23 03:45:00,2.84,3.0442192159475243
2018-07-23 04:00:00,2.92,3.0796499190458677
2018-07-23 04:15:00,2.92,3.062670082537564
2018-07-23 04:30:00,2.88,3.062670082537564
2018-07-23 04:45:00,2.77,3.062670082537564
2018-07-23 05:00:00,2.81,3.062670082537564
2018-07-23 05:15:00,2.81,3.062670082537564
2018-07-23 05:30:00,3.31,3.062670082537564
2018-07-23 05:45:00,2.84,3.062670082537564
2018-07-23 06:00:00,2.77,3.3464037053867064
2018-07-23 06:15:00,2.77,3.095651783722594
2018-07-23 06:30:00,2.77,3.0379548747037033
2018-07-23 06:45:00,3.17,3.032429007467524
2018-07-23 07:00:00,3.49,3.2343362263900404
2018-07-23 07:15:00,3.67,3.352977589208535
2018-07-23 07:30:00,3.74,4.127206312921049
2018-07-23 07:45:00,3.74,5.074640153307461
2018-07-23 08:00:00,20.59,50.40026915358638
2018-07-23 08:15:00,48.96,63.27202177988336
2018-07-23 08:30:00,73.55,66.1088716590624
2018-07-23 08:45:00,49.28,68.43690140744955
2018-07-23 09:00:00,72.36,77.356355306819
2018-07-23 09:15:00,56.99,66.35990568580914
2018-07-23 09:30:00,67.32,70.97034479348059
2018-07-23 09:45:00,45.4,65.15176554850461
2018-07-23 10:00:00,48.85,69.5929290167895
2018-07-23 10:15:00,54.79,65.13229720465986
2018-07-23 10:30:00,59.0,67.52200925743597
2018-07-23 10:45:00,62.78,66.3683782071355
2018-07-23 11:00:00,65.16,63.69988461060021
2018-07-23 11:15:00,60.01,62.20661846189111
2018-07-23 11:30:00,51.8,62.43669752338525
2018-07-23 11:45:00,52.81,55.794376486683014
2018-07-23 12:00:00,6.16,10.32056989322827
2018-07-23 12:15:00,5.36,6.053533732528059
2018-07-23 12:30:00,5.44,4.003436926665408
2018-07-23 12:45:00,5.33,6.009412846860065
2018-07-23 13:00:00,42.84,28.033111156837816
2018-07-23 13:15:00,66.53,50.954408395931814
2018-07-23 13:30:00,57.2,61.36311250445775
2018-07-23 13:45:00,59.94,66.63583367137609
2018-07-23 14:00:00,63.83,61.01439740303714
2018-07-23 14:15:00,61.45,64.37202804220364
2018-07-23 14:30:00,55.58,59.98068898415692
2018-07-23 14:45:00,57.82,58.34471870308431
2018-07-23 15:00:00,54.14,62.17775082571925
2018-07-23 15:15:00,74.92,61.38841523946623
2018-07-23 15:30:00,59.65,61.623673167132544
2018-07-23 15:45:00,70.7,64.97045825573832
2018-07-23 16:00:00,59.26,60.01483842367287
2018-07-23 16:15:00,55.51,67.89867816192707
2018-07-23 16:30:00,65.7,65.02203222369293
2018-07-23 16:45:00,56.48,61.97753364225499
2018-07-23 17:00:00,63.0,65.94952768680427
2018-07-23 17:15:00,83.88,57.29092365409583
2018-07-23 17:30:00,29.92,34.78165634194937
2018-07-23 17:45:00,30.85,42.51698315070479
2018-07-23 18:00:00,57.64,36.30562231920036
2018-07-23 18:15:00,103.43,62.424390577021796
2018-07-23 18:30:00,76.61,67.66642237178698
2018-07-23 18:45:00,93.38,88.99807683211564
2018-07-23 19:00:00,79.99,81.74702178805975
2018-07-23 19:15:00,99.29,81.22644130227327
2018-07-23 19:30:00,88.34,77.71522313505588
2018-07-23 19:45:00,74.3,93.07487481930747
2018-07-23 20:00:00,101.09,84.74086991139629
2018-07-23 20:15:00,67.5,73.07646101006745
2018-07-23 20:30:00,61.38,66.8936217945432
2018-07-23 20:45:00,38.27,50.79360623836561
2018-07-23 21:00:00,5.0,29.165693806224997
2018-07-23 21:15:00,4.21,19.971714795627925
2018-07-23 21:30:00,3.85,4.886212208924635
2018-07-23 21:45:00,3.89,4.215398908975916
2018-07-23 22:00:00,3.85,4.297449941019495
2018-07-23 22:15:00,3.64,4.159504987445904
2018-07-23 22:30:00,3.49,4.347982755352985
2018-07-23 22:45:00,3.06,4.03780592171033
2018-07-23 23:00:00,2.84,3.910878253123118
2018-07-23 23:15:00,2.81,3.747086388418224
2018-07-23 23:30:00,2.77,3.623767419182358
2018-07-23 23:45:00,2.88,3.5947351506819163
2018-07-24 00:00:00,2.81,3.240069225885426
2018-07-24 00:15:00,3.53,3.2915897341457354
2018-07-24 00:30:00,2.99,3.2440337169081666
2018-07-24 00:45:00,2.81,3.5250751692923434
2018-07-24 01:00:00,2.92,3.3650671172108497
2018-07-24 01:15:00,2.92,3.22840435872404
2018-07-24 01:30:00,2.88,3.22840435872404
2018-07-24 01:45:00,2.92,3.234491338397293
2018-07-24 02:00:00,2.99,3.2114245222157365
2018-07-24 02:15:00,3.46,3.2114245222157365
2018-07-24 02:30:00,2.92,3.2114245222157365
2018-07-24 02:45:00,2.92,3.4924659745999134
2018-07-24 03:00:00,2.95,3.290770803162347
2018-07-24 03:15:00,3.06,3.256980421886525
2018-07-24 03:30:00,3.02,3.240000585378221
2018-07-24 03:45:00,2.95,3.281933088457761
2018-07-24 04:00:00,2.99,3.292411124984868
2018-07-24 04:15:00,2.92,3.292411124984868
2018-07-24 04:30:00,2.92,3.292411124984868
2018-07-24 04:45:00,2.95,3.292411124984868
2018-07-24 05:00:00,2.95,3.292411124984868
2018-07-24 05:15:00,3.35,3.2754312884765646
2018-07-24 05:30:00,3.35,3.2754312884765646
2018-07-24 05:45:00,2.92,3.5761447478340105
2018-07-24 06:00:00,2.95,3.650821493361205
2018-07-24 06:15:00,2.92,3.325392826169898
2018-07-24 06:30:00,3.02,3.250716080642704
2018-07-24 06:45:00,2.88,3.268257029588081
2018-07-24 07:00:00,3.46,3.4640772688373445
2018-07-24 07:15:00,3.49,3.4871252541139905
2018-07-24 07:30:00,3.56,4.28092675016475
2018-07-24 07:45:00,3.38,5.349242436547803
2018-07-24 08:00:00,34.06,32.53228298943562
2018-07-24 08:15:00,71.32,47.6582711980465
2018-07-24 08:30:00,94.61,59.63016659542118
2018-07-24 08:45:00,96.41,81.39738595404097
2018-07-24 09:00:00,82.19,86.29609024834058
2018-07-24 09:15:00,93.02,91.08724064919701
2018-07-24 09:30:00,92.52,88.6120228595639
2018-07-24 09:45:00,78.41,88.84743693453453
2018-07-24 10:00:00,97.06,80.78006068458579
2018-07-24 10:15:00,99.18,76.62077602555107
2018-07-24 10:30:00,104.94,86.1643427936756
2018-07-24 10:45:00,105.37,89.58159683691827
2018-07-24 11:00:00,102.56,90.86337865507227
2018-07-24 11:15:00,103.64,95.55284064610466
2018-07-24 11:30:00,88.06,91.115913144895
2018-07-24 11:45:00,102.92,92.75903856839574
2018-07-24 12:00:00,7.27,12.562775789358938
2018-07-24 12:15:00,5.65,9.231916199300613
2018-07-24 12:30:00,5.51,5.4593768333610555
2018-07-24 12:45:00,5.4,6.859026882122976
2018-07-24 13:00:00,42.08,50.110976721755144
2018-07-24 13:15:00,83.56,92.55793544122035
2018-07-24 13:30:00,103.64,81.07446743037163
2018-07-24 13:45:00,94.21,84.04431244480351
2018-07-24 14:00:00,56.38,92.56521946038531
2018-07-24 14:15:00,55.8,94.99329001653405
2018-07-24 14:30:00,61.02,79.31810653218515
2018-07-24 14:45:00,66.96,68.52283295900295
2018-07-24 15:00:00,66.49,66.78799391773076
2018-07-24 15:15:00,56.74,71.41179311173971
2018-07-24 15:30:00,53.64,70.36649146327171
2018-07-24 15:45:00,58.46,66.52833360437575
2018-07-24 16:00:00,51.52,67.42595423864786
2018-07-24 16:15:00,55.84,65.66673059591957
2018-07-24 16:30:00,58.32,64.95567332088598
2018-07-24 16:45:00,55.44,64.31452438513617
2018-07-24 17:00:00,54.94,60.124408912251084
2018-07-24 17:15:00,43.63,61.604131492203784
2018-07-24 17:30:00,29.12,34.63201976003121
2018-07-24 17:45:00,30.28,30.203749839372303
2018-07-24 18:00:00,49.68,36.79375660771574
2018-07-24 18:15:00,56.16,48.56668985003493
2018-07-24 18:30:00,58.61,64.16978176745978
2018-07-24 18:45:00,54.68,59.43290302864893
2018-07-24 19:00:00,46.91,60.90910962709939
2018-07-24 19:15:00,57.89,59.986775929312735
2018-07-24 19:30:00,58.5,55.846597494136574
2018-07-24 19:45:00,46.66,60.80419318112357
2018-07-24 20:00:00,52.56,58.05807158033699
2018-07-24 20:15:00,61.27,50.65085227004206
2018-07-24 20:30:00,39.02,53.65724368420472
2018-07-24 20:45:00,29.16,44.371697037850254
2018-07-24 21:00:00,8.68,14.39926890975076
2018-07-24 21:15:00,3.92,9.905692288797058
2018-07-24 21:30:00,3.85,6.166864176797015
2018-07-24 21:45:00,3.82,4.0278728524914635
2018-07-24 22:00:00,3.64,4.162680783743316
2018-07-24 22:15:00,3.56,4.058163546890929
2018-07-24 22:30:00,3.56,3.5921579204498397
2018-07-24 22:45:00,3.53,3.6695357101826365
2018-07-24 23:00:00,2.95,3.6695357101826365
2018-07-24 23:15:00,2.88,3.647971932332133
2018-07-24 23:30:00,2.88,3.368836398991409
2018-07-24 23:45:00,2.74,3.306469954553102
2018-07-25 00:00:00,2.84,3.2598239736110215
2018-07-25 00:15:00,3.13,3.305938775069224
2018-07-25 00:30:00,3.24,3.2440337169081666
2018-07-25 00:45:00,2.84,3.2971916025403933
2018-07-25 01:00:00,3.13,3.4924659745999134
2018-07-25 01:15:00,3.06,3.290770803162347
2018-07-25 01:30:00,2.99,3.305818640343272
2018-07-25 01:45:00,2.99,3.2533570252952764
2018-07-25 02:00:00,3.02,3.2514711749055967
2018-07-25 02:15:00,3.02,3.22840435872404
2018-07-25 02:30:00,2.99,3.2514711749055967
2018-07-25 02:45:00,2.95,3.22840435872404
2018-07-25 03:00:00,3.17,3.22840435872404
2018-07-25 03:15:00,3.31,3.256980421886525
2018-07-25 03:30:00,3.24,3.4496208978594103
2018-07-25 03:45:00,3.35,3.540714044735667
2018-07-25 04:00:00,3.2,3.6732110783162804
2018-07-25 04:15:00,3.17,3.6732110783162804
2018-07-25 04:30:00,3.2,3.60518474762158
2018-07-25 04:45:00,3.13,3.5433667677156597
2018-07-25 05:00:00,3.13,3.5305080020943858
2018-07-25 05:15:00,3.2,3.4304339804758275
2018-07-25 05:30:00,3.17,3.395185629899478
2018-07-25 05:45:00,3.56,3.5305080020943858
2018-07-25 06:00:00,3.78,3.5209771827605842
2018-07-25 06:15:00,3.31,3.420794174732445
2018-07-25 06:30:00,3.06,3.58258160989336
2018-07-25 06:45:00,3.13,3.5069248895317635
2018-07-25 07:00:00,3.17,3.5800092862175976
2018-07-25 07:15:00,3.82,3.566174542525473
2018-07-25 07:30:00,4.14,4.249447815078976
2018-07-25 07:45:00,3.82,5.836184874140149
2018-07-25 08:00:00,17.75,30.915814051099485
2018-07-25 08:15:00,49.68,76.19594896563775
2018-07-25 08:30:00,57.17,54.09064966669301
2018-07-25 08:45:00,59.9,69.16272504269146
2018-07-25 09:00:00,57.38,61.42287763459244
2018-07-25 09:15:00,59.33,61.185871270265
2018-07-25 09:30:00,46.91,57.24948253446392
2018-07-25 09:45:00,47.74,60.1427933897393
2018-07-25 10:00:00,49.14,54.37861998106372
2018-07-25 10:15:00,48.96,56.91779728604208
2018-07-25 10:30:00,47.74,59.51336030120661
2018-07-25 10:45:00,51.26,58.77937929383274
2018-07-25 11:00:00,58.18,53.79837950279005
2018-07-25 11:15:00,46.44,58.839006749296644
2018-07-25 11:30:00,57.96,56.21452057432622
2018-07-25 11:45:00,40.43,47.61934775383771
2018-07-25 12:00:00,4.39,10.425224782400566
2018-07-25 12:15:00,5.44,8.978263523917596
2018-07-25 12:30:00,5.65,4.577872104197606
2018-07-25 12:45:00,5.58,5.505710068513949
2018-07-25 13:00:00,28.26,49.56463603355853
2018-07-25 13:15:00,49.75,52.47490672490635
2018-07-25 13:30:00,51.3,53.748505386342934
2018-07-25 13:45:00,54.9,60.659380047592094
2018-07-25 14:00:00,57.53,56.970877728508036
2018-07-25 14:15:00,60.23,57.37785371213041
2018-07-25 14:30:00,56.88,57.15927986227714
2018-07-25 14:45:00,63.4,58.80529418980084
2018-07-25 15:00:00,45.18,56.98988976124626
2018-07-25 15:15:00,52.6,60.95847748848041
2018-07-25 15:30:00,56.88,56.61075320504669
2018-07-25 15:45:00,54.18,61.16260624077162
2018-07-25 16:00:00,63.0,59.11120322091097
2018-07-25 16:15:00,81.76,57.6263929716584
2018-07-25 16:30:00,98.93,56.63864468400388
2018-07-25 16:45:00,90.9,69.485583166302
2018-07-25 17:00:00,92.56,82.45248318750622
2018-07-25 17:15:00,90.94,81.75403449202851
2018-07-25 17:30:00,29.84,57.53968425968175
2018-07-25 17:45:00,30.17,50.31557146888156
2018-07-25 18:00:00,48.78,43.79461480177728
2018-07-25 18:15:00,93.17,66.06310700645871
2018-07-25 18:30:00,103.86,64.32292903354927
2018-07-25 18:45:00,84.28,88.26198480804204
2018-07-25 19:00:00,94.64,89.05827417833852
2018-07-25 19:15:00,92.09,82.47710627719135
2018-07-25 19:30:00,79.67,88.54113567493633
2018-07-25 19:45:00,113.47,93.764721198501
2018-07-25 20:00:00,84.28,84.18630352912065
2018-07-25 20:15:00,105.55,93.54914409411494
2018-07-25 20:30:00,69.91,80.19609183492807
2018-07-25 20:45:00,8.86,59.12290224373451
2018-07-25 21:00:00,6.16,17.027691855278956
2018-07-25 21:15:00,3.64,2.893445027950626
2018-07-25 21:30:00,3.56,2.6569271329074766
2018-07-25 21:45:00,3.53,4.032745494654575
2018-07-25 22:00:00,3.42,4.886912235317119
2018-07-25 22:15:00,3.31,3.7520893457089044
2018-07-25 22:30:00,3.24,3.530788082357163
2018-07-25 22:45:00,3.28,3.683351952376909
2018-07-25 23:00:00,2.66,4.682161201567721
2018-07-25 23:15:00,2.59,3.6992350773998464
2018-07-25 23:30:00,2.59,3.307391484924524
2018-07-25 23:45:00,2.81,3.323048043939731
2018-07-26 00:00:00,2.63,3.314656550327292
2018-07-26 00:15:00,2.66,3.3060682074314274
2018-07-26 00:30:00,2.63,3.2915897341457354
2018-07-26 00:45:00,2.63,3.2440337169081666
2018-07-26 01:00:00,2.88,3.2114245222157365
2018-07-26 01:15:00,3.2,3.2114245222157365
2018-07-26 01:30:00,3.38,3.2114245222157365
2018-07-26 01:45:00,3.28,3.4013728277236566
2018-07-26 02:00:00,3.56,3.5032443107035625
2018-07-26 02:15:00,3.82,3.5942018405015994
2018-07-26 02:30:00,3.31,3.5942018405015994
2018-07-26 02:45:00,3.17,3.8005179995675658
2018-07-26 03:00:00,3.42,3.6176674200343
2018-07-26 03:15:00,3.64,3.5697540445232367
2018-07-26 03:30:00,3.17,3.586170445872299
2018-07-26 03:45:00,3.2,3.6608471913994935
2018-07-26 04:00:00,3.17,3.60518474762158
2018-07-26 04:15:00,3.2,3.5305080020943858
2018-07-26 04:30:00,3.17,3.5433667677156597
2018-07-26 04:45:00,3.17,3.5305080020943858
2018-07-26 05:00:00,3.1,3.5433667677156597
2018-07-26 05:15:00,3.13,3.5305080020943858
2018-07-26 05:30:00,3.1,3.4175752148545535
2018-07-26 05:45:00,3.1,3.4582802678659843
2018-07-26 06:00:00,3.13,3.4582802678659843
2018-07-26 06:15:00,3.1,3.3534905855573136
2018-07-26 06:30:00,3.06,3.330423769375757
2018-07-26 06:45:00,3.06,3.364944554829438
2018-07-26 07:00:00,3.24,3.459876139553771
2018-07-26 07:15:00,3.2,3.5229707775202774
2018-07-26 07:30:00,3.56,4.618434529311993
2018-07-26 07:45:00,5.04,5.462343045299922
2018-07-26 08:00:00,35.46,38.46677194239925
2018-07-26 08:15:00,107.17,72.40664111199227
2018-07-26 08:30:00,79.74,63.001745393318416
2018-07-26 08:45:00,102.42,98.86156683652456
2018-07-26 09:00:00,100.12,93.27858165984357
2018-07-26 09:15:00,41.9,90.46837799282167
2018-07-26 09:30:00,56.95,93.02849256893
2018-07-26 09:45:00,37.76,50.76270773462874
2018-07-26 10:00:00,36.29,62.58495805002324
2018-07-26 10:15:00,49.61,48.82263100262194
2018-07-26 10:30:00,50.15,51.16865872834456
2018-07-26 10:45:00,47.66,59.793781061884964
2018-07-26 11:00:00,51.01,58.3314592285812
2018-07-26 11:15:00,45.58,54.283890074948225
2018-07-26 11:30:00,52.24,57.79615631337138
2018-07-26 11:45:00,49.28,45.640929442074174
2018-07-26 12:00:00,16.7,11.497086751203998
2018-07-26 12:15:00,4.9,9.77593417152472
2018-07-26 12:30:00,4.61,7.481022296212196
2018-07-26 12:45:00,5.0,6.055070861825174
2018-07-26 13:00:00,28.62,42.781558619851644
2018-07-26 13:15:00,52.67,55.229506727038725
2018-07-26 13:30:00,56.12,55.550736377890935
2018-07-26 13:45:00,55.08,65.23893255858705
2018-07-26 14:00:00,42.55,61.74942479963688
2018-07-26 14:15:00,45.14,59.791296399292115
2018-07-26 14:30:00,45.97,49.85381217564594
2018-07-26 14:45:00,51.88,54.31387691761987
2018-07-26 15:00:00,48.96,53.24522201465586
2018-07-26 15:15:00,53.64,58.33278728618837
2018-07-26 15:30:00,56.95,56.3884649506097
2018-07-26 15:45:00,59.0,58.510718976451955
2018-07-26 16:00:00,56.95,60.91816956493351
2018-07-26 16:15:00,53.64,60.155611319487846
2018-07-26 16:30:00,56.09,61.66090961584919
2018-07-26 16:45:00,46.94,60.05526791440949
2018-07-26 17:00:00,56.2,60.14113107097775
2018-07-26 17:15:00,47.27,54.06898042426508
2018-07-26 17:30:00,28.44,29.122607993078606
2018-07-26 17:45:00,28.44,27.116527417173693
2018-07-26 18:00:00,35.82,35.069290542057644
2018-07-26 18:15:00,54.9,40.50042969316154
2018-07-26 18:30:00,42.55,39.8314670742587
2018-07-26 18:45:00,60.91,54.37917777742895
2018-07-26 19:00:00,53.89,41.01844109345028
2018-07-26 19:15:00,63.61,59.18474105322749
2018-07-26 19:30:00,55.73,59.523380296817734
2018-07-26 19:45:00,45.43,59.74566150987595
2018-07-26 20:00:00,63.18,60.450109767453235
2018-07-26 20:15:00,52.6,51.605157339375346
2018-07-26 20:30:00,38.77,53.71310287221585
2018-07-26 20:45:00,7.06,34.0172456747977
2018-07-26 21:00:00,6.12,21.525248768235357
2018-07-26 21:15:00,3.78,6.904805468306463
2018-07-26 21:30:00,3.71,5.526334409108251
2018-07-26 21:45:00,3.64,5.657000556949284
2018-07-26 22:00:00,3.71,3.6822920616245987
2018-07-26 22:15:00,4.46,3.491644427433425
2018-07-26 22:30:00,3.46,3.4195044183048195
2018-07-26 22:45:00,2.88,3.9621190046035513
2018-07-26 23:00:00,2.84,3.506411175077524
2018-07-26 23:15:00,2.74,3.390281082727423
2018-07-26 23:30:00,2.77,3.060681741327267
2018-07-26 23:45:00,2.81,3.0879894473746035
2018-07-27 00:00:00,2.77,2.982736514212303
2018-07-27 00:15:00,2.81,2.917248966507036
2018-07-27 00:30:00,2.84,3.032655615462694
2018-07-27 00:45:00,2.84,2.9596696980307464
2018-07-27 01:00:00,2.84,2.9513168993253216
2018-07-27 01:15:00,2.88,2.9513168993253216
2018-07-27 01:30:00,2.84,2.9513168993253216
2018-07-27 01:45:00,2.88,2.9513168993253216
2018-07-27 02:00:00,2.88,3.014411537291828
2018-07-27 02:15:00,3.2,3.014411537291828
2018-07-27 02:30:00,3.06,2.9513168993253216
2018-07-27 02:45:00,2.88,3.1412652048332417
2018-07-27 03:00:00,2.88,2.980960922326954
2018-07-27 03:15:00,2.88,3.059967436962616
2018-07-27 03:30:00,2.92,2.99687279899611
2018-07-27 03:45:00,2.88,3.002959778669363
2018-07-27 04:00:00,2.92,3.0153236655861497
2018-07-27 04:15:00,3.46,3.0153236655861497
2018-07-27 04:30:00,3.24,3.031310216196157
2018-07-27 04:45:00,2.81,3.299057288435292
2018-07-27 05:00:00,2.84,3.3737340339624864
2018-07-27 05:15:00,2.84,3.1069802476216477
2018-07-27 05:30:00,2.84,3.0323035020944533
2018-07-27 05:45:00,2.81,3.0383904817677063
2018-07-27 06:00:00,2.77,3.0383904817677063
2018-07-27 06:15:00,3.24,2.9736286212439853
2018-07-27 06:30:00,3.02,2.9736286212439853
2018-07-27 06:45:00,2.81,3.1097042834692186
2018-07-27 07:00:00,2.95,3.059759336043304
2018-07-27 07:15:00,4.25,3.002062427024413
2018-07-27 07:30:00,4.07,3.292527092183234
2018-07-27 07:45:00,3.96,5.997218062692956
2018-07-27 08:00:00,28.4,27.438986933332664
2018-07-27 08:15:00,66.1,54.75705489610953
2018-07-27 08:30:00,50.4,52.171661306042864
2018-07-27 08:45:00,46.8,76.21177906977661
2018-07-27 09:00:00,66.31,58.402458471125726
2018-07-27 09:15:00,55.62,52.89306634852157
2018-07-27 09:30:00,58.79,59.490239757407174
2018-07-27 09:45:00,60.88,56.222783891461674
2018-07-27 10:00:00,52.56,52.77095921875177
2018-07-27 10:15:00,60.66,57.40648575513528
2018-07-27 10:30:00,56.95,57.799789785636904
2018-07-27 10:45:00,62.6,60.393077900517376
2018-07-27 11:00:00,45.76,60.72163275965847
2018-07-27 11:15:00,50.0,60.120801759744836
2018-07-27 11:30:00,53.14,49.19436072347569
2018-07-27 11:45:00,48.89,50.41313928963111
2018-07-27 12:00:00,4.25,7.110650249090391
2018-07-27 12:15:00,4.54,4.167854837720383
2018-07-27 12:30:00,4.57,3.3795319517187927
2018-07-27 12:45:00,4.61,5.6021873724998565
2018-07-27 13:00:00,19.55,26.222531179841237
2018-07-27 13:15:00,47.02,60.32559520663759
2018-07-27 13:30:00,53.28,49.959429452980245
2018-07-27 13:45:00,55.3,56.42526998460662
2018-07-27 14:00:00,52.02,54.78587966817441
2018-07-27 14:15:00,55.4,53.73533494770978
2018-07-27 14:30:00,51.05,54.45970980694081
2018-07-27 14:45:00,39.96,55.94169596992565
2018-07-27 15:00:00,41.15,54.2578175315555
2018-07-27 15:15:00,50.76,45.59156439105684
2018-07-27 15:30:00,54.65,44.73108581678214
2018-07-27 15:45:00,55.08,55.926733507163576
2018-07-27 16:00:00,56.34,54.493748832650034
2018-07-27 16:15:00,52.88,52.60975895754229
2018-07-27 16:30:00,48.24,53.43982065319166
2018-07-27 16:45:00,54.4,53.45291486227813
2018-07-27 17:00:00,53.21,48.97264265997712
2018-07-27 17:15:00,39.85,52.515358311505935
2018-07-27 17:30:00,25.31,26.024389548032307
2018-07-27 17:45:00,25.56,28.903196988583783
2018-07-27 18:00:00,29.52,20.502743767945777
2018-07-27 18:15:00,45.97,27.29316026220871
2018-07-27 18:30:00,52.85,38.87641743147384
2018-07-27 18:45:00,67.57,47.176139404175466
2018-07-27 19:00:00,50.87,50.49084815871783
2018-07-27 19:15:00,54.32,59.53766975636229
2018-07-27 19:30:00,55.08,52.44137085305899
2018-07-27 19:45:00,34.24,53.98101877281883
2018-07-27 20:00:00,32.87,52.48282468593864
2018-07-27 20:15:00,40.14,36.93100949863206
2018-07-27 20:30:00,48.13,35.951295927736666
2018-07-27 20:45:00,15.8,17.368610176441187
2018-07-27 21:00:00,6.77,13.424744633847746
2018-07-27 21:15:00,4.36,5.664589814455211
2018-07-27 21:30:00,3.82,6.375747583198718
2018-07-27 21:45:00,3.85,3.4959822547070782
2018-07-27 22:00:00,3.78,3.9781436825856034
2018-07-27 22:15:00,3.1,3.9144935203879467
2018-07-27 22:30:00,2.92,3.4787399645090367
2018-07-27 22:45:00,2.92,3.1348807103645795
2018-07-27 23:00:00,2.92,2.999343062959022
2018-07-27 23:15:00,2.84,3.0950918531076295
2018-07-27 23:30:00,2.84,3.0557224316442504
2018-07-27 23:45:00,2.66,2.9839260940177517
2018-07-28 00:00:00,2.81,2.9596696980307464
2018-07-28 00:15:00,2.92,2.9596696980307464
2018-07-28 00:30:00,2.88,2.9596696980307464
2018-07-28 00:45:00,2.92,2.9332906535293564
2018-07-28 01:00:00,2.95,2.9513168993253216
2018-07-28 01:15:00,3.38,2.9513168993253216
2018-07-28 01:30:00,3.78,2.9513168993253216
2018-07-28 01:45:00,3.24,3.2323583517094985
2018-07-28 02:00:00,3.6,3.4212049072449053
2018-07-28 02:15:00,3.46,3.3340942176111845
2018-07-28 02:30:00,3.56,3.3340942176111845
2018-07-28 02:45:00,3.64,3.357161033792741
2018-07-28 03:00:00,3.49,3.3575597971438853
2018-07-28 03:15:00,4.0,3.3877114296825694
2018-07-28 03:30:00,3.85,3.3877114296825694
2018-07-28 03:45:00,3.46,3.570960772566979
2018-07-28 04:00:00,3.42,3.5749779670204638
2018-07-28 04:15:00,3.49,3.538699393909119
2018-07-28 04:30:00,3.46,3.391728624136054
2018-07-28 04:45:00,3.42,3.391728624136054
2018-07-28 05:00:00,3.35,3.391728624136054
2018-07-28 05:15:00,3.28,3.391728624136054
2018-07-28 05:30:00,3.24,3.391728624136054
2018-07-28 05:45:00,3.31,3.391728624136054
2018-07-28 06:00:00,3.2,3.391728624136054
2018-07-28 06:15:00,3.28,3.1909216498978563
2018-07-28 06:30:00,3.2,3.2080081359447985
2018-07-28 06:45:00,3.2,3.14055763926406
2018-07-28 07:00:00,3.2,3.2194621052169228
2018-07-28 07:15:00,4.79,3.2207387632775086
2018-07-28 07:30:00,6.73,3.7161938459209747
2018-07-28 07:45:00,6.12,5.031407091234214
2018-07-28 08:00:00,18.72,29.97562356450872
2018-07-28 08:15:00,42.44,33.133794417865595
2018-07-28 08:30:00,51.19,25.122216254440467
2018-07-28 08:45:00,35.75,40.060746941109144
2018-07-28 09:00:00,35.78,50.52377609171015
2018-07-28 09:15:00,36.83,35.88264261126985
2018-07-28 09:30:00,49.21,35.238557927493176
2018-07-28 09:45:00,47.23,38.888719372153915
2018-07-28 10:00:00,46.4,48.606269867020295
2018-07-28 10:15:00,39.38,46.95263652747971
2018-07-28 10:30:00,40.32,46.126459939373234
2018-07-28 10:45:00,56.38,40.57711017205185
2018-07-28 11:00:00,67.61,39.53294709320503
2018-07-28 11:15:00,45.86,49.393025935184156
2018-07-28 11:30:00,57.89,54.76989321912221
2018-07-28 11:45:00,27.68,36.78255362208787
2018-07-28 12:00:00,4.54,4.43501973565002
2018-07-28 12:15:00,4.68,7.3981707621247885
2018-07-28 12:30:00,4.5,5.901922864171985
2018-07-28 12:45:00,4.39,6.833480491690245
2018-07-28 13:00:00,35.93,23.072857772864968
2018-07-28 13:15:00,47.27,53.239297008940746
2018-07-28 13:30:00,46.01,48.293694858110655
2018-07-28 13:45:00,45.29,45.796402924723125
2018-07-28 14:00:00,71.53,42.954222762093075
2018-07-28 14:15:00,44.89,46.10457038294948
2018-07-28 14:30:00,63.9,61.33785258184867
2018-07-28 14:45:00,49.9,46.564823659772294
2018-07-28 15:00:00,44.53,51.582272748474274
2018-07-28 15:15:00,41.65,51.804835048298884
2018-07-28 15:30:00,44.57,50.763120272363125
2018-07-28 15:45:00,50.94,40.821566859637194
2018-07-28 16:00:00,50.58,47.79154926167047
2018-07-28 16:15:00,48.92,47.602340131517636
2018-07-28 16:30:00,33.98,48.323789706607364
2018-07-28 16:45:00,22.82,33.07223671880244
2018-07-28 17:00:00,11.23,20.6429750612641
2018-07-28 17:15:00,3.49,8.721585215177539
2018-07-28 17:30:00,3.42,6.149674839045851
2018-07-28 17:45:00,3.53,3.4657463041587144
2018-07-28 18:00:00,3.35,3.187574507949357
2018-07-28 18:15:00,3.35,4.325534511749235
2018-07-28 18:30:00,4.1,4.086137664528574
2018-07-28 18:45:00,4.14,3.21120225580597
2018-07-28 19:00:00,2.84,3.9870887782356825
2018-07-28 19:15:00,2.95,3.823131130802887
2018-07-28 19:30:00,2.92,2.9155620585230992
2018-07-28 19:45:00,2.84,3.2801123138117814
2018-07-28 20:00:00,2.88,3.2587608965740498
2018-07-28 20:15:00,2.92,3.026847664251178
2018-07-28 20:30:00,2.88,2.8312756442671527
2018-07-28 20:45:00,2.84,3.082980134614459
2018-07-28 21:00:00,2.92,3.037534466465618
2018-07-28 21:15:00,2.81,3.0618157994453714
2018-07-28 21:30:00,2.81,3.009635912888288
2018-07-28 21:45:00,2.88,3.009635912888288
2018-07-28 22:00:00,2.7,3.009635912888288
2018-07-28 22:15:00,2.63,2.9465412749217816
2018-07-28 22:30:00,2.74,2.9465412749217816
2018-07-28 22:45:00,3.13,2.9465412749217816
2018-07-28 23:00:00,2.88,2.9465412749217816
2018-07-28 23:15:00,2.59,3.0323083552464385
2018-07-28 23:30:00,2.59,2.9548940736272065
2018-07-28 23:45:00,2.74,2.97187391013551
2018-07-29 00:00:00,2.66,2.9548940736272065
2018-07-29 00:15:00,2.66,2.977960889808763
2018-07-29 00:30:00,2.63,2.9548940736272065
2018-07-29 00:45:00,3.06,2.9548940736272065
2018-07-29 01:00:00,3.13,2.9465412749217816
2018-07-29 01:15:00,2.7,2.965406961819765
2018-07-29 01:30:00,2.66,3.08705019450752
2018-07-29 01:45:00,2.74,2.9635211114300852
2018-07-29 02:00:00,2.7,3.0266157493965915
2018-07-29 02:15:00,2.66,2.9465412749217816
2018-07-29 02:30:00,2.66,3.0327027290698445
2018-07-29 02:45:00,2.66,3.009635912888288
2018-07-29 03:00:00,2.7,2.9465412749217816
2018-07-29 03:15:00,2.74,3.0533653498145634
2018-07-29 03:30:00,2.74,3.0251838372242634
2018-07-29 03:45:00,2.66,2.962089199257757
2018-07-29 04:00:00,3.02,2.9661063937112417
2018-07-29 04:15:00,3.06,2.9661063937112417
2018-07-29 04:30:00,2.7,2.9661063937112417
2018-07-29 04:45:00,2.7,2.984972080609225
2018-07-29 05:00:00,2.74,2.9830862302195453
2018-07-29 05:15:00,2.66,2.9830862302195453
2018-07-29 05:30:00,2.7,2.9661063937112417
2018-07-29 05:45:00,2.7,2.9661063937112417
2018-07-29 06:00:00,2.66,2.9661063937112417
2018-07-29 06:15:00,2.66,2.9244113493690773
2018-07-29 06:30:00,2.88,2.9244113493690773
2018-07-29 06:45:00,3.28,2.9358653186412016
2018-07-29 07:00:00,2.95,2.9358653186412016
2018-07-29 07:15:00,2.66,3.123581649560817
2018-07-29 07:30:00,2.81,3.407984487810523
2018-07-29 07:45:00,3.17,3.0431023642845405
2018-07-29 08:00:00,19.73,8.73365394622917
2018-07-29 08:15:00,34.7,15.776041988288313
2018-07-29 08:30:00,32.54,22.69746581247325
2018-07-29 08:45:00,35.39,37.23571413187357
2018-07-29 09:00:00,35.89,35.26696167879214
2018-07-29 09:15:00,32.51,33.826481038516654
2018-07-29 09:30:00,35.28,34.09569724887391
2018-07-29 09:45:00,32.47,33.90873615915938
2018-07-29 10:00:00,31.86,33.34750959279688
2018-07-29 10:15:00,35.14,33.94895553281638
2018-07-29 10:30:00,32.15,33.74309075675599
2018-07-29 10:45:00,35.39,33.40971280668867
2018-07-29 11:00:00,32.69,32.722534136797535
2018-07-29 11:15:00,34.99,32.94496836380979
2018-07-29 11:30:00,34.16,32.19356448829402
2018-07-29 11:45:00,11.09,17.91718251229444
2018-07-29 12:00:00,3.42,10.466900345689766
2018-07-29 12:15:00,3.53,7.055236726791344
2018-07-29 12:30:00,3.49,4.561093020657156
2018-07-29 12:45:00,3.56,7.004913730441062
2018-07-29 13:00:00,12.02,15.009978408389035
2018-07-29 13:15:00,33.98,19.98719067820532
2018-07-29 13:30:00,32.62,26.64745445043574
2018-07-29 13:45:00,33.55,34.97707151761316
2018-07-29 14:00:00,35.42,33.873237470321236
2018-07-29 14:15:00,34.63,33.42945198804422
2018-07-29 14:30:00,32.72,33.39892433438362
2018-07-29 14:45:00,33.3,33.56148484071437
2018-07-29 15:00:00,28.73,33.19904009472261
2018-07-29 15:15:00,34.92,33.530252865793365
2018-07-29 15:30:00,33.8,29.391642176849327
2018-07-29 15:45:00,34.02,33.66105977414505
2018-07-29 16:00:00,35.06,32.796324593175214
2018-07-29 16:15:00,32.54,31.12849247010362
2018-07-29 16:30:00,32.72,27.16477585736414
2018-07-29 16:45:00,5.47,18.202630655914707
2018-07-29 17:00:00,3.35,14.669857130005287
2018-07-29 17:15:00,3.02,2.8628940176515565
2018-07-29 17:30:00,2.99,3.199756822499716
2018-07-29 17:45:00,3.02,3.111343758229874
2018-07-29 18:00:00,2.81,3.0546424570931503
2018-07-29 18:15:00,2.81,3.231073585421912
2018-07-29 18:30:00,2.95,3.287710639818319
2018-07-29 18:45:00,3.53,3.2646438236367623
2018-07-29 19:00:00,3.42,4.253765429573134
2018-07-29 19:15:00,2.92,3.265068437944427
2018-07-29 19:30:00,2.92,3.366804303846113
2018-07-29 19:45:00,2.95,3.0815851081809145
2018-07-29 20:00:00,3.02,3.0192186637426075
2018-07-29 20:15:00,2.95,3.002916058460785
2018-07-29 20:30:00,3.06,2.9988988640073004
2018-07-29 20:45:00,3.02,2.977263959998072
2018-07-29 21:00:00,3.02,3.006385172294852
2018-07-29 21:15:00,3.1,2.987519485396869
2018-07-29 21:30:00,3.64,2.9635211114300852
2018-07-29 21:45:00,3.02,3.0409353930493173
2018-07-29 22:00:00,2.99,3.2669521487693376
2018-07-29 22:15:00,2.77,3.0482771408234677
2018-07-29 22:30:00,2.63,2.9859106963851607
2018-07-29 22:45:00,2.66,2.9635211114300852
2018-07-29 23:00:00,2.66,2.986587927611642
2018-07-29 23:15:00,3.17,2.9548940736272065
2018-07-29 23:30:00,3.24,2.9548940736272065
2018-07-29 23:45:00,2.63,3.1448423791351265
2018-07-30 00:00:00,2.66,3.2880575673663377
2018-07-30 00:15:00,2.66,3.0863623959287714
2018-07-30 00:30:00,2.74,3.0239959514904644
2018-07-30 00:45:00,2.7,3.0300829311637174
2018-07-30 01:00:00,2.7,3.0377166830683
2018-07-30 01:15:00,2.81,2.998663316276736
2018-07-30 01:30:00,2.74,2.998663316276736
2018-07-30 01:45:00,2.77,2.998663316276736
2018-07-30 02:00:00,2.77,2.998663316276736
2018-07-30 02:15:00,2.95,2.998663316276736
2018-07-30 02:30:00,3.35,2.998663316276736
2018-07-30 02:45:00,2.88,2.998663316276736
2018-07-30 03:00:00,2.77,3.280103532012057
2018-07-30 03:15:00,2.7,3.1188959614747187
2018-07-30 03:30:00,2.77,3.0442192159475243
2018-07-30 03:45:00,2.77,3.0272393794392207
2018-07-30 04:00:00,2.7,3.0857368987191207
2018-07-30 04:15:00,2.74,3.062670082537564
2018-07-30 04:30:00,2.81,3.062670082537564
2018-07-30 04:45:00,2.74,3.062670082537564
2018-07-30 05:00:00,2.74,3.062670082537564
2018-07-30 05:15:00,2.66,3.062670082537564
2018-07-30 05:30:00,3.13,3.062670082537564
2018-07-30 05:45:00,2.88,3.062670082537564
2018-07-30 06:00:00,2.7,3.1423777712706173
2018-07-30 06:15:00,2.74,3.0209750381953997
2018-07-30 06:30:00,2.7,3.0379548747037033
2018-07-30 06:45:00,2.66,3.032429007467524
2018-07-30 07:00:00,2.63,3.2343362263900404
2018-07-30 07:15:00,3.06,3.2112694102084838
2018-07-30 07:30:00,3.78,3.4386394374007985
2018-07-30 07:45:00,3.56,3.7394886235222216
2018-07-30 08:00:00,27.32,24.657263687292744
2018-07-30 08:15:00,62.68,45.905149627770406
2018-07-30 08:30:00,56.16,56.365083658502215
2018-07-30 08:45:00,58.68,67.89801103902117
2018-07-30 09:00:00,58.72,60.99008099470196
2018-07-30 09:15:00,57.2,60.6411841672374
2018-07-30 09:30:00,62.21,58.46999452417865
2018-07-30 09:45:00,59.94,60.22618486534901
2018-07-30 10:00:00,47.84,61.21909137318514
2018-07-30 10:15:00,50.76,62.07859269979019
2018-07-30 10:30:00,48.28,61.30017683068602
2018-07-30 10:45:00,54.14,63.671098037664265
2018-07-30 11:00:00,44.28,59.69190799755381
2018-07-30 11:15:00,56.99,61.609530786476114
2018-07-30 11:30:00,44.39,52.861569950894236
2018-07-30 11:45:00,34.02,57.334112336973035
2018-07-30 12:00:00,5.04,8.206292012047111
2018-07-30 12:15:00,7.09,8.20095672683384
2018-07-30 12:30:00,6.01,3.789002790252021
2018-07-30 12:45:00,5.9,9.258894630230124
2018-07-30 13:00:00,18.83,40.400705075752086
2018-07-30 13:15:00,60.41,46.306335392076946
2018-07-30 13:30:00,66.85,52.05926205052809
2018-07-30 13:45:00,53.06,64.38301323316551
2018-07-30 14:00:00,48.64,66.40317947501201
2018-07-30 14:15:00,50.36,61.09584906480242
2018-07-30 14:30:00,59.15,57.89289108481145
2018-07-30 14:45:00,76.14,62.53440373248183
2018-07-30 15:00:00,74.81,61.268496988694885
2018-07-30 15:15:00,74.74,67.72473955620531
2018-07-30 15:30:00,83.77,68.71465776553949
2018-07-30 15:45:00,106.52,69.60204913044073
2018-07-30 16:00:00,85.64,72.25030466814273
2018-07-30 16:15:00,83.74,81.45378539273658
2018-07-30 16:30:00,75.67,76.64927724296803
2018-07-30 16:45:00,92.12,65.8555417081374
2018-07-30 17:00:00,74.99,59.95739442226407
2018-07-30 17:15:00,62.14,71.0109187542376
2018-07-30 17:30:00,41.18,37.60852612040437
2018-07-30 17:45:00,31.75,28.351305652921358
2018-07-30 18:00:00,51.95,58.69310295400653
2018-07-30 18:15:00,54.83,68.89990704558778
2018-07-30 18:30:00,73.08,70.29501795620057
2018-07-30 18:45:00,75.35,62.36067866976172
2018-07-30 19:00:00,60.55,70.86321325604501
2018-07-30 19:15:00,72.29,73.34068812114249
2018-07-30 19:30:00,86.08,64.76796623802893
2018-07-30 19:45:00,57.85,75.99879042390045
2018-07-30 20:00:00,81.43,82.37249480308303
2018-07-30 20:15:00,85.75,65.98336011033219
2018-07-30 20:30:00,51.23,65.01371236518106
2018-07-30 20:45:00,23.76,53.25679960753519
2018-07-30 21:00:00,3.85,19.035063585487634
2018-07-30 21:15:00,4.07,8.967963079071982
2018-07-30 21:30:00,3.2,5.039353637931057
2018-07-30 21:45:00,3.13,4.487154127102937
2018-07-30 22:00:00,2.99,4.061683636669092
2018-07-30 22:15:00,2.84,3.7210344356331335
2018-07-30 22:30:00,2.84,3.7753505511924574
2018-07-30 22:45:00,2.81,3.12993710492384
2018-07-30 23:00:00,2.81,3.3061316649503976
2018-07-30 23:15:00,2.74,3.1706771993412826
2018-07-30 23:30:00,2.7,3.147610383159726
2018-07-30 23:45:00,2.84,3.554688497992056
2018-07-31 00:00:00,2.95,3.2440337169081666
2018-07-31 00:15:00,3.28,3.283001391249871
2018-07-31 00:30:00,3.42,3.283001391249871
2018-07-31 00:45:00,3.02,3.5250751692923434
2018-07-31 01:00:00,2.84,3.571812255546524
2018-07-31 01:15:00,2.81,3.3131603881174225
2018-07-31 01:30:00,2.88,3.22840435872404
2018-07-31 01:45:00,2.95,3.2514711749055967
2018-07-31 02:00:00,2.88,3.234491338397293
2018-07-31 02:15:00,2.84,3.2114245222157365
2018-07-31 02:30:00,3.56,3.2114245222157365
2018-07-31 02:45:00,3.13,3.22840435872404
2018-07-31 03:00:00,2.95,3.4928647379510576
2018-07-31 03:15:00,2.99,3.394385019638469
2018-07-31 03:30:00,2.95,3.256980421886525
2018-07-31 03:45:00,2.92,3.256980421886525
2018-07-31 04:00:00,3.17,3.315477941166425
2018-07-31 04:15:00,3.28,3.315477941166425
2018-07-31 04:30:00,3.17,3.4850516009577537
2018-07-31 04:45:00,3.13,3.559164911325707
2018-07-31 05:00:00,3.02,3.559728346484948
2018-07-31 05:15:00,3.56,3.394508398672997
2018-07-31 05:30:00,3.28,3.315477941166425
2018-07-31 05:45:00,3.06,3.6216011489706426
2018-07-31 06:00:00,3.06,3.696277894497837
2018-07-31 06:15:00,3.17,3.3897149142045135
2018-07-31 06:30:00,3.06,3.2919713524957626
2018-07-31 06:45:00,3.06,3.426945045096436
2018-07-31 07:00:00,3.17,3.4829429557353278
2018-07-31 07:15:00,3.42,3.459876139553771
2018-07-31 07:30:00,5.08,4.178961629432794
2018-07-31 07:45:00,27.25,5.629053306676155
2018-07-31 08:00:00,58.36,39.42443679109512
2018-07-31 08:15:00,80.1,70.82546047421914
2018-07-31 08:30:00,90.61,71.20062823094605
2018-07-31 08:45:00,64.84,82.7487562186688
2018-07-31 09:00:00,78.41,84.27816940139947
2018-07-31 09:15:00,55.94,67.46817637478087
2018-07-31 09:30:00,67.54,66.71914883717956
2018-07-31 09:45:00,78.84,63.89152459993485
2018-07-31 10:00:00,53.24,64.2503582440473
2018-07-31 10:15:00,63.86,69.41383321533964
2018-07-31 10:30:00,66.1,64.81261517140217
2018-07-31 10:45:00,60.23,63.7493738523963
2018-07-31 11:00:00,81.79,64.95374582339112
2018-07-31 11:15:00,84.85,64.20235957823456
2018-07-31 11:30:00,83.52,69.8726967950647
2018-07-31 11:45:00,58.1,76.56633170921802
2018-07-31 12:00:00,6.01,10.431504717738205
2018-07-31 12:15:00,6.23,9.718967467783774
2018-07-31 12:30:00,6.23,5.198582708107354
2018-07-31 12:45:00,6.19,7.02498501859561
2018-07-31 13:00:00,58.32,53.964326383613255
2018-07-31 13:15:00,115.56,62.28734514321446
2018-07-31 13:30:00,57.67,75.12117910660936
2018-07-31 13:45:00,38.2,95.6071153278198
2018-07-31 14:00:00,42.41,66.3937539385956
2018-07-31 14:15:00,52.2,54.69948414844549
2018-07-31 14:30:00,48.17,61.211799178611244
2018-07-31 14:45:00,49.79,61.909945573442684
2018-07-31 15:00:00,50.62,55.446397269718275
2018-07-31 15:15:00,44.57,59.41916618663195
2018-07-31 15:30:00,41.36,59.27706556277903
2018-07-31 15:45:00,37.8,50.750978140483646
2018-07-31 16:00:00,31.72,46.27625925330587
2018-07-31 16:15:00,28.98,47.556083723304624
2018-07-31 16:30:00,28.48,41.88728310068662
2018-07-31 16:45:00,11.38,33.072419583241654
2018-07-31 17:00:00,10.8,34.21917341286111
2018-07-31 17:15:00,4.21,9.530175923359998
2018-07-31 17:30:00,3.42,14.935686997896036
2018-07-31 17:45:00,4.57,5.106367397775862
2018-07-31 18:00:00,3.78,4.864059856606408
2018-07-31 18:15:00,3.42,4.929356936199244
2018-07-31 18:30:00,3.38,4.854679141725289
2018-07-31 18:45:00,3.1,4.283846766411376
2018-07-31 19:00:00,2.88,3.992363056461897
2018-07-31 19:15:00,2.88,3.492343193577602
2018-07-31 19:30:00,2.92,2.516782193141295
2018-07-31 19:45:00,2.99,2.641641543066651
2018-07-31 20:00:00,2.92,2.1707449998187376
2018-07-31 20:15:00,2.95,2.170149219729287
2018-07-31 20:30:00,2.95,2.0426172405710594
2018-07-31 20:45:00,2.95,3.1839698878542895
2018-07-31 21:00:00,2.99,3.1176442035865986
2018-07-31 21:15:00,3.06,3.15979217312897
2018-07-31 21:30:00,3.02,3.0445176486053804
2018-07-31 21:45:00,3.06,3.0633833355033637
2018-07-31 22:00:00,2.88,3.0445176486053804
2018-07-31 22:15:00,2.81,3.0633833355033637
2018-07-31 22:30:00,2.88,3.0445176486053804
2018-07-31 22:45:00,3.24,3.0445176486053804
2018-07-31 23:00:00,3.31,3.027537812097077
2018-07-31 23:15:00,2.77,3.3169320631866785
2018-07-31 23:30:00,2.77,3.3792985076249855
2018-07-31 23:45:00,2.63,3.1152368917491122
2018-08-01 00:00:00,3.2,3.026162767102265
2018-08-01 00:15:00,2.66,3.0375422399915992
2018-08-01 00:30:00,2.63,3.363423223278538
2018-08-01 00:45:00,2.66,3.041501671753153
2018-08-01 01:00:00,2.63,3.026162767102265
2018-08-01 01:15:00,2.7,3.026162767102265
2018-08-01 01:30:00,2.7,3.0375422399915992
2018-08-01 01:45:00,2.66,3.026162767102265
2018-08-01 02:00:00,2.74,3.026162767102265
2018-08-01 02:15:00,2.66,3.026162767102265
2018-08-01 02:30:00,2.7,3.026162767102265
2018-08-01 02:45:00,2.66,3.026162767102265
2018-08-01 03:00:00,2.7,3.026162767102265
2018-08-01 03:15:00,2.74,3.1362285176642617
2018-08-01 03:30:00,2.81,3.1080962797822833
2018-08-01 03:45:00,2.7,3.1080962797822833
2018-08-01 04:00:00,3.24,3.0923260234271583
2018-08-01 04:15:00,2.77,3.0734631472594076
2018-08-01 04:30:00,3.2,3.407937315426333
2018-08-01 04:45:00,2.99,3.0681702859292734
2018-08-01 05:00:00,2.66,3.33160285429069
2018-08-01 05:15:00,2.7,3.1254660536283323
2018-08-01 05:30:00,2.66,3.0567103822667634
2018-08-01 05:45:00,2.7,3.1080962797822833
2018-08-01 06:00:00,2.7,3.1194757526716175
2018-08-01 06:15:00,2.66,3.0368511012443067
2018-08-01 06:30:00,2.66,2.9740857308394526
2018-08-01 06:45:00,2.7,2.9740857308394526
2018-08-01 07:00:00,2.66,3.100667304309347
2018-08-01 07:15:00,2.74,3.163432674714201
2018-08-01 07:30:00,2.7,3.6031635005967058
2018-08-01 07:45:00,2.66,3.8437679225127797
2018-08-01 08:00:00,2.63,15.588795193436134
2018-08-01 08:15:00,2.56,29.525578598728927
2018-08-01 08:30:00,3.02,8.44800299827299
2018-08-01 08:45:00,3.06,4.030786803804767
2018-08-01 09:00:00,2.77,2.3187446211833587
2018-08-01 09:15:00,2.7,2.936031508739778
2018-08-01 09:30:00,2.74,2.3884359676060747
2018-08-01 09:45:00,2.74,2.454410651654051
2018-08-01 10:00:00,3.2,3.393274310555541
2018-08-01 10:15:00,3.17,2.8891757292784597
2018-08-01 10:30:00,2.81,2.256885141524596
2018-08-01 10:45:00,2.77,2.466776245123441
2018-08-01 11:00:00,2.59,2.364513680986035
2018-08-01 11:15:00,2.56,2.2072448577165007
2018-08-01 11:30:00,2.59,4.148781166577009
2018-08-01 11:45:00,2.77,2.3934312366172565
2018-08-01 12:00:00,2.77,3.2631421977626425
2018-08-01 12:15:00,2.81,3.1933564152308884
2018-08-01 12:30:00,2.84,3.1787466127415986
2018-08-01 12:45:00,2.84,3.2789866623647446
2018-08-01 13:00:00,2.74,4.516382372491972
2018-08-01 13:15:00,2.74,12.739875524644084
2018-08-01 13:30:00,2.74,1.7677260790726188
2018-08-01 13:45:00,2.74,2.278939158181431
2018-08-01 14:00:00,3.31,2.134180451152388
2018-08-01 14:15:00,2.66,2.174241939730164
2018-08-01 14:30:00,2.66,2.144772914032367
2018-08-01 14:45:00,2.74,1.877545747701758
2018-08-01 15:00:00,2.7,1.4711727367594585
2018-08-01 15:15:00,2.7,2.156171934583691
2018-08-01 15:30:00,2.77,2.3931305263370533
2018-08-01 15:45:00,2.74,2.6144045807960183
2018-08-01 16:00:00,2.84,2.938925602358745
2018-08-01 16:15:00,3.28,4.351902576979108
2018-08-01 16:30:00,2.84,4.10016802525788
2018-08-01 16:45:00,2.7,4.740646242158141
2018-08-01 17:00:00,2.7,4.322863735178217
2018-08-01 17:15:00,2.66,4.1855433723415345
2018-08-01 17:30:00,2.77,2.8113584013201924
2018-08-01 17:45:00,2.77,2.7881650224805337
2018-08-01 18:00:00,2.66,3.791806944106057
2018-08-01 18:15:00,2.63,4.302033233146331
2018-08-01 18:30:00,3.02,3.725905041738243
2018-08-01 18:45:00,3.35,4.3304252572809725
2018-08-01 19:00:00,2.84,4.519694068168576
2018-08-01 19:15:00,2.84,4.803509936143507
2018-08-01 19:30:00,2.74,4.494525535168864
2018-08-01 19:45:00,2.81,3.972855753517231
2018-08-01 20:00:00,2.88,4.305772408456969
2018-08-01 20:15:00,2.84,3.916461942139171
2018-08-01 20:30:00,2.92,4.246999790535375
2018-08-01 20:45:00,2.84,3.088928137507119
2018-08-01 21:00:00,2.88,3.0607958996251408
2018-08-01 21:15:00,2.92,3.0607958996251408
2018-08-01 21:30:00,2.88,3.0607958996251408
2018-08-01 21:45:00,2.95,3.0607958996251408
2018-08-01 22:00:00,3.06,3.0607958996251408
2018-08-01 22:15:00,3.24,3.0710965532744705
2018-08-01 22:30:00,2.74,3.0710965532744705
2018-08-01 22:45:00,2.66,3.381383097475118
2018-08-01 23:00:00,2.74,3.041501671753153
2018-08-01 23:15:00,2.66,3.026162767102265
2018-08-01 23:30:00,2.59,3.026162767102265
2018-08-01 23:45:00,2.84,3.009410002109621
2018-08-02 00:00:00,2.66,3.0117903806502695
2018-08-02 00:15:00,2.63,3.0117903806502695
2018-08-02 00:30:00,2.66,3.0117903806502695
2018-08-02 00:45:00,2.7,3.0117903806502695
2018-08-02 01:00:00,3.13,3.0117903806502695
2018-08-02 01:15:00,2.88,3.0587854946999986
2018-08-02 01:30:00,2.7,3.1326546664445116
2018-08-02 01:45:00,2.7,3.0898946557060114
2018-08-02 02:00:00,2.7,3.0745557510551236
2018-08-02 02:15:00,2.74,3.0745557510551236
2018-08-02 02:30:00,2.74,3.0859352239444577
2018-08-02 02:45:00,2.7,2.983658142768291
2018-08-02 03:00:00,2.77,3.046423513173145
2018-08-02 03:15:00,2.7,3.0937238933302877
2018-08-02 03:30:00,2.77,3.0309585229254337
2018-08-02 03:45:00,2.77,3.0779536369751628
2018-08-02 04:00:00,2.77,3.059090760807412
2018-08-02 04:15:00,3.17,3.0779536369751628
2018-08-02 04:30:00,3.2,3.0309585229254337
2018-08-02 04:45:00,2.74,3.3172304678386944
2018-08-02 05:00:00,2.77,3.3400698443905386
2018-08-02 05:15:00,3.24,3.0819301373592562
2018-08-02 05:30:00,2.7,3.059090760807412
2018-08-02 05:45:00,2.66,3.3579492878139425
2018-08-02 06:00:00,2.7,3.065177372366612
2018-08-02 06:15:00,2.66,2.959713344387457
2018-08-02 06:30:00,2.7,2.959713344387457
2018-08-02 06:45:00,2.7,2.971092817276791
2018-08-02 07:00:00,2.59,3.1490602882622056
2018-08-02 07:15:00,2.63,3.1332900319070807
2018-08-02 07:30:00,2.7,3.58879111414471
2018-08-02 07:45:00,2.63,3.477765639682268
2018-08-02 08:00:00,2.59,13.45526452389008
2018-08-02 08:15:00,2.63,31.64107914082519
2018-08-02 08:30:00,2.59,10.550212686089342
2018-08-02 08:45:00,2.77,4.397446038935303
2018-08-02 09:00:00,2.77,2.8894029537519184
2018-08-02 09:15:00,2.74,3.6788757814731095
2018-08-02 09:30:00,2.7,3.804611069301195
2018-08-02 09:45:00,2.77,4.091155616928142
2018-08-02 10:00:00,2.81,4.200566100618543
2018-08-02 10:15:00,3.74,4.092335871741647
2018-08-02 10:30:00,3.64,3.8832451110888235
2018-08-02 10:45:00,2.74,14.883286123728533
2018-08-02 11:00:00,2.63,2.6663042495826628
2018-08-02 11:15:00,2.59,3.0442577853340977
2018-08-02 11:30:00,2.59,3.3191703614681574
2018-08-02 11:45:00,2.59,3.450923161262956
2018-08-02 12:00:00,2.77,3.5230676008436084
2018-08-02 12:15:00,2.81,3.4419023454225206
2018-08-02 12:30:00,2.88,2.991523316718116
2018-08-02 12:45:00,2.88,3.2320980600200784
2018-08-02 13:00:00,2.81,4.192394997064181
2018-08-02 13:15:00,2.81,9.891210005219953
2018-08-02 13:30:00,2.92,2.842087909079341
2018-08-02 13:45:00,2.95,2.37657369008461
2018-08-02 14:00:00,2.95,2.2817734982290685
2018-08-02 14:15:00,2.95,2.4343354898332286
2018-08-02 14:30:00,2.88,2.4343354898332286
2018-08-02 14:45:00,2.95,2.418635005277908
2018-08-02 15:00:00,2.95,2.37657369008461
2018-08-02 15:15:00,2.88,2.3905027673959296
2018-08-02 15:30:00,3.1,2.725968190010517
2018-08-02 15:45:00,3.24,2.7120391126991974
2018-08-02 16:00:00,2.92,2.757538733785775
2018-08-02 16:15:00,3.02,3.769725687075622
2018-08-02 16:30:00,2.99,4.176131164836078
2018-08-02 16:45:00,3.49,4.093932151022701
2018-08-02 17:00:00,2.92,4.17794144191016
2018-08-02 17:15:00,2.92,4.101423443595343
2018-08-02 17:30:00,2.95,3.075949576655956
2018-08-02 17:45:00,2.95,3.060610672005068
2018-08-02 18:00:00,2.81,3.0599401986942265
2018-08-02 18:15:00,2.88,4.355246866071145
2018-08-02 18:30:00,2.92,4.235927655770343
2018-08-02 18:45:00,2.95,4.467455871189557
2018-08-02 19:00:00,2.95,4.56622026688078
2018-08-02 19:15:00,2.95,4.407687161326612
2018-08-02 19:30:00,2.95,4.05298644534519
2018-08-02 19:45:00,3.42,4.06868692990051
2018-08-02 20:00:00,3.28,4.407687161326612
2018-08-02 20:15:00,2.95,4.423533359338014
2018-08-02 20:30:00,2.99,3.3289200244352766
2018-08-02 20:45:00,3.06,3.100195309355341
2018-08-02 21:00:00,3.06,3.0848564047044533
2018-08-02 21:15:00,3.02,3.0962358775937875
2018-08-02 21:30:00,3.42,3.0962358775937875
2018-08-02 21:45:00,3.42,3.0848564047044533
2018-08-02 22:00:00,2.95,3.367010711023122
2018-08-02 22:15:00,2.81,3.38234961567401
2018-08-02 22:30:00,2.81,3.100195309355341
2018-08-02 22:45:00,2.81,3.0117903806502695
2018-08-02 23:00:00,2.84,3.0231698535396037
2018-08-02 23:15:00,2.81,3.0231698535396037
2018-08-02 23:30:00,2.81,3.0117903806502695
2018-08-02 23:45:00,2.81,3.0117903806502695
2018-08-03 00:00:00,2.81,2.968724033925858
2018-08-03 00:15:00,3.02,2.968724033925858
2018-08-03 00:30:00,3.35,2.968724033925858
2018-08-03 00:45:00,2.84,2.979024687575188
2018-08-03 01:00:00,2.84,3.2611789938938567
2018-08-03 01:15:00,2.88,2.984062938576746
2018-08-03 01:30:00,2.99,2.968724033925858
2018-08-03 01:45:00,2.88,2.968724033925858
2018-08-03 02:00:00,2.88,2.990404160464522
2018-08-03 02:15:00,3.17,3.006394580242047
2018-08-03 02:30:00,3.2,2.968724033925858
2018-08-03 02:45:00,2.84,3.23550588723604
2018-08-03 03:00:00,2.84,3.2583452637878842
2018-08-03 03:15:00,2.81,3.009086004190023
2018-08-03 03:30:00,2.88,2.9862466276381787
2018-08-03 03:45:00,2.84,2.997626100527513
2018-08-03 04:00:00,2.84,2.997626100527513
2018-08-03 04:15:00,2.84,3.0396874303094927
2018-08-03 04:30:00,2.84,3.0396874303094927
2018-08-03 04:45:00,3.31,2.9862466276381787
2018-08-03 05:00:00,2.92,2.9862466276381787
2018-08-03 05:15:00,2.88,3.3018579196373534
2018-08-03 05:30:00,2.81,3.009086004190023
2018-08-03 05:45:00,2.81,2.9862466276381787
2018-08-03 06:00:00,2.84,2.9862466276381787
2018-08-03 06:15:00,2.84,2.9798217246608503
2018-08-03 06:30:00,2.88,2.915001449100202
2018-08-03 06:45:00,2.81,2.915001449100202
2018-08-03 07:00:00,2.77,2.915001449100202
2018-08-03 07:15:00,2.84,2.968442251771516
2018-08-03 07:30:00,3.31,3.2340956597005857
2018-08-03 07:45:00,3.24,3.1230701852381433
2018-08-03 08:00:00,2.84,21.65147894393567
2018-08-03 08:15:00,2.74,44.245591283259024
2018-08-03 08:30:00,2.77,8.593124558318182
2018-08-03 08:45:00,2.99,3.0640000096234696
2018-08-03 09:00:00,3.2,2.5328348704604067
2018-08-03 09:15:00,3.53,2.697221278079549
2018-08-03 09:30:00,3.06,3.442553262064422
2018-08-03 09:45:00,2.88,3.5360859126065667
2018-08-03 10:00:00,2.84,3.4883247199027387
2018-08-03 10:15:00,2.84,3.5211459480413487
2018-08-03 10:30:00,2.88,3.0824085246083657
2018-08-03 10:45:00,2.84,2.6587748811527785
2018-08-03 11:00:00,2.77,3.0462067504748864
2018-08-03 11:15:00,2.7,2.36073394448666
2018-08-03 11:30:00,2.74,2.632174625887418
2018-08-03 11:45:00,2.81,2.9852014801411815
2018-08-03 12:00:00,2.95,3.473165280917002
2018-08-03 12:15:00,2.99,3.403379498385248
2018-08-03 12:30:00,3.06,2.947724229152052
2018-08-03 12:45:00,2.99,3.1882989724540143
2018-08-03 13:00:00,3.02,3.8456066739570325
2018-08-03 13:15:00,3.2,9.271859948730155
2018-08-03 13:30:00,3.64,2.222737852589543
2018-08-03 13:45:00,3.24,1.7176453607355169
2018-08-03 14:00:00,2.99,1.1250950408621039
2018-08-03 14:15:00,2.99,1.6918020964879037
2018-08-03 14:30:00,2.99,1.7725625382457035
2018-08-03 14:45:00,2.95,2.4322665109859782
2018-08-03 15:00:00,3.02,2.4322665109859782
2018-08-03 15:15:00,3.02,1.5167442612957387
2018-08-03 15:30:00,3.1,1.7380183157547038
2018-08-03 15:45:00,2.95,1.7380183157547038
2018-08-03 16:00:00,2.95,1.9101366031832205
2018-08-03 16:15:00,3.35,2.9709051194104585
2018-08-03 16:30:00,3.35,3.295558545349983
2018-08-03 16:45:00,2.99,3.4920989510260396
2018-08-03 17:00:00,2.92,3.661111415038573
2018-08-03 17:15:00,3.02,3.0843938346071123
2018-08-03 17:30:00,2.95,2.965368730285733
2018-08-03 17:45:00,2.99,2.987048856824397
2018-08-03 18:00:00,2.92,3.0001220976409586
2018-08-03 18:15:00,2.77,3.9152964174188076
2018-08-03 18:30:00,2.92,3.8892952792141573
2018-08-03 18:45:00,2.99,3.631970055967282
2018-08-03 19:00:00,2.95,3.8892952792141573
2018-08-03 19:15:00,2.99,3.376061457678573
2018-08-03 19:30:00,2.92,3.376061457678573
2018-08-03 19:45:00,2.99,2.93312414983099
2018-08-03 20:00:00,2.99,2.8349169027306003
2018-08-03 20:15:00,3.2,3.070681506861154
2018-08-03 20:30:00,3.6,3.311409444956719
2018-08-03 20:45:00,3.02,3.2852804494792567
2018-08-03 21:00:00,3.06,3.3622262830945666
2018-08-03 21:15:00,3.42,3.0478043948973896
2018-08-03 21:30:00,3.42,3.032465490246502
2018-08-03 21:45:00,3.02,3.325999269454505
2018-08-03 22:00:00,2.88,3.3413381741053927
2018-08-03 22:15:00,2.81,2.9943635922260756
2018-08-03 22:30:00,2.81,2.9495187160857466
2018-08-03 22:45:00,2.74,2.980103506815192
2018-08-03 23:00:00,2.81,2.980103506815192
2018-08-03 23:15:00,2.7,2.968724033925858
2018-08-03 23:30:00,2.74,2.968724033925858
2018-08-03 23:45:00,2.7,2.968724033925858
2018-08-04 00:00:00,2.77,2.968724033925858
2018-08-04 00:15:00,2.74,2.968724033925858
2018-08-04 00:30:00,2.77,2.968724033925858
2018-08-04 00:45:00,2.84,2.968724033925858
2018-08-04 01:00:00,2.84,2.968724033925858
2018-08-04 01:15:00,2.99,3.022164836597172
2018-08-04 01:30:00,3.42,3.022164836597172
2018-08-04 01:45:00,3.17,3.032465490246502
2018-08-04 02:00:00,3.28,3.3146197965651707
2018-08-04 02:15:00,2.84,3.3006193541301445
2018-08-04 02:30:00,2.84,3.3367498344748077
2018-08-04 02:45:00,2.84,3.0450042131490163
2018-08-04 03:00:00,2.88,3.0143389916463947
2018-08-04 03:15:00,2.81,3.051066903198827
2018-08-04 03:30:00,2.84,3.0318615853587154
2018-08-04 03:45:00,2.81,3.0204821124693813
2018-08-04 04:00:00,2.84,3.0204821124693813
2018-08-04 04:15:00,2.84,3.0204821124693813
2018-08-04 04:30:00,2.84,3.0204821124693813
2018-08-04 04:45:00,2.88,3.0204821124693813
2018-08-04 05:00:00,2.84,3.0396874303094927
2018-08-04 05:15:00,2.88,3.0396874303094927
2018-08-04 05:30:00,2.84,3.0396874303094927
2018-08-04 05:45:00,2.81,3.0396874303094927
2018-08-04 06:00:00,2.84,3.0239171739543678
2018-08-04 06:15:00,2.81,2.968442251771516
2018-08-04 06:30:00,3.24,2.952671995416391
2018-08-04 06:45:00,2.99,2.952671995416391
2018-08-04 07:00:00,2.77,3.1690740030367874
2018-08-04 07:15:00,2.77,3.00158228197269
2018-08-04 07:30:00,3.38,3.0257280448069634
2018-08-04 07:45:00,3.17,2.6128296001694293
2018-08-04 08:00:00,2.77,16.185567315471182
2018-08-04 08:15:00,2.77,28.711600867298753
2018-08-04 08:30:00,2.59,2.7303446457441485
2018-08-04 08:45:00,2.81,3.5519753980150184
2018-08-04 09:00:00,2.88,3.5633548709043525
2018-08-04 09:15:00,2.81,3.5903194385910173
2018-08-04 09:30:00,2.77,2.771765284442755
2018-08-04 09:45:00,2.81,2.771765284442755
2018-08-04 10:00:00,2.77,3.1033228093205056
2018-08-04 10:15:00,2.74,3.8770409258265017
2018-08-04 10:30:00,2.88,3.7929104730276464
2018-08-04 10:45:00,3.2,2.6590718527442188
2018-08-04 11:00:00,2.56,2.721161062845035
2018-08-04 11:15:00,2.63,2.2349357046394975
2018-08-04 11:30:00,2.56,2.5637768070069686
2018-08-04 11:45:00,2.59,3.5190513457720454
2018-08-04 12:00:00,2.7,3.708006183173389
2018-08-04 12:15:00,2.81,3.6303945556908577
2018-08-04 12:30:00,2.92,3.1686360540971195
2018-08-04 12:45:00,2.81,3.453502485560144
2018-08-04 13:00:00,2.81,3.56676429597196
2018-08-04 13:15:00,2.74,8.88649645824349
2018-08-04 13:30:00,2.77,2.7572684425195964
2018-08-04 13:45:00,2.74,2.6712619508567212
2018-08-04 14:00:00,3.17,2.7368559942423283
2018-08-04 14:15:00,3.35,2.6712619508567212
2018-08-04 14:30:00,2.88,2.7584339052150484
2018-08-04 14:45:00,2.84,2.6232743243459202
2018-08-04 15:00:00,3.38,2.7058061733477206
2018-08-04 15:15:00,2.81,2.5490951392813197
2018-08-04 15:30:00,2.74,2.4211726491755776
2018-08-04 15:45:00,2.74,2.4496263164933234
2018-08-04 16:00:00,2.77,2.6555614663014007
2018-08-04 16:15:00,2.74,3.2120477002195984
2018-08-04 16:30:00,2.81,2.9665175084338578
2018-08-04 16:45:00,2.74,2.878238697750147
2018-08-04 17:00:00,2.74,3.038060853404563
2018-08-04 17:15:00,2.74,2.8025684341496704
2018-08-04 17:30:00,2.7,3.0188555355644517
2018-08-04 17:45:00,2.74,3.0188555355644517
2018-08-04 18:00:00,2.66,3.0188555355644517
2018-08-04 18:15:00,2.74,3.563221905494407
2018-08-04 18:30:00,2.88,3.563221905494407
2018-08-04 18:45:00,2.88,3.563221905494407
2018-08-04 19:00:00,2.88,3.509781102823093
2018-08-04 19:15:00,2.88,2.9862466276381787
2018-08-04 19:30:00,2.84,2.9862466276381787
2018-08-04 19:45:00,3.2,2.9670413097980672
2018-08-04 20:00:00,3.17,2.9670413097980672
2018-08-04 20:15:00,2.92,3.230156922680152
2018-08-04 20:30:00,2.99,3.2454958273310397
2018-08-04 20:45:00,2.95,2.984062938576746
2018-08-04 21:00:00,2.95,2.9598193697350763
2018-08-04 21:15:00,2.92,2.9711988426244105
2018-08-04 21:30:00,3.06,2.9711988426244105
2018-08-04 21:45:00,3.53,2.9495187160857466
2018-08-04 22:00:00,3.06,2.9598193697350763
2018-08-04 22:15:00,2.74,3.241973676053745
2018-08-04 22:30:00,2.81,2.975158274385964
2018-08-04 22:45:00,2.74,2.968724033925858
2018-08-04 23:00:00,2.74,2.968724033925858
2018-08-04 23:15:00,2.7,2.980103506815192
2018-08-04 23:30:00,2.74,2.968724033925858
2018-08-04 23:45:00,2.63,2.968724033925858
2018-08-05 00:00:00,3.1,2.9830964203778536
2018-08-05 00:15:00,3.06,2.9830964203778536
2018-08-05 00:30:00,2.81,3.0411953357672417
2018-08-05 00:45:00,2.77,2.9933970740271834
2018-08-05 01:00:00,2.77,2.9830964203778536
2018-08-05 01:15:00,2.77,2.9830964203778536
2018-08-05 01:30:00,2.81,2.9830964203778536
2018-08-05 01:45:00,2.77,2.9830964203778536
2018-08-05 02:00:00,2.81,2.9830964203778536
2018-08-05 02:15:00,2.81,2.9830964203778536
2018-08-05 02:30:00,2.81,2.963891102537742
2018-08-05 02:45:00,2.84,2.9830964203778536
2018-08-05 03:00:00,2.84,2.963891102537742
2018-08-05 03:15:00,2.81,2.981413696250063
2018-08-05 03:30:00,2.88,2.981413696250063
2018-08-05 03:45:00,3.2,2.981413696250063
2018-08-05 04:00:00,3.49,2.981413696250063
2018-08-05 04:15:00,2.92,3.286890959003435
2018-08-05 04:30:00,2.81,3.339069682641193
2018-08-05 04:45:00,2.99,3.0234583906420185
2018-08-05 05:00:00,3.2,2.981413696250063
2018-08-05 05:15:00,2.84,3.0030938227887267
2018-08-05 05:30:00,2.81,3.2790651140526577
2018-08-05 05:45:00,2.81,3.0234583906420185
2018-08-05 06:00:00,2.74,2.981413696250063
2018-08-05 06:15:00,2.84,2.9293738355521977
2018-08-05 06:30:00,2.81,2.940753308441532
2018-08-05 06:45:00,2.77,2.9828146382235117
2018-08-05 07:00:00,2.74,2.9293738355521977
2018-08-05 07:15:00,2.77,2.9293738355521977
2018-08-05 07:30:00,2.7,2.986659628587645
2018-08-05 07:45:00,2.77,2.573761183950111
2018-08-05 08:00:00,2.74,9.051545737285222
2018-08-05 08:15:00,2.74,9.017637981794172
2018-08-05 08:30:00,2.77,2.808907998477252
2018-08-05 08:45:00,2.99,3.570731762477706
2018-08-05 09:00:00,3.06,3.570731762477706
2018-08-05 09:15:00,3.02,3.4967542463379666
2018-08-05 09:30:00,3.1,3.823294282179933
2018-08-05 09:45:00,3.67,3.735387688728874
2018-08-05 10:00:00,3.42,3.7638209076554507
2018-08-05 10:15:00,3.6,3.6292748483482296
2018-08-05 10:30:00,3.06,3.4971653304051324
2018-08-05 10:45:00,2.95,3.2644793665880725
2018-08-05 11:00:00,2.84,3.4474492279167412
2018-08-05 11:15:00,2.84,3.5313963896062464
2018-08-05 11:30:00,2.81,3.2408434433366073
2018-08-05 11:45:00,2.81,3.691904331664647
2018-08-05 12:00:00,2.95,3.751848917957028
2018-08-05 12:15:00,2.95,3.682063135425274
2018-08-05 12:30:00,2.99,3.2456131840321896
2018-08-05 12:45:00,2.92,3.486187927334152
2018-08-05 13:00:00,2.99,3.565620748363207
2018-08-05 13:15:00,2.92,6.543769522267418
2018-08-05 13:30:00,2.99,3.638899003790563
2018-08-05 13:45:00,3.06,3.5581687526564796
2018-08-05 14:00:00,2.92,3.660004423418862
2018-08-05 14:15:00,2.95,3.660004423418862
2018-08-05 14:30:00,3.17,3.5581687526564796
2018-08-05 14:45:00,3.17,3.5720978299677992
2018-08-05 15:00:00,3.17,3.6600084201990772
2018-08-05 15:15:00,3.13,3.664376197889794
2018-08-05 15:30:00,3.13,3.664376197889794
2018-08-05 15:45:00,3.17,3.7636548341082325
2018-08-05 16:00:00,3.2,3.8195513079814756
2018-08-05 16:15:00,3.49,2.7655696061288344
2018-08-05 16:30:00,3.67,3.025329341728429
2018-08-05 16:45:00,3.35,3.185267260450415
2018-08-05 17:00:00,3.6,3.304664874864509
2018-08-05 17:15:00,3.13,3.218956490314687
2018-08-05 17:30:00,3.1,3.251224072193195
2018-08-05 17:45:00,3.1,3.083809730114855
2018-08-05 18:00:00,2.81,3.083809730114855
2018-08-05 18:15:00,2.74,3.5936318775538107
2018-08-05 18:30:00,2.92,3.5355329621644227
2018-08-05 18:45:00,3.06,3.5889737648357367
2018-08-05 19:00:00,3.06,3.5775942919464025
2018-08-05 19:15:00,3.1,3.010919667739504
2018-08-05 19:30:00,3.1,3.010919667739504
2018-08-05 19:45:00,3.06,3.0587179294795623
2018-08-05 20:00:00,3.13,3.0587179294795623
2018-08-05 20:15:00,3.1,3.010919667739504
2018-08-05 20:30:00,3.1,3.0587179294795623
2018-08-05 20:45:00,3.1,3.0565342404181295
2018-08-05 21:00:00,3.13,3.0411953357672417
2018-08-05 21:15:00,3.13,3.0411953357672417
2018-08-05 21:30:00,3.17,3.10601561132789
2018-08-05 21:45:00,3.2,3.0565342404181295
2018-08-05 22:00:00,3.53,3.261550937910826
2018-08-05 22:15:00,2.84,3.261550937910826
2018-08-05 22:30:00,3.31,3.2830644400459628
2018-08-05 22:45:00,3.06,3.0098147979180756
2018-08-05 23:00:00,2.74,3.2869308532351864
2018-08-05 23:15:00,2.77,3.0201154515674054
2018-08-05 23:30:00,2.74,3.047916695938502
2018-08-05 23:45:00,2.88,2.9830964203778536
2018-08-06 00:00:00,2.66,3.040310437520011
2018-08-06 00:15:00,2.66,3.028930964630677
2018-08-06 00:30:00,2.63,3.028930964630677
2018-08-06 00:45:00,2.66,3.028930964630677
2018-08-06 01:00:00,2.66,3.028930964630677
2018-08-06 01:15:00,2.66,3.028930964630677
2018-08-06 01:30:00,2.74,3.028930964630677
2018-08-06 01:45:00,2.7,3.028930964630677
2018-08-06 02:00:00,2.66,3.028930964630677
2018-08-06 02:15:00,3.1,3.028930964630677
2018-08-06 02:30:00,2.92,3.091696335035531
2018-08-06 02:45:00,2.59,3.0906961204481624
2018-08-06 03:00:00,2.63,3.028930964630677
2018-08-06 03:15:00,2.63,3.048099106905841
2018-08-06 03:30:00,2.74,3.048099106905841
2018-08-06 03:45:00,2.74,3.048099106905841
2018-08-06 04:00:00,2.63,3.0762313447878196
2018-08-06 04:15:00,2.7,3.048099106905841
2018-08-06 04:30:00,3.24,3.048099106905841
2018-08-06 04:45:00,2.81,3.048099106905841
2018-08-06 05:00:00,2.63,3.363710398905016
2018-08-06 05:15:00,2.59,3.0709384834576854
2018-08-06 05:30:00,2.63,3.048099106905841
2018-08-06 05:45:00,2.56,3.048099106905841
2018-08-06 06:00:00,2.59,3.0594785797951753
2018-08-06 06:15:00,2.59,2.9768539283678646
2018-08-06 06:30:00,2.59,3.004986166249843
2018-08-06 06:45:00,2.77,3.004986166249843
2018-08-06 07:00:00,4.14,3.103435501837759
2018-08-06 07:15:00,4.0,3.103435501837759
2018-08-06 07:30:00,3.96,4.575245092381485
2018-08-06 07:45:00,3.56,6.218558575739237
2018-08-06 08:00:00,26.78,26.454312126971672
2018-08-06 08:15:00,58.14,54.37696718972508
2018-08-06 08:30:00,79.49,61.2180130119475
2018-08-06 08:45:00,83.81,65.42020280263938
2018-08-06 09:00:00,109.22,79.97718035344755
2018-08-06 09:15:00,79.81,79.03971142833805
2018-08-06 09:30:00,93.28,90.76990291898997
2018-08-06 09:45:00,102.24,88.27750811012366
2018-08-06 10:00:00,49.03,84.59498312112461
2018-08-06 10:15:00,57.89,96.29325379203658
2018-08-06 10:30:00,58.9,72.99806326750733
2018-08-06 10:45:00,64.4,67.0103577866057
2018-08-06 11:00:00,106.56,63.17320883900715
2018-08-06 11:15:00,88.52,69.43738671121336
2018-08-06 11:30:00,90.18,87.8000496236151
2018-08-06 11:45:00,103.9,63.11440363112513
2018-08-06 12:00:00,6.84,10.463302905694025
2018-08-06 12:15:00,6.12,11.881370850090843
2018-08-06 12:30:00,6.05,6.972396099417887
2018-08-06 12:45:00,5.87,12.5803133926274
2018-08-06 13:00:00,53.64,38.33966629028928
2018-08-06 13:15:00,97.67,102.43670910111426
2018-08-06 13:30:00,98.93,80.7899412576373
2018-08-06 13:45:00,85.9,94.14693889013795
2018-08-06 14:00:00,49.07,98.18744971536441
2018-08-06 14:15:00,55.84,89.58396787308955
2018-08-06 14:30:00,43.42,66.89381263000445
2018-08-06 14:45:00,39.24,64.15122920953867
2018-08-06 15:00:00,39.38,53.023621373357614
2018-08-06 15:15:00,46.51,58.69645254024193
2018-08-06 15:30:00,50.94,55.51178887100477
2018-08-06 15:45:00,49.61,57.86480888501807
2018-08-06 16:00:00,53.86,65.38500050013981
2018-08-06 16:15:00,49.82,55.817483566782784
2018-08-06 16:30:00,55.33,56.657767537660824
2018-08-06 16:45:00,52.67,56.816545542069825
2018-08-06 17:00:00,91.48,56.005942299352455
2018-08-06 17:15:00,98.21,49.79921219690204
2018-08-06 17:30:00,30.89,62.28795680692574
2018-08-06 17:45:00,31.18,51.826372505302494
2018-08-06 18:00:00,85.72,54.85106678699878
2018-08-06 18:15:00,72.97,78.65734872671487
2018-08-06 18:30:00,55.76,91.55232735072984
2018-08-06 18:45:00,96.12,81.52532337624427
2018-08-06 19:00:00,99.18,65.56883255264421
2018-08-06 19:15:00,86.98,82.5647322136186
2018-08-06 19:30:00,113.65,92.9936565823466
2018-08-06 19:45:00,74.09,90.4399472456578
2018-08-06 20:00:00,91.73,83.90733672327397
2018-08-06 20:15:00,118.12,85.43200309206043
2018-08-06 20:30:00,48.92,67.4030635256876
2018-08-06 20:45:00,43.6,40.81821769081441
2018-08-06 21:00:00,8.17,29.531800214920075
2018-08-06 21:15:00,4.9,26.393888384208715
2018-08-06 21:30:00,4.03,5.3156946112863785
2018-08-06 21:45:00,3.96,5.285100191180659
2018-08-06 22:00:00,3.82,2.971187133661631
2018-08-06 22:15:00,3.46,3.867977682540549
2018-08-06 22:30:00,3.35,3.807262848525502
2018-08-06 22:45:00,2.84,4.047958708748071
2018-08-06 23:00:00,2.81,3.931167984706174
2018-08-06 23:15:00,2.7,3.1973968671451827
2018-08-06 23:30:00,3.2,3.228511800337037
2018-08-06 23:45:00,2.84,3.059262394213879
2018-08-07 00:00:00,2.77,3.498667234346041
2018-08-07 00:15:00,2.88,3.285291906893221
2018-08-07 00:30:00,2.84,3.126494916641286
2018-08-07 00:45:00,2.81,3.21743744227157
2018-08-07 01:00:00,2.74,3.228816915160904
2018-08-07 01:15:00,3.06,3.21743744227157
2018-08-07 01:30:00,2.99,3.21743744227157
2018-08-07 01:45:00,2.99,3.2277380959208997
2018-08-07 02:00:00,2.99,3.2124615248288206
2018-08-07 02:15:00,2.92,3.2124615248288206
2018-08-07 02:30:00,3.02,3.2752268952336747
2018-08-07 02:45:00,3.24,3.4951997727712816
2018-08-07 03:00:00,3.31,3.5055004264206113
2018-08-07 03:15:00,3.2,3.858111444927599
2018-08-07 03:30:00,3.74,3.8256242422895004
2018-08-07 03:45:00,3.53,3.851611474393529
2018-08-07 04:00:00,3.24,3.913218403357951
2018-08-07 04:15:00,3.24,3.8997690855836886
2018-08-07 04:30:00,3.6,3.892330294368777
2018-08-07 04:45:00,3.74,3.8994820866425792
2018-08-07 05:00:00,3.24,3.9317496685210873
2018-08-07 05:15:00,3.17,3.9391884597359987
2018-08-07 05:30:00,3.2,3.9622474570474333
2018-08-07 05:45:00,3.2,3.870142739556665
2018-08-07 06:00:00,3.17,3.870142739556665
2018-08-07 06:15:00,3.17,3.69968827663991
2018-08-07 06:30:00,3.17,3.69968827663991
2018-08-07 06:45:00,3.38,3.69968827663991
2018-08-07 07:00:00,3.13,3.8262698501098047
2018-08-07 07:15:00,3.31,3.918374567600573
2018-08-07 07:30:00,3.89,4.429949907017848
2018-08-07 07:45:00,5.54,6.37548398240204
2018-08-07 08:00:00,66.31,54.68413736375178
2018-08-07 08:15:00,93.71,85.63024722759238
2018-08-07 08:30:00,79.52,99.57648455880461
2018-08-07 08:45:00,86.33,92.95355996639975
2018-08-07 09:00:00,86.8,97.92200285647856
2018-08-07 09:15:00,58.46,77.35916303517696
2018-08-07 09:30:00,65.45,76.1991899157832
2018-08-07 09:45:00,108.32,69.31646629012295
2018-08-07 10:00:00,101.59,65.97954275798989
2018-08-07 10:15:00,83.41,90.96314420195606
2018-08-07 10:30:00,112.21,87.40973147145127
2018-08-07 10:45:00,87.01,84.73599660566627
2018-08-07 11:00:00,96.23,92.49982133850301
2018-08-07 11:15:00,82.84,90.90927526797383
2018-08-07 11:30:00,95.87,81.66906903765056
2018-08-07 11:45:00,94.18,85.35516908830884
2018-08-07 12:00:00,10.87,12.922132660451922
2018-08-07 12:15:00,5.98,7.764593862003617
2018-08-07 12:30:00,5.8,5.277386776046104
2018-08-07 12:45:00,5.98,8.195264640496955
2018-08-07 13:00:00,62.64,69.25179964376414
2018-08-07 13:15:00,99.79,90.59756321840314
2018-08-07 13:30:00,103.61,84.04650871257726
2018-08-07 13:45:00,58.54,88.63531329018404
2018-08-07 14:00:00,58.75,91.44936700981944
2018-08-07 14:15:00,50.94,76.29565688080847
2018-08-07 14:30:00,43.49,67.49605789803954
2018-08-07 14:45:00,42.84,65.1206529972319
2018-08-07 15:00:00,49.93,55.180313567150144
2018-08-07 15:15:00,54.11,49.87014386927521
2018-08-07 15:30:00,52.02,58.843002426801476
2018-08-07 15:45:00,56.84,58.22025533397961
2018-08-07 16:00:00,59.4,55.88402691000048
2018-08-07 16:15:00,58.75,57.45217997535689
2018-08-07 16:30:00,47.92,56.02961633644777
2018-08-07 16:45:00,87.19,53.1125865636221
2018-08-07 17:00:00,72.25,49.3094778156113
2018-08-07 17:15:00,104.76,70.28403616257111
2018-08-07 17:30:00,30.31,44.108107252373806
2018-08-07 17:45:00,30.42,39.75838762528553
2018-08-07 18:00:00,75.28,41.83323631945175
2018-08-07 18:15:00,77.22,77.29925930127352
2018-08-07 18:30:00,48.06,95.81935590526894
2018-08-07 18:45:00,49.68,93.60315359747416
2018-08-07 19:00:00,51.73,60.62465032237654
2018-08-07 19:15:00,51.88,61.78310681421123
2018-08-07 19:30:00,47.34,58.433556988469796
2018-08-07 19:45:00,47.59,57.12868504383007
2018-08-07 20:00:00,48.35,52.71225243805589
2018-08-07 20:15:00,50.29,56.85966589535205
2018-08-07 20:30:00,50.0,51.023612902412886
2018-08-07 20:45:00,30.13,34.55724144577629
2018-08-07 21:00:00,26.42,9.914333843189922
2018-08-07 21:15:00,15.52,14.433369271135959
2018-08-07 21:30:00,4.14,8.724169874550546
2018-08-07 21:45:00,4.0,5.773658203162226
2018-08-07 22:00:00,3.82,4.376033634280186
2018-08-07 22:15:00,3.56,4.095588402854456
2018-08-07 22:30:00,3.06,3.9465743539763936
2018-08-07 22:45:00,2.88,3.6433967339646234
2018-08-07 23:00:00,2.88,3.313081118517748
2018-08-07 23:15:00,2.88,3.228035776973014
2018-08-07 23:30:00,2.81,3.228035776973014
2018-08-07 23:45:00,2.66,3.2022444564509027
2018-08-08 00:00:00,2.92,3.2378600976112977
2018-08-08 00:15:00,3.46,3.1908649835615686
2018-08-08 00:30:00,3.02,3.1908649835615686
2018-08-08 00:45:00,3.13,3.483319943529567
2018-08-08 01:00:00,3.31,3.216504541861786
2018-08-08 01:15:00,3.17,3.2489638989509566
2018-08-08 01:30:00,3.17,3.498658848180455
2018-08-08 01:45:00,3.13,3.480698973983875
2018-08-08 02:00:00,3.2,3.469319501094541
2018-08-08 02:15:00,3.28,3.2604057053990996
2018-08-08 02:30:00,3.2,3.4722135361505453
2018-08-08 02:45:00,3.67,3.505928462306764
2018-08-08 03:00:00,3.28,3.47658911522085
2018-08-08 03:15:00,3.17,3.6049865159454932
2018-08-08 03:30:00,3.2,3.572718934066985
2018-08-08 03:45:00,3.17,3.543379586981071
2018-08-08 04:00:00,3.13,3.5508183781959826
2018-08-08 04:15:00,3.17,3.543379586981071
2018-08-08 04:30:00,3.17,3.3853580035381037
2018-08-08 04:45:00,3.13,3.543379586981071
2018-08-08 05:00:00,3.17,3.543379586981071
2018-08-08 05:15:00,3.17,3.3383628894883746
2018-08-08 05:30:00,3.17,3.543379586981071
2018-08-08 05:45:00,3.53,3.543379586981071
2018-08-08 06:00:00,3.74,3.543379586981071
2018-08-08 06:15:00,3.17,3.40226447115023
2018-08-08 06:30:00,3.1,3.434532053028738
2018-08-08 06:45:00,3.13,3.372925124064316
2018-08-08 07:00:00,3.2,3.3936992844202925
2018-08-08 07:15:00,4.07,3.3555639793000496
2018-08-08 07:30:00,5.18,5.082908285638449
2018-08-08 07:45:00,4.82,7.967966965085219
2018-08-08 08:00:00,34.99,48.348511786538594
2018-08-08 08:15:00,53.14,67.61142797940366
2018-08-08 08:30:00,64.91,67.46851760024141
2018-08-08 08:45:00,59.44,74.25507684378287
2018-08-08 09:00:00,84.56,79.48736894073122
2018-08-08 09:15:00,56.38,65.06468300505269
2018-08-08 09:30:00,63.5,81.53474108954804
2018-08-08 09:45:00,103.93,61.217806495532386
2018-08-08 10:00:00,87.08,63.11606926016587
2018-08-08 10:15:00,90.61,85.02214488874915
2018-08-08 10:30:00,91.08,89.47940053275993
2018-08-08 10:45:00,106.99,84.21322679280121
2018-08-08 11:00:00,93.85,90.6704966421182
2018-08-08 11:15:00,76.1,96.14305889492798
2018-08-08 11:30:00,117.68,96.67283690844785
2018-08-08 11:45:00,95.65,66.52749117799709
2018-08-08 12:00:00,7.24,19.89945219711569
2018-08-08 12:15:00,5.0,16.426862972152392
2018-08-08 12:30:00,4.93,3.693673195132156
2018-08-08 12:45:00,4.93,5.204164160889517
2018-08-08 13:00:00,44.42,49.8226534148544
2018-08-08 13:15:00,123.16,66.13658649625985
2018-08-08 13:30:00,85.68,62.780398108501075
2018-08-08 13:45:00,93.92,98.54782284948087
2018-08-08 14:00:00,104.0,91.59299057760404
2018-08-08 14:15:00,79.56,81.43399630905397
2018-08-08 14:30:00,115.67,98.93200111405591
2018-08-08 14:45:00,81.68,85.60563114153229
2018-08-08 15:00:00,115.74,87.83153305094395
2018-08-08 15:15:00,111.38,87.99577173976424
2018-08-08 15:30:00,69.23,88.9212751182648
2018-08-08 15:45:00,50.33,91.18722714958238
2018-08-08 16:00:00,45.86,84.21251256456205
2018-08-08 16:15:00,60.73,65.45367874469271
2018-08-08 16:30:00,42.73,56.3567212208605
2018-08-08 16:45:00,50.26,60.34866602326524
2018-08-08 17:00:00,49.43,43.422443646330805
2018-08-08 17:15:00,37.69,49.80809101546775
2018-08-08 17:30:00,30.96,30.3975456124365
2018-08-08 17:45:00,32.08,29.288265486712238
2018-08-08 18:00:00,38.34,42.015567123766786
2018-08-08 18:15:00,47.38,46.45595667552302
2018-08-08 18:30:00,49.79,49.89409411814383
2018-08-08 18:45:00,52.56,55.001469079858126
2018-08-08 19:00:00,44.35,54.6176392237029
2018-08-08 19:15:00,64.44,55.7981483916643
2018-08-08 19:30:00,53.42,44.118136991567
2018-08-08 19:45:00,111.06,61.80070658909967
2018-08-08 20:00:00,53.86,53.03138550180158
2018-08-08 20:15:00,94.14,87.27148393496893
2018-08-08 20:30:00,70.63,55.8987244955841
2018-08-08 20:45:00,22.0,54.46579297846281
2018-08-08 21:00:00,7.16,20.513215918508397
2018-08-08 21:15:00,4.18,6.465868560287052
2018-08-08 21:30:00,3.89,8.289727054019458
2018-08-08 21:45:00,3.85,3.6184649527294255
2018-08-08 22:00:00,3.71,3.3514713622484713
2018-08-08 22:15:00,3.24,3.846052523866577
2018-08-08 22:30:00,2.7,3.4882178198268003
2018-08-08 22:45:00,2.66,3.559042513141564
2018-08-08 23:00:00,2.59,3.2665875531735655
2018-08-08 23:15:00,2.56,3.2546082356830155
2018-08-08 23:30:00,2.56,3.2355516214639564
2018-08-08 23:45:00,2.66,3.228816915160904
2018-08-09 00:00:00,3.17,3.063285739309709
2018-08-09 00:15:00,2.84,3.21743744227157
2018-08-09 00:30:00,2.7,3.4698594377928407
2018-08-09 00:45:00,2.74,3.239067246298787
2018-08-09 01:00:00,2.77,3.21743744227157
2018-08-09 01:15:00,2.77,3.21743744227157
2018-08-09 01:30:00,2.74,3.228816915160904
2018-08-09 01:45:00,2.74,3.202160871179491
2018-08-09 02:00:00,2.99,3.202160871179491
2018-08-09 02:15:00,3.2,3.202160871179491
2018-08-09 02:30:00,2.77,3.5055004264206113
2018-08-09 02:45:00,2.81,3.706655046891521
2018-08-09 03:00:00,2.74,3.462712570133183
2018-08-09 03:15:00,2.77,3.4871735737384815
2018-08-09 03:30:00,2.77,3.4871735737384815
2018-08-09 03:45:00,2.77,3.4985530466278156
2018-08-09 04:00:00,2.77,3.4871735737384815
2018-08-09 04:15:00,2.81,3.542500152928424
2018-08-09 04:30:00,2.81,3.5894952669781532
2018-08-09 04:45:00,2.74,3.4871735737384815
2018-08-09 05:00:00,2.77,3.4871735737384815
2018-08-09 05:15:00,3.35,3.5499389441433356
2018-08-09 05:30:00,3.13,3.4871735737384815
2018-08-09 05:45:00,2.74,3.802784865737656
2018-08-09 06:00:00,2.81,3.59126819771089
2018-08-09 06:15:00,2.74,3.4940943509422917
2018-08-09 06:30:00,3.24,3.4712549743904475
2018-08-09 06:45:00,2.92,3.427307868089839
2018-08-09 07:00:00,2.99,3.8256180283700725
2018-08-09 07:15:00,4.07,3.5653493452222436
2018-08-09 07:30:00,4.21,4.89699560146092
2018-08-09 07:45:00,8.21,7.941838147979229
2018-08-09 08:00:00,64.87,36.141549890025665
2018-08-09 08:15:00,98.32,66.66104877379908
2018-08-09 08:30:00,109.98,105.1519743303303
2018-08-09 08:45:00,96.41,101.22918517969856
2018-08-09 09:00:00,73.76,97.28504501780421
2018-08-09 09:15:00,98.86,95.1730797477855
2018-08-09 09:30:00,103.39,91.29663070108356
2018-08-09 09:45:00,110.66,92.68595281231252
2018-08-09 10:00:00,111.67,96.32790347635931
2018-08-09 10:15:00,88.88,91.39648769718883
2018-08-09 10:30:00,111.64,90.25284832780757
2018-08-09 10:45:00,72.11,87.49085711112343
2018-08-09 11:00:00,126.29,88.7789321545339
2018-08-09 11:15:00,94.54,93.42186039115515
2018-08-09 11:30:00,103.72,90.60740981038182
2018-08-09 11:45:00,89.39,74.77157464007243
2018-08-09 12:00:00,19.26,12.925042148829045
2018-08-09 12:15:00,4.9,14.148966662885396
2018-08-09 12:30:00,4.79,5.830316662370645
2018-08-09 12:45:00,4.57,5.087862947836752
2018-08-09 13:00:00,50.72,44.87907746443427
2018-08-09 13:15:00,107.21,66.56239484119253
2018-08-09 13:30:00,72.43,77.71983086535423
2018-08-09 13:45:00,133.06,88.95856754830267
2018-08-09 14:00:00,66.1,84.30417991644444
2018-08-09 14:15:00,42.37,97.06993745770257
2018-08-09 14:30:00,49.18,83.65561508947737
2018-08-09 14:45:00,62.39,58.07612792217537
2018-08-09 15:00:00,44.35,58.30104328123384
2018-08-09 15:15:00,40.0,65.06646521827692
2018-08-09 15:30:00,49.9,50.39871258115584
2018-08-09 15:45:00,67.43,49.746235208092905
2018-08-09 16:00:00,59.8,52.50962964851508
2018-08-09 16:15:00,54.04,67.99835364954092
2018-08-09 16:30:00,46.26,59.595693860358686
2018-08-09 16:45:00,44.96,55.744208973805556
2018-08-09 17:00:00,56.99,42.89384270921326
2018-08-09 17:15:00,44.03,39.3471435199253
2018-08-09 17:30:00,30.53,30.33372173533355
2018-08-09 17:45:00,31.43,31.640837538710144
2018-08-09 18:00:00,51.59,40.40005358623933
2018-08-09 18:15:00,44.6,46.93502794558006
2018-08-09 18:30:00,44.75,62.54340127453952
2018-08-09 18:45:00,49.32,46.534139215651194
2018-08-09 19:00:00,52.78,48.52970234539519
2018-08-09 19:15:00,52.2,55.43298763936296
2018-08-09 19:30:00,49.03,56.437797203285164
2018-08-09 19:45:00,42.73,55.25095220018624
2018-08-09 20:00:00,50.36,52.5804527925801
2018-08-09 20:15:00,49.5,46.15546270024139
2018-08-09 20:30:00,46.55,46.007648127518095
2018-08-09 20:45:00,16.99,15.726737362177406
2018-08-09 21:00:00,10.15,11.395442910486752
2018-08-09 21:15:00,5.98,2.9768497563650738
2018-08-09 21:30:00,4.46,5.755936704166291
2018-08-09 21:45:00,3.89,4.504455778899825
2018-08-09 22:00:00,3.67,4.0362525982779065
2018-08-09 22:15:00,3.49,3.849828409196584
2018-08-09 22:30:00,3.46,3.4738015693907123
2018-08-09 22:45:00,3.24,3.532470054431563
2018-08-09 23:00:00,2.66,3.532470054431563
2018-08-09 23:15:00,2.63,3.5358296415919006
2018-08-09 23:30:00,2.63,3.243374681623902
2018-08-09 23:45:00,2.7,3.228035776973014
2018-08-10 00:00:00,2.7,3.1591781097264913
2018-08-10 00:15:00,2.66,3.1591781097264913
2018-08-10 00:30:00,2.7,3.201239439508471
2018-08-10 00:45:00,2.66,3.147798636837157
2018-08-10 01:00:00,2.66,3.147798636837157
2018-08-10 01:15:00,2.7,3.147798636837157
2018-08-10 01:30:00,2.74,3.147798636837157
2018-08-10 01:45:00,2.66,3.147798636837157
2018-08-10 02:00:00,2.7,3.132522065745078
2018-08-10 02:15:00,2.7,3.132522065745078
2018-08-10 02:30:00,3.31,3.170192612061267
2018-08-10 02:45:00,2.88,3.132522065745078
2018-08-10 03:00:00,2.66,3.428643266141174
2018-08-10 03:15:00,2.74,3.126484376861167
2018-08-10 03:30:00,3.06,3.103645000309323
2018-08-10 03:45:00,2.56,3.103645000309323
2018-08-10 04:00:00,2.52,3.125325126847987
2018-08-10 04:15:00,2.63,3.103645000309323
2018-08-10 04:30:00,2.63,3.103645000309323
2018-08-10 04:45:00,2.59,3.157085802980637
2018-08-10 05:00:00,2.59,3.103645000309323
2018-08-10 05:15:00,2.56,3.103645000309323
2018-08-10 05:30:00,2.56,3.103645000309323
2018-08-10 05:45:00,2.52,3.103645000309323
2018-08-10 06:00:00,2.52,3.103645000309323
2018-08-10 06:15:00,2.66,3.0323998217713464
2018-08-10 06:30:00,2.66,3.0323998217713464
2018-08-10 06:45:00,2.66,3.078799480919422
2018-08-10 07:00:00,2.59,3.078799480919422
2018-08-10 07:15:00,3.53,3.0323998217713464
2018-08-10 07:30:00,7.31,3.6281495745805175
2018-08-10 07:45:00,6.34,5.888079903929799
2018-08-10 08:00:00,37.4,48.076267009104235
2018-08-10 08:15:00,49.9,61.60766705640575
2018-08-10 08:30:00,55.73,72.5406096018228
2018-08-10 08:45:00,47.84,68.34117835563946
2018-08-10 09:00:00,50.65,62.34490084679168
2018-08-10 09:15:00,55.08,56.90782454088352
2018-08-10 09:30:00,51.55,55.29860707729937
2018-08-10 09:45:00,52.09,55.64856209298592
2018-08-10 10:00:00,42.7,55.01050703954219
2018-08-10 10:15:00,44.14,54.10785408361996
2018-08-10 10:30:00,60.37,46.52447153492076
2018-08-10 10:45:00,91.44,46.18595757956955
2018-08-10 11:00:00,69.8,61.29816501576046
2018-08-10 11:15:00,94.32,76.16528119518061
2018-08-10 11:30:00,105.77,69.07774663985742
2018-08-10 11:45:00,113.72,68.33818841728358
2018-08-10 12:00:00,12.31,27.379908877293147
2018-08-10 12:15:00,4.79,16.55023093897973
2018-08-10 12:30:00,4.68,4.5603613421877425
2018-08-10 12:45:00,4.61,4.551212507358595
2018-08-10 13:00:00,30.06,41.88484838213678
2018-08-10 13:15:00,123.8,52.26956308100829
2018-08-10 13:30:00,105.7,57.93327826619833
2018-08-10 13:45:00,94.93,85.11226270583894
2018-08-10 14:00:00,115.45,89.47750776801938
2018-08-10 14:15:00,86.47,82.69323598343422
2018-08-10 14:30:00,91.84,99.85280874769131
2018-08-10 14:45:00,89.35,88.78912772001955
2018-08-10 15:00:00,90.18,80.52508211015542
2018-08-10 15:15:00,106.67,82.20474682140001
2018-08-10 15:30:00,131.0,84.0178391519408
2018-08-10 15:45:00,107.46,86.44304140196648
2018-08-10 16:00:00,103.46,94.65268857001448
2018-08-10 16:15:00,100.22,96.86118836269469
2018-08-10 16:30:00,118.04,94.07093696258602
2018-08-10 16:45:00,55.66,86.03650465042286
2018-08-10 17:00:00,83.27,87.9989021236163
2018-08-10 17:15:00,99.83,61.460929049734396
2018-08-10 17:30:00,30.71,54.22512664753029
2018-08-10 17:45:00,29.81,36.73472296524999
2018-08-10 18:00:00,63.79,59.86625628450717
2018-08-10 18:15:00,79.96,77.5064417978548
2018-08-10 18:30:00,98.75,84.28321850158027
2018-08-10 18:45:00,86.9,91.63811571679216
2018-08-10 19:00:00,110.84,81.29395916220255
2018-08-10 19:15:00,73.55,86.77260761967156
2018-08-10 19:30:00,112.61,90.4461985315527
2018-08-10 19:45:00,91.8,95.2488281460925
2018-08-10 20:00:00,100.33,87.34632705863085
2018-08-10 20:15:00,84.46,92.34413587439207
2018-08-10 20:30:00,102.46,79.37282067210435
2018-08-10 20:45:00,64.8,30.596567462842927
2018-08-10 21:00:00,4.46,23.10808475029876
2018-08-10 21:15:00,4.25,10.877587364970722
2018-08-10 21:30:00,3.74,5.205119806200279
2018-08-10 21:45:00,3.78,0.7742575143650432
2018-08-10 22:00:00,3.56,1.119293526233753
2018-08-10 22:15:00,3.28,1.5007581484840329
2018-08-10 22:30:00,3.24,1.0705475299025813
2018-08-10 22:45:00,2.74,4.107707475699922
2018-08-10 23:00:00,2.7,4.449713919855061
2018-08-10 23:15:00,2.7,2.9530839367686816
2018-08-10 23:30:00,2.66,3.3494747242530014
2018-08-10 23:45:00,2.7,1.806229121845252
2018-08-11 00:00:00,2.66,3.356585844611097
2018-08-11 00:15:00,2.81,3.2987525338790205
2018-08-11 00:30:00,2.74,3.345206371721763
2018-08-11 00:45:00,2.7,3.2987525338790205
2018-08-11 01:00:00,2.74,3.312303930841556
2018-08-11 01:15:00,2.77,3.3060130314652265
2018-08-11 01:30:00,3.35,3.3594538341365405
2018-08-11 01:45:00,2.92,3.2907364603731475
2018-08-11 02:00:00,2.74,3.63663222301246
2018-08-11 02:15:00,2.7,3.3060753650240353
2018-08-11 02:30:00,2.66,3.2907364603731475
2018-08-11 02:45:00,2.66,3.2907364603731475
2018-08-11 03:00:00,3.28,2.819759552936402
2018-08-11 03:15:00,2.99,2.8259026737593884
2018-08-11 03:30:00,2.77,3.141513965758563
2018-08-11 03:45:00,2.77,2.8590427039605624
2018-08-11 04:00:00,2.77,2.8259026737593884
2018-08-11 04:15:00,2.77,2.8259026737593884
2018-08-11 04:30:00,2.81,2.8836818057967983
2018-08-11 04:45:00,2.74,2.8259026737593884
2018-08-11 05:00:00,2.81,2.8259026737593884
2018-08-11 05:15:00,2.74,2.8259026737593884
2018-08-11 05:30:00,2.74,2.8259026737593884
2018-08-11 05:45:00,2.74,3.308259054085468
2018-08-11 06:00:00,2.74,3.308259054085468
2018-08-11 06:15:00,2.74,2.754657495221412
2018-08-11 06:30:00,2.84,2.808098297892726
2018-08-11 06:45:00,2.7,2.754657495221412
2018-08-11 07:00:00,2.7,2.754657495221412
2018-08-11 07:15:00,3.28,3.2370138755474915
2018-08-11 07:30:00,4.25,3.4678748671520228
2018-08-11 07:45:00,5.44,4.41145071376056
2018-08-11 08:00:00,68.94,28.470488450549635
2018-08-11 08:15:00,111.38,42.69106548123134
2018-08-11 08:30:00,77.72,90.5029677511781
2018-08-11 08:45:00,109.84,86.49766335277545
2018-08-11 09:00:00,91.19,86.8919459367243
2018-08-11 09:15:00,109.91,86.15155129071506
2018-08-11 09:30:00,87.88,85.93065564929897
2018-08-11 09:45:00,110.59,83.78695329084518
2018-08-11 10:00:00,73.87,85.61638940436124
2018-08-11 10:15:00,78.44,81.33331311438968
2018-08-11 10:30:00,76.25,84.32476296543548
2018-08-11 10:45:00,90.76,76.82102873830249
2018-08-11 11:00:00,94.86,80.17562996013832
2018-08-11 11:15:00,71.71,78.30887466101633
2018-08-11 11:30:00,103.82,79.56345170582291
2018-08-11 11:45:00,56.63,66.27392876309584
2018-08-11 12:00:00,4.0,16.311702648635
2018-08-11 12:15:00,4.21,4.146895721443108
2018-08-11 12:30:00,3.92,3.7465381345555007
2018-08-11 12:45:00,4.21,5.622634121403775
2018-08-11 13:00:00,37.22,25.87269647918554
2018-08-11 13:15:00,83.99,70.34675083640003
2018-08-11 13:30:00,95.65,60.97074183043283
2018-08-11 13:45:00,109.33,72.23877695498182
2018-08-11 14:00:00,89.32,84.6617057763291
2018-08-11 14:15:00,105.59,86.53403288910988
2018-08-11 14:30:00,96.3,86.69776077216355
2018-08-11 14:45:00,103.57,84.56362166142698
2018-08-11 15:00:00,93.56,89.52136215336638
2018-08-11 15:15:00,71.64,84.8894771302643
2018-08-11 15:30:00,72.54,88.22385303644796
2018-08-11 15:45:00,86.9,89.42450468905926
2018-08-11 16:00:00,103.36,80.56937647419817
2018-08-11 16:15:00,81.9,76.23827428241437
2018-08-11 16:30:00,95.83,83.38836726961115
2018-08-11 16:45:00,15.55,67.61870648023414
2018-08-11 17:00:00,5.62,52.36671673935073
2018-08-11 17:15:00,4.0,0.0
2018-08-11 17:30:00,3.78,8.380348569869076
2018-08-11 17:45:00,3.2,3.3832332839322885
2018-08-11 18:00:00,2.84,1.6335531151220177
2018-08-11 18:15:00,2.74,4.353041650148625
2018-08-11 18:30:00,2.88,5.338466410163741
2018-08-11 18:45:00,3.06,4.508860054846519
2018-08-11 19:00:00,3.06,6.834298059411101
2018-08-11 19:15:00,3.02,4.651808133265124
2018-08-11 19:30:00,3.02,9.350637659404693
2018-08-11 19:45:00,3.06,5.965248420210507
2018-08-11 20:00:00,3.1,7.330614505425432
2018-08-11 20:15:00,3.17,5.221164389540374
2018-08-11 20:30:00,3.1,7.620851544330465
2018-08-11 20:45:00,3.1,4.410570704417594
2018-08-11 21:00:00,3.1,3.221236456877433
2018-08-11 21:15:00,3.17,3.205897552226545
2018-08-11 21:30:00,3.17,3.205897552226545
2018-08-11 21:45:00,3.24,3.460457954187811
2018-08-11 22:00:00,3.49,3.4109765832780505
2018-08-11 22:15:00,2.88,3.4403159303639645
2018-08-11 22:30:00,2.74,3.393916271215889
2018-08-11 22:45:00,3.17,3.1592404432853
2018-08-11 23:00:00,3.24,3.1439015386344122
2018-08-11 23:15:00,2.59,3.407017151516497
2018-08-11 23:30:00,2.66,3.4516954032532987
2018-08-11 23:45:00,2.74,3.147860970395966
2018-08-12 00:00:00,2.7,3.132522065745078
2018-08-12 00:15:00,2.74,3.1439015386344122
2018-08-12 00:30:00,2.74,3.1439015386344122
2018-08-12 00:45:00,2.7,3.132522065745078
2018-08-12 01:00:00,2.7,3.132522065745078
2018-08-12 01:15:00,2.7,3.132522065745078
2018-08-12 01:30:00,2.74,3.132522065745078
2018-08-12 01:45:00,2.81,3.132522065745078
2018-08-12 02:00:00,2.77,3.132522065745078
2018-08-12 02:15:00,2.77,3.132522065745078
2018-08-12 02:30:00,3.06,3.132522065745078
2018-08-12 02:45:00,3.06,3.0861224065970023
2018-08-12 03:00:00,2.77,3.142822719394408
2018-08-12 03:15:00,2.77,3.1603453131067285
2018-08-12 03:30:00,2.84,3.103645000309323
2018-08-12 03:45:00,2.77,3.141315546625512
2018-08-12 04:00:00,2.77,3.157085802980637
2018-08-12 04:15:00,2.77,3.103645000309323
2018-08-12 04:30:00,2.81,3.103645000309323
2018-08-12 04:45:00,3.28,3.103645000309323
2018-08-12 05:00:00,3.2,3.141315546625512
2018-08-12 05:15:00,2.74,3.4192562923084977
2018-08-12 05:30:00,2.66,3.412756321774428
2018-08-12 05:45:00,2.74,3.126484376861167
2018-08-12 06:00:00,2.77,3.1500446594573988
2018-08-12 06:15:00,2.74,3.0437792946606805
2018-08-12 06:30:00,3.17,3.0437792946606805
2018-08-12 06:45:00,2.84,3.078799480919422
2018-08-12 07:00:00,2.74,3.2658621414539044
2018-08-12 07:15:00,2.7,3.0552391983231906
2018-08-12 07:30:00,2.7,3.937613294423723
2018-08-12 07:45:00,2.63,3.571114508934263
2018-08-12 08:00:00,2.59,19.362404663811972
2018-08-12 08:15:00,2.63,29.30094852651913
2018-08-12 08:30:00,2.7,7.535094392872843
2018-08-12 08:45:00,2.95,15.93261155655869
2018-08-12 09:00:00,3.06,9.347566369017784
2018-08-12 09:15:00,3.02,13.693168130136156
2018-08-12 09:30:00,3.1,5.600260435853131
2018-08-12 09:45:00,3.06,9.892711478116984
2018-08-12 10:00:00,3.06,3.700532871288479
2018-08-12 10:15:00,3.1,3.6479445779892186
2018-08-12 10:30:00,3.64,3.4972472519863858
2018-08-12 10:45:00,3.13,6.678881021484007
2018-08-12 11:00:00,3.02,6.300487742825684
2018-08-12 11:15:00,3.24,3.6665424923933263
2018-08-12 11:30:00,2.7,5.887225035982584
2018-08-12 11:45:00,2.77,3.3916227709874724
2018-08-12 12:00:00,2.88,3.2893572666108217
2018-08-12 12:15:00,3.06,3.2042325794281803
2018-08-12 12:30:00,3.06,3.178243304049556
2018-08-12 12:45:00,3.06,3.444126597552172
2018-08-12 13:00:00,3.1,3.4925627989441863
2018-08-12 13:15:00,3.06,4.537061521486172
2018-08-12 13:30:00,3.1,6.0584928245140155
2018-08-12 13:45:00,3.02,6.653289756920836
2018-08-12 14:00:00,3.02,6.001374929227948
2018-08-12 14:15:00,2.99,6.382199686625917
2018-08-12 14:30:00,3.06,5.74331676914332
2018-08-12 14:45:00,3.02,6.139760909460941
2018-08-12 15:00:00,3.06,5.74331676914332
2018-08-12 15:15:00,3.1,3.4731432729405856
2018-08-12 15:30:00,3.64,3.2592057143983983
2018-08-12 15:45:00,3.06,4.272211365389916
2018-08-12 16:00:00,3.1,4.937781587666633
2018-08-12 16:15:00,2.99,1.931400669497174
2018-08-12 16:30:00,3.02,3.801590417112677
2018-08-12 16:45:00,3.02,2.9761445308178107
2018-08-12 17:00:00,3.02,2.83862094714033
2018-08-12 17:15:00,3.56,2.7738006715796817
2018-08-12 17:30:00,3.38,2.7738006715796817
2018-08-12 17:45:00,2.99,2.956745693519572
2018-08-12 18:00:00,2.77,3.207577017425353
2018-08-12 18:15:00,2.74,3.549793047575306
2018-08-12 18:30:00,2.88,3.5241534892750885
2018-08-12 18:45:00,2.99,3.30004054290953
2018-08-12 19:00:00,3.02,3.30004054290953
2018-08-12 19:15:00,3.06,3.010919667739504
2018-08-12 19:30:00,3.02,3.010919667739504
2018-08-12 19:45:00,3.06,3.010919667739504
2018-08-12 20:00:00,3.02,3.010919667739504
2018-08-12 20:15:00,3.46,3.010919667739504
2018-08-12 20:30:00,3.28,3.010919667739504
2018-08-12 20:45:00,3.13,3.2755513803458522
2018-08-12 21:00:00,3.13,3.29089028499674
2018-08-12 21:15:00,3.13,3.0565342404181295
2018-08-12 21:30:00,3.13,3.0565342404181295
2018-08-12 21:45:00,3.13,3.1055842596236527
2018-08-12 22:00:00,2.99,3.1213545159787777
2018-08-12 22:15:00,2.7,3.048708395467352
2018-08-12 22:30:00,2.92,3.054350936398608
2018-08-12 22:45:00,3.28,2.9944758932671878
2018-08-12 23:00:00,2.88,2.9944758932671878
2018-08-12 23:15:00,2.66,3.2869308532351864
2018-08-12 23:30:00,2.74,2.9984353250287414
2018-08-12 23:45:00,2.84,2.9830964203778536
2018-08-13 00:00:00,2.77,3.028930964630677
2018-08-13 00:15:00,2.81,3.040310437520011
2018-08-13 00:30:00,3.28,3.028930964630677
2018-08-13 00:45:00,2.74,3.028930964630677
2018-08-13 01:00:00,2.77,3.3213859245986757
2018-08-13 01:15:00,2.77,3.044269869281565
2018-08-13 01:30:00,2.81,3.028930964630677
2018-08-13 01:45:00,2.77,3.028930964630677
2018-08-13 02:00:00,2.77,3.040310437520011
2018-08-13 02:15:00,2.81,3.028930964630677
2018-08-13 02:30:00,2.84,3.0007987267486986
2018-08-13 02:45:00,2.77,3.028930964630677
2018-08-13 03:00:00,2.7,3.028930964630677
2018-08-13 03:15:00,2.74,3.0762313447878196
2018-08-13 03:30:00,2.7,3.048099106905841
2018-08-13 03:45:00,2.74,3.048099106905841
2018-08-13 04:00:00,2.74,3.0762313447878196
2018-08-13 04:15:00,2.81,3.048099106905841
2018-08-13 04:30:00,3.74,3.1389967151926736
2018-08-13 04:45:00,3.74,3.0762313447878196
2018-08-13 05:00:00,2.74,3.395977980783524
2018-08-13 05:15:00,2.7,3.418817357335368
2018-08-13 05:30:00,2.7,3.0709384834576854
2018-08-13 05:45:00,2.66,3.0762313447878196
2018-08-13 06:00:00,2.66,3.0594785797951753
2018-08-13 06:15:00,2.63,2.9882334012571987
2018-08-13 06:30:00,2.74,3.004986166249843
2018-08-13 06:45:00,2.7,3.004986166249843
2018-08-13 07:00:00,2.7,3.166200872242613
2018-08-13 07:15:00,3.53,3.166200872242613
2018-08-13 07:30:00,4.03,3.6059316981251177
2018-08-13 07:45:00,3.85,5.20420947463964
2018-08-13 08:00:00,26.64,25.380865604701434
2018-08-13 08:15:00,92.23,56.74143420404623
2018-08-13 08:30:00,82.08,67.87533751381645
2018-08-13 08:45:00,119.92,88.32243014756567
2018-08-13 09:00:00,92.34,82.98350993464122
2018-08-13 09:15:00,110.2,87.84601617536133
2018-08-13 09:30:00,89.78,94.70435276311338
2018-08-13 09:45:00,106.34,93.40330487321334
2018-08-13 10:00:00,84.31,95.4153139778766
2018-08-13 10:15:00,104.62,90.90518058953018
2018-08-13 10:30:00,81.94,91.6098579411442
2018-08-13 10:45:00,100.66,90.89547124156455
2018-08-13 11:00:00,101.99,94.25772670357337
2018-08-13 11:15:00,81.54,92.09247453595205
2018-08-13 11:30:00,100.94,97.90960013642047
2018-08-13 11:45:00,96.55,91.87233015767441
2018-08-13 12:00:00,28.87,18.628742691104474
2018-08-13 12:15:00,24.01,11.157890067420517
2018-08-13 12:30:00,4.97,14.750837289694186
2018-08-13 12:45:00,4.97,25.58906188032909
2018-08-13 13:00:00,60.48,78.73668262067436
2018-08-13 13:15:00,90.07,94.87152846028134
2018-08-13 13:30:00,107.6,99.2303520124064
2018-08-13 13:45:00,111.46,98.98545153308947
2018-08-13 14:00:00,105.19,98.30793266001724
2018-08-13 14:15:00,85.75,93.55589681064936
2018-08-13 14:30:00,109.19,87.96938666765327
2018-08-13 14:45:00,93.6,82.41205140229206
2018-08-13 15:00:00,57.56,86.76697752063625
2018-08-13 15:15:00,57.64,95.78171446694193
2018-08-13 15:30:00,75.64,72.90337553230879
2018-08-13 15:45:00,76.1,75.35614198232112
2018-08-13 16:00:00,91.98,78.90792361429268
2018-08-13 16:15:00,85.18,77.10886012179455
2018-08-13 16:30:00,102.64,80.41037316706834
2018-08-13 16:45:00,110.05,79.48915800983498
2018-08-13 17:00:00,95.36,78.45719613023381
2018-08-13 17:15:00,101.2,90.47947160025603
2018-08-13 17:30:00,35.21,47.568996947042194
2018-08-13 17:45:00,32.11,42.55609115013423
2018-08-13 18:00:00,68.29,71.2028302465131
2018-08-13 18:15:00,86.9,91.31036936732325
2018-08-13 18:30:00,103.1,92.10887389216778
2018-08-13 18:45:00,70.13,90.46866180941039
2018-08-13 19:00:00,103.68,87.4363369845183
2018-08-13 19:15:00,88.74,84.9152154702921
2018-08-13 19:30:00,104.4,86.01079365009328
2018-08-13 19:45:00,83.63,91.51792977702951
2018-08-13 20:00:00,99.68,87.57744978590432
2018-08-13 20:15:00,91.98,88.716951178808
2018-08-13 20:30:00,105.37,82.73998627687133
2018-08-13 20:45:00,68.29,61.32401935731958
2018-08-13 21:00:00,6.05,30.152978885175216
2018-08-13 21:15:00,4.61,21.31584584345997
2018-08-13 21:30:00,4.43,5.495029373487479
2018-08-13 21:45:00,4.1,7.057541219666857
2018-08-13 22:00:00,3.89,5.910077213148861
2018-08-13 22:15:00,3.6,5.5140019553251145
2018-08-13 22:30:00,3.67,5.13242552410394
2018-08-13 22:45:00,3.67,4.8694775677274675
2018-08-13 23:00:00,3.64,4.198658796611025
2018-08-13 23:15:00,2.99,3.964377727162187
2018-08-13 23:30:00,2.84,3.7566090199023723
2018-08-13 23:45:00,2.74,3.251733932054419
2018-08-14 00:00:00,2.84,3.3596077637450246
2018-08-14 00:15:00,3.06,3.313153925902282
2018-08-14 00:30:00,3.46,3.3596077637450246
2018-08-14 00:45:00,2.81,3.215070858903973
2018-08-14 01:00:00,2.84,3.7622929942186567
2018-08-14 01:15:00,2.92,3.4784422325984936
2018-08-14 01:30:00,2.84,3.463103327947606
2018-08-14 01:45:00,2.84,3.463103327947606
2018-08-14 02:00:00,3.13,3.47448280083694
2018-08-14 02:15:00,3.02,3.4478267568555268
2018-08-14 02:30:00,3.06,3.509591912673012
2018-08-14 02:45:00,3.02,3.543732157461555
2018-08-14 03:00:00,3.02,3.5208927809097106
2018-08-14 03:15:00,3.06,3.552422904711728
2018-08-14 03:30:00,3.31,3.5795726339561873
2018-08-14 03:45:00,3.56,3.077033526485456
2018-08-14 04:00:00,2.92,3.327017585645358
2018-08-14 04:15:00,2.92,3.405183541387145
2018-08-14 04:30:00,2.88,3.5807318839693676
2018-08-14 04:45:00,2.92,3.5578925074175234
2018-08-14 05:00:00,2.92,3.07811234572546
2018-08-14 05:15:00,2.92,3.015346975320606
2018-08-14 05:30:00,2.88,3.5421222510623984
2018-08-14 05:45:00,2.88,3.050962616481001
2018-08-14 06:00:00,2.92,3.003967502431272
2018-08-14 06:15:00,3.46,3.4238819584746927
2018-08-14 06:30:00,2.84,3.4238819584746927
2018-08-14 06:45:00,2.81,3.703049336499943
2018-08-14 07:00:00,2.81,3.5733029084964314
2018-08-14 07:15:00,3.35,3.6132289023494413
2018-08-14 07:30:00,3.92,4.1222206662325585
2018-08-14 07:45:00,3.67,5.907683779722115
2018-08-14 08:00:00,22.32,49.99513827667277
2018-08-14 08:15:00,101.63,66.52342129989293
2018-08-14 08:30:00,93.49,62.11855469970536
2018-08-14 08:45:00,69.41,93.15547338429536
2018-08-14 09:00:00,96.66,94.14551539460757
2018-08-14 09:15:00,82.69,82.00221308825725
2018-08-14 09:30:00,76.28,84.57674265069393
2018-08-14 09:45:00,97.49,90.17804326182664
2018-08-14 10:00:00,105.88,77.30825837620932
2018-08-14 10:15:00,91.8,88.63164956563337
2018-08-14 10:30:00,106.49,91.96904732059237
2018-08-14 10:45:00,57.28,89.33485701405179
2018-08-14 11:00:00,63.79,95.06233557385258
2018-08-14 11:15:00,72.68,77.69142794852314
2018-08-14 11:30:00,53.21,68.68987359608661
2018-08-14 11:45:00,72.86,72.82814423702963
2018-08-14 12:00:00,15.23,13.364406973039618
2018-08-14 12:15:00,5.87,10.768054611671754
2018-08-14 12:30:00,5.87,6.990634744392024
2018-08-14 12:45:00,5.76,6.289185817827681
2018-08-14 13:00:00,52.99,50.33850154582803
2018-08-14 13:15:00,63.25,86.51163981130918
2018-08-14 13:30:00,71.42,77.18209028288672
2018-08-14 13:45:00,66.1,68.02919372187893
2018-08-14 14:00:00,74.48,74.63081305123256
2018-08-14 14:15:00,96.12,68.49438799700663
2018-08-14 14:30:00,81.22,68.75383781556734
2018-08-14 14:45:00,96.7,82.3942442748144
2018-08-14 15:00:00,95.08,84.31036780479336
2018-08-14 15:15:00,75.92,88.18957705711695
2018-08-14 15:30:00,89.78,91.72464625303016
2018-08-14 15:45:00,93.64,89.4686219428522
2018-08-14 16:00:00,83.59,83.89724440989811
2018-08-14 16:15:00,88.09,87.75196481145244
2018-08-14 16:30:00,105.26,88.75884025484643
2018-08-14 16:45:00,86.0,84.61171297060525
2018-08-14 17:00:00,105.48,83.9161317087467
2018-08-14 17:15:00,70.99,85.61447321046248
2018-08-14 17:30:00,29.92,33.05563036140969
2018-08-14 17:45:00,29.99,39.500821873762135
2018-08-14 18:00:00,67.5,64.59637898669013
2018-08-14 18:15:00,106.45,82.49070719706064
2018-08-14 18:30:00,85.03,89.15493693165075
2018-08-14 18:45:00,108.36,101.68638204439938
2018-08-14 19:00:00,75.89,89.03916069757106
2018-08-14 19:15:00,95.94,94.12456029050291
2018-08-14 19:30:00,82.62,89.32392976963203
2018-08-14 19:45:00,89.5,86.93842351952888
2018-08-14 20:00:00,95.44,90.51799676488388
2018-08-14 20:15:00,81.61,82.07134096503593
2018-08-14 20:30:00,119.34,79.77319957217995
2018-08-14 20:45:00,37.73,56.65984490725344
2018-08-14 21:00:00,28.4,24.772815171129114
2018-08-14 21:15:00,4.0,19.012464766987012
2018-08-14 21:30:00,3.89,14.993861755377388
2018-08-14 21:45:00,3.85,4.4617649291389325
2018-08-14 22:00:00,3.42,4.494736940022116
2018-08-14 22:15:00,2.77,3.894203887272776
2018-08-14 22:30:00,2.77,1.7526262627134315
2018-08-14 22:45:00,2.77,2.313118916947368
2018-08-14 23:00:00,2.74,2.9869286551885454
2018-08-14 23:15:00,2.74,3.385399084267136
2018-08-14 23:30:00,2.74,3.383657337384263
2018-08-14 23:45:00,2.81,3.3482282908556904
2018-08-15 00:00:00,2.74,3.2728157212596987
2018-08-15 00:15:00,2.74,3.3355810916645527
2018-08-15 00:30:00,2.59,3.2728157212596987
2018-08-15 00:45:00,2.63,3.5416856602017166
2018-08-15 01:00:00,2.59,3.332548470058885
2018-08-15 01:15:00,2.63,3.269783099654031
2018-08-15 01:30:00,2.63,3.2920326414170926
2018-08-15 01:45:00,2.59,3.2767560703250136
2018-08-15 02:00:00,2.95,3.3237511843747427
2018-08-15 02:15:00,3.13,3.3395214407298677
2018-08-15 02:30:00,3.2,3.1201032553233112
2018-08-15 02:45:00,2.81,3.187338013846592
2018-08-15 03:00:00,2.59,3.4151940878911327
2018-08-15 03:15:00,2.59,3.132947244333239
2018-08-15 03:30:00,2.63,3.157102981831124
2018-08-15 03:45:00,2.7,3.121487340670729
2018-08-15 04:00:00,2.74,3.1768139198606717
2018-08-15 04:15:00,2.66,3.110107867781395
2018-08-15 04:30:00,2.59,3.110107867781395
2018-08-15 04:45:00,2.63,3.110107867781395
2018-08-15 05:00:00,2.63,3.110107867781395
2018-08-15 05:15:00,2.63,3.110107867781395
2018-08-15 05:30:00,2.66,3.110107867781395
2018-08-15 05:45:00,2.59,3.172873238186249
2018-08-15 06:00:00,2.59,3.172873238186249
2018-08-15 06:15:00,2.99,3.2528112719441795
2018-08-15 06:30:00,3.06,3.2528112719441795
2018-08-15 06:45:00,2.59,3.2631119255935093
2018-08-15 07:00:00,2.66,3.2780666096023143
2018-08-15 07:15:00,3.1,3.228209633118167
2018-08-15 07:30:00,3.64,3.8749317327352677
2018-08-15 07:45:00,5.8,4.546027602488954
2018-08-15 08:00:00,33.73,36.29570471425071
2018-08-15 08:15:00,46.76,78.5661938072809
2018-08-15 08:30:00,56.99,60.88714917530947
2018-08-15 08:45:00,62.42,61.68258755677433
2018-08-15 09:00:00,57.46,66.97605091957578
2018-08-15 09:15:00,81.11,62.811315173968204
2018-08-15 09:30:00,101.02,60.95874446484505
2018-08-15 09:45:00,82.3,69.76495454815985
2018-08-15 10:00:00,100.69,82.44403661100564
2018-08-15 10:15:00,112.68,81.97110717555465
2018-08-15 10:30:00,99.97,87.12790620731388
2018-08-15 10:45:00,111.17,94.97065844370708
2018-08-15 11:00:00,83.34,89.1106152945485
2018-08-15 11:15:00,113.98,84.71052844959478
2018-08-15 11:30:00,69.7,95.28122287465085
2018-08-15 11:45:00,70.45,76.8117293893568
2018-08-15 12:00:00,6.91,4.385897124279309
2018-08-15 12:15:00,7.81,3.7214209227456116
2018-08-15 12:30:00,7.02,3.3084760184164024
2018-08-15 12:45:00,7.13,12.69143851028656
2018-08-15 13:00:00,46.12,67.07539742991123
2018-08-15 13:15:00,107.35,76.73729071200482
2018-08-15 13:30:00,67.68,81.2499063833203
2018-08-15 13:45:00,103.32,98.26924420780718
2018-08-15 14:00:00,108.68,78.10365923845451
2018-08-15 14:15:00,66.35,78.98586377923003
2018-08-15 14:30:00,99.76,100.85409614995811
2018-08-15 14:45:00,92.27,87.83175400432681
2018-08-15 15:00:00,72.32,86.28338998017423
2018-08-15 15:15:00,49.61,95.51251424757102
2018-08-15 15:30:00,78.05,84.48207518811732
2018-08-15 15:45:00,99.68,71.25082347758111
2018-08-15 16:00:00,99.0,74.8446682221936
2018-08-15 16:15:00,78.19,87.93382462388246
2018-08-15 16:30:00,71.42,87.04314671927476
2018-08-15 16:45:00,18.86,88.06567943623898
2018-08-15 17:00:00,5.4,73.07887751531699
2018-08-15 17:15:00,3.96,14.293941573966574
2018-08-15 17:30:00,3.85,8.287672683707115
2018-08-15 17:45:00,3.38,2.7180360075572385
2018-08-15 18:00:00,2.99,5.768055797778575
2018-08-15 18:15:00,2.81,1.6774082510969204
2018-08-15 18:30:00,2.99,0.0
2018-08-15 18:45:00,3.2,2.5103070892342374
2018-08-15 19:00:00,3.17,2.8847991362850807
2018-08-15 19:15:00,3.1,3.7295502861576617
2018-08-15 19:30:00,3.13,2.8995274082409757
2018-08-15 19:45:00,3.13,1.6374439031591153
2018-08-15 20:00:00,3.17,2.9873615148493493
2018-08-15 20:15:00,3.28,3.5893035850726975
2018-08-15 20:30:00,3.13,3.6049591607931686
2018-08-15 20:45:00,3.2,4.29163865642714
2018-08-15 21:00:00,3.2,4.150713285772949
2018-08-15 21:15:00,3.28,3.5434643443887293
2018-08-15 21:30:00,3.24,3.5281877732966502
2018-08-15 21:45:00,3.28,3.5575271203825642
2018-08-15 22:00:00,3.56,3.5575271203825642
2018-08-15 22:15:00,3.1,3.5575271203825642
2018-08-15 22:30:00,2.81,3.49476174997771
2018-08-15 22:45:00,2.84,3.2604057053990996
2018-08-15 23:00:00,3.38,3.1869678853588237
2018-08-15 23:15:00,3.1,3.1869678853588237
2018-08-15 23:30:00,2.81,3.4794228453268223
2018-08-15 23:45:00,2.77,3.2490262325097654
2018-08-16 00:00:00,2.84,3.1755884124694895
2018-08-16 00:15:00,2.81,3.1755884124694895
2018-08-16 00:30:00,2.7,3.1869678853588237
2018-08-16 00:45:00,2.66,3.1755884124694895
2018-08-16 01:00:00,2.74,3.1755884124694895
2018-08-16 01:15:00,2.7,3.1755884124694895
2018-08-16 01:30:00,2.7,3.1755884124694895
2018-08-16 01:45:00,2.63,3.1755884124694895
2018-08-16 02:00:00,2.66,3.1755884124694895
2018-08-16 02:15:00,2.66,3.2225835265192186
2018-08-16 02:30:00,2.95,3.1755884124694895
2018-08-16 02:45:00,3.31,3.1755884124694895
2018-08-16 03:00:00,2.74,3.1858890661188193
2018-08-16 03:15:00,2.74,3.538500084625807
2018-08-16 03:30:00,2.66,3.2457281691784763
2018-08-16 03:45:00,2.74,3.222888792626632
2018-08-16 04:00:00,2.66,3.1675622134366894
2018-08-16 04:15:00,2.81,3.2342682655159662
2018-08-16 04:30:00,2.7,3.222888792626632
2018-08-16 04:45:00,2.81,3.1675622134366894
2018-08-16 05:00:00,3.31,3.1675622134366894
2018-08-16 05:15:00,2.81,3.2303275838415435
2018-08-16 05:30:00,2.77,3.483173505435864
2018-08-16 05:45:00,2.7,3.1904015899885336
2018-08-16 06:00:00,2.74,3.1675622134366894
2018-08-16 06:15:00,2.7,3.096317034898713
2018-08-16 06:30:00,2.74,3.170461878192901
2018-08-16 06:45:00,2.7,3.1516436140886555
2018-08-16 07:00:00,2.63,3.27822518755855
2018-08-16 07:15:00,3.49,3.2856639787734614
2018-08-16 07:30:00,4.1,3.875859604748809
2018-08-16 07:45:00,5.18,5.47413738126333
2018-08-16 08:00:00,69.08,49.303836485524286
2018-08-16 08:15:00,78.05,68.03707455962073
2018-08-16 08:30:00,89.89,88.42855080409757
2018-08-16 08:45:00,111.89,84.90200269007391
2018-08-16 09:00:00,80.03,82.34153137519212
2018-08-16 09:15:00,98.53,84.05710434906884
2018-08-16 09:30:00,116.6,82.24939671632059
2018-08-16 09:45:00,80.21,77.0169887597019
2018-08-16 10:00:00,103.03,101.13661034568176
2018-08-16 10:15:00,105.62,87.93763582587152
2018-08-16 10:30:00,70.27,76.13941314255761
2018-08-16 10:45:00,40.0,96.8500540704664
2018-08-16 11:00:00,58.03,92.61178474238525
2018-08-16 11:15:00,53.75,57.74506003042789
2018-08-16 11:30:00,47.16,69.98370142639887
2018-08-16 11:45:00,36.97,53.761552505577846
2018-08-16 12:00:00,4.93,10.768090731857031
2018-08-16 12:15:00,4.64,7.67195426392414
2018-08-16 12:30:00,4.64,3.3369190111533533
2018-08-16 12:45:00,4.61,9.245974134036981
2018-08-16 13:00:00,32.51,47.32719493884531
2018-08-16 13:15:00,108.68,50.58976000244604
2018-08-16 13:30:00,100.51,62.08739798871171
2018-08-16 13:45:00,57.89,89.8949139868154
2018-08-16 14:00:00,51.44,92.26171685341599
2018-08-16 14:15:00,46.33,63.243494773707646
2018-08-16 14:30:00,43.85,62.09718511746704
2018-08-16 14:45:00,44.14,56.0071530293401
2018-08-16 15:00:00,65.41,46.56507390137647
2018-08-16 15:15:00,45.18,45.464698794763926
2018-08-16 15:30:00,55.84,63.86710669973546
2018-08-16 15:45:00,44.32,49.32904272430366
2018-08-16 16:00:00,41.4,56.14559291728834
2018-08-16 16:15:00,45.47,47.61104999772188
2018-08-16 16:30:00,53.14,47.467827591233664
2018-08-16 16:45:00,43.31,49.80458963563166
2018-08-16 17:00:00,55.22,52.466397737339555
2018-08-16 17:15:00,57.42,40.37465691560459
2018-08-16 17:30:00,27.79,36.43555290440141
2018-08-16 17:45:00,28.08,33.13472518782308
2018-08-16 18:00:00,33.16,31.74862220860309
2018-08-16 18:15:00,48.89,42.89068819874826
2018-08-16 18:30:00,50.8,47.749855938229636
2018-08-16 18:45:00,58.68,52.449139558591284
2018-08-16 19:00:00,43.56,52.90286425398059
2018-08-16 19:15:00,60.37,54.67386951164093
2018-08-16 19:30:00,39.56,44.232023084301865
2018-08-16 19:45:00,47.45,55.80632474022148
2018-08-16 20:00:00,54.61,43.65832808911011
2018-08-16 20:15:00,48.67,54.20513705339322
2018-08-16 20:30:00,37.55,49.768693075561465
2018-08-16 20:45:00,13.36,16.357723360662927
2018-08-16 21:00:00,5.15,13.823438133700185
2018-08-16 21:15:00,3.85,5.801977834194395
2018-08-16 21:30:00,3.64,3.7551754039055862
2018-08-16 21:45:00,3.6,3.7409856987630463
2018-08-16 22:00:00,3.6,3.8658527736889803
2018-08-16 22:15:00,3.49,3.666437141310382
2018-08-16 22:30:00,3.49,3.627503006714925
2018-08-16 22:45:00,3.31,3.595235424836417
2018-08-16 23:00:00,3.13,3.490395795840083
2018-08-16 23:15:00,2.74,3.5358296415919006
2018-08-16 23:30:00,2.74,3.281973175867508
2018-08-16 23:45:00,3.13,3.2175833611017906
2018-08-17 00:00:00,2.77,3.1591781097264913
2018-08-17 00:15:00,2.84,3.2172770251158793
2018-08-17 00:30:00,2.81,3.174517014377379
2018-08-17 00:45:00,2.77,3.147798636837157
2018-08-17 01:00:00,2.81,3.147798636837157
2018-08-17 01:15:00,2.77,3.1591781097264913
2018-08-17 01:30:00,2.77,3.132522065745078
2018-08-17 01:45:00,2.74,3.132522065745078
2018-08-17 02:00:00,2.77,3.132522065745078
2018-08-17 02:15:00,2.74,3.132522065745078
2018-08-17 02:30:00,2.77,3.185962868416392
2018-08-17 02:45:00,3.28,3.132522065745078
2018-08-17 03:00:00,3.06,3.132522065745078
2018-08-17 03:15:00,2.77,3.4656559514565735
2018-08-17 03:30:00,2.77,3.136785030510497
2018-08-17 03:45:00,2.77,3.103645000309323
2018-08-17 04:00:00,2.99,3.1500446594573988
2018-08-17 04:15:00,3.46,3.115024473198657
2018-08-17 04:30:00,3.24,3.1603453131067285
2018-08-17 04:45:00,2.77,3.4656559514565735
2018-08-17 05:00:00,2.81,3.442095668860342
2018-08-17 05:15:00,2.81,3.172884036009243
2018-08-17 05:30:00,2.77,3.103645000309323
2018-08-17 05:45:00,2.74,3.115024473198657
2018-08-17 06:00:00,2.81,3.115024473198657
2018-08-17 06:15:00,2.77,3.0323998217713464
2018-08-17 06:30:00,2.77,3.0323998217713464
2018-08-17 06:45:00,2.7,3.0323998217713464
2018-08-17 07:00:00,3.28,3.078799480919422
2018-08-17 07:15:00,2.99,3.132240283590736
2018-08-17 07:30:00,3.1,4.003980578221108
2018-08-17 07:45:00,3.17,3.424073388203304
2018-08-17 08:00:00,33.84,26.368624776581317
2018-08-17 08:15:00,40.72,38.37107903370322
2018-08-17 08:30:00,64.94,59.520201550055845
2018-08-17 08:45:00,50.22,50.67733583575086
2018-08-17 09:00:00,45.86,60.398800671521784
2018-08-17 09:15:00,40.5,56.185746673126395
2018-08-17 09:30:00,45.65,50.8565185192109
2018-08-17 09:45:00,42.12,40.230513333533835
2018-08-17 10:00:00,46.08,43.62864400711432
2018-08-17 10:15:00,42.01,42.72170766050581
2018-08-17 10:30:00,44.53,49.82147667692257
2018-08-17 10:45:00,43.49,44.552273028678506
2018-08-17 11:00:00,41.4,46.93326250429318
2018-08-17 11:15:00,63.0,46.374646701330114
2018-08-17 11:30:00,45.07,43.510124634130946
2018-08-17 11:45:00,36.25,51.32409417238565
2018-08-17 12:00:00,4.07,6.236307256721761
2018-08-17 12:15:00,4.86,7.315779874004797
2018-08-17 12:30:00,5.26,4.392993264535785
2018-08-17 12:45:00,5.11,4.61474640883796
2018-08-17 13:00:00,28.12,21.062910017962285
2018-08-17 13:15:00,81.14,48.60212983599851
2018-08-17 13:30:00,86.62,51.49668409726333
2018-08-17 13:45:00,91.19,76.07173421786644
2018-08-17 14:00:00,77.65,79.53391778344343
2018-08-17 14:15:00,65.45,79.65960685575659
2018-08-17 14:30:00,91.37,71.62693508718814
2018-08-17 14:45:00,82.01,64.70060927655922
2018-08-17 15:00:00,75.6,69.32754486963073
2018-08-17 15:15:00,71.46,69.65739032842612
2018-08-17 15:30:00,58.61,69.8120986611855
2018-08-17 15:45:00,59.08,70.18448552225219
2018-08-17 16:00:00,89.06,57.49133646883948
2018-08-17 16:15:00,85.14,58.97012703691948
2018-08-17 16:30:00,109.73,77.3597136224167
2018-08-17 16:45:00,118.76,75.12681766880466
2018-08-17 17:00:00,64.3,79.30577542603395
2018-08-17 17:15:00,40.28,86.33506451318924
2018-08-17 17:30:00,30.06,36.04186805861651
2018-08-17 17:45:00,30.6,32.51475659122715
2018-08-17 18:00:00,43.52,61.64550514550231
2018-08-17 18:15:00,51.41,57.721436001414716
2018-08-17 18:30:00,49.03,57.52260572058337
2018-08-17 18:45:00,51.95,61.40485235968102
2018-08-17 19:00:00,67.61,57.83102290423005
2018-08-17 19:15:00,60.62,57.91595272443286
2018-08-17 19:30:00,42.95,60.86382814842105
2018-08-17 19:45:00,41.94,58.58011016151605
2018-08-17 20:00:00,45.86,47.77147389137051
2018-08-17 20:15:00,48.31,47.50128871079684
2018-08-17 20:30:00,92.59,45.25911092311178
2018-08-17 20:45:00,51.26,29.415935070072372
2018-08-17 21:00:00,11.09,22.732787416797038
2018-08-17 21:15:00,4.46,8.865880609022886
2018-08-17 21:30:00,3.74,5.286593751382959
2018-08-17 21:45:00,3.6,4.2273254169968375
2018-08-17 22:00:00,3.49,3.1954017728514725
2018-08-17 22:15:00,3.35,3.835134633712204
2018-08-17 22:30:00,3.28,3.5428445103784654
2018-08-17 22:45:00,2.63,3.474913553324496
2018-08-17 23:00:00,2.63,3.4894037077071514
2018-08-17 23:15:00,2.56,3.20659923427582
2018-08-17 23:30:00,2.63,3.191260329624932
2018-08-17 23:45:00,2.56,3.1591781097264913
2018-08-18 00:00:00,2.92,3.1591781097264913
2018-08-18 00:15:00,2.59,3.147798636837157
2018-08-18 00:30:00,2.66,3.147798636837157
2018-08-18 00:45:00,2.63,3.1869919770936934
2018-08-18 01:00:00,2.66,3.147798636837157
2018-08-18 01:15:00,2.63,3.147798636837157
2018-08-18 01:30:00,2.66,3.201239439508471
2018-08-18 01:45:00,2.7,3.132522065745078
2018-08-18 02:00:00,2.63,3.132522065745078
2018-08-18 02:15:00,2.63,3.132522065745078
2018-08-18 02:30:00,2.7,3.132522065745078
2018-08-18 02:45:00,2.95,3.132522065745078
2018-08-18 03:00:00,2.88,3.1395632092683163
2018-08-18 03:15:00,2.52,3.1139456539586527
2018-08-18 03:30:00,2.48,3.103645000309323
2018-08-18 03:45:00,2.52,3.103645000309323
2018-08-18 04:00:00,2.59,3.103645000309323
2018-08-18 04:15:00,2.56,3.1500446594573988
2018-08-18 04:30:00,2.52,3.103645000309323
2018-08-18 04:45:00,2.52,3.103645000309323
2018-08-18 05:00:00,2.56,3.103645000309323
2018-08-18 05:15:00,2.48,3.103645000309323
2018-08-18 05:30:00,2.56,3.103645000309323
2018-08-18 05:45:00,2.88,3.103645000309323
2018-08-18 06:00:00,2.88,3.103645000309323
2018-08-18 06:15:00,2.52,3.0323998217713464
2018-08-18 06:30:00,2.81,3.0323998217713464
2018-08-18 06:45:00,3.06,3.0323998217713464
2018-08-18 07:00:00,2.66,3.078799480919422
2018-08-18 07:15:00,2.81,3.142540937240066
2018-08-18 07:30:00,7.88,3.2935912175709503
2018-08-18 07:45:00,26.93,2.880692772933416
2018-08-18 08:00:00,81.43,48.15144695127215
2018-08-18 08:15:00,110.7,64.36803975614768
2018-08-18 08:30:00,73.91,77.58686016281608
2018-08-18 08:45:00,79.92,92.16530046842578
2018-08-18 09:00:00,85.68,85.94373617745076
2018-08-18 09:15:00,75.6,65.98472444490709
2018-08-18 09:30:00,64.26,70.93537237646471
2018-08-18 09:45:00,80.96,70.16878415890037
2018-08-18 10:00:00,109.12,67.25551190781208
2018-08-18 10:15:00,82.98,65.25589361653104
2018-08-18 10:30:00,72.07,81.46464008752997
2018-08-18 10:45:00,115.38,85.15949880626336
2018-08-18 11:00:00,47.09,77.07171588184283
2018-08-18 11:15:00,45.79,91.24223545891154
2018-08-18 11:30:00,38.56,67.23077886727675
2018-08-18 11:45:00,26.57,49.52194626141044
2018-08-18 12:00:00,3.67,5.842417756460295
2018-08-18 12:15:00,3.56,11.121972062506078
2018-08-18 12:30:00,4.25,6.920184901670157
2018-08-18 12:45:00,4.32,7.345243613958737
2018-08-18 13:00:00,26.89,33.69613754384376
2018-08-18 13:15:00,44.28,53.11404037013617
2018-08-18 13:30:00,46.55,50.8801363457587
2018-08-18 13:45:00,52.16,44.489001909791305
2018-08-18 14:00:00,48.71,48.48660038866633
2018-08-18 14:15:00,50.87,50.53878216189853
2018-08-18 14:30:00,47.77,48.18544002612784
2018-08-18 14:45:00,43.2,50.811326855918445
2018-08-18 15:00:00,46.08,52.831338759855946
2018-08-18 15:15:00,52.02,42.25880131609319
2018-08-18 15:30:00,67.1,48.29663160789838
2018-08-18 15:45:00,81.5,51.94753596588296
2018-08-18 16:00:00,76.36,60.114072415089964
2018-08-18 16:15:00,89.71,69.69147713984945
2018-08-18 16:30:00,74.38,74.34598028590764
2018-08-18 16:45:00,20.74,69.50475653612448
2018-08-18 17:00:00,7.74,49.64541178116396
2018-08-18 17:15:00,3.82,4.570709532384863
2018-08-18 17:30:00,3.38,9.023769774257243
2018-08-18 17:45:00,3.35,3.5615062872316186
2018-08-18 18:00:00,3.31,4.690939193786674
2018-08-18 18:15:00,3.24,4.24394068138037
2018-08-18 18:30:00,3.38,4.05001478072795
2018-08-18 18:45:00,3.38,4.1689671947764255
2018-08-18 19:00:00,2.77,3.7415340435042665
2018-08-18 19:15:00,2.74,4.007988382241296
2018-08-18 19:30:00,2.77,3.6554993057129797
2018-08-18 19:45:00,2.77,3.620550180613149
2018-08-18 20:00:00,2.84,3.653452621493356
2018-08-18 20:15:00,2.84,2.9567326254051145
2018-08-18 20:30:00,2.81,6.18657251787637
2018-08-18 20:45:00,2.77,2.8949281179232527
2018-08-18 21:00:00,2.81,2.979413910727094
2018-08-18 21:15:00,2.84,2.984000605017937
2018-08-18 21:30:00,2.92,2.968724033925858
2018-08-18 21:45:00,3.28,3.022164836597172
2018-08-18 22:00:00,3.13,3.022164836597172
2018-08-18 22:15:00,2.59,3.2611789938938567
2018-08-18 22:30:00,2.66,3.042161853966134
2018-08-18 22:45:00,2.63,2.984062938576746
2018-08-18 23:00:00,2.99,3.022164836597172
2018-08-18 23:15:00,3.1,2.9608981889750807
2018-08-18 23:30:00,2.63,2.9711988426244105
2018-08-18 23:45:00,2.66,3.0076176314751346
2018-08-19 00:00:00,2.63,2.963891102537742
2018-08-19 00:15:00,2.59,2.9830964203778536
2018-08-19 00:30:00,2.59,2.9830964203778536
2018-08-19 00:45:00,2.66,2.9830964203778536
2018-08-19 01:00:00,2.59,2.963891102537742
2018-08-19 01:15:00,2.63,2.9830964203778536
2018-08-19 01:30:00,2.59,2.9830964203778536
2018-08-19 01:45:00,2.63,2.9830964203778536
2018-08-19 02:00:00,2.74,2.9830964203778536
2018-08-19 02:15:00,2.74,2.9830964203778536
2018-08-19 02:30:00,2.66,2.963891102537742
2018-08-19 02:45:00,3.24,2.963891102537742
2018-08-19 03:00:00,2.84,2.963891102537742
2018-08-19 03:15:00,2.74,3.316230306089349
2018-08-19 03:30:00,2.7,3.0234583906420185
2018-08-19 03:45:00,2.7,2.981413696250063
2018-08-19 04:00:00,3.02,2.981413696250063
2018-08-19 04:15:00,2.99,2.992793169139397
2018-08-19 04:30:00,2.74,2.9917143498993926
2018-08-19 04:45:00,2.7,3.0451551525707066
2018-08-19 05:00:00,2.63,3.019084242566252
2018-08-19 05:15:00,2.63,2.981413696250063
2018-08-19 05:30:00,2.7,2.981413696250063
2018-08-19 05:45:00,2.63,2.981413696250063
2018-08-19 06:00:00,2.63,2.981413696250063
2018-08-19 06:15:00,2.63,2.910168517712086
2018-08-19 06:30:00,2.66,2.910168517712086
2018-08-19 06:45:00,2.66,2.910168517712086
2018-08-19 07:00:00,2.66,2.9293738355521977
2018-08-19 07:15:00,2.59,2.9293738355521977
2018-08-19 07:30:00,2.59,3.508396043960601
2018-08-19 07:45:00,3.06,3.5755164041306227
2018-08-19 08:00:00,3.42,13.701306098933689
2018-08-19 08:15:00,2.95,23.376638150511102
2018-08-19 08:30:00,2.63,10.865297282971026
2018-08-19 08:45:00,2.81,5.6733850612547885
2018-08-19 09:00:00,2.84,4.916420021067827
2018-08-19 09:15:00,2.81,3.3384984636197097
2018-08-19 09:30:00,3.2,3.668176827355519
2018-08-19 09:45:00,3.56,3.577131906010617
2018-08-19 10:00:00,3.64,7.419050482271146
2018-08-19 10:15:00,3.67,2.798612250813497
2018-08-19 10:30:00,3.6,3.3015291985883253
2018-08-19 10:45:00,4.14,9.300594303939674
2018-08-19 11:00:00,3.78,3.2583721995823165
2018-08-19 11:15:00,3.92,3.4131057276215473
2018-08-19 11:30:00,3.92,4.018131795456582
2018-08-19 11:45:00,3.78,3.778738768163825
2018-08-19 12:00:00,3.96,3.0976734285484087
2018-08-19 12:15:00,4.03,2.536446392629097
2018-08-19 12:30:00,3.82,2.5854891575049157
2018-08-19 12:45:00,4.21,3.2907258571057887
2018-08-19 13:00:00,4.32,3.8985509325399406
2018-08-19 13:15:00,3.89,4.498772629384077
2018-08-19 13:30:00,4.0,4.280286430392532
2018-08-19 13:45:00,4.14,3.831890226851241
2018-08-19 14:00:00,3.49,4.1048230099598015
2018-08-19 14:15:00,2.84,4.201509830312714
2018-08-19 14:30:00,2.77,3.8688799032564622
2018-08-19 14:45:00,2.74,3.978188387476967
2018-08-19 15:00:00,2.77,3.7545373550685954
2018-08-19 15:15:00,2.81,3.7409117562119762
2018-08-19 15:30:00,2.81,3.907420214074619
2018-08-19 15:45:00,2.77,3.905131830565983
2018-08-19 16:00:00,2.88,3.9007478525552908
2018-08-19 16:15:00,3.35,5.603485792329891
2018-08-19 16:30:00,3.17,3.0664775337586967
2018-08-19 16:45:00,2.81,3.220653723027548
2018-08-19 17:00:00,2.74,2.925289469010547
2018-08-19 17:15:00,2.77,2.847556296344633
2018-08-19 17:30:00,2.7,2.816940820601666
2018-08-19 17:45:00,2.74,2.790156061911765
2018-08-19 18:00:00,2.66,2.790156061911765
2018-08-19 18:15:00,2.63,3.0639275755354425
2018-08-19 18:30:00,2.66,3.0639275755354425
2018-08-19 18:45:00,2.7,3.044722257695331
2018-08-19 19:00:00,2.77,3.504948171434977
2018-08-19 19:15:00,2.81,2.981413696250063
2018-08-19 19:30:00,2.74,3.0006190140901743
2018-08-19 19:45:00,2.92,3.0006190140901743
2018-08-19 20:00:00,3.35,2.981413696250063
2018-08-19 20:15:00,3.24,3.0540598167614883
2018-08-19 20:30:00,3.2,3.346514776729487
2018-08-19 20:45:00,2.84,3.29089028499674
2018-08-19 21:00:00,2.81,3.261550937910826
2018-08-19 21:15:00,2.81,2.97923000718863
2018-08-19 21:30:00,2.88,2.9752705754270763
2018-08-19 21:45:00,2.88,2.9752705754270763
2018-08-19 22:00:00,2.74,2.9752705754270763
2018-08-19 22:15:00,2.63,2.963891102537742
2018-08-19 22:30:00,2.66,2.963891102537742
2018-08-19 22:45:00,2.7,3.017331905209056
2018-08-19 23:00:00,2.63,2.963891102537742
2018-08-19 23:15:00,2.66,2.963891102537742
2018-08-19 23:30:00,2.63,2.9830964203778536
2018-08-19 23:45:00,2.56,2.963891102537742
2018-08-20 00:00:00,2.66,3.028930964630677
2018-08-20 00:15:00,2.66,3.028930964630677
2018-08-20 00:30:00,2.95,3.091696335035531
2018-08-20 00:45:00,4.03,3.028930964630677
2018-08-20 01:00:00,3.06,3.0392316182800068
2018-08-20 01:15:00,2.66,3.6376613353871825
2018-08-20 01:30:00,2.7,3.0545705229308946
2018-08-20 01:45:00,2.66,4.098235171754686
2018-08-20 02:00:00,2.7,3.028930964630677
2018-08-20 02:15:00,2.7,3.012178199638033
2018-08-20 02:30:00,2.74,3.0007987267486986
2018-08-20 02:45:00,2.66,3.0007987267486986
2018-08-20 03:00:00,2.66,3.0007987267486986
2018-08-20 03:15:00,2.66,3.048099106905841
2018-08-20 03:30:00,2.66,3.048099106905841
2018-08-20 03:45:00,2.7,3.048099106905841
2018-08-20 04:00:00,2.7,3.048099106905841
2018-08-20 04:15:00,2.63,3.048099106905841
2018-08-20 04:30:00,2.7,3.1108644773106953
2018-08-20 04:45:00,3.1,3.1389967151926736
2018-08-20 05:00:00,2.99,3.0915079158798986
2018-08-20 05:15:00,2.59,3.1574865922083837
2018-08-20 05:30:00,2.59,3.058399760555171
2018-08-20 05:45:00,2.63,3.048099106905841
2018-08-20 06:00:00,2.63,3.048099106905841
2018-08-20 06:15:00,2.63,2.9768539283678646
2018-08-20 06:30:00,3.1,2.9768539283678646
2018-08-20 06:45:00,2.95,2.9768539283678646
2018-08-20 07:00:00,2.74,3.184690749258323
2018-08-20 07:15:00,3.02,3.176501525891943
2018-08-20 07:30:00,3.38,3.6059316981251177
2018-08-20 07:45:00,4.0,3.505206877312005
2018-08-20 08:00:00,72.9,22.98752140863386
2018-08-20 08:15:00,59.04,64.95472438393057
2018-08-20 08:30:00,107.68,93.84017729668017
2018-08-20 08:45:00,127.66,64.97796190892198
2018-08-20 09:00:00,96.55,93.91981462390972
2018-08-20 09:15:00,60.3,95.50351801637478
2018-08-20 09:30:00,111.31,94.08576912628483
2018-08-20 09:45:00,115.56,65.55805025669666
2018-08-20 10:00:00,105.01,92.85847810535027
2018-08-20 10:15:00,55.98,103.16288575776969
2018-08-20 10:30:00,101.2,96.1476805367644
2018-08-20 10:45:00,133.7,63.98683572443104
2018-08-20 11:00:00,118.12,90.18082389655214
2018-08-20 11:15:00,75.2,110.71915578591089
2018-08-20 11:30:00,54.83,107.02189149389714
2018-08-20 11:45:00,37.48,76.08874972272875
2018-08-20 12:00:00,14.11,13.597795039715002
2018-08-20 12:15:00,5.62,9.417897758103686
2018-08-20 12:30:00,5.47,8.689473976672858
2018-08-20 12:45:00,5.22,6.7467161708594645
2018-08-20 13:00:00,44.17,51.490584711211824
2018-08-20 13:15:00,58.75,64.1166804470379
2018-08-20 13:30:00,54.54,69.70190069377114
2018-08-20 13:45:00,48.64,65.83261865397938
2018-08-20 14:00:00,45.32,63.22844389905401
2018-08-20 14:15:00,45.65,68.1786555198525
2018-08-20 14:30:00,55.51,58.30966144088212
2018-08-20 14:45:00,51.3,60.680612971808614
2018-08-20 15:00:00,53.06,62.14036900336505
2018-08-20 15:15:00,65.7,64.82693328659525
2018-08-20 15:30:00,55.01,58.07129816320755
2018-08-20 15:45:00,56.38,62.68987493820006
2018-08-20 16:00:00,62.14,60.469873932321285
2018-08-20 16:15:00,97.42,58.55298317034805
2018-08-20 16:30:00,103.36,59.80501133268532
2018-08-20 16:45:00,101.48,91.15875490932399
2018-08-20 17:00:00,92.41,83.462274057497
2018-08-20 17:15:00,114.12,83.5364729589479
2018-08-20 17:30:00,34.31,48.88989959456754
2018-08-20 17:45:00,28.94,44.03630556725229
2018-08-20 18:00:00,35.5,59.16488604811432
2018-08-20 18:15:00,47.41,71.84745412533182
2018-08-20 18:30:00,52.96,66.03785620013399
2018-08-20 18:45:00,45.36,65.21468284844549
2018-08-20 19:00:00,45.72,60.07582202853057
2018-08-20 19:15:00,54.25,53.349182223104464
2018-08-20 19:30:00,46.58,53.92633480197214
2018-08-20 19:45:00,41.18,58.78821629328753
2018-08-20 20:00:00,62.75,49.203528068640125
2018-08-20 20:15:00,49.79,45.87041608861425
2018-08-20 20:30:00,40.86,55.661144664553674
2018-08-20 20:45:00,13.54,41.35107289380657
2018-08-20 21:00:00,6.37,22.003053715077712
2018-08-20 21:15:00,3.74,7.492419533331109
2018-08-20 21:30:00,3.53,5.222130479415454
2018-08-20 21:45:00,3.56,3.786209946097324
2018-08-20 22:00:00,3.38,3.5008401243704146
2018-08-20 22:15:00,3.31,3.6187667414467097
2018-08-20 22:30:00,2.77,3.5798326068512525
2018-08-20 22:45:00,2.63,3.5798326068512525
2018-08-20 23:00:00,2.56,3.287377646883254
2018-08-20 23:15:00,2.59,3.2126329589878497
2018-08-20 23:30:00,2.52,3.1868416384657383
2018-08-20 23:45:00,2.56,3.1868416384657383
2018-08-21 00:00:00,2.52,3.1908649835615686
2018-08-21 00:15:00,2.74,3.197599689864621
2018-08-21 00:30:00,3.2,3.2536303539664226
2018-08-21 00:45:00,2.74,3.1908649835615686
2018-08-21 01:00:00,2.66,3.453980596443653
2018-08-21 01:15:00,2.7,3.2062038882124564
2018-08-21 01:30:00,2.7,3.1755884124694895
2018-08-21 01:45:00,2.74,3.1755884124694895
2018-08-21 02:00:00,2.77,3.1869678853588237
2018-08-21 02:15:00,3.35,3.1755884124694895
2018-08-21 02:30:00,2.88,3.1755884124694895
2018-08-21 02:45:00,2.74,3.416383033675643
2018-08-21 03:00:00,2.77,3.143101209831391
2018-08-21 03:15:00,2.7,3.1675622134366894
2018-08-21 03:30:00,2.74,3.2303275838415435
2018-08-21 03:45:00,2.81,3.2417070567308777
2018-08-21 04:00:00,2.7,3.1675622134366894
2018-08-21 04:15:00,2.74,3.1675622134366894
2018-08-21 04:30:00,2.81,3.1675622134366894
2018-08-21 04:45:00,3.28,3.222888792626632
2018-08-21 05:00:00,2.77,3.1675622134366894
2018-08-21 05:15:00,2.7,3.483173505435864
2018-08-21 05:30:00,2.74,3.1904015899885336
2018-08-21 05:45:00,2.63,3.1675622134366894
2018-08-21 06:00:00,2.63,3.1675622134366894
2018-08-21 06:15:00,2.63,3.170461878192901
2018-08-21 06:30:00,2.88,3.1516436140886555
2018-08-21 06:45:00,2.95,3.1516436140886555
2018-08-21 07:00:00,3.24,3.2228986083686073
2018-08-21 07:15:00,2.84,3.295964632422791
2018-08-21 07:30:00,3.17,4.463785321738533
2018-08-21 07:45:00,4.1,4.545066077275527
2018-08-21 08:00:00,67.46,28.798353983487345
2018-08-21 08:15:00,69.77,71.61786116186394
2018-08-21 08:30:00,53.42,89.81774197508375
2018-08-21 08:45:00,49.79,71.14809662830848
2018-08-21 09:00:00,58.43,61.85202543603999
2018-08-21 09:15:00,55.44,60.92514429812196
2018-08-21 09:30:00,56.84,54.814462506498955
2018-08-21 09:45:00,75.78,52.56634516566682
2018-08-21 10:00:00,48.1,56.09126321346038
2018-08-21 10:15:00,48.56,70.35619327784556
2018-08-21 10:30:00,52.81,60.98036492581956
2018-08-21 10:45:00,65.45,60.357188287277296
2018-08-21 11:00:00,60.8,60.1391576988663
2018-08-21 11:15:00,44.21,64.55013182980579
2018-08-21 11:30:00,41.4,56.52633340816215
2018-08-21 11:45:00,33.77,47.46696499275827
2018-08-21 12:00:00,4.14,12.02155132843997
2018-08-21 12:15:00,5.47,8.293700290776615
2018-08-21 12:30:00,5.47,4.308794297969336
2018-08-21 12:45:00,5.29,7.096767426884818
2018-08-21 13:00:00,39.82,40.07096135250753
2018-08-21 13:15:00,48.02,53.92879847338575
2018-08-21 13:30:00,40.82,61.36538186663083
2018-08-21 13:45:00,39.17,56.53044049648838
2018-08-21 14:00:00,42.91,44.80854629459258
2018-08-21 14:15:00,46.4,47.2584224779952
2018-08-21 14:30:00,52.42,44.597681025694556
2018-08-21 14:45:00,57.64,53.34059999901406
2018-08-21 15:00:00,56.88,57.30138390397657
2018-08-21 15:15:00,51.23,57.385050331564464
2018-08-21 15:30:00,49.86,58.28499814232283
2018-08-21 15:45:00,51.08,58.308510478353696
2018-08-21 16:00:00,50.58,59.331712600239584
2018-08-21 16:15:00,57.64,56.73776805001088
2018-08-21 16:30:00,57.28,57.05881994413612
2018-08-21 16:45:00,50.87,55.313987463326114
2018-08-21 17:00:00,56.48,54.870084322048314
2018-08-21 17:15:00,38.74,53.12273279264942
2018-08-21 17:30:00,30.38,31.505199223854362
2018-08-21 17:45:00,29.02,27.87402585012649
2018-08-21 18:00:00,33.01,43.352645747430685
2018-08-21 18:15:00,54.86,44.17251869879131
2018-08-21 18:30:00,54.76,41.84094152720192
2018-08-21 18:45:00,48.71,55.959045135027985
2018-08-21 19:00:00,56.27,58.168242409222856
2018-08-21 19:15:00,53.93,57.50192404534152
2018-08-21 19:30:00,50.4,58.173548784843945
2018-08-21 19:45:00,55.87,54.9847714595643
2018-08-21 20:00:00,54.9,53.88255239940402
2018-08-21 20:15:00,56.09,55.6856221592348
2018-08-21 20:30:00,57.31,50.135384732667006
2018-08-21 20:45:00,34.06,29.6610174878723
2018-08-21 21:00:00,4.54,10.969325589675767
2018-08-21 21:15:00,3.82,12.64485810206474
2018-08-21 21:30:00,3.49,4.283720207763311
2018-08-21 21:45:00,3.38,3.7860764278514965
2018-08-21 22:00:00,3.64,3.8297240520097504
2018-08-21 22:15:00,3.89,3.3642581474583415
2018-08-21 22:30:00,3.24,3.3965257293368496
2018-08-21 22:45:00,2.77,3.4432667352493067
2018-08-21 23:00:00,2.56,3.3642581474583415
2018-08-21 23:15:00,2.59,3.0751627746506807
2018-08-21 23:30:00,2.56,3.0340325494776814
2018-08-21 23:45:00,2.92,3.0340325494776814
2018-08-22 00:00:00,2.59,3.0340325494776814
2018-08-22 00:15:00,2.74,3.0226530765883473
2018-08-22 00:30:00,2.63,3.0226530765883473
2018-08-22 00:45:00,2.59,2.9805788179968675
2018-08-22 01:00:00,2.59,3.0226530765883473
2018-08-22 01:15:00,2.63,3.0226530765883473
2018-08-22 01:30:00,2.59,3.0073765054962682
2018-08-22 01:45:00,2.66,3.0073765054962682
2018-08-22 02:00:00,2.63,3.0073765054962682
2018-08-22 02:15:00,2.56,3.0073765054962682
2018-08-22 02:30:00,2.59,3.0543716195459973
2018-08-22 02:45:00,2.95,3.0073765054962682
2018-08-22 03:00:00,3.17,2.97924426761429
2018-08-22 03:15:00,2.95,3.036845301420762
2018-08-22 03:30:00,3.1,3.312816592684693
2018-08-22 03:45:00,2.59,3.0596846779726063
2018-08-22 04:00:00,2.63,3.135932133073975
2018-08-22 04:15:00,2.59,3.0265446477714324
2018-08-22 04:30:00,2.56,3.0379241206607666
2018-08-22 04:45:00,2.66,3.0265446477714324
2018-08-22 05:00:00,2.63,3.0265446477714324
2018-08-22 05:15:00,2.63,3.0265446477714324
2018-08-22 05:30:00,2.63,3.0265446477714324
2018-08-22 05:45:00,2.56,3.0265446477714324
2018-08-22 06:00:00,2.59,3.0265446477714324
2018-08-22 06:15:00,2.59,2.9552994692334558
2018-08-22 06:30:00,2.59,2.9552994692334558
2018-08-22 06:45:00,2.52,2.9552994692334558
2018-08-22 07:00:00,2.59,3.1100132805853287
2018-08-22 07:15:00,3.46,3.1100132805853287
2018-08-22 07:30:00,3.96,3.6125094768726873
2018-08-22 07:45:00,4.03,5.210787253387208
2018-08-22 08:00:00,44.57,32.931512853709734
2018-08-22 08:15:00,48.35,56.478188092369656
2018-08-22 08:30:00,59.04,66.90076755599704
2018-08-22 08:45:00,51.41,58.61916094430347
2018-08-22 09:00:00,48.28,57.68218421392342
2018-08-22 09:15:00,68.33,57.0149268936001
2018-08-22 09:30:00,60.01,56.89706176201097
2018-08-22 09:45:00,61.74,62.095478257633786
2018-08-22 10:00:00,42.05,59.90143671715849
2018-08-22 10:15:00,48.67,57.69880076519225
2018-08-22 10:30:00,60.62,51.212331464920155
2018-08-22 10:45:00,57.82,57.89414857494334
2018-08-22 11:00:00,62.03,59.589033329327805
2018-08-22 11:15:00,59.11,59.54213484160307
2018-08-22 11:30:00,51.44,56.432955838366325
2018-08-22 11:45:00,40.93,52.70584485460351
2018-08-22 12:00:00,4.03,8.778267287357977
2018-08-22 12:15:00,4.36,7.625909675161763
2018-08-22 12:30:00,4.46,4.519635549920617
2018-08-22 12:45:00,4.36,5.964257463277006
2018-08-22 13:00:00,32.15,37.47086289530137
2018-08-22 13:15:00,55.48,53.305064767779044
2018-08-22 13:30:00,57.24,58.46744875076166
2018-08-22 13:45:00,51.84,59.19206332218257
2018-08-22 14:00:00,68.76,57.41129790424377
2018-08-22 14:15:00,60.73,58.04250953856794
2018-08-22 14:30:00,60.7,63.08018942451474
2018-08-22 14:45:00,46.22,62.443432019602426
2018-08-22 15:00:00,55.66,61.99862766841304
2018-08-22 15:15:00,47.59,55.873670904616795
2018-08-22 15:30:00,61.6,60.0631157290827
2018-08-22 15:45:00,53.28,55.86750968540733
2018-08-22 16:00:00,56.05,59.10000425643264
2018-08-22 16:15:00,58.75,58.361820654896775
2018-08-22 16:30:00,51.48,57.39615070434049
2018-08-22 16:45:00,56.2,48.42013340495429
2018-08-22 17:00:00,45.18,44.36667495558659
2018-08-22 17:15:00,62.17,45.269026277319945
2018-08-22 17:30:00,34.16,32.6922345746965
2018-08-22 17:45:00,15.05,32.22467704538378
2018-08-22 18:00:00,5.4,32.702422820344744
2018-08-22 18:15:00,3.92,22.20543008352601
2018-08-22 18:30:00,3.49,8.201664353672433
2018-08-22 18:45:00,3.38,9.121040342839342
2018-08-22 19:00:00,3.46,4.321273952695718
2018-08-22 19:15:00,3.42,3.562551488362795
2018-08-22 19:30:00,2.81,3.3651092944983154
2018-08-22 19:45:00,2.88,3.202365767386543
2018-08-22 20:00:00,2.88,3.0914405961363136
2018-08-22 20:15:00,2.88,2.998732740296692
2018-08-22 20:30:00,2.88,2.5604778828361723
2018-08-22 20:45:00,2.92,3.2119167759261122
2018-08-22 21:00:00,2.92,3.088434452244073
2018-08-22 21:15:00,3.02,3.104204708599198
2018-08-22 21:30:00,2.95,3.3066890116343144
2018-08-22 21:45:00,2.95,3.114505362248528
2018-08-22 22:00:00,2.88,3.114505362248528
2018-08-22 22:15:00,2.81,3.051739991843674
2018-08-22 22:30:00,2.81,3.026162767102265
2018-08-22 22:45:00,2.81,3.026162767102265
2018-08-22 23:00:00,2.81,3.088928137507119
2018-08-22 23:15:00,3.2,3.026162767102265
2018-08-22 23:30:00,2.99,3.026162767102265
2018-08-22 23:45:00,2.92,3.2892783799843497
2018-08-23 00:00:00,3.46,3.037429938950487
2018-08-23 00:15:00,2.92,3.0117903806502695
2018-08-23 00:30:00,2.99,3.304245340618268
2018-08-23 00:45:00,2.92,3.0385087581904915
2018-08-23 01:00:00,2.92,3.0220910342995992
2018-08-23 01:15:00,2.92,3.0117903806502695
2018-08-23 01:30:00,3.17,3.0231698535396037
2018-08-23 01:45:00,3.02,3.0117903806502695
2018-08-23 02:00:00,3.13,3.274905993532354
2018-08-23 02:15:00,3.28,3.037429938950487
2018-08-23 02:30:00,3.2,3.073555536467755
2018-08-23 02:45:00,5.62,3.393516328003064
2018-08-23 03:00:00,4.46,3.31279108340163
2018-08-23 03:15:00,4.0,4.30417728016203
2018-08-23 03:30:00,4.07,3.958345622167638
2018-08-23 03:45:00,5.0,4.369266430742927
2018-08-23 04:00:00,5.18,4.443770997635914
2018-08-23 04:15:00,3.96,4.52434347988287
2018-08-23 04:30:00,3.64,4.6192243890545654
2018-08-23 04:45:00,3.17,3.935834569372837
2018-08-23 05:00:00,3.13,3.9802759035068545
2018-08-23 05:15:00,3.17,3.3763553628145453
2018-08-23 05:30:00,3.2,3.1745648576691545
2018-08-23 05:45:00,3.13,3.379581555161851
2018-08-23 06:00:00,3.17,3.406240060446201
2018-08-23 06:15:00,3.17,3.1299781844155277
2018-08-23 06:30:00,3.13,3.209127092245096
2018-08-23 06:45:00,3.06,3.209127092245096
2018-08-23 07:00:00,3.06,2.9150703164058074
2018-08-23 07:15:00,3.24,3.236988600326771
2018-08-23 07:30:00,3.78,3.6538800496574315
2018-08-23 07:45:00,4.5,5.2418571725226215
2018-08-23 08:00:00,41.0,44.36050269925016
2018-08-23 08:15:00,66.06,55.21160966946051
2018-08-23 08:30:00,59.47,64.7588004266879
2018-08-23 08:45:00,57.31,68.67379255386248
2018-08-23 09:00:00,49.54,59.24813754172455
2018-08-23 09:15:00,65.45,59.036738877287384
2018-08-23 09:30:00,52.67,57.73777789532837
2018-08-23 09:45:00,79.13,63.594781299534795
2018-08-23 10:00:00,68.26,59.410300338050156
2018-08-23 10:15:00,59.04,68.22814611442867
2018-08-23 10:30:00,63.9,65.45621802812978
2018-08-23 10:45:00,78.77,55.45767999271816
2018-08-23 11:00:00,71.32,60.38901817927156
2018-08-23 11:15:00,71.68,72.68577155960737
2018-08-23 11:30:00,69.01,68.41351039073683
2018-08-23 11:45:00,62.06,57.533973051551264
2018-08-23 12:00:00,15.3,5.923576999957348
2018-08-23 12:15:00,29.23,4.874874915605681
2018-08-23 12:30:00,28.44,6.4634798697571725
2018-08-23 12:45:00,28.94,21.035110873163188
2018-08-23 13:00:00,38.88,40.6833374252013
2018-08-23 13:15:00,45.97,54.62878346153228
2018-08-23 13:30:00,41.26,44.11084924609321
2018-08-23 13:45:00,39.82,51.34383261940817
2018-08-23 14:00:00,40.07,44.362158092376504
2018-08-23 14:15:00,40.07,44.10684982868251
2018-08-23 14:30:00,42.62,44.4511817680942
2018-08-23 14:45:00,42.08,43.731918613236495
2018-08-23 15:00:00,41.47,44.85924030767252
2018-08-23 15:15:00,45.4,44.91595343488109
2018-08-23 15:30:00,45.79,44.707836970050195
2018-08-23 15:45:00,50.65,50.77702013931376
2018-08-23 16:00:00,51.95,47.379546019222786
2018-08-23 16:15:00,49.46,54.537531392374156
2018-08-23 16:30:00,53.28,55.219299184759734
2018-08-23 16:45:00,53.57,50.57720856301253
2018-08-23 17:00:00,48.49,51.58043682452198
2018-08-23 17:15:00,41.04,52.49363603046125
2018-08-23 17:30:00,31.54,29.63494962796708
2018-08-23 17:45:00,31.68,27.61895479098459
2018-08-23 18:00:00,37.12,32.78924785043734
2018-08-23 18:15:00,39.96,43.76175661003496
2018-08-23 18:30:00,43.24,43.65557621483401
2018-08-23 18:45:00,41.04,41.84935786529258
2018-08-23 19:00:00,40.43,44.436966176742416
2018-08-23 19:15:00,45.54,41.761592946027335
2018-08-23 19:30:00,41.15,39.66893318973627
2018-08-23 19:45:00,48.74,48.15983933142647
2018-08-23 20:00:00,49.82,41.88131605660171
2018-08-23 20:15:00,54.36,51.83595630980453
2018-08-23 20:30:00,41.69,43.2950990217455
2018-08-23 20:45:00,22.36,14.978847396214666
2018-08-23 21:00:00,6.55,12.594332781454096
2018-08-23 21:15:00,3.89,2.2671960272299883
2018-08-23 21:30:00,3.78,6.254880905109784
2018-08-23 21:45:00,3.78,3.6940979451872784
2018-08-23 22:00:00,3.67,3.790636551495659
2018-08-23 22:15:00,4.72,3.483852847885165
2018-08-23 22:30:00,3.74,3.444918713289708
2018-08-23 22:45:00,3.38,3.9638343156883464
2018-08-23 23:00:00,2.92,3.382153342884854
2018-08-23 23:15:00,2.88,3.7473576353599225
2018-08-23 23:30:00,2.92,3.0349990676765737
2018-08-23 23:45:00,2.81,3.019660163025686
2018-08-24 00:00:00,2.92,2.9765938163012744
2018-08-24 00:15:00,2.95,2.9765938163012744
2018-08-24 00:30:00,2.92,2.9910056639340517
2018-08-24 00:45:00,2.92,2.97551499706127
2018-08-24 01:00:00,2.92,2.9652143434119402
2018-08-24 01:15:00,2.92,2.9652143434119402
2018-08-24 01:30:00,2.92,2.949937772319861
2018-08-24 01:45:00,2.95,2.949937772319861
2018-08-24 02:00:00,2.88,2.949937772319861
2018-08-24 02:15:00,2.95,2.960238425969191
2018-08-24 02:30:00,2.88,2.9652143434119402
2018-08-24 02:45:00,2.95,3.013679228640505
2018-08-24 03:00:00,3.13,2.949937772319861
2018-08-24 03:15:00,3.78,2.9777610196815116
2018-08-24 03:30:00,3.78,3.048715613452746
2018-08-24 03:45:00,3.24,3.338178616461709
2018-08-24 04:00:00,2.92,3.338178616461709
2018-08-24 04:15:00,2.95,3.359351837254515
2018-08-24 04:30:00,2.92,3.0551200181446743
2018-08-24 04:45:00,3.02,2.989140492570846
2018-08-24 05:00:00,2.88,2.978839838921516
2018-08-24 05:15:00,2.88,2.989140492570846
2018-08-24 05:30:00,2.92,2.967460366032182
2018-08-24 05:45:00,2.92,2.967460366032182
2018-08-24 06:00:00,2.88,2.967460366032182
2018-08-24 06:15:00,2.92,2.8962151874942053
2018-08-24 06:30:00,2.84,2.8962151874942053
2018-08-24 06:45:00,2.84,2.8962151874942053
2018-08-24 07:00:00,2.88,2.9496559901655193
2018-08-24 07:15:00,3.71,2.8962151874942053
2018-08-24 07:30:00,4.03,3.161868595423275
2018-08-24 07:45:00,3.82,4.903048945299375
2018-08-24 08:00:00,38.59,32.55424253584354
2018-08-24 08:15:00,58.46,43.69005484334089
2018-08-24 08:30:00,64.44,62.115558343707896
2018-08-24 08:45:00,62.32,55.491610638236395
2018-08-24 09:00:00,55.76,59.77578042242291
2018-08-24 09:15:00,51.41,54.698147018205184
2018-08-24 09:30:00,68.58,56.285899365474584
2018-08-24 09:45:00,60.62,54.238069223271324
2018-08-24 10:00:00,61.2,61.20660354930523
2018-08-24 10:15:00,53.39,55.96708961035762
2018-08-24 10:30:00,55.4,56.26886142099493
2018-08-24 10:45:00,51.7,57.07281048805308
2018-08-24 11:00:00,64.48,54.30161515846278
2018-08-24 11:15:00,58.25,57.01206393404652
2018-08-24 11:30:00,57.82,58.254467276000035
2018-08-24 11:45:00,45.11,44.416849899820406
2018-08-24 12:00:00,4.68,9.012013463596672
2018-08-24 12:15:00,4.5,7.865869812745596
2018-08-24 12:30:00,4.5,8.34146127564625
2018-08-24 12:45:00,4.5,7.4532830690990055
2018-08-24 13:00:00,32.94,26.050947887636095
2018-08-24 13:15:00,55.48,49.17762994428755
2018-08-24 13:30:00,50.29,58.372935116268366
2018-08-24 13:45:00,52.09,57.19958060751194
2018-08-24 14:00:00,57.85,54.78441861769613
2018-08-24 14:15:00,47.16,54.90746241904551
2018-08-24 14:30:00,45.94,54.38413973346253
2018-08-24 14:45:00,39.24,53.64271216070194
2018-08-24 15:00:00,45.76,54.25460840536711
2018-08-24 15:15:00,47.59,44.35396275398193
2018-08-24 15:30:00,51.62,50.161699086793824
2018-08-24 15:45:00,50.58,51.45467018359194
2018-08-24 16:00:00,58.9,53.96852817395233
2018-08-24 16:15:00,53.28,53.40467896493891
2018-08-24 16:30:00,54.11,51.707691276388715
2018-08-24 16:45:00,54.65,51.99299008368043
2018-08-24 17:00:00,56.84,52.12920690354573
2018-08-24 17:15:00,45.54,45.242727313921186
2018-08-24 17:30:00,29.92,30.116141821763815
2018-08-24 17:45:00,28.91,27.9836857188143
2018-08-24 18:00:00,38.09,42.48670152735835
2018-08-24 18:15:00,54.68,43.46925434059677
2018-08-24 18:30:00,57.67,44.14092955173541
2018-08-24 18:45:00,55.12,51.88040733253668
2018-08-24 19:00:00,56.05,51.96841661285512
2018-08-24 19:15:00,53.39,53.830838499960144
2018-08-24 19:30:00,56.7,51.30337980377447
2018-08-24 19:45:00,52.49,51.32968031977278
2018-08-24 20:00:00,51.73,53.55288733430289
2018-08-24 20:15:00,56.63,53.55428510889461
2018-08-24 20:30:00,51.62,45.98734252937061
2018-08-24 20:45:00,17.5,32.168208240058036
2018-08-24 21:00:00,6.7,9.157173756938274
2018-08-24 21:15:00,3.92,2.014217837324326
2018-08-24 21:30:00,3.78,5.40054019945822
2018-08-24 21:45:00,3.31,3.543040021774043
2018-08-24 22:00:00,2.95,3.652550340286987
2018-08-24 22:15:00,2.92,3.5054962694824416
2018-08-24 22:30:00,3.06,3.0781059106345796
2018-08-24 22:45:00,3.24,2.9569512910715683
2018-08-24 23:00:00,2.7,3.0093262033123778
2018-08-24 23:15:00,2.74,3.2948400967913845
2018-08-24 23:30:00,2.74,2.980553248062828
2018-08-24 23:45:00,2.56,2.9231400848204605
2018-08-25 00:00:00,2.7,2.9652143434119402
2018-08-25 00:15:00,2.74,2.9765938163012744
2018-08-25 00:30:00,2.74,2.9652143434119402
2018-08-25 00:45:00,2.7,2.9652143434119402
2018-08-25 01:00:00,2.81,2.9652143434119402
2018-08-25 01:15:00,2.74,2.9652143434119402
2018-08-25 01:30:00,2.77,2.949937772319861
2018-08-25 01:45:00,2.81,2.949937772319861
2018-08-25 02:00:00,2.74,2.949937772319861
2018-08-25 02:15:00,2.95,2.949937772319861
2018-08-25 02:30:00,3.38,2.949937772319861
2018-08-25 02:45:00,2.92,2.960238425969191
2018-08-25 03:00:00,2.81,3.2460589727159572
2018-08-25 03:15:00,3.31,2.9710944247439146
2018-08-25 03:30:00,3.02,2.9482550481920704
2018-08-25 03:45:00,2.84,3.263866340191245
2018-08-25 04:00:00,2.77,2.9927745512825785
2018-08-25 04:15:00,2.84,2.9482550481920704
2018-08-25 04:30:00,2.81,2.9482550481920704
2018-08-25 04:45:00,2.81,2.9596345210814046
2018-08-25 05:00:00,2.81,2.9482550481920704
2018-08-25 05:15:00,2.74,2.967460366032182
2018-08-25 05:30:00,2.74,2.9482550481920704
2018-08-25 05:45:00,2.81,2.9482550481920704
2018-08-25 06:00:00,2.77,2.967460366032182
2018-08-25 06:15:00,2.77,2.8770098696540938
2018-08-25 06:30:00,2.92,2.8962151874942053
2018-08-25 06:45:00,3.28,2.8962151874942053
2018-08-25 07:00:00,2.77,2.8962151874942053
2018-08-25 07:15:00,3.02,3.1126171951146016
2018-08-25 07:30:00,3.2,3.029781159752811
2018-08-25 07:45:00,3.1,0.8800225049885637
2018-08-25 08:00:00,4.21,31.530787006234338
2018-08-25 08:15:00,4.21,31.097912136965654
2018-08-25 08:30:00,5.83,23.178536830078112
2018-08-25 08:45:00,5.62,19.03811291963849
2018-08-25 09:00:00,4.93,20.826457141919263
2018-08-25 09:15:00,4.57,20.928621685030794
2018-08-25 09:30:00,6.66,21.823974503350403
2018-08-25 09:45:00,4.43,21.68719893720428
2018-08-25 10:00:00,4.61,32.85867099715339
2018-08-25 10:15:00,4.43,20.66799155780865
2018-08-25 10:30:00,4.57,20.147234011346526
2018-08-25 10:45:00,4.79,22.29456250823413
2018-08-25 11:00:00,4.68,19.32213647034545
2018-08-25 11:15:00,5.18,19.13817096691369
2018-08-25 11:30:00,5.44,4.473555179213422
2018-08-25 11:45:00,3.35,2.2345138828436024
2018-08-25 12:00:00,3.56,3.3407541343263416
2018-08-25 12:15:00,3.67,2.5676603760558105
2018-08-25 12:30:00,3.46,2.6961907679574963
2018-08-25 12:45:00,3.38,3.4196733138055655
2018-08-25 13:00:00,4.25,3.6604385900655045
2018-08-25 13:15:00,4.57,8.016958611622458
2018-08-25 13:30:00,4.79,19.604625996218086
2018-08-25 13:45:00,5.8,11.06792459967501
2018-08-25 14:00:00,5.58,11.041066838020157
2018-08-25 14:15:00,5.51,12.235608334362635
2018-08-25 14:30:00,5.51,11.95509659473723
2018-08-25 14:45:00,5.58,11.835370105656112
2018-08-25 15:00:00,5.51,12.487027681682557
2018-08-25 15:15:00,5.36,12.206977894673358
2018-08-25 15:30:00,6.37,12.635168380424057
2018-08-25 15:45:00,6.84,12.378057201259494
2018-08-25 16:00:00,7.13,14.299713175308437
2018-08-25 16:15:00,6.37,13.611231050578422
2018-08-25 16:30:00,3.74,11.580522962740636
2018-08-25 16:45:00,4.03,7.1580502057040105
2018-08-25 17:00:00,3.67,2.1055220962470944
2018-08-25 17:15:00,3.53,3.449026603861965
2018-08-25 17:30:00,3.42,3.2512149229181744
2018-08-25 17:45:00,3.42,3.1889000102295446
2018-08-25 18:00:00,3.38,3.0912272991060723
2018-08-25 18:15:00,3.46,3.41687119259563
2018-08-25 18:30:00,3.46,3.2732940790060776
2018-08-25 18:45:00,3.38,3.3902126873112803
2018-08-25 19:00:00,2.84,3.1897519790544493
2018-08-25 19:15:00,2.81,3.2700205311987336
2018-08-25 19:30:00,2.92,2.8339884576411825
2018-08-25 19:45:00,2.88,2.962226666579847
2018-08-25 20:00:00,2.84,2.962226666579847
2018-08-25 20:15:00,2.92,2.8186495529902946
2018-08-25 20:30:00,3.42,2.950847193690513
2018-08-25 20:45:00,3.31,3.0842696767145275
2018-08-25 21:00:00,2.88,3.243723211819858
2018-08-25 21:15:00,2.92,3.2765178985447445
2018-08-25 21:30:00,2.88,2.984062938576746
2018-08-25 21:45:00,2.95,3.022164836597172
2018-08-25 22:00:00,2.88,2.980103506815192
2018-08-25 22:15:00,2.66,2.990404160464522
2018-08-25 22:30:00,2.56,2.968724033925858
2018-08-25 22:45:00,2.52,2.968724033925858
2018-08-25 23:00:00,2.74,2.968724033925858
2018-08-25 23:15:00,3.17,2.968724033925858
2018-08-25 23:30:00,2.59,2.968724033925858
2018-08-25 23:45:00,2.88,3.2318396468079427
2018-08-26 00:00:00,2.56,2.9984353250287414
2018-08-26 00:15:00,2.63,2.9830964203778536
2018-08-26 00:30:00,2.66,2.9830964203778536
2018-08-26 00:45:00,2.59,2.9944758932671878
2018-08-26 01:00:00,2.66,2.9830964203778536
2018-08-26 01:15:00,2.63,2.9830964203778536
2018-08-26 01:30:00,2.59,2.9830964203778536
2018-08-26 01:45:00,2.56,2.9830964203778536
2018-08-26 02:00:00,2.77,2.9830964203778536
2018-08-26 02:15:00,3.24,2.9830964203778536
2018-08-26 02:30:00,2.81,2.963891102537742
2018-08-26 02:45:00,2.56,3.313453105605152
2018-08-26 03:00:00,2.59,2.9867304790895863
2018-08-26 03:15:00,2.59,2.981413696250063
2018-08-26 03:30:00,2.63,3.0006190140901743
2018-08-26 03:45:00,3.1,2.992793169139397
2018-08-26 04:00:00,2.84,3.0006190140901743
2018-08-26 04:15:00,2.63,3.062668943670627
2018-08-26 04:30:00,2.56,2.981413696250063
2018-08-26 04:45:00,2.59,2.981413696250063
2018-08-26 05:00:00,2.59,2.981413696250063
2018-08-26 05:15:00,2.59,2.981413696250063
2018-08-26 05:30:00,2.77,2.981413696250063
2018-08-26 05:45:00,2.77,2.981413696250063
2018-08-26 06:00:00,2.7,2.981413696250063
2018-08-26 06:15:00,2.7,2.910168517712086
2018-08-26 06:30:00,2.74,2.9293738355521977
2018-08-26 06:45:00,2.74,2.9293738355521977
2018-08-26 07:00:00,2.7,2.910168517712086
2018-08-26 07:15:00,2.74,2.910168517712086
2018-08-26 07:30:00,2.84,3.6649171902716184
2018-08-26 07:45:00,4.61,2.5545558661099994
2018-08-26 08:00:00,6.73,10.775867224509426
2018-08-26 08:15:00,5.72,25.392096633452564
2018-08-26 08:30:00,5.72,13.386427021698324
2018-08-26 08:45:00,5.65,9.28672547705432
2018-08-26 09:00:00,5.65,8.976124715272286
2018-08-26 09:15:00,5.08,8.627922784933578
2018-08-26 09:30:00,5.8,7.816181992375999
2018-08-26 09:45:00,5.62,7.618952666071525
2018-08-26 10:00:00,6.34,7.478909513520702
2018-08-26 10:15:00,5.33,7.516093636544824
2018-08-26 10:30:00,5.33,9.588658135721813
2018-08-26 10:45:00,5.4,7.156956091503529
2018-08-26 11:00:00,5.04,7.156956091503529
2018-08-26 11:15:00,5.26,5.621535503039898
2018-08-26 11:30:00,4.57,5.340341758879596
2018-08-26 11:45:00,4.64,5.28549628469336
2018-08-26 12:00:00,3.31,5.369034621147155
2018-08-26 12:15:00,3.06,4.756383841652441
2018-08-26 12:30:00,3.02,4.744634589688345
2018-08-26 12:45:00,3.06,5.180942437999128
2018-08-26 13:00:00,3.24,3.7092605280083397
2018-08-26 13:15:00,5.0,2.6263947688008207
2018-08-26 13:30:00,5.98,3.7889952521567087
2018-08-26 13:45:00,6.59,5.077259140918881
2018-08-26 14:00:00,5.62,7.749509642346842
2018-08-26 14:15:00,5.15,10.319393296325924
2018-08-26 14:30:00,4.93,9.093145882315403
2018-08-26 14:45:00,4.82,8.564189225710875
2018-08-26 15:00:00,6.12,8.564189225710875
2018-08-26 15:15:00,8.24,7.315277173281885
2018-08-26 15:30:00,7.85,10.015149615645464
2018-08-26 15:45:00,7.96,15.99183120175463
2018-08-26 16:00:00,8.42,13.119810174597966
2018-08-26 16:15:00,7.67,11.453733472783018
2018-08-26 16:30:00,4.0,9.729380764693765
2018-08-26 16:45:00,3.89,7.667038545575193
2018-08-26 17:00:00,4.14,3.766449693724751
2018-08-26 17:15:00,4.57,3.527424406369936
2018-08-26 17:30:00,4.25,3.490119471593699
2018-08-26 17:45:00,3.64,3.55157479866448
2018-08-26 18:00:00,3.6,3.5626959060097203
2018-08-26 18:15:00,3.53,4.306278339335832
2018-08-26 18:30:00,3.6,3.5871627654050062
2018-08-26 18:45:00,3.24,3.398377484135742
2018-08-26 19:00:00,3.06,3.8908709797538963
2018-08-26 19:15:00,3.06,3.335068922690474
2018-08-26 19:30:00,3.06,3.054565588607265
2018-08-26 19:45:00,3.06,3.039226683956377
2018-08-26 20:00:00,3.13,3.0910165143922312
2018-08-26 20:15:00,3.1,3.0910165143922312
2018-08-26 20:30:00,3.1,3.1116650468878304
2018-08-26 20:45:00,3.06,3.0718108115102085
2018-08-26 21:00:00,3.13,3.0411953357672417
2018-08-26 21:15:00,3.06,3.0086736451192624
2018-08-26 21:30:00,3.17,3.067851379748655
2018-08-26 21:45:00,3.13,3.02401254977015
2018-08-26 22:00:00,2.99,3.2462120332599382
2018-08-26 22:15:00,2.92,3.0565342404181295
2018-08-26 22:30:00,2.92,3.0201154515674054
2018-08-26 22:45:00,3.89,2.9830964203778536
2018-08-26 23:00:00,3.85,2.9944758932671878
2018-08-26 23:15:00,3.02,3.3641809766688784
2018-08-26 23:30:00,2.88,3.368140408430432
2018-08-26 23:45:00,2.66,3.008735978678071
2018-08-27 00:00:00,2.92,3.028930964630677
2018-08-27 00:15:00,2.95,3.040310437520011
2018-08-27 00:30:00,3.02,3.040310437520011
2018-08-27 00:45:00,2.99,3.101996988684861
2018-08-27 01:00:00,2.92,3.0392316182800068
2018-08-27 01:15:00,2.95,3.0392316182800068
2018-08-27 01:30:00,2.95,3.028930964630677
2018-08-27 01:45:00,2.95,3.0392316182800068
2018-08-27 02:00:00,2.99,3.0392316182800068
2018-08-27 02:15:00,2.92,3.0392316182800068
2018-08-27 02:30:00,3.17,3.0392316182800068
2018-08-27 02:45:00,3.53,3.028930964630677
2018-08-27 03:00:00,2.92,3.295712817940859
2018-08-27 03:15:00,2.92,3.4146820133388385
2018-08-27 03:30:00,2.92,3.0990707213396638
2018-08-27 03:45:00,2.95,3.0762313447878196
2018-08-27 04:00:00,2.95,3.0594785797951753
2018-08-27 04:15:00,2.92,3.0979114713264835
2018-08-27 04:30:00,2.88,3.0865319984371493
2018-08-27 04:45:00,2.88,3.0762313447878196
2018-08-27 05:00:00,3.1,3.0762313447878196
2018-08-27 05:15:00,3.49,3.0762313447878196
2018-08-27 05:30:00,2.88,3.1574865922083837
2018-08-27 05:45:00,2.84,3.3918426367869943
2018-08-27 06:00:00,2.88,3.0990707213396638
2018-08-27 06:15:00,2.88,3.004986166249843
2018-08-27 06:30:00,2.84,3.004986166249843
2018-08-27 06:45:00,2.88,3.016365639139177
2018-08-27 07:00:00,3.02,3.1315677397197375
2018-08-27 07:15:00,3.53,3.1315677397197375
2018-08-27 07:30:00,3.74,3.644364589656426
2018-08-27 07:45:00,3.92,5.232341712521619
2018-08-27 08:00:00,28.48,45.83701327711524
2018-08-27 08:15:00,47.3,56.7808750405454
2018-08-27 08:30:00,50.54,66.45980363790916
2018-08-27 08:45:00,55.73,63.777311659223244
2018-08-27 09:00:00,59.98,60.71088015469405
2018-08-27 09:15:00,53.75,60.64241963344425
2018-08-27 09:30:00,62.71,60.36838609772796
2018-08-27 09:45:00,60.66,60.70116612795764
2018-08-27 10:00:00,54.72,61.10917508669332
2018-08-27 10:15:00,57.6,63.675720804269766
2018-08-27 10:30:00,58.93,64.64772822482469
2018-08-27 10:45:00,65.45,61.81681319367693
2018-08-27 11:00:00,54.94,61.20509854558819
2018-08-27 11:15:00,47.88,66.70755944278805
2018-08-27 11:30:00,41.29,59.87715055357924
2018-08-27 11:45:00,40.57,36.985494174127325
2018-08-27 12:00:00,28.12,9.76001051869456
2018-08-27 12:15:00,25.24,9.517567907467436
2018-08-27 12:30:00,25.27,11.516280641019074
2018-08-27 12:45:00,25.52,17.00218508252772
2018-08-27 13:00:00,46.3,44.840687764174525
2018-08-27 13:15:00,58.68,54.10793637513692
2018-08-27 13:30:00,46.76,57.04421389040718
2018-08-27 13:45:00,41.76,58.13676172638235
2018-08-27 14:00:00,52.42,52.31509251423744
2018-08-27 14:15:00,68.65,48.38358110415066
2018-08-27 14:30:00,45.79,59.05100387939156
2018-08-27 14:45:00,67.79,62.47923370744928
2018-08-27 15:00:00,43.88,53.46857634800495
2018-08-27 15:15:00,45.9,64.30202887082575
2018-08-27 15:30:00,50.51,50.6314909907471
2018-08-27 15:45:00,49.5,56.773245064577715
2018-08-27 16:00:00,52.02,58.19075615589931
2018-08-27 16:15:00,63.22,57.02938176845194
2018-08-27 16:30:00,44.42,56.754723494520334
2018-08-27 16:45:00,63.4,61.51347162926171
2018-08-27 17:00:00,51.73,46.65036931169266
2018-08-27 17:15:00,49.97,58.20416027890275
2018-08-27 17:30:00,46.58,38.269347949149015
2018-08-27 17:45:00,29.95,28.138790549053248
2018-08-27 18:00:00,5.54,34.76836224522414
2018-08-27 18:15:00,3.6,43.394275077964906
2018-08-27 18:30:00,3.38,9.178302218772213
2018-08-27 18:45:00,3.42,5.873371601187018
2018-08-27 19:00:00,3.42,6.962811388017312
2018-08-27 19:15:00,3.46,4.209692421559027
2018-08-27 19:30:00,3.46,4.1707582869635695
2018-08-27 19:45:00,3.35,3.191239210605107
2018-08-27 20:00:00,3.38,4.068420070783272
2018-08-27 20:15:00,3.42,4.1707582869635695
2018-08-27 20:30:00,2.88,3.3670650083558735
2018-08-27 20:45:00,2.84,3.6439267685237393
2018-08-27 21:00:00,2.88,3.101469455012546
2018-08-27 21:15:00,2.81,2.883646247326542
2018-08-27 21:30:00,2.84,3.1183523790169443
2018-08-27 21:45:00,2.77,3.1183523790169443
2018-08-27 22:00:00,2.7,3.10697290612761
2018-08-27 22:15:00,2.66,3.10697290612761
2018-08-27 22:30:00,2.7,3.028930964630677
2018-08-27 22:45:00,2.63,3.028930964630677
2018-08-27 23:00:00,2.59,3.028930964630677
2018-08-27 23:15:00,2.66,3.028930964630677
2018-08-27 23:30:00,3.13,3.028930964630677
2018-08-27 23:45:00,3.42,3.028930964630677
2018-08-28 00:00:00,2.59,3.084261682491653
2018-08-28 00:15:00,2.56,3.3339566317211515
2018-08-28 00:30:00,2.59,3.088496785802882
2018-08-28 00:45:00,2.59,3.026162767102265
2018-08-28 01:00:00,2.56,3.0375422399915992
2018-08-28 01:15:00,2.74,3.0375422399915992
2018-08-28 01:30:00,3.06,3.026162767102265
2018-08-28 01:45:00,2.59,3.026162767102265
2018-08-28 02:00:00,2.59,3.0083311828696164
2018-08-28 02:15:00,2.56,3.0607958996251408
2018-08-28 02:30:00,2.59,2.9980305292202867
2018-08-28 02:45:00,2.59,2.9980305292202867
2018-08-28 03:00:00,2.59,2.9980305292202867
2018-08-28 03:15:00,2.52,3.0453309093774292
2018-08-28 03:30:00,2.52,3.0453309093774292
2018-08-28 03:45:00,2.56,3.0734631472594076
2018-08-28 04:00:00,2.56,3.0734631472594076
2018-08-28 04:15:00,2.52,3.0453309093774292
2018-08-28 04:30:00,2.63,3.0453309093774292
2018-08-28 04:45:00,3.17,3.1080962797822833
2018-08-28 05:00:00,3.06,3.0453309093774292
2018-08-28 05:15:00,2.52,3.33160285429069
2018-08-28 05:30:00,2.52,3.078470939578603
2018-08-28 05:45:00,3.06,3.0734631472594076
2018-08-28 06:00:00,2.56,3.0453309093774292
2018-08-28 06:15:00,2.56,2.9957658573781165
2018-08-28 06:30:00,2.52,2.9740857308394526
2018-08-28 06:45:00,2.59,2.9740857308394526
2018-08-28 07:00:00,2.52,3.163432674714201
2018-08-28 07:15:00,2.95,3.100667304309347
2018-08-28 07:30:00,3.31,3.5403981301918517
2018-08-28 07:45:00,3.67,3.502438679783593
2018-08-28 08:00:00,31.72,37.97820286739297
2018-08-28 08:15:00,49.18,53.464751508398805
2018-08-28 08:30:00,53.24,57.66607398362202
2018-08-28 08:45:00,45.9,56.4322439739004
2018-08-28 09:00:00,52.06,56.718766644278226
2018-08-28 09:15:00,60.7,52.278781972412446
2018-08-28 09:30:00,66.74,56.99312801348156
2018-08-28 09:45:00,62.86,57.47219080968513
2018-08-28 10:00:00,50.15,60.38736217281535
2018-08-28 10:15:00,59.08,58.40301382062788
2018-08-28 10:30:00,50.4,58.3348864911041
2018-08-28 10:45:00,60.91,59.613401194478904
2018-08-28 11:00:00,61.09,60.319399539855134
2018-08-28 11:15:00,59.9,59.82734676782141
2018-08-28 11:30:00,55.98,53.95488333970659
2018-08-28 11:45:00,40.72,47.325316727817615
2018-08-28 12:00:00,5.0,10.382279398312797
2018-08-28 12:15:00,4.32,8.749167942194454
2018-08-28 12:30:00,4.39,6.047701649120522
2018-08-28 12:45:00,4.28,6.787182663721098
2018-08-28 13:00:00,29.02,33.65545010707273
2018-08-28 13:15:00,53.32,52.94312087494481
2018-08-28 13:30:00,58.0,52.558952535653425
2018-08-28 13:45:00,49.54,54.803344275622855
2018-08-28 14:00:00,51.16,55.13491479754698
2018-08-28 14:15:00,50.4,56.1925870163031
2018-08-28 14:30:00,41.69,57.09878316527943
2018-08-28 14:45:00,50.18,56.62337430559711
2018-08-28 15:00:00,45.61,45.38241356599112
2018-08-28 15:15:00,42.7,55.75332191933969
2018-08-28 15:30:00,47.41,51.80860143781502
2018-08-28 15:45:00,48.06,45.1877500923601
2018-08-28 16:00:00,49.97,54.810744327678286
2018-08-28 16:15:00,44.78,53.409317230116976
2018-08-28 16:30:00,35.93,54.85766924057886
2018-08-28 16:45:00,40.07,48.38584372657325
2018-08-28 17:00:00,40.39,38.307092932707334
2018-08-28 17:15:00,40.61,37.97029559054168
2018-08-28 17:30:00,30.31,33.7466976707222
2018-08-28 17:45:00,30.53,27.60192431638175
2018-08-28 18:00:00,34.49,31.205437767235654
2018-08-28 18:15:00,39.24,43.29834362286203
2018-08-28 18:30:00,33.95,40.007443066876846
2018-08-28 18:45:00,32.94,41.90042533178738
2018-08-28 19:00:00,38.2,37.86285269332559
2018-08-28 19:15:00,39.35,38.5225028174788
2018-08-28 19:30:00,41.22,43.03213652953114
2018-08-28 19:45:00,42.62,40.75177515103525
2018-08-28 20:00:00,49.64,41.0266006284136
2018-08-28 20:15:00,60.16,41.08311668687558
2018-08-28 20:30:00,46.62,48.41148607077892
2018-08-28 20:45:00,28.01,23.409255073317972
2018-08-28 21:00:00,4.36,12.023344920722705
2018-08-28 21:15:00,3.82,4.752481161713502
2018-08-28 21:30:00,3.64,7.2790302173117745
2018-08-28 21:45:00,3.6,3.1089325868474598
2018-08-28 22:00:00,3.42,3.6665804179540173
2018-08-28 22:15:00,3.53,3.4592910997417037
2018-08-28 22:30:00,3.42,3.4270235178631956
2018-08-28 22:45:00,3.13,3.3642581474583415
2018-08-28 23:00:00,2.77,3.3642581474583415
2018-08-28 23:15:00,2.74,3.1332616900400687
2018-08-28 23:30:00,2.92,3.0493714541285692
2018-08-28 23:45:00,2.88,3.0340325494776814
2018-08-29 00:00:00,2.74,3.0340325494776814
2018-08-29 00:15:00,2.81,3.0340325494776814
2018-08-29 00:30:00,2.77,3.0034866630661274
2018-08-29 00:45:00,2.77,3.0226530765883473
2018-08-29 01:00:00,2.7,3.0226530765883473
2018-08-29 01:15:00,2.77,3.0226530765883473
2018-08-29 01:30:00,2.7,3.0073765054962682
2018-08-29 01:45:00,2.7,3.0073765054962682
2018-08-29 02:00:00,2.7,3.0073765054962682
2018-08-29 02:15:00,2.77,3.0073765054962682
2018-08-29 02:30:00,2.77,3.0073765054962682
2018-08-29 02:45:00,2.77,3.0073765054962682
2018-08-29 03:00:00,2.7,3.0073765054962682
2018-08-29 03:15:00,2.74,3.0265446477714324
2018-08-29 03:30:00,2.74,3.0265446477714324
2018-08-29 03:45:00,2.95,3.054676885653411
2018-08-29 04:00:00,3.38,3.054676885653411
2018-08-29 04:15:00,2.88,3.036845301420762
2018-08-29 04:30:00,2.7,3.3702881776525855
2018-08-29 04:45:00,2.77,3.0493840243232766
2018-08-29 05:00:00,2.77,3.0265446477714324
2018-08-29 05:15:00,3.2,3.0265446477714324
2018-08-29 05:30:00,2.99,3.0379241206607666
2018-08-29 05:45:00,2.74,3.312816592684693
2018-08-29 06:00:00,2.77,3.0596846779726063
2018-08-29 06:15:00,2.74,2.9552994692334558
2018-08-29 06:30:00,2.7,2.9552994692334558
2018-08-29 06:45:00,2.66,2.96667894212279
2018-08-29 07:00:00,2.7,3.0818810427033503
2018-08-29 07:15:00,3.24,3.1446464131082044
2018-08-29 07:30:00,3.78,3.584377238990709
2018-08-29 07:45:00,3.46,5.182655015505229
2018-08-29 08:00:00,34.31,40.419979376604026
2018-08-29 08:15:00,55.66,44.07211282382834
2018-08-29 08:30:00,55.08,56.49839417660313
2018-08-29 08:45:00,60.95,59.48192512008146
2018-08-29 09:00:00,56.84,54.40437308213503
2018-08-29 09:15:00,50.15,60.813925088066604
2018-08-29 09:30:00,48.46,59.466453387709024
2018-08-29 09:45:00,43.27,58.05238505130883
2018-08-29 10:00:00,34.88,52.90573959581788
2018-08-29 10:15:00,37.08,48.94630815700749
2018-08-29 10:30:00,45.72,44.7988092017275
2018-08-29 10:45:00,44.82,44.227214515582254
2018-08-29 11:00:00,58.1,50.929260136502265
2018-08-29 11:15:00,59.29,52.838929094838
2018-08-29 11:30:00,52.78,55.31878975892108
2018-08-29 11:45:00,48.64,46.283433034855285
2018-08-29 12:00:00,4.79,8.383287741652634
2018-08-29 12:15:00,5.87,7.524083250362004
2018-08-29 12:30:00,5.9,5.040847442796033
2018-08-29 12:45:00,6.26,6.429855941753576
2018-08-29 13:00:00,32.9,23.28417753697715
2018-08-29 13:15:00,60.77,53.37349498941465
2018-08-29 13:30:00,50.4,57.925812351014756
2018-08-29 13:45:00,41.72,62.92701032945926
2018-08-29 14:00:00,49.46,56.942223462438335
2018-08-29 14:15:00,56.2,48.296568614154026
2018-08-29 14:30:00,38.99,57.757121897069354
2018-08-29 14:45:00,38.84,58.56642368531972
2018-08-29 15:00:00,53.28,44.2929053714085
2018-08-29 15:15:00,44.96,46.6278174974962
2018-08-29 15:30:00,56.2,56.58093599797421
2018-08-29 15:45:00,55.73,52.41488642870531
2018-08-29 16:00:00,58.03,57.81476745701323
2018-08-29 16:15:00,54.47,56.55478177101463
2018-08-29 16:30:00,52.96,56.73926086188089
2018-08-29 16:45:00,52.88,56.905093107693936
2018-08-29 17:00:00,53.64,54.98647313845699
2018-08-29 17:15:00,44.6,53.906053143644364
2018-08-29 17:30:00,29.02,37.14315898741146
2018-08-29 17:45:00,29.41,27.76734557325347
2018-08-29 18:00:00,36.18,24.942482762291007
2018-08-29 18:15:00,54.54,44.203740281631475
2018-08-29 18:30:00,56.16,35.49227340302933
2018-08-29 18:45:00,40.68,40.548386632335955
2018-08-29 19:00:00,43.06,52.05079440379987
2018-08-29 19:15:00,63.76,40.80950105504127
2018-08-29 19:30:00,41.47,43.317638941649385
2018-08-29 19:45:00,45.25,58.59710170068132
2018-08-29 20:00:00,46.98,42.96684514852563
2018-08-29 20:15:00,43.67,42.641631777854506
2018-08-29 20:30:00,43.31,41.291625444638896
2018-08-29 20:45:00,14.22,17.37905481467414
2018-08-29 21:00:00,6.3,11.757512682344716
2018-08-29 21:15:00,3.92,2.9393485151610275
2018-08-29 21:30:00,3.82,4.109561400407826
2018-08-29 21:45:00,3.74,2.9970856406245967
2018-08-29 22:00:00,3.6,3.634875496310905
2018-08-29 22:15:00,3.35,3.5417617818660423
2018-08-29 22:30:00,3.53,3.3965257293368496
2018-08-29 22:45:00,3.06,3.3642581474583415
2018-08-29 23:00:00,2.92,3.3642581474583415
2018-08-29 23:15:00,2.88,3.1324585423497395
2018-08-29 23:30:00,2.84,3.0148661359554616
2018-08-29 23:45:00,2.74,3.0340325494776814
2018-08-30 00:00:00,2.88,3.08242553343054
2018-08-30 00:15:00,2.92,3.0082806901363517
2018-08-30 00:30:00,2.95,3.0082806901363517
2018-08-30 00:45:00,2.99,3.0082806901363517
2018-08-30 01:00:00,2.92,3.0185813437856814
2018-08-30 01:15:00,2.66,3.0185813437856814
2018-08-30 01:30:00,2.63,2.9930041190442727
2018-08-30 01:45:00,2.66,2.9930041190442727
2018-08-30 02:00:00,2.66,2.9930041190442727
2018-08-30 02:15:00,2.66,3.0557694894491267
2018-08-30 02:30:00,2.66,3.0399992330940018
2018-08-30 02:45:00,2.77,3.0557694894491267
2018-08-30 03:00:00,3.13,3.0557694894491267
2018-08-30 03:15:00,2.66,3.1030698696062693
2018-08-30 03:30:00,2.66,3.1843251170268334
2018-08-30 03:45:00,2.7,3.1259092461581135
2018-08-30 04:00:00,3.17,3.074937631724291
2018-08-30 04:15:00,2.66,3.1030698696062693
2018-08-30 04:30:00,2.63,3.400721287408864
2018-08-30 04:45:00,2.59,3.0631438757532594
2018-08-30 05:00:00,2.66,3.040304499201415
2018-08-30 05:15:00,2.59,3.040304499201415
2018-08-30 05:30:00,2.52,3.0705468482585
2018-08-30 05:45:00,2.52,3.012172261319437
2018-08-30 06:00:00,2.52,3.012172261319437
2018-08-30 06:15:00,2.59,2.94092708278146
2018-08-30 06:30:00,2.59,2.94092708278146
2018-08-30 06:45:00,2.48,2.94092708278146
2018-08-30 07:00:00,2.84,3.0675086562513547
2018-08-30 07:15:00,3.71,3.158406264538187
2018-08-30 07:30:00,3.85,3.5700048525387134
2018-08-30 07:45:00,3.71,5.34056270000625
2018-08-30 08:00:00,30.96,29.83035431758468
2018-08-30 08:15:00,50.8,54.12543451175174
2018-08-30 08:30:00,47.3,57.710856053750604
2018-08-30 08:45:00,53.96,60.92716894875254
2018-08-30 09:00:00,56.74,52.61290588413613
2018-08-30 09:15:00,53.6,56.42435500081833
2018-08-30 09:30:00,42.23,54.89663466352097
2018-08-30 09:45:00,43.13,56.256581308002616
2018-08-30 10:00:00,42.66,49.56793793144765
2018-08-30 10:15:00,51.62,50.52689641073402
2018-08-30 10:30:00,48.17,47.39588519219352
2018-08-30 10:45:00,48.35,57.62760309877777
2018-08-30 11:00:00,42.84,54.9687735581895
2018-08-30 11:15:00,68.87,55.04669400934129
2018-08-30 11:30:00,46.55,44.83194588299058
2018-08-30 11:45:00,43.34,55.97181406586822
2018-08-30 12:00:00,6.16,7.8841949280395145
2018-08-30 12:15:00,4.97,7.5096018430189195
2018-08-30 12:30:00,5.47,4.688635896407367
2018-08-30 12:45:00,5.33,7.171270395484596
2018-08-30 13:00:00,27.76,33.97406982246207
2018-08-30 13:15:00,47.23,49.304668754332134
2018-08-30 13:30:00,58.03,44.318408576946894
2018-08-30 13:45:00,50.33,49.45757331352064
2018-08-30 14:00:00,68.65,51.41863114491945
2018-08-30 14:15:00,52.13,50.09925327348229
2018-08-30 14:30:00,59.18,58.52657707877114
2018-08-30 14:45:00,49.14,53.69848429677035
2018-08-30 15:00:00,57.24,55.844526677488226
2018-08-30 15:15:00,54.94,55.3702094775216
2018-08-30 15:30:00,55.55,57.81285767379311
2018-08-30 15:45:00,56.38,56.7372484372173
2018-08-30 16:00:00,57.67,56.5793906187601
2018-08-30 16:15:00,47.66,56.95925068672544
2018-08-30 16:30:00,48.56,58.016188588527605
2018-08-30 16:45:00,43.24,56.83467828708203
2018-08-30 17:00:00,42.48,54.91986517062461
2018-08-30 17:15:00,39.35,42.17456545213441
2018-08-30 17:30:00,41.44,30.20542787330653
2018-08-30 17:45:00,47.38,27.70893965409461
2018-08-30 18:00:00,100.58,30.51062512731493
2018-08-30 18:15:00,77.4,33.68404540344815
2018-08-30 18:30:00,39.92,68.09657513893617
2018-08-30 18:45:00,40.61,77.72556006225494
2018-08-30 19:00:00,39.89,50.39936690386263
2018-08-30 19:15:00,37.33,53.870121060521676
2018-08-30 19:30:00,40.86,44.68209821369979
2018-08-30 19:45:00,33.12,40.19873318312393
2018-08-30 20:00:00,38.52,40.271536833732696
2018-08-30 20:15:00,34.42,36.512283683468155
2018-08-30 20:30:00,32.22,35.875310374041526
2018-08-30 20:45:00,24.44,18.135116861140553
2018-08-30 21:00:00,3.74,15.376833849554025
2018-08-30 21:15:00,4.25,3.947501525637279
2018-08-30 21:30:00,3.89,3.6832684802637634
2018-08-30 21:45:00,3.64,4.163249948066946
2018-08-30 22:00:00,3.53,3.564785585025733
2018-08-30 22:15:00,3.31,4.428335179887317
2018-08-30 22:30:00,2.88,3.376056394225114
2018-08-30 22:45:00,3.38,3.4126511314112
2018-08-30 23:00:00,2.77,3.0574308010383473
2018-08-30 23:15:00,2.63,3.3121151229936845
2018-08-30 23:30:00,2.7,3.060790388198685
2018-08-30 23:45:00,2.95,3.019660163025686
2018-08-31 00:00:00,2.74,2.9652143434119402
2018-08-31 00:15:00,2.7,2.986894469950604
2018-08-31 00:30:00,2.7,2.9652143434119402
2018-08-31 00:45:00,2.7,2.9652143434119402
2018-08-31 01:00:00,2.7,2.9652143434119402
2018-08-31 01:15:00,2.7,2.949937772319861
2018-08-31 01:30:00,2.74,2.9652143434119402
2018-08-31 01:45:00,2.77,2.949937772319861
2018-08-31 02:00:00,2.7,2.949937772319861
2018-08-31 02:15:00,2.74,2.949937772319861
2018-08-31 02:30:00,2.99,2.949937772319861
2018-08-31 02:45:00,3.2,2.949937772319861
2018-08-31 03:00:00,2.81,2.960238425969191
2018-08-31 03:15:00,2.74,3.287967795776645
2018-08-31 03:30:00,2.74,3.0245352274152286
2018-08-31 03:45:00,2.74,3.0016958508633844
2018-08-31 04:00:00,3.02,2.967460366032182
2018-08-31 04:15:00,3.38,2.9596345210814046
2018-08-31 04:30:00,2.81,2.9585557018414
2018-08-31 04:45:00,2.77,3.263866340191245
2018-08-31 05:00:00,2.77,2.9710944247439146
2018-08-31 05:15:00,2.74,2.9482550481920704
2018-08-31 05:30:00,2.74,2.9482550481920704
2018-08-31 05:45:00,2.7,2.9596345210814046
2018-08-31 06:00:00,2.74,2.9482550481920704
2018-08-31 06:15:00,2.7,2.8770098696540938
2018-08-31 06:30:00,2.74,2.8770098696540938
2018-08-31 06:45:00,2.88,2.8962151874942053
2018-08-31 07:00:00,3.06,2.8962151874942053
2018-08-31 07:15:00,3.31,2.9496559901655193
2018-08-31 07:30:00,3.85,3.206404733903807
2018-08-31 07:45:00,3.6,4.76500435917756
2018-08-31 08:00:00,26.14,30.659367471263128
2018-08-31 08:15:00,45.65,43.18719861561937
2018-08-31 08:30:00,58.03,51.978640614865924
2018-08-31 08:45:00,88.99,53.93760310670599
2018-08-31 09:00:00,113.04,55.627055025921045
2018-08-31 09:15:00,112.68,77.30452388490156
2018-08-31 09:30:00,54.32,86.8527336596027
2018-08-31 09:45:00,58.54,95.65489603288577
2018-08-31 10:00:00,52.92,67.0401561117509
2018-08-31 10:15:00,53.6,59.23288489201851
2018-08-31 10:30:00,44.21,57.78638906949355
2018-08-31 10:45:00,49.03,57.03400853300536
2018-08-31 11:00:00,61.52,48.357491658884065
2018-08-31 11:15:00,60.01,58.21140158199699
2018-08-31 11:30:00,61.56,55.30389239114455
2018-08-31 11:45:00,48.28,47.904484372582495
2018-08-31 12:00:00,4.46,4.752735864980393
2018-08-31 12:15:00,5.54,5.2738250929217605
2018-08-31 12:30:00,5.44,3.8657490783856945
2018-08-31 12:45:00,8.5,5.811077850463797
2018-08-31 13:00:00,37.44,35.011420457525915
2018-08-31 13:15:00,44.64,51.36218255395071
2018-08-31 13:30:00,53.03,58.15264667685656
2018-08-31 13:45:00,56.77,48.0106002845664
2018-08-31 14:00:00,56.12,55.42967833472922
2018-08-31 14:15:00,58.97,55.46295251264552
2018-08-31 14:30:00,56.77,55.3008156058124
2018-08-31 14:45:00,40.32,50.22669737364817
2018-08-31 15:00:00,48.17,56.28726905508065
2018-08-31 15:15:00,44.42,48.34446068514315
2018-08-31 15:30:00,55.55,56.564314230396484
2018-08-31 15:45:00,55.87,48.2324456874898
2018-08-31 16:00:00,58.14,55.12808585022339
2018-08-31 16:15:00,56.12,53.611546622526944
2018-08-31 16:30:00,51.98,54.7257337420719
2018-08-31 16:45:00,55.19,55.40291640103286
2018-08-31 17:00:00,47.41,53.85078514981442
2018-08-31 17:15:00,43.92,51.903315275149346
2018-08-31 17:30:00,28.4,40.216563522208574
2018-08-31 17:45:00,28.69,32.98535472740507
2018-08-31 18:00:00,31.82,28.258258318209265
2018-08-31 18:15:00,44.03,38.73988306007323
2018-08-31 18:30:00,36.76,38.89800269097387
2018-08-31 18:45:00,36.22,44.843351309360806
2018-08-31 19:00:00,43.49,40.693477230665565
2018-08-31 19:15:00,40.25,38.102187025625994
2018-08-31 19:30:00,44.71,43.008199613931396
2018-08-31 19:45:00,43.67,38.995463962290835
2018-08-31 20:00:00,37.94,42.51504294860899
2018-08-31 20:15:00,36.4,41.5333617634784
2018-08-31 20:30:00,53.71,34.05386304203056
2018-08-31 20:45:00,19.22,16.809882867020537
2018-08-31 21:00:00,4.46,9.64665284618051
2018-08-31 21:15:00,4.03,2.5913847090426825
2018-08-31 21:30:00,4.07,4.20038595499229
2018-08-31 21:45:00,3.85,4.0525349348165225
2018-08-31 22:00:00,3.67,3.8848758308829465
2018-08-31 22:15:00,3.6,3.5310640546020933
2018-08-31 22:30:00,3.82,3.387248305288649
2018-08-31 22:45:00,4.64,3.3925277988317566
2018-08-31 23:00:00,3.06,3.3390869961604426
2018-08-31 23:15:00,2.92,3.822428051123962
2018-08-31 23:30:00,2.95,3.002233374601492
2018-08-31 23:45:00,3.85,3.437044753797024
2018-09-01 00:00:00,2.95,2.915887784362137
2018-09-01 00:15:00,3.02,3.45070845440452
2018-09-01 00:30:00,3.02,2.8990625083159447
2018-09-01 00:45:00,3.02,2.915887784362137
2018-09-01 01:00:00,3.02,2.915887784362137
2018-09-01 01:15:00,2.95,2.826960153661127
2018-09-01 01:30:00,2.99,2.8377750540778344
2018-09-01 01:45:00,3.06,2.849810807221111
2018-09-01 02:00:00,2.99,2.826960153661127
2018-09-01 02:15:00,2.95,2.826960153661127
2018-09-01 02:30:00,3.02,3.0497047606967858
2018-09-01 02:45:00,3.49,2.9293415783282737
2018-09-01 03:00:00,3.17,2.8851387428571282
2018-09-01 03:15:00,3.06,3.3697227058865846
2018-09-01 03:30:00,3.53,3.180794773641195
2018-09-01 03:45:00,3.46,3.0002393566025156
2018-09-01 04:00:00,3.02,3.3689592223406173
2018-09-01 04:15:00,3.02,3.3689592223406173
2018-09-01 04:30:00,3.02,3.0230900101624996
2018-09-01 04:45:00,3.13,3.0230900101624996
2018-09-01 05:00:00,3.06,2.9846518341455797
2018-09-01 05:15:00,3.06,2.9388594133827866
2018-09-01 05:30:00,3.02,2.917756110292484
2018-09-01 05:45:00,3.02,2.917756110292484
2018-09-01 06:00:00,3.02,2.917756110292484
2018-09-01 06:15:00,3.06,2.917756110292484
2018-09-01 06:30:00,3.53,2.917756110292484
2018-09-01 06:45:00,3.24,3.1192808154666207
2018-09-01 07:00:00,2.99,3.1958778989624688
2018-09-01 07:15:00,3.02,3.2343160749793887
2018-09-01 07:30:00,3.17,3.2804572602518878
2018-09-01 07:45:00,3.28,3.1877652900585556
2018-09-01 08:00:00,17.17,16.592574960748713
2018-09-01 08:15:00,32.44,29.589342984924112
2018-09-01 08:30:00,32.11,19.95422981571351
2018-09-01 08:45:00,37.4,36.673129284106714
2018-09-01 09:00:00,47.09,37.26422232089087
2018-09-01 09:15:00,32.9,39.64640102208283
2018-09-01 09:30:00,42.77,41.738599494353885
2018-09-01 09:45:00,41.11,33.78811179043848
2018-09-01 10:00:00,49.46,37.62471530781107
2018-09-01 10:15:00,38.88,38.611093277881245
2018-09-01 10:30:00,50.62,43.43084526350764
2018-09-01 10:45:00,32.94,39.40779711721805
2018-09-01 11:00:00,28.15,44.091434490870675
2018-09-01 11:15:00,25.78,34.802138648692015
2018-09-01 11:30:00,25.7,19.679183007487275
2018-09-01 11:45:00,25.31,19.0810957943954
2018-09-01 12:00:00,25.6,9.807073562978236
2018-09-01 12:15:00,25.34,8.975425893996604
2018-09-01 12:30:00,25.49,11.962892112242933
2018-09-01 12:45:00,25.49,16.493597016489062
2018-09-01 13:00:00,25.49,26.931757831170064
2018-09-01 13:15:00,28.19,31.704330282040104
2018-09-01 13:30:00,27.61,26.105185610075885
2018-09-01 13:45:00,27.04,25.598987303818493
2018-09-01 14:00:00,27.43,25.598987303818493
2018-09-01 14:15:00,26.86,25.605207157869557
2018-09-01 14:30:00,26.78,25.605207157869557
2018-09-01 14:45:00,27.14,25.712936239656326
2018-09-01 15:00:00,26.57,25.605207157869557
2018-09-01 15:15:00,26.17,25.427580415634772
2018-09-01 15:30:00,26.42,25.427580415634772
2018-09-01 15:45:00,25.99,25.427580415634772
2018-09-01 16:00:00,25.92,25.42159944222681
2018-09-01 16:15:00,26.53,19.855501181745634
2018-09-01 16:30:00,26.32,18.390726619714005
2018-09-01 16:45:00,26.32,13.286477873220498
2018-09-01 17:00:00,26.06,10.730178949183266
2018-09-01 17:15:00,25.02,12.612329842665464
2018-09-01 17:30:00,25.85,15.937606769101686
2018-09-01 17:45:00,24.34,20.286298707858112
2018-09-01 18:00:00,25.74,20.286298707858112
2018-09-01 18:15:00,6.44,14.127343942155445
2018-09-01 18:30:00,3.49,18.40847063516938
2018-09-01 18:45:00,3.49,7.443718995202349
2018-09-01 19:00:00,3.6,3.453638686759567
2018-09-01 19:15:00,3.56,3.4548098982098954
2018-09-01 19:30:00,3.31,3.380226286409539
2018-09-01 19:45:00,2.92,3.3105909511034515
2018-09-01 20:00:00,2.92,3.3269429556420658
2018-09-01 20:15:00,2.99,3.0253251727806307
2018-09-01 20:30:00,2.99,3.04578089505303
2018-09-01 20:45:00,2.95,3.1945651504567034
2018-09-01 21:00:00,2.99,2.9770639178170306
2018-09-01 21:15:00,2.92,2.921504215907079
2018-09-01 21:30:00,2.81,2.921504215907079
2018-09-01 21:45:00,2.81,2.903303455293657
2018-09-01 22:00:00,2.7,2.903303455293657
2018-09-01 22:15:00,2.7,2.903303455293657
2018-09-01 22:30:00,2.66,2.903303455293657
2018-09-01 22:45:00,2.66,2.903303455293657
2018-09-01 23:00:00,2.66,2.892886642876515
2018-09-01 23:15:00,2.63,2.892886642876515
2018-09-01 23:30:00,3.82,2.86629934037477
2018-09-01 23:45:00,2.74,2.86629934037477
2018-09-02 00:00:00,2.63,3.113708933140394
2018-09-02 00:15:00,2.63,2.856469680434028
2018-09-02 00:30:00,2.66,2.86629934037477
2018-09-02 00:45:00,2.63,2.86629934037477
2018-09-02 01:00:00,2.74,2.892886642876515
2018-09-02 01:15:00,2.7,2.86629934037477
2018-09-02 01:30:00,2.63,2.856469680434028
2018-09-02 01:45:00,2.66,2.856469680434028
2018-09-02 02:00:00,2.63,2.856469680434028
2018-09-02 02:15:00,2.66,2.950806019978191
2018-09-02 02:30:00,2.7,2.830442837609679
2018-09-02 02:45:00,2.63,2.830442837609679
2018-09-02 03:00:00,2.66,2.840210081161377
2018-09-02 03:15:00,2.63,2.877029814208011
2018-09-02 03:30:00,2.63,2.877029814208011
2018-09-02 03:45:00,2.81,2.912886316973102
2018-09-02 04:00:00,3.2,2.877029814208011
2018-09-02 04:15:00,2.77,2.877029814208011
2018-09-02 04:30:00,2.66,3.1119694901703494
2018-09-02 04:45:00,3.2,2.877029814208011
2018-09-02 05:00:00,3.17,2.877029814208011
2018-09-02 05:15:00,2.59,3.145519657265854
2018-09-02 05:30:00,2.56,3.145519657265854
2018-09-02 05:45:00,2.63,2.885878289007866
2018-09-02 06:00:00,2.56,2.877029814208011
2018-09-02 06:15:00,2.56,2.907169196285563
2018-09-02 06:30:00,2.56,2.907169196285563
2018-09-02 06:45:00,2.56,2.877029814208011
2018-09-02 07:00:00,2.59,2.877029814208011
2018-09-02 07:15:00,2.66,2.877029814208011
2018-09-02 07:30:00,2.77,2.9557230126832463
2018-09-02 07:45:00,2.7,3.0825489531522154
2018-09-02 08:00:00,26.17,8.006308668721283
2018-09-02 08:15:00,50.18,6.8973870418529595
2018-09-02 08:30:00,42.37,30.457351149120733
2018-09-02 08:45:00,41.76,50.836302314467474
2018-09-02 09:00:00,31.46,40.94078739248894
2018-09-02 09:15:00,39.13,36.3647480030876
2018-09-02 09:30:00,56.95,35.51545149375587
2018-09-02 09:45:00,35.14,39.72976063759092
2018-09-02 10:00:00,51.34,48.831412578882116
2018-09-02 10:15:00,48.67,35.067008580026354
2018-09-02 10:30:00,32.36,44.214721182675504
2018-09-02 10:45:00,31.14,38.70923851287784
2018-09-02 11:00:00,35.53,33.20688363024946
2018-09-02 11:15:00,52.63,29.722391364592212
2018-09-02 11:30:00,57.38,21.910127366928677
2018-09-02 11:45:00,21.67,14.7148512346461
2018-09-02 12:00:00,3.17,7.233137781419469
2018-09-02 12:15:00,3.17,9.827268279793083
2018-09-02 12:30:00,3.31,6.995159490370125
2018-09-02 12:45:00,3.89,7.76883629277236
2018-09-02 13:00:00,13.43,19.609419242968148
2018-09-02 13:15:00,32.8,23.912877796156234
2018-09-02 13:30:00,52.2,38.09101130173157
2018-09-02 13:45:00,56.56,28.954500792294894
2018-09-02 14:00:00,33.91,32.87783673707566
2018-09-02 14:15:00,42.41,32.84023276954397
2018-09-02 14:30:00,44.75,25.76567626566698
2018-09-02 14:45:00,47.7,28.179613389360615
2018-09-02 15:00:00,44.82,31.153937106771103
2018-09-02 15:15:00,31.68,32.66249800184735
2018-09-02 15:30:00,23.69,31.47044609261858
2018-09-02 15:45:00,5.65,30.402144569116594
2018-09-02 16:00:00,5.04,29.440379894162458
2018-09-02 16:15:00,3.64,9.659274720352238
2018-09-02 16:30:00,3.6,5.241140344481104
2018-09-02 16:45:00,3.64,3.61124418334939
2018-09-02 17:00:00,3.6,3.4074964006445456
2018-09-02 17:15:00,3.64,3.3498468248842634
2018-09-02 17:30:00,3.53,3.1954571176516455
2018-09-02 17:45:00,3.42,3.1954571176516455
2018-09-02 18:00:00,3.42,3.283699586811391
2018-09-02 18:15:00,3.49,3.5032792038253087
2018-09-02 18:30:00,3.02,3.5032792038253087
2018-09-02 18:45:00,2.92,3.5032792038253087
2018-09-02 19:00:00,2.81,3.099498999208784
2018-09-02 19:15:00,2.84,3.015668279600974
2018-09-02 19:30:00,2.99,2.9509380887569985
2018-09-02 19:45:00,2.88,2.940123188340291
2018-09-02 20:00:00,2.92,2.958323948953713
2018-09-02 20:15:00,3.64,2.940123188340291
2018-09-02 20:30:00,3.35,2.940123188340291
2018-09-02 20:45:00,2.95,3.2802155926389234
2018-09-02 21:00:00,2.99,3.337393737519161
2018-09-02 21:15:00,2.92,2.997049307167762
2018-09-02 21:30:00,2.92,2.938738437922121
2018-09-02 21:45:00,2.88,2.8558074864647236
2018-09-02 22:00:00,2.7,2.8221419324880324
2018-09-02 22:15:00,2.77,2.8221419324880324
2018-09-02 22:30:00,2.81,2.81172512007089
2018-09-02 22:45:00,2.74,2.932088302439402
2018-09-02 23:00:00,2.66,2.932088302439402
2018-09-02 23:15:00,2.7,2.81172512007089
2018-09-02 23:30:00,2.74,2.856469680434028
2018-09-02 23:45:00,2.7,2.793986292369
2018-09-03 00:00:00,3.35,2.890146259616727
2018-09-03 00:15:00,2.74,2.8635589571149818
2018-09-03 00:30:00,2.74,3.168218367985896
2018-09-03 00:45:00,2.74,2.8635589571149818
2018-09-03 01:00:00,2.74,2.8635589571149818
2018-09-03 01:15:00,2.74,2.8635589571149818
2018-09-03 01:30:00,2.77,2.890146259616727
2018-09-03 01:45:00,2.74,2.8635589571149818
2018-09-03 02:00:00,3.17,2.8635589571149818
2018-09-03 02:15:00,3.31,2.8635589571149818
2018-09-03 02:30:00,2.74,3.1026970064626913
2018-09-03 02:45:00,2.7,3.291624938708081
2018-09-03 03:00:00,2.77,2.8821746754665347
2018-09-03 03:15:00,2.74,2.9101459337133138
2018-09-03 03:30:00,2.74,2.9402853157908657
2018-09-03 03:45:00,3.28,2.9631359693508497
2018-09-03 04:00:00,2.7,2.955450953753848
2018-09-03 04:15:00,2.77,3.2803692833679783
2018-09-03 04:30:00,2.7,2.9189944085131687
2018-09-03 04:45:00,2.77,2.955450953753848
2018-09-03 05:00:00,2.7,2.955450953753848
2018-09-03 05:15:00,2.63,3.060648498159378
2018-09-03 05:30:00,2.63,2.9101459337133138
2018-09-03 05:45:00,2.66,2.9189944085131687
2018-09-03 06:00:00,2.59,2.9101459337133138
2018-09-03 06:15:00,2.74,2.9189944085131687
2018-09-03 06:30:00,2.66,2.9101459337133138
2018-09-03 06:45:00,2.66,2.9101459337133138
2018-09-03 07:00:00,2.77,2.941956442098114
2018-09-03 07:15:00,4.54,3.062319624466626
2018-09-03 07:30:00,3.71,3.3168433123225594
2018-09-03 07:45:00,2.95,5.822692727315477
2018-09-03 08:00:00,12.17,29.675539056962474
2018-09-03 08:15:00,41.9,30.52615105220526
2018-09-03 08:30:00,41.04,52.620288967212986
2018-09-03 08:45:00,46.08,58.33560416426192
2018-09-03 09:00:00,46.66,49.0453419553451
2018-09-03 09:15:00,67.0,51.94139472571953
2018-09-03 09:30:00,65.88,52.185234954291985
2018-09-03 09:45:00,41.0,61.98729704125358
2018-09-03 10:00:00,41.22,59.9081265877662
2018-09-03 10:15:00,40.93,48.6676146037496
2018-09-03 10:30:00,39.17,48.37742393731217
2018-09-03 10:45:00,44.24,49.80605617640315
2018-09-03 11:00:00,59.94,47.52884531075523
2018-09-03 11:15:00,39.13,47.513465114937325
2018-09-03 11:30:00,39.6,55.2041982160869
2018-09-03 11:45:00,30.71,30.306971464982897
2018-09-03 12:00:00,5.08,10.855433408862774
2018-09-03 12:15:00,5.0,10.064684172862158
2018-09-03 12:30:00,4.97,5.412832406416909
2018-09-03 12:45:00,5.11,6.195219091051001
2018-09-03 13:00:00,23.15,42.406704646131715
2018-09-03 13:15:00,46.26,50.870582154033436
2018-09-03 13:30:00,63.58,53.44037927627209
2018-09-03 13:45:00,54.22,50.54805726018048
2018-09-03 14:00:00,56.77,59.86533771555639
2018-09-03 14:15:00,51.34,57.692079779577426
2018-09-03 14:30:00,54.94,57.13105053640006
2018-09-03 14:45:00,60.88,57.97635684197497
2018-09-03 15:00:00,58.9,58.59515871152914
2018-09-03 15:15:00,55.15,57.038447107399676
2018-09-03 15:30:00,79.67,58.82184064031944
2018-09-03 15:45:00,83.16,57.636891054608476
2018-09-03 16:00:00,113.65,73.8180636687984
2018-09-03 16:15:00,63.83,78.8036671678942
2018-09-03 16:30:00,118.04,87.16576912054391
2018-09-03 16:45:00,110.56,70.4791166542645
2018-09-03 17:00:00,72.43,83.00319684790843
2018-09-03 17:15:00,88.74,86.1449846549317
2018-09-03 17:30:00,38.27,51.57569909675381
2018-09-03 17:45:00,30.92,37.0456828869175
2018-09-03 18:00:00,52.6,26.69244183199886
2018-09-03 18:15:00,77.83,58.09911430324783
2018-09-03 18:30:00,75.89,55.961228445097554
2018-09-03 18:45:00,30.53,85.99766377144772
2018-09-03 19:00:00,29.3,86.41928943063546
2018-09-03 19:15:00,27.11,41.14264217759661
2018-09-03 19:30:00,25.67,32.97494579715026
2018-09-03 19:45:00,25.67,30.289616978758705
2018-09-03 20:00:00,25.74,26.680148934716016
2018-09-03 20:15:00,26.42,27.77198379083692
2018-09-03 20:30:00,25.31,17.44942333135437
2018-09-03 20:45:00,4.57,13.347954534072473
2018-09-03 21:00:00,5.0,7.839423709992149
2018-09-03 21:15:00,3.64,4.019899195262991
2018-09-03 21:30:00,3.67,4.0566295872250455
2018-09-03 21:45:00,3.53,3.4725933810271794
2018-09-03 22:00:00,3.35,3.3914318582215546
2018-09-03 22:15:00,3.31,3.392476238398274
2018-09-03 22:30:00,3.31,3.2678437484524974
2018-09-03 22:45:00,2.74,3.4830287322117908
2018-09-03 23:00:00,2.7,3.2838109625191394
2018-09-03 23:15:00,2.66,2.976108163294552
2018-09-03 23:30:00,2.66,2.9113779724505764
2018-09-03 23:45:00,2.56,3.020926254402381
2018-09-04 00:00:00,2.66,2.9902034595091425
2018-09-04 00:15:00,2.66,2.8824546342017725
2018-09-04 00:30:00,2.7,2.8824546342017725
2018-09-04 00:45:00,2.7,2.8824546342017725
2018-09-04 01:00:00,2.66,2.8824546342017725
2018-09-04 01:15:00,2.7,2.8690720947614454
2018-09-04 01:30:00,2.7,2.8948884753446142
2018-09-04 01:45:00,2.77,2.8720378217846303
2018-09-04 02:00:00,2.7,2.953199344590255
2018-09-04 02:15:00,2.88,2.953199344590255
2018-09-04 02:30:00,3.02,2.8720378217846303
2018-09-04 02:45:00,2.63,2.8720378217846303
2018-09-04 03:00:00,3.28,2.9236451901567246
2018-09-04 03:15:00,3.17,2.9274732731828172
2018-09-04 03:30:00,2.63,3.249070203735969
2018-09-04 03:45:00,2.66,3.538371637552773
2018-09-04 04:00:00,2.59,2.9487641804605143
2018-09-04 04:15:00,2.63,2.9414754519429462
2018-09-04 04:30:00,2.63,2.9487641804605143
2018-09-04 04:45:00,2.66,2.971614834020498
2018-09-04 05:00:00,2.66,2.9186247983829623
2018-09-04 05:15:00,2.59,2.9186247983829623
2018-09-04 05:30:00,2.59,2.9186247983829623
2018-09-04 05:45:00,2.74,2.9186247983829623
2018-09-04 06:00:00,3.17,2.9186247983829623
2018-09-04 06:15:00,2.74,2.9186247983829623
2018-09-04 06:30:00,2.63,3.078191696547704
2018-09-04 06:45:00,2.63,2.9186247983829623
2018-09-04 07:00:00,2.59,2.9732859603277464
2018-09-04 07:15:00,2.77,3.0315968295733873
2018-09-04 07:30:00,2.88,3.39217558171169
2018-09-04 07:45:00,3.24,3.332642454969504
2018-09-04 08:00:00,29.3,17.500435991312436
2018-09-04 08:15:00,51.34,42.17273121409689
2018-09-04 08:30:00,72.76,57.485056141733786
2018-09-04 08:45:00,65.02,57.20670500657948
2018-09-04 09:00:00,81.65,67.76743850248859
2018-09-04 09:15:00,59.15,63.63304952523534
2018-09-04 09:30:00,55.58,67.28599920384089
2018-09-04 09:45:00,84.42,57.6004919916042
2018-09-04 10:00:00,99.25,53.63803001514009
2018-09-04 10:15:00,89.53,74.32551449783305
2018-09-04 10:30:00,102.67,79.8305475448059
2018-09-04 10:45:00,105.95,84.87260717471437
2018-09-04 11:00:00,122.65,83.2047517145895
2018-09-04 11:15:00,98.24,89.83744885514135
2018-09-04 11:30:00,113.51,93.69682290678105
2018-09-04 11:45:00,99.04,60.82826727732044
2018-09-04 12:00:00,5.44,8.342222314383301
2018-09-04 12:15:00,5.4,13.352552955983425
2018-09-04 12:30:00,4.32,3.5771020609830333
2018-09-04 12:45:00,4.61,6.0870056024369505
2018-09-04 13:00:00,47.52,49.948647601170464
2018-09-04 13:15:00,107.17,94.4719128195622
2018-09-04 13:30:00,90.97,72.35273126752037
2018-09-04 13:45:00,112.0,94.19671603852717
2018-09-04 14:00:00,90.79,85.98665596379578
2018-09-04 14:15:00,103.9,80.48306192296833
2018-09-04 14:30:00,101.92,94.9632222593393
2018-09-04 14:45:00,99.4,89.954457159372
2018-09-04 15:00:00,100.51,92.79683368437881
2018-09-04 15:15:00,85.9,86.05032719350262
2018-09-04 15:30:00,102.6,92.40241973600942
2018-09-04 15:45:00,82.15,91.38774970542642
2018-09-04 16:00:00,118.69,85.86617299742556
2018-09-04 16:15:00,90.83,90.0701869210742
2018-09-04 16:30:00,102.28,95.4244754974385
2018-09-04 16:45:00,102.96,90.64707197836547
2018-09-04 17:00:00,68.36,90.72561545661598
2018-09-04 17:15:00,100.19,85.42962215772289
2018-09-04 17:30:00,59.44,41.95175347931175
2018-09-04 17:45:00,40.68,31.109993143068603
2018-09-04 18:00:00,47.02,55.85439399065278
2018-09-04 18:15:00,75.85,62.237165687647476
2018-09-04 18:30:00,85.75,62.099414413243224
2018-09-04 18:45:00,76.75,71.62396592576874
2018-09-04 19:00:00,76.75,64.82293564003565
2018-09-04 19:15:00,78.95,71.72442464001703
2018-09-04 19:30:00,72.0,67.66984473781564
2018-09-04 19:45:00,88.02,67.28090537131945
2018-09-04 20:00:00,72.47,69.85912404885423
2018-09-04 20:15:00,88.09,76.4424875389086
2018-09-04 20:30:00,64.62,60.97189598352411
2018-09-04 20:45:00,11.3,35.490073090016416
2018-09-04 21:00:00,4.57,19.974426784040592
2018-09-04 21:15:00,3.49,5.745458303043546
2018-09-04 21:30:00,3.49,2.667432698061438
2018-09-04 21:45:00,3.49,3.7832589457360966
2018-09-04 22:00:00,3.31,4.366640415852467
2018-09-04 22:15:00,3.1,3.7747162384367985
2018-09-04 22:30:00,2.66,3.1000032552275956
2018-09-04 22:45:00,2.59,3.2376317484352537
2018-09-04 23:00:00,2.52,3.162663123205639
2018-09-04 23:15:00,2.48,3.1255562079618757
2018-09-04 23:30:00,2.52,3.1255562079618757
2018-09-04 23:45:00,2.81,3.1643740755885017
2018-09-05 00:00:00,2.48,2.9668584643448144
2018-09-05 00:15:00,2.52,3.0056763319714404
2018-09-05 00:30:00,2.52,2.9668584643448144
2018-09-05 00:45:00,2.48,3.0056763319714404
2018-09-05 01:00:00,2.59,3.0056763319714404
2018-09-05 01:15:00,2.48,3.0218468220560433
2018-09-05 01:30:00,2.48,2.995259519554298
2018-09-05 01:45:00,2.48,3.018110173114282
2018-09-05 02:00:00,2.52,2.995259519554298
2018-09-05 02:15:00,3.42,3.076421042359923
2018-09-05 02:30:00,3.71,3.076421042359923
2018-09-05 02:45:00,2.52,3.3187318147513323
2018-09-05 03:00:00,2.52,4.398347589848036
2018-09-05 03:15:00,2.48,3.1054324074775903
2018-09-05 03:30:00,2.48,3.0601273874370563
2018-09-05 03:45:00,2.52,3.071985878230182
2018-09-05 04:00:00,2.59,3.192349060598694
2018-09-05 04:15:00,2.52,3.04184649615263
2018-09-05 04:30:00,2.52,3.04184649615263
2018-09-05 04:45:00,2.56,3.04184649615263
2018-09-05 05:00:00,2.52,3.04184649615263
2018-09-05 05:15:00,2.48,3.162209678521142
2018-09-05 05:30:00,2.56,3.04184649615263
2018-09-05 05:45:00,2.48,3.04184649615263
2018-09-05 06:00:00,2.52,3.087151516193164
2018-09-05 06:15:00,2.77,3.0525536207923016
2018-09-05 06:30:00,3.31,3.0525536207923016
2018-09-05 06:45:00,2.99,3.0525536207923016
2018-09-05 07:00:00,2.7,3.3497620486081177
2018-09-05 07:15:00,2.92,3.243524048012337
2018-09-05 07:30:00,3.02,3.9394709478818246
2018-09-05 07:45:00,2.88,4.113131130618183
2018-09-05 08:00:00,40.32,28.16421915084602
2018-09-05 08:15:00,95.4,40.82594202104915
2018-09-05 08:30:00,98.06,66.28728581005208
2018-09-05 08:45:00,111.92,89.78898072616899
2018-09-05 09:00:00,97.81,89.61587014077678
2018-09-05 09:15:00,100.08,94.63383042044187
2018-09-05 09:30:00,103.54,100.1934711402411
2018-09-05 09:45:00,60.23,82.99961752302974
2018-09-05 10:00:00,56.99,90.0100657695547
2018-09-05 10:15:00,55.4,70.88438550308038
2018-09-05 10:30:00,53.82,65.80548519088083
2018-09-05 10:45:00,53.57,64.28143333732618
2018-09-05 11:00:00,47.45,62.14889025188351
2018-09-05 11:15:00,64.26,60.95477586401643
2018-09-05 11:30:00,66.17,57.53696051407467
2018-09-05 11:45:00,52.81,63.87305466130108
2018-09-05 12:00:00,6.95,9.14195120373093
2018-09-05 12:15:00,5.51,9.947489027348047
2018-09-05 12:30:00,5.44,6.492763745182303
2018-09-05 12:45:00,5.47,5.741570151574
2018-09-05 13:00:00,28.3,38.98151672138445
2018-09-05 13:15:00,71.17,67.2152949650107
2018-09-05 13:30:00,70.38,62.184754901657634
2018-09-05 13:45:00,56.05,74.7354624503431
2018-09-05 14:00:00,50.29,74.55017273061482
2018-09-05 14:15:00,65.63,64.91151684895146
2018-09-05 14:30:00,64.73,60.1549326681484
2018-09-05 14:45:00,48.49,67.8218001527647
2018-09-05 15:00:00,49.68,64.57382925008056
2018-09-05 15:15:00,54.07,57.11617340802046
2018-09-05 15:30:00,66.71,60.55643406425875
2018-09-05 15:45:00,63.86,62.06874873564889
2018-09-05 16:00:00,61.81,63.03667150093
2018-09-05 16:15:00,52.78,61.63518127670773
2018-09-05 16:30:00,54.22,60.426178121234564
2018-09-05 16:45:00,49.03,56.62102102195278
2018-09-05 17:00:00,60.08,55.23751677598479
2018-09-05 17:15:00,62.28,53.513310898138286
2018-09-05 17:30:00,32.51,49.42994211233136
2018-09-05 17:45:00,29.95,41.441030564928276
2018-09-05 18:00:00,52.6,39.199679703225776
2018-09-05 18:15:00,47.52,47.695125353131594
2018-09-05 18:30:00,49.79,61.00403468114811
2018-09-05 18:45:00,45.9,52.2476573031164
2018-09-05 19:00:00,51.88,52.168083439299245
2018-09-05 19:15:00,51.34,50.671104829463864
2018-09-05 19:30:00,59.33,53.45108943013579
2018-09-05 19:45:00,55.8,53.00679580570642
2018-09-05 20:00:00,47.99,54.82655481203869
2018-09-05 20:15:00,54.58,56.78930827009887
2018-09-05 20:30:00,46.26,49.428774495616636
2018-09-05 20:45:00,27.94,15.757194081532196
2018-09-05 21:00:00,8.86,14.660068319356526
2018-09-05 21:15:00,3.78,5.336707563453858
2018-09-05 21:30:00,3.74,5.705930041321744
2018-09-05 21:45:00,3.85,3.2213773005142885
2018-09-05 22:00:00,3.56,3.7241080979388066
2018-09-05 22:15:00,3.53,3.9661037652475963
2018-09-05 22:30:00,3.49,3.6349063008410365
2018-09-05 22:45:00,3.64,3.4248143315263375
2018-09-05 23:00:00,4.64,3.4248143315263375
2018-09-05 23:15:00,3.92,3.4248143315263375
2018-09-05 23:30:00,2.81,3.901124138663154
2018-09-05 23:45:00,3.35,3.771934740287622
2018-09-06 00:00:00,2.77,3.250736201133985
2018-09-06 00:15:00,2.81,3.477807034380386
2018-09-06 00:30:00,2.84,2.9948052487366836
2018-09-06 00:45:00,2.81,3.0227535567149473
2018-09-06 01:00:00,2.81,3.0227535567149473
2018-09-06 01:15:00,2.84,3.00937101727462
2018-09-06 01:30:00,2.84,2.99163218957273
2018-09-06 01:45:00,2.81,3.00937101727462
2018-09-06 02:00:00,2.88,3.00937101727462
2018-09-06 02:15:00,2.81,3.090532540080245
2018-09-06 02:30:00,2.95,3.111752441941767
2018-09-06 02:45:00,2.95,3.030590919136142
2018-09-06 03:00:00,2.95,3.062899713524059
2018-09-06 03:15:00,3.02,3.1000868432349726
2018-09-06 03:30:00,3.31,3.0818326683966357
2018-09-06 03:45:00,3.28,3.0818326683966357
2018-09-06 04:00:00,3.02,3.4469422721771705
2018-09-06 04:15:00,3.02,3.4909873424702824
2018-09-06 04:30:00,3.6,3.1441586299741737
2018-09-06 04:45:00,3.06,3.1441586299741737
2018-09-06 05:00:00,2.92,3.5294255184872023
2018-09-06 05:15:00,2.92,3.165771529944901
2018-09-06 05:30:00,2.92,3.124801762049482
2018-09-06 05:45:00,2.95,3.124801762049482
2018-09-06 06:00:00,2.92,3.062475800471944
2018-09-06 06:15:00,3.06,3.115390446596291
2018-09-06 06:30:00,2.81,3.1445147879764983
2018-09-06 06:45:00,2.81,3.191955490680269
2018-09-06 07:00:00,3.06,3.1232476083347525
2018-09-06 07:15:00,3.28,3.3065181386705524
2018-09-06 07:30:00,3.06,4.086244278955851
2018-09-06 07:45:00,3.2,5.209240826803371
2018-09-06 08:00:00,31.39,25.454157041016774
2018-09-06 08:15:00,59.15,53.505046412976114
2018-09-06 08:30:00,54.11,66.51693162374706
2018-09-06 08:45:00,62.68,61.536685513579904
2018-09-06 09:00:00,62.89,56.02033843761922
2018-09-06 09:15:00,57.78,59.348525402404626
2018-09-06 09:30:00,50.9,55.26420606428833
2018-09-06 09:45:00,48.56,52.20544661372182
2018-09-06 10:00:00,50.94,50.840535636572945
2018-09-06 10:15:00,58.46,57.249163951120025
2018-09-06 10:30:00,58.14,57.94462061471889
2018-09-06 10:45:00,51.66,58.77801068831412
2018-09-06 11:00:00,55.37,57.370883178784126
2018-09-06 11:15:00,59.51,56.941383420465904
2018-09-06 11:30:00,59.83,54.65504306172165
2018-09-06 11:45:00,55.69,48.14356658653361
2018-09-06 12:00:00,5.8,9.79666934191782
2018-09-06 12:15:00,5.22,8.356826135949524
2018-09-06 12:30:00,5.4,5.0932486757792415
2018-09-06 12:45:00,6.12,6.0519679964162
2018-09-06 13:00:00,32.47,29.9195610053709
2018-09-06 13:15:00,61.38,55.70186326912103
2018-09-06 13:30:00,54.94,59.86947145559447
2018-09-06 13:45:00,58.21,62.927289501551314
2018-09-06 14:00:00,54.32,56.20094691677924
2018-09-06 14:15:00,57.78,56.64960213348654
2018-09-06 14:30:00,48.46,56.14184748919962
2018-09-06 14:45:00,48.46,57.26769900956254
2018-09-06 15:00:00,46.91,55.52302308413449
2018-09-06 15:15:00,53.96,56.76503014668184
2018-09-06 15:30:00,60.44,51.92648363950146
2018-09-06 15:45:00,59.9,56.83433755929345
2018-09-06 16:00:00,56.41,55.86714171623297
2018-09-06 16:15:00,57.92,55.04803629586394
2018-09-06 16:30:00,49.72,57.026625884128855
2018-09-06 16:45:00,57.89,54.990396949270085
2018-09-06 17:00:00,60.44,51.90857093088067
2018-09-06 17:15:00,59.69,50.35856099618795
2018-09-06 17:30:00,31.36,40.97614700017203
2018-09-06 17:45:00,29.2,39.84360171994977
2018-09-06 18:00:00,49.25,41.4729760534667
2018-09-06 18:15:00,58.82,46.673584883144215
2018-09-06 18:30:00,57.85,57.03244932096173
2018-09-06 18:45:00,59.83,52.205855726973496
2018-09-06 19:00:00,57.49,51.77926635411154
2018-09-06 19:15:00,49.9,51.86783900456245
2018-09-06 19:30:00,55.37,57.089746876742545
2018-09-06 19:45:00,66.89,49.87308421831538
2018-09-06 20:00:00,55.76,55.145545624690904
2018-09-06 20:15:00,70.38,61.982376737623326
2018-09-06 20:30:00,58.5,48.70357168410355
2018-09-06 20:45:00,63.5,21.202181294943514
2018-09-06 21:00:00,7.92,7.837877656664285
2018-09-06 21:15:00,3.96,14.631264536049194
2018-09-06 21:30:00,3.85,4.631410690676913
2018-09-06 21:45:00,3.78,3.907832700155067
2018-09-06 22:00:00,3.49,3.957893063199219
2018-09-06 22:15:00,3.53,4.534270574789532
2018-09-06 22:30:00,3.53,3.5957046412781493
2018-09-06 22:45:00,4.14,3.6263390367004744
2018-09-06 23:00:00,4.64,3.5059758543319623
2018-09-06 23:15:00,3.42,4.017131016548387
2018-09-06 23:30:00,3.31,4.048548934248933
2018-09-06 23:45:00,4.79,3.6332023707863765
2018-09-07 00:00:00,3.31,3.489672339533352
2018-09-07 00:15:00,3.31,3.9381187355376044
2018-09-07 00:30:00,3.35,3.3800506822748178
2018-09-07 00:45:00,3.31,3.3999435525871653
2018-09-07 01:00:00,3.53,3.337234786374998
2018-09-07 01:15:00,3.67,3.382163116180312
2018-09-07 01:30:00,3.1,3.382163116180312
2018-09-07 01:45:00,2.95,3.323852246934671
2018-09-07 02:00:00,2.95,3.1157080763381377
2018-09-07 02:15:00,2.88,3.0390675184932237
2018-09-07 02:30:00,2.92,3.1106038838894254
2018-09-07 02:45:00,3.06,3.1452156200947936
2018-09-07 03:00:00,2.99,3.0381717608537864
2018-09-07 03:15:00,2.92,3.094348361825112
2018-09-07 03:30:00,2.95,3.094348361825112
2018-09-07 03:45:00,2.99,3.0749914939004204
2018-09-07 04:00:00,3.02,3.094348361825112
2018-09-07 04:15:00,2.95,3.2147115441936243
2018-09-07 04:30:00,3.49,3.094348361825112
2018-09-07 04:45:00,3.42,3.094348361825112
2018-09-07 05:00:00,2.99,3.444232666335127
2018-09-07 05:15:00,2.99,3.482670842352047
2018-09-07 05:30:00,2.99,3.19511249941957
2018-09-07 05:45:00,2.95,3.176858324581233
2018-09-07 06:00:00,3.2,3.115839581205279
2018-09-07 06:15:00,3.56,3.0868013116264468
2018-09-07 06:30:00,3.02,3.1493759541979394
2018-09-07 06:45:00,2.99,3.2835986743386565
2018-09-07 07:00:00,3.02,3.2058196240592416
2018-09-07 07:15:00,3.06,3.3261828064277537
2018-09-07 07:30:00,3.2,3.801517232225144
2018-09-07 07:45:00,3.06,3.794973034047954
2018-09-07 08:00:00,35.71,29.491837534011445
2018-09-07 08:15:00,93.38,33.51211217465231
2018-09-07 08:30:00,96.44,58.630446044530075
2018-09-07 08:45:00,84.89,85.97748157888108
2018-09-07 09:00:00,107.93,88.87529335716378
2018-09-07 09:15:00,93.42,89.63030089033626
2018-09-07 09:30:00,103.9,82.39897417348698
2018-09-07 09:45:00,85.39,82.76040390282279
2018-09-07 10:00:00,107.24,82.33843297067041
2018-09-07 10:15:00,91.69,89.5409779404006
2018-09-07 10:30:00,100.15,86.44584117488627
2018-09-07 10:45:00,102.24,91.14730749424758
2018-09-07 11:00:00,101.12,87.50003006675894
2018-09-07 11:15:00,104.15,97.36317298050032
2018-09-07 11:30:00,84.92,90.88390484537506
2018-09-07 11:45:00,95.29,85.25496773744636
2018-09-07 12:00:00,3.92,4.246599638805526
2018-09-07 12:15:00,4.54,8.930315397768425
2018-09-07 12:30:00,4.28,4.613504753676505
2018-09-07 12:45:00,4.46,7.024237468328254
2018-09-07 13:00:00,43.16,54.50365788134353
2018-09-07 13:15:00,114.37,95.08193289224846
2018-09-07 13:30:00,107.35,73.25338334480409
2018-09-07 13:45:00,95.65,93.47862198628333
2018-09-07 14:00:00,118.69,91.77035061536182
2018-09-07 14:15:00,96.34,89.67115280420762
2018-09-07 14:30:00,113.51,103.99231686672351
2018-09-07 14:45:00,63.79,94.25028721800753
2018-09-07 15:00:00,41.29,93.6390907518989
2018-09-07 15:15:00,50.36,80.72220980279363
2018-09-07 15:30:00,42.19,60.06508546659716
2018-09-07 15:45:00,51.91,64.88773284205544
2018-09-07 16:00:00,111.42,50.35525794750833
2018-09-07 16:15:00,100.73,60.97867402287678
2018-09-07 16:30:00,107.68,87.47806623855234
2018-09-07 16:45:00,89.68,90.81818788824731
2018-09-07 17:00:00,94.72,88.91593455360061
2018-09-07 17:15:00,81.65,84.59298071545454
2018-09-07 17:30:00,28.84,36.12211636694874
2018-09-07 17:45:00,29.02,33.10629749580493
2018-09-07 18:00:00,52.27,44.11614048177998
2018-09-07 18:15:00,72.43,80.85768971316264
2018-09-07 18:30:00,54.97,75.84659595867669
2018-09-07 18:45:00,47.66,82.70420788430212
2018-09-07 19:00:00,48.42,65.9452287824365
2018-09-07 19:15:00,73.62,60.943974564099975
2018-09-07 19:30:00,106.96,62.173442204011394
2018-09-07 19:45:00,105.05,72.78397399150873
2018-09-07 20:00:00,97.92,88.37548241919876
2018-09-07 20:15:00,91.33,88.13134241792038
2018-09-07 20:30:00,114.98,81.12169532407925
2018-09-07 20:45:00,74.41,64.81843456067436
2018-09-07 21:00:00,13.28,34.893923785224864
2018-09-07 21:15:00,4.25,19.004072713857983
2018-09-07 21:30:00,4.21,1.140392592789704
2018-09-07 21:45:00,4.18,4.802799589621264
2018-09-07 22:00:00,3.89,4.7022963483227995
2018-09-07 22:15:00,3.89,4.581140285487058
2018-09-07 22:30:00,3.78,3.802601626914172
2018-09-07 22:45:00,3.71,5.323950365803061
2018-09-07 23:00:00,3.71,3.543922857356963
2018-09-07 23:15:00,3.64,3.662288566414128
2018-09-07 23:30:00,3.85,3.3884291980326986
2018-09-07 23:45:00,3.02,3.830178853694689
2018-09-08 00:00:00,3.64,3.9244633857235254
2018-09-08 00:15:00,3.1,3.3824189039617565
2018-09-08 00:30:00,3.1,3.8232168429236935
2018-09-08 00:45:00,2.99,3.272462425958142
2018-09-08 01:00:00,3.17,3.0322453712443376
2018-09-08 01:15:00,3.06,3.238998906612419
2018-09-08 01:30:00,3.1,3.4031223269318587
2018-09-08 01:45:00,3.02,3.1742687157684433
2018-09-08 02:00:00,3.02,3.1925984043677165
2018-09-08 02:15:00,3.1,3.1742687157684433
2018-09-08 02:30:00,3.17,3.195488617629965
2018-09-08 02:45:00,3.1,3.341647479465469
2018-09-08 03:00:00,3.1,3.4360562353277784
2018-09-08 03:15:00,3.31,3.296817578007473
2018-09-08 03:30:00,3.6,3.4397613277350194
2018-09-08 03:45:00,3.17,3.727829267547921
2018-09-08 04:00:00,3.17,3.6242913612256014
2018-09-08 04:15:00,3.17,3.5557266113487236
2018-09-08 04:30:00,3.13,3.5557266113487236
2018-09-08 04:45:00,3.2,3.5557266113487236
2018-09-08 05:00:00,3.78,3.341011045337235
2018-09-08 05:15:00,3.49,3.538901335302531
2018-09-08 05:30:00,3.13,3.6242913612256014
2018-09-08 05:45:00,3.17,3.6242913612256014
2018-09-08 06:00:00,3.13,3.3578363213834272
2018-09-08 06:15:00,3.13,3.4317905886271665
2018-09-08 06:30:00,3.2,3.488906628391611
2018-09-08 06:45:00,3.78,3.450468452374691
2018-09-08 07:00:00,3.28,3.3933524126102466
2018-09-08 07:15:00,3.24,3.5003553385040442
2018-09-08 07:30:00,3.24,4.657404999854639
2018-09-08 07:45:00,3.02,5.412514513945358
2018-09-08 08:00:00,25.56,31.664094471770454
2018-09-08 08:15:00,32.83,30.650983568733185
2018-09-08 08:30:00,32.58,42.984109635756575
2018-09-08 08:45:00,33.01,42.28526279865381
2018-09-08 09:00:00,33.08,39.800999271639476
2018-09-08 09:15:00,32.87,40.987228707115655
2018-09-08 09:30:00,47.81,35.196685246736294
2018-09-08 09:45:00,33.16,36.620635184355514
2018-09-08 10:00:00,41.18,49.98937258930183
2018-09-08 10:15:00,50.47,37.372735274131614
2018-09-08 10:30:00,34.7,44.22126986708506
2018-09-08 10:45:00,51.73,49.956062478800874
2018-09-08 11:00:00,39.49,39.47992114579262
2018-09-08 11:15:00,33.7,52.36961841766548
2018-09-08 11:30:00,40.25,42.33072660765392
2018-09-08 11:45:00,17.71,36.265798130391076
2018-09-08 12:00:00,3.24,7.822630775033074
2018-09-08 12:15:00,3.31,5.969971229630385
2018-09-08 12:30:00,3.31,4.601627394550066
2018-09-08 12:45:00,3.28,5.822313177958683
2018-09-08 13:00:00,19.37,22.27984252920374
2018-09-08 13:15:00,40.39,28.946671494794884
2018-09-08 13:30:00,33.91,36.070817757044445
2018-09-08 13:45:00,32.69,44.055440006872075
2018-09-08 14:00:00,36.07,37.51925341188291
2018-09-08 14:15:00,52.6,38.57992025220629
2018-09-08 14:30:00,48.6,35.96907723151403
2018-09-08 14:45:00,34.81,50.24233150424096
2018-09-08 15:00:00,35.24,47.12319882012399
2018-09-08 15:15:00,34.7,37.92102674371772
2018-09-08 15:30:00,53.06,38.08666028110024
2018-09-08 15:45:00,49.46,37.923392287736455
2018-09-08 16:00:00,32.51,50.11118456618813
2018-09-08 16:15:00,32.98,47.116425146660866
2018-09-08 16:30:00,41.72,32.686238065133175
2018-09-08 16:45:00,18.18,20.945273893331002
2018-09-08 17:00:00,3.89,20.879028971475087
2018-09-08 17:15:00,3.71,3.2978017309060954
2018-09-08 17:30:00,3.67,3.5316899969721764
2018-09-08 17:45:00,3.56,3.4074964006445456
2018-09-08 18:00:00,3.46,3.146240655906674
2018-09-08 18:15:00,3.49,3.3631143016438427
2018-09-08 18:30:00,3.53,3.4130286369088534
2018-09-08 18:45:00,3.56,3.5915817878491745
2018-09-08 19:00:00,3.56,3.4130286369088534
2018-09-08 19:15:00,3.24,3.1806457101127714
2018-09-08 19:30:00,3.42,2.19848946769405
2018-09-08 19:45:00,3.31,2.1975637563899646
2018-09-08 20:00:00,2.99,3.054913527923268
2018-09-08 20:15:00,2.99,3.4385264720986926
2018-09-08 20:30:00,2.95,2.0567847303943734
2018-09-08 20:45:00,2.95,2.8651537453323255
2018-09-08 21:00:00,2.99,3.1413368618219875
2018-09-08 21:15:00,2.99,2.921504215907079
2018-09-08 21:30:00,3.06,2.921504215907079
2018-09-08 21:45:00,3.1,2.921504215907079
2018-09-08 22:00:00,2.81,2.921504215907079
2018-09-08 22:15:00,2.84,2.9506488049230595
2018-09-08 22:30:00,2.84,2.903303455293657
2018-09-08 22:45:00,2.84,2.903303455293657
2018-09-08 23:00:00,2.88,2.903303455293657
2018-09-08 23:15:00,3.31,2.903303455293657
2018-09-08 23:30:00,2.84,3.013249825245027
2018-09-08 23:45:00,2.77,3.195872131931384
2018-09-09 00:00:00,3.38,2.892886642876515
2018-09-09 00:15:00,2.77,2.892886642876515
2018-09-09 00:30:00,2.84,3.2066870323480914
2018-09-09 00:45:00,2.81,2.892886642876515
2018-09-09 01:00:00,2.77,2.892886642876515
2018-09-09 01:15:00,2.77,2.875147815174625
2018-09-09 01:30:00,2.81,2.892886642876515
2018-09-09 01:45:00,2.81,2.875147815174625
2018-09-09 02:00:00,2.84,2.892886642876515
2018-09-09 02:15:00,2.84,2.883056982935773
2018-09-09 02:30:00,2.84,2.865318155233883
2018-09-09 02:45:00,2.84,2.865318155233883
2018-09-09 03:00:00,3.13,2.896376306063278
2018-09-09 03:15:00,3.13,2.933196039109912
2018-09-09 03:30:00,2.95,2.9834858700656484
2018-09-09 03:45:00,2.84,2.9736562101249064
2018-09-09 04:00:00,2.84,3.072916089403116
2018-09-09 04:15:00,3.17,2.943025699050654
2018-09-09 04:30:00,3.42,2.933196039109912
2018-09-09 04:45:00,2.92,3.291909682458715
2018-09-09 05:00:00,2.92,3.2583921412515067
2018-09-09 05:15:00,2.88,2.951476930394338
2018-09-09 05:30:00,2.84,2.99552200068745
2018-09-09 05:45:00,2.81,2.951476930394338
2018-09-09 06:00:00,2.84,2.933196039109912
2018-09-09 06:15:00,3.17,2.933196039109912
2018-09-09 06:30:00,3.13,2.933196039109912
2018-09-09 06:45:00,2.81,3.036903352728974
2018-09-09 07:00:00,2.92,2.9736562101249064
2018-09-09 07:15:00,2.92,2.943025699050654
2018-09-09 07:30:00,3.06,2.793747496022529
2018-09-09 07:45:00,3.06,2.821418708197709
2018-09-09 08:00:00,3.74,9.144528481992904
2018-09-09 08:15:00,5.76,17.96586667104025
2018-09-09 08:30:00,8.53,16.747366852309682
2018-09-09 08:45:00,10.55,14.507316284455277
2018-09-09 09:00:00,10.22,16.78746726149771
2018-09-09 09:15:00,10.98,20.590665650364123
2018-09-09 09:30:00,11.45,27.965866453641365
2018-09-09 09:45:00,10.58,13.301505541193277
2018-09-09 10:00:00,11.09,27.96201232370657
2018-09-09 10:15:00,10.44,27.361915564560537
2018-09-09 10:30:00,7.67,14.3767134129706
2018-09-09 10:45:00,9.11,15.772462458001511
2018-09-09 11:00:00,20.66,14.244065200244822
2018-09-09 11:15:00,25.78,27.315167736377987
2018-09-09 11:30:00,20.99,30.202499449944092
2018-09-09 11:45:00,4.07,14.797043717573287
2018-09-09 12:00:00,4.07,8.526988946006709
2018-09-09 12:15:00,4.07,4.108212821141302
2018-09-09 12:30:00,4.1,4.2285760035098106
2018-09-09 12:45:00,4.1,5.972156074661863
2018-09-09 13:00:00,4.1,12.24410978727605
2018-09-09 13:15:00,21.1,13.950224897375504
2018-09-09 13:30:00,28.76,23.792914316225023
2018-09-09 13:45:00,29.48,21.795916536283347
2018-09-09 14:00:00,29.59,35.68355802342563
2018-09-09 14:15:00,27.36,38.9273877799428
2018-09-09 14:30:00,25.42,41.04381210502511
2018-09-09 14:45:00,25.52,31.56849057195995
2018-09-09 15:00:00,23.9,32.09124162581435
2018-09-09 15:15:00,23.26,25.265324324140565
2018-09-09 15:30:00,23.65,20.46469513825161
2018-09-09 15:45:00,17.71,20.750709735231894
2018-09-09 16:00:00,4.25,20.8524578436107
2018-09-09 16:15:00,4.5,12.472053594770186
2018-09-09 16:30:00,5.18,4.322847156822136
2018-09-09 16:45:00,6.26,4.056912694594524
2018-09-09 17:00:00,3.85,4.064837524154823
2018-09-09 17:15:00,3.67,4.869652181994651
2018-09-09 17:30:00,3.64,3.401015597901796
2018-09-09 17:45:00,3.64,3.1509796563008616
2018-09-09 18:00:00,3.49,3.129173382917597
2018-09-09 18:15:00,3.53,3.5032792038253087
2018-09-09 18:30:00,3.49,3.3829160214567966
2018-09-09 18:45:00,2.99,3.3829160214567966
2018-09-09 19:00:00,2.95,3.3829160214567966
2018-09-09 19:15:00,2.95,3.033869040214396
2018-09-09 19:30:00,2.99,3.033869040214396
2018-09-09 19:45:00,2.99,2.981772481969266
2018-09-09 20:00:00,2.95,2.958323948953713
2018-09-09 20:15:00,2.99,3.078687131322225
2018-09-09 20:30:00,2.95,3.078687131322225
2018-09-09 20:45:00,2.95,2.958323948953713
2018-09-09 21:00:00,2.99,2.9770639178170306
2018-09-09 21:15:00,3.02,2.921504215907079
2018-09-09 21:30:00,2.99,2.921504215907079
2018-09-09 21:45:00,2.95,2.921504215907079
2018-09-09 22:00:00,3.74,2.863193346661438
2018-09-09 22:15:00,4.03,2.921504215907079
2018-09-09 22:30:00,2.77,3.265008759563017
2018-09-09 22:45:00,2.88,3.4848944067587904
2018-09-09 23:00:00,2.77,2.97884854655434
2018-09-09 23:15:00,2.77,3.0431052149610904
2018-09-09 23:30:00,2.74,2.8369169712984736
2018-09-09 23:45:00,2.56,2.8449925860480163
2018-09-10 00:00:00,2.77,3.0739321370889736
2018-09-10 00:15:00,2.88,2.912996913176711
2018-09-10 00:30:00,2.77,2.9535689547204615
2018-09-10 00:45:00,2.77,2.8952580854748207
2018-09-10 01:00:00,2.84,2.8864096106749657
2018-09-10 01:15:00,2.81,2.8864096106749657
2018-09-10 01:30:00,2.77,2.8952580854748207
2018-09-10 01:45:00,3.28,2.912996913176711
2018-09-10 02:00:00,3.02,2.9535689547204615
2018-09-10 02:15:00,2.81,3.381634936313561
2018-09-10 02:30:00,2.81,2.9895085430357735
2018-09-10 02:45:00,2.81,2.96147812248161
2018-09-10 03:00:00,3.38,2.9535065383314176
2018-09-10 03:15:00,3.35,3.0116171786557486
2018-09-10 03:30:00,2.81,3.3232496996826355
2018-09-10 03:45:00,2.84,3.435866930511225
2018-09-10 04:00:00,2.81,3.003871227115826
2018-09-10 04:15:00,2.77,3.051362572874252
2018-09-10 04:30:00,2.84,3.0116171786557486
2018-09-10 04:45:00,2.88,3.0116171786557486
2018-09-10 05:00:00,2.84,3.0116171786557486
2018-09-10 05:15:00,2.81,3.0116171786557486
2018-09-10 05:30:00,3.35,3.0116171786557486
2018-09-10 05:45:00,2.95,2.9418450620731527
2018-09-10 06:00:00,2.7,3.368819534691171
2018-09-10 06:15:00,2.77,3.0408037065211824
2018-09-10 06:30:00,2.74,3.0116171786557486
2018-09-10 06:45:00,2.74,2.9631359693508497
2018-09-10 07:00:00,2.74,3.043427687040549
2018-09-10 07:15:00,3.02,3.1736205293498028
2018-09-10 07:30:00,3.17,3.3751541815682002
2018-09-10 07:45:00,3.2,3.3220463482333957
2018-09-10 08:00:00,15.44,21.01770504346922
2018-09-10 08:15:00,80.21,40.824113894499945
2018-09-10 08:30:00,58.28,39.45428897675885
2018-09-10 08:45:00,50.11,81.25336809611225
2018-09-10 09:00:00,46.66,62.056500582163345
2018-09-10 09:15:00,57.06,63.10223705688994
2018-09-10 09:30:00,58.46,58.68314259143646
2018-09-10 09:45:00,48.96,50.719997045844586
2018-09-10 10:00:00,55.66,52.68606526747645
2018-09-10 10:15:00,46.04,51.99233277674927
2018-09-10 10:30:00,56.12,53.12413005981687
2018-09-10 10:45:00,56.74,55.90144576113937
2018-09-10 11:00:00,51.08,61.49122806368075
2018-09-10 11:15:00,56.7,51.729159731918216
2018-09-10 11:30:00,54.79,47.24453085191747
2018-09-10 11:45:00,59.08,16.18783917165994
2018-09-10 12:00:00,4.79,9.957138003478358
2018-09-10 12:15:00,4.57,8.97871843642302
2018-09-10 12:30:00,3.92,4.579962775688538
2018-09-10 12:45:00,3.82,6.058578511752234
2018-09-10 13:00:00,58.32,25.904061213579556
2018-09-10 13:15:00,108.07,51.11529695088327
2018-09-10 13:30:00,89.75,71.24949648355226
2018-09-10 13:45:00,103.46,90.23535176797928
2018-09-10 14:00:00,116.68,88.81297781177221
2018-09-10 14:15:00,63.65,83.45163377343306
2018-09-10 14:30:00,108.32,97.29694622308106
2018-09-10 14:45:00,104.08,74.26042809989454
2018-09-10 15:00:00,73.33,79.94446331300165
2018-09-10 15:15:00,109.87,86.90398750883327
2018-09-10 15:30:00,87.7,88.94920109516234
2018-09-10 15:45:00,101.95,86.55486476034385
2018-09-10 16:00:00,122.54,88.08051326767028
2018-09-10 16:15:00,92.23,82.87568277094381
2018-09-10 16:30:00,106.06,97.5536999664428
2018-09-10 16:45:00,120.46,90.00895525747465
2018-09-10 17:00:00,82.44,90.97218163713299
2018-09-10 17:15:00,121.46,101.28895615424426
2018-09-10 17:30:00,108.14,64.11470779854537
2018-09-10 17:45:00,47.45,41.884605631595726
2018-09-10 18:00:00,14.94,72.5408061160826
2018-09-10 18:15:00,3.82,82.02550005835897
2018-09-10 18:30:00,3.82,28.383423269588032
2018-09-10 18:45:00,3.46,14.0646254383377
2018-09-10 19:00:00,3.46,3.983338229047892
2018-09-10 19:15:00,3.49,4.452523113987491
2018-09-10 19:30:00,3.53,2.4285597703362543
2018-09-10 19:45:00,3.49,6.174139713391711
2018-09-10 20:00:00,3.46,4.410903489662499
2018-09-10 20:15:00,3.42,4.964348399197982
2018-09-10 20:30:00,3.49,3.993909729439056
2018-09-10 20:45:00,3.49,3.5365022234833527
2018-09-10 21:00:00,3.53,3.431036253975286
2018-09-10 21:15:00,3.53,3.56022942007808
2018-09-10 21:30:00,4.1,4.005740420709065
2018-09-10 21:45:00,4.64,3.4114400212769733
2018-09-10 22:00:00,2.92,4.146353101940518
2018-09-10 22:15:00,2.66,4.232167724259668
2018-09-10 22:30:00,2.63,3.3676099366145578
2018-09-10 22:45:00,2.7,3.237291136822464
2018-09-10 23:00:00,2.63,3.1126704368659657
2018-09-10 23:15:00,2.59,3.0371253456052827
2018-09-10 23:30:00,2.52,3.0142746920452987
2018-09-10 23:45:00,2.95,2.9876873895435536
2018-09-11 00:00:00,2.56,3.019016907773186
2018-09-11 00:15:00,2.63,3.0955285376322488
2018-09-11 00:30:00,2.56,3.019016907773186
2018-09-11 00:45:00,2.63,3.019016907773186
2018-09-11 01:00:00,2.66,3.0669109646016848
2018-09-11 01:15:00,2.63,3.035187397857789
2018-09-11 01:30:00,3.17,3.008600095356044
2018-09-11 01:45:00,2.92,3.0669109646016848
2018-09-11 02:00:00,2.59,3.321818509921841
2018-09-11 02:15:00,2.56,3.008600095356044
2018-09-11 02:30:00,3.2,3.008600095356044
2018-09-11 02:45:00,2.88,3.008600095356044
2018-09-11 03:00:00,2.56,3.4528375286462056
2018-09-11 03:15:00,2.66,3.107780820512478
2018-09-11 03:30:00,2.59,3.055187071954376
2018-09-11 03:45:00,2.66,3.077641438434926
2018-09-11 04:00:00,2.56,3.085326454031928
2018-09-11 04:15:00,2.56,3.085326454031928
2018-09-11 04:30:00,2.59,3.077641438434926
2018-09-11 04:45:00,2.63,3.077641438434926
2018-09-11 05:00:00,2.56,3.077641438434926
2018-09-11 05:15:00,2.59,3.055187071954376
2018-09-11 05:30:00,2.56,3.077641438434926
2018-09-11 05:45:00,2.95,3.1134979412000168
2018-09-11 06:00:00,3.02,3.032336418394392
2018-09-11 06:15:00,2.63,3.0818402795007867
2018-09-11 06:30:00,2.56,3.0589896259408027
2018-09-11 06:45:00,2.52,3.0430435430340634
2018-09-11 07:00:00,2.81,3.0748540514188636
2018-09-11 07:15:00,3.06,3.1502984535369496
2018-09-11 07:30:00,2.99,3.8451423610424356
2018-09-11 07:45:00,3.13,4.1161239521766415
2018-09-11 08:00:00,52.38,21.730346697999156
2018-09-11 08:15:00,106.52,33.59869778805384
2018-09-11 08:30:00,102.46,75.33694173371327
2018-09-11 08:45:00,93.92,87.8667192031607
2018-09-11 09:00:00,115.13,84.50877011156581
2018-09-11 09:15:00,106.7,83.42380874838044
2018-09-11 09:30:00,67.93,97.62283860385817
2018-09-11 09:45:00,86.15,93.34485006094785
2018-09-11 10:00:00,125.46,86.15255340314414
2018-09-11 10:15:00,95.15,80.630566229928
2018-09-11 10:30:00,77.69,90.39184727962595
2018-09-11 10:45:00,107.14,97.43986790591765
2018-09-11 11:00:00,109.58,84.90605873403236
2018-09-11 11:15:00,90.25,92.38933564384367
2018-09-11 11:30:00,122.11,94.63875528463905
2018-09-11 11:45:00,114.84,82.25303888310181
2018-09-11 12:00:00,7.56,8.775778641247843
2018-09-11 12:15:00,7.42,8.96111090498616
2018-09-11 12:30:00,6.84,4.853193636563677
2018-09-11 12:45:00,6.16,7.652893194239813
2018-09-11 13:00:00,55.69,80.58954306072192
2018-09-11 13:15:00,96.84,102.79247341430371
2018-09-11 13:30:00,122.94,89.08310690856001
2018-09-11 13:45:00,125.89,89.68454852512758
2018-09-11 14:00:00,62.78,102.82113828157807
2018-09-11 14:15:00,59.54,108.5016145132289
2018-09-11 14:30:00,64.98,77.3930182199177
2018-09-11 14:45:00,53.64,73.8904734976622
2018-09-11 15:00:00,62.57,68.8168644790353
2018-09-11 15:15:00,58.07,64.40872450561017
2018-09-11 15:30:00,70.16,65.61432545991438
2018-09-11 15:45:00,106.67,64.70078905664619
2018-09-11 16:00:00,73.44,67.84258823127482
2018-09-11 16:15:00,115.34,91.33919363058891
2018-09-11 16:30:00,99.11,83.85123092084473
2018-09-11 16:45:00,122.76,89.07566528471726
2018-09-11 17:00:00,118.84,91.93663715881017
2018-09-11 17:15:00,75.82,93.9967333875808
2018-09-11 17:30:00,62.42,59.511597336930436
2018-09-11 17:45:00,28.37,69.945387166104
2018-09-11 18:00:00,35.21,62.06531911847332
2018-09-11 18:15:00,38.16,47.47234539440832
2018-09-11 18:30:00,33.62,69.75843133696961
2018-09-11 18:45:00,34.81,54.49248003749202
2018-09-11 19:00:00,37.26,44.66845828177286
2018-09-11 19:15:00,37.76,43.783102703185826
2018-09-11 19:30:00,37.58,49.13746413491695
2018-09-11 19:45:00,32.15,43.09859311670752
2018-09-11 20:00:00,37.33,42.66783799193
2018-09-11 20:15:00,38.52,37.198820062233615
2018-09-11 20:30:00,34.02,38.08016727486739
2018-09-11 20:45:00,14.72,20.654496197492165
2018-09-11 21:00:00,6.52,19.142121144188202
2018-09-11 21:15:00,4.0,5.536578453413846
2018-09-11 21:30:00,3.89,4.546964897010517
2018-09-11 21:45:00,3.82,4.2211318475908755
2018-09-11 22:00:00,3.6,4.101006233098944
2018-09-11 22:15:00,3.6,3.753090462860513
2018-09-11 22:30:00,4.18,3.627639312940603
2018-09-11 22:45:00,4.72,3.537910525994416
2018-09-11 23:00:00,3.53,4.014220333131232
2018-09-11 23:15:00,3.49,4.014220333131232
2018-09-11 23:30:00,3.06,3.676401008001532
2018-09-11 23:45:00,3.35,3.782773567511097
2018-09-12 00:00:00,2.92,3.0974851619418144
2018-09-12 00:15:00,2.95,3.4058000848791
2018-09-12 00:30:00,2.92,3.0792844013283927
2018-09-12 00:45:00,2.92,3.0327549710978388
2018-09-12 01:00:00,2.95,3.014554210484417
2018-09-12 01:15:00,2.92,2.9903567706273826
2018-09-12 01:30:00,2.95,3.089719054046429
2018-09-12 01:45:00,2.99,3.0715182934330074
2018-09-12 02:00:00,2.88,3.0085575312408044
2018-09-12 02:15:00,2.95,3.1289207136093165
2018-09-12 02:30:00,2.92,3.2131013776630413
2018-09-12 02:45:00,2.92,3.110938955907951
2018-09-12 03:00:00,2.99,3.024895995616409
2018-09-12 03:15:00,3.2,3.0434615538247063
2018-09-12 03:30:00,4.32,3.062818421749398
2018-09-12 03:45:00,3.38,3.3053422093008353
2018-09-12 04:00:00,2.95,4.32208528342038
2018-09-12 04:15:00,2.92,3.5286654466783016
2018-09-12 04:30:00,2.99,3.2105984370296046
2018-09-12 04:45:00,2.92,3.162479866257501
2018-09-12 05:00:00,2.92,3.099353487872161
2018-09-12 05:15:00,2.92,3.061715728663043
2018-09-12 05:30:00,2.88,3.061715728663043
2018-09-12 05:45:00,2.88,3.142877251468668
2018-09-12 06:00:00,2.92,3.142877251468668
2018-09-12 06:15:00,2.92,3.0724228533027147
2018-09-12 06:30:00,2.88,3.1927860356712268
2018-09-12 06:45:00,2.84,3.0724228533027147
2018-09-12 07:00:00,2.88,3.127084015247499
2018-09-12 07:15:00,3.02,3.1853948844931397
2018-09-12 07:30:00,3.31,3.9819549337811995
2018-09-12 07:45:00,4.75,4.067284483622384
2018-09-12 08:00:00,58.07,44.36034276291883
2018-09-12 08:15:00,126.25,80.66533845062641
2018-09-12 08:30:00,87.91,79.98324748271042
2018-09-12 08:45:00,54.54,98.15547405178482
2018-09-12 09:00:00,54.25,91.78977891624433
2018-09-12 09:15:00,41.69,83.5609818300913
2018-09-12 09:30:00,52.78,61.73789062350168
2018-09-12 09:45:00,59.33,48.65865293331469
2018-09-12 10:00:00,47.84,60.826231421050366
2018-09-12 10:15:00,46.15,61.39010864860368
2018-09-12 10:30:00,49.03,56.957050012443155
2018-09-12 10:45:00,55.44,53.240105212542254
2018-09-12 11:00:00,67.0,57.82278400104814
2018-09-12 11:15:00,54.36,59.878692556632984
2018-09-12 11:30:00,59.33,62.104178733314825
2018-09-12 11:45:00,44.35,54.02819899056385
2018-09-12 12:00:00,4.43,11.271958235464986
2018-09-12 12:15:00,5.18,8.210625305637878
2018-09-12 12:30:00,4.5,7.620774680930574
2018-09-12 12:45:00,5.11,5.905395927225873
2018-09-12 13:00:00,38.23,33.302357172586845
2018-09-12 13:15:00,64.22,55.442632999648936
2018-09-12 13:30:00,62.42,64.34986777129234
2018-09-12 13:45:00,66.53,68.4912050200344
2018-09-12 14:00:00,91.51,57.77087308754416
2018-09-12 14:15:00,66.02,63.3579229259309
2018-09-12 14:30:00,76.82,77.81038410450886
2018-09-12 14:45:00,115.7,70.50293172164086
2018-09-12 15:00:00,77.44,72.72477927873494
2018-09-12 15:15:00,99.68,89.13663259697987
2018-09-12 15:30:00,120.13,88.96589323809586
2018-09-12 15:45:00,87.52,80.05867962186697
2018-09-12 16:00:00,53.75,100.18980574609718
2018-09-12 16:15:00,57.49,81.89216582584575
2018-09-12 16:30:00,58.39,76.62060124486612
2018-09-12 16:45:00,58.39,64.55306989393364
2018-09-12 17:00:00,58.39,56.75628346000789
2018-09-12 17:15:00,43.49,56.74448706577381
2018-09-12 17:30:00,29.09,48.10463797009731
2018-09-12 17:45:00,27.32,25.882617066256906
2018-09-12 18:00:00,43.45,34.62502554701128
2018-09-12 18:15:00,55.76,38.80383056057249
2018-09-12 18:30:00,51.8,52.56321199215246
2018-09-12 18:45:00,44.14,58.13843901384791
2018-09-12 19:00:00,58.5,57.82079480601335
2018-09-12 19:15:00,44.6,48.55303214229467
2018-09-12 19:30:00,49.5,57.92118716857391
2018-09-12 19:45:00,56.09,49.4680051093456
2018-09-12 20:00:00,40.39,52.47660553890463
2018-09-12 20:15:00,43.31,55.90003289071528
2018-09-12 20:30:00,32.51,36.45576221783394
2018-09-12 20:45:00,13.82,16.21324878184015
2018-09-12 21:00:00,5.54,14.189826471346963
2018-09-12 21:15:00,3.82,5.622020081720008
2018-09-12 21:30:00,3.64,4.444223257983331
2018-09-12 21:45:00,3.64,3.8417415784626407
2018-09-12 22:00:00,3.46,3.737874097029926
2018-09-12 22:15:00,3.49,3.7160678236466613
2018-09-12 22:30:00,3.38,3.6263390367004744
2018-09-12 22:45:00,3.35,3.6263390367004744
2018-09-12 23:00:00,3.35,3.6925337219992533
2018-09-12 23:15:00,3.35,3.6263390367004744
2018-09-12 23:30:00,3.31,3.5059758543319623
2018-09-12 23:45:00,4.28,3.6263390367004744
2018-09-13 00:00:00,3.06,3.5059758543319623
2018-09-13 00:15:00,2.74,4.017131016548387
2018-09-13 00:30:00,2.74,3.197660931394677
2018-09-13 00:45:00,2.77,3.2324528736353035
2018-09-13 01:00:00,2.7,3.179460170781255
2018-09-13 01:15:00,2.77,3.090532540080245
2018-09-13 01:30:00,2.77,3.090532540080245
2018-09-13 01:45:00,2.66,3.0639452375785
2018-09-13 02:00:00,2.99,3.0639452375785
2018-09-13 02:15:00,3.38,3.072793712378355
2018-09-13 02:30:00,2.99,3.1033659000534435
2018-09-13 02:45:00,2.77,3.420529297790584
2018-09-13 03:00:00,2.74,3.4870287077123603
2018-09-13 03:15:00,2.74,3.131778832484443
2018-09-13 03:30:00,2.7,3.264000505646081
2018-09-13 03:45:00,2.81,3.264000505646081
2018-09-13 04:00:00,3.17,3.1436373232775687
2018-09-13 04:15:00,3.38,3.1223464159998717
2018-09-13 04:30:00,2.81,3.495625451347361
2018-09-13 04:45:00,2.77,4.182386423646581
2018-09-13 05:00:00,2.84,3.121949172543701
2018-09-13 05:15:00,2.81,3.126061711796904
2018-09-13 05:30:00,2.84,3.133807663336827
2018-09-13 05:45:00,2.77,3.133807663336827
2018-09-13 06:00:00,2.74,3.107780820512478
2018-09-13 06:15:00,2.81,3.133053540639543
2018-09-13 06:30:00,2.77,3.1543444479172402
2018-09-13 06:45:00,2.7,3.1543444479172402
2018-09-13 07:00:00,2.81,3.1763252963612985
2018-09-13 07:15:00,2.81,3.2493707286277647
2018-09-13 07:30:00,3.6,3.8150029789648836
2018-09-13 07:45:00,4.61,4.1303172513474555
2018-09-13 08:00:00,35.75,36.28543598671653
2018-09-13 08:15:00,52.78,66.15390809053585
2018-09-13 08:30:00,47.95,60.90060522268329
2018-09-13 08:45:00,90.79,61.727576764074286
2018-09-13 09:00:00,108.72,55.85789714984823
2018-09-13 09:15:00,105.52,76.33067949714325
2018-09-13 09:30:00,59.51,83.69221546309352
2018-09-13 09:45:00,116.64,87.37108000259649
2018-09-13 10:00:00,123.55,69.41861778232891
2018-09-13 10:15:00,78.44,82.26405258836496
2018-09-13 10:30:00,51.8,99.28695023840393
2018-09-13 10:45:00,53.6,83.0240941527317
2018-09-13 11:00:00,50.33,63.74553262038156
2018-09-13 11:15:00,51.01,69.87718591422465
2018-09-13 11:30:00,56.45,58.91533388263284
2018-09-13 11:45:00,56.09,52.08720094749489
2018-09-13 12:00:00,7.31,10.000124129400517
2018-09-13 12:15:00,4.43,7.661727651531484
2018-09-13 12:30:00,4.5,6.901249066283533
2018-09-13 12:45:00,5.08,5.588470814020217
2018-09-13 13:00:00,40.25,39.06349305323841
2018-09-13 13:15:00,60.48,63.13645596192857
2018-09-13 13:30:00,58.18,62.41707045183958
2018-09-13 13:45:00,65.99,58.1025067722768
2018-09-13 14:00:00,59.8,56.04386671192717
2018-09-13 14:15:00,51.44,60.4775804618787
2018-09-13 14:30:00,61.81,58.05418429643993
2018-09-13 14:45:00,67.9,57.62574634030288
2018-09-13 15:00:00,109.01,59.87572155043755
2018-09-13 15:15:00,99.72,63.06820398658014
2018-09-13 15:30:00,68.0,90.62458361403448
2018-09-13 15:45:00,101.02,91.28111208726105
2018-09-13 16:00:00,122.87,80.56987235049994
2018-09-13 16:15:00,74.56,79.56570959164398
2018-09-13 16:30:00,49.32,94.34684287701876
2018-09-13 16:45:00,58.68,84.15191824444868
2018-09-13 17:00:00,54.4,70.32570134646045
2018-09-13 17:15:00,57.74,62.31498662543306
2018-09-13 17:30:00,32.69,29.658854306684812
2018-09-13 17:45:00,31.97,27.114782369900627
2018-09-13 18:00:00,41.22,46.49921462012732
2018-09-13 18:15:00,50.65,52.985770469754506
2018-09-13 18:30:00,46.3,54.27675881659736
2018-09-13 18:45:00,57.17,59.5350922541661
2018-09-13 19:00:00,54.76,52.81935728056101
2018-09-13 19:15:00,49.1,58.04517927364579
2018-09-13 19:30:00,46.8,57.02095845610119
2018-09-13 19:45:00,40.79,55.20633466120074
2018-09-13 20:00:00,47.95,53.05646525160227
2018-09-13 20:15:00,69.16,43.55469712062649
2018-09-13 20:30:00,49.82,44.37619258484098
2018-09-13 20:45:00,19.98,35.063914048480264
2018-09-13 21:00:00,5.04,12.19442020586931
2018-09-13 21:15:00,4.93,2.8083956850584624
2018-09-13 21:30:00,4.86,4.5979917167580595
2018-09-13 21:45:00,4.79,4.165249228886313
2018-09-13 22:00:00,4.46,4.218859797522666
2018-09-13 22:15:00,4.46,4.159781074837075
2018-09-13 22:30:00,4.43,4.159781074837075
2018-09-13 22:45:00,4.28,4.159781074837075
2018-09-13 23:00:00,4.28,4.315223944545127
2018-09-13 23:15:00,4.32,4.2916725583312
2018-09-13 23:30:00,4.28,4.281956494973081
2018-09-13 23:45:00,2.66,4.348151180271861
2018-09-14 00:00:00,4.28,4.171526296261757
2018-09-14 00:15:00,4.25,3.2762241221848436
2018-09-14 00:30:00,3.89,3.9657906314303384
2018-09-14 00:45:00,3.28,4.226595399826061
2018-09-14 01:00:00,3.24,4.755728384849805
2018-09-14 01:15:00,3.53,3.3085252339133286
2018-09-14 01:30:00,4.36,3.323852246934671
2018-09-14 01:45:00,3.31,3.301001593374687
2018-09-14 02:00:00,3.35,3.7467479489691846
2018-09-14 02:15:00,3.31,3.382163116180312
2018-09-14 02:30:00,3.31,3.4652065912311136
2018-09-14 02:45:00,3.24,3.361369009999143
2018-09-14 03:00:00,3.28,3.3643221898355087
2018-09-14 03:15:00,3.28,3.401509319546422
2018-09-14 03:30:00,3.35,3.401509319546422
2018-09-14 03:45:00,3.31,3.424359973106406
2018-09-14 04:00:00,3.89,3.390823928987887
2018-09-14 04:15:00,4.07,3.482670842352047
2018-09-14 04:30:00,3.31,3.7947590970758536
2018-09-14 04:45:00,3.31,3.9554589742411976
2018-09-14 05:00:00,3.35,3.482670842352047
2018-09-14 05:15:00,3.35,3.4531216759538177
2018-09-14 05:30:00,3.64,3.482670842352047
2018-09-14 05:45:00,4.28,3.424359973106406
2018-09-14 06:00:00,3.67,3.521872501914934
2018-09-14 06:15:00,3.24,4.043171085436549
2018-09-14 06:30:00,3.31,3.3289713123441635
2018-09-14 06:45:00,3.24,3.3063349996722766
2018-09-14 07:00:00,3.28,3.300423950384849
2018-09-14 07:15:00,3.49,3.300423950384849
2018-09-14 07:30:00,3.71,4.325374843079242
2018-09-14 07:45:00,4.82,4.8397579924329435
2018-09-14 08:00:00,33.34,38.01013349983571
2018-09-14 08:15:00,50.9,75.81718482199612
2018-09-14 08:30:00,63.58,65.78733497924989
2018-09-14 08:45:00,49.32,62.88117826328164
2018-09-14 09:00:00,47.41,66.31622206822695
2018-09-14 09:15:00,61.2,56.98139078516055
2018-09-14 09:30:00,45.79,54.67070512231168
2018-09-14 09:45:00,39.6,55.78497236031108
2018-09-14 10:00:00,41.18,49.323923991277525
2018-09-14 10:15:00,52.06,46.43259858462814
2018-09-14 10:30:00,55.19,45.144411624308205
2018-09-14 10:45:00,50.4,57.4123762679469
2018-09-14 11:00:00,56.05,55.90071362686883
2018-09-14 11:15:00,55.4,56.13877991427217
2018-09-14 11:30:00,64.48,56.05351435647728
2018-09-14 11:45:00,63.4,48.02232706234601
2018-09-14 12:00:00,13.46,7.096108362349735
2018-09-14 12:15:00,4.32,7.698515618273978
2018-09-14 12:30:00,4.64,5.811339740575207
2018-09-14 12:45:00,3.71,5.490289354957126
2018-09-14 13:00:00,47.34,42.99958153482301
2018-09-14 13:15:00,54.76,53.43756128261583
2018-09-14 13:30:00,68.29,61.80254270840924
2018-09-14 13:45:00,58.46,58.11488493027385
2018-09-14 14:00:00,66.31,63.099225548328306
2018-09-14 14:15:00,60.98,58.05751839885378
2018-09-14 14:30:00,67.68,62.71468472451626
2018-09-14 14:45:00,61.49,59.815101647825664
2018-09-14 15:00:00,48.24,61.31798143801431
2018-09-14 15:15:00,61.06,60.368550267042856
2018-09-14 15:30:00,65.99,56.011619314156825
2018-09-14 15:45:00,58.03,60.39620041130787
2018-09-14 16:00:00,65.81,59.46982171946408
2018-09-14 16:15:00,111.78,59.86238775254911
2018-09-14 16:30:00,106.16,64.29751376917926
2018-09-14 16:45:00,48.13,82.81173669247224
2018-09-14 17:00:00,43.02,88.3796846661381
2018-09-14 17:15:00,62.5,56.72329769319043
2018-09-14 17:30:00,54.58,32.763186747756116
2018-09-14 17:45:00,34.99,30.38367062886146
2018-09-14 18:00:00,28.48,44.64465241131402
2018-09-14 18:15:00,29.05,39.39174696802923
2018-09-14 18:30:00,28.26,38.248269159443936
2018-09-14 18:45:00,27.0,39.92414078878726
2018-09-14 19:00:00,20.41,29.912067588765836
2018-09-14 19:15:00,7.85,28.30108689444418
2018-09-14 19:30:00,8.32,11.486688064166724
2018-09-14 19:45:00,4.54,8.932530114676055
2018-09-14 20:00:00,3.67,9.524301792659164
2018-09-14 20:15:00,3.71,5.076035652524117
2018-09-14 20:30:00,3.67,5.295423802768906
2018-09-14 20:45:00,3.64,2.072563779378651
2018-09-14 21:00:00,3.6,3.5250204496515396
2018-09-14 21:15:00,3.74,3.4146316742097635
2018-09-14 21:30:00,3.6,3.4146316742097635
2018-09-14 21:45:00,3.6,3.4021972179777213
2018-09-14 22:00:00,3.28,3.4021972179777213
2018-09-14 22:15:00,3.31,3.4021972179777213
2018-09-14 22:30:00,2.84,3.4021972179777213
2018-09-14 22:45:00,2.7,3.4021972179777213
2018-09-14 23:00:00,2.66,3.0992117289228522
2018-09-14 23:15:00,2.66,3.0344815380788766
2018-09-14 23:30:00,2.66,3.0236666376621693
2018-09-14 23:45:00,2.66,2.8221419324880324
2018-09-15 00:00:00,2.7,3.0236666376621693
2018-09-15 00:15:00,2.63,2.876716152791912
2018-09-15 00:30:00,2.63,2.876716152791912
2018-09-15 00:45:00,2.63,2.876716152791912
2018-09-15 01:00:00,2.81,2.876716152791912
2018-09-15 01:15:00,3.24,2.86629934037477
2018-09-15 01:30:00,2.99,2.86629934037477
2018-09-15 01:45:00,2.66,3.166241441075966
2018-09-15 02:00:00,2.7,2.8814567126345185
2018-09-15 02:15:00,2.7,2.86629934037477
2018-09-15 02:30:00,2.63,2.892886642876515
2018-09-15 02:45:00,2.63,2.883056982935773
2018-09-15 03:00:00,2.7,2.870349463238929
2018-09-15 03:15:00,2.63,2.997392996576523
2018-09-15 03:30:00,2.63,2.997392996576523
2018-09-15 03:45:00,3.31,2.877029814208011
2018-09-15 04:00:00,2.77,2.877029814208011
2018-09-15 04:15:00,2.7,3.180534240047227
2018-09-15 04:30:00,2.7,2.877029814208011
2018-09-15 04:45:00,2.7,2.997392996576523
2018-09-15 05:00:00,2.7,2.997392996576523
2018-09-15 05:15:00,2.63,3.053559221478424
2018-09-15 05:30:00,2.59,2.921734791772957
2018-09-15 05:45:00,2.63,2.912886316973102
2018-09-15 06:00:00,2.7,2.877029814208011
2018-09-15 06:15:00,2.63,2.877029814208011
2018-09-15 06:30:00,2.63,2.997392996576523
2018-09-15 06:45:00,2.63,2.997392996576523
2018-09-15 07:00:00,3.06,2.997392996576523
2018-09-15 07:15:00,3.1,2.997392996576523
2018-09-15 07:30:00,2.74,3.09544306297645
2018-09-15 07:45:00,8.06,3.020443610855468
2018-09-15 08:00:00,34.02,8.34315658061521
2018-09-15 08:15:00,33.44,37.209072513334476
2018-09-15 08:30:00,38.3,41.076202737057955
2018-09-15 08:45:00,48.78,35.87818057069849
2018-09-15 09:00:00,33.05,38.66472839966797
2018-09-15 09:15:00,35.75,44.974812577495626
2018-09-15 09:30:00,35.14,36.87072631547877
2018-09-15 09:45:00,40.14,34.008187745693384
2018-09-15 10:00:00,33.8,36.53357018515337
2018-09-15 10:15:00,40.43,40.30294464412292
2018-09-15 10:30:00,33.01,34.885663080210676
2018-09-15 10:45:00,40.72,39.18647543781933
2018-09-15 11:00:00,41.22,35.66753844780225
2018-09-15 11:15:00,32.58,37.01972124152487
2018-09-15 11:30:00,40.39,36.18355640272484
2018-09-15 11:45:00,17.89,29.330129022835223
2018-09-15 12:00:00,3.31,8.498643209042122
2018-09-15 12:15:00,3.82,6.9936272891851425
2018-09-15 12:30:00,3.82,4.576851150949904
2018-09-15 12:45:00,3.31,6.124735152825064
2018-09-15 13:00:00,29.63,14.814756387519747
2018-09-15 13:15:00,40.97,20.675927539641847
2018-09-15 13:30:00,39.96,45.86888885815473
2018-09-15 13:45:00,36.65,38.884463625392655
2018-09-15 14:00:00,40.39,39.620392514118144
2018-09-15 14:15:00,40.39,40.448240656050196
2018-09-15 14:30:00,32.98,40.197529229757194
2018-09-15 14:45:00,37.84,39.32602620926041
2018-09-15 15:00:00,44.21,35.06066165225091
2018-09-15 15:15:00,42.37,39.81884963677362
2018-09-15 15:30:00,38.59,44.63049906901065
2018-09-15 15:45:00,33.08,41.53494265212552
2018-09-15 16:00:00,39.67,37.23043336781218
2018-09-15 16:15:00,40.72,32.17872712277705
2018-09-15 16:30:00,39.67,36.36736913498529
2018-09-15 16:45:00,5.83,24.81051627051616
2018-09-15 17:00:00,3.82,21.02346612666181
2018-09-15 17:15:00,3.46,6.293672752905908
2018-09-15 17:30:00,3.49,3.271914410722653
2018-09-15 17:45:00,3.49,3.2510851521840647
2018-09-15 18:00:00,3.42,3.2727668110456762
2018-09-15 18:15:00,3.42,3.598110300518672
2018-09-15 18:30:00,3.6,3.598110300518672
2018-09-15 18:45:00,3.67,3.598110300518672
2018-09-15 19:00:00,3.64,3.6083423225430793
2018-09-15 19:15:00,3.6,3.5911072884191713
2018-09-15 19:30:00,3.64,3.5911072884191713
2018-09-15 19:45:00,3.06,3.437649244830921
2018-09-15 20:00:00,2.99,3.3172860624624088
2018-09-15 20:15:00,2.92,3.033869040214396
2018-09-15 20:30:00,2.92,3.033869040214396
2018-09-15 20:45:00,2.95,2.9772301035840543
2018-09-15 21:00:00,3.53,2.958863157203609
2018-09-15 21:15:00,3.49,2.921504215907079
2018-09-15 21:30:00,2.92,3.2171038447652336
2018-09-15 21:45:00,2.88,3.2818340356092093
2018-09-15 22:00:00,2.77,2.97884854655434
2018-09-15 22:15:00,2.84,2.97884854655434
2018-09-15 22:30:00,2.77,2.903303455293657
2018-09-15 22:45:00,2.88,2.8221419324880324
2018-09-15 23:00:00,3.2,2.8221419324880324
2018-09-15 23:15:00,2.66,2.9425051148565444
2018-09-15 23:30:00,2.66,3.0388238439641335
2018-09-15 23:45:00,2.74,2.81172512007089
2018-09-16 00:00:00,2.66,2.914349474737512
2018-09-16 00:15:00,2.81,2.81172512007089
2018-09-16 00:30:00,2.74,2.81172512007089
2018-09-16 00:45:00,2.7,2.785137817569145
2018-09-16 01:00:00,2.7,2.807988471129129
2018-09-16 01:15:00,2.7,2.86629934037477
2018-09-16 01:30:00,2.74,2.86629934037477
2018-09-16 01:45:00,2.77,2.81172512007089
2018-09-16 02:00:00,2.74,2.785137817569145
2018-09-16 02:15:00,2.99,2.785137817569145
2018-09-16 02:30:00,3.31,2.785137817569145
2018-09-16 02:45:00,2.7,2.803338578182567
2018-09-16 03:00:00,3.35,3.1014528753137323
2018-09-16 03:15:00,3.2,2.840573268967332
2018-09-16 03:30:00,2.74,3.156920896309072
2018-09-16 03:45:00,2.74,3.3596622395603832
2018-09-16 04:00:00,2.74,2.884714829805013
2018-09-16 04:15:00,2.77,2.831724794167477
2018-09-16 04:30:00,2.74,2.982227358613541
2018-09-16 04:45:00,2.74,2.861864176245029
2018-09-16 05:00:00,2.7,2.831724794167477
2018-09-16 05:15:00,2.74,2.831724794167477
2018-09-16 05:30:00,2.66,2.831724794167477
2018-09-16 05:45:00,2.7,2.840573268967332
2018-09-16 06:00:00,2.66,2.831724794167477
2018-09-16 06:15:00,2.77,2.831724794167477
2018-09-16 06:30:00,3.17,2.831724794167477
2018-09-16 06:45:00,3.02,2.831724794167477
2018-09-16 07:00:00,2.66,2.977326342809121
2018-09-16 07:15:00,2.66,2.9322431848977937
2018-09-16 07:30:00,2.63,2.9104179926427123
2018-09-16 07:45:00,2.7,3.2804416365605062
2018-09-16 08:00:00,2.59,8.404527419227072
2018-09-16 08:15:00,2.63,7.739575836077838
2018-09-16 08:30:00,3.35,3.5124251150579346
2018-09-16 08:45:00,3.2,3.628747820236819
2018-09-16 09:00:00,2.88,4.457875706520274
2018-09-16 09:15:00,2.92,4.367469358343059
2018-09-16 09:30:00,2.81,3.8743498477160556
2018-09-16 09:45:00,2.84,3.885164748132763
2018-09-16 10:00:00,2.84,4.026916526618325
2018-09-16 10:15:00,2.84,3.9108976732141354
2018-09-16 10:30:00,2.88,4.085329286792299
2018-09-16 10:45:00,2.92,3.5554223546008137
2018-09-16 11:00:00,2.84,3.614223711148034
2018-09-16 11:15:00,2.81,3.705395101970405
2018-09-16 11:30:00,2.77,3.3654859482048862
2018-09-16 11:45:00,3.2,3.619226731526041
2018-09-16 12:00:00,3.06,3.2744226619247025
2018-09-16 12:15:00,2.84,2.9782851032497257
2018-09-16 12:30:00,2.95,3.2129909139489174
2018-09-16 12:45:00,2.84,3.461427460825369
2018-09-16 13:00:00,2.81,3.6781966482772726
2018-09-16 13:15:00,2.84,3.8729405166937174
2018-09-16 13:30:00,2.81,3.969310433388109
2018-09-16 13:45:00,2.81,3.8060053444659507
2018-09-16 14:00:00,2.92,3.8060053444659507
2018-09-16 14:15:00,2.88,3.8122251985170155
2018-09-16 14:30:00,3.49,3.928244051921202
2018-09-16 14:45:00,2.92,3.8122251985170155
2018-09-16 15:00:00,2.84,3.616026993799828
2018-09-16 15:15:00,3.13,3.806688094395109
2018-09-16 15:30:00,3.38,3.8230400989337228
2018-09-16 15:45:00,2.88,3.99451654151019
2018-09-16 16:00:00,2.84,3.6383869365377426
2018-09-16 16:15:00,2.88,3.0532737674242525
2018-09-16 16:30:00,2.84,3.0451707702310085
2018-09-16 16:45:00,2.84,3.050069558291661
2018-09-16 17:00:00,2.81,2.8364921156460747
2018-09-16 17:15:00,2.88,2.8364921156460747
2018-09-16 17:30:00,2.95,2.8364921156460747
2018-09-16 17:45:00,2.81,2.8364921156460747
2018-09-16 18:00:00,2.77,2.8546928762594965
2018-09-16 18:15:00,2.84,3.105869857345307
2018-09-16 18:30:00,2.88,3.105869857345307
2018-09-16 18:45:00,2.84,2.995336334917537
2018-09-16 19:00:00,3.06,2.985506674976795
2018-09-16 19:15:00,3.56,2.919876715982407
2018-09-16 19:30:00,3.28,2.9301683088346806
2018-09-16 19:45:00,3.28,3.242139059201291
2018-09-16 20:00:00,3.49,3.2970395901045246
2018-09-16 20:15:00,2.95,3.2970395901045246
2018-09-16 20:30:00,2.92,3.298407296297959
2018-09-16 20:45:00,2.99,3.013622567856512
2018-09-16 21:00:00,2.92,2.9973365000602152
2018-09-16 21:15:00,2.92,2.912072643965902
2018-09-16 21:30:00,2.95,2.883056982935773
2018-09-16 21:45:00,2.99,2.892886642876515
2018-09-16 22:00:00,2.74,2.973139716612808
2018-09-16 22:15:00,2.88,3.021620925917707
2018-09-16 22:30:00,2.77,2.834575773630874
2018-09-16 22:45:00,2.74,2.883056982935773
2018-09-16 23:00:00,2.74,2.883056982935773
2018-09-16 23:15:00,2.66,2.81172512007089
2018-09-16 23:30:00,2.7,2.785137817569145
2018-09-16 23:45:00,3.53,2.81172512007089
2018-09-17 00:00:00,2.7,2.8724074319148367
2018-09-17 00:15:00,2.77,3.194112409899553
2018-09-17 00:30:00,2.74,2.8635589571149818
2018-09-17 00:45:00,2.74,2.8635589571149818
2018-09-17 01:00:00,3.35,2.8635589571149818
2018-09-17 01:15:00,2.84,2.890146259616727
2018-09-17 01:30:00,3.28,3.171261756339569
2018-09-17 01:45:00,3.1,3.0156212678433327
2018-09-17 02:00:00,2.77,3.1820766567562764
2018-09-17 02:15:00,2.77,2.9581982636822532
2018-09-17 02:30:00,2.77,2.96147812248161
2018-09-17 02:45:00,2.74,2.890146259616727
2018-09-17 03:00:00,2.77,3.069133785153278
2018-09-17 03:15:00,2.84,3.105953518199912
2018-09-17 03:30:00,2.77,2.9189944085131687
2018-09-17 03:45:00,2.74,2.9189944085131687
2018-09-17 04:00:00,2.74,2.9189944085131687
2018-09-17 04:15:00,2.81,2.9329965872732977
2018-09-17 04:30:00,2.74,2.9189944085131687
2018-09-17 04:45:00,3.2,2.9402853157908657
2018-09-17 05:00:00,2.99,2.9189944085131687
2018-09-17 05:15:00,2.77,3.1889538799311166
2018-09-17 05:30:00,2.7,3.0498659840065176
2018-09-17 05:45:00,2.63,2.9402853157908657
2018-09-17 06:00:00,2.66,2.9101459337133138
2018-09-17 06:15:00,2.7,2.9631359693508497
2018-09-17 06:30:00,3.13,3.0116171786557486
2018-09-17 06:45:00,3.06,2.9903262713780516
2018-09-17 07:00:00,2.66,2.9824166131131085
2018-09-17 07:15:00,2.92,2.957902525004853
2018-09-17 07:30:00,3.06,3.194837930468786
2018-09-17 07:45:00,3.13,3.342872325012478
2018-09-17 08:00:00,25.78,18.52089588400589
2018-09-17 08:15:00,63.11,33.07344198516291
2018-09-17 08:30:00,45.76,61.688201414441046
2018-09-17 08:45:00,56.34,66.69606466594006
2018-09-17 09:00:00,56.48,53.9659629350004
2018-09-17 09:15:00,50.98,63.715633600942866
2018-09-17 09:30:00,47.34,61.42287284474499
2018-09-17 09:45:00,42.3,56.297917559023624
2018-09-17 10:00:00,43.02,57.99211744935823
2018-09-17 10:15:00,55.19,52.81866177864695
2018-09-17 10:30:00,56.63,53.208353665412254
2018-09-17 10:45:00,62.96,61.859459463993105
2018-09-17 11:00:00,49.79,59.94292768653767
2018-09-17 11:15:00,56.88,62.53770263721033
2018-09-17 11:30:00,48.17,58.29495837599316
2018-09-17 11:45:00,45.79,49.17458071196443
2018-09-17 12:00:00,6.23,9.229076613637789
2018-09-17 12:15:00,3.89,10.093173402390898
2018-09-17 12:30:00,6.55,6.859919507493512
2018-09-17 12:45:00,5.26,6.866656632043579
2018-09-17 13:00:00,50.98,46.05687540404707
2018-09-17 13:15:00,74.77,54.025756723877656
2018-09-17 13:30:00,115.49,68.78904682653608
2018-09-17 13:45:00,114.12,73.40631667742376
2018-09-17 14:00:00,96.23,93.70231547256262
2018-09-17 14:15:00,111.64,91.1766389892009
2018-09-17 14:30:00,97.85,93.73332370064037
2018-09-17 14:45:00,121.14,90.61319693148515
2018-09-17 15:00:00,85.9,93.06993039132891
2018-09-17 15:15:00,108.5,83.86040806651792
2018-09-17 15:30:00,107.82,89.48637383686726
2018-09-17 15:45:00,105.19,87.75596467058497
2018-09-17 16:00:00,110.52,92.71893078050752
2018-09-17 16:15:00,100.3,91.48569377591632
2018-09-17 16:30:00,122.54,94.52279752235887
2018-09-17 16:45:00,82.62,92.50910252292248
2018-09-17 17:00:00,65.05,95.16243636035841
2018-09-17 17:15:00,53.35,94.04111905655684
2018-09-17 17:30:00,34.92,70.98898736682632
2018-09-17 17:45:00,27.36,76.98001577344634
2018-09-17 18:00:00,35.6,56.94732981275221
2018-09-17 18:15:00,42.48,47.97921487289248
2018-09-17 18:30:00,52.6,51.63450332589983
2018-09-17 18:45:00,51.05,47.27426756989913
2018-09-17 19:00:00,54.22,49.270821591660436
2018-09-17 19:15:00,51.16,46.18139280410478
2018-09-17 19:30:00,54.29,46.212235947740126
2018-09-17 19:45:00,55.76,47.0913738086162
2018-09-17 20:00:00,44.14,44.561556182070674
2018-09-17 20:15:00,48.31,45.75723709549807
2018-09-17 20:30:00,53.82,34.43709025804376
2018-09-17 20:45:00,12.28,25.795458768926757
2018-09-17 21:00:00,5.76,18.73657165663786
2018-09-17 21:15:00,4.07,6.438970740904238
2018-09-17 21:30:00,3.92,4.41276625192916
2018-09-17 21:45:00,3.89,5.38452533308217
2018-09-17 22:00:00,3.67,3.4240205603655647
2018-09-17 22:15:00,3.64,3.8361183377434744
2018-09-17 22:30:00,3.6,3.5277715268968985
2018-09-17 22:45:00,3.6,3.4833372048497195
2018-09-17 23:00:00,4.21,3.397522582530569
2018-09-17 23:15:00,4.61,3.397522582530569
2018-09-17 23:30:00,3.49,3.90606887705974
2018-09-17 23:45:00,3.2,4.111804541891159
2018-09-18 00:00:00,3.56,3.5633048135334535
2018-09-18 00:15:00,3.53,3.5428017539205
2018-09-18 00:30:00,3.31,3.4248143315263375
2018-09-18 00:45:00,2.95,3.4248143315263375
2018-09-18 01:00:00,2.95,3.5059758543319623
2018-09-18 01:15:00,2.95,3.18427839195435
2018-09-18 01:30:00,2.95,3.18427839195435
2018-09-18 01:45:00,2.99,3.119548201110374
2018-09-18 02:00:00,2.95,3.050422431448026
2018-09-18 02:15:00,2.95,3.050422431448026
2018-09-18 02:30:00,2.95,3.19200551567806
2018-09-18 02:45:00,2.95,3.0487916797495638
2018-09-18 03:00:00,2.95,3.085750367084043
2018-09-18 03:15:00,2.99,3.1812483660405975
2018-09-18 03:30:00,2.99,3.1229374967949566
2018-09-18 03:45:00,2.99,3.1000868432349726
2018-09-18 04:00:00,3.6,3.1000868432349726
2018-09-18 04:15:00,3.06,3.1229374967949566
2018-09-18 04:30:00,3.46,3.5092415173086193
2018-09-18 04:45:00,2.99,3.246933052750526
2018-09-18 05:00:00,2.99,3.610587041292827
2018-09-18 05:15:00,2.95,3.2237016343894145
2018-09-18 05:30:00,2.84,3.1624128048125106
2018-09-18 05:45:00,2.84,3.139832237453476
2018-09-18 06:00:00,2.88,3.062475800471944
2018-09-18 06:15:00,2.95,3.0731829251116154
2018-09-18 06:30:00,2.88,3.1543444479172402
2018-09-18 06:45:00,2.84,3.173701315841932
2018-09-18 07:00:00,2.88,3.1049934334964155
2018-09-18 07:15:00,2.95,3.1861549563020404
2018-09-18 07:30:00,4.54,3.867338677425304
2018-09-18 07:45:00,4.9,4.0515072532865055
2018-09-18 08:00:00,35.46,49.91762947118321
2018-09-18 08:15:00,51.59,75.19713698282756
2018-09-18 08:30:00,55.87,65.47460583644838
2018-09-18 08:45:00,53.82,63.681983318365006
2018-09-18 09:00:00,48.24,60.431224859747026
2018-09-18 09:15:00,60.08,58.644548943867285
2018-09-18 09:30:00,61.2,57.47269287480643
2018-09-18 09:45:00,59.8,57.31017298549676
2018-09-18 10:00:00,59.26,58.20275031266717
2018-09-18 10:15:00,53.93,57.87000955759104
2018-09-18 10:30:00,49.75,59.902996129771545
2018-09-18 10:45:00,47.09,63.7550231074316
2018-09-18 11:00:00,60.55,62.14594827002554
2018-09-18 11:15:00,62.06,59.95312001826618
2018-09-18 11:30:00,62.68,60.59628072298551
2018-09-18 11:45:00,45.68,54.43621726321048
2018-09-18 12:00:00,25.6,9.19799624172675
2018-09-18 12:15:00,12.46,8.34483689966256
2018-09-18 12:30:00,4.07,10.565767967364142
2018-09-18 12:45:00,3.89,8.860417718298834
2018-09-18 13:00:00,39.2,42.58002240176522
2018-09-18 13:15:00,53.57,55.1033268291145
2018-09-18 13:30:00,60.48,63.38731110014201
2018-09-18 13:45:00,64.69,58.17186654792411
2018-09-18 14:00:00,62.89,58.53786239837119
2018-09-18 14:15:00,57.31,62.819239318051864
2018-09-18 14:30:00,54.11,60.57790913960462
2018-09-18 14:45:00,58.1,58.24603800103606
2018-09-18 15:00:00,42.62,60.94991698413035
2018-09-18 15:15:00,48.38,60.89515538690746
2018-09-18 15:30:00,60.23,50.19342825535638
2018-09-18 15:45:00,47.09,57.83440035456941
2018-09-18 16:00:00,41.08,58.40252057069821
2018-09-18 16:15:00,55.4,54.36447299290527
2018-09-18 16:30:00,51.12,45.08579040852684
2018-09-18 16:45:00,48.67,56.84779907177114
2018-09-18 17:00:00,43.02,54.008894479869504
2018-09-18 17:15:00,54.0,51.48979195777033
2018-09-18 17:30:00,32.22,39.340772386066334
2018-09-18 17:45:00,31.28,27.805636248754148
2018-09-18 18:00:00,37.26,37.4232569107044
2018-09-18 18:15:00,55.73,44.29348723882387
2018-09-18 18:30:00,48.67,44.42288050751269
2018-09-18 18:45:00,42.01,52.483743537814824
2018-09-18 19:00:00,47.7,48.373013698496656
2018-09-18 19:15:00,45.68,42.626954321793214
2018-09-18 19:30:00,49.18,48.31812417639015
2018-09-18 19:45:00,66.35,42.44552923453038
2018-09-18 20:00:00,40.93,48.875347724520246
2018-09-18 20:15:00,43.78,58.20228728301824
2018-09-18 20:30:00,41.44,36.37769678432903
2018-09-18 20:45:00,42.37,14.458388585490589
2018-09-18 21:00:00,27.29,12.792557133317167
2018-09-18 21:15:00,4.86,12.264166861272164
2018-09-18 21:30:00,3.67,9.60082565549372
2018-09-18 21:45:00,3.6,3.986982779591165
2018-09-18 22:00:00,3.31,3.6241624770184964
2018-09-18 22:15:00,3.38,3.6241624770184964
2018-09-18 22:30:00,3.35,3.6023562036352317
2018-09-18 22:45:00,4.46,3.5788221019878232
2018-09-18 23:00:00,3.96,3.5126274166890448
2018-09-18 23:15:00,3.2,3.9626774607163076
2018-09-18 23:30:00,3.2,3.7165339895218334
2018-09-18 23:45:00,2.66,3.6077641855232234
2018-09-19 00:00:00,2.92,3.3766921872977034
2018-09-19 00:15:00,2.74,3.0657485507698254
2018-09-19 00:30:00,2.66,2.9902034595091425
2018-09-19 00:45:00,2.66,2.9902034595091425
2018-09-19 01:00:00,2.7,2.9902034595091425
2018-09-19 01:15:00,2.66,2.9502336175670703
2018-09-19 01:30:00,2.74,2.9768209200688154
2018-09-19 01:45:00,2.77,2.9502336175670703
2018-09-19 02:00:00,2.74,2.9502336175670703
2018-09-19 02:15:00,2.77,2.9502336175670703
2018-09-19 02:30:00,2.74,3.3357118980889653
2018-09-19 02:45:00,2.74,2.953199344590255
2018-09-19 03:00:00,2.81,2.962966588141953
2018-09-19 03:15:00,2.77,3.128997978356954
2018-09-19 03:30:00,2.74,3.120149503557099
2018-09-19 03:45:00,3.82,3.128997978356954
2018-09-19 04:00:00,3.89,2.9639298184234963
2018-09-19 04:15:00,2.7,3.885129430937234
2018-09-19 04:30:00,2.77,5.008269702176541
2018-09-19 04:45:00,2.74,3.5386393145325
2018-09-19 05:00:00,2.81,3.0087035454188853
2018-09-19 05:15:00,2.74,3.276490982076644
2018-09-19 05:30:00,2.7,2.9940692005010483
2018-09-19 05:45:00,2.7,2.9639298184234963
2018-09-19 06:00:00,2.74,2.9988051360477
2018-09-19 06:15:00,2.66,2.9639298184234963
2018-09-19 06:30:00,2.66,3.020096043325397
2018-09-19 06:45:00,2.66,2.9639298184234963
2018-09-19 07:00:00,2.66,2.9957403268082965
2018-09-19 07:15:00,2.92,3.0217671696326454
2018-09-19 07:30:00,4.61,3.352206539693396
2018-09-19 07:45:00,4.9,3.332642454969504
2018-09-19 08:00:00,25.45,49.41943708786498
2018-09-19 08:15:00,61.09,65.55671984052563
2018-09-19 08:30:00,34.99,55.334081409368444
2018-09-19 08:45:00,37.3,67.19229267060409
2018-09-19 09:00:00,54.65,41.465474091117464
2018-09-19 09:15:00,55.01,45.90176858456228
2018-09-19 09:30:00,37.76,53.363340699954044
2018-09-19 09:45:00,36.72,56.82109243495443
2018-09-19 10:00:00,37.22,43.627333996937196
2018-09-19 10:15:00,39.67,44.01416820538699
2018-09-19 10:30:00,43.09,45.429179693419826
2018-09-19 10:45:00,43.34,46.346385287073026
2018-09-19 11:00:00,45.76,45.66289571162023
2018-09-19 11:15:00,40.25,48.01386190672129
2018-09-19 11:30:00,48.06,49.27891633475376
2018-09-19 11:45:00,38.59,38.006992739991304
2018-09-19 12:00:00,5.36,9.459750086247364
2018-09-19 12:15:00,4.97,9.17325718143763
2018-09-19 12:30:00,4.46,5.049384613976163
2018-09-19 12:45:00,4.9,5.982876194900273
2018-09-19 13:00:00,30.74,29.878886274183948
2018-09-19 13:15:00,41.58,51.09416790280406
2018-09-19 13:30:00,43.27,57.765786026286015
2018-09-19 13:45:00,44.1,47.60520526006095
2018-09-19 14:00:00,42.7,45.98415360756075
2018-09-19 14:15:00,38.7,47.57390903209519
2018-09-19 14:30:00,44.93,46.089281934037295
2018-09-19 14:45:00,43.42,44.04860925976655
2018-09-19 15:00:00,45.86,49.24187444946642
2018-09-19 15:15:00,37.15,47.853502207905265
2018-09-19 15:30:00,40.61,52.04886029320612
2018-09-19 15:45:00,42.52,44.12478872526956
2018-09-19 16:00:00,50.58,44.30048819485438
2018-09-19 16:15:00,52.38,43.43882378464716
2018-09-19 16:30:00,43.16,53.74115220863654
2018-09-19 16:45:00,51.62,54.13401975170692
2018-09-19 17:00:00,59.44,42.405683592247776
2018-09-19 17:15:00,51.66,51.21479098116167
2018-09-19 17:30:00,39.71,33.340482874212825
2018-09-19 17:45:00,36.47,27.016610582935755
2018-09-19 18:00:00,4.0,37.64254520432954
2018-09-19 18:15:00,3.85,37.91792188808056
2018-09-19 18:30:00,3.71,3.677107697096752
2018-09-19 18:45:00,3.67,3.842036209932893
2018-09-19 19:00:00,3.6,3.335340580648738
2018-09-19 19:15:00,3.6,3.413906894922268
2018-09-19 19:30:00,3.64,3.267796547701907
2018-09-19 19:45:00,3.64,2.411338481185354
2018-09-19 20:00:00,3.67,3.3407733332771814
2018-09-19 20:15:00,3.64,3.067368640133422
2018-09-19 20:30:00,3.64,3.764788769392504
2018-09-19 20:45:00,3.71,3.5119073884862426
2018-09-19 21:00:00,3.71,3.716778444359096
2018-09-19 21:15:00,3.31,3.5126274166890448
2018-09-19 21:30:00,3.74,3.5126274166890448
2018-09-19 21:45:00,3.31,3.5126274166890448
2018-09-19 22:00:00,2.92,3.5126274166890448
2018-09-19 22:15:00,2.92,3.5126274166890448
2018-09-19 22:30:00,2.92,3.1861117331383375
2018-09-19 22:45:00,2.92,3.1861117331383375
2018-09-19 23:00:00,2.74,3.121381542294362
2018-09-19 23:15:00,2.7,3.1105666418776545
2018-09-19 23:30:00,2.66,3.1105666418776545
2018-09-19 23:45:00,3.42,3.041839575304072
2018-09-20 00:00:00,2.7,2.9902034595091425
2018-09-20 00:15:00,2.77,3.235557620254225
2018-09-20 00:30:00,3.35,2.8824546342017725
2018-09-20 00:45:00,2.77,2.8824546342017725
2018-09-20 01:00:00,2.7,3.4883487109744027
2018-09-20 01:15:00,2.7,2.8956593972631905
2018-09-20 01:30:00,2.66,2.8720378217846303
2018-09-20 01:45:00,2.74,2.903736950144469
2018-09-20 02:00:00,2.7,2.8986251242863754
2018-09-20 02:15:00,2.7,3.0241001325129813
2018-09-20 02:30:00,2.7,2.8720378217846303
2018-09-20 02:45:00,3.1,2.8720378217846303
2018-09-20 03:00:00,3.35,2.9046557188963122
2018-09-20 03:15:00,2.92,2.981935622957941
2018-09-20 03:30:00,2.7,3.249070203735969
2018-09-20 03:45:00,2.66,2.9822107097079225
2018-09-20 04:00:00,2.74,3.0180672124730132
2018-09-20 04:15:00,2.92,3.0691273628290263
2018-09-20 04:30:00,3.28,2.971614834020498
2018-09-20 04:45:00,2.77,2.9487641804605143
2018-09-20 05:00:00,2.66,3.3076610323637468
2018-09-20 05:15:00,2.66,2.9186247983829623
2018-09-20 05:30:00,2.66,2.9186247983829623
2018-09-20 05:45:00,2.66,2.9487641804605143
2018-09-20 06:00:00,2.66,2.9487641804605143
2018-09-20 06:15:00,2.7,2.9274732731828172
2018-09-20 06:30:00,2.63,2.9186247983829623
2018-09-20 06:45:00,2.66,2.9186247983829623
2018-09-20 07:00:00,2.63,2.9504353067677624
2018-09-20 07:15:00,2.66,3.0315968295733873
2018-09-20 07:30:00,2.81,3.330998085618673
2018-09-20 07:45:00,3.96,3.332642454969504
2018-09-20 08:00:00,34.7,16.06133751709956
2018-09-20 08:15:00,41.47,52.8724423140728
2018-09-20 08:30:00,48.42,60.67650806739407
2018-09-20 08:45:00,41.11,49.28200929079098
2018-09-20 09:00:00,46.12,54.121994503364085
2018-09-20 09:15:00,38.63,45.94853709610351
2018-09-20 09:30:00,38.27,51.11722359060102
2018-09-20 09:45:00,39.02,45.5702422303621
2018-09-20 10:00:00,38.81,44.45232303713291
2018-09-20 10:15:00,43.56,44.44944116338054
2018-09-20 10:30:00,54.04,43.709570311264834
2018-09-20 10:45:00,54.54,48.48430054589713
2018-09-20 11:00:00,50.76,55.26402204322314
2018-09-20 11:15:00,49.1,55.11996118672206
2018-09-20 11:30:00,59.98,52.10486278388251
2018-09-20 11:45:00,34.78,47.09224006177796
2018-09-20 12:00:00,26.78,9.498718125069265
2018-09-20 12:15:00,10.15,9.582962236359254
2018-09-20 12:30:00,3.67,11.190543511278175
2018-09-20 12:45:00,4.28,9.045677901018948
2018-09-20 13:00:00,31.36,30.006244827195232
2018-09-20 13:15:00,61.16,50.493195139952554
2018-09-20 13:30:00,64.4,57.676454464153984
2018-09-20 13:45:00,61.99,59.51749256327911
2018-09-20 14:00:00,60.12,63.23506646782666
2018-09-20 14:15:00,48.85,56.75739947802287
2018-09-20 14:30:00,45.47,58.025680295152505
2018-09-20 14:45:00,55.3,58.20205329845996
2018-09-20 15:00:00,48.13,54.589215595683974
2018-09-20 15:15:00,51.8,57.08051865590775
2018-09-20 15:30:00,70.49,53.12676474688464
2018-09-20 15:45:00,54.32,54.437913841078256
2018-09-20 16:00:00,65.23,63.23074280764741
2018-09-20 16:15:00,43.16,57.29635457547678
2018-09-20 16:30:00,56.41,60.27011428630649
2018-09-20 16:45:00,51.3,48.71130833787799
2018-09-20 17:00:00,50.33,53.94990324187933
2018-09-20 17:15:00,55.19,51.27198365126819
2018-09-20 17:30:00,29.09,39.73141819862962
2018-09-20 17:45:00,30.31,38.02391043830551
2018-09-20 18:00:00,37.66,33.964526962995166
2018-09-20 18:15:00,52.81,46.46374492256748
2018-09-20 18:30:00,39.42,47.04636356348693
2018-09-20 18:45:00,44.17,53.796383716561564
2018-09-20 19:00:00,57.13,41.906190260013496
2018-09-20 19:15:00,54.22,47.444957764054024
2018-09-20 19:30:00,45.04,53.86691536699746
2018-09-20 19:45:00,41.11,50.60372080504824
2018-09-20 20:00:00,41.47,48.16037951858095
2018-09-20 20:15:00,67.54,43.50636482332536
2018-09-20 20:30:00,37.58,37.84250290166863
2018-09-20 20:45:00,13.28,18.8757930571176
2018-09-20 21:00:00,4.07,12.590227225177568
2018-09-20 21:15:00,3.89,5.831815947930831
2018-09-20 21:30:00,3.74,4.6498936645045506
2018-09-20 21:45:00,3.71,4.1906404696457455
2018-09-20 22:00:00,3.53,3.636374328354469
2018-09-20 22:15:00,3.49,3.614790659867274
2018-09-20 22:30:00,3.49,3.525061872921087
2018-09-20 22:45:00,3.53,3.525061872921087
2018-09-20 23:00:00,3.42,3.443900350115462
2018-09-20 23:15:00,3.42,3.443900350115462
2018-09-20 23:30:00,3.38,3.443900350115462
2018-09-20 23:45:00,2.48,3.3922642343205327
2018-09-21 00:00:00,2.77,3.3334701514041387
2018-09-21 00:15:00,2.92,3.036510039863061
2018-09-21 00:30:00,3.17,3.0236666376621693
2018-09-21 00:45:00,3.46,2.9653557684165284
2018-09-21 01:00:00,2.84,3.1769258540345358
2018-09-21 01:15:00,2.81,3.2132922740323755
2018-09-21 01:30:00,2.81,2.9472667369619225
2018-09-21 01:45:00,2.92,2.9399374758329246
2018-09-21 02:00:00,2.88,2.9291225754162173
2018-09-21 02:15:00,2.88,2.9291225754162173
2018-09-21 02:30:00,2.81,2.950342477277739
2018-09-21 02:45:00,2.84,3.031504000083364
2018-09-21 03:00:00,2.84,3.026569148372532
2018-09-21 03:15:00,2.84,3.063388881419166
2018-09-21 03:30:00,2.84,2.982227358613541
2018-09-21 03:45:00,2.95,2.982227358613541
2018-09-21 04:00:00,3.38,2.982227358613541
2018-09-21 04:15:00,3.1,3.072916089403116
2018-09-21 04:30:00,2.84,3.3604744323355926
2018-09-21 04:45:00,2.92,3.0638190744729457
2018-09-21 05:00:00,2.81,3.000508249897967
2018-09-21 05:15:00,2.77,3.000508249897967
2018-09-21 05:30:00,2.74,2.982227358613541
2018-09-21 05:45:00,2.88,2.982227358613541
2018-09-21 06:00:00,3.38,2.982227358613541
2018-09-21 06:15:00,2.95,2.982227358613541
2018-09-21 06:30:00,2.81,3.154499422109481
2018-09-21 06:45:00,2.74,2.980293319260536
2018-09-21 07:00:00,2.7,2.952087976535989
2018-09-21 07:15:00,2.99,2.982227358613541
2018-09-21 07:30:00,3.35,3.1939457457910407
2018-09-21 07:45:00,14.33,3.2894550351958114
2018-09-21 08:00:00,35.14,28.95899163353352
2018-09-21 08:15:00,41.11,63.68708620665878
2018-09-21 08:30:00,50.29,51.122916938484416
2018-09-21 08:45:00,55.91,45.153856636591385
2018-09-21 09:00:00,59.83,54.8211645834128
2018-09-21 09:15:00,45.58,55.244988879429236
2018-09-21 09:30:00,39.31,54.86863120921772
2018-09-21 09:45:00,47.52,46.36634906350017
2018-09-21 10:00:00,54.9,43.95715145191514
2018-09-21 10:15:00,38.66,52.46784193380223
2018-09-21 10:30:00,39.35,55.62978849971092
2018-09-21 10:45:00,34.09,45.31775486008071
2018-09-21 11:00:00,30.24,46.52943000712229
2018-09-21 11:15:00,31.25,40.87978497758038
2018-09-21 11:30:00,30.38,38.76578171407489
2018-09-21 11:45:00,29.84,35.37233171558499
2018-09-21 12:00:00,7.24,11.671741143323244
2018-09-21 12:15:00,6.26,9.49082256510224
2018-09-21 12:30:00,4.64,7.067581767322686
2018-09-21 12:45:00,4.21,6.36304755913189
2018-09-21 13:00:00,18.18,36.950428435945625
2018-09-21 13:15:00,28.08,44.53711112864892
2018-09-21 13:30:00,29.77,49.13805523048734
2018-09-21 13:45:00,27.86,37.382781728649086
2018-09-21 14:00:00,27.07,40.212413372770534
2018-09-21 14:15:00,24.95,34.01426561287291
2018-09-21 14:30:00,8.6,33.73932462094073
2018-09-21 14:45:00,8.64,33.73932462094073
2018-09-21 15:00:00,8.57,17.60032477803818
2018-09-21 15:15:00,7.67,18.485673713136123
2018-09-21 15:30:00,6.52,19.634762600304942
2018-09-21 15:45:00,5.08,18.86547987092404
2018-09-21 16:00:00,3.31,16.001248335560998
2018-09-21 16:15:00,3.31,5.909840283667601
2018-09-21 16:30:00,3.35,4.580617326741242
2018-09-21 16:45:00,3.38,2.774625580216121
2018-09-21 17:00:00,3.35,2.755480823349077
2018-09-21 17:15:00,3.42,2.490654553540243
2018-09-21 17:30:00,3.31,3.0041821387122174
2018-09-21 17:45:00,3.24,3.421426163199093
2018-09-21 18:00:00,3.28,3.2914259788751385
2018-09-21 18:15:00,3.31,3.62501635153653
2018-09-21 18:30:00,3.92,3.694079161742165
2018-09-21 18:45:00,4.39,3.67772715720355
2018-09-21 19:00:00,2.7,4.288361149136971
2018-09-21 19:15:00,2.74,4.009436436569404
2018-09-21 19:30:00,2.77,3.3479771448559537
2018-09-21 19:45:00,2.7,3.363472118201775
2018-09-21 20:00:00,2.77,4.107035122146994
2018-09-21 20:15:00,2.74,3.6603259332753444
2018-09-21 20:30:00,2.74,3.2246990261239126
2018-09-21 20:45:00,2.7,3.1873571117953077
2018-09-21 21:00:00,2.66,2.6623159776793734
2018-09-21 21:15:00,2.7,2.997079335160424
2018-09-21 21:30:00,2.77,3.005927809960279
2018-09-21 21:45:00,2.66,2.997079335160424
2018-09-21 22:00:00,2.52,2.986662522743282
2018-09-21 22:15:00,2.59,2.986662522743282
2018-09-21 22:30:00,2.52,2.86629934037477
2018-09-21 22:45:00,3.17,2.86629934037477
2018-09-21 23:00:00,2.88,2.875147815174625
2018-09-21 23:15:00,3.2,3.0618201884339973
2018-09-21 23:30:00,2.52,2.830442837609679
2018-09-21 23:45:00,2.92,3.0165151683934632
2018-09-22 00:00:00,2.52,2.807988471129129
2018-09-22 00:15:00,2.56,2.883056982935773
2018-09-22 00:30:00,2.59,2.857030140111424
2018-09-22 00:45:00,2.56,2.857030140111424
2018-09-22 01:00:00,2.52,2.830442837609679
2018-09-22 01:15:00,2.56,2.954938955999386
2018-09-22 01:30:00,2.52,2.807988471129129
2018-09-22 01:45:00,2.56,2.856469680434028
2018-09-22 02:00:00,2.63,2.830442837609679
2018-09-22 02:15:00,3.02,2.830442837609679
2018-09-22 02:30:00,2.84,2.807988471129129
2018-09-22 02:45:00,2.56,2.8456002098694277
2018-09-22 03:00:00,2.56,2.876066583926468
2018-09-22 03:15:00,2.56,2.90305665703236
2018-09-22 03:30:00,3.02,2.912886316973102
2018-09-22 03:45:00,3.06,3.027532378654075
2018-09-22 04:00:00,2.66,2.9525529070346037
2018-09-22 04:15:00,2.56,2.8929758971147503
2018-09-22 04:30:00,2.59,2.877029814208011
2018-09-22 04:45:00,2.59,2.877029814208011
2018-09-22 05:00:00,2.66,2.884714829805013
2018-09-22 05:15:00,2.59,2.884714829805013
2018-09-22 05:30:00,2.52,2.831724794167477
2018-09-22 05:45:00,2.52,2.877029814208011
2018-09-22 06:00:00,3.17,2.877029814208011
2018-09-22 06:15:00,3.1,2.877029814208011
2018-09-22 06:30:00,2.59,2.9548719763285707
2018-09-22 06:45:00,2.56,2.868774180164519
2018-09-22 07:00:00,2.48,2.831724794167477
2018-09-22 07:15:00,2.52,2.877029814208011
2018-09-22 07:30:00,2.52,2.7578909932574383
2018-09-22 07:45:00,2.52,3.4367437748970833
2018-09-22 08:00:00,2.95,10.165944953173124
2018-09-22 08:15:00,3.28,8.990012004631403
2018-09-22 08:30:00,3.31,1.0860100902336176
2018-09-22 08:45:00,3.74,2.1308254174229946
2018-09-22 09:00:00,2.99,3.113075845811609
2018-09-22 09:15:00,2.92,3.270272555411608
2018-09-22 09:30:00,2.99,3.729662086575571
2018-09-22 09:45:00,2.92,3.071468892475602
2018-09-22 10:00:00,4.0,3.615004208911139
2018-09-22 10:15:00,3.24,3.2257897677690077
2018-09-22 10:30:00,2.92,3.8544723934464002
2018-09-22 10:45:00,2.95,2.5376463321847025
2018-09-22 11:00:00,3.28,2.6618362398293587
2018-09-22 11:15:00,3.78,3.5753424335136557
2018-09-22 11:30:00,2.99,2.189873781606207
2018-09-22 11:45:00,3.35,3.6370884865718334
2018-09-22 12:00:00,2.92,3.478576170632561
2018-09-22 12:15:00,2.81,2.8486745436721757
2018-09-22 12:30:00,2.88,3.116509944116687
2018-09-22 12:45:00,2.95,3.510648994331961
2018-09-22 13:00:00,2.81,3.6920900424465506
2018-09-22 13:15:00,2.81,4.634034673941686
2018-09-22 13:30:00,3.17,3.3453474820102054
2018-09-22 13:45:00,4.5,3.7398806341613975
2018-09-22 14:00:00,2.99,3.174424835676161
2018-09-22 14:15:00,2.92,6.983882544919852
2018-09-22 14:30:00,2.81,3.9174025709084184
2018-09-22 14:45:00,2.77,3.9371325273662072
2018-09-22 15:00:00,2.84,3.3249430598469876
2018-09-22 15:15:00,3.13,3.262052298851596
2018-09-22 15:30:00,3.38,3.3194843734946216
2018-09-22 15:45:00,3.06,3.7244616158527277
2018-09-22 16:00:00,2.77,3.266611392523573
2018-09-22 16:15:00,2.84,2.92997940114725
2018-09-22 16:30:00,2.88,2.833771877323971
2018-09-22 16:45:00,2.77,3.040239898350919
2018-09-22 17:00:00,2.77,2.8463217755868166
2018-09-22 17:15:00,2.81,2.8364921156460747
2018-09-22 17:30:00,2.81,2.8187532879441846
2018-09-22 17:45:00,2.81,2.8463217755868166
2018-09-22 18:00:00,2.77,2.8463217755868166
2018-09-22 18:15:00,2.92,3.0979606895841587
2018-09-22 18:30:00,3.56,3.088131029643417
2018-09-22 18:45:00,3.06,3.105869857345307
2018-09-22 19:00:00,2.88,3.318285912462185
2018-09-22 19:15:00,2.84,2.9979236965161653
2018-09-22 19:30:00,2.95,2.997468394359683
2018-09-22 19:45:00,3.38,2.8593597535342314
2018-09-22 20:00:00,3.13,2.88959626729093
2018-09-22 20:15:00,2.88,3.1501626359789587
2018-09-22 20:30:00,2.95,2.8958902027469264
2018-09-22 20:45:00,2.92,2.8593597535342314
2018-09-22 21:00:00,2.92,3.016663665379483
2018-09-22 21:15:00,2.88,2.932088302439402
2018-09-22 21:30:00,2.88,2.834575773630874
2018-09-22 21:45:00,2.84,2.81172512007089
2018-09-22 22:00:00,2.66,2.81172512007089
2018-09-22 22:15:00,2.7,2.81172512007089
2018-09-22 22:30:00,2.77,2.81172512007089
2018-09-22 22:45:00,2.77,2.892886642876515
2018-09-22 23:00:00,2.95,3.013249825245027
2018-09-22 23:15:00,2.95,2.883056982935773
2018-09-22 23:30:00,2.84,2.8002951898288937
2018-09-22 23:45:00,2.66,2.8845001009881917
2018-09-23 00:00:00,2.56,2.793986292369
2018-09-23 00:15:00,2.52,2.793986292369
2018-09-23 00:30:00,2.56,2.81172512007089
2018-09-23 00:45:00,2.52,2.81172512007089
2018-09-23 01:00:00,2.56,2.81172512007089
2018-09-23 01:15:00,2.66,2.785137817569145
2018-09-23 01:30:00,2.56,2.785137817569145
2018-09-23 01:45:00,2.52,2.785137817569145
2018-09-23 02:00:00,2.56,2.785137817569145
2018-09-23 02:15:00,2.48,2.830442837609679
2018-09-23 02:30:00,2.84,2.950806019978191
2018-09-23 02:45:00,3.17,2.785137817569145
2018-09-23 03:00:00,2.52,2.915268243489355
2018-09-23 03:15:00,2.59,3.1870276524983274
2018-09-23 03:30:00,2.81,2.912886316973102
2018-09-23 03:45:00,3.13,2.90305665703236
2018-09-23 04:00:00,2.56,2.861864176245029
2018-09-23 04:15:00,2.63,2.9023243472600235
2018-09-23 04:30:00,2.52,2.831724794167477
2018-09-23 04:45:00,2.52,2.831724794167477
2018-09-23 05:00:00,2.56,2.861864176245029
2018-09-23 05:15:00,2.59,2.861864176245029
2018-09-23 05:30:00,2.52,2.831724794167477
2018-09-23 05:45:00,2.56,2.831724794167477
2018-09-23 06:00:00,2.52,2.877029814208011
2018-09-23 06:15:00,2.52,2.877029814208011
2018-09-23 06:30:00,2.48,2.831724794167477
2018-09-23 06:45:00,2.88,2.831724794167477
2018-09-23 07:00:00,2.95,2.831724794167477
2018-09-23 07:15:00,2.52,2.831724794167477
2018-09-23 07:30:00,2.48,2.5776603028392793
2018-09-23 07:45:00,3.13,2.58938543210772
2018-09-23 08:00:00,2.84,6.673030076401276
2018-09-23 08:15:00,2.48,12.060033943792687
2018-09-23 08:30:00,2.56,3.266514143117374
2018-09-23 08:45:00,2.81,3.6475431032869206
2018-09-23 09:00:00,2.7,3.5271799209184085
2018-09-23 09:15:00,2.7,3.524194567278888
2018-09-23 09:30:00,2.7,3.6395037475157452
2018-09-23 09:45:00,2.7,3.6616419828191047
2018-09-23 10:00:00,2.74,3.6616419828191047
2018-09-23 10:15:00,2.7,3.704409662368249
2018-09-23 10:30:00,2.77,3.690206178427288
2018-09-23 10:45:00,2.77,3.26648843969925
2018-09-23 11:00:00,2.7,3.2963370042650406
2018-09-23 11:15:00,2.77,3.260818992180996
2018-09-23 11:30:00,2.74,2.9756546214819775
2018-09-23 11:45:00,2.84,3.2590832905013456
2018-09-23 12:00:00,3.35,3.2034271844866202
2018-09-23 12:15:00,2.81,3.055368577549591
2018-09-23 12:30:00,2.81,2.784958691738376
2018-09-23 12:45:00,2.81,3.311075534374222
2018-09-23 13:00:00,2.77,3.179128158366196
2018-09-23 13:15:00,2.99,4.803666668477751
2018-09-23 13:30:00,3.35,3.6680679431239285
2018-09-23 13:45:00,2.81,3.663998015489907
2018-09-23 14:00:00,2.88,3.513748561772968
2018-09-23 14:15:00,2.77,3.704409662368249
2018-09-23 14:30:00,2.81,3.763371196479598
2018-09-23 14:45:00,2.81,3.681955295887699
2018-09-23 15:00:00,2.81,3.7342582269340396
2018-09-23 15:15:00,2.77,3.704409662368249
2018-09-23 15:30:00,2.81,3.8546214093025517
2018-09-23 15:45:00,2.84,3.686670834666359
2018-09-23 16:00:00,2.84,3.681955295887699
2018-09-23 16:15:00,3.1,2.9644918954245782
2018-09-23 16:30:00,3.2,2.956388898231334
2018-09-23 16:45:00,2.81,2.890187128188313
2018-09-23 17:00:00,2.77,2.824116990524243
2018-09-23 17:15:00,2.81,2.7243393987074804
2018-09-23 17:30:00,2.81,2.7243393987074804
2018-09-23 17:45:00,2.81,2.7243393987074804
2018-09-23 18:00:00,3.17,2.7243393987074804
2018-09-23 18:15:00,3.13,2.9591626430283027
2018-09-23 18:30:00,2.81,3.2008208802594615
2018-09-23 18:45:00,2.81,2.9956930922409977
2018-09-23 19:00:00,2.81,2.9591626430283027
2018-09-23 19:15:00,2.88,3.040239898350919
2018-09-23 19:30:00,2.81,3.040239898350919
2018-09-23 19:45:00,3.24,3.040239898350919
2018-09-23 20:00:00,3.02,3.040239898350919
2018-09-23 20:15:00,2.81,3.2214944988438416
2018-09-23 20:30:00,2.84,2.9479071365365708
2018-09-23 20:45:00,2.81,2.929706375923149
2018-09-23 21:00:00,2.92,2.9386166848457247
2018-09-23 21:15:00,2.81,2.883056982935773
2018-09-23 21:30:00,2.88,2.883056982935773
2018-09-23 21:45:00,2.81,2.883056982935773
2018-09-23 22:00:00,2.63,2.81172512007089
2018-09-23 22:15:00,2.63,2.81172512007089
2018-09-23 22:30:00,2.66,2.834575773630874
2018-09-23 22:45:00,2.7,2.834575773630874
2018-09-23 23:00:00,3.6,2.883056982935773
2018-09-23 23:15:00,4.0,2.883056982935773
2018-09-23 23:30:00,2.63,3.156411781135224
2018-09-23 23:45:00,2.63,4.141597261740235
2018-09-24 00:00:00,2.59,3.837507766032759
2018-09-24 00:15:00,2.63,3.003360716782415
2018-09-24 00:30:00,2.74,2.890146259616727
2018-09-24 00:45:00,2.63,2.890146259616727
2018-09-24 01:00:00,2.59,2.983922139483494
2018-09-24 01:15:00,2.63,2.8635589571149818
2018-09-24 01:30:00,2.63,2.983922139483494
2018-09-24 01:45:00,2.66,2.8635589571149818
2018-09-24 02:00:00,2.66,2.8635589571149818
2018-09-24 02:15:00,2.66,2.8635589571149818
2018-09-24 02:30:00,2.63,2.908863977155516
2018-09-24 02:45:00,2.63,2.908863977155516
2018-09-24 03:00:00,2.95,2.8733262006666798
2018-09-24 03:15:00,3.02,2.9101459337133138
2018-09-24 03:30:00,2.63,2.948942670180037
2018-09-24 03:45:00,3.17,2.971397036660587
2018-09-24 04:00:00,3.24,2.9101459337133138
2018-09-24 04:15:00,2.74,3.185543094913164
2018-09-24 04:30:00,2.66,3.5700797934611423
2018-09-24 04:45:00,2.63,3.060648498159378
2018-09-24 05:00:00,2.66,2.9101459337133138
2018-09-24 05:15:00,2.63,2.9402853157908657
2018-09-24 05:30:00,2.7,2.9402853157908657
2018-09-24 05:45:00,2.63,2.9101459337133138
2018-09-24 06:00:00,2.59,2.9101459337133138
2018-09-24 06:15:00,3.1,2.9101459337133138
2018-09-24 06:30:00,2.92,2.9101459337133138
2018-09-24 06:45:00,2.56,2.99250033975089
2018-09-24 07:00:00,2.66,2.987261462138648
2018-09-24 07:15:00,2.59,2.941956442098114
2018-09-24 07:30:00,2.56,3.194837930468786
2018-09-24 07:45:00,2.63,3.297953544762052
2018-09-24 08:00:00,2.59,18.419843471278607
2018-09-24 08:15:00,2.59,29.667074811394627
2018-09-24 08:30:00,2.74,6.347833324476174
2018-09-24 08:45:00,2.81,6.491248527881264
2018-09-24 09:00:00,2.88,6.645603587828812
2018-09-24 09:15:00,2.84,6.561182201237455
2018-09-24 09:30:00,3.17,6.422981675283483
2018-09-24 09:45:00,3.24,6.619513982854793
2018-09-24 10:00:00,2.84,6.606517178565492
2018-09-24 10:15:00,2.88,6.678606181095223
2018-09-24 10:30:00,3.42,6.7944218382211075
2018-09-24 10:45:00,2.88,6.816371199130562
2018-09-24 11:00:00,2.84,5.8671858684066525
2018-09-24 11:15:00,2.81,3.804694890090745
2018-09-24 11:30:00,2.84,3.3288886724084916
2018-09-24 11:45:00,2.88,3.5707260000203354
2018-09-24 12:00:00,2.81,3.541449264551353
2018-09-24 12:15:00,2.81,3.6690725170030754
2018-09-24 12:30:00,2.84,3.6690725170030754
2018-09-24 12:45:00,2.81,3.858078726426508
2018-09-24 13:00:00,2.81,6.22795446269319
2018-09-24 13:15:00,2.84,9.301115870275035
2018-09-24 13:30:00,2.84,6.114354363466036
2018-09-24 13:45:00,3.13,7.054298094742309
2018-09-24 14:00:00,3.49,7.566979138755065
2018-09-24 14:15:00,2.92,7.099684314267953
2018-09-24 14:30:00,3.38,7.535624089995246
2018-09-24 14:45:00,3.24,7.083966481808927
2018-09-24 15:00:00,2.84,7.455724043985536
2018-09-24 15:15:00,2.84,7.660371388495654
2018-09-24 15:30:00,2.81,7.080308890710071
2018-09-24 15:45:00,2.81,7.778831577792209
2018-09-24 16:00:00,2.81,7.270267033729843
2018-09-24 16:15:00,2.92,4.268339944359556
2018-09-24 16:30:00,2.88,3.5690231349759847
2018-09-24 16:45:00,2.81,3.4352844919601937
2018-09-24 17:00:00,2.81,3.7648464543079103
2018-09-24 17:15:00,2.84,2.811877040669566
2018-09-24 17:30:00,2.77,3.202219560035966
2018-09-24 17:45:00,2.77,3.0676550779068847
2018-09-24 18:00:00,2.74,3.0517685371825785
2018-09-24 18:15:00,2.74,2.9356070421611933
2018-09-24 18:30:00,2.88,3.1116864849548214
2018-09-24 18:45:00,2.84,2.9958783423376003
2018-09-24 19:00:00,2.81,2.97813951463571
2018-09-24 19:15:00,3.38,2.9896755302426024
2018-09-24 19:30:00,4.43,2.9323458461378484
2018-09-24 19:45:00,2.92,3.2416261713745103
2018-09-24 20:00:00,2.81,3.8894548380995384
2018-09-24 20:15:00,2.81,3.307961703750482
2018-09-24 20:30:00,2.81,3.6984705998191587
2018-09-24 20:45:00,2.81,3.2902562771375954
2018-09-24 21:00:00,2.88,2.8509203530554945
2018-09-24 21:15:00,2.92,3.033360095545223
2018-09-24 21:30:00,2.81,3.081841304850122
2018-09-24 21:45:00,2.77,3.033360095545223
2018-09-24 22:00:00,2.66,3.010509441985239
2018-09-24 22:15:00,2.63,3.010509441985239
2018-09-24 22:30:00,2.84,3.010509441985239
2018-09-24 22:45:00,3.2,3.010509441985239
2018-09-24 23:00:00,2.59,3.094275761082164
2018-09-24 23:15:00,2.56,3.3694352117947197
2018-09-24 23:30:00,2.59,2.983922139483494
2018-09-24 23:45:00,2.66,2.983922139483494
2018-09-25 00:00:00,2.66,3.0189883066548875
2018-09-25 00:15:00,3.24,3.0189883066548875
2018-09-25 00:30:00,2.99,2.9924010041531424
2018-09-25 00:45:00,2.63,3.1955101169816644
2018-09-25 01:00:00,2.63,2.887195194044379
2018-09-25 01:15:00,2.63,2.8720378217846303
2018-09-25 01:30:00,2.59,2.8720378217846303
2018-09-25 01:45:00,2.7,2.8986251242863754
2018-09-25 02:00:00,3.24,2.8986251242863754
2018-09-25 02:15:00,2.77,2.8720378217846303
2018-09-25 02:30:00,2.7,3.1955101169816644
2018-09-25 02:45:00,2.63,2.8720378217846303
2018-09-25 03:00:00,2.59,2.962966588141953
2018-09-25 03:15:00,2.66,2.9639298184234963
2018-09-25 03:30:00,2.63,2.9487641804605143
2018-09-25 03:45:00,2.63,2.9727782932233513
2018-09-25 04:00:00,2.59,3.0842930007920084
2018-09-25 04:15:00,2.59,2.9186247983829623
2018-09-25 04:30:00,2.66,3.0389879807514744
2018-09-25 04:45:00,2.66,2.9186247983829623
2018-09-25 05:00:00,2.63,2.9186247983829623
2018-09-25 05:15:00,2.88,2.9186247983829623
2018-09-25 05:30:00,3.85,2.9186247983829623
2018-09-25 05:45:00,2.84,2.9186247983829623
2018-09-25 06:00:00,2.56,3.938274351938195
2018-09-25 06:15:00,2.56,3.0180672124730132
2018-09-25 06:30:00,2.56,3.0082375525322713
2018-09-25 06:45:00,2.52,2.9487641804605143
2018-09-25 07:00:00,2.56,2.9805746888453144
2018-09-25 07:15:00,2.63,2.9805746888453144
2018-09-25 07:30:00,2.59,3.138933851546978
2018-09-25 07:45:00,2.63,3.166605063722158
2018-09-25 08:00:00,2.59,14.078012070355204
2018-09-25 08:15:00,2.52,24.973643849194797
2018-09-25 08:30:00,2.48,2.069513636357015
2018-09-25 08:45:00,2.92,2.4660198696108147
2018-09-25 09:00:00,3.13,2.30859597515287
2018-09-25 09:15:00,2.66,2.581258563007539
2018-09-25 09:30:00,2.7,2.7853497576937882
2018-09-25 09:45:00,2.66,2.7644874014817917
2018-09-25 10:00:00,3.1,2.7393493354229617
2018-09-25 10:15:00,3.35,2.7522684504063157
2018-09-25 10:30:00,2.74,2.3745149310674143
2018-09-25 10:45:00,2.63,1.6918709511878138
2018-09-25 11:00:00,2.66,2.182412491354143
2018-09-25 11:15:00,2.66,1.847748305637693
2018-09-25 11:30:00,2.66,2.5534737237335836
2018-09-25 11:45:00,2.59,2.5514041186332936
2018-09-25 12:00:00,2.66,3.1821128118329853
2018-09-25 12:15:00,2.66,3.0961867958830385
2018-09-25 12:30:00,2.66,3.1186411623635886
2018-09-25 12:45:00,2.84,3.28519300530647
2018-09-25 13:00:00,3.35,2.40243420562067
2018-09-25 13:15:00,2.66,4.006493967740892
2018-09-25 13:30:00,2.63,2.5621194922844093
2018-09-25 13:45:00,2.66,2.8035254691869333
2018-09-25 14:00:00,2.66,2.6270463855210826
2018-09-25 14:15:00,2.66,2.892191227293675
2018-09-25 14:30:00,2.63,2.816733171619914
2018-09-25 14:45:00,2.74,2.8188338753050215
2018-09-25 15:00:00,2.74,2.733615042954639
2018-09-25 15:15:00,2.66,2.537082735383329
2018-09-25 15:30:00,2.63,2.787290956757448
2018-09-25 15:45:00,2.7,2.514628368902779
2018-09-25 16:00:00,2.66,2.962072214319197
2018-09-25 16:15:00,2.66,2.905150832756548
2018-09-25 16:30:00,3.28,2.906877495504046
2018-09-25 16:45:00,3.67,2.629501949235642
2018-09-25 17:00:00,2.95,2.7416784221199264
2018-09-25 17:15:00,2.66,3.160890932896106
2018-09-25 17:30:00,2.63,3.16854046024854
2018-09-25 17:45:00,2.63,3.175610551588353
2018-09-25 18:00:00,2.52,2.8417801465491235
2018-09-25 18:15:00,2.56,2.9527833387794304
2018-09-25 18:30:00,2.59,2.683678303531144
2018-09-25 18:45:00,2.59,2.8536233086007083
2018-09-25 19:00:00,2.7,2.6346366345488486
2018-09-25 19:15:00,2.77,2.6401990312368513
2018-09-25 19:30:00,2.84,2.4436667236655416
2018-09-25 19:45:00,3.02,3.1623047892358658
2018-09-25 20:00:00,3.35,2.9559204943437143
2018-09-25 20:15:00,2.74,2.8093811206819
2018-09-25 20:30:00,2.74,3.1662737300068953
2018-09-25 20:45:00,2.77,2.8486065212560434
2018-09-25 21:00:00,2.81,2.8692288776658854
2018-09-25 21:15:00,2.7,3.166344514759291
2018-09-25 21:30:00,2.77,3.0418389602148714
2018-09-25 21:45:00,3.46,3.0152516577131263
2018-09-25 22:00:00,2.88,2.9924010041531424
2018-09-25 22:15:00,2.59,3.3277651625037046
2018-09-25 22:30:00,2.56,3.0642933266954215
2018-09-25 22:45:00,2.63,3.0501404804257186
2018-09-25 23:00:00,2.56,3.0012494789529973
2018-09-25 23:15:00,2.63,3.0189883066548875
2018-09-25 23:30:00,3.13,3.0189883066548875
2018-09-25 23:45:00,2.48,2.8720378217846303
2018-09-26 00:00:00,2.56,2.905524882643652
2018-09-26 00:15:00,2.66,2.953199344590255
2018-09-26 00:30:00,2.63,2.9173428418251643
2018-09-26 00:45:00,2.66,2.8720378217846303
2018-09-26 01:00:00,2.63,2.8986251242863754
2018-09-26 01:15:00,2.59,2.8720378217846303
2018-09-26 01:30:00,2.59,2.8720378217846303
2018-09-26 01:45:00,2.66,2.8720378217846303
2018-09-26 02:00:00,2.59,2.953199344590255
2018-09-26 02:15:00,2.56,2.8948884753446142
2018-09-26 02:30:00,2.77,2.8720378217846303
2018-09-26 02:45:00,3.17,2.8720378217846303
2018-09-26 03:00:00,2.81,2.8818050653363283
2018-09-26 03:15:00,2.63,3.177094668841139
2018-09-26 03:30:00,3.13,2.9186247983829623
2018-09-26 03:45:00,2.92,3.0389879807514744
2018-09-26 04:00:00,2.59,3.088296626566324
2018-09-26 04:15:00,2.56,2.9487641804605143
2018-09-26 04:30:00,2.59,2.9487641804605143
2018-09-26 04:45:00,2.56,2.9186247983829623
2018-09-26 05:00:00,2.63,2.9487641804605143
2018-09-26 05:15:00,2.56,2.9940692005010483
2018-09-26 05:30:00,2.63,2.9639298184234963
2018-09-26 05:45:00,2.56,2.9639298184234963
2018-09-26 06:00:00,2.48,2.9186247983829623
2018-09-26 06:15:00,2.52,2.9186247983829623
2018-09-26 06:30:00,2.52,2.9186247983829623
2018-09-26 06:45:00,2.59,2.9186247983829623
2018-09-26 07:00:00,2.52,2.9504353067677624
2018-09-26 07:15:00,2.56,2.9504353067677624
2018-09-26 07:30:00,2.56,3.138933851546978
2018-09-26 07:45:00,3.13,3.166605063722158
2018-09-26 08:00:00,3.02,13.621007655852639
2018-09-26 08:15:00,2.74,26.70167807208199
2018-09-26 08:30:00,2.48,2.534349956998257
2018-09-26 08:45:00,2.59,3.0862581097973485
2018-09-26 09:00:00,2.63,3.2381430294032345
2018-09-26 09:15:00,2.63,2.8952895359314135
2018-09-26 09:30:00,2.66,3.4913362128187226
2018-09-26 09:45:00,2.63,3.2327632465394474
2018-09-26 10:00:00,2.74,3.1372129794801182
2018-09-26 10:15:00,2.63,2.7359919721068766
2018-09-26 10:30:00,2.63,3.084739859739638
2018-09-26 10:45:00,2.59,2.6610221210116003
2018-09-26 11:00:00,2.59,2.5290873846284265
2018-09-26 11:15:00,3.2,3.1756204285196388
2018-09-26 11:30:00,3.2,2.7349093050704822
2018-09-26 11:45:00,3.24,3.102979209179422
2018-09-26 12:00:00,2.81,2.9990070636808204
2018-09-26 12:15:00,2.7,2.8662720904281
2018-09-26 12:30:00,2.74,3.086139979637097
2018-09-26 12:45:00,2.81,3.3504150513361646
2018-09-26 13:00:00,2.74,3.4485531029293877
2018-09-26 13:15:00,2.7,4.356258316057788
2018-09-26 13:30:00,2.7,3.09226671757027
2018-09-26 13:45:00,2.59,3.150200362461217
2018-09-26 14:00:00,2.59,3.150200362461217
2018-09-26 14:15:00,2.59,3.8114539280675523
2018-09-26 14:30:00,2.59,3.1564202165122817
2018-09-26 14:45:00,2.66,3.1564202165122817
2018-09-26 15:00:00,3.24,2.959887908940972
2018-09-26 15:15:00,2.77,3.0628869917721357
2018-09-26 15:30:00,2.59,3.111028585351471
2018-09-26 15:45:00,2.59,3.1564202165122817
2018-09-26 16:00:00,2.56,2.959887908940972
2018-09-26 16:15:00,2.59,3.4323088925203518
2018-09-26 16:30:00,2.52,3.334533263387632
2018-09-26 16:45:00,2.66,2.7872805057279573
2018-09-26 17:00:00,2.59,3.245300368311634
2018-09-26 17:15:00,2.59,3.1988496717967676
2018-09-26 17:30:00,3.17,3.2728408129498434
2018-09-26 17:45:00,3.02,3.033216454477531
2018-09-26 18:00:00,2.52,3.03816920225647
2018-09-26 18:15:00,2.59,3.081323303157532
2018-09-26 18:30:00,3.31,3.066165930897783
2018-09-26 18:45:00,2.7,3.066165930897783
2018-09-26 19:00:00,2.66,3.4536413858245947
2018-09-26 19:15:00,2.66,3.0786586932615054
2018-09-26 19:30:00,2.74,3.1005526000646593
2018-09-26 19:45:00,2.74,3.0745257572403104
2018-09-26 20:00:00,2.66,3.1011130597420555
2018-09-26 20:15:00,2.63,3.0292207371997764
2018-09-26 20:30:00,2.66,3.0292207371997764
2018-09-26 20:45:00,2.7,3.0520713907597603
2018-09-26 21:00:00,2.63,3.070811359623078
2018-09-26 21:15:00,2.92,2.9924010041531424
2018-09-26 21:30:00,3.28,3.0152516577131263
2018-09-26 21:45:00,2.74,3.073562526958767
2018-09-26 22:00:00,2.56,3.2766716397872893
2018-09-26 22:15:00,2.63,2.8720378217846303
2018-09-26 22:30:00,3.17,2.8720378217846303
2018-09-26 22:45:00,2.7,2.8986251242863754
2018-09-26 23:00:00,2.45,3.156576057960205
2018-09-26 23:15:00,2.45,2.8720378217846303
2018-09-26 23:30:00,2.45,2.9173428418251643
2018-09-26 23:45:00,2.84,2.9924010041531424
2018-09-27 00:00:00,2.48,2.8986251242863754
2018-09-27 00:15:00,2.48,2.8720378217846303
2018-09-27 00:30:00,2.59,2.9924010041531424
2018-09-27 00:45:00,3.1,2.8720378217846303
2018-09-27 01:00:00,2.74,2.8720378217846303
2018-09-27 01:15:00,2.56,2.9351555734990704
2018-09-27 01:30:00,2.52,2.8720378217846303
2018-09-27 01:45:00,2.52,2.8720378217846303
2018-09-27 02:00:00,2.56,2.8720378217846303
2018-09-27 02:15:00,2.52,2.8986251242863754
2018-09-27 02:30:00,2.52,2.8948884753446142
2018-09-27 02:45:00,2.7,2.953199344590255
2018-09-27 03:00:00,3.2,3.0250189012648243
2018-09-27 03:15:00,2.81,2.9186247983829623
2018-09-27 03:30:00,2.52,3.222399688881673
2018-09-27 03:45:00,2.56,2.9639298184234963
2018-09-27 04:00:00,2.52,2.9186247983829623
2018-09-27 04:15:00,2.52,2.9186247983829623
2018-09-27 04:30:00,2.52,3.0691273628290263
2018-09-27 04:45:00,3.17,2.9487641804605143
2018-09-27 05:00:00,2.66,2.9186247983829623
2018-09-27 05:15:00,2.56,3.2128348439089325
2018-09-27 05:30:00,2.52,2.9186247983829623
2018-09-27 05:45:00,2.45,2.9186247983829623
2018-09-27 06:00:00,2.45,2.9186247983829623
2018-09-27 06:15:00,2.48,2.9487641804605143
2018-09-27 06:30:00,2.48,2.9186247983829623
2018-09-27 06:45:00,2.45,2.9186247983829623
2018-09-27 07:00:00,2.48,2.9504353067677624
2018-09-27 07:15:00,2.84,2.9504353067677624
2018-09-27 07:30:00,7.99,2.974873208400685
2018-09-27 07:45:00,9.04,3.211910083762692
2018-09-27 08:00:00,28.04,35.819775657366854
2018-09-27 08:15:00,49.46,60.541577583879
2018-09-27 08:30:00,56.41,66.1518457909139
2018-09-27 08:45:00,40.75,62.58085728523842
2018-09-27 09:00:00,47.16,60.32443530389743
2018-09-27 09:15:00,46.91,45.0894126972889
2018-09-27 09:30:00,54.72,49.65369137612391
2018-09-27 09:45:00,57.78,47.81377102052122
2018-09-27 10:00:00,48.38,51.998443590808655
2018-09-27 10:15:00,57.82,58.15081509664648
2018-09-27 10:30:00,62.06,56.95157516295675
2018-09-27 10:45:00,57.49,59.21790823957753
2018-09-27 11:00:00,51.8,60.00412734733858
2018-09-27 11:15:00,44.28,55.861420261511434
2018-09-27 11:30:00,48.96,55.88957502114638
2018-09-27 11:45:00,54.0,33.920154162459966
2018-09-27 12:00:00,3.89,14.231084915458084
2018-09-27 12:15:00,3.67,10.841379919385071
2018-09-27 12:30:00,3.49,6.303206002577327
2018-09-27 12:45:00,4.07,5.947886419555693
2018-09-27 13:00:00,25.85,18.47629953441194
2018-09-27 13:15:00,61.02,41.82277214819769
2018-09-27 13:30:00,52.85,56.912089195301334
2018-09-27 13:45:00,60.62,60.93960423627132
2018-09-27 14:00:00,121.46,56.48620783386283
2018-09-27 14:15:00,127.62,58.21902361029784
2018-09-27 14:30:00,71.14,85.88981549589005
2018-09-27 14:45:00,112.46,92.52366328630517
2018-09-27 15:00:00,110.05,72.5383302226816
2018-09-27 15:15:00,96.01,87.02893262334123
2018-09-27 15:30:00,115.24,87.18561652720193
2018-09-27 15:45:00,82.19,74.95640942731116
2018-09-27 16:00:00,61.63,80.31676975398001
2018-09-27 16:15:00,60.73,74.65946453853066
2018-09-27 16:30:00,48.53,73.54975275865974
2018-09-27 16:45:00,49.07,64.17416269746546
2018-09-27 17:00:00,54.32,55.436682326342726
2018-09-27 17:15:00,59.62,59.22814348234825
2018-09-27 17:30:00,34.81,30.408650257470214
2018-09-27 17:45:00,27.32,27.960730576802387
2018-09-27 18:00:00,32.22,44.32100944796677
2018-09-27 18:15:00,40.86,46.71516808297579
2018-09-27 18:30:00,36.18,46.48981703269741
2018-09-27 18:45:00,31.75,48.790906650484395
2018-09-27 19:00:00,37.76,46.91025181483629
2018-09-27 19:15:00,31.79,47.35765875641138
2018-09-27 19:30:00,36.4,48.09400417197197
2018-09-27 19:45:00,40.32,38.194487285853725
2018-09-27 20:00:00,34.34,37.45320486218408
2018-09-27 20:15:00,34.92,39.332205968626084
2018-09-27 20:30:00,39.64,32.96283245157979
2018-09-27 20:45:00,19.04,16.294313180962305
2018-09-27 21:00:00,7.49,12.598648151879125
2018-09-27 21:15:00,5.26,2.554453422527897
2018-09-27 21:30:00,3.78,5.9514179067072295
2018-09-27 21:45:00,3.78,4.411590206016754
2018-09-27 22:00:00,3.49,3.656712574224301
2018-09-27 22:15:00,3.46,3.656712574224301
2018-09-27 22:30:00,3.46,3.7160678236466613
2018-09-27 22:45:00,3.42,3.5451775138948496
2018-09-27 23:00:00,3.31,3.5451775138948496
2018-09-27 23:15:00,2.77,3.5451775138948496
2018-09-27 23:30:00,2.77,3.5451775138948496
2018-09-27 23:45:00,3.13,3.179460170781255
2018-09-28 00:00:00,2.77,2.9466684529161693
2018-09-28 00:15:00,2.81,2.972384001712157
2018-09-28 00:30:00,2.84,2.935853552499462
2018-09-28 00:45:00,2.95,3.1196394299717087
2018-09-28 01:00:00,2.88,2.918114724797572
2018-09-28 01:15:00,2.92,2.9406717736725567
2018-09-28 01:30:00,3.02,2.9047321853572448
2018-09-28 01:45:00,2.99,2.922471013059135
2018-09-28 02:00:00,3.38,2.9406717736725567
2018-09-28 02:15:00,4.1,2.9406717736725567
2018-09-28 02:30:00,3.17,3.257491304392233
2018-09-28 02:45:00,2.99,3.5785290472022386
2018-09-28 03:00:00,2.95,3.3769189627642557
2018-09-28 03:15:00,2.95,3.1897943330279777
2018-09-28 03:30:00,2.95,3.0956968017756084
2018-09-28 03:45:00,2.88,3.0132135554655766
2018-09-28 04:00:00,2.95,3.1335500213879994
2018-09-28 04:15:00,3.02,2.9755757962564586
2018-09-28 04:30:00,2.95,3.0131868390194874
2018-09-28 04:45:00,2.92,3.0845187018843703
2018-09-28 05:00:00,2.95,3.0131868390194874
2018-09-28 05:15:00,2.99,2.9938299710947955
2018-09-28 05:30:00,2.95,3.0131868390194874
2018-09-28 05:45:00,3.64,3.0131868390194874
2018-09-28 06:00:00,3.85,3.1335500213879994
2018-09-28 06:15:00,3.17,3.239135120807945
2018-09-28 06:30:00,2.88,3.9344480549772483
2018-09-28 06:45:00,2.84,3.209008546947987
2018-09-28 07:00:00,2.92,3.105301233328925
2018-09-28 07:15:00,3.06,3.1864627561345498
2018-09-28 07:30:00,3.2,4.105523754353224
2018-09-28 07:45:00,3.02,4.485040034275442
2018-09-28 08:00:00,28.48,31.614797647307412
2018-09-28 08:15:00,38.59,27.02328036131265
2018-09-28 08:30:00,55.51,56.454353618527094
2018-09-28 08:45:00,58.03,49.02209138595339
2018-09-28 09:00:00,54.36,56.235309451949774
2018-09-28 09:15:00,60.3,57.172682391831295
2018-09-28 09:30:00,60.12,53.22642708903506
2018-09-28 09:45:00,47.2,52.935675709629905
2018-09-28 10:00:00,49.32,52.92821126936362
2018-09-28 10:15:00,53.14,52.26117023620984
2018-09-28 10:30:00,52.6,53.39459004262095
2018-09-28 10:45:00,59.69,58.781997660496636
2018-09-28 11:00:00,50.26,55.29613541891024
2018-09-28 11:15:00,56.77,54.94667685329685
2018-09-28 11:30:00,50.72,49.05551822452255
2018-09-28 11:45:00,46.12,45.3556122042957
2018-09-28 12:00:00,6.12,9.20142764601046
2018-09-28 12:15:00,5.26,7.56038090943023
2018-09-28 12:30:00,4.0,5.09472612372193
2018-09-28 12:45:00,3.64,5.663584095992736
2018-09-28 13:00:00,26.57,28.54166611217074
2018-09-28 13:15:00,43.67,40.03804494720928
2018-09-28 13:30:00,55.58,44.48328749615921
2018-09-28 13:45:00,64.87,46.588940369421785
2018-09-28 14:00:00,41.72,55.4214208500226
2018-09-28 14:15:00,39.1,63.67139063123669
2018-09-28 14:30:00,53.68,41.4976966993318
2018-09-28 14:45:00,55.04,38.85617495744382
2018-09-28 15:00:00,38.52,50.203338625268756
2018-09-28 15:15:00,56.81,49.08660612193595
2018-09-28 15:30:00,56.66,38.791714939992396
2018-09-28 15:45:00,44.71,50.26589848270077
2018-09-28 16:00:00,38.74,51.73187888092129
2018-09-28 16:15:00,45.36,42.39003139771456
2018-09-28 16:30:00,50.18,41.78918936856786
2018-09-28 16:45:00,58.25,39.25799821182933
2018-09-28 17:00:00,46.76,40.94397672175869
2018-09-28 17:15:00,51.48,48.346671455463216
2018-09-28 17:30:00,33.41,30.675829886793657
2018-09-28 17:45:00,27.25,26.51605548262895
2018-09-28 18:00:00,29.52,31.040577936968862
2018-09-28 18:15:00,37.87,27.06043230667662
2018-09-28 18:30:00,38.12,34.892658529527296
2018-09-28 18:45:00,38.63,37.18227073901575
2018-09-28 19:00:00,38.38,42.22227644946729
2018-09-28 19:15:00,29.45,32.56417782418686
2018-09-28 19:30:00,36.58,37.6437996694417
2018-09-28 19:45:00,35.32,37.673073749487436
2018-09-28 20:00:00,35.24,34.386028732731106
2018-09-28 20:15:00,33.16,37.54879975176036
2018-09-28 20:30:00,21.67,33.54415333680782
2018-09-28 20:45:00,7.85,15.523121964399332
2018-09-28 21:00:00,6.19,2.861178176671009
2018-09-28 21:15:00,3.56,5.54580778742681
2018-09-28 21:30:00,3.6,4.71806001812725
2018-09-28 21:45:00,3.53,3.393369095938661
2018-09-28 22:00:00,3.24,3.393369095938661
2018-09-28 22:15:00,3.17,3.371562822555396
2018-09-28 22:30:00,3.2,3.2818340356092093
2018-09-28 22:45:00,3.17,3.2132692857323315
2018-09-28 23:00:00,3.1,3.2132692857323315
2018-09-28 23:15:00,3.1,3.2753215988552027
2018-09-28 23:30:00,3.13,2.940242850475202
2018-09-28 23:45:00,2.56,2.9769408197501153
2018-09-29 00:00:00,2.7,2.9186299505044744
2018-09-29 00:15:00,2.48,2.8449925860480163
2018-09-29 00:30:00,2.45,2.903303455293657
2018-09-29 00:45:00,2.56,2.903303455293657
2018-09-29 01:00:00,2.59,2.903303455293657
2018-09-29 01:15:00,3.17,2.863333613351585
2018-09-29 01:30:00,2.95,2.86629934037477
2018-09-29 01:45:00,2.52,3.097676691199088
2018-09-29 02:00:00,2.52,2.8814567126345185
2018-09-29 02:15:00,2.59,2.86629934037477
2018-09-29 02:30:00,2.48,2.86629934037477
2018-09-29 02:45:00,2.52,2.892886642876515
2018-09-29 03:00:00,2.59,2.90620596600402
2018-09-29 03:15:00,2.59,2.912886316973102
2018-09-29 03:30:00,2.59,2.912886316973102
2018-09-29 03:45:00,2.59,2.912886316973102
2018-09-29 04:00:00,2.52,2.877029814208011
2018-09-29 04:15:00,2.77,2.877029814208011
2018-09-29 04:30:00,3.17,2.877029814208011
2018-09-29 04:45:00,2.56,2.877029814208011
2018-09-29 05:00:00,2.59,3.1119694901703494
2018-09-29 05:15:00,2.59,2.877029814208011
2018-09-29 05:30:00,2.56,2.912886316973102
2018-09-29 05:45:00,2.56,2.921734791772957
2018-09-29 06:00:00,2.52,2.907169196285563
2018-09-29 06:15:00,2.56,2.877029814208011
2018-09-29 06:30:00,2.59,2.877029814208011
2018-09-29 06:45:00,2.74,2.877029814208011
2018-09-29 07:00:00,3.13,2.877029814208011
2018-09-29 07:15:00,3.02,2.877029814208011
2018-09-29 07:30:00,2.66,2.7648009971769283
2018-09-29 07:45:00,3.06,2.7713689062618054
2018-09-29 08:00:00,21.85,8.547466673924925
2018-09-29 08:15:00,47.3,10.60835472344524
2018-09-29 08:30:00,45.65,25.982855057799572
2018-09-29 08:45:00,41.9,49.07251296188163
2018-09-29 09:00:00,44.46,43.501040214961236
2018-09-29 09:15:00,47.41,39.86388243416329
2018-09-29 09:30:00,47.23,41.09794315199945
2018-09-29 09:45:00,37.87,40.62439286530009
2018-09-29 10:00:00,47.74,41.18187376570733
2018-09-29 10:15:00,44.5,39.03803232221526
2018-09-29 10:30:00,42.3,43.28680218270789
2018-09-29 10:45:00,44.14,45.211795595726976
2018-09-29 11:00:00,48.02,41.05126155734651
2018-09-29 11:15:00,49.14,38.77380121511507
2018-09-29 11:30:00,44.5,42.941373534337686
2018-09-29 11:45:00,32.47,34.28821264476382
2018-09-29 12:00:00,3.42,6.946964175315177
2018-09-29 12:15:00,3.28,6.9346439291116
2018-09-29 12:30:00,3.38,4.3010341717449485
2018-09-29 12:45:00,4.5,5.830856854781459
2018-09-29 13:00:00,19.51,14.479420896046834
2018-09-29 13:15:00,47.59,36.615292439556754
2018-09-29 13:30:00,47.48,36.8295499910639
2018-09-29 13:45:00,35.03,42.11772785831263
2018-09-29 14:00:00,34.6,41.10013331590734
2018-09-29 14:15:00,46.58,34.26920454826861
2018-09-29 14:30:00,47.88,35.050502481154766
2018-09-29 14:45:00,34.49,40.866626787928645
2018-09-29 15:00:00,34.92,43.690496405823104
2018-09-29 15:15:00,50.62,34.161475466481846
2018-09-29 15:30:00,36.14,34.12741520411881
2018-09-29 15:45:00,35.93,43.34456800595123
2018-09-29 16:00:00,51.59,38.01791001038284
2018-09-29 16:15:00,35.32,34.53245249374766
2018-09-29 16:30:00,24.12,43.6029161396736
2018-09-29 16:45:00,4.97,22.175093382339618
2018-09-29 17:00:00,3.6,0.0
2018-09-29 17:15:00,3.46,4.705711446957507
2018-09-29 17:30:00,3.49,4.864892113286946
2018-09-29 17:45:00,3.38,3.174209902060429
2018-09-29 18:00:00,3.35,3.7385313149913184
2018-09-29 18:15:00,3.42,3.521773415207888
2018-09-29 18:30:00,3.46,3.482091447114487
2018-09-29 18:45:00,3.49,3.3925729146364536
2018-09-29 19:00:00,3.49,3.3925729146364536
2018-09-29 19:15:00,3.46,3.444103978386134
2018-09-29 19:30:00,3.42,3.3269429556420658
2018-09-29 19:45:00,3.42,3.416461488120099
2018-09-29 20:00:00,3.46,3.328085124981949
2018-09-29 20:15:00,3.53,3.444103978386134
2018-09-29 20:30:00,3.38,3.423716887373614
2018-09-29 20:45:00,2.81,3.4721118122440937
2018-09-29 21:00:00,2.81,3.337393737519161
2018-09-29 21:15:00,2.81,2.97884854655434
2018-09-29 21:30:00,2.81,2.9404103705374203
2018-09-29 21:45:00,2.81,2.903303455293657
2018-09-29 22:00:00,3.13,2.903303455293657
2018-09-29 22:15:00,3.28,2.903303455293657
2018-09-29 22:30:00,2.59,2.939833904506352
2018-09-29 22:45:00,2.59,3.2062889443485263
2018-09-29 23:00:00,2.59,2.903303455293657
2018-09-29 23:15:00,2.56,2.903303455293657
2018-09-29 23:30:00,2.52,2.903303455293657
2018-09-29 23:45:00,2.74,2.81172512007089
2018-09-30 00:00:00,3.02,2.785137817569145
2018-09-30 00:15:00,2.81,2.785137817569145
2018-09-30 00:30:00,2.63,2.8002951898288937
2018-09-30 00:45:00,2.56,2.785137817569145
2018-09-30 01:00:00,2.56,2.785137817569145
2018-09-30 01:15:00,2.59,2.856469680434028
2018-09-30 01:30:00,2.56,2.883056982935773
2018-09-30 01:45:00,2.56,2.81172512007089
2018-09-30 02:00:00,2.63,2.785137817569145
2018-09-30 02:15:00,2.56,2.785137817569145
2018-09-30 02:30:00,2.56,2.785137817569145
2018-09-30 02:45:00,2.63,2.785137817569145
2018-09-30 03:00:00,2.59,2.794905061120843
2018-09-30 03:15:00,2.56,2.831724794167477
2018-09-30 03:30:00,3.13,2.831724794167477
2018-09-30 03:45:00,2.88,2.831724794167477
2018-09-30 04:00:00,3.1,2.868774180164519
2018-09-30 04:15:00,3.02,2.854575447727461
2018-09-30 04:30:00,2.52,2.940106043029402
2018-09-30 04:45:00,2.63,2.8659517683586424
2018-09-30 05:00:00,2.66,2.861864176245029
2018-09-30 05:15:00,2.52,2.861864176245029
2018-09-30 05:30:00,2.59,2.861864176245029
2018-09-30 05:45:00,2.52,2.861864176245029
2018-09-30 06:00:00,2.52,2.831724794167477
2018-09-30 06:15:00,2.56,2.831724794167477
2018-09-30 06:30:00,2.56,2.831724794167477
2018-09-30 06:45:00,2.59,2.831724794167477
2018-09-30 07:00:00,2.52,2.877029814208011
2018-09-30 07:15:00,2.95,2.877029814208011
2018-09-30 07:30:00,2.95,2.6824465911393522
2018-09-30 07:45:00,2.59,3.0351968105302563
2018-09-30 08:00:00,2.56,8.215355158579886
2018-09-30 08:15:00,2.52,11.28949052473712
2018-09-30 08:30:00,2.63,5.918031051985704
2018-09-30 08:45:00,2.74,4.311598090256802
2018-09-30 09:00:00,3.02,6.1326787091628665
2018-09-30 09:15:00,3.46,6.018433546343646
2018-09-30 09:30:00,2.81,5.902241757237788
2018-09-30 09:45:00,2.77,6.016839541050948
2018-09-30 10:00:00,2.74,6.036018131020822
2018-09-30 10:15:00,2.74,5.652892711745202
2018-09-30 10:30:00,2.74,6.2245805226368915
2018-09-30 10:45:00,2.74,5.800862783908854
2018-09-30 11:00:00,2.7,5.683632267450113
2018-09-30 11:15:00,2.7,5.686814752553141
2018-09-30 11:30:00,2.74,5.186577494839986
2018-09-30 11:45:00,3.02,3.4174672915540985
2018-09-30 12:00:00,3.31,3.2590832905013456
2018-09-30 12:15:00,2.77,3.0772883601570484
2018-09-30 12:30:00,2.81,2.784958691738376
2018-09-30 12:45:00,2.77,3.2211407676744637
2018-09-30 13:00:00,2.7,3.2783210502276465
2018-09-30 13:15:00,2.66,5.603266117161555
2018-09-30 13:30:00,2.74,3.9902163969160243
2018-09-30 13:45:00,2.74,4.238705279794663
2018-09-30 14:00:00,2.74,3.7450572894535883
2018-09-30 14:15:00,2.95,5.860415657471698
2018-09-30 14:30:00,3.38,4.005043257714947
2018-09-30 14:45:00,2.95,4.205278743002108
2018-09-30 15:00:00,2.7,4.0694876762929795
2018-09-30 15:15:00,2.7,5.797907338928154
2018-09-30 15:30:00,2.7,4.138625778712302
2018-09-30 15:45:00,2.74,3.715208724887798
2018-09-30 16:00:00,2.95,3.636800332777939
2018-09-30 16:15:00,3.31,2.975290957944118
2018-09-30 16:30:00,2.66,3.1631966354048866
2018-09-30 16:45:00,2.7,3.0616317551743024
2018-09-30 17:00:00,2.7,2.6895416307758175
2018-09-30 17:15:00,2.7,2.7202064626862854
2018-09-30 17:30:00,2.7,2.7467937651880305
2018-09-30 17:45:00,2.74,2.7467937651880305
2018-09-30 18:00:00,2.63,2.7202064626862854
2018-09-30 18:15:00,2.66,2.90420776435432
2018-09-30 18:30:00,2.77,2.9687490324157917
2018-09-30 18:45:00,2.77,2.9687490324157917
2018-09-30 19:00:00,2.95,2.9687490324157917
2018-09-30 19:15:00,3.35,2.867262570656313
2018-09-30 19:30:00,2.99,2.8824199429160617
2018-09-30 19:45:00,3.46,3.2862001475325866
2018-09-30 20:00:00,2.74,2.905126706486297
2018-09-30 20:15:00,2.7,3.2891304223433764
2018-09-30 20:30:00,2.77,2.966813291166912
2018-09-30 20:45:00,2.77,2.871395506677508
2018-09-30 21:00:00,2.77,2.8901354755408257
2018-09-30 21:15:00,2.77,2.834575773630874
2018-09-30 21:30:00,2.74,2.807988471129129
2018-09-30 21:45:00,2.77,2.807988471129129
2018-09-30 22:00:00,2.59,2.839291312409534
2018-09-30 22:15:00,3.17,2.839291312409534
2018-09-30 22:30:00,2.81,2.793986292369
2018-09-30 22:45:00,2.59,3.0284070315469913
2018-09-30 23:00:00,2.56,2.905500999937657
2018-09-30 23:15:00,2.52,2.914349474737512
2018-09-30 23:30:00,2.59,2.785137817569145
2018-09-30 23:45:00,2.56,2.81172512007089
