interval_start,energy,prediction
2018-07-01 00:00:00,2.81,3.1612404792643987
2018-07-01 00:15:00,2.81,2.922026782985928
2018-07-01 00:30:00,2.95,2.8970478271676545
2018-07-01 00:45:00,2.81,2.8970478271676545
2018-07-01 01:00:00,2.88,2.886182223446334
2018-07-01 01:15:00,2.88,2.871497860072272
2018-07-01 01:30:00,2.84,2.871497860072272
2018-07-01 01:45:00,2.84,2.871497860072272
2018-07-01 02:00:00,2.92,2.871497860072272
2018-07-01 02:15:00,2.84,2.871497860072272
2018-07-01 02:30:00,2.88,2.8180338825732307
2018-07-01 02:45:00,2.84,2.8180338825732307
2018-07-01 03:00:00,3.67,2.8180338825732307
2018-07-01 03:15:00,3.85,2.8533468275110634
2018-07-01 03:30:00,2.88,3.1646346639026444
2018-07-01 03:45:00,2.81,3.281363077317075
2018-07-01 04:00:00,2.81,3.0481760803675666
2018-07-01 04:15:00,2.81,3.0119493306182226
2018-07-01 04:30:00,2.81,2.9082881770972002
2018-07-01 04:45:00,2.84,2.9082881770972002
2018-07-01 05:00:00,2.74,2.861753232899262
2018-07-01 05:15:00,2.77,2.861753232899262
2018-07-01 05:30:00,2.81,2.861753232899262
2018-07-01 05:45:00,2.81,2.861753232899262
2018-07-01 06:00:00,2.77,2.861753232899262
2018-07-01 06:15:00,2.81,2.861753232899262
2018-07-01 06:30:00,2.74,2.861753232899262
2018-07-01 06:45:00,2.74,2.861753232899262
2018-07-01 07:00:00,2.7,2.861753232899262
2018-07-01 07:15:00,2.74,2.915217210398303
2018-07-01 07:30:00,3.28,3.010604289500435
2018-07-01 07:45:00,3.06,3.468071729418806
2018-07-01 08:00:00,3.38,16.55543049857996
2018-07-01 08:15:00,2.74,11.668403607934652
2018-07-01 08:30:00,2.66,8.340192442562476
2018-07-01 08:45:00,2.84,3.833114115283858
2018-07-01 09:00:00,2.99,2.6729438015269245
2018-07-01 09:15:00,3.1,3.373009918903443
2018-07-01 09:30:00,2.99,4.088386648089783
2018-07-01 09:45:00,2.99,3.801717129879241
2018-07-01 10:00:00,3.02,3.665469984413026
2018-07-01 10:15:00,3.02,3.6182630673963234
2018-07-01 10:30:00,2.99,3.684682780232127
2018-07-01 10:45:00,3.06,3.2015974440086103
2018-07-01 11:00:00,3.35,3.2015974440086103
2018-07-01 11:15:00,3.02,3.269915779439802
2018-07-01 11:30:00,2.84,3.684247315585603
2018-07-01 11:45:00,2.81,3.8874155778480186
2018-07-01 12:00:00,2.95,2.8402822369134655
2018-07-01 12:15:00,3.13,3.0025535143954927
2018-07-01 12:30:00,3.1,2.9063072663073766
2018-07-01 12:45:00,3.06,3.150532050768122
2018-07-01 13:00:00,3.42,3.132033340713627
2018-07-01 13:15:00,3.6,3.237475995221522
2018-07-01 13:30:00,2.99,3.5542317849648395
2018-07-01 13:45:00,2.95,4.243903876972588
2018-07-01 14:00:00,2.99,3.735812302768967
2018-07-01 14:15:00,2.99,3.7642973244497346
2018-07-01 14:30:00,3.02,3.956570855559018
2018-07-01 14:45:00,2.99,3.628668460288616
2018-07-01 15:00:00,2.99,3.737248842904616
2018-07-01 15:15:00,3.56,3.3159832046287665
2018-07-01 15:30:00,3.17,4.020017884522962
2018-07-01 15:45:00,2.92,3.3206613241038125
2018-07-01 16:00:00,2.92,4.190395122964316
2018-07-01 16:15:00,2.95,2.469675230351892
2018-07-01 16:30:00,2.95,3.639964985990006
2018-07-01 16:45:00,2.95,3.298733265040964
2018-07-01 17:00:00,2.99,2.990131540570502
2018-07-01 17:15:00,2.99,2.99553890695034
2018-07-01 17:30:00,2.95,2.8668850495145426
2018-07-01 17:45:00,3.06,3.0980132754594667
2018-07-01 18:00:00,2.88,3.061197325551959
2018-07-01 18:15:00,2.84,3.1085580242653212
2018-07-01 18:30:00,3.06,3.092394681692542
2018-07-01 18:45:00,3.74,2.9899203131834153
2018-07-01 19:00:00,3.56,2.9526196782571534
2018-07-01 19:15:00,3.53,3.250961539010908
2018-07-01 19:30:00,3.02,3.356452953873341
2018-07-01 19:45:00,3.06,3.4835423932768803
2018-07-01 20:00:00,3.06,2.9249417418443016
2018-07-01 20:15:00,3.1,2.9421472361900074
2018-07-01 20:30:00,3.06,2.933740830801809
2018-07-01 20:45:00,3.06,2.9006658199377595
2018-07-01 21:00:00,3.06,2.83419722514601
2018-07-01 21:15:00,3.06,2.83419722514601
2018-07-01 21:30:00,3.06,2.839695253779305
2018-07-01 21:45:00,3.06,2.9714005926102476
2018-07-01 22:00:00,2.99,3.0109448415622246
2018-07-01 22:15:00,2.88,2.83419722514601
2018-07-01 22:30:00,2.84,2.8180338825732307
2018-07-01 22:45:00,2.81,2.871497860072272
2018-07-01 23:00:00,3.35,2.871497860072272
2018-07-01 23:15:00,2.92,2.8970478271676545
2018-07-01 23:30:00,2.81,3.1612404792643987
2018-07-01 23:45:00,3.2,2.922026782985928
2018-07-02 00:00:00,2.81,2.9106069028226766
2018-07-02 00:15:00,2.84,3.1139353940350807
2018-07-02 00:30:00,2.88,2.925291266196739
2018-07-02 00:45:00,3.28,2.9106069028226766
2018-07-02 01:00:00,3.38,2.890554964360589
2018-07-02 01:15:00,2.88,3.1694319798313955
2018-07-02 01:30:00,2.92,3.1797265722756065
2018-07-02 01:45:00,2.92,2.9100358915455673
2018-07-02 02:00:00,2.92,2.885056935727294
2018-07-02 02:15:00,2.88,2.846277321602315
2018-07-02 02:30:00,2.92,2.8687751374011006
2018-07-02 02:45:00,3.38,2.831592958228253
2018-07-02 03:00:00,3.13,2.9548765971454265
2018-07-02 03:15:00,2.95,3.4083526267086754
2018-07-02 03:30:00,2.92,3.0256509515992454
2018-07-02 03:45:00,2.84,2.98999664638793
2018-07-02 04:00:00,2.92,3.1134784447390618
2018-07-02 04:15:00,2.84,3.106549411437959
2018-07-02 04:30:00,2.88,3.0840515956391736
2018-07-02 04:45:00,2.88,3.0600144672400207
2018-07-02 05:00:00,2.88,3.1134784447390618
2018-07-02 05:15:00,2.84,3.1134784447390618
2018-07-02 05:30:00,2.88,3.0655124958733158
2018-07-02 05:45:00,2.84,3.0600144672400207
2018-07-02 06:00:00,2.81,3.0600144672400207
2018-07-02 06:15:00,2.81,3.0600144672400207
2018-07-02 06:30:00,3.42,3.0600144672400207
2018-07-02 06:45:00,3.78,3.0600144672400207
2018-07-02 07:00:00,3.06,3.2823231696842545
2018-07-02 07:15:00,2.99,3.3595073341467083
2018-07-02 07:30:00,3.02,3.841304722083709
2018-07-02 07:45:00,2.99,5.3675202751190625
2018-07-02 08:00:00,18.61,22.345207775015073
2018-07-02 08:15:00,39.53,32.119278018958035
2018-07-02 08:30:00,44.89,51.20147507835134
2018-07-02 08:45:00,48.31,54.00464561778575
2018-07-02 09:00:00,51.3,59.230209194495046
2018-07-02 09:15:00,50.18,61.03220253995929
2018-07-02 09:30:00,61.85,60.85318563084699
2018-07-02 09:45:00,71.35,59.08143901521414
2018-07-02 10:00:00,72.68,57.105396444921325
2018-07-02 10:15:00,59.72,74.93652209837789
2018-07-02 10:30:00,59.11,79.53543882658259
2018-07-02 10:45:00,56.45,66.91657866540247
2018-07-02 11:00:00,70.52,64.41520339080058
2018-07-02 11:15:00,65.7,61.12625131074231
2018-07-02 11:30:00,70.7,65.57696895120854
2018-07-02 11:45:00,63.76,69.30468923418562
2018-07-02 12:00:00,8.24,15.449765084540733
2018-07-02 12:15:00,5.08,3.2484709548736794
2018-07-02 12:30:00,5.58,7.0101155256837195
2018-07-02 12:45:00,5.51,6.332560133753806
2018-07-02 13:00:00,40.1,47.26652296416988
2018-07-02 13:15:00,61.81,56.27050382066465
2018-07-02 13:30:00,87.7,62.19612803711684
2018-07-02 13:45:00,69.12,66.36889901558091
2018-07-02 14:00:00,58.1,77.55055406600152
2018-07-02 14:15:00,56.77,80.1283916473998
2018-07-02 14:30:00,59.8,74.17639665347399
2018-07-02 14:45:00,57.28,65.31444297552821
2018-07-02 15:00:00,68.04,57.46950862324999
2018-07-02 15:15:00,63.54,60.63063492192858
2018-07-02 15:30:00,70.31,62.40124147385588
2018-07-02 15:45:00,62.32,62.298583517705595
2018-07-02 16:00:00,53.1,65.3981337466007
2018-07-02 16:15:00,51.52,65.95563764442107
2018-07-02 16:30:00,49.75,69.72462510024062
2018-07-02 16:45:00,58.03,65.24056671431312
2018-07-02 17:00:00,57.24,57.55515079823372
2018-07-02 17:15:00,57.46,52.56950512674791
2018-07-02 17:30:00,34.7,28.746923818883165
2018-07-02 17:45:00,27.43,35.25991623678397
2018-07-02 18:00:00,31.68,38.03191624913102
2018-07-02 18:15:00,53.03,34.58201648721969
2018-07-02 18:30:00,40.5,40.80467000870246
2018-07-02 18:45:00,35.96,51.09866784048159
2018-07-02 19:00:00,40.18,40.836031674311215
2018-07-02 19:15:00,44.57,42.361785799838636
2018-07-02 19:30:00,44.5,43.24675222527471
2018-07-02 19:45:00,45.43,42.93866352510263
2018-07-02 20:00:00,46.08,47.49391871639935
2018-07-02 20:15:00,46.62,43.476515966695494
2018-07-02 20:30:00,47.63,35.403056066569995
2018-07-02 20:45:00,18.14,17.061497712390537
2018-07-02 21:00:00,4.46,3.285447697655605
2018-07-02 21:15:00,3.82,1.6728897981478739
2018-07-02 21:30:00,3.78,2.748088033523317
2018-07-02 21:45:00,3.82,3.104465363352946
2018-07-02 22:00:00,3.71,3.9523771749685563
2018-07-02 22:15:00,3.6,3.570071550694223
2018-07-02 22:30:00,3.46,3.469678860723694
2018-07-02 22:45:00,3.46,2.9110687182130395
2018-07-02 23:00:00,3.46,3.2870065545691842
2018-07-02 23:15:00,3.46,3.3836702820864923
2018-07-02 23:30:00,3.42,3.257838001224384
2018-07-02 23:45:00,3.42,3.271757729771448
2018-07-03 00:00:00,2.84,3.276165761364579
2018-07-03 00:15:00,2.88,3.276165761364579
2018-07-03 00:30:00,2.95,3.011973109267835
2018-07-03 00:45:00,2.92,2.882468421177064
2018-07-03 01:00:00,3.38,2.969971924056042
2018-07-03 01:15:00,3.2,2.9756729742042016
2018-07-03 01:30:00,2.7,3.17077083036591
2018-07-03 01:45:00,2.77,3.134885625299843
2018-07-03 02:00:00,2.81,2.9065781782691658
2018-07-03 02:15:00,2.81,2.9065781782691658
2018-07-03 02:30:00,2.84,2.9437603574420135
2018-07-03 02:45:00,2.81,2.9306153066683187
2018-07-03 03:00:00,2.84,2.9065781782691658
2018-07-03 03:15:00,2.81,2.957112801282631
2018-07-03 03:30:00,3.06,2.957112801282631
2018-07-03 03:45:00,3.24,3.012872545222617
2018-07-03 04:00:00,2.84,3.1090563265527846
2018-07-03 04:15:00,2.81,3.3267944964201837
2018-07-03 04:30:00,2.84,3.0656531383250107
2018-07-03 04:45:00,2.81,3.0349244172089618
2018-07-03 05:00:00,2.81,3.0294263885756667
2018-07-03 05:15:00,2.81,3.1069274944738607
2018-07-03 05:30:00,2.84,3.082890366074708
2018-07-03 05:45:00,2.77,3.0294263885756667
2018-07-03 06:00:00,2.77,3.0294263885756667
2018-07-03 06:15:00,2.77,3.0294263885756667
2018-07-03 06:30:00,2.77,3.0294263885756667
2018-07-03 06:45:00,2.77,3.519534060569237
2018-07-03 07:00:00,2.77,3.1068984917920557
2018-07-03 07:15:00,3.53,3.1068984917920557
2018-07-03 07:30:00,3.67,3.2170646303992787
2018-07-03 07:45:00,5.22,5.295717904794338
2018-07-03 08:00:00,30.42,28.497229544668517
2018-07-03 08:15:00,41.44,41.9349604404781
2018-07-03 08:30:00,48.31,48.92516177204184
2018-07-03 08:45:00,59.04,48.73967203245107
2018-07-03 09:00:00,60.62,53.25005594593585
2018-07-03 09:15:00,61.13,58.45380750260053
2018-07-03 09:30:00,71.82,58.17394693861043
2018-07-03 09:45:00,62.71,53.62182496985676
2018-07-03 10:00:00,49.86,61.65450508660046
2018-07-03 10:15:00,46.73,58.35583152065643
2018-07-03 10:30:00,57.42,58.98569078207743
2018-07-03 10:45:00,59.83,62.428082641680106
2018-07-03 11:00:00,71.14,61.36022608823468
2018-07-03 11:15:00,54.4,58.71708896109679
2018-07-03 11:30:00,57.64,59.5669148028325
2018-07-03 11:45:00,66.67,54.551356529911004
2018-07-03 12:00:00,23.72,10.039957409944513
2018-07-03 12:15:00,4.1,6.411542990521866
2018-07-03 12:30:00,4.21,8.169238840152111
2018-07-03 12:45:00,4.79,5.342198946672791
2018-07-03 13:00:00,38.3,31.943919022450885
2018-07-03 13:15:00,66.17,68.88723596541513
2018-07-03 13:30:00,55.48,62.12596804734724
2018-07-03 13:45:00,57.35,68.6396878471334
2018-07-03 14:00:00,48.74,57.59233974491924
2018-07-03 14:15:00,52.78,58.05361441211279
2018-07-03 14:30:00,71.32,54.35271909889936
2018-07-03 14:45:00,53.82,56.68058753045388
2018-07-03 15:00:00,67.0,63.07692212031069
2018-07-03 15:15:00,56.74,53.60241662912546
2018-07-03 15:30:00,78.34,62.882183695392584
2018-07-03 15:45:00,105.66,60.23871197169236
2018-07-03 16:00:00,64.37,72.33514517096573
2018-07-03 16:15:00,66.74,90.1943782890045
2018-07-03 16:30:00,95.54,74.55548106291825
2018-07-03 16:45:00,113.26,67.18825578151737
2018-07-03 17:00:00,72.47,78.49653211187876
2018-07-03 17:15:00,73.48,84.95225794812396
2018-07-03 17:30:00,43.7,38.48853493959164
2018-07-03 17:45:00,31.43,43.42251527256498
2018-07-03 18:00:00,42.05,39.110692586656675
2018-07-03 18:15:00,70.2,44.95430464699656
2018-07-03 18:30:00,57.53,55.11558995576933
2018-07-03 18:45:00,71.21,68.06042091272161
2018-07-03 19:00:00,81.07,60.58791493772232
2018-07-03 19:15:00,103.36,74.39577281087634
2018-07-03 19:30:00,90.83,82.7116134054359
2018-07-03 19:45:00,109.73,86.10280285688721
2018-07-03 20:00:00,106.56,86.24428375962049
2018-07-03 20:15:00,76.1,89.17807736263744
2018-07-03 20:30:00,92.38,96.50951159921925
2018-07-03 20:45:00,77.04,31.347252687899946
2018-07-03 21:00:00,27.11,23.23757865878129
2018-07-03 21:15:00,27.79,23.47831231370547
2018-07-03 21:30:00,14.33,7.319938157731167
2018-07-03 21:45:00,4.18,14.75745417438267
2018-07-03 22:00:00,3.85,4.342108485971244
2018-07-03 22:15:00,3.53,1.1862560957447188
2018-07-03 22:30:00,3.56,3.56138447807028
2018-07-03 22:45:00,3.6,3.404995464260049
2018-07-03 23:00:00,3.46,2.8771092251994403
2018-07-03 23:15:00,3.46,3.259052461227005
2018-07-03 23:30:00,3.49,3.835975553818965
2018-07-03 23:45:00,3.56,3.383997685735397
2018-07-04 00:00:00,3.2,3.3740045604187525
2018-07-04 00:15:00,2.81,3.3740045604187525
2018-07-04 00:30:00,3.24,3.3285271473760725
2018-07-04 00:45:00,3.42,3.083426237565541
2018-07-04 01:00:00,2.95,3.3388623853467565
2018-07-04 01:15:00,2.84,3.4448390439657173
2018-07-04 01:30:00,2.84,3.131100094525069
2018-07-04 01:45:00,2.81,3.0914367753327334
2018-07-04 02:00:00,2.81,3.1118221888549553
2018-07-04 02:15:00,2.88,3.1024073878915526
2018-07-04 02:30:00,2.92,3.065225208718705
2018-07-04 02:45:00,2.84,3.065225208718705
2018-07-04 03:00:00,2.81,3.065225208718705
2018-07-04 03:15:00,2.84,3.11575983173217
2018-07-04 03:30:00,2.84,3.11575983173217
2018-07-04 03:45:00,2.92,3.171519575672156
2018-07-04 04:00:00,2.81,3.247035425157542
2018-07-04 04:15:00,3.06,3.241537396524247
2018-07-04 04:30:00,3.42,3.174394953136156
2018-07-04 04:45:00,2.99,3.2677033570023237
2018-07-04 05:00:00,2.81,3.538905504368764
2018-07-04 05:15:00,2.84,3.2106217028855
2018-07-04 05:30:00,2.81,3.174394953136156
2018-07-04 05:45:00,2.81,3.174394953136156
2018-07-04 06:00:00,2.77,3.2264279259673896
2018-07-04 06:15:00,2.77,3.174394953136156
2018-07-04 06:30:00,3.31,3.174394953136156
2018-07-04 06:45:00,3.42,3.174394953136156
2018-07-04 07:00:00,3.02,3.343239678081349
2018-07-04 07:15:00,3.13,3.5027500667478666
2018-07-04 07:30:00,3.53,3.506764524121195
2018-07-04 07:45:00,6.7,4.4861205617708935
2018-07-04 08:00:00,56.09,34.44003644572117
2018-07-04 08:15:00,87.37,71.82634838615489
2018-07-04 08:30:00,93.85,72.34314382100796
2018-07-04 08:45:00,68.8,87.80840220140912
2018-07-04 09:00:00,118.98,82.65397495163839
2018-07-04 09:15:00,98.57,74.79954700716847
2018-07-04 09:30:00,116.06,78.63837532986518
2018-07-04 09:45:00,88.6,93.16440553701506
2018-07-04 10:00:00,86.62,87.56342090404308
2018-07-04 10:15:00,111.38,83.88759444337653
2018-07-04 10:30:00,90.36,87.14018537737546
2018-07-04 10:45:00,105.05,99.0724339414302
2018-07-04 11:00:00,91.4,96.38478362261102
2018-07-04 11:15:00,108.22,87.07587159749436
2018-07-04 11:30:00,67.07,88.64066616410967
2018-07-04 11:45:00,42.34,91.58763868320206
2018-07-04 12:00:00,8.1,12.084388738678836
2018-07-04 12:15:00,4.5,5.0664855447269845
2018-07-04 12:30:00,5.26,7.096321786443632
2018-07-04 12:45:00,4.57,4.319598100508452
2018-07-04 13:00:00,24.26,57.76496154777265
2018-07-04 13:15:00,40.14,65.42387127409552
2018-07-04 13:30:00,38.63,71.98460671753811
2018-07-04 13:45:00,34.99,43.94551507240616
2018-07-04 14:00:00,35.93,49.463614225454634
2018-07-04 14:15:00,43.31,41.49664689184938
2018-07-04 14:30:00,35.78,39.31074896490213
2018-07-04 14:45:00,36.4,49.60087211941501
2018-07-04 15:00:00,40.21,39.434626537756216
2018-07-04 15:15:00,40.86,41.10255157802042
2018-07-04 15:30:00,39.28,47.11779644380509
2018-07-04 15:45:00,48.06,48.95319216248805
2018-07-04 16:00:00,53.17,44.82856233817778
2018-07-04 16:15:00,44.06,51.30611925824528
2018-07-04 16:30:00,42.23,61.10443497183277
2018-07-04 16:45:00,46.26,48.452422444032926
2018-07-04 17:00:00,47.48,44.84523712459069
2018-07-04 17:15:00,41.36,48.10095825112511
2018-07-04 17:30:00,35.42,40.600069836400415
2018-07-04 17:45:00,36.68,31.987362113518316
2018-07-04 18:00:00,50.87,38.72807727300148
2018-07-04 18:15:00,47.7,40.34406174371497
2018-07-04 18:30:00,44.21,54.26194762050372
2018-07-04 18:45:00,50.9,56.591237450707844
2018-07-04 19:00:00,45.72,54.44119461097482
2018-07-04 19:15:00,43.13,51.549840176881176
2018-07-04 19:30:00,35.96,50.06480678251977
2018-07-04 19:45:00,34.38,41.52545096683607
2018-07-04 20:00:00,53.32,37.214671263296
2018-07-04 20:15:00,45.22,39.463820622449546
2018-07-04 20:30:00,53.21,53.13655848740463
2018-07-04 20:45:00,34.31,34.07260955202486
2018-07-04 21:00:00,37.33,8.426932823249542
2018-07-04 21:15:00,56.05,13.860914663390421
2018-07-04 21:30:00,37.26,20.065810122302356
2018-07-04 21:45:00,4.5,26.84238841854944
2018-07-04 22:00:00,4.72,17.319207574157375
2018-07-04 22:15:00,3.89,4.429322459315414
2018-07-04 22:30:00,3.71,5.925523286306211
2018-07-04 22:45:00,3.64,4.608900288232647
2018-07-04 23:00:00,3.6,3.8726387190828278
2018-07-04 23:15:00,3.53,3.718222479441906
2018-07-04 23:30:00,3.53,3.566580215524258
2018-07-04 23:45:00,3.67,3.8736015110909423
2018-07-05 00:00:00,3.56,3.4817888513159385
2018-07-05 00:15:00,3.53,3.493750472226492
2018-07-05 00:30:00,3.1,3.4348127918141182
2018-07-05 00:45:00,3.02,3.484595064276721
2018-07-05 01:00:00,3.02,3.2175316274600734
2018-07-05 01:15:00,3.13,3.161165464683995
2018-07-05 01:30:00,3.56,3.1731270855945484
2018-07-05 01:45:00,3.06,3.1655041900966814
2018-07-05 02:00:00,3.02,3.3883789591227558
2018-07-05 02:15:00,3.06,3.165328605417064
2018-07-05 02:30:00,3.06,3.0977717188971186
2018-07-05 02:45:00,3.06,3.1424767791410533
2018-07-05 03:00:00,3.13,3.13792611339472
2018-07-05 03:15:00,3.06,3.141925792210247
2018-07-05 03:30:00,3.06,3.1709471311341275
2018-07-05 03:45:00,3.06,3.197685536150233
2018-07-05 04:00:00,3.1,3.2677033570023237
2018-07-05 04:15:00,3.02,3.2677033570023237
2018-07-05 04:30:00,3.1,3.3207618243253574
2018-07-05 04:45:00,3.1,3.2195849584734297
2018-07-05 05:00:00,3.06,3.2747722578753873
2018-07-05 05:15:00,3.56,3.2747722578753873
2018-07-05 05:30:00,3.24,3.2457509189515066
2018-07-05 05:45:00,3.1,3.5798629190818736
2018-07-05 06:00:00,3.2,3.5941372307804005
2018-07-05 06:15:00,3.64,3.351956422337841
2018-07-05 06:30:00,3.17,3.2965488626642983
2018-07-05 06:45:00,2.99,3.3984499391132816
2018-07-05 07:00:00,3.06,3.428786815395889
2018-07-05 07:15:00,3.53,3.3519342049499925
2018-07-05 07:30:00,4.03,3.74702745814493
2018-07-05 07:45:00,4.82,5.646222762998208
2018-07-05 08:00:00,38.41,44.21327979121636
2018-07-05 08:15:00,71.14,63.533407626798116
2018-07-05 08:30:00,117.32,61.97649804279616
2018-07-05 08:45:00,121.68,86.14062014096817
2018-07-05 09:00:00,84.2,92.37700097503634
2018-07-05 09:15:00,98.17,103.77215163663386
2018-07-05 09:30:00,74.52,90.21176595423474
2018-07-05 09:45:00,85.97,99.10994853515231
2018-07-05 10:00:00,106.96,94.29435212982106
2018-07-05 10:15:00,83.7,82.95931452689955
2018-07-05 10:30:00,66.28,98.13147867646047
2018-07-05 10:45:00,75.89,78.52975355522399
2018-07-05 11:00:00,74.88,65.72469337673995
2018-07-05 11:15:00,101.7,70.89705288110035
2018-07-05 11:30:00,107.75,70.44885505473077
2018-07-05 11:45:00,82.73,89.19555934634215
2018-07-05 12:00:00,8.42,14.748304798306055
2018-07-05 12:15:00,5.9,8.772329196232366
2018-07-05 12:30:00,5.0,4.778997647185443
2018-07-05 12:45:00,4.86,6.077864988483515
2018-07-05 13:00:00,59.62,65.8424264060807
2018-07-05 13:15:00,64.76,86.45838309025584
2018-07-05 13:30:00,50.94,85.18013057867074
2018-07-05 13:45:00,56.92,68.90623833685359
2018-07-05 14:00:00,55.48,63.518607385005936
2018-07-05 14:15:00,61.02,61.18064915526396
2018-07-05 14:30:00,65.52,55.391650474165246
2018-07-05 14:45:00,47.59,61.220542546420916
2018-07-05 15:00:00,81.04,64.21327049615539
2018-07-05 15:15:00,105.12,57.33886356658442
2018-07-05 15:30:00,82.19,70.11334172384227
2018-07-05 15:45:00,74.23,80.96227926414582
2018-07-05 16:00:00,58.68,80.2765404209491
2018-07-05 16:15:00,53.46,72.59357680219554
2018-07-05 16:30:00,51.48,67.27597026349623
2018-07-05 16:45:00,64.04,65.25652194088414
2018-07-05 17:00:00,59.04,53.561144707300535
2018-07-05 17:15:00,55.19,58.72880700663777
2018-07-05 17:30:00,30.74,41.38453954363928
2018-07-05 17:45:00,32.47,41.99308396033464
2018-07-05 18:00:00,41.0,39.93575450709859
2018-07-05 18:15:00,62.42,50.69991009401403
2018-07-05 18:30:00,57.6,48.95838102203719
2018-07-05 18:45:00,57.46,66.8518601529179
2018-07-05 19:00:00,55.51,58.545322261237885
2018-07-05 19:15:00,57.85,58.54085315638336
2018-07-05 19:30:00,47.74,60.13126923705985
2018-07-05 19:45:00,49.61,54.48660794267812
2018-07-05 20:00:00,65.23,54.73297779964859
2018-07-05 20:15:00,109.87,58.18126951732577
2018-07-05 20:30:00,106.74,61.08643221160492
2018-07-05 20:45:00,33.77,40.797322514372865
2018-07-05 21:00:00,4.72,63.969928689965805
2018-07-05 21:15:00,4.28,36.78959033345974
2018-07-05 21:30:00,4.07,0.37863105054171864
2018-07-05 21:45:00,4.0,1.6491792051634329
2018-07-05 22:00:00,3.85,4.489766077665235
2018-07-05 22:15:00,3.74,3.6698801212632746
2018-07-05 22:30:00,4.64,4.8585178449357755
2018-07-05 22:45:00,4.57,3.765749742623627
2018-07-05 23:00:00,3.64,4.242378638278279
2018-07-05 23:15:00,3.6,4.274800682485397
2018-07-05 23:30:00,3.64,3.9339585680014637
2018-07-05 23:45:00,3.67,3.917060699113331
2018-07-06 00:00:00,3.64,3.666779469189021
2018-07-06 00:15:00,3.28,3.5262095949360748
2018-07-06 00:30:00,3.17,3.319978164626028
2018-07-06 00:45:00,3.13,3.3336224371859338
2018-07-06 01:00:00,3.17,3.3634878875409986
2018-07-06 01:15:00,3.13,3.1663668859947425
2018-07-06 01:30:00,3.1,3.45609378053322
2018-07-06 01:45:00,3.17,3.1168205886508384
2018-07-06 02:00:00,3.24,3.1168205886508384
2018-07-06 02:15:00,3.2,3.251351227509954
2018-07-06 02:30:00,3.24,3.339263869939413
2018-07-06 02:45:00,3.2,3.365894458496993
2018-07-06 03:00:00,3.17,3.400775094971038
2018-07-06 03:15:00,3.2,3.4215982357587365
2018-07-06 03:30:00,3.2,3.3853714860093924
2018-07-06 03:45:00,3.17,3.3853714860093924
2018-07-06 04:00:00,3.31,3.393777891397591
2018-07-06 04:15:00,3.6,3.393777891397591
2018-07-06 04:30:00,3.53,3.454642052281931
2018-07-06 04:45:00,3.89,3.468916363980458
2018-07-06 05:00:00,3.31,3.468916363980458
2018-07-06 05:15:00,3.24,3.6061197314446956
2018-07-06 05:30:00,3.28,3.468916363980458
2018-07-06 05:45:00,3.24,4.005516010591319
2018-07-06 06:00:00,3.2,3.4914141797792433
2018-07-06 06:15:00,3.24,3.436152799264816
2018-07-06 06:30:00,3.2,3.2240091550312218
2018-07-06 06:45:00,3.24,3.248646566166218
2018-07-06 07:00:00,3.24,3.2240091550312218
2018-07-06 07:15:00,3.6,3.3499777670325743
2018-07-06 07:30:00,3.53,4.2333168774816645
2018-07-06 07:45:00,3.85,5.660239153845618
2018-07-06 08:00:00,58.0,40.69564323251741
2018-07-06 08:15:00,112.32,77.61159853955783
2018-07-06 08:30:00,115.52,82.00350021880243
2018-07-06 08:45:00,112.72,97.15122386946501
2018-07-06 09:00:00,86.4,97.94361352009695
2018-07-06 09:15:00,106.52,101.83109240825334
2018-07-06 09:30:00,105.37,92.42623109101618
2018-07-06 09:45:00,78.12,84.01489720278553
2018-07-06 10:00:00,108.94,95.91940551932196
2018-07-06 10:15:00,88.67,87.14269761184283
2018-07-06 10:30:00,96.7,87.17950649437496
2018-07-06 10:45:00,118.91,82.52240186115247
2018-07-06 11:00:00,76.9,88.88249814066148
2018-07-06 11:15:00,110.84,104.56282042717874
2018-07-06 11:30:00,97.56,78.4789708984474
2018-07-06 11:45:00,99.32,62.50068956633144
2018-07-06 12:00:00,7.16,19.595303573451837
2018-07-06 12:15:00,5.72,0.5171307953236776
2018-07-06 12:30:00,5.15,2.32650294224477
2018-07-06 12:45:00,4.9,4.596954603323281
2018-07-06 13:00:00,48.24,53.98215028296909
2018-07-06 13:15:00,54.94,95.94030987127036
2018-07-06 13:30:00,84.71,79.2497919258812
2018-07-06 13:45:00,96.98,65.45203023368502
2018-07-06 14:00:00,89.35,75.9812144243319
2018-07-06 14:15:00,115.13,92.01300883123751
2018-07-06 14:30:00,93.24,85.7865774708195
2018-07-06 14:45:00,112.72,86.63835925406102
2018-07-06 15:00:00,94.61,97.04204138563215
2018-07-06 15:15:00,78.88,85.50403270389445
2018-07-06 15:30:00,111.24,102.4458145764156
2018-07-06 15:45:00,81.11,93.11013679859217
2018-07-06 16:00:00,107.93,91.29674704968735
2018-07-06 16:15:00,99.43,90.19264925021801
2018-07-06 16:30:00,104.87,84.9116769098234
2018-07-06 16:45:00,102.89,95.14384637254567
2018-07-06 17:00:00,61.16,93.89484182600687
2018-07-06 17:15:00,69.62,82.57512824672443
2018-07-06 17:30:00,32.54,27.728908677705025
2018-07-06 17:45:00,32.98,30.804260338870538
2018-07-06 18:00:00,60.44,46.4296455409403
2018-07-06 18:15:00,112.03,70.43301042494926
2018-07-06 18:30:00,90.36,73.87617507696918
2018-07-06 18:45:00,103.32,78.96951488660017
2018-07-06 19:00:00,104.83,87.37387261589805
2018-07-06 19:15:00,88.02,88.83418929486021
2018-07-06 19:30:00,116.21,90.39054264606159
2018-07-06 19:45:00,117.0,93.71732898250133
2018-07-06 20:00:00,89.35,91.91212090560661
2018-07-06 20:15:00,115.34,84.86404051695693
2018-07-06 20:30:00,87.66,82.32949609645443
2018-07-06 20:45:00,34.56,43.045361248507874
2018-07-06 21:00:00,12.24,29.56419178432777
2018-07-06 21:15:00,4.1,16.81317447430807
2018-07-06 21:30:00,4.07,14.976691572011676
2018-07-06 21:45:00,4.0,9.017572822778796
2018-07-06 22:00:00,3.92,7.9145404671056525
2018-07-06 22:15:00,3.78,5.041833436669522
2018-07-06 22:30:00,3.67,7.637262698198253
2018-07-06 22:45:00,3.67,7.208242638793331
2018-07-06 23:00:00,3.64,5.519485405203559
2018-07-06 23:15:00,3.6,5.596950493348002
2018-07-06 23:30:00,3.6,5.257852854795025
2018-07-06 23:45:00,3.1,6.158442828972712
2018-07-07 00:00:00,3.49,3.6748644939612007
2018-07-07 00:15:00,3.06,2.984045391431051
2018-07-07 00:30:00,3.1,3.1004719905253157
2018-07-07 00:45:00,3.13,2.9633234984127297
2018-07-07 01:00:00,3.1,2.977011036858294
2018-07-07 01:15:00,3.35,2.939828857685446
2018-07-07 01:30:00,3.74,2.9556636054613343
2018-07-07 01:45:00,3.35,3.1728373243392496
2018-07-07 02:00:00,3.13,3.197816280157523
2018-07-07 02:15:00,3.13,3.180588026769397
2018-07-07 02:30:00,3.17,2.9408406791947583
2018-07-07 02:45:00,3.2,2.9476570373758677
2018-07-07 03:00:00,3.13,3.165380433900864
2018-07-07 03:15:00,3.13,3.1455375942323607
2018-07-07 03:30:00,3.13,2.9642209466741414
2018-07-07 03:45:00,3.17,2.510301323021323
2018-07-07 04:00:00,3.2,2.49125726172541
2018-07-07 04:15:00,3.53,2.8178099862516195
2018-07-07 04:30:00,3.49,2.795857548200803
2018-07-07 04:45:00,3.13,2.8976791237982527
2018-07-07 05:00:00,3.1,2.8106222346304226
2018-07-07 05:15:00,3.17,2.5739394548211583
2018-07-07 05:30:00,3.2,2.5541671144893363
2018-07-07 05:45:00,3.13,2.757981577846341
2018-07-07 06:00:00,3.1,2.7170241631332313
2018-07-07 06:15:00,3.13,2.49125726172541
2018-07-07 06:30:00,2.99,2.4672201333262564
2018-07-07 06:45:00,2.92,2.49125726172541
2018-07-07 07:00:00,3.02,2.458022400374269
2018-07-07 07:15:00,3.85,2.559353601240626
2018-07-07 07:30:00,3.49,2.630703551943605
2018-07-07 07:45:00,3.24,4.067492937296118
2018-07-07 08:00:00,39.53,38.45095764859254
2018-07-07 08:15:00,110.27,52.34569113703186
2018-07-07 08:30:00,100.33,74.6924454802118
2018-07-07 08:45:00,43.24,93.63180867736311
2018-07-07 09:00:00,62.5,95.05598353881973
2018-07-07 09:15:00,54.9,55.06973527675475
2018-07-07 09:30:00,55.62,63.00226264872728
2018-07-07 09:45:00,59.76,55.791009933470406
2018-07-07 10:00:00,49.18,51.26552618635285
2018-07-07 10:15:00,42.7,54.00514329623302
2018-07-07 10:30:00,45.61,60.86708884181103
2018-07-07 10:45:00,40.57,45.809993740048206
2018-07-07 11:00:00,59.44,56.796522838935175
2018-07-07 11:15:00,59.8,42.74419478632632
2018-07-07 11:30:00,80.78,52.42536091751706
2018-07-07 11:45:00,101.81,44.974492774420376
2018-07-07 12:00:00,21.56,12.543853449035591
2018-07-07 12:15:00,6.26,16.183619171507345
2018-07-07 12:30:00,5.69,4.5341312985973925
2018-07-07 12:45:00,5.18,7.009322017237794
2018-07-07 13:00:00,23.15,21.26645621934369
2018-07-07 13:15:00,79.78,53.854044506606066
2018-07-07 13:30:00,105.23,51.38993390920948
2018-07-07 13:45:00,106.16,69.69692144555331
2018-07-07 14:00:00,72.07,89.5428051788035
2018-07-07 14:15:00,94.25,96.75845749715819
2018-07-07 14:30:00,94.18,93.50478667163225
2018-07-07 14:45:00,96.01,95.43566564034835
2018-07-07 15:00:00,98.1,93.80379463042256
2018-07-07 15:15:00,78.01,84.01317855655951
2018-07-07 15:30:00,98.71,91.86733100242498
2018-07-07 15:45:00,109.98,90.00161136620429
2018-07-07 16:00:00,90.9,85.55157343598374
2018-07-07 16:15:00,107.21,84.26163107362683
2018-07-07 16:30:00,89.39,72.806050153648
2018-07-07 16:45:00,6.3,72.47655596472946
2018-07-07 17:00:00,4.07,84.57365573796145
2018-07-07 17:15:00,3.64,0.0
2018-07-07 17:30:00,3.67,0.0
2018-07-07 17:45:00,3.71,1.0380210521750013
2018-07-07 18:00:00,3.56,5.326429357598731
2018-07-07 18:15:00,3.46,3.8378713800443505
2018-07-07 18:30:00,3.49,8.423469886727453
2018-07-07 18:45:00,3.6,6.720089477535276
2018-07-07 19:00:00,4.39,0.41806144336385415
2018-07-07 19:15:00,4.21,2.355555465260407
2018-07-07 19:30:00,3.67,3.2710804998043974
2018-07-07 19:45:00,3.46,2.171505771576237
2018-07-07 20:00:00,3.02,4.039802774941811
2018-07-07 20:15:00,3.06,2.3522881367059525
2018-07-07 20:30:00,3.06,2.4252854371455217
2018-07-07 20:45:00,3.02,3.4714100733244093
2018-07-07 21:00:00,3.1,3.3276773390846754
2018-07-07 21:15:00,3.06,3.147263937694657
2018-07-07 21:30:00,3.06,3.0403582456155176
2018-07-07 21:45:00,3.06,3.0289173834689924
2018-07-07 22:00:00,3.02,3.0280580525109655
2018-07-07 22:15:00,2.84,3.0141383239639015
2018-07-07 22:30:00,2.95,2.9979749813911223
2018-07-07 22:45:00,2.77,2.9979749813911223
2018-07-07 23:00:00,2.77,2.9979749813911223
2018-07-07 23:15:00,2.74,3.4222615983250897
2018-07-07 23:30:00,3.28,3.060935593881988
2018-07-07 23:45:00,2.7,2.9002413095693313
2018-07-08 00:00:00,3.35,3.1644339616660755
2018-07-08 00:15:00,2.74,2.9252202653876047
2018-07-08 00:30:00,2.81,3.1644339616660755
2018-07-08 00:45:00,2.81,2.9252202653876047
2018-07-08 01:00:00,2.81,2.889375705848011
2018-07-08 01:15:00,2.81,2.8746913424739486
2018-07-08 01:30:00,2.81,3.0126593447651846
2018-07-08 01:45:00,2.84,2.8746913424739486
2018-07-08 02:00:00,2.81,2.8746913424739486
2018-07-08 02:15:00,2.81,2.8746913424739486
2018-07-08 02:30:00,2.81,2.8212273649749076
2018-07-08 02:45:00,2.84,2.8212273649749076
2018-07-08 03:00:00,3.24,2.8351470935219716
2018-07-08 03:15:00,2.99,2.8704600384598042
2018-07-08 03:30:00,2.84,3.153908417757257
2018-07-08 03:45:00,2.84,2.9462310371611253
2018-07-08 04:00:00,2.81,2.8649467153009387
2018-07-08 04:15:00,2.84,3.0416943317171534
2018-07-08 04:30:00,3.42,2.8889838437000916
2018-07-08 04:45:00,3.13,2.8649467153009387
2018-07-08 05:00:00,2.77,3.1623148231454556
2018-07-08 05:15:00,2.81,2.9563607644522403
2018-07-08 05:30:00,2.77,2.8649467153009387
2018-07-08 05:45:00,2.77,2.8649467153009387
2018-07-08 06:00:00,2.84,2.911481659498877
2018-07-08 06:15:00,3.38,2.8889838437000916
2018-07-08 06:30:00,2.81,2.8649467153009387
2018-07-08 06:45:00,2.81,2.9563193370297425
2018-07-08 07:00:00,2.74,2.9011734650502827
2018-07-08 07:15:00,2.81,3.40851836479355
2018-07-08 07:30:00,2.95,2.965831823036366
2018-07-08 07:45:00,18.76,3.027692484024851
2018-07-08 08:00:00,54.58,7.770628340487924
2018-07-08 08:15:00,105.91,48.04595059518043
2018-07-08 08:30:00,112.36,68.92053339388848
2018-07-08 08:45:00,86.51,80.85991572853081
2018-07-08 09:00:00,99.94,89.15218048357895
2018-07-08 09:15:00,104.69,86.90005749865306
2018-07-08 09:30:00,96.8,80.46132388991914
2018-07-08 09:45:00,92.52,82.52476516219528
2018-07-08 10:00:00,64.44,89.72581404091798
2018-07-08 10:15:00,79.78,96.26925319474785
2018-07-08 10:30:00,116.78,76.27958162493407
2018-07-08 10:45:00,90.04,76.0991328175265
2018-07-08 11:00:00,110.2,99.02999618987812
2018-07-08 11:15:00,98.96,89.09720050650535
2018-07-08 11:30:00,78.26,86.30656168796943
2018-07-08 11:45:00,49.79,70.92011863438366
2018-07-08 12:00:00,4.07,11.124641528814136
2018-07-08 12:15:00,4.03,1.5035748598815557
2018-07-08 12:30:00,3.96,1.540770009424445
2018-07-08 12:45:00,4.0,12.656228308216955
2018-07-08 13:00:00,53.21,32.39566486309522
2018-07-08 13:15:00,90.4,67.63147676011944
2018-07-08 13:30:00,51.55,75.65871644836304
2018-07-08 13:45:00,48.46,70.68739172261189
2018-07-08 14:00:00,56.7,50.70576481961373
2018-07-08 14:15:00,62.75,49.35279989442123
2018-07-08 14:30:00,59.98,49.85516882712047
2018-07-08 14:45:00,53.14,53.95131908749308
2018-07-08 15:00:00,43.42,44.69533707126414
2018-07-08 15:15:00,45.97,54.837324655190145
2018-07-08 15:30:00,44.14,48.16353908695247
2018-07-08 15:45:00,48.35,51.743126281192794
2018-07-08 16:00:00,51.08,46.4701419183914
2018-07-08 16:15:00,44.1,46.0836570273543
2018-07-08 16:30:00,44.17,45.608761177324034
2018-07-08 16:45:00,5.87,21.465696032611337
2018-07-08 17:00:00,3.96,19.512459186190444
2018-07-08 17:15:00,3.82,1.6562266364975518
2018-07-08 17:30:00,3.78,3.7939254765487633
2018-07-08 17:45:00,3.74,4.286084590297053
2018-07-08 18:00:00,3.56,4.268641076814893
2018-07-08 18:15:00,3.38,4.739218759204298
2018-07-08 18:30:00,3.49,3.9562366070397874
2018-07-08 18:45:00,3.89,3.933133858397643
2018-07-08 19:00:00,4.61,4.266279394626486
2018-07-08 19:15:00,3.49,4.283116676215056
2018-07-08 19:30:00,3.56,4.760759660912727
2018-07-08 19:45:00,3.64,4.233523480691628
2018-07-08 20:00:00,3.56,4.25494509165793
2018-07-08 20:15:00,3.31,5.160804332548333
2018-07-08 20:30:00,2.92,5.019359734106123
2018-07-08 20:45:00,2.95,4.99261131176887
2018-07-08 21:00:00,2.95,2.976662008695347
2018-07-08 21:15:00,2.95,2.7893733525213698
2018-07-08 21:30:00,2.99,2.8927219545697667
2018-07-08 21:45:00,2.95,2.8702241387709813
2018-07-08 22:00:00,2.84,2.855539775396919
2018-07-08 22:15:00,2.7,2.855539775396919
2018-07-08 22:30:00,2.74,2.855539775396919
2018-07-08 22:45:00,2.7,2.855539775396919
2018-07-08 23:00:00,2.74,2.861037804030214
2018-07-08 23:15:00,3.28,2.91300235925449
2018-07-08 23:30:00,2.92,2.8810897424923017
2018-07-08 23:45:00,3.31,3.145282394589046
2018-07-09 00:00:00,2.66,2.919627773965597
2018-07-09 00:15:00,3.17,3.158841470244068
2018-07-09 00:30:00,3.02,2.919627773965597
2018-07-09 00:45:00,2.77,3.064695723868044
2018-07-09 01:00:00,2.74,2.821132902186195
2018-07-09 01:15:00,2.74,2.8303192369269623
2018-07-09 01:30:00,2.77,2.8156348735529
2018-07-09 01:45:00,2.7,2.8303192369269623
2018-07-09 02:00:00,2.77,2.8156348735529
2018-07-09 02:15:00,2.74,2.8156348735529
2018-07-09 02:30:00,2.74,2.8156348735529
2018-07-09 02:45:00,2.77,2.821132902186195
2018-07-09 03:00:00,2.74,2.8156348735529
2018-07-09 03:15:00,2.77,2.918278817772591
2018-07-09 03:30:00,2.81,2.971742795271632
2018-07-09 03:45:00,2.74,2.974038561712577
2018-07-09 04:00:00,3.24,3.097520360063709
2018-07-09 04:15:00,3.02,3.044056382564668
2018-07-09 04:30:00,2.99,3.394888467908226
2018-07-09 04:45:00,3.13,3.133747109813053
2018-07-09 05:00:00,2.7,3.044056382564668
2018-07-09 05:15:00,2.7,3.0992436819666254
2018-07-09 05:30:00,2.7,3.0680935109638208
2018-07-09 05:45:00,2.7,3.044056382564668
2018-07-09 06:00:00,2.7,3.044056382564668
2018-07-09 06:15:00,2.66,3.0680935109638208
2018-07-09 06:30:00,2.66,3.049554411197963
2018-07-09 06:45:00,2.66,3.057976111111732
2018-07-09 07:00:00,2.74,3.121528485781057
2018-07-09 07:15:00,2.99,3.121528485781057
2018-07-09 07:30:00,3.42,3.7219965124678254
2018-07-09 07:45:00,4.72,4.992208447330724
2018-07-09 08:00:00,17.39,30.282852014998408
2018-07-09 08:15:00,53.6,46.12906600477976
2018-07-09 08:30:00,57.71,43.79218125523296
2018-07-09 08:45:00,60.95,56.64942039323846
2018-07-09 09:00:00,50.98,57.04619046087343
2018-07-09 09:15:00,50.62,57.480634612583366
2018-07-09 09:30:00,53.39,60.08712808503512
2018-07-09 09:45:00,59.8,61.225395287053
2018-07-09 10:00:00,69.23,61.47775077357885
2018-07-09 10:15:00,53.42,61.7132921054049
2018-07-09 10:30:00,56.3,64.52882807126963
2018-07-09 10:45:00,48.42,64.61606067779094
2018-07-09 11:00:00,55.69,68.77625466065915
2018-07-09 11:15:00,69.62,61.78036597584216
2018-07-09 11:30:00,50.69,57.97133125578197
2018-07-09 11:45:00,53.06,58.804545105628414
2018-07-09 12:00:00,16.16,8.342076498028293
2018-07-09 12:15:00,6.34,5.697866179036003
2018-07-09 12:30:00,5.44,7.516887019627001
2018-07-09 12:45:00,6.12,6.992958075773245
2018-07-09 13:00:00,34.52,43.23225504096691
2018-07-09 13:15:00,49.57,60.28005135153535
2018-07-09 13:30:00,46.66,62.352637183503155
2018-07-09 13:45:00,48.49,62.345151869789504
2018-07-09 14:00:00,50.47,51.188633254671814
2018-07-09 14:15:00,48.64,53.26363846292528
2018-07-09 14:30:00,52.92,61.42008399307223
2018-07-09 14:45:00,52.02,52.7847643118973
2018-07-09 15:00:00,50.0,56.35546109122881
2018-07-09 15:15:00,47.45,56.912201130576804
2018-07-09 15:30:00,52.52,53.84721039879866
2018-07-09 15:45:00,66.24,53.292544016949584
2018-07-09 16:00:00,58.54,57.41694809182141
2018-07-09 16:15:00,54.25,62.15633374958801
2018-07-09 16:30:00,59.11,54.692525728502105
2018-07-09 16:45:00,67.43,52.219604229298184
2018-07-09 17:00:00,57.24,56.20317381551641
2018-07-09 17:15:00,57.64,61.240186391504395
2018-07-09 17:30:00,28.04,38.525875132267316
2018-07-09 17:45:00,27.72,27.289353205379452
2018-07-09 18:00:00,32.87,23.239281128424732
2018-07-09 18:15:00,42.66,39.578760725576565
2018-07-09 18:30:00,45.25,44.13790378302024
2018-07-09 18:45:00,48.82,41.61504229240398
2018-07-09 19:00:00,48.38,43.295669560025175
2018-07-09 19:15:00,61.2,51.1936931974761
2018-07-09 19:30:00,58.82,48.189418609404385
2018-07-09 19:45:00,48.1,57.7374511155115
2018-07-09 20:00:00,47.02,54.22427606144577
2018-07-09 20:15:00,42.05,56.148268585144635
2018-07-09 20:30:00,60.16,47.32072112235541
2018-07-09 20:45:00,38.45,25.978160768083455
2018-07-09 21:00:00,5.04,13.27070646974796
2018-07-09 21:15:00,3.92,7.882424912845527
2018-07-09 21:30:00,3.82,2.4520371967141648
2018-07-09 21:45:00,3.78,5.477250704544016
2018-07-09 22:00:00,3.67,4.185772999912303
2018-07-09 22:15:00,3.49,3.665979638366839
2018-07-09 22:30:00,3.46,3.422141020566159
2018-07-09 22:45:00,3.46,3.0507425663531644
2018-07-09 23:00:00,3.35,3.1858975252794144
2018-07-09 23:15:00,3.35,3.207653437267697
2018-07-09 23:30:00,3.31,3.3108738700152145
2018-07-09 23:45:00,3.24,3.3108738700152145
2018-07-10 00:00:00,3.42,3.1986885106372003
2018-07-10 00:15:00,3.49,3.1986885106372003
2018-07-10 00:30:00,3.38,3.2777011567075265
2018-07-10 00:45:00,3.35,3.3252389968650617
2018-07-10 01:00:00,2.99,3.269192226350688
2018-07-10 01:15:00,2.84,3.2693952478655524
2018-07-10 01:30:00,2.81,2.9957877948054055
2018-07-10 01:45:00,3.42,2.9437603574420135
2018-07-10 02:00:00,3.24,2.9437603574420135
2018-07-10 02:15:00,2.92,3.185455193739972
2018-07-10 02:30:00,2.88,3.1957497861841833
2018-07-10 02:45:00,2.88,2.94280492801851
2018-07-10 03:00:00,2.84,2.9065781782691658
2018-07-10 03:15:00,2.95,3.0036477454805692
2018-07-10 03:30:00,2.84,2.981149929681784
2018-07-10 03:45:00,2.84,3.018370573855912
2018-07-10 04:00:00,2.88,3.082890366074708
2018-07-10 04:15:00,2.88,3.082890366074708
2018-07-10 04:30:00,2.95,3.082890366074708
2018-07-10 04:45:00,2.99,3.082890366074708
2018-07-10 05:00:00,3.31,3.082890366074708
2018-07-10 05:15:00,2.84,3.0294263885756667
2018-07-10 05:30:00,2.84,3.3267944964201837
2018-07-10 05:45:00,2.81,3.0656531383250107
2018-07-10 06:00:00,2.88,3.082890366074708
2018-07-10 06:15:00,2.84,3.082890366074708
2018-07-10 06:30:00,2.84,3.0534635169748197
2018-07-10 06:45:00,2.88,3.0294263885756667
2018-07-10 07:00:00,2.95,3.1068984917920557
2018-07-10 07:15:00,3.24,3.1216775512971466
2018-07-10 07:30:00,3.67,3.2162052994412518
2018-07-10 07:45:00,5.76,6.083606666494472
2018-07-10 08:00:00,39.56,27.271255491949635
2018-07-10 08:15:00,49.54,51.559067129670346
2018-07-10 08:30:00,53.6,58.27192777961381
2018-07-10 08:45:00,70.13,59.03978545372685
2018-07-10 09:00:00,59.76,57.9418254550706
2018-07-10 09:15:00,71.93,66.2005003467944
2018-07-10 09:30:00,61.63,56.03519625097121
2018-07-10 09:45:00,55.73,63.17377127823543
2018-07-10 10:00:00,55.48,56.942661886454275
2018-07-10 10:15:00,54.97,62.83208090705471
2018-07-10 10:30:00,50.94,63.346231510406774
2018-07-10 10:45:00,67.86,66.50086598349318
2018-07-10 11:00:00,63.83,62.56156965320379
2018-07-10 11:15:00,71.86,61.01571632223379
2018-07-10 11:30:00,55.84,61.43401762237738
2018-07-10 11:45:00,50.65,63.18994136687458
2018-07-10 12:00:00,4.07,10.511467650228864
2018-07-10 12:15:00,4.0,4.707861804455453
2018-07-10 12:30:00,4.03,3.8988217150191735
2018-07-10 12:45:00,4.25,5.779640277734555
2018-07-10 13:00:00,36.25,39.5655462533622
2018-07-10 13:15:00,64.8,66.88048722900986
2018-07-10 13:30:00,55.58,59.95038854898171
2018-07-10 13:45:00,52.2,64.7922792973414
2018-07-10 14:00:00,54.83,58.28317005543214
2018-07-10 14:15:00,64.08,56.67273453231726
2018-07-10 14:30:00,56.88,58.88749333110372
2018-07-10 14:45:00,47.7,59.19319384151834
2018-07-10 15:00:00,86.22,56.38477137810489
2018-07-10 15:15:00,113.29,59.39814753327815
2018-07-10 15:30:00,99.0,74.34410986812738
2018-07-10 15:45:00,118.91,90.97888778370759
2018-07-10 16:00:00,89.14,83.86801856146725
2018-07-10 16:15:00,92.74,101.48723606866558
2018-07-10 16:30:00,110.41,89.14712808858049
2018-07-10 16:45:00,95.11,97.07596006086625
2018-07-10 17:00:00,101.52,103.88110431877298
2018-07-10 17:15:00,82.8,102.76271787054601
2018-07-10 17:30:00,47.12,43.16863159233453
2018-07-10 17:45:00,29.02,47.83468424352361
2018-07-10 18:00:00,49.79,41.17084084567737
2018-07-10 18:15:00,79.56,53.96640604422814
2018-07-10 18:30:00,86.18,73.46284570321481
2018-07-10 18:45:00,108.58,79.46622937699387
2018-07-10 19:00:00,80.53,78.84232798976463
2018-07-10 19:15:00,49.68,98.2557119643837
2018-07-10 19:30:00,78.91,100.5049435842375
2018-07-10 19:45:00,74.59,73.00741767726375
2018-07-10 20:00:00,82.08,87.68413148690864
2018-07-10 20:15:00,44.75,75.24779879241544
2018-07-10 20:30:00,41.65,70.7151856781658
2018-07-10 20:45:00,28.33,52.76767498806338
2018-07-10 21:00:00,13.46,18.32900949586283
2018-07-10 21:15:00,3.67,7.526158436205879
2018-07-10 21:30:00,3.82,5.659919436016663
2018-07-10 21:45:00,3.64,4.121363927895393
2018-07-10 22:00:00,3.6,4.43198380188964
2018-07-10 22:15:00,3.38,3.301865975884832
2018-07-10 22:30:00,3.35,3.0527508461127555
2018-07-10 22:45:00,3.31,3.619444835946974
2018-07-10 23:00:00,3.31,3.3541171649864014
2018-07-10 23:15:00,3.28,3.3680440822707576
2018-07-10 23:30:00,3.28,3.3628335697200344
2018-07-10 23:45:00,3.06,3.35467112404713
2018-07-11 00:00:00,3.28,3.8390853908908285
2018-07-11 00:15:00,3.38,3.1158875964267083
2018-07-11 00:30:00,3.31,3.4168672599720873
2018-07-11 00:45:00,3.46,3.4485752060580146
2018-07-11 01:00:00,3.35,3.422341228166932
2018-07-11 01:15:00,2.77,3.4076568647928696
2018-07-11 01:30:00,2.74,3.3961296615529033
2018-07-11 01:45:00,2.77,3.1544348252549446
2018-07-11 02:00:00,2.74,3.079909572092767
2018-07-11 02:15:00,2.74,3.1024073878915526
2018-07-11 02:30:00,2.81,3.079909572092767
2018-07-11 02:45:00,2.77,3.065225208718705
2018-07-11 03:00:00,2.77,3.065225208718705
2018-07-11 03:15:00,2.84,3.11575983173217
2018-07-11 03:30:00,2.77,3.11575983173217
2018-07-11 03:45:00,2.77,3.171519575672156
2018-07-11 04:00:00,2.88,3.2195849584734297
2018-07-11 04:15:00,3.24,3.241537396524247
2018-07-11 04:30:00,2.77,3.247035425157542
2018-07-11 04:45:00,2.81,3.538905504368764
2018-07-11 05:00:00,2.77,3.277764146273591
2018-07-11 05:15:00,2.77,3.241537396524247
2018-07-11 05:30:00,2.77,3.174394953136156
2018-07-11 05:45:00,2.74,3.198432081535309
2018-07-11 06:00:00,2.74,3.174394953136156
2018-07-11 06:15:00,2.99,3.174394953136156
2018-07-11 06:30:00,3.35,3.1798929817694512
2018-07-11 06:45:00,2.84,3.1798929817694512
2018-07-11 07:00:00,2.81,3.343239678081349
2018-07-11 07:15:00,2.92,3.288093806101889
2018-07-11 07:30:00,3.13,3.485316833876942
2018-07-11 07:45:00,3.2,3.7045251659682314
2018-07-11 08:00:00,18.14,38.97191102842823
2018-07-11 08:15:00,111.2,52.507467296876214
2018-07-11 08:30:00,76.54,53.684331977226485
2018-07-11 08:45:00,55.51,95.44217223594192
2018-07-11 09:00:00,62.14,89.13658269605067
2018-07-11 09:15:00,53.35,64.03338173799997
2018-07-11 09:30:00,64.48,51.61283115753389
2018-07-11 09:45:00,53.93,56.785301740895854
2018-07-11 10:00:00,60.88,57.13390859221319
2018-07-11 10:15:00,66.71,60.344315626250825
2018-07-11 10:30:00,56.84,62.150130536396574
2018-07-11 10:45:00,62.53,69.48152864137393
2018-07-11 11:00:00,60.8,63.36780865647903
2018-07-11 11:15:00,68.18,61.4598612497327
2018-07-11 11:30:00,60.98,60.582736350388764
2018-07-11 11:45:00,59.83,48.41546866336351
2018-07-11 12:00:00,7.27,10.968231016061738
2018-07-11 12:15:00,4.61,9.590213800789105
2018-07-11 12:30:00,4.64,6.0542087540575
2018-07-11 12:45:00,4.54,6.033540119624681
2018-07-11 13:00:00,42.88,30.61663247017257
2018-07-11 13:15:00,58.14,63.33854201266146
2018-07-11 13:30:00,63.32,57.99390768415855
2018-07-11 13:45:00,51.01,55.03841917434903
2018-07-11 14:00:00,45.72,61.261082170128084
2018-07-11 14:15:00,43.42,54.98062368922212
2018-07-11 14:30:00,47.63,53.02330315360287
2018-07-11 14:45:00,48.74,46.417107599296706
2018-07-11 15:00:00,39.71,50.41179451873468
2018-07-11 15:15:00,38.84,50.156220958173044
2018-07-11 15:30:00,38.92,43.27162155249159
2018-07-11 15:45:00,46.55,43.899661763407295
2018-07-11 16:00:00,49.46,43.9476787935267
2018-07-11 16:15:00,49.93,51.48667836177467
2018-07-11 16:30:00,49.28,56.88387159205742
2018-07-11 16:45:00,42.84,56.46591803972076
2018-07-11 17:00:00,43.34,53.01179871310375
2018-07-11 17:15:00,39.38,40.657928617523346
2018-07-11 17:30:00,33.08,35.44741161577449
2018-07-11 17:45:00,28.87,30.29858054047008
2018-07-11 18:00:00,29.88,33.781490907141865
2018-07-11 18:15:00,35.71,33.125575085531224
2018-07-11 18:30:00,43.92,40.53749628608388
2018-07-11 18:45:00,44.03,37.87230659784433
2018-07-11 19:00:00,46.48,41.796968697898315
2018-07-11 19:15:00,45.32,47.778326218576574
2018-07-11 19:30:00,38.02,42.576445150056074
2018-07-11 19:45:00,36.4,43.4960452024287
2018-07-11 20:00:00,38.34,38.0437331766007
2018-07-11 20:15:00,56.41,36.804108751219886
2018-07-11 20:30:00,27.97,33.22709136919329
2018-07-11 20:45:00,7.27,23.559403228884886
2018-07-11 21:00:00,5.4,3.7502671182943854
2018-07-11 21:15:00,3.74,8.896394456766389
2018-07-11 21:30:00,3.78,7.04713742695526
2018-07-11 21:45:00,3.82,4.127016175045219
2018-07-11 22:00:00,3.64,3.921798385686898
2018-07-11 22:15:00,3.53,3.504403552008268
2018-07-11 22:30:00,3.53,3.1690222135909987
2018-07-11 22:45:00,3.42,3.2694230461816947
2018-07-11 23:00:00,2.88,3.2671786138766272
2018-07-11 23:15:00,2.88,3.293587911930037
2018-07-11 23:30:00,2.92,3.0076006016958963
2018-07-11 23:45:00,2.74,3.0173385341665777
2018-07-12 00:00:00,3.49,2.990290052621459
2018-07-12 00:15:00,2.99,2.991149383579486
2018-07-12 00:30:00,2.92,3.2393756290505777
2018-07-12 00:45:00,2.99,2.9641671007198207
2018-07-12 01:00:00,2.99,2.8014111215828215
2018-07-12 01:15:00,2.95,2.919339227954324
2018-07-12 01:30:00,2.95,2.938528518912048
2018-07-12 01:45:00,2.95,2.887426611192136
2018-07-12 02:00:00,2.99,2.887426611192136
2018-07-12 02:15:00,3.02,2.887426611192136
2018-07-12 02:30:00,2.99,2.887426611192136
2018-07-12 02:45:00,3.02,2.887426611192136
2018-07-12 03:00:00,2.99,2.887426611192136
2018-07-12 03:15:00,3.49,2.88449725670656
2018-07-12 03:30:00,3.13,2.88449725670656
2018-07-12 03:45:00,3.06,3.237625108491063
2018-07-12 04:00:00,2.99,3.1016888706499386
2018-07-12 04:15:00,2.92,3.1308621741888647
2018-07-12 04:30:00,2.92,3.0512322362117468
2018-07-12 04:45:00,3.28,3.0568097656965754
2018-07-12 05:00:00,3.49,3.03431194989779
2018-07-12 05:15:00,2.99,3.321562657890218
2018-07-12 05:30:00,2.92,3.349367707725793
2018-07-12 05:45:00,2.99,3.087458985961091
2018-07-12 06:00:00,2.95,3.0512322362117468
2018-07-12 06:15:00,2.92,3.048231678444854
2018-07-12 06:30:00,2.92,3.1102737431956164
2018-07-12 06:45:00,2.99,3.010274821498637
2018-07-12 07:00:00,3.02,3.141210902214067
2018-07-12 07:15:00,3.31,3.102525984220117
2018-07-12 07:30:00,3.82,3.250517709863263
2018-07-12 07:45:00,4.1,5.402785784015711
2018-07-12 08:00:00,37.04,30.116466414754676
2018-07-12 08:15:00,63.14,58.06135344256078
2018-07-12 08:30:00,66.49,60.9180673157852
2018-07-12 08:45:00,61.42,63.680086416552214
2018-07-12 09:00:00,67.61,67.62473725272851
2018-07-12 09:15:00,59.8,57.333522234522654
2018-07-12 09:30:00,70.13,61.26182914556096
2018-07-12 09:45:00,53.96,63.97826973159058
2018-07-12 10:00:00,63.86,68.54066134726969
2018-07-12 10:15:00,68.4,61.094958624419874
2018-07-12 10:30:00,57.42,61.60735989800553
2018-07-12 10:45:00,75.74,65.45628791135202
2018-07-12 11:00:00,58.82,61.999604381417505
2018-07-12 11:15:00,54.61,57.77007642727372
2018-07-12 11:30:00,68.26,63.295535996492966
2018-07-12 11:45:00,49.5,53.12788782851706
2018-07-12 12:00:00,4.36,9.196761992282294
2018-07-12 12:15:00,4.36,6.740922963623247
2018-07-12 12:30:00,4.39,4.195307272486853
2018-07-12 12:45:00,4.61,5.1730401923161615
2018-07-12 13:00:00,4.97,46.519857143398255
2018-07-12 13:15:00,6.48,62.46572439333645
2018-07-12 13:30:00,5.22,44.512677127829356
2018-07-12 13:45:00,4.75,32.654392668696
2018-07-12 14:00:00,39.53,35.84549870136062
2018-07-12 14:15:00,67.07,20.569301304504428
2018-07-12 14:30:00,45.22,60.86647335376649
2018-07-12 14:45:00,47.45,67.62350966314692
2018-07-12 15:00:00,54.86,51.271698966811066
2018-07-12 15:15:00,54.54,58.00666511994232
2018-07-12 15:30:00,48.13,59.86612009313934
2018-07-12 15:45:00,51.73,60.39336536746433
2018-07-12 16:00:00,57.46,53.24200337777975
2018-07-12 16:15:00,61.38,55.92348805343498
2018-07-12 16:30:00,48.92,55.56256621163233
2018-07-12 16:45:00,49.97,55.341030347517076
2018-07-12 17:00:00,62.93,49.98056637281824
2018-07-12 17:15:00,56.02,56.24605734223372
2018-07-12 17:30:00,31.86,30.82027571390476
2018-07-12 17:45:00,30.82,24.66014125845083
2018-07-12 18:00:00,51.95,38.44675941487524
2018-07-12 18:15:00,58.9,55.3179895893748
2018-07-12 18:30:00,56.92,60.63192632811187
2018-07-12 18:45:00,58.72,55.892781277429236
2018-07-12 19:00:00,49.39,54.58583012096611
2018-07-12 19:15:00,46.87,55.40182780984043
2018-07-12 19:30:00,47.27,54.27543057364766
2018-07-12 19:45:00,44.1,52.50038707904345
2018-07-12 20:00:00,48.89,47.123150896658515
2018-07-12 20:15:00,73.84,48.12891507730728
2018-07-12 20:30:00,49.32,37.258672087036224
2018-07-12 20:45:00,19.04,31.830776293998404
2018-07-12 21:00:00,7.99,3.042626306056012
2018-07-12 21:15:00,4.03,0.0
2018-07-12 21:30:00,3.64,6.040393164492466
2018-07-12 21:45:00,3.56,1.8644351621674882
2018-07-12 22:00:00,3.53,3.9554801108164463
2018-07-12 22:15:00,3.71,3.7091437443968944
2018-07-12 22:30:00,4.39,3.7999935192680536
2018-07-12 22:45:00,3.82,3.7640798701517095
2018-07-12 23:00:00,2.95,3.823940474454198
2018-07-12 23:15:00,2.66,3.3221476825232044
2018-07-12 23:30:00,2.7,3.049558881086268
2018-07-12 23:45:00,2.59,2.9256810635743142
2018-07-13 00:00:00,2.66,2.94197856465629
2018-07-13 00:15:00,2.81,2.856079614015142
2018-07-13 00:30:00,2.74,2.7310874808157384
2018-07-13 00:45:00,2.77,2.8488324576055706
2018-07-13 01:00:00,2.81,2.900902909087977
2018-07-13 01:15:00,2.81,3.6995076140729255
2018-07-13 01:30:00,2.74,2.906603959236137
2018-07-13 01:45:00,2.81,2.8746913424739486
2018-07-13 02:00:00,2.77,2.8801893711072437
2018-07-13 02:15:00,2.74,2.8746913424739486
2018-07-13 02:30:00,2.77,2.8801893711072437
2018-07-13 02:45:00,3.2,2.906603959236137
2018-07-13 03:00:00,3.2,2.8746913424739486
2018-07-13 03:15:00,2.81,3.1082659349485495
2018-07-13 03:30:00,2.84,3.1082659349485495
2018-07-13 03:45:00,2.88,2.8717619879883727
2018-07-13 04:00:00,2.84,2.8856664220098662
2018-07-13 04:15:00,2.84,2.918125250322788
2018-07-13 04:30:00,3.17,2.918984581280815
2018-07-13 04:45:00,3.28,2.894088121923635
2018-07-13 05:00:00,2.84,3.122170368970043
2018-07-13 05:15:00,2.84,3.183034529854383
2018-07-13 05:30:00,2.81,2.9218931717592103
2018-07-13 05:45:00,2.84,2.8856664220098662
2018-07-13 06:00:00,2.77,2.904205521775724
2018-07-13 06:15:00,2.74,2.909703550409019
2018-07-13 06:30:00,2.81,2.880168393376571
2018-07-13 06:45:00,2.77,2.8856664220098662
2018-07-13 07:00:00,2.81,2.9391303995089073
2018-07-13 07:15:00,3.2,2.9475520994226763
2018-07-13 07:30:00,3.38,3.113618170900968
2018-07-13 07:45:00,3.67,4.547258344413811
2018-07-13 08:00:00,29.95,39.38285455342624
2018-07-13 08:15:00,39.06,55.55439350746705
2018-07-13 08:30:00,46.91,56.01600872140649
2018-07-13 08:45:00,48.42,46.04496445277973
2018-07-13 09:00:00,49.07,50.129121548619594
2018-07-13 09:15:00,60.91,50.238269399693785
2018-07-13 09:30:00,65.52,53.491392103906605
2018-07-13 09:45:00,56.66,54.38080450331313
2018-07-13 10:00:00,55.19,60.074366611345354
2018-07-13 10:15:00,61.56,54.447894842208875
2018-07-13 10:30:00,51.01,61.32547971922182
2018-07-13 10:45:00,53.03,57.35078798415222
2018-07-13 11:00:00,57.78,57.08310478317859
2018-07-13 11:15:00,56.74,54.77671572678863
2018-07-13 11:30:00,47.45,52.626004757159265
2018-07-13 11:45:00,46.33,51.412008093525664
2018-07-13 12:00:00,6.73,6.96342979928765
2018-07-13 12:15:00,4.57,5.800289637870356
2018-07-13 12:30:00,4.86,7.977217911465459
2018-07-13 12:45:00,5.72,4.629688805449943
2018-07-13 13:00:00,34.78,40.34757805041966
2018-07-13 13:15:00,52.42,50.612628617897485
2018-07-13 13:30:00,58.75,60.743932453780296
2018-07-13 13:45:00,48.24,54.34384059624418
2018-07-13 14:00:00,51.84,54.207098317942574
2018-07-13 14:15:00,61.85,49.10839977108907
2018-07-13 14:30:00,47.27,55.61202495651641
2018-07-13 14:45:00,48.74,58.00748661303835
2018-07-13 15:00:00,53.24,46.182889860408615
2018-07-13 15:15:00,54.72,52.81667801885885
2018-07-13 15:30:00,57.31,55.8735935698295
2018-07-13 15:45:00,46.62,53.742274128668946
2018-07-13 16:00:00,48.35,51.281934661262476
2018-07-13 16:15:00,49.5,48.29214825932228
2018-07-13 16:30:00,54.83,55.153416683708855
2018-07-13 16:45:00,57.13,51.950828892542845
2018-07-13 17:00:00,58.14,54.56585003919612
2018-07-13 17:15:00,54.94,48.33065507416684
2018-07-13 17:30:00,30.89,26.42035215797266
2018-07-13 17:45:00,31.1,28.033962152233673
2018-07-13 18:00:00,34.88,38.22745912488655
2018-07-13 18:15:00,59.94,51.9694663179572
2018-07-13 18:30:00,57.56,39.81774325678211
2018-07-13 18:45:00,48.89,54.13800066002348
2018-07-13 19:00:00,46.87,49.85388467789676
2018-07-13 19:15:00,62.6,46.62601233224944
2018-07-13 19:30:00,55.44,50.548575099484886
2018-07-13 19:45:00,65.66,59.462456854409496
2018-07-13 20:00:00,57.6,52.60725677198806
2018-07-13 20:15:00,61.85,55.1159354904233
2018-07-13 20:30:00,46.84,47.425816504957886
2018-07-13 20:45:00,27.22,34.22071042898939
2018-07-13 21:00:00,20.45,6.97436550525406
2018-07-13 21:15:00,3.89,1.1631785268065493
2018-07-13 21:30:00,3.82,6.633146202113609
2018-07-13 21:45:00,3.78,2.6305362846679183
2018-07-13 22:00:00,3.74,4.353914020248584
2018-07-13 22:15:00,4.54,3.4023197125536253
2018-07-13 22:30:00,3.67,3.2805302529233
2018-07-13 22:45:00,3.2,4.0106949792241195
2018-07-13 23:00:00,2.7,3.2647108796326045
2018-07-13 23:15:00,2.74,3.2042053181855463
2018-07-13 23:30:00,2.66,3.0188093186640113
2018-07-13 23:45:00,2.77,2.975596676266761
2018-07-14 00:00:00,2.56,2.9810947049000562
2018-07-14 00:15:00,2.63,2.9771320716097085
2018-07-14 00:30:00,2.63,2.9738475484904847
2018-07-14 00:45:00,2.74,2.837432617350732
2018-07-14 01:00:00,2.66,2.900902909087977
2018-07-14 01:15:00,2.63,2.9064009377212723
2018-07-14 01:30:00,2.66,2.8886110710210127
2018-07-14 01:45:00,2.7,2.8801893711072437
2018-07-14 02:00:00,2.66,2.8746913424739486
2018-07-14 02:15:00,2.74,2.8746913424739486
2018-07-14 02:30:00,2.88,2.906603959236137
2018-07-14 02:45:00,3.24,2.8746913424739486
2018-07-14 03:00:00,2.77,2.8746913424739486
2018-07-14 03:15:00,2.84,3.153908417757257
2018-07-14 03:30:00,3.31,2.8927670596620843
2018-07-14 03:45:00,3.06,2.85654030991274
2018-07-14 04:00:00,2.74,3.1623148231454556
2018-07-14 04:15:00,2.74,2.9661556134326035
2018-07-14 04:30:00,2.74,2.8704447439342338
2018-07-14 04:45:00,2.74,2.8649467153009387
2018-07-14 05:00:00,2.74,2.8889838437000916
2018-07-14 05:15:00,2.84,2.8649467153009387
2018-07-14 05:30:00,2.7,2.8649467153009387
2018-07-14 05:45:00,2.7,2.8649467153009387
2018-07-14 06:00:00,2.7,2.8649467153009387
2018-07-14 06:15:00,2.7,2.8649467153009387
2018-07-14 06:30:00,2.7,2.8649467153009387
2018-07-14 06:45:00,2.7,2.8649467153009387
2018-07-14 07:00:00,2.66,2.9184106927999798
2018-07-14 07:15:00,2.77,2.8788664438480027
2018-07-14 07:30:00,3.74,2.965831823036366
2018-07-14 07:45:00,3.92,3.1634031848764224
2018-07-14 08:00:00,22.5,22.272047995572684
2018-07-14 08:15:00,35.89,46.85443631833668
2018-07-14 08:30:00,38.63,36.079431353335224
2018-07-14 08:45:00,37.33,38.55491754738811
2018-07-14 09:00:00,37.76,37.03444897135333
2018-07-14 09:15:00,37.73,37.89825995549897
2018-07-14 09:30:00,37.08,36.17167347006593
2018-07-14 09:45:00,39.13,37.437631639152336
2018-07-14 10:00:00,37.84,36.54116398270064
2018-07-14 10:15:00,38.3,37.136049528783126
2018-07-14 10:30:00,36.04,35.71330309706274
2018-07-14 10:45:00,37.48,39.23365678716021
2018-07-14 11:00:00,38.05,35.16269739819535
2018-07-14 11:15:00,35.68,35.76379665325772
2018-07-14 11:30:00,38.16,34.88251674232211
2018-07-14 11:45:00,24.59,29.323613016861845
2018-07-14 12:00:00,3.71,4.556231423183743
2018-07-14 12:15:00,4.32,4.50596668485102
2018-07-14 12:30:00,3.89,3.887266934109818
2018-07-14 12:45:00,3.42,6.460814453067589
2018-07-14 13:00:00,22.03,12.317777985630753
2018-07-14 13:15:00,36.76,24.674457791263894
2018-07-14 13:30:00,34.96,46.39893108985513
2018-07-14 13:45:00,36.83,45.54235342182433
2018-07-14 14:00:00,35.86,37.80409316648744
2018-07-14 14:15:00,33.84,36.6638808092227
2018-07-14 14:30:00,70.2,35.08219069689071
2018-07-14 14:45:00,77.18,35.119704023401184
2018-07-14 15:00:00,73.26,61.33066329548095
2018-07-14 15:15:00,76.28,70.18441442894922
2018-07-14 15:30:00,84.28,68.1814553555188
2018-07-14 15:45:00,61.56,71.7320245721451
2018-07-14 16:00:00,57.46,63.228367482423266
2018-07-14 16:15:00,84.49,55.55074923131368
2018-07-14 16:30:00,71.96,48.14591102957576
2018-07-14 16:45:00,40.1,50.33649051153432
2018-07-14 17:00:00,25.99,41.29908734326076
2018-07-14 17:15:00,24.84,27.421129447828143
2018-07-14 17:30:00,26.1,11.331339670906424
2018-07-14 17:45:00,24.3,15.482525776411896
2018-07-14 18:00:00,5.47,24.21871865773451
2018-07-14 18:15:00,2.99,22.484733829942083
2018-07-14 18:30:00,2.88,6.005716077618136
2018-07-14 18:45:00,2.95,4.071813843612234
2018-07-14 19:00:00,2.92,1.310039626123889
2018-07-14 19:15:00,3.28,1.5530317239521843
2018-07-14 19:30:00,3.31,2.697698353701208
2018-07-14 19:45:00,2.92,2.069776855003679
2018-07-14 20:00:00,2.92,2.7357217529846856
2018-07-14 20:15:00,2.95,2.6540267072961723
2018-07-14 20:30:00,2.92,1.7495444007493322
2018-07-14 20:45:00,2.99,2.965822144774552
2018-07-14 21:00:00,2.99,3.3411661515162248
2018-07-14 21:15:00,3.02,3.020993065603474
2018-07-14 21:30:00,3.56,3.020993065603474
2018-07-14 21:45:00,3.64,3.020993065603474
2018-07-14 22:00:00,3.06,3.285185717700218
2018-07-14 22:15:00,2.92,3.3461205153651017
2018-07-14 22:30:00,2.81,3.0095083014265755
2018-07-14 22:45:00,2.81,2.8450823641183494
2018-07-14 23:00:00,2.77,2.8552160617460784
2018-07-14 23:15:00,2.81,2.880766028841461
2018-07-14 23:30:00,2.77,2.9025458558009496
2018-07-14 23:45:00,2.92,2.8970478271676545
2018-07-15 00:00:00,2.84,2.8490818783019085
2018-07-15 00:15:00,2.84,2.8435838496686134
2018-07-15 00:30:00,2.84,2.8435838496686134
2018-07-15 00:45:00,2.84,2.8435838496686134
2018-07-15 01:00:00,3.17,2.8180338825732307
2018-07-15 01:15:00,3.38,2.8180338825732307
2018-07-15 01:30:00,2.92,3.074826351284676
2018-07-15 01:45:00,2.84,3.135690512169016
2018-07-15 02:00:00,2.84,2.896476815890545
2018-07-15 02:15:00,2.88,2.871497860072272
2018-07-15 02:30:00,3.35,2.832718245947293
2018-07-15 02:45:00,3.1,2.864568826771169
2018-07-15 03:00:00,2.95,3.112600573145483
2018-07-15 03:15:00,2.92,2.944760876662365
2018-07-15 03:30:00,2.84,2.8533468275110634
2018-07-15 03:45:00,2.84,2.8533468275110634
2018-07-15 04:00:00,2.81,2.885790361298415
2018-07-15 04:15:00,2.84,2.861753232899262
2018-07-15 04:30:00,2.84,2.867251261532557
2018-07-15 04:45:00,2.92,2.861753232899262
2018-07-15 05:00:00,2.81,2.861753232899262
2018-07-15 05:15:00,2.77,2.915217210398303
2018-07-15 05:30:00,2.81,2.915217210398303
2018-07-15 05:45:00,2.81,2.861753232899262
2018-07-15 06:00:00,2.81,2.861753232899262
2018-07-15 06:15:00,2.81,2.867251261532557
2018-07-15 06:30:00,4.28,2.861753232899262
2018-07-15 06:45:00,3.2,2.915217210398303
2018-07-15 07:00:00,2.74,3.5047252622018
2018-07-15 07:15:00,2.74,2.9694458582061793
2018-07-15 07:30:00,3.67,3.3772470001519
2018-07-15 07:45:00,8.86,2.889598055219971
2018-07-15 08:00:00,56.88,28.548636835762156
2018-07-15 08:15:00,90.68,63.57561928618822
2018-07-15 08:30:00,71.75,63.6622969611936
2018-07-15 08:45:00,111.92,86.2148077027254
2018-07-15 09:00:00,86.65,69.86415903752332
2018-07-15 09:15:00,82.66,77.59941029128575
2018-07-15 09:30:00,101.05,78.4872792413183
2018-07-15 09:45:00,77.62,64.75041669563373
2018-07-15 10:00:00,108.47,84.53644467796207
2018-07-15 10:15:00,98.57,72.79182555009952
2018-07-15 10:30:00,80.46,78.9352902300184
2018-07-15 10:45:00,107.71,89.15653944465781
2018-07-15 11:00:00,78.66,84.47271998162387
2018-07-15 11:15:00,90.14,90.57516760602618
2018-07-15 11:30:00,87.3,92.05779547417097
2018-07-15 11:45:00,35.06,80.98930178942294
2018-07-15 12:00:00,5.58,16.568721383373738
2018-07-15 12:15:00,4.5,9.305979175081957
2018-07-15 12:30:00,4.28,3.5041533322942198
2018-07-15 12:45:00,4.18,6.593810459105116
2018-07-15 13:00:00,48.92,64.01973928263085
2018-07-15 13:15:00,97.6,54.1288563232882
2018-07-15 13:30:00,88.88,65.62192945232677
2018-07-15 13:45:00,94.86,83.0237192996673
2018-07-15 14:00:00,99.86,87.87717263216427
2018-07-15 14:15:00,88.34,83.57937125249946
2018-07-15 14:30:00,95.72,88.73124935413847
2018-07-15 14:45:00,99.61,88.63863666298379
2018-07-15 15:00:00,85.93,85.25489477034144
2018-07-15 15:15:00,96.91,95.99039332401472
2018-07-15 15:30:00,98.06,89.16406879225178
2018-07-15 15:45:00,88.27,87.8578457119712
2018-07-15 16:00:00,97.85,93.68349693730774
2018-07-15 16:15:00,84.6,81.85229327730353
2018-07-15 16:30:00,91.04,84.76649254915742
2018-07-15 16:45:00,49.54,67.11555889414562
2018-07-15 17:00:00,26.89,63.647547532406385
2018-07-15 17:15:00,26.06,23.202367085617393
2018-07-15 17:30:00,25.56,7.5325345500713405
2018-07-15 17:45:00,25.31,17.452355649848318
2018-07-15 18:00:00,37.73,14.261764759405203
2018-07-15 18:15:00,42.05,22.92416592630284
2018-07-15 18:30:00,39.46,38.927781673873625
2018-07-15 18:45:00,44.53,36.73322526810833
2018-07-15 19:00:00,45.79,32.35020540468907
2018-07-15 19:15:00,47.45,35.231619726193294
2018-07-15 19:30:00,44.5,40.16177837868121
2018-07-15 19:45:00,44.71,45.572118716328255
2018-07-15 20:00:00,44.35,39.117453033160636
2018-07-15 20:15:00,44.28,40.67165841050577
2018-07-15 20:30:00,44.03,35.44666127948697
2018-07-15 20:45:00,11.63,28.14835892792774
2018-07-15 21:00:00,6.3,21.546177457845314
2018-07-15 21:15:00,3.78,4.45897979643168
2018-07-15 21:30:00,3.67,3.679579101677633
2018-07-15 21:45:00,3.85,3.273572660222191
2018-07-15 22:00:00,4.72,3.933817592332068
2018-07-15 22:15:00,3.78,3.6251762395180904
2018-07-15 22:30:00,3.46,4.081710134932593
2018-07-15 22:45:00,3.49,3.764823299276018
2018-07-15 23:00:00,2.77,3.5112955573275326
2018-07-15 23:15:00,2.84,3.567534920714311
2018-07-15 23:30:00,2.81,3.061256053194778
2018-07-15 23:45:00,2.92,3.09220389519206
2018-07-16 00:00:00,2.92,3.100264942213787
2018-07-16 00:15:00,2.92,3.1116647824686257
2018-07-16 00:30:00,2.88,3.087115974182672
2018-07-16 00:45:00,2.88,3.087115974182672
2018-07-16 01:00:00,2.88,3.0731090151925384
2018-07-16 01:15:00,2.92,3.078810065340698
2018-07-16 01:30:00,2.88,3.04689744857851
2018-07-16 01:45:00,2.95,3.04689744857851
2018-07-16 02:00:00,2.99,3.04689744857851
2018-07-16 02:15:00,2.95,3.078810065340698
2018-07-16 02:30:00,3.42,3.04689744857851
2018-07-16 02:45:00,2.99,3.04689744857851
2018-07-16 03:00:00,2.92,3.335966110517467
2018-07-16 03:15:00,2.99,3.118625699159454
2018-07-16 03:30:00,2.88,3.08239894941011
2018-07-16 03:45:00,2.84,3.1381586933500962
2018-07-16 04:00:00,3.42,3.2602094870334204
2018-07-16 04:15:00,3.06,3.208176514202187
2018-07-16 04:30:00,2.88,3.505544622046704
2018-07-16 04:45:00,2.92,3.270569224429608
2018-07-16 05:00:00,2.81,3.208176514202187
2018-07-16 05:15:00,2.77,3.208176514202187
2018-07-16 05:30:00,2.81,3.2547114584001253
2018-07-16 05:45:00,2.81,3.208176514202187
2018-07-16 06:00:00,2.92,3.208176514202187
2018-07-16 06:15:00,3.35,3.208176514202187
2018-07-16 06:30:00,2.77,4.510810110221435
2018-07-16 06:45:00,2.77,3.3666915793190815
2018-07-16 07:00:00,2.81,3.32187536716792
2018-07-16 07:15:00,3.28,3.285648617418576
2018-07-16 07:30:00,3.6,4.014898311655809
2018-07-16 07:45:00,5.26,6.160998597884753
2018-07-16 08:00:00,63.25,35.1548400186746
2018-07-16 08:15:00,88.49,73.8488880491997
2018-07-16 08:30:00,94.21,82.7226986262144
2018-07-16 08:45:00,89.21,93.67580555622547
2018-07-16 09:00:00,97.81,82.51419380641354
2018-07-16 09:15:00,94.82,75.98048157021721
2018-07-16 09:30:00,77.9,73.69505511858029
2018-07-16 09:45:00,91.37,87.10069971133936
2018-07-16 10:00:00,101.27,82.90959286267852
2018-07-16 10:15:00,88.42,72.7190639772378
2018-07-16 10:30:00,55.33,90.50774680185896
2018-07-16 10:45:00,66.6,80.72614600122911
2018-07-16 11:00:00,47.92,70.12434359757566
2018-07-16 11:15:00,53.39,55.77466038934503
2018-07-16 11:30:00,75.71,59.372846229637716
2018-07-16 11:45:00,52.6,55.86118586581047
2018-07-16 12:00:00,5.69,15.396882805235068
2018-07-16 12:15:00,5.54,9.093050525697597
2018-07-16 12:30:00,5.36,5.391397993645734
2018-07-16 12:45:00,6.16,6.505211956565281
2018-07-16 13:00:00,30.92,50.02645249630393
2018-07-16 13:15:00,71.35,69.20478809468327
2018-07-16 13:30:00,52.13,61.306471601650514
2018-07-16 13:45:00,50.47,78.63155179911205
2018-07-16 14:00:00,55.76,63.24687418207716
2018-07-16 14:15:00,62.5,59.50343065952194
2018-07-16 14:30:00,57.6,55.75492205140414
2018-07-16 14:45:00,65.81,63.00288781707427
2018-07-16 15:00:00,66.71,55.7394500590838
2018-07-16 15:15:00,60.05,60.76702320984073
2018-07-16 15:30:00,59.76,64.0072457893954
2018-07-16 15:45:00,64.15,62.75343220774088
2018-07-16 16:00:00,67.18,62.652222218424725
2018-07-16 16:15:00,65.3,61.5576976677375
2018-07-16 16:30:00,69.01,66.1339858919094
2018-07-16 16:45:00,67.07,63.19447623722917
2018-07-16 17:00:00,61.38,60.00455603121301
2018-07-16 17:15:00,56.02,57.95041112200876
2018-07-16 17:30:00,29.88,31.217147942406793
2018-07-16 17:45:00,31.21,25.80790965513331
2018-07-16 18:00:00,36.47,39.37136550035123
2018-07-16 18:15:00,46.48,55.74375784602497
2018-07-16 18:30:00,54.5,47.58107958034294
2018-07-16 18:45:00,56.16,51.80310714618089
2018-07-16 19:00:00,63.11,56.60753705040579
2018-07-16 19:15:00,61.85,59.83459324532109
2018-07-16 19:30:00,58.18,59.41574268812862
2018-07-16 19:45:00,55.01,61.48861265516278
2018-07-16 20:00:00,51.05,61.61592709148064
2018-07-16 20:15:00,49.46,60.85562777859152
2018-07-16 20:30:00,44.06,50.35938414856884
2018-07-16 20:45:00,23.0,37.34134791477342
2018-07-16 21:00:00,4.9,13.80103153954033
2018-07-16 21:15:00,4.18,4.2371571263049335
2018-07-16 21:30:00,3.82,3.7975400879849457
2018-07-16 21:45:00,3.82,3.8260348424700776
2018-07-16 22:00:00,3.71,4.2776257656157455
2018-07-16 22:15:00,3.64,3.928269262145318
2018-07-16 22:30:00,3.64,3.630359543738873
2018-07-16 22:45:00,3.53,3.677897383896408
2018-07-16 23:00:00,3.53,3.4680100238118348
2018-07-16 23:15:00,3.89,3.49131555860215
2018-07-16 23:30:00,3.46,3.4695209004647536
2018-07-16 23:45:00,2.66,3.4695209004647536
2018-07-17 00:00:00,2.95,3.4878486606049486
2018-07-17 00:15:00,2.92,3.225900440813272
2018-07-17 00:30:00,2.95,3.073661961805017
2018-07-17 00:45:00,2.95,3.124090730987277
2018-07-17 01:00:00,2.99,3.128618954505581
2018-07-17 01:15:00,2.99,3.097137825480893
2018-07-17 01:30:00,3.02,3.097137825480893
2018-07-17 01:45:00,2.95,3.070723237352
2018-07-17 02:00:00,2.99,3.070723237352
2018-07-17 02:15:00,2.95,3.065225208718705
2018-07-17 02:30:00,2.99,3.065225208718705
2018-07-17 02:45:00,3.49,3.065225208718705
2018-07-17 03:00:00,3.42,3.065225208718705
2018-07-17 03:15:00,2.92,3.413127939576687
2018-07-17 03:30:00,2.95,3.4903121040391407
2018-07-17 03:45:00,2.88,3.24870374013461
2018-07-17 04:00:00,2.95,3.215352367849266
2018-07-17 04:15:00,2.92,3.2209298973340945
2018-07-17 04:30:00,2.95,3.2209298973340945
2018-07-17 04:45:00,3.13,3.174394953136156
2018-07-17 05:00:00,3.49,3.1798929817694512
2018-07-17 05:15:00,2.99,3.2295822525381137
2018-07-17 05:30:00,2.92,3.471763060980673
2018-07-17 05:45:00,2.92,3.2558117082227738
2018-07-17 06:00:00,2.95,3.174394953136156
2018-07-17 06:15:00,2.92,3.198432081535309
2018-07-17 06:30:00,2.88,3.2209298973340945
2018-07-17 06:45:00,2.88,3.174394953136156
2018-07-17 07:00:00,2.99,3.319009499740636
2018-07-17 07:15:00,3.17,3.324507528373931
2018-07-17 07:30:00,3.24,3.484457502918915
2018-07-17 07:45:00,3.49,5.048210721665112
2018-07-17 08:00:00,32.83,37.05484130517923
2018-07-17 08:15:00,47.38,56.045447826317364
2018-07-17 08:30:00,67.75,59.3934707030262
2018-07-17 08:45:00,67.86,56.272257283406276
2018-07-17 09:00:00,58.64,66.30752641809165
2018-07-17 09:15:00,82.3,66.34624029232235
2018-07-17 09:30:00,60.91,59.020094062809065
2018-07-17 09:45:00,66.56,57.93070101860848
2018-07-17 10:00:00,50.0,57.42541300768174
2018-07-17 10:15:00,52.2,57.55399732568443
2018-07-17 10:30:00,49.79,58.21664160820042
2018-07-17 10:45:00,47.38,62.098713075258225
2018-07-17 11:00:00,54.0,60.42104827190176
2018-07-17 11:15:00,66.42,55.57410358435555
2018-07-17 11:30:00,54.72,58.11010569178679
2018-07-17 11:45:00,69.73,60.797208807888616
2018-07-17 12:00:00,8.39,7.671300790663019
2018-07-17 12:15:00,4.86,2.674778985199195
2018-07-17 12:30:00,4.46,3.421444413785614
2018-07-17 12:45:00,4.25,5.500648427663182
2018-07-17 13:00:00,26.46,37.091136086278546
2018-07-17 13:15:00,59.62,73.7690188781969
2018-07-17 13:30:00,80.82,49.18734660343703
2018-07-17 13:45:00,96.62,62.36668383276981
2018-07-17 14:00:00,79.74,74.54291390250361
2018-07-17 14:15:00,104.94,83.3562303914165
2018-07-17 14:30:00,94.54,87.72416435295715
2018-07-17 14:45:00,71.35,88.66235525659778
2018-07-17 15:00:00,71.6,90.11017608878406
2018-07-17 15:15:00,72.97,94.74172297949092
2018-07-17 15:30:00,104.58,82.91856629327167
2018-07-17 15:45:00,78.55,67.44425418305573
2018-07-17 16:00:00,108.4,81.92999907924565
2018-07-17 16:15:00,100.55,82.29902948132947
2018-07-17 16:30:00,88.45,83.40368917537114
2018-07-17 16:45:00,104.26,92.13448815454714
2018-07-17 17:00:00,76.61,93.71924687358496
2018-07-17 17:15:00,60.05,100.36749206080235
2018-07-17 17:30:00,32.44,58.38296422157509
2018-07-17 17:45:00,32.29,28.990116434788927
2018-07-17 18:00:00,45.79,57.91005835556986
2018-07-17 18:15:00,91.04,80.09509318571722
2018-07-17 18:30:00,87.05,71.9909880761805
2018-07-17 18:45:00,60.48,94.14241539753843
2018-07-17 19:00:00,46.8,87.51072479799916
2018-07-17 19:15:00,55.48,69.08663082628799
2018-07-17 19:30:00,44.89,63.35891497342268
2018-07-17 19:45:00,57.17,65.41467850025262
2018-07-17 20:00:00,37.48,57.65560815340164
2018-07-17 20:15:00,55.76,60.51568048746761
2018-07-17 20:30:00,36.47,41.614397491903105
2018-07-17 20:45:00,9.86,23.235411004326785
2018-07-17 21:00:00,6.62,17.170620679533908
2018-07-17 21:15:00,3.78,6.655446920660783
2018-07-17 21:30:00,3.85,6.655642048030506
2018-07-17 21:45:00,3.85,4.32030651240246
2018-07-17 22:00:00,3.74,4.043268337704515
2018-07-17 22:15:00,3.67,3.7606633414993524
2018-07-17 22:30:00,3.53,3.7595660973574114
2018-07-17 22:45:00,2.81,3.654406349244038
2018-07-17 23:00:00,2.74,3.562083582711668
2018-07-17 23:15:00,2.7,3.3234408977103067
2018-07-17 23:30:00,2.66,3.198677052689931
2018-07-17 23:45:00,3.38,3.118592702353982
2018-07-18 00:00:00,2.7,3.1716285711448124
2018-07-18 00:15:00,2.74,3.3866774231581553
2018-07-18 00:30:00,2.74,3.183458558931971
2018-07-18 00:45:00,2.7,3.122484771061411
2018-07-18 01:00:00,2.7,3.0969348039660285
2018-07-18 01:15:00,2.7,3.1343200046537407
2018-07-18 01:30:00,2.77,3.065225208718705
2018-07-18 01:45:00,3.24,3.065225208718705
2018-07-18 02:00:00,3.42,3.065225208718705
2018-07-18 02:15:00,2.92,3.329417860815449
2018-07-18 02:30:00,2.88,3.3543968166337224
2018-07-18 02:45:00,2.88,3.101451958468049
2018-07-18 03:00:00,2.92,2.998082765330614
2018-07-18 03:15:00,2.81,3.072654516743232
2018-07-18 03:30:00,2.88,3.0951523325420176
2018-07-18 03:45:00,3.02,3.1043771322840654
2018-07-18 04:00:00,3.35,3.241537396524247
2018-07-18 04:15:00,2.84,3.1798929817694512
2018-07-18 04:30:00,2.81,3.471763060980673
2018-07-18 04:45:00,2.77,3.2106217028855
2018-07-18 05:00:00,2.81,3.174394953136156
2018-07-18 05:15:00,2.77,3.174394953136156
2018-07-18 05:30:00,2.74,3.198432081535309
2018-07-18 05:45:00,2.7,3.174394953136156
2018-07-18 06:00:00,2.74,3.241537396524247
2018-07-18 06:15:00,2.74,3.241537396524247
2018-07-18 06:30:00,2.77,3.1798929817694512
2018-07-18 06:45:00,2.66,3.174394953136156
2018-07-18 07:00:00,2.66,3.251867056352545
2018-07-18 07:15:00,2.99,3.251867056352545
2018-07-18 07:30:00,3.31,3.347254135454677
2018-07-18 07:45:00,3.82,4.2497382122146625
2018-07-18 08:00:00,29.74,29.2194424344205
2018-07-18 08:15:00,43.31,62.888119955615075
2018-07-18 08:30:00,49.68,51.6516858005168
2018-07-18 08:45:00,47.52,50.01251479890188
2018-07-18 09:00:00,55.94,59.684761402655745
2018-07-18 09:15:00,50.11,54.38477924766761
2018-07-18 09:30:00,45.61,58.56368433650968
2018-07-18 09:45:00,50.83,55.508950664560885
2018-07-18 10:00:00,44.75,54.56209692261964
2018-07-18 10:15:00,50.94,57.365488263647485
2018-07-18 10:30:00,64.15,53.91811026749366
2018-07-18 10:45:00,76.1,60.8731062683644
2018-07-18 11:00:00,51.34,64.57256299711148
2018-07-18 11:15:00,51.37,71.73840127499005
2018-07-18 11:30:00,55.04,64.99786351825551
2018-07-18 11:45:00,47.59,55.18056478938381
2018-07-18 12:00:00,29.45,9.678329452519352
2018-07-18 12:15:00,30.92,8.898217744661688
2018-07-18 12:30:00,29.16,16.197753238733394
2018-07-18 12:45:00,29.45,31.943254328654216
2018-07-18 13:00:00,44.89,38.33734695641095
2018-07-18 13:15:00,73.87,48.030660627139056
2018-07-18 13:30:00,59.8,57.52749537176758
2018-07-18 13:45:00,66.96,71.75406289925806
2018-07-18 14:00:00,62.57,61.00017834635224
2018-07-18 14:15:00,54.07,64.49836450512502
2018-07-18 14:30:00,60.48,68.88631379270342
2018-07-18 14:45:00,56.99,63.25683931277273
2018-07-18 15:00:00,48.38,54.64958861121
2018-07-18 15:15:00,52.49,57.15733465297774
2018-07-18 15:30:00,59.18,55.678482668735825
2018-07-18 15:45:00,60.59,58.46423639466343
2018-07-18 16:00:00,61.96,55.9870671650723
2018-07-18 16:15:00,61.45,55.85825055339534
2018-07-18 16:30:00,61.99,60.878249435570304
2018-07-18 16:45:00,53.17,57.57826978878915
2018-07-18 17:00:00,50.51,57.963883030908676
2018-07-18 17:15:00,60.3,47.49478793371221
2018-07-18 17:30:00,60.34,29.489066259257648
2018-07-18 17:45:00,53.32,26.58334693691456
2018-07-18 18:00:00,5.83,39.53417438707394
2018-07-18 18:15:00,3.78,37.575210654652246
2018-07-18 18:30:00,3.42,1.6158974277217566
2018-07-18 18:45:00,3.38,7.199145695082213
2018-07-18 19:00:00,3.42,10.288247459169163
2018-07-18 19:15:00,3.42,9.768965392329687
2018-07-18 19:30:00,3.42,3.2160587374745644
2018-07-18 19:45:00,3.28,5.4873836127179345
2018-07-18 20:00:00,2.81,3.799911434702857
2018-07-18 20:15:00,2.77,2.8645260444577345
2018-07-18 20:30:00,2.77,2.7372092443131457
2018-07-18 20:45:00,2.84,2.9740383181530143
2018-07-18 21:00:00,2.92,2.4341610191974654
2018-07-18 21:15:00,2.88,3.1978046913075366
2018-07-18 21:30:00,2.95,3.1018953362167676
2018-07-18 21:45:00,3.28,3.1018953362167676
2018-07-18 22:00:00,3.28,3.1018953362167676
2018-07-18 22:15:00,2.81,3.3737965596423893
2018-07-18 22:30:00,2.84,3.3668628986984745
2018-07-18 22:45:00,2.81,2.970105576812761
2018-07-18 23:00:00,2.81,2.9396285923611924
2018-07-18 23:15:00,2.7,2.9798629228306375
2018-07-18 23:30:00,2.77,2.9798629228306375
2018-07-18 23:45:00,3.42,2.965178559456575
2018-07-19 00:00:00,2.99,2.9706765880898702
2018-07-19 00:15:00,2.84,3.175907234054278
2018-07-19 00:30:00,2.77,2.9366935377758074
2018-07-19 00:45:00,2.81,2.911714581957534
2018-07-19 01:00:00,2.81,2.8861646148621514
2018-07-19 01:15:00,3.1,2.923346794034999
2018-07-19 01:30:00,2.95,2.8861646148621514
2018-07-19 01:45:00,3.02,2.9230498504532516
2018-07-19 02:00:00,2.99,2.9396285923611924
2018-07-19 02:15:00,2.99,2.9396285923611924
2018-07-19 02:30:00,3.02,2.8861646148621514
2018-07-19 02:45:00,2.92,2.8861646148621514
2018-07-19 03:00:00,2.95,2.8861646148621514
2018-07-19 03:15:00,3.46,2.9421972665089116
2018-07-19 03:30:00,3.38,2.9366992378756165
2018-07-19 03:45:00,2.74,3.2898270896601196
2018-07-19 04:00:00,2.77,3.4904930524737052
2018-07-19 04:15:00,3.17,3.0987035524170374
2018-07-19 04:30:00,2.99,3.0624768026676934
2018-07-19 04:45:00,2.81,3.3510137224591037
2018-07-19 05:00:00,2.7,3.114509775498927
2018-07-19 05:15:00,2.7,3.0624768026676934
2018-07-19 05:30:00,2.7,3.1159407801667345
2018-07-19 05:45:00,2.7,3.0865139310668464
2018-07-19 06:00:00,2.7,3.1159407801667345
2018-07-19 06:15:00,2.7,3.0624768026676934
2018-07-19 06:30:00,2.59,3.0624768026676934
2018-07-19 06:45:00,2.7,3.1159407801667345
2018-07-19 07:00:00,2.81,3.1399489058840824
2018-07-19 07:15:00,3.24,3.1454469345173774
2018-07-19 07:30:00,3.6,3.3027196910323195
2018-07-19 07:45:00,5.33,6.114379642628526
2018-07-19 08:00:00,46.44,32.51079997425365
2018-07-19 08:15:00,52.81,66.25053261814301
2018-07-19 08:30:00,65.27,63.3581122939281
2018-07-19 08:45:00,71.24,59.119635579209906
2018-07-19 09:00:00,72.5,62.48215440830666
2018-07-19 09:15:00,59.58,63.24131095803494
2018-07-19 09:30:00,52.31,62.20073583324514
2018-07-19 09:45:00,47.45,55.05081290412428
2018-07-19 10:00:00,54.5,64.23401604887565
2018-07-19 10:15:00,62.24,66.39280790106655
2018-07-19 10:30:00,54.04,62.12789749004128
2018-07-19 10:45:00,56.92,61.98692452258128
2018-07-19 11:00:00,70.78,61.5410660798387
2018-07-19 11:15:00,88.81,58.7670671192216
2018-07-19 11:30:00,100.3,59.866810081833556
2018-07-19 11:45:00,91.44,85.5354421894488
2018-07-19 12:00:00,7.06,24.652769547955874
2018-07-19 12:15:00,15.55,15.265388165864497
2018-07-19 12:30:00,23.33,13.488793641144353
2018-07-19 12:45:00,26.32,13.166051320610284
2018-07-19 13:00:00,48.64,50.305050880525556
2018-07-19 13:15:00,67.21,57.129551873648204
2018-07-19 13:30:00,94.61,54.385584116189214
2018-07-19 13:45:00,75.28,63.10794877149424
2018-07-19 14:00:00,71.82,74.18594949148019
2018-07-19 14:15:00,97.85,87.46545050784304
2018-07-19 14:30:00,106.27,71.19502664771112
2018-07-19 14:45:00,83.95,85.53921234820518
2018-07-19 15:00:00,75.96,100.8241209198342
2018-07-19 15:15:00,79.38,87.30290956463283
2018-07-19 15:30:00,83.77,75.9555799962075
2018-07-19 15:45:00,78.73,81.29135674486798
2018-07-19 16:00:00,111.42,77.38376532481985
2018-07-19 16:15:00,85.5,67.99678468431522
2018-07-19 16:30:00,90.9,93.37295104102611
2018-07-19 16:45:00,95.76,90.92070637915037
2018-07-19 17:00:00,70.2,82.50117135431225
2018-07-19 17:15:00,96.55,86.94837833017614
2018-07-19 17:30:00,31.68,57.57892838565768
2018-07-19 17:45:00,31.64,47.397241058731574
2018-07-19 18:00:00,55.76,60.67097682385899
2018-07-19 18:15:00,82.66,82.37252381185493
2018-07-19 18:30:00,99.14,71.84323797892696
2018-07-19 18:45:00,69.8,89.8602191138232
2018-07-19 19:00:00,51.44,80.57920120176485
2018-07-19 19:15:00,66.13,82.42473919884442
2018-07-19 19:30:00,65.7,71.27249490693102
2018-07-19 19:45:00,59.22,73.36028345065785
2018-07-19 20:00:00,52.38,79.65065718659987
2018-07-19 20:15:00,51.98,67.54932254352386
2018-07-19 20:30:00,63.22,59.68935747400547
2018-07-19 20:45:00,47.66,34.343246430178354
2018-07-19 21:00:00,40.61,20.710024317829873
2018-07-19 21:15:00,40.28,21.425395256194047
2018-07-19 21:30:00,35.71,33.0923711285413
2018-07-19 21:45:00,33.48,31.038233084893033
2018-07-19 22:00:00,11.84,21.64235947053654
2018-07-19 22:15:00,3.82,23.800413837205262
2018-07-19 22:30:00,3.6,8.181166497746993
2018-07-19 22:45:00,3.53,6.312212761263785
2018-07-19 23:00:00,4.5,3.937021959671388
2018-07-19 23:15:00,3.82,3.7657603195994414
2018-07-19 23:30:00,3.38,4.318275797085259
2018-07-19 23:45:00,3.6,3.8973513387039733
2018-07-20 00:00:00,3.38,3.476226066423707
2018-07-20 00:15:00,2.84,3.514713510268145
2018-07-20 00:30:00,2.81,3.365997392088588
2018-07-20 00:45:00,2.77,3.0885086638055066
2018-07-20 01:00:00,2.88,2.899212244648155
2018-07-20 01:15:00,2.88,3.102521776237642
2018-07-20 01:30:00,2.84,3.0911219359828035
2018-07-20 01:45:00,2.88,2.975083535449668
2018-07-20 02:00:00,2.81,2.975083535449668
2018-07-20 02:15:00,2.84,2.975083535449668
2018-07-20 02:30:00,2.88,2.9488719688356393
2018-07-20 02:45:00,2.84,3.0333383729234877
2018-07-20 03:00:00,2.92,3.0333383729234877
2018-07-20 03:15:00,2.92,3.115785612699141
2018-07-20 03:30:00,2.81,3.083872995936953
2018-07-20 03:45:00,2.74,3.083872995936953
2018-07-20 04:00:00,2.77,3.0922794013251513
2018-07-20 04:15:00,3.28,3.0922794013251513
2018-07-20 04:30:00,4.21,3.0251369579370606
2018-07-20 04:45:00,2.81,3.3280030944148726
2018-07-20 05:00:00,2.77,3.7240367313570677
2018-07-20 05:15:00,2.77,3.1023211223995144
2018-07-20 05:30:00,2.77,3.666224554112499
2018-07-20 05:45:00,2.81,2.964707682248365
2018-07-20 06:00:00,2.81,2.9872054980471505
2018-07-20 06:15:00,2.81,2.940670553849212
2018-07-20 06:30:00,2.7,2.940670553849212
2018-07-20 06:45:00,2.74,2.940670553849212
2018-07-20 07:00:00,2.7,2.940670553849212
2018-07-20 07:15:00,3.2,2.940670553849212
2018-07-20 07:30:00,3.24,3.164839300501813
2018-07-20 07:45:00,3.78,4.32772393744121
2018-07-20 08:00:00,31.57,31.483751064780698
2018-07-20 08:15:00,47.88,53.96560001698862
2018-07-20 08:30:00,51.52,55.06544923229326
2018-07-20 08:45:00,64.3,58.65412369459754
2018-07-20 09:00:00,59.44,61.1043455120983
2018-07-20 09:15:00,57.71,62.83405715430776
2018-07-20 09:30:00,52.7,56.76360141862889
2018-07-20 09:45:00,53.5,55.07121026398402
2018-07-20 10:00:00,47.12,59.16461096391722
2018-07-20 10:15:00,63.58,62.013072032650534
2018-07-20 10:30:00,54.65,56.54184372484813
2018-07-20 10:45:00,61.38,64.30787762813266
2018-07-20 11:00:00,61.7,62.404225901622006
2018-07-20 11:15:00,63.83,55.38744699724951
2018-07-20 11:30:00,60.3,53.76485474434059
2018-07-20 11:45:00,57.38,59.62458089323492
2018-07-20 12:00:00,6.88,11.71643755681316
2018-07-20 12:15:00,5.33,8.79814738597242
2018-07-20 12:30:00,4.39,7.716519974669589
2018-07-20 12:45:00,4.28,6.993070014981936
2018-07-20 13:00:00,30.38,37.32682423585454
2018-07-20 13:15:00,61.34,67.55089678662513
2018-07-20 13:30:00,61.49,57.32097316263174
2018-07-20 13:45:00,59.33,63.13252929294327
2018-07-20 14:00:00,50.65,67.09350804716505
2018-07-20 14:15:00,54.43,56.225357806531505
2018-07-20 14:30:00,60.01,58.80631263738396
2018-07-20 14:45:00,58.0,56.81665156160275
2018-07-20 15:00:00,62.71,58.23963702294138
2018-07-20 15:15:00,64.58,55.53502193964119
2018-07-20 15:30:00,64.51,58.65616053824689
2018-07-20 15:45:00,63.94,57.63704662742289
2018-07-20 16:00:00,60.91,56.44039131815797
2018-07-20 16:15:00,68.18,58.94764636163314
2018-07-20 16:30:00,99.18,60.842398307369464
2018-07-20 16:45:00,99.04,57.404013648950375
2018-07-20 17:00:00,68.26,71.17441784378634
2018-07-20 17:15:00,59.51,81.22666800449775
2018-07-20 17:30:00,31.28,30.8762024352787
2018-07-20 17:45:00,31.21,31.287575203058456
2018-07-20 18:00:00,42.01,55.12603082149751
2018-07-20 18:15:00,52.34,56.22112532355534
2018-07-20 18:30:00,43.42,46.78345682891862
2018-07-20 18:45:00,82.66,52.99136066787528
2018-07-20 19:00:00,102.35,40.72321979147773
2018-07-20 19:15:00,66.02,66.14270428190163
2018-07-20 19:30:00,82.08,87.24753706197806
2018-07-20 19:45:00,97.67,75.15046897230653
2018-07-20 20:00:00,72.86,85.03059418272613
2018-07-20 20:15:00,67.82,90.06405037542048
2018-07-20 20:30:00,44.68,82.08038524594257
2018-07-20 20:45:00,28.48,64.82244248693677
2018-07-20 21:00:00,6.19,42.8148901804423
2018-07-20 21:15:00,4.46,35.86822657064015
2018-07-20 21:30:00,3.92,7.616029993213161
2018-07-20 21:45:00,3.92,4.536043076374857
2018-07-20 22:00:00,3.96,4.705819327458963
2018-07-20 22:15:00,3.78,3.9018700415757808
2018-07-20 22:30:00,3.6,3.612558219148323
2018-07-20 22:45:00,3.17,4.033972044771087
2018-07-20 23:00:00,3.1,4.712648022549017
2018-07-20 23:15:00,3.1,3.7895959092855893
2018-07-20 23:30:00,3.1,3.2095772641073577
2018-07-20 23:45:00,3.38,3.5745400119136828
2018-07-21 00:00:00,3.13,3.152989290209911
2018-07-21 00:15:00,2.99,3.1573461709519433
2018-07-21 00:30:00,3.06,3.2100074116396775
2018-07-21 00:45:00,3.06,3.07355689852765
2018-07-21 01:00:00,3.02,3.0757132821102955
2018-07-21 01:15:00,3.02,3.118596511431303
2018-07-21 01:30:00,2.99,3.079935353059738
2018-07-21 01:45:00,3.24,3.0333383729234877
2018-07-21 02:00:00,3.24,3.0333383729234877
2018-07-21 02:15:00,3.64,3.297531025020232
2018-07-21 02:30:00,3.78,3.3225099808385052
2018-07-21 02:45:00,3.35,3.3763069028532873
2018-07-21 03:00:00,3.38,3.3776387612740817
2018-07-21 03:15:00,3.28,3.445288280516627
2018-07-21 03:30:00,3.35,3.560024992155773
2018-07-21 03:45:00,3.28,3.4677860963154123
2018-07-21 04:00:00,3.24,3.498144939754428
2018-07-21 04:15:00,3.31,3.4536946859048254
2018-07-21 04:30:00,3.28,5.194881554562977
2018-07-21 04:45:00,3.28,3.4536946859048254
2018-07-21 05:00:00,3.35,3.4536946859048254
2018-07-21 05:15:00,3.24,3.4536946859048254
2018-07-21 05:30:00,3.71,3.4536946859048254
2018-07-21 05:45:00,3.64,3.408504680567552
2018-07-21 06:00:00,3.24,3.4756471239556426
2018-07-21 06:15:00,3.31,3.2696516378399294
2018-07-21 06:30:00,3.24,3.271896070144997
2018-07-21 06:45:00,3.28,3.2696516378399294
2018-07-21 07:00:00,3.28,3.292149453638715
2018-07-21 07:15:00,3.46,3.292149453638715
2018-07-21 07:30:00,4.07,3.880465412355546
2018-07-21 07:45:00,3.78,4.555257759195393
2018-07-21 08:00:00,24.23,20.608888867574493
2018-07-21 08:15:00,40.39,34.14238216985776
2018-07-21 08:30:00,32.69,23.633613338207542
2018-07-21 08:45:00,33.55,44.48516689455776
2018-07-21 09:00:00,44.42,35.295668629143044
2018-07-21 09:15:00,45.14,35.53166098079027
2018-07-21 09:30:00,43.49,43.120088612890996
2018-07-21 09:45:00,43.74,43.54844375069941
2018-07-21 10:00:00,42.12,40.199616315560874
2018-07-21 10:15:00,45.54,39.36460893686488
2018-07-21 10:30:00,44.64,41.884771986340105
2018-07-21 10:45:00,43.67,44.287782696672544
2018-07-21 11:00:00,44.93,44.563125688859884
2018-07-21 11:15:00,45.14,41.72326285985197
2018-07-21 11:30:00,32.9,40.250836979302655
2018-07-21 11:45:00,10.87,39.53139198452129
2018-07-21 12:00:00,4.25,6.719208802245696
2018-07-21 12:15:00,4.28,3.5267205157438197
2018-07-21 12:30:00,4.21,3.6844766141442142
2018-07-21 12:45:00,4.14,7.660087046854502
2018-07-21 13:00:00,11.81,23.52245341461867
2018-07-21 13:15:00,50.29,37.03943728465581
2018-07-21 13:30:00,37.73,37.251778637226195
2018-07-21 13:45:00,31.86,48.191272459707804
2018-07-21 14:00:00,37.01,39.28581827121113
2018-07-21 14:15:00,49.18,36.55838161579803
2018-07-21 14:30:00,31.14,40.275300208505975
2018-07-21 14:45:00,42.19,48.80153006325067
2018-07-21 15:00:00,44.14,35.657008502202096
2018-07-21 15:15:00,50.4,38.97904758560382
2018-07-21 15:30:00,36.65,43.83693406540102
2018-07-21 15:45:00,34.96,52.00143018185052
2018-07-21 16:00:00,51.77,38.766546468453306
2018-07-21 16:15:00,45.68,33.757565504728845
2018-07-21 16:30:00,46.01,46.12880803525431
2018-07-21 16:45:00,12.53,27.076641832821682
2018-07-21 17:00:00,4.5,27.862909221972327
2018-07-21 17:15:00,3.78,8.190511867909382
2018-07-21 17:30:00,3.46,2.55814279759646
2018-07-21 17:45:00,3.46,4.096946248899209
2018-07-21 18:00:00,3.35,5.418767854523972
2018-07-21 18:15:00,3.35,4.031608389487559
2018-07-21 18:30:00,3.42,3.8634855148267206
2018-07-21 18:45:00,3.53,4.599245634584845
2018-07-21 19:00:00,3.49,2.6460275071304817
2018-07-21 19:15:00,3.49,2.5977107065793144
2018-07-21 19:30:00,2.88,2.3406763606945216
2018-07-21 19:45:00,2.95,4.022655750351834
2018-07-21 20:00:00,2.92,4.1384092112813455
2018-07-21 20:15:00,2.99,4.950322341804164
2018-07-21 20:30:00,2.92,3.3473057842009175
2018-07-21 20:45:00,2.95,3.8495942611029954
2018-07-21 21:00:00,2.95,3.0240273335804004
2018-07-21 21:15:00,3.6,3.0299004259049656
2018-07-21 21:30:00,3.06,3.0087012275365095
2018-07-21 21:45:00,3.1,3.2728938796332536
2018-07-21 22:00:00,2.95,3.035923797380498
2018-07-21 22:15:00,2.81,3.0587152161256643
2018-07-21 22:30:00,2.84,3.021829980534564
2018-07-21 22:45:00,2.81,2.9086800392451195
2018-07-21 23:00:00,2.81,2.871497860072272
2018-07-21 23:15:00,2.81,2.8970478271676545
2018-07-21 23:30:00,2.92,2.8970478271676545
2018-07-21 23:45:00,2.88,2.8435838496686134
2018-07-22 00:00:00,3.13,2.8435838496686134
2018-07-22 00:15:00,2.84,2.8435838496686134
2018-07-22 00:30:00,2.81,2.8804690852597137
2018-07-22 00:45:00,2.92,2.8435838496686134
2018-07-22 01:00:00,2.92,2.8180338825732307
2018-07-22 01:15:00,2.88,2.823531911206526
2018-07-22 01:30:00,2.84,2.886182223446334
2018-07-22 01:45:00,2.88,2.871497860072272
2018-07-22 02:00:00,3.28,2.871497860072272
2018-07-22 02:15:00,3.31,2.9413175214904044
2018-07-22 02:30:00,2.99,3.2110082022204436
2018-07-22 02:45:00,2.88,3.1284559023246166
2018-07-22 03:00:00,2.88,2.8542606323225748
2018-07-22 03:15:00,2.88,2.8533468275110634
2018-07-22 03:30:00,2.81,2.8773839559102163
2018-07-22 03:45:00,2.81,2.8773839559102163
2018-07-22 04:00:00,2.84,2.861753232899262
2018-07-22 04:15:00,2.92,2.915217210398303
2018-07-22 04:30:00,2.92,2.861753232899262
2018-07-22 04:45:00,2.84,2.861753232899262
2018-07-22 05:00:00,2.77,2.861753232899262
2018-07-22 05:15:00,2.81,2.861753232899262
2018-07-22 05:30:00,2.81,2.9850368718164355
2018-07-22 05:45:00,3.46,2.9850368718164355
2018-07-22 06:00:00,2.77,2.861753232899262
2018-07-22 06:15:00,2.74,3.0065898321271067
2018-07-22 06:30:00,2.74,2.227377901703432
2018-07-22 06:45:00,3.35,2.861753232899262
2018-07-22 07:00:00,2.95,2.861753232899262
2018-07-22 07:15:00,2.7,2.999660798826004
2018-07-22 07:30:00,2.77,3.1305704292149756
2018-07-22 07:45:00,2.66,2.3771816378981945
2018-07-22 08:00:00,2.74,20.206045754268565
2018-07-22 08:15:00,2.74,28.280270628897497
2018-07-22 08:30:00,2.74,0.0
2018-07-22 08:45:00,2.81,0.8118245515319557
2018-07-22 09:00:00,2.88,5.424469245522011
2018-07-22 09:15:00,2.92,4.851130012922843
2018-07-22 09:30:00,2.92,0.024423462810790005
2018-07-22 09:45:00,2.84,5.2699873316775925
2018-07-22 10:00:00,2.88,0.934465476407207
2018-07-22 10:15:00,2.81,0.0
2018-07-22 10:30:00,3.28,2.8713230584659617
2018-07-22 10:45:00,2.92,0.0
2018-07-22 11:00:00,2.81,1.4002650368071419
2018-07-22 11:15:00,2.7,2.7744250125974417
2018-07-22 11:30:00,2.7,5.548882252413496
2018-07-22 11:45:00,2.66,4.009694728650005
2018-07-22 12:00:00,2.81,2.7770481529987268
2018-07-22 12:15:00,3.35,2.9522958470497835
2018-07-22 12:30:00,3.38,2.925095778296062
2018-07-22 12:45:00,2.92,3.207691838623154
2018-07-22 13:00:00,2.84,2.772141944116456
2018-07-22 13:15:00,2.84,0.0
2018-07-22 13:30:00,2.84,4.0905333790583
2018-07-22 13:45:00,2.88,2.5533606774985804
2018-07-22 14:00:00,2.92,0.0
2018-07-22 14:15:00,3.02,4.125659106448267
2018-07-22 14:30:00,3.46,1.5315839009050969
2018-07-22 14:45:00,3.17,1.0813437355232294
2018-07-22 15:00:00,2.92,6.767759614819551
2018-07-22 15:15:00,2.95,1.8787672183490272
2018-07-22 15:30:00,2.95,0.0
2018-07-22 15:45:00,2.92,4.068233166440326
2018-07-22 16:00:00,2.99,0.0
2018-07-22 16:15:00,2.99,3.8200461571451814
2018-07-22 16:30:00,2.95,0.0
2018-07-22 16:45:00,2.95,1.55174606627539
2018-07-22 17:00:00,2.92,2.992810304229173
2018-07-22 17:15:00,2.95,3.0268217625301372
2018-07-22 17:30:00,2.99,2.6163785043706618
2018-07-22 17:45:00,3.06,2.870704142605211
2018-07-22 18:00:00,2.95,1.8245442690957137
2018-07-22 18:15:00,2.88,3.1411302823947245
2018-07-22 18:30:00,3.06,2.1089542208005003
2018-07-22 18:45:00,3.38,1.0786755736356102
2018-07-22 19:00:00,3.67,1.2346618029855825
2018-07-22 19:15:00,3.53,2.1039633311683237
2018-07-22 19:30:00,3.46,2.8053004471361898
2018-07-22 19:45:00,3.02,4.765590723139002
2018-07-22 20:00:00,3.06,3.1517168395573
2018-07-22 20:15:00,3.06,1.4790267317130046
2018-07-22 20:30:00,3.17,1.6239587502617168
2018-07-22 20:45:00,3.1,3.0674428090886696
2018-07-22 21:00:00,3.06,3.1522808774417124
2018-07-22 21:15:00,3.13,2.9921224856285686
2018-07-22 21:30:00,3.17,2.848116953693074
2018-07-22 21:45:00,3.17,2.868838846711395
2018-07-22 22:00:00,3.1,3.183247039141968
2018-07-22 22:15:00,2.95,3.035282102332699
2018-07-22 22:30:00,3.06,2.860417146797626
2018-07-22 22:45:00,2.95,2.891680252079629
2018-07-22 23:00:00,2.88,2.9023455660191133
2018-07-22 23:15:00,2.88,2.911732190541717
2018-07-22 23:30:00,2.92,2.8970478271676545
2018-07-22 23:45:00,2.84,2.8970478271676545
2018-07-23 00:00:00,2.92,2.9106069028226766
2018-07-23 00:15:00,2.95,2.9106069028226766
2018-07-23 00:30:00,2.95,2.9106069028226766
2018-07-23 00:45:00,3.1,2.9106069028226766
2018-07-23 01:00:00,4.18,2.885056935727294
2018-07-23 01:15:00,3.49,2.921942171318394
2018-07-23 01:30:00,2.95,3.5006455704821926
2018-07-23 01:45:00,2.95,3.20127702518743
2018-07-23 02:00:00,2.92,3.0893481579475077
2018-07-23 02:15:00,2.99,3.3835644198810795
2018-07-23 02:30:00,2.92,2.8742731660343956
2018-07-23 02:45:00,2.95,2.9315918799252323
2018-07-23 03:00:00,2.95,2.831592958228253
2018-07-23 03:15:00,2.88,2.9342369024479438
2018-07-23 03:30:00,2.84,2.9342369024479438
2018-07-23 03:45:00,2.84,2.98999664638793
2018-07-23 04:00:00,2.92,3.0655124958733158
2018-07-23 04:15:00,2.92,3.0600144672400207
2018-07-23 04:30:00,2.88,3.0600144672400207
2018-07-23 04:45:00,2.77,3.0600144672400207
2018-07-23 05:00:00,2.81,3.1134784447390618
2018-07-23 05:15:00,2.81,3.14539106150125
2018-07-23 05:30:00,3.31,3.1134784447390618
2018-07-23 05:45:00,2.84,3.0600144672400207
2018-07-23 06:00:00,2.77,3.3573825750845376
2018-07-23 06:15:00,2.77,3.10173924562266
2018-07-23 06:30:00,2.77,3.0600144672400207
2018-07-23 06:45:00,3.17,3.0600144672400207
2018-07-23 07:00:00,3.49,3.1615236988555626
2018-07-23 07:15:00,3.67,3.1734930599341684
2018-07-23 07:30:00,3.74,4.344753914285462
2018-07-23 07:45:00,3.74,6.517434802831728
2018-07-23 08:00:00,20.59,52.6551686979289
2018-07-23 08:15:00,48.96,70.63838664664944
2018-07-23 08:30:00,73.55,65.22892167038744
2018-07-23 08:45:00,49.28,74.09362842994845
2018-07-23 09:00:00,72.36,82.8044306513476
2018-07-23 09:15:00,56.99,71.55670161018931
2018-07-23 09:30:00,67.32,68.96084247312511
2018-07-23 09:45:00,45.4,68.8247446897997
2018-07-23 10:00:00,48.85,68.88259733561055
2018-07-23 10:15:00,54.79,71.29506571269188
2018-07-23 10:30:00,59.0,69.17203889053222
2018-07-23 10:45:00,62.78,65.1753830357123
2018-07-23 11:00:00,65.16,61.64514677079007
2018-07-23 11:15:00,60.01,59.94028297936676
2018-07-23 11:30:00,51.8,61.328889955414446
2018-07-23 11:45:00,52.81,55.52831075165496
2018-07-23 12:00:00,6.16,11.307789966464576
2018-07-23 12:15:00,5.36,6.001024384336597
2018-07-23 12:30:00,5.44,4.29097533945383
2018-07-23 12:45:00,5.33,8.27903433135892
2018-07-23 13:00:00,42.84,35.11647917707614
2018-07-23 13:15:00,66.53,51.960329787460005
2018-07-23 13:30:00,57.2,64.25519338254266
2018-07-23 13:45:00,59.94,65.58282952274557
2018-07-23 14:00:00,63.83,65.64146902776213
2018-07-23 14:15:00,61.45,64.47223881479131
2018-07-23 14:30:00,55.58,59.167040538354755
2018-07-23 14:45:00,57.82,60.71445048036487
2018-07-23 15:00:00,54.14,64.59213126039857
2018-07-23 15:15:00,74.92,63.81133520720926
2018-07-23 15:30:00,59.65,60.77421647343354
2018-07-23 15:45:00,70.7,66.43380991494436
2018-07-23 16:00:00,59.26,58.18749953953453
2018-07-23 16:15:00,55.51,72.63313811414845
2018-07-23 16:30:00,65.7,64.5321486175501
2018-07-23 16:45:00,56.48,62.121467721343805
2018-07-23 17:00:00,63.0,65.51735423794214
2018-07-23 17:15:00,83.88,57.636162415777605
2018-07-23 17:30:00,29.92,34.436468194261366
2018-07-23 17:45:00,30.85,48.1704898317047
2018-07-23 18:00:00,57.64,37.3262970315463
2018-07-23 18:15:00,103.43,58.50024210217379
2018-07-23 18:30:00,76.61,72.6475511283434
2018-07-23 18:45:00,93.38,84.5083454442987
2018-07-23 19:00:00,79.99,81.8421333448811
2018-07-23 19:15:00,99.29,89.34202685626983
2018-07-23 19:30:00,88.34,74.45994750054624
2018-07-23 19:45:00,74.3,92.30328520991739
2018-07-23 20:00:00,101.09,84.35455765447013
2018-07-23 20:15:00,67.5,74.19479517155177
2018-07-23 20:30:00,61.38,70.62135923719441
2018-07-23 20:45:00,38.27,47.52693913287277
2018-07-23 21:00:00,5.0,32.55182917672177
2018-07-23 21:15:00,4.21,19.641785990460676
2018-07-23 21:30:00,3.85,7.456043400616783
2018-07-23 21:45:00,3.89,4.522120915766572
2018-07-23 22:00:00,3.85,4.234864126308616
2018-07-23 22:15:00,3.64,5.879048197477374
2018-07-23 22:30:00,3.49,3.9355759354190933
2018-07-23 22:45:00,3.06,4.712758504276837
2018-07-23 23:00:00,2.84,4.1018284086927395
2018-07-23 23:15:00,2.81,3.579313875018796
2018-07-23 23:30:00,2.77,3.5075498140664436
2018-07-23 23:45:00,2.88,3.4970388235058243
2018-07-24 00:00:00,2.81,3.521329906087745
2018-07-24 00:15:00,3.53,3.0326070486063403
2018-07-24 00:30:00,2.99,3.1529815744804024
2018-07-24 00:45:00,2.81,3.4171742265771465
2018-07-24 01:00:00,2.92,3.2429056802215124
2018-07-24 01:15:00,2.92,3.097137825480893
2018-07-24 01:30:00,2.88,3.097137825480893
2018-07-24 01:45:00,2.92,3.1024073878915526
2018-07-24 02:00:00,2.99,3.065225208718705
2018-07-24 02:15:00,3.46,3.065225208718705
2018-07-24 02:30:00,2.92,3.065225208718705
2018-07-24 02:45:00,2.92,3.3449185073540417
2018-07-24 03:00:00,2.95,3.084997549050527
2018-07-24 03:15:00,3.06,3.0486173883440792
2018-07-24 03:30:00,3.02,3.0486173883440792
2018-07-24 03:45:00,2.95,3.1770780369600806
2018-07-24 04:00:00,2.99,3.174394953136156
2018-07-24 04:15:00,2.92,3.174394953136156
2018-07-24 04:30:00,2.92,3.241537396524247
2018-07-24 04:45:00,2.95,3.174394953136156
2018-07-24 05:00:00,2.95,3.1798929817694512
2018-07-24 05:15:00,3.35,3.174394953136156
2018-07-24 05:30:00,3.35,3.174394953136156
2018-07-24 05:45:00,2.92,3.471763060980673
2018-07-24 06:00:00,2.95,3.507989810730017
2018-07-24 06:15:00,2.92,3.2106217028855
2018-07-24 06:30:00,3.02,3.241537396524247
2018-07-24 06:45:00,2.88,3.198432081535309
2018-07-24 07:00:00,3.46,3.275904184751698
2018-07-24 07:15:00,3.49,3.375150695269719
2018-07-24 07:30:00,3.56,4.114105396937641
2018-07-24 07:45:00,3.38,5.624458600658918
2018-07-24 08:00:00,34.06,37.78517663468095
2018-07-24 08:15:00,71.32,51.59632154426935
2018-07-24 08:30:00,94.61,60.37944325454653
2018-07-24 08:45:00,96.41,87.51785064107646
2018-07-24 09:00:00,82.19,89.17715161944975
2018-07-24 09:15:00,93.02,91.04031762982973
2018-07-24 09:30:00,92.52,84.68093098661564
2018-07-24 09:45:00,78.41,86.65033432920038
2018-07-24 10:00:00,97.06,77.69836918651808
2018-07-24 10:15:00,99.18,76.34825334500243
2018-07-24 10:30:00,104.94,88.71917944210209
2018-07-24 10:45:00,105.37,93.98715639373219
2018-07-24 11:00:00,102.56,84.05686820967979
2018-07-24 11:15:00,103.64,96.00000145318488
2018-07-24 11:30:00,88.06,94.52134127402931
2018-07-24 11:45:00,102.92,97.8807596508292
2018-07-24 12:00:00,7.27,9.3986626935176
2018-07-24 12:15:00,5.65,7.7386381034641
2018-07-24 12:30:00,5.51,4.7929204822553535
2018-07-24 12:45:00,5.4,5.210951488393019
2018-07-24 13:00:00,42.08,49.724427497798686
2018-07-24 13:15:00,83.56,89.7583006303087
2018-07-24 13:30:00,103.64,82.48916142761753
2018-07-24 13:45:00,94.21,85.29558819143972
2018-07-24 14:00:00,56.38,91.90922411959082
2018-07-24 14:15:00,55.8,95.58397570263026
2018-07-24 14:30:00,61.02,87.55979711072762
2018-07-24 14:45:00,66.96,67.93151303597709
2018-07-24 15:00:00,66.49,66.09363926367111
2018-07-24 15:15:00,56.74,69.40504047148467
2018-07-24 15:30:00,53.64,73.46343406175153
2018-07-24 15:45:00,58.46,64.19942416703105
2018-07-24 16:00:00,51.52,70.18725978424709
2018-07-24 16:15:00,55.84,66.47802713874357
2018-07-24 16:30:00,58.32,65.51145273931941
2018-07-24 16:45:00,55.44,65.97384079804624
2018-07-24 17:00:00,54.94,60.013437641199964
2018-07-24 17:15:00,43.63,58.920359053102445
2018-07-24 17:30:00,29.12,32.13906323439005
2018-07-24 17:45:00,30.28,31.488297138978904
2018-07-24 18:00:00,49.68,36.224769739224996
2018-07-24 18:15:00,56.16,46.253324869444434
2018-07-24 18:30:00,58.61,61.89033587640717
2018-07-24 18:45:00,54.68,62.145331347302275
2018-07-24 19:00:00,46.91,63.49842561267174
2018-07-24 19:15:00,57.89,58.78701717047245
2018-07-24 19:30:00,58.5,58.23090579944315
2018-07-24 19:45:00,46.66,58.9414140819646
2018-07-24 20:00:00,52.56,58.087920021360276
2018-07-24 20:15:00,61.27,49.664145464697526
2018-07-24 20:30:00,39.02,52.244060505619665
2018-07-24 20:45:00,29.16,41.949090594899666
2018-07-24 21:00:00,8.68,12.7844404365548
2018-07-24 21:15:00,3.92,10.862594127378047
2018-07-24 21:30:00,3.85,6.405428737583615
2018-07-24 21:45:00,3.82,4.264305439900845
2018-07-24 22:00:00,3.64,3.9266948093563143
2018-07-24 22:15:00,3.56,3.6506051081752076
2018-07-24 22:30:00,3.56,3.7488138115937106
2018-07-24 22:45:00,3.53,3.4823893781207675
2018-07-24 23:00:00,2.95,3.7471243438714974
2018-07-24 23:15:00,2.88,3.379130199224136
2018-07-24 23:30:00,2.88,3.2181579798749094
2018-07-24 23:45:00,2.74,3.198677052689931
2018-07-25 00:00:00,2.84,3.118592702353982
2018-07-25 00:15:00,3.13,3.586791832461995
2018-07-25 00:30:00,3.24,3.1529815744804024
2018-07-25 00:45:00,2.84,3.2327281993795043
2018-07-25 01:00:00,3.13,3.3556294274294776
2018-07-25 01:15:00,3.06,3.116415731151007
2018-07-25 01:30:00,2.99,3.102110444309805
2018-07-25 01:45:00,2.99,3.1015709432988414
2018-07-25 02:00:00,3.02,3.0854076007260622
2018-07-25 02:15:00,3.02,3.065225208718705
2018-07-25 02:30:00,2.99,3.079909572092767
2018-07-25 02:45:00,2.95,3.065225208718705
2018-07-25 03:00:00,3.17,3.065225208718705
2018-07-25 03:15:00,3.31,3.0486173883440792
2018-07-25 03:30:00,3.24,3.285121335304256
2018-07-25 03:45:00,3.35,3.4017452401285824
2018-07-25 04:00:00,3.2,3.554445254076422
2018-07-25 04:15:00,3.17,3.548947225443127
2018-07-25 04:30:00,3.2,3.5573101982952133
2018-07-25 04:45:00,3.13,3.5430358865966864
2018-07-25 05:00:00,3.13,3.4758934432085957
2018-07-25 05:15:00,3.2,3.33976680098765
2018-07-25 05:30:00,3.17,3.2988093862745402
2018-07-25 05:45:00,3.56,3.4758934432085957
2018-07-25 06:00:00,3.78,3.434936028495486
2018-07-25 06:15:00,3.31,3.3759521233144962
2018-07-25 06:30:00,3.06,3.4121788730638403
2018-07-25 06:45:00,3.13,3.3669888677265667
2018-07-25 07:00:00,3.17,3.893356140504308
2018-07-25 07:15:00,3.82,3.4397367200028244
2018-07-25 07:30:00,4.14,4.1626860330151665
2018-07-25 07:45:00,3.82,5.519359478356138
2018-07-25 08:00:00,17.75,31.88154906347061
2018-07-25 08:15:00,49.68,71.06062463352761
2018-07-25 08:30:00,57.17,55.564159890940225
2018-07-25 08:45:00,59.9,70.44316315193429
2018-07-25 09:00:00,57.38,60.88434788831652
2018-07-25 09:15:00,59.33,59.0660649015073
2018-07-25 09:30:00,46.91,56.190022944001115
2018-07-25 09:45:00,47.74,59.4924970352551
2018-07-25 10:00:00,49.14,53.21978812512298
2018-07-25 10:15:00,48.96,56.41361292891609
2018-07-25 10:30:00,47.74,61.62723707739496
2018-07-25 10:45:00,51.26,56.690881290703885
2018-07-25 11:00:00,58.18,52.4205810995994
2018-07-25 11:15:00,46.44,57.331489950458405
2018-07-25 11:30:00,57.96,56.54554022896344
2018-07-25 11:45:00,40.43,47.55188759765203
2018-07-25 12:00:00,4.39,9.331638509539127
2018-07-25 12:15:00,5.44,7.0683794753054485
2018-07-25 12:30:00,5.65,3.71064037983259
2018-07-25 12:45:00,5.58,6.1479057798711585
2018-07-25 13:00:00,28.26,49.780629137167736
2018-07-25 13:15:00,49.75,55.28143751012822
2018-07-25 13:30:00,51.3,55.453450950881184
2018-07-25 13:45:00,54.9,60.10204058065164
2018-07-25 14:00:00,57.53,56.66654034680239
2018-07-25 14:15:00,60.23,57.77761792618541
2018-07-25 14:30:00,56.88,58.04773310679632
2018-07-25 14:45:00,63.4,57.89451172782088
2018-07-25 15:00:00,45.18,54.56931893191942
2018-07-25 15:15:00,52.6,60.89558553288187
2018-07-25 15:30:00,56.88,57.78075499291045
2018-07-25 15:45:00,54.18,58.21816039038441
2018-07-25 16:00:00,63.0,60.68548942743478
2018-07-25 16:15:00,81.76,55.69517091232243
2018-07-25 16:30:00,98.93,54.192072234994065
2018-07-25 16:45:00,90.9,72.13608698303844
2018-07-25 17:00:00,92.56,78.441200318546
2018-07-25 17:15:00,90.94,73.55326897364982
2018-07-25 17:30:00,29.84,54.06680914776135
2018-07-25 17:45:00,30.17,44.26078730354908
2018-07-25 18:00:00,48.78,39.24686777236896
2018-07-25 18:15:00,93.17,70.58761879481288
2018-07-25 18:30:00,103.86,66.69983625897864
2018-07-25 18:45:00,84.28,92.6765892678467
2018-07-25 19:00:00,94.64,78.16506681707499
2018-07-25 19:15:00,92.09,82.68991971714247
2018-07-25 19:30:00,79.67,90.88870510873814
2018-07-25 19:45:00,113.47,94.44670740536266
2018-07-25 20:00:00,84.28,81.13860433283122
2018-07-25 20:15:00,105.55,96.72794740236665
2018-07-25 20:30:00,69.91,79.51934708979489
2018-07-25 20:45:00,8.86,55.48455729579423
2018-07-25 21:00:00,6.16,9.838379576614525
2018-07-25 21:15:00,3.64,0.0
2018-07-25 21:30:00,3.56,0.0
2018-07-25 21:45:00,3.53,5.2878370254988205
2018-07-25 22:00:00,3.42,5.462727203916793
2018-07-25 22:15:00,3.31,3.18575908572243
2018-07-25 22:30:00,3.24,5.051881651763987
2018-07-25 22:45:00,3.28,3.274988770671503
2018-07-25 23:00:00,2.66,4.3850926792662985
2018-07-25 23:15:00,2.59,3.4296625143473576
2018-07-25 23:30:00,2.59,3.0813567118386955
2018-07-25 23:45:00,2.81,3.0315647300161723
2018-07-26 00:00:00,2.63,3.075412507299467
2018-07-26 00:15:00,2.66,3.047696816490537
2018-07-26 00:30:00,2.63,3.0446355029275014
2018-07-26 00:45:00,2.63,3.1529815744804024
2018-07-26 01:00:00,2.88,3.0914367753327334
2018-07-26 01:15:00,3.2,3.097137825480893
2018-07-26 01:30:00,3.38,3.065225208718705
2018-07-26 01:45:00,3.28,3.268553699931109
2018-07-26 02:00:00,3.56,3.329417860815449
2018-07-26 02:15:00,3.82,3.381445298178841
2018-07-26 02:30:00,3.31,3.381445298178841
2018-07-26 02:45:00,3.17,3.4267328384143623
2018-07-26 03:00:00,3.42,3.4780129793180543
2018-07-26 03:15:00,3.64,3.501079339805009
2018-07-26 03:30:00,3.17,3.4389758837329394
2018-07-26 03:45:00,3.2,3.5254643487889745
2018-07-26 04:00:00,3.17,3.5121201929579398
2018-07-26 04:15:00,3.2,3.4758934432085957
2018-07-26 04:30:00,3.17,3.498391259007381
2018-07-26 04:45:00,3.17,3.498391259007381
2018-07-26 05:00:00,3.1,3.4758934432085957
2018-07-26 05:15:00,3.13,3.4758934432085957
2018-07-26 05:30:00,3.1,3.361719239038467
2018-07-26 05:45:00,3.1,3.3277154922559786
2018-07-26 06:00:00,3.13,3.3277154922559786
2018-07-26 06:15:00,3.1,3.3207618243253574
2018-07-26 06:30:00,3.06,3.2967246959262044
2018-07-26 06:45:00,3.06,3.3207618243253574
2018-07-26 07:00:00,3.24,3.3232230221678956
2018-07-26 07:15:00,3.2,3.4739571277691814
2018-07-26 07:30:00,3.56,4.16851666330138
2018-07-26 07:45:00,5.04,5.126593208774804
2018-07-26 08:00:00,35.46,40.628199410416336
2018-07-26 08:15:00,107.17,77.28401790165213
2018-07-26 08:30:00,79.74,62.013100264060014
2018-07-26 08:45:00,102.42,104.32959027960612
2018-07-26 09:00:00,100.12,92.52715636196189
2018-07-26 09:15:00,41.9,91.85510643511206
2018-07-26 09:30:00,56.95,95.2977409794021
2018-07-26 09:45:00,37.76,48.931746040714756
2018-07-26 10:00:00,36.29,60.55784821235175
2018-07-26 10:15:00,49.61,47.58986267898469
2018-07-26 10:30:00,50.15,54.74995754197344
2018-07-26 10:45:00,47.66,61.532318151139464
2018-07-26 11:00:00,51.01,57.50522546136827
2018-07-26 11:15:00,45.58,54.888742415132754
2018-07-26 11:30:00,52.24,64.79483331896418
2018-07-26 11:45:00,49.28,51.76182582703744
2018-07-26 12:00:00,16.7,13.175211836764497
2018-07-26 12:15:00,4.9,9.071320073971906
2018-07-26 12:30:00,4.61,6.564543199264572
2018-07-26 12:45:00,5.0,6.844791408397984
2018-07-26 13:00:00,28.62,41.036092525682676
2018-07-26 13:15:00,52.67,53.402129984994815
2018-07-26 13:30:00,56.12,56.85574858648867
2018-07-26 13:45:00,55.08,68.79902934289446
2018-07-26 14:00:00,42.55,62.39847031574873
2018-07-26 14:15:00,45.14,58.77137480276555
2018-07-26 14:30:00,45.97,52.6986199856534
2018-07-26 14:45:00,51.88,54.78102995308025
2018-07-26 15:00:00,48.96,52.9817395771011
2018-07-26 15:15:00,53.64,57.86166854532751
2018-07-26 15:30:00,56.95,56.41179761381406
2018-07-26 15:45:00,59.0,57.42099681528538
2018-07-26 16:00:00,56.95,58.730280863780095
2018-07-26 16:15:00,53.64,61.304040557504315
2018-07-26 16:30:00,56.09,61.46214442844443
2018-07-26 16:45:00,46.94,60.31812275843181
2018-07-26 17:00:00,56.2,61.925007661679295
2018-07-26 17:15:00,47.27,55.52095404289616
2018-07-26 17:30:00,28.44,32.540107630020735
2018-07-26 17:45:00,28.44,27.965618850038297
2018-07-26 18:00:00,35.82,30.855319514538014
2018-07-26 18:15:00,54.9,40.41438810095117
2018-07-26 18:30:00,42.55,40.32399202475056
2018-07-26 18:45:00,60.91,57.171495315443764
2018-07-26 19:00:00,53.89,40.96864282653382
2018-07-26 19:15:00,63.61,55.13960751950678
2018-07-26 19:30:00,55.73,56.89862081092045
2018-07-26 19:45:00,45.43,61.93608498873923
2018-07-26 20:00:00,63.18,58.70765887721864
2018-07-26 20:15:00,52.6,53.30249552663155
2018-07-26 20:30:00,38.77,52.04324384418105
2018-07-26 20:45:00,7.06,30.749685374770753
2018-07-26 21:00:00,6.12,19.434521342553687
2018-07-26 21:15:00,3.78,6.96250883396725
2018-07-26 21:30:00,3.71,7.937933171261846
2018-07-26 21:45:00,3.64,7.29795901198021
2018-07-26 22:00:00,3.71,3.817666313846754
2018-07-26 22:15:00,4.46,3.953875864312652
2018-07-26 22:30:00,3.46,3.1316957552215317
2018-07-26 22:45:00,2.88,4.062143344047274
2018-07-26 23:00:00,2.84,2.9568474258805013
2018-07-26 23:15:00,2.74,3.0722784007567974
2018-07-26 23:30:00,2.77,3.040030022240392
2018-07-26 23:45:00,2.81,3.0214032406090423
2018-07-27 00:00:00,2.77,2.933556864742521
2018-07-27 00:15:00,2.81,2.962447708235646
2018-07-27 00:30:00,2.84,2.9738475484904847
2018-07-27 00:45:00,2.84,3.005309097543648
2018-07-27 01:00:00,2.84,2.788675852864634
2018-07-27 01:15:00,2.88,2.906603959236137
2018-07-27 01:30:00,2.84,2.8746913424739486
2018-07-27 01:45:00,2.88,2.8746913424739486
2018-07-27 02:00:00,2.88,2.9979749813911223
2018-07-27 02:15:00,3.2,2.9979749813911223
2018-07-27 02:30:00,3.06,2.906603959236137
2018-07-27 02:45:00,2.88,3.0880224515916503
2018-07-27 03:00:00,2.88,2.8473933254529844
2018-07-27 03:15:00,2.88,2.9950456269055463
2018-07-27 03:30:00,2.92,2.8717619879883727
2018-07-27 03:45:00,2.88,2.8957991163875256
2018-07-27 04:00:00,2.92,2.880168393376571
2018-07-27 04:15:00,3.46,2.8856664220098662
2018-07-27 04:30:00,3.24,2.2086374402360387
2018-07-27 04:45:00,2.81,3.177536501221088
2018-07-27 05:00:00,2.84,3.213763250970432
2018-07-27 05:15:00,2.84,2.916395143125915
2018-07-27 05:30:00,2.84,2.880168393376571
2018-07-27 05:45:00,2.81,2.9267033375745095
2018-07-27 06:00:00,2.77,2.904205521775724
2018-07-27 06:15:00,3.24,2.880168393376571
2018-07-27 06:30:00,3.02,2.9336323708756122
2018-07-27 06:45:00,2.81,3.025004992604416
2018-07-27 07:00:00,2.95,2.916395143125915
2018-07-27 07:15:00,4.25,2.880168393376571
2018-07-27 07:30:00,4.07,3.104337140029172
2018-07-27 07:45:00,3.96,5.811638567208362
2018-07-27 08:00:00,28.4,26.565787195955743
2018-07-27 08:15:00,66.1,57.62935050482114
2018-07-27 08:30:00,50.4,47.34520084361827
2018-07-27 08:45:00,46.8,79.77456842245292
2018-07-27 09:00:00,66.31,57.28667521188104
2018-07-27 09:15:00,55.62,50.000004168221786
2018-07-27 09:30:00,58.79,56.44302646789601
2018-07-27 09:45:00,60.88,54.45983424687278
2018-07-27 10:00:00,52.56,49.5591231676153
2018-07-27 10:15:00,60.66,54.95191414885338
2018-07-27 10:30:00,56.95,57.251649091722626
2018-07-27 10:45:00,62.6,59.774149547868035
2018-07-27 11:00:00,45.76,55.45271132355144
2018-07-27 11:15:00,50.0,60.746978836014726
2018-07-27 11:30:00,53.14,49.1107536029611
2018-07-27 11:45:00,48.89,50.36623469401182
2018-07-27 12:00:00,4.25,10.270184278018855
2018-07-27 12:15:00,4.54,3.9727805458764385
2018-07-27 12:30:00,4.57,3.1951773072252436
2018-07-27 12:45:00,4.61,5.739604240876483
2018-07-27 13:00:00,19.55,30.8421337858927
2018-07-27 13:15:00,47.02,61.700086266699365
2018-07-27 13:30:00,53.28,51.34394820373306
2018-07-27 13:45:00,55.3,53.89027804680816
2018-07-27 14:00:00,52.02,54.2244681189764
2018-07-27 14:15:00,55.4,54.604210718723536
2018-07-27 14:30:00,51.05,53.26239039547877
2018-07-27 14:45:00,39.96,56.09592961854443
2018-07-27 15:00:00,41.15,53.416648616600945
2018-07-27 15:15:00,50.76,46.67638345709847
2018-07-27 15:30:00,54.65,43.82293338739529
2018-07-27 15:45:00,55.08,53.97167796293277
2018-07-27 16:00:00,56.34,53.93433660094158
2018-07-27 16:15:00,52.88,51.7794551622222
2018-07-27 16:30:00,48.24,49.17863975322524
2018-07-27 16:45:00,54.4,54.25058130151883
2018-07-27 17:00:00,53.21,50.566355350078894
2018-07-27 17:15:00,39.85,53.8680603452312
2018-07-27 17:30:00,25.31,25.165101230955624
2018-07-27 17:45:00,25.56,25.249004853830975
2018-07-27 18:00:00,29.52,22.628471677205592
2018-07-27 18:15:00,45.97,24.930240895667534
2018-07-27 18:30:00,52.85,36.422710968922814
2018-07-27 18:45:00,67.57,40.99884260984704
2018-07-27 19:00:00,50.87,49.587085574515925
2018-07-27 19:15:00,54.32,55.644234989050986
2018-07-27 19:30:00,55.08,46.299745842903974
2018-07-27 19:45:00,34.24,51.946259202860226
2018-07-27 20:00:00,32.87,52.76383553632681
2018-07-27 20:15:00,40.14,41.46759804716189
2018-07-27 20:30:00,48.13,35.86824163442962
2018-07-27 20:45:00,15.8,24.33492909573939
2018-07-27 21:00:00,6.77,11.40177916131763
2018-07-27 21:15:00,4.36,4.784207019535299
2018-07-27 21:30:00,3.82,6.294360637427944
2018-07-27 21:45:00,3.85,3.168779148827278
2018-07-27 22:00:00,3.78,3.9044417079441995
2018-07-27 22:15:00,3.1,3.7314350318623255
2018-07-27 22:30:00,2.92,3.3245861860849866
2018-07-27 22:45:00,2.92,3.0453965282933377
2018-07-27 23:00:00,2.92,2.9819827140819313
2018-07-27 23:15:00,2.84,3.0052882488722465
2018-07-27 23:30:00,2.84,2.96784494944457
2018-07-27 23:45:00,2.66,2.9487941697919116
2018-07-28 00:00:00,2.81,2.9073013091063302
2018-07-28 00:15:00,2.92,2.9073013091063302
2018-07-28 00:30:00,2.88,2.986157530466618
2018-07-28 00:45:00,2.92,2.8182810502737023
2018-07-28 01:00:00,2.95,2.8817513420109475
2018-07-28 01:15:00,3.38,2.7695242857876043
2018-07-28 01:30:00,3.78,2.887452392159107
2018-07-28 01:45:00,3.24,3.125230456126958
2018-07-28 02:00:00,3.6,3.17725789349035
2018-07-28 02:15:00,3.46,3.185679593404119
2018-07-28 02:30:00,3.56,3.29491827640997
2018-07-28 02:45:00,3.64,3.1915792720256158
2018-07-28 03:00:00,3.49,3.2203615971305224
2018-07-28 03:15:00,4.0,3.2414761721751293
2018-07-28 03:30:00,3.85,3.2639739879739147
2018-07-28 03:45:00,3.46,2.2007341874382997
2018-07-28 04:00:00,3.42,3.1291630789683325
2018-07-28 04:15:00,3.49,3.323396163815805
2018-07-28 04:30:00,3.46,3.2183569502197775
2018-07-28 04:45:00,3.42,3.272380393362113
2018-07-28 05:00:00,3.35,3.272380393362113
2018-07-28 05:15:00,3.28,3.272380393362113
2018-07-28 05:30:00,3.24,3.334266070774923
2018-07-28 05:45:00,3.31,3.334266070774923
2018-07-28 06:00:00,3.2,3.3258443708611543
2018-07-28 06:15:00,3.28,3.119848884745441
2018-07-28 06:30:00,3.2,3.0364869080623156
2018-07-28 06:45:00,3.2,3.0611243191973116
2018-07-28 07:00:00,3.2,3.0364869080623156
2018-07-28 07:15:00,4.79,3.126750107383477
2018-07-28 07:30:00,6.73,3.9224549880573423
2018-07-28 07:45:00,6.12,4.798410427281067
2018-07-28 08:00:00,18.72,36.376154735741125
2018-07-28 08:15:00,42.44,22.475182482378074
2018-07-28 08:30:00,51.19,25.45096430445789
2018-07-28 08:45:00,35.75,38.71817774835046
2018-07-28 09:00:00,35.78,46.80884259087329
2018-07-28 09:15:00,36.83,34.165512219065654
2018-07-28 09:30:00,49.21,35.99949089090466
2018-07-28 09:45:00,47.23,40.16805734948124
2018-07-28 10:00:00,46.4,46.838878158210385
2018-07-28 10:15:00,39.38,45.66638424311709
2018-07-28 10:30:00,40.32,45.53433165052576
2018-07-28 10:45:00,56.38,38.11345968122808
2018-07-28 11:00:00,67.61,37.177014813380445
2018-07-28 11:15:00,45.86,45.23548189152081
2018-07-28 11:30:00,57.89,55.41810664921795
2018-07-28 11:45:00,27.68,33.611125961305625
2018-07-28 12:00:00,4.54,5.123575326195412
2018-07-28 12:15:00,4.68,7.541897839613461
2018-07-28 12:30:00,4.5,4.04069368981509
2018-07-28 12:45:00,4.39,7.739822140374028
2018-07-28 13:00:00,35.93,24.336218920472557
2018-07-28 13:15:00,47.27,52.47725487195071
2018-07-28 13:30:00,46.01,49.55085599612727
2018-07-28 13:45:00,45.29,40.68014290618146
2018-07-28 14:00:00,71.53,39.631381357266875
2018-07-28 14:15:00,44.89,45.86384633786073
2018-07-28 14:30:00,63.9,64.50544734700978
2018-07-28 14:45:00,49.9,47.282755645050486
2018-07-28 15:00:00,44.53,45.89939988927509
2018-07-28 15:15:00,41.65,47.2713054092901
2018-07-28 15:30:00,44.57,46.36443618847207
2018-07-28 15:45:00,50.94,38.2268261573318
2018-07-28 16:00:00,50.58,44.09886663306624
2018-07-28 16:15:00,48.92,44.35680152786151
2018-07-28 16:30:00,33.98,47.603538685147726
2018-07-28 16:45:00,22.82,28.926938584414412
2018-07-28 17:00:00,11.23,15.816019492023768
2018-07-28 17:15:00,3.49,10.988208883996922
2018-07-28 17:30:00,3.42,8.584338621867948
2018-07-28 17:45:00,3.53,4.897948136658152
2018-07-28 18:00:00,3.35,4.158913639619126
2018-07-28 18:15:00,3.35,3.5339201579393253
2018-07-28 18:30:00,4.1,4.840406871729263
2018-07-28 18:45:00,4.14,4.004788627455453
2018-07-28 19:00:00,2.84,3.948386383336458
2018-07-28 19:15:00,2.95,3.768520542535983
2018-07-28 19:30:00,2.92,3.286115990534642
2018-07-28 19:45:00,2.84,3.2347157337819383
2018-07-28 20:00:00,2.88,3.1671109314631365
2018-07-28 20:15:00,2.92,4.1446427145173805
2018-07-28 20:30:00,2.88,3.1760457152309356
2018-07-28 20:45:00,2.84,3.274001807389793
2018-07-28 21:00:00,2.92,3.0240273335804004
2018-07-28 21:15:00,2.81,3.03811910430387
2018-07-28 21:30:00,2.81,2.9947814989894455
2018-07-28 21:45:00,2.88,2.9947814989894455
2018-07-28 22:00:00,2.7,2.9947814989894455
2018-07-28 22:15:00,2.63,2.871497860072272
2018-07-28 22:30:00,2.74,2.871497860072272
2018-07-28 22:45:00,3.13,2.90341047683446
2018-07-28 23:00:00,2.88,2.90341047683446
2018-07-28 23:15:00,2.59,2.8804690852597137
2018-07-28 23:30:00,2.59,2.8435838496686134
2018-07-28 23:45:00,2.74,2.8435838496686134
2018-07-29 00:00:00,2.66,2.8435838496686134
2018-07-29 00:15:00,2.66,2.8582682130426758
2018-07-29 00:30:00,2.63,2.8435838496686134
2018-07-29 00:45:00,3.06,2.8435838496686134
2018-07-29 01:00:00,3.13,2.8180338825732307
2018-07-29 01:15:00,2.7,2.83419722514601
2018-07-29 01:30:00,2.66,2.9782027570815046
2018-07-29 01:45:00,2.74,2.8180338825732307
2018-07-29 02:00:00,2.7,2.9468155501236994
2018-07-29 02:15:00,2.66,2.823531911206526
2018-07-29 02:30:00,2.66,2.9560018848644667
2018-07-29 02:45:00,2.66,2.9413175214904044
2018-07-29 03:00:00,2.7,2.871497860072272
2018-07-29 03:15:00,2.74,2.976630466428237
2018-07-29 03:30:00,2.74,2.976630466428237
2018-07-29 03:45:00,2.66,2.8533468275110634
2018-07-29 04:00:00,3.02,2.861753232899262
2018-07-29 04:15:00,3.06,2.861753232899262
2018-07-29 04:30:00,2.7,2.861753232899262
2018-07-29 04:45:00,2.7,2.8879191933773387
2018-07-29 05:00:00,2.74,2.915217210398303
2018-07-29 05:15:00,2.66,2.915217210398303
2018-07-29 05:30:00,2.7,2.861753232899262
2018-07-29 05:45:00,2.7,2.867251261532557
2018-07-29 06:00:00,2.66,2.861753232899262
2018-07-29 06:15:00,2.66,2.861753232899262
2018-07-29 06:30:00,2.88,2.861753232899262
2018-07-29 06:45:00,3.28,2.867251261532557
2018-07-29 07:00:00,2.95,2.861753232899262
2018-07-29 07:15:00,2.66,4.255759450647316
2018-07-29 07:30:00,2.81,4.296000657769989
2018-07-29 07:45:00,3.17,4.280597653444486
2018-07-29 08:00:00,19.73,8.60757853830823
2018-07-29 08:15:00,34.7,18.561715122831266
2018-07-29 08:30:00,32.54,22.96431002382415
2018-07-29 08:45:00,35.39,36.66919057849217
2018-07-29 09:00:00,35.89,35.998955866962795
2018-07-29 09:15:00,32.51,35.35215478344903
2018-07-29 09:30:00,35.28,33.34100815337058
2018-07-29 09:45:00,32.47,34.19390375359469
2018-07-29 10:00:00,31.86,34.24603452463176
2018-07-29 10:15:00,35.14,35.28603079469757
2018-07-29 10:30:00,32.15,34.088879670244694
2018-07-29 10:45:00,35.39,33.65143891395902
2018-07-29 11:00:00,32.69,33.31595422510731
2018-07-29 11:15:00,34.99,34.68749277970904
2018-07-29 11:30:00,34.16,32.58746632325049
2018-07-29 11:45:00,11.09,16.93321296988577
2018-07-29 12:00:00,3.42,11.568522306481013
2018-07-29 12:15:00,3.53,6.709515449448414
2018-07-29 12:30:00,3.49,4.173955033660938
2018-07-29 12:45:00,3.56,6.153251237524257
2018-07-29 13:00:00,12.02,15.631998826660151
2018-07-29 13:15:00,33.98,20.678366585062477
2018-07-29 13:30:00,32.62,25.270764275523792
2018-07-29 13:45:00,33.55,36.669262077096526
2018-07-29 14:00:00,35.42,37.043290443477794
2018-07-29 14:15:00,34.63,33.45599422168597
2018-07-29 14:30:00,32.72,33.87330050212191
2018-07-29 14:45:00,33.3,34.11659262991809
2018-07-29 15:00:00,28.73,33.77691203053878
2018-07-29 15:15:00,34.92,34.09375633973801
2018-07-29 15:30:00,33.8,29.014235512516628
2018-07-29 15:45:00,34.02,34.932283378647234
2018-07-29 16:00:00,35.06,32.781914488314854
2018-07-29 16:15:00,32.54,32.08146621967382
2018-07-29 16:30:00,32.72,28.19027336085968
2018-07-29 16:45:00,5.47,17.295200878658562
2018-07-29 17:00:00,3.35,16.645377552116827
2018-07-29 17:15:00,3.02,2.8838517969968507
2018-07-29 17:30:00,2.99,3.0077501747124633
2018-07-29 17:45:00,3.02,3.357428851092571
2018-07-29 18:00:00,2.81,3.36174875257849
2018-07-29 18:15:00,2.81,3.3658976271739545
2018-07-29 18:30:00,2.95,3.4666834502923427
2018-07-29 18:45:00,3.53,3.3015587695434077
2018-07-29 19:00:00,3.42,2.7865633710699074
2018-07-29 19:15:00,2.92,3.222132503711895
2018-07-29 19:30:00,2.92,3.264878910203491
2018-07-29 19:45:00,2.95,2.999119257324076
2018-07-29 20:00:00,3.02,2.9741403015058028
2018-07-29 20:15:00,2.95,2.9786109561851792
2018-07-29 20:30:00,3.06,2.9702045507969808
2018-07-29 20:45:00,3.02,2.906273949286881
2018-07-29 21:00:00,3.02,2.919573819407239
2018-07-29 21:15:00,3.1,2.871497860072272
2018-07-29 21:30:00,3.64,2.871497860072272
2018-07-29 21:45:00,3.02,2.854919118164331
2018-07-29 22:00:00,2.99,3.1627389937141346
2018-07-29 22:15:00,2.77,2.8700613199366227
2018-07-29 22:30:00,2.63,2.8450823641183494
2018-07-29 22:45:00,2.66,2.8180338825732307
2018-07-29 23:00:00,2.66,2.9086800392451195
2018-07-29 23:15:00,3.17,2.8970478271676545
2018-07-29 23:30:00,3.24,2.8435838496686134
2018-07-29 23:45:00,2.63,3.0469123408810175
2018-07-30 00:00:00,2.66,3.1213355774203797
2018-07-30 00:15:00,2.66,2.93558585864095
2018-07-30 00:30:00,2.74,2.8571429253236356
2018-07-30 00:45:00,2.7,2.925291266196739
2018-07-30 01:00:00,2.7,2.924382278918887
2018-07-30 01:15:00,2.81,2.890554964360589
2018-07-30 01:30:00,2.74,2.885056935727294
2018-07-30 01:45:00,2.77,2.885056935727294
2018-07-30 02:00:00,2.77,2.885056935727294
2018-07-30 02:15:00,2.95,2.831592958228253
2018-07-30 02:30:00,3.35,2.831592958228253
2018-07-30 02:45:00,2.88,2.831592958228253
2018-07-30 03:00:00,2.77,3.12066162016721
2018-07-30 03:15:00,2.7,2.970463652197288
2018-07-30 03:30:00,2.77,2.987700879946985
2018-07-30 03:45:00,2.77,3.043460623886971
2018-07-30 04:00:00,2.7,3.0840515956391736
2018-07-30 04:15:00,2.74,3.0600144672400207
2018-07-30 04:30:00,2.81,3.0600144672400207
2018-07-30 04:45:00,2.74,3.0600144672400207
2018-07-30 05:00:00,2.74,3.0600144672400207
2018-07-30 05:15:00,2.66,3.0600144672400207
2018-07-30 05:30:00,3.13,3.0655124958733158
2018-07-30 05:45:00,2.88,3.0600144672400207
2018-07-30 06:00:00,2.7,3.1152017666419782
2018-07-30 06:15:00,2.74,3.0600144672400207
2018-07-30 06:30:00,2.7,3.0600144672400207
2018-07-30 06:45:00,2.66,3.1134784447390618
2018-07-30 07:00:00,2.63,3.1670217274888577
2018-07-30 07:15:00,3.06,3.1514062990034737
2018-07-30 07:30:00,3.78,3.7518743256902423
2018-07-30 07:45:00,3.56,4.680524362928306
2018-07-30 08:00:00,27.32,27.190864775975413
2018-07-30 08:15:00,62.68,51.42723351487123
2018-07-30 08:30:00,56.16,50.9251319981747
2018-07-30 08:45:00,58.68,69.46587927744294
2018-07-30 09:00:00,58.72,62.53222409962244
2018-07-30 09:15:00,57.2,60.04530278317504
2018-07-30 09:30:00,62.21,56.15821086400013
2018-07-30 09:45:00,59.94,57.53112643994194
2018-07-30 10:00:00,47.84,58.51736594055311
2018-07-30 10:15:00,50.76,64.58300751585661
2018-07-30 10:30:00,48.28,66.42831119712639
2018-07-30 10:45:00,54.14,68.61294430567123
2018-07-30 11:00:00,44.28,61.417219926464384
2018-07-30 11:15:00,56.99,62.95253934245547
2018-07-30 11:30:00,44.39,52.893397149197106
2018-07-30 11:45:00,34.02,54.49653435556611
2018-07-30 12:00:00,5.04,5.816424509422678
2018-07-30 12:15:00,7.09,8.082885202853147
2018-07-30 12:30:00,6.01,5.6143348493669105
2018-07-30 12:45:00,5.9,9.343666550882862
2018-07-30 13:00:00,18.83,44.69150843422102
2018-07-30 13:15:00,60.41,44.99959656789286
2018-07-30 13:30:00,66.85,48.87429635106434
2018-07-30 13:45:00,53.06,66.63021773076402
2018-07-30 14:00:00,48.64,66.57495496470202
2018-07-30 14:15:00,50.36,64.35592220686699
2018-07-30 14:30:00,59.15,60.97816309074919
2018-07-30 14:45:00,76.14,63.43636282082583
2018-07-30 15:00:00,74.81,62.33506215044687
2018-07-30 15:15:00,74.74,66.20681247012038
2018-07-30 15:30:00,83.77,69.47072354701083
2018-07-30 15:45:00,106.52,68.20169361726076
2018-07-30 16:00:00,85.64,73.0894899168446
2018-07-30 16:15:00,83.74,77.82709306869552
2018-07-30 16:30:00,75.67,76.1623603332265
2018-07-30 16:45:00,92.12,62.13667524008513
2018-07-30 17:00:00,74.99,51.9431005874324
2018-07-30 17:15:00,62.14,69.97785428185753
2018-07-30 17:30:00,41.18,38.67006987316224
2018-07-30 17:45:00,31.75,34.71540054682145
2018-07-30 18:00:00,51.95,66.37393819823038
2018-07-30 18:15:00,54.83,73.98589361435367
2018-07-30 18:30:00,73.08,72.15037660853717
2018-07-30 18:45:00,75.35,59.46404672149948
2018-07-30 19:00:00,60.55,71.88246772561807
2018-07-30 19:15:00,72.29,75.78508583145089
2018-07-30 19:30:00,86.08,67.5277523460114
2018-07-30 19:45:00,57.85,79.31789760197154
2018-07-30 20:00:00,81.43,79.95194483494328
2018-07-30 20:15:00,85.75,68.38159416678192
2018-07-30 20:30:00,51.23,62.536715275572206
2018-07-30 20:45:00,23.76,50.590947424475
2018-07-30 21:00:00,3.85,11.720083359843361
2018-07-30 21:15:00,4.07,7.741887500514659
2018-07-30 21:30:00,3.2,3.5380644854238223
2018-07-30 21:45:00,3.13,5.58720676741477
2018-07-30 22:00:00,2.99,5.544402750529417
2018-07-30 22:15:00,2.84,4.398159757676764
2018-07-30 22:30:00,2.84,4.901340213464353
2018-07-30 22:45:00,2.81,3.142902429521999
2018-07-30 23:00:00,2.81,3.0526235450450425
2018-07-30 23:15:00,2.74,3.1597329955968276
2018-07-30 23:30:00,2.7,2.8649797495910403
2018-07-30 23:45:00,2.84,3.4838898554747093
2018-07-31 00:00:00,2.95,3.1529815744804024
2018-07-31 00:15:00,3.28,3.026161397513906
2018-07-31 00:30:00,3.42,3.033012453116475
2018-07-31 00:45:00,3.02,3.4171742265771465
2018-07-31 01:00:00,2.84,3.380608383247751
2018-07-31 01:15:00,2.81,3.117252646082097
2018-07-31 01:30:00,2.88,3.097137825480893
2018-07-31 01:45:00,2.95,3.079909572092767
2018-07-31 02:00:00,2.88,3.0804549498407354
2018-07-31 02:15:00,2.84,3.003580793963909
2018-07-31 02:30:00,3.56,2.998082765330614
2018-07-31 02:45:00,3.13,2.998082765330614
2018-07-31 03:00:00,2.95,3.2871514272695714
2018-07-31 03:15:00,2.99,3.140031437495381
2018-07-31 03:30:00,2.95,3.0486173883440792
2018-07-31 03:45:00,2.92,3.1043771322840654
2018-07-31 04:00:00,3.17,3.2209298973340945
2018-07-31 04:15:00,3.28,3.198432081535309
2018-07-31 04:30:00,3.17,3.4780413434844237
2018-07-31 04:45:00,3.13,3.538905504368764
2018-07-31 05:00:00,3.02,3.4923156551829506
2018-07-31 05:15:00,3.56,3.2760376958845185
2018-07-31 05:30:00,3.28,3.203930110168604
2018-07-31 05:45:00,3.06,3.536757604092936
2018-07-31 06:00:00,3.06,3.57298435384228
2018-07-31 06:15:00,3.17,3.3017822064758398
2018-07-31 06:30:00,3.06,3.2415183283273428
2018-07-31 06:45:00,3.06,3.318580801566649
2018-07-31 07:00:00,3.17,3.3527581792003436
2018-07-31 07:15:00,3.42,3.283531045463917
2018-07-31 07:30:00,5.08,4.016472930629796
2018-07-31 07:45:00,27.25,5.567078973971452
2018-07-31 08:00:00,58.36,37.656246500462586
2018-07-31 08:15:00,80.1,75.91362584146069
2018-07-31 08:30:00,90.61,74.59355549338959
2018-07-31 08:45:00,64.84,83.7352271052019
2018-07-31 09:00:00,78.41,83.84133498849289
2018-07-31 09:15:00,55.94,67.43964182583255
2018-07-31 09:30:00,67.54,68.31854909359268
2018-07-31 09:45:00,78.84,60.35057555202775
2018-07-31 10:00:00,53.24,63.13196278809999
2018-07-31 10:15:00,63.86,70.384735147226
2018-07-31 10:30:00,66.1,67.11683433306746
2018-07-31 10:45:00,60.23,65.14881149871964
2018-07-31 11:00:00,81.79,60.26550408095211
2018-07-31 11:15:00,84.85,67.73870945173923
2018-07-31 11:30:00,83.52,66.20680948742556
2018-07-31 11:45:00,58.1,80.4741769521529
2018-07-31 12:00:00,6.01,11.826264386828317
2018-07-31 12:15:00,6.23,5.970755620323655
2018-07-31 12:30:00,6.23,4.88793156709358
2018-07-31 12:45:00,6.19,5.352131110171836
2018-07-31 13:00:00,58.32,55.43007567695104
2018-07-31 13:15:00,115.56,57.864025039835205
2018-07-31 13:30:00,57.67,73.55244755903247
2018-07-31 13:45:00,38.2,94.3307652973684
2018-07-31 14:00:00,42.41,67.8323327659319
2018-07-31 14:15:00,52.2,55.66972487464819
2018-07-31 14:30:00,48.17,60.30468624041019
2018-07-31 14:45:00,49.79,65.76852859241309
2018-07-31 15:00:00,50.62,56.52441790348914
2018-07-31 15:15:00,44.57,58.23692946524377
2018-07-31 15:30:00,41.36,54.476638198385345
2018-07-31 15:45:00,37.8,50.73306941198039
2018-07-31 16:00:00,31.72,45.34484524087453
2018-07-31 16:15:00,28.98,46.24362941151001
2018-07-31 16:30:00,28.48,38.009090353660426
2018-07-31 16:45:00,11.38,30.77726854127367
2018-07-31 17:00:00,10.8,30.864390245584815
2018-07-31 17:15:00,4.21,7.584926734310696
2018-07-31 17:30:00,3.42,13.126681073522796
2018-07-31 17:45:00,4.57,5.843890287277303
2018-07-31 18:00:00,3.78,2.882571427286575
2018-07-31 18:15:00,3.42,5.584279355159365
2018-07-31 18:30:00,3.38,4.74234100770198
2018-07-31 18:45:00,3.1,3.8052659098141968
2018-07-31 19:00:00,2.88,3.4871360011077357
2018-07-31 19:15:00,2.88,3.7545964868466957
2018-07-31 19:30:00,2.92,2.2494427030717348
2018-07-31 19:45:00,2.99,1.3587524507140785
2018-07-31 20:00:00,2.92,2.5454597213523447
2018-07-31 20:15:00,2.95,3.5137953026934086
2018-07-31 20:30:00,2.95,2.277120731754019
2018-07-31 20:45:00,2.95,3.2666131282746873
2018-07-31 21:00:00,2.99,2.970877975953033
2018-07-31 21:15:00,3.06,2.793579190593018
2018-07-31 21:30:00,3.02,2.949217041176741
2018-07-31 21:45:00,3.06,2.933467766987332
2018-07-31 22:00:00,2.88,2.949217041176741
2018-07-31 22:15:00,2.81,2.933467766987332
2018-07-31 22:30:00,2.88,2.917304424414553
2018-07-31 22:45:00,3.24,2.91816375537258
2018-07-31 23:00:00,3.31,2.903384695867489
2018-07-31 23:15:00,2.77,3.1396633375605747
2018-07-31 23:30:00,2.77,3.164642293378848
2018-07-31 23:45:00,2.63,2.900449641282104
2018-08-01 00:00:00,3.2,2.883275274781305
2018-08-01 00:15:00,2.66,2.998576400290912
2018-08-01 00:30:00,2.63,3.3107037993670043
2018-08-01 00:45:00,2.66,2.883275274781305
2018-08-01 01:00:00,2.63,2.883275274781305
2018-08-01 01:15:00,2.7,2.847196518922392
2018-08-01 01:30:00,2.7,2.97565662188434
2018-08-01 01:45:00,2.66,2.847196518922392
2018-08-01 02:00:00,2.74,2.847196518922392
2018-08-01 02:15:00,2.66,2.847196518922392
2018-08-01 02:30:00,2.7,2.696881337939288
2018-08-01 02:45:00,2.66,2.847196518922392
2018-08-01 03:00:00,2.7,2.847196518922392
2018-08-01 03:15:00,2.74,2.8663115190946242
2018-08-01 03:30:00,2.81,2.857974651137062
2018-08-01 03:45:00,2.7,2.857974651137062
2018-08-01 04:00:00,3.24,2.934473677632949
2018-08-01 04:15:00,2.77,2.999089872516489
2018-08-01 04:30:00,3.2,3.3271690724950793
2018-08-01 04:45:00,2.99,2.934473677632949
2018-08-01 05:00:00,2.66,3.2577735523146933
2018-08-01 05:15:00,2.7,3.2631475694366467
2018-08-01 05:30:00,2.66,3.085853559001469
2018-08-01 05:45:00,2.7,2.970552433491862
2018-08-01 06:00:00,2.7,3.029574232075491
2018-08-01 06:15:00,2.66,2.970552433491862
2018-08-01 06:30:00,2.66,2.934473677632949
2018-08-01 06:45:00,2.7,2.934473677632949
2018-08-01 07:00:00,2.66,2.995781606345927
2018-08-01 07:15:00,2.74,2.8394676504954695
2018-08-01 07:30:00,2.7,3.20495530880896
2018-08-01 07:45:00,2.66,4.179558050281229
2018-08-01 08:00:00,2.63,13.748383086495913
2018-08-01 08:15:00,2.56,22.087629049753343
2018-08-01 08:30:00,3.02,0.0
2018-08-01 08:45:00,3.06,3.147015718479425
2018-08-01 09:00:00,2.77,0.0
2018-08-01 09:15:00,2.7,0.9238013869619189
2018-08-01 09:30:00,2.74,0.0
2018-08-01 09:45:00,2.74,0.0
2018-08-01 10:00:00,3.2,0.9477073028057127
2018-08-01 10:15:00,3.17,0.6961598673900917
2018-08-01 10:30:00,2.81,2.1235152796235615
2018-08-01 10:45:00,2.77,0.0
2018-08-01 11:00:00,2.59,0.0
2018-08-01 11:15:00,2.56,0.0
2018-08-01 11:30:00,2.59,1.4490199247271878
2018-08-01 11:45:00,2.77,3.2470161669390425
2018-08-01 12:00:00,2.77,2.680430115485218
2018-08-01 12:15:00,2.81,2.529576478951525
2018-08-01 12:30:00,2.84,2.1964910807431033
2018-08-01 12:45:00,2.84,2.436038173058353
2018-08-01 13:00:00,2.74,6.144664998949301
2018-08-01 13:15:00,2.74,10.362372278413197
2018-08-01 13:30:00,2.74,0.0
2018-08-01 13:45:00,2.74,2.142264509738912
2018-08-01 14:00:00,3.31,1.9419297427055187
2018-08-01 14:15:00,2.66,2.1089208075538792
2018-08-01 14:30:00,2.66,2.101137091768311
2018-08-01 14:45:00,2.74,0.0
2018-08-01 15:00:00,2.7,0.0
2018-08-01 15:15:00,2.7,0.07657573610121815
2018-08-01 15:30:00,2.77,1.90356683686573
2018-08-01 15:45:00,2.74,0.5020672918215835
2018-08-01 16:00:00,2.84,0.4953818994987546
2018-08-01 16:15:00,3.28,2.72666188416887
2018-08-01 16:30:00,2.84,1.1395002041168074
2018-08-01 16:45:00,2.7,4.487237453131698
2018-08-01 17:00:00,2.7,5.0480331608659785
2018-08-01 17:15:00,2.66,3.245267596751027
2018-08-01 17:30:00,2.77,3.1746717126598134
2018-08-01 17:45:00,2.77,4.351315849079949
2018-08-01 18:00:00,2.66,2.0926820359997085
2018-08-01 18:15:00,2.63,3.379784084509249
2018-08-01 18:30:00,3.02,0.6101341411818683
2018-08-01 18:45:00,3.35,10.32989637030799
2018-08-01 19:00:00,2.84,6.218236356864711
2018-08-01 19:15:00,2.84,7.51152087422676
2018-08-01 19:30:00,2.74,8.227288205357937
2018-08-01 19:45:00,2.81,4.549175230724384
2018-08-01 20:00:00,2.88,7.884243734242148
2018-08-01 20:15:00,2.84,5.018221340082555
2018-08-01 20:30:00,2.92,3.5544761853933595
2018-08-01 20:45:00,2.84,2.724825421132955
2018-08-01 21:00:00,2.88,2.6830015835279157
2018-08-01 21:15:00,2.92,2.689109709151145
2018-08-01 21:30:00,2.88,2.874938406823743
2018-08-01 21:45:00,2.95,2.874938406823743
2018-08-01 22:00:00,3.06,2.874938406823743
2018-08-01 22:15:00,3.24,2.901791343255045
2018-08-01 22:30:00,2.74,2.901791343255045
2018-08-01 22:45:00,2.66,3.3237967283032686
2018-08-01 23:00:00,2.74,2.939554601707283
2018-08-01 23:15:00,2.66,2.883275274781305
2018-08-01 23:30:00,2.59,2.883275274781305
2018-08-01 23:45:00,2.84,2.933960205407372
2018-08-02 00:00:00,2.66,2.7635807021172765
2018-08-02 00:15:00,2.63,2.7635807021172765
2018-08-02 00:30:00,2.66,2.7635807021172765
2018-08-02 00:45:00,2.7,2.7635807021172765
2018-08-02 01:00:00,3.13,2.7635807021172765
2018-08-02 01:15:00,2.88,2.7996594579761895
2018-08-02 01:30:00,2.7,2.8363278659592774
2018-08-02 01:45:00,2.7,2.7635807021172765
2018-08-02 02:00:00,2.7,2.7635807021172765
2018-08-02 02:15:00,2.74,2.7635807021172765
2018-08-02 02:30:00,2.74,2.8920408050792243
2018-08-02 02:45:00,2.7,2.7913225900186274
2018-08-02 03:00:00,2.77,2.7552438341597143
2018-08-02 03:15:00,2.7,2.7743588343319465
2018-08-02 03:30:00,2.77,2.7743588343319465
2018-08-02 03:45:00,2.77,2.7743588343319465
2018-08-02 04:00:00,2.77,2.9154740557113734
2018-08-02 04:15:00,3.17,2.8508578608278334
2018-08-02 04:30:00,3.2,2.8869366166867465
2018-08-02 04:45:00,2.74,3.1380789796506647
2018-08-02 05:00:00,2.77,3.174157735509578
2018-08-02 05:15:00,3.24,2.8952734846443087
2018-08-02 05:30:00,2.7,2.8952734846443087
2018-08-02 05:45:00,2.66,3.338653810132506
2018-08-02 06:00:00,2.7,2.9459584152703755
2018-08-02 06:15:00,2.66,2.8508578608278334
2018-08-02 06:30:00,2.7,2.8869366166867465
2018-08-02 06:45:00,2.7,2.9459584152703755
2018-08-02 07:00:00,2.59,2.9121657895408113
2018-08-02 07:15:00,2.63,2.9759144911731106
2018-08-02 07:30:00,2.7,2.8892884238927428
2018-08-02 07:45:00,2.63,4.03545483312572
2018-08-02 08:00:00,2.59,15.821639940063465
2018-08-02 08:15:00,2.63,32.69739786804065
2018-08-02 08:30:00,2.59,13.33528001029941
2018-08-02 08:45:00,2.77,6.3631213992315105
2018-08-02 09:00:00,2.77,2.1446454910378274
2018-08-02 09:15:00,2.74,1.967037391586998
2018-08-02 09:30:00,2.7,2.5892310737793087
2018-08-02 09:45:00,2.77,4.531257195651421
2018-08-02 10:00:00,2.81,5.435211755861771
2018-08-02 10:15:00,3.74,2.202404939269494
2018-08-02 10:30:00,3.64,2.1000629313980945
2018-08-02 10:45:00,2.74,10.898726314001854
2018-08-02 11:00:00,2.63,1.1213680402977446
2018-08-02 11:15:00,2.59,0.5479397050368774
2018-08-02 11:30:00,2.59,1.7232119308688354
2018-08-02 11:45:00,2.59,2.4120233810718914
2018-08-02 12:00:00,2.77,3.0999187858052095
2018-08-02 12:15:00,2.81,2.7442849219150234
2018-08-02 12:30:00,2.88,2.784508534653864
2018-08-02 12:45:00,2.88,2.4723691899268228
2018-08-02 13:00:00,2.81,6.716392496005529
2018-08-02 13:15:00,2.81,6.751576612474146
2018-08-02 13:30:00,2.92,2.281418470121283
2018-08-02 13:45:00,2.95,2.222573483847195
2018-08-02 14:00:00,2.95,2.379735643271668
2018-08-02 14:15:00,2.95,1.4010728469548037
2018-08-02 14:30:00,2.88,1.136158334328015
2018-08-02 14:45:00,2.95,2.2877336159020376
2018-08-02 15:00:00,2.95,1.5466254172464742
2018-08-02 15:15:00,2.88,1.1753789981140443
2018-08-02 15:30:00,3.1,1.834400355184761
2018-08-02 15:45:00,3.24,3.002554368769965
2018-08-02 16:00:00,2.92,1.1737439596165495
2018-08-02 16:15:00,3.02,3.8892433935380653
2018-08-02 16:30:00,2.99,4.338563009282896
2018-08-02 16:45:00,3.49,2.01884552359817
2018-08-02 17:00:00,2.92,3.4393544600051533
2018-08-02 17:15:00,2.92,5.19849956724555
2018-08-02 17:30:00,2.95,3.2437764006482905
2018-08-02 17:45:00,2.95,3.2437764006482905
2018-08-02 18:00:00,2.81,3.91564514236875
2018-08-02 18:15:00,2.88,5.344867874261867
2018-08-02 18:30:00,2.92,4.927188441526562
2018-08-02 18:45:00,2.95,2.9743133379426796
2018-08-02 19:00:00,2.95,2.9616007784151646
2018-08-02 19:15:00,2.95,4.852602572781255
2018-08-02 19:30:00,2.95,4.352510479012369
2018-08-02 19:45:00,3.42,3.1788031451419414
2018-08-02 20:00:00,3.28,3.877384189544273
2018-08-02 20:15:00,2.95,3.0659336014718224
2018-08-02 20:30:00,2.99,3.9408560578284315
2018-08-02 20:45:00,3.06,2.6706543269705776
2018-08-02 21:00:00,3.06,2.6706543269705776
2018-08-02 21:15:00,3.02,2.699705495318523
2018-08-02 21:30:00,3.42,2.8855341929911207
2018-08-02 21:45:00,3.42,2.8265123944074917
2018-08-02 22:00:00,2.95,3.183901584572175
2018-08-02 22:15:00,2.81,3.2701515417338367
2018-08-02 22:30:00,2.81,2.8265123944074917
2018-08-02 22:45:00,2.81,2.7996594579761895
2018-08-02 23:00:00,2.84,2.8920408050792243
2018-08-02 23:15:00,2.81,2.8920408050792243
2018-08-02 23:30:00,2.81,2.7996594579761895
2018-08-02 23:45:00,2.81,2.7996594579761895
2018-08-03 00:00:00,2.81,2.7358523035073614
2018-08-03 00:15:00,3.02,2.7358523035073614
2018-08-03 00:30:00,3.35,2.7358523035073614
2018-08-03 00:45:00,2.84,2.7627052399386636
2018-08-03 01:00:00,2.84,3.120094430103347
2018-08-03 01:15:00,2.88,2.7358523035073614
2018-08-03 01:30:00,2.99,2.7358523035073614
2018-08-03 01:45:00,2.88,2.7358523035073614
2018-08-03 02:00:00,2.88,2.8550865870416984
2018-08-03 02:15:00,3.17,2.7358523035073614
2018-08-03 02:30:00,3.2,2.7358523035073614
2018-08-03 02:45:00,2.84,3.015531454620796
2018-08-03 03:00:00,2.84,3.0230734223301927
2018-08-03 03:15:00,2.81,2.7549673036795936
2018-08-03 03:30:00,2.88,2.7549673036795936
2018-08-03 03:45:00,2.84,2.8139891022632226
2018-08-03 04:00:00,2.84,2.8448858540220616
2018-08-03 04:15:00,2.84,2.7858640554384326
2018-08-03 04:30:00,2.84,2.7858640554384326
2018-08-03 04:45:00,3.31,2.7858640554384326
2018-08-03 05:00:00,2.92,2.7858640554384326
2018-08-03 05:15:00,2.88,3.234838777226541
2018-08-03 05:30:00,2.81,2.7858640554384326
2018-08-03 05:45:00,2.81,2.7858640554384326
2018-08-03 06:00:00,2.84,2.7858640554384326
2018-08-03 06:15:00,2.84,2.8448858540220616
2018-08-03 06:30:00,2.88,2.7858640554384326
2018-08-03 06:45:00,2.81,2.7858640554384326
2018-08-03 07:00:00,2.77,2.7858640554384326
2018-08-03 07:15:00,2.84,2.8820663924674674
2018-08-03 07:30:00,3.31,3.0195718596772054
2018-08-03 07:45:00,3.24,3.3103005750009165
2018-08-03 08:00:00,2.84,20.443338641402377
2018-08-03 08:15:00,2.74,44.070871623182434
2018-08-03 08:30:00,2.77,6.331172558522953
2018-08-03 08:45:00,2.99,1.1718560160911708
2018-08-03 09:00:00,3.2,3.0873183177576666
2018-08-03 09:15:00,3.53,2.500088823950572
2018-08-03 09:30:00,3.06,5.093817349378211
2018-08-03 09:45:00,2.88,4.687559627948053
2018-08-03 10:00:00,2.84,2.375848939090413
2018-08-03 10:15:00,2.84,1.4737223914092983
2018-08-03 10:30:00,2.88,1.8494996025772301
2018-08-03 10:45:00,2.84,1.40877563087007
2018-08-03 11:00:00,2.77,0.7757735316651456
2018-08-03 11:15:00,2.7,2.020898120067066
2018-08-03 11:30:00,2.74,3.156245677230532
2018-08-03 11:45:00,2.81,3.732124922714942
2018-08-03 12:00:00,2.95,3.3758886244525987
2018-08-03 12:15:00,2.99,2.9263010143227612
2018-08-03 12:30:00,3.06,3.022949252597848
2018-08-03 12:45:00,2.99,2.6296347011677526
2018-08-03 13:00:00,3.02,5.217933165057559
2018-08-03 13:15:00,3.2,6.129039204143903
2018-08-03 13:30:00,3.64,1.7051353369134568
2018-08-03 13:45:00,3.24,3.2789551418056146
2018-08-03 14:00:00,2.99,0.2273675373643765
2018-08-03 14:15:00,2.99,1.6819021170184738
2018-08-03 14:30:00,2.99,1.2478903803676713
2018-08-03 14:45:00,2.95,2.4513231242836038
2018-08-03 15:00:00,3.02,2.6503124586438793
2018-08-03 15:15:00,3.02,1.1954932987881015
2018-08-03 15:30:00,3.1,4.079508133365361
2018-08-03 15:45:00,2.95,2.147201283272173
2018-08-03 16:00:00,2.95,2.278415942299198
2018-08-03 16:15:00,3.35,1.4356969913555166
2018-08-03 16:30:00,3.35,2.153011175427368
2018-08-03 16:45:00,2.99,4.413985742450365
2018-08-03 17:00:00,2.92,3.7878090491244154
2018-08-03 17:15:00,3.02,3.9938305161964913
2018-08-03 17:30:00,2.95,3.0827146224258253
2018-08-03 17:45:00,2.99,3.2019489059601622
2018-08-03 18:00:00,2.92,3.1727063849111525
2018-08-03 18:15:00,2.77,3.4478053330333904
2018-08-03 18:30:00,2.92,2.852191349209288
2018-08-03 18:45:00,2.99,2.9267377120874336
2018-08-03 19:00:00,2.95,2.852191349209288
2018-08-03 19:15:00,2.99,3.698601534908334
2018-08-03 19:30:00,2.92,4.243101049806491
2018-08-03 19:45:00,2.99,4.826652298082663
2018-08-03 20:00:00,2.99,4.214736789217284
2018-08-03 20:15:00,3.2,2.9706474249761303
2018-08-03 20:30:00,3.6,1.9061584841460568
2018-08-03 20:45:00,3.02,3.0419989980882955
2018-08-03 21:00:00,3.06,3.1500650603390308
2018-08-03 21:15:00,3.42,2.7926758701743473
2018-08-03 21:30:00,3.42,2.8189845668646414
2018-08-03 21:45:00,3.02,3.2687551041323597
2018-08-03 22:00:00,2.88,3.212475777206382
2018-08-03 22:15:00,2.81,2.7627052399386636
2018-08-03 22:30:00,2.81,2.7319533651486436
2018-08-03 22:45:00,2.74,2.7948741020909904
2018-08-03 23:00:00,2.81,2.828233650610396
2018-08-03 23:15:00,2.7,2.7358523035073614
2018-08-03 23:30:00,2.74,2.7358523035073614
2018-08-03 23:45:00,2.7,2.7358523035073614
2018-08-04 00:00:00,2.77,2.7358523035073614
2018-08-04 00:15:00,2.74,2.6997735476484483
2018-08-04 00:30:00,2.77,2.7921316304333392
2018-08-04 00:45:00,2.84,2.6997735476484483
2018-08-04 01:00:00,2.84,2.6997735476484483
2018-08-04 01:15:00,2.99,2.6997735476484483
2018-08-04 01:30:00,3.42,2.7358523035073614
2018-08-04 01:45:00,3.17,2.7266264840797505
2018-08-04 02:00:00,3.28,3.120094430103347
2018-08-04 02:15:00,2.84,3.014620154064048
2018-08-04 02:30:00,2.84,3.121005730660095
2018-08-04 02:45:00,2.84,2.7358523035073614
2018-08-04 03:00:00,2.88,2.7909751637322726
2018-08-04 03:15:00,2.81,2.8139891022632226
2018-08-04 03:30:00,2.84,2.810090163904505
2018-08-04 03:45:00,2.81,2.751068365320876
2018-08-04 04:00:00,2.84,2.781965117079715
2018-08-04 04:15:00,2.84,2.781965117079715
2018-08-04 04:30:00,2.84,2.781965117079715
2018-08-04 04:45:00,2.88,2.8382444440056926
2018-08-04 05:00:00,2.84,2.7858640554384326
2018-08-04 05:15:00,2.88,2.7858640554384326
2018-08-04 05:30:00,2.84,2.7858640554384326
2018-08-04 05:45:00,2.81,2.7858640554384326
2018-08-04 06:00:00,2.84,2.7858640554384326
2018-08-04 06:15:00,2.81,2.7858640554384326
2018-08-04 06:30:00,3.24,2.7858640554384326
2018-08-04 06:45:00,2.99,2.7858640554384326
2018-08-04 07:00:00,2.77,2.963245839168926
2018-08-04 07:15:00,2.77,2.8562490081256047
2018-08-04 07:30:00,3.38,2.865887763415304
2018-08-04 07:45:00,3.17,2.6530287725304196
2018-08-04 08:00:00,2.77,14.188601173192737
2018-08-04 08:15:00,2.77,30.799745966578797
2018-08-04 08:30:00,2.59,3.466119817988748
2018-08-04 08:45:00,2.81,3.2103858476217253
2018-08-04 09:00:00,2.88,3.3472411472602395
2018-08-04 09:15:00,2.81,2.641609429227673
2018-08-04 09:30:00,2.77,4.788709807124519
2018-08-04 09:45:00,2.81,3.0253358996706994
2018-08-04 10:00:00,2.77,2.3993755192276076
2018-08-04 10:15:00,2.74,3.874353866036482
2018-08-04 10:30:00,2.88,3.7880491378456735
2018-08-04 10:45:00,3.2,2.181826884890997
2018-08-04 11:00:00,2.56,2.523933099699339
2018-08-04 11:15:00,2.63,2.026392612913672
2018-08-04 11:30:00,2.56,1.9195563314423312
2018-08-04 11:45:00,2.59,1.935128393510849
2018-08-04 12:00:00,2.7,3.0030722698918697
2018-08-04 12:15:00,2.81,2.94845637364606
2018-08-04 12:30:00,2.92,2.5943342620561767
2018-08-04 12:45:00,2.81,2.6142017430615727
2018-08-04 13:00:00,2.81,2.5539720405578543
2018-08-04 13:15:00,2.74,6.9371350840745665
2018-08-04 13:30:00,2.77,1.3890434925515565
2018-08-04 13:45:00,2.74,2.2917808607524597
2018-08-04 14:00:00,3.17,4.106025019906893
2018-08-04 14:15:00,3.35,2.265788803891891
2018-08-04 14:30:00,2.88,5.571175502858533
2018-08-04 14:45:00,2.84,3.307153000292005
2018-08-04 15:00:00,3.38,2.293148590282122
2018-08-04 15:15:00,2.81,2.0775124735344597
2018-08-04 15:30:00,2.74,4.862161762643958
2018-08-04 15:45:00,2.74,3.53110279155112
2018-08-04 16:00:00,2.77,2.574334331283649
2018-08-04 16:15:00,2.74,2.4825332230995083
2018-08-04 16:30:00,2.81,2.5693248314086046
2018-08-04 16:45:00,2.74,2.7799638465112815
2018-08-04 17:00:00,2.74,2.5500525419120392
2018-08-04 17:15:00,2.74,2.7461422260048556
2018-08-04 17:30:00,2.7,3.142252134811114
2018-08-04 17:45:00,2.74,2.742243287646138
2018-08-04 18:00:00,2.66,3.061357264745515
2018-08-04 18:15:00,2.74,3.128196916676845
2018-08-04 18:30:00,2.88,3.1581675469125288
2018-08-04 18:45:00,2.88,2.7942374556064657
2018-08-04 19:00:00,2.88,3.128196916676845
2018-08-04 19:15:00,2.88,2.812255000848129
2018-08-04 19:30:00,2.84,2.812255000848129
2018-08-04 19:45:00,3.2,2.7458863612208018
2018-08-04 20:00:00,3.17,2.781965117079715
2018-08-04 20:15:00,2.92,3.0607329676364015
2018-08-04 20:30:00,2.99,3.1318878360796814
2018-08-04 20:45:00,2.95,2.7358523035073614
2018-08-04 21:00:00,2.95,2.7588063015799458
2018-08-04 21:15:00,2.92,2.8741074270895526
2018-08-04 21:30:00,3.06,2.8741074270895526
2018-08-04 21:45:00,3.53,2.7319533651486436
2018-08-04 22:00:00,3.06,2.7588063015799458
2018-08-04 22:15:00,2.74,3.1161954917446293
2018-08-04 22:30:00,2.81,2.7588063015799458
2018-08-04 22:45:00,2.74,2.7358523035073614
2018-08-04 23:00:00,2.74,2.7358523035073614
2018-08-04 23:15:00,2.7,2.7948741020909904
2018-08-04 23:30:00,2.74,2.7358523035073614
2018-08-04 23:45:00,2.63,2.6997735476484483
2018-08-05 00:00:00,3.1,2.819468120312477
2018-08-05 00:15:00,3.06,2.783389364453564
2018-08-05 00:30:00,2.81,2.856136528295565
2018-08-05 00:45:00,2.77,2.810242300884866
2018-08-05 01:00:00,2.77,2.783389364453564
2018-08-05 01:15:00,2.77,2.783389364453564
2018-08-05 01:30:00,2.81,2.8757474472384548
2018-08-05 01:45:00,2.77,2.819468120312477
2018-08-05 02:00:00,2.81,2.8757474472384548
2018-08-05 02:15:00,2.81,2.819468120312477
2018-08-05 02:30:00,2.81,2.815569181953759
2018-08-05 02:45:00,2.84,2.819468120312477
2018-08-05 03:00:00,2.84,2.815569181953759
2018-08-05 03:15:00,2.81,2.8346841821259914
2018-08-05 03:30:00,2.88,2.8346841821259914
2018-08-05 03:45:00,3.2,2.8346841821259914
2018-08-05 04:00:00,3.49,2.8655809338848304
2018-08-05 04:15:00,2.92,3.1567009910663795
2018-08-05 04:30:00,2.81,3.2621752671056785
2018-08-05 04:45:00,2.99,2.869479872243548
2018-08-05 05:00:00,3.2,2.8655809338848304
2018-08-05 05:15:00,2.84,2.9514556688997615
2018-08-05 05:30:00,2.81,3.2118238512912907
2018-08-05 05:45:00,2.81,2.869479872243548
2018-08-05 06:00:00,2.74,2.8655809338848304
2018-08-05 06:15:00,2.84,2.869479872243548
2018-08-05 06:30:00,2.81,2.984780997753155
2018-08-05 06:45:00,2.77,2.869479872243548
2018-08-05 07:00:00,2.74,2.869479872243548
2018-08-05 07:15:00,2.77,3.4461811069876025
2018-08-05 07:30:00,2.7,2.6616927777980446
2018-08-05 07:45:00,2.77,2.690004563144908
2018-08-05 08:00:00,2.74,8.832898640582668
2018-08-05 08:15:00,2.74,8.791646453020457
2018-08-05 08:30:00,2.77,2.4163235321023464
2018-08-05 08:45:00,2.99,3.2861875582914544
2018-08-05 09:00:00,3.06,2.657810738734875
2018-08-05 09:15:00,3.02,3.400239477905252
2018-08-05 09:30:00,3.1,2.7205507417433266
2018-08-05 09:45:00,3.67,2.77427909746216
2018-08-05 10:00:00,3.42,3.3691941111463177
2018-08-05 10:15:00,3.6,3.917196088305196
2018-08-05 10:30:00,3.06,3.3235852965859705
2018-08-05 10:45:00,2.95,2.7810736584244897
2018-08-05 11:00:00,2.84,2.5386555023050756
2018-08-05 11:15:00,2.84,2.614266208692367
2018-08-05 11:30:00,2.81,2.568885741553631
2018-08-05 11:45:00,2.81,3.207893944412648
2018-08-05 12:00:00,2.95,3.1000413446908057
2018-08-05 12:15:00,2.95,2.9903025882200853
2018-08-05 12:30:00,2.99,3.0069643670198776
2018-08-05 12:45:00,2.92,2.652211576609746
2018-08-05 13:00:00,2.99,3.346112214574059
2018-08-05 13:15:00,2.92,4.9235668977420035
2018-08-05 13:30:00,2.99,3.0565768984316923
2018-08-05 13:45:00,3.06,3.566425265063233
2018-08-05 14:00:00,2.92,3.6508539742942485
2018-08-05 14:15:00,2.95,3.685619942095611
2018-08-05 14:30:00,3.17,2.981362692629156
2018-08-05 14:45:00,3.17,3.626748828958197
2018-08-05 15:00:00,3.17,3.482525041474575
2018-08-05 15:15:00,3.13,3.0155871151952165
2018-08-05 15:30:00,3.13,2.985423786646944
2018-08-05 15:45:00,3.17,3.152333636315756
2018-08-05 16:00:00,3.2,3.427814759226509
2018-08-05 16:15:00,3.49,2.3487530003836605
2018-08-05 16:30:00,3.67,2.58447176156612
2018-08-05 16:45:00,3.35,2.986827363303544
2018-08-05 17:00:00,3.6,3.3412243917132995
2018-08-05 17:15:00,3.13,3.2992174399534386
2018-08-05 17:30:00,3.1,3.3412243917132995
2018-08-05 17:45:00,3.1,3.394895400919983
2018-08-05 18:00:00,2.81,3.314000530854384
2018-08-05 18:15:00,2.74,3.3796604517665036
2018-08-05 18:30:00,2.92,3.3402728364439085
2018-08-05 18:45:00,3.06,3.3402728364439085
2018-08-05 19:00:00,3.06,3.2478914893408737
2018-08-05 19:15:00,3.1,2.95880250994346
2018-08-05 19:30:00,3.1,2.95880250994346
2018-08-05 19:45:00,3.06,2.906148280226636
2018-08-05 20:00:00,3.13,2.942227036085549
2018-08-05 20:15:00,3.1,2.8963328086748503
2018-08-05 20:30:00,3.1,2.91133028432671
2018-08-05 20:45:00,3.1,2.892215284154478
2018-08-05 21:00:00,3.13,2.892215284154478
2018-08-05 21:15:00,3.13,2.892215284154478
2018-08-05 21:30:00,3.17,2.9845966312575127
2018-08-05 21:45:00,3.2,2.992761955264659
2018-08-05 22:00:00,3.53,3.0982359708691636
2018-08-05 22:15:00,2.84,3.0982359708691636
2018-08-05 22:30:00,3.31,3.3341996074126405
2018-08-05 22:45:00,3.06,2.878489918896106
2018-08-05 23:00:00,2.74,3.2960915940114974
2018-08-05 23:15:00,2.77,2.938702403846814
2018-08-05 23:30:00,2.74,2.9118494674155118
2018-08-05 23:45:00,2.88,2.819468120312477
2018-08-06 00:00:00,2.66,2.9872660758994978
2018-08-06 00:15:00,2.66,2.894884728796463
2018-08-06 00:30:00,2.63,2.85880597293755
2018-08-06 00:45:00,2.66,2.894884728796463
2018-08-06 01:00:00,2.66,2.85880597293755
2018-08-06 01:15:00,2.66,2.894884728796463
2018-08-06 01:30:00,2.74,2.85880597293755
2018-08-06 01:45:00,2.7,2.85880597293755
2018-08-06 02:00:00,2.66,2.85880597293755
2018-08-06 02:15:00,3.1,2.85880597293755
2018-08-06 02:30:00,2.92,2.85880597293755
2018-08-06 02:45:00,2.59,2.9324644373362987
2018-08-06 03:00:00,2.63,2.85880597293755
2018-08-06 03:15:00,2.63,2.86958410515222
2018-08-06 03:30:00,2.74,2.86958410515222
2018-08-06 03:45:00,2.74,2.905662861011133
2018-08-06 04:00:00,2.63,3.04677808239056
2018-08-06 04:15:00,2.7,2.946083131648107
2018-08-06 04:30:00,3.24,2.946083131648107
2018-08-06 04:45:00,2.81,2.946083131648107
2018-08-06 05:00:00,2.63,3.3784718050147653
2018-08-06 05:15:00,2.59,2.946083131648107
2018-08-06 05:30:00,2.63,2.946083131648107
2018-08-06 05:45:00,2.56,2.946083131648107
2018-08-06 06:00:00,2.59,3.041183686090649
2018-08-06 06:15:00,2.59,2.98216188750702
2018-08-06 06:30:00,2.59,2.954419999605669
2018-08-06 06:45:00,2.77,2.954419999605669
2018-08-06 07:00:00,4.14,3.0073910603610847
2018-08-06 07:15:00,4.0,2.7567709603597557
2018-08-06 07:30:00,3.96,4.475397577950662
2018-08-06 07:45:00,3.56,6.202259862054838
2018-08-06 08:00:00,26.78,26.992189470662638
2018-08-06 08:15:00,58.14,46.21291555113981
2018-08-06 08:30:00,79.49,53.07519612661211
2018-08-06 08:45:00,83.81,65.35248890018683
2018-08-06 09:00:00,109.22,83.02887055748022
2018-08-06 09:15:00,79.81,72.84148200254494
2018-08-06 09:30:00,93.28,94.9428717964339
2018-08-06 09:45:00,102.24,87.55023344522833
2018-08-06 10:00:00,49.03,78.06371042756132
2018-08-06 10:15:00,57.89,94.9699000272578
2018-08-06 10:30:00,58.9,67.3677785941914
2018-08-06 10:45:00,64.4,66.57161646299487
2018-08-06 11:00:00,106.56,62.10523455575996
2018-08-06 11:15:00,88.52,70.09648691917276
2018-08-06 11:30:00,90.18,81.74536422518223
2018-08-06 11:45:00,103.9,57.33006771929107
2018-08-06 12:00:00,6.84,8.155256269779573
2018-08-06 12:15:00,6.12,13.34374774213579
2018-08-06 12:30:00,6.05,7.568879075845061
2018-08-06 12:45:00,5.87,10.018445622958167
2018-08-06 13:00:00,53.64,36.01408967915754
2018-08-06 13:15:00,97.67,101.15703217151135
2018-08-06 13:30:00,98.93,81.25541004554171
2018-08-06 13:45:00,85.9,93.7339182943455
2018-08-06 14:00:00,49.07,109.22790698390345
2018-08-06 14:15:00,55.84,99.34814905010676
2018-08-06 14:30:00,43.42,65.84691700539274
2018-08-06 14:45:00,39.24,59.58122699998158
2018-08-06 15:00:00,39.38,52.72640465445123
2018-08-06 15:15:00,46.51,62.79375078322803
2018-08-06 15:30:00,50.94,54.886778200787084
2018-08-06 15:45:00,49.61,54.65285008316241
2018-08-06 16:00:00,53.86,67.0776148650736
2018-08-06 16:15:00,49.82,55.9189955517935
2018-08-06 16:30:00,55.33,55.173081307918814
2018-08-06 16:45:00,52.67,54.81979670236512
2018-08-06 17:00:00,91.48,57.45262683326629
2018-08-06 17:15:00,98.21,42.39807357700489
2018-08-06 17:30:00,30.89,61.41492865235959
2018-08-06 17:45:00,31.18,57.93974058505313
2018-08-06 18:00:00,85.72,53.36420273715742
2018-08-06 18:15:00,72.97,80.56098588794973
2018-08-06 18:30:00,55.76,100.13266471060273
2018-08-06 18:45:00,96.12,83.5253866475615
2018-08-06 19:00:00,99.18,71.50584867090562
2018-08-06 19:15:00,86.98,82.14629120345657
2018-08-06 19:30:00,113.65,88.8963196529862
2018-08-06 19:45:00,74.09,93.27437575249866
2018-08-06 20:00:00,91.73,83.45921181106425
2018-08-06 20:15:00,118.12,86.14692111110985
2018-08-06 20:30:00,48.92,69.97172387139085
2018-08-06 20:45:00,43.6,45.80435153138203
2018-08-06 21:00:00,8.17,37.25198902218624
2018-08-06 21:15:00,4.9,27.01440503497711
2018-08-06 21:30:00,4.03,5.268512860722066
2018-08-06 21:45:00,3.96,5.762648155723949
2018-08-06 22:00:00,3.82,2.257486823066222
2018-08-06 22:15:00,3.46,4.851505449260993
2018-08-06 22:30:00,3.35,2.7695751216604134
2018-08-06 22:45:00,2.84,4.00259191912064
2018-08-06 23:00:00,2.81,3.431796508322888
2018-08-06 23:15:00,2.7,2.896126706577036
2018-08-06 23:30:00,3.2,3.0947144382087672
2018-08-06 23:45:00,2.84,2.8638707540431994
2018-08-07 00:00:00,2.77,2.6592856876852617
2018-08-07 00:15:00,2.88,3.001023619892272
2018-08-07 00:30:00,2.84,2.7979030701667544
2018-08-07 00:45:00,2.81,3.089332581425392
2018-08-07 01:00:00,2.74,3.21779268438734
2018-08-07 01:15:00,3.06,3.125411337284305
2018-08-07 01:30:00,2.99,3.125411337284305
2018-08-07 01:45:00,2.99,3.1522642737156072
2018-08-07 02:00:00,2.99,3.108002208937485
2018-08-07 02:15:00,2.92,3.108002208937485
2018-08-07 02:30:00,3.02,3.071923453078572
2018-08-07 02:45:00,3.24,3.081149272506183
2018-08-07 03:00:00,3.31,3.108002208937485
2018-08-07 03:15:00,3.2,3.4929596675405454
2018-08-07 03:30:00,3.74,3.4674904479258566
2018-08-07 03:45:00,3.53,3.3874853915012464
2018-08-07 04:00:00,3.24,3.5694586940364323
2018-08-07 04:15:00,3.24,3.678377773284639
2018-08-07 04:30:00,3.6,3.684759819546039
2018-08-07 04:45:00,3.74,3.6674642812168488
2018-08-07 05:00:00,3.24,3.7428307814961155
2018-08-07 05:15:00,3.17,3.7173615618814266
2018-08-07 05:30:00,3.2,3.7008238297362546
2018-08-07 05:45:00,3.2,3.5953495536969555
2018-08-07 06:00:00,3.17,3.5953495536969555
2018-08-07 06:15:00,3.17,3.3800359425653186
2018-08-07 06:30:00,3.17,3.3466763940459128
2018-08-07 06:45:00,3.38,3.3800359425653186
2018-08-07 07:00:00,3.13,3.5418905423884777
2018-08-07 07:15:00,3.31,3.7350720128706136
2018-08-07 07:30:00,3.89,3.849665662582406
2018-08-07 07:45:00,5.54,6.190839246276683
2018-08-07 08:00:00,66.31,55.14223657794839
2018-08-07 08:15:00,93.71,85.87383159721482
2018-08-07 08:30:00,79.52,100.25445433959646
2018-08-07 08:45:00,86.33,96.20762709902142
2018-08-07 09:00:00,86.8,104.19547631835303
2018-08-07 09:15:00,58.46,77.31371979470924
2018-08-07 09:30:00,65.45,72.03764147451314
2018-08-07 09:45:00,108.32,74.66027065111739
2018-08-07 10:00:00,101.59,64.42653053095772
2018-08-07 10:15:00,83.41,92.5235136964682
2018-08-07 10:30:00,112.21,87.57224101956606
2018-08-07 10:45:00,87.01,81.32546577036656
2018-08-07 11:00:00,96.23,98.71902338552665
2018-08-07 11:15:00,82.84,95.31793181508871
2018-08-07 11:30:00,95.87,84.51585398094157
2018-08-07 11:45:00,94.18,82.74647785566316
2018-08-07 12:00:00,10.87,16.874521923399723
2018-08-07 12:15:00,5.98,6.814260835373509
2018-08-07 12:30:00,5.8,2.208075503664618
2018-08-07 12:45:00,5.98,8.186812643918655
2018-08-07 13:00:00,62.64,60.05639598489904
2018-08-07 13:15:00,99.79,92.7159268814804
2018-08-07 13:30:00,103.61,91.04685589383334
2018-08-07 13:45:00,58.54,98.56537741169295
2018-08-07 14:00:00,58.75,90.61858116388427
2018-08-07 14:15:00,50.94,75.30862875360623
2018-08-07 14:30:00,43.49,65.32901268484667
2018-08-07 14:45:00,42.84,62.307613278065304
2018-08-07 15:00:00,49.93,53.20150590798406
2018-08-07 15:15:00,54.11,51.21266346453836
2018-08-07 15:30:00,52.02,60.11113489830277
2018-08-07 15:45:00,56.84,64.14412445856203
2018-08-07 16:00:00,59.4,57.732571573773605
2018-08-07 16:15:00,58.75,59.03780731230637
2018-08-07 16:30:00,47.92,56.37818237938106
2018-08-07 16:45:00,87.19,56.3641809029719
2018-08-07 17:00:00,72.25,52.79048557067065
2018-08-07 17:15:00,104.76,76.5710235061453
2018-08-07 17:30:00,30.31,39.58241939082086
2018-08-07 17:45:00,30.42,53.55649152377939
2018-08-07 18:00:00,75.28,41.35314745590433
2018-08-07 18:15:00,77.22,79.19850376061642
2018-08-07 18:30:00,48.06,100.79195657061982
2018-08-07 18:45:00,49.68,91.55150778531181
2018-08-07 19:00:00,51.73,67.461796073912
2018-08-07 19:15:00,51.88,63.19179258955569
2018-08-07 19:30:00,47.34,56.016130107011456
2018-08-07 19:45:00,47.59,57.42870219620912
2018-08-07 20:00:00,48.35,51.926022441156775
2018-08-07 20:15:00,50.29,48.13486841457348
2018-08-07 20:30:00,50.0,52.584300076280265
2018-08-07 20:45:00,30.13,35.00470121970063
2018-08-07 21:00:00,26.42,7.126462980654274
2018-08-07 21:15:00,15.52,13.275207707464292
2018-08-07 21:30:00,4.14,11.506378480349708
2018-08-07 21:45:00,4.0,5.168683133010474
2018-08-07 22:00:00,3.82,4.022430803099217
2018-08-07 22:15:00,3.56,4.259143687153501
2018-08-07 22:30:00,3.06,3.3541293829867036
2018-08-07 22:45:00,2.88,3.319102668278248
2018-08-07 23:00:00,2.88,3.1973931325247356
2018-08-07 23:15:00,2.88,3.2244212606248994
2018-08-07 23:30:00,2.81,3.2244212606248994
2018-08-07 23:45:00,2.66,3.1584800974574416
2018-08-08 00:00:00,2.92,3.066098750354407
2018-08-08 00:15:00,3.46,3.066098750354407
2018-08-08 00:30:00,3.02,3.066098750354407
2018-08-08 00:45:00,3.13,3.4503408769503925
2018-08-08 01:00:00,3.31,3.092951686785709
2018-08-08 01:15:00,3.17,3.1027671583374947
2018-08-08 01:30:00,3.17,3.4503408769503925
2018-08-08 01:45:00,3.13,3.4372479480141283
2018-08-08 02:00:00,3.2,3.3448666009110934
2018-08-08 02:15:00,3.28,3.1869651965213204
2018-08-08 02:30:00,3.2,3.393897183792754
2018-08-08 02:45:00,3.67,3.5556507867580307
2018-08-08 03:00:00,3.28,3.4243589299087227
2018-08-08 03:15:00,3.17,3.568035379473543
2018-08-08 03:30:00,3.2,3.5932155503044574
2018-08-08 03:45:00,3.17,3.4281298357933383
2018-08-08 04:00:00,3.13,3.494503736962153
2018-08-08 04:15:00,3.17,3.519972956576842
2018-08-08 04:30:00,3.17,3.3915791625657654
2018-08-08 04:45:00,3.13,3.597599849280451
2018-08-08 05:00:00,3.17,3.5533325050962477
2018-08-08 05:15:00,3.17,3.291032491455584
2018-08-08 05:30:00,3.17,3.49705317817027
2018-08-08 05:45:00,3.53,3.49705317817027
2018-08-08 06:00:00,3.74,3.49705317817027
2018-08-08 06:15:00,3.17,3.387213843077932
2018-08-08 06:30:00,3.1,3.387213843077932
2018-08-08 06:45:00,3.13,3.3380188939646107
2018-08-08 07:00:00,3.2,3.352340420168562
2018-08-08 07:15:00,4.07,4.0568046482128395
2018-08-08 07:30:00,5.18,5.4709192046596815
2018-08-08 07:45:00,4.82,7.516597601411508
2018-08-08 08:00:00,34.99,49.156651737920626
2018-08-08 08:15:00,53.14,65.01744973510885
2018-08-08 08:30:00,64.91,66.17432146090313
2018-08-08 08:45:00,59.44,79.794268848401
2018-08-08 09:00:00,84.56,83.00109660995118
2018-08-08 09:15:00,56.38,62.54207546545825
2018-08-08 09:30:00,63.5,80.9409526343308
2018-08-08 09:45:00,103.93,62.28504530677953
2018-08-08 10:00:00,87.08,64.7577920696156
2018-08-08 10:15:00,90.61,83.88935814264914
2018-08-08 10:30:00,91.08,83.36480797484909
2018-08-08 10:45:00,106.99,84.83158586292646
2018-08-08 11:00:00,93.85,91.366312180436
2018-08-08 11:15:00,76.1,96.8297203238496
2018-08-08 11:30:00,117.68,91.62209885140946
2018-08-08 11:45:00,95.65,59.4875385893312
2018-08-08 12:00:00,7.24,24.855073195993775
2018-08-08 12:15:00,5.0,18.81456944306249
2018-08-08 12:30:00,4.93,3.1323375125739386
2018-08-08 12:45:00,4.93,4.391656110107672
2018-08-08 13:00:00,44.42,44.59802098513228
2018-08-08 13:15:00,123.16,68.29131369773194
2018-08-08 13:30:00,85.68,59.92584919016387
2018-08-08 13:45:00,93.92,101.48073019380462
2018-08-08 14:00:00,104.0,90.39175426230778
2018-08-08 14:15:00,79.56,84.66200139682167
2018-08-08 14:30:00,115.67,106.8286023853927
2018-08-08 14:45:00,81.68,88.3718580914011
2018-08-08 15:00:00,115.74,89.05963235377244
2018-08-08 15:15:00,111.38,87.874089960462
2018-08-08 15:30:00,69.23,88.67514557702255
2018-08-08 15:45:00,50.33,91.1162132211214
2018-08-08 16:00:00,45.86,82.5210523490678
2018-08-08 16:15:00,60.73,72.7922946743554
2018-08-08 16:30:00,42.73,58.29077935391486
2018-08-08 16:45:00,50.26,64.2478248015429
2018-08-08 17:00:00,49.43,48.599212699106666
2018-08-08 17:15:00,37.69,53.382278489546984
2018-08-08 17:30:00,30.96,34.87462258438827
2018-08-08 17:45:00,32.08,34.53445889131793
2018-08-08 18:00:00,38.34,38.429871823312
2018-08-08 18:15:00,47.38,47.65226210523216
2018-08-08 18:30:00,49.79,49.42627233581359
2018-08-08 18:45:00,52.56,56.97847091065368
2018-08-08 19:00:00,44.35,56.05635183568864
2018-08-08 19:15:00,64.44,56.30173673954949
2018-08-08 19:30:00,53.42,43.677468248801716
2018-08-08 19:45:00,111.06,59.68856405922114
2018-08-08 20:00:00,53.86,54.41179625149027
2018-08-08 20:15:00,94.14,84.32837430475135
2018-08-08 20:30:00,70.63,64.14954253393667
2018-08-08 20:45:00,22.0,61.397398449125866
2018-08-08 21:00:00,7.16,14.461412706190124
2018-08-08 21:15:00,4.18,7.3066476660508295
2018-08-08 21:30:00,3.89,7.95049723003889
2018-08-08 21:45:00,3.85,5.794341367698864
2018-08-08 22:00:00,3.71,3.7367114806496344
2018-08-08 22:15:00,3.24,3.8529031280514405
2018-08-08 22:30:00,2.7,3.451513856107147
2018-08-08 22:45:00,2.66,3.4608790797144158
2018-08-08 23:00:00,2.59,3.2635379936569526
2018-08-08 23:15:00,2.56,3.2500486369211767
2018-08-08 23:30:00,2.56,3.232350445452173
2018-08-08 23:45:00,2.66,3.251477895020961
2018-08-09 00:00:00,3.17,2.766357132401628
2018-08-09 00:15:00,2.84,3.179297118984991
2018-08-09 00:30:00,2.7,3.2437127145900457
2018-08-09 00:45:00,2.74,3.1038903424902253
2018-08-09 01:00:00,2.77,3.14561190835137
2018-08-09 01:15:00,2.77,3.089332581425392
2018-08-09 01:30:00,2.74,3.21779268438734
2018-08-09 01:45:00,2.74,3.081149272506183
2018-08-09 02:00:00,2.99,3.04507051664727
2018-08-09 02:15:00,3.2,3.1013498435732476
2018-08-09 02:30:00,2.77,3.108002208937485
2018-08-09 02:45:00,2.81,3.3762944366432897
2018-08-09 03:00:00,2.74,3.0758806239585588
2018-08-09 03:15:00,2.77,3.038716297204813
2018-08-09 03:30:00,2.77,3.0747950530637262
2018-08-09 03:45:00,2.77,3.1338168516473552
2018-08-09 04:00:00,2.77,3.151294079559613
2018-08-09 04:15:00,2.81,3.176763299174302
2018-08-09 04:30:00,2.81,3.140684543315389
2018-08-09 04:45:00,2.74,3.151294079559613
2018-08-09 05:00:00,2.77,3.151294079559613
2018-08-09 05:15:00,3.35,3.151294079559613
2018-08-09 05:30:00,3.13,3.151294079559613
2018-08-09 05:45:00,2.74,3.5849247070601047
2018-08-09 06:00:00,2.81,3.27342974430612
2018-08-09 06:15:00,2.74,3.140684543315389
2018-08-09 06:30:00,3.24,3.176763299174302
2018-08-09 06:45:00,2.92,3.210315878143242
2018-08-09 07:00:00,2.99,3.4744748102014023
2018-08-09 07:15:00,4.07,3.7916767146350416
2018-08-09 07:30:00,4.21,4.587300939846414
2018-08-09 07:45:00,8.21,7.461276312562027
2018-08-09 08:00:00,64.87,32.8116234415073
2018-08-09 08:15:00,98.32,69.37274633480021
2018-08-09 08:30:00,109.98,112.22869066974015
2018-08-09 08:45:00,96.41,110.19582097372317
2018-08-09 09:00:00,73.76,107.61175712780981
2018-08-09 09:15:00,98.86,99.23765702117822
2018-08-09 09:30:00,103.39,90.01043757511228
2018-08-09 09:45:00,110.66,95.05686825019845
2018-08-09 10:00:00,111.67,92.29890810068598
2018-08-09 10:15:00,88.88,88.83452136335262
2018-08-09 10:30:00,111.64,83.33708771751913
2018-08-09 10:45:00,72.11,82.10729963957974
2018-08-09 11:00:00,126.29,88.75824499294892
2018-08-09 11:15:00,94.54,85.84251430735641
2018-08-09 11:30:00,103.72,83.75061129049672
2018-08-09 11:45:00,89.39,75.14377669672687
2018-08-09 12:00:00,19.26,21.9589854123299
2018-08-09 12:15:00,4.9,23.867273335874753
2018-08-09 12:30:00,4.79,4.582353546017884
2018-08-09 12:45:00,4.57,5.908255206197648
2018-08-09 13:00:00,50.72,41.65356454637097
2018-08-09 13:15:00,107.21,76.32096153651966
2018-08-09 13:30:00,72.43,83.95507871737517
2018-08-09 13:45:00,133.06,81.41895755760898
2018-08-09 14:00:00,66.1,85.93700560510176
2018-08-09 14:15:00,42.37,95.97543863003656
2018-08-09 14:30:00,49.18,85.40558233947797
2018-08-09 14:45:00,62.39,57.162551374502975
2018-08-09 15:00:00,44.35,70.89180405457175
2018-08-09 15:15:00,40.0,70.1396094840792
2018-08-09 15:30:00,49.9,47.63468871625105
2018-08-09 15:45:00,67.43,52.0507535055927
2018-08-09 16:00:00,59.8,57.267985771092874
2018-08-09 16:15:00,54.04,65.96469069620179
2018-08-09 16:30:00,46.26,59.507926703237565
2018-08-09 16:45:00,44.96,60.148088997120496
2018-08-09 17:00:00,56.99,44.73818637767947
2018-08-09 17:15:00,44.03,43.26435470758657
2018-08-09 17:30:00,30.53,32.14382580155618
2018-08-09 17:45:00,31.43,29.40896792590953
2018-08-09 18:00:00,51.59,37.568945204396144
2018-08-09 18:15:00,44.6,53.23371747397605
2018-08-09 18:30:00,44.75,63.765934888257114
2018-08-09 18:45:00,49.32,51.109133067287004
2018-08-09 19:00:00,52.78,48.24365296480826
2018-08-09 19:15:00,52.2,58.27575023283189
2018-08-09 19:30:00,49.03,57.15186244978638
2018-08-09 19:45:00,42.73,54.061194068912414
2018-08-09 20:00:00,50.36,52.5749085136492
2018-08-09 20:15:00,49.5,46.406624216868245
2018-08-09 20:30:00,46.55,49.54976822461588
2018-08-09 20:45:00,16.99,16.85673112531491
2018-08-09 21:00:00,10.15,9.560199664750602
2018-08-09 21:15:00,5.98,4.413994430869902
2018-08-09 21:30:00,4.46,5.8921672150280076
2018-08-09 21:45:00,3.89,3.7767961445366507
2018-08-09 22:00:00,3.67,4.077290553261266
2018-08-09 22:15:00,3.49,3.833661391971666
2018-08-09 22:30:00,3.46,1.8826668894360599
2018-08-09 22:45:00,3.24,3.4444058796315082
2018-08-09 23:00:00,2.66,3.554782322689419
2018-08-09 23:15:00,2.63,3.608663387220885
2018-08-09 23:30:00,2.63,3.2244212606248994
2018-08-09 23:45:00,2.7,3.1907360499912785
2018-08-10 00:00:00,2.7,3.0946729429886135
2018-08-10 00:15:00,2.66,3.0946729429886135
2018-08-10 00:30:00,2.7,2.9662128400266656
2018-08-10 00:45:00,2.66,2.9662128400266656
2018-08-10 01:00:00,2.66,2.9662128400266656
2018-08-10 01:15:00,2.7,2.9662128400266656
2018-08-10 01:30:00,2.74,2.9662128400266656
2018-08-10 01:45:00,2.66,2.9662128400266656
2018-08-10 02:00:00,2.7,2.9219507752485434
2018-08-10 02:15:00,2.7,2.9219507752485434
2018-08-10 02:30:00,3.31,2.9219507752485434
2018-08-10 02:45:00,2.88,2.9219507752485434
2018-08-10 03:00:00,2.66,3.3146461701106738
2018-08-10 03:15:00,2.74,2.920034485404931
2018-08-10 03:30:00,3.06,2.920034485404931
2018-08-10 03:45:00,2.56,2.920034485404931
2018-08-10 04:00:00,2.52,3.0728847280376144
2018-08-10 04:15:00,2.63,2.987009993022683
2018-08-10 04:30:00,2.63,2.95093123716377
2018-08-10 04:45:00,2.59,2.95093123716377
2018-08-10 05:00:00,2.59,2.987009993022683
2018-08-10 05:15:00,2.56,3.007210564089748
2018-08-10 05:30:00,2.56,2.95093123716377
2018-08-10 05:45:00,2.52,2.95093123716377
2018-08-10 06:00:00,2.52,2.95093123716377
2018-08-10 06:15:00,2.66,2.95093123716377
2018-08-10 06:30:00,2.66,3.007210564089748
2018-08-10 06:45:00,2.66,2.9719625271796146
2018-08-10 07:00:00,2.59,2.9719625271796146
2018-08-10 07:15:00,3.53,2.3307175450126105
2018-08-10 07:30:00,7.31,3.0160172803884198
2018-08-10 07:45:00,6.34,5.16555037623498
2018-08-10 08:00:00,37.4,45.11409400085876
2018-08-10 08:15:00,49.9,73.93610390041256
2018-08-10 08:30:00,55.73,83.47647140889717
2018-08-10 08:45:00,47.84,81.94246943539568
2018-08-10 09:00:00,50.65,68.38257431153596
2018-08-10 09:15:00,55.08,57.070682788506346
2018-08-10 09:30:00,51.55,52.10228296738705
2018-08-10 09:45:00,52.09,56.209118207736
2018-08-10 10:00:00,42.7,53.7098556894111
2018-08-10 10:15:00,44.14,51.406714659005914
2018-08-10 10:30:00,60.37,45.28975342364102
2018-08-10 10:45:00,91.44,50.400119611487554
2018-08-10 11:00:00,69.8,62.168791223718955
2018-08-10 11:15:00,94.32,77.06799420683349
2018-08-10 11:30:00,105.77,67.92132850859635
2018-08-10 11:45:00,113.72,74.76244782363173
2018-08-10 12:00:00,12.31,31.54228448251119
2018-08-10 12:15:00,4.79,23.764503940498912
2018-08-10 12:30:00,4.68,4.365332312585585
2018-08-10 12:45:00,4.61,0.8628778719124648
2018-08-10 13:00:00,30.06,35.16006185933969
2018-08-10 13:15:00,123.8,47.87129219256796
2018-08-10 13:30:00,105.7,58.943606678586974
2018-08-10 13:45:00,94.93,92.55819264434079
2018-08-10 14:00:00,115.45,94.13237377576162
2018-08-10 14:15:00,86.47,90.32769751387863
2018-08-10 14:30:00,91.84,111.16631729917523
2018-08-10 14:45:00,89.35,89.78887813475988
2018-08-10 15:00:00,90.18,76.41295108358489
2018-08-10 15:15:00,106.67,82.79991099317245
2018-08-10 15:30:00,131.0,85.26992166548035
2018-08-10 15:45:00,107.46,86.9214430782144
2018-08-10 16:00:00,103.46,94.52517385981201
2018-08-10 16:15:00,100.22,99.90182327532554
2018-08-10 16:30:00,118.04,97.5906795572523
2018-08-10 16:45:00,55.66,95.99335577217373
2018-08-10 17:00:00,83.27,84.83122879572947
2018-08-10 17:15:00,99.83,70.09023823877573
2018-08-10 17:30:00,30.71,48.63596683683554
2018-08-10 17:45:00,29.81,32.167911676529314
2018-08-10 18:00:00,63.79,52.33701469974386
2018-08-10 18:15:00,79.96,77.08635383947751
2018-08-10 18:30:00,98.75,89.24520760959177
2018-08-10 18:45:00,86.9,81.60371757190184
2018-08-10 19:00:00,110.84,84.63714781995964
2018-08-10 19:15:00,73.55,85.0709642208962
2018-08-10 19:30:00,112.61,87.0951742358103
2018-08-10 19:45:00,91.8,89.4863877287977
2018-08-10 20:00:00,100.33,83.56279176492764
2018-08-10 20:15:00,84.46,91.55080165489574
2018-08-10 20:30:00,102.46,69.74182786348501
2018-08-10 20:45:00,64.8,25.775087466979045
2018-08-10 21:00:00,4.46,21.06909361067653
2018-08-10 21:15:00,4.25,8.33272228943413
2018-08-10 21:30:00,3.74,5.103232000100752
2018-08-10 21:45:00,3.78,0.8216789003984369
2018-08-10 22:00:00,3.56,3.379881571509122
2018-08-10 22:15:00,3.28,4.179828553360457
2018-08-10 22:30:00,3.24,2.258790244857932
2018-08-10 22:45:00,2.74,2.62641562432256
2018-08-10 23:00:00,2.7,3.617106636573178
2018-08-10 23:15:00,2.7,2.2221225203136963
2018-08-10 23:30:00,2.66,3.256491516617442
2018-08-10 23:45:00,2.7,0.7337524820260172
2018-08-11 00:00:00,2.66,2.937211738628639
2018-08-11 00:15:00,2.81,2.493871024490242
2018-08-11 00:30:00,2.74,2.8087516356666913
2018-08-11 00:45:00,2.7,2.493871024490242
2018-08-11 01:00:00,2.74,3.152070397579374
2018-08-11 01:15:00,2.77,3.1375126365145407
2018-08-11 01:30:00,3.35,3.1375126365145407
2018-08-11 01:45:00,2.92,3.1293293275953316
2018-08-11 02:00:00,2.74,3.477492698332404
2018-08-11 02:15:00,2.7,3.0932505717364185
2018-08-11 02:30:00,2.66,3.1419379102376883
2018-08-11 02:45:00,2.66,3.1217373391706236
2018-08-11 03:00:00,3.28,3.159727847738408
2018-08-11 03:15:00,2.99,3.1198210493270113
2018-08-11 03:30:00,2.77,3.4764376883302286
2018-08-11 03:45:00,2.77,3.1105952298994004
2018-08-11 04:00:00,2.77,3.1146390452269372
2018-08-11 04:15:00,2.77,3.1146390452269372
2018-08-11 04:30:00,2.81,3.2307708896853238
2018-08-11 04:45:00,2.74,3.1507178010858503
2018-08-11 05:00:00,2.81,3.1507178010858503
2018-08-11 05:15:00,2.74,3.1507178010858503
2018-08-11 05:30:00,2.74,3.1507178010858503
2018-08-11 05:45:00,2.74,3.171749091101695
2018-08-11 06:00:00,2.74,3.171749091101695
2018-08-11 06:15:00,2.74,3.1146390452269372
2018-08-11 06:30:00,2.84,3.1507178010858503
2018-08-11 06:45:00,2.7,3.1146390452269372
2018-08-11 07:00:00,2.7,3.1146390452269372
2018-08-11 07:15:00,3.28,3.7508237974641454
2018-08-11 07:30:00,4.25,2.4368000986552443
2018-08-11 07:45:00,5.44,3.4506490832310703
2018-08-11 08:00:00,68.94,27.674249065236324
2018-08-11 08:15:00,111.38,39.64562868295211
2018-08-11 08:30:00,77.72,98.456481159502
2018-08-11 08:45:00,109.84,95.65242557007278
2018-08-11 09:00:00,91.19,98.23161625639234
2018-08-11 09:15:00,109.91,89.89755437648164
2018-08-11 09:30:00,87.88,90.06118526338261
2018-08-11 09:45:00,110.59,79.61064216574759
2018-08-11 10:00:00,73.87,87.70320804037281
2018-08-11 10:15:00,78.44,82.96885833527612
2018-08-11 10:30:00,76.25,76.03107156687419
2018-08-11 10:45:00,90.76,83.93790758962288
2018-08-11 11:00:00,94.86,75.08368710272339
2018-08-11 11:15:00,71.71,81.53522038966554
2018-08-11 11:30:00,103.82,80.59825514846484
2018-08-11 11:45:00,56.63,61.43216842515777
2018-08-11 12:00:00,4.0,24.521411074944304
2018-08-11 12:15:00,4.21,3.4014314091487305
2018-08-11 12:30:00,3.92,5.148597053688766
2018-08-11 12:45:00,4.21,6.151163964925588
2018-08-11 13:00:00,37.22,29.126283994566748
2018-08-11 13:15:00,83.99,72.29202297417793
2018-08-11 13:30:00,95.65,56.62155469596121
2018-08-11 13:45:00,109.33,74.34546876921782
2018-08-11 14:00:00,89.32,90.96840674872605
2018-08-11 14:15:00,105.59,90.74592031259303
2018-08-11 14:30:00,96.3,90.48245308379171
2018-08-11 14:45:00,103.57,88.98433138132354
2018-08-11 15:00:00,93.56,91.22559444141528
2018-08-11 15:15:00,71.64,82.28602962470436
2018-08-11 15:30:00,72.54,92.35947299249187
2018-08-11 15:45:00,86.9,94.51604703186021
2018-08-11 16:00:00,103.36,72.6639638066554
2018-08-11 16:15:00,81.9,81.08187222323885
2018-08-11 16:30:00,95.83,77.61148181985553
2018-08-11 16:45:00,15.55,62.42232228043498
2018-08-11 17:00:00,5.62,51.5092375520882
2018-08-11 17:15:00,4.0,0.0
2018-08-11 17:30:00,3.78,7.323998487113416
2018-08-11 17:45:00,3.2,1.4294740454534456
2018-08-11 18:00:00,2.84,0.0
2018-08-11 18:15:00,2.74,9.663440891261612
2018-08-11 18:30:00,2.88,5.890522831856601
2018-08-11 18:45:00,3.06,9.02594005429902
2018-08-11 19:00:00,3.06,6.300837174280666
2018-08-11 19:15:00,3.02,4.52950816631114
2018-08-11 19:30:00,3.02,11.722230743641783
2018-08-11 19:45:00,3.06,6.031633183116623
2018-08-11 20:00:00,3.1,9.032452705977233
2018-08-11 20:15:00,3.17,7.225386595469212
2018-08-11 20:30:00,3.1,6.430067626727459
2018-08-11 20:45:00,3.1,3.899930899498896
2018-08-11 21:00:00,3.1,3.175585430837761
2018-08-11 21:15:00,3.17,3.175585430837761
2018-08-11 21:30:00,3.17,3.175585430837761
2018-08-11 21:45:00,3.24,3.429725399877359
2018-08-11 22:00:00,3.49,3.3373440527743243
2018-08-11 22:15:00,2.88,3.39855098462942
2018-08-11 22:30:00,2.74,3.3775196946135755
2018-08-11 22:45:00,3.17,3.0170513296910855
2018-08-11 23:00:00,3.24,3.0504108782104913
2018-08-11 23:15:00,2.59,3.329178728767178
2018-08-11 23:30:00,2.66,3.434653004806477
2018-08-11 23:45:00,2.74,2.9580295311074565
2018-08-12 00:00:00,2.7,2.9219507752485434
2018-08-12 00:15:00,2.74,3.0504108782104913
2018-08-12 00:30:00,2.74,3.0504108782104913
2018-08-12 00:45:00,2.7,2.9219507752485434
2018-08-12 01:00:00,2.7,2.9219507752485434
2018-08-12 01:15:00,2.7,2.9219507752485434
2018-08-12 01:30:00,2.74,2.978230102174521
2018-08-12 01:45:00,2.81,2.9219507752485434
2018-08-12 02:00:00,2.77,2.9219507752485434
2018-08-12 02:15:00,2.77,2.9219507752485434
2018-08-12 02:30:00,3.06,2.9219507752485434
2018-08-12 02:45:00,3.06,2.900919485232699
2018-08-12 03:00:00,2.77,3.0050830386058234
2018-08-12 03:15:00,2.77,3.003997467710991
2018-08-12 03:30:00,2.84,2.9561132412638442
2018-08-12 03:45:00,2.77,2.9561132412638442
2018-08-12 04:00:00,2.77,2.987009993022683
2018-08-12 04:15:00,2.77,2.987009993022683
2018-08-12 04:30:00,2.81,2.987009993022683
2018-08-12 04:45:00,3.28,2.987009993022683
2018-08-12 05:00:00,3.2,2.987009993022683
2018-08-12 05:15:00,2.74,3.3797053878848136
2018-08-12 05:30:00,2.66,3.2742311118455145
2018-08-12 05:45:00,2.74,2.987009993022683
2018-08-12 06:00:00,2.77,3.0080412830385277
2018-08-12 06:15:00,2.74,3.046031791606312
2018-08-12 06:30:00,3.17,3.046031791606312
2018-08-12 06:45:00,2.84,2.9719625271796146
2018-08-12 07:00:00,2.74,3.043870034870809
2018-08-12 07:15:00,2.7,3.5814287936727505
2018-08-12 07:30:00,2.7,4.087325618606969
2018-08-12 07:45:00,2.63,3.896546087689
2018-08-12 08:00:00,2.59,20.45614467813346
2018-08-12 08:15:00,2.63,34.16021776062747
2018-08-12 08:30:00,2.7,7.223134544596834
2018-08-12 08:45:00,2.95,18.824715824139233
2018-08-12 09:00:00,3.06,9.188312389734499
2018-08-12 09:15:00,3.02,14.221954390760779
2018-08-12 09:30:00,3.1,6.118366169454803
2018-08-12 09:45:00,3.06,9.477614241864824
2018-08-12 10:00:00,3.06,3.081186843343526
2018-08-12 10:15:00,3.1,2.7473074833774285
2018-08-12 10:30:00,3.64,0.9949250731131464
2018-08-12 10:45:00,3.13,4.776560746885441
2018-08-12 11:00:00,3.02,7.374938797382071
2018-08-12 11:15:00,3.24,4.480585811927271
2018-08-12 11:30:00,2.7,7.0755434307874925
2018-08-12 11:45:00,2.77,5.20811939018417
2018-08-12 12:00:00,2.88,3.0112629669693645
2018-08-12 12:15:00,3.06,2.8619142795276096
2018-08-12 12:30:00,3.06,2.7592306958488093
2018-08-12 12:45:00,3.06,2.8117800463035563
2018-08-12 13:00:00,3.1,4.071916129025379
2018-08-12 13:15:00,3.06,5.326674909486458
2018-08-12 13:30:00,3.1,6.780661743487155
2018-08-12 13:45:00,3.02,7.639002546630697
2018-08-12 14:00:00,3.02,5.154547513870131
2018-08-12 14:15:00,2.99,5.365022856855192
2018-08-12 14:30:00,3.06,6.668105515501315
2018-08-12 14:45:00,3.02,6.235791705080277
2018-08-12 15:00:00,3.06,6.582316748242131
2018-08-12 15:15:00,3.1,3.410209770286777
2018-08-12 15:30:00,3.64,3.6581532609023366
2018-08-12 15:45:00,3.06,4.3094651821493395
2018-08-12 16:00:00,3.1,6.24148426265664
2018-08-12 16:15:00,2.99,1.0691430354826181
2018-08-12 16:30:00,3.02,3.2460809278524096
2018-08-12 16:45:00,3.02,3.1357329955626314
2018-08-12 17:00:00,3.02,3.0856177533134024
2018-08-12 17:15:00,3.56,2.9932364062103676
2018-08-12 17:30:00,3.38,2.9932364062103676
2018-08-12 17:45:00,2.99,2.842906001544341
2018-08-12 18:00:00,2.77,3.125941222784805
2018-08-12 18:15:00,2.74,3.274744425772176
2018-08-12 18:30:00,2.88,3.2478914893408737
2018-08-12 18:45:00,2.99,2.9763427451378455
2018-08-12 19:00:00,3.02,2.9763427451378455
2018-08-12 19:15:00,3.06,2.95880250994346
2018-08-12 19:30:00,3.02,2.95880250994346
2018-08-12 19:45:00,3.06,2.8602540528159373
2018-08-12 20:00:00,3.02,2.8963328086748503
2018-08-12 20:15:00,3.46,2.8963328086748503
2018-08-12 20:30:00,3.28,2.8654360569160113
2018-08-12 20:45:00,3.13,3.2037102469084626
2018-08-12 21:00:00,3.13,3.2037102469084626
2018-08-12 21:15:00,3.13,2.892215284154478
2018-08-12 21:30:00,3.13,2.892215284154478
2018-08-12 21:45:00,3.13,3.0408759581834905
2018-08-12 22:00:00,2.99,3.0408759581834905
2018-08-12 22:15:00,2.7,2.947338144379389
2018-08-12 22:30:00,2.92,2.9014439169686903
2018-08-12 22:45:00,3.28,2.878489918896106
2018-08-12 23:00:00,2.88,2.9681287943414896
2018-08-12 23:15:00,2.66,3.2960915940114974
2018-08-12 23:30:00,2.74,2.819468120312477
2018-08-12 23:45:00,2.84,2.783389364453564
2018-08-13 00:00:00,2.77,2.894884728796463
2018-08-13 00:15:00,2.81,2.9872660758994978
2018-08-13 00:30:00,3.28,2.894884728796463
2018-08-13 00:45:00,2.74,2.85880597293755
2018-08-13 01:00:00,2.77,3.2827413780380637
2018-08-13 01:15:00,2.77,2.894884728796463
2018-08-13 01:30:00,2.81,2.894884728796463
2018-08-13 01:45:00,2.77,2.894884728796463
2018-08-13 02:00:00,2.77,2.9872660758994978
2018-08-13 02:15:00,2.81,2.85880597293755
2018-08-13 02:30:00,2.84,2.886547860838901
2018-08-13 02:45:00,2.77,2.894884728796463
2018-08-13 03:00:00,2.7,2.894884728796463
2018-08-13 03:15:00,2.74,2.913999728968695
2018-08-13 03:30:00,2.7,2.905662861011133
2018-08-13 03:45:00,2.74,2.905662861011133
2018-08-13 04:00:00,2.74,2.990498755464582
2018-08-13 04:15:00,2.81,2.98216188750702
2018-08-13 04:30:00,3.74,2.954419999605669
2018-08-13 04:45:00,3.74,3.010699326531647
2018-08-13 05:00:00,2.74,3.894684659720248
2018-08-13 05:15:00,2.7,3.894684659720248
2018-08-13 05:30:00,2.7,2.946083131648107
2018-08-13 05:45:00,2.66,2.990498755464582
2018-08-13 06:00:00,2.66,3.041183686090649
2018-08-13 06:15:00,2.63,3.041183686090649
2018-08-13 06:30:00,2.74,2.954419999605669
2018-08-13 06:45:00,2.7,2.954419999605669
2018-08-13 07:00:00,2.7,3.0373616905967684
2018-08-13 07:15:00,3.53,2.7567709603597557
2018-08-13 07:30:00,4.03,3.298882496346644
2018-08-13 07:45:00,3.85,5.526370151983205
2018-08-13 08:00:00,26.64,25.440674841875527
2018-08-13 08:15:00,92.23,59.06150060628368
2018-08-13 08:30:00,82.08,63.593483062100816
2018-08-13 08:45:00,119.92,84.41485727185973
2018-08-13 09:00:00,92.34,87.11733197224353
2018-08-13 09:15:00,110.2,86.8596118531115
2018-08-13 09:30:00,89.78,91.19098075175941
2018-08-13 09:45:00,106.34,88.80127045437399
2018-08-13 10:00:00,84.31,96.34836644769973
2018-08-13 10:15:00,104.62,85.461946431626
2018-08-13 10:30:00,81.94,87.19215009051476
2018-08-13 10:45:00,100.66,90.52194653270445
2018-08-13 11:00:00,101.99,80.91549626650102
2018-08-13 11:15:00,81.54,90.65691495186574
2018-08-13 11:30:00,100.94,96.06107275386336
2018-08-13 11:45:00,96.55,87.52004955442641
2018-08-13 12:00:00,28.87,18.809519201368595
2018-08-13 12:15:00,24.01,5.313653601255529
2018-08-13 12:30:00,4.97,15.1311032967909
2018-08-13 12:45:00,4.97,26.702181550309064
2018-08-13 13:00:00,60.48,79.55174274576473
2018-08-13 13:15:00,90.07,97.3872662897738
2018-08-13 13:30:00,107.6,94.92117416244646
2018-08-13 13:45:00,111.46,95.97727517992443
2018-08-13 14:00:00,105.19,106.70222685595895
2018-08-13 14:15:00,85.75,107.92803417323918
2018-08-13 14:30:00,109.19,83.01543132850051
2018-08-13 14:45:00,93.6,83.96459209466796
2018-08-13 15:00:00,57.56,85.16298983800662
2018-08-13 15:15:00,57.64,92.35736632679254
2018-08-13 15:30:00,75.64,76.3555816728337
2018-08-13 15:45:00,76.1,75.16480442443716
2018-08-13 16:00:00,91.98,89.27065876099563
2018-08-13 16:15:00,85.18,80.84558433412619
2018-08-13 16:30:00,102.64,81.60355421062556
2018-08-13 16:45:00,110.05,81.7865484110097
2018-08-13 17:00:00,95.36,74.46541604747406
2018-08-13 17:15:00,101.2,94.5173691653199
2018-08-13 17:30:00,35.21,50.9113218552861
2018-08-13 17:45:00,32.11,39.705340334685935
2018-08-13 18:00:00,68.29,78.32201267373259
2018-08-13 18:15:00,86.9,93.83493099758627
2018-08-13 18:30:00,103.1,95.91521682994501
2018-08-13 18:45:00,70.13,98.5759791464813
2018-08-13 19:00:00,103.68,96.4309166631467
2018-08-13 19:15:00,88.74,84.0847648577458
2018-08-13 19:30:00,104.4,87.0888220947779
2018-08-13 19:45:00,83.63,91.24124398860671
2018-08-13 20:00:00,99.68,84.8812416133551
2018-08-13 20:15:00,91.98,84.12473053291266
2018-08-13 20:30:00,105.37,79.32773995082701
2018-08-13 20:45:00,68.29,53.94190541035871
2018-08-13 21:00:00,6.05,22.253736438099224
2018-08-13 21:15:00,4.61,16.41374208900898
2018-08-13 21:30:00,4.43,3.6693133254299988
2018-08-13 21:45:00,4.1,2.294938503489055
2018-08-13 22:00:00,3.89,6.076473654572246
2018-08-13 22:15:00,3.6,2.015542220556258
2018-08-13 22:30:00,3.67,5.240102327384233
2018-08-13 22:45:00,3.67,2.916804288922145
2018-08-13 23:00:00,3.64,4.079635524216055
2018-08-13 23:15:00,2.99,3.2881214484683445
2018-08-13 23:30:00,2.84,3.6856112936483965
2018-08-13 23:45:00,2.74,2.9736482138027354
2018-08-14 00:00:00,2.84,3.2603664173344225
2018-08-14 00:15:00,3.06,2.945485806157973
2018-08-14 00:30:00,3.46,3.3166457442604003
2018-08-14 00:45:00,2.81,2.8799573954862403
2018-08-14 01:00:00,2.84,3.6911726752842395
2018-08-14 01:15:00,2.92,3.2562940317645075
2018-08-14 01:30:00,2.84,3.2923727876234206
2018-08-14 01:45:00,2.84,3.2923727876234206
2018-08-14 02:00:00,3.13,3.3847541347264554
2018-08-14 02:15:00,3.02,3.2481107228452983
2018-08-14 02:30:00,3.06,3.321769187244047
2018-08-14 02:45:00,3.02,3.2749636592766005
2018-08-14 03:00:00,3.02,3.2749636592766005
2018-08-14 03:15:00,3.06,3.2940786594488327
2018-08-14 03:30:00,3.31,3.2843661136329874
2018-08-14 03:45:00,3.56,3.1919847665299526
2018-08-14 04:00:00,2.92,3.608857031841979
2018-08-14 04:15:00,2.92,3.6343262514566677
2018-08-14 04:30:00,2.88,3.3421775277047185
2018-08-14 04:45:00,2.92,3.4442714206235987
2018-08-14 05:00:00,2.92,3.3006526551781663
2018-08-14 05:15:00,2.92,3.3006526551781663
2018-08-14 05:30:00,2.88,3.2416308565945373
2018-08-14 05:45:00,2.88,3.2416308565945373
2018-08-14 06:00:00,2.92,3.2416308565945373
2018-08-14 06:15:00,3.46,3.2416308565945373
2018-08-14 06:30:00,2.84,3.2416308565945373
2018-08-14 06:45:00,2.81,3.4190126403250307
2018-08-14 07:00:00,2.81,3.302938785307515
2018-08-14 07:15:00,3.35,3.4442542876057294
2018-08-14 07:30:00,3.92,3.67199702195899
2018-08-14 07:45:00,3.67,6.256332946071165
2018-08-14 08:00:00,22.32,49.19418046105738
2018-08-14 08:15:00,101.63,63.15006666112483
2018-08-14 08:30:00,93.49,56.93184338215086
2018-08-14 08:45:00,69.41,85.36566738479323
2018-08-14 09:00:00,96.66,96.37246184482834
2018-08-14 09:15:00,82.69,89.96609489746223
2018-08-14 09:30:00,76.28,83.21480942966268
2018-08-14 09:45:00,97.49,89.66835674327666
2018-08-14 10:00:00,105.88,84.71090480380346
2018-08-14 10:15:00,91.8,92.17580811986558
2018-08-14 10:30:00,106.49,92.31106222918828
2018-08-14 10:45:00,57.28,87.97119485356684
2018-08-14 11:00:00,63.79,93.21866873831004
2018-08-14 11:15:00,72.68,70.68281671815154
2018-08-14 11:30:00,53.21,66.98744717851974
2018-08-14 11:45:00,72.86,75.06138468287585
2018-08-14 12:00:00,15.23,11.46559238128397
2018-08-14 12:15:00,5.87,11.754709103496463
2018-08-14 12:30:00,5.87,6.069134379234416
2018-08-14 12:45:00,5.76,5.526648662716536
2018-08-14 13:00:00,52.99,49.72617490072599
2018-08-14 13:15:00,63.25,85.04248663083337
2018-08-14 13:30:00,71.42,78.42362491784515
2018-08-14 13:45:00,66.1,67.82389856808649
2018-08-14 14:00:00,74.48,74.07720699202712
2018-08-14 14:15:00,96.12,74.81942585463817
2018-08-14 14:30:00,81.22,65.1012893781394
2018-08-14 14:45:00,96.7,80.66509624348188
2018-08-14 15:00:00,95.08,81.68152710800419
2018-08-14 15:15:00,75.92,84.84648480953433
2018-08-14 15:30:00,89.78,90.9461511937965
2018-08-14 15:45:00,93.64,84.74230050792089
2018-08-14 16:00:00,83.59,83.90853202837314
2018-08-14 16:15:00,88.09,89.43507957592209
2018-08-14 16:30:00,105.26,84.96538495737825
2018-08-14 16:45:00,86.0,86.8693358196063
2018-08-14 17:00:00,105.48,83.55304940916642
2018-08-14 17:15:00,70.99,81.23897694442266
2018-08-14 17:30:00,29.92,33.12926248687625
2018-08-14 17:45:00,29.99,32.04685722018809
2018-08-14 18:00:00,67.5,61.27194086453048
2018-08-14 18:15:00,106.45,85.41574850484095
2018-08-14 18:30:00,85.03,86.56565333146293
2018-08-14 18:45:00,108.36,102.31303092525532
2018-08-14 19:00:00,75.89,89.00389807688099
2018-08-14 19:15:00,95.94,98.5929110619816
2018-08-14 19:30:00,82.62,88.8111913128259
2018-08-14 19:45:00,89.5,94.13323623649315
2018-08-14 20:00:00,95.44,90.88592353619414
2018-08-14 20:15:00,81.61,86.05926979039059
2018-08-14 20:30:00,119.34,84.76739131512309
2018-08-14 20:45:00,37.73,60.77635874201104
2018-08-14 21:00:00,28.4,26.947999718865756
2018-08-14 21:15:00,4.0,17.769638687464404
2018-08-14 21:30:00,3.89,16.87710970860483
2018-08-14 21:45:00,3.85,12.526775940382935
2018-08-14 22:00:00,3.42,5.082039873489283
2018-08-14 22:15:00,2.77,5.282743030924745
2018-08-14 22:30:00,2.77,3.219567604359578
2018-08-14 22:45:00,2.77,3.3194997687848122
2018-08-14 23:00:00,2.74,2.9424824906582834
2018-08-14 23:15:00,2.74,3.111055078656739
2018-08-14 23:30:00,2.74,3.2393127569585354
2018-08-14 23:45:00,2.81,3.113010829450249
2018-08-15 00:00:00,2.74,3.0568748944586432
2018-08-15 00:15:00,2.74,2.9952101646723444
2018-08-15 00:30:00,2.59,3.077075465525708
2018-08-15 00:45:00,2.63,2.7059155274232807
2018-08-15 01:00:00,2.59,3.145183855991763
2018-08-15 01:15:00,2.63,3.181262611850676
2018-08-15 01:30:00,2.63,3.145183855991763
2018-08-15 01:45:00,2.59,3.100921791213641
2018-08-15 02:00:00,2.95,3.100921791213641
2018-08-15 02:15:00,3.13,3.093329802788933
2018-08-15 02:30:00,3.2,3.094713519605546
2018-08-15 02:45:00,2.81,3.141519047572993
2018-08-15 03:00:00,2.59,3.3550817019970753
2018-08-15 03:15:00,2.59,3.0869755833464763
2018-08-15 03:30:00,2.63,3.179333666131367
2018-08-15 03:45:00,2.7,3.7841536969220586
2018-08-15 04:00:00,2.74,3.284044383899594
2018-08-15 04:15:00,2.66,3.1995533657012762
2018-08-15 04:30:00,2.59,3.163474609842363
2018-08-15 04:45:00,2.63,3.163474609842363
2018-08-15 05:00:00,2.63,3.163474609842363
2018-08-15 05:15:00,2.63,3.163474609842363
2018-08-15 05:30:00,2.66,3.163474609842363
2018-08-15 05:45:00,2.59,3.163474609842363
2018-08-15 06:00:00,2.59,3.163474609842363
2018-08-15 06:15:00,2.99,3.24522315638303
2018-08-15 06:30:00,3.06,3.188943829457052
2018-08-15 06:45:00,2.59,3.215796765888354
2018-08-15 07:00:00,2.66,3.277104694601332
2018-08-15 07:15:00,3.1,3.1125862683062837
2018-08-15 07:30:00,3.64,3.1337344947504624
2018-08-15 07:45:00,5.8,4.841173254507734
2018-08-15 08:00:00,33.73,40.77908497259999
2018-08-15 08:15:00,46.76,75.35205258673452
2018-08-15 08:30:00,56.99,54.90101992710347
2018-08-15 08:45:00,62.42,59.380967957710475
2018-08-15 09:00:00,57.46,64.42780315677257
2018-08-15 09:15:00,81.11,61.19203298651643
2018-08-15 09:30:00,101.02,56.385271891760006
2018-08-15 09:45:00,82.3,70.51193356449585
2018-08-15 10:00:00,100.69,80.41152819154962
2018-08-15 10:15:00,112.68,78.64648230872612
2018-08-15 10:30:00,99.97,90.27064358590815
2018-08-15 10:45:00,111.17,97.0288047960037
2018-08-15 11:00:00,83.34,89.14631625903102
2018-08-15 11:15:00,113.98,80.82476074831584
2018-08-15 11:30:00,69.7,95.21804554317033
2018-08-15 11:45:00,70.45,81.16371717629612
2018-08-15 12:00:00,6.91,2.1817490569214986
2018-08-15 12:15:00,7.81,3.0036124896156307
2018-08-15 12:30:00,7.02,7.490603538802997
2018-08-15 12:45:00,7.13,11.10168148054415
2018-08-15 13:00:00,46.12,60.808693386463695
2018-08-15 13:15:00,107.35,72.80402244127481
2018-08-15 13:30:00,67.68,83.42039894898997
2018-08-15 13:45:00,103.32,92.56006278719858
2018-08-15 14:00:00,108.68,79.3331394907618
2018-08-15 14:15:00,66.35,66.33940710383635
2018-08-15 14:30:00,99.76,103.52230552168724
2018-08-15 14:45:00,92.27,86.70958617061206
2018-08-15 15:00:00,72.32,85.08703189168904
2018-08-15 15:15:00,49.61,92.68542199257587
2018-08-15 15:30:00,78.05,79.80948076280201
2018-08-15 15:45:00,99.68,67.70781970219333
2018-08-15 16:00:00,99.0,75.36433703429853
2018-08-15 16:15:00,78.19,85.61771809125216
2018-08-15 16:30:00,71.42,87.18348153820676
2018-08-15 16:45:00,18.86,89.03098519108705
2018-08-15 17:00:00,5.4,74.86644420569026
2018-08-15 17:15:00,3.96,11.084242626949985
2018-08-15 17:30:00,3.85,3.2741224412568863
2018-08-15 17:45:00,3.38,5.9216394635933955
2018-08-15 18:00:00,2.99,4.990601171559166
2018-08-15 18:15:00,2.81,2.394402931677252
2018-08-15 18:30:00,2.99,0.45612342128831546
2018-08-15 18:45:00,3.2,5.093761592561765
2018-08-15 19:00:00,3.17,5.690093913725824
2018-08-15 19:15:00,3.1,6.475058115152731
2018-08-15 19:30:00,3.13,5.108716623183306
2018-08-15 19:45:00,3.13,0.0
2018-08-15 20:00:00,3.17,3.626075535920495
2018-08-15 20:15:00,3.28,5.401775315725412
2018-08-15 20:30:00,3.13,2.218575564719476
2018-08-15 20:45:00,3.2,4.007038080497995
2018-08-15 21:00:00,3.2,3.5879921624928857
2018-08-15 21:15:00,3.28,3.3819365516873954
2018-08-15 21:30:00,3.24,3.4935325543461873
2018-08-15 21:45:00,3.28,3.5990068303854863
2018-08-15 22:00:00,3.56,3.554739486201283
2018-08-15 22:15:00,3.1,3.498460159275305
2018-08-15 22:30:00,2.81,3.540467111035166
2018-08-15 22:45:00,2.84,3.1869651965213204
2018-08-15 23:00:00,3.38,3.1142180326793194
2018-08-15 23:15:00,3.1,3.1142180326793194
2018-08-15 23:30:00,2.81,3.498460159275305
2018-08-15 23:45:00,2.77,3.0945838494182856
2018-08-16 00:00:00,2.84,3.0218366855762846
2018-08-16 00:15:00,2.81,3.0218366855762846
2018-08-16 00:30:00,2.7,3.1142180326793194
2018-08-16 00:45:00,2.66,3.0218366855762846
2018-08-16 01:00:00,2.74,3.0218366855762846
2018-08-16 01:15:00,2.7,3.0218366855762846
2018-08-16 01:30:00,2.7,3.0218366855762846
2018-08-16 01:45:00,2.63,3.0218366855762846
2018-08-16 02:00:00,2.66,2.9857579297173715
2018-08-16 02:15:00,2.66,2.9857579297173715
2018-08-16 02:30:00,2.95,2.9857579297173715
2018-08-16 02:45:00,3.31,2.9857579297173715
2018-08-16 03:00:00,2.74,3.0126108661486737
2018-08-16 03:15:00,2.74,3.397568324751734
2018-08-16 03:30:00,2.66,3.0048729298896037
2018-08-16 03:45:00,2.74,3.0048729298896037
2018-08-16 04:00:00,2.66,3.091981492629715
2018-08-16 04:15:00,2.81,3.1764725108280327
2018-08-16 04:30:00,2.7,3.0813719563854907
2018-08-16 04:45:00,2.81,3.055902736770802
2018-08-16 05:00:00,3.31,3.055902736770802
2018-08-16 05:15:00,2.81,3.055902736770802
2018-08-16 05:30:00,2.77,3.448598131632932
2018-08-16 05:45:00,2.7,3.091981492629715
2018-08-16 06:00:00,2.74,3.055902736770802
2018-08-16 06:15:00,2.7,3.091981492629715
2018-08-16 06:30:00,2.74,3.151003291213344
2018-08-16 06:45:00,2.7,3.1174507122444037
2018-08-16 07:00:00,2.63,3.1787586409573816
2018-08-16 07:15:00,3.49,3.2109299973517627
2018-08-16 07:30:00,4.1,3.288357550721919
2018-08-16 07:45:00,5.18,5.267073239306347
2018-08-16 08:00:00,69.08,51.91663531512632
2018-08-16 08:15:00,78.05,59.405631326375875
2018-08-16 08:30:00,89.89,85.46795830162125
2018-08-16 08:45:00,111.89,90.66485217193713
2018-08-16 09:00:00,80.03,83.89924370678492
2018-08-16 09:15:00,98.53,85.99287582879622
2018-08-16 09:30:00,116.6,75.99454778178685
2018-08-16 09:45:00,80.21,75.89640151985502
2018-08-16 10:00:00,103.03,103.26523255454283
2018-08-16 10:15:00,105.62,85.95764572212333
2018-08-16 10:30:00,70.27,74.57648882644337
2018-08-16 10:45:00,40.0,90.71117004119598
2018-08-16 11:00:00,58.03,95.76204007465525
2018-08-16 11:15:00,53.75,55.15898704845734
2018-08-16 11:30:00,47.16,67.28610440617301
2018-08-16 11:45:00,36.97,49.013864485175986
2018-08-16 12:00:00,4.93,8.182674395863923
2018-08-16 12:15:00,4.64,11.41642194656588
2018-08-16 12:30:00,4.64,2.3343264281656206
2018-08-16 12:45:00,4.61,8.620388324785731
2018-08-16 13:00:00,32.51,45.87980554277006
2018-08-16 13:15:00,108.68,51.576981066459496
2018-08-16 13:30:00,100.51,61.82964854765975
2018-08-16 13:45:00,57.89,86.5054355513296
2018-08-16 14:00:00,51.44,83.0887090931448
2018-08-16 14:15:00,46.33,66.5536514720743
2018-08-16 14:30:00,43.85,57.35294940528133
2018-08-16 14:45:00,44.14,54.136359503464085
2018-08-16 15:00:00,65.41,48.91274021238973
2018-08-16 15:15:00,45.18,44.37885112377158
2018-08-16 15:30:00,55.84,65.9909534700763
2018-08-16 15:45:00,44.32,48.209458477232765
2018-08-16 16:00:00,41.4,53.230270630144545
2018-08-16 16:15:00,45.47,47.94348984898162
2018-08-16 16:30:00,53.14,47.63178504510136
2018-08-16 16:45:00,43.31,49.337995482084025
2018-08-16 17:00:00,55.22,53.844267184641716
2018-08-16 17:15:00,57.42,39.27149635885691
2018-08-16 17:30:00,27.79,40.22072564876504
2018-08-16 17:45:00,28.08,34.773931529005814
2018-08-16 18:00:00,33.16,31.901429543766998
2018-08-16 18:15:00,48.89,39.81527277306977
2018-08-16 18:30:00,50.8,47.93857933836881
2018-08-16 18:45:00,58.68,51.29494717958856
2018-08-16 19:00:00,43.56,53.116694917110216
2018-08-16 19:15:00,60.37,54.51529070541409
2018-08-16 19:30:00,39.56,47.44297673456799
2018-08-16 19:45:00,47.45,55.75557788642714
2018-08-16 20:00:00,54.61,45.445168971088066
2018-08-16 20:15:00,48.67,56.09492511326392
2018-08-16 20:30:00,37.55,51.89927993139277
2018-08-16 20:45:00,13.36,17.363581068000585
2018-08-16 21:00:00,5.15,17.3425285991658
2018-08-16 21:15:00,3.85,5.678467822781102
2018-08-16 21:30:00,3.64,3.123397291767934
2018-08-16 21:45:00,3.6,3.7770250913095134
2018-08-16 22:00:00,3.6,3.752761513731995
2018-08-16 22:15:00,3.49,3.494675486606149
2018-08-16 22:30:00,3.49,3.4015664927845175
2018-08-16 22:45:00,3.31,3.58846753332304
2018-08-16 23:00:00,3.13,3.644746860249018
2018-08-16 23:15:00,2.74,3.574978176587264
2018-08-16 23:30:00,2.74,3.2649124719330636
2018-08-16 23:45:00,3.13,3.1584800974574416
2018-08-17 00:00:00,2.77,3.0946729429886135
2018-08-17 00:15:00,2.84,3.2011053174642354
2018-08-17 00:30:00,2.81,3.0946729429886135
2018-08-17 00:45:00,2.77,2.9662128400266656
2018-08-17 01:00:00,2.81,2.9662128400266656
2018-08-17 01:15:00,2.77,3.0946729429886135
2018-08-17 01:30:00,2.77,2.9580295311074565
2018-08-17 01:45:00,2.74,2.9580295311074565
2018-08-17 02:00:00,2.77,2.9580295311074565
2018-08-17 02:15:00,2.74,2.9580295311074565
2018-08-17 02:30:00,2.77,2.9580295311074565
2018-08-17 02:45:00,3.28,3.0143088580334343
2018-08-17 03:00:00,3.06,2.9580295311074565
2018-08-17 03:15:00,2.77,3.333761170282906
2018-08-17 03:30:00,2.77,2.9829661776951464
2018-08-17 03:45:00,2.77,2.920034485404931
2018-08-17 04:00:00,2.99,3.0080412830385277
2018-08-17 04:15:00,3.46,3.046031791606312
2018-08-17 04:30:00,3.24,3.03489421946983
2018-08-17 04:45:00,2.77,3.400736677900658
2018-08-17 05:00:00,2.81,3.4359847148107914
2018-08-17 05:15:00,2.81,3.0080412830385277
2018-08-17 05:30:00,2.77,2.987009993022683
2018-08-17 05:45:00,2.74,3.046031791606312
2018-08-17 06:00:00,2.81,3.046031791606312
2018-08-17 06:15:00,2.77,2.987009993022683
2018-08-17 06:30:00,2.77,2.987009993022683
2018-08-17 06:45:00,2.7,2.987009993022683
2018-08-17 07:00:00,3.28,3.0080412830385277
2018-08-17 07:15:00,2.99,2.460046864762844
2018-08-17 07:30:00,3.1,3.6452938302195452
2018-08-17 07:45:00,3.17,3.57801387838118
2018-08-17 08:00:00,33.84,24.742394149158365
2018-08-17 08:15:00,40.72,29.46078724767327
2018-08-17 08:30:00,64.94,59.060824368623216
2018-08-17 08:45:00,50.22,55.026616969711334
2018-08-17 09:00:00,45.86,59.445034555522035
2018-08-17 09:15:00,40.5,54.4623371489694
2018-08-17 09:30:00,45.65,50.31585416443039
2018-08-17 09:45:00,42.12,42.65909328192489
2018-08-17 10:00:00,46.08,42.549158854341165
2018-08-17 10:15:00,42.01,41.80891081962488
2018-08-17 10:30:00,44.53,48.38977737080488
2018-08-17 10:45:00,43.49,48.19739345812069
2018-08-17 11:00:00,41.4,46.74074311775507
2018-08-17 11:15:00,63.0,47.65496228407357
2018-08-17 11:30:00,45.07,41.241429918535935
2018-08-17 11:45:00,36.25,52.12382167776821
2018-08-17 12:00:00,4.07,5.656093716607322
2018-08-17 12:15:00,4.86,8.537335419239028
2018-08-17 12:30:00,5.26,4.489905820853524
2018-08-17 12:45:00,5.11,5.14060766350927
2018-08-17 13:00:00,28.12,23.063498534151663
2018-08-17 13:15:00,81.14,49.381528936250696
2018-08-17 13:30:00,86.62,54.238553193885174
2018-08-17 13:45:00,91.19,77.32210553842535
2018-08-17 14:00:00,77.65,74.39303446326657
2018-08-17 14:15:00,65.45,77.10950173766325
2018-08-17 14:30:00,91.37,66.89699312373916
2018-08-17 14:45:00,82.01,61.26453801815748
2018-08-17 15:00:00,75.6,69.01544294465374
2018-08-17 15:15:00,71.46,69.42800235284854
2018-08-17 15:30:00,58.61,68.28318987769401
2018-08-17 15:45:00,59.08,70.7548512839685
2018-08-17 16:00:00,89.06,58.194920908090474
2018-08-17 16:15:00,85.14,58.412809719103194
2018-08-17 16:30:00,109.73,74.41189153706127
2018-08-17 16:45:00,118.76,79.59896463433185
2018-08-17 17:00:00,64.3,76.50232717715892
2018-08-17 17:15:00,40.28,81.46153659109652
2018-08-17 17:30:00,30.06,42.07761359833428
2018-08-17 17:45:00,30.6,34.104338754117975
2018-08-17 18:00:00,43.52,54.671871313628124
2018-08-17 18:15:00,51.41,64.4217231772323
2018-08-17 18:30:00,49.03,66.00930571051923
2018-08-17 18:45:00,51.95,59.987320467409404
2018-08-17 19:00:00,67.61,53.24849259849883
2018-08-17 19:15:00,60.62,60.54938631529884
2018-08-17 19:30:00,42.95,61.72289317572689
2018-08-17 19:45:00,41.94,58.24506373866062
2018-08-17 20:00:00,45.86,48.24141648532198
2018-08-17 20:15:00,48.31,47.66216383213919
2018-08-17 20:30:00,92.59,42.499075554213775
2018-08-17 20:45:00,51.26,23.230328007443617
2018-08-17 21:00:00,11.09,18.522768739494012
2018-08-17 21:15:00,4.46,5.826116808143867
2018-08-17 21:30:00,3.74,5.008659584563914
2018-08-17 21:45:00,3.6,2.889101151671899
2018-08-17 22:00:00,3.49,2.763250010480457
2018-08-17 22:15:00,3.35,3.500479004043157
2018-08-17 22:30:00,3.28,3.470563262722279
2018-08-17 22:45:00,2.63,3.4112117203500616
2018-08-17 23:00:00,2.63,3.3714445489493103
2018-08-17 23:15:00,2.56,3.1414866565872837
2018-08-17 23:30:00,2.63,3.1606141061560713
2018-08-17 23:45:00,2.56,3.0946729429886135
2018-08-18 00:00:00,2.92,3.0946729429886135
2018-08-18 00:15:00,2.59,2.9662128400266656
2018-08-18 00:30:00,2.66,2.9662128400266656
2018-08-18 00:45:00,2.63,2.637451839178816
2018-08-18 01:00:00,2.66,2.9998980506602866
2018-08-18 01:15:00,2.63,2.9662128400266656
2018-08-18 01:30:00,2.66,3.0022915958855787
2018-08-18 01:45:00,2.7,2.9219507752485434
2018-08-18 02:00:00,2.63,2.9219507752485434
2018-08-18 02:15:00,2.63,2.9219507752485434
2018-08-18 02:30:00,2.7,2.9219507752485434
2018-08-18 02:45:00,2.95,2.978230102174521
2018-08-18 03:00:00,2.88,2.900919485232699
2018-08-18 03:15:00,2.52,2.9468874218362333
2018-08-18 03:30:00,2.48,2.920034485404931
2018-08-18 03:45:00,2.52,2.920034485404931
2018-08-18 04:00:00,2.59,2.95093123716377
2018-08-18 04:15:00,2.56,3.0643206099645055
2018-08-18 04:30:00,2.52,3.043289319948661
2018-08-18 04:45:00,2.52,2.95093123716377
2018-08-18 05:00:00,2.56,2.95093123716377
2018-08-18 05:15:00,2.48,2.95093123716377
2018-08-18 05:30:00,2.56,2.95093123716377
2018-08-18 05:45:00,2.88,2.95093123716377
2018-08-18 06:00:00,2.88,2.95093123716377
2018-08-18 06:15:00,2.52,2.95093123716377
2018-08-18 06:30:00,2.81,2.95093123716377
2018-08-18 06:45:00,3.06,2.95093123716377
2018-08-18 07:00:00,2.66,3.0282418541055924
2018-08-18 07:15:00,2.81,2.376901983543934
2018-08-18 07:30:00,7.88,2.3788106830985294
2018-08-18 07:45:00,26.93,2.1669998621647144
2018-08-18 08:00:00,81.43,45.032628006746336
2018-08-18 08:15:00,110.7,58.586257282091154
2018-08-18 08:30:00,73.91,78.57288481731368
2018-08-18 08:45:00,79.92,87.37919778165154
2018-08-18 09:00:00,85.68,80.06846365107148
2018-08-18 09:15:00,75.6,59.720119484371516
2018-08-18 09:30:00,64.26,70.2337129324971
2018-08-18 09:45:00,80.96,64.828792020443
2018-08-18 10:00:00,109.12,68.12892540949295
2018-08-18 10:15:00,82.98,63.88385753202115
2018-08-18 10:30:00,72.07,85.4100304472694
2018-08-18 10:45:00,115.38,88.44548334581583
2018-08-18 11:00:00,47.09,78.53416767254666
2018-08-18 11:15:00,45.79,93.6983475664669
2018-08-18 11:30:00,38.56,68.24501633126808
2018-08-18 11:45:00,26.57,46.53307385310811
2018-08-18 12:00:00,3.67,7.358381409191906
2018-08-18 12:15:00,3.56,10.508682741919001
2018-08-18 12:30:00,4.25,5.792171787164942
2018-08-18 12:45:00,4.32,2.482828446520108
2018-08-18 13:00:00,26.89,46.24749319169053
2018-08-18 13:15:00,44.28,61.0686465733241
2018-08-18 13:30:00,46.55,55.89594323377492
2018-08-18 13:45:00,52.16,43.1859129132672
2018-08-18 14:00:00,48.71,47.2523378964303
2018-08-18 14:15:00,50.87,51.03467383326445
2018-08-18 14:30:00,47.77,46.920777383988266
2018-08-18 14:45:00,43.2,51.80580735971029
2018-08-18 15:00:00,46.08,52.11137866175618
2018-08-18 15:15:00,52.02,43.604598581894436
2018-08-18 15:30:00,67.1,46.957933087432735
2018-08-18 15:45:00,81.5,52.07472981440666
2018-08-18 16:00:00,76.36,56.20580360418204
2018-08-18 16:15:00,89.71,69.6616653469987
2018-08-18 16:30:00,74.38,77.86288713123226
2018-08-18 16:45:00,20.74,64.91606392259946
2018-08-18 17:00:00,7.74,47.212357568237785
2018-08-18 17:15:00,3.82,8.317745170733398
2018-08-18 17:30:00,3.38,9.254125457469739
2018-08-18 17:45:00,3.35,2.060097591087632
2018-08-18 18:00:00,3.31,5.629743646540225
2018-08-18 18:15:00,3.24,5.759339906989825
2018-08-18 18:30:00,3.38,4.680251865502289
2018-08-18 18:45:00,3.38,4.66688923834413
2018-08-18 19:00:00,2.77,3.4714232469162773
2018-08-18 19:15:00,2.74,4.251083617659318
2018-08-18 19:30:00,2.77,3.7169133829048224
2018-08-18 19:45:00,2.77,3.0333609307629827
2018-08-18 20:00:00,2.84,2.93569446197182
2018-08-18 20:15:00,2.84,2.9522462780425687
2018-08-18 20:30:00,2.81,6.164871796749374
2018-08-18 20:45:00,2.77,2.345136722362534
2018-08-18 21:00:00,2.81,3.110433530479542
2018-08-18 21:15:00,2.84,2.8821659884876025
2018-08-18 21:30:00,2.92,2.8379039237094803
2018-08-18 21:45:00,3.28,2.8379039237094803
2018-08-18 22:00:00,3.13,2.7921316304333392
2018-08-18 22:15:00,2.59,3.176373757029325
2018-08-18 22:30:00,2.66,2.86487879427534
2018-08-18 22:45:00,2.63,2.7358523035073614
2018-08-18 23:00:00,2.99,2.7358523035073614
2018-08-18 23:15:00,3.1,2.7909751637322726
2018-08-18 23:30:00,2.63,2.8178281001635748
2018-08-18 23:45:00,2.66,2.7686217731317315
2018-08-19 00:00:00,2.63,2.779490426094846
2018-08-19 00:15:00,2.59,2.783389364453564
2018-08-19 00:30:00,2.59,2.819468120312477
2018-08-19 00:45:00,2.66,2.819468120312477
2018-08-19 01:00:00,2.59,2.779490426094846
2018-08-19 01:15:00,2.63,2.783389364453564
2018-08-19 01:30:00,2.59,2.783389364453564
2018-08-19 01:45:00,2.63,2.783389364453564
2018-08-19 02:00:00,2.74,2.783389364453564
2018-08-19 02:15:00,2.74,2.783389364453564
2018-08-19 02:30:00,2.66,2.779490426094846
2018-08-19 02:45:00,3.24,2.779490426094846
2018-08-19 03:00:00,2.84,2.779490426094846
2018-08-19 03:15:00,2.74,3.1951997594879264
2018-08-19 03:30:00,2.7,2.802504364625796
2018-08-19 03:45:00,2.7,2.7986054262670783
2018-08-19 04:00:00,3.02,2.8295021780259173
2018-08-19 04:15:00,2.99,2.9246027324684594
2018-08-19 04:30:00,2.74,2.8924338703161325
2018-08-19 04:45:00,2.7,2.8563551144572195
2018-08-19 05:00:00,2.63,2.8295021780259173
2018-08-19 05:15:00,2.63,2.8295021780259173
2018-08-19 05:30:00,2.7,2.8655809338848304
2018-08-19 05:45:00,2.63,2.8655809338848304
2018-08-19 06:00:00,2.63,2.8295021780259173
2018-08-19 06:15:00,2.63,2.8295021780259173
2018-08-19 06:30:00,2.66,2.8295021780259173
2018-08-19 06:45:00,2.66,2.8295021780259173
2018-08-19 07:00:00,2.66,2.833401116384635
2018-08-19 07:15:00,2.59,3.4076193459676376
2018-08-19 07:30:00,2.59,4.3075142072189445
2018-08-19 07:45:00,3.06,4.920694347541022
2018-08-19 08:00:00,3.42,10.946272421315472
2018-08-19 08:15:00,2.95,27.871083843792295
2018-08-19 08:30:00,2.63,11.897625980376683
2018-08-19 08:45:00,2.81,2.6200922094119754
2018-08-19 09:00:00,2.84,5.6456691867055335
2018-08-19 09:15:00,2.81,2.925192183249382
2018-08-19 09:30:00,3.2,3.555844743785996
2018-08-19 09:45:00,3.56,3.9372514373271055
2018-08-19 10:00:00,3.64,9.134835086307943
2018-08-19 10:15:00,3.67,3.3673233046036457
2018-08-19 10:30:00,3.6,4.741420194755416
2018-08-19 10:45:00,4.14,8.944327565078847
2018-08-19 11:00:00,3.78,3.379422381516972
2018-08-19 11:15:00,3.92,3.9140404529270847
2018-08-19 11:30:00,3.92,5.435869185286351
2018-08-19 11:45:00,3.78,6.3382896097528105
2018-08-19 12:00:00,3.96,3.1155554999129507
2018-08-19 12:15:00,4.03,2.7555623314950637
2018-08-19 12:30:00,3.82,2.922227546285547
2018-08-19 12:45:00,4.21,3.3219706204952066
2018-08-19 13:00:00,4.32,4.304118916248695
2018-08-19 13:15:00,3.89,4.957574527505708
2018-08-19 13:30:00,4.0,4.033113025865465
2018-08-19 13:45:00,4.14,3.603658409258575
2018-08-19 14:00:00,3.49,4.165223757395308
2018-08-19 14:15:00,2.84,3.7958024749060217
2018-08-19 14:30:00,2.77,3.6365791992349434
2018-08-19 14:45:00,2.74,3.957088019017366
2018-08-19 15:00:00,2.77,3.851552188439258
2018-08-19 15:15:00,2.81,3.7832442961952015
2018-08-19 15:30:00,2.81,4.464528180927906
2018-08-19 15:45:00,2.77,7.745430522044061
2018-08-19 16:00:00,2.88,6.082137248016183
2018-08-19 16:15:00,3.35,3.2549059879016684
2018-08-19 16:30:00,3.17,4.460173695438239
2018-08-19 16:45:00,2.81,3.2141360830975874
2018-08-19 17:00:00,2.74,2.883745410485283
2018-08-19 17:15:00,2.77,3.0121504836491253
2018-08-19 17:30:00,2.7,2.922116125594862
2018-08-19 17:45:00,2.74,3.058759537476019
2018-08-19 18:00:00,2.66,2.97786466741042
2018-08-19 18:15:00,2.63,2.9402407249607885
2018-08-19 18:30:00,2.66,2.9041619691018754
2018-08-19 18:45:00,2.7,2.9363417866020707
2018-08-19 19:00:00,2.77,3.207913795123243
2018-08-19 19:15:00,2.81,2.891971879294527
2018-08-19 19:30:00,2.74,2.8958708176532446
2018-08-19 19:45:00,2.92,2.833401116384635
2018-08-19 20:00:00,3.35,2.8295021780259173
2018-08-19 20:15:00,3.24,2.833401116384635
2018-08-19 20:30:00,3.2,3.222825247080695
2018-08-19 20:45:00,2.84,3.2037102469084626
2018-08-19 21:00:00,2.81,3.0621572150102505
2018-08-19 21:15:00,2.81,2.815569181953759
2018-08-19 21:30:00,2.88,2.874590980537388
2018-08-19 21:45:00,2.88,2.930870307463366
2018-08-19 22:00:00,2.74,2.874590980537388
2018-08-19 22:15:00,2.63,2.815569181953759
2018-08-19 22:30:00,2.66,2.815569181953759
2018-08-19 22:45:00,2.7,2.815569181953759
2018-08-19 23:00:00,2.63,2.815569181953759
2018-08-19 23:15:00,2.66,2.815569181953759
2018-08-19 23:30:00,2.63,2.783389364453564
2018-08-19 23:45:00,2.56,2.779490426094846
2018-08-20 00:00:00,2.66,2.85880597293755
2018-08-20 00:15:00,2.66,2.85880597293755
2018-08-20 00:30:00,2.95,2.85880597293755
2018-08-20 00:45:00,4.03,2.85880597293755
2018-08-20 01:00:00,3.06,2.885658909368852
2018-08-20 01:15:00,2.66,4.039706383944761
2018-08-20 01:30:00,2.7,2.9051198269109775
2018-08-20 01:45:00,2.66,3.144466858633179
2018-08-20 02:00:00,2.7,2.894884728796463
2018-08-20 02:15:00,2.7,2.94556965942253
2018-08-20 02:30:00,2.74,2.886547860838901
2018-08-20 02:45:00,2.66,2.9067484319059655
2018-08-20 03:00:00,2.66,2.8504691049799877
2018-08-20 03:15:00,2.66,2.86958410515222
2018-08-20 03:30:00,2.66,2.86958410515222
2018-08-20 03:45:00,2.7,2.86958410515222
2018-08-20 04:00:00,2.7,2.946083131648107
2018-08-20 04:15:00,2.63,2.946083131648107
2018-08-20 04:30:00,2.7,2.946083131648107
2018-08-20 04:45:00,3.1,2.954419999605669
2018-08-20 05:00:00,2.99,2.9986820643837913
2018-08-20 05:15:00,2.59,3.0356204317138147
2018-08-20 05:30:00,2.59,2.972936068079409
2018-08-20 05:45:00,2.63,2.946083131648107
2018-08-20 06:00:00,2.63,2.946083131648107
2018-08-20 06:15:00,2.63,2.98216188750702
2018-08-20 06:30:00,3.1,2.98216188750702
2018-08-20 06:45:00,2.95,2.946083131648107
2018-08-20 07:00:00,2.74,3.0885914924692304
2018-08-20 07:15:00,3.02,2.783623896791058
2018-08-20 07:30:00,3.38,2.9845136947130158
2018-08-20 07:45:00,4.0,3.813193608507984
2018-08-20 08:00:00,72.9,22.172105325042615
2018-08-20 08:15:00,59.04,67.95658498329085
2018-08-20 08:30:00,107.68,97.9922475514638
2018-08-20 08:45:00,127.66,61.32500714858832
2018-08-20 09:00:00,96.55,87.46124979203859
2018-08-20 09:15:00,60.3,95.21814180070615
2018-08-20 09:30:00,111.31,86.42617544605571
2018-08-20 09:45:00,115.56,61.79516691247276
2018-08-20 10:00:00,105.01,85.79234977529823
2018-08-20 10:15:00,55.98,108.18566871926681
2018-08-20 10:30:00,101.2,91.73525512622582
2018-08-20 10:45:00,133.7,59.215593099695695
2018-08-20 11:00:00,118.12,80.98992858142518
2018-08-20 11:15:00,75.2,113.56510269456398
2018-08-20 11:30:00,54.83,106.01378903865763
2018-08-20 11:45:00,37.48,71.70536894588508
2018-08-20 12:00:00,14.11,11.783819300594839
2018-08-20 12:15:00,5.62,9.547643925881692
2018-08-20 12:30:00,5.47,6.259980155021394
2018-08-20 12:45:00,5.22,10.798318857019327
2018-08-20 13:00:00,44.17,55.33099464688598
2018-08-20 13:15:00,58.75,66.58229199027296
2018-08-20 13:30:00,54.54,68.21734224149928
2018-08-20 13:45:00,48.64,60.84479339773337
2018-08-20 14:00:00,45.32,60.74387064250809
2018-08-20 14:15:00,45.65,75.32126355857521
2018-08-20 14:30:00,55.51,59.77671277282221
2018-08-20 14:45:00,51.3,71.37107363856077
2018-08-20 15:00:00,53.06,66.06760576966332
2018-08-20 15:15:00,65.7,70.28843985306021
2018-08-20 15:30:00,55.01,59.90939235806534
2018-08-20 15:45:00,56.38,62.85932885983766
2018-08-20 16:00:00,62.14,61.59582675650422
2018-08-20 16:15:00,97.42,59.45183492265117
2018-08-20 16:30:00,103.36,60.89798348501722
2018-08-20 16:45:00,101.48,86.17488044737773
2018-08-20 17:00:00,92.41,78.48927861973235
2018-08-20 17:15:00,114.12,75.02970650638801
2018-08-20 17:30:00,34.31,37.66781991749308
2018-08-20 17:45:00,28.94,41.05558210251542
2018-08-20 18:00:00,35.5,51.61735333076638
2018-08-20 18:15:00,47.41,69.3180399593232
2018-08-20 18:30:00,52.96,71.25118436784926
2018-08-20 18:45:00,45.36,62.82169610558545
2018-08-20 19:00:00,45.72,56.30190411775734
2018-08-20 19:15:00,54.25,53.53489770067092
2018-08-20 19:30:00,46.58,52.025593627828144
2018-08-20 19:45:00,41.18,60.97620960151184
2018-08-20 20:00:00,62.75,53.33427278739303
2018-08-20 20:15:00,49.79,46.786515634322576
2018-08-20 20:30:00,40.86,62.54785323653108
2018-08-20 20:45:00,13.54,39.929792103115005
2018-08-20 21:00:00,6.37,19.158502328095302
2018-08-20 21:15:00,3.74,5.408741588164956
2018-08-20 21:30:00,3.53,3.2827911808225965
2018-08-20 21:45:00,3.56,3.0031442545426454
2018-08-20 22:00:00,3.38,2.404918477063539
2018-08-20 22:15:00,3.31,3.656638113695202
2018-08-20 22:30:00,2.77,3.5635291198735706
2018-08-20 22:45:00,2.63,3.5972143305071915
2018-08-20 23:00:00,2.56,3.139593714773057
2018-08-20 23:15:00,2.59,3.159789568670902
2018-08-20 23:30:00,2.52,3.161218826770686
2018-08-20 23:45:00,2.56,3.127533616137065
2018-08-21 00:00:00,2.52,3.066098750354407
2018-08-21 00:15:00,2.74,3.0637052051291147
2018-08-21 00:30:00,3.2,3.0300199944954938
2018-08-21 00:45:00,2.74,2.8797048135123897
2018-08-21 01:00:00,2.66,3.3087878450521804
2018-08-21 01:15:00,2.7,3.0300199944954938
2018-08-21 01:30:00,2.7,2.9857579297173715
2018-08-21 01:45:00,2.74,2.9857579297173715
2018-08-21 02:00:00,2.77,3.1142180326793194
2018-08-21 02:15:00,3.35,2.9857579297173715
2018-08-21 02:30:00,2.88,2.9857579297173715
2018-08-21 02:45:00,2.74,3.345442137255416
2018-08-21 03:00:00,2.77,2.9602887101026827
2018-08-21 03:15:00,2.7,2.979403710274915
2018-08-21 03:30:00,2.74,3.015482466133828
2018-08-21 03:45:00,2.81,3.074504264717457
2018-08-21 04:00:00,2.7,3.091981492629715
2018-08-21 04:15:00,2.74,3.055902736770802
2018-08-21 04:30:00,2.81,3.091981492629715
2018-08-21 04:45:00,3.28,3.0813719563854907
2018-08-21 05:00:00,2.77,3.055902736770802
2018-08-21 05:15:00,2.7,3.4846768874918452
2018-08-21 05:30:00,2.74,3.055902736770802
2018-08-21 05:45:00,2.63,3.055902736770802
2018-08-21 06:00:00,2.63,3.091981492629715
2018-08-21 06:15:00,2.63,3.151003291213344
2018-08-21 06:30:00,2.88,3.1174507122444037
2018-08-21 06:45:00,2.95,3.0813719563854907
2018-08-21 07:00:00,3.24,3.1172106654837797
2018-08-21 07:15:00,2.84,3.2219593589130975
2018-08-21 07:30:00,3.17,3.81889616000861
2018-08-21 07:45:00,4.1,4.526497089571115
2018-08-21 08:00:00,67.46,30.948084828415688
2018-08-21 08:15:00,69.77,63.05862375004578
2018-08-21 08:30:00,53.42,93.96974061299612
2018-08-21 08:45:00,49.79,64.16474717674463
2018-08-21 09:00:00,58.43,67.51229783015987
2018-08-21 09:15:00,55.44,63.03400298358846
2018-08-21 09:30:00,56.84,57.39594479414987
2018-08-21 09:45:00,75.78,53.48054686195989
2018-08-21 10:00:00,48.1,55.99107040406906
2018-08-21 10:15:00,48.56,69.55213770769262
2018-08-21 10:30:00,52.81,57.90732380438
2018-08-21 10:45:00,65.45,60.61904818863272
2018-08-21 11:00:00,60.8,64.33589138739728
2018-08-21 11:15:00,44.21,61.57215609931004
2018-08-21 11:30:00,41.4,56.32206610567396
2018-08-21 11:45:00,33.77,47.91797700904776
2018-08-21 12:00:00,4.14,12.028253309181352
2018-08-21 12:15:00,5.47,7.911651350433188
2018-08-21 12:30:00,5.47,5.784053393569036
2018-08-21 12:45:00,5.29,5.249634216417886
2018-08-21 13:00:00,39.82,37.57730097482831
2018-08-21 13:15:00,48.02,52.04009244597861
2018-08-21 13:30:00,40.82,61.13907487662235
2018-08-21 13:45:00,39.17,59.01559572447675
2018-08-21 14:00:00,42.91,42.94857716035184
2018-08-21 14:15:00,46.4,46.47509406725751
2018-08-21 14:30:00,52.42,43.88231123358175
2018-08-21 14:45:00,57.64,52.424628378861605
2018-08-21 15:00:00,56.88,57.75266003551118
2018-08-21 15:15:00,51.23,57.630670524199196
2018-08-21 15:30:00,49.86,57.21471840116917
2018-08-21 15:45:00,51.08,58.16071624580606
2018-08-21 16:00:00,50.58,63.84923258503329
2018-08-21 16:15:00,57.64,56.10730997362231
2018-08-21 16:30:00,57.28,56.505337731891544
2018-08-21 16:45:00,50.87,54.059497737437
2018-08-21 17:00:00,56.48,48.433955578711696
2018-08-21 17:15:00,38.74,52.233812440267506
2018-08-21 17:30:00,30.38,34.800152062510776
2018-08-21 17:45:00,29.02,28.49024112996603
2018-08-21 18:00:00,33.01,41.97573771632068
2018-08-21 18:15:00,54.86,46.691477444257295
2018-08-21 18:30:00,54.76,43.961194120866196
2018-08-21 18:45:00,48.71,52.83152490050811
2018-08-21 19:00:00,56.27,58.304257488390284
2018-08-21 19:15:00,53.93,58.0980143943836
2018-08-21 19:30:00,50.4,58.77297444968987
2018-08-21 19:45:00,55.87,53.13873020348873
2018-08-21 20:00:00,54.9,55.96727892069442
2018-08-21 20:15:00,56.09,54.85248683032464
2018-08-21 20:30:00,57.31,48.61254782569837
2018-08-21 20:45:00,34.06,31.783743922052906
2018-08-21 21:00:00,4.54,8.740546887706001
2018-08-21 21:15:00,3.82,10.61023511906065
2018-08-21 21:30:00,3.49,5.616744748182872
2018-08-21 21:45:00,3.38,3.1467239817850357
2018-08-21 22:00:00,3.64,3.8131812293989165
2018-08-21 22:15:00,3.89,3.392108626621069
2018-08-21 22:30:00,3.24,3.3266751234817216
2018-08-21 22:45:00,2.77,3.4181571352719735
2018-08-21 23:00:00,2.56,3.446205742753002
2018-08-21 23:15:00,2.59,2.9446250799451574
2018-08-21 23:30:00,2.56,3.053603897296083
2018-08-21 23:45:00,2.92,3.019918686662462
2018-08-22 00:00:00,2.59,3.053603897296083
2018-08-22 00:15:00,2.74,2.9612225501930483
2018-08-22 00:30:00,2.63,2.925143794334135
2018-08-22 00:45:00,2.59,2.925143794334135
2018-08-22 01:00:00,2.59,2.8914585837005142
2018-08-22 01:15:00,2.63,2.9275373395594273
2018-08-22 01:30:00,2.59,2.847196518922392
2018-08-22 01:45:00,2.66,2.847196518922392
2018-08-22 02:00:00,2.63,2.847196518922392
2018-08-22 02:15:00,2.56,2.90347584584837
2018-08-22 02:30:00,2.59,2.847196518922392
2018-08-22 02:45:00,2.95,2.847196518922392
2018-08-22 03:00:00,3.17,2.83885965096483
2018-08-22 03:15:00,2.95,2.884827587568364
2018-08-22 03:30:00,3.1,3.1451957699598934
2018-08-22 03:45:00,2.59,2.884827587568364
2018-08-22 04:00:00,2.63,3.024010977698657
2018-08-22 04:15:00,2.59,2.970552433491862
2018-08-22 04:30:00,2.56,3.029574232075491
2018-08-22 04:45:00,2.66,3.02683176041784
2018-08-22 05:00:00,2.63,2.970552433491862
2018-08-22 05:15:00,2.63,2.934473677632949
2018-08-22 05:30:00,2.63,2.934473677632949
2018-08-22 05:45:00,2.56,2.934473677632949
2018-08-22 06:00:00,2.59,2.934473677632949
2018-08-22 06:15:00,2.59,2.934473677632949
2018-08-22 06:30:00,2.59,2.934473677632949
2018-08-22 06:45:00,2.52,2.934473677632949
2018-08-22 07:00:00,2.59,3.060397801229467
2018-08-22 07:15:00,3.46,3.4700100066205435
2018-08-22 07:30:00,3.96,3.697752740973804
2018-08-22 07:45:00,4.03,5.715455355532183
2018-08-22 08:00:00,44.57,33.65286489873124
2018-08-22 08:15:00,48.35,50.44096934888623
2018-08-22 08:30:00,59.04,60.849782204425836
2018-08-22 08:45:00,51.41,56.08442410072644
2018-08-22 09:00:00,48.28,56.19101265474517
2018-08-22 09:15:00,68.33,55.82286860903702
2018-08-22 09:30:00,60.01,56.269809473335606
2018-08-22 09:45:00,61.74,61.10921606385363
2018-08-22 10:00:00,42.05,56.789950608460735
2018-08-22 10:15:00,48.67,58.92639873029617
2018-08-22 10:30:00,60.62,49.759233593011345
2018-08-22 10:45:00,57.82,55.672809669883755
2018-08-22 11:00:00,62.03,62.158612358200834
2018-08-22 11:15:00,59.11,60.97181514670017
2018-08-22 11:30:00,51.44,55.0846617587576
2018-08-22 11:45:00,40.93,50.52609605372952
2018-08-22 12:00:00,4.03,9.948911277961136
2018-08-22 12:15:00,4.36,8.200487196073903
2018-08-22 12:30:00,4.46,6.823547036577853
2018-08-22 12:45:00,4.36,6.011271676142998
2018-08-22 13:00:00,32.15,37.150011290440176
2018-08-22 13:15:00,55.48,53.92275888770494
2018-08-22 13:30:00,57.24,57.53016230589036
2018-08-22 13:45:00,51.84,56.87604815671574
2018-08-22 14:00:00,68.76,54.57010714493401
2018-08-22 14:15:00,60.73,58.49384064139247
2018-08-22 14:30:00,60.7,61.239222165631126
2018-08-22 14:45:00,46.22,59.15219890911403
2018-08-22 15:00:00,55.66,62.931754250460834
2018-08-22 15:15:00,47.59,54.994946567383735
2018-08-22 15:30:00,61.6,61.91940063170458
2018-08-22 15:45:00,53.28,56.626706666666635
2018-08-22 16:00:00,56.05,59.18897591726054
2018-08-22 16:15:00,58.75,58.967183286194356
2018-08-22 16:30:00,51.48,57.60452975391615
2018-08-22 16:45:00,56.2,48.00009193539067
2018-08-22 17:00:00,45.18,40.75833724964666
2018-08-22 17:15:00,62.17,46.31184083735087
2018-08-22 17:30:00,34.16,33.20225073561973
2018-08-22 17:45:00,15.05,30.03232159909594
2018-08-22 18:00:00,5.4,33.472190282538385
2018-08-22 18:15:00,3.92,16.739974396613665
2018-08-22 18:30:00,3.49,9.134676331016124
2018-08-22 18:45:00,3.38,4.873144547871098
2018-08-22 19:00:00,3.46,5.067187177461259
2018-08-22 19:15:00,3.42,4.464997959297805
2018-08-22 19:30:00,2.81,4.33500697005267
2018-08-22 19:45:00,2.88,4.553288028115454
2018-08-22 20:00:00,2.88,3.4430650416831954
2018-08-22 20:15:00,2.88,3.3705847937663465
2018-08-22 20:30:00,2.88,3.001591447367745
2018-08-22 20:45:00,2.92,3.3166147753796746
2018-08-22 21:00:00,2.92,2.8422553129970107
2018-08-22 21:15:00,3.02,2.8422553129970107
2018-08-22 21:30:00,2.95,2.8965179017681626
2018-08-22 21:45:00,2.95,3.0106696029167073
2018-08-22 22:00:00,2.88,3.0549369471009107
2018-08-22 22:15:00,2.81,3.0549369471009107
2018-08-22 22:30:00,2.81,2.939554601707283
2018-08-22 22:45:00,2.81,2.883275274781305
2018-08-22 23:00:00,2.81,2.883275274781305
2018-08-22 23:15:00,3.2,2.883275274781305
2018-08-22 23:30:00,2.99,2.883275274781305
2018-08-22 23:45:00,2.92,3.1620431253379917
2018-08-23 00:00:00,3.46,2.8265123944074917
2018-08-23 00:15:00,2.92,2.7996594579761895
2018-08-23 00:30:00,2.99,3.183901584572175
2018-08-23 00:45:00,2.92,2.8586812565598185
2018-08-23 01:00:00,2.92,2.8265123944074917
2018-08-23 01:15:00,2.92,2.7996594579761895
2018-08-23 01:30:00,3.17,2.8920408050792243
2018-08-23 01:45:00,3.02,2.7996594579761895
2018-08-23 02:00:00,3.13,3.078427308532876
2018-08-23 02:15:00,3.28,2.8265123944074917
2018-08-23 02:30:00,3.2,2.8733179223749383
2018-08-23 02:45:00,5.62,3.184812885128923
2018-08-23 03:00:00,4.46,3.14590237538265
2018-08-23 03:15:00,4.0,4.210344417363183
2018-08-23 03:30:00,4.07,3.7582030236430373
2018-08-23 03:45:00,5.0,2.439168285134026
2018-08-23 04:00:00,5.18,3.644729141075817
2018-08-23 04:15:00,3.96,3.3691630443016614
2018-08-23 04:30:00,3.64,4.098372143321412
2018-08-23 04:45:00,3.17,2.033935810185693
2018-08-23 05:00:00,3.13,2.069100587518077
2018-08-23 05:15:00,3.17,2.7733110504745353
2018-08-23 05:30:00,3.2,3.0354957153360833
2018-08-23 05:45:00,3.13,3.2748759505701748
2018-08-23 06:00:00,3.17,3.2975248273213293
2018-08-23 06:15:00,3.17,3.0915041406066437
2018-08-23 06:30:00,3.13,3.059562339438538
2018-08-23 06:45:00,3.06,3.059562339438538
2018-08-23 07:00:00,3.06,3.174425257346589
2018-08-23 07:15:00,3.24,3.20297886441804
2018-08-23 07:30:00,3.78,3.504959573191188
2018-08-23 07:45:00,4.5,5.9802698155255465
2018-08-23 08:00:00,41.0,43.456393210341744
2018-08-23 08:15:00,66.06,57.25218625961835
2018-08-23 08:30:00,59.47,69.59723987510102
2018-08-23 08:45:00,57.31,69.96803985687795
2018-08-23 09:00:00,49.54,63.13963218804671
2018-08-23 09:15:00,65.45,63.118105449502764
2018-08-23 09:30:00,52.67,58.806034112077924
2018-08-23 09:45:00,79.13,61.53347066224719
2018-08-23 10:00:00,68.26,58.57151710424469
2018-08-23 10:15:00,59.04,68.88605352327944
2018-08-23 10:30:00,63.9,67.0820306589971
2018-08-23 10:45:00,78.77,52.177062663323
2018-08-23 11:00:00,71.32,62.13358447215052
2018-08-23 11:15:00,71.68,70.26170438847923
2018-08-23 11:30:00,69.01,69.28829516393198
2018-08-23 11:45:00,62.06,60.972755006786336
2018-08-23 12:00:00,15.3,3.3013849559676194
2018-08-23 12:15:00,29.23,5.509747139198036
2018-08-23 12:30:00,28.44,6.234519412390979
2018-08-23 12:45:00,28.94,23.75206186141384
2018-08-23 13:00:00,38.88,44.99830757509894
2018-08-23 13:15:00,45.97,57.45152587258492
2018-08-23 13:30:00,41.26,44.945906684738574
2018-08-23 13:45:00,39.82,51.92467152257004
2018-08-23 14:00:00,40.07,41.51016367493665
2018-08-23 14:15:00,40.07,43.13900677009157
2018-08-23 14:30:00,42.62,44.89626120385171
2018-08-23 14:45:00,42.08,42.94911952190126
2018-08-23 15:00:00,41.47,43.90387935185751
2018-08-23 15:15:00,45.4,42.90107701029663
2018-08-23 15:30:00,45.79,44.50822841384101
2018-08-23 15:45:00,50.65,49.248201795486764
2018-08-23 16:00:00,51.95,45.56055889686601
2018-08-23 16:15:00,49.46,53.583963102642315
2018-08-23 16:30:00,53.28,55.32494129675539
2018-08-23 16:45:00,53.57,48.294012406899554
2018-08-23 17:00:00,48.49,51.662892777952514
2018-08-23 17:15:00,41.04,57.33094791121385
2018-08-23 17:30:00,31.54,31.76103278319978
2018-08-23 17:45:00,31.68,30.619202603183545
2018-08-23 18:00:00,37.12,33.74812146165252
2018-08-23 18:15:00,39.96,45.89421464038269
2018-08-23 18:30:00,43.24,46.126562609379036
2018-08-23 18:45:00,41.04,44.01127817958274
2018-08-23 19:00:00,40.43,45.09654802188122
2018-08-23 19:15:00,45.54,42.69386464506295
2018-08-23 19:30:00,41.15,38.082327742694055
2018-08-23 19:45:00,48.74,48.45437795412817
2018-08-23 20:00:00,49.82,41.18530384558711
2018-08-23 20:15:00,54.36,50.084666211622924
2018-08-23 20:30:00,41.69,43.53991541604932
2018-08-23 20:45:00,22.36,13.777592240977718
2018-08-23 21:00:00,6.55,10.924437568498956
2018-08-23 21:15:00,3.89,1.1358641201595039
2018-08-23 21:30:00,3.78,6.7573655794445635
2018-08-23 21:45:00,3.78,3.623304457420314
2018-08-23 22:00:00,3.67,3.066815694658008
2018-08-23 22:15:00,4.72,3.3024830898646167
2018-08-23 22:30:00,3.74,3.252213482889976
2018-08-23 22:45:00,3.38,3.6679230278767725
2018-08-23 23:00:00,2.92,3.4074784135799288
2018-08-23 23:15:00,2.88,3.651961850873758
2018-08-23 23:30:00,2.92,2.9363028698573466
2018-08-23 23:45:00,2.81,2.9363028698573466
2018-08-24 00:00:00,2.92,2.9287750423144963
2018-08-24 00:15:00,2.95,2.8724957153885184
2018-08-24 00:30:00,2.92,2.8460555314529414
2018-08-24 00:45:00,2.92,2.806967304716786
2018-08-24 01:00:00,2.92,2.7801143682854836
2018-08-24 01:15:00,2.92,2.7801143682854836
2018-08-24 01:30:00,2.92,2.7358523035073614
2018-08-24 01:45:00,2.95,2.7358523035073614
2018-08-24 02:00:00,2.88,2.7358523035073614
2018-08-24 02:15:00,2.95,2.8189845668646414
2018-08-24 02:30:00,2.88,2.7801143682854836
2018-08-24 02:45:00,2.95,2.863251911048845
2018-08-24 03:00:00,3.13,2.8363989746175426
2018-08-24 03:15:00,3.78,2.822755472749257
2018-08-24 03:30:00,3.78,2.8771029684261005
2018-08-24 03:45:00,3.24,3.188597931180085
2018-08-24 04:00:00,2.92,3.279106121410744
2018-08-24 04:15:00,2.95,3.279106121410744
2018-08-24 04:30:00,2.92,2.9787920736516487
2018-08-24 04:45:00,3.02,2.8717387904533638
2018-08-24 05:00:00,2.88,2.8448858540220616
2018-08-24 05:15:00,2.88,2.8717387904533638
2018-08-24 05:30:00,2.92,2.7858640554384326
2018-08-24 05:45:00,2.92,2.7858640554384326
2018-08-24 06:00:00,2.88,2.7858640554384326
2018-08-24 06:15:00,2.92,2.7858640554384326
2018-08-24 06:30:00,2.84,2.7858640554384326
2018-08-24 06:45:00,2.84,2.7858640554384326
2018-08-24 07:00:00,2.88,2.7858640554384326
2018-08-24 07:15:00,3.71,2.868765158186727
2018-08-24 07:30:00,4.03,3.0505379695806685
2018-08-24 07:45:00,3.82,5.1507933784841216
2018-08-24 08:00:00,38.59,36.636143353743364
2018-08-24 08:15:00,58.46,43.313123888376396
2018-08-24 08:30:00,64.44,60.34597876656713
2018-08-24 08:45:00,62.32,58.13478087400889
2018-08-24 09:00:00,55.76,59.21733206739627
2018-08-24 09:15:00,51.41,54.36232984609489
2018-08-24 09:30:00,68.58,55.98965129181872
2018-08-24 09:45:00,60.62,54.54774140927571
2018-08-24 10:00:00,61.2,61.46153987678799
2018-08-24 10:15:00,53.39,53.68001528844574
2018-08-24 10:30:00,55.4,55.506807818064075
2018-08-24 10:45:00,51.7,52.62047920173469
2018-08-24 11:00:00,64.48,55.935899490464365
2018-08-24 11:15:00,58.25,57.863367435279024
2018-08-24 11:30:00,57.82,58.95771755702006
2018-08-24 11:45:00,45.11,45.92153038790126
2018-08-24 12:00:00,4.68,12.07255423264537
2018-08-24 12:15:00,4.5,8.4287019524996
2018-08-24 12:30:00,4.5,11.1782924297428
2018-08-24 12:45:00,4.5,11.026077903712588
2018-08-24 13:00:00,32.94,25.763016362135946
2018-08-24 13:15:00,55.48,48.231462274062814
2018-08-24 13:30:00,50.29,58.15044454509896
2018-08-24 13:45:00,52.09,55.58882851811077
2018-08-24 14:00:00,57.85,54.00580190970216
2018-08-24 14:15:00,47.16,55.49711378416564
2018-08-24 14:30:00,45.94,54.88607268085933
2018-08-24 14:45:00,39.24,54.28626753979612
2018-08-24 15:00:00,45.76,57.22219600628365
2018-08-24 15:15:00,47.59,46.40570482501953
2018-08-24 15:30:00,51.62,50.31145740305874
2018-08-24 15:45:00,50.58,51.503412028586816
2018-08-24 16:00:00,58.9,52.73849949378316
2018-08-24 16:15:00,53.28,53.43482112285939
2018-08-24 16:30:00,54.11,49.04587841789601
2018-08-24 16:45:00,54.65,50.362217221212354
2018-08-24 17:00:00,56.84,52.67430023103957
2018-08-24 17:15:00,45.54,47.68066107056021
2018-08-24 17:30:00,29.92,26.467130709267735
2018-08-24 17:45:00,28.91,26.223763989138448
2018-08-24 18:00:00,38.09,39.52775075272387
2018-08-24 18:15:00,54.68,47.01666041221224
2018-08-24 18:30:00,57.67,45.55088996034576
2018-08-24 18:45:00,55.12,51.27800402390822
2018-08-24 19:00:00,56.05,52.10991715497842
2018-08-24 19:15:00,53.39,52.69260259931056
2018-08-24 19:30:00,56.7,49.99847863677668
2018-08-24 19:45:00,52.49,49.834050229385916
2018-08-24 20:00:00,51.73,53.208812762263285
2018-08-24 20:15:00,56.63,52.52044597032738
2018-08-24 20:30:00,51.62,47.15211885062959
2018-08-24 20:45:00,17.5,21.91289959023934
2018-08-24 21:00:00,6.7,3.0148089322143035
2018-08-24 21:15:00,3.92,3.6310416654819555
2018-08-24 21:30:00,3.78,4.962302852012461
2018-08-24 21:45:00,3.31,3.5005837977732948
2018-08-24 22:00:00,2.95,3.419518559593562
2018-08-24 22:15:00,2.92,3.4100130021808828
2018-08-24 22:30:00,3.06,3.0419402524245562
2018-08-24 22:45:00,3.24,3.0045051824426716
2018-08-24 23:00:00,2.7,2.803859191204671
2018-08-24 23:15:00,2.74,3.1814442352671994
2018-08-24 23:30:00,2.74,2.8137995789191046
2018-08-24 23:45:00,2.56,2.8137995789191046
2018-08-25 00:00:00,2.7,2.8137995789191046
2018-08-25 00:15:00,2.74,2.9061809260221394
2018-08-25 00:30:00,2.74,2.7777208230601915
2018-08-25 00:45:00,2.7,2.7777208230601915
2018-08-25 01:00:00,2.81,2.7440356124265706
2018-08-25 01:15:00,2.74,2.7440356124265706
2018-08-25 01:30:00,2.77,2.6997735476484483
2018-08-25 01:45:00,2.81,2.6997735476484483
2018-08-25 02:00:00,2.74,2.6997735476484483
2018-08-25 02:15:00,2.95,2.6997735476484483
2018-08-25 02:30:00,3.38,2.7358523035073614
2018-08-25 02:45:00,2.92,2.7266264840797505
2018-08-25 03:00:00,2.81,3.1285476983694918
2018-08-25 03:15:00,3.31,2.792003597959237
2018-08-25 03:30:00,3.02,2.755924842100324
2018-08-25 03:45:00,2.84,3.200043087108984
2018-08-25 04:00:00,2.77,2.867839852094646
2018-08-25 04:15:00,2.84,2.781965117079715
2018-08-25 04:30:00,2.81,2.781965117079715
2018-08-25 04:45:00,2.81,2.840986915663344
2018-08-25 05:00:00,2.81,2.781965117079715
2018-08-25 05:15:00,2.74,2.7858640554384326
2018-08-25 05:30:00,2.74,2.781965117079715
2018-08-25 05:45:00,2.81,2.781965117079715
2018-08-25 06:00:00,2.77,2.7858640554384326
2018-08-25 06:15:00,2.77,2.781965117079715
2018-08-25 06:30:00,2.92,2.7858640554384326
2018-08-25 06:45:00,3.28,2.7497852995795196
2018-08-25 07:00:00,2.77,2.7497852995795196
2018-08-25 07:15:00,3.02,3.40654473641023
2018-08-25 07:30:00,3.2,3.4116859956223666
2018-08-25 07:45:00,3.1,1.360714859586033
2018-08-25 08:00:00,4.21,40.33872639382561
2018-08-25 08:15:00,4.21,29.835685823285893
2018-08-25 08:30:00,5.83,21.36616375166397
2018-08-25 08:45:00,5.62,20.16717010631921
2018-08-25 09:00:00,4.93,20.8480600850159
2018-08-25 09:15:00,4.57,16.995375293581706
2018-08-25 09:30:00,6.66,19.614081683497094
2018-08-25 09:45:00,4.43,22.041166096102774
2018-08-25 10:00:00,4.61,36.48285586142883
2018-08-25 10:15:00,4.43,22.398609607239802
2018-08-25 10:30:00,4.57,19.951611987498897
2018-08-25 10:45:00,4.79,28.403442092855148
2018-08-25 11:00:00,4.68,19.234064294739028
2018-08-25 11:15:00,5.18,20.616440062416604
2018-08-25 11:30:00,5.44,5.666115331470409
2018-08-25 11:45:00,3.35,6.236621027045968
2018-08-25 12:00:00,3.56,3.9866364224153634
2018-08-25 12:15:00,3.67,2.619599384242368
2018-08-25 12:30:00,3.46,2.6413783099070134
2018-08-25 12:45:00,3.38,2.706505256638829
2018-08-25 13:00:00,4.25,4.266042669253162
2018-08-25 13:15:00,4.57,5.891768543889906
2018-08-25 13:30:00,4.79,18.121157753527694
2018-08-25 13:45:00,5.8,10.548341436635422
2018-08-25 14:00:00,5.58,9.630440900870976
2018-08-25 14:15:00,5.51,9.799120712690641
2018-08-25 14:30:00,5.51,10.364321101242181
2018-08-25 14:45:00,5.58,9.814197161591395
2018-08-25 15:00:00,5.51,10.227651223498603
2018-08-25 15:15:00,5.36,10.846070160310013
2018-08-25 15:30:00,6.37,10.682299027331833
2018-08-25 15:45:00,6.84,11.014183794623271
2018-08-25 16:00:00,7.13,11.638444207060815
2018-08-25 16:15:00,6.37,13.929677693984553
2018-08-25 16:30:00,3.74,10.97724313050267
2018-08-25 16:45:00,4.03,5.654995031259495
2018-08-25 17:00:00,3.67,0.09988421719834908
2018-08-25 17:15:00,3.53,3.492241290639673
2018-08-25 17:30:00,3.42,3.3608366787149544
2018-08-25 17:45:00,3.42,3.4919627978108894
2018-08-25 18:00:00,3.38,3.3281996075363987
2018-08-25 18:15:00,3.46,3.8398146993427256
2018-08-25 18:30:00,3.46,3.626099681541114
2018-08-25 18:45:00,3.38,3.733149077112609
2018-08-25 19:00:00,2.84,5.461987226518601
2018-08-25 19:15:00,2.81,5.631005507112714
2018-08-25 19:30:00,2.92,4.983231881316605
2018-08-25 19:45:00,2.88,5.22716211053445
2018-08-25 20:00:00,2.84,4.352601283612167
2018-08-25 20:15:00,2.92,4.138886265810556
2018-08-25 20:30:00,3.42,4.2293231847502915
2018-08-25 20:45:00,3.31,4.075939358009514
2018-08-25 21:00:00,2.88,3.2649031659916505
2018-08-25 21:15:00,2.92,3.2206411012135283
2018-08-25 21:30:00,2.88,2.8379039237094803
2018-08-25 21:45:00,2.95,2.7921316304333392
2018-08-25 22:00:00,2.88,2.828233650610396
2018-08-25 22:15:00,2.66,2.8550865870416984
2018-08-25 22:30:00,2.56,2.7358523035073614
2018-08-25 22:45:00,2.52,2.7921316304333392
2018-08-25 23:00:00,2.74,2.7358523035073614
2018-08-25 23:15:00,3.17,2.7358523035073614
2018-08-25 23:30:00,2.59,2.7358523035073614
2018-08-25 23:45:00,2.88,2.978541398205135
2018-08-26 00:00:00,2.56,2.783389364453564
2018-08-26 00:15:00,2.63,2.783389364453564
2018-08-26 00:30:00,2.66,2.783389364453564
2018-08-26 00:45:00,2.59,2.9118494674155118
2018-08-26 01:00:00,2.66,2.783389364453564
2018-08-26 01:15:00,2.63,2.819468120312477
2018-08-26 01:30:00,2.59,2.783389364453564
2018-08-26 01:45:00,2.56,2.783389364453564
2018-08-26 02:00:00,2.77,2.783389364453564
2018-08-26 02:15:00,3.24,2.783389364453564
2018-08-26 02:30:00,2.81,2.835769753020824
2018-08-26 02:45:00,2.56,3.1646438532475796
2018-08-26 03:00:00,2.59,2.779490426094846
2018-08-26 03:15:00,2.59,2.854884753193056
2018-08-26 03:30:00,2.63,2.838583120484709
2018-08-26 03:45:00,3.1,2.8937059807096204
2018-08-26 04:00:00,2.84,2.869479872243548
2018-08-26 04:15:00,2.63,2.910702610134063
2018-08-26 04:30:00,2.56,2.8295021780259173
2018-08-26 04:45:00,2.59,2.8295021780259173
2018-08-26 05:00:00,2.59,2.8295021780259173
2018-08-26 05:15:00,2.59,2.8655809338848304
2018-08-26 05:30:00,2.77,2.8655809338848304
2018-08-26 05:45:00,2.77,2.8295021780259173
2018-08-26 06:00:00,2.7,2.8295021780259173
2018-08-26 06:15:00,2.7,2.8295021780259173
2018-08-26 06:30:00,2.74,2.833401116384635
2018-08-26 06:45:00,2.74,2.889680443310613
2018-08-26 07:00:00,2.7,2.8655809338848304
2018-08-26 07:15:00,2.74,3.4422821686288847
2018-08-26 07:30:00,2.84,3.886399565810792
2018-08-26 07:45:00,4.61,2.6475438637662254
2018-08-26 08:00:00,6.73,10.481607936138102
2018-08-26 08:15:00,5.72,21.856334051534713
2018-08-26 08:30:00,5.72,10.229568944185642
2018-08-26 08:45:00,5.65,9.191127004287713
2018-08-26 09:00:00,5.65,9.028887630440586
2018-08-26 09:15:00,5.08,7.601371102080449
2018-08-26 09:30:00,5.8,7.864734543120862
2018-08-26 09:45:00,5.62,7.519807815858391
2018-08-26 10:00:00,6.34,7.832146625676112
2018-08-26 10:15:00,5.33,7.8972752715202095
2018-08-26 10:30:00,5.33,9.6706392819205
2018-08-26 10:45:00,5.4,7.896407233156968
2018-08-26 11:00:00,5.04,7.071171942763031
2018-08-26 11:15:00,5.26,6.720664883802203
2018-08-26 11:30:00,4.57,6.834844344501726
2018-08-26 11:45:00,4.64,7.93300400475593
2018-08-26 12:00:00,3.31,7.170483187583763
2018-08-26 12:15:00,3.06,5.926231651800989
2018-08-26 12:30:00,3.02,5.837795822684826
2018-08-26 12:45:00,3.06,5.804564926115033
2018-08-26 13:00:00,3.24,3.522238325339865
2018-08-26 13:15:00,5.0,2.7411836647001744
2018-08-26 13:30:00,5.98,3.819873326999608
2018-08-26 13:45:00,6.59,4.495524111257203
2018-08-26 14:00:00,5.62,5.784555036622434
2018-08-26 14:15:00,5.15,9.896637153128829
2018-08-26 14:30:00,4.93,9.318361546196401
2018-08-26 14:45:00,4.82,8.46682842505017
2018-08-26 15:00:00,6.12,8.46682842505017
2018-08-26 15:15:00,8.24,7.034671535223318
2018-08-26 15:30:00,7.85,9.668764442257206
2018-08-26 15:45:00,7.96,18.29468229555836
2018-08-26 16:00:00,8.42,14.81041079583782
2018-08-26 16:15:00,7.67,13.293724968523344
2018-08-26 16:30:00,4.0,8.093511142652074
2018-08-26 16:45:00,3.89,4.962763803723049
2018-08-26 17:00:00,4.14,2.7440430946373837
2018-08-26 17:15:00,4.57,2.5095042785012307
2018-08-26 17:30:00,4.25,3.296707106375016
2018-08-26 17:45:00,3.64,3.328965052010654
2018-08-26 18:00:00,3.6,3.336302914816021
2018-08-26 18:15:00,3.53,4.390966951169144
2018-08-26 18:30:00,3.6,4.027410160533422
2018-08-26 18:45:00,3.24,3.553782131683433
2018-08-26 19:00:00,3.06,3.8185935092165275
2018-08-26 19:15:00,3.06,3.5026515933878115
2018-08-26 19:30:00,3.06,3.1474296219969946
2018-08-26 19:45:00,3.06,3.084959920728385
2018-08-26 20:00:00,3.13,3.0329762205560074
2018-08-26 20:15:00,3.1,3.0329762205560074
2018-08-26 20:30:00,3.1,3.01187167603081
2018-08-26 20:45:00,3.06,2.992756675858578
2018-08-26 21:00:00,3.13,2.892215284154478
2018-08-26 21:15:00,3.06,2.8905831215219013
2018-08-26 21:30:00,3.17,3.028858696035635
2018-08-26 21:45:00,3.13,2.8905831215219013
2018-08-26 22:00:00,2.99,3.0982359708691636
2018-08-26 22:15:00,2.92,2.892215284154478
2018-08-26 22:30:00,2.92,2.938702403846814
2018-08-26 22:45:00,3.89,2.819468120312477
2018-08-26 23:00:00,3.85,2.9118494674155118
2018-08-26 23:15:00,3.02,3.4016121728284388
2018-08-26 23:30:00,2.88,3.309230825725404
2018-08-26 23:45:00,2.66,2.846321056743779
2018-08-27 00:00:00,2.92,2.894884728796463
2018-08-27 00:15:00,2.95,2.9872660758994978
2018-08-27 00:30:00,3.02,2.9872660758994978
2018-08-27 00:45:00,2.99,2.921737665227765
2018-08-27 01:00:00,2.92,2.921737665227765
2018-08-27 01:15:00,2.95,2.885658909368852
2018-08-27 01:30:00,2.95,2.894884728796463
2018-08-27 01:45:00,2.95,2.921737665227765
2018-08-27 02:00:00,2.99,2.921737665227765
2018-08-27 02:15:00,2.92,2.978016992153743
2018-08-27 02:30:00,3.17,2.921737665227765
2018-08-27 02:45:00,3.53,2.894884728796463
2018-08-27 03:00:00,2.92,3.221799126123823
2018-08-27 03:15:00,2.92,3.3463884023353536
2018-08-27 03:30:00,2.92,2.913999728968695
2018-08-27 03:45:00,2.95,2.913999728968695
2018-08-27 04:00:00,2.95,3.041183686090649
2018-08-27 04:15:00,2.92,3.0763734904795133
2018-08-27 04:30:00,2.88,3.0173516918958843
2018-08-27 04:45:00,2.88,2.990498755464582
2018-08-27 05:00:00,3.1,2.990498755464582
2018-08-27 05:15:00,3.49,2.990498755464582
2018-08-27 05:30:00,2.88,3.0716991875727278
2018-08-27 05:45:00,2.84,3.4228874288312405
2018-08-27 06:00:00,2.88,2.990498755464582
2018-08-27 06:15:00,2.88,2.990498755464582
2018-08-27 06:30:00,2.84,2.990498755464582
2018-08-27 06:45:00,2.88,3.082880102567617
2018-08-27 07:00:00,3.02,3.05180668417756
2018-08-27 07:15:00,3.53,3.0784284599998766
2018-08-27 07:30:00,3.74,3.333024130784439
2018-08-27 07:45:00,3.92,5.988184253704541
2018-08-27 08:00:00,28.48,44.9091215863159
2018-08-27 08:15:00,47.3,58.794825221718376
2018-08-27 08:30:00,50.54,66.27861324230597
2018-08-27 08:45:00,55.73,60.298641985362295
2018-08-27 09:00:00,59.98,65.49881657940135
2018-08-27 09:15:00,53.75,58.862798398199224
2018-08-27 09:30:00,62.71,60.35670303329915
2018-08-27 09:45:00,60.66,60.636630397126545
2018-08-27 10:00:00,54.72,60.62000371467065
2018-08-27 10:15:00,57.6,65.34323454379177
2018-08-27 10:30:00,58.93,66.78934378177146
2018-08-27 10:45:00,65.45,58.11490168396619
2018-08-27 11:00:00,54.94,60.834028340358685
2018-08-27 11:15:00,47.88,64.6357273092158
2018-08-27 11:30:00,41.29,56.96745237009621
2018-08-27 11:45:00,40.57,36.36400217815246
2018-08-27 12:00:00,28.12,9.455024365420492
2018-08-27 12:15:00,25.24,7.912832004381159
2018-08-27 12:30:00,25.27,11.41720279919969
2018-08-27 12:45:00,25.52,15.663374800315188
2018-08-27 13:00:00,46.3,41.93643318956203
2018-08-27 13:15:00,58.68,51.65274647306964
2018-08-27 13:30:00,46.76,57.298682748045955
2018-08-27 13:45:00,41.76,55.08331257025461
2018-08-27 14:00:00,52.42,49.2783176450362
2018-08-27 14:15:00,68.65,47.132899740913096
2018-08-27 14:30:00,45.79,57.46117966677077
2018-08-27 14:45:00,67.79,61.62845771583235
2018-08-27 15:00:00,43.88,49.39839289504127
2018-08-27 15:15:00,45.9,66.26242945328679
2018-08-27 15:30:00,50.51,53.35055220226036
2018-08-27 15:45:00,49.5,54.041791046942585
2018-08-27 16:00:00,52.02,61.48810953897271
2018-08-27 16:15:00,63.22,58.3713631765058
2018-08-27 16:30:00,44.42,55.383887427231265
2018-08-27 16:45:00,63.4,57.99291031489069
2018-08-27 17:00:00,51.73,46.61749406805637
2018-08-27 17:15:00,49.97,56.18860244361666
2018-08-27 17:30:00,46.58,35.94062222362607
2018-08-27 17:45:00,29.95,26.133250799543028
2018-08-27 18:00:00,5.54,34.58895488196804
2018-08-27 18:15:00,3.6,40.29719411054789
2018-08-27 18:30:00,3.38,7.752496490096986
2018-08-27 18:45:00,3.42,6.682256516220012
2018-08-27 19:00:00,3.42,9.20801258809064
2018-08-27 19:15:00,3.46,5.613638809547631
2018-08-27 19:30:00,3.46,5.431844943764265
2018-08-27 19:45:00,3.35,4.752412182128692
2018-08-27 20:00:00,3.38,9.042649012743112
2018-08-27 20:15:00,3.42,9.01838452920507
2018-08-27 20:30:00,2.88,3.001510889525538
2018-08-27 20:45:00,2.84,4.477987082053981
2018-08-27 21:00:00,2.88,2.857986354625181
2018-08-27 21:15:00,2.81,2.083903630325932
2018-08-27 21:30:00,2.84,3.03152814067762
2018-08-27 21:45:00,2.77,3.03152814067762
2018-08-27 22:00:00,2.7,2.939146793574585
2018-08-27 22:15:00,2.66,2.939146793574585
2018-08-27 22:30:00,2.7,2.894884728796463
2018-08-27 22:45:00,2.63,2.935819961434824
2018-08-27 23:00:00,2.59,2.935819961434824
2018-08-27 23:15:00,2.66,2.894884728796463
2018-08-27 23:30:00,3.13,2.85880597293755
2018-08-27 23:45:00,3.42,2.85880597293755
2018-08-28 00:00:00,2.59,2.919943682764393
2018-08-28 00:15:00,2.56,3.2314386455183777
2018-08-28 00:30:00,2.59,2.847196518922392
2018-08-28 00:45:00,2.59,2.847196518922392
2018-08-28 01:00:00,2.56,2.942297073364934
2018-08-28 01:15:00,2.74,2.942297073364934
2018-08-28 01:30:00,3.06,2.847196518922392
2018-08-28 01:45:00,2.59,2.847196518922392
2018-08-28 02:00:00,2.59,2.865712587396132
2018-08-28 02:15:00,2.56,2.83885965096483
2018-08-28 02:30:00,2.59,2.83885965096483
2018-08-28 02:45:00,2.59,2.879794883603191
2018-08-28 03:00:00,2.59,2.874938406823743
2018-08-28 03:15:00,2.52,2.857974651137062
2018-08-28 03:30:00,2.52,2.857974651137062
2018-08-28 03:45:00,2.56,2.8663115190946242
2018-08-28 04:00:00,2.56,2.942810545590511
2018-08-28 04:15:00,2.52,2.934473677632949
2018-08-28 04:30:00,2.63,2.934473677632949
2018-08-28 04:45:00,3.17,2.934473677632949
2018-08-28 05:00:00,3.06,2.934473677632949
2018-08-28 05:15:00,2.52,3.277974123381758
2018-08-28 05:30:00,2.52,2.961326614064251
2018-08-28 05:45:00,3.06,2.942810545590511
2018-08-28 06:00:00,2.56,2.934473677632949
2018-08-28 06:15:00,2.56,3.056427168506793
2018-08-28 06:30:00,2.52,2.970552433491862
2018-08-28 06:45:00,2.59,2.934473677632949
2018-08-28 07:00:00,2.52,2.995781606345927
2018-08-28 07:15:00,2.95,2.6649915273080174
2018-08-28 07:30:00,3.31,2.8225890597147543
2018-08-28 07:45:00,3.67,3.681239603745407
2018-08-28 08:00:00,31.72,36.185831960985645
2018-08-28 08:15:00,49.18,49.66482374549043
2018-08-28 08:30:00,53.24,51.173155832415766
2018-08-28 08:45:00,45.9,57.84147381679307
2018-08-28 09:00:00,52.06,58.488375700815546
2018-08-28 09:15:00,60.7,51.05623412028737
2018-08-28 09:30:00,66.74,55.92781539038114
2018-08-28 09:45:00,62.86,59.14067161003716
2018-08-28 10:00:00,50.15,60.001389350076465
2018-08-28 10:15:00,59.08,56.37238979084343
2018-08-28 10:30:00,50.4,59.14278163014187
2018-08-28 10:45:00,60.91,62.02255437182116
2018-08-28 11:00:00,61.09,64.1055134363545
2018-08-28 11:15:00,59.9,62.27395976935841
2018-08-28 11:30:00,55.98,53.7783373320913
2018-08-28 11:45:00,40.72,48.72092639704507
2018-08-28 12:00:00,5.0,11.376919341813432
2018-08-28 12:15:00,4.32,11.460502301781068
2018-08-28 12:30:00,4.39,8.423658594473356
2018-08-28 12:45:00,4.28,11.678654541082068
2018-08-28 13:00:00,29.02,36.77964655961446
2018-08-28 13:15:00,53.32,54.90811998212833
2018-08-28 13:30:00,58.0,50.498987073684205
2018-08-28 13:45:00,49.54,56.27826197079148
2018-08-28 14:00:00,51.16,54.382210557674114
2018-08-28 14:15:00,50.4,57.109100653622704
2018-08-28 14:30:00,41.69,59.291517261027415
2018-08-28 14:45:00,50.18,57.3935068091608
2018-08-28 15:00:00,45.61,44.83566448690848
2018-08-28 15:15:00,42.7,53.273515317689466
2018-08-28 15:30:00,47.41,52.02513067159621
2018-08-28 15:45:00,48.06,45.049010703719176
2018-08-28 16:00:00,49.97,54.80705484773665
2018-08-28 16:15:00,44.78,53.80006181401774
2018-08-28 16:30:00,35.93,53.14540482919236
2018-08-28 16:45:00,40.07,48.857132568101335
2018-08-28 17:00:00,40.39,36.749873169257576
2018-08-28 17:15:00,40.61,35.56836355621365
2018-08-28 17:30:00,30.31,31.651246579143727
2018-08-28 17:45:00,30.53,26.957451600680024
2018-08-28 18:00:00,34.49,31.11269297698158
2018-08-28 18:15:00,39.24,43.868835964806266
2018-08-28 18:30:00,33.95,40.45372270976792
2018-08-28 18:45:00,32.94,41.925324697069904
2018-08-28 19:00:00,38.2,37.06379032787224
2018-08-28 19:15:00,39.35,38.992842272026486
2018-08-28 19:30:00,41.22,41.48267889995709
2018-08-28 19:45:00,42.62,40.74100935872509
2018-08-28 20:00:00,49.64,41.536772288291296
2018-08-28 20:15:00,60.16,41.68948638312888
2018-08-28 20:30:00,46.62,48.25035248343962
2018-08-28 20:45:00,28.01,26.49879480395983
2018-08-28 21:00:00,4.36,10.910986994149976
2018-08-28 21:15:00,3.82,5.24218558827755
2018-08-28 21:30:00,3.64,9.487568120009715
2018-08-28 21:45:00,3.6,2.216659931453773
2018-08-28 22:00:00,3.42,2.558552949563628
2018-08-28 22:15:00,3.53,3.3358292996950913
2018-08-28 22:30:00,3.42,3.2929899128481006
2018-08-28 22:45:00,3.13,3.2929899128481006
2018-08-28 23:00:00,2.77,3.4162209118944395
2018-08-28 23:15:00,2.74,3.1249218030383
2018-08-28 23:30:00,2.92,3.019918686662462
2018-08-28 23:45:00,2.88,3.07619801358844
2018-08-29 00:00:00,2.74,3.019918686662462
2018-08-29 00:15:00,2.81,3.019918686662462
2018-08-29 00:30:00,2.77,2.840238574842185
2018-08-29 00:45:00,2.77,2.8914585837005142
2018-08-29 01:00:00,2.7,2.9275373395594273
2018-08-29 01:15:00,2.77,2.9275373395594273
2018-08-29 01:30:00,2.7,2.847196518922392
2018-08-29 01:45:00,2.7,2.883275274781305
2018-08-29 02:00:00,2.7,2.883275274781305
2018-08-29 02:15:00,2.77,2.883275274781305
2018-08-29 02:30:00,2.77,2.847196518922392
2018-08-29 02:45:00,2.77,2.883275274781305
2018-08-29 03:00:00,2.7,2.847196518922392
2018-08-29 03:15:00,2.74,2.857974651137062
2018-08-29 03:30:00,2.74,2.857974651137062
2018-08-29 03:45:00,2.95,2.9023902749535373
2018-08-29 04:00:00,3.38,2.978889301449424
2018-08-29 04:15:00,2.88,2.997405369923164
2018-08-29 04:30:00,2.7,3.3355059404526415
2018-08-29 04:45:00,2.77,2.934473677632949
2018-08-29 05:00:00,2.77,2.934473677632949
2018-08-29 05:15:00,3.2,2.970552433491862
2018-08-29 05:30:00,2.99,3.029574232075491
2018-08-29 05:45:00,2.74,3.2577735523146933
2018-08-29 06:00:00,2.77,2.961326614064251
2018-08-29 06:15:00,2.74,2.970552433491862
2018-08-29 06:30:00,2.7,2.970552433491862
2018-08-29 06:45:00,2.66,3.029574232075491
2018-08-29 07:00:00,2.7,3.03186036220484
2018-08-29 07:15:00,3.24,3.147304337029353
2018-08-29 07:30:00,3.78,3.4201409475023232
2018-08-29 07:45:00,3.46,5.6771478573389365
2018-08-29 08:00:00,34.31,44.02617359894059
2018-08-29 08:15:00,55.66,43.11700496741749
2018-08-29 08:30:00,55.08,51.41356447177678
2018-08-29 08:45:00,60.95,60.99620623000021
2018-08-29 09:00:00,56.84,57.69092953403075
2018-08-29 09:15:00,50.15,57.18737187089221
2018-08-29 09:30:00,48.46,57.53017617526506
2018-08-29 09:45:00,43.27,58.49470653312692
2018-08-29 10:00:00,34.88,52.53932769909528
2018-08-29 10:15:00,37.08,47.94884641729548
2018-08-29 10:30:00,45.72,45.86059331420068
2018-08-29 10:45:00,44.82,45.7545709139492
2018-08-29 11:00:00,58.1,52.03029742033059
2018-08-29 11:15:00,59.29,50.82433992727218
2018-08-29 11:30:00,52.78,53.27953711738743
2018-08-29 11:45:00,48.64,44.11922419474028
2018-08-29 12:00:00,4.79,5.674676353304963
2018-08-29 12:15:00,5.87,5.250381813715873
2018-08-29 12:30:00,5.9,4.4989838961653055
2018-08-29 12:45:00,6.26,5.705971863292678
2018-08-29 13:00:00,32.9,26.57160366818995
2018-08-29 13:15:00,60.77,55.015704407631056
2018-08-29 13:30:00,50.4,60.53417461999473
2018-08-29 13:45:00,41.72,60.57781625040649
2018-08-29 14:00:00,49.46,55.08129321586835
2018-08-29 14:15:00,56.2,48.04446043453519
2018-08-29 14:30:00,38.99,55.74896799568226
2018-08-29 14:45:00,38.84,58.24869067049897
2018-08-29 15:00:00,53.28,43.7730533964404
2018-08-29 15:15:00,44.96,44.05444773151615
2018-08-29 15:30:00,56.2,54.43976680044196
2018-08-29 15:45:00,55.73,51.585795297868195
2018-08-29 16:00:00,58.03,56.05882279561736
2018-08-29 16:15:00,54.47,54.289403336838944
2018-08-29 16:30:00,52.96,57.03920907794959
2018-08-29 16:45:00,52.88,59.8375070370279
2018-08-29 17:00:00,53.64,56.76727837898349
2018-08-29 17:15:00,44.6,52.7211967059432
2018-08-29 17:30:00,29.02,34.6716731269116
2018-08-29 17:45:00,29.41,25.09017861056126
2018-08-29 18:00:00,36.18,25.452126363673365
2018-08-29 18:15:00,54.54,49.07704218272911
2018-08-29 18:30:00,56.16,39.9297722673192
2018-08-29 18:45:00,40.68,45.859757583907644
2018-08-29 19:00:00,43.06,53.08626206627625
2018-08-29 19:15:00,63.76,38.111123435945764
2018-08-29 19:30:00,41.47,41.96536490731858
2018-08-29 19:45:00,45.25,55.93275678737747
2018-08-29 20:00:00,46.98,41.56493328627025
2018-08-29 20:15:00,43.67,44.681316656947224
2018-08-29 20:30:00,43.31,42.863195162937345
2018-08-29 20:45:00,14.22,19.48575032658448
2018-08-29 21:00:00,6.3,11.463669748935656
2018-08-29 21:15:00,3.92,1.564757723026947
2018-08-29 21:30:00,3.82,4.077055075175632
2018-08-29 21:45:00,3.74,2.902895054803597
2018-08-29 22:00:00,3.6,3.4407139518411958
2018-08-29 22:15:00,3.35,3.5574359734548264
2018-08-29 22:30:00,3.53,3.42579383725469
2018-08-29 22:45:00,3.06,3.3266751234817216
2018-08-29 23:00:00,2.92,3.4162209118944395
2018-08-29 23:15:00,2.88,3.079027575627601
2018-08-29 23:30:00,2.84,3.7977159913596483
2018-08-29 23:45:00,2.74,3.019918686662462
2018-08-30 00:00:00,2.88,2.9363028698573466
2018-08-30 00:15:00,2.92,2.8439215227543118
2018-08-30 00:30:00,2.95,2.8439215227543118
2018-08-30 00:45:00,2.99,2.8439215227543118
2018-08-30 01:00:00,2.92,2.870774459185614
2018-08-30 01:15:00,2.66,2.834695703326701
2018-08-30 01:30:00,2.63,2.7996594579761895
2018-08-30 01:45:00,2.66,2.7996594579761895
2018-08-30 02:00:00,2.66,2.7996594579761895
2018-08-30 02:15:00,2.66,2.7996594579761895
2018-08-30 02:30:00,2.66,2.7996594579761895
2018-08-30 02:45:00,2.77,2.79355133235296
2018-08-30 03:00:00,3.13,2.79355133235296
2018-08-30 03:15:00,2.66,2.7826957022895087
2018-08-30 03:30:00,2.66,2.893866764633338
2018-08-30 03:45:00,2.7,2.8126663325251924
2018-08-30 04:00:00,3.17,2.937107817989495
2018-08-30 04:15:00,2.66,2.8952734846443087
2018-08-30 04:30:00,2.63,3.241516402050769
2018-08-30 04:45:00,2.59,2.8591947287853956
2018-08-30 05:00:00,2.66,2.8591947287853956
2018-08-30 05:15:00,2.59,2.8591947287853956
2018-08-30 05:30:00,2.52,2.9459584152703755
2018-08-30 05:45:00,2.52,2.8508578608278334
2018-08-30 06:00:00,2.52,2.8508578608278334
2018-08-30 06:15:00,2.59,2.8508578608278334
2018-08-30 06:30:00,2.59,2.8508578608278334
2018-08-30 06:45:00,2.48,2.8508578608278334
2018-08-30 07:00:00,2.84,2.9121657895408113
2018-08-30 07:15:00,3.71,3.0405306860566506
2018-08-30 07:30:00,3.85,2.7389732429096387
2018-08-30 07:45:00,3.71,5.993914414525547
2018-08-30 08:00:00,30.96,33.063476139856796
2018-08-30 08:15:00,50.8,52.58115611812373
2018-08-30 08:30:00,47.3,51.12277440431696
2018-08-30 08:45:00,53.96,57.628505005293
2018-08-30 09:00:00,56.74,54.008844436784564
2018-08-30 09:15:00,53.6,52.96952271477907
2018-08-30 09:30:00,42.23,54.14037037689382
2018-08-30 09:45:00,43.13,56.560166098042025
2018-08-30 10:00:00,42.66,44.989474746975574
2018-08-30 10:15:00,51.62,48.41735932721042
2018-08-30 10:30:00,48.17,46.52089972227809
2018-08-30 10:45:00,48.35,59.21916343775833
2018-08-30 11:00:00,42.84,52.90391586253655
2018-08-30 11:15:00,68.87,54.24718007560415
2018-08-30 11:30:00,46.55,44.07117896897672
2018-08-30 11:45:00,43.34,56.90655758829342
2018-08-30 12:00:00,6.16,6.715744583924186
2018-08-30 12:15:00,4.97,6.498920967072501
2018-08-30 12:30:00,5.47,5.01916946651196
2018-08-30 12:45:00,5.33,6.245382247246511
2018-08-30 13:00:00,27.76,35.37648328339915
2018-08-30 13:15:00,47.23,49.96341205995246
2018-08-30 13:30:00,58.03,43.6957554768966
2018-08-30 13:45:00,50.33,49.54884394609037
2018-08-30 14:00:00,68.65,50.455380940142504
2018-08-30 14:15:00,52.13,50.121371652025964
2018-08-30 14:30:00,59.18,56.874678441963155
2018-08-30 14:45:00,49.14,50.8536873118834
2018-08-30 15:00:00,57.24,55.822412017191105
2018-08-30 15:15:00,54.94,54.715575376832575
2018-08-30 15:30:00,55.55,57.137069771871154
2018-08-30 15:45:00,56.38,56.4252120706248
2018-08-30 16:00:00,57.67,56.11987616175638
2018-08-30 16:15:00,47.66,59.952174834785524
2018-08-30 16:30:00,48.56,57.83815774027022
2018-08-30 16:45:00,43.24,54.99278595173916
2018-08-30 17:00:00,42.48,55.14056022806952
2018-08-30 17:15:00,39.35,44.2309455279859
2018-08-30 17:30:00,41.44,29.20698626341787
2018-08-30 17:45:00,47.38,27.313676289886462
2018-08-30 18:00:00,100.58,29.04023231989501
2018-08-30 18:15:00,77.4,30.99011252918079
2018-08-30 18:30:00,39.92,68.9106687655457
2018-08-30 18:45:00,40.61,72.69509836204743
2018-08-30 19:00:00,39.89,48.87087738113149
2018-08-30 19:15:00,37.33,53.34643573037583
2018-08-30 19:30:00,40.86,39.69571516876607
2018-08-30 19:45:00,33.12,38.68371938339845
2018-08-30 20:00:00,38.52,37.96198248883378
2018-08-30 20:15:00,34.42,35.74911711857759
2018-08-30 20:30:00,32.22,34.409749782887594
2018-08-30 20:45:00,24.44,19.283761917555196
2018-08-30 21:00:00,3.74,14.02118600789819
2018-08-30 21:15:00,4.25,3.7602482175540883
2018-08-30 21:30:00,3.89,4.286931298467357
2018-08-30 21:45:00,3.64,4.0412898976070615
2018-08-30 22:00:00,3.53,4.148948742092619
2018-08-30 22:15:00,3.31,3.4718785005725503
2018-08-30 22:30:00,2.88,3.509801617623496
2018-08-30 22:45:00,3.38,3.332605095089324
2018-08-30 23:00:00,2.77,2.9483629684933383
2018-08-30 23:15:00,2.63,3.3205449964533322
2018-08-30 23:30:00,2.7,2.9685588223911834
2018-08-30 23:45:00,2.95,2.9363028698573466
2018-08-31 00:00:00,2.74,2.7801143682854836
2018-08-31 00:15:00,2.7,2.8993486518198206
2018-08-31 00:30:00,2.7,2.7801143682854836
2018-08-31 00:45:00,2.7,2.7440356124265706
2018-08-31 01:00:00,2.7,2.7440356124265706
2018-08-31 01:15:00,2.7,2.7358523035073614
2018-08-31 01:30:00,2.74,2.7440356124265706
2018-08-31 01:45:00,2.77,2.6997735476484483
2018-08-31 02:00:00,2.7,2.6997735476484483
2018-08-31 02:15:00,2.74,2.6997735476484483
2018-08-31 02:30:00,2.99,2.6997735476484483
2018-08-31 02:45:00,3.2,2.6997735476484483
2018-08-31 03:00:00,2.81,2.7266264840797505
2018-08-31 03:15:00,2.74,3.038289484143707
2018-08-31 03:30:00,2.74,2.7149896094619628
2018-08-31 03:45:00,2.74,2.7149896094619628
2018-08-31 04:00:00,3.02,2.7858640554384326
2018-08-31 04:15:00,3.38,2.840986915663344
2018-08-31 04:30:00,2.81,2.808818053511017
2018-08-31 04:45:00,2.77,3.138581756082932
2018-08-31 05:00:00,2.77,2.7458863612208018
2018-08-31 05:15:00,2.74,2.7458863612208018
2018-08-31 05:30:00,2.74,2.781965117079715
2018-08-31 05:45:00,2.7,2.840986915663344
2018-08-31 06:00:00,2.74,2.781965117079715
2018-08-31 06:15:00,2.7,2.781965117079715
2018-08-31 06:30:00,2.74,2.781965117079715
2018-08-31 06:45:00,2.88,2.7497852995795196
2018-08-31 07:00:00,3.06,2.7497852995795196
2018-08-31 07:15:00,3.31,2.663218820228715
2018-08-31 07:30:00,3.85,2.823678285511037
2018-08-31 07:45:00,3.6,5.309606963367652
2018-08-31 08:00:00,26.14,34.05805906579078
2018-08-31 08:15:00,45.65,40.02148267244017
2018-08-31 08:30:00,58.03,53.02999840111459
2018-08-31 08:45:00,88.99,51.386528801810805
2018-08-31 09:00:00,113.04,55.578349597873135
2018-08-31 09:15:00,112.68,78.52209627013671
2018-08-31 09:30:00,54.32,84.21860660273192
2018-08-31 09:45:00,58.54,91.59028290853686
2018-08-31 10:00:00,52.92,72.0601551923994
2018-08-31 10:15:00,53.6,57.096729976816476
2018-08-31 10:30:00,44.21,53.31349670362287
2018-08-31 10:45:00,49.03,61.52742056795313
2018-08-31 11:00:00,61.52,47.298657679022796
2018-08-31 11:15:00,60.01,52.17071743538681
2018-08-31 11:30:00,61.56,55.140946779264546
2018-08-31 11:45:00,48.28,49.2221836002129
2018-08-31 12:00:00,4.46,7.550893227867215
2018-08-31 12:15:00,5.54,4.2370384916549195
2018-08-31 12:30:00,5.44,5.782444393422284
2018-08-31 12:45:00,8.5,5.7481863038433625
2018-08-31 13:00:00,37.44,39.92131593505869
2018-08-31 13:15:00,44.64,55.9873663083383
2018-08-31 13:30:00,53.03,60.2200280026404
2018-08-31 13:45:00,56.77,48.30758627246051
2018-08-31 14:00:00,56.12,57.3685183120059
2018-08-31 14:15:00,58.97,55.963920723641124
2018-08-31 14:30:00,56.77,53.79480592397068
2018-08-31 14:45:00,40.32,52.992446836308474
2018-08-31 15:00:00,48.17,57.453126887017284
2018-08-31 15:15:00,44.42,49.83790371812383
2018-08-31 15:30:00,55.55,57.46148119929671
2018-08-31 15:45:00,55.87,51.40985133801124
2018-08-31 16:00:00,58.14,55.105620411033925
2018-08-31 16:15:00,56.12,52.77125693968232
2018-08-31 16:30:00,51.98,55.350651815442085
2018-08-31 16:45:00,55.19,55.86074200497189
2018-08-31 17:00:00,47.41,54.53439773353026
2018-08-31 17:15:00,43.92,50.759871554147495
2018-08-31 17:30:00,28.4,40.18771969715299
2018-08-31 17:45:00,28.69,34.93311787459476
2018-08-31 18:00:00,31.82,28.06917233761663
2018-08-31 18:15:00,44.03,39.93643054886761
2018-08-31 18:30:00,36.76,40.009063665301916
2018-08-31 18:45:00,36.22,43.608982707314794
2018-08-31 19:00:00,43.49,41.020300434538875
2018-08-31 19:15:00,40.25,37.87022135961409
2018-08-31 19:30:00,44.71,43.89296753307228
2018-08-31 19:45:00,43.67,38.90143651199835
2018-08-31 20:00:00,37.94,41.957385544149524
2018-08-31 20:15:00,36.4,43.37140094888798
2018-08-31 20:30:00,53.71,32.117567391588295
2018-08-31 20:45:00,19.22,17.24948248790038
2018-08-31 21:00:00,4.46,5.19235749491591
2018-08-31 21:15:00,4.03,3.054037314892949
2018-08-31 21:30:00,4.07,4.414326614202292
2018-08-31 21:45:00,3.85,4.9600456715816215
2018-08-31 22:00:00,3.67,3.5769467033602016
2018-08-31 22:15:00,3.6,3.6968690253416927
2018-08-31 22:30:00,3.82,3.2832835550805233
2018-08-31 22:45:00,4.64,3.2446856553471255
2018-08-31 23:00:00,3.06,3.3116373274674866
2018-08-31 23:15:00,2.92,3.6972731193774866
2018-08-31 23:30:00,2.95,2.9239523633357845
2018-08-31 23:45:00,3.85,2.99900957637574
2018-09-01 00:00:00,2.95,2.7860558785657847
2018-09-01 00:15:00,3.02,3.1905160739292784
2018-09-01 00:30:00,3.02,2.781506874196326
2018-09-01 00:45:00,3.02,2.773761014753203
2018-09-01 01:00:00,3.02,2.784136382506287
2018-09-01 01:15:00,2.95,2.727752653080946
2018-09-01 01:30:00,2.99,2.727752653080946
2018-09-01 01:45:00,3.06,2.7823040432065027
2018-09-01 02:00:00,2.99,2.722859009100649
2018-09-01 02:15:00,2.95,2.722859009100649
2018-09-01 02:30:00,3.02,2.9268847965632845
2018-09-01 02:45:00,3.49,2.8398578440693956
2018-09-01 03:00:00,3.17,2.7908743858374256
2018-09-01 03:15:00,3.06,2.9968686315736113
2018-09-01 03:30:00,3.53,2.959354719390246
2018-09-01 03:45:00,3.46,2.7780497201501237
2018-09-01 04:00:00,3.02,3.1423822134562256
2018-09-01 04:15:00,3.02,3.1103181331546614
2018-09-01 04:30:00,3.02,2.8411714529066034
2018-09-01 04:45:00,3.13,2.8732355332081676
2018-09-01 05:00:00,3.06,2.8280720805544393
2018-09-01 05:15:00,3.06,2.751631313446299
2018-09-01 05:30:00,3.02,2.7132417989845035
2018-09-01 05:45:00,3.02,2.7132417989845035
2018-09-01 06:00:00,3.02,2.7132417989845035
2018-09-01 06:15:00,3.06,2.7132417989845035
2018-09-01 06:30:00,3.53,2.7132417989845035
2018-09-01 06:45:00,3.24,2.8875183400461992
2018-09-01 07:00:00,2.99,3.021857343371522
2018-09-01 07:15:00,3.02,3.7982266453574245
2018-09-01 07:30:00,3.17,3.8625007358569636
2018-09-01 07:45:00,3.28,2.7257322778643136
2018-09-01 08:00:00,17.17,15.724837403054185
2018-09-01 08:15:00,32.44,33.134343281640184
2018-09-01 08:30:00,32.11,23.033538103209747
2018-09-01 08:45:00,37.4,38.14838064114427
2018-09-01 09:00:00,47.09,35.45462183177376
2018-09-01 09:15:00,32.9,38.83964873184551
2018-09-01 09:30:00,42.77,41.92586469291467
2018-09-01 09:45:00,41.11,34.212664352577484
2018-09-01 10:00:00,49.46,38.36332389336043
2018-09-01 10:15:00,38.88,39.87928687986735
2018-09-01 10:30:00,50.62,42.957100136503776
2018-09-01 10:45:00,32.94,39.08934264193154
2018-09-01 11:00:00,28.15,43.54562863122178
2018-09-01 11:15:00,25.78,33.982072420629
2018-09-01 11:30:00,25.7,17.850288336610028
2018-09-01 11:45:00,25.31,15.960111481212008
2018-09-01 12:00:00,25.6,10.666464836891624
2018-09-01 12:15:00,25.34,11.961229042075955
2018-09-01 12:30:00,25.49,11.435885051025414
2018-09-01 12:45:00,25.49,16.654944652467158
2018-09-01 13:00:00,25.49,29.499073916723113
2018-09-01 13:15:00,28.19,35.918552369489696
2018-09-01 13:30:00,27.61,30.735412401730045
2018-09-01 13:45:00,27.04,28.983877530502483
2018-09-01 14:00:00,27.43,29.018486560163986
2018-09-01 14:15:00,26.86,29.039973725975003
2018-09-01 14:30:00,26.78,28.56024630807037
2018-09-01 14:45:00,27.14,27.829815426357154
2018-09-01 15:00:00,26.57,27.818710877931537
2018-09-01 15:15:00,26.17,27.677322878456348
2018-09-01 15:30:00,26.42,27.677322878456348
2018-09-01 15:45:00,25.99,27.677322878456348
2018-09-01 16:00:00,25.92,27.62018646193644
2018-09-01 16:15:00,26.53,21.007772819201087
2018-09-01 16:30:00,26.32,20.369501186002132
2018-09-01 16:45:00,26.32,13.514430736741318
2018-09-01 17:00:00,26.06,12.572113505217956
2018-09-01 17:15:00,25.02,13.16344642135829
2018-09-01 17:30:00,25.85,18.376721133958977
2018-09-01 17:45:00,24.34,21.825892159026488
2018-09-01 18:00:00,25.74,22.890697557156304
2018-09-01 18:15:00,6.44,14.633533738673854
2018-09-01 18:30:00,3.49,21.839903730235054
2018-09-01 18:45:00,3.49,7.2718905312063065
2018-09-01 19:00:00,3.6,3.133004461017079
2018-09-01 19:15:00,3.56,3.7268412811180323
2018-09-01 19:30:00,3.31,3.6780527940102536
2018-09-01 19:45:00,2.92,3.4012311574816145
2018-09-01 20:00:00,2.92,3.4012311574816145
2018-09-01 20:15:00,2.99,3.1607200656065975
2018-09-01 20:30:00,2.99,3.152404678182251
2018-09-01 20:45:00,2.95,3.4235413724912096
2018-09-01 21:00:00,2.99,2.9383090733354185
2018-09-01 21:15:00,2.92,2.9383090733354185
2018-09-01 21:30:00,2.81,2.9571525673492842
2018-09-01 21:45:00,2.81,2.9233407108791347
2018-09-01 22:00:00,2.7,2.901420115532663
2018-09-01 22:15:00,2.7,2.9233407108791347
2018-09-01 22:30:00,2.66,2.8800651093280023
2018-09-01 22:45:00,2.66,2.875171465347705
2018-09-01 23:00:00,2.66,2.8055352589692126
2018-09-01 23:15:00,2.63,2.8055352589692126
2018-09-01 23:30:00,3.82,2.7527068889545157
2018-09-01 23:45:00,2.74,2.822343095333008
2018-09-02 00:00:00,2.63,3.1476591354389494
2018-09-02 00:15:00,2.63,3.321934290184399
2018-09-02 00:30:00,2.66,2.798650880535592
2018-09-02 00:45:00,2.63,2.830714960837156
2018-09-02 01:00:00,2.74,2.851479250550289
2018-09-02 01:15:00,2.7,2.7918226701004225
2018-09-02 01:30:00,2.63,2.813177676305083
2018-09-02 01:45:00,2.66,2.7918226701004225
2018-09-02 02:00:00,2.63,2.7918226701004225
2018-09-02 02:15:00,2.66,2.8878676920956856
2018-09-02 02:30:00,2.7,2.7918226701004225
2018-09-02 02:45:00,2.63,2.7918226701004225
2018-09-02 03:00:00,2.66,2.8003930127313454
2018-09-02 03:15:00,2.63,2.7907758026152
2018-09-02 03:30:00,2.63,2.8604120089936926
2018-09-02 03:45:00,2.81,2.7907758026152
2018-09-02 04:00:00,3.2,2.7907758026152
2018-09-02 04:15:00,2.77,2.8121308088198607
2018-09-02 04:30:00,2.66,3.052641900694878
2018-09-02 04:45:00,3.2,2.8121308088198607
2018-09-02 05:00:00,3.17,2.7907758026152
2018-09-02 05:15:00,2.59,3.105470270709575
2018-09-02 05:30:00,2.56,3.105470270709575
2018-09-02 05:45:00,2.63,2.812503235132013
2018-09-02 06:00:00,2.56,2.7907758026152
2018-09-02 06:15:00,2.56,2.843604172629897
2018-09-02 06:30:00,2.56,2.9132403790083896
2018-09-02 06:45:00,2.56,2.7419189594126077
2018-09-02 07:00:00,2.59,2.7419189594126077
2018-09-02 07:15:00,2.66,2.711561940126504
2018-09-02 07:30:00,2.77,2.8893297985442814
2018-09-02 07:45:00,2.7,2.5351142465860206
2018-09-02 08:00:00,26.17,8.975153534926827
2018-09-02 08:15:00,50.18,4.949572800767978
2018-09-02 08:30:00,42.37,31.627509529216965
2018-09-02 08:45:00,41.76,50.58509705521109
2018-09-02 09:00:00,31.46,42.88545271385641
2018-09-02 09:15:00,39.13,38.672022008773574
2018-09-02 09:30:00,56.95,34.2079449814725
2018-09-02 09:45:00,35.14,37.71707110062881
2018-09-02 10:00:00,51.34,52.21766138508267
2018-09-02 10:15:00,48.67,34.858461723663396
2018-09-02 10:30:00,32.36,44.31532223185912
2018-09-02 10:45:00,31.14,40.38885947584339
2018-09-02 11:00:00,35.53,32.86816098963076
2018-09-02 11:15:00,52.63,29.773022913990598
2018-09-02 11:30:00,57.38,24.277569588099144
2018-09-02 11:45:00,21.67,17.197145185658524
2018-09-02 12:00:00,3.17,5.717585680453868
2018-09-02 12:15:00,3.17,9.750583349197003
2018-09-02 12:30:00,3.31,8.227812278280116
2018-09-02 12:45:00,3.89,6.58403422546777
2018-09-02 13:00:00,13.43,18.320392941359152
2018-09-02 13:15:00,32.8,24.307340127153218
2018-09-02 13:30:00,52.2,38.964542532417155
2018-09-02 13:45:00,56.56,28.872825270926512
2018-09-02 14:00:00,33.91,30.83014491579026
2018-09-02 14:15:00,42.41,31.888175010312786
2018-09-02 14:30:00,44.75,26.127416257288903
2018-09-02 14:45:00,47.7,27.28427155428769
2018-09-02 15:00:00,44.82,29.087066936342982
2018-09-02 15:15:00,31.68,29.852098197543693
2018-09-02 15:30:00,23.69,28.045665887574458
2018-09-02 15:45:00,5.65,29.90353620117245
2018-09-02 16:00:00,5.04,32.04134814784221
2018-09-02 16:15:00,3.64,11.40071849546319
2018-09-02 16:30:00,3.6,4.590778179107723
2018-09-02 16:45:00,3.64,2.2898132646149167
2018-09-02 17:00:00,3.6,2.121795220409288
2018-09-02 17:15:00,3.64,3.6010714297764745
2018-09-02 17:30:00,3.53,3.5376794666222895
2018-09-02 17:45:00,3.42,3.6629898746814287
2018-09-02 18:00:00,3.42,5.818426789798016
2018-09-02 18:15:00,3.49,3.4639725471951457
2018-09-02 18:30:00,3.02,3.2393262170768344
2018-09-02 18:45:00,2.92,3.24382375828748
2018-09-02 19:00:00,2.81,3.0097598724798647
2018-09-02 19:15:00,2.84,2.9887588379208414
2018-09-02 19:30:00,2.99,2.8922816562669795
2018-09-02 19:45:00,2.88,2.858066197107926
2018-09-02 20:00:00,2.92,2.8918780535780755
2018-09-02 20:15:00,3.64,2.858066197107926
2018-09-02 20:30:00,3.35,2.8594871344925514
2018-09-02 20:45:00,2.95,3.134620851817453
2018-09-02 21:00:00,2.99,3.131762509793691
2018-09-02 21:15:00,2.92,2.925063274388823
2018-09-02 21:30:00,2.92,2.913523403861063
2018-09-02 21:45:00,2.88,2.8424508922133236
2018-09-02 22:00:00,2.7,2.7558354217862027
2018-09-02 22:15:00,2.77,2.7558354217862027
2018-09-02 22:30:00,2.81,2.734480415581542
2018-09-02 22:45:00,2.74,2.795273532325604
2018-09-02 23:00:00,2.66,2.795273532325604
2018-09-02 23:15:00,2.7,2.7558354217862027
2018-09-02 23:30:00,2.74,2.8682870869140844
2018-09-02 23:45:00,2.7,2.703379478083658
2018-09-03 00:00:00,3.35,2.8496292153139815
2018-09-03 00:15:00,2.74,2.8024518854005827
2018-09-03 00:30:00,2.74,3.0467417531659295
2018-09-03 00:45:00,2.74,2.8238068916052432
2018-09-03 01:00:00,2.74,2.8238068916052432
2018-09-03 01:15:00,2.74,2.849042761471638
2018-09-03 01:30:00,2.77,2.842801004878812
2018-09-03 01:45:00,2.74,2.816978681170074
2018-09-03 02:00:00,3.17,2.816978681170074
2018-09-03 02:15:00,3.31,2.816978681170074
2018-09-03 02:30:00,2.74,3.03991354273076
2018-09-03 02:45:00,2.7,3.0949651931025497
2018-09-03 03:00:00,2.77,2.811700067380928
2018-09-03 03:15:00,2.74,2.8409369079309554
2018-09-03 03:30:00,2.74,2.9201783181459184
2018-09-03 03:45:00,3.28,2.951235970600834
2018-09-03 04:00:00,2.7,2.960855045429327
2018-09-03 04:15:00,2.77,3.2739967793796803
2018-09-03 04:30:00,2.7,2.8356582941418096
2018-09-03 04:45:00,2.77,2.960855045429327
2018-09-03 05:00:00,2.7,2.9395000392246664
2018-09-03 05:15:00,2.63,2.953703142386874
2018-09-03 05:30:00,2.63,2.8409369079309554
2018-09-03 05:45:00,2.66,2.8356582941418096
2018-09-03 06:00:00,2.59,2.8409369079309554
2018-09-03 06:15:00,2.74,2.8356582941418096
2018-09-03 06:30:00,2.66,2.8409369079309554
2018-09-03 06:45:00,2.66,2.8134350709330236
2018-09-03 07:00:00,2.77,2.792080064728363
2018-09-03 07:15:00,4.54,2.9820519142427093
2018-09-03 07:30:00,3.71,3.8640486480313694
2018-09-03 07:45:00,2.95,5.7151434906247
2018-09-03 08:00:00,12.17,30.69135664424836
2018-09-03 08:15:00,41.9,30.869539220782308
2018-09-03 08:30:00,41.04,50.679265601768016
2018-09-03 08:45:00,46.08,56.72692497081553
2018-09-03 09:00:00,46.66,46.147746078358075
2018-09-03 09:15:00,67.0,50.47962023070288
2018-09-03 09:30:00,65.88,51.671623167137724
2018-09-03 09:45:00,41.0,64.08279314608883
2018-09-03 10:00:00,41.22,60.098848241630066
2018-09-03 10:15:00,40.93,48.329350420561234
2018-09-03 10:30:00,39.17,48.94319555780923
2018-09-03 10:45:00,44.24,48.154402637805795
2018-09-03 11:00:00,59.94,48.77077652740986
2018-09-03 11:15:00,39.13,47.245799625987175
2018-09-03 11:30:00,39.6,56.08727304967437
2018-09-03 11:45:00,30.71,30.922444805761664
2018-09-03 12:00:00,5.08,10.106824026459876
2018-09-03 12:15:00,5.0,6.507961016841223
2018-09-03 12:30:00,4.97,6.107257916983629
2018-09-03 12:45:00,5.11,7.077486006914115
2018-09-03 13:00:00,23.15,41.31160833232607
2018-09-03 13:15:00,46.26,52.54683481351752
2018-09-03 13:30:00,63.58,54.889929749938986
2018-09-03 13:45:00,54.22,50.84784189836058
2018-09-03 14:00:00,56.77,60.245886654509015
2018-09-03 14:15:00,51.34,60.98413136894397
2018-09-03 14:30:00,54.94,57.84351367889176
2018-09-03 14:45:00,60.88,59.578115108684756
2018-09-03 15:00:00,58.9,59.830136847395025
2018-09-03 15:15:00,55.15,53.46879598576882
2018-09-03 15:30:00,79.67,60.85904348900362
2018-09-03 15:45:00,83.16,57.859389331842934
2018-09-03 16:00:00,113.65,77.3766318817752
2018-09-03 16:15:00,63.83,81.25354040466236
2018-09-03 16:30:00,118.04,85.07331574081002
2018-09-03 16:45:00,110.56,59.781013223888856
2018-09-03 17:00:00,72.43,78.00187794705813
2018-09-03 17:15:00,88.74,78.49523703939103
2018-09-03 17:30:00,38.27,48.215848880144335
2018-09-03 17:45:00,30.92,34.787242343476514
2018-09-03 18:00:00,52.6,25.883788557091382
2018-09-03 18:15:00,77.83,64.09781331434671
2018-09-03 18:30:00,75.89,54.88102819615004
2018-09-03 18:45:00,30.53,93.57868681345344
2018-09-03 19:00:00,29.3,83.38226283431025
2018-09-03 19:15:00,27.11,38.981493661639014
2018-09-03 19:30:00,25.67,35.200932938007284
2018-09-03 19:45:00,25.67,28.347498962058616
2018-09-03 20:00:00,25.74,26.609506565566164
2018-09-03 20:15:00,26.42,29.183635189728793
2018-09-03 20:30:00,25.31,19.709823614636964
2018-09-03 20:45:00,4.57,16.51466831781249
2018-09-03 21:00:00,5.0,8.553029978215148
2018-09-03 21:15:00,3.64,2.926966126199015
2018-09-03 21:30:00,3.67,3.0739246538096676
2018-09-03 21:45:00,3.53,3.4764740888732737
2018-09-03 22:00:00,3.35,3.375814796376707
2018-09-03 22:15:00,3.31,3.351808068177035
2018-09-03 22:30:00,3.31,2.758233486700129
2018-09-03 22:45:00,2.74,2.9429059357520484
2018-09-03 23:00:00,2.7,3.1349177680521505
2018-09-03 23:15:00,2.66,2.911982906491464
2018-09-03 23:30:00,2.66,2.853367245109214
2018-09-03 23:45:00,2.56,2.9422426097604286
2018-09-04 00:00:00,2.66,2.932909146098705
2018-09-04 00:15:00,2.66,2.79008798742122
2018-09-04 00:30:00,2.7,2.79008798742122
2018-09-04 00:45:00,2.7,2.79008798742122
2018-09-04 01:00:00,2.66,2.7681673920747483
2018-09-04 01:15:00,2.7,2.761339181639579
2018-09-04 01:30:00,2.7,2.78399088147888
2018-09-04 01:45:00,2.77,2.756445537659282
2018-09-04 02:00:00,2.7,2.84643832632207
2018-09-04 02:15:00,2.88,2.8677933325267304
2018-09-04 02:30:00,3.02,2.756445537659282
2018-09-04 02:45:00,2.63,2.7778005438639424
2018-09-04 03:00:00,3.28,2.847728086784613
2018-09-04 03:15:00,3.17,2.796480156835678
2018-09-04 03:30:00,2.63,3.134254655335918
2018-09-04 03:45:00,2.66,3.285646156644326
2018-09-04 04:00:00,2.59,2.827581094333562
2018-09-04 04:15:00,2.63,2.837874457075345
2018-09-04 04:30:00,2.63,2.827581094333562
2018-09-04 04:45:00,2.66,2.890702827090042
2018-09-04 05:00:00,2.66,2.801758770624824
2018-09-04 05:15:00,2.59,2.801758770624824
2018-09-04 05:30:00,2.59,2.801758770624824
2018-09-04 05:45:00,2.74,2.801758770624824
2018-09-04 06:00:00,3.17,2.801758770624824
2018-09-04 06:15:00,2.74,2.8231137768294845
2018-09-04 06:30:00,2.63,3.180960568820391
2018-09-04 06:45:00,2.63,2.7742569336268916
2018-09-04 07:00:00,2.59,2.789017613872752
2018-09-04 07:15:00,2.77,3.174622378186492
2018-09-04 07:30:00,2.88,4.133077351513677
2018-09-04 07:45:00,3.24,3.5246887107102953
2018-09-04 08:00:00,29.3,21.297063122009558
2018-09-04 08:15:00,51.34,42.152680890893116
2018-09-04 08:30:00,72.76,54.55771376623675
2018-09-04 08:45:00,65.02,58.50733857516785
2018-09-04 09:00:00,81.65,67.89960047888637
2018-09-04 09:15:00,59.15,67.71410227171641
2018-09-04 09:30:00,55.58,68.64407418844965
2018-09-04 09:45:00,84.42,55.52200590694562
2018-09-04 10:00:00,99.25,56.857374283089776
2018-09-04 10:15:00,89.53,73.01487691621155
2018-09-04 10:30:00,102.67,78.77938932925565
2018-09-04 10:45:00,105.95,87.56965956958383
2018-09-04 11:00:00,122.65,85.01033690857506
2018-09-04 11:15:00,98.24,91.24838197504347
2018-09-04 11:30:00,113.51,97.5099147219048
2018-09-04 11:45:00,99.04,70.30725449254916
2018-09-04 12:00:00,5.44,9.811975445026551
2018-09-04 12:15:00,5.4,16.62112394530777
2018-09-04 12:30:00,4.32,3.9800436441194424
2018-09-04 12:45:00,4.61,4.036212234494164
2018-09-04 13:00:00,47.52,48.90798171739253
2018-09-04 13:15:00,107.17,91.53186001995407
2018-09-04 13:30:00,90.97,82.10442555065008
2018-09-04 13:45:00,112.0,99.48008725455354
2018-09-04 14:00:00,90.79,86.64947272600358
2018-09-04 14:15:00,103.9,80.6064550818643
2018-09-04 14:30:00,101.92,95.38269057901849
2018-09-04 14:45:00,99.4,92.00569884488763
2018-09-04 15:00:00,100.51,94.2754162947836
2018-09-04 15:15:00,85.9,88.29989735650437
2018-09-04 15:30:00,102.6,92.08736242767235
2018-09-04 15:45:00,82.15,90.83242598539516
2018-09-04 16:00:00,118.69,93.48058241956612
2018-09-04 16:15:00,90.83,90.63796223544429
2018-09-04 16:30:00,102.28,100.03093188612225
2018-09-04 16:45:00,102.96,90.64513772739052
2018-09-04 17:00:00,68.36,87.17770247066625
2018-09-04 17:15:00,100.19,84.8432520879231
2018-09-04 17:30:00,59.44,46.87286906883542
2018-09-04 17:45:00,40.68,29.14756457051956
2018-09-04 18:00:00,47.02,56.014540587081456
2018-09-04 18:15:00,75.85,61.57368949555443
2018-09-04 18:30:00,85.75,58.443676813115204
2018-09-04 18:45:00,76.75,70.89800733050141
2018-09-04 19:00:00,76.75,60.810249362964704
2018-09-04 19:15:00,78.95,67.43102453549561
2018-09-04 19:30:00,72.0,63.409903343710766
2018-09-04 19:45:00,88.02,65.83177156212649
2018-09-04 20:00:00,72.47,69.88019697725164
2018-09-04 20:15:00,88.09,74.16718664198496
2018-09-04 20:30:00,64.62,62.04172760965861
2018-09-04 20:45:00,11.3,34.533854558585546
2018-09-04 21:00:00,4.57,15.085581196904958
2018-09-04 21:15:00,3.49,5.260173487561064
2018-09-04 21:30:00,3.49,0.6676566740014723
2018-09-04 21:45:00,3.49,3.0707122189499207
2018-09-04 22:00:00,3.31,4.137151434776686
2018-09-04 22:15:00,3.1,3.8844185972194594
2018-09-04 22:30:00,2.66,2.216915029560415
2018-09-04 22:45:00,2.59,3.1559703133286363
2018-09-04 23:00:00,2.52,3.213946726294831
2018-09-04 23:15:00,2.48,3.1889413109610922
2018-09-04 23:30:00,2.52,3.1766464471485105
2018-09-04 23:45:00,2.81,2.9031437088624945
2018-09-05 00:00:00,2.48,2.92316228050474
2018-09-05 00:15:00,2.52,2.779188313116531
2018-09-05 00:30:00,2.52,2.92316228050474
2018-09-05 00:45:00,2.48,2.9661978423533637
2018-09-05 01:00:00,2.59,2.987658201133007
2018-09-05 01:15:00,2.48,3.0066523144065758
2018-09-05 01:30:00,2.48,2.9759363467175404
2018-09-05 01:45:00,2.48,3.0034816905371384
2018-09-05 02:00:00,2.52,2.9759363467175404
2018-09-05 02:15:00,3.42,3.0659291353803284
2018-09-05 02:30:00,3.71,3.0659291353803284
2018-09-05 02:45:00,2.52,3.255466891788966
2018-09-05 03:00:00,2.52,3.354030023082677
2018-09-05 03:15:00,2.48,3.1198127109767935
2018-09-05 03:30:00,2.48,3.0820529158570844
2018-09-05 03:45:00,2.52,3.1078752395658227
2018-09-05 04:00:00,2.59,3.1126608079343403
2018-09-05 04:15:00,2.52,3.0212495796830825
2018-09-05 04:30:00,2.52,3.0212495796830825
2018-09-05 04:45:00,2.56,3.0212495796830825
2018-09-05 05:00:00,2.52,3.0212495796830825
2018-09-05 05:15:00,2.48,3.086838484225602
2018-09-05 05:30:00,2.56,3.0212495796830825
2018-09-05 05:45:00,2.48,3.0212495796830825
2018-09-05 06:00:00,2.52,3.1198127109767935
2018-09-05 06:15:00,2.77,3.0212495796830825
2018-09-05 06:30:00,3.31,3.0212495796830825
2018-09-05 06:45:00,2.99,2.99374774268515
2018-09-05 07:00:00,2.7,3.351594534676057
2018-09-05 07:15:00,2.92,4.10871021870743
2018-09-05 07:30:00,3.02,3.8467887014653876
2018-09-05 07:45:00,2.88,5.009725562487973
2018-09-05 08:00:00,40.32,30.629687463470255
2018-09-05 08:15:00,95.4,42.890380911828785
2018-09-05 08:30:00,98.06,63.2019737812744
2018-09-05 08:45:00,111.92,78.82673798845667
2018-09-05 09:00:00,97.81,86.70812044161089
2018-09-05 09:15:00,100.08,92.37306182472896
2018-09-05 09:30:00,103.54,100.71607515587186
2018-09-05 09:45:00,60.23,77.35988075061489
2018-09-05 10:00:00,56.99,83.7553386496578
2018-09-05 10:15:00,55.4,69.00087572260715
2018-09-05 10:30:00,53.82,63.0162284528394
2018-09-05 10:45:00,53.57,65.03528939894872
2018-09-05 11:00:00,47.45,57.60605660432579
2018-09-05 11:15:00,64.26,53.47453032961605
2018-09-05 11:30:00,66.17,52.630771247113856
2018-09-05 11:45:00,52.81,58.323428035712574
2018-09-05 12:00:00,6.95,8.780941247622048
2018-09-05 12:15:00,5.51,9.85920967131601
2018-09-05 12:30:00,5.44,8.684723637782513
2018-09-05 12:45:00,5.47,5.336093059856086
2018-09-05 13:00:00,28.3,40.84601076895957
2018-09-05 13:15:00,71.17,69.2367333738444
2018-09-05 13:30:00,70.38,54.900633636607864
2018-09-05 13:45:00,56.05,81.21023192859761
2018-09-05 14:00:00,50.29,71.86055851550032
2018-09-05 14:15:00,65.63,68.03282070634812
2018-09-05 14:30:00,64.73,61.38194379789633
2018-09-05 14:45:00,48.49,67.02161567036322
2018-09-05 15:00:00,49.68,64.66998380640561
2018-09-05 15:15:00,54.07,59.17236345876304
2018-09-05 15:30:00,66.71,60.479335480556756
2018-09-05 15:45:00,63.86,61.67517505520371
2018-09-05 16:00:00,61.81,63.10920786417987
2018-09-05 16:15:00,52.78,62.441853397847105
2018-09-05 16:30:00,54.22,61.1700507512561
2018-09-05 16:45:00,49.03,59.031087344493564
2018-09-05 17:00:00,60.08,54.83529296327101
2018-09-05 17:15:00,62.28,51.71609394368632
2018-09-05 17:30:00,32.51,49.91271451054566
2018-09-05 17:45:00,29.95,37.88006594150986
2018-09-05 18:00:00,52.6,37.76521232508154
2018-09-05 18:15:00,47.52,51.9216692622353
2018-09-05 18:30:00,49.79,63.89687259348105
2018-09-05 18:45:00,45.9,49.72240995666524
2018-09-05 19:00:00,51.88,53.3307735377994
2018-09-05 19:15:00,51.34,49.73098855631216
2018-09-05 19:30:00,59.33,50.9627844187895
2018-09-05 19:45:00,55.8,52.34739727601587
2018-09-05 20:00:00,47.99,53.58463707853288
2018-09-05 20:15:00,54.58,57.0603826586551
2018-09-05 20:30:00,46.26,46.664780155449606
2018-09-05 20:45:00,27.94,17.059900151546337
2018-09-05 21:00:00,8.86,15.294385823428149
2018-09-05 21:15:00,3.78,5.7559618325054975
2018-09-05 21:30:00,3.74,8.32897780496459
2018-09-05 21:45:00,3.85,2.8198318752035956
2018-09-05 22:00:00,3.56,4.115782398610815
2018-09-05 22:15:00,3.53,3.8973315134065327
2018-09-05 22:30:00,3.49,3.521209589970924
2018-09-05 22:45:00,3.64,3.2029887709588043
2018-09-05 23:00:00,4.64,3.258603036212309
2018-09-05 23:15:00,3.92,3.258603036212309
2018-09-05 23:30:00,2.81,3.5370552221072016
2018-09-05 23:45:00,3.35,3.6173006592440085
2018-09-06 00:00:00,2.77,3.3335676536860825
2018-09-06 00:15:00,2.81,3.2778336752509056
2018-09-06 00:30:00,2.84,3.000427497345544
2018-09-06 00:45:00,2.81,2.9508719783553725
2018-09-06 01:00:00,2.81,2.983167941454928
2018-09-06 01:15:00,2.84,2.9421242718607052
2018-09-06 01:30:00,2.84,2.906129690382524
2018-09-06 01:45:00,2.81,2.937230627880408
2018-09-06 02:00:00,2.88,2.937230627880408
2018-09-06 02:15:00,2.81,3.054229462849155
2018-09-06 02:30:00,2.95,3.1381071327738397
2018-09-06 02:45:00,2.95,2.937230627880408
2018-09-06 03:00:00,2.95,2.9710424843505576
2018-09-06 03:15:00,3.02,3.021249361296397
2018-09-06 03:30:00,3.31,3.0163557173160997
2018-09-06 03:45:00,3.28,3.0163557173160997
2018-09-06 04:00:00,3.02,3.393373716945572
2018-09-06 04:15:00,3.02,3.4327874019464466
2018-09-06 04:30:00,3.6,3.055769402316974
2018-09-06 04:45:00,3.06,3.0878334826185383
2018-09-06 05:00:00,2.92,3.4581816381111925
2018-09-06 05:15:00,2.92,3.055769402316974
2018-09-06 05:30:00,2.92,3.0219575458468246
2018-09-06 05:45:00,2.95,3.0342524096594063
2018-09-06 06:00:00,2.92,2.9825438608459502
2018-09-06 06:15:00,3.06,3.0794774500725794
2018-09-06 06:30:00,2.81,3.10811303844562
2018-09-06 06:45:00,2.81,3.0930680517131766
2018-09-06 07:00:00,3.06,2.933687017643358
2018-09-06 07:15:00,3.28,3.3290304338834686
2018-09-06 07:30:00,3.06,4.563292614621988
2018-09-06 07:45:00,3.2,5.7158696260703765
2018-09-06 08:00:00,31.39,28.77527496015502
2018-09-06 08:15:00,59.15,57.74928361325781
2018-09-06 08:30:00,54.11,66.45764269465076
2018-09-06 08:45:00,62.68,61.77227192925866
2018-09-06 09:00:00,62.89,53.296995003462825
2018-09-06 09:15:00,57.78,55.76712031798234
2018-09-06 09:30:00,50.9,54.14740982701875
2018-09-06 09:45:00,48.56,53.401490591904704
2018-09-06 10:00:00,50.94,49.695640517200744
2018-09-06 10:15:00,58.46,57.419477433486456
2018-09-06 10:30:00,58.14,58.729759734846795
2018-09-06 10:45:00,51.66,62.141418969721535
2018-09-06 11:00:00,55.37,57.361277429492425
2018-09-06 11:15:00,59.51,56.60477146067887
2018-09-06 11:30:00,59.83,56.06095257139417
2018-09-06 11:45:00,55.69,48.89724463506493
2018-09-06 12:00:00,5.8,8.80950747468969
2018-09-06 12:15:00,5.22,7.151876673204905
2018-09-06 12:30:00,5.4,4.63962781974356
2018-09-06 12:45:00,6.12,6.288250262244036
2018-09-06 13:00:00,32.47,31.57047843509001
2018-09-06 13:15:00,61.38,61.51879720568463
2018-09-06 13:30:00,54.94,62.69084181986974
2018-09-06 13:45:00,58.21,62.29914397990993
2018-09-06 14:00:00,54.32,56.60974575012956
2018-09-06 14:15:00,57.78,55.855958306946604
2018-09-06 14:30:00,48.46,56.139602141252446
2018-09-06 14:45:00,48.46,57.43101704179292
2018-09-06 15:00:00,46.91,57.16021823670537
2018-09-06 15:15:00,53.96,58.335459877777694
2018-09-06 15:30:00,60.44,53.65692708249795
2018-09-06 15:45:00,59.9,56.91867034023411
2018-09-06 16:00:00,56.41,55.57152670378238
2018-09-06 16:15:00,57.92,55.03579019475219
2018-09-06 16:30:00,49.72,57.529637060535634
2018-09-06 16:45:00,57.89,54.961660262863724
2018-09-06 17:00:00,60.44,51.61131647921298
2018-09-06 17:15:00,59.69,52.14864425146464
2018-09-06 17:30:00,31.36,38.992118383819445
2018-09-06 17:45:00,29.2,34.69192884986423
2018-09-06 18:00:00,49.25,45.1676557738257
2018-09-06 18:15:00,58.82,47.20320393211709
2018-09-06 18:30:00,57.85,58.85222660665965
2018-09-06 18:45:00,59.83,53.565604744325235
2018-09-06 19:00:00,57.49,54.0330304376392
2018-09-06 19:15:00,49.9,53.14895553705546
2018-09-06 19:30:00,55.37,55.35246388309687
2018-09-06 19:45:00,66.89,50.60685818389155
2018-09-06 20:00:00,55.76,55.1901778698861
2018-09-06 20:15:00,70.38,63.70699475998222
2018-09-06 20:30:00,58.5,51.22172570622264
2018-09-06 20:45:00,63.5,22.663430931508394
2018-09-06 21:00:00,7.92,5.830535827493177
2018-09-06 21:15:00,3.96,12.085758251352644
2018-09-06 21:30:00,3.85,6.136259644782135
2018-09-06 21:45:00,3.78,3.161040545056095
2018-09-06 22:00:00,3.49,3.9038444106039036
2018-09-06 22:15:00,3.53,4.205652996809982
2018-09-06 22:30:00,3.53,3.3709392182860634
2018-09-06 22:45:00,4.14,3.398896277707382
2018-09-06 23:00:00,4.64,3.380485421013095
2018-09-06 23:15:00,3.42,3.722829274720879
2018-09-06 23:30:00,3.31,3.5916066122327592
2018-09-06 23:45:00,4.79,3.575414297335132
2018-09-07 00:00:00,3.31,3.5366185574864097
2018-09-07 00:15:00,3.31,3.505310441879902
2018-09-07 00:30:00,3.35,3.340714399925731
2018-09-07 00:45:00,3.31,3.285953230245154
2018-09-07 01:00:00,3.53,3.203478401145872
2018-09-07 01:15:00,3.67,3.280557994333536
2018-09-07 01:30:00,3.1,3.2756643503532388
2018-09-07 01:45:00,2.95,3.213216905510049
2018-09-07 02:00:00,2.95,3.107354629410166
2018-09-07 02:15:00,2.88,3.006517670105181
2018-09-07 02:30:00,2.92,3.0567098751045196
2018-09-07 02:45:00,3.06,3.081642761483313
2018-09-07 03:00:00,2.99,2.99906172609927
2018-09-07 03:15:00,2.92,3.0781868155349614
2018-09-07 03:30:00,2.95,3.0732931715546643
2018-09-07 03:45:00,2.99,3.039481315084515
2018-09-07 04:00:00,3.02,3.0781868155349614
2018-09-07 04:15:00,2.95,3.1798754477206574
2018-09-07 04:30:00,3.49,3.142929377933157
2018-09-07 04:45:00,3.42,3.0732931715546643
2018-09-07 05:00:00,2.99,3.3194060919604067
2018-09-07 05:15:00,2.99,3.3448003281251526
2018-09-07 05:30:00,2.99,3.1381010927202846
2018-09-07 05:45:00,2.95,3.1701651730218487
2018-09-07 06:00:00,3.2,3.144770936857103
2018-09-07 06:15:00,3.56,3.0732931715546643
2018-09-07 06:30:00,3.02,3.203335251700542
2018-09-07 06:45:00,2.99,3.1938920934988237
2018-09-07 07:00:00,3.02,3.089244249517692
2018-09-07 07:15:00,3.06,3.3055087029142975
2018-09-07 07:30:00,3.2,3.2602287667544028
2018-09-07 07:45:00,3.06,3.3365374106391985
2018-09-07 08:00:00,35.71,29.30944316248257
2018-09-07 08:15:00,93.38,31.884154025151567
2018-09-07 08:30:00,96.44,58.0832138478162
2018-09-07 08:45:00,84.89,86.89308077286672
2018-09-07 09:00:00,107.93,85.32625299626697
2018-09-07 09:15:00,93.42,85.24558590097874
2018-09-07 09:30:00,103.9,82.95896644756023
2018-09-07 09:45:00,85.39,80.36853914762699
2018-09-07 10:00:00,107.24,77.40094877067334
2018-09-07 10:15:00,91.69,85.61961487783066
2018-09-07 10:30:00,100.15,90.397563339748
2018-09-07 10:45:00,102.24,87.724996682115
2018-09-07 11:00:00,101.12,84.89198497183023
2018-09-07 11:15:00,104.15,97.60811660290732
2018-09-07 11:30:00,84.92,88.57760449420377
2018-09-07 11:45:00,95.29,78.56246852460289
2018-09-07 12:00:00,3.92,7.663578933672831
2018-09-07 12:15:00,4.54,8.149853019900332
2018-09-07 12:30:00,4.28,6.166225058121151
2018-09-07 12:45:00,4.46,5.681924682111861
2018-09-07 13:00:00,43.16,51.65177097185384
2018-09-07 13:15:00,114.37,87.47367321542232
2018-09-07 13:30:00,107.35,76.84543323712832
2018-09-07 13:45:00,95.65,97.71247969646599
2018-09-07 14:00:00,118.69,88.365311896256
2018-09-07 14:15:00,96.34,85.07252313164985
2018-09-07 14:30:00,113.51,102.63439313311287
2018-09-07 14:45:00,63.79,93.66777923204486
2018-09-07 15:00:00,41.29,96.55262887586366
2018-09-07 15:15:00,50.36,80.52722300382914
2018-09-07 15:30:00,42.19,64.80757681179651
2018-09-07 15:45:00,51.91,63.46861255390963
2018-09-07 16:00:00,111.42,44.044038424105175
2018-09-07 16:15:00,100.73,57.58982109473486
2018-09-07 16:30:00,107.68,91.29123337219295
2018-09-07 16:45:00,89.68,84.63004610396995
2018-09-07 17:00:00,94.72,84.19852925030554
2018-09-07 17:15:00,81.65,90.2282515399628
2018-09-07 17:30:00,28.84,43.11879966719645
2018-09-07 17:45:00,29.02,34.50675330849203
2018-09-07 18:00:00,52.27,47.30899162118197
2018-09-07 18:15:00,72.43,87.11911576554945
2018-09-07 18:30:00,54.97,79.10334412496621
2018-09-07 18:45:00,47.66,82.12917644209374
2018-09-07 19:00:00,48.42,65.4956626653484
2018-09-07 19:15:00,73.62,64.45259820532196
2018-09-07 19:30:00,106.96,62.14238074104597
2018-09-07 19:45:00,105.05,74.40582366141265
2018-09-07 20:00:00,97.92,90.25803683984047
2018-09-07 20:15:00,91.33,85.39333468339808
2018-09-07 20:30:00,114.98,81.2579084621308
2018-09-07 20:45:00,74.41,64.93936945350123
2018-09-07 21:00:00,13.28,29.666754369222897
2018-09-07 21:15:00,4.25,14.592040744724098
2018-09-07 21:30:00,4.21,2.2267404430786844
2018-09-07 21:45:00,4.18,3.2451829845868243
2018-09-07 22:00:00,3.89,1.9728756843903095
2018-09-07 22:15:00,3.89,3.5286688993921653
2018-09-07 22:30:00,3.78,3.8877968869955963
2018-09-07 22:45:00,3.71,4.325361029496846
2018-09-07 23:00:00,3.71,3.6870156434090586
2018-09-07 23:15:00,3.64,3.8384042232234377
2018-09-07 23:30:00,3.85,3.336636389226844
2018-09-07 23:45:00,3.02,3.1203243215793077
2018-09-08 00:00:00,3.64,4.176390987950864
2018-09-08 00:15:00,3.1,4.060816324406548
2018-09-08 00:30:00,3.1,4.194450261123176
2018-09-08 00:45:00,2.99,3.977339520152707
2018-09-08 01:00:00,3.17,3.018113107462857
2018-09-08 01:15:00,3.06,3.3488660922995774
2018-09-08 01:30:00,3.1,3.46137901766952
2018-09-08 01:45:00,3.02,3.2296743669309134
2018-09-08 02:00:00,3.02,3.2680638813927088
2018-09-08 02:15:00,3.1,3.2247807229506162
2018-09-08 02:30:00,3.17,3.2247807229506162
2018-09-08 02:45:00,3.1,3.3501971899063006
2018-09-08 03:00:00,3.1,3.440050300986407
2018-09-08 03:15:00,3.31,3.3015370549280636
2018-09-08 03:30:00,3.6,3.3991012615926826
2018-09-08 03:45:00,3.17,3.567410982535755
2018-09-08 04:00:00,3.17,3.495241012035882
2018-09-08 04:15:00,3.17,3.495241012035882
2018-09-08 04:30:00,3.13,3.556044348209884
2018-09-08 04:45:00,3.2,3.556044348209884
2018-09-08 05:00:00,3.78,3.3015370549280636
2018-09-08 05:15:00,3.49,3.469846775871136
2018-09-08 05:30:00,3.13,3.495241012035882
2018-09-08 05:45:00,3.17,3.495241012035882
2018-09-08 06:00:00,3.13,3.3269312910928095
2018-09-08 06:15:00,3.13,3.611470844172576
2018-09-08 06:30:00,3.2,3.4852988339314304
2018-09-08 06:45:00,3.78,3.35024441839009
2018-09-08 07:00:00,3.28,3.4067802222527432
2018-09-08 07:15:00,3.24,4.276016814708302
2018-09-08 07:30:00,3.24,4.4416595906574425
2018-09-08 07:45:00,3.02,6.5238982453569205
2018-09-08 08:00:00,25.56,37.37594721844345
2018-09-08 08:15:00,32.83,31.94256970884925
2018-09-08 08:30:00,32.58,41.33313344367573
2018-09-08 08:45:00,33.01,40.03368841627138
2018-09-08 09:00:00,33.08,38.08293777992336
2018-09-08 09:15:00,32.87,42.69738001822648
2018-09-08 09:30:00,47.81,33.71550071845905
2018-09-08 09:45:00,33.16,36.23778421804449
2018-09-08 10:00:00,41.18,51.37565707465649
2018-09-08 10:15:00,50.47,38.77872306577024
2018-09-08 10:30:00,34.7,41.31947195046424
2018-09-08 10:45:00,51.73,47.272980234734476
2018-09-08 11:00:00,39.49,41.93402681909832
2018-09-08 11:15:00,33.7,53.108050308554844
2018-09-08 11:30:00,40.25,43.21570274569975
2018-09-08 11:45:00,17.71,39.100120440950874
2018-09-08 12:00:00,3.24,9.073091522027529
2018-09-08 12:15:00,3.31,6.899128873786914
2018-09-08 12:30:00,3.31,6.64407926996571
2018-09-08 12:45:00,3.28,6.802993950759104
2018-09-08 13:00:00,19.37,22.31438049497802
2018-09-08 13:15:00,40.39,28.233807154517763
2018-09-08 13:30:00,33.91,35.069859515855576
2018-09-08 13:45:00,32.69,45.49307175333937
2018-09-08 14:00:00,36.07,36.41143126041555
2018-09-08 14:15:00,52.6,36.74525057515095
2018-09-08 14:30:00,48.6,35.29606538484604
2018-09-08 14:45:00,34.81,48.95550281242492
2018-09-08 15:00:00,35.24,46.08409296569977
2018-09-08 15:15:00,34.7,39.21083411229989
2018-09-08 15:30:00,53.06,39.3728453226696
2018-09-08 15:45:00,49.46,38.27677598356566
2018-09-08 16:00:00,32.51,44.65681535181282
2018-09-08 16:15:00,32.98,42.389829945652984
2018-09-08 16:30:00,41.72,35.39097096336555
2018-09-08 16:45:00,18.18,23.774446850675552
2018-09-08 17:00:00,3.89,23.6374632214713
2018-09-08 17:15:00,3.71,1.4329357033007737
2018-09-08 17:30:00,3.67,3.3858533840030702
2018-09-08 17:45:00,3.56,3.1702343765160355
2018-09-08 18:00:00,3.46,2.8871905522965786
2018-09-08 18:15:00,3.49,3.8116962407938932
2018-09-08 18:30:00,3.53,3.321961676691457
2018-09-08 18:45:00,3.56,3.430995842859852
2018-09-08 19:00:00,3.56,3.3464603171890763
2018-09-08 19:15:00,3.24,3.617740899546413
2018-09-08 19:30:00,3.42,2.938881059530303
2018-09-08 19:45:00,3.31,3.260140537428492
2018-09-08 20:00:00,2.99,3.346339500485039
2018-09-08 20:15:00,2.99,3.9699773156753118
2018-09-08 20:30:00,2.95,3.732359610387606
2018-09-08 20:45:00,2.95,5.014609609286054
2018-09-08 21:00:00,2.99,2.9321679114080017
2018-09-08 21:15:00,2.99,2.9114948340086495
2018-09-08 21:30:00,3.06,2.9303383280225153
2018-09-08 21:45:00,3.1,2.9303383280225153
2018-09-08 22:00:00,2.81,2.9303383280225153
2018-09-08 22:15:00,2.84,2.9687278424843107
2018-09-08 22:30:00,2.84,2.8965264715523658
2018-09-08 22:45:00,2.84,2.8965264715523658
2018-09-08 23:00:00,2.88,2.8965264715523658
2018-09-08 23:15:00,3.31,2.8965264715523658
2018-09-08 23:30:00,2.84,3.01737713832568
2018-09-08 23:45:00,2.77,3.0674013570488907
2018-09-09 00:00:00,3.38,2.942470463133442
2018-09-09 00:15:00,2.77,2.8728342567549494
2018-09-09 00:30:00,2.84,3.145409428931531
2018-09-09 00:45:00,2.81,2.8728342567549494
2018-09-09 01:00:00,2.77,2.8728342567549494
2018-09-09 01:15:00,2.77,2.86696918912346
2018-09-09 01:30:00,2.81,2.86600604631978
2018-09-09 01:45:00,2.81,2.834905108821896
2018-09-09 02:00:00,2.84,2.86600604631978
2018-09-09 02:15:00,2.84,2.86600604631978
2018-09-09 02:30:00,2.84,2.834905108821896
2018-09-09 02:45:00,2.84,2.834905108821896
2018-09-09 03:00:00,3.13,2.874576388950703
2018-09-09 03:15:00,3.13,2.8649591788345576
2018-09-09 03:30:00,2.95,3.006796756144995
2018-09-09 03:45:00,2.84,2.9371605497665025
2018-09-09 04:00:00,2.84,3.0053533114707003
2018-09-09 04:15:00,3.17,2.8649591788345576
2018-09-09 04:30:00,3.42,2.8649591788345576
2018-09-09 04:45:00,2.92,3.2120525468755683
2018-09-09 05:00:00,2.92,3.1751064770880677
2018-09-09 05:15:00,2.88,2.8649591788345576
2018-09-09 05:30:00,2.84,2.904372863835432
2018-09-09 05:45:00,2.81,2.897023259136122
2018-09-09 06:00:00,2.84,2.8649591788345576
2018-09-09 06:15:00,3.17,2.8649591788345576
2018-09-09 06:30:00,3.13,2.8649591788345576
2018-09-09 06:45:00,2.81,3.1120399234696743
2018-09-09 07:00:00,2.92,2.8883037065639097
2018-09-09 07:15:00,2.92,2.7857453163458614
2018-09-09 07:30:00,3.06,2.837052501856475
2018-09-09 07:45:00,3.06,2.344014894787818
2018-09-09 08:00:00,3.74,9.46409891046322
2018-09-09 08:15:00,5.76,19.376566443328848
2018-09-09 08:30:00,8.53,17.009101317177354
2018-09-09 08:45:00,10.55,12.718178029912758
2018-09-09 09:00:00,10.22,17.24421602237865
2018-09-09 09:15:00,10.98,24.346235685532967
2018-09-09 09:30:00,11.45,28.09817377051402
2018-09-09 09:45:00,10.58,15.505962281565143
2018-09-09 10:00:00,11.09,27.185660468217847
2018-09-09 10:15:00,10.44,26.948396221025344
2018-09-09 10:30:00,7.67,15.165916294322532
2018-09-09 10:45:00,9.11,15.813713060036424
2018-09-09 11:00:00,20.66,14.587645221085557
2018-09-09 11:15:00,25.78,27.248048467533803
2018-09-09 11:30:00,20.99,29.479547085964576
2018-09-09 11:45:00,4.07,17.005391371577552
2018-09-09 12:00:00,4.07,10.365400284343817
2018-09-09 12:15:00,4.07,2.3291054957345594
2018-09-09 12:30:00,4.1,2.746494795720718
2018-09-09 12:45:00,4.1,5.285718246799089
2018-09-09 13:00:00,4.1,11.625916809115107
2018-09-09 13:15:00,21.1,18.197475044718978
2018-09-09 13:30:00,28.76,19.948572785970885
2018-09-09 13:45:00,29.48,24.261469439707188
2018-09-09 14:00:00,29.59,34.88825338293786
2018-09-09 14:15:00,27.36,36.36313815039406
2018-09-09 14:30:00,25.42,37.95936396617039
2018-09-09 14:45:00,25.52,29.154800106422066
2018-09-09 15:00:00,23.9,30.52642492734805
2018-09-09 15:15:00,23.26,25.92766273224525
2018-09-09 15:30:00,23.65,20.335747295419097
2018-09-09 15:45:00,17.71,20.862878927929465
2018-09-09 16:00:00,4.25,20.92938827871919
2018-09-09 16:15:00,4.5,11.70541898668051
2018-09-09 16:30:00,5.18,4.5371266335053635
2018-09-09 16:45:00,6.26,4.240941074472015
2018-09-09 17:00:00,3.85,3.9571079324001346
2018-09-09 17:15:00,3.67,4.82859294626909
2018-09-09 17:30:00,3.64,3.5938413985590616
2018-09-09 17:45:00,3.64,3.603258555711815
2018-09-09 18:00:00,3.49,3.4039016080918287
2018-09-09 18:15:00,3.53,3.394336340816653
2018-09-09 18:30:00,3.49,3.231962665961061
2018-09-09 18:45:00,2.99,3.2364602071717066
2018-09-09 19:00:00,2.95,3.2364602071717066
2018-09-09 19:15:00,2.95,2.9510149919530004
2018-09-09 19:30:00,2.99,2.941433572568247
2018-09-09 19:45:00,2.99,2.929178332724396
2018-09-09 20:00:00,2.95,2.8918780535780755
2018-09-09 20:15:00,2.99,2.9984603297440686
2018-09-09 20:30:00,2.95,3.004774911108991
2018-09-09 20:45:00,2.95,2.9078098450591434
2018-09-09 21:00:00,2.99,2.8926962631915303
2018-09-09 21:15:00,3.02,2.887802619211233
2018-09-09 21:30:00,2.99,2.906646113225099
2018-09-09 21:45:00,2.95,2.906646113225099
2018-09-09 22:00:00,3.74,2.844198668381909
2018-09-09 22:15:00,4.03,2.906646113225099
2018-09-09 22:30:00,2.77,3.1383507639637056
2018-09-09 22:45:00,2.88,3.4308842231781984
2018-09-09 23:00:00,2.77,2.910094911932539
2018-09-09 23:15:00,2.77,3.0899819434613414
2018-09-09 23:30:00,2.74,2.9299037523902522
2018-09-09 23:45:00,2.56,2.8103868119117594
2018-09-10 00:00:00,2.77,3.0934708414186867
2018-09-10 00:15:00,2.88,2.8828255992348777
2018-09-10 00:30:00,2.77,2.935527112784844
2018-09-10 00:45:00,2.77,2.873079667941654
2018-09-10 01:00:00,2.84,2.8513522354248413
2018-09-10 01:15:00,2.81,2.844524024989672
2018-09-10 01:30:00,2.77,2.866251457506485
2018-09-10 01:45:00,3.28,2.897352395004369
2018-09-10 02:00:00,3.02,2.928698902349675
2018-09-10 02:15:00,2.81,3.2757537782647783
2018-09-10 02:30:00,2.81,2.9985053402980055
2018-09-10 02:45:00,2.81,2.959799839847559
2018-09-10 03:00:00,3.38,2.9372692449805977
2018-09-10 03:15:00,3.35,3.013683415444024
2018-09-10 03:30:00,2.81,3.2895836166443786
2018-09-10 03:45:00,2.84,3.424240885169526
2018-09-10 04:00:00,2.81,3.013683415444024
2018-09-10 04:15:00,2.77,3.0851611807464625
2018-09-10 04:30:00,2.84,3.045747495745588
2018-09-10 04:45:00,2.88,3.013683415444024
2018-09-10 05:00:00,2.84,3.013683415444024
2018-09-10 05:15:00,2.81,3.013683415444024
2018-09-10 05:30:00,3.35,3.013683415444024
2018-09-10 05:45:00,2.95,2.92013503310295
2018-09-10 06:00:00,2.7,3.389272594237567
2018-09-10 06:15:00,2.77,3.0474952719141735
2018-09-10 06:30:00,2.74,2.9923284092393634
2018-09-10 06:45:00,2.74,2.9344432076998057
2018-09-10 07:00:00,2.74,2.9648265722414315
2018-09-10 07:15:00,3.02,3.2524601902527035
2018-09-10 07:30:00,3.17,3.9264960928745594
2018-09-10 07:45:00,3.2,3.810602470729457
2018-09-10 08:00:00,15.44,21.907429805968526
2018-09-10 08:15:00,80.21,43.61936045722651
2018-09-10 08:30:00,58.28,39.36556807934171
2018-09-10 08:45:00,50.11,82.07104682944977
2018-09-10 09:00:00,46.66,64.74824727567854
2018-09-10 09:15:00,57.06,60.14609118909458
2018-09-10 09:30:00,58.46,56.006238048326445
2018-09-10 09:45:00,48.96,51.255276984658806
2018-09-10 10:00:00,55.66,54.638522172386494
2018-09-10 10:15:00,46.04,53.62046540768451
2018-09-10 10:30:00,56.12,53.251695146222
2018-09-10 10:45:00,56.74,56.06591154952291
2018-09-10 11:00:00,51.08,62.64036344522387
2018-09-10 11:15:00,56.7,52.55524454067569
2018-09-10 11:30:00,54.79,51.16291747493393
2018-09-10 11:45:00,59.08,17.0589889723725
2018-09-10 12:00:00,4.79,9.08059246318053
2018-09-10 12:15:00,4.57,6.521333362249499
2018-09-10 12:30:00,3.92,5.367536418163307
2018-09-10 12:45:00,3.82,7.119382840401163
2018-09-10 13:00:00,58.32,29.655432073335163
2018-09-10 13:15:00,108.07,53.014337757469654
2018-09-10 13:30:00,89.75,77.04631153857213
2018-09-10 13:45:00,103.46,79.16655274665936
2018-09-10 14:00:00,116.68,87.04307075459097
2018-09-10 14:15:00,63.65,83.2696699687879
2018-09-10 14:30:00,108.32,101.60501863719229
2018-09-10 14:45:00,104.08,72.50330010731521
2018-09-10 15:00:00,73.33,80.00813487259015
2018-09-10 15:15:00,109.87,85.8329257581039
2018-09-10 15:30:00,87.7,91.50591371959534
2018-09-10 15:45:00,101.95,83.80650413548402
2018-09-10 16:00:00,122.54,81.86389886040665
2018-09-10 16:15:00,92.23,76.79082991829989
2018-09-10 16:30:00,106.06,88.44353634236295
2018-09-10 16:45:00,120.46,85.99175386170002
2018-09-10 17:00:00,82.44,95.55992556155715
2018-09-10 17:15:00,121.46,97.10806137002609
2018-09-10 17:30:00,108.14,63.03862586881193
2018-09-10 17:45:00,47.45,36.34944632838514
2018-09-10 18:00:00,14.94,69.51491318346537
2018-09-10 18:15:00,3.82,87.43059454829432
2018-09-10 18:30:00,3.82,23.14126048146905
2018-09-10 18:45:00,3.46,12.575521513582535
2018-09-10 19:00:00,3.46,9.270001256750692
2018-09-10 19:15:00,3.49,6.12722165951457
2018-09-10 19:30:00,3.53,4.812252115532537
2018-09-10 19:45:00,3.49,7.246095247871576
2018-09-10 20:00:00,3.46,6.91227982940764
2018-09-10 20:15:00,3.42,5.545861749432102
2018-09-10 20:30:00,3.49,3.8465450239524093
2018-09-10 20:45:00,3.49,2.7621948139756602
2018-09-10 21:00:00,3.53,3.5055415815091173
2018-09-10 21:15:00,3.53,2.7509010676356986
2018-09-10 21:30:00,4.1,3.6860539068364537
2018-09-10 21:45:00,4.64,2.943563976313543
2018-09-10 22:00:00,2.92,3.9033609606294624
2018-09-10 22:15:00,2.66,4.083781473856271
2018-09-10 22:30:00,2.63,3.3692748325823336
2018-09-10 22:45:00,2.7,3.227490728627848
2018-09-10 23:00:00,2.63,3.051972811393319
2018-09-10 23:15:00,2.59,3.0024172924031474
2018-09-10 23:30:00,2.52,2.9478659022775906
2018-09-10 23:45:00,2.95,2.9220435785688523
2018-09-11 00:00:00,2.56,2.9244268522217767
2018-09-11 00:15:00,2.63,3.0420411597397767
2018-09-11 00:30:00,2.56,2.9244268522217767
2018-09-11 00:45:00,2.63,2.9244268522217767
2018-09-11 01:00:00,2.66,2.9868742970649667
2018-09-11 01:15:00,2.63,2.9704270118013043
2018-09-11 01:30:00,3.17,2.9175986417866073
2018-09-11 01:45:00,2.92,2.9849397306100944
2018-09-11 02:00:00,2.59,3.26447027568152
2018-09-11 02:15:00,2.56,2.938953647991268
2018-09-11 02:30:00,3.2,2.9175986417866073
2018-09-11 02:45:00,2.88,2.9175986417866073
2018-09-11 03:00:00,2.56,3.44509535870126
2018-09-11 03:15:00,2.66,3.10811303844562
2018-09-11 03:30:00,2.59,2.9714822173830724
2018-09-11 03:45:00,2.66,3.0339296622262624
2018-09-11 04:00:00,2.56,3.0243105873977694
2018-09-11 04:15:00,2.56,3.0243105873977694
2018-09-11 04:30:00,2.59,3.0339296622262624
2018-09-11 04:45:00,2.63,3.0339296622262624
2018-09-11 05:00:00,2.56,3.0339296622262624
2018-09-11 05:15:00,2.59,2.9714822173830724
2018-09-11 05:30:00,2.56,3.0339296622262624
2018-09-11 05:45:00,2.95,3.0339296622262624
2018-09-11 06:00:00,3.02,2.9353665309325514
2018-09-11 06:15:00,2.63,3.0266490800578825
2018-09-11 06:30:00,2.56,2.9905333936073615
2018-09-11 06:45:00,2.52,2.886509687729959
2018-09-11 07:00:00,2.81,2.886509687729959
2018-09-11 07:15:00,3.06,3.198369592292277
2018-09-11 07:30:00,2.99,3.6387506944367205
2018-09-11 07:45:00,3.13,4.7169034619141605
2018-09-11 08:00:00,52.38,23.73459735993298
2018-09-11 08:15:00,106.52,33.53271115060742
2018-09-11 08:30:00,102.46,75.15943695538583
2018-09-11 08:45:00,93.92,93.9114168712742
2018-09-11 09:00:00,115.13,82.45944899393578
2018-09-11 09:15:00,106.7,86.90423339105128
2018-09-11 09:30:00,67.93,98.32806113683718
2018-09-11 09:45:00,86.15,90.82987787990946
2018-09-11 10:00:00,125.46,72.64995166008686
2018-09-11 10:15:00,95.15,80.50563655253418
2018-09-11 10:30:00,77.69,90.97887927058743
2018-09-11 10:45:00,107.14,96.62577713988321
2018-09-11 11:00:00,109.58,82.12212758530978
2018-09-11 11:15:00,90.25,90.23243398540328
2018-09-11 11:30:00,122.11,91.92295072915397
2018-09-11 11:45:00,114.84,81.8158148447188
2018-09-11 12:00:00,7.56,13.113435138234495
2018-09-11 12:15:00,7.42,8.416452928193179
2018-09-11 12:30:00,6.84,3.8016324097103977
2018-09-11 12:45:00,6.16,6.4903782347131775
2018-09-11 13:00:00,55.69,79.78765849666561
2018-09-11 13:15:00,96.84,100.4224468419305
2018-09-11 13:30:00,122.94,93.98390125246702
2018-09-11 13:45:00,125.89,92.04388991369674
2018-09-11 14:00:00,62.78,101.33651240950213
2018-09-11 14:15:00,59.54,107.068714106652
2018-09-11 14:30:00,64.98,76.22015987164959
2018-09-11 14:45:00,53.64,67.1070567281644
2018-09-11 15:00:00,62.57,59.27964874516489
2018-09-11 15:15:00,58.07,60.38659768677502
2018-09-11 15:30:00,70.16,65.64853190738332
2018-09-11 15:45:00,106.67,58.82458025507903
2018-09-11 16:00:00,73.44,69.07096157531953
2018-09-11 16:15:00,115.34,92.10848342618824
2018-09-11 16:30:00,99.11,87.3888958009451
2018-09-11 16:45:00,122.76,89.69392863657019
2018-09-11 17:00:00,118.84,88.99247441081651
2018-09-11 17:15:00,75.82,97.82927163124796
2018-09-11 17:30:00,62.42,60.14101701392888
2018-09-11 17:45:00,28.37,69.43141198980587
2018-09-11 18:00:00,35.21,56.719355258490516
2018-09-11 18:15:00,38.16,39.63569350415833
2018-09-11 18:30:00,33.62,72.72755505525778
2018-09-11 18:45:00,34.81,54.629481061684835
2018-09-11 19:00:00,37.26,46.5413498815404
2018-09-11 19:15:00,37.76,46.45348550909385
2018-09-11 19:30:00,37.58,47.848026088475926
2018-09-11 19:45:00,32.15,44.69942100475518
2018-09-11 20:00:00,37.33,40.99895612241787
2018-09-11 20:15:00,38.52,36.620156639309165
2018-09-11 20:30:00,34.02,35.230408040594384
2018-09-11 20:45:00,14.72,23.01996850284164
2018-09-11 21:00:00,6.52,19.172847936786937
2018-09-11 21:15:00,4.0,5.264684506738834
2018-09-11 21:30:00,3.89,3.9070137549249266
2018-09-11 21:45:00,3.82,4.318310995130377
2018-09-11 22:00:00,3.6,4.181260758724183
2018-09-11 22:15:00,3.6,3.7485974762713012
2018-09-11 22:30:00,4.18,3.6359159006250206
2018-09-11 22:45:00,4.72,3.7054160461893115
2018-09-11 23:00:00,3.53,4.02137017818724
2018-09-11 23:15:00,3.49,3.7624274483865934
2018-09-11 23:30:00,3.06,3.683787688645776
2018-09-11 23:45:00,3.35,3.9341142538009843
2018-09-12 00:00:00,2.92,3.1401235018531986
2018-09-12 00:15:00,2.95,3.364487184249814
2018-09-12 00:30:00,2.92,3.106311645383049
2018-09-12 00:45:00,2.92,3.090567982863027
2018-09-12 01:00:00,2.95,3.0471303948589874
2018-09-12 01:15:00,2.92,3.0280073206112363
2018-09-12 01:30:00,2.95,3.1788180120501326
2018-09-12 01:45:00,2.99,3.140112511599686
2018-09-12 02:00:00,2.88,3.0569255331010887
2018-09-12 02:15:00,2.95,3.111977183472878
2018-09-12 02:30:00,2.92,3.264232525954103
2018-09-12 02:45:00,2.92,3.1788180120501326
2018-09-12 03:00:00,2.99,3.0280073206112363
2018-09-12 03:15:00,3.2,3.0684269095964813
2018-09-12 03:30:00,4.32,3.102238766066631
2018-09-12 03:45:00,3.38,3.3795677881029147
2018-09-12 04:00:00,2.95,3.835131345477518
2018-09-12 04:15:00,2.92,3.5052913331688087
2018-09-12 04:30:00,2.99,3.785252661360078
2018-09-12 04:45:00,2.92,3.165298911063666
2018-09-12 05:00:00,2.92,3.134302846368195
2018-09-12 05:15:00,2.92,3.0684269095964813
2018-09-12 05:30:00,2.88,3.0684269095964813
2018-09-12 05:45:00,2.88,3.193996087196151
2018-09-12 06:00:00,2.92,3.193996087196151
2018-09-12 06:15:00,2.92,3.0684269095964813
2018-09-12 06:30:00,2.88,3.134015814139001
2018-09-12 06:45:00,2.84,3.0195700663938885
2018-09-12 07:00:00,2.88,3.082691799150368
2018-09-12 07:15:00,3.02,3.3056076472474687
2018-09-12 07:30:00,3.31,3.8074191592682918
2018-09-12 07:45:00,4.75,4.540536710703848
2018-09-12 08:00:00,58.07,44.51742828367374
2018-09-12 08:15:00,126.25,85.54158352614908
2018-09-12 08:30:00,87.91,80.57835729668152
2018-09-12 08:45:00,54.54,94.17194230204993
2018-09-12 09:00:00,54.25,91.46051358054449
2018-09-12 09:15:00,41.69,90.89694424093
2018-09-12 09:30:00,52.78,64.63273122389492
2018-09-12 09:45:00,59.33,47.67031546233569
2018-09-12 10:00:00,47.84,61.00438201493725
2018-09-12 10:15:00,46.15,62.11636577296314
2018-09-12 10:30:00,49.03,57.46841368519958
2018-09-12 10:45:00,55.44,49.70378817295899
2018-09-12 11:00:00,67.0,56.43703891286576
2018-09-12 11:15:00,54.36,61.363141175917384
2018-09-12 11:30:00,59.33,65.48353011910723
2018-09-12 11:45:00,44.35,53.17912996294158
2018-09-12 12:00:00,4.43,9.298040527928475
2018-09-12 12:15:00,5.18,11.090929411422486
2018-09-12 12:30:00,4.5,10.355805847577873
2018-09-12 12:45:00,5.11,5.693330989061751
2018-09-12 13:00:00,38.23,32.288668212176034
2018-09-12 13:15:00,64.22,59.101990412640674
2018-09-12 13:30:00,62.42,64.14272316604203
2018-09-12 13:45:00,66.53,73.18514491058909
2018-09-12 14:00:00,91.51,58.864611528340355
2018-09-12 14:15:00,66.02,62.861514428777454
2018-09-12 14:30:00,76.82,81.14420009592955
2018-09-12 14:45:00,115.7,70.17678036840287
2018-09-12 15:00:00,77.44,73.2183446548661
2018-09-12 15:15:00,99.68,90.16448638030126
2018-09-12 15:30:00,120.13,93.08182271451787
2018-09-12 15:45:00,87.52,76.19661670591195
2018-09-12 16:00:00,53.75,97.63744236087913
2018-09-12 16:15:00,57.49,82.47316179488521
2018-09-12 16:30:00,58.39,78.82779031162595
2018-09-12 16:45:00,58.39,65.7724443867487
2018-09-12 17:00:00,58.39,56.05916603132984
2018-09-12 17:15:00,43.49,56.43172367457561
2018-09-12 17:30:00,29.09,44.686721459101136
2018-09-12 17:45:00,27.32,30.172558287880562
2018-09-12 18:00:00,43.45,36.37512522117871
2018-09-12 18:15:00,55.76,36.77169715742251
2018-09-12 18:30:00,51.8,51.854064691357834
2018-09-12 18:45:00,44.14,56.68058404918084
2018-09-12 19:00:00,58.5,55.85987649437885
2018-09-12 19:15:00,44.6,49.564841042877525
2018-09-12 19:30:00,49.5,58.847248174471304
2018-09-12 19:45:00,56.09,50.90738622194221
2018-09-12 20:00:00,40.39,52.21746363946703
2018-09-12 20:15:00,43.31,55.626221764827335
2018-09-12 20:30:00,32.51,36.80109204099831
2018-09-12 20:45:00,13.82,18.954734580319105
2018-09-12 21:00:00,5.54,14.473734976655225
2018-09-12 21:15:00,3.82,5.749763572655951
2018-09-12 21:30:00,3.64,3.7770076273967597
2018-09-12 21:45:00,3.64,3.952172595846967
2018-09-12 22:00:00,3.46,3.869712577172212
2018-09-12 22:15:00,3.49,3.791154458846983
2018-09-12 22:30:00,3.38,3.583599555460158
2018-09-12 22:45:00,3.35,3.583599555460158
2018-09-12 23:00:00,3.35,3.6282795513501696
2018-09-12 23:15:00,3.35,3.34139382832519
2018-09-12 23:30:00,3.31,3.375601871181056
2018-09-12 23:45:00,4.28,3.5335455998148984
2018-09-13 00:00:00,3.06,3.375601871181056
2018-09-13 00:15:00,2.74,3.7254429827767392
2018-09-13 00:30:00,2.74,3.1512381887844403
2018-09-13 00:45:00,2.77,3.1566580706398613
2018-09-13 01:00:00,2.7,3.115506836254793
2018-09-13 01:15:00,2.77,3.059123106829452
2018-09-13 01:30:00,2.77,3.0328744566444943
2018-09-13 01:45:00,2.66,3.001401092834458
2018-09-13 02:00:00,2.99,3.001401092834458
2018-09-13 02:15:00,3.38,3.00177351914661
2018-09-13 02:30:00,2.99,3.0352129493046074
2018-09-13 02:45:00,2.77,3.2813040642180358
2018-09-13 03:00:00,2.74,3.065510724452343
2018-09-13 03:15:00,2.74,3.055284668430923
2018-09-13 03:30:00,2.7,3.358712057197016
2018-09-13 03:45:00,2.81,3.242770306970767
2018-09-13 04:00:00,3.17,3.0916516762212565
2018-09-13 04:15:00,3.38,3.077012100947736
2018-09-13 04:30:00,2.81,3.600771793055692
2018-09-13 04:45:00,2.77,3.466114524530545
2018-09-13 05:00:00,2.84,3.055284668430923
2018-09-13 05:15:00,2.81,3.10811303844562
2018-09-13 05:30:00,2.84,3.140177118747184
2018-09-13 05:45:00,2.77,3.10811303844562
2018-09-13 06:00:00,2.74,3.10811303844562
2018-09-13 06:15:00,2.81,3.077012100947736
2018-09-13 06:30:00,2.77,3.10811303844562
2018-09-13 06:45:00,2.7,3.0592561952430275
2018-09-13 07:00:00,2.81,3.0592561952430275
2018-09-13 07:15:00,2.81,3.276574490180924
2018-09-13 07:30:00,3.6,3.5605708912834073
2018-09-13 07:45:00,4.61,4.387761278001032
2018-09-13 08:00:00,35.75,36.093145555552354
2018-09-13 08:15:00,52.78,63.868093141285506
2018-09-13 08:30:00,47.95,65.27063942921524
2018-09-13 08:45:00,90.79,63.09112081978456
2018-09-13 09:00:00,108.72,53.72504274117639
2018-09-13 09:15:00,105.52,81.90372955625857
2018-09-13 09:30:00,59.51,82.67368997038383
2018-09-13 09:45:00,116.64,86.47622733936083
2018-09-13 10:00:00,123.55,59.18509102725234
2018-09-13 10:15:00,78.44,84.24421646749693
2018-09-13 10:30:00,51.8,96.155505697831
2018-09-13 10:45:00,53.6,86.83802208192287
2018-09-13 11:00:00,50.33,61.29588414945097
2018-09-13 11:15:00,51.01,67.41730384678358
2018-09-13 11:30:00,56.45,54.249663757181324
2018-09-13 11:45:00,56.09,52.943435959345585
2018-09-13 12:00:00,7.31,7.039357274929285
2018-09-13 12:15:00,4.43,5.131860236565474
2018-09-13 12:30:00,4.5,7.603273394652725
2018-09-13 12:45:00,5.08,5.391521553596718
2018-09-13 13:00:00,40.25,39.218608075283285
2018-09-13 13:15:00,60.48,62.5165796573814
2018-09-13 13:30:00,58.18,64.32141852285791
2018-09-13 13:45:00,65.99,60.98595576495248
2018-09-13 14:00:00,59.8,56.31852275920131
2018-09-13 14:15:00,51.44,59.7069999076146
2018-09-13 14:30:00,61.81,55.1276853062051
2018-09-13 14:45:00,67.9,54.20767339990829
2018-09-13 15:00:00,109.01,60.087193439218744
2018-09-13 15:15:00,99.72,63.05719707561396
2018-09-13 15:30:00,68.0,87.49645218905276
2018-09-13 15:45:00,101.02,91.41222517685316
2018-09-13 16:00:00,122.87,79.2798383169177
2018-09-13 16:15:00,74.56,81.64783964803885
2018-09-13 16:30:00,49.32,100.47023088226246
2018-09-13 16:45:00,58.68,79.21184090106014
2018-09-13 17:00:00,54.4,67.83885719407435
2018-09-13 17:15:00,57.74,59.0478459953046
2018-09-13 17:30:00,32.69,23.68293274670584
2018-09-13 17:45:00,31.97,27.643912152951795
2018-09-13 18:00:00,41.22,48.24742033691821
2018-09-13 18:15:00,50.65,62.41862602921068
2018-09-13 18:30:00,46.3,51.8852562257692
2018-09-13 18:45:00,57.17,57.45732119937535
2018-09-13 19:00:00,54.76,49.80535177983446
2018-09-13 19:15:00,49.1,57.515502974460986
2018-09-13 19:30:00,46.8,57.90514217228012
2018-09-13 19:45:00,40.79,53.65511559759453
2018-09-13 20:00:00,47.95,51.898191368085826
2018-09-13 20:15:00,69.16,41.39564295954888
2018-09-13 20:30:00,49.82,44.553840114374516
2018-09-13 20:45:00,19.98,23.0468785310079
2018-09-13 21:00:00,5.04,10.106101335682874
2018-09-13 21:15:00,4.93,2.944774528135543
2018-09-13 21:30:00,4.86,3.6646672659500594
2018-09-13 21:45:00,4.79,5.6772883452536425
2018-09-13 22:00:00,4.46,3.4124039024151434
2018-09-13 22:15:00,4.46,4.115674919556245
2018-09-13 22:30:00,4.43,4.095673820269272
2018-09-13 22:45:00,4.28,4.140353816159283
2018-09-13 23:00:00,4.28,3.955650538406503
2018-09-13 23:15:00,4.32,4.14201231511107
2018-09-13 23:30:00,4.28,4.099250465756658
2018-09-13 23:45:00,2.66,4.229083425436174
2018-09-14 00:00:00,4.28,4.004880402331619
2018-09-14 00:15:00,4.25,3.2071059937048823
2018-09-14 00:30:00,3.89,3.775432249254128
2018-09-14 00:45:00,3.28,3.8941219079552365
2018-09-14 01:00:00,3.24,4.988386812992
2018-09-14 01:15:00,3.53,4.423320281756118
2018-09-14 01:30:00,4.36,3.218110549490346
2018-09-14 01:45:00,3.31,3.163559159364789
2018-09-14 02:00:00,3.35,3.5981031428296637
2018-09-14 02:15:00,3.31,3.268263130520954
2018-09-14 02:30:00,3.31,3.310157098269411
2018-09-14 02:45:00,3.24,3.2312495458112407
2018-09-14 03:00:00,3.28,3.1911064253528196
2018-09-14 03:15:00,3.28,3.2364196583183618
2018-09-14 03:30:00,3.35,3.2364196583183618
2018-09-14 03:45:00,3.31,3.2995413910748415
2018-09-14 04:00:00,3.89,3.3448003281251526
2018-09-14 04:15:00,4.07,3.3496939721054497
2018-09-14 04:30:00,3.31,3.5838835279124863
2018-09-14 04:45:00,3.31,3.681508242631179
2018-09-14 05:00:00,3.35,3.3570951919377343
2018-09-14 05:15:00,3.35,3.3111078547095247
2018-09-14 05:30:00,3.64,3.3570951919377343
2018-09-14 05:45:00,4.28,3.2995413910748415
2018-09-14 06:00:00,3.67,3.26903992652143
2018-09-14 06:15:00,3.24,3.7168603251534464
2018-09-14 06:30:00,3.31,3.361253053968756
2018-09-14 06:45:00,3.24,3.184919568334652
2018-09-14 07:00:00,3.28,3.2315811934761514
2018-09-14 07:15:00,3.49,3.3412633707067636
2018-09-14 07:30:00,3.71,4.583141279478621
2018-09-14 07:45:00,4.82,4.972374739474522
2018-09-14 08:00:00,33.34,37.465084084175615
2018-09-14 08:15:00,50.9,76.62386876085016
2018-09-14 08:30:00,63.58,68.61463036240838
2018-09-14 08:45:00,49.32,64.78521200603363
2018-09-14 09:00:00,47.41,67.52339036841813
2018-09-14 09:15:00,61.2,56.98041147797999
2018-09-14 09:30:00,45.79,55.93019641458218
2018-09-14 09:45:00,39.6,54.96034687278138
2018-09-14 10:00:00,41.18,49.968555413910934
2018-09-14 10:15:00,52.06,46.79911489063442
2018-09-14 10:30:00,55.19,46.05952152370874
2018-09-14 10:45:00,50.4,55.78638376971542
2018-09-14 11:00:00,56.05,56.469035607139745
2018-09-14 11:15:00,55.4,57.43303625355505
2018-09-14 11:30:00,64.48,56.28155836290856
2018-09-14 11:45:00,63.4,47.33083272858707
2018-09-14 12:00:00,13.46,6.387072268638952
2018-09-14 12:15:00,4.32,5.998526016276891
2018-09-14 12:30:00,4.64,6.3287693021839555
2018-09-14 12:45:00,3.71,5.141432043177312
2018-09-14 13:00:00,47.34,42.153841868797706
2018-09-14 13:15:00,54.76,56.674105085357844
2018-09-14 13:30:00,68.29,64.05226300855261
2018-09-14 13:45:00,58.46,57.214317272569765
2018-09-14 14:00:00,66.31,64.10993097871186
2018-09-14 14:15:00,60.98,57.29844900008357
2018-09-14 14:30:00,67.68,63.12219166564553
2018-09-14 14:45:00,61.49,60.546255722519824
2018-09-14 15:00:00,48.24,61.88380044466115
2018-09-14 15:15:00,61.06,61.39351646099476
2018-09-14 15:30:00,65.99,54.62943499450746
2018-09-14 15:45:00,58.03,59.05028828818452
2018-09-14 16:00:00,65.81,61.330222269632706
2018-09-14 16:15:00,111.78,58.13699821625828
2018-09-14 16:30:00,106.16,65.6954031543112
2018-09-14 16:45:00,48.13,83.9105861832327
2018-09-14 17:00:00,43.02,80.490143161291
2018-09-14 17:15:00,62.5,50.30172435433768
2018-09-14 17:30:00,54.58,34.39015368287282
2018-09-14 17:45:00,34.99,29.63697008108239
2018-09-14 18:00:00,28.48,41.964929992859545
2018-09-14 18:15:00,29.05,40.56723935197298
2018-09-14 18:30:00,28.26,43.20293395952958
2018-09-14 18:45:00,27.0,38.46008395251517
2018-09-14 19:00:00,20.41,29.05401342907579
2018-09-14 19:15:00,7.85,27.365663207470664
2018-09-14 19:30:00,8.32,9.968582960118663
2018-09-14 19:45:00,4.54,7.088986344353595
2018-09-14 20:00:00,3.67,11.392734893542809
2018-09-14 20:15:00,3.71,2.2067408171402576
2018-09-14 20:30:00,3.67,2.694123046405001
2018-09-14 20:45:00,3.64,0.7670475864652997
2018-09-14 21:00:00,3.6,3.42613737749472
2018-09-14 21:15:00,3.74,3.2888314622436914
2018-09-14 21:30:00,3.6,3.2834617313009016
2018-09-14 21:45:00,3.6,3.300511560418829
2018-09-14 22:00:00,3.28,3.307897729126895
2018-09-14 22:15:00,3.31,3.307897729126895
2018-09-14 22:30:00,2.84,3.295436276600129
2018-09-14 22:45:00,2.7,3.295436276600129
2018-09-14 23:00:00,2.66,3.0549251847251115
2018-09-14 23:15:00,2.66,2.995917778463233
2018-09-14 23:30:00,2.66,2.9248488261669343
2018-09-14 23:45:00,2.66,2.679414000841305
2018-09-15 00:00:00,2.7,2.9868997089618587
2018-09-15 00:15:00,2.63,2.8083270281935504
2018-09-15 00:30:00,2.63,2.8083270281935504
2018-09-15 00:45:00,2.63,2.738690821815058
2018-09-15 01:00:00,2.81,2.738690821815058
2018-09-15 01:15:00,3.24,2.801498817758381
2018-09-15 01:30:00,2.99,2.8228538239630416
2018-09-15 01:45:00,2.66,2.9937287094595666
2018-09-15 02:00:00,2.7,2.7870294740546986
2018-09-15 02:15:00,2.7,2.7318626113798885
2018-09-15 02:30:00,2.63,2.7846909813945855
2018-09-15 02:45:00,2.63,2.7846909813945855
2018-09-15 03:00:00,2.7,2.7932613240255084
2018-09-15 03:15:00,2.63,2.828379950559285
2018-09-15 03:30:00,2.63,2.828379950559285
2018-09-15 03:45:00,3.31,2.730815743894666
2018-09-15 04:00:00,2.77,2.8004519502731586
2018-09-15 04:15:00,2.7,3.0623180483528367
2018-09-15 04:30:00,2.7,2.7521707500993267
2018-09-15 04:45:00,2.7,2.828379950559285
2018-09-15 05:00:00,2.7,2.860444030860849
2018-09-15 05:15:00,2.63,2.881208320573982
2018-09-15 05:30:00,2.59,2.8221793827899715
2018-09-15 05:45:00,2.63,2.8004519502731586
2018-09-15 06:00:00,2.7,2.8004519502731586
2018-09-15 06:15:00,2.63,2.730815743894666
2018-09-15 06:30:00,2.63,2.828379950559285
2018-09-15 06:45:00,2.63,2.7795231073566926
2018-09-15 07:00:00,3.06,2.7795231073566926
2018-09-15 07:15:00,3.1,2.784097185238597
2018-09-15 07:30:00,2.74,2.9984634567373947
2018-09-15 07:45:00,8.06,2.446251157465915
2018-09-15 08:00:00,34.02,7.519247052345876
2018-09-15 08:15:00,33.44,40.246460351978996
2018-09-15 08:30:00,38.3,40.04722517491897
2018-09-15 08:45:00,48.78,37.9732145976991
2018-09-15 09:00:00,33.05,42.99938129537012
2018-09-15 09:15:00,35.75,45.92717347308905
2018-09-15 09:30:00,35.14,37.613698764966934
2018-09-15 09:45:00,40.14,36.77147650877383
2018-09-15 10:00:00,33.8,37.48246023066096
2018-09-15 10:15:00,40.43,39.84685296946362
2018-09-15 10:30:00,33.01,36.063417622129776
2018-09-15 10:45:00,40.72,38.85202834196165
2018-09-15 11:00:00,41.22,37.28916470842874
2018-09-15 11:15:00,32.58,38.80255975914151
2018-09-15 11:30:00,40.39,35.06120315697165
2018-09-15 11:45:00,17.89,25.521853073218875
2018-09-15 12:00:00,3.31,4.895052227892194
2018-09-15 12:15:00,3.82,6.184995823083883
2018-09-15 12:30:00,3.82,3.8853152473901806
2018-09-15 12:45:00,3.31,5.269737403533301
2018-09-15 13:00:00,29.63,16.25225673649792
2018-09-15 13:15:00,40.97,23.423874455456545
2018-09-15 13:30:00,39.96,45.251440769929566
2018-09-15 13:45:00,36.65,40.71174569851278
2018-09-15 14:00:00,40.39,41.13946768213508
2018-09-15 14:15:00,40.39,39.85134150468766
2018-09-15 14:30:00,32.98,41.210830375713414
2018-09-15 14:45:00,37.84,38.64910046195845
2018-09-15 15:00:00,44.21,36.82764325575746
2018-09-15 15:15:00,42.37,39.193799457528236
2018-09-15 15:30:00,38.59,44.31974867556046
2018-09-15 15:45:00,33.08,42.50591211689761
2018-09-15 16:00:00,39.67,36.22690477222122
2018-09-15 16:15:00,40.72,30.320357876466815
2018-09-15 16:30:00,39.67,34.42529256427772
2018-09-15 16:45:00,5.83,21.172408441989035
2018-09-15 17:00:00,3.82,16.622023285659214
2018-09-15 17:15:00,3.46,5.9775100597398625
2018-09-15 17:30:00,3.49,3.8047908028353077
2018-09-15 17:45:00,3.49,3.448348127766987
2018-09-15 18:00:00,3.42,3.7935288441058623
2018-09-15 18:15:00,3.42,3.72250559652793
2018-09-15 18:30:00,3.6,3.587496572075085
2018-09-15 18:45:00,3.67,3.5919941132857303
2018-09-15 19:00:00,3.64,3.6265091598521244
2018-09-15 19:15:00,3.6,3.274793295101121
2018-09-15 19:30:00,3.64,3.274793295101121
2018-09-15 19:45:00,3.06,3.291309824781622
2018-09-15 20:00:00,2.99,3.193745618117003
2018-09-15 20:15:00,2.92,2.987046382712135
2018-09-15 20:30:00,2.92,2.9933609640770578
2018-09-15 20:45:00,2.95,2.9569110778792025
2018-09-15 21:00:00,3.53,2.882576621518797
2018-09-15 21:15:00,3.49,2.9114948340086495
2018-09-15 21:30:00,2.92,3.1370375634273833
2018-09-15 21:45:00,2.88,3.174298218604973
2018-09-15 22:00:00,2.77,2.864150920351463
2018-09-15 22:15:00,2.84,2.896215000653027
2018-09-15 22:30:00,2.77,2.8589543454754374
2018-09-15 22:45:00,2.88,2.7098914302051265
2018-09-15 23:00:00,3.2,2.7098914302051265
2018-09-15 23:15:00,2.66,2.770691802497187
2018-09-15 23:30:00,2.66,2.91930158458226
2018-09-15 23:45:00,2.74,2.688536424000466
2018-09-16 00:00:00,2.66,2.7641798503757187
2018-09-16 00:15:00,2.81,2.7558354217862027
2018-09-16 00:30:00,2.74,2.734480415581542
2018-09-16 00:45:00,2.7,2.7300130980774644
2018-09-16 01:00:00,2.7,2.7575584418970625
2018-09-16 01:15:00,2.7,2.7918226701004225
2018-09-16 01:30:00,2.74,2.7918226701004225
2018-09-16 01:45:00,2.77,2.7276522051463727
2018-09-16 02:00:00,2.74,2.723184887642295
2018-09-16 02:15:00,2.99,2.723184887642295
2018-09-16 02:30:00,3.31,2.723184887642295
2018-09-16 02:45:00,2.7,2.7569967441124446
2018-09-16 03:00:00,3.35,2.9636959795173126
2018-09-16 03:15:00,3.2,2.6869340575323433
2018-09-16 03:30:00,2.74,2.954078769401167
2018-09-16 03:45:00,2.74,3.1769480360120137
2018-09-16 04:00:00,2.74,2.8025117339913677
2018-09-16 04:15:00,2.77,2.745631757827714
2018-09-16 04:30:00,2.74,2.7769039134182534
2018-09-16 04:45:00,2.74,2.739390001234888
2018-09-16 05:00:00,2.7,2.7135676775261497
2018-09-16 05:15:00,2.74,2.7135676775261497
2018-09-16 05:30:00,2.66,2.692212671321489
2018-09-16 05:45:00,2.7,2.708289063737004
2018-09-16 06:00:00,2.66,2.692212671321489
2018-09-16 06:15:00,2.77,2.692212671321489
2018-09-16 06:30:00,3.17,2.692212671321489
2018-09-16 06:45:00,3.02,2.6647108343235573
2018-09-16 07:00:00,2.66,2.9895753470764848
2018-09-16 07:15:00,2.66,2.8549334587735964
2018-09-16 07:30:00,2.63,2.7907666672505704
2018-09-16 07:45:00,2.7,3.077252691498932
2018-09-16 08:00:00,2.59,8.143408378017845
2018-09-16 08:15:00,2.63,5.488720504339346
2018-09-16 08:30:00,3.35,2.6365427165849415
2018-09-16 08:45:00,3.2,3.1724874440205
2018-09-16 09:00:00,2.88,3.9628910542047047
2018-09-16 09:15:00,2.92,3.7870989832934976
2018-09-16 09:30:00,2.81,3.514119638809156
2018-09-16 09:45:00,2.84,3.7790663242490745
2018-09-16 10:00:00,2.84,3.7058180470083
2018-09-16 10:15:00,2.84,3.769546281233563
2018-09-16 10:30:00,2.88,3.605845735674318
2018-09-16 10:45:00,2.92,3.030809616333694
2018-09-16 11:00:00,2.84,3.683728949677588
2018-09-16 11:15:00,2.81,3.277264450477077
2018-09-16 11:30:00,2.77,3.452805710682942
2018-09-16 11:45:00,3.2,3.87507933297258
2018-09-16 12:00:00,3.06,3.1096394503000657
2018-09-16 12:15:00,2.84,3.1346026472056643
2018-09-16 12:30:00,2.95,3.0612550946633927
2018-09-16 12:45:00,2.84,2.8976615607411733
2018-09-16 13:00:00,2.81,3.2255251604594735
2018-09-16 13:15:00,2.84,3.4986813006569313
2018-09-16 13:30:00,2.81,3.5332286272648443
2018-09-16 13:45:00,2.81,3.55926980341755
2018-09-16 14:00:00,2.92,3.572504869112793
2018-09-16 14:15:00,2.88,4.261393765307903
2018-09-16 14:30:00,3.49,3.8004790571175233
2018-09-16 14:45:00,2.92,3.5983376645576826
2018-09-16 15:00:00,2.84,4.439487093499558
2018-09-16 15:15:00,3.13,4.257663853161651
2018-09-16 15:30:00,3.38,3.5983376645576826
2018-09-16 15:45:00,2.88,3.9417979284256903
2018-09-16 16:00:00,2.84,3.7134089347086374
2018-09-16 16:15:00,2.88,3.1198648247039205
2018-09-16 16:30:00,2.84,3.266063666231303
2018-09-16 16:45:00,2.84,3.113852502248041
2018-09-16 17:00:00,2.81,2.893982941394558
2018-09-16 17:15:00,2.88,2.8118852824892997
2018-09-16 17:30:00,2.95,2.8073877412786543
2018-09-16 17:45:00,2.81,2.98493902756917
2018-09-16 18:00:00,2.77,3.0400175970800083
2018-09-16 18:15:00,2.84,3.0651747902841753
2018-09-16 18:30:00,2.88,2.999801972209822
2018-09-16 18:45:00,2.84,2.907298656639228
2018-09-16 19:00:00,3.06,2.907298656639228
2018-09-16 19:15:00,3.56,2.920109478550354
2018-09-16 19:30:00,3.28,2.913238978137866
2018-09-16 19:45:00,3.28,3.0814029446621256
2018-09-16 20:00:00,3.49,3.1186635998397154
2018-09-16 20:15:00,2.95,3.1186635998397154
2018-09-16 20:30:00,2.92,3.157042261506202
2018-09-16 20:45:00,2.99,2.9278961559159153
2018-09-16 21:00:00,2.92,2.936351684112794
2018-09-16 21:15:00,2.92,2.9075859991722766
2018-09-16 21:30:00,2.95,2.8605535564144287
2018-09-16 21:45:00,2.99,2.8605535564144287
2018-09-16 22:00:00,2.74,2.9279629900366513
2018-09-16 22:15:00,2.88,3.002871887406607
2018-09-16 22:30:00,2.77,2.7981061115712387
2018-09-16 22:45:00,2.74,2.8605535564144287
2018-09-16 23:00:00,2.74,2.8605535564144287
2018-09-16 23:15:00,2.66,2.743554721445682
2018-09-16 23:30:00,2.7,2.7177323977369436
2018-09-16 23:45:00,3.53,2.7221997152410213
2018-09-17 00:00:00,2.7,2.784892571270916
2018-09-17 00:15:00,2.77,3.062006396645007
2018-09-17 00:30:00,2.74,2.790171185060062
2018-09-17 00:45:00,2.74,2.8115261912647225
2018-09-17 01:00:00,3.35,2.8435902715662866
2018-09-17 01:15:00,2.84,2.8305203045382914
2018-09-17 01:30:00,3.28,3.0276328423902394
2018-09-17 01:45:00,3.1,2.9780907715203813
2018-09-17 02:00:00,2.77,3.0276328423902394
2018-09-17 02:15:00,2.77,2.98872095875351
2018-09-17 02:30:00,2.77,2.947519139507038
2018-09-17 02:45:00,2.74,2.8305203045382914
2018-09-17 03:00:00,2.77,3.0802094964923783
2018-09-17 03:15:00,2.84,3.1360599836286505
2018-09-17 03:30:00,2.77,2.8447326000059494
2018-09-17 03:45:00,2.74,2.8447326000059494
2018-09-17 04:00:00,2.74,2.8447326000059494
2018-09-17 04:15:00,2.81,2.8861269002456162
2018-09-17 04:30:00,2.74,2.8447326000059494
2018-09-17 04:45:00,3.2,2.8758335375038335
2018-09-17 05:00:00,2.99,2.8447326000059494
2018-09-17 05:15:00,2.77,3.2256003925886385
2018-09-17 05:30:00,2.7,2.9494119748077643
2018-09-17 05:45:00,2.63,2.8758335375038335
2018-09-17 06:00:00,2.66,2.8286562075904347
2018-09-17 06:15:00,2.7,2.9176002640556526
2018-09-17 06:30:00,3.13,2.9800477088988426
2018-09-17 06:45:00,3.06,2.900089928198366
2018-09-17 07:00:00,2.66,2.8381150642183686
2018-09-17 07:15:00,2.92,2.959349172034479
2018-09-17 07:30:00,3.06,3.33381554199574
2018-09-17 07:45:00,3.13,3.7098082546507825
2018-09-17 08:00:00,25.78,19.274775260509358
2018-09-17 08:15:00,63.11,35.65322214646942
2018-09-17 08:30:00,45.76,59.972074561904655
2018-09-17 08:45:00,56.34,62.69155050570112
2018-09-17 09:00:00,56.48,57.42075618475422
2018-09-17 09:15:00,50.98,64.63556815751667
2018-09-17 09:30:00,47.34,63.31830035565817
2018-09-17 09:45:00,42.3,59.64449975009874
2018-09-17 10:00:00,43.02,56.5179487103883
2018-09-17 10:15:00,55.19,50.63092623394324
2018-09-17 10:30:00,56.63,52.27320494079789
2018-09-17 10:45:00,62.96,63.81895973362955
2018-09-17 11:00:00,49.79,60.54251244491316
2018-09-17 11:15:00,56.88,62.097343597965654
2018-09-17 11:30:00,48.17,59.49141042541133
2018-09-17 11:45:00,45.79,48.41877415201084
2018-09-17 12:00:00,6.23,8.454921701918508
2018-09-17 12:15:00,3.89,9.312584809335753
2018-09-17 12:30:00,6.55,9.235771293206133
2018-09-17 12:45:00,5.26,10.907776037782202
2018-09-17 13:00:00,50.98,48.33198534347382
2018-09-17 13:15:00,74.77,61.5768609998264
2018-09-17 13:30:00,115.49,70.82254219774903
2018-09-17 13:45:00,114.12,75.23068355642403
2018-09-17 14:00:00,96.23,87.06416008124789
2018-09-17 14:15:00,111.64,93.17222292326004
2018-09-17 14:30:00,97.85,100.54020656082781
2018-09-17 14:45:00,121.14,82.60856105773368
2018-09-17 15:00:00,85.9,83.38072169883071
2018-09-17 15:15:00,108.5,79.1317652623795
2018-09-17 15:30:00,107.82,80.48262453477078
2018-09-17 15:45:00,105.19,75.42007918137159
2018-09-17 16:00:00,110.52,89.35020633266011
2018-09-17 16:15:00,100.3,90.85445903553062
2018-09-17 16:30:00,122.54,98.90032897933753
2018-09-17 16:45:00,82.62,98.03178152028386
2018-09-17 17:00:00,65.05,100.00257871173527
2018-09-17 17:15:00,53.35,89.91638871000276
2018-09-17 17:30:00,34.92,89.15746656722719
2018-09-17 17:45:00,27.36,80.51388718981188
2018-09-17 18:00:00,35.6,62.78670335905228
2018-09-17 18:15:00,42.48,44.172269610109694
2018-09-17 18:30:00,52.6,53.478141720281855
2018-09-17 18:45:00,51.05,51.31823920475318
2018-09-17 19:00:00,54.22,50.43589638017132
2018-09-17 19:15:00,51.16,49.46524752056949
2018-09-17 19:30:00,54.29,49.93175480129018
2018-09-17 19:45:00,55.76,49.07261784013961
2018-09-17 20:00:00,44.14,46.85314365417853
2018-09-17 20:15:00,48.31,49.3160250353692
2018-09-17 20:30:00,53.82,37.58014515464853
2018-09-17 20:45:00,12.28,31.785512553532364
2018-09-17 21:00:00,5.76,17.908158640150102
2018-09-17 21:15:00,4.07,3.762800732195994
2018-09-17 21:30:00,3.92,3.9167048936322453
2018-09-17 21:45:00,3.89,5.481869227835486
2018-09-17 22:00:00,3.67,3.0819257726674336
2018-09-17 22:15:00,3.64,3.152294543753277
2018-09-17 22:30:00,3.6,2.8797912751388783
2018-09-17 22:45:00,3.6,2.7997004661907208
2018-09-17 23:00:00,4.21,2.672974722157924
2018-09-17 23:15:00,4.61,2.672974722157924
2018-09-17 23:30:00,3.49,3.7597698722966304
2018-09-17 23:45:00,3.2,3.960646377190062
2018-09-18 00:00:00,3.56,3.4574808839950992
2018-09-18 00:15:00,3.53,3.6453600043071175
2018-09-18 00:30:00,3.31,3.257668457841023
2018-09-18 00:45:00,2.95,3.257668457841023
2018-09-18 01:00:00,2.95,3.36045293293769
2018-09-18 01:15:00,2.95,3.141555903918487
2018-09-18 01:30:00,2.95,3.141555903918487
2018-09-18 01:45:00,2.99,3.0994016047606
2018-09-18 02:00:00,2.95,3.0246592961048284
2018-09-18 02:15:00,2.95,3.0246592961048284
2018-09-18 02:30:00,2.95,3.1487793104592456
2018-09-18 02:45:00,2.95,2.9701079059792717
2018-09-18 03:00:00,2.95,3.0332296387357514
2018-09-18 03:15:00,2.99,3.1458839605247806
2018-09-18 03:30:00,2.99,3.0834365156815906
2018-09-18 03:45:00,2.99,3.015421138944814
2018-09-18 04:00:00,3.6,3.015421138944814
2018-09-18 04:15:00,3.06,3.0785428717012935
2018-09-18 04:30:00,3.46,3.3930794698822457
2018-09-18 04:45:00,2.99,3.180404001545358
2018-09-18 05:00:00,2.99,3.5440428836466613
2018-09-18 05:15:00,2.95,3.175414873168478
2018-09-18 05:30:00,2.84,3.054834823945688
2018-09-18 05:45:00,2.84,3.0868989042472523
2018-09-18 06:00:00,2.88,2.9816092824746643
2018-09-18 06:15:00,2.95,2.9816092824746643
2018-09-18 06:30:00,2.88,3.107178460074334
2018-09-18 06:45:00,2.84,3.0921334733418906
2018-09-18 07:00:00,2.88,2.932752439272072
2018-09-18 07:15:00,2.95,3.2187900201256516
2018-09-18 07:30:00,4.54,3.7206015321464747
2018-09-18 07:45:00,4.9,4.370014193309778
2018-09-18 08:00:00,35.46,49.67942261093087
2018-09-18 08:15:00,51.59,77.44086285589685
2018-09-18 08:30:00,55.87,61.79228334832035
2018-09-18 08:45:00,53.82,62.0317552265924
2018-09-18 09:00:00,48.24,56.402510635785966
2018-09-18 09:15:00,60.08,58.05485540014326
2018-09-18 09:30:00,61.2,58.70959214090339
2018-09-18 09:45:00,59.8,57.189779721868796
2018-09-18 10:00:00,59.26,57.602686832595396
2018-09-18 10:15:00,53.93,55.58100132297008
2018-09-18 10:30:00,49.75,58.4605205515616
2018-09-18 10:45:00,47.09,60.87552149905527
2018-09-18 11:00:00,60.55,59.731205323220514
2018-09-18 11:15:00,62.06,60.032972155132256
2018-09-18 11:30:00,62.68,62.908260269417426
2018-09-18 11:45:00,45.68,53.65210975522529
2018-09-18 12:00:00,25.6,7.872099097401017
2018-09-18 12:15:00,12.46,9.058115442336337
2018-09-18 12:30:00,4.07,10.654094889742888
2018-09-18 12:45:00,3.89,11.253282288377605
2018-09-18 13:00:00,39.2,40.4066800574624
2018-09-18 13:15:00,53.57,56.58842742771707
2018-09-18 13:30:00,60.48,63.311332578173314
2018-09-18 13:45:00,64.69,56.181181788490726
2018-09-18 14:00:00,62.89,59.11067238740559
2018-09-18 14:15:00,57.31,58.41002673907024
2018-09-18 14:30:00,54.11,59.79821162693377
2018-09-18 14:45:00,58.1,49.34823517333297
2018-09-18 15:00:00,42.62,58.9921525048023
2018-09-18 15:15:00,48.38,59.26219648888654
2018-09-18 15:30:00,60.23,48.71681665584435
2018-09-18 15:45:00,47.09,57.941337546941625
2018-09-18 16:00:00,41.08,57.39764010552466
2018-09-18 16:15:00,55.4,54.15715202719665
2018-09-18 16:30:00,51.12,45.506309786237004
2018-09-18 16:45:00,48.67,54.01719891687956
2018-09-18 17:00:00,43.02,56.66804501114607
2018-09-18 17:15:00,54.0,50.36836480236928
2018-09-18 17:30:00,32.22,33.30486408968488
2018-09-18 17:45:00,31.28,27.832991637072276
2018-09-18 18:00:00,37.26,34.58443538089007
2018-09-18 18:15:00,55.73,46.32902310686488
2018-09-18 18:30:00,48.67,49.314659319019434
2018-09-18 18:45:00,42.01,54.2034489091369
2018-09-18 19:00:00,47.7,50.42066349617435
2018-09-18 19:15:00,45.68,43.363600967156415
2018-09-18 19:30:00,49.18,49.36426838781534
2018-09-18 19:45:00,66.35,40.724338193939396
2018-09-18 20:00:00,40.93,47.601520134932834
2018-09-18 20:15:00,43.78,57.03706046438937
2018-09-18 20:30:00,41.44,35.635009060490205
2018-09-18 20:45:00,42.37,13.022274050621931
2018-09-18 21:00:00,27.29,9.051082015200725
2018-09-18 21:15:00,4.86,12.501800120897036
2018-09-18 21:30:00,3.67,10.381181321878087
2018-09-18 21:45:00,3.6,4.108806794932547
2018-09-18 22:00:00,3.31,3.5021615091385265
2018-09-18 22:15:00,3.38,3.7361048168644846
2018-09-18 22:30:00,3.35,3.6826230816449295
2018-09-18 22:45:00,4.46,3.4822315740968324
2018-09-18 23:00:00,3.96,3.4499917951524304
2018-09-18 23:15:00,3.2,3.813655521740565
2018-09-18 23:30:00,3.2,4.011451894366664
2018-09-18 23:45:00,2.66,3.7330779958477085
2018-09-19 00:00:00,2.92,3.3145591691587404
2018-09-19 00:15:00,2.74,3.0663423350135615
2018-09-19 00:30:00,2.66,2.934263053016392
2018-09-19 00:45:00,2.66,2.934263053016392
2018-09-19 01:00:00,2.7,2.912908046811731
2018-09-19 01:15:00,2.66,2.873252565648839
2018-09-19 01:30:00,2.74,2.904160340317064
2018-09-19 01:45:00,2.77,2.84643832632207
2018-09-19 02:00:00,2.74,2.8677933325267304
2018-09-19 02:15:00,2.77,2.8677933325267304
2018-09-19 02:30:00,2.74,2.8677933325267304
2018-09-19 02:45:00,2.74,2.8677933325267304
2018-09-19 03:00:00,2.81,2.8812573191379505
2018-09-19 03:15:00,2.77,3.0780616091651556
2018-09-19 03:30:00,2.74,3.0849275811626407
2018-09-19 03:45:00,3.82,3.0780616091651556
2018-09-19 04:00:00,3.89,3.0055545780478803
2018-09-19 04:15:00,2.7,3.380875567353582
2018-09-19 04:30:00,2.77,3.6014244261944532
2018-09-19 04:45:00,2.74,3.4938852726046696
2018-09-19 05:00:00,2.81,3.01854890959038
2018-09-19 05:15:00,2.74,3.0065693584394566
2018-09-19 05:30:00,2.7,2.9745052781378925
2018-09-19 05:45:00,2.7,2.9216769081231955
2018-09-19 06:00:00,2.74,2.9220493344353478
2018-09-19 06:15:00,2.66,2.900321901918535
2018-09-19 06:30:00,2.66,2.9745052781378925
2018-09-19 06:45:00,2.66,2.851465058715942
2018-09-19 07:00:00,2.66,2.851465058715942
2018-09-19 07:15:00,2.92,3.0119334619698526
2018-09-19 07:30:00,4.61,3.4232070106460823
2018-09-19 07:45:00,4.9,2.983764188726488
2018-09-19 08:00:00,25.45,42.10799583807947
2018-09-19 08:15:00,61.09,60.37077170018208
2018-09-19 08:30:00,34.99,53.63618499109083
2018-09-19 08:45:00,37.3,68.40547824490118
2018-09-19 09:00:00,54.65,42.54673579859668
2018-09-19 09:15:00,55.01,50.64007555458459
2018-09-19 09:30:00,37.76,52.768883847981215
2018-09-19 09:45:00,36.72,54.218781551439925
2018-09-19 10:00:00,37.22,46.65664038371655
2018-09-19 10:15:00,39.67,46.75404721356594
2018-09-19 10:30:00,43.09,44.74291155541354
2018-09-19 10:45:00,43.34,46.54132325346993
2018-09-19 11:00:00,45.76,46.66830125047315
2018-09-19 11:15:00,40.25,48.344360783315736
2018-09-19 11:30:00,48.06,49.20264388373235
2018-09-19 11:45:00,38.59,36.74052675651538
2018-09-19 12:00:00,5.36,8.60120497004422
2018-09-19 12:15:00,4.97,7.348171959411129
2018-09-19 12:30:00,4.46,3.8548368517412936
2018-09-19 12:45:00,4.9,5.430835409807972
2018-09-19 13:00:00,30.74,29.317421774379362
2018-09-19 13:15:00,41.58,47.03019224093689
2018-09-19 13:30:00,43.27,57.365178004243695
2018-09-19 13:45:00,44.1,49.63437481743668
2018-09-19 14:00:00,42.7,43.75318840617367
2018-09-19 14:15:00,38.7,47.67533865048436
2018-09-19 14:30:00,44.93,47.68252495458486
2018-09-19 14:45:00,43.42,45.04268636883074
2018-09-19 15:00:00,45.86,50.779261225990425
2018-09-19 15:15:00,37.15,46.98669119975788
2018-09-19 15:30:00,40.61,54.02252108759903
2018-09-19 15:45:00,42.52,44.637768544069615
2018-09-19 16:00:00,50.58,44.58316771214798
2018-09-19 16:15:00,52.38,44.13681144933934
2018-09-19 16:30:00,43.16,53.51905361480941
2018-09-19 16:45:00,51.62,52.84686324372404
2018-09-19 17:00:00,59.44,39.231549911708754
2018-09-19 17:15:00,51.66,48.07194677301729
2018-09-19 17:30:00,39.71,30.997858929744037
2018-09-19 17:45:00,36.47,25.220794364241048
2018-09-19 18:00:00,4.0,33.12184910800726
2018-09-19 18:15:00,3.85,40.65838043365811
2018-09-19 18:30:00,3.71,7.448985533434253
2018-09-19 18:45:00,3.67,4.807405428855623
2018-09-19 19:00:00,3.6,2.4920301883223055
2018-09-19 19:15:00,3.6,5.0996693823280825
2018-09-19 19:30:00,3.64,2.7679298889414485
2018-09-19 19:45:00,3.64,1.732444987901267
2018-09-19 20:00:00,3.67,3.3746624487332304
2018-09-19 20:15:00,3.64,2.762005481403952
2018-09-19 20:30:00,3.64,3.953806771397619
2018-09-19 20:45:00,3.71,3.429099264218554
2018-09-19 21:00:00,3.71,3.2374854705476066
2018-09-19 21:15:00,3.31,3.4019771188666375
2018-09-19 21:30:00,3.74,3.464007862291888
2018-09-19 21:45:00,3.31,3.484008961578862
2018-09-19 22:00:00,2.92,3.4001312916541773
2018-09-19 22:15:00,2.92,3.3782106963077054
2018-09-19 22:30:00,2.92,3.1151415134606433
2018-09-19 22:45:00,2.92,3.199019183385328
2018-09-19 23:00:00,2.74,3.1617585282077383
2018-09-19 23:15:00,2.7,3.099409708749897
2018-09-19 23:30:00,2.66,3.099409708749897
2018-09-19 23:45:00,3.42,2.862027470976747
2018-09-20 00:00:00,2.7,2.8741669823303178
2018-09-20 00:15:00,2.77,3.0366986924329966
2018-09-20 00:30:00,3.35,2.7313458236528327
2018-09-20 00:45:00,2.77,2.7527008298574933
2018-09-20 01:00:00,2.7,3.0429404490258225
2018-09-20 01:15:00,2.7,2.7716949431310622
2018-09-20 01:30:00,2.66,2.7245176132176634
2018-09-20 01:45:00,2.74,2.8058544698556385
2018-09-20 02:00:00,2.7,2.7503399369264017
2018-09-20 02:15:00,2.7,2.919265410113152
2018-09-20 02:30:00,2.7,2.7245176132176634
2018-09-20 02:45:00,3.1,2.7245176132176634
2018-09-20 03:00:00,3.35,2.7606332996681844
2018-09-20 03:15:00,2.92,2.899502909770332
2018-09-20 03:30:00,2.7,3.1023267308942994
2018-09-20 03:45:00,2.66,2.973626653606262
2018-09-20 04:00:00,2.74,2.9522716474016013
2018-09-20 04:15:00,2.92,2.8933061547360275
2018-09-20 04:30:00,3.28,2.880129908853084
2018-09-20 04:45:00,2.77,2.8170081760966044
2018-09-20 05:00:00,2.66,3.238131394938009
2018-09-20 05:15:00,2.66,2.791185852387866
2018-09-20 05:30:00,2.66,2.7698308461832055
2018-09-20 05:45:00,2.66,2.795653169891944
2018-09-20 06:00:00,2.66,2.795653169891944
2018-09-20 06:15:00,2.7,2.7645522323940597
2018-09-20 06:30:00,2.63,2.7698308461832055
2018-09-20 06:45:00,2.66,2.7209740029806126
2018-09-20 07:00:00,2.63,2.7209740029806126
2018-09-20 07:15:00,2.66,2.943920079246151
2018-09-20 07:30:00,2.81,3.3551936279223806
2018-09-20 07:45:00,3.96,2.894395799798126
2018-09-20 08:00:00,34.7,18.30281442089224
2018-09-20 08:15:00,41.47,50.01761423466809
2018-09-20 08:30:00,48.42,62.04832489718966
2018-09-20 08:45:00,41.11,47.23110981235915
2018-09-20 09:00:00,46.12,50.67914656934831
2018-09-20 09:15:00,38.63,44.8274206727128
2018-09-20 09:30:00,38.27,49.160186287155135
2018-09-20 09:45:00,39.02,42.77986849855653
2018-09-20 10:00:00,38.81,41.56363914772433
2018-09-20 10:15:00,43.56,42.70801353769896
2018-09-20 10:30:00,54.04,42.384160727120054
2018-09-20 10:45:00,54.54,46.5523328722532
2018-09-20 11:00:00,50.76,55.79083763786962
2018-09-20 11:15:00,49.1,55.12233662615871
2018-09-20 11:30:00,59.98,51.46315701114754
2018-09-20 11:45:00,34.78,49.41939030489692
2018-09-20 12:00:00,26.78,6.2143905784816384
2018-09-20 12:15:00,10.15,7.255977096805157
2018-09-20 12:30:00,3.67,10.470401480935479
2018-09-20 12:45:00,4.28,10.69553086066342
2018-09-20 13:00:00,31.36,29.570115818565238
2018-09-20 13:15:00,61.16,49.61662345968677
2018-09-20 13:30:00,64.4,58.806046317277364
2018-09-20 13:45:00,61.99,65.32696798032303
2018-09-20 14:00:00,60.12,65.3822105107313
2018-09-20 14:15:00,48.85,56.71279434437857
2018-09-20 14:30:00,45.47,57.273684155969015
2018-09-20 14:45:00,55.3,56.55081158710791
2018-09-20 15:00:00,48.13,57.43470822563199
2018-09-20 15:15:00,51.8,57.65799631329102
2018-09-20 15:30:00,70.49,53.05761924135202
2018-09-20 15:45:00,54.32,52.686599644493946
2018-09-20 16:00:00,65.23,64.3517380394306
2018-09-20 16:15:00,43.16,56.6457924016506
2018-09-20 16:30:00,56.41,58.16428963233334
2018-09-20 16:45:00,51.3,45.66862525978945
2018-09-20 17:00:00,50.33,56.034715515762
2018-09-20 17:15:00,55.19,48.716448717620395
2018-09-20 17:30:00,29.09,37.35353055081285
2018-09-20 17:45:00,30.31,36.45418321770279
2018-09-20 18:00:00,37.66,30.16678886182241
2018-09-20 18:15:00,52.81,47.95621615358737
2018-09-20 18:30:00,39.42,50.10322448284454
2018-09-20 18:45:00,44.17,54.75677791013005
2018-09-20 19:00:00,57.13,42.09394544687243
2018-09-20 19:15:00,54.22,48.077106158175944
2018-09-20 19:30:00,45.04,55.57268958813472
2018-09-20 19:45:00,41.11,49.55649117023896
2018-09-20 20:00:00,41.47,46.41596874636204
2018-09-20 20:15:00,67.54,45.038619882516386
2018-09-20 20:30:00,37.58,38.78887963064773
2018-09-20 20:45:00,13.28,17.654380378283005
2018-09-20 21:00:00,4.07,11.872813333953822
2018-09-20 21:15:00,3.89,6.281744257145708
2018-09-20 21:30:00,3.74,4.53658981034848
2018-09-20 21:45:00,3.71,4.171177965717441
2018-09-20 22:00:00,3.53,3.603168467845758
2018-09-20 22:15:00,3.49,3.577629049023157
2018-09-20 22:30:00,3.49,3.3487635381609673
2018-09-20 22:45:00,3.53,3.368764637447941
2018-09-20 23:00:00,3.42,3.162696339209593
2018-09-20 23:15:00,3.42,3.0643129418253054
2018-09-20 23:30:00,3.38,3.137966616357605
2018-09-20 23:45:00,2.48,3.196050119292252
2018-09-21 00:00:00,2.77,3.043596552932572
2018-09-21 00:15:00,2.92,2.8730938698302535
2018-09-21 00:30:00,3.17,2.8542738970959447
2018-09-21 00:45:00,3.46,2.9194045926052645
2018-09-21 01:00:00,2.84,2.9682567569336187
2018-09-21 01:15:00,2.81,2.935606222789711
2018-09-21 01:30:00,2.81,2.37734902676188
2018-09-21 01:45:00,2.92,2.7160238106431347
2018-09-21 02:00:00,2.88,2.748087890944699
2018-09-21 02:15:00,2.88,2.7160238106431347
2018-09-21 02:30:00,2.81,2.7160238106431347
2018-09-21 02:45:00,2.84,2.902091009594509
2018-09-21 03:00:00,2.84,2.910661352225432
2018-09-21 03:15:00,2.84,2.9665118393617043
2018-09-21 03:30:00,2.84,2.771874297779407
2018-09-21 03:45:00,2.95,2.771874297779407
2018-09-21 04:00:00,3.38,2.7843357503061728
2018-09-21 04:15:00,3.1,3.0289171003461517
2018-09-21 04:30:00,2.84,3.2070229312367218
2018-09-21 04:45:00,2.92,2.976265765450459
2018-09-21 05:00:00,2.81,2.771874297779407
2018-09-21 05:15:00,2.77,2.803938378080971
2018-09-21 05:30:00,2.74,2.771874297779407
2018-09-21 05:45:00,2.88,2.889693632219618
2018-09-21 06:00:00,3.38,2.771874297779407
2018-09-21 06:15:00,2.95,2.771874297779407
2018-09-21 06:30:00,2.81,2.998175679238624
2018-09-21 06:45:00,2.74,2.7257283735490794
2018-09-21 07:00:00,2.7,2.697195130868076
2018-09-21 07:15:00,2.99,2.759655612760283
2018-09-21 07:30:00,3.35,3.1067558796556862
2018-09-21 07:45:00,14.33,2.757617918991801
2018-09-21 08:00:00,35.14,26.264367066768756
2018-09-21 08:15:00,41.11,66.08234698803433
2018-09-21 08:30:00,50.29,51.37190636741154
2018-09-21 08:45:00,55.91,44.66286591647101
2018-09-21 09:00:00,59.83,54.965934815529906
2018-09-21 09:15:00,45.58,55.36020728298945
2018-09-21 09:30:00,39.31,55.13266779630831
2018-09-21 09:45:00,47.52,46.16409353119576
2018-09-21 10:00:00,54.9,45.11055062817158
2018-09-21 10:15:00,38.66,53.18199730350961
2018-09-21 10:30:00,39.35,56.943012680178036
2018-09-21 10:45:00,34.09,46.65732202957682
2018-09-21 11:00:00,30.24,47.71595347595138
2018-09-21 11:15:00,31.25,39.60715368064871
2018-09-21 11:30:00,30.38,35.82714407514068
2018-09-21 11:45:00,29.84,35.73438450432201
2018-09-21 12:00:00,7.24,11.747466244058794
2018-09-21 12:15:00,6.26,12.113451458841636
2018-09-21 12:30:00,4.64,6.720522534048891
2018-09-21 12:45:00,4.21,6.30520464354119
2018-09-21 13:00:00,18.18,34.622304028314886
2018-09-21 13:15:00,28.08,46.490527652256965
2018-09-21 13:30:00,29.77,44.98819519093048
2018-09-21 13:45:00,27.86,44.786920060240284
2018-09-21 14:00:00,27.07,42.3495373273778
2018-09-21 14:15:00,24.95,40.541399685614
2018-09-21 14:30:00,8.6,40.45564129391089
2018-09-21 14:45:00,8.64,39.81547854392609
2018-09-21 15:00:00,8.57,20.304101890639252
2018-09-21 15:15:00,7.67,21.667120071997328
2018-09-21 15:30:00,6.52,22.008517943404126
2018-09-21 15:45:00,5.08,20.12169670637563
2018-09-21 16:00:00,3.31,16.686773723619858
2018-09-21 16:15:00,3.31,6.369803682879271
2018-09-21 16:30:00,3.35,4.687623585056139
2018-09-21 16:45:00,3.38,3.7082361544381004
2018-09-21 17:00:00,3.35,3.3417261599166186
2018-09-21 17:15:00,3.42,2.498255738353146
2018-09-21 17:30:00,3.31,5.729187212571685
2018-09-21 17:45:00,3.24,3.841682589827539
2018-09-21 18:00:00,3.28,4.362252248817835
2018-09-21 18:15:00,3.31,4.452858998463224
2018-09-21 18:30:00,3.92,4.354148318630102
2018-09-21 18:45:00,4.39,4.210495450467405
2018-09-21 19:00:00,2.7,4.461099355470641
2018-09-21 19:15:00,2.74,4.382066840723651
2018-09-21 19:30:00,2.77,3.9044183970986417
2018-09-21 19:45:00,2.7,3.9155460792559897
2018-09-21 20:00:00,2.77,3.910974943314133
2018-09-21 20:15:00,2.74,2.4576942015687133
2018-09-21 20:30:00,2.74,3.806489314650569
2018-09-21 20:45:00,2.7,2.9500350351638827
2018-09-21 21:00:00,2.66,2.8723780739000824
2018-09-21 21:15:00,2.7,2.8995446233144055
2018-09-21 21:30:00,2.77,2.940115549845084
2018-09-21 21:45:00,2.66,2.9183881173282713
2018-09-21 22:00:00,2.52,2.939743123532932
2018-09-21 22:15:00,2.59,2.8487519109497788
2018-09-21 22:30:00,2.52,2.7527068889545157
2018-09-21 22:45:00,3.17,2.822343095333008
2018-09-21 23:00:00,2.88,2.7793279654516256
2018-09-21 23:15:00,3.2,3.0145729870341937
2018-09-21 23:30:00,2.52,2.7740618951591762
2018-09-21 23:45:00,2.92,2.9245801983714057
2018-09-22 00:00:00,2.52,2.6902594441113257
2018-09-22 00:15:00,2.56,2.826890265173873
2018-09-22 00:30:00,2.59,2.8055352589692126
2018-09-22 00:45:00,2.56,2.8055352589692126
2018-09-22 01:00:00,2.52,2.7527068889545157
2018-09-22 01:15:00,2.56,2.8232865561847422
2018-09-22 01:30:00,2.52,2.6834312336761563
2018-09-22 01:45:00,2.56,2.7458786785193463
2018-09-22 02:00:00,2.63,2.7458786785193463
2018-09-22 02:15:00,3.02,2.7458786785193463
2018-09-22 02:30:00,2.84,2.6834312336761563
2018-09-22 02:45:00,2.56,2.8010455411941564
2018-09-22 03:00:00,2.56,2.77580402735493
2018-09-22 03:15:00,2.56,2.744831811034124
2018-09-22 03:30:00,3.02,2.744831811034124
2018-09-22 03:45:00,3.06,2.89522438771344
2018-09-22 04:00:00,2.66,2.852827043723631
2018-09-22 04:15:00,2.56,2.799998673708934
2018-09-22 04:30:00,2.59,2.744831811034124
2018-09-22 04:45:00,2.59,2.744831811034124
2018-09-22 05:00:00,2.66,2.735212736205631
2018-09-22 05:15:00,2.59,2.735212736205631
2018-09-22 05:30:00,2.52,2.646268679740413
2018-09-22 05:45:00,2.52,2.744831811034124
2018-09-22 06:00:00,3.17,2.744831811034124
2018-09-22 06:15:00,3.1,2.744831811034124
2018-09-22 06:30:00,2.59,2.9300407538548114
2018-09-22 06:45:00,2.56,2.6909682136744255
2018-09-22 07:00:00,2.48,2.5974118365378205
2018-09-22 07:15:00,2.52,2.516290312016063
2018-09-22 07:30:00,2.52,2.620425867541373
2018-09-22 07:45:00,2.52,2.9546813305231137
2018-09-22 08:00:00,2.95,11.190450484636933
2018-09-22 08:15:00,3.28,8.473168144107493
2018-09-22 08:30:00,3.31,1.8332560658082133
2018-09-22 08:45:00,3.74,2.3172619861786905
2018-09-22 09:00:00,2.99,3.721824064213023
2018-09-22 09:15:00,2.92,3.415019899745835
2018-09-22 09:30:00,2.99,3.391316830641379
2018-09-22 09:45:00,2.92,3.2574494729813557
2018-09-22 10:00:00,4.0,3.8287075989923194
2018-09-22 10:15:00,3.24,2.912444359077462
2018-09-22 10:30:00,2.92,3.1144031276119852
2018-09-22 10:45:00,2.95,2.5978466853854902
2018-09-22 11:00:00,3.28,3.5768344668533367
2018-09-22 11:15:00,3.78,3.2332657356727634
2018-09-22 11:30:00,2.99,1.9608565882562923
2018-09-22 11:45:00,3.35,3.4252363915775392
2018-09-22 12:00:00,2.92,3.064461526560909
2018-09-22 12:15:00,2.81,2.997196124032414
2018-09-22 12:30:00,2.88,2.8404211836235738
2018-09-22 12:45:00,2.95,2.902901684235352
2018-09-22 13:00:00,2.81,3.2215387735587955
2018-09-22 13:15:00,2.81,5.867075242271059
2018-09-22 13:30:00,3.17,2.868442294556534
2018-09-22 13:45:00,4.5,3.5325136478511325
2018-09-22 14:00:00,2.99,3.3770274490986982
2018-09-22 14:15:00,2.92,7.620148029804644
2018-09-22 14:30:00,2.81,2.9372114990488427
2018-09-22 14:45:00,2.77,3.9074803298158964
2018-09-22 15:00:00,2.84,3.06350021046606
2018-09-22 15:15:00,3.13,2.994175474986906
2018-09-22 15:30:00,3.38,2.84244336018141
2018-09-22 15:45:00,3.06,3.4621258891580218
2018-09-22 16:00:00,2.77,3.034770140409843
2018-09-22 16:15:00,2.84,2.525943018623393
2018-09-22 16:30:00,2.88,2.7028063924203276
2018-09-22 16:45:00,2.77,2.9967427509355598
2018-09-22 17:00:00,2.77,1.9654263772393321
2018-09-22 17:15:00,2.81,2.556759293379665
2018-09-22 17:30:00,2.81,2.5211608146711355
2018-09-22 17:45:00,2.81,2.729813038459535
2018-09-22 18:00:00,2.77,2.931607133337836
2018-09-22 18:15:00,2.92,2.966862301874492
2018-09-22 18:30:00,3.56,2.901489483800139
2018-09-22 18:45:00,3.06,2.9370879625086683
2018-09-22 19:00:00,2.88,3.007218674308804
2018-09-22 19:15:00,2.84,2.7492747948908
2018-09-22 19:30:00,2.95,2.8239691008633154
2018-09-22 19:45:00,3.38,2.7100131065388493
2018-09-22 20:00:00,3.13,2.7663122728329914
2018-09-22 20:15:00,2.88,2.9184601181123027
2018-09-22 20:30:00,2.95,2.7564649785341526
2018-09-22 20:45:00,2.92,2.693880817718353
2018-09-22 21:00:00,2.92,2.7013708424992924
2018-09-22 21:15:00,2.88,2.7057438938633753
2018-09-22 21:30:00,2.88,2.7521621199901625
2018-09-22 21:45:00,2.84,2.6976107298646057
2018-09-22 22:00:00,2.66,2.3717862853498257
2018-09-22 22:15:00,2.7,2.3717862853498257
2018-09-22 22:30:00,2.77,2.350431279145165
2018-09-22 22:45:00,2.77,2.793254558628692
2018-09-22 23:00:00,2.95,2.9016365173272414
2018-09-22 23:15:00,2.95,2.8146095648333525
2018-09-22 23:30:00,2.84,2.379775818111237
2018-09-22 23:45:00,2.66,2.795593051288805
2018-09-23 00:00:00,2.56,2.386629339433018
2018-09-23 00:15:00,2.52,2.3652743332283572
2018-09-23 00:30:00,2.56,2.3963752707262413
2018-09-23 00:45:00,2.52,2.3963752707262413
2018-09-23 01:00:00,2.56,2.3963752707262413
2018-09-23 01:15:00,2.66,2.3637247365823337
2018-09-23 01:30:00,2.56,2.3637247365823337
2018-09-23 01:45:00,2.52,2.3637247365823337
2018-09-23 02:00:00,2.56,2.3637247365823337
2018-09-23 02:15:00,2.48,2.7795419697599018
2018-09-23 02:30:00,2.84,2.875586991755165
2018-09-23 02:45:00,3.17,2.3637247365823337
2018-09-23 03:00:00,2.52,2.4120564007996297
2018-09-23 03:15:00,2.59,2.653487536729232
2018-09-23 03:30:00,2.81,2.7784951022746793
2018-09-23 03:45:00,3.13,2.7784951022746793
2018-09-23 04:00:00,2.56,2.727109300894367
2018-09-23 04:15:00,2.63,2.473486227311532
2018-09-23 04:30:00,2.52,2.3541075264661884
2018-09-23 04:45:00,2.52,2.3541075264661884
2018-09-23 05:00:00,2.56,2.7057542946897066
2018-09-23 05:15:00,2.59,2.3799298501749266
2018-09-23 05:30:00,2.52,2.3541075264661884
2018-09-23 05:45:00,2.56,2.3541075264661884
2018-09-23 06:00:00,2.52,2.7784951022746793
2018-09-23 06:15:00,2.52,2.7784951022746793
2018-09-23 06:30:00,2.48,2.3541075264661884
2018-09-23 06:45:00,2.88,2.305250683263596
2018-09-23 07:00:00,2.95,2.305250683263596
2018-09-23 07:15:00,2.52,2.146921033652788
2018-09-23 07:30:00,2.48,2.23204007563355
2018-09-23 07:45:00,3.13,1.6838356058900839
2018-09-23 08:00:00,2.84,7.510899319123737
2018-09-23 08:15:00,2.48,12.067184863448032
2018-09-23 08:30:00,2.56,3.9564913430119533
2018-09-23 08:45:00,2.81,3.095093194054421
2018-09-23 09:00:00,2.7,3.184801267797054
2018-09-23 09:15:00,2.7,3.309895410963705
2018-09-23 09:30:00,2.7,3.2930664030345036
2018-09-23 09:45:00,2.7,3.211946675574894
2018-09-23 10:00:00,2.74,3.2815828819533865
2018-09-23 10:15:00,2.7,3.2930664030345036
2018-09-23 10:30:00,2.77,3.045496570771518
2018-09-23 10:45:00,2.77,2.666705435398207
2018-09-23 11:00:00,2.7,2.6624650765844087
2018-09-23 11:15:00,2.77,2.7865514919527703
2018-09-23 11:30:00,2.74,2.69881060451473
2018-09-23 11:45:00,2.84,3.0271530474014376
2018-09-23 12:00:00,3.35,2.9564250113588053
2018-09-23 12:15:00,2.81,2.7170715700215475
2018-09-23 12:30:00,2.81,2.7058278885332334
2018-09-23 12:45:00,2.81,2.7669340755360032
2018-09-23 13:00:00,2.77,2.6539486401921257
2018-09-23 13:15:00,2.99,3.77373912192018
2018-09-23 13:30:00,3.35,3.2524106702352427
2018-09-23 13:45:00,2.81,3.3818999092365902
2018-09-23 14:00:00,2.88,3.460275086725856
2018-09-23 14:15:00,2.77,3.3212496196743335
2018-09-23 14:30:00,2.81,3.298469070475958
2018-09-23 14:45:00,2.81,3.2785383844776246
2018-09-23 15:00:00,2.81,3.317519707528081
2018-09-23 15:15:00,2.77,3.317519707528081
2018-09-23 15:30:00,2.81,3.424101983694074
2018-09-23 15:45:00,2.84,3.286418770030197
2018-09-23 16:00:00,2.84,3.136844084754308
2018-09-23 16:15:00,3.1,2.7743355942354455
2018-09-23 16:30:00,3.2,2.9337695014580714
2018-09-23 16:45:00,2.81,2.869053084581675
2018-09-23 17:00:00,2.77,2.9427626177371766
2018-09-23 17:15:00,2.81,2.71646123627796
2018-09-23 17:30:00,2.81,2.6850126526727407
2018-09-23 17:45:00,2.81,2.8625639389632562
2018-09-23 18:00:00,3.17,2.883830652003945
2018-09-23 18:15:00,3.13,3.0175278468619724
2018-09-23 18:30:00,2.81,3.112211269805716
2018-09-23 18:45:00,2.81,2.986168776946291
2018-09-23 19:00:00,2.81,2.913967406014346
2018-09-23 19:15:00,2.88,2.9474741289531012
2018-09-23 19:30:00,2.81,2.9474741289531012
2018-09-23 19:45:00,3.24,2.9474741289531012
2018-09-23 20:00:00,3.02,2.9474741289531012
2018-09-23 20:15:00,2.81,3.0814029446621256
2018-09-23 20:30:00,2.84,2.88101829062218
2018-09-23 20:45:00,2.81,2.856823644268176
2018-09-23 21:00:00,2.92,2.841710062400563
2018-09-23 21:15:00,2.81,2.841710062400563
2018-09-23 21:30:00,2.88,2.8605535564144287
2018-09-23 21:45:00,2.81,2.8605535564144287
2018-09-23 22:00:00,2.63,2.743554721445682
2018-09-23 22:15:00,2.63,2.743554721445682
2018-09-23 22:30:00,2.66,2.776751105366578
2018-09-23 22:45:00,2.7,2.776751105366578
2018-09-23 23:00:00,3.6,2.839198550209768
2018-09-23 23:15:00,4.0,2.839198550209768
2018-09-23 23:30:00,2.63,3.048236278274749
2018-09-23 23:45:00,2.63,3.871158019443986
2018-09-24 00:00:00,2.59,3.898028499748061
2018-09-24 00:15:00,2.63,2.6534897115825284
2018-09-24 00:30:00,2.74,2.5222331445555843
2018-09-24 00:45:00,2.63,2.49016906425402
2018-09-24 01:00:00,2.59,2.540753397121732
2018-09-24 01:15:00,2.63,2.7833429746248926
2018-09-24 01:30:00,2.63,2.512570180481902
2018-09-24 01:45:00,2.66,2.4575185301101126
2018-09-24 02:00:00,2.66,2.4575185301101126
2018-09-24 02:15:00,2.66,2.4575185301101126
2018-09-24 02:30:00,2.63,2.8733357632876806
2018-09-24 02:45:00,2.63,2.8733357632876806
2018-09-24 03:00:00,2.95,2.4575185301101126
2018-09-24 03:15:00,3.02,2.5028317630756547
2018-09-24 03:30:00,2.63,2.924832400696063
2018-09-24 03:45:00,3.17,2.9823862015589557
2018-09-24 04:00:00,3.24,2.5028317630756547
2018-09-24 04:15:00,2.74,2.8997759480738585
2018-09-24 04:30:00,2.66,2.925598271782597
2018-09-24 04:45:00,2.63,2.615597997531573
2018-09-24 05:00:00,2.66,2.5028317630756547
2018-09-24 05:15:00,2.63,2.528654086784393
2018-09-24 05:30:00,2.7,2.528654086784393
2018-09-24 05:45:00,2.63,2.5028317630756547
2018-09-24 06:00:00,2.59,2.5028317630756547
2018-09-24 06:15:00,3.1,2.5028317630756547
2018-09-24 06:30:00,2.92,2.5028317630756547
2018-09-24 06:45:00,2.56,2.9366781955120795
2018-09-24 07:00:00,2.66,2.899717501886214
2018-09-24 07:15:00,2.59,2.578357864844889
2018-09-24 07:30:00,2.56,3.33381554199574
2018-09-24 07:45:00,2.63,3.7742558452120103
2018-09-24 08:00:00,2.59,19.004809919519136
2018-09-24 08:15:00,2.59,27.339928664022572
2018-09-24 08:30:00,2.74,6.561971875464326
2018-09-24 08:45:00,2.81,7.602256465053191
2018-09-24 09:00:00,2.88,7.462582263860003
2018-09-24 09:15:00,2.84,6.8814828936120325
2018-09-24 09:30:00,3.17,5.913900980128542
2018-09-24 09:45:00,3.24,6.257268518028351
2018-09-24 10:00:00,2.84,7.2101195866664805
2018-09-24 10:15:00,2.88,7.8334779367486655
2018-09-24 10:30:00,3.42,6.637989651358857
2018-09-24 10:45:00,2.88,7.179959654974071
2018-09-24 11:00:00,2.84,6.7640081036865665
2018-09-24 11:15:00,2.81,4.656696692384826
2018-09-24 11:30:00,2.84,3.796839434437311
2018-09-24 11:45:00,2.88,4.88866778879118
2018-09-24 12:00:00,2.81,4.33968608942061
2018-09-24 12:15:00,2.81,4.620994311744897
2018-09-24 12:30:00,2.84,3.9351694967135176
2018-09-24 12:45:00,2.81,4.285962345447705
2018-09-24 13:00:00,2.81,5.68852174068467
2018-09-24 13:15:00,2.84,11.70102909378061
2018-09-24 13:30:00,2.84,7.282788360364285
2018-09-24 13:45:00,3.13,6.922801334888228
2018-09-24 14:00:00,3.49,8.059874785647404
2018-09-24 14:15:00,2.92,8.286174364171348
2018-09-24 14:30:00,3.38,8.143277333513165
2018-09-24 14:45:00,3.24,6.3103257608639565
2018-09-24 15:00:00,2.84,9.232950332819435
2018-09-24 15:15:00,2.84,9.407019803626092
2018-09-24 15:30:00,2.81,6.739690027877359
2018-09-24 15:45:00,2.81,8.600445524653733
2018-09-24 16:00:00,2.81,8.570909196402102
2018-09-24 16:15:00,2.92,5.533589744182723
2018-09-24 16:30:00,2.88,3.112170912565345
2018-09-24 16:45:00,2.81,2.95039873143946
2018-09-24 17:00:00,2.81,1.9833409055280726
2018-09-24 17:15:00,2.84,2.6053639881382185
2018-09-24 17:30:00,2.77,2.7281450783956203
2018-09-24 17:45:00,2.77,2.8485462179473133
2018-09-24 18:00:00,2.74,3.21364441319907
2018-09-24 18:15:00,2.74,2.948169165650051
2018-09-24 18:30:00,2.88,2.3574872413655203
2018-09-24 18:45:00,2.84,2.6297159775627
2018-09-24 19:00:00,2.81,2.598615040064816
2018-09-24 19:15:00,3.38,2.134531984379722
2018-09-24 19:30:00,4.43,2.272613321113558
2018-09-24 19:45:00,2.92,3.6706712268105814
2018-09-24 20:00:00,2.81,3.3830300814880916
2018-09-24 20:15:00,2.81,0.8543273325132434
2018-09-24 20:30:00,2.81,3.7240785995011056
2018-09-24 20:45:00,2.81,3.120745401471364
2018-09-24 21:00:00,2.88,2.380014805753644
2018-09-24 21:15:00,2.92,2.9390258124389335
2018-09-24 21:30:00,2.81,3.0909288168233906
2018-09-24 21:45:00,2.77,3.0284813719802006
2018-09-24 22:00:00,2.66,2.5665757208304703
2018-09-24 22:15:00,2.63,2.5665757208304703
2018-09-24 22:30:00,2.84,2.8710451591405897
2018-09-24 22:45:00,3.2,2.8710451591405897
2018-09-24 23:00:00,2.59,3.1945848131657115
2018-09-24 23:15:00,2.56,3.7229119934373887
2018-09-24 23:30:00,2.59,2.5532221051964967
2018-09-24 23:45:00,2.66,2.558115749176794
2018-09-25 00:00:00,2.66,2.5538823587385613
2018-09-25 00:15:00,3.24,2.5538823587385613
2018-09-25 00:30:00,2.99,2.853884479544603
2018-09-25 00:45:00,2.63,2.718715215450034
2018-09-25 01:00:00,2.63,2.4943515330534183
2018-09-25 01:15:00,2.63,2.432356459943439
2018-09-25 01:30:00,2.59,2.432356459943439
2018-09-25 01:45:00,2.7,2.784003228166957
2018-09-25 02:00:00,3.24,2.784003228166957
2018-09-25 02:15:00,2.77,2.758180904458219
2018-09-25 02:30:00,2.7,2.7118870050148645
2018-09-25 02:45:00,2.63,2.4537114661480994
2018-09-25 03:00:00,2.59,2.85674403575193
2018-09-25 03:15:00,2.66,2.902057268717472
2018-09-25 03:30:00,2.63,2.5034920166177193
2018-09-25 03:45:00,2.63,2.923784701234285
2018-09-25 04:00:00,2.59,3.036714537242619
2018-09-25 04:15:00,2.59,2.803494137423761
2018-09-25 04:30:00,2.66,2.8690830419662805
2018-09-25 04:45:00,2.66,2.477669692908981
2018-09-25 05:00:00,2.63,2.803494137423761
2018-09-25 05:15:00,2.88,2.477669692908981
2018-09-25 05:30:00,3.85,2.803494137423761
2018-09-25 05:45:00,2.84,2.4990246991136416
2018-09-25 06:00:00,2.56,3.061135926004582
2018-09-25 06:15:00,2.56,3.4253406783662785
2018-09-25 06:30:00,2.56,2.902057268717472
2018-09-25 06:45:00,2.52,2.4866992537166905
2018-09-25 07:00:00,2.56,2.7804596179299064
2018-09-25 07:15:00,2.63,2.5790181183869536
2018-09-25 07:30:00,2.59,2.9293426438873436
2018-09-25 07:45:00,2.63,2.4363050368186867
2018-09-25 08:00:00,2.59,16.296327866646102
2018-09-25 08:15:00,2.52,23.40987438421619
2018-09-25 08:30:00,2.48,3.6713841363988884
2018-09-25 08:45:00,2.92,2.846947967340318
2018-09-25 09:00:00,3.13,3.089305549933866
2018-09-25 09:15:00,2.66,5.293710964451129
2018-09-25 09:30:00,2.7,4.645882804238968
2018-09-25 09:45:00,2.66,4.584796033632567
2018-09-25 10:00:00,3.1,5.276881956521929
2018-09-25 10:15:00,3.35,3.1975706851713146
2018-09-25 10:30:00,2.74,2.0047135623730754
2018-09-25 10:45:00,2.63,2.3751433286789863
2018-09-25 11:00:00,2.66,4.383153825613115
2018-09-25 11:15:00,2.66,3.746621150857651
2018-09-25 11:30:00,2.66,4.670612206760569
2018-09-25 11:45:00,2.59,3.599221800170611
2018-09-25 12:00:00,2.66,2.4741639028201643
2018-09-25 12:15:00,2.66,2.623079789541146
2018-09-25 12:30:00,2.66,2.6913137824229936
2018-09-25 12:45:00,2.84,2.764114380292043
2018-09-25 13:00:00,3.35,2.47950789998166
2018-09-25 13:15:00,2.66,5.777460692160196
2018-09-25 13:30:00,2.63,5.347066680829287
2018-09-25 13:45:00,2.66,4.524844142903069
2018-09-25 14:00:00,2.66,3.5137132367319466
2018-09-25 14:15:00,2.66,4.693035826889725
2018-09-25 14:30:00,2.63,2.347637117163982
2018-09-25 14:45:00,2.74,4.521114230756816
2018-09-25 15:00:00,2.74,3.3961366927357637
2018-09-25 15:15:00,2.66,3.074124161040615
2018-09-25 15:30:00,2.63,5.385765970592655
2018-09-25 15:45:00,2.7,2.2888366194367897
2018-09-25 16:00:00,2.66,2.9223435052467406
2018-09-25 16:15:00,2.66,3.230576458910832
2018-09-25 16:30:00,3.28,3.073902808931892
2018-09-25 16:45:00,3.67,2.695556681065973
2018-09-25 17:00:00,2.95,3.648711958859653
2018-09-25 17:15:00,2.66,2.4156763446185856
2018-09-25 17:30:00,2.63,2.9335543788571483
2018-09-25 17:45:00,2.63,2.943572985619922
2018-09-25 18:00:00,2.52,2.698149012542736
2018-09-25 18:15:00,2.56,3.551597080766074
2018-09-25 18:30:00,2.59,3.064291483969198
2018-09-25 18:45:00,2.59,3.762755156226573
2018-09-25 19:00:00,2.7,3.0495761181288823
2018-09-25 19:15:00,2.77,2.8215670872800027
2018-09-25 19:30:00,2.84,2.1100437008082378
2018-09-25 19:45:00,3.02,3.1845483861385664
2018-09-25 20:00:00,3.35,3.215429861293741
2018-09-25 20:15:00,2.74,3.3962416143896075
2018-09-25 20:30:00,2.74,3.345232216707744
2018-09-25 20:45:00,2.77,3.108633192329725
2018-09-25 21:00:00,2.81,2.3548527355869706
2018-09-25 21:15:00,2.7,3.008375267417014
2018-09-25 21:30:00,2.77,2.990857849286761
2018-09-25 21:45:00,3.46,2.9166744730674035
2018-09-25 22:00:00,2.88,2.8414157714698383
2018-09-25 22:15:00,2.59,2.7684882520326775
2018-09-25 22:30:00,2.56,3.053305294129951
2018-09-25 22:45:00,2.63,3.0113616968549954
2018-09-25 23:00:00,2.56,2.533483239789582
2018-09-25 23:15:00,2.63,2.5538823587385613
2018-09-25 23:30:00,3.13,2.5538823587385613
2018-09-25 23:45:00,2.48,2.765009114893388
2018-09-26 00:00:00,2.56,2.8585654920299937
2018-09-26 00:15:00,2.66,2.8550019035561762
2018-09-26 00:30:00,2.63,2.8550019035561762
2018-09-26 00:45:00,2.66,2.439184670378608
2018-09-26 01:00:00,2.63,2.4650069940873465
2018-09-26 01:15:00,2.59,2.432356459943439
2018-09-26 01:30:00,2.59,2.432356459943439
2018-09-26 01:45:00,2.66,2.758180904458219
2018-09-26 02:00:00,2.59,2.848173693121007
2018-09-26 02:15:00,2.56,2.785726248277817
2018-09-26 02:30:00,2.77,2.758180904458219
2018-09-26 02:45:00,3.17,2.432356459943439
2018-09-26 03:00:00,2.81,2.4537114661480994
2018-09-26 03:15:00,2.63,3.135990022134855
2018-09-26 03:30:00,3.13,2.4990246991136416
2018-09-26 03:45:00,2.92,2.5432585974515005
2018-09-26 04:00:00,2.59,2.643997813325726
2018-09-26 04:15:00,2.56,2.52484702282238
2018-09-26 04:30:00,2.59,2.8293164611324992
2018-09-26 04:45:00,2.56,2.803494137423761
2018-09-26 05:00:00,2.63,2.5034920166177193
2018-09-26 05:15:00,2.56,2.954885638732169
2018-09-26 05:30:00,2.63,2.9859349386421568
2018-09-26 05:45:00,2.56,2.902057268717472
2018-09-26 06:00:00,2.48,2.477669692908981
2018-09-26 06:15:00,2.52,2.477669692908981
2018-09-26 06:30:00,2.52,2.477669692908981
2018-09-26 06:45:00,2.59,2.428812849706388
2018-09-26 07:00:00,2.52,2.428812849706388
2018-09-26 07:15:00,2.56,2.5531957946782153
2018-09-26 07:30:00,2.56,2.9293426438873436
2018-09-26 07:45:00,3.13,1.9859064406613671
2018-09-26 08:00:00,3.02,14.840088886299636
2018-09-26 08:15:00,2.74,25.65510479014472
2018-09-26 08:30:00,2.48,3.1502481944651666
2018-09-26 08:45:00,2.59,3.265986815035236
2018-09-26 09:00:00,2.63,3.404830778876762
2018-09-26 09:15:00,2.63,3.6131608945358504
2018-09-26 09:30:00,2.66,2.7018657561119213
2018-09-26 09:45:00,2.63,2.7264245519935315
2018-09-26 10:00:00,2.74,3.0769974112179446
2018-09-26 10:15:00,2.63,2.283393640697868
2018-09-26 10:30:00,2.63,2.7867400620568143
2018-09-26 10:45:00,2.59,2.233879379054373
2018-09-26 11:00:00,2.59,2.222285502085998
2018-09-26 11:15:00,3.2,2.7713743300840954
2018-09-26 11:30:00,3.2,2.952115534209723
2018-09-26 11:45:00,3.24,3.000522890025884
2018-09-26 12:00:00,2.81,2.544551023267834
2018-09-26 12:15:00,2.7,2.4508559333888735
2018-09-26 12:30:00,2.74,2.593582845165951
2018-09-26 12:45:00,2.81,2.845622772902302
2018-09-26 13:00:00,2.74,2.5515576597460194
2018-09-26 13:15:00,2.7,5.482927171720655
2018-09-26 13:30:00,2.7,2.8923720981011862
2018-09-26 13:45:00,2.59,3.3679872827490573
2018-09-26 14:00:00,2.59,3.3679872827490573
2018-09-26 14:15:00,2.59,2.965743864971021
2018-09-26 14:30:00,2.59,2.6566397615418245
2018-09-26 14:45:00,2.66,2.8895083639844388
2018-09-26 15:00:00,3.24,2.8911736420676757
2018-09-26 15:15:00,2.77,2.462050737781449
2018-09-26 15:30:00,2.59,2.523991383459796
2018-09-26 15:45:00,2.59,2.549690703957692
2018-09-26 16:00:00,2.56,3.0132518781080866
2018-09-26 16:15:00,2.59,3.4444356524027557
2018-09-26 16:30:00,2.52,3.7139378054178978
2018-09-26 16:45:00,2.66,2.415869818823716
2018-09-26 17:00:00,2.59,3.7133875180866722
2018-09-26 17:15:00,2.59,3.4378197233600147
2018-09-26 17:30:00,3.17,2.7578494580420574
2018-09-26 17:45:00,3.02,2.426668914186899
2018-09-26 18:00:00,2.52,3.500475417805449
2018-09-26 18:15:00,2.59,3.2334805218837297
2018-09-26 18:30:00,3.31,3.030843182229308
2018-09-26 18:45:00,2.7,3.0622917658345274
2018-09-26 19:00:00,2.66,3.8073500426694133
2018-09-26 19:15:00,2.66,3.0153088367071974
2018-09-26 19:30:00,2.74,3.0249279115356904
2018-09-26 19:45:00,2.74,3.0569919918372546
2018-09-26 20:00:00,2.66,3.099111287755048
2018-09-26 20:15:00,2.63,2.887221765094935
2018-09-26 20:30:00,2.66,2.8721813402551972
2018-09-26 20:45:00,2.7,2.923481815091881
2018-09-26 21:00:00,2.63,2.827581990917741
2018-09-26 21:15:00,2.92,2.801217271251312
2018-09-26 21:30:00,3.28,2.9166744730674035
2018-09-26 21:45:00,2.74,3.000476924115254
2018-09-26 22:00:00,2.56,3.134532448627602
2018-09-26 22:15:00,2.63,2.4605396765832688
2018-09-26 22:30:00,3.17,2.439184670378608
2018-09-26 22:45:00,2.7,2.4650069940873465
2018-09-26 23:00:00,2.45,2.744537539158772
2018-09-26 23:15:00,2.45,2.439184670378608
2018-09-26 23:30:00,2.45,2.8550019035561762
2018-09-26 23:45:00,2.84,2.528060035029823
2018-09-27 00:00:00,2.48,2.4190630025062703
2018-09-27 00:15:00,2.48,2.7404201295169726
2018-09-27 00:30:00,2.59,2.482116043448747
2018-09-27 00:45:00,3.1,2.719065123312312
2018-09-27 01:00:00,2.74,2.393240678797532
2018-09-27 01:15:00,2.56,2.5057911692077064
2018-09-27 01:30:00,2.52,2.4077674745670232
2018-09-27 01:45:00,2.52,2.7122369128771426
2018-09-27 02:00:00,2.56,2.3864124683623626
2018-09-27 02:15:00,2.52,2.412234792071101
2018-09-27 02:30:00,2.52,2.7397822566967407
2018-09-27 02:45:00,2.7,2.8022297015399307
2018-09-27 03:00:00,3.2,2.872472613682081
2018-09-27 03:15:00,2.81,2.4317257013279048
2018-09-27 03:30:00,2.52,3.1886091618474897
2018-09-27 03:45:00,2.56,2.8774682833410563
2018-09-27 04:00:00,2.52,2.4317257013279048
2018-09-27 04:15:00,2.52,2.4317257013279048
2018-09-27 04:30:00,2.52,2.5231369295791626
2018-09-27 04:45:00,3.17,2.457548025036643
2018-09-27 05:00:00,2.66,2.4317257013279048
2018-09-27 05:15:00,2.56,2.8639105636321873
2018-09-27 05:30:00,2.52,2.4317257013279048
2018-09-27 05:45:00,2.45,2.4317257013279048
2018-09-27 06:00:00,2.45,2.4317257013279048
2018-09-27 06:15:00,2.48,2.457548025036643
2018-09-27 06:30:00,2.48,2.4317257013279048
2018-09-27 06:45:00,2.45,2.382868858125312
2018-09-27 07:00:00,2.48,2.382868858125312
2018-09-27 07:15:00,2.84,2.507251803097139
2018-09-27 07:30:00,7.99,2.699990413323537
2018-09-27 07:45:00,9.04,2.7998141093199447
2018-09-27 08:00:00,28.04,32.05448435975257
2018-09-27 08:15:00,49.46,59.96889630544457
2018-09-27 08:30:00,56.41,65.6316831624863
2018-09-27 08:45:00,40.75,68.6467982855716
2018-09-27 09:00:00,47.16,61.95293196286559
2018-09-27 09:15:00,46.91,47.38015105327731
2018-09-27 09:30:00,54.72,53.67213118674482
2018-09-27 09:45:00,57.78,47.13269152811358
2018-09-27 10:00:00,48.38,52.997442640895144
2018-09-27 10:15:00,57.82,59.21052532298589
2018-09-27 10:30:00,62.06,56.09271153956495
2018-09-27 10:45:00,57.49,63.06141506018956
2018-09-27 11:00:00,51.8,61.44935765369219
2018-09-27 11:15:00,44.28,62.80784644008377
2018-09-27 11:30:00,48.96,54.85415560184951
2018-09-27 11:45:00,54.0,35.765356578155135
2018-09-27 12:00:00,3.89,15.919367150474622
2018-09-27 12:15:00,3.67,12.370537940336733
2018-09-27 12:30:00,3.49,8.196094668212949
2018-09-27 12:45:00,4.07,9.701332007909851
2018-09-27 13:00:00,25.85,21.141191591134955
2018-09-27 13:15:00,61.02,42.45843218830573
2018-09-27 13:30:00,52.85,53.491529810528114
2018-09-27 13:45:00,60.62,60.720115223082665
2018-09-27 14:00:00,121.46,57.468785021623155
2018-09-27 14:15:00,127.62,59.46810277908711
2018-09-27 14:30:00,71.14,86.59073782986037
2018-09-27 14:45:00,112.46,91.00674289573142
2018-09-27 15:00:00,110.05,72.93707197643387
2018-09-27 15:15:00,96.01,80.85538042049967
2018-09-27 15:30:00,115.24,77.60978422695828
2018-09-27 15:45:00,82.19,71.40284857934019
2018-09-27 16:00:00,61.63,73.64793453875815
2018-09-27 16:15:00,60.73,70.36075109206352
2018-09-27 16:30:00,48.53,79.73030099710638
2018-09-27 16:45:00,49.07,58.40997797722571
2018-09-27 17:00:00,54.32,55.562562473398025
2018-09-27 17:15:00,59.62,63.42643921926835
2018-09-27 17:30:00,34.81,32.246243276491626
2018-09-27 17:45:00,27.32,27.46207169383458
2018-09-27 18:00:00,32.22,40.60861642505929
2018-09-27 18:15:00,40.86,51.77621546103659
2018-09-27 18:30:00,36.18,50.63031818713525
2018-09-27 18:45:00,31.75,47.09034055037458
2018-09-27 19:00:00,37.76,44.51465438369555
2018-09-27 19:15:00,31.79,45.01931405413629
2018-09-27 19:30:00,36.4,47.59492007937147
2018-09-27 19:45:00,40.32,38.2212985549197
2018-09-27 20:00:00,34.34,36.54122583086155
2018-09-27 20:15:00,34.92,35.78075966584875
2018-09-27 20:30:00,39.64,32.387764113477765
2018-09-27 20:45:00,19.04,18.674599342076345
2018-09-27 21:00:00,7.49,13.20910415569796
2018-09-27 21:15:00,5.26,4.672916918554208
2018-09-27 21:30:00,3.78,6.689514755394264
2018-09-27 21:45:00,3.78,3.9660757043513764
2018-09-27 22:00:00,3.49,3.599767708296153
2018-09-27 22:15:00,3.46,3.599767708296153
2018-09-27 22:30:00,3.46,3.7272778882092723
2018-09-27 22:45:00,3.42,3.3336557858710725
2018-09-27 23:00:00,3.31,3.3336557858710725
2018-09-27 23:15:00,2.77,3.367479500150498
2018-09-27 23:30:00,2.77,3.367479500150498
2018-09-27 23:45:00,3.13,3.1374274316012647
2018-09-28 00:00:00,2.77,2.914536218093823
2018-09-28 00:15:00,2.81,2.986737589025768
2018-09-28 00:30:00,2.84,2.9022413542812413
2018-09-28 00:45:00,2.95,3.1180079880267924
2018-09-28 01:00:00,2.88,2.8492198214368853
2018-09-28 01:15:00,2.92,2.9073044049697496
2018-09-28 01:30:00,3.02,2.842391611001716
2018-09-28 01:45:00,2.99,2.868598904519303
2018-09-28 02:00:00,3.38,2.9024107609894525
2018-09-28 02:15:00,4.1,2.9024107609894525
2018-09-28 02:30:00,3.17,3.1091099963943205
2018-09-28 02:45:00,2.99,3.4893496602015146
2018-09-28 03:00:00,2.95,3.2994870951596105
2018-09-28 03:15:00,2.95,3.7259237023064857
2018-09-28 03:30:00,2.95,3.044595995422179
2018-09-28 03:45:00,2.88,2.9477239939549946
2018-09-28 04:00:00,2.95,2.98523790613836
2018-09-28 04:15:00,3.02,2.913912137484845
2018-09-28 04:30:00,2.95,2.9477239939549946
2018-09-28 04:45:00,2.92,3.0732931715546643
2018-09-28 05:00:00,2.95,2.9477239939549946
2018-09-28 05:15:00,2.99,2.913912137484845
2018-09-28 05:30:00,2.95,2.9477239939549946
2018-09-28 05:45:00,3.64,2.9477239939549946
2018-09-28 06:00:00,3.85,2.98523790613836
2018-09-28 06:15:00,3.17,3.1796272039449365
2018-09-28 06:30:00,2.88,3.399969808574213
2018-09-28 06:45:00,2.84,3.15616459690709
2018-09-28 07:00:00,2.92,2.9619272957494367
2018-09-28 07:15:00,3.06,3.197178650579719
2018-09-28 07:30:00,3.2,4.134451249447546
2018-09-28 07:45:00,3.02,3.724853575225395
2018-09-28 08:00:00,28.48,31.130910240307475
2018-09-28 08:15:00,38.59,27.480467574759658
2018-09-28 08:30:00,55.51,58.802081049570546
2018-09-28 08:45:00,58.03,45.891713878801404
2018-09-28 09:00:00,54.36,53.909349641321924
2018-09-28 09:15:00,60.3,57.39652412167615
2018-09-28 09:30:00,60.12,54.39921435517189
2018-09-28 09:45:00,47.2,53.84587050647991
2018-09-28 10:00:00,49.32,52.72319332922501
2018-09-28 10:15:00,53.14,51.86932247896956
2018-09-28 10:30:00,52.6,51.682590831339056
2018-09-28 10:45:00,59.69,57.74610445840127
2018-09-28 11:00:00,50.26,55.436553177404804
2018-09-28 11:15:00,56.77,57.055635980802904
2018-09-28 11:30:00,50.72,50.35927388355149
2018-09-28 11:45:00,46.12,46.37488443679125
2018-09-28 12:00:00,6.12,11.261566110200157
2018-09-28 12:15:00,5.26,8.215919119757416
2018-09-28 12:30:00,4.0,4.170801274115472
2018-09-28 12:45:00,3.64,5.127673677690796
2018-09-28 13:00:00,26.57,29.349731921929745
2018-09-28 13:15:00,43.67,38.78392580728928
2018-09-28 13:30:00,55.58,44.17899723693641
2018-09-28 13:45:00,64.87,44.95056308115045
2018-09-28 14:00:00,41.72,55.53227255666355
2018-09-28 14:15:00,39.1,60.5515085998267
2018-09-28 14:30:00,53.68,41.6022173809405
2018-09-28 14:45:00,55.04,37.60259051549948
2018-09-28 15:00:00,38.52,48.24993712005564
2018-09-28 15:15:00,56.81,48.76233988260572
2018-09-28 15:30:00,56.66,38.45934251628331
2018-09-28 15:45:00,44.71,48.38123124632324
2018-09-28 16:00:00,38.74,51.10788390186812
2018-09-28 16:15:00,45.36,38.84426276276075
2018-09-28 16:30:00,50.18,40.265600924452606
2018-09-28 16:45:00,58.25,36.20694150918755
2018-09-28 17:00:00,46.76,37.41186386986482
2018-09-28 17:15:00,51.48,44.22139708080408
2018-09-28 17:30:00,33.41,26.83142560407536
2018-09-28 17:45:00,27.25,25.146382761991294
2018-09-28 18:00:00,29.52,31.49470807886655
2018-09-28 18:15:00,37.87,27.271398693365647
2018-09-28 18:30:00,38.12,39.91708908419667
2018-09-28 18:45:00,38.63,37.86579565615525
2018-09-28 19:00:00,38.38,40.333815162306095
2018-09-28 19:15:00,29.45,36.333317123738574
2018-09-28 19:30:00,36.58,38.26794095797861
2018-09-28 19:45:00,35.32,34.68309950861548
2018-09-28 20:00:00,35.24,37.38543830052995
2018-09-28 20:15:00,33.16,34.88825031690931
2018-09-28 20:30:00,21.67,31.280271738621273
2018-09-28 20:45:00,7.85,18.71844855117005
2018-09-28 21:00:00,6.19,3.3623007722363374
2018-09-28 21:15:00,3.56,5.749700794633601
2018-09-28 21:30:00,3.6,4.197193112455248
2018-09-28 21:45:00,3.53,2.8478146113828036
2018-09-28 22:00:00,3.24,3.3405173006959274
2018-09-28 22:15:00,3.17,3.2819602816576725
2018-09-28 22:30:00,3.2,3.3514604272219635
2018-09-28 22:45:00,3.17,3.130019643524352
2018-09-28 23:00:00,3.1,3.130019643524352
2018-09-28 23:15:00,3.1,3.1851460711432686
2018-09-28 23:30:00,3.13,2.8747123740816565
2018-09-28 23:45:00,2.56,2.9371598189248465
2018-09-29 00:00:00,2.7,2.8747123740816565
2018-09-29 00:15:00,2.48,2.7561505816113123
2018-09-29 00:30:00,2.45,2.8185980264545023
2018-09-29 00:45:00,2.56,2.7966774311080305
2018-09-29 01:00:00,2.59,2.7966774311080305
2018-09-29 01:15:00,3.17,2.737020850658164
2018-09-29 01:30:00,2.95,2.732127206677867
2018-09-29 01:45:00,2.52,2.993993304757545
2018-09-29 02:00:00,2.52,2.787294069352677
2018-09-29 02:15:00,2.59,2.8017634130563596
2018-09-29 02:30:00,2.48,2.732127206677867
2018-09-29 02:45:00,2.52,2.784955576692564
2018-09-29 03:00:00,2.59,2.793525919323487
2018-09-29 03:15:00,2.59,2.7310803391926446
2018-09-29 03:30:00,2.59,2.7310803391926446
2018-09-29 03:45:00,2.59,2.7310803391926446
2018-09-29 04:00:00,2.52,2.7310803391926446
2018-09-29 04:15:00,2.77,2.7310803391926446
2018-09-29 04:30:00,3.17,2.7310803391926446
2018-09-29 04:45:00,2.56,2.752435345397305
2018-09-29 05:00:00,2.59,2.9929464372723227
2018-09-29 05:15:00,2.59,2.7310803391926446
2018-09-29 05:30:00,2.56,2.7310803391926446
2018-09-29 05:45:00,2.56,2.82244397808795
2018-09-29 06:00:00,2.52,2.853544915585834
2018-09-29 06:15:00,2.56,2.7310803391926446
2018-09-29 06:30:00,2.59,2.7310803391926446
2018-09-29 06:45:00,2.74,2.682223495990052
2018-09-29 07:00:00,3.13,2.682223495990052
2018-09-29 07:15:00,3.02,2.770031767677873
2018-09-29 07:30:00,2.66,2.893540324120431
2018-09-29 07:45:00,3.06,3.011641879074073
2018-09-29 08:00:00,21.85,9.823051798857636
2018-09-29 08:15:00,47.3,9.867896034357656
2018-09-29 08:30:00,45.65,23.75281317799549
2018-09-29 08:45:00,41.9,47.21672679671631
2018-09-29 09:00:00,44.46,40.76095024296418
2018-09-29 09:15:00,47.41,39.782330313669256
2018-09-29 09:30:00,47.23,38.209938770349424
2018-09-29 09:45:00,37.87,40.571632449765644
2018-09-29 10:00:00,47.74,41.19757392307075
2018-09-29 10:15:00,44.5,39.54067324707326
2018-09-29 10:30:00,42.3,43.5954298097985
2018-09-29 10:45:00,44.14,44.45683738937896
2018-09-29 11:00:00,48.02,42.22105985464259
2018-09-29 11:15:00,49.14,41.419939468547135
2018-09-29 11:30:00,44.5,41.34129632154213
2018-09-29 11:45:00,32.47,31.669577236856792
2018-09-29 12:00:00,3.42,4.573650845099978
2018-09-29 12:15:00,3.28,7.282721726676932
2018-09-29 12:30:00,3.38,4.389572553520118
2018-09-29 12:45:00,4.5,5.505607296100563
2018-09-29 13:00:00,19.51,15.613102302120877
2018-09-29 13:15:00,47.59,33.56961642519931
2018-09-29 13:30:00,47.48,39.26609455153015
2018-09-29 13:45:00,35.03,39.45167597983293
2018-09-29 14:00:00,34.6,40.373123073563555
2018-09-29 14:15:00,46.58,34.34909945639148
2018-09-29 14:30:00,47.88,35.00264886238289
2018-09-29 14:45:00,34.49,37.67206744252133
2018-09-29 15:00:00,34.92,41.0308516023452
2018-09-29 15:15:00,50.62,33.10106695096192
2018-09-29 15:30:00,36.14,33.93273063876335
2018-09-29 15:45:00,35.93,41.331649201663105
2018-09-29 16:00:00,51.59,33.73526824166064
2018-09-29 16:15:00,35.32,32.805623248716685
2018-09-29 16:30:00,24.12,37.67564914035362
2018-09-29 16:45:00,4.97,20.42569748918053
2018-09-29 17:00:00,3.6,0.0
2018-09-29 17:15:00,3.46,5.583345599090354
2018-09-29 17:30:00,3.49,2.3083278222208135
2018-09-29 17:45:00,3.38,3.4957450680606796
2018-09-29 18:00:00,3.35,3.650525689192101
2018-09-29 18:15:00,3.42,3.5150438105408175
2018-09-29 18:30:00,3.46,3.4415788614120006
2018-09-29 18:45:00,3.49,3.3645312280116424
2018-09-29 19:00:00,3.49,3.3845323272986163
2018-09-29 19:15:00,3.46,3.5355092504152017
2018-09-29 19:30:00,3.42,3.3812300581946406
2018-09-29 19:45:00,3.42,3.491137813650095
2018-09-29 20:00:00,3.46,3.4012311574816145
2018-09-29 20:15:00,3.53,3.507146669570751
2018-09-29 20:30:00,3.38,3.560319846292903
2018-09-29 20:45:00,2.81,3.191241383858072
2018-09-29 21:00:00,2.81,3.172643232383986
2018-09-29 21:15:00,2.81,2.9272384965286715
2018-09-29 21:30:00,2.81,2.933826750698686
2018-09-29 21:45:00,2.81,2.9088213353649475
2018-09-29 22:00:00,3.13,2.826890265173873
2018-09-29 22:15:00,3.28,2.826890265173873
2018-09-29 22:30:00,2.59,2.899091636105818
2018-09-29 22:45:00,2.59,3.0674013570488907
2018-09-29 23:00:00,2.59,2.8055352589692126
2018-09-29 23:15:00,2.56,2.8055352589692126
2018-09-29 23:30:00,2.52,2.8055352589692126
2018-09-29 23:45:00,2.74,2.688536424000466
2018-09-30 00:00:00,3.02,2.708658091872804
2018-09-30 00:15:00,2.81,2.7300130980774644
2018-09-30 00:30:00,2.63,2.763824954547614
2018-09-30 00:45:00,2.56,2.7300130980774644
2018-09-30 01:00:00,2.56,2.708658091872804
2018-09-30 01:15:00,2.59,2.7918226701004225
2018-09-30 01:30:00,2.56,2.8446510401151195
2018-09-30 01:45:00,2.56,2.7276522051463727
2018-09-30 02:00:00,2.63,2.7018298814376345
2018-09-30 02:15:00,2.56,2.7018298814376345
2018-09-30 02:30:00,2.56,2.7018298814376345
2018-09-30 02:45:00,2.63,2.7018298814376345
2018-09-30 03:00:00,2.59,2.7018298814376345
2018-09-30 03:15:00,2.56,2.692212671321489
2018-09-30 03:30:00,3.13,2.692212671321489
2018-09-30 03:45:00,2.88,2.692212671321489
2018-09-30 04:00:00,3.1,2.7857690484580946
2018-09-30 04:15:00,3.02,2.7496833639766707
2018-09-30 04:30:00,2.52,2.8843321797518056
2018-09-30 04:45:00,2.63,2.747379533996299
2018-09-30 05:00:00,2.66,2.7180349950302274
2018-09-30 05:15:00,2.52,2.7180349950302274
2018-09-30 05:30:00,2.59,2.7180349950302274
2018-09-30 05:45:00,2.52,2.7180349950302274
2018-09-30 06:00:00,2.52,2.692212671321489
2018-09-30 06:15:00,2.56,2.692212671321489
2018-09-30 06:30:00,2.56,2.692212671321489
2018-09-30 06:45:00,2.59,2.6433558281188967
2018-09-30 07:00:00,2.52,2.7419189594126077
2018-09-30 07:15:00,2.95,2.711561940126504
2018-09-30 07:30:00,2.95,2.6643059943434064
2018-09-30 07:45:00,2.59,2.4514590541504355
2018-09-30 08:00:00,2.56,8.870143336286578
2018-09-30 08:15:00,2.52,11.46186053356158
2018-09-30 08:30:00,2.63,4.004200731688977
2018-09-30 08:45:00,2.74,3.149530429092684
2018-09-30 09:00:00,3.02,4.299887877024757
2018-09-30 09:15:00,3.46,4.608678648107995
2018-09-30 09:30:00,2.81,4.647016502853603
2018-09-30 09:45:00,2.77,4.690991261101263
2018-09-30 10:00:00,2.74,4.570406873097069
2018-09-30 10:15:00,2.74,4.570406873097069
2018-09-30 10:30:00,2.74,4.570046008762917
2018-09-30 10:45:00,2.74,4.132344306951903
2018-09-30 11:00:00,2.7,4.139172517387072
2018-09-30 11:15:00,2.7,4.0423004151821536
2018-09-30 11:30:00,2.74,3.891690979987559
2018-09-30 11:45:00,3.02,3.3096851266672256
2018-09-30 12:00:00,3.31,3.047756151639684
2018-09-30 12:15:00,2.77,2.88129064206488
2018-09-30 12:30:00,2.81,2.8514433229670306
2018-09-30 12:45:00,2.77,2.798832192293291
2018-09-30 13:00:00,2.7,3.066385613179516
2018-09-30 13:15:00,2.66,4.336469053714395
2018-09-30 13:30:00,2.74,3.2847818606083146
2018-09-30 13:45:00,2.74,3.542418205168242
2018-09-30 14:00:00,2.74,3.5520763755844014
2018-09-30 14:15:00,2.95,4.670051646780349
2018-09-30 14:30:00,3.38,3.4980696726720226
2018-09-30 14:45:00,2.95,3.5438363657350735
2018-09-30 15:00:00,2.7,3.691847749602832
2018-09-30 15:15:00,2.7,4.54557817618477
2018-09-30 15:30:00,2.7,3.488669503060264
2018-09-30 15:45:00,2.74,3.6176312277086096
2018-09-30 16:00:00,2.95,2.98540359605658
2018-09-30 16:15:00,3.31,3.0479601234318987
2018-09-30 16:30:00,2.66,3.4132188541559407
2018-09-30 16:45:00,2.7,3.1457900141543376
2018-09-30 17:00:00,2.7,2.6980565555266742
2018-09-30 17:15:00,2.7,2.6284203491481817
2018-09-30 17:30:00,2.7,2.7088152582537974
2018-09-30 17:45:00,2.74,2.854302464242749
2018-09-30 18:00:00,2.63,2.8227408072687408
2018-09-30 18:15:00,2.66,2.9153455634882386
2018-09-30 18:30:00,2.77,2.7589815328307323
2018-09-30 18:45:00,2.77,2.7634790740413777
2018-09-30 19:00:00,2.95,2.7848340802460383
2018-09-30 19:15:00,3.35,2.7976449021571645
2018-09-30 19:30:00,2.99,2.8218753392425606
2018-09-30 19:45:00,3.46,3.1351568508134218
2018-09-30 20:00:00,2.74,2.8436027717593735
2018-09-30 20:15:00,2.7,3.157198868720324
2018-09-30 20:30:00,2.77,2.9042759297873335
2018-09-30 20:45:00,2.77,2.7730211932203255
2018-09-30 21:00:00,2.77,2.811326697858937
2018-09-30 21:15:00,2.77,2.779262617557373
2018-09-30 21:30:00,2.74,2.7452777415565417
2018-09-30 21:45:00,2.77,2.7452777415565417
2018-09-30 22:00:00,2.59,2.8294526189165445
2018-09-30 22:15:00,3.17,2.8294526189165445
2018-09-30 22:30:00,2.81,2.3652743332283572
2018-09-30 22:45:00,2.59,2.6271404313080353
2018-09-30 23:00:00,2.56,2.418884611234799
2018-09-30 23:15:00,2.52,2.3427108894115376
2018-09-30 23:30:00,2.59,2.370552947017503
2018-09-30 23:45:00,2.56,2.7221997152410213
