interval_start,energy,prediction
2018-07-01 00:00:00,2.81,3.305214823561379
2018-07-01 00:15:00,2.81,3.1489945650762974
2018-07-01 00:30:00,2.95,3.0456804067271874
2018-07-01 00:45:00,2.81,3.062716169124358
2018-07-01 01:00:00,2.88,3.037999996748707
2018-07-01 01:15:00,2.88,3.0238765479119456
2018-07-01 01:30:00,2.84,2.9941486028150988
2018-07-01 01:45:00,2.84,3.0327956817090578
2018-07-01 02:00:00,2.92,3.0238765479119456
2018-07-01 02:15:00,2.84,2.9941486028150988
2018-07-01 02:30:00,2.88,2.9941486028150988
2018-07-01 02:45:00,2.84,3.029725281238639
2018-07-01 03:00:00,3.67,2.997489763030394
2018-07-01 03:15:00,3.85,3.0509557010707837
2018-07-01 03:30:00,2.88,3.509769883112808
2018-07-01 03:45:00,2.81,3.7109481932121575
2018-07-01 04:00:00,2.81,2.792357056512157
2018-07-01 04:15:00,2.81,3.0747193195485716
2018-07-01 04:30:00,2.81,3.1878548097435595
2018-07-01 04:45:00,2.84,3.0867412599452044
2018-07-01 05:00:00,2.74,3.0502507431143373
2018-07-01 05:15:00,2.77,3.098708123670785
2018-07-01 05:30:00,2.81,3.098708123670785
2018-07-01 05:45:00,2.81,3.0593817825332428
2018-07-01 06:00:00,2.77,3.0271462643249976
2018-07-01 06:15:00,2.81,3.006461821630354
2018-07-01 06:30:00,2.74,3.006461821630354
2018-07-01 06:45:00,2.74,3.006461821630354
2018-07-01 07:00:00,2.7,3.038697339838599
2018-07-01 07:15:00,2.74,3.006461821630354
2018-07-01 07:30:00,3.28,3.161800276602623
2018-07-01 07:45:00,3.06,3.916695736273373
2018-07-01 08:00:00,3.38,19.682670015885133
2018-07-01 08:15:00,2.74,9.288689042628476
2018-07-01 08:30:00,2.66,4.355445517820366
2018-07-01 08:45:00,2.84,3.0295875756466297
2018-07-01 09:00:00,2.99,3.372354559936536
2018-07-01 09:15:00,3.1,3.44251058859839
2018-07-01 09:30:00,2.99,3.9677219942299082
2018-07-01 09:45:00,2.99,3.7924390369528105
2018-07-01 10:00:00,3.02,3.7628869770178714
2018-07-01 10:15:00,3.02,3.779922739415042
2018-07-01 10:30:00,2.99,3.734563946941038
2018-07-01 10:45:00,3.06,3.2206296473199614
2018-07-01 11:00:00,3.35,3.2412265529979027
2018-07-01 11:15:00,3.02,3.389360921013136
2018-07-01 11:30:00,2.84,3.4270321418170475
2018-07-01 11:45:00,2.81,3.570940670476239
2018-07-01 12:00:00,2.95,3.1788842287280015
2018-07-01 12:15:00,3.13,3.481067785805022
2018-07-01 12:30:00,3.1,3.3036554387354267
2018-07-01 12:45:00,3.06,3.3580181740680417
2018-07-01 13:00:00,3.42,3.2956565955229067
2018-07-01 13:15:00,3.6,3.9365593208448724
2018-07-01 13:30:00,2.99,4.04995302291054
2018-07-01 13:45:00,2.95,4.041817934204078
2018-07-01 14:00:00,2.99,3.8349769579457544
2018-07-01 14:15:00,2.99,3.7801346450368354
2018-07-01 14:30:00,3.02,3.834859577727577
2018-07-01 14:45:00,2.99,3.8350368379373476
2018-07-01 15:00:00,2.99,3.629096706436865
2018-07-01 15:15:00,3.56,3.502294131179269
2018-07-01 15:30:00,3.17,3.502294131179269
2018-07-01 15:45:00,2.92,3.6499788235880493
2018-07-01 16:00:00,2.92,3.5533459850083986
2018-07-01 16:15:00,2.95,2.6241494390353726
2018-07-01 16:30:00,2.95,2.822175449864864
2018-07-01 16:45:00,2.95,2.809446658877998
2018-07-01 17:00:00,2.99,2.800179638877686
2018-07-01 17:15:00,2.99,2.7860561900409246
2018-07-01 17:30:00,2.95,2.801361079956861
2018-07-01 17:45:00,3.06,2.801361079956861
2018-07-01 18:00:00,2.88,2.869250159135122
2018-07-01 18:15:00,2.84,3.0789801056153294
2018-07-01 18:30:00,3.06,3.0972998146187702
2018-07-01 18:45:00,3.74,3.0802640522215996
2018-07-01 19:00:00,3.56,3.1236854927328994
2018-07-01 19:15:00,3.53,3.4270513629709938
2018-07-01 19:30:00,3.02,3.335945918601091
2018-07-01 19:45:00,3.06,3.335503865345868
2018-07-01 20:00:00,3.06,3.1787591764504755
2018-07-01 20:15:00,3.1,2.9332447046999315
2018-07-01 20:30:00,3.06,3.233180573723006
2018-07-01 20:45:00,3.06,3.1355904812063686
2018-07-01 21:00:00,3.06,3.0432180056908855
2018-07-01 21:15:00,3.06,3.1000806939915755
2018-07-01 21:30:00,3.06,3.1000806939915755
2018-07-01 21:45:00,3.06,3.084775804075639
2018-07-01 22:00:00,2.99,3.1000806939915755
2018-07-01 22:15:00,2.88,3.1000806939915755
2018-07-01 22:30:00,2.84,3.0736950158774463
2018-07-01 22:45:00,2.81,3.0736950158774463
2018-07-01 23:00:00,3.35,3.0736950158774463
2018-07-01 23:15:00,2.92,3.095498874692688
2018-07-01 23:30:00,2.81,3.2364257556776406
2018-07-01 23:45:00,3.2,3.1489945650762974
2018-07-02 00:00:00,2.81,3.0678185132430382
2018-07-02 00:15:00,2.84,3.1966426371304912
2018-07-02 00:30:00,2.88,3.076105490890384
2018-07-02 00:45:00,3.28,3.061982042053623
2018-07-02 01:00:00,3.38,3.03096133526289
2018-07-02 01:15:00,2.88,3.2246587439785626
2018-07-02 01:30:00,2.92,3.276900090687734
2018-07-02 01:45:00,2.92,3.089209502208764
2018-07-02 02:00:00,2.92,3.069608414156849
2018-07-02 02:15:00,2.88,3.045084784099651
2018-07-02 02:30:00,2.92,3.065813909575583
2018-07-02 02:45:00,3.38,3.0495022512892596
2018-07-02 03:00:00,3.13,3.0796975530078963
2018-07-02 03:15:00,2.95,3.3821341140978394
2018-07-02 03:30:00,2.92,3.2308184254694847
2018-07-02 03:45:00,2.84,3.0616016317024988
2018-07-02 04:00:00,2.92,3.1036273290180976
2018-07-02 04:15:00,2.84,3.1352675663319536
2018-07-02 04:30:00,2.88,3.100102845059642
2018-07-02 04:45:00,2.88,3.0791587525838633
2018-07-02 05:00:00,2.88,3.1184850937214055
2018-07-02 05:15:00,2.84,3.1184850937214055
2018-07-02 05:30:00,2.88,3.0791587525838633
2018-07-02 05:45:00,2.84,3.0791587525838633
2018-07-02 06:00:00,2.81,3.0791587525838633
2018-07-02 06:15:00,2.81,3.0584743098892195
2018-07-02 06:30:00,3.42,3.0584743098892195
2018-07-02 06:45:00,3.78,3.0584743098892195
2018-07-02 07:00:00,3.06,3.316850386060562
2018-07-02 07:15:00,2.99,3.576826463552883
2018-07-02 07:30:00,3.02,3.315682519192578
2018-07-02 07:45:00,2.99,4.303717256485064
2018-07-02 08:00:00,18.61,26.682896863019845
2018-07-02 08:15:00,39.53,28.23622593577228
2018-07-02 08:30:00,44.89,54.04153988510811
2018-07-02 08:45:00,48.31,52.49777449487008
2018-07-02 09:00:00,51.3,55.463782828540865
2018-07-02 09:15:00,50.18,58.33563035463445
2018-07-02 09:30:00,61.85,57.35279992211636
2018-07-02 09:45:00,71.35,55.71237475385118
2018-07-02 10:00:00,72.68,55.94635842309524
2018-07-02 10:15:00,59.72,64.61061754945997
2018-07-02 10:30:00,59.11,71.33973014307558
2018-07-02 10:45:00,56.45,65.95170195277201
2018-07-02 11:00:00,70.52,66.09803847525785
2018-07-02 11:15:00,65.7,61.69016337862142
2018-07-02 11:30:00,70.7,61.10796788666512
2018-07-02 11:45:00,63.76,61.39336488573574
2018-07-02 12:00:00,8.24,9.987261573644764
2018-07-02 12:15:00,5.08,5.97633284500232
2018-07-02 12:30:00,5.58,5.7008764668633045
2018-07-02 12:45:00,5.51,6.274000306783321
2018-07-02 13:00:00,40.1,45.5685163212709
2018-07-02 13:15:00,61.81,59.935642760924466
2018-07-02 13:30:00,87.7,61.59930379479917
2018-07-02 13:45:00,69.12,68.25773578365072
2018-07-02 14:00:00,58.1,76.23727355713581
2018-07-02 14:15:00,56.77,74.40927843195753
2018-07-02 14:30:00,59.8,64.57969216760358
2018-07-02 14:45:00,57.28,62.6561862435857
2018-07-02 15:00:00,68.04,62.4639122712768
2018-07-02 15:15:00,63.54,62.004605015842
2018-07-02 15:30:00,70.31,64.69019950766642
2018-07-02 15:45:00,62.32,65.03849695141899
2018-07-02 16:00:00,53.1,66.10013721027941
2018-07-02 16:15:00,51.52,64.72399824895514
2018-07-02 16:30:00,49.75,60.528578624593386
2018-07-02 16:45:00,58.03,59.24524617682703
2018-07-02 17:00:00,57.24,52.38619203975951
2018-07-02 17:15:00,57.46,51.9970050075024
2018-07-02 17:30:00,34.7,37.19819664669205
2018-07-02 17:45:00,27.43,35.44387388164629
2018-07-02 18:00:00,31.68,40.38392641796094
2018-07-02 18:15:00,53.03,37.84415473883435
2018-07-02 18:30:00,40.5,46.4912699310465
2018-07-02 18:45:00,35.96,56.63689387016355
2018-07-02 19:00:00,40.18,42.75771171355077
2018-07-02 19:15:00,44.57,38.98293646662791
2018-07-02 19:30:00,44.5,46.101149542579705
2018-07-02 19:45:00,45.43,48.271052905171715
2018-07-02 20:00:00,46.08,46.99194588620897
2018-07-02 20:15:00,46.62,45.922947076461774
2018-07-02 20:30:00,47.63,38.07136256937391
2018-07-02 20:45:00,18.14,19.372653795353234
2018-07-02 21:00:00,4.46,15.822856464116361
2018-07-02 21:15:00,3.82,3.287177050309737
2018-07-02 21:30:00,3.78,3.303911562705691
2018-07-02 21:45:00,3.82,2.9405385398273722
2018-07-02 22:00:00,3.71,4.130500838562096
2018-07-02 22:15:00,3.6,3.855972237836779
2018-07-02 22:30:00,3.46,3.6968333370643864
2018-07-02 22:45:00,3.46,3.6924394879367313
2018-07-02 23:00:00,3.46,3.688860245195883
2018-07-02 23:15:00,3.46,3.9509501820551747
2018-07-02 23:30:00,3.42,3.465027061280994
2018-07-02 23:45:00,3.42,3.4380808269020795
2018-07-03 00:00:00,2.84,3.431640879604587
2018-07-03 00:15:00,2.88,3.431640879604587
2018-07-03 00:30:00,2.95,3.2270829261553753
2018-07-03 00:45:00,2.92,3.1517989968123308
2018-07-03 01:00:00,3.38,3.2503730077005084
2018-07-03 01:15:00,3.2,3.1382466079681564
2018-07-03 01:30:00,2.7,3.2840768395878044
2018-07-03 01:45:00,2.77,3.3284913769549447
2018-07-03 02:00:00,2.81,3.0525726517596783
2018-07-03 02:15:00,2.81,3.0606892803597368
2018-07-03 02:30:00,2.84,3.089452151121166
2018-07-03 02:45:00,2.81,3.070446343765038
2018-07-03 03:00:00,2.84,3.0495022512892596
2018-07-03 03:15:00,2.81,3.1100590122589464
2018-07-03 03:30:00,3.06,3.1100590122589464
2018-07-03 03:45:00,3.24,3.038497152913159
2018-07-03 04:00:00,2.84,3.082990728339497
2018-07-03 04:15:00,2.81,3.318998336214511
2018-07-03 04:30:00,2.84,3.169911757776831
2018-07-03 04:45:00,2.81,3.1036273290180976
2018-07-03 05:00:00,2.81,3.0713918108098524
2018-07-03 05:15:00,2.81,3.100102845059642
2018-07-03 05:30:00,2.84,3.046923234375618
2018-07-03 05:45:00,2.77,3.1093540543025
2018-07-03 06:00:00,2.77,3.1093540543025
2018-07-03 06:15:00,2.77,3.049343270470314
2018-07-03 06:30:00,2.77,3.0262387916809743
2018-07-03 06:45:00,2.77,3.0584743098892195
2018-07-03 07:00:00,2.77,3.0501097091407203
2018-07-03 07:15:00,3.53,3.0501097091407203
2018-07-03 07:30:00,3.67,3.3470648841800426
2018-07-03 07:45:00,5.22,5.034863273669521
2018-07-03 08:00:00,30.42,36.149182136551254
2018-07-03 08:15:00,41.44,60.47650437252185
2018-07-03 08:30:00,48.31,54.55211077179486
2018-07-03 08:45:00,59.04,57.712360654889366
2018-07-03 09:00:00,60.62,60.92224527136531
2018-07-03 09:15:00,61.13,58.553427323921426
2018-07-03 09:30:00,71.82,61.457237436465
2018-07-03 09:45:00,62.71,57.27461473386739
2018-07-03 10:00:00,49.86,64.77897288019261
2018-07-03 10:15:00,46.73,65.1803245031193
2018-07-03 10:30:00,57.42,63.93282941323196
2018-07-03 10:45:00,59.83,60.30826798117726
2018-07-03 11:00:00,71.14,64.61007510563948
2018-07-03 11:15:00,54.4,62.21237972711473
2018-07-03 11:30:00,57.64,59.2612423800715
2018-07-03 11:45:00,66.67,57.74640988638521
2018-07-03 12:00:00,23.72,9.924104406200353
2018-07-03 12:15:00,4.1,7.657225014799117
2018-07-03 12:30:00,4.21,8.786042754170028
2018-07-03 12:45:00,4.79,7.135496940570842
2018-07-03 13:00:00,38.3,32.98083349433757
2018-07-03 13:15:00,66.17,68.5073987870264
2018-07-03 13:30:00,55.48,58.53944832681503
2018-07-03 13:45:00,57.35,76.27508678432656
2018-07-03 14:00:00,48.74,60.568889655267085
2018-07-03 14:15:00,52.78,58.602311876637906
2018-07-03 14:30:00,71.32,52.8756845442979
2018-07-03 14:45:00,53.82,61.56290952162218
2018-07-03 15:00:00,67.0,63.69507856794193
2018-07-03 15:15:00,56.74,59.64501792657491
2018-07-03 15:30:00,78.34,59.16866888802188
2018-07-03 15:45:00,105.66,61.60828382767801
2018-07-03 16:00:00,64.37,70.67951068851644
2018-07-03 16:15:00,66.74,88.59481203817946
2018-07-03 16:30:00,95.54,74.67285210567127
2018-07-03 16:45:00,113.26,69.8217194221883
2018-07-03 17:00:00,72.47,82.73086198796524
2018-07-03 17:15:00,73.48,96.36531848467524
2018-07-03 17:30:00,43.7,44.178957360356414
2018-07-03 17:45:00,31.43,46.488522205241786
2018-07-03 18:00:00,42.05,51.87892148736035
2018-07-03 18:15:00,70.2,65.10500487828274
2018-07-03 18:30:00,57.53,58.108788637543874
2018-07-03 18:45:00,71.21,72.03542332820834
2018-07-03 19:00:00,81.07,59.25149087606821
2018-07-03 19:15:00,103.36,70.35144530214689
2018-07-03 19:30:00,90.83,77.00527988504831
2018-07-03 19:45:00,109.73,88.99428201624579
2018-07-03 20:00:00,106.56,89.29568993710114
2018-07-03 20:15:00,76.1,86.31787961138923
2018-07-03 20:30:00,92.38,93.92211436538385
2018-07-03 20:45:00,77.04,63.34454483690921
2018-07-03 21:00:00,27.11,36.71738548221954
2018-07-03 21:15:00,27.79,41.942121776214144
2018-07-03 21:30:00,14.33,17.65230604040353
2018-07-03 21:45:00,4.18,19.253332794810074
2018-07-03 22:00:00,3.85,6.067418193414676
2018-07-03 22:15:00,3.53,5.219683857666758
2018-07-03 22:30:00,3.56,4.072367995524978
2018-07-03 22:45:00,3.6,3.6307989211362597
2018-07-03 23:00:00,3.46,3.6944672362309525
2018-07-03 23:15:00,3.46,3.8931219062085236
2018-07-03 23:30:00,3.49,3.904021485006158
2018-07-03 23:45:00,3.56,4.499647138122666
2018-07-04 00:00:00,3.2,3.5116339075731453
2018-07-04 00:15:00,2.81,3.5116339075731453
2018-07-04 00:30:00,3.24,3.491861609337739
2018-07-04 00:45:00,3.42,3.205292788557504
2018-07-04 01:00:00,2.95,3.4355584951770344
2018-07-04 01:15:00,2.84,3.524315103181974
2018-07-04 01:30:00,2.84,3.267779114461256
2018-07-04 01:45:00,2.81,3.195407498678621
2018-07-04 02:00:00,2.81,3.1383038819514186
2018-07-04 02:15:00,2.88,3.065355168753832
2018-07-04 02:30:00,2.92,3.0047658627374614
2018-07-04 02:45:00,2.84,3.079668882298544
2018-07-04 03:00:00,2.81,3.079668882298544
2018-07-04 03:15:00,2.84,3.0615729609931464
2018-07-04 03:30:00,2.84,3.0615729609931464
2018-07-04 03:45:00,2.92,3.0615729609931464
2018-07-04 04:00:00,2.81,3.03776352424736
2018-07-04 04:15:00,3.06,3.03776352424736
2018-07-04 04:30:00,3.42,3.0608680030367
2018-07-04 04:45:00,2.99,3.106066536419484
2018-07-04 05:00:00,2.81,3.3420741442944983
2018-07-04 05:15:00,2.84,3.160752047648573
2018-07-04 05:30:00,2.81,3.0944676188898397
2018-07-04 05:45:00,2.81,3.0944676188898397
2018-07-04 06:00:00,2.77,3.1245272026444577
2018-07-04 06:15:00,2.77,3.0170790815527164
2018-07-04 06:30:00,3.31,3.088640940898504
2018-07-04 06:45:00,3.42,3.088640940898504
2018-07-04 07:00:00,3.02,3.329472745657916
2018-07-04 07:15:00,3.13,3.3683192425754833
2018-07-04 07:30:00,3.53,3.620034312503457
2018-07-04 07:45:00,6.7,4.335762750778883
2018-07-04 08:00:00,56.09,40.42177026073994
2018-07-04 08:15:00,87.37,69.7674565960396
2018-07-04 08:30:00,93.85,75.18229590215566
2018-07-04 08:45:00,68.8,89.13210224297349
2018-07-04 09:00:00,118.98,87.54295163790714
2018-07-04 09:15:00,98.57,77.8807052984883
2018-07-04 09:30:00,116.06,89.2169859631617
2018-07-04 09:45:00,88.6,94.96889915876585
2018-07-04 10:00:00,86.62,94.29933644306725
2018-07-04 10:15:00,111.38,85.94600599874147
2018-07-04 10:30:00,90.36,84.85998821303588
2018-07-04 10:45:00,105.05,92.36169642987245
2018-07-04 11:00:00,91.4,89.72309303329797
2018-07-04 11:15:00,108.22,85.38194729056426
2018-07-04 11:30:00,67.07,93.40153287229928
2018-07-04 11:45:00,42.34,91.07501133835795
2018-07-04 12:00:00,8.1,13.868847610971804
2018-07-04 12:15:00,4.5,12.827441353494999
2018-07-04 12:30:00,5.26,5.264958593389152
2018-07-04 12:45:00,4.57,6.584439472711826
2018-07-04 13:00:00,24.26,45.84574257068079
2018-07-04 13:15:00,40.14,56.72546561845582
2018-07-04 13:30:00,38.63,75.58011491246575
2018-07-04 13:45:00,34.99,55.70361357501866
2018-07-04 14:00:00,35.93,46.57675764464522
2018-07-04 14:15:00,43.31,41.252491260868354
2018-07-04 14:30:00,35.78,42.672438833694514
2018-07-04 14:45:00,36.4,47.06475430692976
2018-07-04 15:00:00,40.21,41.976528757391165
2018-07-04 15:15:00,40.86,40.41742469128045
2018-07-04 15:30:00,39.28,45.94817354106701
2018-07-04 15:45:00,48.06,43.99362388015229
2018-07-04 16:00:00,53.17,42.02694411538652
2018-07-04 16:15:00,44.06,52.64245730114362
2018-07-04 16:30:00,42.23,56.76790874450433
2018-07-04 16:45:00,46.26,49.25277621565847
2018-07-04 17:00:00,47.48,41.69608999714566
2018-07-04 17:15:00,41.36,44.600677083479944
2018-07-04 17:30:00,35.42,36.93506388989615
2018-07-04 17:45:00,36.68,29.99403422505471
2018-07-04 18:00:00,50.87,34.01366565561214
2018-07-04 18:15:00,47.7,30.853243369300277
2018-07-04 18:30:00,44.21,41.76008612612991
2018-07-04 18:45:00,50.9,48.41746121964881
2018-07-04 19:00:00,45.72,46.17946934628001
2018-07-04 19:15:00,43.13,52.8965719961056
2018-07-04 19:30:00,35.96,46.53334744588555
2018-07-04 19:45:00,34.38,40.772115383826765
2018-07-04 20:00:00,53.32,38.17925914721541
2018-07-04 20:15:00,45.22,37.17238814526921
2018-07-04 20:30:00,53.21,45.299526359650436
2018-07-04 20:45:00,34.31,23.689345598239434
2018-07-04 21:00:00,37.33,18.462979677762018
2018-07-04 21:15:00,56.05,14.019380710844324
2018-07-04 21:30:00,37.26,41.471689630730395
2018-07-04 21:45:00,4.5,47.03597638493212
2018-07-04 22:00:00,4.72,39.71611440632203
2018-07-04 22:15:00,3.89,3.7186648144161465
2018-07-04 22:30:00,3.71,4.961275926927449
2018-07-04 22:45:00,3.64,4.914794021008657
2018-07-04 23:00:00,3.6,3.946635728776745
2018-07-04 23:15:00,3.53,3.8213086942068344
2018-07-04 23:30:00,3.53,3.8213086942068344
2018-07-04 23:45:00,3.67,4.553896171228469
2018-07-05 00:00:00,3.56,3.918187968015192
2018-07-05 00:15:00,3.53,3.801285433035958
2018-07-05 00:30:00,3.1,3.4558673511527362
2018-07-05 00:45:00,3.02,3.4558673511527362
2018-07-05 01:00:00,3.02,3.369763058848989
2018-07-05 01:15:00,3.13,3.223789673098525
2018-07-05 01:30:00,3.56,3.1068871381192906
2018-07-05 01:45:00,3.06,3.264352870647005
2018-07-05 02:00:00,3.02,3.3556846209427835
2018-07-05 02:15:00,3.06,3.225850040571831
2018-07-05 02:30:00,3.06,3.060448704028591
2018-07-05 02:45:00,3.06,3.151180885730455
2018-07-05 03:00:00,3.13,3.1516008122559263
2018-07-05 03:15:00,3.06,3.1438911011168713
2018-07-05 03:30:00,3.06,3.198808601195246
2018-07-05 03:45:00,3.06,3.1614353725288016
2018-07-05 04:00:00,3.1,3.1698614539912606
2018-07-05 04:15:00,3.02,3.1523171825793304
2018-07-05 04:30:00,3.1,3.228178775133484
2018-07-05 04:45:00,3.1,3.133793960027382
2018-07-05 05:00:00,3.06,3.207234682657705
2018-07-05 05:15:00,3.56,3.207234682657705
2018-07-05 05:30:00,3.24,3.1698614539912606
2018-07-05 05:45:00,3.1,3.405869061866275
2018-07-05 06:00:00,3.2,3.5288575852674873
2018-07-05 06:15:00,3.64,3.2794143248144865
2018-07-05 06:30:00,3.17,3.299201012656499
2018-07-05 06:45:00,2.99,3.376554807015534
2018-07-05 07:00:00,3.06,3.454424378855379
2018-07-05 07:15:00,3.53,3.136980434792484
2018-07-05 07:30:00,4.03,3.4909471962714638
2018-07-05 07:45:00,4.82,5.118438612084238
2018-07-05 08:00:00,38.41,48.33852113205487
2018-07-05 08:15:00,71.14,72.8201655364198
2018-07-05 08:30:00,117.32,62.69831680928556
2018-07-05 08:45:00,121.68,89.64281933822399
2018-07-05 09:00:00,84.2,94.21133174755049
2018-07-05 09:15:00,98.17,109.16493294545712
2018-07-05 09:30:00,74.52,97.15034254663414
2018-07-05 09:45:00,85.97,93.03155765996048
2018-07-05 10:00:00,106.96,87.84056968559362
2018-07-05 10:15:00,83.7,86.24365734923626
2018-07-05 10:30:00,66.28,92.99120554749963
2018-07-05 10:45:00,75.89,82.85931259799891
2018-07-05 11:00:00,74.88,69.38703582352188
2018-07-05 11:15:00,101.7,74.96677663652319
2018-07-05 11:30:00,107.75,68.00127343483585
2018-07-05 11:45:00,82.73,90.29696537262136
2018-07-05 12:00:00,8.42,20.2756761914021
2018-07-05 12:15:00,5.9,9.549724769831144
2018-07-05 12:30:00,5.0,3.919861900864004
2018-07-05 12:45:00,4.86,6.433764769813636
2018-07-05 13:00:00,59.62,67.34395648394045
2018-07-05 13:15:00,64.76,81.11663857532297
2018-07-05 13:30:00,50.94,85.99951452661583
2018-07-05 13:45:00,56.92,73.84581059220619
2018-07-05 14:00:00,55.48,66.22144707991816
2018-07-05 14:15:00,61.02,62.12173259919527
2018-07-05 14:30:00,65.52,61.12658490425551
2018-07-05 14:45:00,47.59,60.95893706004205
2018-07-05 15:00:00,81.04,64.75839841309863
2018-07-05 15:15:00,105.12,58.3246859733056
2018-07-05 15:30:00,82.19,73.05951120786895
2018-07-05 15:45:00,74.23,94.01248427353535
2018-07-05 16:00:00,58.68,81.52001661870419
2018-07-05 16:15:00,53.46,72.46118645077608
2018-07-05 16:30:00,51.48,65.14471020135247
2018-07-05 16:45:00,64.04,60.323223028233535
2018-07-05 17:00:00,59.04,54.508496883903106
2018-07-05 17:15:00,55.19,58.27886142676168
2018-07-05 17:30:00,30.74,40.49055154419025
2018-07-05 17:45:00,32.47,30.150768996667303
2018-07-05 18:00:00,41.0,40.761366847742075
2018-07-05 18:15:00,62.42,52.082853413678805
2018-07-05 18:30:00,57.6,50.611880102632654
2018-07-05 18:45:00,57.46,63.89260906819859
2018-07-05 19:00:00,55.51,51.73439178477677
2018-07-05 19:15:00,57.85,53.45564927078314
2018-07-05 19:30:00,47.74,58.9177306261516
2018-07-05 19:45:00,49.61,58.53486373473847
2018-07-05 20:00:00,65.23,54.4819687243055
2018-07-05 20:15:00,109.87,55.79857575392044
2018-07-05 20:30:00,106.74,54.9306064126559
2018-07-05 20:45:00,33.77,57.47158548906802
2018-07-05 21:00:00,4.72,54.21184689476999
2018-07-05 21:15:00,4.28,21.060914782491164
2018-07-05 21:30:00,4.07,4.896763290504193
2018-07-05 21:45:00,4.0,8.300511973172435
2018-07-05 22:00:00,3.85,4.260066697283337
2018-07-05 22:15:00,3.74,3.865143953688347
2018-07-05 22:30:00,4.64,7.4829211369994875
2018-07-05 22:45:00,4.57,5.234308639357907
2018-07-05 23:00:00,3.64,4.394002934599783
2018-07-05 23:15:00,3.6,4.372201347706337
2018-07-05 23:30:00,3.64,4.4219792925343615
2018-07-05 23:45:00,3.67,3.7584391442177143
2018-07-06 00:00:00,3.64,3.412779885719838
2018-07-06 00:15:00,3.28,3.4860834831782377
2018-07-06 00:30:00,3.17,3.5199078151654506
2018-07-06 00:45:00,3.13,3.8853491582195487
2018-07-06 01:00:00,3.17,3.858714031742112
2018-07-06 01:15:00,3.13,3.1887712322484005
2018-07-06 01:30:00,3.1,3.556817604949453
2018-07-06 01:45:00,3.17,3.1745125066652577
2018-07-06 02:00:00,3.24,3.1745125066652577
2018-07-06 02:15:00,3.2,3.4850898373679655
2018-07-06 02:30:00,3.24,3.246012004665393
2018-07-06 02:45:00,3.2,3.4819274454906477
2018-07-06 03:00:00,3.17,3.429327029735374
2018-07-06 03:15:00,3.2,3.463545452699084
2018-07-06 03:30:00,3.2,3.3769004209813267
2018-07-06 03:45:00,3.17,3.3769004209813267
2018-07-06 04:00:00,3.31,3.3853265024437857
2018-07-06 04:15:00,3.6,3.3853265024437857
2018-07-06 04:30:00,3.53,3.416195894419691
2018-07-06 04:45:00,3.89,3.5391844178209033
2018-07-06 05:00:00,3.31,3.5391844178209033
2018-07-06 05:15:00,3.24,3.700259670944473
2018-07-06 05:30:00,3.28,3.5391844178209033
2018-07-06 05:45:00,3.24,3.5349620620389963
2018-07-06 06:00:00,3.2,3.5349620620389963
2018-07-06 06:15:00,3.24,3.6660547058343416
2018-07-06 06:30:00,3.2,3.4199362014732704
2018-07-06 06:45:00,3.24,3.3579415085977504
2018-07-06 07:00:00,3.24,3.4199362014732704
2018-07-06 07:15:00,3.6,3.3579415085977504
2018-07-06 07:30:00,3.53,4.325333972842302
2018-07-06 07:45:00,3.85,5.325848016450138
2018-07-06 08:00:00,58.0,44.451906844838945
2018-07-06 08:15:00,112.32,61.30117247895053
2018-07-06 08:30:00,115.52,83.72354828972665
2018-07-06 08:45:00,112.72,99.65621064053151
2018-07-06 09:00:00,86.4,102.99553600272382
2018-07-06 09:15:00,106.52,104.40766035592968
2018-07-06 09:30:00,105.37,87.99021905695707
2018-07-06 09:45:00,78.12,78.80094878887465
2018-07-06 10:00:00,108.94,103.54283950648086
2018-07-06 10:15:00,88.67,85.41704780141497
2018-07-06 10:30:00,96.7,94.33596861406748
2018-07-06 10:45:00,118.91,85.51317744631578
2018-07-06 11:00:00,76.9,90.10173162594026
2018-07-06 11:15:00,110.84,103.71990949334783
2018-07-06 11:30:00,97.56,86.51644142905188
2018-07-06 11:45:00,99.32,87.22932279755123
2018-07-06 12:00:00,7.16,18.996177164455517
2018-07-06 12:15:00,5.72,9.685177821973683
2018-07-06 12:30:00,5.15,4.214951618489659
2018-07-06 12:45:00,4.9,7.509010075071798
2018-07-06 13:00:00,48.24,71.83435365577702
2018-07-06 13:15:00,54.94,82.72900226884038
2018-07-06 13:30:00,84.71,75.67023444899074
2018-07-06 13:45:00,96.98,65.5698288431814
2018-07-06 14:00:00,89.35,75.04228707621756
2018-07-06 14:15:00,115.13,89.07347488149675
2018-07-06 14:30:00,93.24,90.22611054225983
2018-07-06 14:45:00,112.72,93.63144879714145
2018-07-06 15:00:00,94.61,91.30620559698023
2018-07-06 15:15:00,78.88,90.33320668244356
2018-07-06 15:30:00,111.24,98.06797859478687
2018-07-06 15:45:00,81.11,89.20582699636604
2018-07-06 16:00:00,107.93,97.03659403148309
2018-07-06 16:15:00,99.43,91.01053538634005
2018-07-06 16:30:00,104.87,81.53024008685901
2018-07-06 16:45:00,102.89,86.33486308488823
2018-07-06 17:00:00,61.16,98.41987595959104
2018-07-06 17:15:00,69.62,81.26894181833518
2018-07-06 17:30:00,32.54,53.04188468641225
2018-07-06 17:45:00,32.98,57.15907376207175
2018-07-06 18:00:00,60.44,58.26407263380043
2018-07-06 18:15:00,112.03,70.43457545238617
2018-07-06 18:30:00,90.36,65.90194703722214
2018-07-06 18:45:00,103.32,91.53141758834451
2018-07-06 19:00:00,104.83,98.40904651875661
2018-07-06 19:15:00,88.02,85.99962269474851
2018-07-06 19:30:00,116.21,95.85710242113359
2018-07-06 19:45:00,117.0,101.76649859765543
2018-07-06 20:00:00,89.35,93.5187980334501
2018-07-06 20:15:00,115.34,104.3906049032869
2018-07-06 20:30:00,87.66,100.26177045109284
2018-07-06 20:45:00,34.56,61.87446230129717
2018-07-06 21:00:00,12.24,42.282681270263495
2018-07-06 21:15:00,4.1,16.638366130634587
2018-07-06 21:30:00,4.07,11.780751571788235
2018-07-06 21:45:00,4.0,4.775571247733067
2018-07-06 22:00:00,3.92,6.123565432335092
2018-07-06 22:15:00,3.78,3.8840023980026217
2018-07-06 22:30:00,3.67,3.041795718408289
2018-07-06 22:45:00,3.67,3.724204075880305
2018-07-06 23:00:00,3.64,3.629251580101818
2018-07-06 23:15:00,3.6,3.8853491582195487
2018-07-06 23:30:00,3.6,3.509008236367816
2018-07-06 23:45:00,3.1,3.5966556038383595
2018-07-07 00:00:00,3.49,3.5138574043505915
2018-07-07 00:15:00,3.06,3.2237452094374666
2018-07-07 00:30:00,3.1,3.4412777696604713
2018-07-07 00:45:00,3.13,3.2080574794776586
2018-07-07 01:00:00,3.1,3.27759918249586
2018-07-07 01:15:00,3.35,3.23161612339246
2018-07-07 01:30:00,3.74,3.1825085451606787
2018-07-07 01:45:00,3.35,3.345067361020421
2018-07-07 02:00:00,3.13,3.5874632830043622
2018-07-07 02:15:00,3.13,3.434474739200227
2018-07-07 02:30:00,3.17,3.1719412580854747
2018-07-07 02:45:00,3.2,3.170877053967883
2018-07-07 03:00:00,3.13,3.351447645367275
2018-07-07 03:15:00,3.13,3.3769004209813267
2018-07-07 03:30:00,3.13,3.209135433748662
2018-07-07 03:45:00,3.17,3.209135433748662
2018-07-07 04:00:00,3.2,3.217561515211121
2018-07-07 04:15:00,3.53,3.3853265024437857
2018-07-07 04:30:00,3.49,3.3853265024437857
2018-07-07 04:45:00,3.13,3.416195894419691
2018-07-07 05:00:00,3.1,3.4987501658016202
2018-07-07 05:15:00,3.17,3.300115786593051
2018-07-07 05:30:00,3.2,3.217561515211121
2018-07-07 05:45:00,3.13,3.3811041466618788
2018-07-07 06:00:00,3.1,3.3933225409392067
2018-07-07 06:15:00,3.13,3.1968770725164775
2018-07-07 06:30:00,2.99,3.175932980040699
2018-07-07 06:45:00,2.92,3.1968770725164775
2018-07-07 07:00:00,3.02,3.123436349886154
2018-07-07 07:15:00,3.85,3.123436349886154
2018-07-07 07:30:00,3.49,3.2578307123826447
2018-07-07 07:45:00,3.24,5.205912428410105
2018-07-07 08:00:00,39.53,26.629028660205435
2018-07-07 08:15:00,110.27,39.2831161210686
2018-07-07 08:30:00,100.33,69.5132567266185
2018-07-07 08:45:00,43.24,88.92726129092546
2018-07-07 09:00:00,62.5,88.03442353720664
2018-07-07 09:15:00,54.9,57.16324072148878
2018-07-07 09:30:00,55.62,65.93295217537771
2018-07-07 09:45:00,59.76,49.89643523442833
2018-07-07 10:00:00,49.18,50.74058952875621
2018-07-07 10:15:00,42.7,56.73230058981145
2018-07-07 10:30:00,45.61,56.519469410337344
2018-07-07 10:45:00,40.57,45.918428693434734
2018-07-07 11:00:00,59.44,48.76236719092062
2018-07-07 11:15:00,59.8,39.3771990805032
2018-07-07 11:30:00,80.78,52.30303989257699
2018-07-07 11:45:00,101.81,42.32145898800824
2018-07-07 12:00:00,21.56,5.086815285897099
2018-07-07 12:15:00,6.26,8.946050653368108
2018-07-07 12:30:00,5.69,15.475149558402244
2018-07-07 12:45:00,5.18,8.567581014625791
2018-07-07 13:00:00,23.15,14.13677302028653
2018-07-07 13:15:00,79.78,51.62366233077137
2018-07-07 13:30:00,105.23,39.895772038684974
2018-07-07 13:45:00,106.16,74.81411827702149
2018-07-07 14:00:00,72.07,95.55837855708147
2018-07-07 14:15:00,94.25,102.93253855109178
2018-07-07 14:30:00,94.18,86.81818194227331
2018-07-07 14:45:00,96.01,83.83529275711973
2018-07-07 15:00:00,98.1,90.28715798545655
2018-07-07 15:15:00,78.01,91.92789714431079
2018-07-07 15:30:00,98.71,88.91793623979159
2018-07-07 15:45:00,109.98,91.02269424344938
2018-07-07 16:00:00,90.9,84.4842892835056
2018-07-07 16:15:00,107.21,89.42035860170475
2018-07-07 16:30:00,89.39,84.4784853340431
2018-07-07 16:45:00,6.3,73.31250101425637
2018-07-07 17:00:00,4.07,79.49136620051776
2018-07-07 17:15:00,3.64,4.649361651802058
2018-07-07 17:30:00,3.67,2.3325419024753167
2018-07-07 17:45:00,3.71,1.9891879707424878
2018-07-07 18:00:00,3.56,6.407362416783523
2018-07-07 18:15:00,3.46,3.7178520723996984
2018-07-07 18:30:00,3.49,4.347054861902074
2018-07-07 18:45:00,3.6,3.47530731902994
2018-07-07 19:00:00,4.39,3.5200011304492516
2018-07-07 19:15:00,4.21,3.4261565605371525
2018-07-07 19:30:00,3.67,4.09710278940113
2018-07-07 19:45:00,3.46,4.225423988713001
2018-07-07 20:00:00,3.02,3.7242641750716317
2018-07-07 20:15:00,3.06,3.535787367516026
2018-07-07 20:30:00,3.06,3.2585397577517363
2018-07-07 20:45:00,3.02,3.2040365370098414
2018-07-07 21:00:00,3.1,3.124434521880348
2018-07-07 21:15:00,3.06,3.406965889577155
2018-07-07 21:30:00,3.06,3.1032470758123853
2018-07-07 21:45:00,3.06,3.1000806939915755
2018-07-07 22:00:00,3.02,3.1000806939915755
2018-07-07 22:15:00,2.84,3.084775804075639
2018-07-07 22:30:00,2.95,3.0736950158774463
2018-07-07 22:45:00,2.77,3.0736950158774463
2018-07-07 23:00:00,2.77,3.05839012596151
2018-07-07 23:15:00,2.74,3.1592306037787545
2018-07-07 23:30:00,3.28,3.142194841381584
2018-07-07 23:45:00,2.7,3.073710635733253
2018-07-08 00:00:00,3.35,3.231673279115376
2018-07-08 00:15:00,2.74,3.133689675160361
2018-07-08 00:30:00,2.81,3.2036430501093105
2018-07-08 00:45:00,2.81,3.1380000984674026
2018-07-08 01:00:00,2.81,3.00827205165186
2018-07-08 01:15:00,2.81,3.0111843652122694
2018-07-08 01:30:00,2.81,3.00827205165186
2018-07-08 01:45:00,2.84,3.0327956817090578
2018-07-08 02:00:00,2.81,2.9941486028150988
2018-07-08 02:15:00,2.81,3.0327956817090578
2018-07-08 02:30:00,2.81,2.9941486028150988
2018-07-08 02:45:00,2.84,2.997489763030394
2018-07-08 03:00:00,3.24,2.997489763030394
2018-07-08 03:15:00,2.99,3.0187201828625385
2018-07-08 03:30:00,2.84,3.2907952847014315
2018-07-08 03:45:00,2.84,3.1053652145802957
2018-07-08 04:00:00,2.81,3.0502507431143373
2018-07-08 04:15:00,2.84,3.051614840759232
2018-07-08 04:30:00,3.42,3.0725589332350105
2018-07-08 04:45:00,3.13,3.0271462643249976
2018-07-08 05:00:00,2.77,3.518195964575267
2018-07-08 05:15:00,2.81,3.2455720782641326
2018-07-08 05:30:00,2.77,3.0720328128399492
2018-07-08 05:45:00,2.77,3.0747193195485716
2018-07-08 06:00:00,2.84,3.1230409821410006
2018-07-08 06:15:00,3.38,3.0274059141061325
2018-07-08 06:30:00,2.81,3.0295663004196935
2018-07-08 06:45:00,2.81,3.499267919890869
2018-07-08 07:00:00,2.74,3.130453513808283
2018-07-08 07:15:00,2.81,3.006461821630354
2018-07-08 07:30:00,2.95,3.1862688530368573
2018-07-08 07:45:00,18.76,3.9574670130061365
2018-07-08 08:00:00,54.58,8.165359818495473
2018-07-08 08:15:00,105.91,40.27756749424731
2018-07-08 08:30:00,112.36,64.69246419074675
2018-07-08 08:45:00,86.51,87.57300033181312
2018-07-08 09:00:00,99.94,96.6968352309468
2018-07-08 09:15:00,104.69,89.57698151322022
2018-07-08 09:30:00,96.8,72.987836725633
2018-07-08 09:45:00,92.52,81.55245406079108
2018-07-08 10:00:00,64.44,94.95143247804687
2018-07-08 10:15:00,79.78,91.21912181188499
2018-07-08 10:30:00,116.78,78.39373045481652
2018-07-08 10:45:00,90.04,78.3949529727647
2018-07-08 11:00:00,110.2,103.00580635073601
2018-07-08 11:15:00,98.96,90.39173776550626
2018-07-08 11:30:00,78.26,79.66355649279768
2018-07-08 11:45:00,49.79,95.61119980658532
2018-07-08 12:00:00,4.07,12.264214391048363
2018-07-08 12:15:00,4.03,1.462354545208377
2018-07-08 12:30:00,3.96,5.0971896357402136
2018-07-08 12:45:00,4.0,9.086966220183065
2018-07-08 13:00:00,53.21,32.360168314519534
2018-07-08 13:15:00,90.4,55.76728251952631
2018-07-08 13:30:00,51.55,72.48849656267866
2018-07-08 13:45:00,48.46,71.82492530592303
2018-07-08 14:00:00,56.7,63.967886606236725
2018-07-08 14:15:00,62.75,51.390426810958054
2018-07-08 14:30:00,59.98,56.25546327644561
2018-07-08 14:45:00,53.14,66.55567583835777
2018-07-08 15:00:00,43.42,54.319552891725436
2018-07-08 15:15:00,45.97,63.13462821005544
2018-07-08 15:30:00,44.14,53.380006584002686
2018-07-08 15:45:00,48.35,50.819750794213476
2018-07-08 16:00:00,51.08,46.7018507688499
2018-07-08 16:15:00,44.1,48.49693200028208
2018-07-08 16:30:00,44.17,52.434402021504496
2018-07-08 16:45:00,5.87,36.998511410457624
2018-07-08 17:00:00,3.96,33.0196076942448
2018-07-08 17:15:00,3.82,2.284186798477952
2018-07-08 17:30:00,3.78,5.386617619480164
2018-07-08 17:45:00,3.74,2.464958845639877
2018-07-08 18:00:00,3.56,3.149122676855029
2018-07-08 18:15:00,3.38,3.9218156584718367
2018-07-08 18:30:00,3.49,3.5561561439123817
2018-07-08 18:45:00,3.89,3.5561561439123817
2018-07-08 19:00:00,4.61,3.7260469103584732
2018-07-08 19:15:00,3.49,3.6870819200248084
2018-07-08 19:30:00,3.56,4.070862580883408
2018-07-08 19:45:00,3.64,3.5135299800864197
2018-07-08 20:00:00,3.56,3.697774483341244
2018-07-08 20:15:00,3.31,3.484402083621808
2018-07-08 20:30:00,2.92,3.4635542538494746
2018-07-08 20:45:00,2.95,3.3641693500720264
2018-07-08 21:00:00,2.95,3.156820264463562
2018-07-08 21:15:00,2.95,4.75511634340962
2018-07-08 21:30:00,2.99,3.303067577099374
2018-07-08 21:45:00,2.95,3.070782702317037
2018-07-08 22:00:00,2.84,3.0566592534802757
2018-07-08 22:15:00,2.7,3.0566592534802757
2018-07-08 22:30:00,2.74,3.0566592534802757
2018-07-08 22:45:00,2.7,3.0409123103091162
2018-07-08 23:00:00,2.74,3.0238765479119456
2018-07-08 23:15:00,3.28,3.109412135813254
2018-07-08 23:30:00,2.92,3.0456804067271874
2018-07-08 23:45:00,3.31,3.2163683891994395
2018-07-09 00:00:00,2.66,3.1103197370177527
2018-07-09 00:15:00,3.17,3.192998451056831
2018-07-09 00:30:00,3.02,3.124573788696991
2018-07-09 00:45:00,2.77,3.173470797199756
2018-07-09 01:00:00,2.74,3.03096133526289
2018-07-09 01:15:00,2.74,3.0280490217024805
2018-07-09 01:30:00,2.77,3.069608414156849
2018-07-09 01:45:00,2.7,3.074812729196498
2018-07-09 02:00:00,2.77,3.0525726517596783
2018-07-09 02:15:00,2.74,3.0139255728657193
2018-07-09 02:30:00,2.74,3.043441612340773
2018-07-09 02:45:00,2.77,3.062153281595966
2018-07-09 03:00:00,2.74,3.0172667330810143
2018-07-09 03:15:00,2.77,3.038497152913159
2018-07-09 03:30:00,2.81,3.038497152913159
2018-07-09 03:45:00,2.74,3.038497152913159
2018-07-09 04:00:00,3.24,3.046923234375618
2018-07-09 04:15:00,3.02,3.046923234375618
2018-07-09 04:30:00,2.99,3.318998336214511
2018-07-09 04:45:00,3.13,3.169911757776831
2018-07-09 05:00:00,2.7,3.046923234375618
2018-07-09 05:15:00,2.7,3.1448325334401757
2018-07-09 05:30:00,2.7,3.092335903285631
2018-07-09 05:45:00,2.7,3.0713918108098524
2018-07-09 06:00:00,2.7,3.0713918108098524
2018-07-09 06:15:00,2.66,3.109613704083635
2018-07-09 06:30:00,2.66,3.071125340195926
2018-07-09 06:45:00,2.66,3.071125340195926
2018-07-09 07:00:00,2.74,3.1125405290676023
2018-07-09 07:15:00,2.99,3.0501097091407203
2018-07-09 07:30:00,3.42,3.3470648841800426
2018-07-09 07:45:00,4.72,4.247013161842585
2018-07-09 08:00:00,17.39,34.34336609214978
2018-07-09 08:15:00,53.6,62.617087303715664
2018-07-09 08:30:00,57.71,51.67472988560228
2018-07-09 08:45:00,60.95,64.09270665234172
2018-07-09 09:00:00,50.98,59.91017388612618
2018-07-09 09:15:00,50.62,60.1734372835947
2018-07-09 09:30:00,53.39,58.82837001059109
2018-07-09 09:45:00,59.8,58.35150175358219
2018-07-09 10:00:00,69.23,60.09597723916103
2018-07-09 10:15:00,53.42,60.98697772041324
2018-07-09 10:30:00,56.3,64.25020675283422
2018-07-09 10:45:00,48.42,61.520271865868416
2018-07-09 11:00:00,55.69,64.60089538334687
2018-07-09 11:15:00,69.62,58.55768872081805
2018-07-09 11:30:00,50.69,60.136800800385465
2018-07-09 11:45:00,53.06,60.922250404912624
2018-07-09 12:00:00,16.16,14.790185519086654
2018-07-09 12:15:00,6.34,4.209579338166642
2018-07-09 12:30:00,5.44,6.650758189405587
2018-07-09 12:45:00,6.12,7.412927739308975
2018-07-09 13:00:00,34.52,41.287910003800135
2018-07-09 13:15:00,49.57,58.84412796661306
2018-07-09 13:30:00,46.66,57.800339582446206
2018-07-09 13:45:00,48.49,61.03178904348964
2018-07-09 14:00:00,50.47,53.52467989749703
2018-07-09 14:15:00,48.64,55.733923386280814
2018-07-09 14:30:00,52.92,57.24184047525045
2018-07-09 14:45:00,52.02,53.00894001184058
2018-07-09 15:00:00,50.0,52.374047597396036
2018-07-09 15:15:00,47.45,54.90029140478169
2018-07-09 15:30:00,52.52,57.241194123548574
2018-07-09 15:45:00,66.24,52.16255779275297
2018-07-09 16:00:00,58.54,54.982172175407094
2018-07-09 16:15:00,54.25,65.57899829531631
2018-07-09 16:30:00,59.11,56.695200874618536
2018-07-09 16:45:00,67.43,58.63175085369554
2018-07-09 17:00:00,57.24,57.21349319873576
2018-07-09 17:15:00,57.64,61.452090941577076
2018-07-09 17:30:00,28.04,40.16394844009588
2018-07-09 17:45:00,27.72,32.52260277282152
2018-07-09 18:00:00,32.87,28.267931124515922
2018-07-09 18:15:00,42.66,39.28507460234004
2018-07-09 18:30:00,45.25,46.26166007483243
2018-07-09 18:45:00,48.82,42.556023733608036
2018-07-09 19:00:00,48.38,46.524751801511655
2018-07-09 19:15:00,61.2,47.635862280447
2018-07-09 19:30:00,58.82,46.937366443463006
2018-07-09 19:45:00,48.1,53.54451160887955
2018-07-09 20:00:00,47.02,51.429591888159514
2018-07-09 20:15:00,42.05,49.57235375590676
2018-07-09 20:30:00,60.16,43.80946970232856
2018-07-09 20:45:00,38.45,27.021035059892913
2018-07-09 21:00:00,5.04,21.966985028282732
2018-07-09 21:15:00,3.92,16.137614008000735
2018-07-09 21:30:00,3.82,3.413017319787051
2018-07-09 21:45:00,3.78,3.535959994252238
2018-07-09 22:00:00,3.67,4.561233669203412
2018-07-09 22:15:00,3.49,3.919201009192237
2018-07-09 22:30:00,3.46,3.596125915322044
2018-07-09 22:45:00,3.46,3.571957710216649
2018-07-09 23:00:00,3.35,3.571957710216649
2018-07-09 23:15:00,3.35,3.8304684043350923
2018-07-09 23:30:00,3.31,3.5020864332567574
2018-07-09 23:45:00,3.24,3.4751401988778428
2018-07-10 00:00:00,3.42,3.431640879604587
2018-07-10 00:15:00,3.49,3.431640879604587
2018-07-10 00:30:00,3.38,3.5712501134179337
2018-07-10 00:45:00,3.35,3.4878277076736146
2018-07-10 01:00:00,2.99,3.549342346586029
2018-07-10 01:15:00,2.84,3.433832926470942
2018-07-10 01:30:00,2.81,3.2305662997083715
2018-07-10 01:45:00,3.42,3.079509507211703
2018-07-10 02:00:00,3.24,3.0915506412792606
2018-07-10 02:15:00,2.92,3.241694506375733
2018-07-10 02:30:00,2.88,3.2858192244848463
2018-07-10 02:45:00,2.88,3.1754736241445585
2018-07-10 03:00:00,2.84,3.113297168861036
2018-07-10 03:15:00,2.95,3.1457461880426796
2018-07-10 03:30:00,2.84,3.091676763597183
2018-07-10 03:45:00,2.84,3.038497152913159
2018-07-10 04:00:00,2.88,3.1184850937214055
2018-07-10 04:15:00,2.88,3.1184850937214055
2018-07-10 04:30:00,2.95,3.0791587525838633
2018-07-10 04:45:00,2.99,3.0791587525838633
2018-07-10 05:00:00,3.31,3.0791587525838633
2018-07-10 05:15:00,2.84,3.0791587525838633
2018-07-10 05:30:00,2.84,3.3512338544227562
2018-07-10 05:45:00,2.81,3.1930162365661707
2018-07-10 06:00:00,2.88,3.1036273290180976
2018-07-10 06:15:00,2.84,3.082942886323454
2018-07-10 06:30:00,2.84,3.079418402364998
2018-07-10 06:45:00,2.88,3.0584743098892195
2018-07-10 07:00:00,2.95,3.1041272970745775
2018-07-10 07:15:00,3.24,3.1216715684865077
2018-07-10 07:30:00,3.67,3.3793004023882878
2018-07-10 07:45:00,5.76,5.034863273669521
2018-07-10 08:00:00,39.56,38.41461559283237
2018-07-10 08:15:00,49.54,59.55875425660944
2018-07-10 08:30:00,53.6,66.10341110603379
2018-07-10 08:45:00,70.13,67.29101997199163
2018-07-10 09:00:00,59.76,62.23252552894705
2018-07-10 09:15:00,71.93,65.0075464324031
2018-07-10 09:30:00,61.63,61.36349378827328
2018-07-10 09:45:00,55.73,65.57225480380157
2018-07-10 10:00:00,55.48,62.504838728342165
2018-07-10 10:15:00,54.97,63.61979548161722
2018-07-10 10:30:00,50.94,62.156416776617796
2018-07-10 10:45:00,67.86,66.0571131572402
2018-07-10 11:00:00,63.83,62.935793129374666
2018-07-10 11:15:00,71.86,61.99341236404111
2018-07-10 11:30:00,55.84,59.88102463459116
2018-07-10 11:45:00,50.65,70.27809726145634
2018-07-10 12:00:00,4.07,8.763259949384347
2018-07-10 12:15:00,4.0,7.159075645780392
2018-07-10 12:30:00,4.03,5.223043607650932
2018-07-10 12:45:00,4.25,6.45542173805146
2018-07-10 13:00:00,36.25,39.45099369796646
2018-07-10 13:15:00,64.8,62.36085239248671
2018-07-10 13:30:00,55.58,60.321126934510524
2018-07-10 13:45:00,52.2,70.14999669071928
2018-07-10 14:00:00,54.83,60.22631281715021
2018-07-10 14:15:00,64.08,59.31955001738961
2018-07-10 14:30:00,56.88,58.12192445644922
2018-07-10 14:45:00,47.7,63.330562423574825
2018-07-10 15:00:00,86.22,58.83326011862096
2018-07-10 15:15:00,113.29,59.151942892270334
2018-07-10 15:30:00,99.0,76.46090224244028
2018-07-10 15:45:00,118.91,85.13405036642918
2018-07-10 16:00:00,89.14,76.8563592654704
2018-07-10 16:15:00,92.74,88.78590366249155
2018-07-10 16:30:00,110.41,90.68328748031047
2018-07-10 16:45:00,95.11,94.400125354217
2018-07-10 17:00:00,101.52,97.20930001880156
2018-07-10 17:15:00,82.8,100.31459556845019
2018-07-10 17:30:00,47.12,52.29444837990689
2018-07-10 17:45:00,29.02,53.77002416371468
2018-07-10 18:00:00,49.79,52.54170924090203
2018-07-10 18:15:00,79.56,61.35346601573858
2018-07-10 18:30:00,86.18,68.83686237017086
2018-07-10 18:45:00,108.58,79.55953757824116
2018-07-10 19:00:00,80.53,81.1754945880702
2018-07-10 19:15:00,49.68,98.24671482710502
2018-07-10 19:30:00,78.91,91.51781003420848
2018-07-10 19:45:00,74.59,75.30013457784057
2018-07-10 20:00:00,82.08,82.49174416038728
2018-07-10 20:15:00,44.75,76.30789791012825
2018-07-10 20:30:00,41.65,69.31246474383472
2018-07-10 20:45:00,28.33,40.13079003686359
2018-07-10 21:00:00,13.46,34.84029694227803
2018-07-10 21:15:00,3.67,16.12333280218989
2018-07-10 21:30:00,3.82,8.444278124498252
2018-07-10 21:45:00,3.64,3.7467933230105737
2018-07-10 22:00:00,3.6,4.005677239019933
2018-07-10 22:15:00,3.38,3.5955899200208177
2018-07-10 22:30:00,3.35,3.592290273814971
2018-07-10 22:45:00,3.31,3.63461121209008
2018-07-10 23:00:00,3.31,3.718615299877699
2018-07-10 23:15:00,3.28,3.8931219062085236
2018-07-10 23:30:00,3.28,3.465027061280994
2018-07-10 23:45:00,3.06,3.4942943814780185
2018-07-11 00:00:00,3.28,3.4971256987773365
2018-07-11 00:15:00,3.38,3.2813570934783707
2018-07-11 00:30:00,3.31,3.3663246962265485
2018-07-11 00:45:00,3.46,3.562090403289676
2018-07-11 01:00:00,3.35,3.540182636457771
2018-07-11 01:15:00,2.77,3.502195615849792
2018-07-11 01:30:00,2.74,3.3078187255905203
2018-07-11 01:45:00,2.77,3.157674860494047
2018-07-11 02:00:00,2.74,3.0745721528653522
2018-07-11 02:15:00,2.74,3.0823909311510027
2018-07-11 02:30:00,2.81,3.064357034107199
2018-07-11 02:45:00,2.77,3.079668882298544
2018-07-11 03:00:00,2.77,3.079668882298544
2018-07-11 03:15:00,2.84,3.1008993021306885
2018-07-11 03:30:00,2.77,3.029337442784901
2018-07-11 03:45:00,2.77,3.029337442784901
2018-07-11 04:00:00,2.88,3.03776352424736
2018-07-11 04:15:00,3.24,3.03776352424736
2018-07-11 04:30:00,2.77,3.03776352424736
2018-07-11 04:45:00,2.81,3.309838626086253
2018-07-11 05:00:00,2.77,3.160752047648573
2018-07-11 05:15:00,2.77,3.03776352424736
2018-07-11 05:30:00,2.77,3.085336579470934
2018-07-11 05:45:00,2.74,3.058707616723139
2018-07-11 06:00:00,2.74,3.03776352424736
2018-07-11 06:15:00,2.99,3.040183560342056
2018-07-11 06:30:00,3.35,3.0795099014795984
2018-07-11 06:45:00,2.84,3.0170790815527164
2018-07-11 07:00:00,2.81,3.2754551577240587
2018-07-11 07:15:00,2.92,3.1338140838638875
2018-07-11 07:30:00,3.13,3.362373750486019
2018-07-11 07:45:00,3.2,4.26232202814856
2018-07-11 08:00:00,18.14,32.069346459697776
2018-07-11 08:15:00,111.2,53.49086182060763
2018-07-11 08:30:00,76.54,48.22102053689888
2018-07-11 08:45:00,55.51,100.04099733426536
2018-07-11 09:00:00,62.14,90.67202722100645
2018-07-11 09:15:00,53.35,68.94034957926645
2018-07-11 09:30:00,64.48,65.89488722300905
2018-07-11 09:45:00,53.93,53.3610185518526
2018-07-11 10:00:00,60.88,53.867340973162946
2018-07-11 10:15:00,66.71,60.51514379655217
2018-07-11 10:30:00,56.84,59.5689454038721
2018-07-11 10:45:00,62.53,67.32750658187707
2018-07-11 11:00:00,60.8,61.7292309559338
2018-07-11 11:15:00,68.18,63.49224751955607
2018-07-11 11:30:00,60.98,59.864237814770846
2018-07-11 11:45:00,59.83,63.50912950062336
2018-07-11 12:00:00,7.27,12.505985456509272
2018-07-11 12:15:00,4.61,6.1373190199881185
2018-07-11 12:30:00,4.64,4.904289680776166
2018-07-11 12:45:00,4.54,7.367296755043175
2018-07-11 13:00:00,42.88,40.2632383032927
2018-07-11 13:15:00,58.14,61.26308830880338
2018-07-11 13:30:00,63.32,60.21352739373467
2018-07-11 13:45:00,51.01,59.90534843637196
2018-07-11 14:00:00,45.72,61.46098236623236
2018-07-11 14:15:00,43.42,59.055737830108704
2018-07-11 14:30:00,47.63,57.78389302067171
2018-07-11 14:45:00,48.74,48.22582717800372
2018-07-11 15:00:00,39.71,55.19218381236307
2018-07-11 15:15:00,38.84,54.188945434321525
2018-07-11 15:30:00,38.92,42.46470135215359
2018-07-11 15:45:00,46.55,43.003329700419066
2018-07-11 16:00:00,49.46,41.197654392682466
2018-07-11 16:15:00,49.93,50.20821893551848
2018-07-11 16:30:00,49.28,55.87999724946808
2018-07-11 16:45:00,42.84,54.62567255639459
2018-07-11 17:00:00,43.34,48.8587804320834
2018-07-11 17:15:00,39.38,37.216995198041566
2018-07-11 17:30:00,33.08,31.643695994386626
2018-07-11 17:45:00,28.87,28.686434504096173
2018-07-11 18:00:00,29.88,31.2500163085844
2018-07-11 18:15:00,35.71,31.740389488578305
2018-07-11 18:30:00,43.92,37.09241105120695
2018-07-11 18:45:00,44.03,40.59768760211527
2018-07-11 19:00:00,46.48,41.55595181163652
2018-07-11 19:15:00,45.32,46.576339402221
2018-07-11 19:30:00,38.02,46.65335757089276
2018-07-11 19:45:00,36.4,45.87784356523701
2018-07-11 20:00:00,38.34,40.70976801703994
2018-07-11 20:15:00,56.41,36.06477972761297
2018-07-11 20:30:00,27.97,33.52389355084961
2018-07-11 20:45:00,7.27,27.203373270176183
2018-07-11 21:00:00,5.4,5.310703330474933
2018-07-11 21:15:00,3.74,5.42673282061488
2018-07-11 21:30:00,3.78,4.22428042857199
2018-07-11 21:45:00,3.82,4.896169993168929
2018-07-11 22:00:00,3.64,3.9514836658074324
2018-07-11 22:15:00,3.53,3.8468125277085212
2018-07-11 22:30:00,3.53,3.6797005350676253
2018-07-11 22:45:00,3.42,3.562798000088391
2018-07-11 23:00:00,2.88,3.562798000088391
2018-07-11 23:15:00,2.88,3.8213086942068344
2018-07-11 23:30:00,2.92,3.2243631633246097
2018-07-11 23:45:00,2.74,3.2481952447101428
2018-07-12 00:00:00,3.49,3.2481952447101428
2018-07-12 00:15:00,2.99,3.22471953501548
2018-07-12 00:30:00,2.92,3.615477766004509
2018-07-12 00:45:00,2.99,3.2958477614867694
2018-07-12 01:00:00,2.99,3.120110855172197
2018-07-12 01:15:00,2.95,3.1043639120010376
2018-07-12 01:30:00,2.95,3.1222027312966976
2018-07-12 01:45:00,2.95,3.034493807834308
2018-07-12 02:00:00,2.99,3.021801625134632
2018-07-12 02:15:00,3.02,3.060448704028591
2018-07-12 02:30:00,2.99,3.051971623486702
2018-07-12 02:45:00,3.02,3.0403425411610017
2018-07-12 03:00:00,2.99,3.0621246108866136
2018-07-12 03:15:00,3.49,3.1078236071529926
2018-07-12 03:30:00,3.13,3.0860415374273806
2018-07-12 03:45:00,3.06,3.3581166392662736
2018-07-12 04:00:00,2.99,3.2817658255024704
2018-07-12 04:15:00,2.92,3.1523171825793304
2018-07-12 04:30:00,2.92,3.1162496886154516
2018-07-12 04:45:00,3.28,3.1571982255579836
2018-07-12 05:00:00,3.49,3.1371937810912303
2018-07-12 05:15:00,2.99,3.3883247904543445
2018-07-12 05:30:00,2.92,3.504389008833253
2018-07-12 05:45:00,2.99,3.2323139069943605
2018-07-12 06:00:00,2.95,3.133793960027382
2018-07-12 06:15:00,2.92,3.1165093383965865
2018-07-12 06:30:00,2.92,3.1011426536071576
2018-07-12 06:45:00,2.99,3.0493145997609616
2018-07-12 07:00:00,3.02,3.136980434792484
2018-07-12 07:15:00,3.31,3.11251185835825
2018-07-12 07:30:00,3.82,3.391922761985642
2018-07-12 07:45:00,4.1,5.025703563541263
2018-07-12 08:00:00,37.04,46.53683134465659
2018-07-12 08:15:00,63.14,64.37678659452578
2018-07-12 08:30:00,66.49,62.06593657208442
2018-07-12 08:45:00,61.42,70.80605979068555
2018-07-12 09:00:00,67.61,68.05960011149708
2018-07-12 09:15:00,59.8,62.76934788612063
2018-07-12 09:30:00,70.13,58.376501868581606
2018-07-12 09:45:00,53.96,61.43720122388175
2018-07-12 10:00:00,63.86,66.82423513647117
2018-07-12 10:15:00,68.4,61.67884165401835
2018-07-12 10:30:00,57.42,61.88050078140081
2018-07-12 10:45:00,75.74,63.80655446084043
2018-07-12 11:00:00,58.82,62.84604968743036
2018-07-12 11:15:00,54.61,66.15591765469381
2018-07-12 11:30:00,68.26,60.88618955990794
2018-07-12 11:45:00,49.5,56.278587212386526
2018-07-12 12:00:00,4.36,9.377404279980158
2018-07-12 12:15:00,4.36,6.922225145504913
2018-07-12 12:30:00,4.39,5.866379084806146
2018-07-12 12:45:00,4.61,7.318984898349282
2018-07-12 13:00:00,4.97,50.364991598254925
2018-07-12 13:15:00,6.48,58.28518692656773
2018-07-12 13:30:00,5.22,50.89603890909148
2018-07-12 13:45:00,4.75,42.45570484095281
2018-07-12 14:00:00,39.53,39.85691066638946
2018-07-12 14:15:00,67.07,15.22743072903513
2018-07-12 14:30:00,45.22,58.63969383868421
2018-07-12 14:45:00,47.45,76.22315106270862
2018-07-12 15:00:00,54.86,52.58147737471042
2018-07-12 15:15:00,54.54,56.42368625202272
2018-07-12 15:30:00,48.13,58.277063745336754
2018-07-12 15:45:00,51.73,58.52173633235534
2018-07-12 16:00:00,57.46,48.991482015316656
2018-07-12 16:15:00,61.38,57.578135187390835
2018-07-12 16:30:00,48.92,58.22004750407369
2018-07-12 16:45:00,49.97,59.1145830473448
2018-07-12 17:00:00,62.93,49.14961344020885
2018-07-12 17:15:00,56.02,51.40124286457331
2018-07-12 17:30:00,31.86,44.32779901978253
2018-07-12 17:45:00,30.82,33.23077886784233
2018-07-12 18:00:00,51.95,40.76206512505108
2018-07-12 18:15:00,58.9,50.165727215608094
2018-07-12 18:30:00,56.92,62.42128293996153
2018-07-12 18:45:00,58.72,54.50718703330843
2018-07-12 19:00:00,49.39,51.317160609601025
2018-07-12 19:15:00,46.87,55.26007774455265
2018-07-12 19:30:00,47.27,54.163571042812336
2018-07-12 19:45:00,44.1,55.23630240039371
2018-07-12 20:00:00,48.89,52.37364364355951
2018-07-12 20:15:00,73.84,46.84713599848774
2018-07-12 20:30:00,49.32,39.590219526643374
2018-07-12 20:45:00,19.04,38.053502171283114
2018-07-12 21:00:00,7.99,14.246323968227706
2018-07-12 21:15:00,4.03,2.5324677076359823
2018-07-12 21:30:00,3.64,4.473923415651889
2018-07-12 21:45:00,3.56,3.3981800297036493
2018-07-12 22:00:00,3.53,4.049306825171188
2018-07-12 22:15:00,3.71,3.5662675664466477
2018-07-12 22:30:00,4.39,3.649063300620058
2018-07-12 22:45:00,3.82,3.967985907948021
2018-07-12 23:00:00,2.95,4.150750025563654
2018-07-12 23:15:00,2.66,3.9884206868477348
2018-07-12 23:30:00,2.7,3.5447214806402436
2018-07-12 23:45:00,2.59,3.1312927097309085
2018-07-13 00:00:00,2.66,3.105991768548667
2018-07-13 00:15:00,2.81,3.0984816435876645
2018-07-13 00:30:00,2.74,3.167452277964539
2018-07-13 00:45:00,2.77,3.415055499402847
2018-07-13 01:00:00,2.81,3.1916180481303056
2018-07-13 01:15:00,2.81,3.0959331632339033
2018-07-13 01:30:00,2.74,3.057880331901165
2018-07-13 01:45:00,2.81,2.9941486028150988
2018-07-13 02:00:00,2.77,2.9941486028150988
2018-07-13 02:15:00,2.74,2.9941486028150988
2018-07-13 02:30:00,2.77,2.9941486028150988
2018-07-13 02:45:00,3.2,3.06122149211646
2018-07-13 03:00:00,3.2,2.997489763030394
2018-07-13 03:15:00,2.81,3.2599258927255264
2018-07-13 03:30:00,2.84,3.2599258927255264
2018-07-13 03:45:00,2.88,3.0187201828625385
2018-07-13 04:00:00,2.84,3.051614840759232
2018-07-13 04:15:00,2.84,3.0725589332350105
2018-07-13 04:30:00,3.17,3.0480903568007762
2018-07-13 04:45:00,3.28,3.0271462643249976
2018-07-13 05:00:00,2.84,3.3307827941148673
2018-07-13 05:15:00,2.84,3.3616521860907724
2018-07-13 05:30:00,2.81,3.1501347877262105
2018-07-13 05:45:00,2.84,3.0747193195485716
2018-07-13 06:00:00,2.77,3.0956634120243502
2018-07-13 06:15:00,2.74,3.050510392895472
2018-07-13 06:30:00,2.81,3.0295663004196935
2018-07-13 06:45:00,2.77,3.0688926415572357
2018-07-13 07:00:00,2.81,3.078023680976141
2018-07-13 07:15:00,3.2,3.038697339838599
2018-07-13 07:30:00,3.38,3.3265214754590158
2018-07-13 07:45:00,3.67,4.831287974768854
2018-07-13 08:00:00,29.95,39.97850105216659
2018-07-13 08:15:00,39.06,68.88670039459177
2018-07-13 08:30:00,46.91,57.371025133604554
2018-07-13 08:45:00,48.42,50.02051298575257
2018-07-13 09:00:00,49.07,55.184748081350705
2018-07-13 09:15:00,60.91,54.771822549615806
2018-07-13 09:30:00,65.52,52.26622920730616
2018-07-13 09:45:00,56.66,54.141253141991776
2018-07-13 10:00:00,55.19,58.36517721553994
2018-07-13 10:15:00,61.56,56.3342013846576
2018-07-13 10:30:00,51.01,62.92511636067662
2018-07-13 10:45:00,53.03,65.53133054637009
2018-07-13 11:00:00,57.78,64.08917579977056
2018-07-13 11:15:00,56.74,62.69617484505575
2018-07-13 11:30:00,47.45,57.95362393726819
2018-07-13 11:45:00,46.33,52.744875255514835
2018-07-13 12:00:00,6.73,12.05413848274005
2018-07-13 12:15:00,4.57,7.678533561626534
2018-07-13 12:30:00,4.86,6.031586602869145
2018-07-13 12:45:00,5.72,5.525477085540785
2018-07-13 13:00:00,34.78,36.61879093355326
2018-07-13 13:15:00,52.42,51.61430274069633
2018-07-13 13:30:00,58.75,56.474846148414386
2018-07-13 13:45:00,48.24,59.87459525257388
2018-07-13 14:00:00,51.84,58.21045829567052
2018-07-13 14:15:00,61.85,54.546460873587286
2018-07-13 14:30:00,47.27,57.56540286762287
2018-07-13 14:45:00,48.74,63.20406669233375
2018-07-13 15:00:00,53.24,51.46047177292512
2018-07-13 15:15:00,54.72,56.304945301187445
2018-07-13 15:30:00,57.31,59.74976565711948
2018-07-13 15:45:00,46.62,54.702160395283734
2018-07-13 16:00:00,48.35,51.26099016902619
2018-07-13 16:15:00,49.5,50.598017420338024
2018-07-13 16:30:00,54.83,53.419552524291305
2018-07-13 16:45:00,57.13,55.7705748906585
2018-07-13 17:00:00,58.14,52.480427218182044
2018-07-13 17:15:00,54.94,48.25595635918022
2018-07-13 17:30:00,30.89,38.222347249843835
2018-07-13 17:45:00,31.1,31.3805304506257
2018-07-13 18:00:00,34.88,39.06186023978989
2018-07-13 18:15:00,59.94,49.647057810311374
2018-07-13 18:30:00,57.56,42.482339091048665
2018-07-13 18:45:00,48.89,56.629789123396804
2018-07-13 19:00:00,46.87,50.761455703714006
2018-07-13 19:15:00,62.6,50.64119262982666
2018-07-13 19:30:00,55.44,52.46405253766445
2018-07-13 19:45:00,65.66,58.650244777636225
2018-07-13 20:00:00,57.6,50.668779459918696
2018-07-13 20:15:00,61.85,62.100776625373996
2018-07-13 20:30:00,46.84,48.21362536396672
2018-07-13 20:45:00,27.22,34.5883231286779
2018-07-13 21:00:00,20.45,15.282980198935006
2018-07-13 21:15:00,3.89,8.99628567987117
2018-07-13 21:30:00,3.82,8.378795940598021
2018-07-13 21:45:00,3.78,3.52999869393815
2018-07-13 22:00:00,3.74,4.384729487588425
2018-07-13 22:15:00,4.54,3.8361952677861586
2018-07-13 22:30:00,3.67,3.7574567480466987
2018-07-13 22:45:00,3.2,4.384490317941432
2018-07-13 23:00:00,2.7,3.5532853834300395
2018-07-13 23:15:00,2.74,4.215371791183656
2018-07-13 23:30:00,2.66,3.176625989298977
2018-07-13 23:45:00,2.77,3.6052510717082784
2018-07-14 00:00:00,2.56,3.106022803955467
2018-07-14 00:15:00,2.63,3.044746777580239
2018-07-14 00:30:00,2.63,3.970947719950196
2018-07-14 00:45:00,2.74,3.0976240152303243
2018-07-14 01:00:00,2.66,3.1916180481303056
2018-07-14 01:15:00,2.63,3.1291073974651287
2018-07-14 01:30:00,2.66,2.9941486028150988
2018-07-14 01:45:00,2.7,2.9941486028150988
2018-07-14 02:00:00,2.66,2.9941486028150988
2018-07-14 02:15:00,2.74,2.9941486028150988
2018-07-14 02:30:00,2.88,3.057880331901165
2018-07-14 02:45:00,3.24,2.997489763030394
2018-07-14 03:00:00,2.77,2.997489763030394
2018-07-14 03:15:00,2.84,3.2907952847014315
2018-07-14 03:30:00,3.31,3.1053652145802957
2018-07-14 03:45:00,3.06,3.0187201828625385
2018-07-14 04:00:00,2.74,3.323689942598125
2018-07-14 04:15:00,2.74,3.166712122146585
2018-07-14 04:30:00,2.74,3.0271462643249976
2018-07-14 04:45:00,2.74,2.999817951954889
2018-07-14 05:00:00,2.74,3.1349897531618924
2018-07-14 05:15:00,2.84,3.0271462643249976
2018-07-14 05:30:00,2.7,2.9753493755206546
2018-07-14 05:45:00,2.7,3.0895770842518795
2018-07-14 06:00:00,2.7,3.0895770842518795
2018-07-14 06:15:00,2.7,3.006461821630354
2018-07-14 06:30:00,2.7,3.006461821630354
2018-07-14 06:45:00,2.7,3.006461821630354
2018-07-14 07:00:00,2.66,3.006461821630354
2018-07-14 07:15:00,2.77,3.006461821630354
2018-07-14 07:30:00,3.74,3.194035794810868
2018-07-14 07:45:00,3.92,3.916695736273373
2018-07-14 08:00:00,22.5,23.603749976260257
2018-07-14 08:15:00,35.89,30.310994446184008
2018-07-14 08:30:00,38.63,24.14082060611887
2018-07-14 08:45:00,37.33,41.32818677558367
2018-07-14 09:00:00,37.76,42.09050473629533
2018-07-14 09:15:00,37.73,41.75656703856702
2018-07-14 09:30:00,37.08,41.17472355627165
2018-07-14 09:45:00,39.13,39.05254324866164
2018-07-14 10:00:00,37.84,39.14372520693251
2018-07-14 10:15:00,38.3,39.76664610437986
2018-07-14 10:30:00,36.04,40.11874325253416
2018-07-14 10:45:00,37.48,39.516855407521135
2018-07-14 11:00:00,38.05,34.4078458504525
2018-07-14 11:15:00,35.68,39.66735095114554
2018-07-14 11:30:00,38.16,35.184421018167555
2018-07-14 11:45:00,24.59,21.00446178198483
2018-07-14 12:00:00,3.71,9.86299229954304
2018-07-14 12:15:00,4.32,8.350942743712054
2018-07-14 12:30:00,3.89,4.06115088013368
2018-07-14 12:45:00,3.42,6.039765769371366
2018-07-14 13:00:00,22.03,17.197783000834452
2018-07-14 13:15:00,36.76,30.081980472858902
2018-07-14 13:30:00,34.96,33.393849758499215
2018-07-14 13:45:00,36.83,41.178134659714445
2018-07-14 14:00:00,35.86,35.326654420234696
2018-07-14 14:15:00,33.84,39.31422825383064
2018-07-14 14:30:00,70.2,35.25356204616853
2018-07-14 14:45:00,77.18,33.742199121965456
2018-07-14 15:00:00,73.26,70.35271814631815
2018-07-14 15:15:00,76.28,73.10830237307773
2018-07-14 15:30:00,84.28,73.97277346961596
2018-07-14 15:45:00,61.56,73.95063839523843
2018-07-14 16:00:00,57.46,71.93558990299465
2018-07-14 16:15:00,84.49,65.04144987615328
2018-07-14 16:30:00,71.96,59.56349125024704
2018-07-14 16:45:00,40.1,56.76758982290506
2018-07-14 17:00:00,25.99,57.720799063748665
2018-07-14 17:15:00,24.84,34.837890148638216
2018-07-14 17:30:00,26.1,15.235556575407912
2018-07-14 17:45:00,24.3,9.419995973895979
2018-07-14 18:00:00,5.47,23.61408412931601
2018-07-14 18:15:00,2.99,17.235150428745456
2018-07-14 18:30:00,2.88,4.575135843992445
2018-07-14 18:45:00,2.95,3.6551984890527023
2018-07-14 19:00:00,2.92,3.64312321125057
2018-07-14 19:15:00,3.28,4.513692565500033
2018-07-14 19:30:00,3.31,3.4882818707815817
2018-07-14 19:45:00,2.92,3.7015454643769865
2018-07-14 20:00:00,2.92,3.7237826213204257
2018-07-14 20:15:00,2.95,3.3992518994663494
2018-07-14 20:30:00,2.92,3.1451816939209185
2018-07-14 20:45:00,2.99,3.1412595233292078
2018-07-14 21:00:00,2.99,3.2096444780871454
2018-07-14 21:15:00,3.02,3.1588353425619755
2018-07-14 21:30:00,3.56,3.1916180481303056
2018-07-14 21:45:00,3.64,3.1916180481303056
2018-07-14 22:00:00,3.06,3.4073752927872722
2018-07-14 22:15:00,2.92,3.400534769249846
2018-07-14 22:30:00,2.81,3.14258191776629
2018-07-14 22:45:00,2.81,3.0409123103091162
2018-07-14 23:00:00,2.77,3.154277220105386
2018-07-14 23:15:00,2.81,3.024404194508892
2018-07-14 23:30:00,2.77,3.063158222379581
2018-07-14 23:45:00,2.92,3.073710635733253
2018-07-15 00:00:00,2.84,3.073710635733253
2018-07-15 00:15:00,2.84,3.073710635733253
2018-07-15 00:30:00,2.84,3.0456804067271874
2018-07-15 00:45:00,2.84,3.0159524616303406
2018-07-15 01:00:00,3.17,2.9941486028150988
2018-07-15 01:15:00,3.38,2.9941486028150988
2018-07-15 01:30:00,2.92,3.1212418542213176
2018-07-15 01:45:00,2.84,3.152111246197222
2018-07-15 02:00:00,2.84,3.09916047725499
2018-07-15 02:15:00,2.88,3.0409123103091162
2018-07-15 02:30:00,3.35,3.061856402784895
2018-07-15 02:45:00,3.1,3.0427546334327507
2018-07-15 03:00:00,2.95,3.4885394632806626
2018-07-15 03:15:00,2.92,3.241236757137501
2018-07-15 03:30:00,2.84,3.0811510027894204
2018-07-15 03:45:00,2.84,3.0662932380861125
2018-07-15 04:00:00,2.81,3.1047944514432557
2018-07-15 04:15:00,2.84,3.0593817825332428
2018-07-15 04:30:00,2.84,3.0593817825332428
2018-07-15 04:45:00,2.92,3.098708123670785
2018-07-15 05:00:00,2.81,3.098708123670785
2018-07-15 05:15:00,2.77,3.0593817825332428
2018-07-15 05:30:00,2.81,3.0593817825332428
2018-07-15 05:45:00,2.81,3.0593817825332428
2018-07-15 06:00:00,2.81,3.0593817825332428
2018-07-15 06:15:00,2.81,3.006461821630354
2018-07-15 06:30:00,4.28,3.038697339838599
2018-07-15 06:45:00,3.2,3.038697339838599
2018-07-15 07:00:00,2.74,4.124913875206281
2018-07-15 07:15:00,2.74,2.9129484237951715
2018-07-15 07:30:00,3.67,3.619230636580811
2018-07-15 07:45:00,8.86,4.502065898680643
2018-07-15 08:00:00,56.88,14.509360634184526
2018-07-15 08:15:00,90.68,36.02151553502022
2018-07-15 08:30:00,71.75,66.7303492656894
2018-07-15 08:45:00,111.92,89.2506829392177
2018-07-15 09:00:00,86.65,80.63359410170656
2018-07-15 09:15:00,82.66,78.0049659522266
2018-07-15 09:30:00,101.05,76.45982084534621
2018-07-15 09:45:00,77.62,76.02999758396186
2018-07-15 10:00:00,108.47,91.17708505942578
2018-07-15 10:15:00,98.57,81.273049143077
2018-07-15 10:30:00,80.46,92.04305796702899
2018-07-15 10:45:00,107.71,91.80805846890173
2018-07-15 11:00:00,78.66,87.57563287721999
2018-07-15 11:15:00,90.14,93.9065519970953
2018-07-15 11:30:00,87.3,85.41760918726915
2018-07-15 11:45:00,35.06,82.29163843714717
2018-07-15 12:00:00,5.58,13.708121563518173
2018-07-15 12:15:00,4.5,17.54510547291116
2018-07-15 12:30:00,4.28,5.675876919403205
2018-07-15 12:45:00,4.18,7.178476773081351
2018-07-15 13:00:00,48.92,41.43769745805948
2018-07-15 13:15:00,97.6,45.44619805062522
2018-07-15 13:30:00,88.88,61.28627121303133
2018-07-15 13:45:00,94.86,74.55256044215909
2018-07-15 14:00:00,99.86,84.74855819322894
2018-07-15 14:15:00,88.34,84.83741450997609
2018-07-15 14:30:00,95.72,95.77017975081321
2018-07-15 14:45:00,99.61,84.67774236031973
2018-07-15 15:00:00,85.93,78.90812405436724
2018-07-15 15:15:00,96.91,90.12109762941746
2018-07-15 15:30:00,98.06,90.52534542979056
2018-07-15 15:45:00,88.27,85.64786271122718
2018-07-15 16:00:00,97.85,88.29260452052725
2018-07-15 16:15:00,84.6,87.93551968397476
2018-07-15 16:30:00,91.04,85.92701264713192
2018-07-15 16:45:00,49.54,80.32600719635344
2018-07-15 17:00:00,26.89,74.39436636425621
2018-07-15 17:15:00,26.06,52.10563634145392
2018-07-15 17:30:00,25.56,16.810141431085537
2018-07-15 17:45:00,25.31,33.27385654263892
2018-07-15 18:00:00,37.73,31.77461801994976
2018-07-15 18:15:00,42.05,30.440023224326758
2018-07-15 18:30:00,39.46,43.77146623800612
2018-07-15 18:45:00,44.53,45.54973007048114
2018-07-15 19:00:00,45.79,41.75035605423946
2018-07-15 19:15:00,47.45,43.10921876841683
2018-07-15 19:30:00,44.5,46.6373676695267
2018-07-15 19:45:00,44.71,48.53556007871865
2018-07-15 20:00:00,44.35,42.008807461296776
2018-07-15 20:15:00,44.28,46.443149161538024
2018-07-15 20:30:00,44.03,36.43908405062595
2018-07-15 20:45:00,11.63,26.675926506353793
2018-07-15 21:00:00,6.3,13.116007528610053
2018-07-15 21:15:00,3.78,5.9696137835578265
2018-07-15 21:30:00,3.67,4.171515343385524
2018-07-15 21:45:00,3.85,3.2458962743977713
2018-07-15 22:00:00,4.72,3.7695823477725128
2018-07-15 22:15:00,3.78,3.8361952677861586
2018-07-15 22:30:00,3.46,4.223555171385611
2018-07-15 22:45:00,3.49,3.8397745105270067
2018-07-15 23:00:00,2.77,3.9268714775300615
2018-07-15 23:15:00,2.84,4.429936508020415
2018-07-15 23:30:00,2.81,3.2183258813904434
2018-07-15 23:45:00,2.92,3.1382894754851343
2018-07-16 00:00:00,2.92,3.124852762433416
2018-07-16 00:15:00,2.92,3.7492268411267466
2018-07-16 00:30:00,2.88,3.1128210072927485
2018-07-16 00:45:00,2.88,3.1128210072927485
2018-07-16 01:00:00,2.88,3.211395018180926
2018-07-16 01:15:00,2.92,3.066759914635278
2018-07-16 01:30:00,2.88,3.043653517962566
2018-07-16 01:45:00,2.95,3.0139255728657193
2018-07-16 02:00:00,2.99,3.043653517962566
2018-07-16 02:15:00,2.95,3.1073852470486325
2018-07-16 02:30:00,3.42,3.043653517962566
2018-07-16 02:45:00,2.99,3.0495022512892596
2018-07-16 03:00:00,2.92,3.3215773531281516
2018-07-16 03:15:00,2.99,3.17271523985449
2018-07-16 03:30:00,2.88,3.0707326711214042
2018-07-16 03:45:00,2.84,3.086070208136733
2018-07-16 04:00:00,3.42,3.142817952191621
2018-07-16 04:15:00,3.06,3.100940822309475
2018-07-16 04:30:00,2.88,3.3757024308569905
2018-07-16 04:45:00,2.92,3.277541111086497
2018-07-16 05:00:00,2.81,3.100940822309475
2018-07-16 05:15:00,2.77,3.1036273290180976
2018-07-16 05:30:00,2.81,3.166180675476471
2018-07-16 05:45:00,2.81,3.0791587525838633
2018-07-16 06:00:00,2.92,3.0791587525838633
2018-07-16 06:15:00,3.35,3.0978006510267617
2018-07-16 06:30:00,2.77,3.0978006510267617
2018-07-16 06:45:00,2.77,3.292979468600816
2018-07-16 07:00:00,2.81,3.1752093122003906
2018-07-16 07:15:00,3.28,3.0501097091407203
2018-07-16 07:30:00,3.6,3.371533460614277
2018-07-16 07:45:00,5.26,5.023571847937055
2018-07-16 08:00:00,63.25,36.06015371247221
2018-07-16 08:15:00,88.49,60.46845945302705
2018-07-16 08:30:00,94.21,87.35460672154106
2018-07-16 08:45:00,89.21,97.78700348522185
2018-07-16 09:00:00,97.81,91.62592199507314
2018-07-16 09:15:00,94.82,80.28026229432342
2018-07-16 09:30:00,77.9,81.63358241087509
2018-07-16 09:45:00,91.37,89.9727757448673
2018-07-16 10:00:00,101.27,91.48525764818494
2018-07-16 10:15:00,88.42,82.19475257951602
2018-07-16 10:30:00,55.33,89.77721374082468
2018-07-16 10:45:00,66.6,86.78756475926713
2018-07-16 11:00:00,47.92,75.14427339299885
2018-07-16 11:15:00,53.39,74.63456277783881
2018-07-16 11:30:00,75.71,51.12321241183904
2018-07-16 11:45:00,52.6,52.92751974819307
2018-07-16 12:00:00,5.69,11.45599630872832
2018-07-16 12:15:00,5.54,6.858353323672212
2018-07-16 12:30:00,5.36,6.858430454215592
2018-07-16 12:45:00,6.16,7.342486709243405
2018-07-16 13:00:00,30.92,64.8423484783294
2018-07-16 13:15:00,71.35,56.37596421324938
2018-07-16 13:30:00,52.13,58.0927513628835
2018-07-16 13:45:00,50.47,84.77485446426765
2018-07-16 14:00:00,55.76,63.490624739562136
2018-07-16 14:15:00,62.5,64.293737694314
2018-07-16 14:30:00,57.6,59.616314859347575
2018-07-16 14:45:00,65.81,63.98165148018272
2018-07-16 15:00:00,66.71,58.85505433373835
2018-07-16 15:15:00,60.05,63.88465552426523
2018-07-16 15:30:00,59.76,63.215594543899826
2018-07-16 15:45:00,64.15,63.887058753749784
2018-07-16 16:00:00,67.18,59.684376413914514
2018-07-16 16:15:00,65.3,63.15923524068239
2018-07-16 16:30:00,69.01,64.24218961312523
2018-07-16 16:45:00,67.07,63.3882385332686
2018-07-16 17:00:00,61.38,62.817008029689816
2018-07-16 17:15:00,56.02,62.293841359102956
2018-07-16 17:30:00,29.88,42.90307669506056
2018-07-16 17:45:00,31.21,32.43759163551186
2018-07-16 18:00:00,36.47,39.179328443872635
2018-07-16 18:15:00,46.48,55.26071761906409
2018-07-16 18:30:00,54.5,50.79559058544741
2018-07-16 18:45:00,56.16,48.16658139135898
2018-07-16 19:00:00,63.11,52.77524535021879
2018-07-16 19:15:00,61.85,53.61622480496273
2018-07-16 19:30:00,58.18,57.92030931851414
2018-07-16 19:45:00,55.01,58.85765687965988
2018-07-16 20:00:00,51.05,57.6549829167177
2018-07-16 20:15:00,49.46,57.843199845658155
2018-07-16 20:30:00,44.06,49.16737010419018
2018-07-16 20:45:00,23.0,34.245666158011524
2018-07-16 21:00:00,4.9,18.166446608895438
2018-07-16 21:15:00,4.18,1.1821819429523646
2018-07-16 21:30:00,3.82,3.6653453929199653
2018-07-16 21:45:00,3.82,3.2902313294923657
2018-07-16 22:00:00,3.71,4.020402580932891
2018-07-16 22:15:00,3.64,3.859441804195036
2018-07-16 22:30:00,3.64,3.6968333370643864
2018-07-16 22:45:00,3.53,3.571957710216649
2018-07-16 23:00:00,3.53,3.571957710216649
2018-07-16 23:15:00,3.89,3.903772001793492
2018-07-16 23:30:00,3.46,3.5020864332567574
2018-07-16 23:45:00,2.66,3.885505100554868
2018-07-17 00:00:00,2.95,3.4380808269020795
2018-07-17 00:15:00,2.92,3.206576639073953
2018-07-17 00:30:00,2.95,3.158238944109823
2018-07-17 00:45:00,2.95,3.158238944109823
2018-07-17 01:00:00,2.99,3.2333372453033378
2018-07-17 01:15:00,2.99,3.1163043808457447
2018-07-17 01:30:00,3.02,3.1163043808457447
2018-07-17 01:45:00,2.95,3.0525726517596783
2018-07-17 02:00:00,2.99,3.0139255728657193
2018-07-17 02:15:00,2.95,3.0606892803597368
2018-07-17 02:30:00,2.99,3.0606892803597368
2018-07-17 02:45:00,3.49,3.0688153703162335
2018-07-17 03:00:00,3.42,3.0495022512892596
2018-07-17 03:15:00,2.92,3.3890584191201434
2018-07-17 03:30:00,2.95,3.451234874403666
2018-07-17 03:45:00,2.88,3.2036283489990076
2018-07-17 04:00:00,2.95,3.094496289599192
2018-07-17 04:15:00,2.92,3.228117136526603
2018-07-17 04:30:00,2.95,3.118349375757387
2018-07-17 04:45:00,3.13,3.100940822309475
2018-07-17 05:00:00,3.49,3.1184850937214055
2018-07-17 05:15:00,2.99,3.191925816351729
2018-07-17 05:30:00,2.92,3.3512338544227562
2018-07-17 05:45:00,2.92,3.202147275985076
2018-07-17 06:00:00,2.95,3.1036273290180976
2018-07-17 06:15:00,2.92,3.1038869787992325
2018-07-17 06:30:00,2.88,3.1103023637354155
2018-07-17 06:45:00,2.88,3.0584743098892195
2018-07-17 07:00:00,2.99,3.1216715684865077
2018-07-17 07:15:00,3.17,3.1216715684865077
2018-07-17 07:30:00,3.24,3.4010824721138997
2018-07-17 07:45:00,3.49,4.9071713804874655
2018-07-17 08:00:00,32.83,37.544697750488666
2018-07-17 08:15:00,47.38,56.66978839198375
2018-07-17 08:30:00,67.75,56.25664213611126
2018-07-17 08:45:00,67.86,58.833770184906015
2018-07-17 09:00:00,58.64,67.18998756028333
2018-07-17 09:15:00,82.3,63.66280253243929
2018-07-17 09:30:00,60.91,56.186373705726375
2018-07-17 09:45:00,66.56,64.96871110555963
2018-07-17 10:00:00,50.0,64.51540421072639
2018-07-17 10:15:00,52.2,66.40512818677209
2018-07-17 10:30:00,49.79,61.44980266600983
2018-07-17 10:45:00,47.38,61.40625226903044
2018-07-17 11:00:00,54.0,62.90789875052189
2018-07-17 11:15:00,66.42,56.65974186970197
2018-07-17 11:30:00,54.72,60.234262144571794
2018-07-17 11:45:00,69.73,61.173264723701145
2018-07-17 12:00:00,8.39,8.827431114001577
2018-07-17 12:15:00,4.86,6.445925287513969
2018-07-17 12:30:00,4.46,5.4386118917059445
2018-07-17 12:45:00,4.25,6.63245325968582
2018-07-17 13:00:00,26.46,35.982435192667054
2018-07-17 13:15:00,59.62,69.82500305085954
2018-07-17 13:30:00,80.82,54.86561288301044
2018-07-17 13:45:00,96.62,60.939814798565735
2018-07-17 14:00:00,79.74,74.07659874130366
2018-07-17 14:15:00,104.94,84.57670058248671
2018-07-17 14:30:00,94.54,83.29000105000382
2018-07-17 14:45:00,71.35,93.86369472781655
2018-07-17 15:00:00,71.6,86.85540269177514
2018-07-17 15:15:00,72.97,85.45200023144702
2018-07-17 15:30:00,104.58,77.24815032141662
2018-07-17 15:45:00,78.55,72.43280266473218
2018-07-17 16:00:00,108.4,85.96392059547607
2018-07-17 16:15:00,100.55,85.5916466856066
2018-07-17 16:30:00,88.45,90.00214893309948
2018-07-17 16:45:00,104.26,92.57316833127287
2018-07-17 17:00:00,76.61,90.03622396639709
2018-07-17 17:15:00,60.05,84.36446692134442
2018-07-17 17:30:00,32.44,47.37832153484094
2018-07-17 17:45:00,32.29,51.160614493583175
2018-07-17 18:00:00,45.79,63.28220316189438
2018-07-17 18:15:00,91.04,74.2591642274089
2018-07-17 18:30:00,87.05,67.14562308449631
2018-07-17 18:45:00,60.48,89.37276179098131
2018-07-17 19:00:00,46.8,82.5832327541152
2018-07-17 19:15:00,55.48,64.44152177990043
2018-07-17 19:30:00,44.89,56.780454284930215
2018-07-17 19:45:00,57.17,67.42290661481394
2018-07-17 20:00:00,37.48,59.64250979588678
2018-07-17 20:15:00,55.76,55.28312206092316
2018-07-17 20:30:00,36.47,44.07881431995149
2018-07-17 20:45:00,9.86,34.01652014249311
2018-07-17 21:00:00,6.62,22.741809760937095
2018-07-17 21:15:00,3.78,6.2457526295470505
2018-07-17 21:30:00,3.85,4.924270241893427
2018-07-17 21:45:00,3.85,4.426638268540651
2018-07-17 22:00:00,3.74,3.8652893521931597
2018-07-17 22:15:00,3.67,3.739069702857545
2018-07-17 22:30:00,3.53,3.759402266455867
2018-07-17 22:45:00,2.81,3.63461121209008
2018-07-17 23:00:00,2.74,3.609017082192412
2018-07-17 23:15:00,2.7,3.598964216506966
2018-07-17 23:30:00,2.66,3.158238944109823
2018-07-17 23:45:00,3.38,3.1312927097309085
2018-07-18 00:00:00,2.7,3.3883065412579083
2018-07-18 00:15:00,2.74,3.4342814957211942
2018-07-18 00:30:00,2.74,3.178945226507535
2018-07-18 00:45:00,2.7,3.220563832143725
2018-07-18 01:00:00,2.7,3.156760419784662
2018-07-18 01:15:00,2.7,3.0795424316294318
2018-07-18 01:30:00,2.77,3.0047658627374614
2018-07-18 01:45:00,3.24,3.0047658627374614
2018-07-18 02:00:00,3.42,3.0434129416314204
2018-07-18 02:15:00,2.92,3.180002330820847
2018-07-18 02:30:00,2.88,3.2380124354626294
2018-07-18 02:45:00,2.88,3.094752054670513
2018-07-18 03:00:00,2.92,3.0325755993869907
2018-07-18 03:15:00,2.81,3.074750111694914
2018-07-18 03:30:00,2.88,3.0685280659584246
2018-07-18 03:45:00,3.02,3.029337442784901
2018-07-18 04:00:00,3.35,3.1093253835931476
2018-07-18 04:15:00,2.84,3.100194344174242
2018-07-18 04:30:00,2.81,3.52881322449763
2018-07-18 04:45:00,2.77,3.183856526437913
2018-07-18 05:00:00,2.81,3.085336579470934
2018-07-18 05:15:00,2.77,3.085336579470934
2018-07-18 05:30:00,2.74,3.058707616723139
2018-07-18 05:45:00,2.7,3.0608680030367
2018-07-18 06:00:00,2.74,3.0917811121812173
2018-07-18 06:15:00,2.74,3.088640940898504
2018-07-18 06:30:00,2.77,3.0493145997609616
2018-07-18 06:45:00,2.66,3.0170790815527164
2018-07-18 07:00:00,2.66,3.0409499990124624
2018-07-18 07:15:00,2.99,3.0409499990124624
2018-07-18 07:30:00,3.31,3.3379051740517847
2018-07-18 07:45:00,3.82,4.237853451714326
2018-07-18 08:00:00,29.74,40.52079317040692
2018-07-18 08:15:00,43.31,69.6029688794967
2018-07-18 08:30:00,49.68,54.498236241806715
2018-07-18 08:45:00,47.52,50.61006886793647
2018-07-18 09:00:00,55.94,61.16435681028598
2018-07-18 09:15:00,50.11,56.154163495109316
2018-07-18 09:30:00,45.61,56.07341149869516
2018-07-18 09:45:00,50.83,54.644812586837446
2018-07-18 10:00:00,44.75,50.43675956081455
2018-07-18 10:15:00,50.94,58.16041791441423
2018-07-18 10:30:00,64.15,54.87146163045008
2018-07-18 10:45:00,76.1,58.14865860447583
2018-07-18 11:00:00,51.34,61.972141066078606
2018-07-18 11:15:00,51.37,67.08539272846969
2018-07-18 11:30:00,55.04,61.526062695890914
2018-07-18 11:45:00,47.59,51.52692313353777
2018-07-18 12:00:00,29.45,10.651834294797204
2018-07-18 12:15:00,30.92,6.327437996055652
2018-07-18 12:30:00,29.16,16.589299091032753
2018-07-18 12:45:00,29.45,34.26600908936585
2018-07-18 13:00:00,44.89,42.858528624889416
2018-07-18 13:15:00,73.87,44.53941632934729
2018-07-18 13:30:00,59.8,53.58415090336916
2018-07-18 13:45:00,66.96,69.24929322043735
2018-07-18 14:00:00,62.57,62.56455900129016
2018-07-18 14:15:00,54.07,64.34700643659433
2018-07-18 14:30:00,60.48,60.331972871203874
2018-07-18 14:45:00,56.99,63.24573385457615
2018-07-18 15:00:00,48.38,64.95196308239544
2018-07-18 15:15:00,52.49,62.10483619786243
2018-07-18 15:30:00,59.18,58.7678023259042
2018-07-18 15:45:00,60.59,58.14932437799777
2018-07-18 16:00:00,61.96,59.28937352622849
2018-07-18 16:15:00,61.45,61.195182839968595
2018-07-18 16:30:00,61.99,62.26825117046915
2018-07-18 16:45:00,53.17,62.59222663883819
2018-07-18 17:00:00,50.51,61.093218466583295
2018-07-18 17:15:00,60.3,51.96402141978052
2018-07-18 17:30:00,60.34,42.265273162350994
2018-07-18 17:45:00,53.32,33.80064214834472
2018-07-18 18:00:00,5.83,33.56744998383584
2018-07-18 18:15:00,3.78,38.29888863664084
2018-07-18 18:30:00,3.42,8.228819357435722
2018-07-18 18:45:00,3.38,7.215655650756781
2018-07-18 19:00:00,3.42,7.347292522899823
2018-07-18 19:15:00,3.42,5.274332227251056
2018-07-18 19:30:00,3.42,3.415323773136875
2018-07-18 19:45:00,3.28,3.7551245243352525
2018-07-18 20:00:00,2.81,3.74868457703776
2018-07-18 20:15:00,2.77,3.713116733275656
2018-07-18 20:30:00,2.77,3.2415833726889702
2018-07-18 20:45:00,2.84,3.1715940526305806
2018-07-18 21:00:00,2.92,3.104084525638109
2018-07-18 21:15:00,2.88,2.6916219624086946
2018-07-18 21:30:00,2.95,3.122392145049197
2018-07-18 21:45:00,3.28,3.122392145049197
2018-07-18 22:00:00,3.28,3.085332773073434
2018-07-18 22:15:00,2.81,3.289104392335146
2018-07-18 22:30:00,2.84,3.3115539799086324
2018-07-18 22:45:00,2.81,3.080049792080506
2018-07-18 23:00:00,2.81,3.051529570231479
2018-07-18 23:15:00,2.7,3.0839815431592967
2018-07-18 23:30:00,2.77,3.066945780762126
2018-07-18 23:45:00,3.42,3.035035807674708
2018-07-19 00:00:00,2.99,3.0678185132430382
2018-07-19 00:15:00,2.84,3.4125202368282928
2018-07-19 00:30:00,2.77,3.0983783161715626
2018-07-19 00:45:00,2.81,3.0436912925064594
2018-07-19 01:00:00,2.81,3.021801625134632
2018-07-19 01:15:00,3.1,3.0143882483900386
2018-07-19 01:30:00,2.95,3.0047658627374614
2018-07-19 01:45:00,3.02,3.0343179226724004
2018-07-19 02:00:00,2.99,3.0434129416314204
2018-07-19 02:15:00,2.99,3.051971623486702
2018-07-19 02:30:00,3.02,3.0423985308125734
2018-07-19 02:45:00,2.92,3.0081070229527564
2018-07-19 03:00:00,2.95,3.0325755993869907
2018-07-19 03:15:00,3.46,3.0538060192191354
2018-07-19 03:30:00,3.38,3.1162368391460173
2018-07-19 03:45:00,2.74,3.544855719469405
2018-07-19 04:00:00,2.77,3.4868447374213227
2018-07-19 04:15:00,3.17,3.2147696355824302
2018-07-19 04:30:00,2.99,3.1162496886154516
2018-07-19 04:45:00,2.81,3.3890956357922954
2018-07-19 05:00:00,2.7,3.1016392797694614
2018-07-19 05:15:00,2.7,3.0608680030367
2018-07-19 05:30:00,2.7,3.133793960027382
2018-07-19 05:45:00,2.7,3.1547380525031605
2018-07-19 06:00:00,2.7,3.03776352424736
2018-07-19 06:15:00,2.7,3.0170790815527164
2018-07-19 06:30:00,2.59,3.088640940898504
2018-07-19 06:45:00,2.7,3.0710966694865736
2018-07-19 07:00:00,2.81,3.0409499990124624
2018-07-19 07:15:00,3.24,3.0409499990124624
2018-07-19 07:30:00,3.6,3.3379051740517847
2018-07-19 07:45:00,5.33,4.993468045333017
2018-07-19 08:00:00,46.44,42.258410837644576
2018-07-19 08:15:00,52.81,70.1928753168097
2018-07-19 08:30:00,65.27,66.34680923698191
2018-07-19 08:45:00,71.24,61.3297656560425
2018-07-19 09:00:00,72.5,65.84844551281215
2018-07-19 09:15:00,59.58,64.66717723000048
2018-07-19 09:30:00,52.31,62.04394957437643
2018-07-19 09:45:00,47.45,61.205472243837434
2018-07-19 10:00:00,54.5,64.26105724068245
2018-07-19 10:15:00,62.24,60.31518292969376
2018-07-19 10:30:00,54.04,59.18362086277824
2018-07-19 10:45:00,56.92,63.51251535944389
2018-07-19 11:00:00,70.78,58.69712846243265
2018-07-19 11:15:00,88.81,60.10013539999442
2018-07-19 11:30:00,100.3,60.83506847225084
2018-07-19 11:45:00,91.44,86.14597235309338
2018-07-19 12:00:00,7.06,20.233344434505856
2018-07-19 12:15:00,15.55,11.094452539210147
2018-07-19 12:30:00,23.33,5.553136811657162
2018-07-19 12:45:00,26.32,16.192089920748405
2018-07-19 13:00:00,48.64,78.99854457360468
2018-07-19 13:15:00,67.21,80.71824758064183
2018-07-19 13:30:00,94.61,61.84651646253034
2018-07-19 13:45:00,75.28,74.36673369239934
2018-07-19 14:00:00,71.82,88.21760333380685
2018-07-19 14:15:00,97.85,84.71886616659111
2018-07-19 14:30:00,106.27,74.04921597009194
2018-07-19 14:45:00,83.95,87.28823201588308
2018-07-19 15:00:00,75.96,94.82177649819708
2018-07-19 15:15:00,79.38,90.93158212052586
2018-07-19 15:30:00,83.77,79.37273040453346
2018-07-19 15:45:00,78.73,80.70821490280206
2018-07-19 16:00:00,111.42,82.41042457789028
2018-07-19 16:15:00,85.5,77.49766004886851
2018-07-19 16:30:00,90.9,92.76538853917542
2018-07-19 16:45:00,95.76,86.92175733682389
2018-07-19 17:00:00,70.2,77.94864900278827
2018-07-19 17:15:00,96.55,83.02821363056317
2018-07-19 17:30:00,31.68,46.96684182612169
2018-07-19 17:45:00,31.64,51.53155616666871
2018-07-19 18:00:00,55.76,53.42479165781194
2018-07-19 18:15:00,82.66,79.63692832980644
2018-07-19 18:30:00,99.14,72.35934378497116
2018-07-19 18:45:00,69.8,83.57979332506557
2018-07-19 19:00:00,51.44,81.9328151334576
2018-07-19 19:15:00,66.13,87.52759236091813
2018-07-19 19:30:00,65.7,72.67046496833629
2018-07-19 19:45:00,59.22,70.41294662983557
2018-07-19 20:00:00,52.38,68.9799171292566
2018-07-19 20:15:00,51.98,60.14847173531889
2018-07-19 20:30:00,63.22,50.9102758606455
2018-07-19 20:45:00,47.66,42.646695613782526
2018-07-19 21:00:00,40.61,37.52766609235422
2018-07-19 21:15:00,40.28,18.86621494713574
2018-07-19 21:30:00,35.71,47.196339473946225
2018-07-19 21:45:00,33.48,36.72786962354759
2018-07-19 22:00:00,11.84,30.401259432100332
2018-07-19 22:15:00,3.82,32.792858499786675
2018-07-19 22:30:00,3.6,9.166179492155127
2018-07-19 22:45:00,3.53,4.299657730404124
2018-07-19 23:00:00,4.5,4.405892084327076
2018-07-19 23:15:00,3.82,3.789885940933165
2018-07-19 23:30:00,3.38,4.4455049451647355
2018-07-19 23:45:00,3.6,4.677409226348533
2018-07-20 00:00:00,3.38,4.898985497177724
2018-07-20 00:15:00,2.84,4.427481019590883
2018-07-20 00:30:00,2.81,3.446354734494385
2018-07-20 00:45:00,2.77,3.288154144124658
2018-07-20 01:00:00,2.88,3.1147981459346648
2018-07-20 01:15:00,2.88,4.316624312417062
2018-07-20 01:30:00,2.84,3.1932759462223475
2018-07-20 01:45:00,2.88,3.1677544763590877
2018-07-20 02:00:00,2.81,3.1677544763590877
2018-07-20 02:15:00,2.84,3.1677544763590877
2018-07-20 02:30:00,2.88,3.0238765479119456
2018-07-20 02:45:00,2.84,2.997489763030394
2018-07-20 03:00:00,2.92,2.997489763030394
2018-07-20 03:15:00,2.92,3.11468743015685
2018-07-20 03:30:00,2.81,3.0509557010707837
2018-07-20 03:45:00,2.74,3.0509557010707837
2018-07-20 04:00:00,2.77,3.0593817825332428
2018-07-20 04:15:00,3.28,3.0271462643249976
2018-07-20 04:30:00,4.21,3.0593817825332428
2018-07-20 04:45:00,2.81,3.3223258449532302
2018-07-20 05:00:00,2.77,4.460749170816506
2018-07-20 05:15:00,2.77,2.8327913085314402
2018-07-20 05:30:00,2.77,3.541280718945665
2018-07-20 05:45:00,2.81,3.0725589332350105
2018-07-20 06:00:00,2.81,3.0665141477082916
2018-07-20 06:15:00,2.81,3.006461821630354
2018-07-20 06:30:00,2.7,3.078023680976141
2018-07-20 06:45:00,2.74,3.078023680976141
2018-07-20 07:00:00,2.7,3.006461821630354
2018-07-20 07:15:00,3.2,3.006461821630354
2018-07-20 07:30:00,3.24,3.303416996669676
2018-07-20 07:45:00,3.78,4.831287974768854
2018-07-20 08:00:00,31.57,39.22989674771294
2018-07-20 08:15:00,47.88,70.32522838934386
2018-07-20 08:30:00,51.52,58.746115417272776
2018-07-20 08:45:00,64.3,57.23212082180571
2018-07-20 09:00:00,59.44,58.67555903078513
2018-07-20 09:15:00,57.71,60.258324273781064
2018-07-20 09:30:00,52.7,54.78339841829806
2018-07-20 09:45:00,53.5,52.001568770129886
2018-07-20 10:00:00,47.12,57.47000265790007
2018-07-20 10:15:00,63.58,59.8150082101741
2018-07-20 10:30:00,54.65,57.31000688316375
2018-07-20 10:45:00,61.38,62.79976572107366
2018-07-20 11:00:00,61.7,59.52825945920092
2018-07-20 11:15:00,63.83,60.52284878187091
2018-07-20 11:30:00,60.3,59.63998118425484
2018-07-20 11:45:00,57.38,55.753681425649155
2018-07-20 12:00:00,6.88,9.172043032359078
2018-07-20 12:15:00,5.33,5.718572302614078
2018-07-20 12:30:00,4.39,5.2215142470453815
2018-07-20 12:45:00,4.28,6.425074011861819
2018-07-20 13:00:00,30.38,41.2822066464624
2018-07-20 13:15:00,61.34,63.76185339010856
2018-07-20 13:30:00,61.49,55.85445240049357
2018-07-20 13:45:00,59.33,61.144640160305315
2018-07-20 14:00:00,50.65,62.22733310497129
2018-07-20 14:15:00,54.43,59.655911923860835
2018-07-20 14:30:00,60.01,59.53198394045341
2018-07-20 14:45:00,58.0,60.03794297324655
2018-07-20 15:00:00,62.71,58.61853888904825
2018-07-20 15:15:00,64.58,58.54032484656842
2018-07-20 15:30:00,64.51,59.838299234234384
2018-07-20 15:45:00,63.94,60.00615711764262
2018-07-20 16:00:00,60.91,61.65476484183196
2018-07-20 16:15:00,68.18,61.337732034799025
2018-07-20 16:30:00,99.18,60.550143022215174
2018-07-20 16:45:00,99.04,60.62750793061536
2018-07-20 17:00:00,68.26,77.53140759875349
2018-07-20 17:15:00,59.51,84.09585320320824
2018-07-20 17:30:00,31.28,40.6394345081987
2018-07-20 17:45:00,31.21,43.157256876897904
2018-07-20 18:00:00,42.01,56.87575474995811
2018-07-20 18:15:00,52.34,60.81680027032363
2018-07-20 18:30:00,43.42,51.96737468823057
2018-07-20 18:45:00,82.66,54.516862090170484
2018-07-20 19:00:00,102.35,46.58936275771958
2018-07-20 19:15:00,66.02,69.18691684831232
2018-07-20 19:30:00,82.08,88.85396210162325
2018-07-20 19:45:00,97.67,76.21750055905584
2018-07-20 20:00:00,72.86,76.79494553522423
2018-07-20 20:15:00,67.82,86.37183194257202
2018-07-20 20:30:00,44.68,75.8594904268614
2018-07-20 20:45:00,28.48,52.58630171891191
2018-07-20 21:00:00,6.19,30.50791905824631
2018-07-20 21:15:00,4.46,13.032029670924821
2018-07-20 21:30:00,3.92,4.264310032840892
2018-07-20 21:45:00,3.92,3.481824817277907
2018-07-20 22:00:00,3.96,3.918818069137089
2018-07-20 22:15:00,3.78,3.9936515771818213
2018-07-20 22:30:00,3.6,3.723866942429192
2018-07-20 22:45:00,3.17,3.723866942429192
2018-07-20 23:00:00,3.1,3.765820844560376
2018-07-20 23:15:00,3.1,4.074979914816396
2018-07-20 23:30:00,3.1,3.625137442471914
2018-07-20 23:45:00,3.38,3.23125947958219
2018-07-21 00:00:00,3.13,3.032795113227187
2018-07-21 00:15:00,2.99,3.329530953288172
2018-07-21 00:30:00,3.06,3.2107656071647956
2018-07-21 00:45:00,3.06,3.114659777627495
2018-07-21 01:00:00,3.02,3.2350394886416054
2018-07-21 01:15:00,3.02,3.150993691112328
2018-07-21 01:30:00,2.99,3.127686622029056
2018-07-21 01:45:00,3.24,3.113563173192295
2018-07-21 02:00:00,3.24,3.113563173192295
2018-07-21 02:15:00,3.64,3.345067361020421
2018-07-21 02:30:00,3.78,3.365178243132681
2018-07-21 02:45:00,3.35,3.402156559845805
2018-07-21 03:00:00,3.38,3.619352325007961
2018-07-21 03:15:00,3.28,3.4768705732630583
2018-07-21 03:30:00,3.35,3.4768705732630583
2018-07-21 03:45:00,3.28,3.3281815456846813
2018-07-21 04:00:00,3.24,3.4945278100197132
2018-07-21 04:15:00,3.31,3.4987501658016202
2018-07-21 04:30:00,3.28,3.5065689440872707
2018-07-21 04:45:00,3.28,3.4987501658016202
2018-07-21 05:00:00,3.35,3.4987501658016202
2018-07-21 05:15:00,3.24,3.4987501658016202
2018-07-21 05:30:00,3.71,3.4987501658016202
2018-07-21 05:45:00,3.64,3.4987501658016202
2018-07-21 06:00:00,3.24,3.623625792649358
2018-07-21 06:15:00,3.31,3.410371341429892
2018-07-21 06:30:00,3.24,3.410371341429892
2018-07-21 06:45:00,3.28,3.410371341429892
2018-07-21 07:00:00,3.28,3.406148985647985
2018-07-21 07:15:00,3.46,3.418367379925313
2018-07-21 07:30:00,4.07,4.143283000755966
2018-07-21 07:45:00,3.78,4.998744226372012
2018-07-21 08:00:00,24.23,22.0875741335554
2018-07-21 08:15:00,40.39,34.43747240209526
2018-07-21 08:30:00,32.69,29.726985631673653
2018-07-21 08:45:00,33.55,45.579948134475465
2018-07-21 09:00:00,44.42,35.499647212558116
2018-07-21 09:15:00,45.14,34.60410904602064
2018-07-21 09:30:00,43.49,47.990322051020534
2018-07-21 09:45:00,43.74,47.042032830669775
2018-07-21 10:00:00,42.12,39.42473458630723
2018-07-21 10:15:00,45.54,39.16216631779232
2018-07-21 10:30:00,44.64,39.19657927822766
2018-07-21 10:45:00,43.67,44.77377011115133
2018-07-21 11:00:00,44.93,45.95106496958694
2018-07-21 11:15:00,45.14,38.53246243033782
2018-07-21 11:30:00,32.9,43.20456856110346
2018-07-21 11:45:00,10.87,30.435549648178135
2018-07-21 12:00:00,4.25,11.477865796343094
2018-07-21 12:15:00,4.28,7.152465804293867
2018-07-21 12:30:00,4.21,3.7748432360579636
2018-07-21 12:45:00,4.14,6.006613976054058
2018-07-21 13:00:00,11.81,18.2969641158661
2018-07-21 13:15:00,50.29,30.018659142111165
2018-07-21 13:30:00,37.73,30.47762144144525
2018-07-21 13:45:00,31.86,53.35489229521747
2018-07-21 14:00:00,37.01,39.18919061102608
2018-07-21 14:15:00,49.18,33.041237890251615
2018-07-21 14:30:00,31.14,39.52762150851729
2018-07-21 14:45:00,42.19,52.50762136993818
2018-07-21 15:00:00,44.14,30.525213905704863
2018-07-21 15:15:00,50.4,37.86135229731006
2018-07-21 15:30:00,36.65,43.47386774758369
2018-07-21 15:45:00,34.96,52.64500373358367
2018-07-21 16:00:00,51.77,37.27172128795763
2018-07-21 16:15:00,45.68,31.44867912465707
2018-07-21 16:30:00,46.01,54.034179595166314
2018-07-21 16:45:00,12.53,39.18506573697504
2018-07-21 17:00:00,4.5,32.142171576647165
2018-07-21 17:15:00,3.78,4.807453427760664
2018-07-21 17:30:00,3.46,5.2416102664011825
2018-07-21 17:45:00,3.46,2.7618855318126236
2018-07-21 18:00:00,3.35,3.415894362487219
2018-07-21 18:15:00,3.35,3.766540680287126
2018-07-21 18:30:00,3.42,3.7260469103584732
2018-07-21 18:45:00,3.53,3.811246067404696
2018-07-21 19:00:00,3.49,3.8983544950963025
2018-07-21 19:15:00,3.49,3.6922770710533626
2018-07-21 19:30:00,2.88,3.5057112018007692
2018-07-21 19:45:00,2.95,3.590910358846992
2018-07-21 20:00:00,2.92,3.335660198222917
2018-07-21 20:15:00,2.99,3.181704726786464
2018-07-21 20:30:00,2.92,3.173278645324005
2018-07-21 20:45:00,2.95,3.0505952920616646
2018-07-21 21:00:00,2.95,3.1347553598296156
2018-07-21 21:15:00,3.6,3.120390982566342
2018-07-21 21:30:00,3.06,3.0736950158774463
2018-07-21 21:45:00,3.1,3.1818391912940687
2018-07-21 22:00:00,2.95,3.1255461553691193
2018-07-21 22:15:00,2.81,3.0534286078468846
2018-07-21 22:30:00,2.84,3.05839012596151
2018-07-21 22:45:00,2.81,3.111585471374335
2018-07-21 23:00:00,2.81,3.0409123103091162
2018-07-21 23:15:00,2.81,3.0456804067271874
2018-07-21 23:30:00,2.92,3.0784631122955175
2018-07-21 23:45:00,2.88,3.073710635733253
2018-07-22 00:00:00,3.13,3.073710635733253
2018-07-22 00:15:00,2.84,3.040927930164923
2018-07-22 00:30:00,2.81,3.0455045215652796
2018-07-22 00:45:00,2.92,3.0456804067271874
2018-07-22 01:00:00,2.92,2.9941486028150988
2018-07-22 01:15:00,2.88,3.0111843652122694
2018-07-22 01:30:00,2.84,3.00827205165186
2018-07-22 01:45:00,2.88,3.0238765479119456
2018-07-22 02:00:00,3.28,3.0238765479119456
2018-07-22 02:15:00,3.31,3.0327956817090578
2018-07-22 02:30:00,2.99,3.172708151875163
2018-07-22 02:45:00,2.88,3.3112815814730436
2018-07-22 03:00:00,2.88,3.1072392735374903
2018-07-22 03:15:00,2.88,3.0662932380861125
2018-07-22 03:30:00,2.81,3.087237330561891
2018-07-22 03:45:00,2.81,3.0963683699807967
2018-07-22 04:00:00,2.84,3.0593817825332428
2018-07-22 04:15:00,2.92,3.098708123670785
2018-07-22 04:30:00,2.92,3.098708123670785
2018-07-22 04:45:00,2.84,3.0720328128399492
2018-07-22 05:00:00,2.77,3.0593817825332428
2018-07-22 05:15:00,2.81,3.0593817825332428
2018-07-22 05:30:00,2.81,3.0593817825332428
2018-07-22 05:45:00,3.46,3.0271462643249976
2018-07-22 06:00:00,2.77,3.0271462643249976
2018-07-22 06:15:00,2.74,3.2732024985501953
2018-07-22 06:30:00,2.74,3.091127172670741
2018-07-22 06:45:00,3.35,3.038697339838599
2018-07-22 07:00:00,2.95,3.0631659162728333
2018-07-22 07:15:00,2.7,3.8267841944478778
2018-07-22 07:30:00,2.77,3.3712596448267664
2018-07-22 07:45:00,2.66,3.916695736273373
2018-07-22 08:00:00,2.74,7.49461421373813
2018-07-22 08:15:00,2.74,6.641405106024043
2018-07-22 08:30:00,2.74,3.096356154415803
2018-07-22 08:45:00,2.81,3.5007715373177106
2018-07-22 09:00:00,2.88,3.1924342209932086
2018-07-22 09:15:00,2.92,3.4226195575677947
2018-07-22 09:30:00,2.92,3.733370937542818
2018-07-22 09:45:00,2.84,3.733370937542818
2018-07-22 10:00:00,2.88,3.733370937542818
2018-07-22 10:15:00,2.81,3.733370937542818
2018-07-22 10:30:00,3.28,3.7175281845438675
2018-07-22 10:45:00,2.92,3.2035938849227907
2018-07-22 11:00:00,2.81,3.1688797367922565
2018-07-22 11:15:00,2.7,3.4221629622741134
2018-07-22 11:30:00,2.7,3.1547863712806166
2018-07-22 11:45:00,2.66,3.2179066684326716
2018-07-22 12:00:00,2.81,3.149363060096293
2018-07-22 12:15:00,3.35,3.195568279370049
2018-07-22 12:30:00,3.38,3.23442150617116
2018-07-22 12:45:00,2.92,3.504926975540542
2018-07-22 13:00:00,2.84,3.667620750553251
2018-07-22 13:15:00,2.84,3.9322332500713286
2018-07-22 13:30:00,2.84,3.839757679836586
2018-07-22 13:45:00,2.88,3.7645301487767497
2018-07-22 14:00:00,2.92,3.677403887065188
2018-07-22 14:15:00,3.02,3.733370937542818
2018-07-22 14:30:00,3.46,3.7867505487890893
2018-07-22 14:45:00,3.17,3.795881588207995
2018-07-22 15:00:00,2.92,3.759303583193252
2018-07-22 15:15:00,2.95,3.5478689578976863
2018-07-22 15:30:00,2.95,3.4603803861920333
2018-07-22 15:45:00,2.92,3.4603803861920333
2018-07-22 16:00:00,2.99,3.45296700944744
2018-07-22 16:15:00,2.99,2.594628270403664
2018-07-22 16:30:00,2.95,2.8051396874676935
2018-07-22 16:45:00,2.95,2.7855962990645815
2018-07-22 17:00:00,2.92,2.801361079956861
2018-07-22 17:15:00,2.95,2.7856141367857017
2018-07-22 17:30:00,2.99,2.7856141367857017
2018-07-22 17:45:00,3.06,2.768578374388531
2018-07-22 18:00:00,2.95,2.869250159135122
2018-07-22 18:15:00,2.88,3.0794221588705524
2018-07-22 18:30:00,3.06,3.097741867873993
2018-07-22 18:45:00,3.38,3.0972998146187702
2018-07-22 19:00:00,3.67,3.1236854927328994
2018-07-22 19:15:00,3.53,3.2424615546777042
2018-07-22 19:30:00,3.46,3.3184681029486973
2018-07-22 19:45:00,3.02,3.3529816809982615
2018-07-22 20:00:00,3.06,3.368286570914198
2018-07-22 20:15:00,3.06,3.163915605324052
2018-07-22 20:30:00,3.17,3.002727900837514
2018-07-22 20:45:00,3.1,3.2061917061972527
2018-07-22 21:00:00,3.06,3.165867806105387
2018-07-22 21:15:00,3.13,3.1032470758123853
2018-07-22 21:30:00,3.17,3.1000806939915755
2018-07-22 21:45:00,3.17,3.1032470758123853
2018-07-22 22:00:00,3.1,3.19960682620449
2018-07-22 22:15:00,2.95,3.200788267283665
2018-07-22 22:30:00,3.06,3.1032470758123853
2018-07-22 22:45:00,2.95,3.0878184647142075
2018-07-22 23:00:00,2.88,3.1142041428283367
2018-07-22 23:15:00,2.88,3.1096223235294493
2018-07-22 23:30:00,2.92,3.0784631122955175
2018-07-22 23:45:00,2.84,3.0907463981304235
2018-07-23 00:00:00,2.92,3.0678185132430382
2018-07-23 00:15:00,2.95,3.0678185132430382
2018-07-23 00:30:00,2.95,3.061982042053623
2018-07-23 00:45:00,3.1,3.094764747621953
2018-07-23 01:00:00,4.18,3.043653517962566
2018-07-23 01:15:00,3.49,3.073205577897505
2018-07-23 01:30:00,2.95,3.8484857474546272
2018-07-23 01:45:00,2.95,3.1719495632252532
2018-07-23 02:00:00,2.92,4.049244627920843
2018-07-23 02:15:00,2.99,3.6215908663327707
2018-07-23 02:30:00,2.92,3.211950691875667
2018-07-23 02:45:00,2.95,3.1269960559934957
2018-07-23 03:00:00,2.95,3.0888285924268017
2018-07-23 03:15:00,2.88,3.1100590122589464
2018-07-23 03:30:00,2.84,3.1345275886931807
2018-07-23 03:45:00,2.84,3.0707326711214042
2018-07-23 04:00:00,2.92,3.0791587525838633
2018-07-23 04:15:00,2.92,3.0791587525838633
2018-07-23 04:30:00,2.88,3.100940822309475
2018-07-23 04:45:00,2.77,3.0791587525838633
2018-07-23 05:00:00,2.81,3.0791587525838633
2018-07-23 05:15:00,2.81,3.1428904816699297
2018-07-23 05:30:00,3.31,3.0791587525838633
2018-07-23 05:45:00,2.84,3.0791587525838633
2018-07-23 06:00:00,2.77,3.3512338544227562
2018-07-23 06:15:00,2.77,3.1513383947406446
2018-07-23 06:30:00,2.77,3.0584743098892195
2018-07-23 06:45:00,3.17,3.082942886323454
2018-07-23 07:00:00,3.49,3.071053801616499
2018-07-23 07:15:00,3.67,3.2537454758764115
2018-07-23 07:30:00,3.74,4.002113711853441
2018-07-23 07:45:00,3.74,5.324083235050491
2018-07-23 08:00:00,20.59,39.70239206255524
2018-07-23 08:15:00,48.96,59.938895676957266
2018-07-23 08:30:00,73.55,57.71902148839644
2018-07-23 08:45:00,49.28,60.78618538547506
2018-07-23 09:00:00,72.36,76.55243021756867
2018-07-23 09:15:00,56.99,63.00215842759121
2018-07-23 09:30:00,67.32,65.47908193703992
2018-07-23 09:45:00,45.4,58.34961008935772
2018-07-23 10:00:00,48.85,61.64044778518932
2018-07-23 10:15:00,54.79,54.695352929137385
2018-07-23 10:30:00,59.0,63.858940740706885
2018-07-23 10:45:00,62.78,61.022160339070545
2018-07-23 11:00:00,65.16,62.56531637270779
2018-07-23 11:15:00,60.01,59.13030590165255
2018-07-23 11:30:00,51.8,61.89105882763952
2018-07-23 11:45:00,52.81,54.3971929007092
2018-07-23 12:00:00,6.16,10.05182592881321
2018-07-23 12:15:00,5.36,7.503121914868169
2018-07-23 12:30:00,5.44,4.500807997786863
2018-07-23 12:45:00,5.33,6.060077925354409
2018-07-23 13:00:00,42.84,45.34449784547848
2018-07-23 13:15:00,66.53,58.31529816203634
2018-07-23 13:30:00,57.2,61.64479924787407
2018-07-23 13:45:00,59.94,68.57406009942002
2018-07-23 14:00:00,63.83,59.92040360146908
2018-07-23 14:15:00,61.45,61.68930711435124
2018-07-23 14:30:00,55.58,61.24639901764112
2018-07-23 14:45:00,57.82,63.42749183507195
2018-07-23 15:00:00,54.14,61.63083578055444
2018-07-23 15:15:00,74.92,61.01127394706127
2018-07-23 15:30:00,59.65,61.2716259544825
2018-07-23 15:45:00,70.7,64.42059931520922
2018-07-23 16:00:00,59.26,62.04549557751326
2018-07-23 16:15:00,55.51,68.31424149106464
2018-07-23 16:30:00,65.7,61.0438021435774
2018-07-23 16:45:00,56.48,59.20194049458567
2018-07-23 17:00:00,63.0,61.251533767946746
2018-07-23 17:15:00,83.88,51.79140294967915
2018-07-23 17:30:00,29.92,45.52103439744057
2018-07-23 17:45:00,30.85,46.38763942215764
2018-07-23 18:00:00,57.64,38.88968015137342
2018-07-23 18:15:00,103.43,56.2286304574071
2018-07-23 18:30:00,76.61,66.92800738333753
2018-07-23 18:45:00,93.38,82.97610471181044
2018-07-23 19:00:00,79.99,85.91063258118322
2018-07-23 19:15:00,99.29,86.93732813300886
2018-07-23 19:30:00,88.34,88.2723829444422
2018-07-23 19:45:00,74.3,94.57470711773809
2018-07-23 20:00:00,101.09,93.3786368532147
2018-07-23 20:15:00,67.5,79.22719682416479
2018-07-23 20:30:00,61.38,75.38186195263461
2018-07-23 20:45:00,38.27,63.84121659512015
2018-07-23 21:00:00,5.0,36.10389165497219
2018-07-23 21:15:00,4.21,20.362210451486508
2018-07-23 21:30:00,3.85,2.98309330054851
2018-07-23 21:45:00,3.89,4.82281836977304
2018-07-23 22:00:00,3.85,4.79101843049399
2018-07-23 22:15:00,3.64,3.728000380781092
2018-07-23 22:30:00,3.49,3.8434063542434855
2018-07-23 22:45:00,3.06,3.6452613076750486
2018-07-23 23:00:00,2.84,3.63461121209008
2018-07-23 23:15:00,2.81,3.6880033964945267
2018-07-23 23:30:00,2.77,3.231792024780889
2018-07-23 23:45:00,2.88,3.19394621160434
2018-07-24 00:00:00,2.81,3.1983336201015864
2018-07-24 00:15:00,3.53,3.1594278535848996
2018-07-24 00:30:00,2.99,3.1861246047511482
2018-07-24 00:45:00,2.81,3.381384567096638
2018-07-24 01:00:00,2.92,3.2866789475239706
2018-07-24 01:15:00,2.92,3.086966464268727
2018-07-24 01:30:00,2.88,3.0946930643489563
2018-07-24 01:45:00,2.92,3.1016344963281086
2018-07-24 02:00:00,2.99,3.043653517962566
2018-07-24 02:15:00,3.46,3.0139255728657193
2018-07-24 02:30:00,2.92,3.0525726517596783
2018-07-24 02:45:00,2.92,3.298431107739764
2018-07-24 03:00:00,2.95,3.103911764798771
2018-07-24 03:15:00,3.06,3.0952012475556385
2018-07-24 03:30:00,3.02,3.086070208136733
2018-07-24 03:45:00,2.95,3.136859748839901
2018-07-24 04:00:00,2.99,3.0791587525838633
2018-07-24 04:15:00,2.92,3.0918097828905697
2018-07-24 04:30:00,2.92,3.1429536701556398
2018-07-24 04:45:00,2.95,3.1036273290180976
2018-07-24 05:00:00,2.95,3.070027713164958
2018-07-24 05:15:00,3.35,3.1036273290180976
2018-07-24 05:30:00,3.35,3.1184850937214055
2018-07-24 05:45:00,2.92,3.373015924148368
2018-07-24 06:00:00,2.95,3.4742223778239687
2018-07-24 06:15:00,2.92,3.1731204644662565
2018-07-24 06:30:00,3.02,3.082942886323454
2018-07-24 06:45:00,2.88,3.1038869787992325
2018-07-24 07:00:00,3.46,3.103289319824744
2018-07-24 07:15:00,3.49,3.0823452273489655
2018-07-24 07:30:00,3.56,4.073675571199227
2018-07-24 07:45:00,3.38,5.348551811484725
2018-07-24 08:00:00,34.06,35.280583325207225
2018-07-24 08:15:00,71.32,46.645671220030245
2018-07-24 08:30:00,94.61,62.324616972221506
2018-07-24 08:45:00,96.41,91.62630715875181
2018-07-24 09:00:00,82.19,88.1479162166545
2018-07-24 09:15:00,93.02,91.74393191928021
2018-07-24 09:30:00,92.52,94.44380780912681
2018-07-24 09:45:00,78.41,86.94896776816726
2018-07-24 10:00:00,97.06,76.26157326749677
2018-07-24 10:15:00,99.18,80.37480295400542
2018-07-24 10:30:00,104.94,89.44738130554965
2018-07-24 10:45:00,105.37,89.47657413649479
2018-07-24 11:00:00,102.56,89.97863828461566
2018-07-24 11:15:00,103.64,96.379173801477
2018-07-24 11:30:00,88.06,93.81024960724824
2018-07-24 11:45:00,102.92,89.28884436668667
2018-07-24 12:00:00,7.27,11.740311307136027
2018-07-24 12:15:00,5.65,10.97574748042912
2018-07-24 12:30:00,5.51,3.588726621775642
2018-07-24 12:45:00,5.4,5.626858236586027
2018-07-24 13:00:00,42.08,59.88623527616621
2018-07-24 13:15:00,83.56,90.6645357506989
2018-07-24 13:30:00,103.64,77.38322725830609
2018-07-24 13:45:00,94.21,78.757814061722
2018-07-24 14:00:00,56.38,88.05449881830386
2018-07-24 14:15:00,55.8,92.10789682656014
2018-07-24 14:30:00,61.02,78.15693603476372
2018-07-24 14:45:00,66.96,69.84319395414866
2018-07-24 15:00:00,66.49,65.7655572634157
2018-07-24 15:15:00,56.74,69.94886587856912
2018-07-24 15:30:00,53.64,70.39585354851852
2018-07-24 15:45:00,58.46,62.65141845967695
2018-07-24 16:00:00,51.52,62.755280749034085
2018-07-24 16:15:00,55.84,60.70703580227975
2018-07-24 16:30:00,58.32,61.41587706916326
2018-07-24 16:45:00,55.44,57.721421783765884
2018-07-24 17:00:00,54.94,53.640099262786606
2018-07-24 17:15:00,43.63,53.87886581601792
2018-07-24 17:30:00,29.12,41.5122818742137
2018-07-24 17:45:00,30.28,41.94859856072431
2018-07-24 18:00:00,49.68,36.729493952898316
2018-07-24 18:15:00,56.16,48.754297220035866
2018-07-24 18:30:00,58.61,52.657853141754494
2018-07-24 18:45:00,54.68,53.320046777705954
2018-07-24 19:00:00,46.91,54.690790490821975
2018-07-24 19:15:00,57.89,55.821897658773985
2018-07-24 19:30:00,58.5,52.1090636542166
2018-07-24 19:45:00,46.66,58.40475203722505
2018-07-24 20:00:00,52.56,56.846711744058
2018-07-24 20:15:00,61.27,47.11613390043415
2018-07-24 20:30:00,39.02,49.34650446608233
2018-07-24 20:45:00,29.16,36.58273047423972
2018-07-24 21:00:00,8.68,9.910388468659939
2018-07-24 21:15:00,3.92,9.834397924461848
2018-07-24 21:30:00,3.85,7.794951466799033
2018-07-24 21:45:00,3.82,4.247422083973908
2018-07-24 22:00:00,3.64,3.95647131046403
2018-07-24 22:15:00,3.56,3.7425392692158015
2018-07-24 22:30:00,3.56,3.571957710216649
2018-07-24 22:45:00,3.53,3.609017082192412
2018-07-24 23:00:00,2.95,3.571957710216649
2018-07-24 23:15:00,2.88,3.8304684043350923
2018-07-24 23:30:00,2.88,3.51383515446476
2018-07-24 23:45:00,2.74,3.1683520817066717
2018-07-25 00:00:00,2.84,3.1312927097309085
2018-07-25 00:15:00,3.13,3.107994260246016
2018-07-25 00:30:00,3.24,3.140720669140254
2018-07-25 00:45:00,2.84,3.2709689595207747
2018-07-25 01:00:00,3.13,3.4337394958807943
2018-07-25 01:15:00,3.06,3.2447365318273826
2018-07-25 01:30:00,2.99,3.162087183953747
2018-07-25 01:45:00,2.99,3.0920386971823692
2018-07-25 02:00:00,3.02,3.0188893115742226
2018-07-25 02:15:00,3.02,3.051529570231479
2018-07-25 02:30:00,2.99,3.0813927965043697
2018-07-25 02:45:00,2.95,3.098982001325518
2018-07-25 03:00:00,3.17,3.064811117595236
2018-07-25 03:15:00,3.31,3.125367878564923
2018-07-25 03:30:00,3.24,3.3665735884279107
2018-07-25 03:45:00,3.35,3.3798987089918855
2018-07-25 04:00:00,3.2,3.4777136980024173
2018-07-25 04:15:00,3.17,3.511313313855557
2018-07-25 04:30:00,3.2,3.501388014355431
2018-07-25 04:45:00,3.13,3.378399490954218
2018-07-25 05:00:00,3.13,3.356617421228606
2018-07-25 05:15:00,3.2,3.228178775133484
2018-07-25 05:30:00,3.17,3.228178775133484
2018-07-25 05:45:00,3.56,3.3959437623661484
2018-07-25 06:00:00,3.78,3.3959437623661484
2018-07-25 06:15:00,3.31,3.368558768520113
2018-07-25 06:30:00,3.06,3.628534846012434
2018-07-25 06:45:00,3.13,3.4614228533715377
2018-07-25 07:00:00,3.17,3.2868561060835666
2018-07-25 07:15:00,3.82,3.227142894116679
2018-07-25 07:30:00,4.14,4.19748574918409
2018-07-25 07:45:00,3.82,5.527070143851056
2018-07-25 08:00:00,17.75,44.523685917853896
2018-07-25 08:15:00,49.68,69.49689619470642
2018-07-25 08:30:00,57.17,54.84809026802988
2018-07-25 08:45:00,59.9,67.36257265070654
2018-07-25 09:00:00,57.38,62.76078634300361
2018-07-25 09:15:00,59.33,62.0043857590716
2018-07-25 09:30:00,46.91,62.21579347902392
2018-07-25 09:45:00,47.74,60.17924435444805
2018-07-25 10:00:00,49.14,56.58751982410961
2018-07-25 10:15:00,48.96,58.01023313096935
2018-07-25 10:30:00,47.74,57.980887799124794
2018-07-25 10:45:00,51.26,55.775492493991244
2018-07-25 11:00:00,58.18,55.53914431461107
2018-07-25 11:15:00,46.44,58.29852041453828
2018-07-25 11:30:00,57.96,57.365293589393225
2018-07-25 11:45:00,40.43,40.271845710962864
2018-07-25 12:00:00,4.39,7.756405139643661
2018-07-25 12:15:00,5.44,10.03389540662166
2018-07-25 12:30:00,5.65,4.244426724984647
2018-07-25 12:45:00,5.58,5.650514135981121
2018-07-25 13:00:00,28.26,47.185514919228545
2018-07-25 13:15:00,49.75,51.72480561403613
2018-07-25 13:30:00,51.3,51.35482712243381
2018-07-25 13:45:00,54.9,60.60325327516484
2018-07-25 14:00:00,57.53,59.00151965219727
2018-07-25 14:15:00,60.23,58.496528735582366
2018-07-25 14:30:00,56.88,56.71749856195311
2018-07-25 14:45:00,63.4,59.152984319922574
2018-07-25 15:00:00,45.18,63.17739106650984
2018-07-25 15:15:00,52.6,62.593810851807824
2018-07-25 15:30:00,56.88,55.527355848237704
2018-07-25 15:45:00,54.18,61.800751784518724
2018-07-25 16:00:00,63.0,60.62545044226496
2018-07-25 16:15:00,81.76,61.122420894100436
2018-07-25 16:30:00,98.93,59.44485710952099
2018-07-25 16:45:00,90.9,73.59566566076663
2018-07-25 17:00:00,92.56,85.02852533722417
2018-07-25 17:15:00,90.94,86.1326661107753
2018-07-25 17:30:00,29.84,46.72850424891314
2018-07-25 17:45:00,30.17,43.66013617440534
2018-07-25 18:00:00,48.78,47.43851294495015
2018-07-25 18:15:00,93.17,75.13033885268888
2018-07-25 18:30:00,103.86,62.86484194855988
2018-07-25 18:45:00,84.28,86.52985171461356
2018-07-25 19:00:00,94.64,83.58545991518427
2018-07-25 19:15:00,92.09,86.45640778621939
2018-07-25 19:30:00,79.67,87.77492274278912
2018-07-25 19:45:00,113.47,89.4389415367984
2018-07-25 20:00:00,84.28,82.46665928920278
2018-07-25 20:15:00,105.55,93.89225213114595
2018-07-25 20:30:00,69.91,71.37021488835211
2018-07-25 20:45:00,8.86,61.899955898600695
2018-07-25 21:00:00,6.16,45.40693228324746
2018-07-25 21:15:00,3.64,2.57994454936435
2018-07-25 21:30:00,3.56,5.842291355046159
2018-07-25 21:45:00,3.53,3.7088283648517075
2018-07-25 22:00:00,3.42,5.603744122899386
2018-07-25 22:15:00,3.31,3.58643020989256
2018-07-25 22:30:00,3.24,3.502483302015751
2018-07-25 22:45:00,3.28,3.6671346514743317
2018-07-25 23:00:00,2.66,3.6254515019618223
2018-07-25 23:15:00,2.59,5.071734698678332
2018-07-25 23:30:00,2.59,3.2805767179005487
2018-07-25 23:45:00,2.81,3.179687486021197
2018-07-26 00:00:00,2.63,3.2830731958330572
2018-07-26 00:15:00,2.66,3.1626517236240264
2018-07-26 00:30:00,2.63,3.1772143778355564
2018-07-26 00:45:00,2.63,3.1769648946228903
2018-07-26 01:00:00,2.88,3.202235308052668
2018-07-26 01:15:00,3.2,3.05760020450702
2018-07-26 01:30:00,3.38,3.0047658627374614
2018-07-26 01:45:00,3.28,3.1318591141436802
2018-07-26 02:00:00,3.56,3.1627285061195844
2018-07-26 02:15:00,3.82,3.2380124354626294
2018-07-26 02:30:00,3.31,3.2550481978598
2018-07-26 02:45:00,3.17,3.5292680455390553
2018-07-26 03:00:00,3.42,3.315108076242588
2018-07-26 03:15:00,3.64,3.425705332064999
2018-07-26 03:30:00,3.17,3.3421407160564316
2018-07-26 03:45:00,3.2,3.648257215941262
2018-07-26 04:00:00,3.17,3.509801246348456
2018-07-26 04:15:00,3.2,3.31191135535356
2018-07-26 04:30:00,3.17,3.4066399072042257
2018-07-26 04:45:00,3.17,3.3319157998203135
2018-07-26 05:00:00,3.1,3.31191135535356
2018-07-26 05:15:00,3.13,3.3959437623661484
2018-07-26 05:30:00,3.1,3.228178775133484
2018-07-26 05:45:00,3.1,3.228178775133484
2018-07-26 06:00:00,3.13,3.228178775133484
2018-07-26 06:15:00,3.1,3.20749433243884
2018-07-26 06:30:00,3.06,3.1865502399630614
2018-07-26 06:45:00,3.06,3.20749433243884
2018-07-26 07:00:00,3.24,3.173047928756363
2018-07-26 07:15:00,3.2,3.173047928756363
2018-07-26 07:30:00,3.56,4.109928529980982
2018-07-26 07:45:00,5.04,5.211700208174411
2018-07-26 08:00:00,35.46,43.078974176854956
2018-07-26 08:15:00,107.17,76.5744552913458
2018-07-26 08:30:00,79.74,58.299914233146616
2018-07-26 08:45:00,102.42,98.6031197322975
2018-07-26 09:00:00,100.12,90.25642828086875
2018-07-26 09:15:00,41.9,90.81092794632735
2018-07-26 09:30:00,56.95,95.72981117758509
2018-07-26 09:45:00,37.76,52.93522757827251
2018-07-26 10:00:00,36.29,59.60354396262408
2018-07-26 10:15:00,49.61,47.0108308645119
2018-07-26 10:30:00,50.15,46.39443867828159
2018-07-26 10:45:00,47.66,57.73383469612157
2018-07-26 11:00:00,51.01,57.162264956391766
2018-07-26 11:15:00,45.58,55.1138944073683
2018-07-26 11:30:00,52.24,59.27655495773347
2018-07-26 11:45:00,49.28,42.309601724536606
2018-07-26 12:00:00,16.7,7.319296685241634
2018-07-26 12:15:00,4.9,4.461566061858924
2018-07-26 12:30:00,4.61,5.431922560190007
2018-07-26 12:45:00,5.0,4.894493920185323
2018-07-26 13:00:00,28.62,36.813755366819294
2018-07-26 13:15:00,52.67,60.758593469202815
2018-07-26 13:30:00,56.12,52.52072658712369
2018-07-26 13:45:00,55.08,63.05853977039084
2018-07-26 14:00:00,42.55,59.87785469005888
2018-07-26 14:15:00,45.14,59.18433853980289
2018-07-26 14:30:00,45.97,44.75730042802012
2018-07-26 14:45:00,51.88,58.992205386371225
2018-07-26 15:00:00,48.96,56.425735689448025
2018-07-26 15:15:00,53.64,55.96395205386204
2018-07-26 15:30:00,56.95,51.76580923360031
2018-07-26 15:45:00,59.0,54.37539890594749
2018-07-26 16:00:00,56.95,55.51955275472984
2018-07-26 16:15:00,53.64,59.76987533131433
2018-07-26 16:30:00,56.09,56.95060158099116
2018-07-26 16:45:00,46.94,60.195147281502734
2018-07-26 17:00:00,56.2,54.43366042461808
2018-07-26 17:15:00,47.27,49.39028275385509
2018-07-26 17:30:00,28.44,35.35456196595691
2018-07-26 17:45:00,28.44,29.17611447915026
2018-07-26 18:00:00,35.82,28.90830633927586
2018-07-26 18:15:00,54.9,42.485982198441526
2018-07-26 18:30:00,42.55,41.08785461057709
2018-07-26 18:45:00,60.91,49.66416493062993
2018-07-26 19:00:00,53.89,41.296247598887206
2018-07-26 19:15:00,63.61,55.53372598106497
2018-07-26 19:30:00,55.73,51.902636576332014
2018-07-26 19:45:00,45.43,58.01365952943002
2018-07-26 20:00:00,63.18,56.22909515253632
2018-07-26 20:15:00,52.6,52.888962983014444
2018-07-26 20:30:00,38.77,52.46355691849836
2018-07-26 20:45:00,7.06,32.31249889291618
2018-07-26 21:00:00,6.12,15.259644361982318
2018-07-26 21:15:00,3.78,5.065598369909368
2018-07-26 21:30:00,3.71,4.710707755141106
2018-07-26 21:45:00,3.64,4.317612842486521
2018-07-26 22:00:00,3.71,3.9690065050114742
2018-07-26 22:15:00,4.46,3.6797005350676253
2018-07-26 22:30:00,3.46,3.6876736269361285
2018-07-26 22:45:00,2.88,4.137858858693287
2018-07-26 23:00:00,2.84,3.5998573720641542
2018-07-26 23:15:00,2.74,4.024249611989786
2018-07-26 23:30:00,2.77,3.222382831439965
2018-07-26 23:45:00,2.81,3.61476368836663
2018-07-27 00:00:00,2.77,3.098304383377894
2018-07-27 00:15:00,2.81,3.149665753713882
2018-07-27 00:30:00,2.84,3.415055499402847
2018-07-27 00:45:00,2.84,3.2135258149622103
2018-07-27 01:00:00,2.84,3.0767108896815043
2018-07-27 01:15:00,2.88,3.0767108896815043
2018-07-27 01:30:00,2.84,2.9941486028150988
2018-07-27 01:45:00,2.88,2.9941486028150988
2018-07-27 02:00:00,2.88,2.9941486028150988
2018-07-27 02:15:00,3.2,2.9941486028150988
2018-07-27 02:30:00,3.06,3.057880331901165
2018-07-27 02:45:00,2.88,3.2260026759876275
2018-07-27 03:00:00,2.88,3.065792775202518
2018-07-27 03:15:00,2.88,3.0509557010707837
2018-07-27 03:30:00,2.92,3.0662932380861125
2018-07-27 03:45:00,2.88,3.087237330561891
2018-07-27 04:00:00,2.92,3.0502507431143373
2018-07-27 04:15:00,3.46,3.0502507431143373
2018-07-27 04:30:00,3.24,3.0895770842518795
2018-07-27 04:45:00,2.81,3.370783225509678
2018-07-27 05:00:00,2.84,3.454445407773348
2018-07-27 05:15:00,2.84,3.1823703059344557
2018-07-27 05:30:00,2.84,3.083850358967477
2018-07-27 05:45:00,2.81,3.1230409821410006
2018-07-27 06:00:00,2.77,3.0803258750090214
2018-07-27 06:15:00,3.24,3.038697339838599
2018-07-27 06:30:00,3.02,3.078023680976141
2018-07-27 06:45:00,2.81,3.3125288396877375
2018-07-27 07:00:00,2.95,3.099325906481779
2018-07-27 07:15:00,4.25,3.038697339838599
2018-07-27 07:30:00,4.07,3.3601210913121555
2018-07-27 07:45:00,3.96,6.137855009346599
2018-07-27 08:00:00,28.4,43.2497996784659
2018-07-27 08:15:00,66.1,68.94498706150807
2018-07-27 08:30:00,50.4,62.971866319280196
2018-07-27 08:45:00,46.8,82.59506540302516
2018-07-27 09:00:00,66.31,64.75030658111754
2018-07-27 09:15:00,55.62,58.77505698934261
2018-07-27 09:30:00,58.79,60.99437561506772
2018-07-27 09:45:00,60.88,59.91753452621886
2018-07-27 10:00:00,52.56,54.98768998958423
2018-07-27 10:15:00,60.66,60.399423888636775
2018-07-27 10:30:00,56.95,60.454695781862085
2018-07-27 10:45:00,62.6,62.04776948156381
2018-07-27 11:00:00,45.76,61.25920767525792
2018-07-27 11:15:00,50.0,61.324012278293615
2018-07-27 11:30:00,53.14,53.20261774589438
2018-07-27 11:45:00,48.89,55.23563831529819
2018-07-27 12:00:00,4.25,9.89283545198725
2018-07-27 12:15:00,4.54,4.701814351699223
2018-07-27 12:30:00,4.57,3.8937124890198804
2018-07-27 12:45:00,4.61,6.511648979545304
2018-07-27 13:00:00,19.55,46.279283113060494
2018-07-27 13:15:00,47.02,52.43586016708398
2018-07-27 13:30:00,53.28,51.47360163673569
2018-07-27 13:45:00,55.3,56.887176290340875
2018-07-27 14:00:00,52.02,58.76887756543359
2018-07-27 14:15:00,55.4,57.5078558085281
2018-07-27 14:30:00,51.05,58.25338491444961
2018-07-27 14:45:00,39.96,57.63401622186328
2018-07-27 15:00:00,41.15,57.29448913639963
2018-07-27 15:15:00,50.76,45.44570416974848
2018-07-27 15:30:00,54.65,46.998960248934054
2018-07-27 15:45:00,55.08,55.65845130625893
2018-07-27 16:00:00,56.34,56.72300149687553
2018-07-27 16:15:00,52.88,55.311724232492395
2018-07-27 16:30:00,48.24,56.72763888983094
2018-07-27 16:45:00,54.4,57.19042659300451
2018-07-27 17:00:00,53.21,49.23776238531303
2018-07-27 17:15:00,39.85,50.98611847648429
2018-07-27 17:30:00,25.31,33.99470254727161
2018-07-27 17:45:00,25.56,25.95074783205151
2018-07-27 18:00:00,29.52,23.318967386705054
2018-07-27 18:15:00,45.97,31.913335313445724
2018-07-27 18:30:00,52.85,37.558386030033056
2018-07-27 18:45:00,67.57,47.66485860618209
2018-07-27 19:00:00,50.87,50.57324124859623
2018-07-27 19:15:00,54.32,62.05927839811265
2018-07-27 19:30:00,55.08,48.13068486656136
2018-07-27 19:45:00,34.24,52.68135046582336
2018-07-27 20:00:00,32.87,54.52829129568639
2018-07-27 20:15:00,40.14,41.312413449698994
2018-07-27 20:30:00,48.13,34.312854474472225
2018-07-27 20:45:00,15.8,24.120860265644698
2018-07-27 21:00:00,6.77,14.140295463800863
2018-07-27 21:15:00,4.36,2.4694211606692784
2018-07-27 21:30:00,3.82,6.339989905350393
2018-07-27 21:45:00,3.85,3.5590128050624776
2018-07-27 22:00:00,3.78,4.205801557889724
2018-07-27 22:15:00,3.1,3.9408664058850698
2018-07-27 22:30:00,2.92,3.7203973760709355
2018-07-27 22:45:00,2.92,3.3686070802381147
2018-07-27 23:00:00,2.92,3.3198008637172682
2018-07-27 23:15:00,2.84,4.479621443850651
2018-07-27 23:30:00,2.84,3.4542107491321996
2018-07-27 23:45:00,2.66,3.0763621562554824
2018-07-28 00:00:00,2.81,3.208669430383283
2018-07-28 00:15:00,2.92,3.208669430383283
2018-07-28 00:30:00,2.88,3.2170011496863955
2018-07-28 00:45:00,2.92,3.064841309661994
2018-07-28 01:00:00,2.95,3.1588353425619755
2018-07-28 01:15:00,3.38,3.0767108896815043
2018-07-28 01:30:00,3.78,3.087608276998012
2018-07-28 01:45:00,3.24,3.2553807357400717
2018-07-28 02:00:00,3.6,3.468048712627166
2018-07-28 02:15:00,3.46,3.195986192523789
2018-07-28 02:30:00,3.56,3.2741588830342843
2018-07-28 02:45:00,3.64,3.38499061032128
2018-07-28 03:00:00,3.49,3.4838053167853467
2018-07-28 03:15:00,4.0,3.4550885035374463
2018-07-28 03:30:00,3.85,3.502200894864414
2018-07-28 03:45:00,3.46,3.718022652209931
2018-07-28 04:00:00,3.42,3.8603872888350734
2018-07-28 04:15:00,3.49,4.164643374504637
2018-07-28 04:30:00,3.46,3.5065362159910456
2018-07-28 04:45:00,3.42,3.5065362159910456
2018-07-28 05:00:00,3.35,3.5065362159910456
2018-07-28 05:15:00,3.28,3.5065689440872707
2018-07-28 05:30:00,3.24,3.5065689440872707
2018-07-28 05:45:00,3.31,3.4945278100197132
2018-07-28 06:00:00,3.2,3.5065689440872707
2018-07-28 06:15:00,3.28,3.4181901197155424
2018-07-28 06:30:00,3.2,3.3795019494539873
2018-07-28 06:45:00,3.2,3.3579415085977504
2018-07-28 07:00:00,3.2,3.3795019494539873
2018-07-28 07:15:00,4.79,3.3270721166218453
2018-07-28 07:30:00,6.73,3.869863468435831
2018-07-28 07:45:00,6.12,5.3561454647178985
2018-07-28 08:00:00,18.72,34.757206491678296
2018-07-28 08:15:00,42.44,43.51412802629247
2018-07-28 08:30:00,51.19,38.51341567531045
2018-07-28 08:45:00,35.75,48.39513317883635
2018-07-28 09:00:00,35.78,60.40112829457983
2018-07-28 09:15:00,36.83,35.19617268350037
2018-07-28 09:30:00,49.21,33.88997577604938
2018-07-28 09:45:00,47.23,41.68677719928901
2018-07-28 10:00:00,46.4,51.128679237940176
2018-07-28 10:15:00,39.38,49.051969615011565
2018-07-28 10:30:00,40.32,47.32413109236947
2018-07-28 10:45:00,56.38,38.454404345660706
2018-07-28 11:00:00,67.61,38.46649470078355
2018-07-28 11:15:00,45.86,53.655604882724184
2018-07-28 11:30:00,57.89,59.23263049277089
2018-07-28 11:45:00,27.68,39.09748281826609
2018-07-28 12:00:00,4.54,5.903161396910302
2018-07-28 12:15:00,4.68,5.08612248897115
2018-07-28 12:30:00,4.5,4.3271854592909085
2018-07-28 12:45:00,4.39,4.623414020177998
2018-07-28 13:00:00,35.93,31.93145547074133
2018-07-28 13:15:00,47.27,43.60147040518808
2018-07-28 13:30:00,46.01,50.76220968764476
2018-07-28 13:45:00,45.29,47.90389646656357
2018-07-28 14:00:00,71.53,47.34354758471289
2018-07-28 14:15:00,44.89,48.07698180062831
2018-07-28 14:30:00,63.9,65.67471618838685
2018-07-28 14:45:00,49.9,49.79230012863059
2018-07-28 15:00:00,44.53,53.786506038884475
2018-07-28 15:15:00,41.65,54.41586673426756
2018-07-28 15:30:00,44.57,47.83723541380335
2018-07-28 15:45:00,50.94,39.301144612840176
2018-07-28 16:00:00,50.58,48.425129267664914
2018-07-28 16:15:00,48.92,52.46483088279428
2018-07-28 16:30:00,33.98,52.06705408660952
2018-07-28 16:45:00,22.82,38.78840810045707
2018-07-28 17:00:00,11.23,18.971261890708274
2018-07-28 17:15:00,3.49,5.407234925147378
2018-07-28 17:30:00,3.42,9.205278370015893
2018-07-28 17:45:00,3.53,2.5905008241048786
2018-07-28 18:00:00,3.35,3.3216889023281495
2018-07-28 18:15:00,3.35,3.6947453818366807
2018-07-28 18:30:00,4.1,3.3949644241289247
2018-07-28 18:45:00,4.14,3.7394507689542507
2018-07-28 19:00:00,2.84,4.2323161832270895
2018-07-28 19:15:00,2.95,4.21746297803429
2018-07-28 19:30:00,2.92,3.4432472475555587
2018-07-28 19:45:00,2.84,3.1884931672492436
2018-07-28 20:00:00,2.88,3.180894440203193
2018-07-28 20:15:00,2.92,3.1584062773015718
2018-07-28 20:30:00,2.88,3.1278607085069305
2018-07-28 20:45:00,2.84,3.2018419661921067
2018-07-28 21:00:00,2.92,3.1347553598296156
2018-07-28 21:15:00,2.81,3.1588353425619755
2018-07-28 21:30:00,2.81,3.0238765479119456
2018-07-28 21:45:00,2.88,3.0238765479119456
2018-07-28 22:00:00,2.7,3.0238765479119456
2018-07-28 22:15:00,2.63,3.0238765479119456
2018-07-28 22:30:00,2.74,3.0238765479119456
2018-07-28 22:45:00,3.13,3.087608276998012
2018-07-28 23:00:00,2.88,3.087608276998012
2018-07-28 23:15:00,2.59,3.0752324666621265
2018-07-28 23:30:00,2.59,3.0159524616303406
2018-07-28 23:45:00,2.74,3.011199985068076
2018-07-29 00:00:00,2.66,3.0579636925620934
2018-07-29 00:15:00,2.66,3.025323433904837
2018-07-29 00:30:00,2.63,3.0159524616303406
2018-07-29 00:45:00,3.06,3.0159524616303406
2018-07-29 01:00:00,3.13,3.0566592534802757
2018-07-29 01:15:00,2.7,3.0502622260260748
2018-07-29 01:30:00,2.66,3.023700662750038
2018-07-29 01:45:00,2.74,2.9941486028150988
2018-07-29 02:00:00,2.7,3.0111843652122694
2018-07-29 02:15:00,2.66,3.0111843652122694
2018-07-29 02:30:00,2.66,3.0150926952908774
2018-07-29 02:45:00,2.66,2.997489763030394
2018-07-29 03:00:00,2.7,3.0690516223761812
2018-07-29 03:15:00,2.74,3.090282042208326
2018-07-29 03:30:00,2.74,3.0187201828625385
2018-07-29 03:45:00,2.66,3.0187201828625385
2018-07-29 04:00:00,3.02,3.0271462643249976
2018-07-29 04:15:00,3.06,3.0271462643249976
2018-07-29 04:30:00,2.7,3.0271462643249976
2018-07-29 04:45:00,2.7,3.0632137582888763
2018-07-29 05:00:00,2.74,3.0271462643249976
2018-07-29 05:15:00,2.66,3.051614840759232
2018-07-29 05:30:00,2.7,3.051614840759232
2018-07-29 05:45:00,2.7,3.0271462643249976
2018-07-29 06:00:00,2.66,3.0271462643249976
2018-07-29 06:15:00,2.66,3.0513483701453055
2018-07-29 06:30:00,2.88,3.0688926415572357
2018-07-29 06:45:00,3.28,3.006461821630354
2018-07-29 07:00:00,2.95,3.006461821630354
2018-07-29 07:15:00,2.66,3.24096698034195
2018-07-29 07:30:00,2.81,3.3712596448267664
2018-07-29 07:45:00,3.17,3.916695736273373
2018-07-29 08:00:00,19.73,7.700515002529567
2018-07-29 08:15:00,34.7,20.50983090866716
2018-07-29 08:30:00,32.54,25.7138389298066
2018-07-29 08:45:00,35.39,39.08308410292467
2018-07-29 09:00:00,35.89,36.96880672484365
2018-07-29 09:15:00,32.51,37.39472078925664
2018-07-29 09:30:00,35.28,36.041850427431804
2018-07-29 09:45:00,32.47,34.836261683525564
2018-07-29 10:00:00,31.86,33.93319998727614
2018-07-29 10:15:00,35.14,34.93946688542067
2018-07-29 10:30:00,32.15,34.98587012369431
2018-07-29 10:45:00,35.39,33.93795095937077
2018-07-29 11:00:00,32.69,33.29611761528861
2018-07-29 11:15:00,34.99,33.1204805489859
2018-07-29 11:30:00,34.16,30.86825879522827
2018-07-29 11:45:00,11.09,23.780384413991076
2018-07-29 12:00:00,3.42,14.775000417255512
2018-07-29 12:15:00,3.53,10.217428014286
2018-07-29 12:30:00,3.49,3.916508951742394
2018-07-29 12:45:00,3.56,5.515109352344762
2018-07-29 13:00:00,12.02,17.335923452411237
2018-07-29 13:15:00,33.98,29.06124187474201
2018-07-29 13:30:00,32.62,29.182162050815858
2018-07-29 13:45:00,33.55,44.028415371795
2018-07-29 14:00:00,35.42,35.32307517749385
2018-07-29 14:15:00,34.63,34.28077344341353
2018-07-29 14:30:00,32.72,34.89247405965305
2018-07-29 14:45:00,33.3,34.000595992734176
2018-07-29 15:00:00,28.73,33.570558217314655
2018-07-29 15:15:00,34.92,33.14839412939473
2018-07-29 15:30:00,33.8,27.461261377005297
2018-07-29 15:45:00,34.02,33.887915933410596
2018-07-29 16:00:00,35.06,32.14023025106754
2018-07-29 16:15:00,32.54,31.364450502717492
2018-07-29 16:30:00,32.72,30.55900985932549
2018-07-29 16:45:00,5.47,22.910220308815905
2018-07-29 17:00:00,3.35,19.793331949739667
2018-07-29 17:15:00,3.02,2.1936554284780994
2018-07-29 17:30:00,2.99,3.298721985285837
2018-07-29 17:45:00,3.02,3.232153917964956
2018-07-29 18:00:00,2.81,3.2637818707688173
2018-07-29 18:15:00,2.81,4.7333044955885
2018-07-29 18:30:00,2.95,3.7446031494921996
2018-07-29 18:45:00,3.53,3.7304797006554384
2018-07-29 19:00:00,3.42,3.7304797006554384
2018-07-29 19:15:00,2.92,3.4837445993420673
2018-07-29 19:30:00,2.92,3.544446257697124
2018-07-29 19:45:00,2.95,3.2813773187873982
2018-07-29 20:00:00,3.02,3.2224065329135754
2018-07-29 20:15:00,2.95,3.320451826624519
2018-07-29 20:30:00,3.06,3.221045115743425
2018-07-29 20:45:00,3.02,3.1690592606237766
2018-07-29 21:00:00,3.02,3.0790165850632736
2018-07-29 21:15:00,3.1,3.0736950158774463
2018-07-29 21:30:00,3.64,3.0238765479119456
2018-07-29 21:45:00,3.02,3.0704643702440553
2018-07-29 22:00:00,2.99,3.1988749536912393
2018-07-29 22:15:00,2.77,3.124543015885649
2018-07-29 22:30:00,2.63,3.0317812708902108
2018-07-29 22:45:00,2.66,3.0736950158774463
2018-07-29 23:00:00,2.66,3.080509613293692
2018-07-29 23:15:00,3.17,3.0801939847767517
2018-07-29 23:30:00,3.24,3.0784631122955175
2018-07-29 23:45:00,2.63,3.2008038871394717
2018-07-30 00:00:00,2.66,3.210476266709225
2018-07-30 00:15:00,2.66,3.1277975526701463
2018-07-30 00:30:00,2.74,3.0492898593539466
2018-07-30 00:45:00,2.7,3.063413308190708
2018-07-30 01:00:00,2.7,3.0280490217024805
2018-07-30 01:15:00,2.81,3.0139255728657193
2018-07-30 01:30:00,2.74,3.0525726517596783
2018-07-30 01:45:00,2.77,3.0525726517596783
2018-07-30 02:00:00,2.77,3.0139255728657193
2018-07-30 02:15:00,2.95,3.0139255728657193
2018-07-30 02:30:00,3.35,3.0139255728657193
2018-07-30 02:45:00,2.88,3.0172667330810143
2018-07-30 03:00:00,2.77,3.2893418349199064
2018-07-30 03:15:00,2.7,3.125142184630916
2018-07-30 03:30:00,2.77,3.038497152913159
2018-07-30 03:45:00,2.77,3.0629657293473933
2018-07-30 04:00:00,2.7,3.0678673268513967
2018-07-30 04:15:00,2.74,3.046923234375618
2018-07-30 04:30:00,2.81,3.070027713164958
2018-07-30 04:45:00,2.74,3.1093540543025
2018-07-30 05:00:00,2.74,3.070027713164958
2018-07-30 05:15:00,2.66,3.046923234375618
2018-07-30 05:30:00,3.13,3.046923234375618
2018-07-30 05:45:00,2.88,3.046923234375618
2018-07-30 06:00:00,2.7,3.1203639570059414
2018-07-30 06:15:00,2.74,3.0262387916809743
2018-07-30 06:30:00,2.7,3.0262387916809743
2018-07-30 06:45:00,2.66,3.0507073681152086
2018-07-30 07:00:00,2.63,3.071053801616499
2018-07-30 07:15:00,3.06,3.0501097091407203
2018-07-30 07:30:00,3.78,3.3470648841800426
2018-07-30 07:45:00,3.56,4.345511475733344
2018-07-30 08:00:00,27.32,37.66883809055238
2018-07-30 08:15:00,62.68,44.3374691465347
2018-07-30 08:30:00,56.16,58.56022254052336
2018-07-30 08:45:00,58.68,70.8965456260726
2018-07-30 09:00:00,58.72,64.61381208819755
2018-07-30 09:15:00,57.2,58.68548438496665
2018-07-30 09:30:00,62.21,57.47929861962199
2018-07-30 09:45:00,59.94,60.536379249238195
2018-07-30 10:00:00,47.84,61.854374608657814
2018-07-30 10:15:00,50.76,62.378222823825325
2018-07-30 10:30:00,48.28,61.27452359908421
2018-07-30 10:45:00,54.14,59.60453452823521
2018-07-30 11:00:00,44.28,57.877555527883835
2018-07-30 11:15:00,56.99,59.78571162934567
2018-07-30 11:30:00,44.39,50.57440382180558
2018-07-30 11:45:00,34.02,48.63752859912295
2018-07-30 12:00:00,5.04,11.550573061300925
2018-07-30 12:15:00,7.09,11.260182956356854
2018-07-30 12:30:00,6.01,4.671297587538661
2018-07-30 12:45:00,5.9,10.341045432560486
2018-07-30 13:00:00,18.83,47.62314615985294
2018-07-30 13:15:00,60.41,40.76707867832681
2018-07-30 13:30:00,66.85,51.97054384952308
2018-07-30 13:45:00,53.06,65.55375862870726
2018-07-30 14:00:00,48.64,67.62880155454941
2018-07-30 14:15:00,50.36,61.4529492771945
2018-07-30 14:30:00,59.15,58.21472621512194
2018-07-30 14:45:00,76.14,62.03973241027294
2018-07-30 15:00:00,74.81,57.30659098942403
2018-07-30 15:15:00,74.74,61.942585018105696
2018-07-30 15:30:00,83.77,71.88062288105851
2018-07-30 15:45:00,106.52,67.94865659728647
2018-07-30 16:00:00,85.64,77.81570744393315
2018-07-30 16:15:00,83.74,87.78751347804617
2018-07-30 16:30:00,75.67,83.20764920430953
2018-07-30 16:45:00,92.12,77.47330957658538
2018-07-30 17:00:00,74.99,72.04124025171238
2018-07-30 17:15:00,62.14,79.33151171271899
2018-07-30 17:30:00,41.18,41.09474674469588
2018-07-30 17:45:00,31.75,39.831174206648186
2018-07-30 18:00:00,51.95,43.0852929032478
2018-07-30 18:15:00,54.83,61.33762411196658
2018-07-30 18:30:00,73.08,68.21633677700551
2018-07-30 18:45:00,75.35,56.91416760198243
2018-07-30 19:00:00,60.55,69.12617958673377
2018-07-30 19:15:00,72.29,74.89600745475109
2018-07-30 19:30:00,86.08,63.35473251592869
2018-07-30 19:45:00,57.85,71.64754424616535
2018-07-30 20:00:00,81.43,84.02966318148972
2018-07-30 20:15:00,85.75,64.22658846255268
2018-07-30 20:30:00,51.23,64.4946408210391
2018-07-30 20:45:00,23.76,58.16652903959019
2018-07-30 21:00:00,3.85,29.778069760505712
2018-07-30 21:15:00,4.07,2.2972134152193684
2018-07-30 21:30:00,3.2,3.8889302193585107
2018-07-30 21:45:00,3.13,4.6030381055768315
2018-07-30 22:00:00,2.99,4.144929311973836
2018-07-30 22:15:00,2.84,3.339097253844105
2018-07-30 22:30:00,2.84,4.585977785227226
2018-07-30 22:45:00,2.81,3.6102384781630077
2018-07-30 23:00:00,2.81,3.6022424396675867
2018-07-30 23:15:00,2.74,3.1810395905024436
2018-07-30 23:30:00,2.7,3.1861246047511482
2018-07-30 23:45:00,2.84,3.148528274787265
2018-07-31 00:00:00,2.95,3.366187053925726
2018-07-31 00:15:00,3.28,3.1332233848713287
2018-07-31 00:30:00,3.42,3.1426918035978497
2018-07-31 00:45:00,3.02,3.3115424895525445
2018-07-31 01:00:00,2.84,3.4556724846869202
2018-07-31 01:15:00,2.81,3.089209502208764
2018-07-31 01:30:00,2.88,3.0946930643489563
2018-07-31 01:45:00,2.95,3.045084784099651
2018-07-31 02:00:00,2.88,3.131185181215185
2018-07-31 02:15:00,2.84,3.043653517962566
2018-07-31 02:30:00,3.56,3.0525726517596783
2018-07-31 02:45:00,3.13,3.0888285924268017
2018-07-31 03:00:00,2.95,3.530098503056895
2018-07-31 03:15:00,2.99,3.2216873860505792
2018-07-31 03:30:00,2.95,3.038497152913159
2018-07-31 03:45:00,2.92,3.086070208136733
2018-07-31 04:00:00,3.17,3.1429952124013916
2018-07-31 04:15:00,3.28,3.100102845059642
2018-07-31 04:30:00,3.17,3.3448330388810854
2018-07-31 04:45:00,3.13,3.3905601955602984
2018-07-31 05:00:00,3.02,3.4826793269856062
2018-07-31 05:15:00,3.56,3.177068051648421
2018-07-31 05:30:00,3.28,3.1372224518005827
2018-07-31 05:45:00,3.06,3.396646523332769
2018-07-31 06:00:00,3.06,3.5196350467339816
2018-07-31 06:15:00,3.17,3.2721448987520785
2018-07-31 06:30:00,3.06,3.1583367214248748
2018-07-31 06:45:00,3.06,3.354845125167887
2018-07-31 07:00:00,3.17,3.2031517313603994
2018-07-31 07:15:00,3.42,3.1646633674726905
2018-07-31 07:30:00,5.08,3.970452254451402
2018-07-31 07:45:00,27.25,5.119602283717076
2018-07-31 08:00:00,58.36,45.13277574786452
2018-07-31 08:15:00,80.1,69.64913898569296
2018-07-31 08:30:00,90.61,72.94179601617506
2018-07-31 08:45:00,64.84,83.02689683835743
2018-07-31 09:00:00,78.41,82.30583595694621
2018-07-31 09:15:00,55.94,69.73638536548981
2018-07-31 09:30:00,67.54,67.43839144345996
2018-07-31 09:45:00,78.84,65.3298232077966
2018-07-31 10:00:00,53.24,63.309606605477406
2018-07-31 10:15:00,63.86,70.83982382026858
2018-07-31 10:30:00,66.1,64.97900546233515
2018-07-31 10:45:00,60.23,62.95002452798352
2018-07-31 11:00:00,81.79,64.56825526246391
2018-07-31 11:15:00,84.85,63.04944820997964
2018-07-31 11:30:00,83.52,64.71679092175465
2018-07-31 11:45:00,58.1,84.94876835607504
2018-07-31 12:00:00,6.01,12.408373901331837
2018-07-31 12:15:00,6.23,4.4268991088169365
2018-07-31 12:30:00,6.23,6.169097328605936
2018-07-31 12:45:00,6.19,6.3703732815077165
2018-07-31 13:00:00,58.32,64.32183219640713
2018-07-31 13:15:00,115.56,60.715370975045126
2018-07-31 13:30:00,57.67,80.69983183935176
2018-07-31 13:45:00,38.2,98.03200258353577
2018-07-31 14:00:00,42.41,64.63282302233364
2018-07-31 14:15:00,52.2,51.895187987850576
2018-07-31 14:30:00,48.17,54.9593880526111
2018-07-31 14:45:00,49.79,61.87293250902234
2018-07-31 15:00:00,50.62,54.491593316631395
2018-07-31 15:15:00,44.57,57.348398297087456
2018-07-31 15:30:00,41.36,62.88408269325659
2018-07-31 15:45:00,37.8,54.01078884744369
2018-07-31 16:00:00,31.72,43.17584281090744
2018-07-31 16:15:00,28.98,42.75668584186339
2018-07-31 16:30:00,28.48,40.354607429382675
2018-07-31 16:45:00,11.38,28.698575238390216
2018-07-31 17:00:00,10.8,28.190468701690417
2018-07-31 17:15:00,4.21,9.04171086206561
2018-07-31 17:30:00,3.42,10.499765188813985
2018-07-31 17:45:00,4.57,3.563128060423605
2018-07-31 18:00:00,3.78,4.454938008537123
2018-07-31 18:15:00,3.42,5.32649501878457
2018-07-31 18:30:00,3.38,4.733210552611266
2018-07-31 18:45:00,3.1,4.945703209401549
2018-07-31 19:00:00,2.88,4.696515332627021
2018-07-31 19:15:00,2.88,3.766997710925495
2018-07-31 19:30:00,2.92,3.304316154136137
2018-07-31 19:45:00,2.99,3.4777283821379776
2018-07-31 20:00:00,2.92,3.849618392967187
2018-07-31 20:15:00,2.95,3.358860352411301
2018-07-31 20:30:00,2.95,3.350434270948842
2018-07-31 20:45:00,2.95,3.339216371587795
2018-07-31 21:00:00,2.99,3.4428172670035386
2018-07-31 21:15:00,3.06,3.178612312612596
2018-07-31 21:30:00,3.02,3.1073852470486325
2018-07-31 21:45:00,3.06,3.0700391960766953
2018-07-31 22:00:00,2.88,3.124863062701026
2018-07-31 22:15:00,2.81,3.087074958473866
2018-07-31 22:30:00,2.88,3.0606892803597368
2018-07-31 22:45:00,3.24,3.0606892803597368
2018-07-31 23:00:00,3.31,3.0606892803597368
2018-07-31 23:15:00,2.77,3.2374225010881394
2018-07-31 23:30:00,2.77,3.328011320347121
2018-07-31 23:45:00,2.63,3.1277975526701463
2018-08-01 00:00:00,3.2,3.0917697113528027
2018-08-01 00:15:00,2.66,3.0964023140134795
2018-08-01 00:30:00,2.63,3.342813821597426
2018-08-01 00:45:00,2.66,3.0917697113528027
2018-08-01 01:00:00,2.63,3.0674316553610703
2018-08-01 01:15:00,2.7,2.971042399509129
2018-08-01 01:30:00,2.7,3.000898983558438
2018-08-01 01:45:00,2.66,2.971042399509129
2018-08-01 02:00:00,2.74,2.971042399509129
2018-08-01 02:15:00,2.66,2.971042399509129
2018-08-01 02:30:00,2.7,3.054912090342076
2018-08-01 02:45:00,2.66,3.054912090342076
2018-08-01 03:00:00,2.7,3.054912090342076
2018-08-01 03:15:00,2.74,3.0714013660253214
2018-08-01 03:30:00,2.81,2.9739516544571485
2018-08-01 03:45:00,2.7,2.9739516544571485
2018-08-01 04:00:00,3.24,3.0027364558729914
2018-08-01 04:15:00,2.77,3.08946792151318
2018-08-01 04:30:00,3.2,2.5877732392297452
2018-08-01 04:45:00,2.99,3.0027364558729914
2018-08-01 05:00:00,2.66,2.609900721767744
2018-08-01 05:15:00,2.7,2.635840263807586
2018-08-01 05:30:00,2.66,3.016765201106068
2018-08-01 05:45:00,2.7,3.0248639384109897
2018-08-01 06:00:00,2.7,3.016765201106068
2018-08-01 06:15:00,2.66,3.0141456924830052
2018-08-01 06:30:00,2.66,3.0027364558729914
2018-08-01 06:45:00,2.7,3.0027364558729914
2018-08-01 07:00:00,2.66,3.0027364558729914
2018-08-01 07:15:00,2.74,3.0027364558729914
2018-08-01 07:30:00,2.7,3.1029206276493
2018-08-01 07:45:00,2.66,3.8566645325693223
2018-08-01 08:00:00,2.63,27.434301985323565
2018-08-01 08:15:00,2.56,22.22302024064063
2018-08-01 08:30:00,3.02,3.600084355742431
2018-08-01 08:45:00,3.06,2.5668297249714405
2018-08-01 09:00:00,2.77,1.7848718084732338
2018-08-01 09:15:00,2.7,2.5466607197007853
2018-08-01 09:30:00,2.74,3.3964636401285273
2018-08-01 09:45:00,2.74,3.69914881207239
2018-08-01 10:00:00,3.2,3.7133422801868887
2018-08-01 10:15:00,3.17,3.7133422801868887
2018-08-01 10:30:00,2.81,4.2463424642471415
2018-08-01 10:45:00,2.77,3.4384254195002613
2018-08-01 11:00:00,2.59,4.064087562764222
2018-08-01 11:15:00,2.56,2.5863221971221253
2018-08-01 11:30:00,2.59,2.7459335201771595
2018-08-01 11:45:00,2.77,2.756651766105144
2018-08-01 12:00:00,2.77,2.5808576205340925
2018-08-01 12:15:00,2.81,2.5886440189817344
2018-08-01 12:30:00,2.84,2.574450550867235
2018-08-01 12:45:00,2.84,2.572348583127476
2018-08-01 13:00:00,2.74,4.149301217809474
2018-08-01 13:15:00,2.74,5.0402454072356955
2018-08-01 13:30:00,2.74,4.244964223134434
2018-08-01 13:45:00,2.74,2.079796796734317
2018-08-01 14:00:00,3.31,2.079796796734317
2018-08-01 14:15:00,2.66,0.8414647767692247
2018-08-01 14:30:00,2.66,0.9989399298905693
2018-08-01 14:45:00,2.74,0.8272713086547256
2018-08-01 15:00:00,2.7,2.2534188328938667
2018-08-01 15:15:00,2.7,1.8493990802327462
2018-08-01 15:30:00,2.77,2.1275668009413433
2018-08-01 15:45:00,2.74,2.121472070131766
2018-08-01 16:00:00,2.84,2.197786258491216
2018-08-01 16:15:00,3.28,2.0965894580267497
2018-08-01 16:30:00,2.84,2.627806716170573
2018-08-01 16:45:00,2.7,2.877917455378679
2018-08-01 17:00:00,2.7,2.643975102395282
2018-08-01 17:15:00,2.66,2.5253197734396755
2018-08-01 17:30:00,2.77,2.5465253908271093
2018-08-01 17:45:00,2.77,2.562998106100905
2018-08-01 18:00:00,2.66,2.683666927370563
2018-08-01 18:15:00,2.63,3.145094248029877
2018-08-01 18:30:00,3.02,3.0470036654521877
2018-08-01 18:45:00,3.35,3.0470036654521877
2018-08-01 19:00:00,2.84,3.110987946919435
2018-08-01 19:15:00,2.84,2.670332985009831
2018-08-01 19:30:00,2.74,3.0470036654521877
2018-08-01 19:45:00,2.81,3.0230730838829865
2018-08-01 20:00:00,2.88,3.04427870127042
2018-08-01 20:15:00,2.84,3.14636101549927
2018-08-01 20:30:00,2.92,3.1236618573507346
2018-08-01 20:45:00,2.84,3.1236618573507346
2018-08-01 21:00:00,2.88,3.076474891780425
2018-08-01 21:15:00,2.92,2.976067050823955
2018-08-01 21:30:00,2.88,2.976067050823955
2018-08-01 21:45:00,2.95,2.9653488048959704
2018-08-01 22:00:00,3.06,2.9653488048959704
2018-08-01 22:15:00,3.24,2.6033067513457446
2018-08-01 22:30:00,2.74,2.338845806439066
2018-08-01 22:45:00,2.66,3.3420689751225074
2018-08-01 23:00:00,2.74,3.0674316553610703
2018-08-01 23:15:00,2.66,3.0917697113528027
2018-08-01 23:30:00,2.59,3.0917697113528027
2018-08-01 23:45:00,2.84,2.9862212624797078
2018-08-02 00:00:00,2.66,3.070564093965369
2018-08-02 00:15:00,2.63,3.070564093965369
2018-08-02 00:30:00,2.66,3.070564093965369
2018-08-02 00:45:00,2.7,3.070564093965369
2018-08-02 01:00:00,3.13,3.0462260379736366
2018-08-02 01:15:00,2.88,3.060662808609016
2018-08-02 01:30:00,2.7,3.119300912438276
2018-08-02 01:45:00,2.7,3.039457191221582
2018-08-02 02:00:00,2.7,3.039457191221582
2018-08-02 02:15:00,2.74,3.039457191221582
2018-08-02 02:30:00,2.74,3.0856905395419494
2018-08-02 02:45:00,2.7,2.9795898613119016
2018-08-02 03:00:00,2.77,2.9681806247018874
2018-08-02 03:15:00,2.7,2.9739516544571485
2018-08-02 03:30:00,2.77,2.984669900385133
2018-08-02 03:45:00,2.77,2.984669900385133
2018-08-02 04:00:00,2.77,3.08946792151318
2018-08-02 04:15:00,3.17,3.0027364558729914
2018-08-02 04:30:00,3.2,3.0248639384109897
2018-08-02 04:45:00,2.74,2.5877732392297452
2018-08-02 05:00:00,2.77,2.609900721767744
2018-08-02 05:15:00,3.24,3.1115954040511786
2018-08-02 05:30:00,2.7,3.1115954040511786
2018-08-02 05:45:00,2.66,2.6018019844628215
2018-08-02 06:00:00,2.7,3.016765201106068
2018-08-02 06:15:00,2.66,3.0027364558729914
2018-08-02 06:30:00,2.7,3.0141456924830052
2018-08-02 06:45:00,2.7,3.0060469551780837
2018-08-02 07:00:00,2.59,3.0027364558729914
2018-08-02 07:15:00,2.63,2.992018209945007
2018-08-02 07:30:00,2.7,3.1136388735772846
2018-08-02 07:45:00,2.63,3.75921482100115
2018-08-02 08:00:00,2.59,27.423583739395582
2018-08-02 08:15:00,2.63,22.44777627318014
2018-08-02 08:30:00,2.59,3.648328121937033
2018-08-02 08:45:00,2.77,5.264335621877893
2018-08-02 09:00:00,2.77,4.951208615224381
2018-08-02 09:15:00,2.74,4.950986522129435
2018-08-02 09:30:00,2.7,5.109802511600816
2018-08-02 09:45:00,2.77,5.178493714531603
2018-08-02 10:00:00,2.81,5.178493714531603
2018-08-02 10:15:00,3.74,5.192687182646102
2018-08-02 10:30:00,3.64,4.988436189927614
2018-08-02 10:45:00,2.74,14.8731735019971
2018-08-02 11:00:00,2.63,7.468781802499639
2018-08-02 11:15:00,2.59,2.7942805619326325
2018-08-02 11:30:00,2.59,4.05122927345845
2018-08-02 11:45:00,2.59,4.125419555724841
2018-08-02 12:00:00,2.77,3.7293263625608386
2018-08-02 12:15:00,2.81,3.1636210655052803
2018-08-02 12:30:00,2.88,3.1636210655052803
2018-08-02 12:45:00,2.88,2.7800870938181332
2018-08-02 13:00:00,2.81,4.890196441813928
2018-08-02 13:15:00,2.81,5.765428609171689
2018-08-02 13:30:00,2.92,5.341220078631159
2018-08-02 13:45:00,2.95,3.5014451534090623
2018-08-02 14:00:00,2.95,3.490726907481078
2018-08-02 14:15:00,2.95,3.629627747237739
2018-08-02 14:30:00,2.88,3.629627747237739
2018-08-02 14:45:00,2.95,3.629627747237739
2018-08-02 15:00:00,2.95,3.6785424117551258
2018-08-02 15:15:00,2.88,3.052205317774595
2018-08-02 15:30:00,3.1,3.0444365924733785
2018-08-02 15:45:00,3.24,3.4049683004490587
2018-08-02 16:00:00,2.92,2.8888871485512073
2018-08-02 16:15:00,3.02,2.904887293848757
2018-08-02 16:30:00,2.99,2.7872267002142763
2018-08-02 16:45:00,3.49,2.8488987147005664
2018-08-02 17:00:00,2.92,2.8488987147005664
2018-08-02 17:15:00,2.92,3.031771209876114
2018-08-02 17:30:00,2.95,2.7821894690515516
2018-08-02 17:45:00,2.95,2.806760921630269
2018-08-02 18:00:00,2.81,2.9860402512440203
2018-08-02 18:15:00,2.88,3.235061662155239
2018-08-02 18:30:00,2.92,3.141728412838593
2018-08-02 18:45:00,2.95,3.141728412838593
2018-08-02 19:00:00,2.95,3.141728412838593
2018-08-02 19:15:00,2.95,3.208437658487608
2018-08-02 19:30:00,2.95,3.208437658487608
2018-08-02 19:45:00,3.42,3.208437658487608
2018-08-02 20:00:00,3.28,3.208437658487608
2018-08-02 20:15:00,2.95,3.4659992410441
2018-08-02 20:30:00,2.99,3.399798504304442
2018-08-02 20:45:00,3.06,3.1903711029997495
2018-08-02 21:00:00,3.06,3.2491673822155125
2018-08-02 21:15:00,3.02,3.147274840341514
2018-08-02 21:30:00,3.42,3.147274840341514
2018-08-02 21:45:00,3.42,3.129507762113158
2018-08-02 22:00:00,2.95,3.3369868146887933
2018-08-02 22:15:00,2.81,3.3369868146887933
2018-08-02 22:30:00,2.81,3.1345899225468723
2018-08-02 22:45:00,2.81,3.0678806768978575
2018-08-02 23:00:00,2.84,3.044287467381044
2018-08-02 23:15:00,2.81,3.068625523372776
2018-08-02 23:30:00,2.81,3.0917697113528027
2018-08-02 23:45:00,2.81,3.0917697113528027
2018-08-03 00:00:00,2.81,3.0610776097297547
2018-08-03 00:15:00,3.02,3.0610776097297547
2018-08-03 00:30:00,3.35,3.0610776097297547
2018-08-03 00:45:00,2.84,3.1277868553787695
2018-08-03 01:00:00,2.84,3.3109278519626724
2018-08-03 01:15:00,2.88,3.029970706985968
2018-08-03 01:30:00,2.99,3.029970706985968
2018-08-03 01:45:00,2.88,3.029970706985968
2018-08-03 02:00:00,2.88,3.105330919296858
2018-08-03 02:15:00,3.17,3.029970706985968
2018-08-03 02:30:00,3.2,3.046347471257026
2018-08-03 02:45:00,2.84,3.3516637805256693
2018-08-03 03:00:00,2.84,3.3516637805256693
2018-08-03 03:15:00,2.81,3.062836746940272
2018-08-03 03:30:00,2.88,3.062836746940272
2018-08-03 03:45:00,2.84,3.067469349600949
2018-08-03 04:00:00,2.84,3.0855359050888076
2018-08-03 04:15:00,2.84,3.0809033024281307
2018-08-03 04:30:00,2.84,3.0809033024281307
2018-08-03 04:45:00,3.31,3.0809033024281307
2018-08-03 05:00:00,2.92,3.0809033024281307
2018-08-03 05:15:00,2.88,3.3917771871939806
2018-08-03 05:30:00,2.81,3.0809033024281307
2018-08-03 05:45:00,2.81,3.0809033024281307
2018-08-03 06:00:00,2.84,3.0809033024281307
2018-08-03 06:15:00,2.84,3.0855359050888076
2018-08-03 06:30:00,2.88,3.0809033024281307
2018-08-03 06:45:00,2.81,3.0809033024281307
2018-08-03 07:00:00,2.77,3.0809033024281307
2018-08-03 07:15:00,2.84,3.0809033024281307
2018-08-03 07:30:00,3.31,3.0808880082074928
2018-08-03 07:45:00,3.24,3.9441980242150056
2018-08-03 08:00:00,2.84,35.96210570913391
2018-08-03 08:15:00,2.74,59.4491233057582
2018-08-03 08:30:00,2.77,4.517109284737501
2018-08-03 08:45:00,2.99,5.26765974332618
2018-08-03 09:00:00,3.2,5.226564053682941
2018-08-03 09:15:00,3.53,4.935252512465558
2018-08-03 09:30:00,3.06,5.995243591639169
2018-08-03 09:45:00,2.88,6.584794727312073
2018-08-03 10:00:00,2.84,5.291592914008894
2018-08-03 10:15:00,2.84,5.199520601289671
2018-08-03 10:30:00,2.88,4.999902211231859
2018-08-03 10:45:00,2.84,4.902907080940014
2018-08-03 11:00:00,2.77,4.822754305460079
2018-08-03 11:15:00,2.7,2.76023260912262
2018-08-03 11:30:00,2.74,3.7819736665520924
2018-08-03 11:45:00,2.81,3.7819736665520924
2018-08-03 12:00:00,2.95,3.3858804733880916
2018-08-03 12:15:00,2.99,2.9085589267134244
2018-08-03 12:30:00,3.06,2.946615392411389
2018-08-03 12:45:00,2.99,2.8249769781596656
2018-08-03 13:00:00,3.02,5.011539655515219
2018-08-03 13:15:00,3.2,5.887830815419799
2018-08-03 13:30:00,3.64,5.449428816764771
2018-08-03 13:45:00,3.24,3.691666429698989
2018-08-03 14:00:00,2.99,3.376256323033342
2018-08-03 14:15:00,2.99,3.691666429698989
2018-08-03 14:30:00,2.99,3.598935645614691
2018-08-03 14:45:00,2.95,3.603568248275368
2018-08-03 15:00:00,3.02,3.852989305278306
2018-08-03 15:15:00,3.02,3.4225669456560985
2018-08-03 15:30:00,3.1,3.4481776329184286
2018-08-03 15:45:00,2.95,3.422896957659804
2018-08-03 16:00:00,2.95,3.640112411472857
2018-08-03 16:15:00,3.35,2.8789141197095818
2018-08-03 16:30:00,3.35,2.823243844240243
2018-08-03 16:45:00,2.99,3.006645337799334
2018-08-03 17:00:00,2.92,2.996446505592389
2018-08-03 17:15:00,3.02,2.8182066130775185
2018-08-03 17:30:00,2.95,2.7514973674285037
2018-08-03 17:45:00,2.99,2.8514290323181113
2018-08-03 18:00:00,2.92,2.9639991162828476
2018-08-03 18:15:00,2.77,3.2023170094432776
2018-08-03 18:30:00,2.92,3.1110363112155452
2018-08-03 18:45:00,2.99,3.1110363112155452
2018-08-03 19:00:00,2.95,3.1110363112155452
2018-08-03 19:15:00,2.99,3.17774555686456
2018-08-03 19:30:00,2.92,3.17774555686456
2018-08-03 19:45:00,2.99,3.17774555686456
2018-08-03 20:00:00,2.99,3.1110363112155452
2018-08-03 20:15:00,3.2,3.17774555686456
2018-08-03 20:30:00,3.6,3.1596790013767015
2018-08-03 20:45:00,3.02,3.369106402681394
2018-08-03 21:00:00,3.06,3.4074814102899884
2018-08-03 21:15:00,3.42,3.0988156604901103
2018-08-03 21:30:00,3.42,3.1119501360577893
2018-08-03 21:45:00,3.02,3.283150525085719
2018-08-03 22:00:00,2.88,3.2876637973122356
2018-08-03 22:15:00,2.81,3.0988156604901103
2018-08-03 22:30:00,2.81,2.947101258447657
2018-08-03 22:45:00,2.74,3.0418211779354865
2018-08-03 23:00:00,2.81,3.013595365757996
2018-08-03 23:15:00,2.7,3.0610776097297547
2018-08-03 23:30:00,2.74,3.0610776097297547
2018-08-03 23:45:00,2.7,3.0610776097297547
2018-08-04 00:00:00,2.77,3.0610776097297547
2018-08-04 00:15:00,2.74,3.039871992342321
2018-08-04 00:30:00,2.77,3.0610776097297547
2018-08-04 00:45:00,2.84,3.039871992342321
2018-08-04 01:00:00,2.84,3.0155339363505886
2018-08-04 01:15:00,2.99,3.0087650895985343
2018-08-04 01:30:00,3.42,3.029970706985968
2018-08-04 01:45:00,3.17,3.075474335247549
2018-08-04 02:00:00,3.28,3.304159005210618
2018-08-04 02:15:00,2.84,3.304159005210618
2018-08-04 02:30:00,2.84,3.3249591578359023
2018-08-04 02:45:00,2.84,3.046347471257026
2018-08-04 03:00:00,2.88,2.948161417124952
2018-08-04 03:15:00,2.81,3.067469349600949
2018-08-04 03:30:00,2.84,2.9753689387361817
2018-08-04 03:45:00,2.81,2.9727494301131197
2018-08-04 04:00:00,2.84,3.0015342315289626
2018-08-04 04:15:00,2.84,2.990815985600978
2018-08-04 04:30:00,2.84,2.990815985600978
2018-08-04 04:45:00,2.88,2.990815985600978
2018-08-04 05:00:00,2.84,3.0809033024281307
2018-08-04 05:15:00,2.88,3.0809033024281307
2018-08-04 05:30:00,2.84,3.0809033024281307
2018-08-04 05:45:00,2.81,3.0809033024281307
2018-08-04 06:00:00,2.84,3.0809033024281307
2018-08-04 06:15:00,2.81,3.0809033024281307
2018-08-04 06:30:00,3.24,3.0809033024281307
2018-08-04 06:45:00,2.99,3.0809033024281307
2018-08-04 07:00:00,2.77,3.280425067279486
2018-08-04 07:15:00,2.77,3.156228105760446
2018-08-04 07:30:00,3.38,3.0808880082074928
2018-08-04 07:45:00,3.17,3.6874028243712957
2018-08-04 08:00:00,2.77,22.9408062612096
2018-08-04 08:15:00,2.77,24.16116291472061
2018-08-04 08:30:00,2.59,2.999841988298378
2018-08-04 08:45:00,2.81,3.1743605627499876
2018-08-04 09:00:00,2.88,2.976710889446664
2018-08-04 09:15:00,2.81,2.955365623847845
2018-08-04 09:30:00,2.77,3.23490964405617
2018-08-04 09:45:00,2.81,3.32130361229674
2018-08-04 10:00:00,2.77,3.3071101441822406
2018-08-04 10:15:00,2.74,3.32130361229674
2018-08-04 10:30:00,2.88,3.1769833282553868
2018-08-04 10:45:00,3.2,2.9432620411954353
2018-08-04 11:00:00,2.56,2.9500308879474897
2018-08-04 11:15:00,2.63,3.0517502684786493
2018-08-04 11:30:00,2.56,3.0443164854162457
2018-08-04 11:45:00,2.59,3.0710043887553264
2018-08-04 12:00:00,2.7,2.9013049739938523
2018-08-04 12:15:00,2.81,2.860111263682992
2018-08-04 12:30:00,2.92,2.854016532873415
2018-08-04 12:45:00,2.81,2.876606425056289
2018-08-04 13:00:00,2.81,3.0467439252834034
2018-08-04 13:15:00,2.74,3.9698940423188533
2018-08-04 13:30:00,2.77,3.8316912956182354
2018-08-04 13:45:00,2.74,3.336560711126194
2018-08-04 14:00:00,3.17,3.38916131899029
2018-08-04 14:15:00,3.35,3.336560711126194
2018-08-04 14:30:00,2.88,3.508229332362038
2018-08-04 14:45:00,2.84,3.5466364721116346
2018-08-04 15:00:00,3.38,3.422840843884882
2018-08-04 15:15:00,2.81,3.090241381901436
2018-08-04 15:30:00,2.74,3.197792085254363
2018-08-04 15:45:00,2.74,3.2660202252972392
2018-08-04 16:00:00,2.77,3.171053081034383
2018-08-04 16:15:00,2.74,2.503001830448481
2018-08-04 16:30:00,2.81,2.7611672012519053
2018-08-04 16:45:00,2.74,2.7514973674285037
2018-08-04 17:00:00,2.74,2.73029175004107
2018-08-04 17:15:00,2.74,2.73029175004107
2018-08-04 17:30:00,2.7,2.661410050601351
2018-08-04 17:45:00,2.74,2.664775885792635
2018-08-04 18:00:00,2.66,2.798551587144805
2018-08-04 18:15:00,2.74,3.114402146406829
2018-08-04 18:30:00,2.88,3.0898306938281115
2018-08-04 18:45:00,2.88,3.0898306938281115
2018-08-04 19:00:00,2.88,3.0898306938281115
2018-08-04 19:15:00,2.88,3.0898306938281115
2018-08-04 19:30:00,2.84,3.0898306938281115
2018-08-04 19:45:00,3.2,2.999743377000959
2018-08-04 20:00:00,3.17,3.0209489943883927
2018-08-04 20:15:00,2.92,3.3452198225938994
2018-08-04 20:30:00,2.99,3.2790190858542414
2018-08-04 20:45:00,2.95,3.0929697557276867
2018-08-04 21:00:00,2.95,3.128387963765312
2018-08-04 21:15:00,2.92,3.0006296063580358
2018-08-04 21:30:00,3.06,3.0006296063580358
2018-08-04 21:45:00,3.53,2.9527373439419273
2018-08-04 22:00:00,3.06,3.0218628192306367
2018-08-04 22:15:00,2.74,3.204088423873857
2018-08-04 22:30:00,2.81,3.026944979664351
2018-08-04 22:45:00,2.74,3.0371885752748096
2018-08-04 23:00:00,2.74,3.0367395537380224
2018-08-04 23:15:00,2.7,3.0909069514593717
2018-08-04 23:30:00,2.74,3.0610776097297547
2018-08-04 23:45:00,2.63,3.039871992342321
2018-08-05 00:00:00,3.1,3.0610776097297547
2018-08-05 00:15:00,3.06,3.039871992342321
2018-08-05 00:30:00,2.81,3.119715713559015
2018-08-05 00:45:00,2.77,3.119715713559015
2018-08-05 01:00:00,2.77,3.0155339363505886
2018-08-05 01:15:00,2.77,3.0087650895985343
2018-08-05 01:30:00,2.81,3.029970706985968
2018-08-05 01:45:00,2.77,3.029970706985968
2018-08-05 02:00:00,2.81,3.029970706985968
2018-08-05 02:15:00,2.81,3.029970706985968
2018-08-05 02:30:00,2.81,2.9562601544298737
2018-08-05 02:45:00,2.84,3.046347471257026
2018-08-05 03:00:00,2.84,2.9562601544298737
2018-08-05 03:15:00,2.81,2.9727494301131197
2018-08-05 03:30:00,2.88,2.983467676041104
2018-08-05 03:45:00,3.2,2.9727494301131197
2018-08-05 04:00:00,3.49,3.0015342315289626
2018-08-05 04:15:00,2.92,3.3917771871939806
2018-08-05 04:30:00,2.81,3.3917771871939806
2018-08-05 04:45:00,2.99,3.0809033024281307
2018-08-05 05:00:00,3.2,2.990815985600978
2018-08-05 05:15:00,2.84,3.0580420516283713
2018-08-05 05:30:00,2.81,3.735139900962368
2018-08-05 05:45:00,2.81,3.0809033024281307
2018-08-05 06:00:00,2.74,2.990815985600978
2018-08-05 06:15:00,2.84,3.0809033024281307
2018-08-05 06:30:00,2.81,3.0855359050888076
2018-08-05 06:45:00,2.77,3.0809033024281307
2018-08-05 07:00:00,2.74,3.0809033024281307
2018-08-05 07:15:00,2.77,3.0809033024281307
2018-08-05 07:30:00,2.7,3.0354109716386377
2018-08-05 07:45:00,2.77,3.6874028243712957
2018-08-05 08:00:00,2.74,12.776274394073216
2018-08-05 08:15:00,2.74,6.963825290221047
2018-08-05 08:30:00,2.77,2.8931235177957695
2018-08-05 08:45:00,2.99,3.4964309938747915
2018-08-05 09:00:00,3.06,3.197531530344546
2018-08-05 09:15:00,3.02,3.4121642443196762
2018-08-05 09:30:00,3.1,3.038372252891429
2018-08-05 09:45:00,3.67,3.3860479813337854
2018-08-05 10:00:00,3.42,3.4133759250159637
2018-08-05 10:15:00,3.6,3.5210789258606274
2018-08-05 10:30:00,3.06,3.3486519494912312
2018-08-05 10:45:00,2.95,3.11359456153596
2018-08-05 11:00:00,2.84,3.001221829213133
2018-08-05 11:15:00,2.84,2.9729195947197593
2018-08-05 11:30:00,2.81,3.0362177481113237
2018-08-05 11:45:00,2.81,3.0689348416696407
2018-08-05 12:00:00,2.95,2.8604236025402723
2018-08-05 12:15:00,2.95,2.868210000987914
2018-08-05 12:30:00,2.99,2.947147838139459
2018-08-05 12:45:00,2.92,2.9590194843943487
2018-08-05 13:00:00,2.99,3.1398752305494475
2018-08-05 13:15:00,2.92,3.9344327466429636
2018-08-05 13:30:00,2.99,3.8751678370938913
2018-08-05 13:45:00,3.06,3.38916131899029
2018-08-05 14:00:00,2.92,3.4680991561418346
2018-08-05 14:15:00,2.95,3.4812336317095136
2018-08-05 14:30:00,3.17,3.38916131899029
2018-08-05 14:45:00,3.17,3.4680991561418346
2018-08-05 15:00:00,3.17,3.594509465120726
2018-08-05 15:15:00,3.13,3.2910246060571033
2018-08-05 15:30:00,3.13,3.243649175657329
2018-08-05 15:45:00,3.17,3.164052867140709
2018-08-05 16:00:00,3.2,3.320165840182664
2018-08-05 16:15:00,3.49,2.69170551597015
2018-08-05 16:30:00,3.67,2.892830440344517
2018-08-05 16:45:00,3.35,2.906945765462786
2018-08-05 17:00:00,3.6,3.5134990973522386
2018-08-05 17:15:00,3.13,2.89674693325584
2018-08-05 17:30:00,3.1,3.4129956479213366
2018-08-05 17:45:00,3.1,2.837281625470405
2018-08-05 18:00:00,2.81,2.9816468640770433
2018-08-05 18:15:00,2.74,3.2200840876716335
2018-08-05 18:30:00,2.92,3.0924053954620354
2018-08-05 18:45:00,3.06,3.1196872778774205
2018-08-05 19:00:00,3.06,3.1110363112155452
2018-08-05 19:15:00,3.1,3.190880032432239
2018-08-05 19:30:00,3.1,3.190880032432239
2018-08-05 19:45:00,3.06,3.1696744150448053
2018-08-05 20:00:00,3.13,3.190880032432239
2018-08-05 20:15:00,3.1,3.190880032432239
2018-08-05 20:30:00,3.1,3.1728134769443805
2018-08-05 20:45:00,3.1,3.1728134769443805
2018-08-05 21:00:00,3.13,3.2316097561601436
2018-08-05 21:15:00,3.13,3.1119501360577893
2018-08-05 21:30:00,3.17,3.1206011027196645
2018-08-05 21:45:00,3.2,3.1119501360577893
2018-08-05 22:00:00,3.53,3.3062947130657454
2018-08-05 22:15:00,2.84,3.3062947130657454
2018-08-05 22:30:00,3.31,3.213190819367385
2018-08-05 22:45:00,3.06,3.0418211779354865
2018-08-05 23:00:00,2.74,3.3195788186245476
2018-08-05 23:15:00,2.77,3.149572297608324
2018-08-05 23:30:00,2.74,3.0636279131292015
2018-08-05 23:45:00,2.88,3.0610776097297547
2018-08-06 00:00:00,2.66,3.100420678014678
2018-08-06 00:15:00,2.66,3.0917697113528027
2018-08-06 00:30:00,2.63,3.070564093965369
2018-08-06 00:45:00,2.66,3.0917697113528027
2018-08-06 01:00:00,2.66,3.0462260379736366
2018-08-06 01:15:00,2.66,3.060662808609016
2018-08-06 01:30:00,2.74,3.039457191221582
2018-08-06 01:45:00,2.7,3.039457191221582
2018-08-06 02:00:00,2.66,3.039457191221582
2018-08-06 02:15:00,3.1,3.039457191221582
2018-08-06 02:30:00,2.92,3.054912090342076
2018-08-06 02:45:00,2.59,3.1443098943453736
2018-08-06 03:00:00,2.63,3.054912090342076
2018-08-06 03:15:00,2.63,2.9739516544571485
2018-08-06 03:30:00,2.74,2.9739516544571485
2018-08-06 03:45:00,2.74,2.9960791369951467
2018-08-06 04:00:00,2.63,3.1115954040511786
2018-08-06 04:15:00,2.7,3.0027364558729914
2018-08-06 04:30:00,3.24,3.0027364558729914
2018-08-06 04:45:00,2.81,3.0027364558729914
2018-08-06 05:00:00,2.63,3.287083146972322
2018-08-06 05:15:00,2.59,3.0027364558729914
2018-08-06 05:30:00,2.63,3.0027364558729914
2018-08-06 05:45:00,2.56,2.992018209945007
2018-08-06 06:00:00,2.59,3.016765201106068
2018-08-06 06:15:00,2.59,3.0248639384109897
2018-08-06 06:30:00,2.59,3.08946792151318
2018-08-06 06:45:00,2.77,3.08946792151318
2018-08-06 07:00:00,4.14,3.0027364558729914
2018-08-06 07:15:00,4.0,3.0027364558729914
2018-08-06 07:30:00,3.96,4.611461655005712
2018-08-06 07:45:00,3.56,6.414872240131688
2018-08-06 08:00:00,26.78,36.96752518617518
2018-08-06 08:15:00,58.14,51.0415153289964
2018-08-06 08:30:00,79.49,62.82437817113603
2018-08-06 08:45:00,83.81,65.43925480313581
2018-08-06 09:00:00,109.22,77.40864036156587
2018-08-06 09:15:00,79.81,81.20337327421058
2018-08-06 09:30:00,93.28,84.08735884815235
2018-08-06 09:45:00,102.24,82.64502368455726
2018-08-06 10:00:00,49.03,74.34948209352508
2018-08-06 10:15:00,57.89,92.11955385757874
2018-08-06 10:30:00,58.9,64.63831833676466
2018-08-06 10:45:00,64.4,61.87078579724584
2018-08-06 11:00:00,106.56,61.25205214740793
2018-08-06 11:15:00,88.52,68.09629910215779
2018-08-06 11:30:00,90.18,88.75106333811607
2018-08-06 11:45:00,103.9,85.04374914666327
2018-08-06 12:00:00,6.84,5.988248753254197
2018-08-06 12:15:00,6.12,8.997972739974278
2018-08-06 12:30:00,6.05,3.075511748048448
2018-08-06 12:45:00,5.87,7.015219148181531
2018-08-06 13:00:00,53.64,61.91092181843123
2018-08-06 13:15:00,97.67,89.81450825979614
2018-08-06 13:30:00,98.93,84.47645786611591
2018-08-06 13:45:00,85.9,96.50715955013398
2018-08-06 14:00:00,49.07,93.32282303914471
2018-08-06 14:15:00,55.84,92.26311341088527
2018-08-06 14:30:00,43.42,58.431908883300316
2018-08-06 14:45:00,39.24,63.044144992399495
2018-08-06 15:00:00,39.38,52.598482410825575
2018-08-06 15:15:00,46.51,52.31629417197758
2018-08-06 15:30:00,50.94,51.26312075212391
2018-08-06 15:45:00,49.61,55.443809103370235
2018-08-06 16:00:00,53.86,58.94171076377803
2018-08-06 16:15:00,49.82,53.9227271166915
2018-08-06 16:30:00,55.33,56.94901851179904
2018-08-06 16:45:00,52.67,52.910421536814965
2018-08-06 17:00:00,91.48,54.69222056056733
2018-08-06 17:15:00,98.21,45.81620606649644
2018-08-06 17:30:00,30.89,51.22277022225483
2018-08-06 17:45:00,31.18,49.381202352510144
2018-08-06 18:00:00,85.72,52.41606492573498
2018-08-06 18:15:00,72.97,75.03608410079038
2018-08-06 18:30:00,55.76,78.13137707124464
2018-08-06 18:45:00,96.12,73.83613463910257
2018-08-06 19:00:00,99.18,57.36185122771905
2018-08-06 19:15:00,86.98,86.28471321615562
2018-08-06 19:30:00,113.65,93.06570874047469
2018-08-06 19:45:00,74.09,92.95200207476375
2018-08-06 20:00:00,91.73,85.55525547890744
2018-08-06 20:15:00,118.12,90.40294895168442
2018-08-06 20:30:00,48.92,72.36804743380723
2018-08-06 20:45:00,43.6,61.8200797630087
2018-08-06 21:00:00,8.17,34.17181280556278
2018-08-06 21:15:00,4.9,21.938691775671803
2018-08-06 21:30:00,4.03,7.558070498597124
2018-08-06 21:45:00,3.96,8.190224285998402
2018-08-06 22:00:00,3.82,3.99015639065504
2018-08-06 22:15:00,3.46,3.7182566456513295
2018-08-06 22:30:00,3.35,3.3145560015648643
2018-08-06 22:45:00,2.84,3.511040153162389
2018-08-06 23:00:00,2.81,3.646616284302557
2018-08-06 23:15:00,2.7,3.4022209187767967
2018-08-06 23:30:00,3.2,3.4022209187767967
2018-08-06 23:45:00,2.84,3.1877383355316424
2018-08-07 00:00:00,2.77,3.317827427453248
2018-08-07 00:15:00,2.88,3.218388156104334
2018-08-07 00:30:00,2.84,3.115804235254379
2018-08-07 00:45:00,2.81,3.128946025462658
2018-08-07 01:00:00,2.74,3.134464553520235
2018-08-07 01:15:00,3.06,3.096303592035709
2018-08-07 01:30:00,2.99,3.096303592035709
2018-08-07 01:45:00,2.99,3.194900464811674
2018-08-07 02:00:00,2.99,3.1675475699867923
2018-08-07 02:15:00,2.92,3.118411418204154
2018-08-07 02:30:00,3.02,3.1251061992420133
2018-08-07 02:45:00,3.24,3.077039572880074
2018-08-07 03:00:00,3.31,3.1523643762123896
2018-08-07 03:15:00,3.2,3.3988451578319623
2018-08-07 03:30:00,3.74,2.5862765907826777
2018-08-07 03:45:00,3.53,3.3988451578319623
2018-08-07 04:00:00,3.24,3.633083873767055
2018-08-07 04:15:00,3.24,3.3169208399439336
2018-08-07 04:30:00,3.6,3.4271018914777054
2018-08-07 04:45:00,3.74,3.4271018914777054
2018-08-07 05:00:00,3.24,3.9832257380208835
2018-08-07 05:15:00,3.17,3.5320486971204765
2018-08-07 05:30:00,3.2,3.4311202554789038
2018-08-07 05:45:00,3.2,3.399325100837002
2018-08-07 06:00:00,3.17,3.403838373063518
2018-08-07 06:15:00,3.17,3.3690416375055463
2018-08-07 06:30:00,3.17,3.3923051559197335
2018-08-07 06:45:00,3.38,3.396323519920932
2018-08-07 07:00:00,3.13,3.396323519920932
2018-08-07 07:15:00,3.31,3.396323519920932
2018-08-07 07:30:00,3.89,3.407160092326712
2018-08-07 07:45:00,5.54,5.388886174970227
2018-08-07 08:00:00,66.31,38.63213608003648
2018-08-07 08:15:00,93.71,65.66883189176959
2018-08-07 08:30:00,79.52,93.77792889934389
2018-08-07 08:45:00,86.33,101.69028500279704
2018-08-07 09:00:00,86.8,90.91242950688597
2018-08-07 09:15:00,58.46,81.59428271374775
2018-08-07 09:30:00,65.45,74.6801137740366
2018-08-07 09:45:00,108.32,68.37672684725419
2018-08-07 10:00:00,101.59,64.71671186479615
2018-08-07 10:15:00,83.41,87.76249137964986
2018-08-07 10:30:00,112.21,92.69848547828997
2018-08-07 10:45:00,87.01,82.75170446918317
2018-08-07 11:00:00,96.23,96.18776047356587
2018-08-07 11:15:00,82.84,86.9394084625051
2018-08-07 11:30:00,95.87,79.56453487671148
2018-08-07 11:45:00,94.18,82.4118772018643
2018-08-07 12:00:00,10.87,17.81164978146451
2018-08-07 12:15:00,5.98,11.283589371137452
2018-08-07 12:30:00,5.8,6.157572691615
2018-08-07 12:45:00,5.98,6.250878906325256
2018-08-07 13:00:00,62.64,58.42827630654832
2018-08-07 13:15:00,99.79,92.66465054422733
2018-08-07 13:30:00,103.61,85.2489577665017
2018-08-07 13:45:00,58.54,91.79579810516363
2018-08-07 14:00:00,58.75,95.16101232814113
2018-08-07 14:15:00,50.94,76.22933507029472
2018-08-07 14:30:00,43.49,63.23765091812628
2018-08-07 14:45:00,42.84,63.25878349723722
2018-08-07 15:00:00,49.93,51.03150125620237
2018-08-07 15:15:00,54.11,50.78461748509019
2018-08-07 15:30:00,52.02,60.74466674037389
2018-08-07 15:45:00,56.84,60.04675680459165
2018-08-07 16:00:00,59.4,58.567297546091275
2018-08-07 16:15:00,58.75,57.11939248640793
2018-08-07 16:30:00,47.92,56.709399823791806
2018-08-07 16:45:00,87.19,56.79280676831233
2018-08-07 17:00:00,72.25,54.16636395297656
2018-08-07 17:15:00,104.76,73.03826545945407
2018-08-07 17:30:00,30.31,48.67875455615017
2018-08-07 17:45:00,30.42,37.59574720648491
2018-08-07 18:00:00,75.28,40.84373338140388
2018-08-07 18:15:00,77.22,81.5523678349615
2018-08-07 18:30:00,48.06,86.85734836939633
2018-08-07 18:45:00,49.68,75.74934180773414
2018-08-07 19:00:00,51.73,58.07829674285941
2018-08-07 19:15:00,51.88,65.44631945883938
2018-08-07 19:30:00,47.34,61.602473794972546
2018-08-07 19:45:00,47.59,56.98478065665266
2018-08-07 20:00:00,48.35,47.817875315618664
2018-08-07 20:15:00,50.29,53.889194594752446
2018-08-07 20:30:00,50.0,46.103615404967194
2018-08-07 20:45:00,30.13,20.933183870527095
2018-08-07 21:00:00,26.42,16.363551096491953
2018-08-07 21:15:00,15.52,15.326013462316428
2018-08-07 21:30:00,4.14,19.91336829474561
2018-08-07 21:45:00,4.0,4.076835050646959
2018-08-07 22:00:00,3.82,4.261760662228424
2018-08-07 22:15:00,3.56,4.3600345098623245
2018-08-07 22:30:00,3.06,4.544166501122322
2018-08-07 22:45:00,2.88,3.511040153162389
2018-08-07 23:00:00,2.88,3.3662625046956776
2018-08-07 23:15:00,2.88,3.3339844055225547
2018-08-07 23:30:00,2.81,3.3339844055225547
2018-08-07 23:45:00,2.66,3.165575556343881
2018-08-08 00:00:00,2.92,3.150151642850092
2018-08-08 00:15:00,3.46,3.150151642850092
2018-08-08 00:30:00,3.02,3.150151642850092
2018-08-08 00:45:00,3.13,3.44649888957719
2018-08-08 01:00:00,3.31,3.178742320490655
2018-08-08 01:15:00,3.17,3.154941695864969
2018-08-08 01:30:00,3.17,3.3926508387628074
2018-08-08 01:45:00,3.13,3.420054956983954
2018-08-08 02:00:00,3.2,3.4114039903220785
2018-08-08 02:15:00,3.28,3.1401968604337083
2018-08-08 02:30:00,3.2,3.3643022261208255
2018-08-08 02:45:00,3.67,3.3910068488105924
2018-08-08 03:00:00,3.28,3.386988484809394
2018-08-08 03:15:00,3.17,4.009710851186197
2018-08-08 03:30:00,3.2,3.403477760492639
2018-08-08 03:45:00,3.17,3.403477760492639
2018-08-08 04:00:00,3.13,2.6018019844628215
2018-08-08 04:15:00,3.17,3.4316151637042216
2018-08-08 04:30:00,3.17,3.2096441747163516
2018-08-08 04:45:00,3.13,3.4311202554789038
2018-08-08 05:00:00,3.17,3.4311202554789038
2018-08-08 05:15:00,3.17,3.2096441747163516
2018-08-08 05:30:00,3.17,3.4311202554789038
2018-08-08 05:45:00,3.53,3.4311202554789038
2018-08-08 06:00:00,3.74,3.4311202554789038
2018-08-08 06:15:00,3.17,3.396323519920932
2018-08-08 06:30:00,3.1,3.6069381048709586
2018-08-08 06:45:00,3.13,3.396323519920932
2018-08-08 07:00:00,3.2,3.2096441747163516
2018-08-08 07:15:00,4.07,3.2141574469428678
2018-08-08 07:30:00,5.18,4.325096733282585
2018-08-08 07:45:00,4.82,6.063706150647697
2018-08-08 08:00:00,34.99,46.75288999518981
2018-08-08 08:15:00,53.14,69.06479154742824
2018-08-08 08:30:00,64.91,68.6780403071843
2018-08-08 08:45:00,59.44,64.92078595400221
2018-08-08 09:00:00,84.56,68.83354155827003
2018-08-08 09:15:00,56.38,62.33306350205938
2018-08-08 09:30:00,63.5,74.24666528931026
2018-08-08 09:45:00,103.93,64.74812885624877
2018-08-08 10:00:00,87.08,61.50057886491601
2018-08-08 10:15:00,90.61,82.78058926007391
2018-08-08 10:30:00,91.08,83.1827643877233
2018-08-08 10:45:00,106.99,81.88328712679612
2018-08-08 11:00:00,93.85,81.90496153947757
2018-08-08 11:15:00,76.1,90.94896780814491
2018-08-08 11:30:00,117.68,90.17782017439052
2018-08-08 11:45:00,95.65,83.67119603511064
2018-08-08 12:00:00,7.24,18.02142709757534
2018-08-08 12:15:00,5.0,17.607435397238394
2018-08-08 12:30:00,4.93,2.7190126137106136
2018-08-08 12:45:00,4.93,8.969947205682649
2018-08-08 13:00:00,44.42,59.87639049703422
2018-08-08 13:15:00,123.16,85.89560625382614
2018-08-08 13:30:00,85.68,68.21739485163961
2018-08-08 13:45:00,93.92,102.71403898248053
2018-08-08 14:00:00,104.0,94.9483568204981
2018-08-08 14:15:00,79.56,81.36315858872666
2018-08-08 14:30:00,115.67,103.57382183880365
2018-08-08 14:45:00,81.68,83.31649389543342
2018-08-08 15:00:00,115.74,90.6465868389267
2018-08-08 15:15:00,111.38,85.55455139482788
2018-08-08 15:30:00,69.23,90.67092999339948
2018-08-08 15:45:00,50.33,104.01071765779662
2018-08-08 16:00:00,45.86,94.07309295773267
2018-08-08 16:15:00,60.73,67.47151668724855
2018-08-08 16:30:00,42.73,61.09236096031885
2018-08-08 16:45:00,50.26,61.42900583554859
2018-08-08 17:00:00,49.43,41.62607027225104
2018-08-08 17:15:00,37.69,46.90670078495323
2018-08-08 17:30:00,30.96,48.83135482482848
2018-08-08 17:45:00,32.08,30.975334709639174
2018-08-08 18:00:00,38.34,36.11100314483003
2018-08-08 18:15:00,47.38,48.19081927067071
2018-08-08 18:30:00,49.79,47.73988032558407
2018-08-08 18:45:00,52.56,53.244066746788164
2018-08-08 19:00:00,44.35,52.14084308136516
2018-08-08 19:15:00,64.44,54.884215614470186
2018-08-08 19:30:00,53.42,45.29287807475204
2018-08-08 19:45:00,111.06,58.029603247182266
2018-08-08 20:00:00,53.86,51.25203920660988
2018-08-08 20:15:00,94.14,85.33343543624787
2018-08-08 20:30:00,70.63,67.25504251414311
2018-08-08 20:45:00,22.0,46.922025411543295
2018-08-08 21:00:00,7.16,32.89955134195391
2018-08-08 21:15:00,4.18,5.05894797380624
2018-08-08 21:30:00,3.89,6.638036995400411
2018-08-08 21:45:00,3.85,4.430869624039547
2018-08-08 22:00:00,3.71,4.302259325474969
2018-08-08 22:15:00,3.24,3.808189278176965
2018-08-08 22:30:00,2.7,3.5606142668638197
2018-08-08 22:45:00,2.66,3.511040153162389
2018-08-08 23:00:00,2.59,3.2864187834789838
2018-08-08 23:15:00,2.56,3.3339844055225547
2018-08-08 23:30:00,2.56,3.1307031088552804
2018-08-08 23:45:00,2.66,3.1588026095119672
2018-08-09 00:00:00,3.17,3.1578817514823334
2018-08-09 00:15:00,2.84,3.128946025462658
2018-08-09 00:30:00,2.7,3.4935297854439984
2018-08-09 00:45:00,2.74,3.0940735779740574
2018-08-09 01:00:00,2.77,3.0908274574542065
2018-08-09 01:15:00,2.77,3.084058610702152
2018-08-09 01:30:00,2.74,3.1326683463107323
2018-08-09 01:45:00,2.74,3.0664927630552423
2018-08-09 02:00:00,2.99,3.0452871456678086
2018-08-09 02:15:00,3.2,3.039457191221582
2018-08-09 02:30:00,2.77,3.147233681780012
2018-08-09 02:45:00,2.81,2.5697873150994326
2018-08-09 03:00:00,2.74,2.9681806247018874
2018-08-09 03:15:00,2.77,2.984669900385133
2018-08-09 03:30:00,2.77,3.006797382923131
2018-08-09 03:45:00,2.77,2.9986986456182096
2018-08-09 04:00:00,2.77,3.0248639384109897
2018-08-09 04:15:00,2.81,3.1115954040511786
2018-08-09 04:30:00,2.81,3.08946792151318
2018-08-09 04:45:00,2.74,3.0248639384109897
2018-08-09 05:00:00,2.77,3.0141456924830052
2018-08-09 05:15:00,3.35,3.0141456924830052
2018-08-09 05:30:00,3.13,3.0141456924830052
2018-08-09 05:45:00,2.74,3.325019577248855
2018-08-09 06:00:00,2.81,3.103543496486303
2018-08-09 06:15:00,2.74,3.08946792151318
2018-08-09 06:30:00,3.24,3.1115954040511786
2018-08-09 06:45:00,2.92,3.0060469551780837
2018-08-09 07:00:00,2.99,3.3923051559197335
2018-08-09 07:15:00,4.07,2.992018209945007
2018-08-09 07:30:00,4.21,3.2237224675504708
2018-08-09 07:45:00,8.21,5.641848667317923
2018-08-09 08:00:00,64.87,45.99899621878928
2018-08-09 08:15:00,98.32,75.83830333431285
2018-08-09 08:30:00,109.98,94.79887893752485
2018-08-09 08:45:00,96.41,104.03820631678288
2018-08-09 09:00:00,73.76,96.0219970159314
2018-08-09 09:15:00,98.86,91.06777637039822
2018-08-09 09:30:00,103.39,82.86413851591517
2018-08-09 09:45:00,110.66,88.16580160470178
2018-08-09 10:00:00,111.67,96.53971524553573
2018-08-09 10:15:00,88.88,93.12086625074312
2018-08-09 10:30:00,111.64,90.37831764790155
2018-08-09 10:45:00,72.11,88.21875851248367
2018-08-09 11:00:00,126.29,94.53591588077548
2018-08-09 11:15:00,94.54,94.74276692890932
2018-08-09 11:30:00,103.72,91.6331599502505
2018-08-09 11:45:00,89.39,92.27993915388082
2018-08-09 12:00:00,19.26,13.513217068504778
2018-08-09 12:15:00,4.9,14.001339343930105
2018-08-09 12:30:00,4.79,10.302267588364264
2018-08-09 12:45:00,4.57,7.097474940578661
2018-08-09 13:00:00,50.72,53.4280837474356
2018-08-09 13:15:00,107.21,84.99073829644512
2018-08-09 13:30:00,72.43,75.72628739033571
2018-08-09 13:45:00,133.06,86.83926806034586
2018-08-09 14:00:00,66.1,86.43271161606614
2018-08-09 14:15:00,42.37,99.31576708258709
2018-08-09 14:30:00,49.18,83.53922983869192
2018-08-09 14:45:00,62.39,65.08332213341221
2018-08-09 15:00:00,44.35,67.62221452870658
2018-08-09 15:15:00,40.0,79.71439738588249
2018-08-09 15:30:00,49.9,52.138138965978435
2018-08-09 15:45:00,67.43,47.28726910254644
2018-08-09 16:00:00,59.8,60.99212496974789
2018-08-09 16:15:00,54.04,63.99466050874243
2018-08-09 16:30:00,46.26,58.988789823755035
2018-08-09 16:45:00,44.96,58.34546818949747
2018-08-09 17:00:00,56.99,52.22843378949669
2018-08-09 17:15:00,44.03,47.64767304271032
2018-08-09 17:30:00,30.53,42.92963648936179
2018-08-09 17:45:00,31.43,28.370129069134123
2018-08-09 18:00:00,51.59,48.562546892235254
2018-08-09 18:15:00,44.6,49.55544144040795
2018-08-09 18:30:00,44.75,57.525899672918584
2018-08-09 18:45:00,49.32,43.185476680990696
2018-08-09 19:00:00,52.78,47.311544209434864
2018-08-09 19:15:00,52.2,49.91953663835995
2018-08-09 19:30:00,49.03,50.57740053685621
2018-08-09 19:45:00,42.73,49.870267218626196
2018-08-09 20:00:00,50.36,47.10097923218747
2018-08-09 20:15:00,49.5,44.32815850247221
2018-08-09 20:30:00,46.55,43.964690234604696
2018-08-09 20:45:00,16.99,20.416813153758362
2018-08-09 21:00:00,10.15,12.655184929447021
2018-08-09 21:15:00,5.98,3.4826419173710974
2018-08-09 21:30:00,4.46,5.516116815590466
2018-08-09 21:45:00,3.89,3.9906676686440816
2018-08-09 22:00:00,3.67,3.986364358166508
2018-08-09 22:15:00,3.49,3.9520561366087357
2018-08-09 22:30:00,3.46,3.7575515653508877
2018-08-09 22:45:00,3.24,3.511040153162389
2018-08-09 23:00:00,2.66,3.582766030206082
2018-08-09 23:15:00,2.63,3.630331652249653
2018-08-09 23:30:00,2.63,3.3339844055225547
2018-08-09 23:45:00,2.7,3.446950006948139
2018-08-10 00:00:00,2.7,3.1143299958722
2018-08-10 00:15:00,2.66,3.1281105078889193
2018-08-10 00:30:00,2.7,3.0982539238396103
2018-08-10 00:45:00,2.66,3.0982539238396103
2018-08-10 01:00:00,2.66,3.0601353558311586
2018-08-10 01:15:00,2.7,3.0533665090791042
2018-08-10 01:30:00,2.74,3.0533665090791042
2018-08-10 01:45:00,2.66,3.0721196606383754
2018-08-10 02:00:00,2.7,3.0145950440447606
2018-08-10 02:15:00,2.7,3.0087650895985343
2018-08-10 02:30:00,3.31,3.024219988719028
2018-08-10 02:45:00,2.88,3.024219988719028
2018-08-10 03:00:00,2.66,3.3295362979876706
2018-08-10 03:15:00,2.74,2.9613401935031054
2018-08-10 03:30:00,3.06,2.9613401935031054
2018-08-10 03:45:00,2.56,2.9613401935031054
2018-08-10 04:00:00,2.52,3.056306104560819
2018-08-10 04:15:00,2.63,3.0015342315289626
2018-08-10 04:30:00,2.63,2.979406748990964
2018-08-10 04:45:00,2.59,2.979406748990964
2018-08-10 05:00:00,2.59,3.0015342315289626
2018-08-10 05:15:00,2.56,2.979406748990964
2018-08-10 05:30:00,2.56,2.979406748990964
2018-08-10 05:45:00,2.52,2.9686885030629795
2018-08-10 06:00:00,2.52,2.979406748990964
2018-08-10 06:15:00,2.66,2.979406748990964
2018-08-10 06:30:00,2.66,2.979406748990964
2018-08-10 06:45:00,2.66,3.058775819890132
2018-08-10 07:00:00,2.59,3.058775819890132
2018-08-10 07:15:00,3.53,2.979406748990964
2018-08-10 07:30:00,7.31,2.945323654811485
2018-08-10 07:45:00,6.34,4.7374766530453725
2018-08-10 08:00:00,37.4,49.51887783662357
2018-08-10 08:15:00,49.9,66.56445395045387
2018-08-10 08:30:00,55.73,70.18347823728548
2018-08-10 08:45:00,47.84,67.8917549154826
2018-08-10 09:00:00,50.65,59.40712400776578
2018-08-10 09:15:00,55.08,55.924555574185234
2018-08-10 09:30:00,51.55,55.24108670777314
2018-08-10 09:45:00,52.09,55.80562108743896
2018-08-10 10:00:00,42.7,56.27101707573398
2018-08-10 10:15:00,44.14,55.379313401382774
2018-08-10 10:30:00,60.37,46.12969297561745
2018-08-10 10:45:00,91.44,47.2274772258936
2018-08-10 11:00:00,69.8,59.70575454335513
2018-08-10 11:15:00,94.32,74.09181421258279
2018-08-10 11:30:00,105.77,71.92555265975408
2018-08-10 11:45:00,113.72,78.84785555515188
2018-08-10 12:00:00,12.31,22.99608323501902
2018-08-10 12:15:00,4.79,11.354750950503766
2018-08-10 12:30:00,4.68,1.8074346026689616
2018-08-10 12:45:00,4.61,8.998004560604482
2018-08-10 13:00:00,30.06,53.649359980322686
2018-08-10 13:15:00,123.8,78.34085566951916
2018-08-10 13:30:00,105.7,64.51538165655272
2018-08-10 13:45:00,94.93,100.12508151449029
2018-08-10 14:00:00,115.45,107.22294563880335
2018-08-10 14:15:00,86.47,90.90879405336665
2018-08-10 14:30:00,91.84,106.512601917671
2018-08-10 14:45:00,89.35,89.68745344772783
2018-08-10 15:00:00,90.18,81.89376690151285
2018-08-10 15:15:00,106.67,84.35110097431809
2018-08-10 15:30:00,131.0,82.45906226260945
2018-08-10 15:45:00,107.46,92.23894377519316
2018-08-10 16:00:00,103.46,97.41757701207862
2018-08-10 16:15:00,100.22,98.00426863833675
2018-08-10 16:30:00,118.04,92.00511697181743
2018-08-10 16:45:00,55.66,97.31943852752163
2018-08-10 17:00:00,83.27,110.45238228503388
2018-08-10 17:15:00,99.83,75.44322707583639
2018-08-10 17:30:00,30.71,76.78092638856614
2018-08-10 17:45:00,29.81,59.900385687055916
2018-08-10 18:00:00,63.79,69.08819005587634
2018-08-10 18:15:00,79.96,76.85729799901132
2018-08-10 18:30:00,98.75,84.38635393247392
2018-08-10 18:45:00,86.9,84.69781896442606
2018-08-10 19:00:00,110.84,78.62293402449724
2018-08-10 19:15:00,73.55,92.28909007182627
2018-08-10 19:30:00,112.61,91.98037032124368
2018-08-10 19:45:00,91.8,97.86895424842338
2018-08-10 20:00:00,100.33,91.07029846927372
2018-08-10 20:15:00,84.46,95.23722759366457
2018-08-10 20:30:00,102.46,65.5290509486131
2018-08-10 20:45:00,64.8,52.408857451900346
2018-08-10 21:00:00,4.46,33.840706978793925
2018-08-10 21:15:00,4.25,33.75932170679312
2018-08-10 21:30:00,3.74,9.147350645666151
2018-08-10 21:45:00,3.78,6.116634474419525
2018-08-10 22:00:00,3.56,3.699896596681516
2018-08-10 22:15:00,3.28,5.56842037773413
2018-08-10 22:30:00,3.24,4.254293481499852
2018-08-10 22:45:00,2.74,4.254293481499852
2018-08-10 23:00:00,2.7,3.615924182679509
2018-08-10 23:15:00,2.7,3.332228029919182
2018-08-10 23:30:00,2.66,3.268419856410906
2018-08-10 23:45:00,2.7,3.1570462339085945
2018-08-11 00:00:00,2.66,3.448243808843801
2018-08-11 00:15:00,2.81,3.418387224794492
2018-08-11 00:30:00,2.74,3.418387224794492
2018-08-11 00:45:00,2.7,3.418387224794492
2018-08-11 01:00:00,2.74,3.039043420359277
2018-08-11 01:15:00,2.77,3.0721196606383754
2018-08-11 01:30:00,3.35,3.0721196606383754
2018-08-11 01:45:00,2.92,3.029970706985968
2018-08-11 02:00:00,2.74,3.3051123363256325
2018-08-11 02:15:00,2.7,3.0087650895985343
2018-08-11 02:30:00,2.66,3.024219988719028
2018-08-11 02:45:00,2.66,3.046347471257026
2018-08-11 03:00:00,3.28,2.948161417124952
2018-08-11 03:15:00,2.99,2.983467676041104
2018-08-11 03:30:00,2.77,3.2401293091052286
2018-08-11 03:45:00,2.77,3.0215147487647775
2018-08-11 04:00:00,2.77,2.979406748990964
2018-08-11 04:15:00,2.77,2.979406748990964
2018-08-11 04:30:00,2.81,3.0855359050888076
2018-08-11 04:45:00,2.74,2.990815985600978
2018-08-11 05:00:00,2.81,3.0015342315289626
2018-08-11 05:15:00,2.74,2.990815985600978
2018-08-11 05:30:00,2.74,2.990815985600978
2018-08-11 05:45:00,2.74,3.0809033024281307
2018-08-11 06:00:00,2.74,3.0809033024281307
2018-08-11 06:15:00,2.74,2.9686885030629795
2018-08-11 06:30:00,2.84,3.0015342315289626
2018-08-11 06:45:00,2.7,2.979406748990964
2018-08-11 07:00:00,2.7,2.979406748990964
2018-08-11 07:15:00,3.28,3.058775819890132
2018-08-11 07:30:00,4.25,3.0354109716386377
2018-08-11 07:45:00,5.44,4.390594136374511
2018-08-11 08:00:00,68.94,23.708882180799428
2018-08-11 08:15:00,111.38,38.41023379181093
2018-08-11 08:30:00,77.72,87.77325001956586
2018-08-11 08:45:00,109.84,91.40086712608472
2018-08-11 09:00:00,91.19,81.09549354303844
2018-08-11 09:15:00,109.91,76.55191593712237
2018-08-11 09:30:00,87.88,79.8499611775653
2018-08-11 09:45:00,110.59,75.5961926662522
2018-08-11 10:00:00,73.87,79.49348985555032
2018-08-11 10:15:00,78.44,79.52326261823133
2018-08-11 10:30:00,76.25,80.57751482831301
2018-08-11 10:45:00,90.76,76.74005458020416
2018-08-11 11:00:00,94.86,77.26244033980737
2018-08-11 11:15:00,71.71,82.42246613415483
2018-08-11 11:30:00,103.82,80.13421838917964
2018-08-11 11:45:00,56.63,74.30877147706745
2018-08-11 12:00:00,4.0,11.838615493992721
2018-08-11 12:15:00,4.21,2.509170697135113
2018-08-11 12:30:00,3.92,11.255698192323234
2018-08-11 12:45:00,4.21,11.396601216351552
2018-08-11 13:00:00,37.22,35.133878185308475
2018-08-11 13:15:00,83.99,74.24919176215508
2018-08-11 13:30:00,95.65,58.608903610169875
2018-08-11 13:45:00,109.33,81.84608931828147
2018-08-11 14:00:00,89.32,93.17994735882533
2018-08-11 14:15:00,105.59,95.03518006476966
2018-08-11 14:30:00,96.3,92.036734852752
2018-08-11 14:45:00,103.57,80.15752798958056
2018-08-11 15:00:00,93.56,87.44898457758288
2018-08-11 15:15:00,71.64,85.47432942213
2018-08-11 15:30:00,72.54,91.45716857668889
2018-08-11 15:45:00,86.9,96.51977423094823
2018-08-11 16:00:00,103.36,78.93995828991284
2018-08-11 16:15:00,81.9,78.70229863760711
2018-08-11 16:30:00,95.83,76.53661812433963
2018-08-11 16:45:00,15.55,59.410512609361646
2018-08-11 17:00:00,5.62,52.87007228539131
2018-08-11 17:15:00,4.0,0.0
2018-08-11 17:30:00,3.78,5.677995009450108
2018-08-11 17:45:00,3.2,3.341649274515528
2018-08-11 18:00:00,2.84,6.923273329467478
2018-08-11 18:15:00,2.74,5.048482848906455
2018-08-11 18:30:00,2.88,4.122881137921134
2018-08-11 18:45:00,3.06,4.198005965387022
2018-08-11 19:00:00,3.06,3.629952062747085
2018-08-11 19:15:00,3.02,3.537788378335104
2018-08-11 19:30:00,3.02,3.3658206913741187
2018-08-11 19:45:00,3.06,3.331480598419006
2018-08-11 20:00:00,3.1,3.2800310972334024
2018-08-11 20:15:00,3.17,3.313305640957941
2018-08-11 20:30:00,3.1,3.4053627450942296
2018-08-11 20:45:00,3.1,3.4935508915526845
2018-08-11 21:00:00,3.1,3.2762111756407135
2018-08-11 21:15:00,3.17,3.156551555538359
2018-08-11 21:30:00,3.17,3.1753047070976304
2018-08-11 21:45:00,3.24,3.337104628230069
2018-08-11 22:00:00,3.49,3.3062947130657454
2018-08-11 22:15:00,2.88,3.3062947130657454
2018-08-11 22:30:00,2.74,3.221289556672307
2018-08-11 22:45:00,3.17,3.0418211779354865
2018-08-11 23:00:00,3.24,3.0453905203998977
2018-08-11 23:15:00,2.59,3.34391687461628
2018-08-11 23:30:00,2.66,3.3378162113538514
2018-08-11 23:45:00,2.74,3.0610776097297547
2018-08-12 00:00:00,2.7,3.039871992342321
2018-08-12 00:15:00,2.74,3.06972857639163
2018-08-12 00:30:00,2.74,3.06972857639163
2018-08-12 00:45:00,2.7,3.039871992342321
2018-08-12 01:00:00,2.7,3.0155339363505886
2018-08-12 01:15:00,2.7,3.0087650895985343
2018-08-12 01:30:00,2.74,3.0087650895985343
2018-08-12 01:45:00,2.81,3.0087650895985343
2018-08-12 02:00:00,2.77,3.0087650895985343
2018-08-12 02:15:00,2.77,3.0087650895985343
2018-08-12 02:30:00,3.06,3.024219988719028
2018-08-12 02:45:00,3.06,2.9341326718918754
2018-08-12 03:00:00,2.77,3.1136177927223256
2018-08-12 03:15:00,2.77,3.15223455094357
2018-08-12 03:30:00,2.84,2.983467676041104
2018-08-12 03:45:00,2.77,2.983467676041104
2018-08-12 04:00:00,2.77,2.990815985600978
2018-08-12 04:15:00,2.77,3.0015342315289626
2018-08-12 04:30:00,2.81,2.990815985600978
2018-08-12 04:45:00,3.28,2.990815985600978
2018-08-12 05:00:00,3.2,3.0015342315289626
2018-08-12 05:15:00,2.74,3.2858809226282926
2018-08-12 05:30:00,2.66,3.2858809226282926
2018-08-12 05:45:00,2.74,2.990815985600978
2018-08-12 06:00:00,2.77,3.0809033024281307
2018-08-12 06:15:00,2.74,2.982717248296056
2018-08-12 06:30:00,3.17,2.982717248296056
2018-08-12 06:45:00,2.84,3.058775819890132
2018-08-12 07:00:00,2.74,3.2582975847414875
2018-08-12 07:15:00,2.7,2.9686885030629795
2018-08-12 07:30:00,2.7,2.99080069138034
2018-08-12 07:45:00,2.63,3.4349099651467787
2018-08-12 08:00:00,2.59,11.475165993128781
2018-08-12 08:15:00,2.63,8.975155996889946
2018-08-12 08:30:00,2.7,2.8522421463421894
2018-08-12 08:45:00,2.95,3.1365853181407437
2018-08-12 09:00:00,3.06,3.197531530344546
2018-08-12 09:15:00,3.02,3.113264780789431
2018-08-12 09:30:00,3.1,2.997490881437849
2018-08-12 09:45:00,3.06,3.3434860580080423
2018-08-12 10:00:00,3.06,3.3583010854478843
2018-08-12 10:15:00,3.1,3.3724945535623836
2018-08-12 10:30:00,3.64,3.22817426952103
2018-08-12 10:45:00,3.13,3.035334353914659
2018-08-12 11:00:00,3.02,3.1203634082880143
2018-08-12 11:15:00,3.24,2.9721539599620277
2018-08-12 11:30:00,2.7,3.1215737706956275
2018-08-12 11:45:00,2.77,3.2038661342873547
2018-08-12 12:00:00,2.88,2.8850419587936673
2018-08-12 12:15:00,3.06,2.8708295096109766
2018-08-12 12:30:00,3.06,2.8789282469158985
2018-08-12 12:45:00,3.06,2.95193625029237
2018-08-12 13:00:00,3.1,3.138816238002627
2018-08-12 13:15:00,3.06,4.026505059362189
2018-08-12 13:30:00,3.1,3.8883023126615703
2018-08-12 13:45:00,3.02,3.4812336317095136
2018-08-12 14:00:00,3.02,3.4812336317095136
2018-08-12 14:15:00,2.99,3.4680991561418346
2018-08-12 14:30:00,3.06,3.4680991561418346
2018-08-12 14:45:00,3.02,3.4680991561418346
2018-08-12 15:00:00,3.06,3.5149131566041056
2018-08-12 15:15:00,3.1,3.198293821972804
2018-08-12 15:30:00,3.64,3.164052867140709
2018-08-12 15:45:00,3.06,3.1262945140426646
2018-08-12 16:00:00,3.1,3.303706128316135
2018-08-12 16:15:00,2.99,2.6352533954335553
2018-08-12 16:30:00,3.02,2.836378319807922
2018-08-12 16:45:00,3.02,2.8182066130775185
2018-08-12 17:00:00,3.02,2.8313708519659104
2018-08-12 17:15:00,3.56,2.8182066130775185
2018-08-12 17:30:00,3.38,2.8182066130775185
2018-08-12 17:45:00,2.99,2.944462573814585
2018-08-12 18:00:00,2.77,3.212909732177465
2018-08-12 18:15:00,2.74,3.2023170094432776
2018-08-12 18:30:00,2.88,3.1110363112155452
2018-08-12 18:45:00,2.99,3.124200550103937
2018-08-12 19:00:00,3.02,3.1196872778774205
2018-08-12 19:15:00,3.06,3.17774555686456
2018-08-12 19:30:00,3.02,3.17774555686456
2018-08-12 19:45:00,3.06,3.1696744150448053
2018-08-12 20:00:00,3.02,3.17774555686456
2018-08-12 20:15:00,3.46,3.190880032432239
2018-08-12 20:30:00,3.28,3.1596790013767015
2018-08-12 20:45:00,3.13,3.369106402681394
2018-08-12 21:00:00,3.13,3.427902681897157
2018-08-12 21:15:00,3.13,3.1119501360577893
2018-08-12 21:30:00,3.13,3.1119501360577893
2018-08-12 21:45:00,3.13,3.1206011027196645
2018-08-12 22:00:00,2.99,3.0888059480777628
2018-08-12 22:15:00,2.7,3.0137640819257148
2018-08-12 22:30:00,2.92,3.00571176679175
2018-08-12 22:45:00,3.28,3.0418211779354865
2018-08-12 23:00:00,2.88,3.013595365757996
2018-08-12 23:15:00,2.66,3.34391687461628
2018-08-12 23:30:00,2.74,3.0610776097297547
2018-08-12 23:45:00,2.84,3.039871992342321
2018-08-13 00:00:00,2.77,3.0917697113528027
2018-08-13 00:15:00,2.81,3.100420678014678
2018-08-13 00:30:00,3.28,3.0917697113528027
2018-08-13 00:45:00,2.74,3.070564093965369
2018-08-13 01:00:00,2.77,3.3204143361982865
2018-08-13 01:15:00,2.77,3.060662808609016
2018-08-13 01:30:00,2.81,3.060662808609016
2018-08-13 01:45:00,2.77,3.060662808609016
2018-08-13 02:00:00,2.77,3.069313775270891
2018-08-13 02:15:00,2.81,3.039457191221582
2018-08-13 02:30:00,2.84,2.990308107239886
2018-08-13 02:45:00,2.77,3.077039572880074
2018-08-13 03:00:00,2.7,3.077039572880074
2018-08-13 03:15:00,2.74,3.09352884856332
2018-08-13 03:30:00,2.7,3.006797382923131
2018-08-13 03:45:00,2.74,2.9960791369951467
2018-08-13 04:00:00,2.74,3.1115954040511786
2018-08-13 04:15:00,2.81,3.0141456924830052
2018-08-13 04:30:00,3.74,3.08946792151318
2018-08-13 04:45:00,3.74,3.08946792151318
2018-08-13 05:00:00,2.74,3.5135066796608836
2018-08-13 05:15:00,2.7,3.7755988320938036
2018-08-13 05:30:00,2.7,3.254110362377927
2018-08-13 05:45:00,2.66,3.1115954040511786
2018-08-13 06:00:00,2.66,3.042144298991281
2018-08-13 06:15:00,2.63,3.042144298991281
2018-08-13 06:30:00,2.74,3.08946792151318
2018-08-13 06:45:00,2.7,3.08946792151318
2018-08-13 07:00:00,2.7,2.992018209945007
2018-08-13 07:15:00,3.53,3.0027364558729914
2018-08-13 07:30:00,4.03,2.9686533616935127
2018-08-13 07:45:00,3.85,4.64892377553423
2018-08-13 08:00:00,26.64,36.58683041151646
2018-08-13 08:15:00,92.23,56.250930508085396
2018-08-13 08:30:00,82.08,56.97485258492042
2018-08-13 08:45:00,119.92,87.15087696926786
2018-08-13 09:00:00,92.34,83.10465574623217
2018-08-13 09:15:00,110.2,83.93541547247962
2018-08-13 09:30:00,89.78,94.80094615617273
2018-08-13 09:45:00,106.34,86.9953711112534
2018-08-13 10:00:00,84.31,94.79170637428352
2018-08-13 10:15:00,104.62,89.55185155404006
2018-08-13 10:30:00,81.94,80.2811449075542
2018-08-13 10:45:00,100.66,92.93726840517779
2018-08-13 11:00:00,101.99,84.08837307784485
2018-08-13 11:15:00,81.54,90.19847762061656
2018-08-13 11:30:00,100.94,93.75089267274276
2018-08-13 11:45:00,96.55,85.49335128378362
2018-08-13 12:00:00,28.87,18.282257170525845
2018-08-13 12:15:00,24.01,11.8549038843526
2018-08-13 12:30:00,4.97,11.561983892390737
2018-08-13 12:45:00,4.97,11.892132808365664
2018-08-13 13:00:00,60.48,63.446409246864
2018-08-13 13:15:00,90.07,90.5915001395953
2018-08-13 13:30:00,107.6,87.60147990493985
2018-08-13 13:45:00,111.46,86.0057710562295
2018-08-13 14:00:00,105.19,90.560550213038
2018-08-13 14:15:00,85.75,96.75046228746105
2018-08-13 14:30:00,109.19,94.68036660261768
2018-08-13 14:45:00,93.6,90.96865684977993
2018-08-13 15:00:00,57.56,88.96429834100046
2018-08-13 15:15:00,57.64,101.00521714377018
2018-08-13 15:30:00,75.64,80.06462532776575
2018-08-13 15:45:00,76.1,70.61391835120853
2018-08-13 16:00:00,91.98,77.47936058296045
2018-08-13 16:15:00,85.18,77.9953635627719
2018-08-13 16:30:00,102.64,79.66551644830221
2018-08-13 16:45:00,110.05,78.69787340820868
2018-08-13 17:00:00,95.36,77.75965239818278
2018-08-13 17:15:00,101.2,91.01775611381058
2018-08-13 17:30:00,35.21,41.70725661643446
2018-08-13 17:45:00,32.11,38.460130667899136
2018-08-13 18:00:00,68.29,62.0869428115508
2018-08-13 18:15:00,86.9,93.83771757810987
2018-08-13 18:30:00,103.1,89.92344686057383
2018-08-13 18:45:00,70.13,88.91372588957097
2018-08-13 19:00:00,103.68,84.97414878902994
2018-08-13 19:15:00,88.74,86.83770128020791
2018-08-13 19:30:00,104.4,89.62953448927024
2018-08-13 19:45:00,83.63,96.1833424729728
2018-08-13 20:00:00,99.68,89.22710254166532
2018-08-13 20:15:00,91.98,87.13160929047734
2018-08-13 20:30:00,105.37,78.80476938489282
2018-08-13 20:45:00,68.29,49.83245674009563
2018-08-13 21:00:00,6.05,35.51263376286523
2018-08-13 21:15:00,4.61,28.088823178473156
2018-08-13 21:30:00,4.43,2.954970839655696
2018-08-13 21:45:00,4.1,5.601755110072735
2018-08-13 22:00:00,3.89,4.883972960880579
2018-08-13 22:15:00,3.6,6.232821693602035
2018-08-13 22:30:00,3.67,4.297280945268369
2018-08-13 22:45:00,3.67,3.8317748811352814
2018-08-13 23:00:00,3.64,3.659932389333159
2018-08-13 23:15:00,2.99,3.8351332994341996
2018-08-13 23:30:00,2.84,3.7144897818464377
2018-08-13 23:45:00,2.74,3.6020358340082557
2018-08-14 00:00:00,2.84,3.233812069598123
2018-08-14 00:15:00,3.06,3.233812069598123
2018-08-14 00:30:00,3.46,3.233812069598123
2018-08-14 00:45:00,2.81,3.258931090086461
2018-08-14 01:00:00,2.84,3.387288386096857
2018-08-14 01:15:00,2.92,3.0750979746482754
2018-08-14 01:30:00,2.84,3.1150567435949803
2018-08-14 01:45:00,2.84,3.1150567435949803
2018-08-14 02:00:00,3.13,3.1237077102568556
2018-08-14 02:15:00,3.02,3.0575321270013656
2018-08-14 02:30:00,3.06,3.161306682450994
2018-08-14 02:45:00,3.02,3.1523643762123896
2018-08-14 03:00:00,3.02,3.166437376883372
2018-08-14 03:15:00,3.06,3.1688536518956356
2018-08-14 03:30:00,3.31,3.145709463915609
2018-08-14 03:45:00,3.56,3.1829266525666178
2018-08-14 04:00:00,2.92,3.325019577248855
2018-08-14 04:15:00,2.92,3.4224692888170285
2018-08-14 04:30:00,2.88,3.1115954040511786
2018-08-14 04:45:00,2.92,3.1115954040511786
2018-08-14 05:00:00,2.92,3.1162280067118555
2018-08-14 05:15:00,2.92,3.1207412789383717
2018-08-14 05:30:00,2.88,3.1115954040511786
2018-08-14 05:45:00,2.88,3.1115954040511786
2018-08-14 06:00:00,2.92,3.1115954040511786
2018-08-14 06:15:00,3.46,3.1115954040511786
2018-08-14 06:30:00,2.84,3.1115954040511786
2018-08-14 06:45:00,2.81,3.3876725532590566
2018-08-14 07:00:00,2.81,3.1115954040511786
2018-08-14 07:15:00,3.35,3.1115954040511786
2018-08-14 07:30:00,3.92,3.3209679241625505
2018-08-14 07:45:00,3.67,5.7172723841069315
2018-08-14 08:00:00,22.32,39.02295719340322
2018-08-14 08:15:00,101.63,54.05648360595132
2018-08-14 08:30:00,93.49,54.08924859533188
2018-08-14 08:45:00,69.41,86.21631575049605
2018-08-14 09:00:00,96.66,91.97736914513827
2018-08-14 09:15:00,82.69,86.22353074030849
2018-08-14 09:30:00,76.28,95.34241964739014
2018-08-14 09:45:00,97.49,89.55094894169231
2018-08-14 10:00:00,105.88,76.56317243379591
2018-08-14 10:15:00,91.8,88.20435085229023
2018-08-14 10:30:00,106.49,97.34680761687757
2018-08-14 10:45:00,57.28,88.24247979247833
2018-08-14 11:00:00,63.79,90.00068974355814
2018-08-14 11:15:00,72.68,69.32725022878981
2018-08-14 11:30:00,53.21,57.005727516601425
2018-08-14 11:45:00,72.86,69.48414537285414
2018-08-14 12:00:00,15.23,13.824294928737089
2018-08-14 12:15:00,5.87,7.074316242123685
2018-08-14 12:30:00,5.87,8.518469359460816
2018-08-14 12:45:00,5.76,6.956979278825799
2018-08-14 13:00:00,52.99,41.00675539799669
2018-08-14 13:15:00,63.25,83.26746423276703
2018-08-14 13:30:00,71.42,78.4377430260664
2018-08-14 13:45:00,66.1,61.94590734523852
2018-08-14 14:00:00,74.48,72.42076312653253
2018-08-14 14:15:00,96.12,70.87922990267218
2018-08-14 14:30:00,81.22,70.85565592861089
2018-08-14 14:45:00,96.7,91.4399616438204
2018-08-14 15:00:00,95.08,81.13323894151958
2018-08-14 15:15:00,75.92,84.99094305994589
2018-08-14 15:30:00,89.78,92.60762155103473
2018-08-14 15:45:00,93.64,84.60827369040243
2018-08-14 16:00:00,83.59,82.17231971678265
2018-08-14 16:15:00,88.09,87.61472666058044
2018-08-14 16:30:00,105.26,86.44996382895177
2018-08-14 16:45:00,86.0,80.75432586272503
2018-08-14 17:00:00,105.48,86.17282256879649
2018-08-14 17:15:00,70.99,79.94919377704746
2018-08-14 17:30:00,29.92,45.21892385203143
2018-08-14 17:45:00,29.99,37.37556151707783
2018-08-14 18:00:00,67.5,61.55817409959645
2018-08-14 18:15:00,106.45,74.74323415053517
2018-08-14 18:30:00,85.03,85.69137149442243
2018-08-14 18:45:00,108.36,98.79941000760573
2018-08-14 19:00:00,75.89,89.7139116461056
2018-08-14 19:15:00,95.94,98.76188596093607
2018-08-14 19:30:00,82.62,91.00849919857765
2018-08-14 19:45:00,89.5,88.13536210176485
2018-08-14 20:00:00,95.44,92.58763440644151
2018-08-14 20:15:00,81.61,81.5751111749033
2018-08-14 20:30:00,119.34,77.74897898512162
2018-08-14 20:45:00,37.73,51.38817969729333
2018-08-14 21:00:00,28.4,43.64178188112466
2018-08-14 21:15:00,4.0,20.707458877719784
2018-08-14 21:30:00,3.89,26.441155123199202
2018-08-14 21:45:00,3.85,6.664463678154975
2018-08-14 22:00:00,3.42,8.091583818389218
2018-08-14 22:15:00,2.77,3.797319562738046
2018-08-14 22:30:00,2.77,4.356108026328895
2018-08-14 22:45:00,2.77,2.912408429966616
2018-08-14 23:00:00,2.74,3.35128835198096
2018-08-14 23:15:00,2.74,2.7237608110194333
2018-08-14 23:30:00,2.74,3.227039122766209
2018-08-14 23:45:00,2.81,3.218388156104334
2018-08-15 00:00:00,2.74,3.218388156104334
2018-08-15 00:15:00,2.74,3.218388156104334
2018-08-15 00:30:00,2.59,3.1971825387169
2018-08-15 00:45:00,2.63,3.287451999549528
2018-08-15 01:00:00,2.59,3.0908274574542065
2018-08-15 01:15:00,2.63,3.096303592035709
2018-08-15 01:30:00,2.63,3.0938511262075465
2018-08-15 01:45:00,2.59,3.036326509613932
2018-08-15 02:00:00,2.95,3.036326509613932
2018-08-15 02:15:00,3.13,3.0304965551677054
2018-08-15 02:30:00,3.2,3.0276564876738403
2018-08-15 02:45:00,2.81,3.0468601827772006
2018-08-15 03:00:00,2.59,3.2627786880425456
2018-08-15 03:15:00,2.59,2.9739516544571485
2018-08-15 03:30:00,2.63,2.9960791369951467
2018-08-15 03:45:00,2.7,2.987980399690225
2018-08-15 04:00:00,2.74,3.1162280067118555
2018-08-15 04:15:00,2.66,3.0141456924830052
2018-08-15 04:30:00,2.59,2.992018209945007
2018-08-15 04:45:00,2.63,3.0027364558729914
2018-08-15 05:00:00,2.63,3.0027364558729914
2018-08-15 05:15:00,2.63,3.0027364558729914
2018-08-15 05:30:00,2.66,3.0027364558729914
2018-08-15 05:45:00,2.59,3.0027364558729914
2018-08-15 06:00:00,2.59,3.0027364558729914
2018-08-15 06:15:00,2.99,3.08946792151318
2018-08-15 06:30:00,3.06,3.08946792151318
2018-08-15 06:45:00,2.59,3.1647927248454955
2018-08-15 07:00:00,2.66,3.1788657255164776
2018-08-15 07:15:00,3.1,3.0027364558729914
2018-08-15 07:30:00,3.64,3.1136388735772846
2018-08-15 07:45:00,5.8,3.2942454152966882
2018-08-15 08:00:00,33.73,39.82996366077195
2018-08-15 08:15:00,46.76,62.060831295471296
2018-08-15 08:30:00,56.99,58.679248307851665
2018-08-15 08:45:00,62.42,59.2628626669309
2018-08-15 09:00:00,57.46,56.88711079686998
2018-08-15 09:15:00,81.11,58.17287181530957
2018-08-15 09:30:00,101.02,55.174246902625484
2018-08-15 09:45:00,82.3,67.63018575032375
2018-08-15 10:00:00,100.69,84.47987503515662
2018-08-15 10:15:00,112.68,77.2657440045672
2018-08-15 10:30:00,99.97,85.90097670461148
2018-08-15 10:45:00,111.17,95.62878009646685
2018-08-15 11:00:00,83.34,94.71924914596605
2018-08-15 11:15:00,113.98,88.1670091213344
2018-08-15 11:30:00,69.7,86.04831119413986
2018-08-15 11:45:00,70.45,71.82364614397056
2018-08-15 12:00:00,6.91,12.946965632690548
2018-08-15 12:15:00,7.81,3.7966960381123744
2018-08-15 12:30:00,7.02,5.325592388435512
2018-08-15 12:45:00,7.13,16.212037950623465
2018-08-15 13:00:00,46.12,62.67697761835841
2018-08-15 13:15:00,107.35,61.1628488153777
2018-08-15 13:30:00,67.68,75.35427176841118
2018-08-15 13:45:00,103.32,89.83414265057829
2018-08-15 14:00:00,108.68,80.04877817200523
2018-08-15 14:15:00,66.35,77.44079732166998
2018-08-15 14:30:00,99.76,108.05170946543896
2018-08-15 14:45:00,92.27,99.13697249685224
2018-08-15 15:00:00,72.32,84.54921169265432
2018-08-15 15:15:00,49.61,92.1878613409641
2018-08-15 15:30:00,78.05,82.9685645195495
2018-08-15 15:45:00,99.68,62.700101105389685
2018-08-15 16:00:00,99.0,74.1482631136269
2018-08-15 16:15:00,78.19,86.62597934914264
2018-08-15 16:30:00,71.42,86.7253985364616
2018-08-15 16:45:00,18.86,88.83915511187209
2018-08-15 17:00:00,5.4,76.64553296799822
2018-08-15 17:15:00,3.96,11.67635963327915
2018-08-15 17:30:00,3.85,3.9512006371907376
2018-08-15 17:45:00,3.38,2.759108881629277
2018-08-15 18:00:00,2.99,6.20332948781217
2018-08-15 18:15:00,2.81,2.9159484020919404
2018-08-15 18:30:00,2.99,3.2773676729684236
2018-08-15 18:45:00,3.2,2.716875980185728
2018-08-15 19:00:00,3.17,2.9665381077697934
2018-08-15 19:15:00,3.1,3.6692182382042056
2018-08-15 19:30:00,3.13,3.552168031536999
2018-08-15 19:45:00,3.13,3.431500025967655
2018-08-15 20:00:00,3.17,3.2179268510258114
2018-08-15 20:15:00,3.28,3.2265778176876867
2018-08-15 20:30:00,3.13,3.576177377332997
2018-08-15 20:45:00,3.2,3.4454669368155786
2018-08-15 21:00:00,3.2,3.3155542439256367
2018-08-15 21:15:00,3.28,3.414346498062744
2018-08-15 21:30:00,3.24,3.416932881635755
2018-08-15 21:45:00,3.28,3.373626684299343
2018-08-15 22:00:00,3.56,3.3456377813506686
2018-08-15 22:15:00,3.1,3.313842626708767
2018-08-15 22:30:00,2.81,3.8365096027032966
2018-08-15 22:45:00,2.84,3.124580210134525
2018-08-15 23:00:00,3.38,3.0760826220229456
2018-08-15 23:15:00,3.1,3.100420678014678
2018-08-15 23:30:00,2.81,3.381381923071242
2018-08-15 23:45:00,2.77,3.1716134325694965
2018-08-16 00:00:00,2.84,3.0917697113528027
2018-08-16 00:15:00,2.81,3.0917697113528027
2018-08-16 00:30:00,2.7,3.100420678014678
2018-08-16 00:45:00,2.66,3.0917697113528027
2018-08-16 01:00:00,2.74,3.0674316553610703
2018-08-16 01:15:00,2.7,3.060662808609016
2018-08-16 01:30:00,2.7,3.060662808609016
2018-08-16 01:45:00,2.63,3.060662808609016
2018-08-16 02:00:00,2.66,3.039457191221582
2018-08-16 02:15:00,2.66,3.039457191221582
2018-08-16 02:30:00,2.95,3.054912090342076
2018-08-16 02:45:00,3.31,3.054912090342076
2018-08-16 03:00:00,2.74,3.1302368936743914
2018-08-16 03:15:00,2.74,3.376717675293964
2018-08-16 03:30:00,2.66,3.0714013660253214
2018-08-16 03:45:00,2.74,3.0714013660253214
2018-08-16 04:00:00,2.66,3.0141456924830052
2018-08-16 04:15:00,2.81,3.1162280067118555
2018-08-16 04:30:00,2.7,3.08946792151318
2018-08-16 04:45:00,2.81,3.0027364558729914
2018-08-16 05:00:00,3.31,3.0027364558729914
2018-08-16 05:15:00,2.81,2.992018209945007
2018-08-16 05:30:00,2.77,2.5877732392297452
2018-08-16 05:45:00,2.7,3.0248639384109897
2018-08-16 06:00:00,2.74,3.0027364558729914
2018-08-16 06:15:00,2.7,3.0248639384109897
2018-08-16 06:30:00,2.74,3.016765201106068
2018-08-16 06:45:00,2.7,3.1115954040511786
2018-08-16 07:00:00,2.63,3.1115954040511786
2018-08-16 07:15:00,3.49,2.992018209945007
2018-08-16 07:30:00,4.1,3.1029206276493
2018-08-16 07:45:00,5.18,4.089867453574923
2018-08-16 08:00:00,69.08,42.40330740349208
2018-08-16 08:15:00,78.05,66.41353148879504
2018-08-16 08:30:00,89.89,88.69393582412653
2018-08-16 08:45:00,111.89,90.6956467775109
2018-08-16 09:00:00,80.03,82.14848805951027
2018-08-16 09:15:00,98.53,80.46851485425664
2018-08-16 09:30:00,116.6,78.76021101295828
2018-08-16 09:45:00,80.21,78.96676084502343
2018-08-16 10:00:00,103.03,98.23125223867844
2018-08-16 10:15:00,105.62,86.32100900469845
2018-08-16 10:30:00,70.27,79.91885298368244
2018-08-16 10:45:00,40.0,99.05926191127854
2018-08-16 11:00:00,58.03,86.1843369254886
2018-08-16 11:15:00,53.75,47.183731029692154
2018-08-16 11:30:00,47.16,67.64607662409962
2018-08-16 11:45:00,36.97,55.2793114485063
2018-08-16 12:00:00,4.93,12.408380750798894
2018-08-16 12:15:00,4.64,11.77571872153119
2018-08-16 12:30:00,4.64,4.622937352246969
2018-08-16 12:45:00,4.61,6.432296106247969
2018-08-16 13:00:00,32.51,38.02021528269123
2018-08-16 13:15:00,108.68,51.79726435644359
2018-08-16 13:30:00,100.51,57.72268130547174
2018-08-16 13:45:00,57.89,86.67840024664545
2018-08-16 14:00:00,51.44,93.41295725594897
2018-08-16 14:15:00,46.33,70.83314191824917
2018-08-16 14:30:00,43.85,66.4569587666922
2018-08-16 14:45:00,44.14,54.47011006786277
2018-08-16 15:00:00,65.41,49.21805412519336
2018-08-16 15:15:00,45.18,47.2568543477867
2018-08-16 15:30:00,55.84,65.8644752544826
2018-08-16 15:45:00,44.32,53.297515941889145
2018-08-16 16:00:00,41.4,56.36532977078342
2018-08-16 16:15:00,45.47,44.21672493137902
2018-08-16 16:30:00,53.14,48.925200011899555
2018-08-16 16:45:00,43.31,48.73793036801955
2018-08-16 17:00:00,55.22,51.56331826262095
2018-08-16 17:15:00,57.42,40.803542304075584
2018-08-16 17:30:00,27.79,43.33360659994733
2018-08-16 17:45:00,28.08,39.238587799131096
2018-08-16 18:00:00,33.16,25.355970702278462
2018-08-16 18:15:00,48.89,38.26398280277051
2018-08-16 18:30:00,50.8,47.33670031797331
2018-08-16 18:45:00,58.68,52.219086048144334
2018-08-16 19:00:00,43.56,49.694414045679935
2018-08-16 19:15:00,60.37,52.04691798340728
2018-08-16 19:30:00,39.56,41.60002762143622
2018-08-16 19:45:00,47.45,51.09398276127246
2018-08-16 20:00:00,54.61,42.209725868537944
2018-08-16 20:15:00,48.67,52.470256787799435
2018-08-16 20:30:00,37.55,48.6314722922484
2018-08-16 20:45:00,13.36,22.763606832385094
2018-08-16 21:00:00,5.15,19.048879071287985
2018-08-16 21:15:00,3.85,4.830840608367781
2018-08-16 21:30:00,3.64,4.33378910223297
2018-08-16 21:45:00,3.6,4.001653283521764
2018-08-16 22:00:00,3.6,3.5940091845803694
2018-08-16 22:15:00,3.49,3.4639228381653155
2018-08-16 22:30:00,3.49,3.526961769504932
2018-08-16 22:45:00,3.31,3.511040153162389
2018-08-16 23:00:00,3.13,3.578906116605263
2018-08-16 23:15:00,2.74,3.630331652249653
2018-08-16 23:30:00,2.74,3.210546830071974
2018-08-16 23:45:00,3.13,3.151795044327162
2018-08-17 00:00:00,2.77,3.1348834547208333
2018-08-17 00:15:00,2.84,3.207954229105613
2018-08-17 00:30:00,2.81,3.1281105078889193
2018-08-17 00:45:00,2.77,3.084473411822891
2018-08-17 01:00:00,2.81,3.0601353558311586
2018-08-17 01:15:00,2.77,3.0832230931284133
2018-08-17 01:30:00,2.77,3.0358006614321944
2018-08-17 01:45:00,2.74,3.029970706985968
2018-08-17 02:00:00,2.77,3.029970706985968
2018-08-17 02:15:00,2.74,3.029970706985968
2018-08-17 02:30:00,2.77,3.046347471257026
2018-08-17 02:45:00,3.28,3.046347471257026
2018-08-17 03:00:00,3.06,3.046347471257026
2018-08-17 03:15:00,2.77,3.346025573670916
2018-08-17 03:30:00,2.77,3.0621472341164173
2018-08-17 03:45:00,2.77,2.950621947575121
2018-08-17 04:00:00,2.99,3.0809033024281307
2018-08-17 04:15:00,3.46,2.982717248296056
2018-08-17 04:30:00,3.24,3.156228105760446
2018-08-17 04:45:00,2.77,3.3917771871939806
2018-08-17 05:00:00,2.81,3.301689870366828
2018-08-17 05:15:00,2.81,3.0809033024281307
2018-08-17 05:30:00,2.77,2.990815985600978
2018-08-17 05:45:00,2.74,2.982717248296056
2018-08-17 06:00:00,2.81,2.982717248296056
2018-08-17 06:15:00,2.77,2.990815985600978
2018-08-17 06:30:00,2.77,2.990815985600978
2018-08-17 06:45:00,2.7,2.990815985600978
2018-08-17 07:00:00,3.28,3.0809033024281307
2018-08-17 07:15:00,2.99,3.058775819890132
2018-08-17 07:30:00,3.1,3.820004329361698
2018-08-17 07:45:00,3.17,3.7224196880645057
2018-08-17 08:00:00,33.84,30.32789857916967
2018-08-17 08:15:00,40.72,35.23158396985125
2018-08-17 08:30:00,64.94,62.37531940592992
2018-08-17 08:45:00,50.22,47.13326681492198
2018-08-17 09:00:00,45.86,63.36457988725214
2018-08-17 09:15:00,40.5,58.89937394917071
2018-08-17 09:30:00,45.65,50.654088821756424
2018-08-17 09:45:00,42.12,43.517402429393826
2018-08-17 10:00:00,46.08,49.15609676806055
2018-08-17 10:15:00,42.01,45.142990864305034
2018-08-17 10:30:00,44.53,51.51039453420787
2018-08-17 10:45:00,43.49,45.65994014622046
2018-08-17 11:00:00,41.4,45.07667118097527
2018-08-17 11:15:00,63.0,46.18283322648268
2018-08-17 11:30:00,45.07,43.31804200842497
2018-08-17 11:45:00,36.25,51.591902767709186
2018-08-17 12:00:00,4.07,10.801369832293002
2018-08-17 12:15:00,4.86,13.688027805299212
2018-08-17 12:30:00,5.26,4.830675154864467
2018-08-17 12:45:00,5.11,6.16940755840495
2018-08-17 13:00:00,28.12,34.11060213672231
2018-08-17 13:15:00,81.14,45.75838645261217
2018-08-17 13:30:00,86.62,54.46811184248161
2018-08-17 13:45:00,91.19,80.22808684518508
2018-08-17 14:00:00,77.65,82.40935283130047
2018-08-17 14:15:00,65.45,81.10782025224462
2018-08-17 14:30:00,91.37,77.44322741214549
2018-08-17 14:45:00,82.01,72.31061974831466
2018-08-17 15:00:00,75.6,76.78471172980409
2018-08-17 15:15:00,71.46,73.71891637699632
2018-08-17 15:30:00,58.61,73.46877481162528
2018-08-17 15:45:00,59.08,72.4932692938508
2018-08-17 16:00:00,89.06,64.39709333906951
2018-08-17 16:15:00,85.14,65.51595493205676
2018-08-17 16:30:00,109.73,77.50952254895336
2018-08-17 16:45:00,118.76,73.92722535535502
2018-08-17 17:00:00,64.3,85.65301627070922
2018-08-17 17:15:00,40.28,90.96477406676813
2018-08-17 17:30:00,30.06,48.763346529098
2018-08-17 17:45:00,30.6,54.20402920731956
2018-08-17 18:00:00,43.52,58.52322031757643
2018-08-17 18:15:00,51.41,68.4245385902011
2018-08-17 18:30:00,49.03,57.648271639425296
2018-08-17 18:45:00,51.95,63.873636001075404
2018-08-17 19:00:00,67.61,55.049708008023345
2018-08-17 19:15:00,60.62,53.21848144384429
2018-08-17 19:30:00,42.95,61.04413977503226
2018-08-17 19:45:00,41.94,55.03930815570744
2018-08-17 20:00:00,45.86,45.01653166111754
2018-08-17 20:15:00,48.31,48.938219886668804
2018-08-17 20:30:00,92.59,44.51133346419139
2018-08-17 20:45:00,51.26,32.623863014134855
2018-08-17 21:00:00,11.09,41.33340757336849
2018-08-17 21:15:00,4.46,25.90377305369472
2018-08-17 21:30:00,3.74,1.8725064451525957
2018-08-17 21:45:00,3.6,1.1514492920909336
2018-08-17 22:00:00,3.49,5.3166669432033835
2018-08-17 22:15:00,3.35,3.6068468995929095
2018-08-17 22:30:00,3.28,3.480348051539341
2018-08-17 22:45:00,2.63,3.9297243045966366
2018-08-17 23:00:00,2.63,3.5391215369273032
2018-08-17 23:15:00,2.56,3.2769859889088697
2018-08-17 23:30:00,2.63,3.268419856410906
2018-08-17 23:45:00,2.56,3.1143299958722
2018-08-18 00:00:00,2.92,3.1143299958722
2018-08-18 00:15:00,2.59,3.0982539238396103
2018-08-18 00:30:00,2.66,3.0982539238396103
2018-08-18 00:45:00,2.63,3.418387224794492
2018-08-18 01:00:00,2.66,3.073915867847878
2018-08-18 01:15:00,2.63,3.0533665090791042
2018-08-18 01:30:00,2.66,3.093325278025809
2018-08-18 01:45:00,2.7,3.0087650895985343
2018-08-18 02:00:00,2.63,3.0087650895985343
2018-08-18 02:15:00,2.63,3.0087650895985343
2018-08-18 02:30:00,2.7,3.024219988719028
2018-08-18 02:45:00,2.95,3.024219988719028
2018-08-18 03:00:00,2.88,2.94485091781986
2018-08-18 03:15:00,2.52,3.0215147487647775
2018-08-18 03:30:00,2.48,2.9613401935031054
2018-08-18 03:45:00,2.52,2.9613401935031054
2018-08-18 04:00:00,2.59,2.979406748990964
2018-08-18 04:15:00,2.56,3.0809033024281307
2018-08-18 04:30:00,2.52,3.0015342315289626
2018-08-18 04:45:00,2.52,2.979406748990964
2018-08-18 05:00:00,2.56,2.979406748990964
2018-08-18 05:15:00,2.48,2.979406748990964
2018-08-18 05:30:00,2.56,2.979406748990964
2018-08-18 05:45:00,2.88,2.979406748990964
2018-08-18 06:00:00,2.88,2.979406748990964
2018-08-18 06:15:00,2.52,2.979406748990964
2018-08-18 06:30:00,2.81,2.979406748990964
2018-08-18 06:45:00,3.06,2.979406748990964
2018-08-18 07:00:00,2.66,3.058775819890132
2018-08-18 07:15:00,2.81,3.1703011064314284
2018-08-18 07:30:00,7.88,2.8225966935445967
2018-08-18 07:45:00,26.93,3.3555408942476106
2018-08-18 08:00:00,81.43,34.97671383299323
2018-08-18 08:15:00,110.7,52.795166251125835
2018-08-18 08:30:00,73.91,85.00551865333051
2018-08-18 08:45:00,79.92,88.67388410237416
2018-08-18 09:00:00,85.68,82.03210680670587
2018-08-18 09:15:00,75.6,68.68349005357301
2018-08-18 09:30:00,64.26,70.58673588250653
2018-08-18 09:45:00,80.96,72.80623937621993
2018-08-18 10:00:00,109.12,65.26513069358528
2018-08-18 10:15:00,82.98,68.88009183846012
2018-08-18 10:30:00,72.07,88.57953432402473
2018-08-18 10:45:00,115.38,81.37859585381285
2018-08-18 11:00:00,47.09,74.42713578582666
2018-08-18 11:15:00,45.79,87.15290803716003
2018-08-18 11:30:00,38.56,60.6377673640596
2018-08-18 11:45:00,26.57,46.182183430422654
2018-08-18 12:00:00,3.67,19.06829220348445
2018-08-18 12:15:00,3.56,13.114060017834673
2018-08-18 12:30:00,4.25,16.315389421950727
2018-08-18 12:45:00,4.32,11.696201097034564
2018-08-18 13:00:00,26.89,39.063743636603476
2018-08-18 13:15:00,44.28,43.599517764792076
2018-08-18 13:30:00,46.55,38.08914804944049
2018-08-18 13:45:00,52.16,41.40584206724131
2018-08-18 14:00:00,48.71,48.98400075230496
2018-08-18 14:15:00,50.87,56.879216096242644
2018-08-18 14:30:00,47.77,50.83580837290198
2018-08-18 14:45:00,43.2,52.38818397556563
2018-08-18 15:00:00,46.08,54.48072313218795
2018-08-18 15:15:00,52.02,39.6827721127919
2018-08-18 15:30:00,67.1,46.48685233835276
2018-08-18 15:45:00,81.5,53.326621797889615
2018-08-18 16:00:00,76.36,58.9150471208284
2018-08-18 16:15:00,89.71,66.74241739146254
2018-08-18 16:30:00,74.38,72.51258170583208
2018-08-18 16:45:00,20.74,64.32188933364355
2018-08-18 17:00:00,7.74,53.22568212857213
2018-08-18 17:15:00,3.82,2.1642578616336565
2018-08-18 17:30:00,3.38,7.082553181248104
2018-08-18 17:45:00,3.35,2.265248590618612
2018-08-18 18:00:00,3.31,4.455287799308656
2018-08-18 18:15:00,3.24,3.920665414228743
2018-08-18 18:30:00,3.38,3.8816907717100304
2018-08-18 18:45:00,3.38,3.8960939616500254
2018-08-18 19:00:00,2.77,3.788407037603826
2018-08-18 19:15:00,2.74,3.788407037603826
2018-08-18 19:30:00,2.77,3.183697119867871
2018-08-18 19:45:00,2.77,3.2946279368193
2018-08-18 20:00:00,2.84,3.3522365460272696
2018-08-18 20:15:00,2.84,3.3522365460272696
2018-08-18 20:30:00,2.81,3.195255296096529
2018-08-18 20:45:00,2.77,3.304313406490102
2018-08-18 21:00:00,2.81,3.1963674544240197
2018-08-18 21:15:00,2.84,3.0767078343216654
2018-08-18 21:30:00,2.92,3.0321064148410954
2018-08-18 21:45:00,3.28,3.0321064148410954
2018-08-18 22:00:00,3.13,3.0321064148410954
2018-08-18 22:15:00,2.59,3.3062947130657454
2018-08-18 22:30:00,2.66,3.1170322964915034
2018-08-18 22:45:00,2.63,3.0371885752748096
2018-08-18 23:00:00,2.99,3.0367395537380224
2018-08-18 23:15:00,3.1,2.9628915555976802
2018-08-18 23:30:00,2.63,3.029600801246695
2018-08-18 23:45:00,2.66,3.0296283967318622
2018-08-19 00:00:00,2.63,2.9497846755151684
2018-08-19 00:15:00,2.59,3.039871992342321
2018-08-19 00:30:00,2.59,3.0610776097297547
2018-08-19 00:45:00,2.66,3.0610776097297547
2018-08-19 01:00:00,2.59,2.925446619523436
2018-08-19 01:15:00,2.63,3.0087650895985343
2018-08-19 01:30:00,2.59,3.0087650895985343
2018-08-19 01:45:00,2.63,3.0087650895985343
2018-08-19 02:00:00,2.74,3.0087650895985343
2018-08-19 02:15:00,2.74,3.0087650895985343
2018-08-19 02:30:00,2.66,2.94485091781986
2018-08-19 02:45:00,3.24,2.94485091781986
2018-08-19 03:00:00,2.84,2.94485091781986
2018-08-19 03:15:00,2.74,3.346025573670916
2018-08-19 03:30:00,2.7,3.0407092644022735
2018-08-19 03:45:00,2.7,2.9613401935031054
2018-08-19 04:00:00,3.02,2.979406748990964
2018-08-19 04:15:00,2.99,2.99343549422404
2018-08-19 04:30:00,2.74,3.0617087867906347
2018-08-19 04:45:00,2.7,3.039581304252636
2018-08-19 05:00:00,2.63,2.979406748990964
2018-08-19 05:15:00,2.63,2.979406748990964
2018-08-19 05:30:00,2.7,3.0015342315289626
2018-08-19 05:45:00,2.63,3.0015342315289626
2018-08-19 06:00:00,2.63,2.979406748990964
2018-08-19 06:15:00,2.63,2.9686885030629795
2018-08-19 06:30:00,2.66,2.9686885030629795
2018-08-19 06:45:00,2.66,2.979406748990964
2018-08-19 07:00:00,2.66,3.058775819890132
2018-08-19 07:15:00,2.59,3.058775819890132
2018-08-19 07:30:00,2.59,2.945323654811485
2018-08-19 07:45:00,3.06,3.3555408942476106
2018-08-19 08:00:00,3.42,10.888905092940186
2018-08-19 08:15:00,2.95,7.649481957802524
2018-08-19 08:30:00,2.63,6.136650030351582
2018-08-19 08:45:00,2.81,2.952313064994989
2018-08-19 09:00:00,2.84,3.1673684048189505
2018-08-19 09:15:00,2.81,3.4571584056854823
2018-08-19 09:30:00,3.2,3.1734203394749776
2018-08-19 09:45:00,3.56,3.2911404867711442
2018-08-19 10:00:00,3.64,3.4257784215997686
2018-08-19 10:15:00,3.67,3.439971889714268
2018-08-19 10:30:00,3.6,3.294315504777595
2018-08-19 10:45:00,4.14,3.130918382394587
2018-08-19 11:00:00,3.78,3.059264327164776
2018-08-19 11:15:00,3.92,3.4783835400836858
2018-08-19 11:30:00,3.92,3.91062132879485
2018-08-19 11:45:00,3.78,3.981434728845094
2018-08-19 12:00:00,3.96,3.1451593461788514
2018-08-19 12:15:00,4.03,3.0614488777338233
2018-08-19 12:30:00,3.82,3.1211505899845915
2018-08-19 12:45:00,4.21,4.029770123472481
2018-08-19 13:00:00,4.32,4.158567299583674
2018-08-19 13:15:00,3.89,5.749325683686833
2018-08-19 13:30:00,4.0,5.611122936986217
2018-08-19 13:45:00,4.14,4.169749114463502
2018-08-19 14:00:00,3.49,4.658919515958172
2018-08-19 14:15:00,2.84,4.718264595115248
2018-08-19 14:30:00,2.77,3.7578270453671236
2018-08-19 14:45:00,2.74,3.4198111332824976
2018-08-19 15:00:00,2.77,3.2181803014496806
2018-08-19 15:15:00,2.81,3.2836791186670573
2018-08-19 15:30:00,2.81,3.036395504810556
2018-08-19 15:45:00,2.77,2.958370260118574
2018-08-19 16:00:00,2.88,3.2234609248027635
2018-08-19 16:15:00,3.35,2.583340208612066
2018-08-19 16:30:00,3.17,2.8198891696310695
2018-08-19 16:45:00,2.81,2.9522489019452607
2018-08-19 17:00:00,2.74,3.005404640778156
2018-08-19 17:15:00,2.77,2.814851938468345
2018-08-19 17:30:00,2.7,2.75732732187473
2018-08-19 17:45:00,2.74,2.8480743577089376
2018-08-19 18:00:00,2.66,2.960644441673674
2018-08-19 18:15:00,2.63,3.1356077637942628
2018-08-19 18:30:00,2.66,3.0898306938281115
2018-08-19 18:45:00,2.7,3.0209489943883927
2018-08-19 19:00:00,2.77,2.999743377000959
2018-08-19 19:15:00,2.81,2.999743377000959
2018-08-19 19:30:00,2.74,3.0898306938281115
2018-08-19 19:45:00,2.92,3.0898306938281115
2018-08-19 20:00:00,3.35,2.999743377000959
2018-08-19 20:15:00,3.24,3.0898306938281115
2018-08-19 20:30:00,3.2,3.369106402681394
2018-08-19 20:45:00,2.84,3.369106402681394
2018-08-19 21:00:00,2.81,3.406697064509723
2018-08-19 21:15:00,2.81,2.942019098013943
2018-08-19 21:30:00,2.88,2.933920360709021
2018-08-19 21:45:00,2.88,2.9446386066370054
2018-08-19 22:00:00,2.74,2.933920360709021
2018-08-19 22:15:00,2.63,2.9527373439419273
2018-08-19 22:30:00,2.66,2.9578195043756415
2018-08-19 22:45:00,2.7,2.9578195043756415
2018-08-19 23:00:00,2.63,2.9573704828388543
2018-08-19 23:15:00,2.66,2.970990292902602
2018-08-19 23:30:00,2.63,3.039871992342321
2018-08-19 23:45:00,2.56,2.9497846755151684
2018-08-20 00:00:00,2.66,3.070564093965369
2018-08-20 00:15:00,2.66,3.070564093965369
2018-08-20 00:30:00,2.95,3.070564093965369
2018-08-20 00:45:00,4.03,3.070564093965369
2018-08-20 01:00:00,3.06,3.1129352836226514
2018-08-20 01:15:00,2.66,3.9116724385681265
2018-08-20 01:30:00,2.7,3.503399999545914
2018-08-20 01:45:00,2.66,3.1710659668577503
2018-08-20 02:00:00,2.7,3.060662808609016
2018-08-20 02:15:00,2.7,2.980311098804861
2018-08-20 02:30:00,2.74,2.990308107239886
2018-08-20 02:45:00,2.66,2.9681806247018874
2018-08-20 03:00:00,2.66,2.9681806247018874
2018-08-20 03:15:00,2.66,2.984669900385133
2018-08-20 03:30:00,2.66,2.984669900385133
2018-08-20 03:45:00,2.7,2.984669900385133
2018-08-20 04:00:00,2.7,3.0027364558729914
2018-08-20 04:15:00,2.63,3.0027364558729914
2018-08-20 04:30:00,2.7,3.0027364558729914
2018-08-20 04:45:00,3.1,3.08946792151318
2018-08-20 05:00:00,2.99,3.152822492553021
2018-08-20 05:15:00,2.59,3.1788657255164776
2018-08-20 05:30:00,2.59,3.0629110111346636
2018-08-20 05:45:00,2.63,3.0027364558729914
2018-08-20 06:00:00,2.63,3.0027364558729914
2018-08-20 06:15:00,2.63,3.0248639384109897
2018-08-20 06:30:00,3.1,3.0248639384109897
2018-08-20 06:45:00,2.95,2.992018209945007
2018-08-20 07:00:00,2.74,3.0656070662097696
2018-08-20 07:15:00,3.02,3.0629110111346636
2018-08-20 07:30:00,3.38,2.979371607621497
2018-08-20 07:45:00,4.0,3.6958403562350193
2018-08-20 08:00:00,72.9,34.30176233195762
2018-08-20 08:15:00,59.04,60.113521075563995
2018-08-20 08:30:00,107.68,89.16799380312173
2018-08-20 08:45:00,127.66,63.38499238415472
2018-08-20 09:00:00,96.55,79.32166194943187
2018-08-20 09:15:00,60.3,102.30367110651699
2018-08-20 09:30:00,111.31,89.974156090405
2018-08-20 09:45:00,115.56,74.77642277376121
2018-08-20 10:00:00,105.01,91.13020684076852
2018-08-20 10:15:00,55.98,101.08320719068371
2018-08-20 10:30:00,101.2,95.21939577314873
2018-08-20 10:45:00,133.7,63.85139732590888
2018-08-20 11:00:00,118.12,85.81607766332299
2018-08-20 11:15:00,75.2,108.19069120419279
2018-08-20 11:30:00,54.83,107.89103780708372
2018-08-20 11:45:00,37.48,76.24686044473943
2018-08-20 12:00:00,14.11,14.694191099179482
2018-08-20 12:15:00,5.62,19.87930765531592
2018-08-20 12:30:00,5.47,5.479464989125283
2018-08-20 12:45:00,5.22,7.334946053242289
2018-08-20 13:00:00,44.17,54.24947356045536
2018-08-20 13:15:00,58.75,72.51382056786197
2018-08-20 13:30:00,54.54,69.66291634347256
2018-08-20 13:45:00,48.64,61.51251007442985
2018-08-20 14:00:00,45.32,62.25268407351854
2018-08-20 14:15:00,45.65,59.84735467704661
2018-08-20 14:30:00,55.51,56.150604668166245
2018-08-20 14:45:00,51.3,56.23251520411593
2018-08-20 15:00:00,53.06,61.48327331074143
2018-08-20 15:15:00,65.7,60.94077147769913
2018-08-20 15:30:00,55.01,57.378324490026536
2018-08-20 15:45:00,56.38,61.841261993726604
2018-08-20 16:00:00,62.14,61.5537397402456
2018-08-20 16:15:00,97.42,59.303990574490086
2018-08-20 16:30:00,103.36,58.81146072724076
2018-08-20 16:45:00,101.48,89.33592326807108
2018-08-20 17:00:00,92.41,77.77401419886655
2018-08-20 17:15:00,114.12,80.19664706633726
2018-08-20 17:30:00,34.31,44.729515611270806
2018-08-20 17:45:00,28.94,40.770504902563864
2018-08-20 18:00:00,35.5,52.09856715828718
2018-08-20 18:15:00,47.41,68.68180905878823
2018-08-20 18:30:00,52.96,73.50602687526475
2018-08-20 18:45:00,45.36,63.62112084436896
2018-08-20 19:00:00,45.72,55.311921055616125
2018-08-20 19:15:00,54.25,49.541200313957916
2018-08-20 19:30:00,46.58,48.87536301572324
2018-08-20 19:45:00,41.18,50.792145244322626
2018-08-20 20:00:00,62.75,46.444764842432384
2018-08-20 20:15:00,49.79,42.10822261731593
2018-08-20 20:30:00,40.86,54.83859201705284
2018-08-20 20:45:00,13.54,29.44499550761952
2018-08-20 21:00:00,6.37,22.493210235605964
2018-08-20 21:15:00,3.74,5.897136494908334
2018-08-20 21:30:00,3.53,6.762086463312406
2018-08-20 21:45:00,3.56,3.361096504170286
2018-08-20 22:00:00,3.38,3.5780875682378266
2018-08-20 22:15:00,3.31,3.4480012218227727
2018-08-20 22:30:00,2.77,3.511040153162389
2018-08-20 22:45:00,2.63,3.511040153162389
2018-08-20 23:00:00,2.56,3.2864187834789838
2018-08-20 23:15:00,2.59,3.3339844055225547
2018-08-20 23:30:00,2.52,3.1588026095119672
2018-08-20 23:45:00,2.56,3.1588026095119672
2018-08-21 00:00:00,2.52,3.1363711308333726
2018-08-21 00:15:00,2.74,3.0940735779740574
2018-08-21 00:30:00,3.2,3.128946025462658
2018-08-21 00:45:00,2.74,3.115165513445939
2018-08-21 01:00:00,2.66,3.3871747041813047
2018-08-21 01:15:00,2.7,3.0750979746482754
2018-08-21 01:30:00,2.7,3.0304965551677054
2018-08-21 01:45:00,2.74,3.0304965551677054
2018-08-21 02:00:00,2.77,3.0603531392170145
2018-08-21 02:15:00,3.35,3.0304965551677054
2018-08-21 02:30:00,2.88,3.054912090342076
2018-08-21 02:45:00,2.74,3.2627786880425456
2018-08-21 03:00:00,2.77,2.9681806247018874
2018-08-21 03:15:00,2.7,2.984669900385133
2018-08-21 03:30:00,2.74,3.006797382923131
2018-08-21 03:45:00,2.81,2.9986986456182096
2018-08-21 04:00:00,2.7,3.0248639384109897
2018-08-21 04:15:00,2.74,3.0027364558729914
2018-08-21 04:30:00,2.81,3.0141456924830052
2018-08-21 04:45:00,3.28,3.08946792151318
2018-08-21 05:00:00,2.77,2.992018209945007
2018-08-21 05:15:00,2.7,2.609900721767744
2018-08-21 05:30:00,2.74,3.0027364558729914
2018-08-21 05:45:00,2.63,3.0027364558729914
2018-08-21 06:00:00,2.63,3.0141456924830052
2018-08-21 06:15:00,2.63,3.0060469551780837
2018-08-21 06:30:00,2.88,3.1115954040511786
2018-08-21 06:45:00,2.95,3.08946792151318
2018-08-21 07:00:00,3.24,2.992018209945007
2018-08-21 07:15:00,2.84,3.0673430132773225
2018-08-21 07:30:00,3.17,3.2110190903220652
2018-08-21 07:45:00,4.1,3.75921482100115
2018-08-21 08:00:00,67.46,29.265074441720408
2018-08-21 08:15:00,69.77,60.098712605333226
2018-08-21 08:30:00,53.42,88.12427043394112
2018-08-21 08:45:00,49.79,71.21804401262438
2018-08-21 09:00:00,58.43,63.92137823380445
2018-08-21 09:15:00,55.44,55.91038660431193
2018-08-21 09:30:00,56.84,52.971084810566914
2018-08-21 09:45:00,75.78,55.2128500647212
2018-08-21 10:00:00,48.1,53.68844054688138
2018-08-21 10:15:00,48.56,69.42916690206252
2018-08-21 10:30:00,52.81,59.39208933723261
2018-08-21 10:45:00,65.45,58.338617647886345
2018-08-21 11:00:00,60.8,62.01866309601491
2018-08-21 11:15:00,44.21,62.6376628422042
2018-08-21 11:30:00,41.4,58.40631225623465
2018-08-21 11:45:00,33.77,34.686150557693026
2018-08-21 12:00:00,4.14,16.700372325643766
2018-08-21 12:15:00,5.47,10.197341567923202
2018-08-21 12:30:00,5.47,4.874449207457943
2018-08-21 12:45:00,5.29,7.608784770980265
2018-08-21 13:00:00,39.82,38.09958291281333
2018-08-21 13:15:00,48.02,53.61079899890483
2018-08-21 13:30:00,40.82,62.028895197546895
2018-08-21 13:45:00,39.17,57.541730918675846
2018-08-21 14:00:00,42.91,44.13876233375574
2018-08-21 14:15:00,46.4,45.049423837356414
2018-08-21 14:30:00,52.42,44.86931521490423
2018-08-21 14:45:00,57.64,50.3040147213232
2018-08-21 15:00:00,56.88,57.65867818112947
2018-08-21 15:15:00,51.23,55.83495782824879
2018-08-21 15:30:00,49.86,56.36182132785623
2018-08-21 15:45:00,51.08,58.26464774903474
2018-08-21 16:00:00,50.58,60.23880699949301
2018-08-21 16:15:00,57.64,58.00893798844906
2018-08-21 16:30:00,57.28,56.10758726774934
2018-08-21 16:45:00,50.87,56.66440096668808
2018-08-21 17:00:00,56.48,53.387960630126905
2018-08-21 17:15:00,38.74,49.36447106427712
2018-08-21 17:30:00,30.38,36.034627835475455
2018-08-21 17:45:00,29.02,33.45737098433397
2018-08-21 18:00:00,33.01,41.05925894123632
2018-08-21 18:15:00,54.86,39.30941957043869
2018-08-21 18:30:00,54.76,43.67919916354976
2018-08-21 18:45:00,48.71,54.420693614934194
2018-08-21 19:00:00,56.27,52.76375923140604
2018-08-21 19:15:00,53.93,53.20668643136732
2018-08-21 19:30:00,50.4,56.977539254785846
2018-08-21 19:45:00,55.87,53.783818294409535
2018-08-21 20:00:00,54.9,52.16538560550874
2018-08-21 20:15:00,56.09,53.10314451763223
2018-08-21 20:30:00,57.31,48.81188434898628
2018-08-21 20:45:00,34.06,23.18789806538605
2018-08-21 21:00:00,4.54,12.472435214422088
2018-08-21 21:15:00,3.82,13.048718845794376
2018-08-21 21:30:00,3.49,5.50344318242139
2018-08-21 21:45:00,3.38,4.432929740858843
2018-08-21 22:00:00,3.64,4.186797267057824
2018-08-21 22:15:00,3.89,3.4480012218227727
2018-08-21 22:30:00,3.24,3.526961769504932
2018-08-21 22:45:00,2.77,3.8712282095165795
2018-08-21 23:00:00,2.56,3.582766030206082
2018-08-21 23:15:00,2.59,3.3272114586906407
2018-08-21 23:30:00,2.56,3.165575556343881
2018-08-21 23:45:00,2.92,3.165575556343881
2018-08-22 00:00:00,2.59,3.1588026095119672
2018-08-22 00:15:00,2.74,3.150151642850092
2018-08-22 00:30:00,2.63,3.128946025462658
2018-08-22 00:45:00,2.59,3.0940735779740574
2018-08-22 01:00:00,2.59,3.0908274574542065
2018-08-22 01:15:00,2.63,3.1150567435949803
2018-08-22 01:30:00,2.59,3.0304965551677054
2018-08-22 01:45:00,2.66,3.0304965551677054
2018-08-22 02:00:00,2.63,3.0304965551677054
2018-08-22 02:15:00,2.56,3.0304965551677054
2018-08-22 02:30:00,2.59,3.0607420447883023
2018-08-22 02:45:00,2.95,3.054912090342076
2018-08-22 03:00:00,3.17,2.957462378773903
2018-08-22 03:15:00,2.95,2.6177737083197274
2018-08-22 03:30:00,3.1,2.5641491082446795
2018-08-22 03:45:00,2.59,2.6177737083197274
2018-08-22 04:00:00,2.63,3.1788657255164776
2018-08-22 04:15:00,2.59,3.0248639384109897
2018-08-22 04:30:00,2.56,3.0060469551780837
2018-08-22 04:45:00,2.66,3.0248639384109897
2018-08-22 05:00:00,2.63,3.0248639384109897
2018-08-22 05:15:00,2.63,3.0027364558729914
2018-08-22 05:30:00,2.63,3.0027364558729914
2018-08-22 05:45:00,2.56,3.0027364558729914
2018-08-22 06:00:00,2.59,3.0027364558729914
2018-08-22 06:15:00,2.59,3.0027364558729914
2018-08-22 06:30:00,2.59,3.0027364558729914
2018-08-22 06:45:00,2.52,3.0027364558729914
2018-08-22 07:00:00,2.59,3.08946792151318
2018-08-22 07:15:00,3.46,3.08946792151318
2018-08-22 07:30:00,3.96,3.200370339217473
2018-08-22 07:45:00,4.03,4.902436020624208
2018-08-22 08:00:00,44.57,39.35533588141812
2018-08-22 08:15:00,48.35,58.99167206086079
2018-08-22 08:30:00,59.04,66.16077172370525
2018-08-22 08:45:00,51.41,60.82504378172953
2018-08-22 09:00:00,48.28,56.20195950537905
2018-08-22 09:15:00,68.33,54.22396630713234
2018-08-22 09:30:00,60.01,52.305872843204796
2018-08-22 09:45:00,61.74,59.948484164338524
2018-08-22 10:00:00,42.05,55.839406399041735
2018-08-22 10:15:00,48.67,56.2088345829769
2018-08-22 10:30:00,60.62,47.20186282736256
2018-08-22 10:45:00,57.82,57.63067637005077
2018-08-22 11:00:00,62.03,60.247259033942896
2018-08-22 11:15:00,59.11,59.714116835495666
2018-08-22 11:30:00,51.44,58.03799976253754
2018-08-22 11:45:00,40.93,54.57369572544618
2018-08-22 12:00:00,4.03,11.253714388756523
2018-08-22 12:15:00,4.36,10.362995836226158
2018-08-22 12:30:00,4.46,5.049334129842676
2018-08-22 12:45:00,4.36,7.480351245510395
2018-08-22 13:00:00,32.15,37.93930740739685
2018-08-22 13:15:00,55.48,53.43626163033144
2018-08-22 13:30:00,57.24,58.59258117836939
2018-08-22 13:45:00,51.84,58.50984455859532
2018-08-22 14:00:00,68.76,57.58262512554885
2018-08-22 14:15:00,60.73,59.249733133422374
2018-08-22 14:30:00,60.7,63.87307653286554
2018-08-22 14:45:00,46.22,60.330297425052876
2018-08-22 15:00:00,55.66,60.22881992929667
2018-08-22 15:15:00,47.59,58.570032643287135
2018-08-22 15:30:00,61.6,60.70903922267058
2018-08-22 15:45:00,53.28,55.45737256728049
2018-08-22 16:00:00,56.05,60.12456286123129
2018-08-22 16:15:00,58.75,59.47935884541045
2018-08-22 16:30:00,51.48,59.89005690434132
2018-08-22 16:45:00,56.2,58.489930258389805
2018-08-22 17:00:00,45.18,56.64778321448794
2018-08-22 17:15:00,62.17,50.710414609088055
2018-08-22 17:30:00,34.16,37.635415994830176
2018-08-22 17:45:00,15.05,31.514894685394275
2018-08-22 18:00:00,5.4,36.714824524529575
2018-08-22 18:15:00,3.92,24.987337308822628
2018-08-22 18:30:00,3.49,7.6670966951728445
2018-08-22 18:45:00,3.38,5.111867182183656
2018-08-22 19:00:00,3.46,4.024361532002604
2018-08-22 19:15:00,3.42,3.696993020940671
2018-08-22 19:30:00,2.81,3.4630066202757828
2018-08-22 19:45:00,2.88,3.7226177445687543
2018-08-22 20:00:00,2.88,3.303443157656392
2018-08-22 20:15:00,2.88,3.2989298854298754
2018-08-22 20:30:00,2.88,3.1558223080212984
2018-08-22 20:45:00,2.92,3.1963226660030606
2018-08-22 21:00:00,2.92,2.4093567609280733
2018-08-22 21:15:00,3.02,3.1211804479614327
2018-08-22 21:30:00,2.95,3.086308000472832
2018-08-22 21:45:00,2.95,3.174109181593728
2018-08-22 22:00:00,2.88,3.174109181593728
2018-08-22 22:15:00,2.81,3.174109181593728
2018-08-22 22:30:00,2.81,3.117016828680496
2018-08-22 22:45:00,2.81,3.0678806768978575
2018-08-22 23:00:00,2.81,3.0674316553610703
2018-08-22 23:15:00,3.2,3.0917697113528027
2018-08-22 23:30:00,2.99,3.0917697113528027
2018-08-22 23:45:00,2.92,3.3659580095774526
2018-08-23 00:00:00,3.46,3.1584789570018175
2018-08-23 00:15:00,2.92,3.0917697113528027
2018-08-23 00:30:00,2.99,3.3659580095774526
2018-08-23 00:45:00,2.92,3.0964023140134795
2018-08-23 01:00:00,2.92,3.134140901010085
2018-08-23 01:15:00,2.92,3.060662808609016
2018-08-23 01:30:00,3.17,3.069313775270891
2018-08-23 01:45:00,3.02,3.060662808609016
2018-08-23 02:00:00,3.13,3.334851106833666
2018-08-23 02:15:00,3.28,3.1273720542580308
2018-08-23 02:30:00,3.2,3.161306682450994
2018-08-23 02:45:00,5.62,3.382355882148717
2018-08-23 03:00:00,4.46,3.386988484809394
2018-08-23 03:15:00,4.0,4.646305525645265
2018-08-23 03:30:00,4.07,3.8961563513624133
2018-08-23 03:45:00,5.0,4.245270226404038
2018-08-23 04:00:00,5.18,4.266742919503349
2018-08-23 04:15:00,3.96,5.890824840464285
2018-08-23 04:30:00,3.64,5.95198714431039
2018-08-23 04:45:00,3.17,3.9809451724701637
2018-08-23 05:00:00,3.13,4.204752247846861
2018-08-23 05:15:00,3.17,3.61955459345711
2018-08-23 05:30:00,3.2,3.2101390829416694
2018-08-23 05:45:00,3.13,3.43563352770542
2018-08-23 06:00:00,3.17,3.6235729574583084
2018-08-23 06:15:00,3.17,3.39758360446924
2018-08-23 06:30:00,3.13,3.396323519920932
2018-08-23 06:45:00,3.06,3.396323519920932
2018-08-23 07:00:00,3.06,3.254245594196921
2018-08-23 07:15:00,3.24,3.272998745756192
2018-08-23 07:30:00,3.78,3.4910560377192246
2018-08-23 07:45:00,4.5,5.458227065837551
2018-08-23 08:00:00,41.0,39.40279405800956
2018-08-23 08:15:00,66.06,66.81959406956841
2018-08-23 08:30:00,59.47,72.82604193838628
2018-08-23 08:45:00,57.31,75.83395370653913
2018-08-23 09:00:00,49.54,62.213818132003865
2018-08-23 09:15:00,65.45,60.165351077305445
2018-08-23 09:30:00,52.67,51.61226098166851
2018-08-23 09:45:00,79.13,62.98451519883494
2018-08-23 10:00:00,68.26,60.0254940131682
2018-08-23 10:15:00,59.04,70.41796017554414
2018-08-23 10:30:00,63.9,66.80358425600521
2018-08-23 10:45:00,78.77,63.39842518125277
2018-08-23 11:00:00,71.32,59.81218305960614
2018-08-23 11:15:00,71.68,71.92181274161197
2018-08-23 11:30:00,69.01,72.33444750283383
2018-08-23 11:45:00,62.06,70.0490651170463
2018-08-23 12:00:00,15.3,12.88435071120972
2018-08-23 12:15:00,29.23,7.416908431339964
2018-08-23 12:30:00,28.44,6.959641003259537
2018-08-23 12:45:00,28.94,18.870813267873512
2018-08-23 13:00:00,38.88,52.17852316110827
2018-08-23 13:15:00,45.97,53.72473983286544
2018-08-23 13:30:00,41.26,50.810127941319585
2018-08-23 13:45:00,39.82,53.25992582073151
2018-08-23 14:00:00,40.07,48.00646471381501
2018-08-23 14:15:00,40.07,44.656698373761564
2018-08-23 14:30:00,42.62,43.99638277679721
2018-08-23 14:45:00,42.08,45.33007144235663
2018-08-23 15:00:00,41.47,45.33931602622718
2018-08-23 15:15:00,45.4,44.836054574778565
2018-08-23 15:30:00,45.79,44.836054574778565
2018-08-23 15:45:00,50.65,51.225458189940944
2018-08-23 16:00:00,51.95,50.77494289425241
2018-08-23 16:15:00,49.46,54.51173592575552
2018-08-23 16:30:00,53.28,54.70034485296475
2018-08-23 16:45:00,53.57,51.456249165586094
2018-08-23 17:00:00,48.49,49.11438568459454
2018-08-23 17:15:00,41.04,49.45720587587521
2018-08-23 17:30:00,31.54,36.022867347459076
2018-08-23 17:45:00,31.68,31.517815815197274
2018-08-23 18:00:00,37.12,39.07946010130309
2018-08-23 18:15:00,39.96,46.409565430706
2018-08-23 18:30:00,43.24,44.17288981506937
2018-08-23 18:45:00,41.04,41.58821204147139
2018-08-23 19:00:00,40.43,42.960374081834956
2018-08-23 19:15:00,45.54,42.689368508136425
2018-08-23 19:30:00,41.15,41.41731904325964
2018-08-23 19:45:00,48.74,46.62278839987121
2018-08-23 20:00:00,49.82,42.54229122302046
2018-08-23 20:15:00,54.36,48.76687694248184
2018-08-23 20:30:00,41.69,44.07039176442716
2018-08-23 20:45:00,22.36,18.774463508226507
2018-08-23 21:00:00,6.55,15.46556411140417
2018-08-23 21:15:00,3.89,2.0317960473512766
2018-08-23 21:30:00,3.78,4.669017301611254
2018-08-23 21:45:00,3.78,4.2161301024567
2018-08-23 22:00:00,3.67,3.7428212201338464
2018-08-23 22:15:00,4.72,3.6127348737187925
2018-08-23 22:30:00,3.74,3.6136847069191145
2018-08-23 22:45:00,3.38,4.154534250311043
2018-08-23 23:00:00,2.92,3.7337191700853825
2018-08-23 23:15:00,2.88,3.8861074573468866
2018-08-23 23:30:00,2.92,3.165575556343881
2018-08-23 23:45:00,2.81,3.151795044327162
2018-08-24 00:00:00,2.92,3.1348834547208333
2018-08-24 00:15:00,2.95,3.1281105078889193
2018-08-24 00:30:00,2.92,3.2878683904057175
2018-08-24 00:45:00,2.92,3.1723882748593395
2018-08-24 01:00:00,2.92,3.0813409732185923
2018-08-24 01:15:00,2.92,3.074572126466538
2018-08-24 01:30:00,2.92,3.0358006614321944
2018-08-24 01:45:00,2.95,3.029970706985968
2018-08-24 02:00:00,2.88,3.029970706985968
2018-08-24 02:15:00,2.95,3.096679952634983
2018-08-24 02:30:00,2.88,3.1097020422968678
2018-08-24 02:45:00,2.95,3.1216722745893417
2018-08-24 03:00:00,3.13,3.046347471257026
2018-08-24 03:15:00,3.78,3.1381615502725877
2018-08-24 03:30:00,3.78,3.15223455094357
2018-08-24 03:45:00,3.24,3.532886708104934
2018-08-24 04:00:00,2.92,3.6023917721440073
2018-08-24 04:15:00,2.95,3.3917771871939806
2018-08-24 04:30:00,2.92,3.057759114448104
2018-08-24 04:45:00,3.02,3.1969580522343204
2018-08-24 05:00:00,2.88,3.121633248902005
2018-08-24 05:15:00,2.88,3.160860708421123
2018-08-24 05:30:00,2.92,3.0809033024281307
2018-08-24 05:45:00,2.92,3.0809033024281307
2018-08-24 06:00:00,2.88,3.0809033024281307
2018-08-24 06:15:00,2.92,3.0809033024281307
2018-08-24 06:30:00,2.84,3.0809033024281307
2018-08-24 06:45:00,2.84,3.0809033024281307
2018-08-24 07:00:00,2.88,3.0809033024281307
2018-08-24 07:15:00,3.71,3.0809033024281307
2018-08-24 07:30:00,4.03,3.0688275262711526
2018-08-24 07:45:00,3.82,5.140215029160999
2018-08-24 08:00:00,38.59,42.900057549407876
2018-08-24 08:15:00,58.46,61.11218726926968
2018-08-24 08:30:00,64.44,73.07017087709916
2018-08-24 08:45:00,62.32,68.2621054511827
2018-08-24 09:00:00,55.76,62.60580878639581
2018-08-24 09:15:00,51.41,59.408952370121185
2018-08-24 09:30:00,68.58,60.748495756959805
2018-08-24 09:45:00,60.62,59.12922881735913
2018-08-24 10:00:00,61.2,64.5050694269639
2018-08-24 10:15:00,53.39,60.1414509236231
2018-08-24 10:30:00,55.4,60.982236177134055
2018-08-24 10:45:00,51.7,58.337642437003
2018-08-24 11:00:00,64.48,59.248493544671994
2018-08-24 11:15:00,58.25,58.795387676300436
2018-08-24 11:30:00,57.82,59.93573977706335
2018-08-24 11:45:00,45.11,53.502348203209614
2018-08-24 12:00:00,4.68,9.66021055839919
2018-08-24 12:15:00,4.5,7.333395949064417
2018-08-24 12:30:00,4.5,5.631322114080964
2018-08-24 12:45:00,4.5,6.508881913200527
2018-08-24 13:00:00,32.94,36.231344357702035
2018-08-24 13:15:00,55.48,51.57915837140031
2018-08-24 13:30:00,50.29,58.376360018755435
2018-08-24 13:45:00,52.09,59.82071821358929
2018-08-24 14:00:00,57.85,55.12887428689294
2018-08-24 14:15:00,47.16,59.38762918169749
2018-08-24 14:30:00,45.94,57.112231013521274
2018-08-24 14:45:00,39.24,55.4165511730683
2018-08-24 15:00:00,45.76,54.194474821637144
2018-08-24 15:15:00,47.59,46.598841659687835
2018-08-24 15:30:00,51.62,50.92640097402762
2018-08-24 15:45:00,50.58,50.90884777867873
2018-08-24 16:00:00,58.9,53.5410491975996
2018-08-24 16:15:00,53.28,54.26734603558717
2018-08-24 16:30:00,54.11,54.148801373977186
2018-08-24 16:45:00,54.65,52.832137246749646
2018-08-24 17:00:00,56.84,52.508588272149204
2018-08-24 17:15:00,45.54,50.45194299879167
2018-08-24 17:30:00,29.92,37.35972337889244
2018-08-24 17:45:00,28.91,31.267264886893695
2018-08-24 18:00:00,38.09,37.12401971915504
2018-08-24 18:15:00,54.68,39.75108931824529
2018-08-24 18:30:00,57.67,48.09030934323025
2018-08-24 18:45:00,55.12,50.054981093820686
2018-08-24 19:00:00,56.05,51.31959901041653
2018-08-24 19:15:00,53.39,52.17927389098806
2018-08-24 19:30:00,56.7,52.33517675906473
2018-08-24 19:45:00,52.49,53.250499591469044
2018-08-24 20:00:00,51.73,54.18888379591532
2018-08-24 20:15:00,56.63,53.539862504830275
2018-08-24 20:30:00,51.62,48.746827056084896
2018-08-24 20:45:00,17.5,23.707173149726067
2018-08-24 21:00:00,6.7,13.954659917787128
2018-08-24 21:15:00,3.92,4.334562949371984
2018-08-24 21:30:00,3.78,4.4582745622408675
2018-08-24 21:45:00,3.31,4.087563810107322
2018-08-24 22:00:00,2.95,3.6312106854587776
2018-08-24 22:15:00,2.92,3.4173091201997248
2018-08-24 22:30:00,3.06,3.2507100504612576
2018-08-24 22:45:00,3.24,3.1576944898216057
2018-08-24 23:00:00,2.7,3.3355704030726296
2018-08-24 23:15:00,2.74,3.592866603794691
2018-08-24 23:30:00,2.74,3.119459541227044
2018-08-24 23:45:00,2.56,3.084587093738443
2018-08-25 00:00:00,2.7,3.119459541227044
2018-08-25 00:15:00,2.74,3.1281105078889193
2018-08-25 00:30:00,2.74,3.0982539238396103
2018-08-25 00:45:00,2.7,3.0982539238396103
2018-08-25 01:00:00,2.81,3.0601353558311586
2018-08-25 01:15:00,2.74,3.0533665090791042
2018-08-25 01:30:00,2.77,3.0579012413811726
2018-08-25 01:45:00,2.81,3.0087650895985343
2018-08-25 02:00:00,2.74,3.0087650895985343
2018-08-25 02:15:00,2.95,3.0087650895985343
2018-08-25 02:30:00,3.38,3.046347471257026
2018-08-25 02:45:00,2.92,3.0995447920513435
2018-08-25 03:00:00,2.81,3.3516637805256693
2018-08-25 03:15:00,3.31,2.983467676041104
2018-08-25 03:30:00,3.02,2.950621947575121
2018-08-25 03:45:00,2.84,3.278065739381762
2018-08-25 04:00:00,2.77,3.0536100494857124
2018-08-25 04:15:00,2.84,3.0015342315289626
2018-08-25 04:30:00,2.81,2.990815985600978
2018-08-25 04:45:00,2.81,2.982717248296056
2018-08-25 05:00:00,2.81,3.0015342315289626
2018-08-25 05:15:00,2.74,3.0809033024281307
2018-08-25 05:30:00,2.74,2.990815985600978
2018-08-25 05:45:00,2.81,2.990815985600978
2018-08-25 06:00:00,2.77,3.0809033024281307
2018-08-25 06:15:00,2.77,2.990815985600978
2018-08-25 06:30:00,2.92,3.0809033024281307
2018-08-25 06:45:00,3.28,3.058775819890132
2018-08-25 07:00:00,2.77,3.058775819890132
2018-08-25 07:15:00,3.02,3.280425067279486
2018-08-25 07:30:00,3.2,3.0808880082074928
2018-08-25 07:45:00,3.1,3.5557118050479493
2018-08-25 08:00:00,4.21,23.439265477165943
2018-08-25 08:15:00,4.21,15.593605636885732
2018-08-25 08:30:00,5.83,7.544924375710315
2018-08-25 08:45:00,5.62,3.0089807758348184
2018-08-25 09:00:00,4.93,4.746605277076201
2018-08-25 09:15:00,4.57,5.718910804593039
2018-08-25 09:30:00,6.66,6.768316722733404
2018-08-25 09:45:00,4.43,5.757778205519889
2018-08-25 10:00:00,4.61,12.252252428197206
2018-08-25 10:15:00,4.43,5.718364677300186
2018-08-25 10:30:00,4.57,5.574044393258831
2018-08-25 10:45:00,4.79,4.738138718708825
2018-08-25 11:00:00,4.68,4.723360326827628
2018-08-25 11:15:00,5.18,4.611659282420749
2018-08-25 11:30:00,5.44,4.365055103142889
2018-08-25 11:45:00,3.35,4.111054793271411
2018-08-25 12:00:00,3.56,3.2378934784345454
2018-08-25 12:15:00,3.67,2.394830844367027
2018-08-25 12:30:00,3.46,2.61218821123092
2018-08-25 12:45:00,3.38,3.2343062384118224
2018-08-25 13:00:00,4.25,4.0219670256033435
2018-08-25 13:15:00,4.57,6.351264778279153
2018-08-25 13:30:00,4.79,7.365502279668011
2018-08-25 13:45:00,5.8,4.958749335693334
2018-08-25 14:00:00,5.58,4.766682675330166
2018-08-25 14:15:00,5.51,6.319828735989539
2018-08-25 14:30:00,5.51,6.341827583619871
2018-08-25 14:45:00,5.58,6.195208093887191
2018-08-25 15:00:00,5.51,6.619218968919844
2018-08-25 15:15:00,5.36,6.092434001421483
2018-08-25 15:30:00,6.37,6.073680849862212
2018-08-25 15:45:00,6.84,6.073680849862212
2018-08-25 16:00:00,7.13,10.703313006602698
2018-08-25 16:15:00,6.37,10.948174696246998
2018-08-25 16:30:00,3.74,10.661566835256826
2018-08-25 16:45:00,4.03,4.879644851140652
2018-08-25 17:00:00,3.67,2.692065925937922
2018-08-25 17:15:00,3.53,3.4687576373548907
2018-08-25 17:30:00,3.42,3.202276892141087
2018-08-25 17:45:00,3.42,3.1276809961842225
2018-08-25 18:00:00,3.38,3.3773750029878316
2018-08-25 18:15:00,3.46,3.6243438628101368
2018-08-25 18:30:00,3.46,3.5997724102314193
2018-08-25 18:45:00,3.38,3.515231746292462
2018-08-25 19:00:00,2.84,3.5107184740659454
2018-08-25 19:15:00,2.81,3.5107184740659454
2018-08-25 19:30:00,2.92,3.1642886973579905
2018-08-25 19:45:00,2.88,3.1642886973579905
2018-08-25 20:00:00,2.84,3.1642886973579905
2018-08-25 20:15:00,2.92,3.1642886973579905
2018-08-25 20:30:00,3.42,3.1375711752082567
2018-08-25 20:45:00,3.31,3.0929697557276867
2018-08-25 21:00:00,2.88,3.5134162014394463
2018-08-25 21:15:00,2.92,3.3082430617948027
2018-08-25 21:30:00,2.88,3.0321064148410954
2018-08-25 21:45:00,2.95,3.0321064148410954
2018-08-25 22:00:00,2.88,3.0407573815029707
2018-08-25 22:15:00,2.66,3.1074666271519855
2018-08-25 22:30:00,2.56,3.0371885752748096
2018-08-25 22:45:00,2.52,3.0371885752748096
2018-08-25 23:00:00,2.74,3.0367395537380224
2018-08-25 23:15:00,3.17,3.0610776097297547
2018-08-25 23:30:00,2.59,3.0610776097297547
2018-08-25 23:45:00,2.88,3.314060290566971
2018-08-26 00:00:00,2.56,3.039871992342321
2018-08-26 00:15:00,2.63,3.039871992342321
2018-08-26 00:30:00,2.66,3.039871992342321
2018-08-26 00:45:00,2.59,3.06972857639163
2018-08-26 01:00:00,2.66,3.0155339363505886
2018-08-26 01:15:00,2.63,3.029970706985968
2018-08-26 01:30:00,2.59,3.0087650895985343
2018-08-26 01:45:00,2.56,3.0087650895985343
2018-08-26 02:00:00,2.77,3.0087650895985343
2018-08-26 02:15:00,3.24,3.0087650895985343
2018-08-26 02:30:00,2.81,2.94485091781986
2018-08-26 02:45:00,2.56,3.223640033421983
2018-08-26 03:00:00,2.59,2.94485091781986
2018-08-26 03:15:00,2.59,2.950621947575121
2018-08-26 03:30:00,2.63,3.062836746940272
2018-08-26 03:45:00,3.1,2.9753689387361817
2018-08-26 04:00:00,2.84,3.0809033024281307
2018-08-26 04:15:00,2.63,3.042277359327742
2018-08-26 04:30:00,2.56,2.979406748990964
2018-08-26 04:45:00,2.59,2.979406748990964
2018-08-26 05:00:00,2.59,2.979406748990964
2018-08-26 05:15:00,2.59,3.0015342315289626
2018-08-26 05:30:00,2.77,3.0015342315289626
2018-08-26 05:45:00,2.77,2.979406748990964
2018-08-26 06:00:00,2.7,2.979406748990964
2018-08-26 06:15:00,2.7,2.9686885030629795
2018-08-26 06:30:00,2.74,3.058775819890132
2018-08-26 06:45:00,2.74,3.058775819890132
2018-08-26 07:00:00,2.7,3.0015342315289626
2018-08-26 07:15:00,2.74,3.0015342315289626
2018-08-26 07:30:00,2.84,2.9560419007394696
2018-08-26 07:45:00,4.61,3.3555408942476106
2018-08-26 08:00:00,6.73,10.968274163839357
2018-08-26 08:15:00,5.72,37.58601183721662
2018-08-26 08:30:00,5.72,16.193702211917785
2018-08-26 08:45:00,5.65,7.110294086199168
2018-08-26 09:00:00,5.65,7.15073663433693
2018-08-26 09:15:00,5.08,6.678095584188663
2018-08-26 09:30:00,5.8,6.85013900882306
2018-08-26 09:45:00,5.62,6.337031576953129
2018-08-26 10:00:00,6.34,6.714318002061601
2018-08-26 10:15:00,5.33,6.702199029696865
2018-08-26 10:30:00,5.33,11.35213472221378
2018-08-26 10:45:00,5.4,5.8669562515985465
2018-08-26 11:00:00,5.04,5.873725098350602
2018-08-26 11:15:00,5.26,4.907499887971773
2018-08-26 11:30:00,4.57,4.992913632290311
2018-08-26 11:45:00,4.64,4.596844454190326
2018-08-26 12:00:00,3.31,3.015447420061075
2018-08-26 12:15:00,3.06,2.5708721497736415
2018-08-26 12:30:00,3.02,2.593435059671649
2018-08-26 12:45:00,3.06,3.2083484681271166
2018-08-26 13:00:00,3.24,3.740730002167818
2018-08-26 13:15:00,5.0,6.055506314251247
2018-08-26 13:30:00,5.98,6.1634072677881475
2018-08-26 13:45:00,6.59,5.837393803753577
2018-08-26 14:00:00,5.62,7.071952809034845
2018-08-26 14:15:00,5.15,12.10273384944584
2018-08-26 14:30:00,4.93,5.988959731785657
2018-08-26 14:45:00,4.82,5.680601722252835
2018-08-26 15:00:00,6.12,6.258744225163092
2018-08-26 15:15:00,8.24,5.145540933667857
2018-08-26 15:30:00,7.85,8.704349734658399
2018-08-26 15:45:00,7.96,20.324702357389956
2018-08-26 16:00:00,8.42,19.782244461548018
2018-08-26 16:15:00,7.67,9.531726027662756
2018-08-26 16:30:00,4.0,7.959681467639158
2018-08-26 16:45:00,3.89,7.621194870486542
2018-08-26 17:00:00,4.14,3.1253592231637977
2018-08-26 17:15:00,4.57,2.8875203303960926
2018-08-26 17:30:00,4.25,3.7105927719570273
2018-08-26 17:45:00,3.64,3.699967559444458
2018-08-26 18:00:00,3.6,3.9684147178073372
2018-08-26 18:15:00,3.53,4.227784797345435
2018-08-26 18:30:00,3.6,3.5984363093360994
2018-08-26 18:45:00,3.24,3.515231746292462
2018-08-26 19:00:00,3.06,3.510510673638399
2018-08-26 19:15:00,3.06,3.515231746292462
2018-08-26 19:30:00,3.06,3.3331863547401572
2018-08-26 19:45:00,3.06,3.3331863547401572
2018-08-26 20:00:00,3.13,3.248645690801201
2018-08-26 20:15:00,3.1,3.2441324185746843
2018-08-26 20:30:00,3.1,3.2174148964249505
2018-08-26 20:45:00,3.06,3.2361680479842216
2018-08-26 21:00:00,3.13,3.23743971060637
2018-08-26 21:15:00,3.06,3.1753047070976304
2018-08-26 21:30:00,3.17,3.1839556737595056
2018-08-26 21:45:00,3.13,3.1753047070976304
2018-08-26 22:00:00,2.99,3.3062947130657454
2018-08-26 22:15:00,2.92,3.1119501360577893
2018-08-26 22:30:00,2.92,3.1125487875856996
2018-08-26 22:45:00,3.89,3.0371885752748096
2018-08-26 23:00:00,3.85,3.0453905203998977
2018-08-26 23:15:00,3.02,3.7041049309704706
2018-08-26 23:30:00,2.88,3.817460898983313
2018-08-26 23:45:00,2.66,3.2497937900534875
2018-08-27 00:00:00,2.92,3.223378486988971
2018-08-27 00:15:00,2.95,3.107193624846592
2018-08-27 00:30:00,3.02,3.125617417083618
2018-08-27 00:45:00,2.99,3.1584789570018175
2018-08-27 01:00:00,2.92,3.134140901010085
2018-08-27 01:15:00,2.95,3.106166436870597
2018-08-27 01:30:00,2.95,3.060662808609016
2018-08-27 01:45:00,2.95,3.1273720542580308
2018-08-27 02:00:00,2.99,3.1273720542580308
2018-08-27 02:15:00,2.92,3.1273720542580308
2018-08-27 02:30:00,3.17,3.147233681780012
2018-08-27 02:45:00,3.53,3.077039572880074
2018-08-27 03:00:00,2.92,3.3881858365949435
2018-08-27 03:15:00,2.92,3.4046751122781886
2018-08-27 03:30:00,2.92,3.09352884856332
2018-08-27 03:45:00,2.95,3.09352884856332
2018-08-27 04:00:00,2.95,3.016765201106068
2018-08-27 04:15:00,2.92,3.1960660822706872
2018-08-27 04:30:00,2.88,3.186920207383494
2018-08-27 04:45:00,2.88,3.1115954040511786
2018-08-27 05:00:00,3.1,3.1115954040511786
2018-08-27 05:15:00,3.49,3.1115954040511786
2018-08-27 05:30:00,2.88,3.2009932080544763
2018-08-27 05:45:00,2.84,3.4224692888170285
2018-08-27 06:00:00,2.88,3.1115954040511786
2018-08-27 06:15:00,2.88,3.1115954040511786
2018-08-27 06:30:00,2.84,3.1115954040511786
2018-08-27 06:45:00,2.88,3.156343714526251
2018-08-27 07:00:00,3.02,3.1115954040511786
2018-08-27 07:15:00,3.53,3.1115954040511786
2018-08-27 07:30:00,3.74,3.0079826693991283
2018-08-27 07:45:00,3.92,4.835753050301727
2018-08-27 08:00:00,28.48,38.20766152803372
2018-08-27 08:15:00,47.3,59.75510656485124
2018-08-27 08:30:00,50.54,58.47099904230102
2018-08-27 08:45:00,55.73,61.02831996325972
2018-08-27 09:00:00,59.98,58.27219573883367
2018-08-27 09:15:00,53.75,59.20239215218665
2018-08-27 09:30:00,62.71,58.58849050398657
2018-08-27 09:45:00,60.66,56.26321441286737
2018-08-27 10:00:00,54.72,57.2601723830878
2018-08-27 10:15:00,57.6,59.78346830659889
2018-08-27 10:30:00,58.93,59.49367616464722
2018-08-27 10:45:00,65.45,58.97871699047411
2018-08-27 11:00:00,54.94,60.56919286299383
2018-08-27 11:15:00,47.88,65.24215266035233
2018-08-27 11:30:00,41.29,59.91842677761606
2018-08-27 11:45:00,40.57,46.21119845348505
2018-08-27 12:00:00,28.12,14.363212791991652
2018-08-27 12:15:00,25.24,12.818743188214166
2018-08-27 12:30:00,25.27,7.398503062637844
2018-08-27 12:45:00,25.52,10.652199500128521
2018-08-27 13:00:00,46.3,46.9483974844453
2018-08-27 13:15:00,58.68,57.38086264971199
2018-08-27 13:30:00,46.76,58.69898337994631
2018-08-27 13:45:00,41.76,58.12724307914278
2018-08-27 14:00:00,52.42,54.31437869759479
2018-08-27 14:15:00,68.65,48.636508977648894
2018-08-27 14:30:00,45.79,57.42917934301517
2018-08-27 14:45:00,67.79,63.596324146862266
2018-08-27 15:00:00,43.88,49.72666729282517
2018-08-27 15:15:00,45.9,62.125463071509785
2018-08-27 15:30:00,50.51,49.82943688138814
2018-08-27 15:45:00,49.5,56.60666268768761
2018-08-27 16:00:00,52.02,56.045947235530974
2018-08-27 16:15:00,63.22,56.55327172338681
2018-08-27 16:30:00,44.42,55.75252782177328
2018-08-27 16:45:00,63.4,57.057997872803966
2018-08-27 17:00:00,51.73,43.70101082027134
2018-08-27 17:15:00,49.97,50.626078065357355
2018-08-27 17:30:00,46.58,38.438175457181664
2018-08-27 17:45:00,29.95,32.85996922580577
2018-08-27 18:00:00,5.54,36.670801650486716
2018-08-27 18:15:00,3.6,41.84648120139058
2018-08-27 18:30:00,3.38,5.858495136690667
2018-08-27 18:45:00,3.42,3.48366281023551
2018-08-27 19:00:00,3.42,3.772204195700706
2018-08-27 19:15:00,3.46,3.7837784664379868
2018-08-27 19:30:00,3.46,3.7837784664379868
2018-08-27 19:45:00,3.35,3.7837784664379868
2018-08-27 20:00:00,3.38,3.90588458472419
2018-08-27 20:15:00,3.42,3.6849630451344892
2018-08-27 20:30:00,2.88,3.4646158515083654
2018-08-27 20:45:00,2.84,3.5051162094901276
2018-08-27 21:00:00,2.88,3.0613563783761855
2018-08-27 21:15:00,2.81,3.129831414623308
2018-08-27 21:30:00,2.84,3.129831414623308
2018-08-27 21:45:00,2.77,3.129831414623308
2018-08-27 22:00:00,2.7,3.1073999359447133
2018-08-27 22:15:00,2.66,3.1073999359447133
2018-08-27 22:30:00,2.7,3.0678806768978575
2018-08-27 22:45:00,2.63,3.0678806768978575
2018-08-27 23:00:00,2.59,3.0674316553610703
2018-08-27 23:15:00,2.66,3.0917697113528027
2018-08-27 23:30:00,3.13,3.070564093965369
2018-08-27 23:45:00,3.42,3.070564093965369
2018-08-28 00:00:00,2.59,3.1504078151820627
2018-08-28 00:15:00,2.56,3.344752392190019
2018-08-28 00:30:00,2.59,3.070564093965369
2018-08-28 00:45:00,2.59,3.070564093965369
2018-08-28 01:00:00,2.56,3.072064258021747
2018-08-28 01:15:00,2.74,2.7795769831016672
2018-08-28 01:30:00,3.06,2.7537387630535566
2018-08-28 01:45:00,2.59,2.7537387630535566
2018-08-28 02:00:00,2.59,2.7361327727020774
2018-08-28 02:15:00,2.56,2.667007297413368
2018-08-28 02:30:00,2.59,2.9681806247018874
2018-08-28 02:45:00,2.59,2.9681806247018874
2018-08-28 03:00:00,2.59,2.990308107239886
2018-08-28 03:15:00,2.52,2.984669900385133
2018-08-28 03:30:00,2.52,2.984669900385133
2018-08-28 03:45:00,2.56,3.0714013660253214
2018-08-28 04:00:00,2.56,3.08946792151318
2018-08-28 04:15:00,2.52,3.0027364558729914
2018-08-28 04:30:00,2.63,3.0027364558729914
2018-08-28 04:45:00,3.17,3.0027364558729914
2018-08-28 05:00:00,3.06,3.0027364558729914
2018-08-28 05:15:00,2.52,2.5877732392297452
2018-08-28 05:30:00,2.52,3.0814160139483047
2018-08-28 05:45:00,3.06,3.08946792151318
2018-08-28 06:00:00,2.56,3.0027364558729914
2018-08-28 06:15:00,2.56,2.3803259037002693
2018-08-28 06:30:00,2.52,3.0248639384109897
2018-08-28 06:45:00,2.59,3.0027364558729914
2018-08-28 07:00:00,2.52,3.0027364558729914
2018-08-28 07:15:00,2.95,3.0248639384109897
2018-08-28 07:30:00,3.31,3.1136388735772846
2018-08-28 07:45:00,3.67,3.4030368748637287
2018-08-28 08:00:00,31.72,33.410208516421164
2018-08-28 08:15:00,49.18,50.406682340241694
2018-08-28 08:30:00,53.24,57.221124766451034
2018-08-28 08:45:00,45.9,58.27153154479517
2018-08-28 09:00:00,52.06,60.324697673730725
2018-08-28 09:15:00,60.7,54.79319057269797
2018-08-28 09:30:00,66.74,53.364020156291815
2018-08-28 09:45:00,62.86,51.888828572208716
2018-08-28 10:00:00,50.15,58.2113795582444
2018-08-28 10:15:00,59.08,55.31064081116727
2018-08-28 10:30:00,50.4,57.57545660988897
2018-08-28 10:45:00,60.91,58.58598867452163
2018-08-28 11:00:00,61.09,60.606607635567514
2018-08-28 11:15:00,59.9,59.97327386855089
2018-08-28 11:30:00,55.98,58.809716430628335
2018-08-28 11:45:00,40.72,53.649555614094304
2018-08-28 12:00:00,5.0,10.223039889962703
2018-08-28 12:15:00,4.32,10.66371350557268
2018-08-28 12:30:00,4.39,5.732534787977351
2018-08-28 12:45:00,4.28,6.499739276524676
2018-08-28 13:00:00,29.02,39.849949985564436
2018-08-28 13:15:00,53.32,56.840941791716055
2018-08-28 13:30:00,58.0,55.45756962749497
2018-08-28 13:45:00,49.54,59.20367236311505
2018-08-28 14:00:00,51.16,58.322423491607125
2018-08-28 14:15:00,50.4,59.44200092284175
2018-08-28 14:30:00,41.69,59.145200696591004
2018-08-28 14:45:00,50.18,57.37573958384392
2018-08-28 15:00:00,45.61,45.11192621478686
2018-08-28 15:15:00,42.7,53.62556832063573
2018-08-28 15:30:00,47.41,54.09899078878904
2018-08-28 15:45:00,48.06,45.10744513168641
2018-08-28 16:00:00,49.97,54.04055438322586
2018-08-28 16:15:00,44.78,53.31479571580423
2018-08-28 16:30:00,35.93,52.17982790702377
2018-08-28 16:45:00,40.07,46.63967482815337
2018-08-28 17:00:00,40.39,36.23394665788893
2018-08-28 17:15:00,40.61,38.56961173297515
2018-08-28 17:30:00,30.31,31.727512967346726
2018-08-28 17:45:00,30.53,31.179904370790567
2018-08-28 18:00:00,34.49,36.95115746141042
2018-08-28 18:15:00,39.24,46.7812796558015
2018-08-28 18:30:00,33.95,42.9363056826409
2018-08-28 18:45:00,32.94,41.54520354324827
2018-08-28 19:00:00,38.2,36.71341030028529
2018-08-28 19:15:00,39.35,36.983407074538945
2018-08-28 19:30:00,41.22,42.128982083295675
2018-08-28 19:45:00,42.62,41.279220299446415
2018-08-28 20:00:00,49.64,42.61890062419591
2018-08-28 20:15:00,60.16,42.45886549744594
2018-08-28 20:30:00,46.62,44.42759376590741
2018-08-28 20:45:00,28.01,24.74084138598234
2018-08-28 21:00:00,4.36,13.121674255521322
2018-08-28 21:15:00,3.82,12.61033516079078
2018-08-28 21:30:00,3.64,4.575471629264967
2018-08-28 21:45:00,3.6,4.742646125434614
2018-08-28 22:00:00,3.42,3.1082810624494246
2018-08-28 22:15:00,3.53,3.4639228381653155
2018-08-28 22:30:00,3.42,3.4972596411456696
2018-08-28 22:45:00,3.13,3.4972596411456696
2018-08-28 23:00:00,2.77,3.5689855181893626
2018-08-28 23:15:00,2.74,3.400047614722529
2018-08-28 23:30:00,2.92,3.145022097495248
2018-08-28 23:45:00,2.88,3.151795044327162
2018-08-29 00:00:00,2.74,3.145022097495248
2018-08-29 00:15:00,2.81,3.1588026095119672
2018-08-29 00:30:00,2.77,3.115279195361491
2018-08-29 00:45:00,2.77,3.128946025462658
2018-08-29 01:00:00,2.7,3.1120330748416403
2018-08-29 01:15:00,2.77,3.1150567435949803
2018-08-29 01:30:00,2.7,3.0304965551677054
2018-08-29 01:45:00,2.7,3.051702172555139
2018-08-29 02:00:00,2.7,3.051702172555139
2018-08-29 02:15:00,2.77,3.051702172555139
2018-08-29 02:30:00,2.77,3.054912090342076
2018-08-29 02:45:00,2.77,3.077039572880074
2018-08-29 03:00:00,2.7,3.054912090342076
2018-08-29 03:15:00,2.74,2.9739516544571485
2018-08-29 03:30:00,2.74,2.9739516544571485
2018-08-29 03:45:00,2.95,3.09352884856332
2018-08-29 04:00:00,3.38,3.1115954040511786
2018-08-29 04:15:00,2.88,3.0894704958153207
2018-08-29 04:30:00,2.7,3.40034180627903
2018-08-29 04:45:00,2.77,2.992018209945007
2018-08-29 05:00:00,2.77,2.992018209945007
2018-08-29 05:15:00,3.2,3.0248639384109897
2018-08-29 05:30:00,2.99,3.0060469551780837
2018-08-29 05:45:00,2.74,2.609900721767744
2018-08-29 06:00:00,2.77,2.635840263807586
2018-08-29 06:15:00,2.74,3.0248639384109897
2018-08-29 06:30:00,2.7,3.0141456924830052
2018-08-29 06:45:00,2.66,3.0060469551780837
2018-08-29 07:00:00,2.7,3.0141456924830052
2018-08-29 07:15:00,3.24,3.0027364558729914
2018-08-29 07:30:00,3.78,3.1483976642181553
2018-08-29 07:45:00,3.46,4.804986309056035
2018-08-29 08:00:00,34.31,40.413609869754744
2018-08-29 08:15:00,55.66,55.54759232635986
2018-08-29 08:30:00,55.08,61.12117846068832
2018-08-29 08:45:00,60.95,63.83951875231891
2018-08-29 09:00:00,56.84,56.97509082396731
2018-08-29 09:15:00,50.15,58.63699884470908
2018-08-29 09:30:00,48.46,60.52229046747108
2018-08-29 09:45:00,43.27,58.70418483714993
2018-08-29 10:00:00,34.88,55.85365862636861
2018-08-29 10:15:00,37.08,48.01983581641663
2018-08-29 10:30:00,45.72,42.82486189370788
2018-08-29 10:45:00,44.82,42.451145069781084
2018-08-29 11:00:00,58.1,50.284275742784274
2018-08-29 11:15:00,59.29,51.6858648832994
2018-08-29 11:30:00,52.78,56.81507601608205
2018-08-29 11:45:00,48.64,50.86664795310956
2018-08-29 12:00:00,4.79,8.5621867078154
2018-08-29 12:15:00,5.87,5.577205885344338
2018-08-29 12:30:00,5.9,4.554564781420929
2018-08-29 12:45:00,6.26,6.365371502946089
2018-08-29 13:00:00,32.9,38.56706736414054
2018-08-29 13:15:00,60.77,55.729789024726
2018-08-29 13:30:00,50.4,58.81073501742535
2018-08-29 13:45:00,41.72,64.63608575200523
2018-08-29 14:00:00,49.46,56.0873559844148
2018-08-29 14:15:00,56.2,47.802536133814996
2018-08-29 14:30:00,38.99,57.66320040654557
2018-08-29 14:45:00,38.84,59.55482215518762
2018-08-29 15:00:00,53.28,42.83759386750786
2018-08-29 15:15:00,44.96,44.0006127276664
2018-08-29 15:30:00,56.2,59.087084649753024
2018-08-29 15:45:00,55.73,52.3774757681722
2018-08-29 16:00:00,58.03,55.92289038602518
2018-08-29 16:15:00,54.47,58.25946795847905
2018-08-29 16:30:00,52.96,57.5459371515887
2018-08-29 16:45:00,52.88,56.64806824317808
2018-08-29 17:00:00,53.64,54.897123564138184
2018-08-29 17:15:00,44.6,51.50907528730882
2018-08-29 17:30:00,29.02,37.2125912518256
2018-08-29 17:45:00,29.41,27.228804201311394
2018-08-29 18:00:00,36.18,29.75748538248027
2018-08-29 18:15:00,54.54,47.32877451411878
2018-08-29 18:30:00,56.16,44.40346178376592
2018-08-29 18:45:00,40.68,52.0080900999155
2018-08-29 19:00:00,43.06,53.168628710420926
2018-08-29 19:15:00,63.76,44.664857663967375
2018-08-29 19:30:00,41.47,46.38091743506615
2018-08-29 19:45:00,45.25,57.28768485604578
2018-08-29 20:00:00,46.98,44.962501297260644
2018-08-29 20:15:00,43.67,48.447815633928215
2018-08-29 20:30:00,43.31,43.00124760165857
2018-08-29 20:45:00,14.22,23.5935597920064
2018-08-29 21:00:00,6.3,17.57344675029184
2018-08-29 21:15:00,3.92,3.7710218223893275
2018-08-29 21:30:00,3.82,3.1286915795019903
2018-08-29 21:45:00,3.74,3.535872906722604
2018-08-29 22:00:00,3.6,3.7428212201338464
2018-08-29 22:15:00,3.35,3.6127348737187925
2018-08-29 22:30:00,3.53,3.526961769504932
2018-08-29 22:45:00,3.06,3.511040153162389
2018-08-29 23:00:00,2.92,3.5689855181893626
2018-08-29 23:15:00,2.88,3.400047614722529
2018-08-29 23:30:00,2.84,3.1307031088552804
2018-08-29 23:45:00,2.74,3.145022097495248
2018-08-30 00:00:00,2.88,3.165575556343881
2018-08-30 00:15:00,2.92,3.150151642850092
2018-08-30 00:30:00,2.95,3.150151642850092
2018-08-30 00:45:00,2.99,3.150151642850092
2018-08-30 01:00:00,2.92,3.178742320490655
2018-08-30 01:15:00,2.66,3.150767856351167
2018-08-30 01:30:00,2.63,3.1097989603916543
2018-08-30 01:45:00,2.66,3.060662808609016
2018-08-30 02:00:00,2.66,3.060662808609016
2018-08-30 02:15:00,2.66,3.060662808609016
2018-08-30 02:30:00,2.66,3.077039572880074
2018-08-30 02:45:00,2.77,3.054912090342076
2018-08-30 03:00:00,3.13,3.054912090342076
2018-08-30 03:15:00,2.66,3.0714013660253214
2018-08-30 03:30:00,2.66,3.160799170028619
2018-08-30 03:45:00,2.7,3.0714013660253214
2018-08-30 04:00:00,3.17,2.992018209945007
2018-08-30 04:15:00,2.66,3.1115954040511786
2018-08-30 04:30:00,2.63,3.4271018914777054
2018-08-30 04:45:00,2.59,3.08946792151318
2018-08-30 05:00:00,2.66,3.08946792151318
2018-08-30 05:15:00,2.59,3.08946792151318
2018-08-30 05:30:00,2.52,3.016765201106068
2018-08-30 05:45:00,2.52,3.0027364558729914
2018-08-30 06:00:00,2.52,3.0027364558729914
2018-08-30 06:15:00,2.59,3.0027364558729914
2018-08-30 06:30:00,2.59,3.0027364558729914
2018-08-30 06:45:00,2.48,3.0027364558729914
2018-08-30 07:00:00,2.84,2.992018209945007
2018-08-30 07:15:00,3.71,3.08946792151318
2018-08-30 07:30:00,3.85,3.1136388735772846
2018-08-30 07:45:00,3.71,4.252173452402374
2018-08-30 08:00:00,30.96,41.70966165698202
2018-08-30 08:15:00,50.8,64.15205923548255
2018-08-30 08:30:00,47.3,58.16388324954368
2018-08-30 08:45:00,53.96,58.49220406351536
2018-08-30 09:00:00,56.74,53.146123821059035
2018-08-30 09:15:00,53.6,54.75311301508559
2018-08-30 09:30:00,42.23,55.24798721032547
2018-08-30 09:45:00,43.13,53.101894141565836
2018-08-30 10:00:00,42.66,41.19422121793611
2018-08-30 10:15:00,51.62,46.34314695486381
2018-08-30 10:30:00,48.17,46.42057296118565
2018-08-30 10:45:00,48.35,56.569752143026136
2018-08-30 11:00:00,42.84,53.25813822206815
2018-08-30 11:15:00,68.87,54.797992857066035
2018-08-30 11:30:00,46.55,45.44311249648787
2018-08-30 11:45:00,43.34,60.88563508057143
2018-08-30 12:00:00,6.16,9.612936595626513
2018-08-30 12:15:00,4.97,9.837438301902429
2018-08-30 12:30:00,5.47,4.7956595349595235
2018-08-30 12:45:00,5.33,5.866827450102374
2018-08-30 13:00:00,27.76,36.025622911894416
2018-08-30 13:15:00,47.23,45.674302329867075
2018-08-30 13:30:00,58.03,54.995001025507136
2018-08-30 13:45:00,50.33,57.15747067680235
2018-08-30 14:00:00,68.65,57.78785721801247
2018-08-30 14:15:00,52.13,56.745204442749795
2018-08-30 14:30:00,59.18,63.38302439858025
2018-08-30 14:45:00,49.14,57.11058365993032
2018-08-30 15:00:00,57.24,60.53004114350531
2018-08-30 15:15:00,54.94,56.20418603851073
2018-08-30 15:30:00,55.55,60.50808238320026
2018-08-30 15:45:00,56.38,57.80084530337027
2018-08-30 16:00:00,57.67,58.46299513037283
2018-08-30 16:15:00,47.66,58.51946219344383
2018-08-30 16:30:00,48.56,60.55611700641049
2018-08-30 16:45:00,43.24,56.827651540862895
2018-08-30 17:00:00,42.48,52.95850481292463
2018-08-30 17:15:00,39.35,43.074002661726624
2018-08-30 17:30:00,41.44,31.4124179553413
2018-08-30 17:45:00,47.38,30.56039363061501
2018-08-30 18:00:00,100.58,30.161540603419443
2018-08-30 18:15:00,77.4,37.85290884591213
2018-08-30 18:30:00,39.92,59.855726166578314
2018-08-30 18:45:00,40.61,83.21337521522798
2018-08-30 19:00:00,39.89,48.51410140074351
2018-08-30 19:15:00,37.33,46.61644819252515
2018-08-30 19:30:00,40.86,48.41362324091939
2018-08-30 19:45:00,33.12,46.77699840474556
2018-08-30 20:00:00,38.52,41.23639267254636
2018-08-30 20:15:00,34.42,38.52650667124864
2018-08-30 20:30:00,32.22,39.63416012802837
2018-08-30 20:45:00,24.44,22.750389610453077
2018-08-30 21:00:00,3.74,18.992180434475785
2018-08-30 21:15:00,4.25,3.927012000098561
2018-08-30 21:30:00,3.89,3.7167382798861768
2018-08-30 21:45:00,3.64,4.195498725138811
2018-08-30 22:00:00,3.53,3.8349221818494152
2018-08-30 22:15:00,3.31,3.576952397324059
2018-08-30 22:30:00,2.88,3.642192105072844
2018-08-30 22:45:00,3.38,3.5102120328014004
2018-08-30 23:00:00,2.77,3.2726382714622644
2018-08-30 23:15:00,2.63,3.44814229105426
2018-08-30 23:30:00,2.7,3.3202038935058353
2018-08-30 23:45:00,2.95,3.145022097495248
2018-08-31 00:00:00,2.74,3.1056790292103247
2018-08-31 00:15:00,2.7,3.1810392415212148
2018-08-31 00:30:00,2.7,3.1056790292103247
2018-08-31 00:45:00,2.7,3.084473411822891
2018-08-31 01:00:00,2.7,3.0601353558311586
2018-08-31 01:15:00,2.7,3.029970706985968
2018-08-31 01:30:00,2.74,3.0721196606383754
2018-08-31 01:45:00,2.77,3.0145950440447606
2018-08-31 02:00:00,2.7,3.0087650895985343
2018-08-31 02:15:00,2.74,3.0087650895985343
2018-08-31 02:30:00,2.99,3.024219988719028
2018-08-31 02:45:00,3.2,3.024219988719028
2018-08-31 03:00:00,2.81,3.0995447920513435
2018-08-31 03:15:00,2.74,3.278065739381762
2018-08-31 03:30:00,2.74,2.9613401935031054
2018-08-31 03:45:00,2.74,2.9613401935031054
2018-08-31 04:00:00,3.02,3.0809033024281307
2018-08-31 04:15:00,3.38,2.982717248296056
2018-08-31 04:30:00,2.81,3.0617087867906347
2018-08-31 04:45:00,2.77,3.2637534400902943
2018-08-31 05:00:00,2.77,2.979406748990964
2018-08-31 05:15:00,2.74,2.979406748990964
2018-08-31 05:30:00,2.74,3.0015342315289626
2018-08-31 05:45:00,2.7,2.982717248296056
2018-08-31 06:00:00,2.74,2.990815985600978
2018-08-31 06:15:00,2.7,3.0015342315289626
2018-08-31 06:30:00,2.74,2.990815985600978
2018-08-31 06:45:00,2.88,3.058775819890132
2018-08-31 07:00:00,3.06,3.058775819890132
2018-08-31 07:15:00,3.31,3.058775819890132
2018-08-31 07:30:00,3.85,3.034721458814783
2018-08-31 07:45:00,3.6,4.647389336218219
2018-08-31 08:00:00,26.14,39.382149206583094
2018-08-31 08:15:00,45.65,55.96577458283169
2018-08-31 08:30:00,58.03,52.441971642098444
2018-08-31 08:45:00,88.99,56.32621383340721
2018-08-31 09:00:00,113.04,58.00129670134835
2018-08-31 09:15:00,112.68,78.5602421495388
2018-08-31 09:30:00,54.32,82.58007328487264
2018-08-31 09:45:00,58.54,91.95400881369679
2018-08-31 10:00:00,52.92,61.563784823441054
2018-08-31 10:15:00,53.6,62.443684797493276
2018-08-31 10:30:00,44.21,57.74203594415083
2018-08-31 10:45:00,49.03,58.411400840041885
2018-08-31 11:00:00,61.52,50.750327284257395
2018-08-31 11:15:00,60.01,58.74784352610082
2018-08-31 11:30:00,61.56,62.88429737897568
2018-08-31 11:45:00,48.28,52.12457533713516
2018-08-31 12:00:00,4.46,9.800879470281378
2018-08-31 12:15:00,5.54,6.487199987781897
2018-08-31 12:30:00,5.44,5.996915383421494
2018-08-31 12:45:00,8.5,6.604217763454263
2018-08-31 13:00:00,37.44,39.47127519727193
2018-08-31 13:15:00,44.64,58.73662612963393
2018-08-31 13:30:00,53.03,63.00827038831885
2018-08-31 13:45:00,56.77,47.82627047204914
2018-08-31 14:00:00,56.12,57.00041706223389
2018-08-31 14:15:00,58.97,57.214562074638735
2018-08-31 14:30:00,56.77,57.02816083512692
2018-08-31 14:45:00,40.32,57.51053435499819
2018-08-31 15:00:00,48.17,56.68998939811404
2018-08-31 15:15:00,44.42,47.49649205020601
2018-08-31 15:30:00,55.55,57.31640320642772
2018-08-31 15:45:00,55.87,47.60204338283292
2018-08-31 16:00:00,58.14,55.64401658968881
2018-08-31 16:15:00,56.12,55.59189138793897
2018-08-31 16:30:00,51.98,56.48464831962292
2018-08-31 16:45:00,55.19,55.27672140325708
2018-08-31 17:00:00,47.41,52.86382752673762
2018-08-31 17:15:00,43.92,50.95463877633728
2018-08-31 17:30:00,28.4,37.06999509089068
2018-08-31 17:45:00,28.69,30.261025313798523
2018-08-31 18:00:00,31.82,33.61206968670755
2018-08-31 18:15:00,44.03,37.59364429779039
2018-08-31 18:30:00,36.76,39.76067984031261
2018-08-31 18:45:00,36.22,44.86272936911329
2018-08-31 19:00:00,43.49,41.07232567865272
2018-08-31 19:15:00,40.25,38.3257678399808
2018-08-31 19:30:00,44.71,41.772783917477675
2018-08-31 19:45:00,43.67,40.903940875465
2018-08-31 20:00:00,37.94,42.150324409755456
2018-08-31 20:15:00,36.4,41.88452815170185
2018-08-31 20:30:00,53.71,35.37411564521417
2018-08-31 20:45:00,19.22,21.254655620361717
2018-08-31 21:00:00,4.46,15.75236728834699
2018-08-31 21:15:00,4.03,3.0384767066284475
2018-08-31 21:30:00,4.07,5.178960987795521
2018-08-31 21:45:00,3.85,4.027117273869462
2018-08-31 22:00:00,3.67,4.765021138515374
2018-08-31 22:15:00,3.6,3.777497176553917
2018-08-31 22:30:00,3.82,3.596773117312786
2018-08-31 22:45:00,4.64,3.4824891558651645
2018-08-31 23:00:00,3.06,3.7030270684623345
2018-08-31 23:15:00,2.92,4.243133647775258
2018-08-31 23:30:00,2.95,3.2009466639208077
2018-08-31 23:45:00,3.85,3.507250735803068
2018-09-01 00:00:00,2.95,3.128688063640812
2018-09-01 00:15:00,3.02,3.780150226618196
2018-09-01 00:30:00,3.02,3.1586379027088376
2018-09-01 00:45:00,3.02,3.1027864537984784
2018-09-01 01:00:00,3.02,3.1570844054567626
2018-09-01 01:15:00,2.95,3.0726694171947466
2018-09-01 01:30:00,2.99,3.062492876876963
2018-09-01 01:45:00,3.06,3.062492876876963
2018-09-01 02:00:00,2.99,3.024452374530962
2018-09-01 02:15:00,2.95,3.095206883932083
2018-09-01 02:30:00,3.02,3.0975709208772204
2018-09-01 02:45:00,3.49,3.0975709208772204
2018-09-01 03:00:00,3.17,3.157979191097162
2018-09-01 03:15:00,3.06,3.38789140086539
2018-09-01 03:30:00,3.53,3.3707332565833457
2018-09-01 03:45:00,3.46,3.135013213059618
2018-09-01 04:00:00,3.02,3.38789140086539
2018-09-01 04:15:00,3.02,3.440734762992727
2018-09-01 04:30:00,3.02,3.1626055105607147
2018-09-01 04:45:00,3.13,3.1199386887511613
2018-09-01 05:00:00,3.06,3.130115229068945
2018-09-01 05:15:00,3.06,3.1467184689623076
2018-09-01 05:30:00,3.02,3.135013213059618
2018-09-01 05:45:00,3.02,3.1199386887511613
2018-09-01 06:00:00,3.02,3.1199386887511613
2018-09-01 06:15:00,3.06,3.1199386887511613
2018-09-01 06:30:00,3.53,3.1199386887511613
2018-09-01 06:45:00,3.24,3.1199386887511613
2018-09-01 07:00:00,2.99,3.308399165205623
2018-09-01 07:15:00,3.02,3.408048740577517
2018-09-01 07:30:00,3.17,3.4301422518814744
2018-09-01 07:45:00,3.28,4.030829600629795
2018-09-01 08:00:00,17.17,21.452579478497437
2018-09-01 08:15:00,32.44,38.857402884663166
2018-09-01 08:30:00,32.11,27.756263888130103
2018-09-01 08:45:00,37.4,37.91235351908205
2018-09-01 09:00:00,47.09,33.65893406817036
2018-09-01 09:15:00,32.9,40.424358875702914
2018-09-01 09:30:00,42.77,47.665848227565
2018-09-01 09:45:00,41.11,35.239551751345196
2018-09-01 10:00:00,49.46,42.08900648627898
2018-09-01 10:15:00,38.88,42.18482878106266
2018-09-01 10:30:00,50.62,50.87173219839398
2018-09-01 10:45:00,32.94,41.00184012194308
2018-09-01 11:00:00,28.15,50.70157162398805
2018-09-01 11:15:00,25.78,36.28291391836894
2018-09-01 11:30:00,25.7,18.022761163359927
2018-09-01 11:45:00,25.31,17.42221150507945
2018-09-01 12:00:00,25.6,10.783341603403622
2018-09-01 12:15:00,25.34,10.252017560198075
2018-09-01 12:30:00,25.49,14.814528834094565
2018-09-01 12:45:00,25.49,20.00109719750014
2018-09-01 13:00:00,25.49,28.24572831065164
2018-09-01 13:15:00,28.19,34.76812768865367
2018-09-01 13:30:00,27.61,28.23092785728275
2018-09-01 13:45:00,27.04,26.58677565838595
2018-09-01 14:00:00,27.43,26.602217145170595
2018-09-01 14:15:00,26.86,26.58677565838595
2018-09-01 14:30:00,26.78,26.602217145170595
2018-09-01 14:45:00,27.14,26.28978856999029
2018-09-01 15:00:00,26.57,26.142868791605036
2018-09-01 15:15:00,26.17,23.318054837410436
2018-09-01 15:30:00,26.42,23.28201857114577
2018-09-01 15:45:00,25.99,23.28201857114577
2018-09-01 16:00:00,25.92,22.78106193656471
2018-09-01 16:15:00,26.53,19.75523017746828
2018-09-01 16:30:00,26.32,19.050159978567766
2018-09-01 16:45:00,26.32,16.0200527105607
2018-09-01 17:00:00,26.06,13.83213723729361
2018-09-01 17:15:00,25.02,13.83213723729361
2018-09-01 17:30:00,25.85,17.410798693499444
2018-09-01 17:45:00,24.34,21.92872418662825
2018-09-01 18:00:00,25.74,23.017629479438153
2018-09-01 18:15:00,6.44,15.621008529860545
2018-09-01 18:30:00,3.49,20.03734103887726
2018-09-01 18:45:00,3.49,4.863660337477023
2018-09-01 19:00:00,3.6,3.5810492318561753
2018-09-01 19:15:00,3.56,3.593368683406365
2018-09-01 19:30:00,3.31,3.517721073819889
2018-09-01 19:45:00,2.92,3.507008213342269
2018-09-01 20:00:00,2.92,3.507008213342269
2018-09-01 20:15:00,2.99,3.199082515226212
2018-09-01 20:30:00,2.99,3.158672553100502
2018-09-01 20:45:00,2.95,3.0655338030342665
2018-09-01 21:00:00,2.99,2.995504493985422
2018-09-01 21:15:00,2.92,3.0489620957228034
2018-09-01 21:30:00,2.81,3.0489620957228034
2018-09-01 21:45:00,2.81,3.0371495765133623
2018-09-01 22:00:00,2.7,3.0034193505161797
2018-09-01 22:15:00,2.7,3.0034193505161797
2018-09-01 22:30:00,2.66,2.9959234973649322
2018-09-01 22:45:00,2.66,2.975668664403108
2018-09-01 23:00:00,2.66,2.975668664403108
2018-09-01 23:15:00,2.63,2.975668664403108
2018-09-01 23:30:00,3.82,2.8816185189852876
2018-09-01 23:45:00,2.74,2.87531480614438
2018-09-02 00:00:00,2.63,1.7929852762190988
2018-09-02 00:15:00,2.63,2.918071654882535
2018-09-02 00:30:00,2.66,2.9089610034966
2018-09-02 00:45:00,2.63,2.877661692756825
2018-09-02 01:00:00,2.74,2.962954431766282
2018-09-02 01:15:00,2.7,2.8601849441528953
2018-09-02 01:30:00,2.63,2.8601849441528953
2018-09-02 01:45:00,2.66,2.866488656993803
2018-09-02 02:00:00,2.63,2.8601849441528953
2018-09-02 02:15:00,2.66,2.881823055654857
2018-09-02 02:30:00,2.7,2.881823055654857
2018-09-02 02:45:00,2.63,2.881823055654857
2018-09-02 03:00:00,2.66,2.8895472223953327
2018-09-02 03:15:00,2.63,2.8895472223953327
2018-09-02 03:30:00,2.63,2.8895472223953327
2018-09-02 03:45:00,2.81,2.8895472223953327
2018-09-02 04:00:00,3.2,2.8895472223953327
2018-09-02 04:15:00,2.77,2.8895472223953327
2018-09-02 04:30:00,2.66,3.1798569407003106
2018-09-02 04:45:00,3.2,2.9046217467037896
2018-09-02 05:00:00,3.17,2.9073199498600117
2018-09-02 05:15:00,2.59,3.295880951636935
2018-09-02 05:30:00,2.56,3.310955475945392
2018-09-02 05:45:00,2.63,2.9414148153539528
2018-09-02 06:00:00,2.56,2.9073199498600117
2018-09-02 06:15:00,2.56,3.0147036041774373
2018-09-02 06:30:00,2.56,3.005571233331957
2018-09-02 06:45:00,2.56,2.8895472223953327
2018-09-02 07:00:00,2.59,2.898679593240813
2018-09-02 07:15:00,2.66,2.863475236483137
2018-09-02 07:30:00,2.77,2.9300944535830644
2018-09-02 07:45:00,2.7,3.5734486241409384
2018-09-02 08:00:00,26.17,7.823995731986367
2018-09-02 08:15:00,50.18,5.526213378032142
2018-09-02 08:30:00,42.37,36.41577692038668
2018-09-02 08:45:00,41.76,57.56049159223342
2018-09-02 09:00:00,31.46,43.395073049885994
2018-09-02 09:15:00,39.13,44.65270174452233
2018-09-02 09:30:00,56.95,35.14046269869595
2018-09-02 09:45:00,35.14,39.129082212306635
2018-09-02 10:00:00,51.34,55.07371269445319
2018-09-02 10:15:00,48.67,34.71888150115832
2018-09-02 10:30:00,32.36,52.95944073659573
2018-09-02 10:45:00,31.14,50.446044936659206
2018-09-02 11:00:00,35.53,35.84766204603106
2018-09-02 11:15:00,52.63,31.48595060803845
2018-09-02 11:30:00,57.38,32.788365063007504
2018-09-02 11:45:00,21.67,46.12930334061353
2018-09-02 12:00:00,3.17,5.027677656590976
2018-09-02 12:15:00,3.17,9.183147489717634
2018-09-02 12:30:00,3.31,7.774184877976938
2018-09-02 12:45:00,3.89,5.9963615852946255
2018-09-02 13:00:00,13.43,15.613550344218766
2018-09-02 13:15:00,32.8,31.720860793367198
2018-09-02 13:30:00,52.2,40.2460482535608
2018-09-02 13:45:00,56.56,35.98901465407114
2018-09-02 14:00:00,33.91,57.597477767673446
2018-09-02 14:15:00,42.41,53.346128779943854
2018-09-02 14:30:00,44.75,34.634270161210026
2018-09-02 14:45:00,47.7,41.78097632687994
2018-09-02 15:00:00,44.82,43.975894022823695
2018-09-02 15:15:00,31.68,50.03648348574582
2018-09-02 15:30:00,23.69,42.92195130850136
2018-09-02 15:45:00,5.65,34.02486802006163
2018-09-02 16:00:00,5.04,24.4262652709959
2018-09-02 16:15:00,3.64,5.255874531704942
2018-09-02 16:30:00,3.6,4.0762549152399545
2018-09-02 16:45:00,3.64,2.9439326352099604
2018-09-02 17:00:00,3.6,2.916969033779991
2018-09-02 17:15:00,3.64,2.9517194237227824
2018-09-02 17:30:00,3.53,3.006967436570451
2018-09-02 17:45:00,3.42,3.03764896853743
2018-09-02 18:00:00,3.42,3.637298083544816
2018-09-02 18:15:00,3.49,3.5223029311656804
2018-09-02 18:30:00,3.02,3.4739300417393717
2018-09-02 18:45:00,2.92,3.48273529953712
2018-09-02 19:00:00,2.81,3.2026682219122935
2018-09-02 19:15:00,2.84,3.115405762208315
2018-09-02 19:30:00,2.99,3.0405146085841666
2018-09-02 19:45:00,2.88,3.0506911489019504
2018-09-02 20:00:00,2.92,3.094607601921332
2018-09-02 20:15:00,3.64,3.033018755432919
2018-09-02 20:30:00,3.35,3.0539900016195247
2018-09-02 20:45:00,2.95,3.3207334013183023
2018-09-02 21:00:00,2.99,3.298073587386579
2018-09-02 21:15:00,2.92,3.0651603986582265
2018-09-02 21:30:00,2.92,3.0247504365325164
2018-09-02 21:45:00,2.88,3.0294181704817666
2018-09-02 22:00:00,2.7,3.0129379173230753
2018-09-02 22:15:00,2.77,2.9855114041668003
2018-09-02 22:30:00,2.81,3.009314861755328
2018-09-02 22:45:00,2.74,2.978015551015553
2018-09-02 23:00:00,2.66,2.978015551015553
2018-09-02 23:15:00,2.7,2.978015551015553
2018-09-02 23:30:00,2.74,2.8839654055977326
2018-09-02 23:45:00,2.7,2.895649056206466
2018-09-03 00:00:00,3.35,2.9958931699049653
2018-09-03 00:15:00,2.74,2.901843024487145
2018-09-03 00:30:00,2.74,3.2434989486003847
2018-09-03 00:45:00,2.74,2.9422529866128553
2018-09-03 01:00:00,2.74,2.93314233522692
2018-09-03 01:15:00,2.74,2.8843662758832154
2018-09-03 01:30:00,2.77,2.9517887228046313
2018-09-03 01:45:00,2.74,2.8843662758832154
2018-09-03 02:00:00,3.17,2.8843662758832154
2018-09-03 02:15:00,3.31,2.9123081002260847
2018-09-03 02:30:00,2.74,3.196022966162828
2018-09-03 02:45:00,2.7,3.2598818502665927
2018-09-03 03:00:00,2.77,2.9931884445853694
2018-09-03 03:15:00,2.74,2.931501281590332
2018-09-03 03:30:00,2.74,3.029752565062277
2018-09-03 03:45:00,3.28,3.029752565062277
2018-09-03 04:00:00,2.7,2.913728554125653
2018-09-03 04:15:00,2.77,3.2670962975317557
2018-09-03 04:30:00,2.7,2.9845480879661705
2018-09-03 04:45:00,2.77,2.931501281590332
2018-09-03 05:00:00,2.7,2.913728554125653
2018-09-03 05:15:00,2.63,3.029752565062277
2018-09-03 05:30:00,2.63,2.913728554125653
2018-09-03 05:45:00,2.66,2.932748895311137
2018-09-03 06:00:00,2.59,2.922860924971133
2018-09-03 06:15:00,2.74,2.932748895311137
2018-09-03 06:30:00,2.66,2.913728554125653
2018-09-03 06:45:00,2.66,2.913728554125653
2018-09-03 07:00:00,2.77,2.9579599997334283
2018-09-03 07:15:00,4.54,2.922755642975752
2018-09-03 07:30:00,3.71,2.99850723092116
2018-09-03 07:45:00,2.95,4.586940912525957
2018-09-03 08:00:00,12.17,38.17800781040486
2018-09-03 08:15:00,41.9,20.77147157657666
2018-09-03 08:30:00,41.04,56.89476629701482
2018-09-03 08:45:00,46.08,59.57872534396811
2018-09-03 09:00:00,46.66,49.44091512169647
2018-09-03 09:15:00,67.0,52.41608028929768
2018-09-03 09:30:00,65.88,51.22512824111655
2018-09-03 09:45:00,41.0,61.29868703433948
2018-09-03 10:00:00,41.22,59.05580354813205
2018-09-03 10:15:00,40.93,47.639239926513255
2018-09-03 10:30:00,39.17,49.74101855661695
2018-09-03 10:45:00,44.24,49.556303855071
2018-09-03 11:00:00,59.94,47.15664759585409
2018-09-03 11:15:00,39.13,48.770934381724516
2018-09-03 11:30:00,39.6,60.68829413109069
2018-09-03 11:45:00,30.71,38.80319959421814
2018-09-03 12:00:00,5.08,11.882914125991798
2018-09-03 12:15:00,5.0,10.134264013966574
2018-09-03 12:30:00,4.97,4.333326296978326
2018-09-03 12:45:00,5.11,5.058628998261833
2018-09-03 13:00:00,23.15,37.93653651912082
2018-09-03 13:15:00,46.26,54.0322871535077
2018-09-03 13:30:00,63.58,53.02021868306571
2018-09-03 13:45:00,54.22,55.33893615464555
2018-09-03 14:00:00,56.77,61.14653721957275
2018-09-03 14:15:00,51.34,56.91407901582796
2018-09-03 14:30:00,54.94,58.367209701803255
2018-09-03 14:45:00,60.88,56.39952161082117
2018-09-03 15:00:00,58.9,59.30318552910394
2018-09-03 15:15:00,55.15,57.10421619639373
2018-09-03 15:30:00,79.67,59.835081117624675
2018-09-03 15:45:00,83.16,60.35669028932566
2018-09-03 16:00:00,113.65,73.91716134856173
2018-09-03 16:15:00,63.83,77.35676258547913
2018-09-03 16:30:00,118.04,93.74248609866719
2018-09-03 16:45:00,110.56,78.81277377984806
2018-09-03 17:00:00,72.43,85.31779019681686
2018-09-03 17:15:00,88.74,95.23997519701301
2018-09-03 17:30:00,38.27,51.741602504998106
2018-09-03 17:45:00,30.92,53.75205482696627
2018-09-03 18:00:00,52.6,48.39409484184946
2018-09-03 18:15:00,77.83,78.08817625936699
2018-09-03 18:30:00,75.89,64.65968584110583
2018-09-03 18:45:00,30.53,82.77124313039873
2018-09-03 19:00:00,29.3,82.61746898229099
2018-09-03 19:15:00,27.11,46.026056707864804
2018-09-03 19:30:00,25.67,41.51300145718682
2018-09-03 19:45:00,25.67,25.89164755401502
2018-09-03 20:00:00,25.74,22.3874740449803
2018-09-03 20:15:00,26.42,21.97433704792358
2018-09-03 20:30:00,25.31,19.649986009430002
2018-09-03 20:45:00,4.57,15.318272970245062
2018-09-03 21:00:00,5.0,10.824780693918983
2018-09-03 21:15:00,3.64,4.026942138570458
2018-09-03 21:30:00,3.67,4.129660664808543
2018-09-03 21:45:00,3.53,3.6145614139894913
2018-09-03 22:00:00,3.35,3.7345605697666464
2018-09-03 22:15:00,3.31,3.4508399277643513
2018-09-03 22:30:00,3.31,3.6099099205855207
2018-09-03 22:45:00,2.74,3.4860862873344587
2018-09-03 23:00:00,2.7,3.514266203867848
2018-09-03 23:15:00,2.66,3.260314846481524
2018-09-03 23:30:00,2.66,3.0537510264474723
2018-09-03 23:45:00,2.56,3.0224517157076973
2018-09-04 00:00:00,2.66,3.0224517157076973
2018-09-04 00:15:00,2.66,2.928401570289877
2018-09-04 00:30:00,2.7,2.928401570289877
2018-09-04 00:45:00,2.7,2.928401570289877
2018-09-04 01:00:00,2.66,2.939883526833146
2018-09-04 01:15:00,2.7,2.9046211088450398
2018-09-04 01:30:00,2.7,2.8843662758832154
2018-09-04 01:45:00,2.77,2.8843662758832154
2018-09-04 02:00:00,2.7,2.8843662758832154
2018-09-04 02:15:00,2.88,2.906004387385177
2018-09-04 02:30:00,3.02,2.906004387385177
2018-09-04 02:45:00,2.63,2.906004387385177
2018-09-04 03:00:00,3.28,2.9900112145720468
2018-09-04 03:15:00,3.17,2.932748895311137
2018-09-04 03:30:00,2.63,3.2757366541509545
2018-09-04 03:45:00,2.66,3.3627291051768085
2018-09-04 04:00:00,2.59,3.062599816835413
2018-09-04 04:15:00,2.63,2.931501281590332
2018-09-04 04:30:00,2.63,3.029752565062277
2018-09-04 04:45:00,2.66,3.0388849359077574
2018-09-04 05:00:00,2.66,2.913728554125653
2018-09-04 05:15:00,2.59,2.922860924971133
2018-09-04 05:30:00,2.59,2.922860924971133
2018-09-04 05:45:00,2.74,2.913728554125653
2018-09-04 06:00:00,3.17,2.913728554125653
2018-09-04 06:15:00,2.74,2.913728554125653
2018-09-04 06:30:00,2.63,3.166281657919195
2018-09-04 06:45:00,2.63,2.9288030784341097
2018-09-04 07:00:00,2.59,2.9757327271981073
2018-09-04 07:15:00,2.77,2.922755642975752
2018-09-04 07:30:00,2.88,3.7765206127087496
2018-09-04 07:45:00,3.24,3.9333688025704823
2018-09-04 08:00:00,29.3,21.35645930705428
2018-09-04 08:15:00,51.34,49.85896774759543
2018-09-04 08:30:00,72.76,56.429695526464386
2018-09-04 08:45:00,65.02,60.137793622940855
2018-09-04 09:00:00,81.65,66.97943311473706
2018-09-04 09:15:00,59.15,63.92471153429791
2018-09-04 09:30:00,55.58,72.63992602533833
2018-09-04 09:45:00,84.42,62.04366258644048
2018-09-04 10:00:00,99.25,60.53564488746025
2018-09-04 10:15:00,89.53,75.57961794260365
2018-09-04 10:30:00,102.67,81.82557264945368
2018-09-04 10:45:00,105.95,84.10229024446323
2018-09-04 11:00:00,122.65,85.4602133245059
2018-09-04 11:15:00,98.24,89.46381274024938
2018-09-04 11:30:00,113.51,88.50145759476878
2018-09-04 11:45:00,99.04,88.66384015449833
2018-09-04 12:00:00,5.44,13.805285143894348
2018-09-04 12:15:00,5.4,16.538612563369046
2018-09-04 12:30:00,4.32,4.750626360582587
2018-09-04 12:45:00,4.61,6.7014947381609735
2018-09-04 13:00:00,47.52,59.16396541787163
2018-09-04 13:15:00,107.17,95.89501881311952
2018-09-04 13:30:00,90.97,70.48621526861952
2018-09-04 13:45:00,112.0,95.28009925201418
2018-09-04 14:00:00,90.79,79.08344817837794
2018-09-04 14:15:00,103.9,81.72174034625093
2018-09-04 14:30:00,101.92,91.10472041568389
2018-09-04 14:45:00,99.4,84.04591264508502
2018-09-04 15:00:00,100.51,91.41245474562116
2018-09-04 15:15:00,85.9,99.02281452614862
2018-09-04 15:30:00,102.6,94.64275477099173
2018-09-04 15:45:00,82.15,93.98902801167776
2018-09-04 16:00:00,118.69,89.65410064854242
2018-09-04 16:15:00,90.83,90.15224418825798
2018-09-04 16:30:00,102.28,95.07542998808997
2018-09-04 16:45:00,102.96,93.74116131170739
2018-09-04 17:00:00,68.36,90.48422226426331
2018-09-04 17:15:00,100.19,79.97564834105337
2018-09-04 17:30:00,59.44,52.943360036597205
2018-09-04 17:45:00,40.68,46.25595061284006
2018-09-04 18:00:00,47.02,51.62358674058899
2018-09-04 18:15:00,75.85,70.98523271458302
2018-09-04 18:30:00,85.75,64.82107176645302
2018-09-04 18:45:00,76.75,81.31219342630763
2018-09-04 19:00:00,76.75,76.0940520198835
2018-09-04 19:15:00,78.95,76.2411169707124
2018-09-04 19:30:00,72.0,75.0043618896244
2018-09-04 19:45:00,88.02,80.16947434891824
2018-09-04 20:00:00,72.47,74.70267044566079
2018-09-04 20:15:00,88.09,78.16005840606238
2018-09-04 20:30:00,64.62,69.94130834789306
2018-09-04 20:45:00,11.3,49.46569631632744
2018-09-04 21:00:00,4.57,34.97822732188943
2018-09-04 21:15:00,3.49,7.005791326970018
2018-09-04 21:30:00,3.49,3.6912481039881144
2018-09-04 21:45:00,3.49,3.591508373383397
2018-09-04 22:00:00,3.31,3.671298266857731
2018-09-04 22:15:00,3.1,3.4393470540558817
2018-09-04 22:30:00,2.66,3.2129902504267913
2018-09-04 22:45:00,2.59,3.6274489150631983
2018-09-04 23:00:00,2.52,3.1766105321761327
2018-09-04 23:15:00,2.48,3.2581330185649007
2018-09-04 23:30:00,2.52,3.060679849916784
2018-09-04 23:45:00,2.81,2.9546111302725153
2018-09-05 00:00:00,2.48,2.9003577742620537
2018-09-05 00:15:00,2.52,2.860560984854695
2018-09-05 00:30:00,2.52,2.9003577742620537
2018-09-05 00:45:00,2.48,2.9535938335972025
2018-09-05 01:00:00,2.59,2.9220978574489695
2018-09-05 01:15:00,2.48,2.989829225150632
2018-09-05 01:30:00,2.48,2.8843662758832154
2018-09-05 01:45:00,2.48,2.8843662758832154
2018-09-05 02:00:00,2.52,2.8843662758832154
2018-09-05 02:15:00,3.42,2.906004387385177
2018-09-05 02:30:00,3.71,2.906004387385177
2018-09-05 02:45:00,2.52,2.9278312987966673
2018-09-05 03:00:00,2.52,1.769126337895829
2018-09-05 03:15:00,2.48,2.9741681033998852
2018-09-05 03:30:00,2.48,2.931501281590332
2018-09-05 03:45:00,2.52,3.029752565062277
2018-09-05 04:00:00,2.59,3.031967307459377
2018-09-05 04:15:00,2.52,2.913728554125653
2018-09-05 04:30:00,2.52,2.922860924971133
2018-09-05 04:45:00,2.56,2.922860924971133
2018-09-05 05:00:00,2.52,2.913728554125653
2018-09-05 05:15:00,2.48,2.913728554125653
2018-09-05 05:30:00,2.56,2.913728554125653
2018-09-05 05:45:00,2.48,2.913728554125653
2018-09-05 06:00:00,2.52,2.913728554125653
2018-09-05 06:15:00,2.77,2.913728554125653
2018-09-05 06:30:00,3.31,2.913728554125653
2018-09-05 06:45:00,2.99,2.913728554125653
2018-09-05 07:00:00,2.7,2.893912166343923
2018-09-05 07:15:00,2.92,2.7129141549413385
2018-09-05 07:30:00,3.02,3.016279958385839
2018-09-05 07:45:00,2.88,3.7470734532578795
2018-09-05 08:00:00,40.32,28.126112658028717
2018-09-05 08:15:00,95.4,21.953641258539506
2018-09-05 08:30:00,98.06,63.6128044883247
2018-09-05 08:45:00,111.92,84.60147455105127
2018-09-05 09:00:00,97.81,87.71175265733247
2018-09-05 09:15:00,100.08,96.43699446780587
2018-09-05 09:30:00,103.54,105.8322299387818
2018-09-05 09:45:00,60.23,89.52434322679898
2018-09-05 10:00:00,56.99,89.801872444281
2018-09-05 10:15:00,55.4,70.59525499883482
2018-09-05 10:30:00,53.82,64.83653984127804
2018-09-05 10:45:00,53.57,64.60423205565
2018-09-05 11:00:00,47.45,62.68434389769546
2018-09-05 11:15:00,64.26,60.484973777155886
2018-09-05 11:30:00,66.17,53.06787209354383
2018-09-05 11:45:00,52.81,58.184669720090966
2018-09-05 12:00:00,6.95,12.062648312791662
2018-09-05 12:15:00,5.51,5.049328852054023
2018-09-05 12:30:00,5.44,8.690233161653621
2018-09-05 12:45:00,5.47,6.116042967992473
2018-09-05 13:00:00,28.3,42.15944905922798
2018-09-05 13:15:00,71.17,54.97165839427882
2018-09-05 13:30:00,70.38,57.07389743731495
2018-09-05 13:45:00,56.05,74.74080542933221
2018-09-05 14:00:00,50.29,70.58964343518805
2018-09-05 14:15:00,65.63,65.46492968857953
2018-09-05 14:30:00,64.73,57.677176227632
2018-09-05 14:45:00,48.49,65.11010386878243
2018-09-05 15:00:00,49.68,65.56773365082687
2018-09-05 15:15:00,54.07,57.564642327314914
2018-09-05 15:30:00,66.71,60.11783515965468
2018-09-05 15:45:00,63.86,61.816364732190024
2018-09-05 16:00:00,61.81,62.996479674724014
2018-09-05 16:15:00,52.78,57.845200089547234
2018-09-05 16:30:00,54.22,60.737754833606694
2018-09-05 16:45:00,49.03,58.87476192056434
2018-09-05 17:00:00,60.08,56.52657243476168
2018-09-05 17:15:00,62.28,50.33527895826597
2018-09-05 17:30:00,32.51,38.778524864802584
2018-09-05 17:45:00,29.95,30.707706412120945
2018-09-05 18:00:00,52.6,36.31927307136792
2018-09-05 18:15:00,47.52,52.685355715967916
2018-09-05 18:30:00,49.79,65.03403252112727
2018-09-05 18:45:00,45.9,51.66332194991673
2018-09-05 19:00:00,51.88,50.45637218041758
2018-09-05 19:15:00,51.34,46.72834277437244
2018-09-05 19:30:00,59.33,50.75114905273348
2018-09-05 19:45:00,55.8,50.68605572088841
2018-09-05 20:00:00,47.99,53.3983240420296
2018-09-05 20:15:00,54.58,50.6229151208122
2018-09-05 20:30:00,46.26,44.61250446857402
2018-09-05 20:45:00,27.94,23.17525410347952
2018-09-05 21:00:00,8.86,13.296780544734148
2018-09-05 21:15:00,3.78,9.315587963723866
2018-09-05 21:30:00,3.74,6.585091723612557
2018-09-05 21:45:00,3.85,3.4243536503813763
2018-09-05 22:00:00,3.56,4.103176320900947
2018-09-05 22:15:00,3.53,3.8067935263322603
2018-09-05 22:30:00,3.49,3.474643385352879
2018-09-05 22:45:00,3.64,3.474643385352879
2018-09-05 23:00:00,4.64,3.474643385352879
2018-09-05 23:15:00,3.92,3.5730608125574146
2018-09-05 23:30:00,2.81,4.143690527209096
2018-09-05 23:45:00,3.35,3.8138035770664858
2018-09-06 00:00:00,2.77,3.115039487797794
2018-09-06 00:15:00,2.81,3.3816857418880764
2018-09-06 00:30:00,2.84,2.9880076563646094
2018-09-06 00:45:00,2.81,3.040029817774837
2018-09-06 01:00:00,2.81,3.0224517157076973
2018-09-06 01:15:00,2.84,3.0466200194710056
2018-09-06 01:30:00,2.84,2.88964142713143
2018-09-06 01:45:00,2.81,2.9517887228046313
2018-09-06 02:00:00,2.88,2.958092435645539
2018-09-06 02:15:00,2.81,3.0196643613766643
2018-09-06 02:30:00,2.95,3.0220283983218015
2018-09-06 02:45:00,2.95,3.0220283983218015
2018-09-06 03:00:00,2.95,3.106035225508671
2018-09-06 03:15:00,3.02,3.144075727854672
2018-09-06 03:30:00,3.31,3.137334536248446
2018-09-06 03:45:00,3.28,3.1314352244124932
2018-09-06 04:00:00,3.02,3.405287248362675
2018-09-06 04:15:00,3.02,3.4420547583362753
2018-09-06 04:30:00,3.6,3.1741020462220466
2018-09-06 04:45:00,3.06,3.1405675952579735
2018-09-06 05:00:00,2.92,3.4284110395385397
2018-09-06 05:15:00,2.92,3.183234417067527
2018-09-06 05:30:00,2.92,3.1098301039376546
2018-09-06 05:45:00,2.95,3.1098301039376546
2018-09-06 06:00:00,2.92,3.1200066442554384
2018-09-06 06:15:00,3.06,3.1405675952579735
2018-09-06 06:30:00,2.81,3.1098301039376546
2018-09-06 06:45:00,2.81,3.1464669070939264
2018-09-06 07:00:00,3.06,3.114415692255308
2018-09-06 07:15:00,3.28,3.1713984458176485
2018-09-06 07:30:00,3.06,3.5694953548715604
2018-09-06 07:45:00,3.2,5.550525671138261
2018-09-06 08:00:00,31.39,27.830528310237213
2018-09-06 08:15:00,59.15,56.49358192201119
2018-09-06 08:30:00,54.11,62.59394527748042
2018-09-06 08:45:00,62.68,64.50116787852744
2018-09-06 09:00:00,62.89,57.98050251600096
2018-09-06 09:15:00,57.78,61.56861365377124
2018-09-06 09:30:00,50.9,54.595345906514844
2018-09-06 09:45:00,48.56,54.40872276850901
2018-09-06 10:00:00,50.94,53.23782270595403
2018-09-06 10:15:00,58.46,57.84731642936892
2018-09-06 10:30:00,58.14,57.76133643845416
2018-09-06 10:45:00,51.66,59.51039736660493
2018-09-06 11:00:00,55.37,57.68879557046277
2018-09-06 11:15:00,59.51,57.63939705983385
2018-09-06 11:30:00,59.83,58.88734819239398
2018-09-06 11:45:00,55.69,51.93126322124876
2018-09-06 12:00:00,5.8,9.830142412516881
2018-09-06 12:15:00,5.22,6.216508683676813
2018-09-06 12:30:00,5.4,5.131121607900734
2018-09-06 12:45:00,6.12,6.717474642194203
2018-09-06 13:00:00,32.47,39.249061546155986
2018-09-06 13:15:00,61.38,56.885372166893355
2018-09-06 13:30:00,54.94,59.56948098469788
2018-09-06 13:45:00,58.21,64.50582098944007
2018-09-06 14:00:00,54.32,57.68157552947186
2018-09-06 14:15:00,57.78,58.3115870503682
2018-09-06 14:30:00,48.46,56.366363299084554
2018-09-06 14:45:00,48.46,58.78536547047323
2018-09-06 15:00:00,46.91,56.21313983199511
2018-09-06 15:15:00,53.96,57.48337071842878
2018-09-06 15:30:00,60.44,51.69058403643195
2018-09-06 15:45:00,59.9,57.37590749745643
2018-09-06 16:00:00,56.41,56.366889947400026
2018-09-06 16:15:00,57.92,56.45576334624619
2018-09-06 16:30:00,49.72,56.47100944545433
2018-09-06 16:45:00,57.89,58.33844001089038
2018-09-06 17:00:00,60.44,52.55001663451575
2018-09-06 17:15:00,59.69,55.26066574241166
2018-09-06 17:30:00,31.36,36.176275479958505
2018-09-06 17:45:00,29.2,27.880670980788096
2018-09-06 18:00:00,49.25,42.94881100366137
2018-09-06 18:15:00,58.82,48.68558790167934
2018-09-06 18:30:00,57.85,60.52407588380793
2018-09-06 18:45:00,59.83,55.20278054735885
2018-09-06 19:00:00,57.49,52.471175870803876
2018-09-06 19:15:00,49.9,53.20463368998901
2018-09-06 19:30:00,55.37,56.346862118073176
2018-09-06 19:45:00,66.89,55.939877412996005
2018-09-06 20:00:00,55.76,57.648974660297085
2018-09-06 20:15:00,70.38,64.83859427376909
2018-09-06 20:30:00,58.5,50.94304220625297
2018-09-06 20:45:00,63.5,35.60583354964365
2018-09-06 21:00:00,7.92,14.424578175557432
2018-09-06 21:15:00,3.96,26.312805609255662
2018-09-06 21:30:00,3.85,5.979221666897417
2018-09-06 21:45:00,3.78,4.019235348822394
2018-09-06 22:00:00,3.49,3.9723296902759637
2018-09-06 22:15:00,3.53,3.728447241854053
2018-09-06 22:30:00,3.53,3.5750524754719843
2018-09-06 22:45:00,4.14,3.586545349180454
2018-09-06 23:00:00,4.64,3.5107702500952436
2018-09-06 23:15:00,3.42,4.3036916900399875
2018-09-06 23:30:00,3.31,4.143690527209096
2018-09-06 23:45:00,4.79,3.353067728669332
2018-09-07 00:00:00,3.31,3.6401805215408367
2018-09-07 00:15:00,3.31,4.154710979653022
2018-09-07 00:30:00,3.35,3.43721627671572
2018-09-07 00:45:00,3.31,3.535576051897946
2018-09-07 01:00:00,3.53,3.5185463910050934
2018-09-07 01:15:00,3.67,3.445980425037194
2018-09-07 01:30:00,3.1,3.3472763008939435
2018-09-07 01:45:00,2.95,3.4779883171487187
2018-09-07 02:00:00,2.95,3.1692348253941662
2018-09-07 02:15:00,2.88,3.097553770544528
2018-09-07 02:30:00,2.92,3.110094347807449
2018-09-07 02:45:00,3.06,3.0456266304899478
2018-09-07 03:00:00,2.99,3.1295885863892883
2018-09-07 03:15:00,2.92,3.129026766969832
2018-09-07 03:30:00,2.95,3.1222855753636063
2018-09-07 03:45:00,2.99,3.0915480840432874
2018-09-07 04:00:00,3.02,3.160326077709607
2018-09-07 04:15:00,2.95,3.1222855753636063
2018-09-07 04:30:00,3.49,3.113153204518126
2018-09-07 04:45:00,3.42,3.1222855753636063
2018-09-07 05:00:00,2.99,3.390238287477835
2018-09-07 05:15:00,2.99,3.4329051092873883
2018-09-07 05:30:00,2.99,3.1649523971731597
2018-09-07 05:45:00,2.95,3.1222855753636063
2018-09-07 06:00:00,3.2,3.13246211568139
2018-09-07 06:15:00,3.56,3.1222855753636063
2018-09-07 06:30:00,3.02,3.2926567068748014
2018-09-07 06:45:00,2.99,3.319921264290572
2018-09-07 07:00:00,3.02,3.1649523971731597
2018-09-07 07:15:00,3.06,3.179268328925947
2018-09-07 07:30:00,3.2,3.256429792666059
2018-09-07 07:45:00,3.06,4.207367216469122
2018-09-07 08:00:00,35.71,33.657244674539015
2018-09-07 08:15:00,93.38,24.506301127611525
2018-09-07 08:30:00,96.44,64.02429796869677
2018-09-07 08:45:00,84.89,85.3170689319014
2018-09-07 09:00:00,107.93,89.62463320553519
2018-09-07 09:15:00,93.42,90.7439724264306
2018-09-07 09:30:00,103.9,90.30305140720975
2018-09-07 09:45:00,85.39,83.87844478122273
2018-09-07 10:00:00,107.24,82.12068438520986
2018-09-07 10:15:00,91.69,89.75262253337662
2018-09-07 10:30:00,100.15,94.28280369785193
2018-09-07 10:45:00,102.24,87.75072330607927
2018-09-07 11:00:00,101.12,83.78640121435109
2018-09-07 11:15:00,104.15,94.34503148605548
2018-09-07 11:30:00,84.92,83.11336434765407
2018-09-07 11:45:00,95.29,86.15694232950298
2018-09-07 12:00:00,3.92,4.810854394761723
2018-09-07 12:15:00,4.54,10.225047781097194
2018-09-07 12:30:00,4.28,6.3198422466923745
2018-09-07 12:45:00,4.46,6.611919961385635
2018-09-07 13:00:00,43.16,58.20085089601862
2018-09-07 13:15:00,114.37,91.32586681489735
2018-09-07 13:30:00,107.35,73.93918596600646
2018-09-07 13:45:00,95.65,91.4001900398459
2018-09-07 14:00:00,118.69,92.17629631558613
2018-09-07 14:15:00,96.34,87.25341156983028
2018-09-07 14:30:00,113.51,108.3361895411813
2018-09-07 14:45:00,63.79,99.29731619689079
2018-09-07 15:00:00,41.29,94.02902915462136
2018-09-07 15:15:00,50.36,79.04760507847354
2018-09-07 15:30:00,42.19,62.527481898142796
2018-09-07 15:45:00,51.91,64.47179655115352
2018-09-07 16:00:00,111.42,54.97870575485395
2018-09-07 16:15:00,100.73,57.77055818834445
2018-09-07 16:30:00,107.68,86.88371148266269
2018-09-07 16:45:00,89.68,84.62980443595863
2018-09-07 17:00:00,94.72,87.676762279133
2018-09-07 17:15:00,81.65,84.72382228613485
2018-09-07 17:30:00,28.84,55.452765991918234
2018-09-07 17:45:00,29.02,43.33978470046377
2018-09-07 18:00:00,52.27,50.992653998439046
2018-09-07 18:15:00,72.43,86.58470532728339
2018-09-07 18:30:00,54.97,80.95038320654696
2018-09-07 18:45:00,47.66,83.66546409349338
2018-09-07 19:00:00,48.42,60.57867116634018
2018-09-07 19:15:00,73.62,57.29586235545566
2018-09-07 19:30:00,106.96,56.72606376804676
2018-09-07 19:45:00,105.05,68.67177942681289
2018-09-07 20:00:00,97.92,83.3594174895707
2018-09-07 20:15:00,91.33,86.04845003991056
2018-09-07 20:30:00,114.98,82.61808121646136
2018-09-07 20:45:00,74.41,66.20473362876909
2018-09-07 21:00:00,13.28,49.627034118829094
2018-09-07 21:15:00,4.25,57.074712224574874
2018-09-07 21:30:00,4.21,0.8929477175135079
2018-09-07 21:45:00,4.18,4.45690731226198
2018-09-07 22:00:00,3.89,5.337010750151279
2018-09-07 22:15:00,3.89,5.452062959729352
2018-09-07 22:30:00,3.78,3.8434464453642225
2018-09-07 22:45:00,3.71,3.917347250383784
2018-09-07 23:00:00,3.71,3.573674488971016
2018-09-07 23:15:00,3.64,3.6691594460663723
2018-09-07 23:30:00,3.85,3.6515628664537356
2018-09-07 23:45:00,3.02,3.440946287077464
2018-09-08 00:00:00,3.64,3.973616445529078
2018-09-08 00:15:00,3.1,3.367617277451575
2018-09-08 00:30:00,3.1,3.6692207555987495
2018-09-08 00:45:00,2.99,3.3201151184273163
2018-09-08 01:00:00,3.17,3.2849606884986637
2018-09-08 01:15:00,3.06,3.0447072074927863
2018-09-08 01:30:00,3.1,3.2988108405639283
2018-09-08 01:45:00,3.02,3.0753105415015765
2018-09-08 02:00:00,3.02,3.0962457281383697
2018-09-08 02:15:00,3.1,3.095206883932083
2018-09-08 02:30:00,3.17,3.0975709208772204
2018-09-08 02:45:00,3.1,3.1307332102295953
2018-09-08 03:00:00,3.1,3.340348255750974
2018-09-08 03:15:00,3.31,3.1617929932707645
2018-09-08 03:30:00,3.6,3.1467184689623076
2018-09-08 03:45:00,3.17,3.38789140086539
2018-09-08 04:00:00,3.17,3.450448954841281
2018-09-08 04:15:00,3.17,3.3766325684192986
2018-09-08 04:30:00,3.13,3.349040270918202
2018-09-08 04:45:00,3.2,3.349040270918202
2018-09-08 05:00:00,3.78,3.1719695335885483
2018-09-08 05:15:00,3.49,3.349040270918202
2018-09-08 05:30:00,3.13,3.5428558131173395
2018-09-08 05:45:00,3.17,3.4305582226749434
2018-09-08 06:00:00,3.13,3.189385290771861
2018-09-08 06:15:00,3.13,3.3112836564067663
2018-09-08 06:30:00,3.2,3.1719695335885483
2018-09-08 06:45:00,3.78,3.1719695335885483
2018-09-08 07:00:00,3.28,3.3112836564067663
2018-09-08 07:15:00,3.24,3.5203463310199132
2018-09-08 07:30:00,3.24,4.05060021818376
2018-09-08 07:45:00,3.02,5.074251805523238
2018-09-08 08:00:00,25.56,26.013627614547183
2018-09-08 08:15:00,32.83,13.546627533880468
2018-09-08 08:30:00,32.58,39.37502099108712
2018-09-08 08:45:00,33.01,37.63849222486868
2018-09-08 09:00:00,33.08,35.86638241077569
2018-09-08 09:15:00,32.87,37.75532375787875
2018-09-08 09:30:00,47.81,35.03934961903166
2018-09-08 09:45:00,33.16,34.818742446176955
2018-09-08 10:00:00,41.18,49.434225755463956
2018-09-08 10:15:00,50.47,35.02558033217919
2018-09-08 10:30:00,34.7,41.758532134327176
2018-09-08 10:45:00,51.73,50.63581004022923
2018-09-08 11:00:00,39.49,36.57485547578504
2018-09-08 11:15:00,33.7,54.9873687459176
2018-09-08 11:30:00,40.25,39.54703714652761
2018-09-08 11:45:00,17.71,23.472862424440102
2018-09-08 12:00:00,3.24,8.215587983108286
2018-09-08 12:15:00,3.31,9.015017540009046
2018-09-08 12:30:00,3.31,7.185992655935058
2018-09-08 12:45:00,3.28,5.315201629841073
2018-09-08 13:00:00,19.37,22.07786772244912
2018-09-08 13:15:00,40.39,28.81768705779508
2018-09-08 13:30:00,33.91,34.151897770213374
2018-09-08 13:45:00,32.69,41.35242775853556
2018-09-08 14:00:00,36.07,35.65504829673918
2018-09-08 14:15:00,52.6,34.581234586422774
2018-09-08 14:30:00,48.6,34.547680522516856
2018-09-08 14:45:00,34.81,54.58433780070139
2018-09-08 15:00:00,35.24,47.37681305199896
2018-09-08 15:15:00,34.7,35.24061695135934
2018-09-08 15:30:00,53.06,34.40794265694705
2018-09-08 15:45:00,49.46,34.912702142641216
2018-09-08 16:00:00,32.51,53.9044974530446
2018-09-08 16:15:00,32.98,47.58438004896733
2018-09-08 16:30:00,41.72,30.79036686077855
2018-09-08 16:45:00,18.18,21.277386493003643
2018-09-08 17:00:00,3.89,22.09288773529543
2018-09-08 17:15:00,3.71,1.7932434303795144
2018-09-08 17:30:00,3.67,3.356423226514084
2018-09-08 17:45:00,3.56,3.1622356373335645
2018-09-08 18:00:00,3.46,3.454170276573987
2018-09-08 18:15:00,3.49,3.562150328319436
2018-09-08 18:30:00,3.53,3.6315364313339074
2018-09-08 18:45:00,3.56,3.5991807615046896
2018-09-08 19:00:00,3.56,3.5798101619731857
2018-09-08 19:15:00,3.24,3.408619820432993
2018-09-08 19:30:00,3.42,3.4202336082106712
2018-09-08 19:45:00,3.31,3.449780748059959
2018-09-08 20:00:00,2.99,3.449780748059959
2018-09-08 20:15:00,2.99,3.430410148528455
2018-09-08 20:30:00,2.95,3.1503430709036286
2018-09-08 20:45:00,2.95,3.0335669346210206
2018-09-08 21:00:00,2.99,2.995504493985422
2018-09-08 21:15:00,2.99,3.028707262760979
2018-09-08 21:30:00,3.06,3.028707262760979
2018-09-08 21:45:00,3.1,3.0447533640427684
2018-09-08 22:00:00,2.81,3.0447533640427684
2018-09-08 22:15:00,2.84,3.0785062153041753
2018-09-08 22:30:00,2.84,3.006967975142883
2018-09-08 22:45:00,2.84,3.006967975142883
2018-09-08 23:00:00,2.88,2.975668664403108
2018-09-08 23:15:00,3.31,2.975668664403108
2018-09-08 23:30:00,2.84,2.975668664403108
2018-09-08 23:45:00,2.77,3.3173245885163474
2018-09-09 00:00:00,3.38,3.018425513141263
2018-09-09 00:15:00,2.77,3.0030111489144202
2018-09-09 00:30:00,2.84,3.3133677622878848
2018-09-09 00:45:00,2.81,3.0121218003003554
2018-09-09 01:00:00,2.77,3.0030111489144202
2018-09-09 01:15:00,2.77,2.859156382560202
2018-09-09 01:30:00,2.81,2.933911103915219
2018-09-09 01:45:00,2.81,2.859156382560202
2018-09-09 02:00:00,2.84,2.9276073910743112
2018-09-09 02:15:00,2.84,3.0017867424872517
2018-09-09 02:30:00,2.84,2.900843396840341
2018-09-09 02:45:00,2.84,2.900843396840341
2018-09-09 03:00:00,3.13,3.005571233331957
2018-09-09 03:15:00,3.13,3.005571233331957
2018-09-09 03:30:00,2.95,3.1086336739894973
2018-09-09 03:45:00,2.84,3.123708198297954
2018-09-09 04:00:00,2.84,3.12232841699063
2018-09-09 04:15:00,3.17,3.036870544071732
2018-09-09 04:30:00,3.42,3.030971232235779
2018-09-09 04:45:00,2.92,3.295880951636935
2018-09-09 05:00:00,2.92,3.3648811302010366
2018-09-09 05:15:00,2.88,3.128315594016888
2018-09-09 05:30:00,2.84,3.0856487722073345
2018-09-09 05:45:00,2.81,3.0401036030812594
2018-09-09 06:00:00,2.84,3.030971232235779
2018-09-09 06:15:00,3.17,3.005571233331957
2018-09-09 06:30:00,3.13,3.0147036041774373
2018-09-09 06:45:00,2.81,3.2672567079709793
2018-09-09 07:00:00,2.92,3.1328405691434345
2018-09-09 07:15:00,2.92,3.11806019278801
2018-09-09 07:30:00,3.06,3.4803132134138477
2018-09-09 07:45:00,3.06,3.8345141021543117
2018-09-09 08:00:00,3.74,10.463753274021098
2018-09-09 08:15:00,5.76,8.362376631130225
2018-09-09 08:30:00,8.53,11.662807979473275
2018-09-09 08:45:00,10.55,9.24630396219407
2018-09-09 09:00:00,10.22,19.9634921787803
2018-09-09 09:15:00,10.98,22.91780490088369
2018-09-09 09:30:00,11.45,21.163915136178744
2018-09-09 09:45:00,10.58,20.399110199889858
2018-09-09 10:00:00,11.09,19.93662068118898
2018-09-09 10:15:00,10.44,19.779149009310878
2018-09-09 10:30:00,7.67,20.345271066681242
2018-09-09 10:45:00,9.11,19.98358687579372
2018-09-09 11:00:00,20.66,18.29214310656324
2018-09-09 11:15:00,25.78,16.78005570964333
2018-09-09 11:30:00,20.99,21.98830497720978
2018-09-09 11:45:00,4.07,17.487205805869618
2018-09-09 12:00:00,4.07,11.518801405046032
2018-09-09 12:15:00,4.07,3.70701981298465
2018-09-09 12:30:00,4.1,3.673831743314136
2018-09-09 12:45:00,4.1,4.2429995144242065
2018-09-09 13:00:00,4.1,8.694955546224124
2018-09-09 13:15:00,21.1,14.919334225855588
2018-09-09 13:30:00,28.76,8.231058399646283
2018-09-09 13:45:00,29.48,21.99839188354579
2018-09-09 14:00:00,29.59,28.206170696744845
2018-09-09 14:15:00,27.36,32.35039568014571
2018-09-09 14:30:00,25.42,31.11349269998499
2018-09-09 14:45:00,25.52,22.096914215397998
2018-09-09 15:00:00,23.9,22.099868599274473
2018-09-09 15:15:00,23.26,21.983893957246597
2018-09-09 15:30:00,23.65,21.921509786006975
2018-09-09 15:45:00,17.71,19.450319605623786
2018-09-09 16:00:00,4.25,19.05576065730631
2018-09-09 16:15:00,4.5,8.280429233223144
2018-09-09 16:30:00,5.18,3.6489579264306737
2018-09-09 16:45:00,6.26,3.6717183119542067
2018-09-09 17:00:00,3.85,4.837510154869995
2018-09-09 17:15:00,3.67,6.4383254721419805
2018-09-09 17:30:00,3.64,3.337712617679772
2018-09-09 17:45:00,3.64,3.108267843705406
2018-09-09 18:00:00,3.49,3.3249449362933237
2018-09-09 18:15:00,3.53,3.5330157916433005
2018-09-09 18:30:00,3.49,3.5505281065531857
2018-09-09 18:45:00,2.99,3.518172436723968
2018-09-09 19:00:00,2.95,3.518172436723968
2018-09-09 19:15:00,2.95,3.1526899575160736
2018-09-09 19:30:00,2.99,3.1122799953903635
2018-09-09 19:45:00,2.99,3.1122799953903635
2018-09-09 20:00:00,2.95,3.1122799953903635
2018-09-09 20:15:00,2.99,3.119889124456756
2018-09-09 20:30:00,2.95,3.119889124456756
2018-09-09 20:45:00,2.95,3.0577041493289276
2018-09-09 21:00:00,2.99,2.997851380597867
2018-09-09 21:15:00,3.02,3.031054149373424
2018-09-09 21:30:00,2.99,3.031054149373424
2018-09-09 21:45:00,2.95,3.0471002506552134
2018-09-09 22:00:00,3.74,3.0471002506552134
2018-09-09 22:15:00,4.03,3.0471002506552134
2018-09-09 22:30:00,2.77,3.4816828021233426
2018-09-09 22:45:00,2.88,3.889607902592269
2018-09-09 23:00:00,2.77,3.049724823881038
2018-09-09 23:15:00,2.77,3.009314861755328
2018-09-09 23:30:00,2.74,3.0039171608578865
2018-09-09 23:45:00,2.56,3.0039171608578865
2018-09-10 00:00:00,2.77,2.919830387936786
2018-09-10 00:15:00,2.88,3.002196882745873
2018-09-10 00:30:00,2.77,2.919830387936786
2018-09-10 00:45:00,2.77,2.9135266750958784
2018-09-10 01:00:00,2.84,2.901843024487145
2018-09-10 01:15:00,2.81,2.8843662758832154
2018-09-10 01:30:00,2.77,2.8833377142905223
2018-09-10 01:45:00,3.28,2.9517887228046313
2018-09-10 02:00:00,3.02,2.8833377142905223
2018-09-10 02:15:00,2.81,3.268028494676257
2018-09-10 02:30:00,2.81,3.167203439794857
2018-09-10 02:45:00,2.81,3.0474283972256235
2018-09-10 03:00:00,3.38,2.958148894214959
2018-09-10 03:15:00,3.35,3.029752565062277
2018-09-10 03:30:00,2.81,3.3739879376229
2018-09-10 03:45:00,2.84,3.4166547594324532
2018-09-10 04:00:00,2.81,3.09932448518199
2018-09-10 04:15:00,2.77,3.0642849348115795
2018-09-10 04:30:00,2.84,3.029752565062277
2018-09-10 04:45:00,2.88,3.029752565062277
2018-09-10 05:00:00,2.84,3.029752565062277
2018-09-10 05:15:00,2.81,3.0388849359077574
2018-09-10 05:30:00,3.35,3.0388849359077574
2018-09-10 05:45:00,2.95,2.932748895311137
2018-09-10 06:00:00,2.7,3.3739879376229
2018-09-10 06:15:00,2.77,3.1487020473182246
2018-09-10 06:30:00,2.74,3.0551525639660992
2018-09-10 06:45:00,2.74,3.0551525639660992
2018-09-10 07:00:00,2.74,3.0739840106700527
2018-09-10 07:15:00,3.02,3.1309667642323933
2018-09-10 07:30:00,3.17,2.99850723092116
2018-09-10 07:45:00,3.2,4.097961558249365
2018-09-10 08:00:00,15.44,29.305035846039374
2018-09-10 08:15:00,80.21,49.0839700902097
2018-09-10 08:30:00,58.28,50.2907513128537
2018-09-10 08:45:00,50.11,78.08332987068461
2018-09-10 09:00:00,46.66,64.32278834991602
2018-09-10 09:15:00,57.06,58.424140963194624
2018-09-10 09:30:00,58.46,51.65374710357378
2018-09-10 09:45:00,48.96,54.14835027511783
2018-09-10 10:00:00,55.66,55.12922451827201
2018-09-10 10:15:00,46.04,55.38484494088333
2018-09-10 10:30:00,56.12,60.46286840858891
2018-09-10 10:45:00,56.74,53.119534286842
2018-09-10 11:00:00,51.08,60.01508785308016
2018-09-10 11:15:00,56.7,58.86942650108926
2018-09-10 11:30:00,54.79,55.06065325048954
2018-09-10 11:45:00,59.08,54.12549939796025
2018-09-10 12:00:00,4.79,8.296085690962515
2018-09-10 12:15:00,4.57,7.256540178234093
2018-09-10 12:30:00,3.92,5.421852822955913
2018-09-10 12:45:00,3.82,6.97563450315757
2018-09-10 13:00:00,58.32,33.798410611999216
2018-09-10 13:15:00,108.07,51.52101027385616
2018-09-10 13:30:00,89.75,72.35404308543134
2018-09-10 13:45:00,103.46,83.80325845627954
2018-09-10 14:00:00,116.68,85.92635481555287
2018-09-10 14:15:00,63.65,80.32873569182613
2018-09-10 14:30:00,108.32,96.49315239106932
2018-09-10 14:45:00,104.08,80.11223065462919
2018-09-10 15:00:00,73.33,83.53047211520641
2018-09-10 15:15:00,109.87,93.12471660141347
2018-09-10 15:30:00,87.7,93.9929364363793
2018-09-10 15:45:00,101.95,88.52769419549644
2018-09-10 16:00:00,122.54,92.17032664348972
2018-09-10 16:15:00,92.23,85.2627510241344
2018-09-10 16:30:00,106.06,95.56008288987464
2018-09-10 16:45:00,120.46,93.62314703273738
2018-09-10 17:00:00,82.44,91.33169726087512
2018-09-10 17:15:00,121.46,95.72633029038394
2018-09-10 17:30:00,108.14,52.02294851542608
2018-09-10 17:45:00,47.45,49.29597338827558
2018-09-10 18:00:00,14.94,72.8736102867199
2018-09-10 18:15:00,3.82,84.93395106674947
2018-09-10 18:30:00,3.82,24.622687396142187
2018-09-10 18:45:00,3.46,11.361297160863954
2018-09-10 19:00:00,3.46,8.009991102956498
2018-09-10 19:15:00,3.49,3.4197671489829116
2018-09-10 19:30:00,3.53,1.2786480218417455
2018-09-10 19:45:00,3.49,5.456909632874886
2018-09-10 20:00:00,3.46,3.745819227286943
2018-09-10 20:15:00,3.42,3.235006059827406
2018-09-10 20:30:00,3.49,3.4289182711370985
2018-09-10 20:45:00,3.49,3.263015111708548
2018-09-10 21:00:00,3.53,3.989110505836679
2018-09-10 21:15:00,3.53,3.248259809432167
2018-09-10 21:30:00,4.1,2.3395267512898528
2018-09-10 21:45:00,4.64,3.3805283591689825
2018-09-10 22:00:00,2.92,4.104162000096019
2018-09-10 22:15:00,2.66,4.301256490489091
2018-09-10 22:30:00,2.63,3.1099177593780323
2018-09-10 22:45:00,2.7,3.132636956262535
2018-09-10 23:00:00,2.63,3.0436727338034317
2018-09-10 23:15:00,2.59,3.0280984925882066
2018-09-10 23:30:00,2.52,3.002196882745873
2018-09-10 23:45:00,2.95,2.9081467373280527
2018-09-11 00:00:00,2.56,3.7132386733971012
2018-09-11 00:15:00,2.63,2.969735583816466
2018-09-11 00:30:00,2.56,2.901843024487145
2018-09-11 00:45:00,2.63,3.2644376428072586
2018-09-11 01:00:00,2.66,2.901843024487145
2018-09-11 01:15:00,2.63,2.9517887228046313
2018-09-11 01:30:00,3.17,2.8843662758832154
2018-09-11 01:45:00,2.92,2.9224067782292162
2018-09-11 02:00:00,2.59,3.2164407609277186
2018-09-11 02:15:00,2.56,2.637833110529348
2018-09-11 02:30:00,3.2,2.923777114849856
2018-09-11 02:45:00,2.88,2.923777114849856
2018-09-11 03:00:00,2.56,3.3264447925084837
2018-09-11 03:15:00,2.66,3.044827089370734
2018-09-11 03:30:00,2.59,2.931501281590332
2018-09-11 03:45:00,2.66,2.922860924971133
2018-09-11 04:00:00,2.56,3.0388849359077574
2018-09-11 04:15:00,2.56,3.029752565062277
2018-09-11 04:30:00,2.59,2.913728554125653
2018-09-11 04:45:00,2.63,2.922860924971133
2018-09-11 05:00:00,2.56,2.913728554125653
2018-09-11 05:15:00,2.59,2.913728554125653
2018-09-11 05:30:00,2.56,2.913728554125653
2018-09-11 05:45:00,2.95,2.913728554125653
2018-09-11 06:00:00,3.02,2.913728554125653
2018-09-11 06:15:00,2.63,2.6612202442816857
2018-09-11 06:30:00,2.56,2.6612202442816857
2018-09-11 06:45:00,2.52,3.276323172445766
2018-09-11 07:00:00,2.81,3.3205546180535417
2018-09-11 07:15:00,3.06,3.0816325666796356
2018-09-11 07:30:00,2.99,3.686476213018435
2018-09-11 07:45:00,3.13,3.680860492726515
2018-09-11 08:00:00,52.38,22.25971388262923
2018-09-11 08:15:00,106.52,31.622890123388817
2018-09-11 08:30:00,102.46,76.43051738249288
2018-09-11 08:45:00,93.92,82.75486135373743
2018-09-11 09:00:00,115.13,80.15264722454182
2018-09-11 09:15:00,106.7,86.80721177671342
2018-09-11 09:30:00,67.93,102.11685053724224
2018-09-11 09:45:00,86.15,94.65412042235423
2018-09-11 10:00:00,125.46,76.98513409416321
2018-09-11 10:15:00,95.15,82.54379441134978
2018-09-11 10:30:00,77.69,92.97643602826278
2018-09-11 10:45:00,107.14,92.2277838379207
2018-09-11 11:00:00,109.58,87.98585658426234
2018-09-11 11:15:00,90.25,94.47350969431422
2018-09-11 11:30:00,122.11,92.01928634931518
2018-09-11 11:45:00,114.84,81.39032231846753
2018-09-11 12:00:00,7.56,2.836418811058902
2018-09-11 12:15:00,7.42,11.022652911653608
2018-09-11 12:30:00,6.84,2.2725559266275313
2018-09-11 12:45:00,6.16,14.29539626396975
2018-09-11 13:00:00,55.69,77.48375434159773
2018-09-11 13:15:00,96.84,100.90771067781208
2018-09-11 13:30:00,122.94,83.48904773989618
2018-09-11 13:45:00,125.89,90.4280613353058
2018-09-11 14:00:00,62.78,104.14516689320561
2018-09-11 14:15:00,59.54,92.75328367336733
2018-09-11 14:30:00,64.98,83.7854276629664
2018-09-11 14:45:00,53.64,71.46450557024913
2018-09-11 15:00:00,62.57,69.84333051396307
2018-09-11 15:15:00,58.07,61.05630344553932
2018-09-11 15:30:00,70.16,63.50918607630542
2018-09-11 15:45:00,106.67,55.10981018645451
2018-09-11 16:00:00,73.44,66.34064891013736
2018-09-11 16:15:00,115.34,87.49532277709119
2018-09-11 16:30:00,99.11,78.68391893842643
2018-09-11 16:45:00,122.76,88.58391757032776
2018-09-11 17:00:00,118.84,92.80784511468153
2018-09-11 17:15:00,75.82,93.32910899631909
2018-09-11 17:30:00,62.42,56.943803631426654
2018-09-11 17:45:00,28.37,59.13383145101662
2018-09-11 18:00:00,35.21,79.07154276058773
2018-09-11 18:15:00,38.16,60.36284979878094
2018-09-11 18:30:00,33.62,65.48394144536717
2018-09-11 18:45:00,34.81,54.19590765910281
2018-09-11 19:00:00,37.26,39.70662557030034
2018-09-11 19:15:00,37.76,43.41377818184265
2018-09-11 19:30:00,37.58,43.406090090020534
2018-09-11 19:45:00,32.15,41.78605639719338
2018-09-11 20:00:00,37.33,44.92530416550616
2018-09-11 20:15:00,38.52,37.08179159451604
2018-09-11 20:30:00,34.02,39.52192413074247
2018-09-11 20:45:00,14.72,27.29378612381771
2018-09-11 21:00:00,6.52,29.715551479952254
2018-09-11 21:15:00,4.0,3.585162899461927
2018-09-11 21:30:00,3.89,3.6939848223851857
2018-09-11 21:45:00,3.82,4.272467221671133
2018-09-11 22:00:00,3.6,3.9598021520797797
2018-09-11 22:15:00,3.6,3.7195176968122645
2018-09-11 22:30:00,4.18,3.524979064345468
2018-09-11 22:45:00,4.72,3.524979064345468
2018-09-11 23:00:00,3.53,4.235861027063159
2018-09-11 23:15:00,3.49,4.323565593790073
2018-09-11 23:30:00,3.06,3.4538233599804635
2018-09-11 23:45:00,3.35,3.964983565105427
2018-09-12 00:00:00,2.92,3.1816514449039293
2018-09-12 00:15:00,2.95,3.4213085604030455
2018-09-12 00:30:00,2.92,3.1537928244126987
2018-09-12 00:45:00,2.92,3.141241482778219
2018-09-12 01:00:00,2.95,3.155754003308297
2018-09-12 01:15:00,2.92,3.043376805344321
2018-09-12 01:30:00,2.95,3.089021095219728
2018-09-12 01:45:00,2.99,3.0231219723824965
2018-09-12 02:00:00,2.88,3.050980592873727
2018-09-12 02:15:00,2.95,3.1217351022748483
2018-09-12 02:30:00,2.92,3.059631421902484
2018-09-12 02:45:00,2.92,3.1621396415659864
2018-09-12 03:00:00,2.99,3.1224706073798334
2018-09-12 03:15:00,3.2,3.1157294157736075
2018-09-12 03:30:00,4.32,3.1464669070939264
2018-09-12 03:45:00,3.38,3.3604939649525103
2018-09-12 04:00:00,2.95,4.328984199373826
2018-09-12 04:15:00,2.92,3.4420547583362753
2018-09-12 04:30:00,2.99,3.18913372890348
2018-09-12 04:45:00,2.92,3.1098301039376546
2018-09-12 05:00:00,2.92,3.142782337655073
2018-09-12 05:15:00,2.92,3.1157294157736075
2018-09-12 05:30:00,2.88,3.1098301039376546
2018-09-12 05:45:00,2.88,3.2787013944906813
2018-09-12 06:00:00,2.92,3.0701842466475324
2018-09-12 06:15:00,2.92,3.0642849348115795
2018-09-12 06:30:00,2.88,3.0844301050338325
2018-09-12 06:45:00,2.84,3.0844301050338325
2018-09-12 07:00:00,2.88,3.108516380419355
2018-09-12 07:15:00,3.02,3.1713984458176485
2018-09-12 07:30:00,3.31,3.4932126944251665
2018-09-12 07:45:00,4.75,4.53326505802141
2018-09-12 08:00:00,58.07,40.2730815659187
2018-09-12 08:15:00,126.25,64.03913328713587
2018-09-12 08:30:00,87.91,78.43494716055297
2018-09-12 08:45:00,54.54,93.55163373484763
2018-09-12 09:00:00,54.25,93.50009970855524
2018-09-12 09:15:00,41.69,82.20033247625699
2018-09-12 09:30:00,52.78,65.42267045946737
2018-09-12 09:45:00,59.33,45.6527949082063
2018-09-12 10:00:00,47.84,58.22428015284872
2018-09-12 10:15:00,46.15,58.60825065839157
2018-09-12 10:30:00,49.03,54.724200335372075
2018-09-12 10:45:00,55.44,55.54865391996834
2018-09-12 11:00:00,67.0,57.32421970590807
2018-09-12 11:15:00,54.36,59.13607689895454
2018-09-12 11:30:00,59.33,59.12140903748525
2018-09-12 11:45:00,44.35,52.67502084290708
2018-09-12 12:00:00,4.43,10.352287318396137
2018-09-12 12:15:00,5.18,7.664944718015354
2018-09-12 12:30:00,4.5,8.288942768112431
2018-09-12 12:45:00,5.11,5.677279085379982
2018-09-12 13:00:00,38.23,35.81457360490765
2018-09-12 13:15:00,64.22,55.043882207630006
2018-09-12 13:30:00,62.42,60.62614580934771
2018-09-12 13:45:00,66.53,67.48292881998887
2018-09-12 14:00:00,91.51,59.757021097841395
2018-09-12 14:15:00,66.02,65.15736996469616
2018-09-12 14:30:00,76.82,79.44082655008222
2018-09-12 14:45:00,115.7,73.29491769418607
2018-09-12 15:00:00,77.44,70.47159086943108
2018-09-12 15:15:00,99.68,92.96234492208302
2018-09-12 15:30:00,120.13,89.74705004315042
2018-09-12 15:45:00,87.52,83.12815194020065
2018-09-12 16:00:00,53.75,90.77619730416485
2018-09-12 16:15:00,57.49,87.37763530934171
2018-09-12 16:30:00,58.39,79.89955169480227
2018-09-12 16:45:00,58.39,75.83138798366157
2018-09-12 17:00:00,58.39,61.48976635250918
2018-09-12 17:15:00,43.49,55.11684687116653
2018-09-12 17:30:00,29.09,39.16711189427951
2018-09-12 17:45:00,27.32,32.16402216511671
2018-09-12 18:00:00,43.45,32.56091185079017
2018-09-12 18:15:00,55.76,35.65004435427646
2018-09-12 18:30:00,51.8,47.90748904919154
2018-09-12 18:45:00,44.14,54.161919598987865
2018-09-12 19:00:00,58.5,54.78510237510745
2018-09-12 19:15:00,44.6,47.03284620771972
2018-09-12 19:30:00,49.5,56.003548592960925
2018-09-12 19:45:00,56.09,46.35158761117175
2018-09-12 20:00:00,40.39,51.38786778315843
2018-09-12 20:15:00,43.31,53.42144832936242
2018-09-12 20:30:00,32.51,38.92602203368846
2018-09-12 20:45:00,13.82,20.90211694505983
2018-09-12 21:00:00,5.54,17.57534233522716
2018-09-12 21:15:00,3.82,5.994113771559229
2018-09-12 21:30:00,3.64,4.370603325132996
2018-09-12 21:45:00,3.64,3.7103114313320495
2018-09-12 22:00:00,3.46,3.594373375061323
2018-09-12 22:15:00,3.49,3.4615527882419714
2018-09-12 22:30:00,3.38,3.4135105725567163
2018-09-12 22:45:00,3.35,3.474643385352879
2018-09-12 23:00:00,3.35,3.474643385352879
2018-09-12 23:15:00,3.35,3.6059973891128783
2018-09-12 23:30:00,3.31,3.396194094171453
2018-09-12 23:45:00,4.28,3.4220957040137865
2018-09-13 00:00:00,3.06,3.3350612813752902
2018-09-13 00:15:00,2.74,4.314883407759835
2018-09-13 00:30:00,2.74,3.1161270165466264
2018-09-13 00:45:00,2.77,3.0537510264474723
2018-09-13 01:00:00,2.7,3.0537510264474723
2018-09-13 01:15:00,2.77,2.988523808925147
2018-09-13 01:30:00,2.77,2.958092435645539
2018-09-13 01:45:00,2.66,2.890669988724123
2018-09-13 02:00:00,2.99,2.958942739587765
2018-09-13 02:15:00,3.38,2.930387974483869
2018-09-13 02:30:00,2.99,2.9704721047026785
2018-09-13 02:45:00,2.77,3.26382766714362
2018-09-13 03:00:00,2.74,3.0829976883068593
2018-09-13 03:15:00,2.74,2.945027864865428
2018-09-13 03:30:00,2.7,3.061051875802052
2018-09-13 03:45:00,2.81,3.029752565062277
2018-09-13 04:00:00,3.17,3.067793067408278
2018-09-13 04:15:00,3.38,2.941881266156617
2018-09-13 04:30:00,2.81,3.213170643276111
2018-09-13 04:45:00,2.77,3.2821708218402126
2018-09-13 05:00:00,2.84,2.9817953748390282
2018-09-13 05:15:00,2.81,2.778671121038317
2018-09-13 05:30:00,2.84,3.029752565062277
2018-09-13 05:45:00,2.77,3.029752565062277
2018-09-13 06:00:00,2.74,3.029752565062277
2018-09-13 06:15:00,2.81,2.941881266156617
2018-09-13 06:30:00,2.77,3.0388849359077574
2018-09-13 06:45:00,2.7,3.029752565062277
2018-09-13 07:00:00,2.81,3.0739840106700527
2018-09-13 07:15:00,2.81,2.9417759841612363
2018-09-13 07:30:00,3.6,2.99850723092116
2018-09-13 07:45:00,4.61,4.6213377846677615
2018-09-13 08:00:00,35.75,37.720829541338695
2018-09-13 08:15:00,52.78,65.6435945158733
2018-09-13 08:30:00,47.95,60.696239343108424
2018-09-13 08:45:00,90.79,64.39072979128198
2018-09-13 09:00:00,108.72,57.30994442441351
2018-09-13 09:15:00,105.52,81.59659660412794
2018-09-13 09:30:00,59.51,87.38811777669481
2018-09-13 09:45:00,116.64,84.41917159631103
2018-09-13 10:00:00,123.55,67.08982896315506
2018-09-13 10:15:00,78.44,89.66861527813555
2018-09-13 10:30:00,51.8,94.76023110780986
2018-09-13 10:45:00,53.6,89.28006343031305
2018-09-13 11:00:00,50.33,74.74384889693455
2018-09-13 11:15:00,51.01,72.39558472611866
2018-09-13 11:30:00,56.45,57.5232691579888
2018-09-13 11:45:00,56.09,48.64939658006437
2018-09-13 12:00:00,7.31,11.200254453448341
2018-09-13 12:15:00,4.43,6.952912668769377
2018-09-13 12:30:00,4.5,6.484173944094208
2018-09-13 12:45:00,5.08,6.228063044272047
2018-09-13 13:00:00,40.25,37.52820362113263
2018-09-13 13:15:00,60.48,57.61833977477122
2018-09-13 13:30:00,58.18,62.60602106488631
2018-09-13 13:45:00,65.99,58.1745760881849
2018-09-13 14:00:00,59.8,58.36145623096126
2018-09-13 14:15:00,51.44,66.4739091635569
2018-09-13 14:30:00,61.81,59.45342971132258
2018-09-13 14:45:00,67.9,59.08199212514223
2018-09-13 15:00:00,109.01,61.57892338035209
2018-09-13 15:15:00,99.72,62.0013785850179
2018-09-13 15:30:00,68.0,89.4759883656176
2018-09-13 15:45:00,101.02,95.30760300497037
2018-09-13 16:00:00,122.87,79.3035918392691
2018-09-13 16:15:00,74.56,79.66537448603846
2018-09-13 16:30:00,49.32,101.33596686384229
2018-09-13 16:45:00,58.68,86.85191833440084
2018-09-13 17:00:00,54.4,70.63484235720416
2018-09-13 17:15:00,57.74,69.27524766356905
2018-09-13 17:30:00,32.69,49.98330283156412
2018-09-13 17:45:00,31.97,30.844205005746655
2018-09-13 18:00:00,41.22,42.76622074739904
2018-09-13 18:15:00,50.65,58.04087137793239
2018-09-13 18:30:00,46.3,54.53989074443481
2018-09-13 18:45:00,57.17,53.064838374690844
2018-09-13 19:00:00,54.76,48.822864073452976
2018-09-13 19:15:00,49.1,56.494729147663975
2018-09-13 19:30:00,46.8,56.762255667267645
2018-09-13 19:45:00,40.79,51.173588538132755
2018-09-13 20:00:00,47.95,52.985965873480055
2018-09-13 20:15:00,69.16,49.65620504233863
2018-09-13 20:30:00,49.82,46.0412549041337
2018-09-13 20:45:00,19.98,28.28952695875062
2018-09-13 21:00:00,5.04,11.736324845360656
2018-09-13 21:15:00,4.93,1.1802072449472647
2018-09-13 21:30:00,4.86,5.805619501496105
2018-09-13 21:45:00,4.79,4.9087571324786925
2018-09-13 22:00:00,4.46,3.9935745651494945
2018-09-13 22:15:00,4.46,4.325443376707181
2018-09-13 22:30:00,4.43,4.251772546437757
2018-09-13 22:45:00,4.28,4.309624015780739
2018-09-13 23:00:00,4.28,4.35327345281382
2018-09-13 23:15:00,4.32,4.294641960904154
2018-09-13 23:30:00,4.28,4.404885648694607
2018-09-13 23:45:00,2.66,4.249444905606899
2018-09-14 00:00:00,4.28,4.264886392391549
2018-09-14 00:15:00,4.25,3.1861941582983495
2018-09-14 00:30:00,3.89,4.341984587714834
2018-09-14 00:45:00,3.28,4.801512216189917
2018-09-14 01:00:00,3.24,3.846038470705437
2018-09-14 01:15:00,3.53,4.249917650930328
2018-09-14 01:30:00,4.36,3.445980425037194
2018-09-14 01:45:00,3.31,3.4637660944213704
2018-09-14 02:00:00,3.35,4.983855168766101
2018-09-14 02:15:00,3.31,3.526010361279519
2018-09-14 02:30:00,3.31,3.5283743982246563
2018-09-14 02:45:00,3.24,3.4651368932184607
2018-09-14 03:00:00,3.28,3.4875046610924016
2018-09-14 03:15:00,3.28,3.470945611633389
2018-09-14 03:30:00,3.35,3.470945611633389
2018-09-14 03:45:00,3.31,3.633917590350463
2018-09-14 04:00:00,3.89,3.5925689955849562
2018-09-14 04:15:00,4.07,3.470945611633389
2018-09-14 04:30:00,3.31,3.8405518531640905
2018-09-14 04:45:00,3.31,4.274900840467698
2018-09-14 05:00:00,3.35,3.4329051092873883
2018-09-14 05:15:00,3.35,3.4329051092873883
2018-09-14 05:30:00,3.64,3.443081649605172
2018-09-14 05:45:00,4.28,3.481122151951173
2018-09-14 06:00:00,3.67,3.452795841453726
2018-09-14 06:15:00,3.24,4.095431257606734
2018-09-14 06:30:00,3.31,3.493302761571114
2018-09-14 06:45:00,3.24,3.3534128736276214
2018-09-14 07:00:00,3.28,3.3635894139454052
2018-09-14 07:15:00,3.49,3.420572167507746
2018-09-14 07:30:00,3.71,4.069359187781832
2018-09-14 07:45:00,4.82,5.368106093227134
2018-09-14 08:00:00,33.34,44.62363630810289
2018-09-14 08:15:00,50.9,71.86849941517335
2018-09-14 08:30:00,63.58,62.80733582634628
2018-09-14 08:45:00,49.32,64.20562673124522
2018-09-14 09:00:00,47.41,67.7723990790058
2018-09-14 09:15:00,61.2,57.14220985254552
2018-09-14 09:30:00,45.79,53.969479140186166
2018-09-14 09:45:00,39.6,57.185703633378694
2018-09-14 10:00:00,41.18,51.81771363040243
2018-09-14 10:15:00,52.06,47.040065663161485
2018-09-14 10:30:00,55.19,46.36185044750533
2018-09-14 10:45:00,50.4,58.83431986778355
2018-09-14 11:00:00,56.05,57.62474408148123
2018-09-14 11:15:00,55.4,56.033560030633694
2018-09-14 11:30:00,64.48,58.03321106998542
2018-09-14 11:45:00,63.4,50.470562168711254
2018-09-14 12:00:00,13.46,8.49295205492418
2018-09-14 12:15:00,4.32,4.642999600383471
2018-09-14 12:30:00,4.64,6.832794608410813
2018-09-14 12:45:00,3.71,6.676303456979861
2018-09-14 13:00:00,47.34,35.49254364207113
2018-09-14 13:15:00,54.76,54.79779262510154
2018-09-14 13:30:00,68.29,62.122826996080775
2018-09-14 13:45:00,58.46,56.874132791498226
2018-09-14 14:00:00,66.31,62.49515895447662
2018-09-14 14:15:00,60.98,58.997201656775204
2018-09-14 14:30:00,67.68,63.042524429199865
2018-09-14 14:45:00,61.49,57.58085183766978
2018-09-14 15:00:00,48.24,59.14762064294241
2018-09-14 15:15:00,61.06,61.38946531394611
2018-09-14 15:30:00,65.99,58.02240277433642
2018-09-14 15:45:00,58.03,60.90662518482041
2018-09-14 16:00:00,65.81,64.25679553685619
2018-09-14 16:15:00,111.78,60.14501719890319
2018-09-14 16:30:00,106.16,63.453554128494034
2018-09-14 16:45:00,48.13,87.19676611837141
2018-09-14 17:00:00,43.02,84.86973740314598
2018-09-14 17:15:00,62.5,57.21940145826355
2018-09-14 17:30:00,54.58,49.10191687211623
2018-09-14 17:45:00,34.99,34.605202379049935
2018-09-14 18:00:00,28.48,40.3543955704966
2018-09-14 18:15:00,29.05,46.02446104353403
2018-09-14 18:30:00,28.26,37.71911065537474
2018-09-14 18:45:00,27.0,39.799611060814335
2018-09-14 19:00:00,20.41,21.62136983384365
2018-09-14 19:15:00,7.85,22.227321152977446
2018-09-14 19:30:00,8.32,9.027506122757012
2018-09-14 19:45:00,4.54,6.859389802624692
2018-09-14 20:00:00,3.67,5.7862962185247895
2018-09-14 20:15:00,3.71,4.535038643822217
2018-09-14 20:30:00,3.67,3.7887208770992977
2018-09-14 20:45:00,3.64,3.7959336236026378
2018-09-14 21:00:00,3.6,1.5489831376118561
2018-09-14 21:15:00,3.74,3.445506686960182
2018-09-14 21:30:00,3.6,3.5678589837938226
2018-09-14 21:45:00,3.6,3.592572396463053
2018-09-14 22:00:00,3.28,3.4769942750266205
2018-09-14 22:15:00,3.31,3.4087215241629782
2018-09-14 22:30:00,2.84,3.4218121212738857
2018-09-14 22:45:00,2.7,3.4218121212738857
2018-09-14 23:00:00,2.66,3.080156197160646
2018-09-14 23:15:00,2.66,3.055471304559486
2018-09-14 23:30:00,2.66,2.998270383977377
2018-09-14 23:45:00,2.66,2.998270383977377
2018-09-15 00:00:00,2.7,3.0137091667491087
2018-09-15 00:15:00,2.63,2.8816185189852876
2018-09-15 00:30:00,2.63,2.8816185189852876
2018-09-15 00:45:00,2.63,2.87531480614438
2018-09-15 01:00:00,2.81,2.87531480614438
2018-09-15 01:15:00,3.24,2.8578380575404503
2018-09-15 01:30:00,2.99,2.8578380575404503
2018-09-15 01:45:00,2.66,3.19949398165369
2018-09-15 02:00:00,2.7,2.9598368661545735
2018-09-15 02:15:00,2.7,2.910775479782187
2018-09-15 02:30:00,2.63,3.35809479829915
2018-09-15 02:45:00,2.63,2.9955001799790364
2018-09-15 03:00:00,2.7,3.0085498725674458
2018-09-15 03:15:00,2.63,2.8925258616308214
2018-09-15 03:30:00,2.63,2.9016582324763016
2018-09-15 03:45:00,3.31,2.9016582324763016
2018-09-15 04:00:00,2.77,2.8925258616308214
2018-09-15 04:15:00,2.7,3.236761234191444
2018-09-15 04:30:00,2.7,2.9351926834403748
2018-09-15 04:45:00,2.7,2.9102985890955004
2018-09-15 05:00:00,2.7,2.8925258616308214
2018-09-15 05:15:00,2.63,3.003224346719512
2018-09-15 05:30:00,2.59,2.906220676968372
2018-09-15 05:45:00,2.63,2.8872003357828877
2018-09-15 06:00:00,2.7,2.9016582324763016
2018-09-15 06:15:00,2.63,2.8925258616308214
2018-09-15 06:30:00,2.63,2.8925258616308214
2018-09-15 06:45:00,2.63,2.8925258616308214
2018-09-15 07:00:00,3.06,2.8925258616308214
2018-09-15 07:15:00,3.1,2.8573215048731453
2018-09-15 07:30:00,2.74,3.009355753264947
2018-09-15 07:45:00,8.06,3.3506987337436054
2018-09-15 08:00:00,34.02,8.184243463694028
2018-09-15 08:15:00,33.44,55.14327331974354
2018-09-15 08:30:00,38.3,59.61820903060859
2018-09-15 08:45:00,48.78,38.43026633076417
2018-09-15 09:00:00,33.05,42.104719806281835
2018-09-15 09:15:00,35.75,50.68031694064553
2018-09-15 09:30:00,35.14,35.33752815639656
2018-09-15 09:45:00,40.14,35.722175092826944
2018-09-15 10:00:00,33.8,36.46467112583938
2018-09-15 10:15:00,40.43,39.346131452998115
2018-09-15 10:30:00,33.01,34.86016154679948
2018-09-15 10:45:00,40.72,38.677590433782285
2018-09-15 11:00:00,41.22,34.949622073635126
2018-09-15 11:15:00,32.58,40.610282057495674
2018-09-15 11:30:00,40.39,37.70765179462318
2018-09-15 11:45:00,17.89,24.077919393688404
2018-09-15 12:00:00,3.31,9.80315025087015
2018-09-15 12:15:00,3.82,8.164486598786509
2018-09-15 12:30:00,3.82,4.75619967551435
2018-09-15 12:45:00,3.31,4.99812433003463
2018-09-15 13:00:00,29.63,13.806822080772205
2018-09-15 13:15:00,40.97,29.475705996912684
2018-09-15 13:30:00,39.96,52.0416254554607
2018-09-15 13:45:00,36.65,42.440249294487224
2018-09-15 14:00:00,40.39,40.105060000387525
2018-09-15 14:15:00,40.39,39.36824690568977
2018-09-15 14:30:00,32.98,39.650082175490674
2018-09-15 14:45:00,37.84,39.52223276283375
2018-09-15 15:00:00,44.21,35.182268942679755
2018-09-15 15:15:00,42.37,39.0287369709705
2018-09-15 15:30:00,38.59,43.1025614844367
2018-09-15 15:45:00,33.08,41.65157028047021
2018-09-15 16:00:00,39.67,38.64493148149523
2018-09-15 16:15:00,40.72,32.42080536797174
2018-09-15 16:30:00,39.67,34.61293434337791
2018-09-15 16:45:00,5.83,25.312833176114665
2018-09-15 17:00:00,3.82,18.93243626197854
2018-09-15 17:15:00,3.46,4.04482300380351
2018-09-15 17:30:00,3.49,3.229524578479119
2018-09-15 17:45:00,3.49,3.0174032246043865
2018-09-15 18:00:00,3.42,3.354079472969459
2018-09-15 18:15:00,3.42,3.562150328319436
2018-09-15 18:30:00,3.6,3.5903755037069414
2018-09-15 18:45:00,3.67,3.517222080909692
2018-09-15 19:00:00,3.64,3.5687326943553437
2018-09-15 19:15:00,3.6,3.580492764314734
2018-09-15 19:30:00,3.64,3.4091561405928292
2018-09-15 19:45:00,3.06,3.4091561405928292
2018-09-15 20:00:00,2.99,3.441123009006075
2018-09-15 20:15:00,2.92,3.1285527428081665
2018-09-15 20:30:00,2.92,3.0881427806824564
2018-09-15 20:45:00,2.95,3.015884854447574
2018-09-15 21:00:00,3.53,2.977822413811975
2018-09-15 21:15:00,3.49,3.028707262760979
2018-09-15 21:30:00,2.92,3.3087743403858054
2018-09-15 21:45:00,2.88,3.365230403793305
2018-09-15 22:00:00,2.77,3.057304705677248
2018-09-15 22:15:00,2.84,2.9831645175543553
2018-09-15 22:30:00,2.77,2.9982105687345197
2018-09-15 22:45:00,2.88,2.9669112579947448
2018-09-15 23:00:00,3.2,2.975668664403108
2018-09-15 23:15:00,2.66,2.975668664403108
2018-09-15 23:30:00,2.66,3.1810324394516156
2018-09-15 23:45:00,2.74,2.9884863290277215
2018-09-16 00:00:00,2.66,2.9206446541053332
2018-09-16 00:15:00,2.81,2.9717118381746452
2018-09-16 00:30:00,2.74,2.9717118381746452
2018-09-16 00:45:00,2.7,2.877661692756825
2018-09-16 01:00:00,2.7,2.877661692756825
2018-09-16 01:15:00,2.7,2.866488656993803
2018-09-16 01:30:00,2.74,2.8601849441528953
2018-09-16 01:45:00,2.77,2.9276073910743112
2018-09-16 02:00:00,2.74,2.8601849441528953
2018-09-16 02:15:00,2.99,2.881823055654857
2018-09-16 02:30:00,3.31,2.881823055654857
2018-09-16 02:45:00,2.7,2.9462907729723584
2018-09-16 03:00:00,3.35,3.240165104097184
2018-09-16 03:15:00,3.2,2.982533696130145
2018-09-16 03:30:00,2.74,3.2515553224206344
2018-09-16 03:45:00,2.74,3.3385477734464883
2018-09-16 04:00:00,2.74,3.038418485105093
2018-09-16 04:15:00,2.77,2.9073199498600117
2018-09-16 04:30:00,2.74,3.0147036041774373
2018-09-16 04:45:00,2.74,3.0147036041774373
2018-09-16 05:00:00,2.7,2.8895472223953327
2018-09-16 05:15:00,2.74,2.898679593240813
2018-09-16 05:30:00,2.66,2.898679593240813
2018-09-16 05:45:00,2.7,2.908567563580817
2018-09-16 06:00:00,2.66,2.8895472223953327
2018-09-16 06:15:00,2.77,2.8895472223953327
2018-09-16 06:30:00,3.17,2.8895472223953327
2018-09-16 06:45:00,3.02,2.8895472223953327
2018-09-16 07:00:00,2.66,3.1421003261888747
2018-09-16 07:15:00,2.66,2.9457000503925075
2018-09-16 07:30:00,2.63,2.9613937643228394
2018-09-16 07:45:00,2.7,3.6703990759926213
2018-09-16 08:00:00,2.59,10.388216561039313
2018-09-16 08:15:00,2.63,7.627412641907774
2018-09-16 08:30:00,3.35,3.5373302431011044
2018-09-16 08:45:00,3.2,3.763059892381438
2018-09-16 09:00:00,2.88,4.180918096819012
2018-09-16 09:15:00,2.92,3.2810655225340026
2018-09-16 09:30:00,2.81,3.3512584818061706
2018-09-16 09:45:00,2.84,3.4415602423282383
2018-09-16 10:00:00,2.84,3.4416761044036033
2018-09-16 10:15:00,2.84,3.4594488318682823
2018-09-16 10:30:00,2.88,3.4416761044036033
2018-09-16 10:45:00,2.92,2.992987058873824
2018-09-16 11:00:00,2.84,3.037091505974158
2018-09-16 11:15:00,2.81,3.064518019130433
2018-09-16 11:30:00,2.77,3.2291138680677807
2018-09-16 11:45:00,3.2,3.1270467839722382
2018-09-16 12:00:00,3.06,3.025021584131715
2018-09-16 12:15:00,2.84,3.1229835343390944
2018-09-16 12:30:00,2.95,3.1544437026052448
2018-09-16 12:45:00,2.84,3.0620871038730253
2018-09-16 13:00:00,2.81,3.047613168393259
2018-09-16 13:15:00,2.84,3.6285487106142527
2018-09-16 13:30:00,2.81,3.5111805504077593
2018-09-16 13:45:00,2.81,3.4857805515039373
2018-09-16 14:00:00,2.92,3.492084264344845
2018-09-16 14:15:00,2.88,3.492084264344845
2018-09-16 14:30:00,3.49,3.5682428473332095
2018-09-16 14:45:00,2.92,3.5151593337572233
2018-09-16 15:00:00,2.84,3.5938726938071754
2018-09-16 15:15:00,3.13,3.316887387934368
2018-09-16 15:30:00,3.38,3.2224467605762146
2018-09-16 15:45:00,2.88,3.3320478848665727
2018-09-16 16:00:00,2.84,3.5041263012956865
2018-09-16 16:15:00,2.88,2.6680766889313703
2018-09-16 16:30:00,2.84,2.563981374307155
2018-09-16 16:45:00,2.84,2.6968814764418805
2018-09-16 17:00:00,2.81,2.6590921736510778
2018-09-16 17:15:00,2.88,2.65278846081017
2018-09-16 17:30:00,2.95,2.5791556342689783
2018-09-16 17:45:00,2.81,2.5749524426077453
2018-09-16 18:00:00,2.77,2.8729260319795897
2018-09-16 18:15:00,2.84,3.0194080408411534
2018-09-16 18:30:00,2.88,3.0492297575439533
2018-09-16 18:45:00,2.84,3.015277546399441
2018-09-16 19:00:00,3.06,3.015277546399441
2018-09-16 19:15:00,3.56,3.006460209630187
2018-09-16 19:30:00,3.28,2.9856825613095133
2018-09-16 19:45:00,3.28,3.3544198465843342
2018-09-16 20:00:00,3.49,3.3901226371844313
2018-09-16 20:15:00,2.95,3.3901226371844313
2018-09-16 20:30:00,2.92,3.3901226371844313
2018-09-16 20:45:00,2.99,3.497661567299577
2018-09-16 21:00:00,2.92,2.9375349024679513
2018-09-16 21:15:00,2.92,3.025154837537471
2018-09-16 21:30:00,2.95,3.0074727573640243
2018-09-16 21:45:00,2.99,3.019241630163983
2018-09-16 22:00:00,2.74,3.0412009388192605
2018-09-16 22:15:00,2.88,3.0412009388192605
2018-09-16 22:30:00,2.77,3.003415549919375
2018-09-16 22:45:00,2.74,3.003415549919375
2018-09-16 23:00:00,2.74,2.978015551015553
2018-09-16 23:15:00,2.66,2.978015551015553
2018-09-16 23:30:00,2.7,2.8839654055977326
2018-09-16 23:45:00,3.53,2.978015551015553
2018-09-17 00:00:00,2.7,2.919830387936786
2018-09-17 00:15:00,2.77,3.2434989486003847
2018-09-17 00:30:00,2.74,2.9422529866128553
2018-09-17 00:45:00,2.74,2.927243023390967
2018-09-17 01:00:00,3.35,2.901843024487145
2018-09-17 01:15:00,2.84,2.9430313163962682
2018-09-17 01:30:00,3.28,3.226022199996455
2018-09-17 01:45:00,3.1,2.9237476764162325
2018-09-17 02:00:00,2.77,3.2636252235771375
2018-09-17 02:15:00,2.77,3.046301215864607
2018-09-17 02:30:00,2.77,3.0474283972256235
2018-09-17 02:45:00,2.74,3.0474283972256235
2018-09-17 03:00:00,2.77,3.029752565062277
2018-09-17 03:15:00,2.84,3.0388849359077574
2018-09-17 03:30:00,2.77,2.932748895311137
2018-09-17 03:45:00,2.74,2.941881266156617
2018-09-17 04:00:00,2.74,2.941881266156617
2018-09-17 04:15:00,2.81,2.913728554125653
2018-09-17 04:30:00,2.74,2.932748895311137
2018-09-17 04:45:00,3.2,3.029752565062277
2018-09-17 05:00:00,2.99,2.932748895311137
2018-09-17 05:15:00,2.77,3.2040382724306307
2018-09-17 05:30:00,2.7,3.0050857388805037
2018-09-17 05:45:00,2.63,3.061051875802052
2018-09-17 06:00:00,2.66,2.945027864865428
2018-09-17 06:15:00,2.7,3.029752565062277
2018-09-17 06:30:00,3.13,3.029752565062277
2018-09-17 06:45:00,3.06,2.932748895311137
2018-09-17 07:00:00,2.66,3.0701548112364487
2018-09-17 07:15:00,2.92,3.0232451985760833
2018-09-17 07:30:00,3.06,3.023907229824982
2018-09-17 07:45:00,3.13,4.004313970600384
2018-09-17 08:00:00,25.78,27.27533181534022
2018-09-17 08:15:00,63.11,33.96747137561603
2018-09-17 08:30:00,45.76,59.86151555012948
2018-09-17 08:45:00,56.34,68.18615582390835
2018-09-17 09:00:00,56.48,53.077722631703644
2018-09-17 09:15:00,50.98,57.96829823640312
2018-09-17 09:30:00,47.34,58.425249832269685
2018-09-17 09:45:00,42.3,54.62138399803653
2018-09-17 10:00:00,43.02,52.22361352661377
2018-09-17 10:15:00,55.19,49.18864592305713
2018-09-17 10:30:00,56.63,50.69730997059214
2018-09-17 10:45:00,62.96,62.49305201185171
2018-09-17 11:00:00,49.79,59.69117372141921
2018-09-17 11:15:00,56.88,59.57456955603658
2018-09-17 11:30:00,48.17,56.988703936689674
2018-09-17 11:45:00,45.79,50.75275746085247
2018-09-17 12:00:00,6.23,9.881320428999837
2018-09-17 12:15:00,3.89,10.05370689797371
2018-09-17 12:30:00,6.55,4.89892613441264
2018-09-17 12:45:00,5.26,6.564976708789164
2018-09-17 13:00:00,50.98,42.315804858300716
2018-09-17 13:15:00,74.77,48.34585253161647
2018-09-17 13:30:00,115.49,68.06866097083656
2018-09-17 13:45:00,114.12,70.64159295587747
2018-09-17 14:00:00,96.23,90.47707844402541
2018-09-17 14:15:00,111.64,91.63034477794442
2018-09-17 14:30:00,97.85,92.44378344694655
2018-09-17 14:45:00,121.14,92.17718350592864
2018-09-17 15:00:00,85.9,96.58538735437294
2018-09-17 15:15:00,108.5,92.29787074982944
2018-09-17 15:30:00,107.82,91.29779435328452
2018-09-17 15:45:00,105.19,87.5906535338262
2018-09-17 16:00:00,110.52,97.95269236800009
2018-09-17 16:15:00,100.3,97.74678738138584
2018-09-17 16:30:00,122.54,103.19965870025334
2018-09-17 16:45:00,82.62,98.95163772536509
2018-09-17 17:00:00,65.05,98.07803502797577
2018-09-17 17:15:00,53.35,92.73339498185047
2018-09-17 17:30:00,34.92,71.44626366761989
2018-09-17 17:45:00,27.36,55.774292341184115
2018-09-17 18:00:00,35.6,58.68648168535937
2018-09-17 18:15:00,42.48,50.37894579978323
2018-09-17 18:30:00,52.6,57.941515963337544
2018-09-17 18:45:00,51.05,49.396299748776315
2018-09-17 19:00:00,54.22,60.39041841211016
2018-09-17 19:15:00,51.16,53.00824232300908
2018-09-17 19:30:00,54.29,57.981214010318084
2018-09-17 19:45:00,55.76,55.172757869802275
2018-09-17 20:00:00,44.14,57.275525159138866
2018-09-17 20:15:00,48.31,56.376043313258414
2018-09-17 20:30:00,53.82,42.098894476099105
2018-09-17 20:45:00,12.28,36.42367107967915
2018-09-17 21:00:00,5.76,18.824049321075915
2018-09-17 21:15:00,4.07,4.834913505652052
2018-09-17 21:30:00,3.92,3.3663430435051773
2018-09-17 21:45:00,3.89,4.185601705147957
2018-09-17 22:00:00,3.67,4.003186242740518
2018-09-17 22:15:00,3.64,3.8464163448472295
2018-09-17 22:30:00,3.6,3.6449782201226233
2018-09-17 22:45:00,3.6,3.4651682069023306
2018-09-17 23:00:00,4.21,3.485356245830499
2018-09-17 23:15:00,4.61,3.5730608125574146
2018-09-17 23:30:00,3.49,4.143690527209096
2018-09-17 23:45:00,3.2,4.143690527209096
2018-09-18 00:00:00,3.56,3.353067728669332
2018-09-18 00:15:00,3.53,3.871435092334813
2018-09-18 00:30:00,3.31,3.39450340651269
2018-09-18 00:45:00,2.95,3.4220957040137865
2018-09-18 01:00:00,2.95,3.445993453004206
2018-09-18 01:15:00,2.95,3.1116453879612616
2018-09-18 01:30:00,2.95,3.167470386401154
2018-09-18 01:45:00,2.99,3.061157133191511
2018-09-18 02:00:00,2.95,3.050980592873727
2018-09-18 02:15:00,2.95,3.1217351022748483
2018-09-18 02:30:00,2.95,3.1240991392199855
2018-09-18 02:45:00,2.95,3.1240991392199855
2018-09-18 03:00:00,2.95,3.1464669070939264
2018-09-18 03:15:00,2.99,3.1845074094399273
2018-09-18 03:30:00,2.99,3.1845074094399273
2018-09-18 03:45:00,2.99,3.1464669070939264
2018-09-18 04:00:00,3.6,3.1464669070939264
2018-09-18 04:15:00,3.06,3.1464669070939264
2018-09-18 04:30:00,3.46,3.4343103513744926
2018-09-18 04:45:00,2.99,3.18913372890348
2018-09-18 05:00:00,2.99,3.414419619208155
2018-09-18 05:15:00,2.95,3.18913372890348
2018-09-18 05:30:00,2.84,3.15664344741171
2018-09-18 05:45:00,2.84,3.1464669070939264
2018-09-18 06:00:00,2.88,3.0701842466475324
2018-09-18 06:15:00,2.95,3.0701842466475324
2018-09-18 06:30:00,2.88,3.0388849359077574
2018-09-18 06:45:00,2.84,3.1151675963541514
2018-09-18 07:00:00,2.88,3.083116381515533
2018-09-18 07:15:00,2.95,3.1713984458176485
2018-09-18 07:30:00,4.54,3.4932126944251665
2018-09-18 07:45:00,4.9,4.495224555675409
2018-09-18 08:00:00,35.46,40.25489322950908
2018-09-18 08:15:00,51.59,61.495583535939275
2018-09-18 08:30:00,55.87,57.58683296340101
2018-09-18 08:45:00,53.82,65.88954090933161
2018-09-18 09:00:00,48.24,60.828300441954255
2018-09-18 09:15:00,60.08,58.07951522448811
2018-09-18 09:30:00,61.2,54.855404830449295
2018-09-18 09:45:00,59.8,58.8840182375163
2018-09-18 10:00:00,59.26,58.79320375737075
2018-09-18 10:15:00,53.93,55.906124848258976
2018-09-18 10:30:00,49.75,57.5809354675435
2018-09-18 10:45:00,47.09,60.77394356494419
2018-09-18 11:00:00,60.55,59.89080234131957
2018-09-18 11:15:00,62.06,57.71906819964102
2018-09-18 11:30:00,62.68,56.04687074030497
2018-09-18 11:45:00,45.68,57.29437032071729
2018-09-18 12:00:00,25.6,8.323899516611064
2018-09-18 12:15:00,12.46,9.199721466759101
2018-09-18 12:30:00,4.07,10.525294686760311
2018-09-18 12:45:00,3.89,8.469404692845233
2018-09-18 13:00:00,39.2,31.5357459786803
2018-09-18 13:15:00,53.57,52.36892737932653
2018-09-18 13:30:00,60.48,62.45324285665697
2018-09-18 13:45:00,64.69,56.697425841212585
2018-09-18 14:00:00,62.89,57.95322665913385
2018-09-18 14:15:00,57.31,64.08981386519527
2018-09-18 14:30:00,54.11,60.66085338912065
2018-09-18 14:45:00,58.1,59.37243124931469
2018-09-18 15:00:00,42.62,60.35642632429151
2018-09-18 15:15:00,48.38,60.641669965170244
2018-09-18 15:30:00,60.23,50.30891179904773
2018-09-18 15:45:00,47.09,58.23886835076706
2018-09-18 16:00:00,41.08,57.67879661675468
2018-09-18 16:15:00,55.4,53.36766132099383
2018-09-18 16:30:00,51.12,44.35400892269303
2018-09-18 16:45:00,48.67,52.60495955740864
2018-09-18 17:00:00,43.02,50.00486235065253
2018-09-18 17:15:00,54.0,48.76601273801758
2018-09-18 17:30:00,32.22,34.92148264812943
2018-09-18 17:45:00,31.28,27.986083830162396
2018-09-18 18:00:00,37.26,38.64102197807167
2018-09-18 18:15:00,55.73,47.8588473379874
2018-09-18 18:30:00,48.67,48.647220929676784
2018-09-18 18:45:00,42.01,51.564522307516356
2018-09-18 19:00:00,47.7,52.22292837304682
2018-09-18 19:15:00,45.68,45.37463783750296
2018-09-18 19:30:00,49.18,52.51764887107548
2018-09-18 19:45:00,66.35,48.292914070978185
2018-09-18 20:00:00,40.93,48.35026954832734
2018-09-18 20:15:00,43.78,59.97100193066836
2018-09-18 20:30:00,41.44,38.722261615001635
2018-09-18 20:45:00,42.37,18.772914431116916
2018-09-18 21:00:00,27.29,14.511664416080235
2018-09-18 21:15:00,4.86,20.51681449209578
2018-09-18 21:30:00,3.67,17.056041437811864
2018-09-18 21:45:00,3.6,4.327589979520155
2018-09-18 22:00:00,3.31,3.6528430285813513
2018-09-18 22:15:00,3.38,3.6145614139894913
2018-09-18 22:30:00,3.35,3.4135105725567163
2018-09-18 22:45:00,4.46,3.474643385352879
2018-09-18 23:00:00,3.96,3.514266203867848
2018-09-18 23:15:00,3.2,4.283942775275103
2018-09-18 23:30:00,3.2,3.8845047782570776
2018-09-18 23:45:00,2.66,3.8455334824924794
2018-09-19 00:00:00,2.92,3.437028439248352
2018-09-19 00:15:00,2.74,3.0924703009144197
2018-09-19 00:30:00,2.66,3.0737600437720194
2018-09-19 00:45:00,2.66,3.0224517157076973
2018-09-19 01:00:00,2.7,3.1220237773111146
2018-09-19 01:15:00,2.66,2.9109248216859474
2018-09-19 01:30:00,2.74,2.99613293799154
2018-09-19 01:45:00,2.77,2.890669988724123
2018-09-19 02:00:00,2.74,2.8843662758832154
2018-09-19 02:15:00,2.77,2.9123081002260847
2018-09-19 02:30:00,2.74,2.906004387385177
2018-09-19 02:45:00,2.74,2.906004387385177
2018-09-19 03:00:00,2.81,2.9517690564716537
2018-09-19 03:15:00,2.77,2.932748895311137
2018-09-19 03:30:00,2.74,2.913728554125653
2018-09-19 03:45:00,3.82,2.932748895311137
2018-09-19 04:00:00,3.89,2.913728554125653
2018-09-19 04:15:00,2.7,1.8408094577240266
2018-09-19 04:30:00,2.77,3.2846996332569556
2018-09-19 04:45:00,2.74,3.8747246577177012
2018-09-19 05:00:00,2.81,2.931501281590332
2018-09-19 05:15:00,2.74,3.031967307459377
2018-09-19 05:30:00,2.7,3.3257375772694013
2018-09-19 05:45:00,2.7,2.913728554125653
2018-09-19 06:00:00,2.74,2.941881266156617
2018-09-19 06:15:00,2.66,2.922860924971133
2018-09-19 06:30:00,2.66,3.029752565062277
2018-09-19 06:45:00,2.66,2.913728554125653
2018-09-19 07:00:00,2.66,2.9579599997334283
2018-09-19 07:15:00,2.92,2.922755642975752
2018-09-19 07:30:00,4.61,2.99850723092116
2018-09-19 07:45:00,4.9,3.9789139716965627
2018-09-19 08:00:00,25.45,38.245499597153525
2018-09-19 08:15:00,61.09,60.956777671310775
2018-09-19 08:30:00,34.99,57.50559850249191
2018-09-19 08:45:00,37.3,71.9100676564794
2018-09-19 09:00:00,54.65,43.010023614695776
2018-09-19 09:15:00,55.01,47.948235620809115
2018-09-19 09:30:00,37.76,56.9363709861941
2018-09-19 09:45:00,36.72,60.83386370135223
2018-09-19 10:00:00,37.22,43.15375625300257
2018-09-19 10:15:00,39.67,45.04426486982875
2018-09-19 10:30:00,43.09,45.48306820457798
2018-09-19 10:45:00,43.34,45.0976637006271
2018-09-19 11:00:00,45.76,46.53583236731967
2018-09-19 11:15:00,40.25,50.16533093308381
2018-09-19 11:30:00,48.06,47.64340150894693
2018-09-19 11:45:00,38.59,34.0264229385839
2018-09-19 12:00:00,5.36,8.200959592131827
2018-09-19 12:15:00,4.97,7.612141684524246
2018-09-19 12:30:00,4.46,3.7554681544253627
2018-09-19 12:45:00,4.9,4.647740907130985
2018-09-19 13:00:00,30.74,33.546606090477454
2018-09-19 13:15:00,41.58,47.80345719054528
2018-09-19 13:30:00,43.27,59.38184735837882
2018-09-19 13:45:00,44.1,49.83793744679363
2018-09-19 14:00:00,42.7,46.074941203940554
2018-09-19 14:15:00,38.7,46.207281080388974
2018-09-19 14:30:00,44.93,45.97509477939167
2018-09-19 14:45:00,43.42,44.05929521035528
2018-09-19 15:00:00,45.86,49.863363509103884
2018-09-19 15:15:00,37.15,45.82089971866141
2018-09-19 15:30:00,40.61,50.38237423963201
2018-09-19 15:45:00,42.52,43.18333050279608
2018-09-19 16:00:00,50.58,43.42856479930116
2018-09-19 16:15:00,52.38,45.250013737636365
2018-09-19 16:30:00,43.16,51.056039617704755
2018-09-19 16:45:00,51.62,52.404581175087245
2018-09-19 17:00:00,59.44,41.40035433250144
2018-09-19 17:15:00,51.66,50.63648431636534
2018-09-19 17:30:00,39.71,36.08446563220974
2018-09-19 17:45:00,36.47,28.66341836479648
2018-09-19 18:00:00,4.0,35.124711427797365
2018-09-19 18:15:00,3.85,37.18611991287995
2018-09-19 18:30:00,3.71,4.147386380749971
2018-09-19 18:45:00,3.67,4.040678257475102
2018-09-19 19:00:00,3.6,3.7620852754317204
2018-09-19 19:15:00,3.6,3.8965303012302517
2018-09-19 19:30:00,3.64,3.630623206065914
2018-09-19 19:45:00,3.64,3.630623206065914
2018-09-19 20:00:00,3.67,3.6457806510649005
2018-09-19 20:15:00,3.64,3.484630823245486
2018-09-19 20:30:00,3.64,3.6046299790226413
2018-09-19 20:45:00,3.71,2.722179304623962
2018-09-19 21:00:00,3.71,1.5626002778323673
2018-09-19 21:15:00,3.31,3.5333599566160596
2018-09-19 21:30:00,3.74,3.497233091873695
2018-09-19 21:45:00,3.31,3.4221899954156783
2018-09-19 22:00:00,2.92,3.5529020116704535
2018-09-19 22:15:00,2.92,3.4399756647998547
2018-09-19 22:30:00,2.92,3.1178129219263244
2018-09-19 22:45:00,2.92,3.0672264194828305
2018-09-19 23:00:00,2.74,3.0774029598006143
2018-09-19 23:15:00,2.7,3.0672264194828305
2018-09-19 23:30:00,2.66,3.033496193485648
2018-09-19 23:45:00,3.42,3.033496193485648
2018-09-20 00:00:00,2.7,3.002196882745873
2018-09-20 00:15:00,2.77,3.3438528068591125
2018-09-20 00:30:00,3.35,2.948556699453763
2018-09-20 00:45:00,2.77,2.9394460480678277
2018-09-20 01:00:00,2.7,3.2498026614412923
2018-09-20 01:15:00,2.7,2.9921986849303415
2018-09-20 01:30:00,2.66,2.9156655866229904
2018-09-20 01:45:00,2.74,2.8833377142905223
2018-09-20 02:00:00,2.7,2.958092435645539
2018-09-20 02:15:00,2.7,2.924084261642961
2018-09-20 02:30:00,2.7,2.906004387385177
2018-09-20 02:45:00,3.1,2.9123081002260847
2018-09-20 03:00:00,3.35,2.913728554125653
2018-09-20 03:15:00,2.92,3.016790994783193
2018-09-20 03:30:00,2.7,3.2579639266862754
2018-09-20 03:45:00,2.66,2.750859101037321
2018-09-20 04:00:00,2.74,2.945027864865428
2018-09-20 04:15:00,2.92,3.22071576209962
2018-09-20 04:30:00,3.28,3.029752565062277
2018-09-20 04:45:00,2.77,3.0752977341883523
2018-09-20 05:00:00,2.66,3.2670962975317557
2018-09-20 05:15:00,2.66,2.714446302756726
2018-09-20 05:30:00,2.66,2.6717794809471727
2018-09-20 05:45:00,2.66,3.029752565062277
2018-09-20 06:00:00,2.66,3.029752565062277
2018-09-20 06:15:00,2.7,2.932748895311137
2018-09-20 06:30:00,2.63,2.922860924971133
2018-09-20 06:45:00,2.66,2.922860924971133
2018-09-20 07:00:00,2.63,2.9579599997334283
2018-09-20 07:15:00,2.66,2.922755642975752
2018-09-20 07:30:00,2.81,2.99850723092116
2018-09-20 07:45:00,3.96,3.9333688025704823
2018-09-20 08:00:00,34.7,21.35645930705428
2018-09-20 08:15:00,41.47,58.319997158629064
2018-09-20 08:30:00,48.42,60.52200577633619
2018-09-20 08:45:00,41.11,51.5438810779159
2018-09-20 09:00:00,46.12,55.73639980360426
2018-09-20 09:15:00,38.63,46.07689476038271
2018-09-20 09:30:00,38.27,51.036218002269614
2018-09-20 09:45:00,39.02,46.17885871911567
2018-09-20 10:00:00,38.81,43.55259413239144
2018-09-20 10:15:00,43.56,46.550929944923645
2018-09-20 10:30:00,54.04,44.449552707940924
2018-09-20 10:45:00,54.54,46.691579375747075
2018-09-20 11:00:00,50.76,60.00659468627506
2018-09-20 11:15:00,49.1,57.56279737235309
2018-09-20 11:30:00,59.98,53.561893269026456
2018-09-20 11:45:00,34.78,43.87321137918025
2018-09-20 12:00:00,26.78,9.752175191311593
2018-09-20 12:15:00,10.15,8.57229946009209
2018-09-20 12:30:00,3.67,10.793823583948864
2018-09-20 12:45:00,4.28,8.053590393413783
2018-09-20 13:00:00,31.36,30.669779830031075
2018-09-20 13:15:00,61.16,50.07578485932982
2018-09-20 13:30:00,64.4,61.50882321533945
2018-09-20 13:45:00,61.99,61.3184215149565
2018-09-20 14:00:00,60.12,66.57586452320788
2018-09-20 14:15:00,48.85,61.959211289947525
2018-09-20 14:30:00,45.47,59.84516540922483
2018-09-20 14:45:00,55.3,57.68499750061449
2018-09-20 15:00:00,48.13,53.97626931180675
2018-09-20 15:15:00,51.8,58.33853073916251
2018-09-20 15:30:00,70.49,54.80271273717839
2018-09-20 15:45:00,54.32,56.692818345495944
2018-09-20 16:00:00,65.23,64.21857220579129
2018-09-20 16:15:00,43.16,61.627558143734575
2018-09-20 16:30:00,56.41,63.321065101613264
2018-09-20 16:45:00,51.3,44.941927094677666
2018-09-20 17:00:00,50.33,58.05172727460801
2018-09-20 17:15:00,55.19,50.51580438387979
2018-09-20 17:30:00,29.09,37.72674631864568
2018-09-20 17:45:00,30.31,30.821286830554225
2018-09-20 18:00:00,37.66,33.565624192993184
2018-09-20 18:15:00,52.81,49.87845786709735
2018-09-20 18:30:00,39.42,49.22659151189063
2018-09-20 18:45:00,44.17,54.08256019345633
2018-09-20 19:00:00,57.13,42.16177657320968
2018-09-20 19:15:00,54.22,45.58609350212697
2018-09-20 19:30:00,45.04,53.412593509096
2018-09-20 19:45:00,41.11,52.8906863223685
2018-09-20 20:00:00,41.47,47.61320437579916
2018-09-20 20:15:00,67.54,46.10543435335945
2018-09-20 20:30:00,37.58,40.23657441358903
2018-09-20 20:45:00,13.28,32.62045543677763
2018-09-20 21:00:00,4.07,13.399350943050264
2018-09-20 21:15:00,3.89,5.187786219129662
2018-09-20 21:30:00,3.74,3.1887059086684637
2018-09-20 21:45:00,3.71,4.004337706283518
2018-09-20 22:00:00,3.53,3.6211747625340958
2018-09-20 22:15:00,3.49,3.6211747625340958
2018-09-20 22:30:00,3.49,3.434250671415196
2018-09-20 22:45:00,3.53,3.514266203867848
2018-09-20 23:00:00,3.42,3.474643385352879
2018-09-20 23:15:00,3.42,3.4657451410468703
2018-09-20 23:30:00,3.38,3.4220957040137865
2018-09-20 23:45:00,2.48,3.4220957040137865
2018-09-21 00:00:00,2.77,3.4375371907984356
2018-09-21 00:15:00,2.92,3.095881266685196
2018-09-21 00:30:00,3.17,3.0852470025957053
2018-09-21 00:45:00,3.46,3.03200060997456
2018-09-21 01:00:00,2.84,3.286000653834972
2018-09-21 01:15:00,2.81,3.290302058817432
2018-09-21 01:30:00,2.81,2.937169368266595
2018-09-21 01:45:00,2.92,2.965210414654994
2018-09-21 02:00:00,2.88,2.9276073910743112
2018-09-21 02:15:00,2.88,3.0292132556435267
2018-09-21 02:30:00,2.81,3.004150779432389
2018-09-21 02:45:00,2.84,3.035450090172164
2018-09-21 03:00:00,2.84,3.0147036041774373
2018-09-21 03:15:00,2.84,3.005571233331957
2018-09-21 03:30:00,2.84,3.005571233331957
2018-09-21 03:45:00,2.95,3.005571233331957
2018-09-21 04:00:00,3.38,3.0147036041774373
2018-09-21 04:15:00,3.1,3.081853893778351
2018-09-21 04:30:00,2.84,3.3498066058925797
2018-09-21 04:45:00,2.92,3.1825998065388257
2018-09-21 05:00:00,2.81,3.036870544071732
2018-09-21 05:15:00,2.77,3.0765164013618542
2018-09-21 05:30:00,2.74,3.005571233331957
2018-09-21 05:45:00,2.88,3.030971232235779
2018-09-21 06:00:00,3.38,3.0147036041774373
2018-09-21 06:15:00,2.95,3.0147036041774373
2018-09-21 06:30:00,2.81,3.279446741078293
2018-09-21 06:45:00,2.74,3.027517045836764
2018-09-21 07:00:00,2.7,2.924079592144635
2018-09-21 07:15:00,2.99,3.0879539857981197
2018-09-21 07:30:00,3.35,3.4034687335479976
2018-09-21 07:45:00,14.33,4.853357323691407
2018-09-21 08:00:00,35.14,35.71083360891701
2018-09-21 08:15:00,41.11,75.32505980857853
2018-09-21 08:30:00,50.29,45.9752386617046
2018-09-21 08:45:00,55.91,49.21095437209866
2018-09-21 09:00:00,59.83,57.42807044291891
2018-09-21 09:15:00,45.58,58.76155124060094
2018-09-21 09:30:00,39.31,57.298700302735945
2018-09-21 09:45:00,47.52,46.83847595899454
2018-09-21 10:00:00,54.9,48.213077728281434
2018-09-21 10:15:00,38.66,54.387264142972136
2018-09-21 10:30:00,39.35,57.03480216979935
2018-09-21 10:45:00,34.09,46.004355173082686
2018-09-21 11:00:00,30.24,46.7779029467108
2018-09-21 11:15:00,31.25,39.01913213139999
2018-09-21 11:30:00,30.38,34.33122552231367
2018-09-21 11:45:00,29.84,27.884220661064074
2018-09-21 12:00:00,7.24,12.986957779901187
2018-09-21 12:15:00,6.26,9.590135448640234
2018-09-21 12:30:00,4.64,5.5486082748358445
2018-09-21 12:45:00,4.21,4.844929742926234
2018-09-21 13:00:00,18.18,33.19723878485265
2018-09-21 13:15:00,28.08,45.15138914533739
2018-09-21 13:30:00,29.77,49.63240813428216
2018-09-21 13:45:00,27.86,40.86358556913912
2018-09-21 14:00:00,27.07,42.7496932243208
2018-09-21 14:15:00,24.95,33.494468436718584
2018-09-21 14:30:00,8.6,32.59594626752364
2018-09-21 14:45:00,8.64,32.43414373135775
2018-09-21 15:00:00,8.57,24.573123566910265
2018-09-21 15:15:00,7.67,28.900957241648523
2018-09-21 15:30:00,6.52,29.408856663066057
2018-09-21 15:45:00,5.08,30.215835431707095
2018-09-21 16:00:00,3.31,34.38852830505917
2018-09-21 16:15:00,3.31,6.56520380465508
2018-09-21 16:30:00,3.35,3.0170881360738933
2018-09-21 16:45:00,3.38,3.057634190981601
2018-09-21 17:00:00,3.35,3.0451661465325985
2018-09-21 17:15:00,3.42,3.027380477148422
2018-09-21 17:30:00,3.31,3.0724519496783067
2018-09-21 17:45:00,3.24,3.0682487580170736
2018-09-21 18:00:00,3.28,3.3904294494011795
2018-09-21 18:15:00,3.31,3.4355283260340825
2018-09-21 18:30:00,3.92,3.463753501421588
2018-09-21 18:45:00,4.39,3.43139783159237
2018-09-21 19:00:00,2.7,3.787351430160279
2018-09-21 19:15:00,2.74,4.301646989896532
2018-09-21 19:30:00,2.77,3.0730294081615845
2018-09-21 19:45:00,2.7,3.1242126941660033
2018-09-21 20:00:00,2.77,3.043195295750703
2018-09-21 20:15:00,2.74,3.0229404627888785
2018-09-21 20:30:00,2.74,2.9187137770532745
2018-09-21 20:45:00,2.7,2.8743144713096225
2018-09-21 21:00:00,2.66,2.767199181791405
2018-09-21 21:15:00,2.7,2.8616155914750356
2018-09-21 21:30:00,2.77,2.873299242083769
2018-09-21 21:45:00,2.66,2.877661692756825
2018-09-21 22:00:00,2.52,2.877661692756825
2018-09-21 22:15:00,2.59,2.877661692756825
2018-09-21 22:30:00,2.52,2.877661692756825
2018-09-21 22:45:00,3.17,2.877661692756825
2018-09-21 23:00:00,2.88,2.927385845711559
2018-09-21 23:15:00,3.2,3.16539196261442
2018-09-21 23:30:00,2.52,2.8904793573814387
2018-09-21 23:45:00,2.92,3.190791961518242
2018-09-22 00:00:00,2.52,2.8934579966169274
2018-09-22 00:15:00,2.56,3.0540392945659613
2018-09-22 00:30:00,2.59,2.974690477410134
2018-09-22 00:45:00,2.56,2.992463204874813
2018-09-22 01:00:00,2.52,2.8869440448332213
2018-09-22 01:15:00,2.56,2.9305860303098
2018-09-22 01:30:00,2.52,2.8694672962292915
2018-09-22 01:45:00,2.56,2.863163583388384
2018-09-22 02:00:00,2.63,2.8694672962292915
2018-09-22 02:15:00,3.02,2.8848016948903457
2018-09-22 02:30:00,2.84,2.8848016948903457
2018-09-22 02:45:00,2.56,2.6322933850463786
2018-09-22 03:00:00,2.56,2.8872003357828877
2018-09-22 03:15:00,2.56,3.249794954103001
2018-09-22 03:30:00,3.02,2.8872003357828877
2018-09-22 03:45:00,3.06,3.0085498725674458
2018-09-22 04:00:00,2.66,2.750716036875545
2018-09-22 04:15:00,2.56,2.9688085220772154
2018-09-22 04:30:00,2.59,2.9194309599409807
2018-09-22 04:45:00,2.59,2.9102985890955004
2018-09-22 05:00:00,2.66,3.0085498725674458
2018-09-22 05:15:00,2.59,3.0085498725674458
2018-09-22 05:30:00,2.52,2.8925258616308214
2018-09-22 05:45:00,2.52,2.9016582324763016
2018-09-22 06:00:00,3.17,2.9016582324763016
2018-09-22 06:15:00,3.1,2.8925258616308214
2018-09-22 06:30:00,2.59,2.8109624692860686
2018-09-22 06:45:00,2.56,2.6765463304585237
2018-09-22 07:00:00,2.48,2.9102985890955004
2018-09-22 07:15:00,2.52,2.8750942323378244
2018-09-22 07:30:00,2.52,3.6210420749158283
2018-09-22 07:45:00,2.52,4.483220375541115
2018-09-22 08:00:00,2.95,7.821648845373922
2018-09-22 08:15:00,3.28,7.276030682070502
2018-09-22 08:30:00,3.31,4.740750684450061
2018-09-22 08:45:00,3.74,2.583272139702213
2018-09-22 09:00:00,2.99,2.60983151672895
2018-09-22 09:15:00,2.92,1.6727348402106574
2018-09-22 09:30:00,2.99,2.980679345528887
2018-09-22 09:45:00,2.92,3.0907107265362566
2018-09-22 10:00:00,4.0,3.2070402904307156
2018-09-22 10:15:00,3.24,3.5475665741266487
2018-09-22 10:30:00,2.92,3.9653251974479398
2018-09-22 10:45:00,2.95,3.196516407090801
2018-09-22 11:00:00,3.28,3.131983060797219
2018-09-22 11:15:00,3.78,3.1194317191627388
2018-09-22 11:30:00,2.99,3.4824107773588477
2018-09-22 11:45:00,3.35,3.2651723297898836
2018-09-22 12:00:00,2.92,3.138815552453144
2018-09-22 12:15:00,2.81,3.1661943359167664
2018-09-22 12:30:00,2.88,3.189433516583349
2018-09-22 12:45:00,2.95,3.102948036859113
2018-09-22 13:00:00,2.81,3.066043930101488
2018-09-22 13:15:00,2.81,3.6940943833311284
2018-09-22 13:30:00,3.17,3.4897373777324
2018-09-22 13:45:00,4.5,3.4972332308836473
2018-09-22 14:00:00,2.99,3.685052286531668
2018-09-22 14:15:00,2.92,5.536144380478645
2018-09-22 14:30:00,2.81,3.407981661415258
2018-09-22 14:45:00,2.77,3.2073757198516515
2018-09-22 15:00:00,2.84,3.548128228666147
2018-09-22 15:15:00,3.13,3.469501561111659
2018-09-22 15:30:00,3.38,3.218503332648475
2018-09-22 15:45:00,3.06,3.2788635522366993
2018-09-22 16:00:00,2.77,3.9223043589982054
2018-09-22 16:15:00,2.84,2.593022784043789
2018-09-22 16:30:00,2.88,2.5679382005356177
2018-09-22 16:45:00,2.77,2.6898274183038224
2018-09-22 17:00:00,2.77,2.650441574197725
2018-09-22 17:15:00,2.81,2.650441574197725
2018-09-22 17:30:00,2.81,2.4944422528474464
2018-09-22 17:45:00,2.81,2.5726055559953003
2018-09-22 18:00:00,2.77,2.85333451406564
2018-09-22 18:15:00,2.92,2.9346946594196215
2018-09-22 18:30:00,3.56,2.962919834807127
2018-09-22 18:45:00,3.06,3.0466608857841786
2018-09-22 19:00:00,2.88,3.3599121097481692
2018-09-22 19:15:00,2.84,3.10770867294716
2018-09-22 19:30:00,2.95,2.9292426813599026
2018-09-22 19:45:00,3.38,3.0116091761689896
2018-09-22 20:00:00,3.13,3.056944763097792
2018-09-22 20:15:00,2.88,3.3510947729789153
2018-09-22 20:30:00,2.95,3.1477652370494744
2018-09-22 20:45:00,2.92,2.980431936054906
2018-09-22 21:00:00,2.92,2.974675875035578
2018-09-22 21:15:00,2.88,2.992374602125527
2018-09-22 21:30:00,2.88,2.988645617592888
2018-09-22 21:45:00,2.84,2.9772652057184024
2018-09-22 22:00:00,2.66,2.9772652057184024
2018-09-22 22:15:00,2.7,2.9809941902510415
2018-09-22 22:30:00,2.77,2.9693649515622003
2018-09-22 22:45:00,2.77,2.975668664403108
2018-09-22 23:00:00,2.95,2.975668664403108
2018-09-22 23:15:00,2.95,2.975668664403108
2018-09-22 23:30:00,2.84,2.936903652632793
2018-09-22 23:45:00,2.66,2.936903652632793
2018-09-23 00:00:00,2.56,2.9206446541053332
2018-09-23 00:15:00,2.52,2.9206446541053332
2018-09-23 00:30:00,2.56,2.9717118381746452
2018-09-23 00:45:00,2.52,2.9717118381746452
2018-09-23 01:00:00,2.56,2.9717118381746452
2018-09-23 01:15:00,2.66,2.866488656993803
2018-09-23 01:30:00,2.56,2.866488656993803
2018-09-23 01:45:00,2.52,2.8601849441528953
2018-09-23 02:00:00,2.56,2.8601849441528953
2018-09-23 02:15:00,2.48,2.881823055654857
2018-09-23 02:30:00,2.84,2.881823055654857
2018-09-23 02:45:00,3.17,2.881823055654857
2018-09-23 03:00:00,2.52,2.8895472223953327
2018-09-23 03:15:00,2.59,2.8510659704099495
2018-09-23 03:30:00,2.81,2.9046217467037896
2018-09-23 03:45:00,3.13,3.252141840715446
2018-09-23 04:00:00,2.56,3.005571233331957
2018-09-23 04:15:00,2.63,2.779842703699136
2018-09-23 04:30:00,2.52,2.9046217467037896
2018-09-23 04:45:00,2.52,2.9073199498600117
2018-09-23 05:00:00,2.56,3.0147036041774373
2018-09-23 05:15:00,2.59,3.005571233331957
2018-09-23 05:30:00,2.52,2.8895472223953327
2018-09-23 05:45:00,2.56,2.8895472223953327
2018-09-23 06:00:00,2.52,2.898679593240813
2018-09-23 06:15:00,2.52,2.8895472223953327
2018-09-23 06:30:00,2.48,2.8895472223953327
2018-09-23 06:45:00,2.88,2.8895472223953327
2018-09-23 07:00:00,2.95,2.8895472223953327
2018-09-23 07:15:00,2.52,2.8543428656376566
2018-09-23 07:30:00,2.48,2.6775861437390973
2018-09-23 07:45:00,3.13,3.5734486241409384
2018-09-23 08:00:00,2.84,8.186590350306473
2018-09-23 08:15:00,2.48,19.402215286591364
2018-09-23 08:30:00,2.56,5.3412686698877305
2018-09-23 08:45:00,2.81,3.217337343617061
2018-09-23 09:00:00,2.7,3.199564616152382
2018-09-23 09:15:00,2.7,4.888166990660787
2018-09-23 09:30:00,2.7,5.034590063948027
2018-09-23 09:45:00,2.7,3.3900572888663767
2018-09-23 10:00:00,2.74,3.325990820373233
2018-09-23 10:15:00,2.7,3.4416761044036033
2018-09-23 10:30:00,2.77,3.3196871075323253
2018-09-23 10:45:00,2.77,2.8646943491616383
2018-09-23 11:00:00,2.7,2.882171097765568
2018-09-23 11:15:00,2.77,2.882171097765568
2018-09-23 11:30:00,2.74,3.074193459859191
2018-09-23 11:45:00,2.84,2.960657361139877
2018-09-23 12:00:00,3.35,2.942655089322628
2018-09-23 12:15:00,2.81,2.884134597963817
2018-09-23 12:30:00,2.81,3.12706193195781
2018-09-23 12:45:00,2.81,2.9888312604498743
2018-09-23 13:00:00,2.77,2.90757109666939
2018-09-23 13:15:00,2.99,3.6285487106142527
2018-09-23 13:30:00,3.35,3.4857805515039373
2018-09-23 13:45:00,2.81,3.5473693979923504
2018-09-23 14:00:00,2.88,3.719334862156466
2018-09-23 14:15:00,2.77,3.550266953935235
2018-09-23 14:30:00,2.81,3.469918853991619
2018-09-23 14:45:00,2.81,3.6744904299702816
2018-09-23 15:00:00,2.81,3.3587218418393534
2018-09-23 15:15:00,2.77,3.242747199811475
2018-09-23 15:30:00,2.81,3.2271539321018277
2018-09-23 15:45:00,2.84,3.0574721881717277
2018-09-23 16:00:00,2.84,3.2665117324269084
2018-09-23 16:15:00,3.1,2.613867160813505
2018-09-23 16:30:00,3.2,2.5623848329918606
2018-09-23 16:45:00,2.81,2.6575229084231964
2018-09-23 17:00:00,2.77,2.902762116156329
2018-09-23 17:15:00,2.81,2.6672026667500783
2018-09-23 17:30:00,2.81,2.580347774579318
2018-09-23 17:45:00,2.81,2.5686487297668377
2018-09-23 18:00:00,3.17,2.8113371854911766
2018-09-23 18:15:00,3.13,3.0194080408411534
2018-09-23 18:30:00,2.81,3.259300704118074
2018-09-23 18:45:00,2.81,3.1297406216147823
2018-09-23 19:00:00,2.81,3.029691752339349
2018-09-23 19:15:00,2.88,3.0080567509454816
2018-09-23 19:30:00,2.81,3.006460209630187
2018-09-23 19:45:00,3.24,3.006460209630187
2018-09-23 20:00:00,3.02,3.006460209630187
2018-09-23 20:15:00,2.81,3.3544198465843342
2018-09-23 20:30:00,2.84,3.114762731085218
2018-09-23 20:45:00,2.81,2.9695567570377825
2018-09-23 21:00:00,2.92,2.903804676470769
2018-09-23 21:15:00,2.81,2.955665736892856
2018-09-23 21:30:00,2.88,2.9893959628900384
2018-09-23 21:45:00,2.81,2.9717118381746452
2018-09-23 22:00:00,2.63,2.9796120923308473
2018-09-23 22:15:00,2.63,2.978015551015553
2018-09-23 22:30:00,2.66,2.9717118381746452
2018-09-23 22:45:00,2.7,2.9717118381746452
2018-09-23 23:00:00,3.6,2.9717118381746452
2018-09-23 23:15:00,4.0,2.978015551015553
2018-09-23 23:30:00,2.63,3.2300304773476847
2018-09-23 23:45:00,2.63,2.2664846967874817
2018-09-24 00:00:00,2.59,4.181128298636355
2018-09-24 00:15:00,2.63,3.2644376428072586
2018-09-24 00:30:00,2.74,2.9871357634966023
2018-09-24 00:45:00,2.63,3.2809060333066267
2018-09-24 01:00:00,2.59,2.901843024487145
2018-09-24 01:15:00,2.63,2.890669988724123
2018-09-24 01:30:00,2.63,2.890669988724123
2018-09-24 01:45:00,2.66,2.8843662758832154
2018-09-24 02:00:00,2.66,2.8843662758832154
2018-09-24 02:15:00,2.66,2.906004387385177
2018-09-24 02:30:00,2.63,2.906004387385177
2018-09-24 02:45:00,2.63,2.906004387385177
2018-09-24 03:00:00,2.95,2.913728554125653
2018-09-24 03:15:00,3.02,2.913728554125653
2018-09-24 03:30:00,2.63,3.0280517169180476
2018-09-24 03:45:00,3.17,2.9900112145720468
2018-09-24 04:00:00,3.24,2.931501281590332
2018-09-24 04:15:00,2.74,3.2218109998953097
2018-09-24 04:30:00,2.66,3.3890624619313567
2018-09-24 04:45:00,2.63,3.0901921143365096
2018-09-24 05:00:00,2.66,2.931501281590332
2018-09-24 05:15:00,2.63,3.0388849359077574
2018-09-24 05:30:00,2.7,3.0388849359077574
2018-09-24 05:45:00,2.63,2.913728554125653
2018-09-24 06:00:00,2.59,2.922860924971133
2018-09-24 06:15:00,3.1,2.922860924971133
2018-09-24 06:30:00,2.92,2.913728554125653
2018-09-24 06:45:00,2.56,3.016790994783193
2018-09-24 07:00:00,2.66,3.0035051688595034
2018-09-24 07:15:00,2.59,2.954054953715527
2018-09-24 07:30:00,2.56,3.3611018492412734
2018-09-24 07:45:00,2.63,4.6213377846677615
2018-09-24 08:00:00,2.59,23.639172712783527
2018-09-24 08:15:00,2.59,18.69039964627279
2018-09-24 08:30:00,2.74,3.4833806100289677
2018-09-24 08:45:00,2.81,3.5454433430799717
2018-09-24 09:00:00,2.88,2.928829281812019
2018-09-24 09:15:00,2.84,2.928829281812019
2018-09-24 09:30:00,3.17,3.081556067940167
2018-09-24 09:45:00,3.24,3.119321954526013
2018-09-24 10:00:00,2.84,3.205434214758152
2018-09-24 10:15:00,2.88,3.5122834432412415
2018-09-24 10:30:00,3.42,3.5739453505090633
2018-09-24 10:45:00,2.88,2.741348010596375
2018-09-24 11:00:00,2.84,3.4055534945077484
2018-09-24 11:15:00,2.81,3.25786615439906
2018-09-24 11:30:00,2.84,3.4272512818316514
2018-09-24 11:45:00,2.88,3.4494851890906837
2018-09-24 12:00:00,2.81,3.3652327167148397
2018-09-24 12:15:00,2.81,3.300408512515121
2018-09-24 12:30:00,2.84,3.2667055906323172
2018-09-24 12:45:00,2.81,3.223759905114257
2018-09-24 13:00:00,2.81,2.7600524587928867
2018-09-24 13:15:00,2.84,3.357813376273889
2018-09-24 13:30:00,2.84,3.2150452171635737
2018-09-24 13:45:00,3.13,3.2150452171635737
2018-09-24 14:00:00,3.49,3.2150452171635737
2018-09-24 14:15:00,2.92,3.3103869149133938
2018-09-24 14:30:00,3.38,3.5101492622728045
2018-09-24 14:45:00,3.24,3.3989027504837224
2018-09-24 15:00:00,2.84,3.362228280411822
2018-09-24 15:15:00,2.84,3.4596066061385717
2018-09-24 15:30:00,2.81,3.124413509288454
2018-09-24 15:45:00,2.81,3.0613588669456577
2018-09-24 16:00:00,2.81,3.0701785441958678
2018-09-24 16:15:00,2.92,2.9122700897034055
2018-09-24 16:30:00,2.88,2.5692803607903114
2018-09-24 16:45:00,2.81,2.7312035173966063
2018-09-24 17:00:00,2.81,3.2526900822398153
2018-09-24 17:15:00,2.84,3.2037514651064267
2018-09-24 17:30:00,2.77,2.8621526089105656
2018-09-24 17:45:00,2.77,2.8579494172493325
2018-09-24 18:00:00,2.74,2.907229716713248
2018-09-24 18:15:00,2.74,3.1153005720632247
2018-09-24 18:30:00,2.88,3.1498294602916377
2018-09-24 18:45:00,2.84,3.0568527733019573
2018-09-24 19:00:00,2.81,2.9744862784928703
2018-09-24 19:15:00,3.38,2.9656689417236164
2018-09-24 19:30:00,4.43,2.953985291114883
2018-09-24 19:45:00,2.92,3.2956412152281227
2018-09-24 20:00:00,2.81,4.636874288437284
2018-09-24 20:15:00,2.81,2.9433668473393713
2018-09-24 20:30:00,2.81,3.1333300634298347
2018-09-24 20:45:00,2.81,3.014037732655708
2018-09-24 21:00:00,2.88,2.634911418987507
2018-09-24 21:15:00,2.92,2.7721930695647004
2018-09-24 21:30:00,2.81,2.778496782405608
2018-09-24 21:45:00,2.77,3.1041998596066978
2018-09-24 22:00:00,2.66,3.002196882745873
2018-09-24 22:15:00,2.63,3.0136658973696444
2018-09-24 22:30:00,2.84,2.9958931699049653
2018-09-24 22:45:00,3.2,2.9958931699049653
2018-09-24 23:00:00,2.59,2.9958931699049653
2018-09-24 23:15:00,2.56,3.201256944953473
2018-09-24 23:30:00,2.59,2.9209644019526664
2018-09-24 23:45:00,2.66,2.971182837572921
2018-09-25 00:00:00,2.66,2.9958931699049653
2018-09-25 00:15:00,3.24,2.9958931699049653
2018-09-25 00:30:00,2.99,2.901843024487145
2018-09-25 00:45:00,2.63,3.2434989486003847
2018-09-25 01:00:00,2.63,3.010145545942176
2018-09-25 01:15:00,2.63,3.246960894203329
2018-09-25 01:30:00,2.59,3.246960894203329
2018-09-25 01:45:00,2.7,2.9517887228046313
2018-09-25 02:00:00,3.24,2.9517887228046313
2018-09-25 02:15:00,2.77,2.906004387385177
2018-09-25 02:30:00,2.7,3.2562523332593805
2018-09-25 02:45:00,2.63,2.954974922035638
2018-09-25 03:00:00,2.59,3.276323172445766
2018-09-25 03:15:00,2.66,2.913728554125653
2018-09-25 03:30:00,2.63,3.029752565062277
2018-09-25 03:45:00,2.63,2.932748895311137
2018-09-25 04:00:00,2.59,2.913728554125653
2018-09-25 04:15:00,2.59,2.922860924971133
2018-09-25 04:30:00,2.66,2.913728554125653
2018-09-25 04:45:00,2.66,2.913728554125653
2018-09-25 05:00:00,2.63,2.913728554125653
2018-09-25 05:15:00,2.88,2.913728554125653
2018-09-25 05:30:00,3.85,2.913728554125653
2018-09-25 05:45:00,2.84,2.913728554125653
2018-09-25 06:00:00,2.56,1.9721828770330667
2018-09-25 06:15:00,2.56,2.956395375935206
2018-09-25 06:30:00,2.56,3.276323172445766
2018-09-25 06:45:00,2.52,3.029752565062277
2018-09-25 07:00:00,2.56,3.369969022877177
2018-09-25 07:15:00,2.63,3.0816325666796356
2018-09-25 07:30:00,2.59,2.99850723092116
2018-09-25 07:45:00,2.63,3.942501173415965
2018-09-25 08:00:00,2.59,21.35645930705428
2018-09-25 08:15:00,2.52,19.196056725511838
2018-09-25 08:30:00,2.48,2.738064661913769
2018-09-25 08:45:00,2.92,3.09203825836184
2018-09-25 09:00:00,3.13,2.928829281812019
2018-09-25 09:15:00,2.66,2.645583480647733
2018-09-25 09:30:00,2.7,2.167045117362206
2018-09-25 09:45:00,2.66,3.1170009221090575
2018-09-25 10:00:00,3.1,3.411546391512075
2018-09-25 10:15:00,3.35,3.1709407700632397
2018-09-25 10:30:00,2.74,2.949306440651591
2018-09-25 10:45:00,2.63,2.4726244234930794
2018-09-25 11:00:00,2.66,2.6759221658565013
2018-09-25 11:15:00,2.66,3.092915937211254
2018-09-25 11:30:00,2.66,3.4094785543669723
2018-09-25 11:45:00,2.59,3.443181476249776
2018-09-25 12:00:00,2.66,3.21031230850625
2018-09-25 12:15:00,2.66,3.1580955299883464
2018-09-25 12:30:00,2.66,3.1243926081055426
2018-09-25 12:45:00,2.84,3.0688394969056674
2018-09-25 13:00:00,3.35,2.6114357634252046
2018-09-25 13:15:00,2.66,3.209196680906207
2018-09-25 13:30:00,2.63,3.299982832448419
2018-09-25 13:45:00,2.66,3.1068384839216017
2018-09-25 14:00:00,2.66,3.0842012492605706
2018-09-25 14:15:00,2.66,3.2150452171635737
2018-09-25 14:30:00,2.63,3.2637772869956634
2018-09-25 14:45:00,2.74,3.1226199557233905
2018-09-25 15:00:00,2.74,2.9324306749578084
2018-09-25 15:15:00,2.66,2.9401581338567127
2018-09-25 15:30:00,2.63,2.8508561456036325
2018-09-25 15:45:00,2.7,2.699480763090205
2018-09-25 16:00:00,2.66,2.7591378863578444
2018-09-25 16:15:00,2.66,2.765886173326168
2018-09-25 16:30:00,3.28,2.422896444413074
2018-09-25 16:45:00,3.67,2.5510893750221864
2018-09-25 17:00:00,2.95,2.821493818803366
2018-09-25 17:15:00,2.66,1.5993985141817157
2018-09-25 17:30:00,2.63,2.2948679059403534
2018-09-25 17:45:00,2.63,2.188665905664997
2018-09-25 18:00:00,2.52,2.9250024441779265
2018-09-25 18:15:00,2.56,3.106543165654861
2018-09-25 18:30:00,2.59,3.14352574745073
2018-09-25 18:45:00,2.59,2.9691063407250446
2018-09-25 19:00:00,2.7,2.9691063407250446
2018-09-25 19:15:00,2.77,2.9602890039557908
2018-09-25 19:30:00,2.84,2.953985291114883
2018-09-25 19:45:00,3.02,2.953985291114883
2018-09-25 20:00:00,3.35,2.953985291114883
2018-09-25 20:15:00,2.74,2.6985981104418277
2018-09-25 20:30:00,2.74,2.978665188066654
2018-09-25 20:45:00,2.77,3.3330792769771502
2018-09-25 21:00:00,2.81,2.7124931739059592
2018-09-25 21:15:00,2.7,2.7721930695647004
2018-09-25 21:30:00,2.77,2.7721930695647004
2018-09-25 21:45:00,3.46,2.901843024487145
2018-09-25 22:00:00,2.88,2.9081467373280527
2018-09-25 22:15:00,2.59,3.2614863120500255
2018-09-25 22:30:00,2.56,3.0363031320306755
2018-09-25 22:45:00,2.63,2.919615751951824
2018-09-25 23:00:00,2.56,2.9135266750958784
2018-09-25 23:15:00,2.63,2.9958931699049653
2018-09-25 23:30:00,3.13,2.9958931699049653
2018-09-25 23:45:00,2.48,2.901843024487145
2018-09-26 00:00:00,2.56,3.0034884350778728
2018-09-26 00:15:00,2.66,2.914660689111759
2018-09-26 00:30:00,2.63,2.919615751951824
2018-09-26 00:45:00,2.66,2.901843024487145
2018-09-26 01:00:00,2.63,2.9958931699049653
2018-09-26 01:15:00,2.59,2.8843662758832154
2018-09-26 01:30:00,2.59,2.8843662758832154
2018-09-26 01:45:00,2.66,2.890669988724123
2018-09-26 02:00:00,2.59,2.8843662758832154
2018-09-26 02:15:00,2.56,2.906004387385177
2018-09-26 02:30:00,2.77,2.906004387385177
2018-09-26 02:45:00,3.17,2.906004387385177
2018-09-26 03:00:00,2.81,2.913728554125653
2018-09-26 03:15:00,2.63,3.2040382724306307
2018-09-26 03:30:00,3.13,2.9288030784341097
2018-09-26 03:45:00,2.92,3.276323172445766
2018-09-26 04:00:00,2.59,3.035811335968677
2018-09-26 04:15:00,2.56,2.761581288206448
2018-09-26 04:30:00,2.59,3.0475252925269563
2018-09-26 04:45:00,2.56,2.931501281590332
2018-09-26 05:00:00,2.63,3.0388849359077574
2018-09-26 05:15:00,2.56,3.029752565062277
2018-09-26 05:30:00,2.63,2.913728554125653
2018-09-26 05:45:00,2.56,2.922860924971133
2018-09-26 06:00:00,2.48,2.922860924971133
2018-09-26 06:15:00,2.52,2.913728554125653
2018-09-26 06:30:00,2.52,2.913728554125653
2018-09-26 06:45:00,2.59,2.913728554125653
2018-09-26 07:00:00,2.52,2.9579599997334283
2018-09-26 07:15:00,2.56,2.922755642975752
2018-09-26 07:30:00,2.56,2.99850723092116
2018-09-26 07:45:00,3.13,3.9333688025704823
2018-09-26 08:00:00,3.02,20.850802227815233
2018-09-26 08:15:00,2.74,26.790004435714057
2018-09-26 08:30:00,2.48,1.4116411996720515
2018-09-26 08:45:00,2.59,3.109810985826519
2018-09-26 09:00:00,2.63,2.946602009276698
2018-09-26 09:15:00,2.63,4.6111279434795165
2018-09-26 09:30:00,2.66,4.763854729607664
2018-09-26 09:45:00,2.63,3.119321954526013
2018-09-26 10:00:00,2.74,3.0552554860328693
2018-09-26 10:15:00,2.63,3.0552554860328693
2018-09-26 10:30:00,2.63,3.0489517731919618
2018-09-26 10:45:00,2.59,2.5939590148212748
2018-09-26 11:00:00,2.59,2.6114357634252046
2018-09-26 11:15:00,3.2,3.0688394969056674
2018-09-26 11:30:00,3.2,3.26086185899929
2018-09-26 11:45:00,3.24,3.451047222448287
2018-09-26 12:00:00,2.81,3.3796124146970548
2018-09-26 12:15:00,2.7,3.391550228345102
2018-09-26 12:30:00,2.74,3.1762715848550247
2018-09-26 12:45:00,2.81,3.2352289197380286
2018-09-26 13:00:00,2.74,2.7600524587928867
2018-09-26 13:15:00,2.7,3.357813376273889
2018-09-26 13:30:00,2.7,3.2213489300044813
2018-09-26 13:45:00,2.59,3.072732234636799
2018-09-26 14:00:00,2.59,3.072732234636799
2018-09-26 14:15:00,2.59,3.2150452171635737
2018-09-26 14:30:00,2.59,3.115160591627981
2018-09-26 14:45:00,2.66,3.0434735330897595
2018-09-26 15:00:00,3.24,2.8532842523241775
2018-09-26 15:15:00,2.77,2.7773651119849188
2018-09-26 15:30:00,2.59,3.1522314186367124
2018-09-26 15:45:00,2.59,2.8077116875964676
2018-09-26 16:00:00,2.56,3.18955346705851
2018-09-26 16:15:00,2.59,2.8337071357067205
2018-09-26 16:30:00,2.52,2.630797610329956
2018-09-26 16:45:00,2.66,2.630593988011472
2018-09-26 17:00:00,2.59,2.6271510927304456
2018-09-26 17:15:00,2.59,2.5892233599635777
2018-09-26 17:30:00,3.17,2.6517605728519227
2018-09-26 17:45:00,3.02,2.6665149404296837
2018-09-26 18:00:00,2.52,2.866034135859757
2018-09-26 18:15:00,2.59,2.860781232465166
2018-09-26 18:30:00,3.31,2.9830252618262487
2018-09-26 18:45:00,2.7,2.950669591997031
2018-09-26 19:00:00,2.66,3.3686029340634116
2018-09-26 19:15:00,2.66,3.0710515034862174
2018-09-26 19:30:00,2.74,3.2991860142628004
2018-09-26 19:45:00,2.74,2.9428951087835946
2018-09-26 20:00:00,2.66,3.036945254201415
2018-09-26 20:15:00,2.63,2.936591395942687
2018-09-26 20:30:00,2.66,2.936591395942687
2018-09-26 20:45:00,2.7,2.8984958030399426
2018-09-26 21:00:00,2.63,2.7922838197793545
2018-09-26 21:15:00,2.92,2.8857969232053557
2018-09-26 21:30:00,3.28,2.8857969232053557
2018-09-26 21:45:00,2.74,2.9355732504843277
2018-09-26 22:00:00,2.56,3.2434989486003847
2018-09-26 22:15:00,2.63,2.9600257140775343
2018-09-26 22:30:00,3.17,2.919615751951824
2018-09-26 22:45:00,2.7,2.9958931699049653
2018-09-26 23:00:00,2.45,3.28362343976256
2018-09-26 23:15:00,2.45,2.914660689111759
2018-09-26 23:30:00,2.45,2.925919464792732
2018-09-26 23:45:00,2.84,2.9081467373280527
2018-09-27 00:00:00,2.48,2.9958931699049653
2018-09-27 00:15:00,2.48,2.901843024487145
2018-09-27 00:30:00,2.59,2.901843024487145
2018-09-27 00:45:00,3.1,2.9081467373280527
2018-09-27 01:00:00,2.74,2.901843024487145
2018-09-27 01:15:00,2.56,2.730154393392983
2018-09-27 01:30:00,2.52,2.8843662758832154
2018-09-27 01:45:00,2.52,3.246960894203329
2018-09-27 02:00:00,2.56,2.8843662758832154
2018-09-27 02:15:00,2.52,3.0196643613766643
2018-09-27 02:30:00,2.52,2.906004387385177
2018-09-27 02:45:00,2.7,2.906004387385177
2018-09-27 03:00:00,3.2,2.922860924971133
2018-09-27 03:15:00,2.81,2.913728554125653
2018-09-27 03:30:00,2.52,2.8752473021402696
2018-09-27 03:45:00,2.56,2.9288030784341097
2018-09-27 04:00:00,2.52,3.276323172445766
2018-09-27 04:15:00,2.52,2.913728554125653
2018-09-27 04:30:00,2.52,3.029752565062277
2018-09-27 04:45:00,3.17,3.029752565062277
2018-09-27 05:00:00,2.66,2.913728554125653
2018-09-27 05:15:00,2.56,3.213170643276111
2018-09-27 05:30:00,2.52,2.9288030784341097
2018-09-27 05:45:00,2.45,2.6626471101016924
2018-09-27 06:00:00,2.45,2.913728554125653
2018-09-27 06:15:00,2.48,3.029752565062277
2018-09-27 06:30:00,2.48,2.913728554125653
2018-09-27 06:45:00,2.45,2.913728554125653
2018-09-27 07:00:00,2.48,2.9670923705789085
2018-09-27 07:15:00,2.84,2.922755642975752
2018-09-27 07:30:00,7.99,2.99850723092116
2018-09-27 07:45:00,9.04,3.9333688025704823
2018-09-27 08:00:00,28.04,50.09597685179573
2018-09-27 08:15:00,49.46,75.10281594338839
2018-09-27 08:30:00,56.41,59.7043195226402
2018-09-27 08:45:00,40.75,61.845505578928744
2018-09-27 09:00:00,47.16,60.56343876086151
2018-09-27 09:15:00,46.91,46.45841725111911
2018-09-27 09:30:00,54.72,50.91904346161021
2018-09-27 09:45:00,57.78,52.8113862868737
2018-09-27 10:00:00,48.38,58.112140693244555
2018-09-27 10:15:00,57.82,54.137327139871445
2018-09-27 10:30:00,62.06,52.566854025546846
2018-09-27 10:45:00,57.49,56.71934923109407
2018-09-27 11:00:00,51.8,60.084704981082346
2018-09-27 11:15:00,44.28,57.14291474116265
2018-09-27 11:30:00,48.96,56.7425234495772
2018-09-27 11:45:00,54.0,41.61144196160527
2018-09-27 12:00:00,3.89,12.133076307286709
2018-09-27 12:15:00,3.67,5.700257518356083
2018-09-27 12:30:00,3.49,4.7478716767750475
2018-09-27 12:45:00,4.07,5.711315275137038
2018-09-27 13:00:00,25.85,13.429195412363766
2018-09-27 13:15:00,61.02,48.017817442079775
2018-09-27 13:30:00,52.85,55.71742270849838
2018-09-27 13:45:00,60.62,62.085628860868354
2018-09-27 14:00:00,121.46,57.43607745396005
2018-09-27 14:15:00,127.62,56.93700559851714
2018-09-27 14:30:00,71.14,90.87238989953994
2018-09-27 14:45:00,112.46,102.76258350718511
2018-09-27 15:00:00,110.05,89.50409698778029
2018-09-27 15:15:00,96.01,87.03244982821579
2018-09-27 15:30:00,115.24,95.56425175756861
2018-09-27 15:45:00,82.19,85.03789613161182
2018-09-27 16:00:00,61.63,87.24687937781584
2018-09-27 16:15:00,60.73,103.47421368614624
2018-09-27 16:30:00,48.53,78.64139910000792
2018-09-27 16:45:00,49.07,64.64860531219334
2018-09-27 17:00:00,54.32,53.052022552473446
2018-09-27 17:15:00,59.62,53.29474237949329
2018-09-27 17:30:00,34.81,38.10196854043442
2018-09-27 17:45:00,27.32,25.19929950918474
2018-09-27 18:00:00,32.22,41.254143102403845
2018-09-27 18:15:00,40.86,49.26607488163948
2018-09-27 18:30:00,36.18,50.53519224901788
2018-09-27 18:45:00,31.75,47.1982918570262
2018-09-27 19:00:00,37.76,40.3493793025848
2018-09-27 19:15:00,31.79,38.078879197873
2018-09-27 19:30:00,36.4,48.26017895989067
2018-09-27 19:45:00,40.32,37.59690544559027
2018-09-27 20:00:00,34.34,40.4668810488102
2018-09-27 20:15:00,34.92,42.18627745135796
2018-09-27 20:30:00,39.64,33.64218692661379
2018-09-27 20:45:00,19.04,20.941969619434904
2018-09-27 21:00:00,7.49,18.55582609632466
2018-09-27 21:15:00,5.26,4.745607518405426
2018-09-27 21:30:00,3.78,6.376118588714251
2018-09-27 21:45:00,3.78,4.6029266297659985
2018-09-27 22:00:00,3.49,3.7134237814472026
2018-09-27 22:15:00,3.46,3.7345605697666464
2018-09-27 22:30:00,3.46,3.514266203867848
2018-09-27 22:45:00,3.42,3.514266203867848
2018-09-27 23:00:00,3.31,3.514266203867848
2018-09-27 23:15:00,2.77,3.5780702483265663
2018-09-27 23:30:00,2.77,3.5780702483265663
2018-09-27 23:45:00,3.13,3.0941609885731824
2018-09-28 00:00:00,2.77,3.029569694717152
2018-09-28 00:15:00,2.81,3.0936120817271973
2018-09-28 00:30:00,2.84,3.011088048601991
2018-09-28 00:45:00,2.95,2.9472031999080652
2018-09-28 01:00:00,2.88,2.9159038891682902
2018-09-28 01:15:00,2.92,3.0157547833654563
2018-09-28 01:30:00,3.02,2.8794112155220266
2018-09-28 01:45:00,2.99,2.9926369278112688
2018-09-28 02:00:00,3.38,2.995499950403632
2018-09-28 02:15:00,4.1,3.0912500577036206
2018-09-28 02:30:00,3.17,3.373090610364552
2018-09-28 02:45:00,2.99,4.460391906542733
2018-09-28 03:00:00,2.95,3.385361964172972
2018-09-28 03:15:00,2.95,3.128227728826583
2018-09-28 03:30:00,2.95,3.1163862635276534
2018-09-28 03:45:00,2.88,3.1291950269386044
2018-09-28 04:00:00,2.95,3.1222855753636063
2018-09-28 04:15:00,3.02,3.0401036030812594
2018-09-28 04:30:00,2.95,3.1163862635276534
2018-09-28 04:45:00,2.92,3.0909862646238313
2018-09-28 05:00:00,2.95,3.1222855753636063
2018-09-28 05:15:00,2.99,3.0856487722073345
2018-09-28 05:30:00,2.95,3.1163862635276534
2018-09-28 05:45:00,3.64,3.1222855753636063
2018-09-28 06:00:00,3.85,3.113153204518126
2018-09-28 06:15:00,3.17,3.3306367839844055
2018-09-28 06:30:00,2.88,3.7610596175043236
2018-09-28 06:45:00,2.84,3.3412228405203077
2018-09-28 07:00:00,2.92,3.061077439225669
2018-09-28 07:15:00,3.06,3.1052004108766527
2018-09-28 07:30:00,3.2,3.2104688427597017
2018-09-28 07:45:00,3.02,4.165891365411564
2018-09-28 08:00:00,28.48,33.97577034040709
2018-09-28 08:15:00,38.59,23.43535495304663
2018-09-28 08:30:00,55.51,60.80880511997227
2018-09-28 08:45:00,58.03,48.7648222869403
2018-09-28 09:00:00,54.36,56.78946242093559
2018-09-28 09:15:00,60.3,58.200543817905135
2018-09-28 09:30:00,60.12,52.84349809230305
2018-09-28 09:45:00,47.2,53.12020438045381
2018-09-28 10:00:00,49.32,51.77238915104101
2018-09-28 10:15:00,53.14,56.718286056077986
2018-09-28 10:30:00,52.6,56.559484119094556
2018-09-28 10:45:00,59.69,59.590669263493055
2018-09-28 11:00:00,50.26,59.24418238575588
2018-09-28 11:15:00,56.77,57.571401489062175
2018-09-28 11:30:00,50.72,52.68901190343611
2018-09-28 11:45:00,46.12,52.57543597208882
2018-09-28 12:00:00,6.12,9.541424942559946
2018-09-28 12:15:00,5.26,8.822708737162722
2018-09-28 12:30:00,4.0,5.080625296043619
2018-09-28 12:45:00,3.64,5.7041210128069215
2018-09-28 13:00:00,26.57,34.783796858532874
2018-09-28 13:15:00,43.67,24.430418577437848
2018-09-28 13:30:00,55.58,57.74952829725599
2018-09-28 13:45:00,64.87,48.03332891320636
2018-09-28 14:00:00,41.72,56.363729379677075
2018-09-28 14:15:00,39.1,61.88130148101907
2018-09-28 14:30:00,53.68,48.21908069756658
2018-09-28 14:45:00,55.04,47.19725110799531
2018-09-28 15:00:00,38.52,55.77594382098666
2018-09-28 15:15:00,56.81,56.16102083926995
2018-09-28 15:30:00,56.66,46.13117333811164
2018-09-28 15:45:00,44.71,55.986956575735775
2018-09-28 16:00:00,38.74,56.943784940702464
2018-09-28 16:15:00,45.36,49.00294004022399
2018-09-28 16:30:00,50.18,44.539000441492625
2018-09-28 16:45:00,58.25,47.36260825474743
2018-09-28 17:00:00,46.76,47.878555909564
2018-09-28 17:15:00,51.48,51.49226034811041
2018-09-28 17:30:00,33.41,33.72866867539765
2018-09-28 17:45:00,27.25,26.793242987852494
2018-09-28 18:00:00,29.52,39.757569898972015
2018-09-28 18:15:00,37.87,30.287697275057898
2018-09-28 18:30:00,38.12,37.12881203509595
2018-09-28 18:45:00,38.63,44.429565922795746
2018-09-28 19:00:00,38.38,41.99893467333294
2018-09-28 19:15:00,29.45,41.957178992315484
2018-09-28 19:30:00,36.58,42.29372713472129
2018-09-28 19:45:00,35.32,33.651348299969584
2018-09-28 20:00:00,35.24,44.14567949614952
2018-09-28 20:15:00,33.16,37.775690229014565
2018-09-28 20:30:00,21.67,33.224496365573884
2018-09-28 20:45:00,7.85,20.941969619434904
2018-09-28 21:00:00,6.19,3.798321435616923
2018-09-28 21:15:00,3.56,6.237374980747987
2018-09-28 21:30:00,3.6,4.57294930415565
2018-09-28 21:45:00,3.53,3.5585304334621073
2018-09-28 22:00:00,3.24,3.590380082259171
2018-09-28 22:15:00,3.17,3.4662814145490004
2018-09-28 22:30:00,3.2,3.490084872137528
2018-09-28 22:45:00,3.17,3.436159217881883
2018-09-28 23:00:00,3.1,3.4085669203807867
2018-09-28 23:15:00,3.1,3.472370964839505
2018-09-28 23:30:00,3.13,3.137729057091586
2018-09-28 23:45:00,2.56,3.1249113924669722
2018-09-29 00:00:00,2.7,3.1519807918445344
2018-09-29 00:15:00,2.48,3.069456758719328
2018-09-29 00:30:00,2.45,3.0272228081047072
2018-09-29 00:45:00,2.56,2.9959234973649322
2018-09-29 01:00:00,2.59,2.9959234973649322
2018-09-29 01:15:00,3.17,2.8843966033431823
2018-09-29 01:30:00,2.95,2.864141770381358
2018-09-29 01:45:00,2.52,3.1518720402389526
2018-09-29 02:00:00,2.52,2.6152685414920085
2018-09-29 02:15:00,2.59,2.910775479782187
2018-09-29 02:30:00,2.48,3.2420707873625254
2018-09-29 02:45:00,2.52,2.9955001799790364
2018-09-29 03:00:00,2.59,3.003224346719512
2018-09-29 03:15:00,2.59,2.8872003357828877
2018-09-29 03:30:00,2.59,2.896332706628368
2018-09-29 03:45:00,2.59,2.896332706628368
2018-09-29 04:00:00,2.52,2.8925258616308214
2018-09-29 04:15:00,2.77,2.8925258616308214
2018-09-29 04:30:00,3.17,2.8925258616308214
2018-09-29 04:45:00,2.56,2.8925258616308214
2018-09-29 05:00:00,2.59,2.854044609645438
2018-09-29 05:15:00,2.59,2.9076003859392783
2018-09-29 05:30:00,2.56,3.249794954103001
2018-09-29 05:45:00,2.56,2.906220676968372
2018-09-29 06:00:00,2.52,3.0085498725674458
2018-09-29 06:15:00,2.56,2.8925258616308214
2018-09-29 06:30:00,2.59,2.8925258616308214
2018-09-29 06:45:00,2.74,2.9016582324763016
2018-09-29 07:00:00,3.13,2.8925258616308214
2018-09-29 07:15:00,3.02,2.8573215048731453
2018-09-29 07:30:00,2.66,2.7073445631857322
2018-09-29 07:45:00,3.06,3.338993477840917
2018-09-29 08:00:00,21.85,8.350404177925574
2018-09-29 08:15:00,47.3,6.85554725403495
2018-09-29 08:30:00,45.65,35.913329906043444
2018-09-29 08:45:00,41.9,52.112688875520945
2018-09-29 09:00:00,44.46,48.44296452230352
2018-09-29 09:15:00,47.41,42.71780528774225
2018-09-29 09:30:00,47.23,43.57001382264611
2018-09-29 09:45:00,37.87,46.87171415080201
2018-09-29 10:00:00,47.74,45.623518748904644
2018-09-29 10:15:00,44.5,39.65566055084156
2018-09-29 10:30:00,42.3,48.517835168952274
2018-09-29 10:45:00,44.14,44.69047934847689
2018-09-29 11:00:00,48.02,44.6026073343347
2018-09-29 11:15:00,49.14,43.12858553835351
2018-09-29 11:30:00,44.5,47.41084749061071
2018-09-29 11:45:00,32.47,34.59261679799964
2018-09-29 12:00:00,3.42,7.32029122817853
2018-09-29 12:15:00,3.28,6.78503239912572
2018-09-29 12:30:00,3.38,3.9724845450180073
2018-09-29 12:45:00,4.5,4.636321194961344
2018-09-29 13:00:00,19.51,12.425506929245575
2018-09-29 13:15:00,47.59,41.56641026400633
2018-09-29 13:30:00,47.48,42.7519907880618
2018-09-29 13:45:00,35.03,49.9636534057853
2018-09-29 14:00:00,34.6,46.98515349671744
2018-09-29 14:15:00,46.58,34.61847234910704
2018-09-29 14:30:00,47.88,34.76041530218494
2018-09-29 14:45:00,34.49,44.092166656974925
2018-09-29 15:00:00,34.92,47.5894062917542
2018-09-29 15:15:00,50.62,34.411690630237985
2018-09-29 15:30:00,36.14,33.98153176614875
2018-09-29 15:45:00,35.93,47.504941859301134
2018-09-29 16:00:00,51.59,34.15149509064223
2018-09-29 16:15:00,35.32,31.695450713733145
2018-09-29 16:30:00,24.12,49.61103408999037
2018-09-29 16:45:00,4.97,21.892540214177476
2018-09-29 17:00:00,3.6,0.0
2018-09-29 17:15:00,3.46,3.4885160555582737
2018-09-29 17:30:00,3.49,2.966333119030346
2018-09-29 17:45:00,3.38,2.988303336370936
2018-09-29 18:00:00,3.35,3.3874428721808743
2018-09-29 18:15:00,3.42,3.595513727530851
2018-09-29 18:30:00,3.46,3.6315364313339074
2018-09-29 18:45:00,3.49,3.5890042211869058
2018-09-29 19:00:00,3.49,3.515825550111523
2018-09-29 19:15:00,3.46,3.4202336082106712
2018-09-29 19:30:00,3.42,3.439604207742175
2018-09-29 19:45:00,3.42,3.398443280115209
2018-09-29 20:00:00,3.46,3.398443280115209
2018-09-29 20:15:00,3.53,3.449780748059959
2018-09-29 20:30:00,3.38,3.408619820432993
2018-09-29 20:45:00,2.81,3.375834302467019
2018-09-29 21:00:00,2.81,3.3159815337359584
2018-09-29 21:15:00,2.81,3.007528378398276
2018-09-29 21:30:00,2.81,2.967118416272566
2018-09-29 21:45:00,2.81,2.9858452047208917
2018-09-29 22:00:00,3.13,2.975668664403108
2018-09-29 22:15:00,3.28,2.975668664403108
2018-09-29 22:30:00,2.59,3.071010362152928
2018-09-29 22:45:00,2.59,3.330142253140961
2018-09-29 23:00:00,2.59,3.0410742244276854
2018-09-29 23:15:00,2.56,3.0006642623019752
2018-09-29 23:30:00,2.52,2.9693649515622003
2018-09-29 23:45:00,2.74,2.9693649515622003
2018-09-30 00:00:00,3.02,2.877661692756825
2018-09-30 00:15:00,2.81,2.8839654055977326
2018-09-30 00:30:00,2.63,2.9455542520861457
2018-09-30 00:45:00,2.56,2.877661692756825
2018-09-30 01:00:00,2.56,3.2402563110769385
2018-09-30 01:15:00,2.59,2.8601849441528953
2018-09-30 01:30:00,2.56,2.9276073910743112
2018-09-30 01:45:00,2.56,2.9276073910743112
2018-09-30 02:00:00,2.63,2.8601849441528953
2018-09-30 02:15:00,2.56,2.8881267684957646
2018-09-30 02:30:00,2.56,2.881823055654857
2018-09-30 02:45:00,2.63,2.881823055654857
2018-09-30 03:00:00,2.59,2.8895472223953327
2018-09-30 03:15:00,2.56,2.8895472223953327
2018-09-30 03:30:00,3.13,2.8895472223953327
2018-09-30 03:45:00,2.88,2.8895472223953327
2018-09-30 04:00:00,3.1,2.663818692762512
2018-09-30 04:15:00,3.02,2.9046217467037896
2018-09-30 04:30:00,2.52,3.0264133110826252
2018-09-30 04:45:00,2.63,2.6370389125513656
2018-09-30 05:00:00,2.66,3.023343960796636
2018-09-30 05:15:00,2.52,3.023343960796636
2018-09-30 05:30:00,2.59,3.005571233331957
2018-09-30 05:45:00,2.52,3.0147036041774373
2018-09-30 06:00:00,2.52,2.8895472223953327
2018-09-30 06:15:00,2.56,2.898679593240813
2018-09-30 06:30:00,2.56,2.898679593240813
2018-09-30 06:45:00,2.59,2.8895472223953327
2018-09-30 07:00:00,2.52,2.8895472223953327
2018-09-30 07:15:00,2.95,2.8543428656376566
2018-09-30 07:30:00,2.95,2.9300944535830644
2018-09-30 07:45:00,2.59,3.3209403142969713
2018-09-30 08:00:00,2.56,8.389326966425463
2018-09-30 08:15:00,2.52,6.565449762184768
2018-09-30 08:30:00,2.63,3.899924861421218
2018-09-30 08:45:00,2.74,4.88186327781988
2018-09-30 09:00:00,3.02,4.88186327781988
2018-09-30 09:15:00,3.46,3.199564616152382
2018-09-30 09:30:00,2.81,3.3493610055357284
2018-09-30 09:45:00,2.77,3.477003122726733
2018-09-30 10:00:00,2.74,3.3778697971227154
2018-09-30 10:15:00,2.74,3.3374598349970044
2018-09-30 10:30:00,2.74,3.4416761044036033
2018-09-30 10:45:00,2.74,2.9866833460329163
2018-09-30 11:00:00,2.7,3.0307877931332503
2018-09-30 11:15:00,2.7,2.954725011165071
2018-09-30 11:30:00,2.74,3.0804971727000985
2018-09-30 11:45:00,3.02,2.960657361139877
2018-09-30 12:00:00,3.31,2.876404888764033
2018-09-30 12:15:00,2.77,2.879473243893635
2018-09-30 12:30:00,2.81,3.12706193195781
2018-09-30 12:45:00,2.77,2.940353787355958
2018-09-30 13:00:00,2.7,2.899943825230247
2018-09-30 13:15:00,2.66,3.6285487106142527
2018-09-30 13:30:00,2.74,3.4857805515039373
2018-09-30 13:45:00,2.74,3.4034140566948503
2018-09-30 14:00:00,2.74,3.492084264344845
2018-09-30 14:15:00,2.95,3.409717769535758
2018-09-30 14:30:00,3.38,3.3858959259683448
2018-09-30 14:45:00,2.95,3.375797713918537
2018-09-30 15:00:00,2.7,3.397629399005689
2018-09-30 15:15:00,2.7,3.167871982404086
2018-09-30 15:30:00,2.7,3.0439761932394074
2018-09-30 15:45:00,2.74,3.341578446350838
2018-09-30 16:00:00,2.95,3.2665117324269084
2018-09-30 16:15:00,3.31,2.613867160813505
2018-09-30 16:30:00,2.66,2.4901971887848515
2018-09-30 16:45:00,2.7,2.8189649613590233
2018-09-30 17:00:00,2.7,2.607048531674262
2018-09-30 17:15:00,2.7,2.576511042857029
2018-09-30 17:30:00,2.7,2.5728519214280707
2018-09-30 17:45:00,2.74,2.5686487297668377
2018-09-30 18:00:00,2.63,2.7172870400733564
2018-09-30 18:15:00,2.66,2.931661608264241
2018-09-30 18:30:00,2.77,2.959886783651746
2018-09-30 18:45:00,2.77,2.921227400981621
2018-09-30 19:00:00,2.95,2.921227400981621
2018-09-30 19:15:00,3.35,2.912410064212367
2018-09-30 19:30:00,2.99,2.97399891070078
2018-09-30 19:45:00,3.46,3.2540659883256065
2018-09-30 20:00:00,2.74,3.0438652508999025
2018-09-30 20:15:00,2.7,3.628344257254453
2018-09-30 20:30:00,2.77,3.0543660249071447
2018-09-30 20:45:00,2.77,2.979833631351214
2018-09-30 21:00:00,2.77,2.9022081351554743
2018-09-30 21:15:00,2.77,2.9619694497337634
2018-09-30 21:30:00,2.74,2.867919304315943
2018-09-30 21:45:00,2.77,2.8839654055977326
2018-09-30 22:00:00,2.59,2.895649056206466
2018-09-30 22:15:00,3.17,2.8893453433655583
2018-09-30 22:30:00,2.81,2.8893453433655583
2018-09-30 22:45:00,2.59,3.177075613223153
2018-09-30 23:00:00,2.56,2.8904793573814387
2018-09-30 23:15:00,2.52,2.9206446541053332
2018-09-30 23:30:00,2.59,2.877661692756825
2018-09-30 23:45:00,2.56,2.9717118381746452
