interval_start,energy,prediction
2018-07-01 00:00:00,2.81,2.985228412698411
2018-07-01 00:15:00,2.81,2.991772288961038
2018-07-01 00:30:00,2.95,2.9796601587301588
2018-07-01 00:45:00,2.81,2.9894642063492074
2018-07-01 01:00:00,2.88,3.1363559920634896
2018-07-01 01:15:00,2.88,3.007426964285715
2018-07-01 01:30:00,2.84,3.022529503968255
2018-07-01 01:45:00,2.84,3.0591552777777777
2018-07-01 02:00:00,2.92,3.0682532142857144
2018-07-01 02:15:00,2.84,3.14248011904762
2018-07-01 02:30:00,2.88,3.0224614880952383
2018-07-01 02:45:00,2.84,3.132341785714286
2018-07-01 03:00:00,3.67,3.0726825595238108
2018-07-01 03:15:00,3.85,3.007376785714286
2018-07-01 03:30:00,2.88,2.957929880952379
2018-07-01 03:45:00,2.81,2.9387739880952366
2018-07-01 04:00:00,2.81,2.9275540674603167
2018-07-01 04:15:00,2.81,2.9534954761904775
2018-07-01 04:30:00,2.81,2.9451548015872997
2018-07-01 04:45:00,2.84,2.957793749999999
2018-07-01 05:00:00,2.74,2.955391190476188
2018-07-01 05:15:00,2.77,2.9595816666666654
2018-07-01 05:30:00,2.81,2.910059155844154
2018-07-01 05:45:00,2.81,2.9711464574314586
2018-07-01 06:00:00,2.77,3.026870941558441
2018-07-01 06:15:00,2.81,2.9898854653679643
2018-07-01 06:30:00,2.74,2.9612854653679648
2018-07-01 06:45:00,2.74,2.9887589574314557
2018-07-01 07:00:00,2.7,2.9843404058441565
2018-07-01 07:15:00,2.74,3.116971468253966
2018-07-01 07:30:00,3.28,2.9250796428571433
2018-07-01 07:45:00,3.06,2.7558732142857156
2018-07-01 08:00:00,3.38,13.84518678571428
2018-07-01 08:15:00,2.74,11.258971488095234
2018-07-01 08:30:00,2.66,3.1414462698412695
2018-07-01 08:45:00,2.84,3.1007162896825404
2018-07-01 09:00:00,2.99,3.076037718253966
2018-07-01 09:15:00,3.1,2.9983001190476193
2018-07-01 09:30:00,2.99,3.187096607142856
2018-07-01 09:45:00,2.99,3.237841845238093
2018-07-01 10:00:00,3.02,3.3821849404761877
2018-07-01 10:15:00,3.02,3.252502857142856
2018-07-01 10:30:00,2.99,3.2571495833333306
2018-07-01 10:45:00,3.06,3.2500142857142844
2018-07-01 11:00:00,3.35,3.1085291666666666
2018-07-01 11:15:00,3.02,3.0755769642857125
2018-07-01 11:30:00,2.84,3.0579094047619044
2018-07-01 11:45:00,2.81,3.067080476190479
2018-07-01 12:00:00,2.95,2.9950859523809545
2018-07-01 12:15:00,3.13,3.0149186309523794
2018-07-01 12:30:00,3.1,3.0734170039682516
2018-07-01 12:45:00,3.06,3.1063148214285703
2018-07-01 13:00:00,3.42,3.193871547619047
2018-07-01 13:15:00,3.6,3.247013928571428
2018-07-01 13:30:00,2.99,3.2326538888888883
2018-07-01 13:45:00,2.95,3.1468655158730146
2018-07-01 14:00:00,2.99,3.029457301587304
2018-07-01 14:15:00,2.99,2.9846720238095243
2018-07-01 14:30:00,3.02,3.087185496031747
2018-07-01 14:45:00,2.99,3.1895506150793635
2018-07-01 15:00:00,2.99,3.286220674603174
2018-07-01 15:15:00,3.56,3.249097619047618
2018-07-01 15:30:00,3.17,3.212549841269839
2018-07-01 15:45:00,2.92,3.1208330952380954
2018-07-01 16:00:00,2.92,3.120233452380952
2018-07-01 16:15:00,2.95,3.09703206349206
2018-07-01 16:30:00,2.95,3.134336706349206
2018-07-01 16:45:00,2.95,3.0762961904761905
2018-07-01 17:00:00,2.99,3.1732357738095254
2018-07-01 17:15:00,2.99,3.1485209126984133
2018-07-01 17:30:00,2.95,3.118960773809525
2018-07-01 17:45:00,3.06,3.093756715367962
2018-07-01 18:00:00,2.88,3.0890387987012984
2018-07-01 18:15:00,2.84,3.0923875595238104
2018-07-01 18:30:00,3.06,3.084544155844157
2018-07-01 18:45:00,3.74,3.068294265873016
2018-07-01 19:00:00,3.56,3.0839030952380955
2018-07-01 19:15:00,3.53,3.0151435317460327
2018-07-01 19:30:00,3.02,3.032411507936507
2018-07-01 19:45:00,3.06,3.1244122206959704
2018-07-01 20:00:00,3.06,3.047917142857143
2018-07-01 20:15:00,3.1,3.0789826190476197
2018-07-01 20:30:00,3.06,3.1092854761904767
2018-07-01 20:45:00,3.06,3.227560119047621
2018-07-01 21:00:00,3.06,3.124493492063492
2018-07-01 21:15:00,3.06,3.0904079761904746
2018-07-01 21:30:00,3.06,3.0997225595238067
2018-07-01 21:45:00,3.06,3.120483194444444
2018-07-01 22:00:00,2.99,3.0846990476190483
2018-07-01 22:15:00,2.88,2.9803758928571416
2018-07-01 22:30:00,2.84,3.0027658333333322
2018-07-01 22:45:00,2.81,3.0292963888888904
2018-07-01 23:00:00,3.35,3.005790972222221
2018-07-01 23:15:00,2.92,2.9582007142857156
2018-07-01 23:30:00,2.81,2.984346726190477
2018-07-01 23:45:00,2.88,2.983408005050502
2018-07-02 00:00:00,2.81,2.874403928571428
2018-07-02 00:15:00,2.84,3.010439642857142
2018-07-02 00:30:00,2.88,2.9424991071428575
2018-07-02 00:45:00,3.28,2.995216210317459
2018-07-02 01:00:00,3.38,3.047646865079364
2018-07-02 01:15:00,2.88,2.924041349206347
2018-07-02 01:30:00,2.92,2.9099266468253946
2018-07-02 01:45:00,2.92,3.0022680555555548
2018-07-02 02:00:00,2.92,3.0286407341269834
2018-07-02 02:15:00,2.88,3.0043820436507933
2018-07-02 02:30:00,2.92,3.00569609126984
2018-07-02 02:45:00,3.38,3.009681309523808
2018-07-02 03:00:00,3.13,3.0333789682539662
2018-07-02 03:15:00,2.95,3.0062644246031742
2018-07-02 03:30:00,2.92,2.967082023809523
2018-07-02 03:45:00,2.84,2.9677096031746037
2018-07-02 04:00:00,2.92,2.9914268650793656
2018-07-02 04:15:00,2.84,2.9356035714285706
2018-07-02 04:30:00,2.88,2.9873332936507917
2018-07-02 04:45:00,2.88,2.954592936507936
2018-07-02 05:00:00,2.88,3.0705288888888878
2018-07-02 05:15:00,2.84,3.060668055555554
2018-07-02 05:30:00,2.88,2.95935103174603
2018-07-02 05:45:00,2.84,2.941596269841268
2018-07-02 06:00:00,2.81,2.9526621031746005
2018-07-02 06:15:00,2.81,2.953751984126981
2018-07-02 06:30:00,3.42,2.9116287499999975
2018-07-02 06:45:00,3.78,2.9253879166666636
2018-07-02 07:00:00,3.06,3.032363333333332
2018-07-02 07:15:00,2.99,3.260721924603173
2018-07-02 07:30:00,3.02,4.573644464285714
2018-07-02 07:45:00,2.99,5.810916964285711
2018-07-02 08:00:00,18.61,18.002940595238098
2018-07-02 08:15:00,39.53,26.29890591269842
2018-07-02 08:30:00,44.89,59.89117660714282
2018-07-02 08:45:00,48.31,63.53329071428578
2018-07-02 09:00:00,51.3,68.69228593253969
2018-07-02 09:15:00,50.18,63.27390422619047
2018-07-02 09:30:00,61.85,61.6173805952381
2018-07-02 09:45:00,71.35,58.88932573412701
2018-07-02 10:00:00,72.68,60.84813932539684
2018-07-02 10:15:00,59.72,65.76000537698415
2018-07-02 10:30:00,59.11,79.1504093055556
2018-07-02 10:45:00,56.45,67.11008476190474
2018-07-02 11:00:00,70.52,66.65783755952378
2018-07-02 11:15:00,65.7,64.60450491883118
2018-07-02 11:30:00,70.7,67.16019611111113
2018-07-02 11:45:00,63.76,64.71470904761907
2018-07-02 12:00:00,8.24,7.546697519841265
2018-07-02 12:15:00,5.08,5.569889999999998
2018-07-02 12:30:00,5.58,5.892986011904758
2018-07-02 12:45:00,5.51,4.857241666666666
2018-07-02 13:00:00,40.1,40.75781920634921
2018-07-02 13:15:00,61.81,58.848450836385844
2018-07-02 13:30:00,87.7,63.24661420634924
2018-07-02 13:45:00,69.12,65.38552988095236
2018-07-02 14:00:00,58.1,82.04457464285716
2018-07-02 14:15:00,56.77,80.16644333333332
2018-07-02 14:30:00,59.8,69.43840416666667
2018-07-02 14:45:00,57.28,72.11943827380955
2018-07-02 15:00:00,68.04,64.52553119047616
2018-07-02 15:15:00,63.54,62.343463809523776
2018-07-02 15:30:00,70.31,61.25320577380951
2018-07-02 15:45:00,62.32,61.74204625
2018-07-02 16:00:00,53.1,66.23427726731603
2018-07-02 16:15:00,51.52,65.80144097222224
2018-07-02 16:30:00,49.75,67.69814124999999
2018-07-02 16:45:00,58.03,62.340447658730156
2018-07-02 17:00:00,57.24,58.693719464285735
2018-07-02 17:15:00,57.46,55.63142095238096
2018-07-02 17:30:00,34.7,30.950445634920627
2018-07-02 17:45:00,27.43,31.81242351190474
2018-07-02 18:00:00,31.68,30.911151170634913
2018-07-02 18:15:00,53.03,19.59304013888889
2018-07-02 18:30:00,40.5,41.73669101190477
2018-07-02 18:45:00,35.96,49.73882626984131
2018-07-02 19:00:00,40.18,44.46361404761907
2018-07-02 19:15:00,44.57,45.712200734127
2018-07-02 19:30:00,44.5,43.825580833333355
2018-07-02 19:45:00,45.43,44.22418613095238
2018-07-02 20:00:00,46.08,47.73754988095237
2018-07-02 20:15:00,46.62,44.98642652777777
2018-07-02 20:30:00,47.63,41.09630825396825
2018-07-02 20:45:00,18.14,21.25488553571428
2018-07-02 21:00:00,4.46,7.710364940476191
2018-07-02 21:15:00,3.82,4.16396107142857
2018-07-02 21:30:00,3.78,3.893540555555557
2018-07-02 21:45:00,3.82,3.767567182539683
2018-07-02 22:00:00,3.71,3.677883373015872
2018-07-02 22:15:00,3.6,3.5687102182539676
2018-07-02 22:30:00,3.46,3.540634047619049
2018-07-02 22:45:00,3.46,3.5557773412698386
2018-07-02 23:00:00,3.46,3.579626190476191
2018-07-02 23:15:00,3.46,3.4913321428571424
2018-07-02 23:30:00,3.42,3.3473505357142863
2018-07-02 23:45:00,3.2,3.3838785714285717
2018-07-03 00:00:00,2.84,3.373546726190477
2018-07-03 00:15:00,2.88,3.2009449404761927
2018-07-03 00:30:00,2.95,3.0292819047619055
2018-07-03 00:45:00,2.92,3.0236557539682543
2018-07-03 01:00:00,3.38,3.076358849206349
2018-07-03 01:15:00,3.2,3.0425755555555543
2018-07-03 01:30:00,2.7,2.9627957142857144
2018-07-03 01:45:00,2.77,3.0091980952380935
2018-07-03 02:00:00,2.81,2.8394194642857133
2018-07-03 02:15:00,2.81,2.905040515873017
2018-07-03 02:30:00,2.84,2.8787844047619044
2018-07-03 02:45:00,2.81,2.9547664880952373
2018-07-03 03:00:00,2.84,2.970022857142857
2018-07-03 03:15:00,2.81,2.865415238095237
2018-07-03 03:30:00,3.06,2.911801964285713
2018-07-03 03:45:00,3.24,2.9685327976190465
2018-07-03 04:00:00,2.84,2.9184632142857123
2018-07-03 04:15:00,2.81,2.838442896825394
2018-07-03 04:30:00,2.84,2.928874583333333
2018-07-03 04:45:00,2.81,2.892571666666663
2018-07-03 05:00:00,2.81,2.9847621626984138
2018-07-03 05:15:00,2.81,3.0074388293650793
2018-07-03 05:30:00,2.84,3.0954017063492056
2018-07-03 05:45:00,2.77,2.996678214285714
2018-07-03 06:00:00,2.77,3.0662524404761897
2018-07-03 06:15:00,2.77,3.0368271428571427
2018-07-03 06:30:00,2.77,3.03449011904762
2018-07-03 06:45:00,2.77,3.111997738095237
2018-07-03 07:00:00,2.77,3.0215724206349224
2018-07-03 07:15:00,3.53,3.202032341269842
2018-07-03 07:30:00,3.67,3.7189234325396825
2018-07-03 07:45:00,5.22,4.500503106060607
2018-07-03 08:00:00,30.42,31.28560261904761
2018-07-03 08:15:00,41.44,34.42306503968254
2018-07-03 08:30:00,48.31,47.628723253968246
2018-07-03 08:45:00,59.04,52.221386309523815
2018-07-03 09:00:00,60.62,55.58881902777778
2018-07-03 09:15:00,61.13,58.39226726190473
2018-07-03 09:30:00,71.82,54.15483321428574
2018-07-03 09:45:00,62.71,54.23766279761905
2018-07-03 10:00:00,49.86,63.3911203174603
2018-07-03 10:15:00,46.73,58.67131257936508
2018-07-03 10:30:00,57.42,61.67537333333334
2018-07-03 10:45:00,59.83,57.8656036904762
2018-07-03 11:00:00,71.14,58.85933873015877
2018-07-03 11:15:00,54.4,58.663286547619045
2018-07-03 11:30:00,57.64,62.387004821428526
2018-07-03 11:45:00,66.67,56.89359988095238
2018-07-03 12:00:00,23.72,10.091226765873019
2018-07-03 12:15:00,4.1,5.44489865079365
2018-07-03 12:30:00,4.21,5.867643452380953
2018-07-03 12:45:00,4.79,4.661300416666667
2018-07-03 13:00:00,38.3,43.26108496031745
2018-07-03 13:15:00,66.17,56.746534107142885
2018-07-03 13:30:00,55.48,61.06485047619049
2018-07-03 13:45:00,57.35,72.11865353174603
2018-07-03 14:00:00,48.74,58.77978444444444
2018-07-03 14:15:00,52.78,57.28920434523806
2018-07-03 14:30:00,71.32,55.933168869047606
2018-07-03 14:45:00,53.82,59.19730450757571
2018-07-03 15:00:00,67.0,65.18875174603174
2018-07-03 15:15:00,56.74,57.31421319444443
2018-07-03 15:30:00,78.34,60.37391761904769
2018-07-03 15:45:00,105.66,61.07353934523812
2018-07-03 16:00:00,64.37,69.35397827380957
2018-07-03 16:15:00,66.74,87.15968555555563
2018-07-03 16:30:00,95.54,75.40733202380954
2018-07-03 16:45:00,113.26,69.82927770562773
2018-07-03 17:00:00,72.47,83.55572553571425
2018-07-03 17:15:00,73.48,93.61870589285714
2018-07-03 17:30:00,43.7,45.87714964285712
2018-07-03 17:45:00,31.43,42.37347436507934
2018-07-03 18:00:00,42.05,38.55633652777779
2018-07-03 18:15:00,70.2,52.020304980158734
2018-07-03 18:30:00,57.53,49.67720428571427
2018-07-03 18:45:00,71.21,64.8794468253968
2018-07-03 19:00:00,81.07,52.87985726190479
2018-07-03 19:15:00,103.36,63.63215916666663
2018-07-03 19:30:00,90.83,74.82342791666667
2018-07-03 19:45:00,109.73,81.40860700396823
2018-07-03 20:00:00,106.56,83.8249444047619
2018-07-03 20:15:00,76.1,81.46441249999997
2018-07-03 20:30:00,92.38,89.1621680357142
2018-07-03 20:45:00,77.04,41.065891706349205
2018-07-03 21:00:00,27.11,31.125299464285717
2018-07-03 21:15:00,27.79,31.31755424603177
2018-07-03 21:30:00,14.33,7.041318670634918
2018-07-03 21:45:00,4.18,11.115414484126987
2018-07-03 22:00:00,3.85,5.259068829365084
2018-07-03 22:15:00,3.53,3.9299501190476214
2018-07-03 22:30:00,3.56,3.7190560515873012
2018-07-03 22:45:00,3.6,3.594600595238097
2018-07-03 23:00:00,3.46,3.5889785119047595
2018-07-03 23:15:00,3.46,3.671786547619044
2018-07-03 23:30:00,3.49,3.622140297619047
2018-07-03 23:45:00,3.42,3.5812866666666645
2018-07-04 00:00:00,3.2,3.5315325198412704
2018-07-04 00:15:00,2.81,3.4979479166666683
2018-07-04 00:30:00,3.24,3.2223932738095233
2018-07-04 00:45:00,3.42,2.9325751388888888
2018-07-04 01:00:00,2.95,3.1390884523809506
2018-07-04 01:15:00,2.84,3.1049656349206334
2018-07-04 01:30:00,2.84,3.0376542460317455
2018-07-04 01:45:00,2.81,2.9650336904761914
2018-07-04 02:00:00,2.81,2.9303535714285713
2018-07-04 02:15:00,2.88,2.8380441666666663
2018-07-04 02:30:00,2.92,2.8368238690476164
2018-07-04 02:45:00,2.84,2.9540765476190454
2018-07-04 03:00:00,2.81,2.97200482142857
2018-07-04 03:15:00,2.84,2.953020992063492
2018-07-04 03:30:00,2.84,2.9267784523809506
2018-07-04 03:45:00,2.92,2.956361904761903
2018-07-04 04:00:00,2.81,2.9793739285714276
2018-07-04 04:15:00,3.06,3.094848933982683
2018-07-04 04:30:00,3.42,2.9439087698412663
2018-07-04 04:45:00,2.99,2.954021011904761
2018-07-04 05:00:00,2.81,2.9376905952380934
2018-07-04 05:15:00,2.84,2.973169900793652
2018-07-04 05:30:00,2.81,2.901330119047617
2018-07-04 05:45:00,2.81,2.964123452380954
2018-07-04 06:00:00,2.77,2.9522724603174595
2018-07-04 06:15:00,2.77,2.9265986904761876
2018-07-04 06:30:00,3.31,2.9649636904761896
2018-07-04 06:45:00,3.42,2.938270932539683
2018-07-04 07:00:00,3.02,2.997701230158731
2018-07-04 07:15:00,3.13,3.1992125793650774
2018-07-04 07:30:00,3.53,4.1305974404761905
2018-07-04 07:45:00,6.7,5.379739305555557
2018-07-04 08:00:00,56.09,36.81011452380952
2018-07-04 08:15:00,87.37,75.94901571428574
2018-07-04 08:30:00,93.85,85.71360617063492
2018-07-04 08:45:00,68.8,96.18845345238093
2018-07-04 09:00:00,118.98,84.23401648809526
2018-07-04 09:15:00,98.57,82.10925277777778
2018-07-04 09:30:00,116.06,89.79264565476186
2018-07-04 09:45:00,88.6,96.85474089285712
2018-07-04 10:00:00,86.62,92.18384906746033
2018-07-04 10:15:00,111.38,89.42789894660895
2018-07-04 10:30:00,90.36,87.15491708333337
2018-07-04 10:45:00,105.05,90.89064113095245
2018-07-04 11:00:00,91.4,93.58626380952383
2018-07-04 11:15:00,108.22,81.64868678571426
2018-07-04 11:30:00,67.07,89.96810440476193
2018-07-04 11:45:00,42.34,96.92420797619044
2018-07-04 12:00:00,8.1,16.814550496031753
2018-07-04 12:15:00,4.5,6.326671468253966
2018-07-04 12:30:00,5.26,5.493126468253969
2018-07-04 12:45:00,4.57,5.080629007936511
2018-07-04 13:00:00,24.26,60.13204537698413
2018-07-04 13:15:00,40.14,66.39074375000004
2018-07-04 13:30:00,38.63,66.81446583333333
2018-07-04 13:45:00,34.99,45.97245035714284
2018-07-04 14:00:00,35.93,42.77968517857144
2018-07-04 14:15:00,43.31,38.85522553571429
2018-07-04 14:30:00,35.78,43.260545119047656
2018-07-04 14:45:00,36.4,45.26818255952383
2018-07-04 15:00:00,40.21,43.830180297619044
2018-07-04 15:15:00,40.86,43.157639880952374
2018-07-04 15:30:00,39.28,43.97415732142858
2018-07-04 15:45:00,48.06,42.61163458333334
2018-07-04 16:00:00,53.17,42.833176448412715
2018-07-04 16:15:00,44.06,52.36836886904763
2018-07-04 16:30:00,42.23,59.31041952380954
2018-07-04 16:45:00,46.26,43.130645160533916
2018-07-04 17:00:00,47.48,48.88108369047619
2018-07-04 17:15:00,41.36,47.768033214285694
2018-07-04 17:30:00,35.42,44.97368172619046
2018-07-04 17:45:00,36.68,33.405104877344876
2018-07-04 18:00:00,50.87,40.79330656746032
2018-07-04 18:15:00,47.7,41.47767682539683
2018-07-04 18:30:00,44.21,46.95871228535354
2018-07-04 18:45:00,50.9,47.03347583694083
2018-07-04 19:00:00,45.72,37.15476361111111
2018-07-04 19:15:00,43.13,49.507909503968264
2018-07-04 19:30:00,35.96,46.57992109126985
2018-07-04 19:45:00,34.38,32.776699801587284
2018-07-04 20:00:00,53.32,38.577623630952424
2018-07-04 20:15:00,45.22,39.266240476190475
2018-07-04 20:30:00,53.21,51.15281607142857
2018-07-04 20:45:00,34.31,42.727594206349224
2018-07-04 21:00:00,37.33,15.027191785714285
2018-07-04 21:15:00,56.05,15.112510357142853
2018-07-04 21:30:00,37.26,25.322180317460326
2018-07-04 21:45:00,4.5,40.1567831547619
2018-07-04 22:00:00,4.72,28.45747091269841
2018-07-04 22:15:00,3.89,3.8546583333333335
2018-07-04 22:30:00,3.71,4.282305238095236
2018-07-04 22:45:00,3.64,3.7459918849206355
2018-07-04 23:00:00,3.6,3.6185352182539674
2018-07-04 23:15:00,3.53,3.6344800396825394
2018-07-04 23:30:00,3.53,3.5950620039682515
2018-07-04 23:45:00,3.56,3.5064557539682535
2018-07-05 00:00:00,3.56,3.51981103174603
2018-07-05 00:15:00,3.53,3.4628351587301593
2018-07-05 00:30:00,3.1,3.5110900992063487
2018-07-05 00:45:00,3.02,3.4428550396825375
2018-07-05 01:00:00,3.02,3.1127908333333334
2018-07-05 01:15:00,3.13,3.084936666666666
2018-07-05 01:30:00,3.56,3.092618095238096
2018-07-05 01:45:00,3.06,3.1570158333333342
2018-07-05 02:00:00,3.02,3.084551612554112
2018-07-05 02:15:00,3.06,3.161879047619045
2018-07-05 02:30:00,3.06,3.1108442857142857
2018-07-05 02:45:00,3.06,3.100268869047616
2018-07-05 03:00:00,3.13,3.1791580952380953
2018-07-05 03:15:00,3.06,3.245954841269839
2018-07-05 03:30:00,3.06,3.2358741071428585
2018-07-05 03:45:00,3.06,3.222588511904759
2018-07-05 04:00:00,3.1,3.2491560119047618
2018-07-05 04:15:00,3.02,3.2882999999999987
2018-07-05 04:30:00,3.1,3.2709969841269824
2018-07-05 04:45:00,3.1,3.165805892857144
2018-07-05 05:00:00,3.06,3.230522956349207
2018-07-05 05:15:00,3.56,3.311057738095238
2018-07-05 05:30:00,3.24,3.3708360714285717
2018-07-05 05:45:00,3.1,3.067503035714283
2018-07-05 06:00:00,3.2,3.1873651785714294
2018-07-05 06:15:00,3.64,3.2686674404761926
2018-07-05 06:30:00,3.17,3.194337222222223
2018-07-05 06:45:00,2.99,3.1555326190476176
2018-07-05 07:00:00,3.06,3.1588749999999988
2018-07-05 07:15:00,3.53,3.423641825396827
2018-07-05 07:30:00,4.03,4.084982083333333
2018-07-05 07:45:00,4.82,4.996207698412699
2018-07-05 08:00:00,38.41,43.21273151515154
2018-07-05 08:15:00,71.14,54.45508585317465
2018-07-05 08:30:00,117.32,60.14547815476191
2018-07-05 08:45:00,121.68,78.06006386904761
2018-07-05 09:00:00,84.2,97.69602916666665
2018-07-05 09:15:00,98.17,102.96239023809527
2018-07-05 09:30:00,74.52,89.51312146825393
2018-07-05 09:45:00,85.97,87.84791694444442
2018-07-05 10:00:00,106.96,86.51308244047623
2018-07-05 10:15:00,83.7,86.59183908730154
2018-07-05 10:30:00,66.28,90.58362125
2018-07-05 10:45:00,75.89,79.70115148809526
2018-07-05 11:00:00,74.88,78.84068625
2018-07-05 11:15:00,101.7,73.17175119047617
2018-07-05 11:30:00,107.75,72.18849714285714
2018-07-05 11:45:00,82.73,91.92790208333332
2018-07-05 12:00:00,8.42,17.28100351190475
2018-07-05 12:15:00,5.9,5.358619107142856
2018-07-05 12:30:00,5.0,5.536277261904762
2018-07-05 12:45:00,4.86,5.675500952380953
2018-07-05 13:00:00,59.62,69.29935228174602
2018-07-05 13:15:00,64.76,86.28005593253967
2018-07-05 13:30:00,50.94,86.14356452380956
2018-07-05 13:45:00,56.92,65.31881696428573
2018-07-05 14:00:00,55.48,59.08430736111113
2018-07-05 14:15:00,61.02,62.08438999999999
2018-07-05 14:30:00,65.52,58.57451904761904
2018-07-05 14:45:00,47.59,57.438312499999995
2018-07-05 15:00:00,81.04,62.950048849206354
2018-07-05 15:15:00,105.12,57.4529143452381
2018-07-05 15:30:00,82.19,71.11887309523813
2018-07-05 15:45:00,74.23,90.95761505952377
2018-07-05 16:00:00,58.68,81.24820852092351
2018-07-05 16:15:00,53.46,76.59165440476191
2018-07-05 16:30:00,51.48,62.241128452380956
2018-07-05 16:45:00,64.04,61.93077859126987
2018-07-05 17:00:00,59.04,59.47153124999998
2018-07-05 17:15:00,55.19,57.133972718253915
2018-07-05 17:30:00,30.74,43.69232192460316
2018-07-05 17:45:00,32.47,40.70514678571428
2018-07-05 18:00:00,41.0,43.57120267857139
2018-07-05 18:15:00,62.42,47.42769386904759
2018-07-05 18:30:00,57.6,48.40575785714286
2018-07-05 18:45:00,57.46,62.2090843849206
2018-07-05 19:00:00,55.51,57.39436976190477
2018-07-05 19:15:00,57.85,56.61179621031744
2018-07-05 19:30:00,47.74,55.73184371031747
2018-07-05 19:45:00,49.61,56.24375668650793
2018-07-05 20:00:00,65.23,54.66026605158731
2018-07-05 20:15:00,109.87,56.247024166666634
2018-07-05 20:30:00,106.74,55.308761190476204
2018-07-05 20:45:00,33.77,54.68821476190474
2018-07-05 21:00:00,4.72,68.02193124999998
2018-07-05 21:15:00,4.28,44.80528023809525
2018-07-05 21:30:00,4.07,5.04943948412698
2018-07-05 21:45:00,4.0,4.124923849206347
2018-07-05 22:00:00,3.85,4.020722480158728
2018-07-05 22:15:00,3.74,3.850476190476192
2018-07-05 22:30:00,4.64,3.82705261904762
2018-07-05 22:45:00,4.57,3.7581674999999994
2018-07-05 23:00:00,3.64,3.5945739087301587
2018-07-05 23:15:00,3.6,3.6136349999999964
2018-07-05 23:30:00,3.64,3.6063441865079353
2018-07-05 23:45:00,3.67,3.586890211038959
2018-07-06 00:00:00,3.64,3.6436984523809492
2018-07-06 00:15:00,3.28,3.7144616865079367
2018-07-06 00:30:00,3.17,3.817571349206349
2018-07-06 00:45:00,3.13,3.3068310714285714
2018-07-06 01:00:00,3.17,3.1399740476190505
2018-07-06 01:15:00,3.13,3.150628333333334
2018-07-06 01:30:00,3.1,3.205098333333334
2018-07-06 01:45:00,3.17,3.2647008333333325
2018-07-06 02:00:00,3.24,3.3313917857142856
2018-07-06 02:15:00,3.2,3.2409942857142853
2018-07-06 02:30:00,3.24,3.261284702380952
2018-07-06 02:45:00,3.2,3.3485084523809525
2018-07-06 03:00:00,3.17,3.5263758730158736
2018-07-06 03:15:00,3.2,3.2393407738095243
2018-07-06 03:30:00,3.2,3.2998411904761893
2018-07-06 03:45:00,3.17,3.2670535119047623
2018-07-06 04:00:00,3.31,3.293835178571428
2018-07-06 04:15:00,3.6,3.35303226190476
2018-07-06 04:30:00,3.53,3.274061428571427
2018-07-06 04:45:00,3.89,3.19198880952381
2018-07-06 05:00:00,3.31,3.204628333333334
2018-07-06 05:15:00,3.24,3.302954841269843
2018-07-06 05:30:00,3.28,3.2368151587301566
2018-07-06 05:45:00,3.24,3.253007519841268
2018-07-06 06:00:00,3.2,3.2991177380952377
2018-07-06 06:15:00,3.24,3.351784107142858
2018-07-06 06:30:00,3.2,3.2970001190476177
2018-07-06 06:45:00,3.24,3.2599875396825375
2018-07-06 07:00:00,3.24,3.301164166666665
2018-07-06 07:15:00,3.6,3.5955309523809493
2018-07-06 07:30:00,3.53,4.541654999999999
2018-07-06 07:45:00,3.85,4.585881944444442
2018-07-06 08:00:00,58.0,47.21187655483406
2018-07-06 08:15:00,112.32,70.54237125
2018-07-06 08:30:00,115.52,85.34165113455985
2018-07-06 08:45:00,112.72,96.28021297619051
2018-07-06 09:00:00,86.4,96.37925242063493
2018-07-06 09:15:00,106.52,99.35963898809524
2018-07-06 09:30:00,105.37,97.95509066017314
2018-07-06 09:45:00,78.12,79.96953886904765
2018-07-06 10:00:00,108.94,97.61155017857139
2018-07-06 10:15:00,88.67,80.99053159271283
2018-07-06 10:30:00,96.7,84.94744918650792
2018-07-06 10:45:00,118.91,88.32657119047617
2018-07-06 11:00:00,76.9,86.62713738095239
2018-07-06 11:15:00,110.84,93.38033791666663
2018-07-06 11:30:00,97.56,81.06877530303032
2018-07-06 11:45:00,99.32,97.1243320833333
2018-07-06 12:00:00,7.16,16.745039067460315
2018-07-06 12:15:00,5.72,5.612913160173161
2018-07-06 12:30:00,5.15,6.13794821428572
2018-07-06 12:45:00,4.9,5.684673710317462
2018-07-06 13:00:00,48.24,69.58101874999998
2018-07-06 13:15:00,54.94,87.62139498015873
2018-07-06 13:30:00,84.71,80.22094454365084
2018-07-06 13:45:00,96.98,60.444790476190484
2018-07-06 14:00:00,89.35,86.21937791666663
2018-07-06 14:15:00,115.13,87.04383585317463
2018-07-06 14:30:00,93.24,87.39863238095239
2018-07-06 14:45:00,112.72,89.21436585317464
2018-07-06 15:00:00,94.61,93.24317845779227
2018-07-06 15:15:00,78.88,89.16141617063491
2018-07-06 15:30:00,111.24,94.72539232142857
2018-07-06 15:45:00,81.11,94.9735749603174
2018-07-06 16:00:00,107.93,90.56590964285708
2018-07-06 16:15:00,99.43,91.59933049603174
2018-07-06 16:30:00,104.87,84.216128015873
2018-07-06 16:45:00,102.89,96.49285577380955
2018-07-06 17:00:00,61.16,91.2790894642857
2018-07-06 17:15:00,69.62,95.64965666666669
2018-07-06 17:30:00,32.54,56.33881386904763
2018-07-06 17:45:00,32.98,46.40443648809524
2018-07-06 18:00:00,60.44,53.015229107142844
2018-07-06 18:15:00,112.03,70.38596517857142
2018-07-06 18:30:00,90.36,71.59541595238095
2018-07-06 18:45:00,103.32,91.43119831349212
2018-07-06 19:00:00,104.83,90.70304765873016
2018-07-06 19:15:00,88.02,80.92002267857143
2018-07-06 19:30:00,116.21,89.74882363095242
2018-07-06 19:45:00,117.0,95.33662680555554
2018-07-06 20:00:00,89.35,88.39794119047617
2018-07-06 20:15:00,115.34,92.89288384920637
2018-07-06 20:30:00,87.66,92.25975037698414
2018-07-06 20:45:00,34.56,57.27987960317461
2018-07-06 21:00:00,12.24,20.107981309523808
2018-07-06 21:15:00,4.1,17.226428809523803
2018-07-06 21:30:00,4.07,4.39744884920635
2018-07-06 21:45:00,4.0,4.064578908730158
2018-07-06 22:00:00,3.92,4.0145319642857125
2018-07-06 22:15:00,3.78,3.7999562301587275
2018-07-06 22:30:00,3.67,3.8891139285714287
2018-07-06 22:45:00,3.67,3.9027664285714296
2018-07-06 23:00:00,3.64,3.841543174603172
2018-07-06 23:15:00,3.6,3.809637936507936
2018-07-06 23:30:00,3.6,3.8089880952380963
2018-07-06 23:45:00,3.67,3.785310555555556
2018-07-07 00:00:00,3.49,3.763413333333332
2018-07-07 00:15:00,3.06,3.770334166666666
2018-07-07 00:30:00,3.1,3.554008928571427
2018-07-07 00:45:00,3.13,3.0625326190476185
2018-07-07 01:00:00,3.1,3.0894472619047626
2018-07-07 01:15:00,3.35,3.109896130952381
2018-07-07 01:30:00,3.74,3.186839799783552
2018-07-07 01:45:00,3.35,3.228352380952381
2018-07-07 02:00:00,3.13,3.174487321428572
2018-07-07 02:15:00,3.13,3.196191726190477
2018-07-07 02:30:00,3.17,3.2302385714285697
2018-07-07 02:45:00,3.2,3.1938071753246735
2018-07-07 03:00:00,3.13,3.1831470562770585
2018-07-07 03:15:00,3.13,3.267526143578645
2018-07-07 03:30:00,3.13,3.2985612500000014
2018-07-07 03:45:00,3.17,3.247665972222222
2018-07-07 04:00:00,3.2,3.2723278896103896
2018-07-07 04:15:00,3.53,3.3436254761904745
2018-07-07 04:30:00,3.49,3.3173643253968264
2018-07-07 04:45:00,3.13,3.2926098484848465
2018-07-07 05:00:00,3.1,3.2054051190476196
2018-07-07 05:15:00,3.17,3.1736048809523805
2018-07-07 05:30:00,3.2,3.231464166666666
2018-07-07 05:45:00,3.13,3.2567740800865796
2018-07-07 06:00:00,3.1,3.321600416666668
2018-07-07 06:15:00,3.13,3.3976101190476173
2018-07-07 06:30:00,2.99,3.36217595238095
2018-07-07 06:45:00,2.92,3.3867254761904753
2018-07-07 07:00:00,3.02,3.1434675595238106
2018-07-07 07:15:00,3.85,3.1184681349206347
2018-07-07 07:30:00,3.49,3.3214408333333325
2018-07-07 07:45:00,3.24,4.138496785714285
2018-07-07 08:00:00,39.53,46.32755906746033
2018-07-07 08:15:00,110.27,50.02122482142855
2018-07-07 08:30:00,100.33,64.26748521825395
2018-07-07 08:45:00,43.24,95.08636857142854
2018-07-07 09:00:00,62.5,93.17264233766235
2018-07-07 09:15:00,54.9,58.36555273809526
2018-07-07 09:30:00,55.62,66.0280824675325
2018-07-07 09:45:00,59.76,61.5368555357143
2018-07-07 10:00:00,49.18,69.15743797619052
2018-07-07 10:15:00,42.7,60.03115047619051
2018-07-07 10:30:00,45.61,57.92356130952382
2018-07-07 10:45:00,40.57,45.78103908730158
2018-07-07 11:00:00,59.44,57.4278622619048
2018-07-07 11:15:00,59.8,45.78999657509157
2018-07-07 11:30:00,80.78,60.021160595238086
2018-07-07 11:45:00,101.81,56.10120634920635
2018-07-07 12:00:00,21.56,9.60713343253968
2018-07-07 12:15:00,6.26,6.138577440476192
2018-07-07 12:30:00,5.69,6.024511309523807
2018-07-07 12:45:00,5.18,5.587850317460315
2018-07-07 13:00:00,23.15,34.695050158730155
2018-07-07 13:15:00,79.78,41.2788866666667
2018-07-07 13:30:00,105.23,50.843412797619045
2018-07-07 13:45:00,106.16,69.08623499999997
2018-07-07 14:00:00,72.07,95.21267833333339
2018-07-07 14:15:00,94.25,95.73403946969697
2018-07-07 14:30:00,94.18,86.25951156746034
2018-07-07 14:45:00,96.01,83.35131894841268
2018-07-07 15:00:00,98.1,86.04244357142859
2018-07-07 15:15:00,78.01,86.62384446428574
2018-07-07 15:30:00,98.71,92.29401523809524
2018-07-07 15:45:00,109.98,87.2963638095238
2018-07-07 16:00:00,90.9,88.30328227092356
2018-07-07 16:15:00,107.21,93.06190634920638
2018-07-07 16:30:00,89.39,80.6992966468254
2018-07-07 16:45:00,6.3,86.14077333333333
2018-07-07 17:00:00,4.07,89.90808365079367
2018-07-07 17:15:00,3.64,6.13721089285714
2018-07-07 17:30:00,3.67,4.082311547619047
2018-07-07 17:45:00,3.71,3.860086190476189
2018-07-07 18:00:00,3.56,3.6970844047619056
2018-07-07 18:15:00,3.46,3.9650155357142887
2018-07-07 18:30:00,3.49,3.923002361111112
2018-07-07 18:45:00,3.6,3.7039235515873004
2018-07-07 19:00:00,4.39,3.7415592658730144
2018-07-07 19:15:00,4.21,3.782217242063493
2018-07-07 19:30:00,3.67,3.6252012103174605
2018-07-07 19:45:00,3.46,3.7417253769841294
2018-07-07 20:00:00,3.02,3.8171156150793646
2018-07-07 20:15:00,3.06,3.657038492063491
2018-07-07 20:30:00,3.06,3.1110487896825414
2018-07-07 20:45:00,3.02,3.1532833928571424
2018-07-07 21:00:00,3.1,3.1871710119047605
2018-07-07 21:15:00,3.06,3.1201630952380937
2018-07-07 21:30:00,3.06,3.109423611111111
2018-07-07 21:45:00,3.06,3.0966245833333317
2018-07-07 22:00:00,3.02,3.163557380952381
2018-07-07 22:15:00,2.84,3.167051785714285
2018-07-07 22:30:00,2.95,3.0423455952380944
2018-07-07 22:45:00,2.77,2.9456132738095224
2018-07-07 23:00:00,2.77,3.026328134920634
2018-07-07 23:15:00,2.74,2.9330293849206353
2018-07-07 23:30:00,3.28,2.875839027777776
2018-07-07 23:45:00,3.1,2.8766968650793636
2018-07-08 00:00:00,3.35,2.923446746031745
2018-07-08 00:15:00,2.74,2.883344880952379
2018-07-08 00:30:00,2.81,2.92060867063492
2018-07-08 00:45:00,2.81,2.865482202380952
2018-07-08 01:00:00,2.81,2.857166865079366
2018-07-08 01:15:00,2.81,2.8820924404761907
2018-07-08 01:30:00,2.81,2.9404852380952375
2018-07-08 01:45:00,2.84,2.893881785714285
2018-07-08 02:00:00,2.81,2.932748333333331
2018-07-08 02:15:00,2.81,2.9901635714285697
2018-07-08 02:30:00,2.81,2.924811071428569
2018-07-08 02:45:00,2.84,2.922143928571426
2018-07-08 03:00:00,3.24,2.889461666666664
2018-07-08 03:15:00,2.99,2.9316211309523794
2018-07-08 03:30:00,2.84,2.83316359126984
2018-07-08 03:45:00,2.84,2.995870853174601
2018-07-08 04:00:00,2.81,3.0218522817460314
2018-07-08 04:15:00,2.84,3.091424821428569
2018-07-08 04:30:00,3.42,2.8762853571428564
2018-07-08 04:45:00,3.13,2.974518551587301
2018-07-08 05:00:00,2.77,2.870166031746032
2018-07-08 05:15:00,2.81,2.842019583333333
2018-07-08 05:30:00,2.77,2.8816573214285692
2018-07-08 05:45:00,2.77,2.890276230158729
2018-07-08 06:00:00,2.84,2.9521778174603166
2018-07-08 06:15:00,3.38,2.9334455753968234
2018-07-08 06:30:00,2.81,2.9280166666666667
2018-07-08 06:45:00,2.81,2.9129047023809522
2018-07-08 07:00:00,2.74,2.9014335119047616
2018-07-08 07:15:00,2.81,3.165034880952379
2018-07-08 07:30:00,2.95,3.1455777777777785
2018-07-08 07:45:00,18.76,3.150477976190475
2018-07-08 08:00:00,54.58,14.12574827380952
2018-07-08 08:15:00,105.91,44.5648041269841
2018-07-08 08:30:00,112.36,71.71718322510822
2018-07-08 08:45:00,86.51,89.87315107142857
2018-07-08 09:00:00,99.94,95.95188607683977
2018-07-08 09:15:00,104.69,89.64344716810967
2018-07-08 09:30:00,96.8,86.84466859126978
2018-07-08 09:45:00,92.52,94.3979435912698
2018-07-08 10:00:00,64.44,94.2192805952381
2018-07-08 10:15:00,79.78,94.8071449350649
2018-07-08 10:30:00,116.78,63.379495119047654
2018-07-08 10:45:00,90.04,73.31211910714285
2018-07-08 11:00:00,110.2,99.83303601190475
2018-07-08 11:15:00,98.96,85.81561720779226
2018-07-08 11:30:00,78.26,90.27072722222223
2018-07-08 11:45:00,49.79,93.68696970238099
2018-07-08 12:00:00,4.07,18.63249688492063
2018-07-08 12:15:00,4.03,6.781457301587299
2018-07-08 12:30:00,3.96,5.220721785714287
2018-07-08 12:45:00,4.0,6.911011190476193
2018-07-08 13:00:00,53.21,44.88059005952381
2018-07-08 13:15:00,90.4,75.03695869047621
2018-07-08 13:30:00,51.55,66.9657732738095
2018-07-08 13:45:00,48.46,72.80063583333333
2018-07-08 14:00:00,56.7,54.49801105158732
2018-07-08 14:15:00,62.75,59.33626537698416
2018-07-08 14:30:00,59.98,58.560458095238126
2018-07-08 14:45:00,53.14,61.647715753968285
2018-07-08 15:00:00,43.42,56.28233571428576
2018-07-08 15:15:00,45.97,50.885561666666675
2018-07-08 15:30:00,44.14,45.25309039682539
2018-07-08 15:45:00,48.35,51.468200952380954
2018-07-08 16:00:00,51.08,37.903724801587295
2018-07-08 16:15:00,44.1,50.38408319444446
2018-07-08 16:30:00,44.17,51.27945450396826
2018-07-08 16:45:00,5.87,22.16631934523809
2018-07-08 17:00:00,3.96,20.302848035714284
2018-07-08 17:15:00,3.82,4.524932916666668
2018-07-08 17:30:00,3.78,3.9072235714285726
2018-07-08 17:45:00,3.74,3.7399752976190466
2018-07-08 18:00:00,3.56,3.5765821031745992
2018-07-08 18:15:00,3.38,3.627995813492061
2018-07-08 18:30:00,3.49,3.6656739880952354
2018-07-08 18:45:00,3.89,3.5592673214285715
2018-07-08 19:00:00,4.61,3.5988090873015866
2018-07-08 19:15:00,3.49,3.8000963095238096
2018-07-08 19:30:00,3.56,3.4826275595238116
2018-07-08 19:45:00,3.64,3.4351950000000007
2018-07-08 20:00:00,3.56,3.522681944444445
2018-07-08 20:15:00,3.31,3.6682008333333314
2018-07-08 20:30:00,2.92,3.444139107142856
2018-07-08 20:45:00,2.95,3.3080936904761877
2018-07-08 21:00:00,2.95,2.9368541468253953
2018-07-08 21:15:00,2.95,2.9615817857142845
2018-07-08 21:30:00,2.99,2.9956136111111102
2018-07-08 21:45:00,2.95,2.9953719642857135
2018-07-08 22:00:00,2.84,3.02134136904762
2018-07-08 22:15:00,2.7,3.0472432142857144
2018-07-08 22:30:00,2.74,2.9500349404761925
2018-07-08 22:45:00,2.7,2.8472116468253956
2018-07-08 23:00:00,2.74,2.863607242063492
2018-07-08 23:15:00,3.28,2.829283511904763
2018-07-08 23:30:00,2.92,2.812070952380953
2018-07-08 23:45:00,2.7,2.8748403769841246
2018-07-09 00:00:00,2.66,3.046028730158731
2018-07-09 00:15:00,3.17,2.8059034523809525
2018-07-09 00:30:00,3.02,2.758442857142853
2018-07-09 00:45:00,2.77,2.8579017857142834
2018-07-09 01:00:00,2.74,2.9120555753968245
2018-07-09 01:15:00,2.74,2.917787202380952
2018-07-09 01:30:00,2.77,2.8305601190476186
2018-07-09 01:45:00,2.7,2.8593965476190464
2018-07-09 02:00:00,2.77,2.8832433333333336
2018-07-09 02:15:00,2.74,2.7843603571428566
2018-07-09 02:30:00,2.74,2.884529642857143
2018-07-09 02:45:00,2.77,2.8613939285714296
2018-07-09 03:00:00,2.74,2.8459433333333326
2018-07-09 03:15:00,2.77,2.843007738095241
2018-07-09 03:30:00,2.81,2.8672214285714284
2018-07-09 03:45:00,2.74,2.86606511904762
2018-07-09 04:00:00,3.24,2.8698309523809553
2018-07-09 04:15:00,3.02,2.8259656547619056
2018-07-09 04:30:00,2.99,2.8563084325396813
2018-07-09 04:45:00,3.13,2.940970555555554
2018-07-09 05:00:00,2.7,2.967598749999998
2018-07-09 05:15:00,2.7,2.921606567460317
2018-07-09 05:30:00,2.7,2.79638486111111
2018-07-09 05:45:00,2.7,2.7781097420634895
2018-07-09 06:00:00,2.7,2.867638134920632
2018-07-09 06:15:00,2.66,2.8276399404761903
2018-07-09 06:30:00,2.66,2.826344166666667
2018-07-09 06:45:00,2.66,2.79589365079365
2018-07-09 07:00:00,2.74,2.724641428571429
2018-07-09 07:15:00,2.99,3.0326050396825384
2018-07-09 07:30:00,3.42,4.2095322023809505
2018-07-09 07:45:00,4.72,4.765907976190477
2018-07-09 08:00:00,17.39,26.806245218253967
2018-07-09 08:15:00,53.6,45.8255825
2018-07-09 08:30:00,57.71,49.67926722222224
2018-07-09 08:45:00,60.95,62.0726165205628
2018-07-09 09:00:00,50.98,56.08691978174606
2018-07-09 09:15:00,50.62,57.77207970238097
2018-07-09 09:30:00,53.39,61.88037809523812
2018-07-09 09:45:00,59.8,60.97986452380954
2018-07-09 10:00:00,69.23,58.73598309523814
2018-07-09 10:15:00,53.42,56.995883609307405
2018-07-09 10:30:00,56.3,62.30115736111111
2018-07-09 10:45:00,48.42,60.464997599206356
2018-07-09 11:00:00,55.69,63.01390202380951
2018-07-09 11:15:00,69.62,60.71353339285715
2018-07-09 11:30:00,50.69,60.17594815476195
2018-07-09 11:45:00,53.06,54.16517456349207
2018-07-09 12:00:00,16.16,7.605365238095232
2018-07-09 12:15:00,6.34,5.0820340476190475
2018-07-09 12:30:00,5.44,5.596118015873016
2018-07-09 12:45:00,6.12,6.11537404761905
2018-07-09 13:00:00,34.52,37.32212660714287
2018-07-09 13:15:00,49.57,56.48751865384617
2018-07-09 13:30:00,46.66,57.98658315476188
2018-07-09 13:45:00,48.49,58.75757577380951
2018-07-09 14:00:00,50.47,53.150592658730126
2018-07-09 14:15:00,48.64,56.43891761904765
2018-07-09 14:30:00,52.92,61.19357444444446
2018-07-09 14:45:00,52.02,54.915105162337674
2018-07-09 15:00:00,50.0,59.265330039682574
2018-07-09 15:15:00,47.45,59.81869152777781
2018-07-09 15:30:00,52.52,58.292832023809524
2018-07-09 15:45:00,66.24,57.20203898809525
2018-07-09 16:00:00,58.54,59.437571349206344
2018-07-09 16:15:00,54.25,60.97151557539681
2018-07-09 16:30:00,59.11,56.76584490079362
2018-07-09 16:45:00,67.43,56.59728761904764
2018-07-09 17:00:00,57.24,56.47065208333337
2018-07-09 17:15:00,57.64,61.33678134920634
2018-07-09 17:30:00,28.04,39.52051017857144
2018-07-09 17:45:00,27.72,32.76849831349207
2018-07-09 18:00:00,32.87,25.715360853174595
2018-07-09 18:15:00,42.66,38.02872196428573
2018-07-09 18:30:00,45.25,45.188987698412674
2018-07-09 18:45:00,48.82,43.5634082738095
2018-07-09 19:00:00,48.38,42.61927853174603
2018-07-09 19:15:00,61.2,46.199824206349206
2018-07-09 19:30:00,58.82,45.30262706349205
2018-07-09 19:45:00,48.1,52.222409662698404
2018-07-09 20:00:00,47.02,52.26033837301586
2018-07-09 20:15:00,42.05,51.82572279761904
2018-07-09 20:30:00,60.16,50.639033888888896
2018-07-09 20:45:00,38.45,25.780660238095237
2018-07-09 21:00:00,5.04,8.033468769841267
2018-07-09 21:15:00,3.92,5.915585714285717
2018-07-09 21:30:00,3.82,4.522670654761901
2018-07-09 21:45:00,3.78,3.846020079365079
2018-07-09 22:00:00,3.67,3.74748869047619
2018-07-09 22:15:00,3.49,3.5956035714285703
2018-07-09 22:30:00,3.46,3.5682529960317466
2018-07-09 22:45:00,3.46,3.6421516468253974
2018-07-09 23:00:00,3.35,3.6690096428571426
2018-07-09 23:15:00,3.35,3.5487169047619056
2018-07-09 23:30:00,3.31,3.4524166666666667
2018-07-09 23:45:00,3.31,3.391719047619046
2018-07-10 00:00:00,3.42,3.374163392857143
2018-07-10 00:15:00,3.49,3.3456883333333334
2018-07-10 00:30:00,3.38,3.202489226190475
2018-07-10 00:45:00,3.35,3.0925218452380943
2018-07-10 01:00:00,2.99,3.138432867965367
2018-07-10 01:15:00,2.84,3.292202916666667
2018-07-10 01:30:00,2.81,3.0519604761904744
2018-07-10 01:45:00,3.42,2.924898154761905
2018-07-10 02:00:00,3.24,2.825583134920634
2018-07-10 02:15:00,2.92,2.9859681349206353
2018-07-10 02:30:00,2.88,2.9868311309523796
2018-07-10 02:45:00,2.88,2.9138791269841273
2018-07-10 03:00:00,2.84,2.9441195238095252
2018-07-10 03:15:00,2.95,2.98865146103896
2018-07-10 03:30:00,2.84,2.930598658008656
2018-07-10 03:45:00,2.84,3.0661999404761895
2018-07-10 04:00:00,2.88,2.9628586309523786
2018-07-10 04:15:00,2.88,2.9630564285714276
2018-07-10 04:30:00,2.95,2.9900116147741147
2018-07-10 04:45:00,2.99,3.02988601190476
2018-07-10 05:00:00,3.31,3.1227569372294353
2018-07-10 05:15:00,2.84,3.078125238095237
2018-07-10 05:30:00,2.84,2.9249819642857147
2018-07-10 05:45:00,2.81,2.933062261904762
2018-07-10 06:00:00,2.88,2.996062817460317
2018-07-10 06:15:00,2.84,2.981414642857142
2018-07-10 06:30:00,2.84,3.0593203968253966
2018-07-10 06:45:00,2.88,3.043126785714286
2018-07-10 07:00:00,2.95,3.055618511904762
2018-07-10 07:15:00,3.24,3.6044222619047606
2018-07-10 07:30:00,3.67,3.640451865079366
2018-07-10 07:45:00,5.76,3.9631442658730163
2018-07-10 08:00:00,39.56,30.652519623015863
2018-07-10 08:15:00,49.54,44.54059922619046
2018-07-10 08:30:00,53.6,60.78565720238095
2018-07-10 08:45:00,70.13,56.23514547619047
2018-07-10 09:00:00,59.76,56.58865583333331
2018-07-10 09:15:00,71.93,62.975209583333324
2018-07-10 09:30:00,61.63,60.5779078571429
2018-07-10 09:45:00,55.73,64.27407126984126
2018-07-10 10:00:00,55.48,58.4041505952381
2018-07-10 10:15:00,54.97,61.98428255952377
2018-07-10 10:30:00,50.94,63.792052976190504
2018-07-10 10:45:00,67.86,60.85126936507934
2018-07-10 11:00:00,63.83,61.5033104761905
2018-07-10 11:15:00,71.86,61.70642738095236
2018-07-10 11:30:00,55.84,58.888946547619035
2018-07-10 11:45:00,50.65,67.13181050865798
2018-07-10 12:00:00,4.07,10.850873710317455
2018-07-10 12:15:00,4.0,5.952763650793649
2018-07-10 12:30:00,4.03,4.694405615079365
2018-07-10 12:45:00,4.25,4.6761824404761905
2018-07-10 13:00:00,36.25,49.40069585317463
2018-07-10 13:15:00,64.8,56.360297619047635
2018-07-10 13:30:00,55.58,54.103672718253954
2018-07-10 13:45:00,52.2,69.47039894841271
2018-07-10 14:00:00,54.83,58.76073023809519
2018-07-10 14:15:00,64.08,58.827852857142815
2018-07-10 14:30:00,56.88,58.430824047619055
2018-07-10 14:45:00,47.7,58.921560238095275
2018-07-10 15:00:00,86.22,58.53998257936509
2018-07-10 15:15:00,113.29,57.95680563492066
2018-07-10 15:30:00,99.0,75.1783582936508
2018-07-10 15:45:00,118.91,89.81444065476188
2018-07-10 16:00:00,89.14,93.29121773809527
2018-07-10 16:15:00,92.74,91.84312428571428
2018-07-10 16:30:00,110.41,86.40326757936508
2018-07-10 16:45:00,95.11,89.06442833333337
2018-07-10 17:00:00,101.52,97.04650380952377
2018-07-10 17:15:00,82.8,96.07137244047617
2018-07-10 17:30:00,47.12,50.725032698412704
2018-07-10 17:45:00,29.02,41.495842440476174
2018-07-10 18:00:00,49.79,57.534260000000025
2018-07-10 18:15:00,79.56,46.876763273809495
2018-07-10 18:30:00,86.18,72.23013271825398
2018-07-10 18:45:00,108.58,81.11149855339109
2018-07-10 19:00:00,80.53,81.80916367063494
2018-07-10 19:15:00,49.68,91.15218315476199
2018-07-10 19:30:00,78.91,90.53486101190478
2018-07-10 19:45:00,74.59,69.84353958333332
2018-07-10 20:00:00,82.08,73.4177288492063
2018-07-10 20:15:00,44.75,75.2709866269841
2018-07-10 20:30:00,41.65,68.97483999999997
2018-07-10 20:45:00,28.33,57.59314906746032
2018-07-10 21:00:00,13.46,25.538567896825384
2018-07-10 21:15:00,3.67,13.681504285714285
2018-07-10 21:30:00,3.82,5.34878111111111
2018-07-10 21:45:00,3.64,3.9478551190476208
2018-07-10 22:00:00,3.6,3.7514880952380945
2018-07-10 22:15:00,3.38,3.627228749999999
2018-07-10 22:30:00,3.35,3.5794408333333307
2018-07-10 22:45:00,3.31,3.4843298809523806
2018-07-10 23:00:00,3.31,3.4365253571428593
2018-07-10 23:15:00,3.28,3.356634880952383
2018-07-10 23:30:00,3.28,3.3191658333333334
2018-07-10 23:45:00,3.24,3.3345374404761894
2018-07-11 00:00:00,3.28,3.411215238095236
2018-07-11 00:15:00,3.38,3.372548928571428
2018-07-11 00:30:00,3.31,3.255397619047617
2018-07-11 00:45:00,3.46,3.2742552380952366
2018-07-11 01:00:00,3.35,3.219278214285714
2018-07-11 01:15:00,2.77,3.1453770238095236
2018-07-11 01:30:00,2.74,3.1451824404761908
2018-07-11 01:45:00,2.77,2.865164047619046
2018-07-11 02:00:00,2.74,2.8065905753968265
2018-07-11 02:15:00,2.74,2.803334166666664
2018-07-11 02:30:00,2.81,2.7876020833333315
2018-07-11 02:45:00,2.77,2.768096428571428
2018-07-11 03:00:00,2.77,2.81615607142857
2018-07-11 03:15:00,2.84,2.8151720238095215
2018-07-11 03:30:00,2.77,2.8362020238095202
2018-07-11 03:45:00,2.77,2.922301865079364
2018-07-11 04:00:00,2.88,2.9356829166666647
2018-07-11 04:15:00,3.24,2.9898236904761877
2018-07-11 04:30:00,2.77,3.144109761904761
2018-07-11 04:45:00,2.81,2.904239742063489
2018-07-11 05:00:00,2.77,3.022324484126985
2018-07-11 05:15:00,2.77,2.987414047619048
2018-07-11 05:30:00,2.77,2.9440124999999995
2018-07-11 05:45:00,2.74,2.998082718253967
2018-07-11 06:00:00,2.74,3.0792915674603187
2018-07-11 06:15:00,2.99,2.9244301785714284
2018-07-11 06:30:00,3.35,2.9201029166666665
2018-07-11 06:45:00,2.84,2.9210336706349214
2018-07-11 07:00:00,2.81,2.959275892857143
2018-07-11 07:15:00,2.92,3.788291071428569
2018-07-11 07:30:00,3.13,4.607317380952381
2018-07-11 07:45:00,3.2,6.141746408730163
2018-07-11 08:00:00,18.14,33.86694251984127
2018-07-11 08:15:00,111.2,53.104685912698415
2018-07-11 08:30:00,76.54,52.81628156746031
2018-07-11 08:45:00,55.51,93.57543452380949
2018-07-11 09:00:00,62.14,82.18360196428576
2018-07-11 09:15:00,53.35,70.88789413419914
2018-07-11 09:30:00,64.48,66.01053662698415
2018-07-11 09:45:00,53.93,66.13774972222227
2018-07-11 10:00:00,60.88,64.24454065476189
2018-07-11 10:15:00,66.71,59.21679267857141
2018-07-11 10:30:00,56.84,62.48697924603176
2018-07-11 10:45:00,62.53,64.08845527777773
2018-07-11 11:00:00,60.8,60.19735408730159
2018-07-11 11:15:00,68.18,62.895655178571424
2018-07-11 11:30:00,60.98,62.00574087301587
2018-07-11 11:45:00,59.83,61.78679988095239
2018-07-11 12:00:00,7.27,9.925926190476192
2018-07-11 12:15:00,4.61,5.120621825396825
2018-07-11 12:30:00,4.64,5.577575119047622
2018-07-11 12:45:00,4.54,5.075141666666671
2018-07-11 13:00:00,42.88,38.985300615079375
2018-07-11 13:15:00,58.14,55.83433874999998
2018-07-11 13:30:00,63.32,62.21390422619047
2018-07-11 13:45:00,51.01,60.96927720238095
2018-07-11 14:00:00,45.72,64.29393408730161
2018-07-11 14:15:00,43.42,56.48054285714284
2018-07-11 14:30:00,47.63,50.93940380952382
2018-07-11 14:45:00,48.74,42.1795994642857
2018-07-11 15:00:00,39.71,53.75501613095236
2018-07-11 15:15:00,38.84,53.06336023809526
2018-07-11 15:30:00,38.92,43.7429448809524
2018-07-11 15:45:00,46.55,47.663902500000006
2018-07-11 16:00:00,49.46,43.219769285714264
2018-07-11 16:15:00,49.93,49.479988472222225
2018-07-11 16:30:00,49.28,52.94600321428574
2018-07-11 16:45:00,42.84,54.27041494047619
2018-07-11 17:00:00,43.34,51.555566051587284
2018-07-11 17:15:00,39.38,41.047479642857155
2018-07-11 17:30:00,33.08,38.245965376984124
2018-07-11 17:45:00,28.87,33.242235178571434
2018-07-11 18:00:00,29.88,40.79531436688312
2018-07-11 18:15:00,35.71,35.056959285714264
2018-07-11 18:30:00,43.92,37.07745505952379
2018-07-11 18:45:00,44.03,35.272999880952376
2018-07-11 19:00:00,46.48,42.34765686507939
2018-07-11 19:15:00,45.32,40.461083035714275
2018-07-11 19:30:00,38.02,45.37843916666669
2018-07-11 19:45:00,36.4,43.82748871031745
2018-07-11 20:00:00,38.34,41.932919563492085
2018-07-11 20:15:00,56.41,41.361118474026
2018-07-11 20:30:00,27.97,38.53486529761905
2018-07-11 20:45:00,7.27,33.586598750000014
2018-07-11 21:00:00,5.4,12.636474404761916
2018-07-11 21:15:00,3.74,5.825274444444447
2018-07-11 21:30:00,3.78,4.47867238095238
2018-07-11 21:45:00,3.82,3.745863194444443
2018-07-11 22:00:00,3.64,3.7016593849206343
2018-07-11 22:15:00,3.53,3.5709559523809515
2018-07-11 22:30:00,3.53,3.4939630357142875
2018-07-11 22:45:00,3.42,3.5788036309523785
2018-07-11 23:00:00,2.88,3.565327440476189
2018-07-11 23:15:00,2.88,3.48057488095238
2018-07-11 23:30:00,2.92,3.000180357142857
2018-07-11 23:45:00,3.06,3.023296031746032
2018-07-12 00:00:00,3.49,3.061473273809522
2018-07-12 00:15:00,2.99,3.070525873015874
2018-07-12 00:30:00,2.92,2.9794130952380966
2018-07-12 00:45:00,2.99,3.071715
2018-07-12 01:00:00,2.99,3.0132371428571427
2018-07-12 01:15:00,2.95,3.1744841468253977
2018-07-12 01:30:00,2.95,3.1336013492063466
2018-07-12 01:45:00,2.95,3.141922142857141
2018-07-12 02:00:00,2.99,3.1583208928571413
2018-07-12 02:15:00,3.02,3.1076854761904764
2018-07-12 02:30:00,2.99,3.139920773809525
2018-07-12 02:45:00,3.02,3.0877582738095235
2018-07-12 03:00:00,2.99,3.179768838383838
2018-07-12 03:15:00,3.49,3.1085132142857153
2018-07-12 03:30:00,3.13,3.1207023809523817
2018-07-12 03:45:00,3.06,3.118399404761904
2018-07-12 04:00:00,2.99,3.06682369047619
2018-07-12 04:15:00,2.92,3.0923003968253955
2018-07-12 04:30:00,2.92,3.034427142857143
2018-07-12 04:45:00,3.28,3.026591428571428
2018-07-12 05:00:00,3.49,3.072261071428572
2018-07-12 05:15:00,2.99,3.0621045562770544
2018-07-12 05:30:00,2.92,2.974329166666667
2018-07-12 05:45:00,2.99,2.9538211904761904
2018-07-12 06:00:00,2.95,2.9969942261904743
2018-07-12 06:15:00,2.92,3.049304880952381
2018-07-12 06:30:00,2.92,3.0594254761904773
2018-07-12 06:45:00,2.99,3.09252523809524
2018-07-12 07:00:00,3.02,3.053641785714288
2018-07-12 07:15:00,3.31,3.352675257936507
2018-07-12 07:30:00,3.82,3.8465287608225136
2018-07-12 07:45:00,4.1,4.028556607142859
2018-07-12 08:00:00,37.04,32.025285535714275
2018-07-12 08:15:00,63.14,63.10010596861473
2018-07-12 08:30:00,66.49,58.18917202380949
2018-07-12 08:45:00,61.42,64.87207924603176
2018-07-12 09:00:00,67.61,66.65072904761907
2018-07-12 09:15:00,59.8,64.3220823809524
2018-07-12 09:30:00,70.13,66.36672861111113
2018-07-12 09:45:00,53.96,61.10014374999997
2018-07-12 10:00:00,63.86,63.603269682539704
2018-07-12 10:15:00,68.4,59.953340932539696
2018-07-12 10:30:00,57.42,62.060180833333376
2018-07-12 10:45:00,75.74,60.55041198412703
2018-07-12 11:00:00,58.82,60.26783730158727
2018-07-12 11:15:00,54.61,64.8298190079365
2018-07-12 11:30:00,68.26,60.496595535714256
2018-07-12 11:45:00,49.5,58.820943591269845
2018-07-12 12:00:00,4.36,9.753522619047619
2018-07-12 12:15:00,4.36,5.25217907287157
2018-07-12 12:30:00,4.39,4.918902694805195
2018-07-12 12:45:00,4.61,5.037486388888892
2018-07-12 13:00:00,4.97,52.21919220238097
2018-07-12 13:15:00,6.48,57.73379153138529
2018-07-12 13:30:00,5.22,49.78532301948053
2018-07-12 13:45:00,4.75,32.56829684523811
2018-07-12 14:00:00,39.53,32.17400589285716
2018-07-12 14:15:00,67.07,19.50981625
2018-07-12 14:30:00,45.22,56.87240146825397
2018-07-12 14:45:00,47.45,67.71378226190474
2018-07-12 15:00:00,54.86,57.67362208333333
2018-07-12 15:15:00,54.54,61.380982063492056
2018-07-12 15:30:00,48.13,56.70277619047617
2018-07-12 15:45:00,51.73,57.65190791666666
2018-07-12 16:00:00,57.46,50.58893347222222
2018-07-12 16:15:00,61.38,50.66890371031743
2018-07-12 16:30:00,48.92,55.834407261904765
2018-07-12 16:45:00,49.97,54.52774238095239
2018-07-12 17:00:00,62.93,52.66335589285713
2018-07-12 17:15:00,56.02,51.46106738095238
2018-07-12 17:30:00,31.86,32.40259943181818
2018-07-12 17:45:00,30.82,29.057341019119757
2018-07-12 18:00:00,51.95,37.00407706349204
2018-07-12 18:15:00,58.9,53.72460482142861
2018-07-12 18:30:00,56.92,61.03257087301586
2018-07-12 18:45:00,58.72,52.46158301587301
2018-07-12 19:00:00,49.39,52.42409123015874
2018-07-12 19:15:00,46.87,54.94029211219332
2018-07-12 19:30:00,47.27,51.82228033730162
2018-07-12 19:45:00,44.1,51.08390785714285
2018-07-12 20:00:00,48.89,50.009155039682526
2018-07-12 20:15:00,73.84,44.17395934523808
2018-07-12 20:30:00,49.32,41.74339718253967
2018-07-12 20:45:00,19.04,54.74122111111111
2018-07-12 21:00:00,7.99,5.890440714285712
2018-07-12 21:15:00,4.03,4.2589475793650795
2018-07-12 21:30:00,3.64,4.070256051587301
2018-07-12 21:45:00,3.56,3.9556212499999996
2018-07-12 22:00:00,3.53,3.6346933730158737
2018-07-12 22:15:00,3.71,3.5481217261904727
2018-07-12 22:30:00,4.39,3.533462916666666
2018-07-12 22:45:00,3.82,3.604598174603174
2018-07-12 23:00:00,2.95,3.442417976190477
2018-07-12 23:15:00,2.66,3.6500367261904763
2018-07-12 23:30:00,2.7,3.0228499404761897
2018-07-12 23:45:00,2.74,2.817658055555554
2018-07-13 00:00:00,2.66,2.8450837698412705
2018-07-13 00:15:00,2.81,2.8293142261904762
2018-07-13 00:30:00,2.74,2.735782857142855
2018-07-13 00:45:00,2.77,2.851452023809525
2018-07-13 01:00:00,2.81,2.803915119047619
2018-07-13 01:15:00,2.81,2.8440567261904777
2018-07-13 01:30:00,2.74,2.847078888888887
2018-07-13 01:45:00,2.81,2.827404246031745
2018-07-13 02:00:00,2.77,2.866736626984127
2018-07-13 02:15:00,2.74,2.871982341269839
2018-07-13 02:30:00,2.77,2.9100744642857133
2018-07-13 02:45:00,3.2,2.995216765873014
2018-07-13 03:00:00,3.2,3.028178154761903
2018-07-13 03:15:00,2.81,2.9004351587301587
2018-07-13 03:30:00,2.84,2.8785662698412695
2018-07-13 03:45:00,2.88,2.8265204166666678
2018-07-13 04:00:00,2.84,2.8558809523809505
2018-07-13 04:15:00,2.84,3.002383730158728
2018-07-13 04:30:00,3.17,2.960401944444443
2018-07-13 04:45:00,3.28,2.9330174999999987
2018-07-13 05:00:00,2.84,2.9099504761904753
2018-07-13 05:15:00,2.84,2.8857278968253963
2018-07-13 05:30:00,2.81,2.859031845238095
2018-07-13 05:45:00,2.84,2.8640886309523803
2018-07-13 06:00:00,2.77,2.8708530158730134
2018-07-13 06:15:00,2.74,2.914025714285714
2018-07-13 06:30:00,2.81,2.86190630952381
2018-07-13 06:45:00,2.77,2.838722896825397
2018-07-13 07:00:00,2.81,2.9732352579365067
2018-07-13 07:15:00,3.2,3.302201408730159
2018-07-13 07:30:00,3.38,3.702569702380952
2018-07-13 07:45:00,3.67,3.8394172132034647
2018-07-13 08:00:00,29.95,54.82732462301588
2018-07-13 08:15:00,39.06,68.67071744047624
2018-07-13 08:30:00,46.91,61.551125674603185
2018-07-13 08:45:00,48.42,47.3919186309524
2018-07-13 09:00:00,49.07,56.13386476190475
2018-07-13 09:15:00,60.91,58.34743273809523
2018-07-13 09:30:00,65.52,55.95985619047619
2018-07-13 09:45:00,56.66,54.32675190476191
2018-07-13 10:00:00,55.19,63.53456773809525
2018-07-13 10:15:00,61.56,58.516581031746036
2018-07-13 10:30:00,51.01,59.818309781746024
2018-07-13 10:45:00,53.03,60.2521153373016
2018-07-13 11:00:00,57.78,58.42764071428573
2018-07-13 11:15:00,56.74,56.101821626984126
2018-07-13 11:30:00,47.45,56.11019464285716
2018-07-13 11:45:00,46.33,55.463062380952394
2018-07-13 12:00:00,6.73,5.945427142857142
2018-07-13 12:15:00,4.57,4.618576295093792
2018-07-13 12:30:00,4.86,5.652411607142859
2018-07-13 12:45:00,5.72,4.931235654761904
2018-07-13 13:00:00,34.78,41.4273410744811
2018-07-13 13:15:00,52.42,53.43983766178268
2018-07-13 13:30:00,58.75,63.28159797619044
2018-07-13 13:45:00,48.24,55.006504662698426
2018-07-13 14:00:00,51.84,52.254139011543984
2018-07-13 14:15:00,61.85,58.21925146825395
2018-07-13 14:30:00,47.27,55.651397003968256
2018-07-13 14:45:00,48.74,55.79800674783545
2018-07-13 15:00:00,53.24,54.779342976190456
2018-07-13 15:15:00,54.72,53.76778452380954
2018-07-13 15:30:00,57.31,52.88315999999998
2018-07-13 15:45:00,46.62,54.95041394841271
2018-07-13 16:00:00,48.35,51.09107130952381
2018-07-13 16:15:00,49.5,53.54403432539682
2018-07-13 16:30:00,54.83,52.772076130952364
2018-07-13 16:45:00,57.13,53.10649690476189
2018-07-13 17:00:00,58.14,52.848647202380924
2018-07-13 17:15:00,54.94,48.33115702380954
2018-07-13 17:30:00,30.89,30.68927138888888
2018-07-13 17:45:00,31.1,30.36424924603174
2018-07-13 18:00:00,34.88,44.22469803571426
2018-07-13 18:15:00,59.94,54.94229119047625
2018-07-13 18:30:00,57.56,46.70470402777777
2018-07-13 18:45:00,48.89,51.414322678571416
2018-07-13 19:00:00,46.87,52.00293749999998
2018-07-13 19:15:00,62.6,52.596581408730174
2018-07-13 19:30:00,55.44,53.42772799603172
2018-07-13 19:45:00,65.66,55.873638333333304
2018-07-13 20:00:00,57.6,52.42393293831171
2018-07-13 20:15:00,61.85,61.78729952380949
2018-07-13 20:30:00,46.84,50.61477831349207
2018-07-13 20:45:00,27.22,48.16111281746033
2018-07-13 21:00:00,20.45,11.106208928571432
2018-07-13 21:15:00,3.89,5.732095119047618
2018-07-13 21:30:00,3.82,4.292480873015872
2018-07-13 21:45:00,3.78,3.884812817460316
2018-07-13 22:00:00,3.74,3.785869999999999
2018-07-13 22:15:00,4.54,3.6294182142857143
2018-07-13 22:30:00,3.67,3.636550357142854
2018-07-13 22:45:00,3.2,3.6836594444444457
2018-07-13 23:00:00,2.7,3.6379850198412687
2018-07-13 23:15:00,2.74,3.2334388690476192
2018-07-13 23:30:00,2.66,2.8491155555555543
2018-07-13 23:45:00,2.59,2.878185317460318
2018-07-14 00:00:00,2.56,2.809995476190474
2018-07-14 00:15:00,2.63,2.768002976190475
2018-07-14 00:30:00,2.63,2.70622595238095
2018-07-14 00:45:00,2.74,2.672385892857142
2018-07-14 01:00:00,2.66,2.705743809523808
2018-07-14 01:15:00,2.63,2.815598849206349
2018-07-14 01:30:00,2.66,2.7585035714285713
2018-07-14 01:45:00,2.7,2.759805892857143
2018-07-14 02:00:00,2.66,2.7187213095238105
2018-07-14 02:15:00,2.74,2.8100444444444452
2018-07-14 02:30:00,2.88,2.735935476190477
2018-07-14 02:45:00,3.24,2.8852698809523827
2018-07-14 03:00:00,2.77,2.953323571428573
2018-07-14 03:15:00,2.84,2.770205416666668
2018-07-14 03:30:00,3.31,2.849446726190477
2018-07-14 03:45:00,3.06,2.8370859523809515
2018-07-14 04:00:00,2.74,2.9322963095238093
2018-07-14 04:15:00,2.74,2.966859761904762
2018-07-14 04:30:00,2.74,2.844416785714287
2018-07-14 04:45:00,2.74,2.8574675
2018-07-14 05:00:00,2.74,2.8360496825396813
2018-07-14 05:15:00,2.84,2.845000218253968
2018-07-14 05:30:00,2.7,2.8529539285714294
2018-07-14 05:45:00,2.7,2.89291404761905
2018-07-14 06:00:00,2.7,2.862788571428571
2018-07-14 06:15:00,2.7,2.868077857142856
2018-07-14 06:30:00,2.7,2.856758095238094
2018-07-14 06:45:00,2.7,2.8762987500000023
2018-07-14 07:00:00,2.66,2.869419523809524
2018-07-14 07:15:00,2.77,3.1138494047619036
2018-07-14 07:30:00,3.74,2.9799142857142855
2018-07-14 07:45:00,3.92,2.944624682539683
2018-07-14 08:00:00,22.5,28.078523988095252
2018-07-14 08:15:00,35.89,75.92408744047619
2018-07-14 08:30:00,38.63,48.45450470238095
2018-07-14 08:45:00,37.33,49.1116062103175
2018-07-14 09:00:00,37.76,44.04550347222227
2018-07-14 09:15:00,37.73,45.30300541666673
2018-07-14 09:30:00,37.08,45.458685416666704
2018-07-14 09:45:00,39.13,41.85535888888892
2018-07-14 10:00:00,37.84,41.73524398809528
2018-07-14 10:15:00,38.3,42.781888273809564
2018-07-14 10:30:00,36.04,43.059695257936546
2018-07-14 10:45:00,37.48,43.02731341269843
2018-07-14 11:00:00,38.05,42.60484023809526
2018-07-14 11:15:00,35.68,40.952541805555576
2018-07-14 11:30:00,38.16,40.78565946428574
2018-07-14 11:45:00,24.59,29.398258452380947
2018-07-14 12:00:00,3.71,10.807812916666672
2018-07-14 12:15:00,4.32,6.242274365079362
2018-07-14 12:30:00,3.89,4.12765253968254
2018-07-14 12:45:00,3.42,4.48203367063492
2018-07-14 13:00:00,22.03,17.15786843073593
2018-07-14 13:15:00,36.76,27.70238714285714
2018-07-14 13:30:00,34.96,50.187098472222225
2018-07-14 13:45:00,36.83,41.42923607142858
2018-07-14 14:00:00,35.86,37.36522976190478
2018-07-14 14:15:00,33.84,36.30254839285717
2018-07-14 14:30:00,70.2,37.84213386904762
2018-07-14 14:45:00,77.18,36.153539166666654
2018-07-14 15:00:00,73.26,74.29522535714284
2018-07-14 15:15:00,76.28,72.26525541666668
2018-07-14 15:30:00,84.28,74.91782428571427
2018-07-14 15:45:00,61.56,66.60695475649354
2018-07-14 16:00:00,57.46,64.38618418650796
2018-07-14 16:15:00,84.49,64.14043775793651
2018-07-14 16:30:00,71.96,62.42647573412702
2018-07-14 16:45:00,40.1,59.02717386904761
2018-07-14 17:00:00,25.99,66.15958658730162
2018-07-14 17:15:00,24.84,33.73182089285714
2018-07-14 17:30:00,26.1,17.79112329365079
2018-07-14 17:45:00,24.3,23.222558115079355
2018-07-14 18:00:00,5.47,22.96624222222221
2018-07-14 18:15:00,2.99,23.052835734126976
2018-07-14 18:30:00,2.88,4.528123095238095
2018-07-14 18:45:00,2.95,3.1543057738095235
2018-07-14 19:00:00,2.92,3.1033169047619036
2018-07-14 19:15:00,3.28,3.104887619047619
2018-07-14 19:30:00,3.31,3.1013263095238095
2018-07-14 19:45:00,2.92,3.1415725000000014
2018-07-14 20:00:00,2.92,3.11272869047619
2018-07-14 20:15:00,2.95,3.0004544444444434
2018-07-14 20:30:00,2.92,3.0046269444444436
2018-07-14 20:45:00,2.99,3.1226583134920616
2018-07-14 21:00:00,2.99,3.0664446428571415
2018-07-14 21:15:00,3.02,3.1625790476190456
2018-07-14 21:30:00,3.56,3.1811845238095238
2018-07-14 21:45:00,3.64,3.2394532738095245
2018-07-14 22:00:00,3.06,3.105092386363635
2018-07-14 22:15:00,2.92,3.0850790476190464
2018-07-14 22:30:00,2.81,3.0561428968253965
2018-07-14 22:45:00,2.81,2.946923055555557
2018-07-14 23:00:00,2.77,2.9372723412698387
2018-07-14 23:15:00,2.81,2.916587777777778
2018-07-14 23:30:00,2.77,2.8944639087301556
2018-07-14 23:45:00,2.77,2.8963697420634897
2018-07-15 00:00:00,2.84,2.8931314682539666
2018-07-15 00:15:00,2.84,2.903935535714284
2018-07-15 00:30:00,2.84,2.905245238095239
2018-07-15 00:45:00,2.84,2.8948027380952372
2018-07-15 01:00:00,3.17,2.9278960714285707
2018-07-15 01:15:00,3.38,2.946434464285714
2018-07-15 01:30:00,2.92,2.9404209523809524
2018-07-15 01:45:00,2.84,2.931474761904761
2018-07-15 02:00:00,2.84,2.97489257936508
2018-07-15 02:15:00,2.88,2.94556871031746
2018-07-15 02:30:00,3.35,2.9810367857142843
2018-07-15 02:45:00,3.1,3.0229833333333307
2018-07-15 03:00:00,2.95,2.898351349206348
2018-07-15 03:15:00,2.92,2.8370360119047615
2018-07-15 03:30:00,2.84,2.927830873015871
2018-07-15 03:45:00,2.84,2.9234908333333323
2018-07-15 04:00:00,2.81,2.9215925595238086
2018-07-15 04:15:00,2.84,2.9291983333333316
2018-07-15 04:30:00,2.84,2.865600584415582
2018-07-15 04:45:00,2.92,2.870060465367964
2018-07-15 05:00:00,2.81,2.863619393939393
2018-07-15 05:15:00,2.77,2.9684734379509377
2018-07-15 05:30:00,2.81,2.986821984126984
2018-07-15 05:45:00,2.81,2.955886001082248
2018-07-15 06:00:00,2.81,2.9543405248917742
2018-07-15 06:15:00,2.81,2.9447140367965368
2018-07-15 06:30:00,4.28,2.9188601082251067
2018-07-15 06:45:00,3.2,3.001210773809524
2018-07-15 07:00:00,2.74,2.973272380952382
2018-07-15 07:15:00,2.74,3.050721726190474
2018-07-15 07:30:00,3.67,3.390864404761905
2018-07-15 07:45:00,8.86,3.443041071428573
2018-07-15 08:00:00,56.88,49.48473843253968
2018-07-15 08:15:00,90.68,77.67320773809521
2018-07-15 08:30:00,71.75,80.80491369047616
2018-07-15 08:45:00,111.92,91.97905884920634
2018-07-15 09:00:00,86.65,72.62959547619047
2018-07-15 09:15:00,82.66,74.47837779761907
2018-07-15 09:30:00,101.05,81.79588630952382
2018-07-15 09:45:00,77.62,67.25602535714287
2018-07-15 10:00:00,108.47,86.30667563492061
2018-07-15 10:15:00,98.57,80.5036108730159
2018-07-15 10:30:00,80.46,88.73059063492065
2018-07-15 10:45:00,107.71,95.38741190476193
2018-07-15 11:00:00,78.66,85.88809101190475
2018-07-15 11:15:00,90.14,89.49584563492063
2018-07-15 11:30:00,87.3,88.37183904761902
2018-07-15 11:45:00,35.06,85.05371894841267
2018-07-15 12:00:00,5.58,8.321004484126986
2018-07-15 12:15:00,4.5,6.075557142857139
2018-07-15 12:30:00,4.28,6.494170238095237
2018-07-15 12:45:00,4.18,4.748723154761906
2018-07-15 13:00:00,48.92,94.09576928571421
2018-07-15 13:15:00,97.6,57.71705166666664
2018-07-15 13:30:00,88.88,65.4794638293651
2018-07-15 13:45:00,94.86,86.46527605158728
2018-07-15 14:00:00,99.86,82.1982498178211
2018-07-15 14:15:00,88.34,87.27862765873014
2018-07-15 14:30:00,95.72,93.73667040043293
2018-07-15 14:45:00,99.61,89.4014205393218
2018-07-15 15:00:00,85.93,85.87077547979797
2018-07-15 15:15:00,96.91,90.70856279761907
2018-07-15 15:30:00,98.06,85.29480769841274
2018-07-15 15:45:00,88.27,85.39115043650793
2018-07-15 16:00:00,97.85,94.2357366071429
2018-07-15 16:15:00,84.6,85.32070013888891
2018-07-15 16:30:00,91.04,87.49996775793653
2018-07-15 16:45:00,49.54,77.8391925
2018-07-15 17:00:00,26.89,77.65388380952382
2018-07-15 17:15:00,26.06,49.086445178571445
2018-07-15 17:30:00,25.56,21.33198255952381
2018-07-15 17:45:00,25.31,23.522063353174595
2018-07-15 18:00:00,37.73,16.316987976190475
2018-07-15 18:15:00,42.05,15.910743122294372
2018-07-15 18:30:00,39.46,43.24285984126984
2018-07-15 18:45:00,44.53,44.02751436507936
2018-07-15 19:00:00,45.79,41.59646140873016
2018-07-15 19:15:00,47.45,39.3254648611111
2018-07-15 19:30:00,44.5,39.801434980158724
2018-07-15 19:45:00,44.71,40.64790902777777
2018-07-15 20:00:00,44.35,38.74729807539682
2018-07-15 20:15:00,44.28,40.09232009920635
2018-07-15 20:30:00,44.03,36.89079236111111
2018-07-15 20:45:00,11.63,18.63677648809524
2018-07-15 21:00:00,6.3,9.673905714285713
2018-07-15 21:15:00,3.78,4.4075981547619065
2018-07-15 21:30:00,3.67,4.653659550865801
2018-07-15 21:45:00,3.85,3.7026420634920636
2018-07-15 22:00:00,4.72,3.528311587301584
2018-07-15 22:15:00,3.78,3.536021626984126
2018-07-15 22:30:00,3.46,3.606050535714286
2018-07-15 22:45:00,3.49,3.715068174603177
2018-07-15 23:00:00,2.77,3.4329193055555582
2018-07-15 23:15:00,2.84,3.448351964285716
2018-07-15 23:30:00,2.81,2.9189167460317464
2018-07-15 23:45:00,2.92,2.965661369047618
2018-07-16 00:00:00,2.92,2.9313014285714285
2018-07-16 00:15:00,2.92,3.0165016071428568
2018-07-16 00:30:00,2.88,3.007830337301587
2018-07-16 00:45:00,2.88,3.0283174404761906
2018-07-16 01:00:00,2.88,3.0611960515873
2018-07-16 01:15:00,2.92,3.0770191666666666
2018-07-16 01:30:00,2.88,3.036806666666666
2018-07-16 01:45:00,2.95,2.9968420833333353
2018-07-16 02:00:00,2.99,3.0134701785714317
2018-07-16 02:15:00,2.95,3.1837947619047604
2018-07-16 02:30:00,3.42,3.1949624296536796
2018-07-16 02:45:00,2.99,3.228077757936507
2018-07-16 03:00:00,2.92,3.059773095238094
2018-07-16 03:15:00,2.99,3.0064328174603165
2018-07-16 03:30:00,2.88,2.962068333333333
2018-07-16 03:45:00,2.84,3.016797142857142
2018-07-16 04:00:00,3.42,3.1231903517316004
2018-07-16 04:15:00,3.06,3.012652996031745
2018-07-16 04:30:00,2.88,2.9909324404761906
2018-07-16 04:45:00,2.92,3.0679058928571425
2018-07-16 05:00:00,2.81,2.9465639285714276
2018-07-16 05:15:00,2.77,2.9870241666666653
2018-07-16 05:30:00,2.81,2.918000357142857
2018-07-16 05:45:00,2.81,2.920313690476188
2018-07-16 06:00:00,2.92,2.932237757936508
2018-07-16 06:15:00,3.35,2.9163151082251066
2018-07-16 06:30:00,2.77,3.0409510714285704
2018-07-16 06:45:00,2.77,2.974908928571428
2018-07-16 07:00:00,2.81,2.9272635714285697
2018-07-16 07:15:00,3.28,3.2855716468253946
2018-07-16 07:30:00,3.6,4.14341408730159
2018-07-16 07:45:00,5.26,4.398111071428573
2018-07-16 08:00:00,63.25,42.5112073809524
2018-07-16 08:15:00,88.49,77.24319547619048
2018-07-16 08:30:00,94.21,87.57005472582973
2018-07-16 08:45:00,89.21,97.35875065476182
2018-07-16 09:00:00,97.81,81.24153732142858
2018-07-16 09:15:00,94.82,80.72644166666667
2018-07-16 09:30:00,77.9,86.07490369047615
2018-07-16 09:45:00,91.37,90.88926416666672
2018-07-16 10:00:00,101.27,86.46133392857142
2018-07-16 10:15:00,88.42,88.95624071428568
2018-07-16 10:30:00,55.33,90.98584954725835
2018-07-16 10:45:00,66.6,86.9267656547619
2018-07-16 11:00:00,47.92,68.54543900793647
2018-07-16 11:15:00,53.39,71.61187595238096
2018-07-16 11:30:00,75.71,60.627886865079375
2018-07-16 11:45:00,52.6,60.42881928571426
2018-07-16 12:00:00,5.69,10.817212976190484
2018-07-16 12:15:00,5.54,5.630275575396826
2018-07-16 12:30:00,5.36,5.181424940476189
2018-07-16 12:45:00,6.16,6.462273313492061
2018-07-16 13:00:00,30.92,48.924160476190494
2018-07-16 13:15:00,71.35,60.340165340909095
2018-07-16 13:30:00,52.13,57.52575714285713
2018-07-16 13:45:00,50.47,80.13723601190473
2018-07-16 14:00:00,55.76,64.26473692460317
2018-07-16 14:15:00,62.5,62.863446011904806
2018-07-16 14:30:00,57.6,59.07219202380952
2018-07-16 14:45:00,65.81,56.275207539682526
2018-07-16 15:00:00,66.71,53.54119686507933
2018-07-16 15:15:00,60.05,60.71163045634921
2018-07-16 15:30:00,59.76,62.59445642857141
2018-07-16 15:45:00,64.15,62.414143035714254
2018-07-16 16:00:00,67.18,59.89699912698407
2018-07-16 16:15:00,65.3,61.86126666666665
2018-07-16 16:30:00,69.01,62.386824583333336
2018-07-16 16:45:00,67.07,64.42204194444446
2018-07-16 17:00:00,61.38,59.75197563492069
2018-07-16 17:15:00,56.02,59.54766523809526
2018-07-16 17:30:00,29.88,33.40094527777779
2018-07-16 17:45:00,31.21,31.83675896825397
2018-07-16 18:00:00,36.47,38.132139166666654
2018-07-16 18:15:00,46.48,48.99082807539684
2018-07-16 18:30:00,54.5,45.806969662698414
2018-07-16 18:45:00,56.16,48.678434027777776
2018-07-16 19:00:00,63.11,54.51097964285714
2018-07-16 19:15:00,61.85,57.562944761904774
2018-07-16 19:30:00,58.18,56.66542059523809
2018-07-16 19:45:00,55.01,57.83984815476188
2018-07-16 20:00:00,51.05,59.03857916666669
2018-07-16 20:15:00,49.46,58.73612494047623
2018-07-16 20:30:00,44.06,56.2136995238095
2018-07-16 20:45:00,23.0,48.95034833333335
2018-07-16 21:00:00,4.9,6.958553252164498
2018-07-16 21:15:00,4.18,4.291806607142857
2018-07-16 21:30:00,3.82,4.235208333333332
2018-07-16 21:45:00,3.82,3.985474940476191
2018-07-16 22:00:00,3.71,3.8149937698412697
2018-07-16 22:15:00,3.64,3.6618037698412707
2018-07-16 22:30:00,3.64,3.594613571428571
2018-07-16 22:45:00,3.53,3.6132427777777765
2018-07-16 23:00:00,3.53,3.681760654761902
2018-07-16 23:15:00,3.89,3.7262824999999986
2018-07-16 23:30:00,3.46,3.7095880357142876
2018-07-16 23:45:00,2.92,3.6765722023809526
2018-07-17 00:00:00,2.95,3.4683298809523806
2018-07-17 00:15:00,2.92,3.0448786904761924
2018-07-17 00:30:00,2.95,3.0539451785714293
2018-07-17 00:45:00,2.95,3.098170932539684
2018-07-17 01:00:00,2.99,3.0691458333333332
2018-07-17 01:15:00,2.99,3.1281624404761907
2018-07-17 01:30:00,3.02,3.1054388095238092
2018-07-17 01:45:00,2.95,3.099621071428572
2018-07-17 02:00:00,2.99,3.1006091666666658
2018-07-17 02:15:00,2.95,3.0880837499999996
2018-07-17 02:30:00,2.99,3.153085654761906
2018-07-17 02:45:00,3.49,3.193885708874459
2018-07-17 03:00:00,3.42,3.1550217261904767
2018-07-17 03:15:00,2.92,3.028050833333333
2018-07-17 03:30:00,2.95,3.0448026388888896
2018-07-17 03:45:00,2.88,3.0035635714285704
2018-07-17 04:00:00,2.95,2.9578477380952397
2018-07-17 04:15:00,2.92,2.9820158279220754
2018-07-17 04:30:00,2.95,3.0319599999999998
2018-07-17 04:45:00,3.13,3.0853440367965352
2018-07-17 05:00:00,3.49,3.0792158333333335
2018-07-17 05:15:00,2.99,3.013654285714286
2018-07-17 05:30:00,2.92,2.958787500000001
2018-07-17 05:45:00,2.92,2.9714084523809516
2018-07-17 06:00:00,2.95,2.9629889087301575
2018-07-17 06:15:00,2.92,2.9676967261904754
2018-07-17 06:30:00,2.88,3.0415285714285702
2018-07-17 06:45:00,2.88,3.1188715476190474
2018-07-17 07:00:00,2.99,3.130960773809524
2018-07-17 07:15:00,3.17,3.3635288492063484
2018-07-17 07:30:00,3.24,3.872047222222224
2018-07-17 07:45:00,3.49,3.759957777777781
2018-07-17 08:00:00,32.83,32.43130583333333
2018-07-17 08:15:00,47.38,55.6150013095238
2018-07-17 08:30:00,67.75,55.882932817460315
2018-07-17 08:45:00,67.86,57.57085232142854
2018-07-17 09:00:00,58.64,70.72042595238098
2018-07-17 09:15:00,82.3,67.74479863095233
2018-07-17 09:30:00,60.91,62.74826630952387
2018-07-17 09:45:00,66.56,63.86902744047622
2018-07-17 10:00:00,50.0,63.151555654761914
2018-07-17 10:15:00,52.2,63.49579178571429
2018-07-17 10:30:00,49.79,62.16072626984128
2018-07-17 10:45:00,47.38,66.87104269841274
2018-07-17 11:00:00,54.0,60.918100615079375
2018-07-17 11:15:00,66.42,59.31784859126982
2018-07-17 11:30:00,54.72,58.710328627344886
2018-07-17 11:45:00,69.73,57.72919878968252
2018-07-17 12:00:00,8.39,5.308213055555557
2018-07-17 12:15:00,4.86,6.174376210317462
2018-07-17 12:30:00,4.46,5.420382738095239
2018-07-17 12:45:00,4.25,5.303290357142861
2018-07-17 13:00:00,26.46,40.92750684523808
2018-07-17 13:15:00,59.62,61.71396093253971
2018-07-17 13:30:00,80.82,54.876260079365096
2018-07-17 13:45:00,96.62,63.306554166666665
2018-07-17 14:00:00,79.74,77.05595892857141
2018-07-17 14:15:00,104.94,84.69411373015875
2018-07-17 14:30:00,94.54,82.6235223214286
2018-07-17 14:45:00,71.35,86.73652601190473
2018-07-17 15:00:00,71.6,93.65520648809529
2018-07-17 15:15:00,72.97,89.68812255952382
2018-07-17 15:30:00,104.58,85.86278869047622
2018-07-17 15:45:00,78.55,77.18960509920636
2018-07-17 16:00:00,108.4,87.11712459956709
2018-07-17 16:15:00,100.55,76.94545965007215
2018-07-17 16:30:00,88.45,88.08483987734488
2018-07-17 16:45:00,104.26,96.34631279761908
2018-07-17 17:00:00,76.61,93.97488083333336
2018-07-17 17:15:00,60.05,88.38258809523808
2018-07-17 17:30:00,32.44,63.516870714285716
2018-07-17 17:45:00,32.29,44.68366337301589
2018-07-17 18:00:00,45.79,57.69389833333334
2018-07-17 18:15:00,91.04,62.400869980158795
2018-07-17 18:30:00,87.05,57.24971454365081
2018-07-17 18:45:00,60.48,89.7575728769841
2018-07-17 19:00:00,46.8,82.6410609920635
2018-07-17 19:15:00,55.48,67.70739452380957
2018-07-17 19:30:00,44.89,61.15680214285717
2018-07-17 19:45:00,57.17,69.60733529761902
2018-07-17 20:00:00,37.48,52.677809345238096
2018-07-17 20:15:00,55.76,59.4398326190476
2018-07-17 20:30:00,36.47,39.55509107142856
2018-07-17 20:45:00,9.86,32.86422744047618
2018-07-17 21:00:00,6.62,13.052410990259741
2018-07-17 21:15:00,3.78,4.413094007936511
2018-07-17 21:30:00,3.85,4.296520654761905
2018-07-17 21:45:00,3.85,3.85249994047619
2018-07-17 22:00:00,3.74,3.717381130952382
2018-07-17 22:15:00,3.67,3.5653907738095243
2018-07-17 22:30:00,3.53,3.5244318452380954
2018-07-17 22:45:00,2.81,3.6547694642857134
2018-07-17 23:00:00,2.74,3.549154642857141
2018-07-17 23:15:00,2.7,2.918101448412699
2018-07-17 23:30:00,2.66,2.8587377579365083
2018-07-17 23:45:00,2.66,2.801264007936508
2018-07-18 00:00:00,2.7,2.729638809523806
2018-07-18 00:15:00,2.74,2.7270349404761873
2018-07-18 00:30:00,2.74,2.7772570833333328
2018-07-18 00:45:00,2.7,2.8028128571428566
2018-07-18 01:00:00,2.7,2.8248835714285705
2018-07-18 01:15:00,2.7,2.8027048214285704
2018-07-18 01:30:00,2.77,2.8220927777777773
2018-07-18 01:45:00,3.24,2.8330299206349205
2018-07-18 02:00:00,3.42,2.8494514682539682
2018-07-18 02:15:00,2.92,2.8561337301587275
2018-07-18 02:30:00,2.88,2.8782884126984123
2018-07-18 02:45:00,2.88,2.9556470833333335
2018-07-18 03:00:00,2.92,2.905473452380951
2018-07-18 03:15:00,2.81,2.9622900721500702
2018-07-18 03:30:00,2.88,3.1268163095238077
2018-07-18 03:45:00,3.02,2.9291209920634924
2018-07-18 04:00:00,3.35,3.122005595238095
2018-07-18 04:15:00,2.84,2.965665019841269
2018-07-18 04:30:00,2.81,2.9125379563492038
2018-07-18 04:45:00,2.77,2.9161041071428553
2018-07-18 05:00:00,2.81,2.9524503571428538
2018-07-18 05:15:00,2.77,2.921554365079362
2018-07-18 05:30:00,2.74,2.914537083333331
2018-07-18 05:45:00,2.7,2.9442121428571415
2018-07-18 06:00:00,2.74,2.9908408531746034
2018-07-18 06:15:00,2.74,2.8423512499999988
2018-07-18 06:30:00,2.77,2.8762036309523817
2018-07-18 06:45:00,2.66,2.8298137301587296
2018-07-18 07:00:00,2.66,2.899542400793653
2018-07-18 07:15:00,2.99,3.0793676587301575
2018-07-18 07:30:00,3.31,4.23822738095238
2018-07-18 07:45:00,3.82,4.685166051587303
2018-07-18 08:00:00,29.74,32.36099246031745
2018-07-18 08:15:00,43.31,76.61131755952378
2018-07-18 08:30:00,49.68,50.93672535714282
2018-07-18 08:45:00,47.52,54.40494434523812
2018-07-18 09:00:00,55.94,59.937084821428556
2018-07-18 09:15:00,50.11,57.22102873015869
2018-07-18 09:30:00,45.61,58.16130323412701
2018-07-18 09:45:00,50.83,54.442381130952356
2018-07-18 10:00:00,44.75,51.05615815476189
2018-07-18 10:15:00,50.94,56.6693782738095
2018-07-18 10:30:00,64.15,49.87561791666667
2018-07-18 10:45:00,76.1,56.22270714285713
2018-07-18 11:00:00,51.34,59.34801619047617
2018-07-18 11:15:00,51.37,76.42134678571425
2018-07-18 11:30:00,55.04,62.174789206349224
2018-07-18 11:45:00,47.59,63.283008214285736
2018-07-18 12:00:00,29.45,8.97356117965368
2018-07-18 12:15:00,30.92,5.467195357142856
2018-07-18 12:30:00,29.16,13.851006289682534
2018-07-18 12:45:00,29.45,34.733171964285695
2018-07-18 13:00:00,44.89,40.97259442460319
2018-07-18 13:15:00,73.87,45.250563174603194
2018-07-18 13:30:00,59.8,54.65609249999999
2018-07-18 13:45:00,66.96,72.83816601190479
2018-07-18 14:00:00,62.57,58.666225793650774
2018-07-18 14:15:00,54.07,63.27244664682542
2018-07-18 14:30:00,60.48,61.161867797619045
2018-07-18 14:45:00,56.99,61.96731202380949
2018-07-18 15:00:00,48.38,59.87560186507938
2018-07-18 15:15:00,52.49,54.59656523809525
2018-07-18 15:30:00,59.18,54.794340357142865
2018-07-18 15:45:00,60.59,57.872352896825426
2018-07-18 16:00:00,61.96,59.44430249999999
2018-07-18 16:15:00,61.45,58.489558749999986
2018-07-18 16:30:00,61.99,59.869791210317445
2018-07-18 16:45:00,53.17,59.116317658730146
2018-07-18 17:00:00,50.51,59.42998503968258
2018-07-18 17:15:00,60.3,55.58564051587301
2018-07-18 17:30:00,60.34,33.07998484126984
2018-07-18 17:45:00,53.32,34.00734396825397
2018-07-18 18:00:00,5.83,44.28758964285715
2018-07-18 18:15:00,3.78,34.096050178571424
2018-07-18 18:30:00,3.42,4.689055396825398
2018-07-18 18:45:00,3.38,3.825250416666668
2018-07-18 19:00:00,3.42,3.7735874603174597
2018-07-18 19:15:00,3.42,3.881269126984128
2018-07-18 19:30:00,3.42,3.6064746031746022
2018-07-18 19:45:00,3.28,3.605274285714283
2018-07-18 20:00:00,2.81,3.5991124404761883
2018-07-18 20:15:00,2.77,3.862998452380952
2018-07-18 20:30:00,2.77,2.986497797619046
2018-07-18 20:45:00,2.84,2.945104940476191
2018-07-18 21:00:00,2.92,2.948543511904762
2018-07-18 21:15:00,2.88,2.9249104761904743
2018-07-18 21:30:00,2.95,2.9494307142857137
2018-07-18 21:45:00,3.28,2.976207738095237
2018-07-18 22:00:00,3.28,3.0804970833333325
2018-07-18 22:15:00,2.81,3.0741199999999993
2018-07-18 22:30:00,2.84,3.0492159126984113
2018-07-18 22:45:00,2.81,2.9320015476190475
2018-07-18 23:00:00,2.81,2.940021904761904
2018-07-18 23:15:00,2.7,2.915184642857142
2018-07-18 23:30:00,2.77,2.8843114285714266
2018-07-18 23:45:00,3.38,2.88235146825397
2018-07-19 00:00:00,2.99,3.0119639880952387
2018-07-19 00:15:00,2.84,2.871258115079363
2018-07-19 00:30:00,2.77,2.8482450595238076
2018-07-19 00:45:00,2.81,2.8672570238095254
2018-07-19 01:00:00,2.81,2.9532642261904765
2018-07-19 01:15:00,3.1,2.9547295436507937
2018-07-19 01:30:00,2.95,2.9155096428571428
2018-07-19 01:45:00,3.02,2.842530079365079
2018-07-19 02:00:00,2.99,2.9797444841269836
2018-07-19 02:15:00,2.99,3.0183055555555556
2018-07-19 02:30:00,3.02,3.046409404761904
2018-07-19 02:45:00,2.92,3.070960277777778
2018-07-19 03:00:00,2.95,3.041834404761906
2018-07-19 03:15:00,3.46,3.0318840476190485
2018-07-19 03:30:00,3.38,3.090278809523807
2018-07-19 03:45:00,2.74,3.1209074404761923
2018-07-19 04:00:00,2.77,3.0677983333333345
2018-07-19 04:15:00,3.17,2.841896488095237
2018-07-19 04:30:00,2.99,2.865527777777777
2018-07-19 04:45:00,2.81,2.9770232467532454
2018-07-19 05:00:00,2.7,2.965118253968253
2018-07-19 05:15:00,2.7,2.851361428571427
2018-07-19 05:30:00,2.7,2.7957705357142864
2018-07-19 05:45:00,2.7,2.796706547619046
2018-07-19 06:00:00,2.7,2.857166726190475
2018-07-19 06:15:00,2.7,2.816876190476195
2018-07-19 06:30:00,2.59,2.773397142857145
2018-07-19 06:45:00,2.7,2.7865586904761925
2018-07-19 07:00:00,2.81,2.723536666666667
2018-07-19 07:15:00,3.24,3.1831520238095243
2018-07-19 07:30:00,3.6,4.485294503968254
2018-07-19 07:45:00,5.33,4.880040407647908
2018-07-19 08:00:00,46.44,29.53719261904761
2018-07-19 08:15:00,52.81,59.146331785714246
2018-07-19 08:30:00,65.27,68.16768869047618
2018-07-19 08:45:00,71.24,56.31256178571427
2018-07-19 09:00:00,72.5,64.33602230158732
2018-07-19 09:15:00,59.58,65.35046416666664
2018-07-19 09:30:00,52.31,69.82919613095237
2018-07-19 09:45:00,47.45,61.25837660714289
2018-07-19 10:00:00,54.5,66.66601210317462
2018-07-19 10:15:00,62.24,63.20543267857146
2018-07-19 10:30:00,54.04,58.9436255357143
2018-07-19 10:45:00,56.92,58.814414523809525
2018-07-19 11:00:00,70.78,56.35710740079363
2018-07-19 11:15:00,88.81,59.83066301587301
2018-07-19 11:30:00,100.3,61.470374437229445
2018-07-19 11:45:00,91.44,79.28453477453105
2018-07-19 12:00:00,7.06,26.115076111111115
2018-07-19 12:15:00,15.55,18.932704523809537
2018-07-19 12:30:00,23.33,16.92151321428572
2018-07-19 12:45:00,26.32,23.55546585317462
2018-07-19 13:00:00,48.64,39.992129761904785
2018-07-19 13:15:00,67.21,41.52229904761905
2018-07-19 13:30:00,94.61,50.76465714285716
2018-07-19 13:45:00,75.28,71.165129265873
2018-07-19 14:00:00,71.82,85.03815452380957
2018-07-19 14:15:00,97.85,81.67907331349207
2018-07-19 14:30:00,106.27,70.86563053571425
2018-07-19 14:45:00,83.95,82.0707343452381
2018-07-19 15:00:00,75.96,97.03426412698407
2018-07-19 15:15:00,79.38,87.27496799603178
2018-07-19 15:30:00,83.77,76.32752398809528
2018-07-19 15:45:00,78.73,80.19159011904759
2018-07-19 16:00:00,111.42,78.31541309523807
2018-07-19 16:15:00,85.5,73.76876799603174
2018-07-19 16:30:00,90.9,88.79528845238096
2018-07-19 16:45:00,95.76,85.67520892857141
2018-07-19 17:00:00,70.2,83.75200236111112
2018-07-19 17:15:00,96.55,89.86798702380943
2018-07-19 17:30:00,31.68,48.17772575396827
2018-07-19 17:45:00,31.64,57.36092335317461
2018-07-19 18:00:00,55.76,55.98490107142857
2018-07-19 18:15:00,82.66,73.48550077380955
2018-07-19 18:30:00,99.14,71.15423380952382
2018-07-19 18:45:00,69.8,92.33542964466095
2018-07-19 19:00:00,51.44,83.77833361111114
2018-07-19 19:15:00,66.13,80.9605373214286
2018-07-19 19:30:00,65.7,63.377053809523794
2018-07-19 19:45:00,59.22,68.52622396825393
2018-07-19 20:00:00,52.38,72.81576283730159
2018-07-19 20:15:00,51.98,68.27282087301582
2018-07-19 20:30:00,63.22,57.77566178571428
2018-07-19 20:45:00,47.66,37.24515392857141
2018-07-19 21:00:00,40.61,11.444000892857144
2018-07-19 21:15:00,40.28,6.774575833333335
2018-07-19 21:30:00,35.71,28.503532301587317
2018-07-19 21:45:00,33.48,30.725402440476177
2018-07-19 22:00:00,11.84,32.11295785714283
2018-07-19 22:15:00,3.82,28.44153761904761
2018-07-19 22:30:00,3.6,5.20443490800866
2018-07-19 22:45:00,3.53,3.7626486201298697
2018-07-19 23:00:00,4.5,3.661328948412696
2018-07-19 23:15:00,3.82,3.491190436507937
2018-07-19 23:30:00,3.38,3.6929502777777783
2018-07-19 23:45:00,3.42,3.737729880952381
2018-07-20 00:00:00,3.38,3.4346673214285715
2018-07-20 00:15:00,2.84,3.4358216071428562
2018-07-20 00:30:00,2.81,3.338884583333334
2018-07-20 00:45:00,2.77,2.9847411309523797
2018-07-20 01:00:00,2.88,2.9056301587301565
2018-07-20 01:15:00,2.88,2.901302559523809
2018-07-20 01:30:00,2.84,3.0258220238095244
2018-07-20 01:45:00,2.88,3.0248336309523807
2018-07-20 02:00:00,2.81,2.9788887301587295
2018-07-20 02:15:00,2.84,3.0509098611111107
2018-07-20 02:30:00,2.88,2.93388138888889
2018-07-20 02:45:00,2.84,2.9264588095238087
2018-07-20 03:00:00,2.92,2.9798223214285726
2018-07-20 03:15:00,2.92,3.0092550595238095
2018-07-20 03:30:00,2.81,3.048430277777777
2018-07-20 03:45:00,2.74,3.0422073737373747
2018-07-20 04:00:00,2.77,2.9939665079365083
2018-07-20 04:15:00,3.28,2.92395119047619
2018-07-20 04:30:00,4.21,2.995623214285716
2018-07-20 04:45:00,2.81,2.9056793055555543
2018-07-20 05:00:00,2.77,2.9945358333333356
2018-07-20 05:15:00,2.77,2.877050595238094
2018-07-20 05:30:00,2.77,2.908255238095235
2018-07-20 05:45:00,2.81,2.8928580158730135
2018-07-20 06:00:00,2.81,3.0088916071428558
2018-07-20 06:15:00,2.81,2.9942629455266943
2018-07-20 06:30:00,2.7,2.9551917748917735
2018-07-20 06:45:00,2.74,2.9519197510822504
2018-07-20 07:00:00,2.7,2.8894568939393936
2018-07-20 07:15:00,3.2,3.1910260317460324
2018-07-20 07:30:00,3.24,4.059993035714288
2018-07-20 07:45:00,3.78,4.4012898412698425
2018-07-20 08:00:00,31.57,44.53962029761909
2018-07-20 08:15:00,47.88,47.6768441666667
2018-07-20 08:30:00,51.52,55.46688630952382
2018-07-20 08:45:00,64.3,61.77868880952382
2018-07-20 09:00:00,59.44,57.39017702380956
2018-07-20 09:15:00,57.71,66.01093208333332
2018-07-20 09:30:00,52.7,59.38181077380949
2018-07-20 09:45:00,53.5,59.91602978174604
2018-07-20 10:00:00,47.12,57.18652638888889
2018-07-20 10:15:00,63.58,58.622461309523814
2018-07-20 10:30:00,54.65,58.65957454365077
2018-07-20 10:45:00,61.38,60.32827623015868
2018-07-20 11:00:00,61.7,59.211813789682516
2018-07-20 11:15:00,63.83,59.17385904761905
2018-07-20 11:30:00,60.3,58.425868928571454
2018-07-20 11:45:00,57.38,61.47183817460316
2018-07-20 12:00:00,6.88,7.670685416666665
2018-07-20 12:15:00,5.33,10.173342429653678
2018-07-20 12:30:00,4.39,11.042137440476196
2018-07-20 12:45:00,4.28,5.726978095238097
2018-07-20 13:00:00,30.38,41.07469547619046
2018-07-20 13:15:00,61.34,58.084799365079405
2018-07-20 13:30:00,61.49,60.59934732142853
2018-07-20 13:45:00,59.33,73.09151916666663
2018-07-20 14:00:00,50.65,63.352211071428556
2018-07-20 14:15:00,54.43,59.075249801587276
2018-07-20 14:30:00,60.01,59.501629583333326
2018-07-20 14:45:00,58.0,56.81727125000001
2018-07-20 15:00:00,62.71,56.37868595238095
2018-07-20 15:15:00,64.58,56.054774404761865
2018-07-20 15:30:00,64.51,58.34416815476192
2018-07-20 15:45:00,63.94,59.65004535714288
2018-07-20 16:00:00,60.91,62.28242583333329
2018-07-20 16:15:00,68.18,60.36428464285716
2018-07-20 16:30:00,99.18,60.0824925
2018-07-20 16:45:00,99.04,61.08958043650796
2018-07-20 17:00:00,68.26,81.35232178571431
2018-07-20 17:15:00,59.51,89.91297565476192
2018-07-20 17:30:00,31.28,40.229891805555575
2018-07-20 17:45:00,31.21,39.098206964285716
2018-07-20 18:00:00,42.01,45.876743869047594
2018-07-20 18:15:00,52.34,55.39106496031747
2018-07-20 18:30:00,43.42,49.91782478174603
2018-07-20 18:45:00,82.66,56.48782287698412
2018-07-20 19:00:00,102.35,43.36911773809524
2018-07-20 19:15:00,66.02,78.41394311507935
2018-07-20 19:30:00,82.08,88.11732775793655
2018-07-20 19:45:00,97.67,82.67552375000007
2018-07-20 20:00:00,72.86,76.98377809523807
2018-07-20 20:15:00,67.82,84.76472803571431
2018-07-20 20:30:00,44.68,83.95250160714289
2018-07-20 20:45:00,28.48,58.31525327380954
2018-07-20 21:00:00,6.19,43.95966950396827
2018-07-20 21:15:00,4.46,26.36876619047618
2018-07-20 21:30:00,3.92,5.210837996031746
2018-07-20 21:45:00,3.92,4.002347817460317
2018-07-20 22:00:00,3.96,3.825860317460319
2018-07-20 22:15:00,3.78,3.7268856150793654
2018-07-20 22:30:00,3.6,3.706474821428572
2018-07-20 22:45:00,3.17,3.7073960317460295
2018-07-20 23:00:00,3.1,3.6952770833333317
2018-07-20 23:15:00,3.1,3.1816076190476172
2018-07-20 23:30:00,3.1,3.1966412500000008
2018-07-20 23:45:00,3.6,3.2228929761904768
2018-07-21 00:00:00,3.13,3.3037191071428564
2018-07-21 00:15:00,2.99,3.239252083333331
2018-07-21 00:30:00,3.06,3.1555538095238105
2018-07-21 00:45:00,3.06,3.151505833333333
2018-07-21 01:00:00,3.02,3.210585357142855
2018-07-21 01:15:00,3.02,3.261643690476189
2018-07-21 01:30:00,2.99,3.2594041269841254
2018-07-21 01:45:00,3.24,3.1490173412698375
2018-07-21 02:00:00,3.24,3.1512992857142836
2018-07-21 02:15:00,3.64,3.1918985714285704
2018-07-21 02:30:00,3.78,3.163958809523811
2018-07-21 02:45:00,3.35,3.0852241071428574
2018-07-21 03:00:00,3.38,3.1245932142857127
2018-07-21 03:15:00,3.28,3.1787785912698383
2018-07-21 03:30:00,3.35,3.2321591269841257
2018-07-21 03:45:00,3.28,3.133306011904761
2018-07-21 04:00:00,3.24,3.1647714087301586
2018-07-21 04:15:00,3.31,3.2083433928571434
2018-07-21 04:30:00,3.28,3.2625509722222206
2018-07-21 04:45:00,3.28,3.1648861507936505
2018-07-21 05:00:00,3.35,3.15602375
2018-07-21 05:15:00,3.24,3.1690791666666662
2018-07-21 05:30:00,3.71,3.162625436507935
2018-07-21 05:45:00,3.64,3.1787817857142846
2018-07-21 06:00:00,3.24,3.303775952380949
2018-07-21 06:15:00,3.31,3.253573472222223
2018-07-21 06:30:00,3.24,3.219091190476188
2018-07-21 06:45:00,3.28,3.2736616865079315
2018-07-21 07:00:00,3.28,3.184123392857143
2018-07-21 07:15:00,3.46,3.4801685119047643
2018-07-21 07:30:00,4.07,3.6801269047619054
2018-07-21 07:45:00,3.78,4.087672202380951
2018-07-21 08:00:00,24.23,28.704682142857145
2018-07-21 08:15:00,40.39,34.055936448412716
2018-07-21 08:30:00,32.69,26.300290099206347
2018-07-21 08:45:00,33.55,44.50576958333331
2018-07-21 09:00:00,44.42,38.9771293452381
2018-07-21 09:15:00,45.14,36.979061845238114
2018-07-21 09:30:00,43.49,43.59114886904763
2018-07-21 09:45:00,43.74,45.740111985930724
2018-07-21 10:00:00,42.12,44.132616527777756
2018-07-21 10:15:00,45.54,43.125192380952356
2018-07-21 10:30:00,44.64,43.10468607142857
2018-07-21 10:45:00,43.67,44.07841998015874
2018-07-21 11:00:00,44.93,43.50202710497836
2018-07-21 11:15:00,45.14,42.95111619047618
2018-07-21 11:30:00,32.9,43.78216357323234
2018-07-21 11:45:00,10.87,43.82093553571429
2018-07-21 12:00:00,4.25,6.506718571428571
2018-07-21 12:15:00,4.28,4.578531845238096
2018-07-21 12:30:00,4.21,4.24169640873016
2018-07-21 12:45:00,4.14,4.62582880952381
2018-07-21 13:00:00,11.81,23.606258609307364
2018-07-21 13:15:00,50.29,44.908384285714284
2018-07-21 13:30:00,37.73,42.06729652777779
2018-07-21 13:45:00,31.86,55.28221799603173
2018-07-21 14:00:00,37.01,42.60734107142857
2018-07-21 14:15:00,49.18,39.86931690476191
2018-07-21 14:30:00,31.14,44.976335091991366
2018-07-21 14:45:00,42.19,57.04241999999996
2018-07-21 15:00:00,44.14,40.95797317460318
2018-07-21 15:15:00,50.4,44.16784023809526
2018-07-21 15:30:00,36.65,49.6963769047619
2018-07-21 15:45:00,34.96,52.397319880952345
2018-07-21 16:00:00,51.77,44.76032275793653
2018-07-21 16:15:00,45.68,42.20501160714286
2018-07-21 16:30:00,46.01,48.6582148611111
2018-07-21 16:45:00,12.53,42.343117480158725
2018-07-21 17:00:00,4.5,33.50768744047618
2018-07-21 17:15:00,3.78,7.135648313492066
2018-07-21 17:30:00,3.46,4.1814904166666675
2018-07-21 17:45:00,3.46,4.048862539682542
2018-07-21 18:00:00,3.35,3.628998333333331
2018-07-21 18:15:00,3.35,3.5819479166666683
2018-07-21 18:30:00,3.42,3.445347499999999
2018-07-21 18:45:00,3.53,3.3875464880952397
2018-07-21 19:00:00,3.49,3.380517817460319
2018-07-21 19:15:00,3.49,3.3768547619047613
2018-07-21 19:30:00,2.88,3.3169357142857128
2018-07-21 19:45:00,2.95,3.3440666666666647
2018-07-21 20:00:00,2.92,2.9478362500000004
2018-07-21 20:15:00,2.99,3.0593838690476183
2018-07-21 20:30:00,2.92,3.0129479563492065
2018-07-21 20:45:00,2.95,3.127416785714285
2018-07-21 21:00:00,2.95,3.086025535714285
2018-07-21 21:15:00,3.6,3.1049029166666657
2018-07-21 21:30:00,3.06,3.078269543650791
2018-07-21 21:45:00,3.1,3.093391130952382
2018-07-21 22:00:00,2.95,3.0636586309523803
2018-07-21 22:15:00,2.81,3.097259523809523
2018-07-21 22:30:00,2.84,3.0279008333333315
2018-07-21 22:45:00,2.81,2.948303551587301
2018-07-21 23:00:00,2.81,2.976686428571428
2018-07-21 23:15:00,2.81,2.9383406944444435
2018-07-21 23:30:00,2.92,2.8955115277777748
2018-07-21 23:45:00,3.38,2.9043916666666654
2018-07-22 00:00:00,3.13,3.008591587301585
2018-07-22 00:15:00,2.84,2.8747969642857125
2018-07-22 00:30:00,2.81,2.9240192857142855
2018-07-22 00:45:00,2.92,2.8963479365079348
2018-07-22 01:00:00,2.92,2.885230039682537
2018-07-22 01:15:00,2.88,3.0275102380952363
2018-07-22 01:30:00,2.84,3.102382770562772
2018-07-22 01:45:00,2.88,3.050226428571428
2018-07-22 02:00:00,3.28,3.0291712103174597
2018-07-22 02:15:00,3.31,3.101731428571425
2018-07-22 02:30:00,2.99,3.0140543452380917
2018-07-22 02:45:00,2.88,2.9304300793650775
2018-07-22 03:00:00,2.88,2.921839424603174
2018-07-22 03:15:00,2.88,2.9360343452380944
2018-07-22 03:30:00,2.81,2.9634178571428578
2018-07-22 03:45:00,2.81,2.977267678571428
2018-07-22 04:00:00,2.84,2.9117030357142846
2018-07-22 04:15:00,2.92,2.89396714285714
2018-07-22 04:30:00,2.92,2.8975521428571422
2018-07-22 04:45:00,2.84,2.905012261904759
2018-07-22 05:00:00,2.77,2.9822311904761873
2018-07-22 05:15:00,2.81,2.986371428571427
2018-07-22 05:30:00,2.81,2.960877499999997
2018-07-22 05:45:00,3.46,2.9555876785714257
2018-07-22 06:00:00,2.77,3.0251087698412693
2018-07-22 06:15:00,2.74,2.923758095238095
2018-07-22 06:30:00,2.74,3.1043551984127005
2018-07-22 06:45:00,3.35,2.8525841071428584
2018-07-22 07:00:00,2.95,2.923523690476189
2018-07-22 07:15:00,2.7,3.0242503174603166
2018-07-22 07:30:00,2.77,2.9527690277777783
2018-07-22 07:45:00,2.66,3.112819166666666
2018-07-22 08:00:00,2.74,25.9580241468254
2018-07-22 08:15:00,2.74,24.493571428571418
2018-07-22 08:30:00,2.74,4.832848412698414
2018-07-22 08:45:00,2.81,3.4698885912698416
2018-07-22 09:00:00,2.88,3.4662859722222223
2018-07-22 09:15:00,2.92,3.390407876984128
2018-07-22 09:30:00,2.92,3.397926984126985
2018-07-22 09:45:00,2.84,3.366793174603176
2018-07-22 10:00:00,2.88,3.347802698412699
2018-07-22 10:15:00,2.81,3.403659543650795
2018-07-22 10:30:00,3.28,3.408524543650795
2018-07-22 10:45:00,2.92,3.380666031746033
2018-07-22 11:00:00,2.81,3.3024435317460323
2018-07-22 11:15:00,2.7,3.290706805555557
2018-07-22 11:30:00,2.7,3.3122343055555574
2018-07-22 11:45:00,2.66,2.9942476785714276
2018-07-22 12:00:00,2.81,3.125056964285713
2018-07-22 12:15:00,3.35,3.1307860714285694
2018-07-22 12:30:00,3.38,3.1521194047619034
2018-07-22 12:45:00,2.92,3.10594306277056
2018-07-22 13:00:00,2.84,3.252025357142858
2018-07-22 13:15:00,2.84,3.2913829166666684
2018-07-22 13:30:00,2.84,3.3412663690476205
2018-07-22 13:45:00,2.88,3.3207061309523795
2018-07-22 14:00:00,2.92,3.317567083333332
2018-07-22 14:15:00,3.02,3.3210096428571436
2018-07-22 14:30:00,3.46,3.3781232738095253
2018-07-22 14:45:00,3.17,3.3640066071428585
2018-07-22 15:00:00,2.92,3.3280808333333356
2018-07-22 15:15:00,2.95,3.3351545238095257
2018-07-22 15:30:00,2.95,3.4153801190476205
2018-07-22 15:45:00,2.92,3.4109867857142877
2018-07-22 16:00:00,2.99,3.3213400595238096
2018-07-22 16:15:00,2.99,3.2989884126984133
2018-07-22 16:30:00,2.95,3.3360760317460314
2018-07-22 16:45:00,2.95,3.278860952380954
2018-07-22 17:00:00,2.92,3.2502249999999986
2018-07-22 17:15:00,2.95,3.2843993650793646
2018-07-22 17:30:00,2.99,3.202532916666668
2018-07-22 17:45:00,3.06,3.249153789682539
2018-07-22 18:00:00,2.95,3.167420099206348
2018-07-22 18:15:00,2.88,3.3592501190476196
2018-07-22 18:30:00,3.06,3.2313997023809535
2018-07-22 18:45:00,3.38,3.3554903968253966
2018-07-22 19:00:00,3.67,3.3268080952380945
2018-07-22 19:15:00,3.53,3.2928218253968238
2018-07-22 19:30:00,3.46,3.2720796825396827
2018-07-22 19:45:00,3.02,3.2959545238095247
2018-07-22 20:00:00,3.06,3.3712371031746016
2018-07-22 20:15:00,3.06,3.43568359126984
2018-07-22 20:30:00,3.17,3.3819606746031736
2018-07-22 20:45:00,3.1,3.2245927579365063
2018-07-22 21:00:00,3.06,3.275330476190478
2018-07-22 21:15:00,3.13,3.1746942857142866
2018-07-22 21:30:00,3.17,3.168066964285712
2018-07-22 21:45:00,3.17,3.2887410714285714
2018-07-22 22:00:00,3.1,3.3054472366522365
2018-07-22 22:15:00,2.95,3.2005248412698415
2018-07-22 22:30:00,3.06,3.184835019841269
2018-07-22 22:45:00,2.95,3.028312976190476
2018-07-22 23:00:00,2.88,3.0806394047619032
2018-07-22 23:15:00,2.88,3.14009244047619
2018-07-22 23:30:00,2.92,3.0891319246031737
2018-07-22 23:45:00,2.88,3.059155674603175
2018-07-23 00:00:00,2.92,3.0646937301587287
2018-07-23 00:15:00,2.95,3.031984722222222
2018-07-23 00:30:00,2.95,3.0703643650793646
2018-07-23 00:45:00,3.1,3.1719507539682534
2018-07-23 01:00:00,4.18,3.1830017261904753
2018-07-23 01:15:00,3.49,2.9855435714285723
2018-07-23 01:30:00,2.95,2.9715551190476184
2018-07-23 01:45:00,2.95,2.988999603174601
2018-07-23 02:00:00,2.92,3.055399523809524
2018-07-23 02:15:00,2.99,3.0398671428571435
2018-07-23 02:30:00,2.92,3.0090542460317464
2018-07-23 02:45:00,2.95,3.043357242063491
2018-07-23 03:00:00,2.95,3.066445912698411
2018-07-23 03:15:00,2.88,3.031095873015873
2018-07-23 03:30:00,2.84,3.020463214285716
2018-07-23 03:45:00,2.84,3.0735701388888885
2018-07-23 04:00:00,2.92,2.98811484126984
2018-07-23 04:15:00,2.92,2.9780387698412665
2018-07-23 04:30:00,2.88,3.0121894444444424
2018-07-23 04:45:00,2.77,2.984710674603172
2018-07-23 05:00:00,2.81,3.037600793650792
2018-07-23 05:15:00,2.81,3.0418907142857132
2018-07-23 05:30:00,3.31,3.0417201785714285
2018-07-23 05:45:00,2.84,3.0103221428571407
2018-07-23 06:00:00,2.77,2.9258657738095235
2018-07-23 06:15:00,2.77,2.996856746031744
2018-07-23 06:30:00,2.77,2.960099642857143
2018-07-23 06:45:00,3.17,3.0153689285714296
2018-07-23 07:00:00,3.49,2.9806405158730156
2018-07-23 07:15:00,3.67,3.3618286904761896
2018-07-23 07:30:00,3.74,3.8823498214285697
2018-07-23 07:45:00,3.74,4.409135734126982
2018-07-23 08:00:00,20.59,54.824487500000004
2018-07-23 08:15:00,48.96,66.68709680735928
2018-07-23 08:30:00,73.55,64.27757160714286
2018-07-23 08:45:00,49.28,62.56331309523807
2018-07-23 09:00:00,72.36,87.12403398809523
2018-07-23 09:15:00,56.99,66.8301611309524
2018-07-23 09:30:00,67.32,69.43264511904763
2018-07-23 09:45:00,45.4,69.54283523809526
2018-07-23 10:00:00,48.85,69.58021398809528
2018-07-23 10:15:00,54.79,70.60513714285713
2018-07-23 10:30:00,59.0,68.00460482142857
2018-07-23 10:45:00,62.78,64.67727238095237
2018-07-23 11:00:00,65.16,62.62399226190473
2018-07-23 11:15:00,60.01,62.49397672619047
2018-07-23 11:30:00,51.8,63.9644915079365
2018-07-23 11:45:00,52.81,60.70815636904762
2018-07-23 12:00:00,6.16,6.056479404761901
2018-07-23 12:15:00,5.36,5.49137216269841
2018-07-23 12:30:00,5.44,5.388097956349208
2018-07-23 12:45:00,5.33,5.473422023809526
2018-07-23 13:00:00,42.84,37.52975043650795
2018-07-23 13:15:00,66.53,59.50346726190481
2018-07-23 13:30:00,57.2,61.63990428571427
2018-07-23 13:45:00,59.94,69.4724182142857
2018-07-23 14:00:00,63.83,66.72230059523812
2018-07-23 14:15:00,61.45,62.057347996031766
2018-07-23 14:30:00,55.58,61.90908017857143
2018-07-23 14:45:00,57.82,63.82239077380953
2018-07-23 15:00:00,54.14,69.1946876190476
2018-07-23 15:15:00,74.92,65.26627892857137
2018-07-23 15:30:00,59.65,60.21856696428572
2018-07-23 15:45:00,70.7,68.28460020021649
2018-07-23 16:00:00,59.26,61.83885267857144
2018-07-23 16:15:00,55.51,65.61023720779225
2018-07-23 16:30:00,65.7,67.81758472222225
2018-07-23 16:45:00,56.48,64.43430464285711
2018-07-23 17:00:00,63.0,64.48209251984126
2018-07-23 17:15:00,83.88,61.27744339285714
2018-07-23 17:30:00,29.92,31.883380642135627
2018-07-23 17:45:00,30.85,54.10715192460315
2018-07-23 18:00:00,57.64,41.477886190476184
2018-07-23 18:15:00,103.43,52.07468827380951
2018-07-23 18:30:00,76.61,69.54673420634924
2018-07-23 18:45:00,93.38,93.19895738095244
2018-07-23 19:00:00,79.99,80.77045556457432
2018-07-23 19:15:00,99.29,81.3505225
2018-07-23 19:30:00,88.34,80.96309638888891
2018-07-23 19:45:00,74.3,78.59299075396825
2018-07-23 20:00:00,101.09,84.9055298809524
2018-07-23 20:15:00,67.5,75.80885452380952
2018-07-23 20:30:00,61.38,79.58799601190475
2018-07-23 20:45:00,38.27,49.23070107142859
2018-07-23 21:00:00,5.0,13.661345357142858
2018-07-23 21:15:00,4.21,11.786155099206361
2018-07-23 21:30:00,3.85,4.520904523809521
2018-07-23 21:45:00,3.89,3.9896960912698414
2018-07-23 22:00:00,3.85,3.74714773809524
2018-07-23 22:15:00,3.64,3.6740929256854273
2018-07-23 22:30:00,3.49,3.694463988095238
2018-07-23 22:45:00,3.06,3.6952225992063497
2018-07-23 23:00:00,2.84,3.8041695436507927
2018-07-23 23:15:00,2.81,3.071026071428572
2018-07-23 23:30:00,2.77,2.9744973214285717
2018-07-23 23:45:00,2.84,2.92030375
2018-07-24 00:00:00,2.81,2.8960808531746034
2018-07-24 00:15:00,3.53,2.9431474999999985
2018-07-24 00:30:00,2.99,2.8907729166666667
2018-07-24 00:45:00,2.81,2.9253851190476188
2018-07-24 01:00:00,2.92,3.016697023809523
2018-07-24 01:15:00,2.92,2.8853432142857156
2018-07-24 01:30:00,2.88,2.951195178571429
2018-07-24 01:45:00,2.92,3.0320905357142864
2018-07-24 02:00:00,2.99,2.9887159523809514
2018-07-24 02:15:00,3.46,3.0353803968253974
2018-07-24 02:30:00,2.92,3.0317949999999985
2018-07-24 02:45:00,2.92,2.968590892857142
2018-07-24 03:00:00,2.95,2.964535634920634
2018-07-24 03:15:00,3.06,2.941934404761904
2018-07-24 03:30:00,3.02,2.9875424603174605
2018-07-24 03:45:00,2.95,3.064528809523809
2018-07-24 04:00:00,2.99,3.024545357142856
2018-07-24 04:15:00,2.92,3.0603616666666675
2018-07-24 04:30:00,2.92,3.224925714285713
2018-07-24 04:45:00,2.95,3.1491463095238106
2018-07-24 05:00:00,2.95,3.1412684523809506
2018-07-24 05:15:00,3.35,3.090594464285713
2018-07-24 05:30:00,3.35,3.1556974999999965
2018-07-24 05:45:00,2.92,2.9482058333333314
2018-07-24 06:00:00,2.95,2.9136916666666663
2018-07-24 06:15:00,2.92,2.9878316071428577
2018-07-24 06:30:00,3.02,3.0228525793650807
2018-07-24 06:45:00,2.88,2.957700357142855
2018-07-24 07:00:00,3.46,3.1182886904761893
2018-07-24 07:15:00,3.49,3.3673053571428575
2018-07-24 07:30:00,3.56,3.6024006150793686
2018-07-24 07:45:00,3.38,4.3089416071428595
2018-07-24 08:00:00,34.06,33.73964980880231
2018-07-24 08:15:00,71.32,53.9235054960317
2018-07-24 08:30:00,94.61,56.024173134920645
2018-07-24 08:45:00,96.41,82.78456791666666
2018-07-24 09:00:00,82.19,85.54039642857143
2018-07-24 09:15:00,93.02,92.39947553571425
2018-07-24 09:30:00,92.52,87.17152228174608
2018-07-24 09:45:00,78.41,85.12083744047621
2018-07-24 10:00:00,97.06,90.51986764610389
2018-07-24 10:15:00,99.18,83.3211146428572
2018-07-24 10:30:00,104.94,88.0036015277778
2018-07-24 10:45:00,105.37,94.49136498376625
2018-07-24 11:00:00,102.56,94.32776230158721
2018-07-24 11:15:00,103.64,97.0169981150794
2018-07-24 11:30:00,88.06,97.68042136904768
2018-07-24 11:45:00,102.92,98.87103809523813
2018-07-24 12:00:00,7.27,9.633683154761906
2018-07-24 12:15:00,5.65,5.8696750000000035
2018-07-24 12:30:00,5.51,5.840804166666671
2018-07-24 12:45:00,5.4,5.806595496031746
2018-07-24 13:00:00,42.08,65.05218124999999
2018-07-24 13:15:00,83.56,85.71447956349206
2018-07-24 13:30:00,103.64,72.85287886904764
2018-07-24 13:45:00,94.21,86.90154738095234
2018-07-24 14:00:00,56.38,88.45591105158728
2018-07-24 14:15:00,55.8,95.13123845238093
2018-07-24 14:30:00,61.02,69.66989285714288
2018-07-24 14:45:00,66.96,67.94262797619047
2018-07-24 15:00:00,66.49,66.81666003968256
2018-07-24 15:15:00,56.74,73.29834607142854
2018-07-24 15:30:00,53.64,73.02760073412693
2018-07-24 15:45:00,58.46,66.46783710317462
2018-07-24 16:00:00,51.52,67.86234373015874
2018-07-24 16:15:00,55.84,65.94132986111113
2018-07-24 16:30:00,58.32,63.04955414682538
2018-07-24 16:45:00,55.44,62.45345591269839
2018-07-24 17:00:00,54.94,62.10635099206347
2018-07-24 17:15:00,43.63,62.6541363293651
2018-07-24 17:30:00,29.12,33.26641557539685
2018-07-24 17:45:00,30.28,31.862553829365098
2018-07-24 18:00:00,49.68,41.85073053571428
2018-07-24 18:15:00,56.16,49.83285670634919
2018-07-24 18:30:00,58.61,65.74958343253971
2018-07-24 18:45:00,54.68,58.46588696428571
2018-07-24 19:00:00,46.91,61.197765952380934
2018-07-24 19:15:00,57.89,60.087831785714286
2018-07-24 19:30:00,58.5,53.595891607142846
2018-07-24 19:45:00,46.66,58.860686587301586
2018-07-24 20:00:00,52.56,59.41062081349205
2018-07-24 20:15:00,61.27,50.727696091269834
2018-07-24 20:30:00,39.02,51.66236160714286
2018-07-24 20:45:00,29.16,43.24334204365082
2018-07-24 21:00:00,8.68,7.064731666666663
2018-07-24 21:15:00,3.92,12.285587242063487
2018-07-24 21:30:00,3.85,4.039214226190477
2018-07-24 21:45:00,3.82,3.8761365079365078
2018-07-24 22:00:00,3.64,3.756173571428574
2018-07-24 22:15:00,3.56,3.582320833333331
2018-07-24 22:30:00,3.56,3.5361460119047603
2018-07-24 22:45:00,3.53,3.594352420634916
2018-07-24 23:00:00,2.95,3.5351910317460318
2018-07-24 23:15:00,2.88,3.4451110119047605
2018-07-24 23:30:00,2.88,3.03297494047619
2018-07-24 23:45:00,2.88,3.0238473214285717
2018-07-25 00:00:00,2.84,3.0642460119047614
2018-07-25 00:15:00,3.13,3.100885615079363
2018-07-25 00:30:00,3.24,3.007300357142855
2018-07-25 00:45:00,2.84,3.0312371428571434
2018-07-25 01:00:00,3.13,3.009186130952381
2018-07-25 01:15:00,3.06,2.980641964285714
2018-07-25 01:30:00,2.99,3.1637915259740237
2018-07-25 01:45:00,2.99,3.2361016865079337
2018-07-25 02:00:00,3.02,3.186163055555556
2018-07-25 02:15:00,3.02,3.1542072023809538
2018-07-25 02:30:00,2.99,3.2572934523809534
2018-07-25 02:45:00,2.95,3.2356925595238106
2018-07-25 03:00:00,3.17,3.2248508820346307
2018-07-25 03:15:00,3.31,3.1714746428571443
2018-07-25 03:30:00,3.24,3.1348238690476182
2018-07-25 03:45:00,3.35,3.0887487499999997
2018-07-25 04:00:00,3.2,3.0227990476190474
2018-07-25 04:15:00,3.17,3.026424067460317
2018-07-25 04:30:00,3.2,3.2693871428571435
2018-07-25 04:45:00,3.13,3.3184827380952377
2018-07-25 05:00:00,3.13,3.1865346031746036
2018-07-25 05:15:00,3.2,3.3008992532467523
2018-07-25 05:30:00,3.17,3.320969761904762
2018-07-25 05:45:00,3.56,3.2423261904761915
2018-07-25 06:00:00,3.78,3.2557172619047607
2018-07-25 06:15:00,3.31,3.1693911309523806
2018-07-25 06:30:00,3.06,3.1808852380952373
2018-07-25 06:45:00,3.13,3.1797611507936483
2018-07-25 07:00:00,3.17,3.1800517261904764
2018-07-25 07:15:00,3.82,3.7128843650793675
2018-07-25 07:30:00,4.14,4.683375476190478
2018-07-25 07:45:00,3.82,9.701661269841273
2018-07-25 08:00:00,17.75,42.77613361111108
2018-07-25 08:15:00,49.68,65.43656936507938
2018-07-25 08:30:00,57.17,46.29718825396825
2018-07-25 08:45:00,59.9,69.09598823412699
2018-07-25 09:00:00,57.38,60.17384287698415
2018-07-25 09:15:00,59.33,56.306419226190464
2018-07-25 09:30:00,46.91,53.07224541666667
2018-07-25 09:45:00,47.74,55.366236011904746
2018-07-25 10:00:00,49.14,51.081300595238105
2018-07-25 10:15:00,48.96,55.70072456349204
2018-07-25 10:30:00,47.74,59.420786071428545
2018-07-25 10:45:00,51.26,58.92088658730158
2018-07-25 11:00:00,58.18,53.750010436507885
2018-07-25 11:15:00,46.44,55.520714206349176
2018-07-25 11:30:00,57.96,56.825401865079364
2018-07-25 11:45:00,40.43,50.1169504166667
2018-07-25 12:00:00,4.39,11.47794876623377
2018-07-25 12:15:00,5.44,10.60834513888889
2018-07-25 12:30:00,5.65,5.140980952380952
2018-07-25 12:45:00,5.58,6.226523234126984
2018-07-25 13:00:00,28.26,49.32901450396827
2018-07-25 13:15:00,49.75,52.77740456709961
2018-07-25 13:30:00,51.3,56.953410039682566
2018-07-25 13:45:00,54.9,58.44878928571431
2018-07-25 14:00:00,57.53,53.562452380952365
2018-07-25 14:15:00,60.23,53.8566473809524
2018-07-25 14:30:00,56.88,54.42526303571428
2018-07-25 14:45:00,63.4,56.03464466269842
2018-07-25 15:00:00,45.18,56.71276273809518
2018-07-25 15:15:00,52.6,58.31837392857142
2018-07-25 15:30:00,56.88,50.23499404761903
2018-07-25 15:45:00,54.18,57.93156275974028
2018-07-25 16:00:00,63.0,58.37753196428568
2018-07-25 16:15:00,81.76,55.8349883459596
2018-07-25 16:30:00,98.93,57.2383429491342
2018-07-25 16:45:00,90.9,72.40299975468979
2018-07-25 17:00:00,92.56,82.41566833333333
2018-07-25 17:15:00,90.94,78.38670107142856
2018-07-25 17:30:00,29.84,62.453629523809525
2018-07-25 17:45:00,30.17,54.27531095238092
2018-07-25 18:00:00,48.78,47.35417535714283
2018-07-25 18:15:00,93.17,59.76047099206345
2018-07-25 18:30:00,103.86,55.48516714285719
2018-07-25 18:45:00,84.28,83.43020071428568
2018-07-25 19:00:00,94.64,87.0515223809524
2018-07-25 19:15:00,92.09,78.83734892857142
2018-07-25 19:30:00,79.67,89.4608049404762
2018-07-25 19:45:00,113.47,90.66570924603175
2018-07-25 20:00:00,84.28,73.31604015873012
2018-07-25 20:15:00,105.55,88.09654339285714
2018-07-25 20:30:00,69.91,79.97652654761905
2018-07-25 20:45:00,8.86,59.387269047619036
2018-07-25 21:00:00,6.16,23.437446488095247
2018-07-25 21:15:00,3.64,5.52486978174603
2018-07-25 21:30:00,3.56,4.580252321428571
2018-07-25 21:45:00,3.53,3.9205298809523805
2018-07-25 22:00:00,3.42,3.57448244047619
2018-07-25 22:15:00,3.31,3.4917706349206323
2018-07-25 22:30:00,3.24,3.4892334126984097
2018-07-25 22:45:00,3.28,3.424529523809525
2018-07-25 23:00:00,2.66,3.376520000000001
2018-07-25 23:15:00,2.59,3.4027683333333334
2018-07-25 23:30:00,2.59,2.8818866865079356
2018-07-25 23:45:00,2.74,2.7349369841269815
2018-07-26 00:00:00,2.63,2.6925321428571403
2018-07-26 00:15:00,2.66,2.7382378571428565
2018-07-26 00:30:00,2.63,2.6821895238095212
2018-07-26 00:45:00,2.63,2.7163298809523786
2018-07-26 01:00:00,2.88,2.698946845238093
2018-07-26 01:15:00,3.2,2.699020773809525
2018-07-26 01:30:00,3.38,2.9412369841269856
2018-07-26 01:45:00,3.28,2.835657619047619
2018-07-26 02:00:00,3.56,2.882430238095237
2018-07-26 02:15:00,3.82,2.967054047619046
2018-07-26 02:30:00,3.31,2.9845885714285707
2018-07-26 02:45:00,3.17,3.1850541666666654
2018-07-26 03:00:00,3.42,3.2081652579365056
2018-07-26 03:15:00,3.64,3.1622354960317436
2018-07-26 03:30:00,3.17,3.251620376984127
2018-07-26 03:45:00,3.2,3.169791230158729
2018-07-26 04:00:00,3.17,3.1499503174603154
2018-07-26 04:15:00,3.2,3.2149295833333302
2018-07-26 04:30:00,3.17,3.1904785714285695
2018-07-26 04:45:00,3.17,3.2431652380952354
2018-07-26 05:00:00,3.1,3.277606011904759
2018-07-26 05:15:00,3.13,3.2983571428571397
2018-07-26 05:30:00,3.1,3.2632210714285703
2018-07-26 05:45:00,3.1,3.310889761904761
2018-07-26 06:00:00,3.13,3.328659404761905
2018-07-26 06:15:00,3.1,3.400689146825398
2018-07-26 06:30:00,3.06,3.501983869047619
2018-07-26 06:45:00,3.06,3.423059940476191
2018-07-26 07:00:00,3.24,3.3876533928571417
2018-07-26 07:15:00,3.2,3.6146990873015885
2018-07-26 07:30:00,3.56,4.55930267857143
2018-07-26 07:45:00,5.04,4.334669206349208
2018-07-26 08:00:00,35.46,50.287955476190525
2018-07-26 08:15:00,107.17,77.1762105357143
2018-07-26 08:30:00,79.74,57.45649648448775
2018-07-26 08:45:00,102.42,98.57220345238089
2018-07-26 09:00:00,100.12,78.30542343253967
2018-07-26 09:15:00,41.9,82.45427176406928
2018-07-26 09:30:00,56.95,96.56017511904764
2018-07-26 09:45:00,37.76,54.4524109325397
2018-07-26 10:00:00,36.29,61.15695032467534
2018-07-26 10:15:00,49.61,46.044043789682576
2018-07-26 10:30:00,50.15,50.847346428571456
2018-07-26 10:45:00,47.66,62.31363529761905
2018-07-26 11:00:00,51.01,59.49781363095238
2018-07-26 11:15:00,45.58,56.10204172619043
2018-07-26 11:30:00,52.24,59.904405595238096
2018-07-26 11:45:00,49.28,52.30423617063494
2018-07-26 12:00:00,16.7,6.571379702380953
2018-07-26 12:15:00,4.9,9.642023035714287
2018-07-26 12:30:00,4.61,6.348015000000001
2018-07-26 12:45:00,5.0,5.316186408730157
2018-07-26 13:00:00,28.62,42.020770277777785
2018-07-26 13:15:00,52.67,54.009956428571456
2018-07-26 13:30:00,56.12,65.04125142857146
2018-07-26 13:45:00,55.08,70.0259321158009
2018-07-26 14:00:00,42.55,65.13055208333336
2018-07-26 14:15:00,45.14,60.66332785714283
2018-07-26 14:30:00,45.97,54.34367779761903
2018-07-26 14:45:00,51.88,54.004085595238095
2018-07-26 15:00:00,48.96,54.15425142857144
2018-07-26 15:15:00,53.64,58.14907069444441
2018-07-26 15:30:00,56.95,58.03816809523809
2018-07-26 15:45:00,59.0,58.770188849206335
2018-07-26 16:00:00,56.95,59.17569142857136
2018-07-26 16:15:00,53.64,57.92925551587301
2018-07-26 16:30:00,56.09,59.64802871031745
2018-07-26 16:45:00,46.94,59.641630416666665
2018-07-26 17:00:00,56.2,59.62861136904761
2018-07-26 17:15:00,47.27,53.48286807539683
2018-07-26 17:30:00,28.44,31.868789702380944
2018-07-26 17:45:00,28.44,31.524258432539693
2018-07-26 18:00:00,35.82,38.20832291666663
2018-07-26 18:15:00,54.9,46.58211297619046
2018-07-26 18:30:00,42.55,45.53535160714287
2018-07-26 18:45:00,60.91,55.838851130952406
2018-07-26 19:00:00,53.89,41.90251253968255
2018-07-26 19:15:00,63.61,60.41305551587299
2018-07-26 19:30:00,55.73,57.40140587301589
2018-07-26 19:45:00,45.43,60.49947698412696
2018-07-26 20:00:00,63.18,57.23121273809525
2018-07-26 20:15:00,52.6,50.84801908730161
2018-07-26 20:30:00,38.77,54.46437630952382
2018-07-26 20:45:00,7.06,48.625745992063486
2018-07-26 21:00:00,6.12,32.29980438492064
2018-07-26 21:15:00,3.78,10.519224702380955
2018-07-26 21:30:00,3.71,4.7579703138528116
2018-07-26 21:45:00,3.64,3.9508510714285707
2018-07-26 22:00:00,3.71,3.687978373015873
2018-07-26 22:15:00,4.46,3.5295526587301578
2018-07-26 22:30:00,3.46,3.474971190476192
2018-07-26 22:45:00,2.88,3.613388214285716
2018-07-26 23:00:00,2.84,3.835155654761906
2018-07-26 23:15:00,2.74,2.9528783333333313
2018-07-26 23:30:00,2.77,2.9725639285714287
2018-07-26 23:45:00,2.81,2.88523257936508
2018-07-27 00:00:00,2.77,2.8698585714285714
2018-07-27 00:15:00,2.81,2.887215079365079
2018-07-27 00:30:00,2.84,2.87656234126984
2018-07-27 00:45:00,2.84,2.8587842857142847
2018-07-27 01:00:00,2.84,2.9095850595238097
2018-07-27 01:15:00,2.88,2.907012797619048
2018-07-27 01:30:00,2.84,2.9315965873015863
2018-07-27 01:45:00,2.88,2.983795337301587
2018-07-27 02:00:00,2.88,2.999537142857142
2018-07-27 02:15:00,3.2,3.0423467063492047
2018-07-27 02:30:00,3.06,3.0564045238095243
2018-07-27 02:45:00,2.88,2.956305
2018-07-27 03:00:00,2.88,2.939618452380953
2018-07-27 03:15:00,2.88,3.0738762301587275
2018-07-27 03:30:00,2.92,3.0309766666666644
2018-07-27 03:45:00,2.88,3.0731545039682517
2018-07-27 04:00:00,2.92,3.089349702380952
2018-07-27 04:15:00,3.46,3.045983511904761
2018-07-27 04:30:00,3.24,3.084294464285713
2018-07-27 04:45:00,2.81,2.9798278571428565
2018-07-27 05:00:00,2.84,2.9917774007936493
2018-07-27 05:15:00,2.84,2.923274246031746
2018-07-27 05:30:00,2.84,2.9115978571428576
2018-07-27 05:45:00,2.81,2.9699234523809532
2018-07-27 06:00:00,2.77,2.9218130357142855
2018-07-27 06:15:00,3.24,2.900269642857141
2018-07-27 06:30:00,3.02,2.9436674999999997
2018-07-27 06:45:00,2.81,2.9365052380952363
2018-07-27 07:00:00,2.95,2.928525317460317
2018-07-27 07:15:00,4.25,3.2674515277777765
2018-07-27 07:30:00,4.07,3.655944166666666
2018-07-27 07:45:00,3.96,5.606837083333334
2018-07-27 08:00:00,28.4,34.74829019841271
2018-07-27 08:15:00,66.1,56.42957396825398
2018-07-27 08:30:00,50.4,43.11255146825399
2018-07-27 08:45:00,46.8,78.85435121031746
2018-07-27 09:00:00,66.31,55.4739951190476
2018-07-27 09:15:00,55.62,57.25332880952379
2018-07-27 09:30:00,58.79,64.82912
2018-07-27 09:45:00,60.88,55.76697117063495
2018-07-27 10:00:00,52.56,53.13720351190477
2018-07-27 10:15:00,60.66,56.841225813492066
2018-07-27 10:30:00,56.95,60.937901408730156
2018-07-27 10:45:00,62.6,60.56532595238092
2018-07-27 11:00:00,45.76,56.42594523809527
2018-07-27 11:15:00,50.0,60.94115424603174
2018-07-27 11:30:00,53.14,49.285118630952354
2018-07-27 11:45:00,48.89,57.85362777958153
2018-07-27 12:00:00,4.25,8.795495465367965
2018-07-27 12:15:00,4.54,4.839837723665224
2018-07-27 12:30:00,4.57,4.9348952380952396
2018-07-27 12:45:00,4.61,5.000995476190474
2018-07-27 13:00:00,19.55,39.086762876984125
2018-07-27 13:15:00,47.02,57.36626462662337
2018-07-27 13:30:00,53.28,59.20352369047626
2018-07-27 13:45:00,55.3,57.17024029761904
2018-07-27 14:00:00,52.02,51.16086624999996
2018-07-27 14:15:00,55.4,52.650984226190474
2018-07-27 14:30:00,51.05,51.88075117063491
2018-07-27 14:45:00,39.96,50.73910125000001
2018-07-27 15:00:00,41.15,53.71587869047621
2018-07-27 15:15:00,50.76,49.73956142857142
2018-07-27 15:30:00,54.65,48.096847599206356
2018-07-27 15:45:00,55.08,50.36976396825398
2018-07-27 16:00:00,56.34,49.92816357142858
2018-07-27 16:15:00,52.88,48.84340543650794
2018-07-27 16:30:00,48.24,52.006638841991325
2018-07-27 16:45:00,54.4,54.241371271645015
2018-07-27 17:00:00,53.21,52.790512321428565
2018-07-27 17:15:00,39.85,50.909838908730144
2018-07-27 17:30:00,25.31,28.915944781746024
2018-07-27 17:45:00,25.56,28.29500410714286
2018-07-27 18:00:00,29.52,25.338512083333352
2018-07-27 18:15:00,45.97,29.18018543650793
2018-07-27 18:30:00,52.85,38.04666321428572
2018-07-27 18:45:00,67.57,49.18400222222222
2018-07-27 19:00:00,50.87,49.16639160714281
2018-07-27 19:15:00,54.32,58.909199826839824
2018-07-27 19:30:00,55.08,52.543371726190486
2018-07-27 19:45:00,34.24,51.54353701298701
2018-07-27 20:00:00,32.87,54.36451690476191
2018-07-27 20:15:00,40.14,43.33561609126985
2018-07-27 20:30:00,48.13,46.02256164682538
2018-07-27 20:45:00,15.8,19.013089940476203
2018-07-27 21:00:00,6.77,9.075505833333331
2018-07-27 21:15:00,4.36,4.403421071428573
2018-07-27 21:30:00,3.82,4.085259126984126
2018-07-27 21:45:00,3.85,3.9683182142857105
2018-07-27 22:00:00,3.78,3.788110674603173
2018-07-27 22:15:00,3.1,3.7556021825396835
2018-07-27 22:30:00,2.92,3.559363869047622
2018-07-27 22:45:00,2.92,3.0703616468253982
2018-07-27 23:00:00,2.92,3.0072376785714288
2018-07-27 23:15:00,2.84,3.0266899404761887
2018-07-27 23:30:00,2.84,3.0488309523809516
2018-07-27 23:45:00,2.81,3.002026488095237
2018-07-28 00:00:00,2.81,2.9640717857142844
2018-07-28 00:15:00,2.92,2.914786904761905
2018-07-28 00:30:00,2.88,2.8779368253968247
2018-07-28 00:45:00,2.92,2.949449940476189
2018-07-28 01:00:00,2.95,2.947663273809522
2018-07-28 01:15:00,3.38,2.961993789682538
2018-07-28 01:30:00,3.78,3.15341017857143
2018-07-28 01:45:00,3.24,2.953287500000002
2018-07-28 02:00:00,3.6,2.94641285714286
2018-07-28 02:15:00,3.46,3.010795634920634
2018-07-28 02:30:00,3.56,3.207044940476189
2018-07-28 02:45:00,3.64,3.2549827380952365
2018-07-28 03:00:00,3.49,3.160511249999999
2018-07-28 03:15:00,4.0,3.257394940476189
2018-07-28 03:30:00,3.85,3.339505615079365
2018-07-28 03:45:00,3.46,3.306055892857143
2018-07-28 04:00:00,3.42,3.2179643452380935
2018-07-28 04:15:00,3.49,3.395883690476191
2018-07-28 04:30:00,3.46,3.402682976190475
2018-07-28 04:45:00,3.42,3.388393571428572
2018-07-28 05:00:00,3.35,3.30286267857143
2018-07-28 05:15:00,3.28,3.306057023809526
2018-07-28 05:30:00,3.24,3.3657911904761897
2018-07-28 05:45:00,3.31,3.384130238095239
2018-07-28 06:00:00,3.2,3.303873988095238
2018-07-28 06:15:00,3.28,3.3210546428571406
2018-07-28 06:30:00,3.2,3.2704686904761884
2018-07-28 06:45:00,3.2,3.3028678968253944
2018-07-28 07:00:00,3.2,3.2638534920634896
2018-07-28 07:15:00,4.79,3.4130348809523823
2018-07-28 07:30:00,6.73,3.481861547619047
2018-07-28 07:45:00,6.12,4.31014494047619
2018-07-28 08:00:00,18.72,34.7123630357143
2018-07-28 08:15:00,42.44,35.779907142857134
2018-07-28 08:30:00,51.19,22.153006964285716
2018-07-28 08:45:00,35.75,40.357191686507925
2018-07-28 09:00:00,35.78,50.068108015872966
2018-07-28 09:15:00,36.83,43.163873809523835
2018-07-28 09:30:00,49.21,44.8425326190476
2018-07-28 09:45:00,47.23,42.44788726190476
2018-07-28 10:00:00,46.4,47.746776309523824
2018-07-28 10:15:00,39.38,48.39240234126985
2018-07-28 10:30:00,40.32,46.8658302579365
2018-07-28 10:45:00,56.38,45.1813747420635
2018-07-28 11:00:00,67.61,45.99612398809524
2018-07-28 11:15:00,45.86,51.48087095238097
2018-07-28 11:30:00,57.89,62.46099446428571
2018-07-28 11:45:00,27.68,40.18962859126983
2018-07-28 12:00:00,4.54,4.851824072871576
2018-07-28 12:15:00,4.68,5.741982103174605
2018-07-28 12:30:00,4.5,4.46056590909091
2018-07-28 12:45:00,4.39,4.393835099206351
2018-07-28 13:00:00,35.93,26.31555799603177
2018-07-28 13:15:00,47.27,48.819037321428574
2018-07-28 13:30:00,46.01,48.28630333333334
2018-07-28 13:45:00,45.29,45.18560595238095
2018-07-28 14:00:00,71.53,44.01469819444439
2018-07-28 14:15:00,44.89,53.59616204365079
2018-07-28 14:30:00,63.9,63.01875208333334
2018-07-28 14:45:00,49.9,47.38150154761905
2018-07-28 15:00:00,44.53,53.51877740079363
2018-07-28 15:15:00,41.65,54.99614547619049
2018-07-28 15:30:00,44.57,45.006905932539674
2018-07-28 15:45:00,50.94,40.94473142857143
2018-07-28 16:00:00,50.58,48.99141226190473
2018-07-28 16:15:00,48.92,48.66844091269842
2018-07-28 16:30:00,33.98,46.81988882936507
2018-07-28 16:45:00,22.82,39.56661398809525
2018-07-28 17:00:00,11.23,13.302552956349214
2018-07-28 17:15:00,3.49,12.893283948412693
2018-07-28 17:30:00,3.42,7.757345972222223
2018-07-28 17:45:00,3.53,3.584746666666664
2018-07-28 18:00:00,3.35,3.5043808928571436
2018-07-28 18:15:00,3.35,3.6416467857142845
2018-07-28 18:30:00,4.1,3.486324166666668
2018-07-28 18:45:00,4.14,3.46335859126984
2018-07-28 19:00:00,2.84,3.4601609126984143
2018-07-28 19:15:00,2.95,3.4438115079365077
2018-07-28 19:30:00,2.92,2.9543844444444427
2018-07-28 19:45:00,2.84,3.0575532539682535
2018-07-28 20:00:00,2.88,3.006930496031746
2018-07-28 20:15:00,2.92,3.023660952380951
2018-07-28 20:30:00,2.88,3.051527559523808
2018-07-28 20:45:00,2.84,3.002974642857142
2018-07-28 21:00:00,2.92,2.996688452380951
2018-07-28 21:15:00,2.81,2.994230654761904
2018-07-28 21:30:00,2.81,2.9238098809523803
2018-07-28 21:45:00,2.88,2.863791547619048
2018-07-28 22:00:00,2.7,2.8686188095238108
2018-07-28 22:15:00,2.63,2.8989802380952363
2018-07-28 22:30:00,2.74,2.8597542261904763
2018-07-28 22:45:00,3.13,2.8595100000000007
2018-07-28 23:00:00,2.88,2.943457380952381
2018-07-28 23:15:00,2.59,2.738173710317459
2018-07-28 23:30:00,2.59,2.947787797619048
2018-07-28 23:45:00,2.66,2.7555885714285697
2018-07-29 00:00:00,2.66,2.703754345238093
2018-07-29 00:15:00,2.66,2.6243392261904757
2018-07-29 00:30:00,2.63,2.635428571428571
2018-07-29 00:45:00,3.06,2.6520183333333325
2018-07-29 01:00:00,3.13,2.645936964285714
2018-07-29 01:15:00,2.7,2.721873432539681
2018-07-29 01:30:00,2.66,2.73183126984127
2018-07-29 01:45:00,2.74,2.7874736904761903
2018-07-29 02:00:00,2.7,2.7272673809523793
2018-07-29 02:15:00,2.66,2.849885595238096
2018-07-29 02:30:00,2.66,2.8478627976190474
2018-07-29 02:45:00,2.66,2.7447713095238093
2018-07-29 03:00:00,2.7,2.7317220238095246
2018-07-29 03:15:00,2.74,2.7307451785714294
2018-07-29 03:30:00,2.74,2.900852202380953
2018-07-29 03:45:00,2.66,2.884617678571429
2018-07-29 04:00:00,3.02,2.82897277777778
2018-07-29 04:15:00,3.06,2.746047261904764
2018-07-29 04:30:00,2.7,2.8077466269841254
2018-07-29 04:45:00,2.7,2.7860956150793648
2018-07-29 05:00:00,2.74,2.868851984126984
2018-07-29 05:15:00,2.66,2.8372419841269836
2018-07-29 05:30:00,2.7,2.87562857142857
2018-07-29 05:45:00,2.7,2.710347559523809
2018-07-29 06:00:00,2.66,2.9059377182539685
2018-07-29 06:15:00,2.66,2.81481863095238
2018-07-29 06:30:00,2.88,2.7382961904761913
2018-07-29 06:45:00,3.28,2.753685714285715
2018-07-29 07:00:00,2.95,2.842607619047619
2018-07-29 07:15:00,2.66,2.9172685317460334
2018-07-29 07:30:00,2.81,3.0933478571428568
2018-07-29 07:45:00,3.17,3.1269736904761887
2018-07-29 08:00:00,19.73,9.326072364718618
2018-07-29 08:15:00,34.7,23.607522619047618
2018-07-29 08:30:00,32.54,27.018572380952378
2018-07-29 08:45:00,35.39,36.85521732142857
2018-07-29 09:00:00,35.89,32.73779559523812
2018-07-29 09:15:00,32.51,33.210320119047644
2018-07-29 09:30:00,35.28,33.46809678571431
2018-07-29 09:45:00,32.47,33.084080357142895
2018-07-29 10:00:00,31.86,32.27649833333335
2018-07-29 10:15:00,35.14,32.84261434523812
2018-07-29 10:30:00,32.15,32.61160648809525
2018-07-29 10:45:00,35.39,32.66242178571431
2018-07-29 11:00:00,32.69,32.23952990079367
2018-07-29 11:15:00,34.99,32.946401428571434
2018-07-29 11:30:00,34.16,31.136997361111135
2018-07-29 11:45:00,11.09,16.99267456349206
2018-07-29 12:00:00,3.42,5.416144940476188
2018-07-29 12:15:00,3.53,4.770803273809523
2018-07-29 12:30:00,3.49,4.160192738095239
2018-07-29 12:45:00,3.56,4.449406071428572
2018-07-29 13:00:00,12.02,19.592690773809537
2018-07-29 13:15:00,33.98,29.954579107142873
2018-07-29 13:30:00,32.62,28.811795000000007
2018-07-29 13:45:00,33.55,38.648683214285704
2018-07-29 14:00:00,35.42,35.20532875000001
2018-07-29 14:15:00,34.63,34.922142023809535
2018-07-29 14:30:00,32.72,35.360728333333334
2018-07-29 14:45:00,33.3,34.138266726190494
2018-07-29 15:00:00,28.73,34.39416166666666
2018-07-29 15:15:00,34.92,34.470844623015886
2018-07-29 15:30:00,33.8,29.387174087301595
2018-07-29 15:45:00,34.02,34.722944285714284
2018-07-29 16:00:00,35.06,34.419479880952416
2018-07-29 16:15:00,32.54,34.420708095238126
2018-07-29 16:30:00,32.72,30.17332823412697
2018-07-29 16:45:00,5.47,23.505933035714282
2018-07-29 17:00:00,3.35,18.876951488095234
2018-07-29 17:15:00,3.02,4.3617939285714264
2018-07-29 17:30:00,2.99,3.4336018253968246
2018-07-29 17:45:00,3.02,3.1123869444444443
2018-07-29 18:00:00,2.81,3.0508782539682535
2018-07-29 18:15:00,2.81,3.1150182539682536
2018-07-29 18:30:00,2.95,2.9406726785714272
2018-07-29 18:45:00,3.53,2.908639226190477
2018-07-29 19:00:00,3.42,3.0937888095238097
2018-07-29 19:15:00,2.92,3.0286695833333344
2018-07-29 19:30:00,2.92,3.0096542658730145
2018-07-29 19:45:00,2.95,2.9701297619047615
2018-07-29 20:00:00,3.02,2.9858612698412674
2018-07-29 20:15:00,2.95,3.0721558333333308
2018-07-29 20:30:00,3.06,3.1715542857142873
2018-07-29 20:45:00,3.02,3.240900416666666
2018-07-29 21:00:00,3.02,3.221192348901098
2018-07-29 21:15:00,3.1,3.251452678571429
2018-07-29 21:30:00,3.64,3.1967888095238117
2018-07-29 21:45:00,3.02,3.1160216346153855
2018-07-29 22:00:00,2.99,3.051348690476191
2018-07-29 22:15:00,2.77,3.0200848214285707
2018-07-29 22:30:00,2.63,2.9999467857142847
2018-07-29 22:45:00,2.66,2.9318209920634906
2018-07-29 23:00:00,2.66,2.826830158730158
2018-07-29 23:15:00,3.17,2.7373985119047592
2018-07-29 23:30:00,3.24,2.6971636904761884
2018-07-29 23:45:00,2.74,2.7676318650793625
2018-07-30 00:00:00,2.66,2.849656071428571
2018-07-30 00:15:00,2.66,2.808741567460318
2018-07-30 00:30:00,2.74,2.71770107142857
2018-07-30 00:45:00,2.7,2.752937857142855
2018-07-30 01:00:00,2.7,2.9390021428571407
2018-07-30 01:15:00,2.81,2.8041552380952375
2018-07-30 01:30:00,2.74,2.7611326785714296
2018-07-30 01:45:00,2.77,2.8664145238095244
2018-07-30 02:00:00,2.77,2.8269280952380944
2018-07-30 02:15:00,2.95,2.944640297619047
2018-07-30 02:30:00,3.35,2.903810892857144
2018-07-30 02:45:00,2.88,2.908728630952379
2018-07-30 03:00:00,2.77,2.8442997420634923
2018-07-30 03:15:00,2.7,2.871005595238094
2018-07-30 03:30:00,2.77,2.9407747420634918
2018-07-30 03:45:00,2.77,2.8351135317460305
2018-07-30 04:00:00,2.7,2.888300952380953
2018-07-30 04:15:00,2.74,2.8469625595238126
2018-07-30 04:30:00,2.81,2.7740271428571437
2018-07-30 04:45:00,2.74,2.8665387499999997
2018-07-30 05:00:00,2.74,2.8679623214285725
2018-07-30 05:15:00,2.66,2.8493791666666675
2018-07-30 05:30:00,3.13,2.891548809523808
2018-07-30 05:45:00,2.88,2.7061777380952363
2018-07-30 06:00:00,2.7,2.7808719444444434
2018-07-30 06:15:00,2.74,2.7859186904761923
2018-07-30 06:30:00,2.7,2.846435
2018-07-30 06:45:00,2.66,2.9137483928571437
2018-07-30 07:00:00,2.63,2.836270178571429
2018-07-30 07:15:00,3.06,3.263801765873016
2018-07-30 07:30:00,3.78,4.258607797619046
2018-07-30 07:45:00,3.56,4.031344226190476
2018-07-30 08:00:00,27.32,24.166575992063486
2018-07-30 08:15:00,62.68,59.13769746031746
2018-07-30 08:30:00,56.16,59.41757777777778
2018-07-30 08:45:00,58.68,70.78067847222225
2018-07-30 09:00:00,58.72,68.6968968650794
2018-07-30 09:15:00,57.2,66.90164684523818
2018-07-30 09:30:00,62.21,64.81446017857144
2018-07-30 09:45:00,59.94,60.47724426587303
2018-07-30 10:00:00,47.84,59.138697777777764
2018-07-30 10:15:00,50.76,62.640792729076466
2018-07-30 10:30:00,48.28,66.58460625000002
2018-07-30 10:45:00,54.14,66.71143690476192
2018-07-30 11:00:00,44.28,65.08115670634922
2018-07-30 11:15:00,56.99,68.09074301587306
2018-07-30 11:30:00,44.39,52.47519702380957
2018-07-30 11:45:00,34.02,55.70196684523811
2018-07-30 12:00:00,5.04,5.45545107142857
2018-07-30 12:15:00,7.09,5.138857063492062
2018-07-30 12:30:00,6.01,4.74064236111111
2018-07-30 12:45:00,5.9,7.669765654761907
2018-07-30 13:00:00,18.83,49.72921307539682
2018-07-30 13:15:00,60.41,45.67336470238096
2018-07-30 13:30:00,66.85,56.94246438492065
2018-07-30 13:45:00,53.06,66.03803398809522
2018-07-30 14:00:00,48.64,65.35990787698414
2018-07-30 14:15:00,50.36,69.18833529761905
2018-07-30 14:30:00,59.15,63.09087140873014
2018-07-30 14:45:00,76.14,67.07397516233765
2018-07-30 15:00:00,74.81,61.59789970238103
2018-07-30 15:15:00,74.74,68.91706448412698
2018-07-30 15:30:00,83.77,76.12123948412699
2018-07-30 15:45:00,106.52,74.3933302976191
2018-07-30 16:00:00,85.64,76.21724293650794
2018-07-30 16:15:00,83.74,88.02242761904763
2018-07-30 16:30:00,75.67,75.85176297619044
2018-07-30 16:45:00,92.12,75.12689196428573
2018-07-30 17:00:00,74.99,73.88751584235212
2018-07-30 17:15:00,62.14,70.18724238095238
2018-07-30 17:30:00,41.18,47.58975938492065
2018-07-30 17:45:00,31.75,34.13135421356422
2018-07-30 18:00:00,51.95,55.206344761904774
2018-07-30 18:15:00,54.83,58.612423273809554
2018-07-30 18:30:00,73.08,62.40801658730159
2018-07-30 18:45:00,75.35,55.142075178571424
2018-07-30 19:00:00,60.55,78.40976132936508
2018-07-30 19:15:00,72.29,79.9705278571428
2018-07-30 19:30:00,86.08,66.96042289682538
2018-07-30 19:45:00,57.85,77.60780436507937
2018-07-30 20:00:00,81.43,79.64431549603171
2018-07-30 20:15:00,85.75,66.36013652777773
2018-07-30 20:30:00,51.23,65.84275391955266
2018-07-30 20:45:00,23.76,66.99521910714289
2018-07-30 21:00:00,3.85,10.35620398809524
2018-07-30 21:15:00,4.07,4.321589523809524
2018-07-30 21:30:00,3.2,3.8190028571428565
2018-07-30 21:45:00,3.13,3.8798145129870143
2018-07-30 22:00:00,2.99,3.3781864285714276
2018-07-30 22:15:00,2.84,3.0952030357142855
2018-07-30 22:30:00,2.84,3.068383571428572
2018-07-30 22:45:00,2.81,2.9944422619047613
2018-07-30 23:00:00,2.81,2.94774857142857
2018-07-30 23:15:00,2.74,2.908620853174603
2018-07-30 23:30:00,2.7,2.905280853174604
2018-07-30 23:45:00,2.63,2.8570686904761904
2018-07-31 00:00:00,2.95,2.8109656349206347
2018-07-31 00:15:00,3.28,2.7212554761904726
2018-07-31 00:30:00,3.42,3.0159538690476184
2018-07-31 00:45:00,3.02,2.9204366666666646
2018-07-31 01:00:00,2.84,2.922613095238094
2018-07-31 01:15:00,2.81,2.9782047619047627
2018-07-31 01:30:00,2.88,3.000676924603175
2018-07-31 01:45:00,2.95,2.9643730952380962
2018-07-31 02:00:00,2.88,3.0993835714285707
2018-07-31 02:15:00,2.84,3.059698154761905
2018-07-31 02:30:00,3.56,3.0357387499999993
2018-07-31 02:45:00,3.13,3.0122929761904773
2018-07-31 03:00:00,2.95,2.9596919047619035
2018-07-31 03:15:00,2.99,3.0252660714285695
2018-07-31 03:30:00,2.95,2.9460860714285726
2018-07-31 03:45:00,2.92,2.957185119047619
2018-07-31 04:00:00,3.17,3.0745954166666656
2018-07-31 04:15:00,3.28,3.126251318542569
2018-07-31 04:30:00,3.17,3.058974437229436
2018-07-31 04:45:00,3.13,3.061149523809523
2018-07-31 05:00:00,3.02,3.0078969047619055
2018-07-31 05:15:00,3.56,2.9926634523809503
2018-07-31 05:30:00,3.28,3.025719384920636
2018-07-31 05:45:00,3.06,3.0611125793650773
2018-07-31 06:00:00,3.06,3.1156210714285733
2018-07-31 06:15:00,3.17,3.106706547619047
2018-07-31 06:30:00,3.06,3.0514268055555562
2018-07-31 06:45:00,3.06,3.2310307341269846
2018-07-31 07:00:00,3.17,3.164250714285713
2018-07-31 07:15:00,3.42,3.447517916666667
2018-07-31 07:30:00,5.08,3.892666666666665
2018-07-31 07:45:00,27.25,4.719753750000001
2018-07-31 08:00:00,58.36,39.63113885642135
2018-07-31 08:15:00,80.1,73.36079208333335
2018-07-31 08:30:00,90.61,74.76516682539683
2018-07-31 08:45:00,64.84,83.41121511904765
2018-07-31 09:00:00,78.41,75.13025011904766
2018-07-31 09:15:00,55.94,65.72240148809522
2018-07-31 09:30:00,67.54,64.15901399891773
2018-07-31 09:45:00,78.84,63.31666767857143
2018-07-31 10:00:00,53.24,61.78000345238092
2018-07-31 10:15:00,63.86,67.3123250396825
2018-07-31 10:30:00,66.1,64.62972583333334
2018-07-31 10:45:00,60.23,64.52547910714287
2018-07-31 11:00:00,81.79,61.123765615079385
2018-07-31 11:15:00,84.85,66.14292952380951
2018-07-31 11:30:00,83.52,72.324994484127
2018-07-31 11:45:00,58.1,76.60879287698415
2018-07-31 12:00:00,6.01,8.866555941558442
2018-07-31 12:15:00,6.23,8.713158154761903
2018-07-31 12:30:00,6.23,5.361015773809524
2018-07-31 12:45:00,6.19,6.20766458333333
2018-07-31 13:00:00,58.32,62.41328107142861
2018-07-31 13:15:00,115.56,62.45986767857143
2018-07-31 13:30:00,57.67,82.2574448809524
2018-07-31 13:45:00,38.2,92.84341910714285
2018-07-31 14:00:00,42.41,76.54197244047621
2018-07-31 14:15:00,52.2,56.32454499999997
2018-07-31 14:30:00,48.17,56.62210512987011
2018-07-31 14:45:00,49.79,64.32938261904764
2018-07-31 15:00:00,50.62,55.66004380952382
2018-07-31 15:15:00,44.57,59.827446785714294
2018-07-31 15:30:00,41.36,60.275753647186164
2018-07-31 15:45:00,37.8,49.7655501190476
2018-07-31 16:00:00,31.72,47.38776101190479
2018-07-31 16:15:00,28.98,44.88375025793653
2018-07-31 16:30:00,28.48,39.713178273809525
2018-07-31 16:45:00,11.38,34.579499404761876
2018-07-31 17:00:00,10.8,31.98607065476188
2018-07-31 17:15:00,4.21,5.558990178571427
2018-07-31 17:30:00,3.42,16.5214460515873
2018-07-31 17:45:00,4.57,4.14487130952381
2018-07-31 18:00:00,3.78,4.040283075396824
2018-07-31 18:15:00,3.42,4.674870000000002
2018-07-31 18:30:00,3.38,3.9409050992063475
2018-07-31 18:45:00,3.1,3.812686488095238
2018-07-31 19:00:00,2.88,3.6013953769841267
2018-07-31 19:15:00,2.88,3.398554226190476
2018-07-31 19:30:00,2.92,3.4234844047619064
2018-07-31 19:45:00,2.99,3.4262377380952387
2018-07-31 20:00:00,2.92,3.46609285714286
2018-07-31 20:15:00,2.95,3.4175033730158746
2018-07-31 20:30:00,2.95,3.140507976190475
2018-07-31 20:45:00,2.95,3.205535119047619
2018-07-31 21:00:00,2.99,3.172955416666667
2018-07-31 21:15:00,3.06,3.1791442857142864
2018-07-31 21:30:00,3.02,3.1501023809523785
2018-07-31 21:45:00,3.06,3.0943765476190452
2018-07-31 22:00:00,2.88,3.2250209126984117
2018-07-31 22:15:00,2.81,3.164967884615383
2018-07-31 22:30:00,2.88,3.1246974296536774
2018-07-31 22:45:00,3.24,2.9840334523809524
2018-07-31 23:00:00,3.31,3.0425167261904758
2018-07-31 23:15:00,2.77,2.9127310714285692
2018-07-31 23:30:00,2.77,2.888450555555554
2018-07-31 23:45:00,2.84,2.8793763492063467
2018-08-01 00:00:00,3.2,2.904659166666666
2018-08-01 00:15:00,2.66,3.0022733333333322
2018-08-01 00:30:00,2.63,2.9008880158730146
2018-08-01 00:45:00,2.66,2.8698580952380954
2018-08-01 01:00:00,2.63,2.808537023809527
2018-08-01 01:15:00,2.7,2.7593213095238087
2018-08-01 01:30:00,2.7,2.7366870833333343
2018-08-01 01:45:00,2.66,2.792306785714286
2018-08-01 02:00:00,2.74,2.7596614880952384
2018-08-01 02:15:00,2.66,2.756036536796538
2018-08-01 02:30:00,2.7,2.8468117857142876
2018-08-01 02:45:00,2.66,2.757714047619051
2018-08-01 03:00:00,2.7,2.7910590873015884
2018-08-01 03:15:00,2.74,2.7617748214285727
2018-08-01 03:30:00,2.81,2.8719904166666668
2018-08-01 03:45:00,2.7,2.8836717857142866
2018-08-01 04:00:00,3.24,2.9744010714285722
2018-08-01 04:15:00,2.77,2.884727380952383
2018-08-01 04:30:00,3.2,2.7921461309523794
2018-08-01 04:45:00,2.99,2.9828688095238096
2018-08-01 05:00:00,2.66,2.9179083333333313
2018-08-01 05:15:00,2.7,2.9741822619047635
2018-08-01 05:30:00,2.66,2.767781071428571
2018-08-01 05:45:00,2.7,2.756137499999998
2018-08-01 06:00:00,2.7,2.71405136904762
2018-08-01 06:15:00,2.66,2.747902678571428
2018-08-01 06:30:00,2.66,2.7484041666666688
2018-08-01 06:45:00,2.7,2.7501910714285716
2018-08-01 07:00:00,2.66,2.7978336904761902
2018-08-01 07:15:00,2.74,3.219950357142856
2018-08-01 07:30:00,2.7,4.141791785714287
2018-08-01 07:45:00,2.66,4.793615714285715
2018-08-01 08:00:00,2.63,17.089155119047625
2018-08-01 08:15:00,2.56,27.90933644841271
2018-08-01 08:30:00,3.02,3.3333671230158717
2018-08-01 08:45:00,3.06,3.07673119047619
2018-08-01 09:00:00,2.77,3.065660753968254
2018-08-01 09:15:00,2.7,3.0900243452380955
2018-08-01 09:30:00,2.74,3.100940833333334
2018-08-01 09:45:00,2.74,3.1448950396825395
2018-08-01 10:00:00,3.2,3.1466142261904766
2018-08-01 10:15:00,3.17,3.1141802380952384
2018-08-01 10:30:00,2.81,3.09235380952381
2018-08-01 10:45:00,2.77,3.1354716666666667
2018-08-01 11:00:00,2.59,3.145455992063492
2018-08-01 11:15:00,2.56,3.1515421825396817
2018-08-01 11:30:00,2.59,3.0928385515872994
2018-08-01 11:45:00,2.77,3.24425035714286
2018-08-01 12:00:00,2.77,3.148442738095239
2018-08-01 12:15:00,2.81,3.259753333333332
2018-08-01 12:30:00,2.84,3.3110635714285688
2018-08-01 12:45:00,2.84,3.2445429166666666
2018-08-01 13:00:00,2.74,3.801410456349208
2018-08-01 13:15:00,2.74,3.079802003968254
2018-08-01 13:30:00,2.74,3.1009133928571426
2018-08-01 13:45:00,2.74,3.035547619047619
2018-08-01 14:00:00,3.31,3.0528441666666675
2018-08-01 14:15:00,2.66,3.048384166666669
2018-08-01 14:30:00,2.66,3.0197932738095243
2018-08-01 14:45:00,2.74,3.0465877380952406
2018-08-01 15:00:00,2.7,3.2370607142857177
2018-08-01 15:15:00,2.7,3.098826726190477
2018-08-01 15:30:00,2.77,3.040796250000002
2018-08-01 15:45:00,2.74,3.053115297619048
2018-08-01 16:00:00,2.84,3.0252423809523816
2018-08-01 16:15:00,3.28,3.5051343055555573
2018-08-01 16:30:00,2.84,3.4411659722222248
2018-08-01 16:45:00,2.7,3.4170601984127003
2018-08-01 17:00:00,2.7,3.3271337698412706
2018-08-01 17:15:00,2.66,3.339585873015874
2018-08-01 17:30:00,2.77,2.925434563492063
2018-08-01 17:45:00,2.77,2.9004089682539673
2018-08-01 18:00:00,2.66,3.375813253968252
2018-08-01 18:15:00,2.63,3.4155400396825395
2018-08-01 18:30:00,3.02,3.393505873015874
2018-08-01 18:45:00,3.35,3.4046921825396823
2018-08-01 19:00:00,2.84,3.3958709920634917
2018-08-01 19:15:00,2.84,3.4500038095238086
2018-08-01 19:30:00,2.74,3.4112064682539676
2018-08-01 19:45:00,2.81,3.4262228571428572
2018-08-01 20:00:00,2.88,3.435135833333334
2018-08-01 20:15:00,2.84,3.421924087301588
2018-08-01 20:30:00,2.92,3.4192071031746023
2018-08-01 20:45:00,2.84,3.0540577976190466
2018-08-01 21:00:00,2.88,3.157232738095238
2018-08-01 21:15:00,2.92,3.0640583333333327
2018-08-01 21:30:00,2.88,3.240129603174604
2018-08-01 21:45:00,2.95,3.103033571428573
2018-08-01 22:00:00,3.06,3.203537698412699
2018-08-01 22:15:00,3.24,3.17971630952381
2018-08-01 22:30:00,2.74,3.102955357142858
2018-08-01 22:45:00,2.66,3.1193395436507916
2018-08-01 23:00:00,2.74,2.9609786111111105
2018-08-01 23:15:00,2.66,2.901481765873015
2018-08-01 23:30:00,2.59,2.8498625198412704
2018-08-01 23:45:00,2.63,2.865057678571428
2018-08-02 00:00:00,2.66,2.9185018452380955
2018-08-02 00:15:00,2.63,2.837037579365078
2018-08-02 00:30:00,2.66,2.7234145238095233
2018-08-02 00:45:00,2.7,2.8274450793650785
2018-08-02 01:00:00,3.13,2.912301507936509
2018-08-02 01:15:00,2.88,2.8689966269841274
2018-08-02 01:30:00,2.7,2.9017392857142865
2018-08-02 01:45:00,2.7,2.806641369047621
2018-08-02 02:00:00,2.7,2.847193809523809
2018-08-02 02:15:00,2.74,2.8790695238095236
2018-08-02 02:30:00,2.74,2.8116051190476194
2018-08-02 02:45:00,2.7,2.9267596825396835
2018-08-02 03:00:00,2.77,2.942704246031748
2018-08-02 03:15:00,2.7,2.85912267857143
2018-08-02 03:30:00,2.77,2.974693075396826
2018-08-02 03:45:00,2.77,2.8724944642857144
2018-08-02 04:00:00,2.77,2.973866646825398
2018-08-02 04:15:00,3.17,3.028134722222223
2018-08-02 04:30:00,3.2,2.979786726190476
2018-08-02 04:45:00,2.74,2.9782108928571427
2018-08-02 05:00:00,2.77,2.9684013690476183
2018-08-02 05:15:00,3.24,2.874101071428571
2018-08-02 05:30:00,2.7,2.9749031944444435
2018-08-02 05:45:00,2.66,2.98063523809524
2018-08-02 06:00:00,2.7,2.8425488690476186
2018-08-02 06:15:00,2.66,2.8483477380952364
2018-08-02 06:30:00,2.7,2.845409285714286
2018-08-02 06:45:00,2.7,2.8071282738095253
2018-08-02 07:00:00,2.59,2.879106428571429
2018-08-02 07:15:00,2.63,3.2859920238095253
2018-08-02 07:30:00,2.7,4.18193490079365
2018-08-02 07:45:00,2.63,4.5436159920634935
2018-08-02 08:00:00,2.59,18.375294345238093
2018-08-02 08:15:00,2.63,27.51166936507937
2018-08-02 08:30:00,2.59,3.31455101190476
2018-08-02 08:45:00,2.77,3.099810892857143
2018-08-02 09:00:00,2.77,3.124650297619047
2018-08-02 09:15:00,2.74,3.2633627380952372
2018-08-02 09:30:00,2.7,3.1454275000000003
2018-08-02 09:45:00,2.77,3.6920124999999984
2018-08-02 10:00:00,2.81,3.3932295238095223
2018-08-02 10:15:00,3.74,3.167634226190476
2018-08-02 10:30:00,3.64,3.1716125595238096
2018-08-02 10:45:00,2.74,4.544470119047619
2018-08-02 11:00:00,2.63,3.540191845238096
2018-08-02 11:15:00,2.59,3.310925000000002
2018-08-02 11:30:00,2.59,3.2496947619047614
2018-08-02 11:45:00,2.59,3.2430226785714287
2018-08-02 12:00:00,2.77,3.166261607142857
2018-08-02 12:15:00,2.81,3.256452261904761
2018-08-02 12:30:00,2.88,3.2183171428571433
2018-08-02 12:45:00,2.88,3.242108511904762
2018-08-02 13:00:00,2.81,3.357929285714284
2018-08-02 13:15:00,2.81,3.1477918452380957
2018-08-02 13:30:00,2.92,3.1711326785714293
2018-08-02 13:45:00,2.95,3.187493154761906
2018-08-02 14:00:00,2.95,3.280029404761905
2018-08-02 14:15:00,2.95,3.33747404761905
2018-08-02 14:30:00,2.88,3.2298916666666684
2018-08-02 14:45:00,2.95,3.190460456349208
2018-08-02 15:00:00,2.95,3.235149583333335
2018-08-02 15:15:00,2.88,3.2284469642857148
2018-08-02 15:30:00,3.1,3.230298273809525
2018-08-02 15:45:00,3.24,3.2705483333333354
2018-08-02 16:00:00,2.92,3.2788276785714294
2018-08-02 16:15:00,3.02,3.720992380952381
2018-08-02 16:30:00,2.99,3.6880552777777784
2018-08-02 16:45:00,3.49,3.646452123015873
2018-08-02 17:00:00,2.92,3.552006706349205
2018-08-02 17:15:00,2.92,3.598340476190478
2018-08-02 17:30:00,2.95,3.0501401587301586
2018-08-02 17:45:00,2.95,3.0852330357142854
2018-08-02 18:00:00,2.81,3.151537083333331
2018-08-02 18:15:00,2.88,3.516350555555555
2018-08-02 18:30:00,2.92,3.451024801587302
2018-08-02 18:45:00,2.95,3.5019640079365075
2018-08-02 19:00:00,2.95,3.5034237698412705
2018-08-02 19:15:00,2.95,3.489148293650793
2018-08-02 19:30:00,2.95,3.5040316269841263
2018-08-02 19:45:00,3.42,3.538799067460317
2018-08-02 20:00:00,3.28,3.5507040674603174
2018-08-02 20:15:00,2.95,3.5629584523809528
2018-08-02 20:30:00,2.99,3.1250643452380946
2018-08-02 20:45:00,3.06,3.1162276785714274
2018-08-02 21:00:00,3.06,3.1107536309523796
2018-08-02 21:15:00,3.02,3.13148535714286
2018-08-02 21:30:00,3.42,3.178797023809521
2018-08-02 21:45:00,3.42,3.2366460714285687
2018-08-02 22:00:00,2.95,3.168582103174602
2018-08-02 22:15:00,2.81,3.1920754166666647
2018-08-02 22:30:00,2.81,2.9612100793650784
2018-08-02 22:45:00,2.81,2.9314770833333337
2018-08-02 23:00:00,2.84,2.9337589285714274
2018-08-02 23:15:00,2.81,2.9692694047619046
2018-08-02 23:30:00,2.81,2.978230476190475
2018-08-02 23:45:00,2.84,2.962072321428571
2018-08-03 00:00:00,2.81,2.9825629166666654
2018-08-03 00:15:00,3.02,3.0252810119047586
2018-08-03 00:30:00,3.35,2.9762588095238085
2018-08-03 00:45:00,2.84,3.0270299999999986
2018-08-03 01:00:00,2.84,3.014274682539684
2018-08-03 01:15:00,2.88,2.96348476190476
2018-08-03 01:30:00,2.99,2.949648809523808
2018-08-03 01:45:00,2.88,2.9809543055555543
2018-08-03 02:00:00,2.88,3.035419206349205
2018-08-03 02:15:00,3.17,3.18222863095238
2018-08-03 02:30:00,3.2,3.2127163690476186
2018-08-03 02:45:00,2.84,3.068937916666667
2018-08-03 03:00:00,2.84,3.111062083333333
2018-08-03 03:15:00,2.81,2.890651944444441
2018-08-03 03:30:00,2.88,2.8734326587301546
2018-08-03 03:45:00,2.84,2.8940331547619036
2018-08-03 04:00:00,2.84,2.8989144841269825
2018-08-03 04:15:00,2.84,2.9476598809523806
2018-08-03 04:30:00,2.84,2.9926469642857136
2018-08-03 04:45:00,3.31,3.0342409325396797
2018-08-03 05:00:00,2.92,3.0292114682539673
2018-08-03 05:15:00,2.88,3.010080476190475
2018-08-03 05:30:00,2.81,2.9071229365079363
2018-08-03 05:45:00,2.81,3.0023963293650797
2018-08-03 06:00:00,2.84,2.9024898611111083
2018-08-03 06:15:00,2.84,2.9897463888888858
2018-08-03 06:30:00,2.88,3.1115223214285703
2018-08-03 06:45:00,2.81,3.178342976190474
2018-08-03 07:00:00,2.77,3.059194265873015
2018-08-03 07:15:00,2.84,3.8197882738095257
2018-08-03 07:30:00,3.31,4.1090680158730155
2018-08-03 07:45:00,3.24,3.915582777777777
2018-08-03 08:00:00,2.84,26.093020793650794
2018-08-03 08:15:00,2.74,76.32200142857141
2018-08-03 08:30:00,2.77,3.5677153571428586
2018-08-03 08:45:00,2.99,3.202735277777777
2018-08-03 09:00:00,3.2,3.1488842063492046
2018-08-03 09:15:00,3.53,3.119227142857143
2018-08-03 09:30:00,3.06,3.1435642857142856
2018-08-03 09:45:00,2.88,3.38877607142857
2018-08-03 10:00:00,2.84,3.4107738095238087
2018-08-03 10:15:00,2.84,3.2908693452380944
2018-08-03 10:30:00,2.88,3.2530718452380945
2018-08-03 10:45:00,2.84,3.2252282142857136
2018-08-03 11:00:00,2.77,3.393120476190475
2018-08-03 11:15:00,2.7,3.4057427976190473
2018-08-03 11:30:00,2.74,3.521211488095237
2018-08-03 11:45:00,2.81,3.466407797619048
2018-08-03 12:00:00,2.95,3.1597661904761902
2018-08-03 12:15:00,2.99,3.2346869642857126
2018-08-03 12:30:00,3.06,3.188634107142855
2018-08-03 12:45:00,2.99,3.1805341666666647
2018-08-03 13:00:00,3.02,3.377551150793648
2018-08-03 13:15:00,3.2,3.237791845238096
2018-08-03 13:30:00,3.64,3.2373124404761917
2018-08-03 13:45:00,3.24,3.1706909325396833
2018-08-03 14:00:00,2.99,3.749292559523809
2018-08-03 14:15:00,2.99,3.254216071428573
2018-08-03 14:30:00,2.99,3.365176785714287
2018-08-03 14:45:00,2.95,3.6822936904761914
2018-08-03 15:00:00,3.02,3.846518571428573
2018-08-03 15:15:00,3.02,3.3461417261904773
2018-08-03 15:30:00,3.1,3.4605847023809506
2018-08-03 15:45:00,2.95,3.5911749404761877
2018-08-03 16:00:00,2.95,3.5366642261904735
2018-08-03 16:15:00,3.35,3.5519901587301588
2018-08-03 16:30:00,3.35,3.5788718253968255
2018-08-03 16:45:00,2.99,3.5765947619047607
2018-08-03 17:00:00,2.92,3.5122414285714285
2018-08-03 17:15:00,3.02,3.095707023809523
2018-08-03 17:30:00,2.95,3.0689297023809505
2018-08-03 17:45:00,2.99,3.2688562499999994
2018-08-03 18:00:00,2.92,3.1616150595238106
2018-08-03 18:15:00,2.77,3.449340793650793
2018-08-03 18:30:00,2.92,3.484676686507935
2018-08-03 18:45:00,2.99,3.480809484126985
2018-08-03 19:00:00,2.95,3.469932996031746
2018-08-03 19:15:00,2.99,3.4440492460317467
2018-08-03 19:30:00,2.92,3.425532103174602
2018-08-03 19:45:00,2.99,3.2060289285714294
2018-08-03 20:00:00,2.99,3.1340787103174588
2018-08-03 20:15:00,3.2,3.2129487499999994
2018-08-03 20:30:00,3.6,3.5146971031746013
2018-08-03 20:45:00,3.02,3.1960896428571424
2018-08-03 21:00:00,3.06,3.158696408730159
2018-08-03 21:15:00,3.42,3.1452985714285724
2018-08-03 21:30:00,3.42,3.1191845238095244
2018-08-03 21:45:00,3.02,3.215551064213563
2018-08-03 22:00:00,2.88,3.1478780357142857
2018-08-03 22:15:00,2.81,2.9858411309523807
2018-08-03 22:30:00,2.81,2.9748814285714276
2018-08-03 22:45:00,2.74,2.91394630952381
2018-08-03 23:00:00,2.81,2.9095354761904746
2018-08-03 23:15:00,2.7,2.8705107142857127
2018-08-03 23:30:00,2.74,2.9631193452380944
2018-08-03 23:45:00,2.81,2.846565714285713
2018-08-04 00:00:00,2.77,2.820855238095236
2018-08-04 00:15:00,2.74,2.8663360119047634
2018-08-04 00:30:00,2.77,2.9227807738095226
2018-08-04 00:45:00,2.84,2.9189301984126983
2018-08-04 01:00:00,2.84,2.9673312499999986
2018-08-04 01:15:00,2.99,3.007728273809522
2018-08-04 01:30:00,3.42,3.1180530952380927
2018-08-04 01:45:00,3.17,3.047947142857142
2018-08-04 02:00:00,3.28,3.0404844841269845
2018-08-04 02:15:00,2.84,3.0080869047619045
2018-08-04 02:30:00,2.84,3.0584138095238096
2018-08-04 02:45:00,2.84,2.909147619047616
2018-08-04 03:00:00,2.88,2.9030532142857117
2018-08-04 03:15:00,2.81,2.943119404761903
2018-08-04 03:30:00,2.84,3.052177261904761
2018-08-04 03:45:00,2.81,2.971471666666667
2018-08-04 04:00:00,2.84,3.025183214285714
2018-08-04 04:15:00,2.84,3.018171785714287
2018-08-04 04:30:00,2.84,2.982309285714285
2018-08-04 04:45:00,2.88,2.9658550595238085
2018-08-04 05:00:00,2.84,2.9313538095238076
2018-08-04 05:15:00,2.88,2.879212499999998
2018-08-04 05:30:00,2.84,2.954117261904761
2018-08-04 05:45:00,2.81,3.056806666666667
2018-08-04 06:00:00,2.84,3.1457570238095216
2018-08-04 06:15:00,2.81,3.15717452380952
2018-08-04 06:30:00,3.24,3.1009081547619037
2018-08-04 06:45:00,2.99,3.1236836309523808
2018-08-04 07:00:00,2.77,3.1198563492063487
2018-08-04 07:15:00,2.77,3.289586547619048
2018-08-04 07:30:00,3.38,3.199532559523809
2018-08-04 07:45:00,3.17,3.122406547619046
2018-08-04 08:00:00,2.77,10.386025694444445
2018-08-04 08:15:00,2.77,29.0819749404762
2018-08-04 08:30:00,2.59,3.5348561904761913
2018-08-04 08:45:00,2.81,3.01605470238095
2018-08-04 09:00:00,2.88,3.093186071428571
2018-08-04 09:15:00,2.81,3.2296917261904765
2018-08-04 09:30:00,2.77,3.1437945238095235
2018-08-04 09:45:00,2.81,3.294327857142859
2018-08-04 10:00:00,2.77,3.3557220833333345
2018-08-04 10:15:00,2.74,3.620896785714286
2018-08-04 10:30:00,2.88,3.6327090476190502
2018-08-04 10:45:00,3.2,3.114062242063491
2018-08-04 11:00:00,2.56,3.118877182539681
2018-08-04 11:15:00,2.63,3.192775238095239
2018-08-04 11:30:00,2.56,3.1997367857142875
2018-08-04 11:45:00,2.59,3.1049475595238083
2018-08-04 12:00:00,2.7,3.0942088690476175
2018-08-04 12:15:00,2.81,3.239115714285713
2018-08-04 12:30:00,2.92,3.266656666666665
2018-08-04 12:45:00,2.81,3.307902202380951
2018-08-04 13:00:00,2.81,3.254057797619047
2018-08-04 13:15:00,2.74,3.1503601785714297
2018-08-04 13:30:00,2.77,3.2500439285714293
2018-08-04 13:45:00,2.74,3.322979880952381
2018-08-04 14:00:00,3.17,3.148383690476191
2018-08-04 14:15:00,3.35,3.346846190476191
2018-08-04 14:30:00,2.88,3.1914876190476202
2018-08-04 14:45:00,2.84,3.167703035714286
2018-08-04 15:00:00,3.38,3.3574501190476203
2018-08-04 15:15:00,2.81,3.286605238095238
2018-08-04 15:30:00,2.74,3.379757619047618
2018-08-04 15:45:00,2.74,3.257984583333335
2018-08-04 16:00:00,2.77,3.2592633333333345
2018-08-04 16:15:00,2.74,3.4806183730158726
2018-08-04 16:30:00,2.81,3.859540595238095
2018-08-04 16:45:00,2.74,3.1847776785714297
2018-08-04 17:00:00,2.74,3.063261390692641
2018-08-04 17:15:00,2.74,2.9788853192640694
2018-08-04 17:30:00,2.7,2.980760021645022
2018-08-04 17:45:00,2.74,2.973279188311689
2018-08-04 18:00:00,2.66,2.9453937301587296
2018-08-04 18:15:00,2.74,2.9411860930735925
2018-08-04 18:30:00,2.88,2.9256648015873012
2018-08-04 18:45:00,2.88,2.979586033549782
2018-08-04 19:00:00,2.88,2.875153948412697
2018-08-04 19:15:00,2.88,2.943005059523809
2018-08-04 19:30:00,2.84,3.058961408730157
2018-08-04 19:45:00,3.2,3.0853603174603164
2018-08-04 20:00:00,3.17,3.0938485317460307
2018-08-04 20:15:00,2.92,3.098071805555556
2018-08-04 20:30:00,2.99,3.047236031746032
2018-08-04 20:45:00,2.95,2.9206699603174595
2018-08-04 21:00:00,2.95,2.972636309523811
2018-08-04 21:15:00,2.92,3.1505983333333347
2018-08-04 21:30:00,3.06,3.201212440476191
2018-08-04 21:45:00,3.53,3.2095723809523804
2018-08-04 22:00:00,3.06,3.12209009920635
2018-08-04 22:15:00,2.74,3.070195476190475
2018-08-04 22:30:00,2.81,3.0741910119047593
2018-08-04 22:45:00,2.74,2.9142254761904742
2018-08-04 23:00:00,2.74,2.891899166666664
2018-08-04 23:15:00,2.7,2.8781925274725255
2018-08-04 23:30:00,2.74,2.883453214285714
2018-08-04 23:45:00,2.7,2.9195208333333333
2018-08-05 00:00:00,3.1,2.8594160714285697
2018-08-05 00:15:00,3.06,2.891626904761905
2018-08-05 00:30:00,2.81,2.879958333333334
2018-08-05 00:45:00,2.77,2.9308999603174617
2018-08-05 01:00:00,2.77,2.932256845238095
2018-08-05 01:15:00,2.77,2.9574894444444424
2018-08-05 01:30:00,2.81,3.0133495652958135
2018-08-05 01:45:00,2.77,3.026643771645021
2018-08-05 02:00:00,2.81,3.0757946248196224
2018-08-05 02:15:00,2.81,3.023851648629146
2018-08-05 02:30:00,2.81,2.984187996031746
2018-08-05 02:45:00,2.84,2.9925557936507916
2018-08-05 03:00:00,2.84,2.9898965079365065
2018-08-05 03:15:00,2.81,2.945219146825396
2018-08-05 03:30:00,2.88,2.9418560515873002
2018-08-05 03:45:00,3.2,2.945172519841268
2018-08-05 04:00:00,3.49,2.9739695039682505
2018-08-05 04:15:00,2.92,2.9898371031746023
2018-08-05 04:30:00,2.81,2.991098809523809
2018-08-05 04:45:00,2.99,2.888739642857141
2018-08-05 05:00:00,3.2,2.8742949206349184
2018-08-05 05:15:00,2.84,3.016630892857143
2018-08-05 05:30:00,2.81,3.0399546031746034
2018-08-05 05:45:00,2.81,2.9081959920634906
2018-08-05 06:00:00,2.74,2.9000658730158704
2018-08-05 06:15:00,2.84,2.968036904761904
2018-08-05 06:30:00,2.81,2.9423057738095246
2018-08-05 06:45:00,2.77,2.9493322619047615
2018-08-05 07:00:00,2.74,3.0033487698412693
2018-08-05 07:15:00,2.77,3.147689226190479
2018-08-05 07:30:00,2.7,3.0021277380952385
2018-08-05 07:45:00,2.77,3.3356107142857154
2018-08-05 08:00:00,2.74,4.255776856060604
2018-08-05 08:15:00,2.74,5.549385773809524
2018-08-05 08:30:00,2.77,3.14603251984127
2018-08-05 08:45:00,2.99,3.220662142857142
2018-08-05 09:00:00,3.06,3.2020391666666637
2018-08-05 09:15:00,3.02,3.1749629761904754
2018-08-05 09:30:00,3.1,3.2201115079365095
2018-08-05 09:45:00,3.67,3.211138095238096
2018-08-05 10:00:00,3.42,3.2049601190476187
2018-08-05 10:15:00,3.6,3.229271688311686
2018-08-05 10:30:00,3.06,3.1835297835497833
2018-08-05 10:45:00,2.95,3.1703175000000003
2018-08-05 11:00:00,2.84,2.9988458333333323
2018-08-05 11:15:00,2.84,2.933940714285713
2018-08-05 11:30:00,2.81,2.9302024999999987
2018-08-05 11:45:00,2.81,2.9780651677489174
2018-08-05 12:00:00,2.95,3.0705146717171714
2018-08-05 12:15:00,2.95,3.1192318939393915
2018-08-05 12:30:00,2.99,3.1546990367965346
2018-08-05 12:45:00,2.92,3.138632380952379
2018-08-05 13:00:00,2.99,3.210730476190475
2018-08-05 13:15:00,2.92,3.2390235714285693
2018-08-05 13:30:00,2.99,3.209033333333332
2018-08-05 13:45:00,3.06,3.2269744047619042
2018-08-05 14:00:00,2.92,3.290328214285714
2018-08-05 14:15:00,2.95,3.316201269841269
2018-08-05 14:30:00,3.17,3.274207976190476
2018-08-05 14:45:00,3.17,3.2654278571428574
2018-08-05 15:00:00,3.17,3.2199966865079346
2018-08-05 15:15:00,3.13,3.2156441666666655
2018-08-05 15:30:00,3.13,3.252674285714284
2018-08-05 15:45:00,3.17,3.2481789285714253
2018-08-05 16:00:00,3.2,3.2669381872294347
2018-08-05 16:15:00,3.49,3.203527658730158
2018-08-05 16:30:00,3.67,3.203668075396825
2018-08-05 16:45:00,3.35,3.4663841071428574
2018-08-05 17:00:00,3.6,3.21026138888889
2018-08-05 17:15:00,3.13,3.177959206349207
2018-08-05 17:30:00,3.1,3.4710601190476176
2018-08-05 17:45:00,3.1,3.1767919642857128
2018-08-05 18:00:00,2.81,3.1634827380952366
2018-08-05 18:15:00,2.74,3.140805357142856
2018-08-05 18:30:00,2.92,2.968050140692642
2018-08-05 18:45:00,3.06,2.8894574025974014
2018-08-05 19:00:00,3.06,2.9620582142857144
2018-08-05 19:15:00,3.1,3.002427936507937
2018-08-05 19:30:00,3.1,3.011616349206348
2018-08-05 19:45:00,3.06,3.0881034722222234
2018-08-05 20:00:00,3.13,3.152121250000003
2018-08-05 20:15:00,3.1,3.162407142857143
2018-08-05 20:30:00,3.1,3.2124885714285716
2018-08-05 20:45:00,3.1,3.232725813492065
2018-08-05 21:00:00,3.13,3.2383441666666664
2018-08-05 21:15:00,3.13,3.225515198412698
2018-08-05 21:30:00,3.17,3.28893488095238
2018-08-05 21:45:00,3.2,3.2811885714285705
2018-08-05 22:00:00,3.53,3.1884445833333337
2018-08-05 22:15:00,2.84,3.101611964285717
2018-08-05 22:30:00,3.31,3.006132738095238
2018-08-05 22:45:00,3.06,2.9956086111111095
2018-08-05 23:00:00,2.74,3.017305793650794
2018-08-05 23:15:00,2.77,3.0237082738095244
2018-08-05 23:30:00,2.74,2.8199771428571414
2018-08-05 23:45:00,2.63,2.901875238095237
2018-08-06 00:00:00,2.66,2.8157391071428584
2018-08-06 00:15:00,2.66,2.7846144246031734
2018-08-06 00:30:00,2.63,2.822575555555556
2018-08-06 00:45:00,2.66,2.791914841269841
2018-08-06 01:00:00,2.66,2.8564539285714288
2018-08-06 01:15:00,2.66,2.81373376984127
2018-08-06 01:30:00,2.74,2.776213571428571
2018-08-06 01:45:00,2.7,2.8074894047619052
2018-08-06 02:00:00,2.66,2.8551666468253973
2018-08-06 02:15:00,3.1,2.8181622619047637
2018-08-06 02:30:00,2.92,2.8102176082251105
2018-08-06 02:45:00,2.59,2.855769682539682
2018-08-06 03:00:00,2.63,2.8551803174603174
2018-08-06 03:15:00,2.63,2.7897041666666667
2018-08-06 03:30:00,2.74,2.7944211796536798
2018-08-06 03:45:00,2.74,2.7074164880952383
2018-08-06 04:00:00,2.63,2.833767500000002
2018-08-06 04:15:00,2.7,2.8994145634920625
2018-08-06 04:30:00,3.24,2.8387608820346326
2018-08-06 04:45:00,2.81,2.867125357142857
2018-08-06 05:00:00,2.63,2.832241488095239
2018-08-06 05:15:00,2.59,2.9952668650793646
2018-08-06 05:30:00,2.63,2.810833452380953
2018-08-06 05:45:00,2.56,2.815375000000001
2018-08-06 06:00:00,2.59,2.7578990476190484
2018-08-06 06:15:00,2.59,2.7091270238095255
2018-08-06 06:30:00,2.59,2.694937738095238
2018-08-06 06:45:00,2.77,2.6367713095238106
2018-08-06 07:00:00,4.14,2.6466786904761905
2018-08-06 07:15:00,4.0,3.531074345238099
2018-08-06 07:30:00,3.96,5.671297142857144
2018-08-06 07:45:00,3.56,5.394969325396828
2018-08-06 08:00:00,26.78,35.32913960317458
2018-08-06 08:15:00,58.14,63.03685095238093
2018-08-06 08:30:00,79.49,61.79067123015872
2018-08-06 08:45:00,83.81,65.83532464285712
2018-08-06 09:00:00,109.22,80.07134498015874
2018-08-06 09:15:00,79.81,81.2038339285714
2018-08-06 09:30:00,93.28,91.88674476190475
2018-08-06 09:45:00,102.24,84.71045244047622
2018-08-06 10:00:00,49.03,81.43826285714287
2018-08-06 10:15:00,57.89,95.83743624999997
2018-08-06 10:30:00,58.9,66.48675115079364
2018-08-06 10:45:00,64.4,60.71411958333333
2018-08-06 11:00:00,106.56,62.18330468253967
2018-08-06 11:15:00,88.52,65.92963255952378
2018-08-06 11:30:00,90.18,86.997466031746
2018-08-06 11:45:00,103.9,76.89292767857145
2018-08-06 12:00:00,6.84,9.639549047619047
2018-08-06 12:15:00,6.12,7.708598134920632
2018-08-06 12:30:00,6.05,5.88410011904762
2018-08-06 12:45:00,5.87,6.029233015873014
2018-08-06 13:00:00,53.64,50.23034634920636
2018-08-06 13:15:00,97.67,72.50064755952376
2018-08-06 13:30:00,98.93,70.1015504761905
2018-08-06 13:45:00,85.9,84.82211930555553
2018-08-06 14:00:00,49.07,92.24036468253966
2018-08-06 14:15:00,55.84,81.06792440476191
2018-08-06 14:30:00,43.42,61.63925333333337
2018-08-06 14:45:00,39.24,62.73366646825396
2018-08-06 15:00:00,39.38,54.687609285714295
2018-08-06 15:15:00,46.51,57.48792460317463
2018-08-06 15:30:00,50.94,50.87784059523811
2018-08-06 15:45:00,49.61,57.6857675793651
2018-08-06 16:00:00,53.86,64.29734446428576
2018-08-06 16:15:00,49.82,48.92938890873017
2018-08-06 16:30:00,55.33,55.21742440476192
2018-08-06 16:45:00,52.67,52.740993988095234
2018-08-06 17:00:00,91.48,53.83934253205125
2018-08-06 17:15:00,98.21,51.04911006493509
2018-08-06 17:30:00,30.89,63.390607936507976
2018-08-06 17:45:00,31.18,52.479951071428594
2018-08-06 18:00:00,85.72,55.5438106150794
2018-08-06 18:15:00,72.97,74.91879255952382
2018-08-06 18:30:00,55.76,84.47891839285712
2018-08-06 18:45:00,96.12,77.23996757936507
2018-08-06 19:00:00,99.18,65.22725416666668
2018-08-06 19:15:00,86.98,81.16891565476189
2018-08-06 19:30:00,113.65,86.17829519841268
2018-08-06 19:45:00,74.09,86.32465369047617
2018-08-06 20:00:00,91.73,87.40901130952386
2018-08-06 20:15:00,118.12,82.29718714285717
2018-08-06 20:30:00,48.92,71.68551178571423
2018-08-06 20:45:00,43.6,49.64743565476192
2018-08-06 21:00:00,8.17,12.137258015873021
2018-08-06 21:15:00,4.9,11.035561369047617
2018-08-06 21:30:00,4.03,4.126470416666669
2018-08-06 21:45:00,3.96,4.282556527777779
2018-08-06 22:00:00,3.82,3.81743279761905
2018-08-06 22:15:00,3.46,3.7274620833333323
2018-08-06 22:30:00,3.35,3.715032936507937
2018-08-06 22:45:00,2.84,3.340643055555555
2018-08-06 23:00:00,2.81,3.249226984126984
2018-08-06 23:15:00,2.7,2.9622151785714292
2018-08-06 23:30:00,3.2,2.91301369047619
2018-08-06 23:45:00,2.88,2.77489357142857
2018-08-07 00:00:00,2.77,2.931840178571428
2018-08-07 00:15:00,2.88,2.9342536904761882
2018-08-07 00:30:00,2.84,3.0147852380952407
2018-08-07 00:45:00,2.81,3.008103928571427
2018-08-07 01:00:00,2.74,2.968663214285714
2018-08-07 01:15:00,3.06,2.909726428571426
2018-08-07 01:30:00,2.99,2.9001481547619052
2018-08-07 01:45:00,2.99,2.931230119047618
2018-08-07 02:00:00,2.99,2.9875786111111102
2018-08-07 02:15:00,2.92,3.057565515873015
2018-08-07 02:30:00,3.02,3.1339827380952374
2018-08-07 02:45:00,3.24,3.1774959523809527
2018-08-07 03:00:00,3.31,3.095350972222225
2018-08-07 03:15:00,3.2,3.0649273809523834
2018-08-07 03:30:00,3.74,3.0526848412698397
2018-08-07 03:45:00,3.53,3.1476308333333325
2018-08-07 04:00:00,3.24,3.2026963690476196
2018-08-07 04:15:00,3.24,3.205007678571432
2018-08-07 04:30:00,3.6,3.2338862499999994
2018-08-07 04:45:00,3.74,3.2100458928571425
2018-08-07 05:00:00,3.24,3.2648080952380956
2018-08-07 05:15:00,3.17,3.271849689754691
2018-08-07 05:30:00,3.2,3.251554543650792
2018-08-07 05:45:00,3.2,3.261805833333334
2018-08-07 06:00:00,3.17,3.2592188095238117
2018-08-07 06:15:00,3.17,3.274730952380953
2018-08-07 06:30:00,3.17,3.3241876190476187
2018-08-07 06:45:00,3.38,3.2803888690476173
2018-08-07 07:00:00,3.13,3.3498015873015867
2018-08-07 07:15:00,3.31,3.72396136904762
2018-08-07 07:30:00,3.89,4.625275595238093
2018-08-07 07:45:00,5.54,7.097224166666664
2018-08-07 08:00:00,66.31,55.56596361471864
2018-08-07 08:15:00,93.71,81.99978795634917
2018-08-07 08:30:00,79.52,91.55005119047617
2018-08-07 08:45:00,86.33,96.78018160714286
2018-08-07 09:00:00,86.8,86.20679559523809
2018-08-07 09:15:00,58.46,70.10928505952378
2018-08-07 09:30:00,65.45,80.16639404761904
2018-08-07 09:45:00,108.32,65.63959285714283
2018-08-07 10:00:00,101.59,60.88373331349207
2018-08-07 10:15:00,83.41,87.46245636904757
2018-08-07 10:30:00,112.21,92.66689684523806
2018-08-07 10:45:00,87.01,85.99303363095233
2018-08-07 11:00:00,96.23,89.02852119047624
2018-08-07 11:15:00,82.84,92.77579601190487
2018-08-07 11:30:00,95.87,83.71405922979801
2018-08-07 11:45:00,94.18,90.68415119047613
2018-08-07 12:00:00,10.87,11.453112142857146
2018-08-07 12:15:00,5.98,5.778760059523807
2018-08-07 12:30:00,5.8,5.701165714285711
2018-08-07 12:45:00,5.98,5.90398476190476
2018-08-07 13:00:00,62.64,69.29748982142854
2018-08-07 13:15:00,99.79,86.61980767857145
2018-08-07 13:30:00,103.61,74.53273517857147
2018-08-07 13:45:00,58.54,87.19971345238089
2018-08-07 14:00:00,58.75,91.33936446428575
2018-08-07 14:15:00,50.94,69.17953291666666
2018-08-07 14:30:00,43.49,61.216405833333354
2018-08-07 14:45:00,42.84,66.40632220238092
2018-08-07 15:00:00,49.93,51.37123160714286
2018-08-07 15:15:00,54.11,48.20347857142856
2018-08-07 15:30:00,52.02,55.89019069444442
2018-08-07 15:45:00,56.84,58.30335726190478
2018-08-07 16:00:00,59.4,55.48719551587301
2018-08-07 16:15:00,58.75,58.02858482142856
2018-08-07 16:30:00,47.92,56.252665654761906
2018-08-07 16:45:00,87.19,51.216717380952396
2018-08-07 17:00:00,72.25,47.29679101190479
2018-08-07 17:15:00,104.76,74.3921179166667
2018-08-07 17:30:00,30.31,54.31212333333337
2018-08-07 17:45:00,30.42,52.6198736904762
2018-08-07 18:00:00,75.28,38.35696484126987
2018-08-07 18:15:00,77.22,68.07901309523811
2018-08-07 18:30:00,48.06,80.80959787698414
2018-08-07 18:45:00,49.68,72.25251505952379
2018-08-07 19:00:00,51.73,55.610895043290064
2018-08-07 19:15:00,51.88,58.79123380952382
2018-08-07 19:30:00,47.34,61.11204851190476
2018-08-07 19:45:00,47.59,51.139570476190464
2018-08-07 20:00:00,48.35,47.07631253968255
2018-08-07 20:15:00,50.29,50.00827496031749
2018-08-07 20:30:00,50.0,47.705561666666654
2018-08-07 20:45:00,30.13,40.09776297619047
2018-08-07 21:00:00,26.42,9.727864503968256
2018-08-07 21:15:00,15.52,6.596814920634916
2018-08-07 21:30:00,4.14,8.163175337301588
2018-08-07 21:45:00,4.0,4.255276488095239
2018-08-07 22:00:00,3.82,3.927853571428571
2018-08-07 22:15:00,3.56,3.780533452380949
2018-08-07 22:30:00,3.06,3.701141488095236
2018-08-07 22:45:00,2.88,3.470098988095235
2018-08-07 23:00:00,2.88,2.9132233766233795
2018-08-07 23:15:00,2.88,2.8997704761904766
2018-08-07 23:30:00,2.81,2.9091647023809513
2018-08-07 23:45:00,2.84,3.0561194841269823
2018-08-08 00:00:00,2.92,2.911121011904762
2018-08-08 00:15:00,3.46,3.008263928571429
2018-08-08 00:30:00,3.02,2.99505119047619
2018-08-08 00:45:00,3.13,2.899067123015871
2018-08-08 01:00:00,3.31,2.986957976190477
2018-08-08 01:15:00,3.17,3.051858498168499
2018-08-08 01:30:00,3.17,3.12900886904762
2018-08-08 01:45:00,3.13,3.2869392460317464
2018-08-08 02:00:00,3.2,3.2275699999999983
2018-08-08 02:15:00,3.28,3.228897023809523
2018-08-08 02:30:00,3.2,3.3159093055555546
2018-08-08 02:45:00,3.67,3.2794391865079366
2018-08-08 03:00:00,3.28,3.318104543650794
2018-08-08 03:15:00,3.17,3.266265714285711
2018-08-08 03:30:00,3.2,3.2485048809523804
2018-08-08 03:45:00,3.17,3.321742619047618
2018-08-08 04:00:00,3.13,3.273651726190475
2018-08-08 04:15:00,3.17,3.2360418055555527
2018-08-08 04:30:00,3.17,3.264843869047616
2018-08-08 04:45:00,3.13,3.388549518398264
2018-08-08 05:00:00,3.17,3.3221614971139974
2018-08-08 05:15:00,3.17,3.250763333333332
2018-08-08 05:30:00,3.17,3.3996220634920618
2018-08-08 05:45:00,3.53,3.4546156150793625
2018-08-08 06:00:00,3.74,3.408384365079363
2018-08-08 06:15:00,3.17,3.2093116666666632
2018-08-08 06:30:00,3.1,3.214763750000001
2018-08-08 06:45:00,3.13,3.2168036309523784
2018-08-08 07:00:00,3.2,3.215369563492061
2018-08-08 07:15:00,4.07,3.5928067857142874
2018-08-08 07:30:00,5.18,4.382019107142857
2018-08-08 07:45:00,4.82,6.701614801587304
2018-08-08 08:00:00,34.99,57.114133333333356
2018-08-08 08:15:00,53.14,70.41719795634924
2018-08-08 08:30:00,64.91,69.28763839285713
2018-08-08 08:45:00,59.44,87.96073261904765
2018-08-08 09:00:00,84.56,77.97645261904755
2018-08-08 09:15:00,56.38,60.28784515873018
2018-08-08 09:30:00,63.5,74.52895672619053
2018-08-08 09:45:00,103.93,65.9078934126984
2018-08-08 10:00:00,87.08,67.7610566468254
2018-08-08 10:15:00,90.61,88.88025178571422
2018-08-08 10:30:00,91.08,83.63257
2018-08-08 10:45:00,106.99,80.48155779761912
2018-08-08 11:00:00,93.85,88.39706722222226
2018-08-08 11:15:00,76.1,91.7409575595238
2018-08-08 11:30:00,117.68,92.44266696428565
2018-08-08 11:45:00,95.65,81.79874625000001
2018-08-08 12:00:00,7.24,12.27736611111112
2018-08-08 12:15:00,5.0,5.839635000000002
2018-08-08 12:30:00,4.93,5.546116807359306
2018-08-08 12:45:00,4.93,5.071830257936508
2018-08-08 13:00:00,44.42,52.43118601190475
2018-08-08 13:15:00,123.16,81.29450041666672
2018-08-08 13:30:00,85.68,69.47171037878786
2018-08-08 13:45:00,93.92,96.0849895238095
2018-08-08 14:00:00,104.0,90.47227630952382
2018-08-08 14:15:00,79.56,85.91929940476197
2018-08-08 14:30:00,115.67,95.28077029761901
2018-08-08 14:45:00,81.68,88.03441339285715
2018-08-08 15:00:00,115.74,92.45845172619056
2018-08-08 15:15:00,111.38,90.22062829365082
2018-08-08 15:30:00,69.23,88.54605523809524
2018-08-08 15:45:00,50.33,99.69724789682533
2018-08-08 16:00:00,45.86,88.49209398809523
2018-08-08 16:15:00,60.73,69.89176892857145
2018-08-08 16:30:00,42.73,63.59964329365077
2018-08-08 16:45:00,50.26,59.7383023214286
2018-08-08 17:00:00,49.43,44.86228785714287
2018-08-08 17:15:00,37.69,54.330178750000044
2018-08-08 17:30:00,30.96,25.956758690476203
2018-08-08 17:45:00,32.08,22.708596369047612
2018-08-08 18:00:00,38.34,43.98427593253969
2018-08-08 18:15:00,47.38,48.09812511904763
2018-08-08 18:30:00,49.79,55.169680952380965
2018-08-08 18:45:00,52.56,51.27746085317462
2018-08-08 19:00:00,44.35,52.407162083333326
2018-08-08 19:15:00,64.44,54.014911607142864
2018-08-08 19:30:00,53.42,41.68173660714286
2018-08-08 19:45:00,111.06,61.96775464285714
2018-08-08 20:00:00,53.86,55.3022650198413
2018-08-08 20:15:00,94.14,90.30348632936507
2018-08-08 20:30:00,70.63,63.277650198412694
2018-08-08 20:45:00,22.0,50.00871660714286
2018-08-08 21:00:00,7.16,37.767490595238094
2018-08-08 21:15:00,4.18,5.13294976190476
2018-08-08 21:30:00,3.89,4.0126572619047645
2018-08-08 21:45:00,3.85,4.006176071428567
2018-08-08 22:00:00,3.71,3.801537023809524
2018-08-08 22:15:00,3.24,3.6747161309523797
2018-08-08 22:30:00,2.7,3.6893830158730156
2018-08-08 22:45:00,2.66,3.187983369408369
2018-08-08 23:00:00,2.59,2.7671435714285697
2018-08-08 23:15:00,2.56,2.767730357142857
2018-08-08 23:30:00,2.56,2.7395083928571426
2018-08-08 23:45:00,2.66,2.6982259523809513
2018-08-09 00:00:00,3.17,2.661219940476189
2018-08-09 00:15:00,2.84,2.651453273809524
2018-08-09 00:30:00,2.7,2.9729797222222243
2018-08-09 00:45:00,2.74,2.942222023809523
2018-08-09 01:00:00,2.77,2.8824576388888885
2018-08-09 01:15:00,2.77,2.901732023809523
2018-08-09 01:30:00,2.74,2.989586547619047
2018-08-09 01:45:00,2.74,3.049095476190475
2018-08-09 02:00:00,2.99,3.088067003968257
2018-08-09 02:15:00,3.2,3.051823988095238
2018-08-09 02:30:00,2.77,2.951374761904763
2018-08-09 02:45:00,2.81,2.841085357142857
2018-08-09 03:00:00,2.74,3.0956450198412706
2018-08-09 03:15:00,2.77,3.087244365079366
2018-08-09 03:30:00,2.77,2.938599761904763
2018-08-09 03:45:00,2.77,3.115541904761906
2018-08-09 04:00:00,2.77,3.0301878174603183
2018-08-09 04:15:00,2.81,3.1153172222222207
2018-08-09 04:30:00,2.81,3.138953769841269
2018-08-09 04:45:00,2.74,3.108160912698413
2018-08-09 05:00:00,2.77,3.063628214285714
2018-08-09 05:15:00,3.35,3.086486904761905
2018-08-09 05:30:00,3.13,3.0998752380952386
2018-08-09 05:45:00,2.74,2.8439172619047626
2018-08-09 06:00:00,2.81,2.8372797619047607
2018-08-09 06:15:00,2.74,2.9569525396825407
2018-08-09 06:30:00,3.24,3.020301011904759
2018-08-09 06:45:00,2.92,2.9017604365079377
2018-08-09 07:00:00,2.99,2.910402976190477
2018-08-09 07:15:00,4.07,3.4578092857142844
2018-08-09 07:30:00,4.21,4.0493738888888915
2018-08-09 07:45:00,8.21,5.634068591269843
2018-08-09 08:00:00,64.87,44.16094412698414
2018-08-09 08:15:00,98.32,62.136578134920626
2018-08-09 08:30:00,109.98,98.28747208333334
2018-08-09 08:45:00,96.41,92.5529328174604
2018-08-09 09:00:00,73.76,96.354824047619
2018-08-09 09:15:00,98.86,98.88587281746037
2018-08-09 09:30:00,103.39,84.67143646825394
2018-08-09 09:45:00,110.66,85.75703553571431
2018-08-09 10:00:00,111.67,90.89645488095235
2018-08-09 10:15:00,88.88,94.04786430555556
2018-08-09 10:30:00,111.64,94.38082442460312
2018-08-09 10:45:00,72.11,96.2040765873016
2018-08-09 11:00:00,126.29,90.65959755952377
2018-08-09 11:15:00,94.54,87.12783095238098
2018-08-09 11:30:00,103.72,92.8619494642857
2018-08-09 11:45:00,89.39,84.91214839285716
2018-08-09 12:00:00,19.26,11.825815853174603
2018-08-09 12:15:00,4.9,5.873007261904762
2018-08-09 12:30:00,4.79,6.345251845238097
2018-08-09 12:45:00,4.57,4.986541845238094
2018-08-09 13:00:00,50.72,60.21600535714284
2018-08-09 13:15:00,107.21,74.30206053571433
2018-08-09 13:30:00,72.43,74.93973624999998
2018-08-09 13:45:00,133.06,88.73655386904764
2018-08-09 14:00:00,66.1,84.48692636904764
2018-08-09 14:15:00,42.37,94.98859440476195
2018-08-09 14:30:00,49.18,79.05424089285715
2018-08-09 14:45:00,62.39,54.66172876984128
2018-08-09 15:00:00,44.35,61.7673263888889
2018-08-09 15:15:00,40.0,65.21797767857146
2018-08-09 15:30:00,49.9,46.56021123015873
2018-08-09 15:45:00,67.43,45.81931781746029
2018-08-09 16:00:00,59.8,57.22453553571431
2018-08-09 16:15:00,54.04,69.28908232142857
2018-08-09 16:30:00,46.26,55.59945436507937
2018-08-09 16:45:00,44.96,54.57914976190474
2018-08-09 17:00:00,56.99,48.05145468253968
2018-08-09 17:15:00,44.03,46.88588813492063
2018-08-09 17:30:00,30.53,23.510829761904766
2018-08-09 17:45:00,31.43,24.7280742857143
2018-08-09 18:00:00,51.59,46.71794434523807
2018-08-09 18:15:00,44.6,51.49534103174604
2018-08-09 18:30:00,44.75,56.21306980158728
2018-08-09 18:45:00,49.32,48.24192950396828
2018-08-09 19:00:00,52.78,53.27411730158731
2018-08-09 19:15:00,52.2,52.128281250000015
2018-08-09 19:30:00,49.03,55.19150785714286
2018-08-09 19:45:00,42.73,57.364413914141466
2018-08-09 20:00:00,50.36,48.5859326244589
2018-08-09 20:15:00,49.5,44.575692361111116
2018-08-09 20:30:00,46.55,50.44251482142859
2018-08-09 20:45:00,16.99,19.822003690476194
2018-08-09 21:00:00,10.15,6.959891329365079
2018-08-09 21:15:00,5.98,4.062024047619048
2018-08-09 21:30:00,4.46,3.8261741666666675
2018-08-09 21:45:00,3.89,4.614772678571429
2018-08-09 22:00:00,3.67,3.8904671428571436
2018-08-09 22:15:00,3.49,3.7342504166666632
2018-08-09 22:30:00,3.46,3.672974464285714
2018-08-09 22:45:00,3.24,3.36360357142857
2018-08-09 23:00:00,2.66,3.247503214285713
2018-08-09 23:15:00,2.63,3.1761661507936543
2018-08-09 23:30:00,2.63,2.850333511904762
2018-08-09 23:45:00,2.66,2.7704890476190487
2018-08-10 00:00:00,2.7,2.7359294047619027
2018-08-10 00:15:00,2.66,2.7290589880952383
2018-08-10 00:30:00,2.7,2.777053174603176
2018-08-10 00:45:00,2.66,2.8091735317460325
2018-08-10 01:00:00,2.66,2.8230901984126997
2018-08-10 01:15:00,2.7,2.8757397222222227
2018-08-10 01:30:00,2.74,2.858485297619049
2018-08-10 01:45:00,2.66,2.897893432539683
2018-08-10 02:00:00,2.7,2.9840513492063483
2018-08-10 02:15:00,2.7,2.911156706349207
2018-08-10 02:30:00,3.31,2.894240039682542
2018-08-10 02:45:00,2.88,2.882217956349207
2018-08-10 03:00:00,2.66,2.830795416666669
2018-08-10 03:15:00,2.74,2.7767995436507937
2018-08-10 03:30:00,3.06,2.8694715873015877
2018-08-10 03:45:00,2.56,2.9856011706349186
2018-08-10 04:00:00,2.52,2.836090833333334
2018-08-10 04:15:00,2.63,2.8577548015873027
2018-08-10 04:30:00,2.63,2.811686358225108
2018-08-10 04:45:00,2.59,2.6899551190476187
2018-08-10 05:00:00,2.59,2.664278968253967
2018-08-10 05:15:00,2.56,2.7906586111111107
2018-08-10 05:30:00,2.56,2.7357225
2018-08-10 05:45:00,2.52,2.6427889285714263
2018-08-10 06:00:00,2.52,2.6407149999999997
2018-08-10 06:15:00,2.66,2.646184166666667
2018-08-10 06:30:00,2.66,2.643351428571429
2018-08-10 06:45:00,2.66,2.643548571428572
2018-08-10 07:00:00,2.59,2.7979459325396836
2018-08-10 07:15:00,3.53,3.0828660119047635
2018-08-10 07:30:00,7.31,3.745887777777778
2018-08-10 07:45:00,6.34,4.265575238095238
2018-08-10 08:00:00,37.4,54.2421430952381
2018-08-10 08:15:00,49.9,74.20646593253973
2018-08-10 08:30:00,55.73,68.32833303571428
2018-08-10 08:45:00,47.84,86.60608065476194
2018-08-10 09:00:00,50.65,71.28580178571424
2018-08-10 09:15:00,55.08,62.27937083333333
2018-08-10 09:30:00,51.55,57.60041628968253
2018-08-10 09:45:00,52.09,61.977973690476176
2018-08-10 10:00:00,42.7,61.0029230753968
2018-08-10 10:15:00,44.14,58.31265801587302
2018-08-10 10:30:00,60.37,44.397273412698425
2018-08-10 10:45:00,91.44,46.27277361111114
2018-08-10 11:00:00,69.8,61.9787776190476
2018-08-10 11:15:00,94.32,81.1071472619048
2018-08-10 11:30:00,105.77,71.2260180357143
2018-08-10 11:45:00,113.72,79.43387000000006
2018-08-10 12:00:00,12.31,16.137844841269846
2018-08-10 12:15:00,4.79,6.402263571428573
2018-08-10 12:30:00,4.68,5.679222521645024
2018-08-10 12:45:00,4.61,5.189779642857143
2018-08-10 13:00:00,30.06,50.04066428571427
2018-08-10 13:15:00,123.8,59.36680000000001
2018-08-10 13:30:00,105.7,61.848363452380994
2018-08-10 13:45:00,94.93,89.43726821428567
2018-08-10 14:00:00,115.45,95.87356547619046
2018-08-10 14:15:00,86.47,92.93524835317469
2018-08-10 14:30:00,91.84,97.215775297619
2018-08-10 14:45:00,89.35,97.68053638888892
2018-08-10 15:00:00,90.18,86.14515982142859
2018-08-10 15:15:00,106.67,86.27339184523808
2018-08-10 15:30:00,131.0,86.54807339285716
2018-08-10 15:45:00,107.46,90.68638551587306
2018-08-10 16:00:00,103.46,97.01128093253973
2018-08-10 16:15:00,100.22,98.17437577380953
2018-08-10 16:30:00,118.04,96.96516363095236
2018-08-10 16:45:00,55.66,92.90802726190478
2018-08-10 17:00:00,83.27,95.77436793650799
2018-08-10 17:15:00,99.83,64.41663702380951
2018-08-10 17:30:00,30.71,62.38912523809523
2018-08-10 17:45:00,29.81,52.90820255952381
2018-08-10 18:00:00,63.79,67.18540319444446
2018-08-10 18:15:00,79.96,55.794582301587276
2018-08-10 18:30:00,98.75,60.397919285714295
2018-08-10 18:45:00,86.9,77.7187658333333
2018-08-10 19:00:00,110.84,81.56066785714286
2018-08-10 19:15:00,73.55,86.33131875000001
2018-08-10 19:30:00,112.61,87.2007392261905
2018-08-10 19:45:00,91.8,83.87247650793657
2018-08-10 20:00:00,100.33,90.07941172619044
2018-08-10 20:15:00,84.46,88.17006575396826
2018-08-10 20:30:00,102.46,83.8294722619048
2018-08-10 20:45:00,64.8,33.30953833333333
2018-08-10 21:00:00,4.46,17.946087698412704
2018-08-10 21:15:00,4.25,19.370558769841267
2018-08-10 21:30:00,3.74,3.9614802380952385
2018-08-10 21:45:00,3.78,4.0124697619047645
2018-08-10 22:00:00,3.56,3.8104373809523815
2018-08-10 22:15:00,3.28,3.691474047619049
2018-08-10 22:30:00,3.24,3.5100739285714297
2018-08-10 22:45:00,2.74,3.2184979365079376
2018-08-10 23:00:00,2.7,3.0876088347763373
2018-08-10 23:15:00,2.7,2.8765573214285713
2018-08-10 23:30:00,2.66,2.758335238095238
2018-08-10 23:45:00,2.7,2.7660088690476186
2018-08-11 00:00:00,2.66,2.7633025000000004
2018-08-11 00:15:00,2.81,2.8471413690476197
2018-08-11 00:30:00,2.74,2.8328697023809526
2018-08-11 00:45:00,2.7,2.988106547619048
2018-08-11 01:00:00,2.74,2.8547494047619053
2018-08-11 01:15:00,2.77,2.865259702380954
2018-08-11 01:30:00,3.35,2.9193519444444433
2018-08-11 01:45:00,2.92,2.9929500595238103
2018-08-11 02:00:00,2.74,3.053641309523812
2018-08-11 02:15:00,2.7,2.97878119047619
2018-08-11 02:30:00,2.66,2.9755076587301583
2018-08-11 02:45:00,2.66,2.875683571428573
2018-08-11 03:00:00,3.28,2.834378194444444
2018-08-11 03:15:00,2.99,2.847467539682541
2018-08-11 03:30:00,2.77,2.746368035714288
2018-08-11 03:45:00,2.77,2.7783539880952395
2018-08-11 04:00:00,2.77,3.0496944642857153
2018-08-11 04:15:00,2.77,3.0087627380952373
2018-08-11 04:30:00,2.81,3.1387719841269845
2018-08-11 04:45:00,2.74,3.1109517857142857
2018-08-11 05:00:00,2.81,3.151003809523809
2018-08-11 05:15:00,2.74,3.0281921825396823
2018-08-11 05:30:00,2.74,3.1407047023809547
2018-08-11 05:45:00,2.74,3.018288432539683
2018-08-11 06:00:00,2.74,3.084804325396826
2018-08-11 06:15:00,2.74,3.0238820634920645
2018-08-11 06:30:00,2.84,3.0518694444444447
2018-08-11 06:45:00,2.7,2.9992919444444452
2018-08-11 07:00:00,2.7,2.94615779761905
2018-08-11 07:15:00,3.28,3.1149977380952363
2018-08-11 07:30:00,4.25,4.365043214285714
2018-08-11 07:45:00,5.44,4.920447976190478
2018-08-11 08:00:00,68.94,44.85693821428572
2018-08-11 08:15:00,111.38,50.7273475396826
2018-08-11 08:30:00,77.72,94.72443714285708
2018-08-11 08:45:00,109.84,85.6399034523809
2018-08-11 09:00:00,91.19,85.3919137301587
2018-08-11 09:15:00,109.91,82.15823355158732
2018-08-11 09:30:00,87.88,85.43586367063492
2018-08-11 09:45:00,110.59,81.45274871031748
2018-08-11 10:00:00,73.87,86.81194176587306
2018-08-11 10:15:00,78.44,82.6743458928572
2018-08-11 10:30:00,76.25,81.17989420634918
2018-08-11 10:45:00,90.76,74.51660818903324
2018-08-11 11:00:00,94.86,79.08574916125542
2018-08-11 11:15:00,71.71,78.2625249404762
2018-08-11 11:30:00,103.82,83.26632579365076
2018-08-11 11:45:00,56.63,72.7353441666667
2018-08-11 12:00:00,4.0,13.963467063492072
2018-08-11 12:15:00,4.21,5.23024494047619
2018-08-11 12:30:00,3.92,4.565059623015871
2018-08-11 12:45:00,4.21,4.529823214285714
2018-08-11 13:00:00,37.22,50.65651753968254
2018-08-11 13:15:00,83.99,78.58457458333329
2018-08-11 13:30:00,95.65,74.39819049783551
2018-08-11 13:45:00,109.33,62.688565674603154
2018-08-11 14:00:00,89.32,89.77897803571423
2018-08-11 14:15:00,105.59,94.14972625000006
2018-08-11 14:30:00,96.3,90.5819460119047
2018-08-11 14:45:00,103.57,80.49477384920633
2018-08-11 15:00:00,93.56,89.25242238095232
2018-08-11 15:15:00,71.64,81.4887925793651
2018-08-11 15:30:00,72.54,89.00230930555551
2018-08-11 15:45:00,86.9,81.88297533730162
2018-08-11 16:00:00,103.36,76.2829499801587
2018-08-11 16:15:00,81.9,73.43573767316019
2018-08-11 16:30:00,95.83,81.91444833333334
2018-08-11 16:45:00,15.55,76.76783956349213
2018-08-11 17:00:00,5.62,60.547585952380935
2018-08-11 17:15:00,4.0,6.7951160119047636
2018-08-11 17:30:00,3.78,4.76956990079365
2018-08-11 17:45:00,3.2,3.913604761904759
2018-08-11 18:00:00,2.84,3.72803261904762
2018-08-11 18:15:00,2.74,3.2729816071428557
2018-08-11 18:30:00,2.88,3.0689784938672466
2018-08-11 18:45:00,3.06,2.9074709145021664
2018-08-11 19:00:00,3.06,3.0536858730158714
2018-08-11 19:15:00,3.02,3.0548953373015864
2018-08-11 19:30:00,3.02,3.026583253968253
2018-08-11 19:45:00,3.06,3.157559404761904
2018-08-11 20:00:00,3.1,3.2455049999999996
2018-08-11 20:15:00,3.17,3.3260128571428553
2018-08-11 20:30:00,3.1,3.4095889880952335
2018-08-11 20:45:00,3.1,3.382537162698411
2018-08-11 21:00:00,3.1,3.4320007539682518
2018-08-11 21:15:00,3.17,3.502500634920638
2018-08-11 21:30:00,3.17,3.4318311706349216
2018-08-11 21:45:00,3.24,3.3443922023809516
2018-08-11 22:00:00,3.49,3.2705436111111124
2018-08-11 22:15:00,2.88,3.159820952380951
2018-08-11 22:30:00,2.74,3.0917947023809536
2018-08-11 22:45:00,3.17,2.8938117658730147
2018-08-11 23:00:00,3.24,2.8192270238095256
2018-08-11 23:15:00,2.59,2.992120654761907
2018-08-11 23:30:00,2.66,2.898618571428571
2018-08-11 23:45:00,2.7,2.8018573214285696
2018-08-12 00:00:00,2.7,2.7234527380952382
2018-08-12 00:15:00,2.74,2.6836696428571423
2018-08-12 00:30:00,2.74,2.7674490476190474
2018-08-12 00:45:00,2.7,2.7998488095238083
2018-08-12 01:00:00,2.7,2.7762472023809512
2018-08-12 01:15:00,2.7,2.7542520238095243
2018-08-12 01:30:00,2.74,2.780830416666668
2018-08-12 01:45:00,2.81,2.798094880952383
2018-08-12 02:00:00,2.77,2.7976329166666662
2018-08-12 02:15:00,2.77,2.945070476190474
2018-08-12 02:30:00,3.06,2.9326380952380924
2018-08-12 02:45:00,3.06,3.045635059523808
2018-08-12 03:00:00,2.77,2.8889418253968246
2018-08-12 03:15:00,2.77,2.8997405555555553
2018-08-12 03:30:00,2.84,2.99786125
2018-08-12 03:45:00,2.77,2.979628273809522
2018-08-12 04:00:00,2.77,3.024325
2018-08-12 04:15:00,2.77,2.940372916666667
2018-08-12 04:30:00,2.81,2.9592241666666665
2018-08-12 04:45:00,3.28,2.936667440476191
2018-08-12 05:00:00,3.2,2.920024523809523
2018-08-12 05:15:00,2.74,2.7980231547619008
2018-08-12 05:30:00,2.66,2.7920413293650785
2018-08-12 05:45:00,2.74,2.7930335714285714
2018-08-12 06:00:00,2.77,2.7837842857142867
2018-08-12 06:15:00,2.74,2.7577079365079387
2018-08-12 06:30:00,3.17,2.807615138888888
2018-08-12 06:45:00,2.84,2.776595357142859
2018-08-12 07:00:00,2.74,2.927017083333335
2018-08-12 07:15:00,2.7,3.340060178571431
2018-08-12 07:30:00,2.7,3.875943690476191
2018-08-12 07:45:00,2.63,4.758473988095239
2018-08-12 08:00:00,2.59,32.87602964285714
2018-08-12 08:15:00,2.63,51.066129007936524
2018-08-12 08:30:00,2.7,4.953270972222223
2018-08-12 08:45:00,2.95,4.56273333333333
2018-08-12 09:00:00,3.06,3.5231770833333313
2018-08-12 09:15:00,3.02,4.5714509523809514
2018-08-12 09:30:00,3.1,3.4692694642857145
2018-08-12 09:45:00,3.06,4.4047267857142876
2018-08-12 10:00:00,3.06,3.212921547619048
2018-08-12 10:15:00,3.1,3.212408095238094
2018-08-12 10:30:00,3.64,3.2158907142857127
2018-08-12 10:45:00,3.13,3.226203273809524
2018-08-12 11:00:00,3.02,3.672811314935065
2018-08-12 11:15:00,3.24,2.9930739141414153
2018-08-12 11:30:00,2.7,4.333468313492064
2018-08-12 11:45:00,2.77,2.9882793903318894
2018-08-12 12:00:00,2.88,3.0197193452380935
2018-08-12 12:15:00,3.06,3.1278172023809514
2018-08-12 12:30:00,3.06,3.095083809523808
2018-08-12 12:45:00,3.06,3.168992678571428
2018-08-12 13:00:00,3.1,3.219341507936508
2018-08-12 13:15:00,3.06,3.22256642857143
2018-08-12 13:30:00,3.1,3.5269364123376636
2018-08-12 13:45:00,3.02,4.280207321428574
2018-08-12 14:00:00,3.02,3.214727738095239
2018-08-12 14:15:00,2.99,4.260765952380955
2018-08-12 14:30:00,3.06,3.494111785714286
2018-08-12 14:45:00,3.02,4.27174583333333
2018-08-12 15:00:00,3.06,3.541811904761904
2018-08-12 15:15:00,3.1,3.224079166666667
2018-08-12 15:30:00,3.64,3.2317457142857147
2018-08-12 15:45:00,3.06,3.204281731601731
2018-08-12 16:00:00,3.1,4.231723755411259
2018-08-12 16:15:00,2.99,3.0853920183982693
2018-08-12 16:30:00,3.02,3.120534940476191
2018-08-12 16:45:00,3.02,3.1153123214285716
2018-08-12 17:00:00,3.02,3.1188338383838374
2018-08-12 17:15:00,3.56,3.1457966666666657
2018-08-12 17:30:00,3.38,3.1243271428571426
2018-08-12 17:45:00,2.99,3.1330689285714275
2018-08-12 18:00:00,2.77,3.091946884920635
2018-08-12 18:15:00,2.74,3.01325363095238
2018-08-12 18:30:00,2.88,2.9852961525974036
2018-08-12 18:45:00,2.99,2.877319545454546
2018-08-12 19:00:00,3.02,2.9314508928571446
2018-08-12 19:15:00,3.06,2.973092142857141
2018-08-12 19:30:00,3.02,3.068791150793651
2018-08-12 19:45:00,3.06,3.149859047619048
2018-08-12 20:00:00,3.02,3.217418095238094
2018-08-12 20:15:00,3.46,3.23167107142857
2018-08-12 20:30:00,3.28,3.1942185714285705
2018-08-12 20:45:00,3.13,3.098649036796536
2018-08-12 21:00:00,3.13,3.138849603174604
2018-08-12 21:15:00,3.13,3.266200515873014
2018-08-12 21:30:00,3.13,3.207599742063491
2018-08-12 21:45:00,3.13,3.2419511904761915
2018-08-12 22:00:00,2.99,3.2464176785714276
2018-08-12 22:15:00,2.7,3.112066011904764
2018-08-12 22:30:00,2.92,2.9452539484126983
2018-08-12 22:45:00,3.28,2.8110391666666676
2018-08-12 23:00:00,2.88,3.0815645238095244
2018-08-12 23:15:00,2.66,2.925159345238096
2018-08-12 23:30:00,2.74,2.962550714285713
2018-08-12 23:45:00,2.74,2.8779505952380955
2018-08-13 00:00:00,2.77,2.8881078571428564
2018-08-13 00:15:00,2.81,2.8461635714285736
2018-08-13 00:30:00,3.28,2.942744285714286
2018-08-13 00:45:00,2.74,2.9317013095238083
2018-08-13 01:00:00,2.77,2.965947202380954
2018-08-13 01:15:00,2.77,2.8798163690476186
2018-08-13 01:30:00,2.81,2.9726033946608936
2018-08-13 01:45:00,2.77,2.954839347041844
2018-08-13 02:00:00,2.77,2.9738815494227993
2018-08-13 02:15:00,2.81,3.0092248809523796
2018-08-13 02:30:00,2.84,2.9408203174603162
2018-08-13 02:45:00,2.77,2.948341589105337
2018-08-13 03:00:00,2.7,3.0586056944444415
2018-08-13 03:15:00,2.74,3.0609092279942276
2018-08-13 03:30:00,2.7,2.8629857738095255
2018-08-13 03:45:00,2.74,2.8960507142857153
2018-08-13 04:00:00,2.74,2.873578214285716
2018-08-13 04:15:00,2.81,2.8304712500000027
2018-08-13 04:30:00,3.74,2.8521442658730165
2018-08-13 04:45:00,3.74,2.8976502398989896
2018-08-13 05:00:00,2.74,2.909133392857143
2018-08-13 05:15:00,2.7,2.9480052976190474
2018-08-13 05:30:00,2.7,2.889899761904762
2018-08-13 05:45:00,2.66,2.858931785714285
2018-08-13 06:00:00,2.66,2.773874523809522
2018-08-13 06:15:00,2.63,2.753088452380951
2018-08-13 06:30:00,2.74,2.805137857142859
2018-08-13 06:45:00,2.7,2.7576512500000003
2018-08-13 07:00:00,2.7,2.8480650396825395
2018-08-13 07:15:00,3.53,3.459710595238095
2018-08-13 07:30:00,4.03,4.4658933730158745
2018-08-13 07:45:00,3.85,4.584720456349207
2018-08-13 08:00:00,26.64,29.142371071428553
2018-08-13 08:15:00,92.23,53.727935694444476
2018-08-13 08:30:00,82.08,62.55338438492063
2018-08-13 08:45:00,119.92,90.470267202381
2018-08-13 09:00:00,92.34,85.79513726190473
2018-08-13 09:15:00,110.2,85.65936875000001
2018-08-13 09:30:00,89.78,87.69559874999997
2018-08-13 09:45:00,106.34,91.13344422619048
2018-08-13 10:00:00,84.31,91.48446255952376
2018-08-13 10:15:00,104.62,91.22905898809523
2018-08-13 10:30:00,81.94,85.4451251190476
2018-08-13 10:45:00,100.66,89.4380192857143
2018-08-13 11:00:00,101.99,86.10021533730152
2018-08-13 11:15:00,81.54,84.99264488095237
2018-08-13 11:30:00,100.94,92.66460474206347
2018-08-13 11:45:00,96.55,92.42870773809524
2018-08-13 12:00:00,28.87,10.580434226190471
2018-08-13 12:15:00,24.01,6.2658639285714255
2018-08-13 12:30:00,4.97,12.407566607142856
2018-08-13 12:45:00,4.97,11.860448035714294
2018-08-13 13:00:00,60.48,71.9449067857143
2018-08-13 13:15:00,90.07,90.1444622420634
2018-08-13 13:30:00,107.6,88.35414242063489
2018-08-13 13:45:00,111.46,88.2619023214286
2018-08-13 14:00:00,105.19,89.0545168055556
2018-08-13 14:15:00,85.75,100.40712250000003
2018-08-13 14:30:00,109.19,95.47634690476194
2018-08-13 14:45:00,93.6,78.28889746031747
2018-08-13 15:00:00,57.56,87.63521160714285
2018-08-13 15:15:00,57.64,91.8593607738095
2018-08-13 15:30:00,75.64,80.64582400793648
2018-08-13 15:45:00,76.1,66.88284831349202
2018-08-13 16:00:00,91.98,69.57949863095237
2018-08-13 16:15:00,85.18,76.3385142857143
2018-08-13 16:30:00,102.64,77.28247017857139
2018-08-13 16:45:00,110.05,79.12181603174602
2018-08-13 17:00:00,95.36,81.13791017857143
2018-08-13 17:15:00,101.2,93.35771800865801
2018-08-13 17:30:00,35.21,45.0201144047619
2018-08-13 17:45:00,32.11,41.05437347222224
2018-08-13 18:00:00,68.29,63.841614226190465
2018-08-13 18:15:00,86.9,79.79829527777777
2018-08-13 18:30:00,103.1,84.83557654761906
2018-08-13 18:45:00,70.13,84.0876346428571
2018-08-13 19:00:00,103.68,78.01271551587301
2018-08-13 19:15:00,88.74,82.02988440476189
2018-08-13 19:30:00,104.4,81.21967545634926
2018-08-13 19:45:00,83.63,90.73282291666659
2018-08-13 20:00:00,99.68,85.03044220238097
2018-08-13 20:15:00,91.98,92.57639738095234
2018-08-13 20:30:00,105.37,83.51852500000003
2018-08-13 20:45:00,68.29,68.78305940476189
2018-08-13 21:00:00,6.05,23.043149404761916
2018-08-13 21:15:00,4.61,17.672994503968244
2018-08-13 21:30:00,4.43,4.408634166666667
2018-08-13 21:45:00,4.1,4.5241877777777795
2018-08-13 22:00:00,3.89,3.901454583333333
2018-08-13 22:15:00,3.6,3.7911235119047615
2018-08-13 22:30:00,3.67,3.739895119047621
2018-08-13 22:45:00,3.67,3.8002969047619053
2018-08-13 23:00:00,3.64,3.7376798809523812
2018-08-13 23:15:00,2.99,3.676226666666667
2018-08-13 23:30:00,2.84,3.5893247619047615
2018-08-13 23:45:00,2.84,2.942619464285714
2018-08-14 00:00:00,2.84,2.96975238095238
2018-08-14 00:15:00,3.06,3.0315358333333338
2018-08-14 00:30:00,3.46,3.19196003968254
2018-08-14 00:45:00,2.81,3.0251556547619054
2018-08-14 01:00:00,2.84,2.893604047619047
2018-08-14 01:15:00,2.92,2.902897321428571
2018-08-14 01:30:00,2.84,2.936186944444442
2018-08-14 01:45:00,2.84,2.9879670238095226
2018-08-14 02:00:00,3.13,2.958284285714285
2018-08-14 02:15:00,3.02,2.9586295238095226
2018-08-14 02:30:00,3.06,2.9678724999999986
2018-08-14 02:45:00,3.02,2.9797311904761905
2018-08-14 03:00:00,3.02,3.0252077182539687
2018-08-14 03:15:00,3.06,3.124971944444444
2018-08-14 03:30:00,3.31,3.1855734920634915
2018-08-14 03:45:00,3.56,3.1916272619047623
2018-08-14 04:00:00,2.92,3.1958495436507905
2018-08-14 04:15:00,2.92,3.153773591269841
2018-08-14 04:30:00,2.88,2.969364285714286
2018-08-14 04:45:00,2.92,3.0539649603174603
2018-08-14 05:00:00,2.92,2.966807499999998
2018-08-14 05:15:00,2.92,3.067220138888888
2018-08-14 05:30:00,2.88,3.0345516666666645
2018-08-14 05:45:00,2.88,3.0708648214285703
2018-08-14 06:00:00,2.92,3.060120099206348
2018-08-14 06:15:00,3.46,3.063247440476188
2018-08-14 06:30:00,2.84,3.0090577380952364
2018-08-14 06:45:00,2.81,2.9785394642857144
2018-08-14 07:00:00,2.81,2.991066706349207
2018-08-14 07:15:00,3.35,3.462530766594514
2018-08-14 07:30:00,3.92,4.531422023809525
2018-08-14 07:45:00,3.67,6.308502797619044
2018-08-14 08:00:00,22.32,49.28413157106782
2018-08-14 08:15:00,101.63,63.492598273809534
2018-08-14 08:30:00,93.49,53.92342869047619
2018-08-14 08:45:00,69.41,94.09570238095239
2018-08-14 09:00:00,96.66,88.09473799783551
2018-08-14 09:15:00,82.69,90.86724974206349
2018-08-14 09:30:00,76.28,81.03166966269842
2018-08-14 09:45:00,97.49,91.86764767857142
2018-08-14 10:00:00,105.88,75.34057367063491
2018-08-14 10:15:00,91.8,83.28592952380951
2018-08-14 10:30:00,106.49,92.78868083333332
2018-08-14 10:45:00,57.28,83.40149535714289
2018-08-14 11:00:00,63.79,82.97018033730157
2018-08-14 11:15:00,72.68,83.43826072871569
2018-08-14 11:30:00,53.21,69.39488023809523
2018-08-14 11:45:00,72.86,72.63973908730159
2018-08-14 12:00:00,15.23,14.23831136904761
2018-08-14 12:15:00,5.87,14.241225773809525
2018-08-14 12:30:00,5.87,5.547445357142852
2018-08-14 12:45:00,5.76,5.8182542658730165
2018-08-14 13:00:00,52.99,49.513677083333334
2018-08-14 13:15:00,63.25,76.15732071428572
2018-08-14 13:30:00,71.42,76.78297208333333
2018-08-14 13:45:00,66.1,69.82454263888886
2018-08-14 14:00:00,74.48,70.75230428571427
2018-08-14 14:15:00,96.12,69.0749986309524
2018-08-14 14:30:00,81.22,67.84901024711398
2018-08-14 14:45:00,96.7,88.62064452380955
2018-08-14 15:00:00,95.08,84.48437404761906
2018-08-14 15:15:00,75.92,83.32724369047621
2018-08-14 15:30:00,89.78,91.61894867063495
2018-08-14 15:45:00,93.64,85.91309867063487
2018-08-14 16:00:00,83.59,85.76659942460317
2018-08-14 16:15:00,88.09,83.72865996031749
2018-08-14 16:30:00,105.26,84.35751559523807
2018-08-14 16:45:00,86.0,83.91591154761903
2018-08-14 17:00:00,105.48,86.96039583333334
2018-08-14 17:15:00,70.99,84.84118617784989
2018-08-14 17:30:00,29.92,40.170978611111074
2018-08-14 17:45:00,29.99,35.886350793650784
2018-08-14 18:00:00,67.5,55.22644690476191
2018-08-14 18:15:00,106.45,81.6708437698413
2018-08-14 18:30:00,85.03,85.43980791666665
2018-08-14 18:45:00,108.36,87.23157154761908
2018-08-14 19:00:00,75.89,91.43803815476184
2018-08-14 19:15:00,95.94,89.66338958333336
2018-08-14 19:30:00,82.62,85.62309412698406
2018-08-14 19:45:00,89.5,85.3707016666667
2018-08-14 20:00:00,95.44,87.78382797619041
2018-08-14 20:15:00,81.61,77.40065632936509
2018-08-14 20:30:00,119.34,81.06283498015877
2018-08-14 20:45:00,37.73,56.67549285714287
2018-08-14 21:00:00,28.4,31.33314636904762
2018-08-14 21:15:00,4.0,19.024324920634914
2018-08-14 21:30:00,3.89,14.773666210317453
2018-08-14 21:45:00,3.85,4.08900222943723
2018-08-14 22:00:00,3.42,3.759517916666668
2018-08-14 22:15:00,2.77,3.639731289682538
2018-08-14 22:30:00,2.77,3.41254476190476
2018-08-14 22:45:00,2.77,2.876325317460318
2018-08-14 23:00:00,2.74,2.9884104166666696
2018-08-14 23:15:00,2.74,2.877395595238097
2018-08-14 23:30:00,2.74,2.853294226190476
2018-08-14 23:45:00,2.74,2.879925714285714
2018-08-15 00:00:00,2.74,2.880234583333332
2018-08-15 00:15:00,2.74,2.8854470238095247
2018-08-15 00:30:00,2.59,2.9047207142857148
2018-08-15 00:45:00,2.63,2.909024801587301
2018-08-15 01:00:00,2.59,2.845903392857147
2018-08-15 01:15:00,2.63,2.81611047619048
2018-08-15 01:30:00,2.63,2.756894484126986
2018-08-15 01:45:00,2.59,2.7571452976190476
2018-08-15 02:00:00,2.95,2.7301617658730173
2018-08-15 02:15:00,3.13,2.8066092063492056
2018-08-15 02:30:00,3.2,2.8732433333333343
2018-08-15 02:45:00,2.81,2.796850059523808
2018-08-15 03:00:00,2.59,2.9141037698412675
2018-08-15 03:15:00,2.59,3.1255230555555555
2018-08-15 03:30:00,2.63,2.8544378373015875
2018-08-15 03:45:00,2.7,2.747503928571428
2018-08-15 04:00:00,2.74,2.6906638690476194
2018-08-15 04:15:00,2.66,2.7227130753968254
2018-08-15 04:30:00,2.59,2.9647825396825387
2018-08-15 04:45:00,2.63,2.9152903860028876
2018-08-15 05:00:00,2.63,2.940941933621933
2018-08-15 05:15:00,2.63,2.8448930952380955
2018-08-15 05:30:00,2.66,2.724410813492064
2018-08-15 05:45:00,2.59,2.8391797420634917
2018-08-15 06:00:00,2.59,2.8746974206349205
2018-08-15 06:15:00,2.99,2.870583611111111
2018-08-15 06:30:00,3.06,2.826413571428573
2018-08-15 06:45:00,2.59,2.967176170634921
2018-08-15 07:00:00,2.66,2.8244290674603167
2018-08-15 07:15:00,3.1,3.404137380952379
2018-08-15 07:30:00,3.64,5.732418988095239
2018-08-15 07:45:00,5.8,6.25600422077922
2018-08-15 08:00:00,33.73,48.99249353174603
2018-08-15 08:15:00,46.76,80.23454172619044
2018-08-15 08:30:00,56.99,73.90435996031749
2018-08-15 08:45:00,62.42,61.85915498015873
2018-08-15 09:00:00,57.46,67.23463902777777
2018-08-15 09:15:00,81.11,66.4971530952381
2018-08-15 09:30:00,101.02,62.708374384920624
2018-08-15 09:45:00,82.3,69.77570250000002
2018-08-15 10:00:00,100.69,86.25553305555555
2018-08-15 10:15:00,112.68,79.49584611111112
2018-08-15 10:30:00,99.97,84.48763200396826
2018-08-15 10:45:00,111.17,91.957338015873
2018-08-15 11:00:00,83.34,90.88986543650798
2018-08-15 11:15:00,113.98,85.07401349206356
2018-08-15 11:30:00,69.7,89.74198265873018
2018-08-15 11:45:00,70.45,88.91148680555553
2018-08-15 12:00:00,6.91,15.611507440476203
2018-08-15 12:15:00,7.81,5.518868273809527
2018-08-15 12:30:00,7.02,5.370013730158731
2018-08-15 12:45:00,7.13,7.863252797619044
2018-08-15 13:00:00,46.12,58.68196307539682
2018-08-15 13:15:00,107.35,68.30129601190477
2018-08-15 13:30:00,67.68,89.26339071428565
2018-08-15 13:45:00,103.32,89.88463603174597
2018-08-15 14:00:00,108.68,81.6791182936508
2018-08-15 14:15:00,66.35,84.08323095238093
2018-08-15 14:30:00,99.76,99.33613912698405
2018-08-15 14:45:00,92.27,95.23947208333335
2018-08-15 15:00:00,72.32,90.99434666666663
2018-08-15 15:15:00,49.61,91.65894250000005
2018-08-15 15:30:00,78.05,85.57036964285712
2018-08-15 15:45:00,99.68,69.01401779761905
2018-08-15 16:00:00,99.0,72.78742511904764
2018-08-15 16:15:00,78.19,87.97017494047617
2018-08-15 16:30:00,71.42,85.16579442460325
2018-08-15 16:45:00,18.86,83.75595753246755
2018-08-15 17:00:00,5.4,79.57044664682539
2018-08-15 17:15:00,3.96,7.968326468253972
2018-08-15 17:30:00,3.85,5.007071502525252
2018-08-15 17:45:00,3.38,4.009813095238091
2018-08-15 18:00:00,2.99,4.06498089285714
2018-08-15 18:15:00,2.81,3.654745
2018-08-15 18:30:00,2.99,3.4862180952380912
2018-08-15 18:45:00,3.2,3.468403214285715
2018-08-15 19:00:00,3.17,3.4889907142857135
2018-08-15 19:15:00,3.1,3.5783564285714315
2018-08-15 19:30:00,3.13,3.4193985714285713
2018-08-15 19:45:00,3.13,3.486457261904763
2018-08-15 20:00:00,3.17,3.4374014880952393
2018-08-15 20:15:00,3.28,3.3117213095238105
2018-08-15 20:30:00,3.13,3.362050952380954
2018-08-15 20:45:00,3.2,3.4629951190476196
2018-08-15 21:00:00,3.2,3.442138214285717
2018-08-15 21:15:00,3.28,3.5971043849206326
2018-08-15 21:30:00,3.24,3.4049333333333323
2018-08-15 21:45:00,3.28,3.412969642857145
2018-08-15 22:00:00,3.56,3.3302298214285715
2018-08-15 22:15:00,3.1,3.1853065873015884
2018-08-15 22:30:00,2.81,3.098632043650795
2018-08-15 22:45:00,2.84,3.094998075396824
2018-08-15 23:00:00,3.38,2.8485366666666647
2018-08-15 23:15:00,3.1,2.8766671428571406
2018-08-15 23:30:00,2.81,2.927488214285713
2018-08-15 23:45:00,2.81,2.943723531746032
2018-08-16 00:00:00,2.84,2.8467885714285717
2018-08-16 00:15:00,2.81,2.8703175
2018-08-16 00:30:00,2.7,2.9142341666666653
2018-08-16 00:45:00,2.66,2.8535200793650777
2018-08-16 01:00:00,2.74,2.9438920238095263
2018-08-16 01:15:00,2.7,2.8405963095238094
2018-08-16 01:30:00,2.7,2.848243373015872
2018-08-16 01:45:00,2.63,2.903788214285716
2018-08-16 02:00:00,2.66,2.741570535714287
2018-08-16 02:15:00,2.66,2.806071190476193
2018-08-16 02:30:00,2.95,2.74628517857143
2018-08-16 02:45:00,3.31,2.7342042857142865
2018-08-16 03:00:00,2.74,2.874791845238095
2018-08-16 03:15:00,2.74,2.8837905952380964
2018-08-16 03:30:00,2.66,2.875479523809523
2018-08-16 03:45:00,2.74,2.864216904761905
2018-08-16 04:00:00,2.66,2.7590049999999993
2018-08-16 04:15:00,2.81,2.8448075000000013
2018-08-16 04:30:00,2.7,2.8784085119047624
2018-08-16 04:45:00,2.81,2.929803333333334
2018-08-16 05:00:00,3.31,2.7824401190476187
2018-08-16 05:15:00,2.81,2.979910476190477
2018-08-16 05:30:00,2.77,2.8319867261904763
2018-08-16 05:45:00,2.7,2.973776964285711
2018-08-16 06:00:00,2.74,2.9060882142857127
2018-08-16 06:15:00,2.7,2.792995119047618
2018-08-16 06:30:00,2.74,2.8225949206349226
2018-08-16 06:45:00,2.7,2.9108104761904747
2018-08-16 07:00:00,2.63,2.8241631547619046
2018-08-16 07:15:00,3.49,3.1597586904761896
2018-08-16 07:30:00,4.1,3.9399950000000015
2018-08-16 07:45:00,5.18,5.201175555555558
2018-08-16 08:00:00,69.08,50.6653698015873
2018-08-16 08:15:00,78.05,58.73184070887447
2018-08-16 08:30:00,89.89,89.0919300595238
2018-08-16 08:45:00,111.89,96.44776262626259
2018-08-16 09:00:00,80.03,77.9408025595238
2018-08-16 09:15:00,98.53,85.8912194246032
2018-08-16 09:30:00,116.6,83.75795785714287
2018-08-16 09:45:00,80.21,83.18157363095236
2018-08-16 10:00:00,103.03,99.55339160714287
2018-08-16 10:15:00,105.62,87.50708704004327
2018-08-16 10:30:00,70.27,81.53779089285712
2018-08-16 10:45:00,40.0,93.87261869047619
2018-08-16 11:00:00,58.03,92.89243700396823
2018-08-16 11:15:00,53.75,50.13627105158729
2018-08-16 11:30:00,47.16,63.980792857142845
2018-08-16 11:45:00,36.97,62.578378816738805
2018-08-16 12:00:00,4.93,10.958870907287155
2018-08-16 12:15:00,4.64,8.434030595238086
2018-08-16 12:30:00,4.64,5.106393650793648
2018-08-16 12:45:00,4.61,4.850514087301585
2018-08-16 13:00:00,32.51,44.440955099206356
2018-08-16 13:15:00,108.68,65.1896926785714
2018-08-16 13:30:00,100.51,57.969465833333345
2018-08-16 13:45:00,57.89,92.53550601190469
2018-08-16 14:00:00,51.44,99.02941803571431
2018-08-16 14:15:00,46.33,64.80237875000003
2018-08-16 14:30:00,43.85,63.538075119047626
2018-08-16 14:45:00,44.14,55.28606085497838
2018-08-16 15:00:00,65.41,51.3441815079365
2018-08-16 15:15:00,45.18,43.32761434523809
2018-08-16 15:30:00,55.84,61.93729428571426
2018-08-16 15:45:00,44.32,52.59813547619047
2018-08-16 16:00:00,41.4,52.78155501984128
2018-08-16 16:15:00,45.47,47.69679547619048
2018-08-16 16:30:00,53.14,47.85468535714289
2018-08-16 16:45:00,43.31,47.92525882034633
2018-08-16 17:00:00,55.22,53.04543884920635
2018-08-16 17:15:00,57.42,43.126046428571414
2018-08-16 17:30:00,27.79,32.89578521825397
2018-08-16 17:45:00,28.08,32.78181601190477
2018-08-16 18:00:00,33.16,34.34495505952382
2018-08-16 18:15:00,48.89,37.65839642857141
2018-08-16 18:30:00,50.8,48.114895932539696
2018-08-16 18:45:00,58.68,56.02867660714285
2018-08-16 19:00:00,43.56,50.26805606074479
2018-08-16 19:15:00,60.37,56.50445744047619
2018-08-16 19:30:00,39.56,50.497479821428534
2018-08-16 19:45:00,47.45,49.74457083333337
2018-08-16 20:00:00,54.61,45.968533214285706
2018-08-16 20:15:00,48.67,55.75143418650789
2018-08-16 20:30:00,37.55,45.45326845238095
2018-08-16 20:45:00,13.36,30.55594645604395
2018-08-16 21:00:00,5.15,12.017160992063484
2018-08-16 21:15:00,3.85,4.203662619047621
2018-08-16 21:30:00,3.64,4.182971190476192
2018-08-16 21:45:00,3.6,3.753883650793651
2018-08-16 22:00:00,3.6,3.665874761904758
2018-08-16 22:15:00,3.49,3.529057837301588
2018-08-16 22:30:00,3.49,3.4632845238095236
2018-08-16 22:45:00,3.31,3.440887976190477
2018-08-16 23:00:00,3.13,3.3157696825396825
2018-08-16 23:15:00,2.74,3.2242269047619074
2018-08-16 23:30:00,2.74,3.135570714285714
2018-08-16 23:45:00,2.77,2.8083094642857134
2018-08-17 00:00:00,2.77,2.7787959523809524
2018-08-17 00:15:00,2.84,2.8565124603174596
2018-08-17 00:30:00,2.81,2.852823809523807
2018-08-17 00:45:00,2.77,2.872133571428569
2018-08-17 01:00:00,2.81,2.842592072510821
2018-08-17 01:15:00,2.77,2.843565119047617
2018-08-17 01:30:00,2.77,2.8602082142857146
2018-08-17 01:45:00,2.74,2.857821428571428
2018-08-17 02:00:00,2.77,2.852744523809524
2018-08-17 02:15:00,2.74,2.8744834523809546
2018-08-17 02:30:00,2.77,2.932417857142858
2018-08-17 02:45:00,3.28,2.9075178968253965
2018-08-17 03:00:00,3.06,2.8657905158730133
2018-08-17 03:15:00,2.77,2.914385357142857
2018-08-17 03:30:00,2.77,2.806157321428571
2018-08-17 03:45:00,2.77,2.869425714285715
2018-08-17 04:00:00,2.99,2.8958348214285703
2018-08-17 04:15:00,3.46,2.9047107936507928
2018-08-17 04:30:00,3.24,2.867056011904761
2018-08-17 04:45:00,2.77,2.8202376785714267
2018-08-17 05:00:00,2.81,2.8586625396825385
2018-08-17 05:15:00,2.81,2.8304301515151495
2018-08-17 05:30:00,2.77,2.8213683333333317
2018-08-17 05:45:00,2.74,2.8426379365079324
2018-08-17 06:00:00,2.81,2.8528673809523815
2018-08-17 06:15:00,2.77,2.843035992063492
2018-08-17 06:30:00,2.77,2.9225230952380947
2018-08-17 06:45:00,2.7,2.9441450000000002
2018-08-17 07:00:00,3.28,3.061603214285713
2018-08-17 07:15:00,2.99,3.180990833333335
2018-08-17 07:30:00,3.1,4.466305773809524
2018-08-17 07:45:00,3.17,4.240502698412699
2018-08-17 08:00:00,33.84,32.19818138888888
2018-08-17 08:15:00,40.72,32.53477970238097
2018-08-17 08:30:00,64.94,59.32167145146523
2018-08-17 08:45:00,50.22,49.398755436507955
2018-08-17 09:00:00,45.86,66.32004505952376
2018-08-17 09:15:00,40.5,56.90128117063493
2018-08-17 09:30:00,45.65,53.40743277777775
2018-08-17 09:45:00,42.12,49.187113690476195
2018-08-17 10:00:00,46.08,46.92720000000003
2018-08-17 10:15:00,42.01,47.60561434523811
2018-08-17 10:30:00,44.53,50.929284220779216
2018-08-17 10:45:00,43.49,49.542948333333314
2018-08-17 11:00:00,41.4,50.393268030303034
2018-08-17 11:15:00,63.0,49.06645218253968
2018-08-17 11:30:00,45.07,47.63943446428574
2018-08-17 11:45:00,36.25,53.80840196428568
2018-08-17 12:00:00,4.07,7.13239371031746
2018-08-17 12:15:00,4.86,5.1636713690476235
2018-08-17 12:30:00,5.26,4.300742976190477
2018-08-17 12:45:00,5.11,4.762452857142858
2018-08-17 13:00:00,28.12,31.8208146338384
2018-08-17 13:15:00,81.14,59.262801369047594
2018-08-17 13:30:00,86.62,57.88348016233765
2018-08-17 13:45:00,91.19,81.41377517857143
2018-08-17 14:00:00,77.65,81.87636930555561
2018-08-17 14:15:00,65.45,81.45094482142856
2018-08-17 14:30:00,91.37,73.57339924603176
2018-08-17 14:45:00,82.01,70.53705045634916
2018-08-17 15:00:00,75.6,73.62597138888886
2018-08-17 15:15:00,71.46,72.0181281547619
2018-08-17 15:30:00,58.61,76.43351136904762
2018-08-17 15:45:00,59.08,78.32424166666665
2018-08-17 16:00:00,89.06,65.95680327380956
2018-08-17 16:15:00,85.14,64.43283172619046
2018-08-17 16:30:00,109.73,72.7842813095238
2018-08-17 16:45:00,118.76,77.69266565476191
2018-08-17 17:00:00,64.3,88.40806718253971
2018-08-17 17:15:00,40.28,95.40493059523814
2018-08-17 17:30:00,30.06,38.15979910714286
2018-08-17 17:45:00,30.6,36.98501444805194
2018-08-17 18:00:00,43.52,64.15204426587303
2018-08-17 18:15:00,51.41,56.74783595238093
2018-08-17 18:30:00,49.03,52.96755773809524
2018-08-17 18:45:00,51.95,59.97056892857144
2018-08-17 19:00:00,67.61,57.649219523809535
2018-08-17 19:15:00,60.62,56.01851648809524
2018-08-17 19:30:00,42.95,59.09598404761904
2018-08-17 19:45:00,41.94,57.27507874999996
2018-08-17 20:00:00,45.86,45.85948232142858
2018-08-17 20:15:00,48.31,47.57950730158732
2018-08-17 20:30:00,92.59,46.79086259920636
2018-08-17 20:45:00,51.26,42.29502547619047
2018-08-17 21:00:00,11.09,55.78282755952384
2018-08-17 21:15:00,4.46,5.7093406944444425
2018-08-17 21:30:00,3.74,4.041836585497837
2018-08-17 21:45:00,3.6,3.940173809523811
2018-08-17 22:00:00,3.49,3.751555357142857
2018-08-17 22:15:00,3.35,3.6086163492063497
2018-08-17 22:30:00,3.28,3.512838214285713
2018-08-17 22:45:00,2.63,3.3043982738095248
2018-08-17 23:00:00,2.63,3.222599945887447
2018-08-17 23:15:00,2.56,2.7625135119047615
2018-08-17 23:30:00,2.63,2.7431611904761906
2018-08-17 23:45:00,3.13,2.6914556547619037
2018-08-18 00:00:00,2.92,2.6971797023809505
2018-08-18 00:15:00,2.59,2.9012055952380957
2018-08-18 00:30:00,2.66,2.7994077976190477
2018-08-18 00:45:00,2.63,2.789364345238095
2018-08-18 01:00:00,2.66,2.7947074007936523
2018-08-18 01:15:00,2.63,2.752667797619049
2018-08-18 01:30:00,2.66,2.790552916666667
2018-08-18 01:45:00,2.7,2.761277976190476
2018-08-18 02:00:00,2.63,2.752769166666667
2018-08-18 02:15:00,2.63,2.7591233333333327
2018-08-18 02:30:00,2.7,2.7461404761904773
2018-08-18 02:45:00,2.95,2.8088751190476207
2018-08-18 03:00:00,2.88,2.865060535714287
2018-08-18 03:15:00,2.52,2.8274598611111124
2018-08-18 03:30:00,2.48,2.9089421031746023
2018-08-18 03:45:00,2.52,2.8203024296536814
2018-08-18 04:00:00,2.59,2.7804409523809523
2018-08-18 04:15:00,2.56,2.6793864285714277
2018-08-18 04:30:00,2.52,2.6926381547619043
2018-08-18 04:45:00,2.52,2.6899637500000004
2018-08-18 05:00:00,2.56,2.7396289880952374
2018-08-18 05:15:00,2.48,2.749668154761905
2018-08-18 05:30:00,2.56,2.794392321428572
2018-08-18 05:45:00,2.88,2.8199489880952386
2018-08-18 06:00:00,2.88,2.8212981547619056
2018-08-18 06:15:00,2.52,2.898041567460317
2018-08-18 06:30:00,2.81,2.885098055555554
2018-08-18 06:45:00,3.06,3.084103194444445
2018-08-18 07:00:00,2.66,3.137188809523808
2018-08-18 07:15:00,2.81,3.1530538888888886
2018-08-18 07:30:00,7.88,4.550987202380955
2018-08-18 07:45:00,26.93,5.470053869047617
2018-08-18 08:00:00,81.43,47.04257016233766
2018-08-18 08:15:00,110.7,71.31805242063493
2018-08-18 08:30:00,73.91,88.6662976190476
2018-08-18 08:45:00,79.92,82.44527767857144
2018-08-18 09:00:00,85.68,85.43973351190476
2018-08-18 09:15:00,75.6,73.63089726190478
2018-08-18 09:30:00,64.26,81.84373690476194
2018-08-18 09:45:00,80.96,68.18282206349205
2018-08-18 10:00:00,109.12,68.65330690476193
2018-08-18 10:15:00,82.98,64.2904695238095
2018-08-18 10:30:00,72.07,85.44273950396826
2018-08-18 10:45:00,115.38,83.95403761904765
2018-08-18 11:00:00,47.09,73.747135952381
2018-08-18 11:15:00,45.79,93.39826640873007
2018-08-18 11:30:00,38.56,61.14213319444446
2018-08-18 11:45:00,26.57,56.085663888888895
2018-08-18 12:00:00,3.67,6.543781024531024
2018-08-18 12:15:00,3.56,7.96346170634921
2018-08-18 12:30:00,4.25,4.244157321428569
2018-08-18 12:45:00,4.32,4.375531726190474
2018-08-18 13:00:00,26.89,47.78199632034632
2018-08-18 13:15:00,44.28,62.83130357142864
2018-08-18 13:30:00,46.55,61.361945779220804
2018-08-18 13:45:00,52.16,54.19751593253964
2018-08-18 14:00:00,48.71,56.174613730158754
2018-08-18 14:15:00,50.87,63.37449035714294
2018-08-18 14:30:00,47.77,57.008608571428596
2018-08-18 14:45:00,43.2,54.69310916666669
2018-08-18 15:00:00,46.08,64.89073331349208
2018-08-18 15:15:00,52.02,46.89092194444444
2018-08-18 15:30:00,67.1,51.55252833333332
2018-08-18 15:45:00,81.5,52.16420301587303
2018-08-18 16:00:00,76.36,61.04970541666664
2018-08-18 16:15:00,89.71,68.59907565476188
2018-08-18 16:30:00,74.38,70.65030287698409
2018-08-18 16:45:00,20.74,64.24866353174602
2018-08-18 17:00:00,7.74,61.841917976190445
2018-08-18 17:15:00,3.82,4.967711845238096
2018-08-18 17:30:00,3.38,5.07235511904762
2018-08-18 17:45:00,3.35,3.7638204761904763
2018-08-18 18:00:00,3.31,3.380702142857142
2018-08-18 18:15:00,3.24,3.419605119047618
2018-08-18 18:30:00,3.38,3.4781274458874476
2018-08-18 18:45:00,3.38,3.5744118506493527
2018-08-18 19:00:00,2.77,3.4101190927128444
2018-08-18 19:15:00,2.74,3.374385183982686
2018-08-18 19:30:00,2.77,2.961187462121214
2018-08-18 19:45:00,2.77,2.826573095238097
2018-08-18 20:00:00,2.84,2.9246033928571427
2018-08-18 20:15:00,2.84,2.917275476190477
2018-08-18 20:30:00,2.81,3.022781626984127
2018-08-18 20:45:00,2.77,2.9542567460317457
2018-08-18 21:00:00,2.81,2.887978214285715
2018-08-18 21:15:00,2.84,2.9339888095238082
2018-08-18 21:30:00,2.92,2.9079414285714273
2018-08-18 21:45:00,3.28,2.850280674603173
2018-08-18 22:00:00,3.13,2.9344234126984112
2018-08-18 22:15:00,2.59,2.8986377777777754
2018-08-18 22:30:00,2.66,2.9120636904761907
2018-08-18 22:45:00,2.63,2.866755992063491
2018-08-18 23:00:00,2.99,2.8111727182539687
2018-08-18 23:15:00,3.1,2.8344936111111094
2018-08-18 23:30:00,2.63,2.83783126984127
2018-08-18 23:45:00,2.56,2.70000357142857
2018-08-19 00:00:00,2.63,2.7968964375901866
2018-08-19 00:15:00,2.59,2.8673264772727247
2018-08-19 00:30:00,2.59,2.7301788690476205
2018-08-19 00:45:00,2.66,2.6661279761904764
2018-08-19 01:00:00,2.59,2.6748714285714277
2018-08-19 01:15:00,2.63,2.640702142857143
2018-08-19 01:30:00,2.59,2.672386547619047
2018-08-19 01:45:00,2.63,2.7102682142857137
2018-08-19 02:00:00,2.74,2.68610130952381
2018-08-19 02:15:00,2.74,2.7450212499999993
2018-08-19 02:30:00,2.66,2.8418851587301583
2018-08-19 02:45:00,3.24,2.9433442261904776
2018-08-19 03:00:00,2.84,2.932142012987011
2018-08-19 03:15:00,2.74,2.8747969047619057
2018-08-19 03:30:00,2.7,2.9666683333333324
2018-08-19 03:45:00,2.7,2.971564166666667
2018-08-19 04:00:00,3.02,2.9503173214285714
2018-08-19 04:15:00,2.99,2.895593333333334
2018-08-19 04:30:00,2.74,2.7582523809523813
2018-08-19 04:45:00,2.7,2.840957242063493
2018-08-19 05:00:00,2.63,2.8866293849206346
2018-08-19 05:15:00,2.63,2.8249042857142848
2018-08-19 05:30:00,2.7,2.831783214285714
2018-08-19 05:45:00,2.63,2.7198054166666674
2018-08-19 06:00:00,2.63,2.724469642857145
2018-08-19 06:15:00,2.63,2.8451795238095245
2018-08-19 06:30:00,2.66,2.7422635714285737
2018-08-19 06:45:00,2.66,2.7307608333333353
2018-08-19 07:00:00,2.66,2.736759047619048
2018-08-19 07:15:00,2.59,2.872808154761905
2018-08-19 07:30:00,2.59,2.944073715728715
2018-08-19 07:45:00,3.06,3.282811453823951
2018-08-19 08:00:00,3.42,20.937543134920634
2018-08-19 08:15:00,2.95,35.7229334722222
2018-08-19 08:30:00,2.63,3.5575086309523827
2018-08-19 08:45:00,2.81,3.159534880952379
2018-08-19 09:00:00,2.84,3.0079772619047613
2018-08-19 09:15:00,2.81,3.0464649458874464
2018-08-19 09:30:00,3.2,3.1324437301587307
2018-08-19 09:45:00,3.56,3.186541071428571
2018-08-19 10:00:00,3.64,4.287384761904761
2018-08-19 10:15:00,3.67,3.140331071428572
2018-08-19 10:30:00,3.6,3.1336438095238095
2018-08-19 10:45:00,4.14,4.195021071428569
2018-08-19 11:00:00,3.78,3.0120977380952376
2018-08-19 11:15:00,3.92,7.594901011904766
2018-08-19 11:30:00,3.92,3.850398869047617
2018-08-19 11:45:00,3.78,4.939291369047618
2018-08-19 12:00:00,3.96,4.291459285714286
2018-08-19 12:15:00,4.03,3.684077738095239
2018-08-19 12:30:00,3.82,5.594279642857145
2018-08-19 12:45:00,4.21,5.662537261904762
2018-08-19 13:00:00,4.32,4.367920595238094
2018-08-19 13:15:00,3.89,9.051974761904773
2018-08-19 13:30:00,4.0,10.099010436507944
2018-08-19 13:45:00,4.14,6.5702067261904755
2018-08-19 14:00:00,3.49,6.397640674603174
2018-08-19 14:15:00,2.84,8.51022865079365
2018-08-19 14:30:00,2.77,5.831349067460317
2018-08-19 14:45:00,2.74,5.262888154761903
2018-08-19 15:00:00,2.77,5.439096845238092
2018-08-19 15:15:00,2.81,4.645575476190474
2018-08-19 15:30:00,2.81,4.374152976190474
2018-08-19 15:45:00,2.77,4.491672936507933
2018-08-19 16:00:00,2.88,4.32915341269841
2018-08-19 16:15:00,3.35,3.678821884920636
2018-08-19 16:30:00,3.17,3.762565972222222
2018-08-19 16:45:00,2.81,3.1246869047619037
2018-08-19 17:00:00,2.74,3.0927366071428573
2018-08-19 17:15:00,2.77,3.0707600216450226
2018-08-19 17:30:00,2.7,2.994038057359309
2018-08-19 17:45:00,2.74,3.0256630573593086
2018-08-19 18:00:00,2.66,2.9422827777777765
2018-08-19 18:15:00,2.63,2.970985259740259
2018-08-19 18:30:00,2.66,2.868326468253968
2018-08-19 18:45:00,2.7,2.8698582539682542
2018-08-19 19:00:00,2.77,2.853049682539683
2018-08-19 19:15:00,2.81,2.872907420634921
2018-08-19 19:30:00,2.74,2.957995735930736
2018-08-19 19:45:00,2.92,2.935715555555555
2018-08-19 20:00:00,3.35,2.890972896825397
2018-08-19 20:15:00,3.24,2.9734559523809514
2018-08-19 20:30:00,3.2,2.946586964285714
2018-08-19 20:45:00,2.84,2.9578902976190453
2018-08-19 21:00:00,2.81,3.0083869047619034
2018-08-19 21:15:00,2.81,2.8693408333333306
2018-08-19 21:30:00,2.88,2.8770828571428546
2018-08-19 21:45:00,2.88,2.903566904761904
2018-08-19 22:00:00,2.74,2.981532817460316
2018-08-19 22:15:00,2.63,3.0147643055555564
2018-08-19 22:30:00,2.66,2.8792991071428573
2018-08-19 22:45:00,2.7,2.8933490873015875
2018-08-19 23:00:00,2.63,2.889778432539684
2018-08-19 23:15:00,2.66,2.878731825396824
2018-08-19 23:30:00,2.63,2.9532926587301604
2018-08-19 23:45:00,2.66,2.956632400793652
2018-08-20 00:00:00,2.66,2.8648809722222226
2018-08-20 00:15:00,2.66,2.944221547619049
2018-08-20 00:30:00,2.95,2.891700912698414
2018-08-20 00:45:00,4.03,2.8733612698412725
2018-08-20 01:00:00,3.06,2.8978302976190475
2018-08-20 01:15:00,2.66,2.853861210317459
2018-08-20 01:30:00,2.7,2.8536876190476197
2018-08-20 01:45:00,2.66,2.8384044642857145
2018-08-20 02:00:00,2.7,2.8532813095238088
2018-08-20 02:15:00,2.7,2.732319999999999
2018-08-20 02:30:00,2.74,2.807353214285714
2018-08-20 02:45:00,2.66,2.7809460714285734
2018-08-20 03:00:00,2.66,2.773360039682542
2018-08-20 03:15:00,2.66,2.7726849891774905
2018-08-20 03:30:00,2.66,2.8273671428571445
2018-08-20 03:45:00,2.7,2.829291746031748
2018-08-20 04:00:00,2.7,2.8131608333333356
2018-08-20 04:15:00,2.63,2.8161263095238116
2018-08-20 04:30:00,2.7,2.8192419047619053
2018-08-20 04:45:00,3.1,2.8007702272727273
2018-08-20 05:00:00,2.99,2.8834508928571436
2018-08-20 05:15:00,2.59,2.8012523809523793
2018-08-20 05:30:00,2.59,2.77905853174603
2018-08-20 05:45:00,2.63,2.8073916468253945
2018-08-20 06:00:00,2.63,2.778122202380951
2018-08-20 06:15:00,2.63,2.6605401785714293
2018-08-20 06:30:00,3.1,2.6722555952380964
2018-08-20 06:45:00,2.95,2.785852083333333
2018-08-20 07:00:00,2.74,2.757898630952379
2018-08-20 07:15:00,3.02,3.7129195238095236
2018-08-20 07:30:00,3.38,4.784674285714288
2018-08-20 07:45:00,4.0,4.59915918109668
2018-08-20 08:00:00,72.9,25.676006011904747
2018-08-20 08:15:00,59.04,53.41484992063492
2018-08-20 08:30:00,107.68,94.0542753769842
2018-08-20 08:45:00,127.66,66.58091380952385
2018-08-20 09:00:00,96.55,87.93596111111115
2018-08-20 09:15:00,60.3,101.19813684523805
2018-08-20 09:30:00,111.31,93.2507553769841
2018-08-20 09:45:00,115.56,69.56348613095237
2018-08-20 10:00:00,105.01,93.14759351190477
2018-08-20 10:15:00,55.98,103.50265630952384
2018-08-20 10:30:00,101.2,95.66064271825405
2018-08-20 10:45:00,133.7,72.25010238095238
2018-08-20 11:00:00,118.12,88.28914315476193
2018-08-20 11:15:00,75.2,103.03606488095234
2018-08-20 11:30:00,54.83,105.10078827380953
2018-08-20 11:45:00,37.48,87.31084428571432
2018-08-20 12:00:00,14.11,9.707604801587305
2018-08-20 12:15:00,5.62,8.521490985958488
2018-08-20 12:30:00,5.47,6.465459940476193
2018-08-20 12:45:00,5.22,5.850172559523802
2018-08-20 13:00:00,44.17,46.38414648809525
2018-08-20 13:15:00,58.75,61.84833583333336
2018-08-20 13:30:00,54.54,63.94375998015873
2018-08-20 13:45:00,48.64,63.3614557539682
2018-08-20 14:00:00,45.32,65.70195295634917
2018-08-20 14:15:00,45.65,68.54818164682538
2018-08-20 14:30:00,55.51,59.06082583333335
2018-08-20 14:45:00,51.3,62.76447108766233
2018-08-20 15:00:00,53.06,71.60215960317458
2018-08-20 15:15:00,65.7,67.51220460317461
2018-08-20 15:30:00,55.01,58.72997728174605
2018-08-20 15:45:00,56.38,59.00641761904757
2018-08-20 16:00:00,62.14,62.767391462842696
2018-08-20 16:15:00,97.42,59.387879821428584
2018-08-20 16:30:00,103.36,60.42662755952376
2018-08-20 16:45:00,101.48,82.91200075396824
2018-08-20 17:00:00,92.41,87.4406224404762
2018-08-20 17:15:00,114.12,85.29992497294371
2018-08-20 17:30:00,34.31,45.63593476190477
2018-08-20 17:45:00,28.94,41.432785000000024
2018-08-20 18:00:00,35.5,58.23859751984128
2018-08-20 18:15:00,47.41,63.79487109126984
2018-08-20 18:30:00,52.96,58.57413089285709
2018-08-20 18:45:00,45.36,64.9619125
2018-08-20 19:00:00,45.72,59.308454583333315
2018-08-20 19:15:00,54.25,55.44165257936505
2018-08-20 19:30:00,46.58,60.94554928571429
2018-08-20 19:45:00,41.18,54.835481374458865
2018-08-20 20:00:00,62.75,55.701394826839824
2018-08-20 20:15:00,49.79,46.542093214285714
2018-08-20 20:30:00,40.86,53.85365946428571
2018-08-20 20:45:00,13.54,47.50332886904766
2018-08-20 21:00:00,6.37,22.490911904761916
2018-08-20 21:15:00,3.74,4.273565236291488
2018-08-20 21:30:00,3.53,4.14476523809524
2018-08-20 21:45:00,3.56,3.771531825396825
2018-08-20 22:00:00,3.38,3.4844745779220774
2018-08-20 22:15:00,3.31,3.5474376731601733
2018-08-20 22:30:00,2.77,3.4556241666666665
2018-08-20 22:45:00,2.63,3.493993055555556
2018-08-20 23:00:00,2.56,2.8395568452380946
2018-08-20 23:15:00,2.59,2.7535097619047626
2018-08-20 23:30:00,2.52,2.7266044642857143
2018-08-20 23:45:00,2.56,2.7096592857142836
2018-08-21 00:00:00,2.52,2.642893035714284
2018-08-21 00:15:00,2.74,2.6450801190476163
2018-08-21 00:30:00,3.2,2.6489358928571414
2018-08-21 00:45:00,2.74,2.6769436904761896
2018-08-21 01:00:00,2.66,3.020219960317462
2018-08-21 01:15:00,2.7,2.9000438095238086
2018-08-21 01:30:00,2.7,2.8715474801587306
2018-08-21 01:45:00,2.74,2.935137896825398
2018-08-21 02:00:00,2.77,2.807147698412697
2018-08-21 02:15:00,3.35,2.979534365079364
2018-08-21 02:30:00,2.88,2.958089444444444
2018-08-21 02:45:00,2.74,2.817920119047618
2018-08-21 03:00:00,2.77,2.8653169047619036
2018-08-21 03:15:00,2.7,2.9547860317460315
2018-08-21 03:30:00,2.74,3.0120719444444433
2018-08-21 03:45:00,2.81,2.844783313492062
2018-08-21 04:00:00,2.7,2.932822658730158
2018-08-21 04:15:00,2.74,2.8943535714285713
2018-08-21 04:30:00,2.81,2.861917063492066
2018-08-21 04:45:00,3.28,2.8998415476190473
2018-08-21 05:00:00,2.77,2.867758174603174
2018-08-21 05:15:00,2.7,2.7906040476190475
2018-08-21 05:30:00,2.74,2.928316488095237
2018-08-21 05:45:00,2.63,2.8709050793650794
2018-08-21 06:00:00,2.63,2.9074244444444446
2018-08-21 06:15:00,2.63,2.8062812896825395
2018-08-21 06:30:00,2.88,2.822221825396826
2018-08-21 06:45:00,2.95,2.775016468253968
2018-08-21 07:00:00,3.24,2.9442743650793637
2018-08-21 07:15:00,2.84,3.272716845238094
2018-08-21 07:30:00,3.17,4.26481767857143
2018-08-21 07:45:00,4.1,4.245924940476191
2018-08-21 08:00:00,67.46,34.02783464285714
2018-08-21 08:15:00,69.77,64.58784940476193
2018-08-21 08:30:00,53.42,89.39710061507937
2018-08-21 08:45:00,49.79,78.89745452380951
2018-08-21 09:00:00,58.43,67.92689946428574
2018-08-21 09:15:00,55.44,66.81986624098123
2018-08-21 09:30:00,56.84,59.46897851190478
2018-08-21 09:45:00,75.78,56.91744494047617
2018-08-21 10:00:00,48.1,56.6544735912698
2018-08-21 10:15:00,48.56,66.71814837301585
2018-08-21 10:30:00,52.81,58.924240337301555
2018-08-21 10:45:00,65.45,59.0954487103175
2018-08-21 11:00:00,60.8,60.51259465367969
2018-08-21 11:15:00,44.21,62.83616650793653
2018-08-21 11:30:00,41.4,57.350384067460325
2018-08-21 11:45:00,33.77,47.12029182539679
2018-08-21 12:00:00,4.14,11.37929779220779
2018-08-21 12:15:00,5.47,5.505344794372295
2018-08-21 12:30:00,5.47,4.5897855952380935
2018-08-21 12:45:00,5.29,6.117912380952383
2018-08-21 13:00:00,39.82,38.37760732142858
2018-08-21 13:15:00,48.02,47.74523892857146
2018-08-21 13:30:00,40.82,59.630105436507954
2018-08-21 13:45:00,39.17,56.85373863095243
2018-08-21 14:00:00,42.91,43.32289418650794
2018-08-21 14:15:00,46.4,47.919956488095266
2018-08-21 14:30:00,52.42,43.90481636904761
2018-08-21 14:45:00,57.64,51.507209047619014
2018-08-21 15:00:00,56.88,55.04408220238095
2018-08-21 15:15:00,51.23,55.712043035714295
2018-08-21 15:30:00,49.86,55.321354523809525
2018-08-21 15:45:00,51.08,57.39845222222223
2018-08-21 16:00:00,50.58,58.45747198412694
2018-08-21 16:15:00,57.64,58.54342422619047
2018-08-21 16:30:00,57.28,58.81566174603172
2018-08-21 16:45:00,50.87,56.783774563492024
2018-08-21 17:00:00,56.48,56.407158313492054
2018-08-21 17:15:00,38.74,55.13163089285717
2018-08-21 17:30:00,30.38,30.006421428571443
2018-08-21 17:45:00,29.02,29.28506857142859
2018-08-21 18:00:00,33.01,47.572490138888895
2018-08-21 18:15:00,54.86,48.304859880952336
2018-08-21 18:30:00,54.76,43.48191551587301
2018-08-21 18:45:00,48.71,58.06633805555554
2018-08-21 19:00:00,56.27,52.71816500000002
2018-08-21 19:15:00,53.93,57.51632700396826
2018-08-21 19:30:00,50.4,52.05342654761901
2018-08-21 19:45:00,55.87,52.066129880952374
2018-08-21 20:00:00,54.9,50.30995246031748
2018-08-21 20:15:00,56.09,48.843477559523826
2018-08-21 20:30:00,57.31,49.17469577380953
2018-08-21 20:45:00,34.06,32.83341362734488
2018-08-21 21:00:00,4.54,11.624305266955265
2018-08-21 21:15:00,3.82,4.984820678210676
2018-08-21 21:30:00,3.49,3.9910343452380936
2018-08-21 21:45:00,3.38,3.771134285714284
2018-08-21 22:00:00,3.64,3.534813566017314
2018-08-21 22:15:00,3.89,3.3545850757575773
2018-08-21 22:30:00,3.24,3.3511679960317453
2018-08-21 22:45:00,2.77,3.3521229761904756
2018-08-21 23:00:00,2.56,3.1217960912698435
2018-08-21 23:15:00,2.59,2.8282779166666656
2018-08-21 23:30:00,2.56,2.8237297619047617
2018-08-21 23:45:00,2.56,2.787846071428567
2018-08-22 00:00:00,2.59,2.7135339880952363
2018-08-22 00:15:00,2.74,2.647649107142856
2018-08-22 00:30:00,2.63,2.6387088690476177
2018-08-22 00:45:00,2.59,2.680905119047617
2018-08-22 01:00:00,2.59,2.7405269642857144
2018-08-22 01:15:00,2.63,2.840678928571428
2018-08-22 01:30:00,2.59,2.7046102976190456
2018-08-22 01:45:00,2.66,2.6619654761904776
2018-08-22 02:00:00,2.63,2.650314880952381
2018-08-22 02:15:00,2.56,2.6849237499999994
2018-08-22 02:30:00,2.59,2.7614644642857145
2018-08-22 02:45:00,2.95,2.9818957142857143
2018-08-22 03:00:00,3.17,2.9809316666666694
2018-08-22 03:15:00,2.95,2.8510610714285725
2018-08-22 03:30:00,3.1,2.7025490674603185
2018-08-22 03:45:00,2.59,2.844353531746032
2018-08-22 04:00:00,2.63,2.9793409126984125
2018-08-22 04:15:00,2.59,2.7750312500000005
2018-08-22 04:30:00,2.56,2.723686845238094
2018-08-22 04:45:00,2.66,2.7255519642857124
2018-08-22 05:00:00,2.63,2.673888214285712
2018-08-22 05:15:00,2.63,2.6467107142857147
2018-08-22 05:30:00,2.63,2.704009464285713
2018-08-22 05:45:00,2.56,2.786938928571429
2018-08-22 06:00:00,2.59,2.8013386309523813
2018-08-22 06:15:00,2.59,2.803907619047621
2018-08-22 06:30:00,2.59,2.765511547619048
2018-08-22 06:45:00,2.52,2.62944869047619
2018-08-22 07:00:00,2.59,2.6381190476190484
2018-08-22 07:15:00,3.46,3.0354521428571433
2018-08-22 07:30:00,3.96,4.324097485569988
2018-08-22 07:45:00,4.03,5.652077579365079
2018-08-22 08:00:00,44.57,38.51928386904762
2018-08-22 08:15:00,48.35,52.389960198412695
2018-08-22 08:30:00,59.04,64.70089523809521
2018-08-22 08:45:00,51.41,59.055985476190436
2018-08-22 09:00:00,48.28,56.95972182539683
2018-08-22 09:15:00,68.33,55.37823309523808
2018-08-22 09:30:00,60.01,56.68139946428573
2018-08-22 09:45:00,61.74,67.15541557539683
2018-08-22 10:00:00,42.05,56.58904023809523
2018-08-22 10:15:00,48.67,57.1655717857143
2018-08-22 10:30:00,60.62,51.29777184523809
2018-08-22 10:45:00,57.82,58.47742755952384
2018-08-22 11:00:00,62.03,57.23066833333334
2018-08-22 11:15:00,59.11,57.63735196428574
2018-08-22 11:30:00,51.44,59.11856577380952
2018-08-22 11:45:00,40.93,57.12320648809525
2018-08-22 12:00:00,4.03,7.360542301587298
2018-08-22 12:15:00,4.36,7.487535059523809
2018-08-22 12:30:00,4.46,4.546060773809522
2018-08-22 12:45:00,4.36,4.9463196031746035
2018-08-22 13:00:00,32.15,34.81718931277056
2018-08-22 13:15:00,55.48,53.84109636904759
2018-08-22 13:30:00,57.24,55.22764646825397
2018-08-22 13:45:00,51.84,61.22629648809523
2018-08-22 14:00:00,68.76,58.349163412698374
2018-08-22 14:15:00,60.73,58.29917107142855
2018-08-22 14:30:00,60.7,59.88371628968256
2018-08-22 14:45:00,46.22,59.24810232142857
2018-08-22 15:00:00,55.66,59.643064047619106
2018-08-22 15:15:00,47.59,52.936721569264044
2018-08-22 15:30:00,61.6,58.565574404761904
2018-08-22 15:45:00,53.28,65.5795730753968
2018-08-22 16:00:00,56.05,53.66944738095238
2018-08-22 16:15:00,58.75,55.63032603174602
2018-08-22 16:30:00,51.48,56.22982277777779
2018-08-22 16:45:00,56.2,41.23833708333334
2018-08-22 17:00:00,45.18,39.42909970238094
2018-08-22 17:15:00,62.17,45.224050238095245
2018-08-22 17:30:00,34.16,33.853768750000015
2018-08-22 17:45:00,15.05,34.595462380952384
2018-08-22 18:00:00,5.4,28.43922017857144
2018-08-22 18:15:00,3.92,21.50702099567099
2018-08-22 18:30:00,3.49,4.375761071428572
2018-08-22 18:45:00,3.38,3.855946190476191
2018-08-22 19:00:00,3.46,3.5087304761904736
2018-08-22 19:15:00,3.42,3.4412956313131287
2018-08-22 19:30:00,2.81,3.4718449567099565
2018-08-22 19:45:00,2.88,3.512629152236654
2018-08-22 20:00:00,2.88,2.8505580357142843
2018-08-22 20:15:00,2.88,2.994965654761903
2018-08-22 20:30:00,2.88,3.0038279761904767
2018-08-22 20:45:00,2.92,3.023496984126983
2018-08-22 21:00:00,2.92,3.0299622817460317
2018-08-22 21:15:00,3.02,3.01871109126984
2018-08-22 21:30:00,2.95,3.033453809523808
2018-08-22 21:45:00,2.95,3.069775873015873
2018-08-22 22:00:00,2.88,3.091554226190479
2018-08-22 22:15:00,2.81,3.1299079166666686
2018-08-22 22:30:00,2.81,3.075380158730161
2018-08-22 22:45:00,2.81,2.907690952380953
2018-08-22 23:00:00,2.81,2.867398809523808
2018-08-22 23:15:00,3.2,2.9920821428571425
2018-08-22 23:30:00,2.99,2.994645476190473
2018-08-22 23:45:00,2.92,2.853031269841267
2018-08-23 00:00:00,3.46,2.8776865476190467
2018-08-23 00:15:00,2.92,3.0219646626984122
2018-08-23 00:30:00,2.99,3.0110622619047613
2018-08-23 00:45:00,2.92,2.9576098214285698
2018-08-23 01:00:00,2.92,2.9821426984126957
2018-08-23 01:15:00,2.92,2.985262857142855
2018-08-23 01:30:00,3.17,3.1152892045454554
2018-08-23 01:45:00,3.02,3.121286666666667
2018-08-23 02:00:00,3.13,3.049924285714287
2018-08-23 02:15:00,3.28,3.000525674603173
2018-08-23 02:30:00,3.2,3.021778974358974
2018-08-23 02:45:00,5.62,3.1110495833333345
2018-08-23 03:00:00,4.46,3.2259347023809526
2018-08-23 03:15:00,4.0,3.8730473809523804
2018-08-23 03:30:00,4.07,3.1694479761904777
2018-08-23 03:45:00,5.0,3.534311071428574
2018-08-23 04:00:00,5.18,3.738716071428572
2018-08-23 04:15:00,3.96,4.044727956349206
2018-08-23 04:30:00,3.64,4.1698472420634936
2018-08-23 04:45:00,3.17,3.6787758928571423
2018-08-23 05:00:00,3.13,3.6200640873015852
2018-08-23 05:15:00,3.17,3.1135560714285706
2018-08-23 05:30:00,3.2,3.18709255952381
2018-08-23 05:45:00,3.13,3.2348745833333328
2018-08-23 06:00:00,3.17,3.2691603571428574
2018-08-23 06:15:00,3.17,3.2559831547619056
2018-08-23 06:30:00,3.13,3.3068860714285693
2018-08-23 06:45:00,3.06,3.257350833333335
2018-08-23 07:00:00,3.06,3.4246468452380965
2018-08-23 07:15:00,3.24,4.086736607142861
2018-08-23 07:30:00,3.78,4.883493988095239
2018-08-23 07:45:00,4.5,5.450183452380957
2018-08-23 08:00:00,41.0,50.745435932539664
2018-08-23 08:15:00,66.06,56.93740297619051
2018-08-23 08:30:00,59.47,63.53782619047621
2018-08-23 08:45:00,57.31,68.9178509523809
2018-08-23 09:00:00,49.54,60.35470095238097
2018-08-23 09:15:00,65.45,61.46278938492059
2018-08-23 09:30:00,52.67,65.4463894047619
2018-08-23 09:45:00,79.13,64.39349446428568
2018-08-23 10:00:00,68.26,59.38614811507936
2018-08-23 10:15:00,59.04,68.06204333333336
2018-08-23 10:30:00,63.9,68.19936892857145
2018-08-23 10:45:00,78.77,60.614040793650794
2018-08-23 11:00:00,71.32,62.14996547619048
2018-08-23 11:15:00,71.68,69.38993128968256
2018-08-23 11:30:00,69.01,68.30341672619048
2018-08-23 11:45:00,62.06,64.61936700396828
2018-08-23 12:00:00,15.3,5.700642539682536
2018-08-23 12:15:00,29.23,5.2704064880952375
2018-08-23 12:30:00,28.44,5.177956468253972
2018-08-23 12:45:00,28.94,26.885214484126987
2018-08-23 13:00:00,38.88,42.74286136904764
2018-08-23 13:15:00,45.97,54.584670337301574
2018-08-23 13:30:00,41.26,40.815623154761894
2018-08-23 13:45:00,39.82,51.43270190476191
2018-08-23 14:00:00,40.07,44.31011285714285
2018-08-23 14:15:00,40.07,44.18704970238096
2018-08-23 14:30:00,42.62,45.284515178571425
2018-08-23 14:45:00,42.08,44.38450333333331
2018-08-23 15:00:00,41.47,45.12269321428571
2018-08-23 15:15:00,45.4,44.39187456349204
2018-08-23 15:30:00,45.79,45.87548057539684
2018-08-23 15:45:00,50.65,45.61887463744587
2018-08-23 16:00:00,51.95,44.5061297023809
2018-08-23 16:15:00,49.46,47.79883249458875
2018-08-23 16:30:00,53.28,48.63682880952379
2018-08-23 16:45:00,53.57,44.65652180194804
2018-08-23 17:00:00,48.49,49.40684916666669
2018-08-23 17:15:00,41.04,49.281057916666676
2018-08-23 17:30:00,31.54,33.535190566378056
2018-08-23 17:45:00,31.68,30.535272777777774
2018-08-23 18:00:00,37.12,32.46635914682538
2018-08-23 18:15:00,39.96,44.06472761904766
2018-08-23 18:30:00,43.24,43.35002785714288
2018-08-23 18:45:00,41.04,41.400345853174585
2018-08-23 19:00:00,40.43,42.6871608531746
2018-08-23 19:15:00,45.54,40.51817315476193
2018-08-23 19:30:00,41.15,40.28808892857143
2018-08-23 19:45:00,48.74,48.498970753968216
2018-08-23 20:00:00,49.82,41.7470749206349
2018-08-23 20:15:00,54.36,45.53326065476188
2018-08-23 20:30:00,41.69,42.56284000000001
2018-08-23 20:45:00,22.36,25.76531658730159
2018-08-23 21:00:00,6.55,21.547640238095244
2018-08-23 21:15:00,3.89,4.028048373015872
2018-08-23 21:30:00,3.78,3.805861904761908
2018-08-23 21:45:00,3.78,3.757217043650791
2018-08-23 22:00:00,3.67,3.7284116071428577
2018-08-23 22:15:00,4.72,3.554462142857143
2018-08-23 22:30:00,3.74,3.477896964285714
2018-08-23 22:45:00,3.38,3.4122068452380963
2018-08-23 23:00:00,2.92,3.4474671626984144
2018-08-23 23:15:00,2.88,3.330319900793652
2018-08-23 23:30:00,2.92,2.849070238095239
2018-08-23 23:45:00,2.92,2.9354223015873
2018-08-24 00:00:00,2.92,2.993528174603174
2018-08-24 00:15:00,2.95,2.9979757738095207
2018-08-24 00:30:00,2.92,2.9649048809523806
2018-08-24 00:45:00,2.92,3.0405510119047654
2018-08-24 01:00:00,2.92,2.983622797619046
2018-08-24 01:15:00,2.92,2.9769045238095226
2018-08-24 01:30:00,2.92,2.9640578769841257
2018-08-24 01:45:00,2.95,2.9634031547619024
2018-08-24 02:00:00,2.88,2.9917093452380943
2018-08-24 02:15:00,2.95,3.194571924603174
2018-08-24 02:30:00,2.88,3.0937271825396824
2018-08-24 02:45:00,2.95,3.166823095238097
2018-08-24 03:00:00,3.13,3.158735178571428
2018-08-24 03:15:00,3.78,3.0546606547619053
2018-08-24 03:30:00,3.78,2.9676050595238115
2018-08-24 03:45:00,3.24,3.0558618650793634
2018-08-24 04:00:00,2.92,3.0883036507936494
2018-08-24 04:15:00,2.95,3.1861339285714285
2018-08-24 04:30:00,2.92,2.982862261904763
2018-08-24 04:45:00,3.02,2.9897634523809518
2018-08-24 05:00:00,2.88,3.007392817460318
2018-08-24 05:15:00,2.88,3.0186686904761912
2018-08-24 05:30:00,2.92,3.0738980952380963
2018-08-24 05:45:00,2.92,3.080523869047618
2018-08-24 06:00:00,2.88,2.9985688095238068
2018-08-24 06:15:00,2.92,2.9534594047619036
2018-08-24 06:30:00,2.84,2.963679999999998
2018-08-24 06:45:00,2.84,2.9613665476190465
2018-08-24 07:00:00,2.88,2.955502916666666
2018-08-24 07:15:00,3.71,3.2806624007936502
2018-08-24 07:30:00,4.03,4.300610813492062
2018-08-24 07:45:00,3.82,4.671815892857147
2018-08-24 08:00:00,38.59,35.9540701190476
2018-08-24 08:15:00,58.46,43.467811284271264
2018-08-24 08:30:00,64.44,60.96637988095239
2018-08-24 08:45:00,62.32,57.61270942460314
2018-08-24 09:00:00,55.76,62.18676583333331
2018-08-24 09:15:00,51.41,55.29881541666668
2018-08-24 09:30:00,68.58,57.223065416666685
2018-08-24 09:45:00,60.62,53.00819602813852
2018-08-24 10:00:00,61.2,59.99686365079364
2018-08-24 10:15:00,53.39,56.16678182539685
2018-08-24 10:30:00,55.4,58.02904321428573
2018-08-24 10:45:00,51.7,54.24705180555553
2018-08-24 11:00:00,64.48,55.7612083333333
2018-08-24 11:15:00,58.25,55.15455841269841
2018-08-24 11:30:00,57.82,58.167890952380965
2018-08-24 11:45:00,45.11,52.032935952380946
2018-08-24 12:00:00,4.68,7.418786507936509
2018-08-24 12:15:00,4.5,6.78562505952381
2018-08-24 12:30:00,4.5,5.650609583333335
2018-08-24 12:45:00,4.5,5.6669708531746075
2018-08-24 13:00:00,32.94,35.80851390873018
2018-08-24 13:15:00,55.48,49.99691851190478
2018-08-24 13:30:00,50.29,57.74612803571431
2018-08-24 13:45:00,52.09,59.33048924603172
2018-08-24 14:00:00,57.85,52.23220384920638
2018-08-24 14:15:00,47.16,51.33674186507938
2018-08-24 14:30:00,45.94,48.979185575396826
2018-08-24 14:45:00,39.24,52.73719357142857
2018-08-24 15:00:00,45.76,52.23370829365081
2018-08-24 15:15:00,47.59,48.735225297619024
2018-08-24 15:30:00,51.62,52.751518333333316
2018-08-24 15:45:00,50.58,49.66085702380955
2018-08-24 16:00:00,58.9,49.640580654761905
2018-08-24 16:15:00,53.28,49.69588297619049
2018-08-24 16:30:00,54.11,47.60398426587298
2018-08-24 16:45:00,54.65,52.54826928571426
2018-08-24 17:00:00,56.84,49.890085059523784
2018-08-24 17:15:00,45.54,51.85174365079366
2018-08-24 17:30:00,29.92,28.08897342532468
2018-08-24 17:45:00,28.91,28.159196203102457
2018-08-24 18:00:00,38.09,43.09889363095236
2018-08-24 18:15:00,54.68,44.08162898809522
2018-08-24 18:30:00,57.67,44.46735527777777
2018-08-24 18:45:00,55.12,48.76449803571431
2018-08-24 19:00:00,56.05,50.16908134920634
2018-08-24 19:15:00,53.39,53.001177202380944
2018-08-24 19:30:00,56.7,51.64684809523811
2018-08-24 19:45:00,52.49,53.828117619047596
2018-08-24 20:00:00,51.73,54.85830749999995
2018-08-24 20:15:00,56.63,50.35086321428573
2018-08-24 20:30:00,51.62,47.372694603174594
2018-08-24 20:45:00,17.5,35.93360591269841
2018-08-24 21:00:00,6.7,10.716668908730153
2018-08-24 21:15:00,3.92,4.088259343434342
2018-08-24 21:30:00,3.78,3.781636587301589
2018-08-24 21:45:00,3.31,3.828733154761904
2018-08-24 22:00:00,2.95,3.7211364880952362
2018-08-24 22:15:00,2.92,3.345976091269841
2018-08-24 22:30:00,3.06,2.9558350793650785
2018-08-24 22:45:00,3.24,2.900508214285714
2018-08-24 23:00:00,2.7,3.031808571428572
2018-08-24 23:15:00,2.74,3.012377202380953
2018-08-24 23:30:00,2.74,2.8198700595238106
2018-08-24 23:45:00,2.81,2.7921244642857146
2018-08-25 00:00:00,2.7,2.788284583333335
2018-08-25 00:15:00,2.74,2.860906428571428
2018-08-25 00:30:00,2.74,2.8715870238095245
2018-08-25 00:45:00,2.7,2.864211190476191
2018-08-25 01:00:00,2.81,2.8423035714285705
2018-08-25 01:15:00,2.74,2.8954696428571447
2018-08-25 01:30:00,2.77,2.873513262987014
2018-08-25 01:45:00,2.81,2.927767619047621
2018-08-25 02:00:00,2.74,2.8456831349206335
2018-08-25 02:15:00,2.95,2.919065079365077
2018-08-25 02:30:00,3.38,2.8376570634920624
2018-08-25 02:45:00,2.92,2.9406246031746033
2018-08-25 03:00:00,2.81,2.9490253968253954
2018-08-25 03:15:00,3.31,2.9127151785714265
2018-08-25 03:30:00,3.02,2.946374365079366
2018-08-25 03:45:00,2.84,2.945166190476193
2018-08-25 04:00:00,2.77,2.9232031150793665
2018-08-25 04:15:00,2.84,2.9138592460317465
2018-08-25 04:30:00,2.81,2.849066699134197
2018-08-25 04:45:00,2.81,3.012837678571428
2018-08-25 05:00:00,2.81,2.8439295238095226
2018-08-25 05:15:00,2.74,2.8670553571428576
2018-08-25 05:30:00,2.74,2.845175714285714
2018-08-25 05:45:00,2.81,2.8120166269841267
2018-08-25 06:00:00,2.77,2.8635911507936505
2018-08-25 06:15:00,2.77,2.84763238095238
2018-08-25 06:30:00,2.92,2.9331385714285703
2018-08-25 06:45:00,3.28,3.0681427976190485
2018-08-25 07:00:00,2.77,2.944683035714285
2018-08-25 07:15:00,3.02,3.0521326190476192
2018-08-25 07:30:00,3.2,4.002740019841267
2018-08-25 07:45:00,3.1,4.499960912698412
2018-08-25 08:00:00,4.21,59.83713226190477
2018-08-25 08:15:00,4.21,25.80757589285713
2018-08-25 08:30:00,5.83,19.80272085317459
2018-08-25 08:45:00,5.62,9.915407321428564
2018-08-25 09:00:00,4.93,13.383445773809521
2018-08-25 09:15:00,4.57,11.90687632936508
2018-08-25 09:30:00,6.66,11.528437321428564
2018-08-25 09:45:00,4.43,16.688080178571425
2018-08-25 10:00:00,4.61,31.820638015873048
2018-08-25 10:15:00,4.43,15.701897519841259
2018-08-25 10:30:00,4.57,11.03336660714285
2018-08-25 10:45:00,4.79,26.826116666666675
2018-08-25 11:00:00,4.68,10.790283690476194
2018-08-25 11:15:00,5.18,10.117059246031745
2018-08-25 11:30:00,5.44,5.603171428571423
2018-08-25 11:45:00,3.35,4.798079404761906
2018-08-25 12:00:00,3.56,4.717975119047618
2018-08-25 12:15:00,3.67,4.1530120238095245
2018-08-25 12:30:00,3.46,4.098307460317459
2018-08-25 12:45:00,3.38,3.9380384920634945
2018-08-25 13:00:00,4.25,3.9287889087301595
2018-08-25 13:15:00,4.57,3.8638932936507926
2018-08-25 13:30:00,4.79,12.445814325396816
2018-08-25 13:45:00,5.8,6.851539107142859
2018-08-25 14:00:00,5.58,6.739731845238092
2018-08-25 14:15:00,5.51,9.530724702380953
2018-08-25 14:30:00,5.51,11.876843333333332
2018-08-25 14:45:00,5.58,14.906165059523808
2018-08-25 15:00:00,5.51,15.336575654761903
2018-08-25 15:15:00,5.36,14.75725047619048
2018-08-25 15:30:00,6.37,12.364652976190479
2018-08-25 15:45:00,6.84,12.913077976190475
2018-08-25 16:00:00,7.13,12.844381785714283
2018-08-25 16:15:00,6.37,6.111402976190477
2018-08-25 16:30:00,3.74,5.892130654761908
2018-08-25 16:45:00,4.03,5.507270178571425
2018-08-25 17:00:00,3.67,3.9356328571428554
2018-08-25 17:15:00,3.53,4.0161348214285715
2018-08-25 17:30:00,3.42,3.6336084145021648
2018-08-25 17:45:00,3.42,3.622559365079363
2018-08-25 18:00:00,3.38,3.4813121031746026
2018-08-25 18:15:00,3.46,3.47402988095238
2018-08-25 18:30:00,3.46,3.5784819047619054
2018-08-25 18:45:00,3.38,3.548839761904763
2018-08-25 19:00:00,2.84,3.3402854166666653
2018-08-25 19:15:00,2.81,3.3224844642857123
2018-08-25 19:30:00,2.92,3.0013538906926427
2018-08-25 19:45:00,2.88,2.988379166666669
2018-08-25 20:00:00,2.84,2.9515571139971137
2018-08-25 20:15:00,2.92,2.9063344246031733
2018-08-25 20:30:00,3.42,2.9554136507936493
2018-08-25 20:45:00,3.31,2.9362514285714267
2018-08-25 21:00:00,2.88,3.016796488095238
2018-08-25 21:15:00,2.92,2.973912857142856
2018-08-25 21:30:00,2.88,2.9159853571428562
2018-08-25 21:45:00,2.95,2.9515182142857133
2018-08-25 22:00:00,2.88,2.9326795238095245
2018-08-25 22:15:00,2.66,3.047546547619048
2018-08-25 22:30:00,2.56,2.992037081529578
2018-08-25 22:45:00,2.52,2.8658357539682537
2018-08-25 23:00:00,2.74,2.8711472420634925
2018-08-25 23:15:00,3.17,2.824435992063491
2018-08-25 23:30:00,2.59,2.7146595833333316
2018-08-25 23:45:00,2.56,2.707080674603174
2018-08-26 00:00:00,2.56,2.8257951190476183
2018-08-26 00:15:00,2.63,2.7547427380952367
2018-08-26 00:30:00,2.66,2.6721372619047594
2018-08-26 00:45:00,2.59,2.610092023809522
2018-08-26 01:00:00,2.66,2.647221785714284
2018-08-26 01:15:00,2.63,2.777226190476189
2018-08-26 01:30:00,2.59,2.7167096428571424
2018-08-26 01:45:00,2.56,2.721096785714286
2018-08-26 02:00:00,2.77,2.821489107142858
2018-08-26 02:15:00,3.24,2.8468185714285714
2018-08-26 02:30:00,2.81,2.978861666666666
2018-08-26 02:45:00,2.56,2.754416031746031
2018-08-26 03:00:00,2.59,3.0060947222222243
2018-08-26 03:15:00,2.59,2.8443561904761907
2018-08-26 03:30:00,2.63,2.8400643452380963
2018-08-26 03:45:00,3.1,2.7103906547619045
2018-08-26 04:00:00,2.84,2.6754673214285707
2018-08-26 04:15:00,2.63,2.6852078174603147
2018-08-26 04:30:00,2.56,2.9061372420634934
2018-08-26 04:45:00,2.59,2.827403917748918
2018-08-26 05:00:00,2.59,2.7934552380952384
2018-08-26 05:15:00,2.59,2.66840857142857
2018-08-26 05:30:00,2.77,2.606039285714287
2018-08-26 05:45:00,2.77,2.622809285714287
2018-08-26 06:00:00,2.7,2.899768611111113
2018-08-26 06:15:00,2.7,2.909468075396828
2018-08-26 06:30:00,2.74,2.858328630952381
2018-08-26 06:45:00,2.74,2.9585671428571425
2018-08-26 07:00:00,2.7,2.9377252976190475
2018-08-26 07:15:00,2.74,2.918662321428572
2018-08-26 07:30:00,2.84,2.799266269841269
2018-08-26 07:45:00,4.61,2.80760638888889
2018-08-26 08:00:00,6.73,5.351902142857141
2018-08-26 08:15:00,5.72,11.661625416666666
2018-08-26 08:30:00,5.72,18.733736856060613
2018-08-26 08:45:00,5.65,10.403301587301593
2018-08-26 09:00:00,5.65,13.079113869047628
2018-08-26 09:15:00,5.08,12.880300654761916
2018-08-26 09:30:00,5.8,12.889757440476192
2018-08-26 09:45:00,5.62,11.755869940476193
2018-08-26 10:00:00,6.34,12.953745892857157
2018-08-26 10:15:00,5.33,12.520016607142868
2018-08-26 10:30:00,5.33,12.796553273809536
2018-08-26 10:45:00,5.4,12.159748154761918
2018-08-26 11:00:00,5.04,12.5545968452381
2018-08-26 11:15:00,5.26,10.282195416666672
2018-08-26 11:30:00,4.57,10.42145577380953
2018-08-26 11:45:00,4.64,8.358778392857147
2018-08-26 12:00:00,3.31,4.678067857142858
2018-08-26 12:15:00,3.06,4.612554285714287
2018-08-26 12:30:00,3.02,4.24642390873016
2018-08-26 12:45:00,3.06,4.257698134920633
2018-08-26 13:00:00,3.24,4.551875992063492
2018-08-26 13:15:00,5.0,4.6153289682539675
2018-08-26 13:30:00,5.98,4.735463035714286
2018-08-26 13:45:00,6.59,4.751425277777778
2018-08-26 14:00:00,5.62,5.166545059523809
2018-08-26 14:15:00,5.15,13.264839226190484
2018-08-26 14:30:00,4.93,11.278754107142863
2018-08-26 14:45:00,4.82,11.358698333333335
2018-08-26 15:00:00,6.12,13.572549880952387
2018-08-26 15:15:00,8.24,14.183129523809525
2018-08-26 15:30:00,7.85,13.352560595238101
2018-08-26 15:45:00,7.96,19.452881547619054
2018-08-26 16:00:00,8.42,18.285616071428578
2018-08-26 16:15:00,7.67,8.543017539682541
2018-08-26 16:30:00,4.0,6.624584841269844
2018-08-26 16:45:00,3.89,6.247862103174601
2018-08-26 17:00:00,4.14,4.025332857142859
2018-08-26 17:15:00,4.57,3.936552797619046
2018-08-26 17:30:00,4.25,3.981878809523812
2018-08-26 17:45:00,3.64,3.9296049999999996
2018-08-26 18:00:00,3.6,4.1835592857142885
2018-08-26 18:15:00,3.53,3.766508452380952
2018-08-26 18:30:00,3.6,3.6823458333333328
2018-08-26 18:45:00,3.24,3.4476308333333323
2018-08-26 19:00:00,3.06,3.5722296428571405
2018-08-26 19:15:00,3.06,3.226218630952381
2018-08-26 19:30:00,3.06,3.1010204761904756
2018-08-26 19:45:00,3.06,3.0653497294372283
2018-08-26 20:00:00,3.13,3.1670266071428563
2018-08-26 20:15:00,3.1,3.2389208333333332
2018-08-26 20:30:00,3.1,3.360412896825397
2018-08-26 20:45:00,3.06,3.3371803571428558
2018-08-26 21:00:00,3.13,3.3450600396825383
2018-08-26 21:15:00,3.06,3.2283015873015883
2018-08-26 21:30:00,3.17,3.3564680357142875
2018-08-26 21:45:00,3.13,3.2401108333333353
2018-08-26 22:00:00,2.99,3.1881250054112575
2018-08-26 22:15:00,2.92,3.2104914285714283
2018-08-26 22:30:00,2.92,2.9857119047619074
2018-08-26 22:45:00,3.89,2.9659126190476166
2018-08-26 23:00:00,3.85,2.9898208333333325
2018-08-26 23:15:00,3.02,2.998967043650793
2018-08-26 23:30:00,2.88,2.989500376984128
2018-08-26 23:45:00,2.88,3.0399335714285733
2018-08-27 00:00:00,2.92,3.0089601190476185
2018-08-27 00:15:00,2.95,2.9891157142857128
2018-08-27 00:30:00,3.02,3.024325238095238
2018-08-27 00:45:00,2.99,3.0985748214285724
2018-08-27 01:00:00,2.92,3.062332797619049
2018-08-27 01:15:00,2.95,3.1282255357142854
2018-08-27 01:30:00,2.95,3.0581196428571418
2018-08-27 01:45:00,2.95,3.1513156547619046
2018-08-27 02:00:00,2.99,3.1039135317460333
2018-08-27 02:15:00,2.92,3.101705853174605
2018-08-27 02:30:00,3.17,3.053124424603175
2018-08-27 02:45:00,3.53,3.044635119047618
2018-08-27 03:00:00,2.92,3.080659722222224
2018-08-27 03:15:00,2.92,3.005626091269841
2018-08-27 03:30:00,2.92,2.982386904761903
2018-08-27 03:45:00,2.95,2.9399691666666636
2018-08-27 04:00:00,2.95,2.908966666666665
2018-08-27 04:15:00,2.92,3.088381666666666
2018-08-27 04:30:00,2.88,3.1220895436507954
2018-08-27 04:45:00,2.88,3.1396814285714276
2018-08-27 05:00:00,3.1,3.1013144047619052
2018-08-27 05:15:00,3.49,3.0488405952380924
2018-08-27 05:30:00,2.88,3.0630689682539702
2018-08-27 05:45:00,2.84,2.923357222222222
2018-08-27 06:00:00,2.88,2.925412579365077
2018-08-27 06:15:00,2.88,2.9658281547619043
2018-08-27 06:30:00,2.84,2.91993492063492
2018-08-27 06:45:00,2.88,2.918542896825394
2018-08-27 07:00:00,3.02,2.9754384722222205
2018-08-27 07:15:00,3.53,3.492029166666667
2018-08-27 07:30:00,3.74,3.7065840277777773
2018-08-27 07:45:00,3.92,4.108472916666664
2018-08-27 08:00:00,28.48,37.894057503607534
2018-08-27 08:15:00,47.3,53.56929920634921
2018-08-27 08:30:00,50.54,73.00890595238094
2018-08-27 08:45:00,55.73,57.88557125000001
2018-08-27 09:00:00,59.98,61.166149404761875
2018-08-27 09:15:00,53.75,62.33013097222222
2018-08-27 09:30:00,62.71,61.314768611111106
2018-08-27 09:45:00,60.66,62.89385285714288
2018-08-27 10:00:00,54.72,60.12270121031748
2018-08-27 10:15:00,57.6,56.29489726190472
2018-08-27 10:30:00,58.93,61.55816134920632
2018-08-27 10:45:00,65.45,59.24446535714287
2018-08-27 11:00:00,54.94,59.760365257936485
2018-08-27 11:15:00,47.88,58.920545555555556
2018-08-27 11:30:00,41.29,57.70766738095236
2018-08-27 11:45:00,40.57,50.649496964285746
2018-08-27 12:00:00,28.12,9.332736329365078
2018-08-27 12:15:00,25.24,5.834696726190476
2018-08-27 12:30:00,25.27,8.685418849206348
2018-08-27 12:45:00,25.52,12.486196130952383
2018-08-27 13:00:00,46.3,41.37650827380951
2018-08-27 13:15:00,58.68,43.68636714285715
2018-08-27 13:30:00,46.76,57.24039
2018-08-27 13:45:00,41.76,58.710082380952336
2018-08-27 14:00:00,52.42,52.499731726190475
2018-08-27 14:15:00,68.65,53.966632142857115
2018-08-27 14:30:00,45.79,58.41931388888888
2018-08-27 14:45:00,67.79,61.11830726190474
2018-08-27 15:00:00,43.88,53.0180507142857
2018-08-27 15:15:00,45.9,59.59795952380952
2018-08-27 15:30:00,50.51,51.42740922619048
2018-08-27 15:45:00,49.5,53.16710410714284
2018-08-27 16:00:00,52.02,59.63461000000002
2018-08-27 16:15:00,63.22,56.668529345238106
2018-08-27 16:30:00,44.42,53.72451837301588
2018-08-27 16:45:00,63.4,55.42036148809525
2018-08-27 17:00:00,51.73,47.03654160714287
2018-08-27 17:15:00,49.97,56.62658779761903
2018-08-27 17:30:00,46.58,33.904404444444445
2018-08-27 17:45:00,29.95,30.172507261904762
2018-08-27 18:00:00,5.54,33.59227916666667
2018-08-27 18:15:00,3.6,39.90660672619048
2018-08-27 18:30:00,3.38,4.342888988095239
2018-08-27 18:45:00,3.42,4.1307066865079385
2018-08-27 19:00:00,3.42,3.882620853174602
2018-08-27 19:15:00,3.46,3.855002023809521
2018-08-27 19:30:00,3.46,3.761661904761904
2018-08-27 19:45:00,3.35,3.502404722222222
2018-08-27 20:00:00,3.38,3.645811686507936
2018-08-27 20:15:00,3.42,3.4835082738095235
2018-08-27 20:30:00,2.88,3.4205329761904757
2018-08-27 20:45:00,2.84,3.2893467857142853
2018-08-27 21:00:00,2.88,2.9210670634920617
2018-08-27 21:15:00,2.81,2.9177331547619034
2018-08-27 21:30:00,2.84,2.991123939393938
2018-08-27 21:45:00,2.77,2.878571190476188
2018-08-27 22:00:00,2.7,2.84268746031746
2018-08-27 22:15:00,2.66,2.853958511904761
2018-08-27 22:30:00,2.7,2.860053869047617
2018-08-27 22:45:00,2.63,2.91240357142857
2018-08-27 23:00:00,2.59,2.9362168452380946
2018-08-27 23:15:00,2.66,2.961033849206347
2018-08-27 23:30:00,3.13,2.908257658730158
2018-08-27 23:45:00,2.66,2.7696603174603176
2018-08-28 00:00:00,2.59,2.7563358333333325
2018-08-28 00:15:00,2.56,2.8612982828282822
2018-08-28 00:30:00,2.59,2.8146613095238084
2018-08-28 00:45:00,2.59,2.7501629653679656
2018-08-28 01:00:00,2.56,2.632801666666665
2018-08-28 01:15:00,2.74,2.618195833333333
2018-08-28 01:30:00,3.06,2.635855357142857
2018-08-28 01:45:00,2.59,2.722254444444444
2018-08-28 02:00:00,2.59,2.6855194841269836
2018-08-28 02:15:00,2.56,2.8754696428571425
2018-08-28 02:30:00,2.59,2.8872782142857134
2018-08-28 02:45:00,2.59,2.7198363690476173
2018-08-28 03:00:00,2.59,2.6530319047619035
2018-08-28 03:15:00,2.52,2.6406391666666673
2018-08-28 03:30:00,2.52,2.6473953571428575
2018-08-28 03:45:00,2.56,2.6737125595238083
2018-08-28 04:00:00,2.56,2.8157048214285716
2018-08-28 04:15:00,2.52,2.8184923214285713
2018-08-28 04:30:00,2.63,2.818277321428571
2018-08-28 04:45:00,3.17,2.824364821428572
2018-08-28 05:00:00,3.06,2.8176664880952376
2018-08-28 05:15:00,2.52,2.677876388888888
2018-08-28 05:30:00,2.52,2.68721121031746
2018-08-28 05:45:00,3.06,2.990399583333333
2018-08-28 06:00:00,2.56,3.0253960714285726
2018-08-28 06:15:00,2.56,3.008424166666666
2018-08-28 06:30:00,2.52,2.781364464285715
2018-08-28 06:45:00,2.59,2.9801856547619057
2018-08-28 07:00:00,2.52,2.756782797619046
2018-08-28 07:15:00,2.95,2.9311222023809522
2018-08-28 07:30:00,3.31,3.650277738095239
2018-08-28 07:45:00,3.67,4.159999642857142
2018-08-28 08:00:00,31.72,52.67307047619046
2018-08-28 08:15:00,49.18,59.04727628968254
2018-08-28 08:30:00,53.24,49.23051114177493
2018-08-28 08:45:00,45.9,60.60780726190478
2018-08-28 09:00:00,52.06,58.61921916666665
2018-08-28 09:15:00,60.7,57.43020172619049
2018-08-28 09:30:00,66.74,56.51133238095239
2018-08-28 09:45:00,62.86,60.775680714285706
2018-08-28 10:00:00,50.15,61.322540238095215
2018-08-28 10:15:00,59.08,57.765210912698414
2018-08-28 10:30:00,50.4,57.818680892857195
2018-08-28 10:45:00,60.91,61.57787013888884
2018-08-28 11:00:00,61.09,59.89236496031743
2018-08-28 11:15:00,59.9,59.63183863095237
2018-08-28 11:30:00,55.98,54.49579126984124
2018-08-28 11:45:00,40.72,50.87756928571429
2018-08-28 12:00:00,5.0,7.42234896825397
2018-08-28 12:15:00,4.32,9.266481547619044
2018-08-28 12:30:00,4.39,5.392569484126984
2018-08-28 12:45:00,4.28,5.064675158730159
2018-08-28 13:00:00,29.02,40.03184335317461
2018-08-28 13:15:00,53.32,46.28998910714286
2018-08-28 13:30:00,58.0,49.31247067460318
2018-08-28 13:45:00,49.54,51.47906857142854
2018-08-28 14:00:00,51.16,51.36370535714287
2018-08-28 14:15:00,50.4,54.42760464285713
2018-08-28 14:30:00,41.69,55.38830512820515
2018-08-28 14:45:00,50.18,57.36277769841272
2018-08-28 15:00:00,45.61,47.18037095238097
2018-08-28 15:15:00,42.7,51.881022757936535
2018-08-28 15:30:00,47.41,51.671307519841285
2018-08-28 15:45:00,48.06,45.329683273809536
2018-08-28 16:00:00,49.97,51.93969242063494
2018-08-28 16:15:00,44.78,50.26521559523813
2018-08-28 16:30:00,35.93,47.50279446428573
2018-08-28 16:45:00,40.07,49.13287726190477
2018-08-28 17:00:00,40.39,43.99753591269843
2018-08-28 17:15:00,40.61,39.65864942640694
2018-08-28 17:30:00,30.31,36.259290535714285
2018-08-28 17:45:00,30.53,30.635664226190457
2018-08-28 18:00:00,34.49,30.605501289682532
2018-08-28 18:15:00,39.24,40.81900136904764
2018-08-28 18:30:00,33.95,39.80862416666666
2018-08-28 18:45:00,32.94,41.17602015873018
2018-08-28 19:00:00,38.2,37.81923083333336
2018-08-28 19:15:00,39.35,38.95696666666669
2018-08-28 19:30:00,41.22,39.877819047619056
2018-08-28 19:45:00,42.62,39.24559676587302
2018-08-28 20:00:00,49.64,40.352058253968245
2018-08-28 20:15:00,60.16,39.53691087301586
2018-08-28 20:30:00,46.62,43.87357095238096
2018-08-28 20:45:00,28.01,29.5784495995671
2018-08-28 21:00:00,4.36,23.05217404761905
2018-08-28 21:15:00,3.82,5.451383273809527
2018-08-28 21:30:00,3.64,3.8866354365079365
2018-08-28 21:45:00,3.6,3.7696907341269843
2018-08-28 22:00:00,3.42,3.7517004990842486
2018-08-28 22:15:00,3.53,3.654983475274727
2018-08-28 22:30:00,3.42,3.4275033333333353
2018-08-28 22:45:00,3.13,3.304269166666669
2018-08-28 23:00:00,2.77,3.2135128571428595
2018-08-28 23:15:00,2.74,3.066873571428571
2018-08-28 23:30:00,2.92,2.8664251190476175
2018-08-28 23:45:00,3.42,2.8183214880952385
2018-08-29 00:00:00,2.74,3.0349501190476182
2018-08-29 00:15:00,2.81,2.9060966071428562
2018-08-29 00:30:00,2.77,2.9099825595238094
2018-08-29 00:45:00,2.77,2.8459705357142866
2018-08-29 01:00:00,2.7,2.882854365079365
2018-08-29 01:15:00,2.77,2.874105833333334
2018-08-29 01:30:00,2.7,2.9238530357142882
2018-08-29 01:45:00,2.7,2.8476948214285716
2018-08-29 02:00:00,2.7,2.9401795238095256
2018-08-29 02:15:00,2.77,2.9434350000000022
2018-08-29 02:30:00,2.77,2.9604720238095252
2018-08-29 02:45:00,2.77,2.9081816666666653
2018-08-29 03:00:00,2.7,2.905817797619047
2018-08-29 03:15:00,2.74,2.9090318253968253
2018-08-29 03:30:00,2.74,2.9256532142857123
2018-08-29 03:45:00,2.95,2.9087022023809537
2018-08-29 04:00:00,3.38,2.953636428571429
2018-08-29 04:15:00,2.88,2.864855119047619
2018-08-29 04:30:00,2.7,2.8049289285714276
2018-08-29 04:45:00,2.77,2.8624608531746043
2018-08-29 05:00:00,2.77,2.802466964285715
2018-08-29 05:15:00,3.2,2.9356408333333324
2018-08-29 05:30:00,2.99,2.908198988095238
2018-08-29 05:45:00,2.74,2.7727332142857137
2018-08-29 06:00:00,2.77,2.827307142857143
2018-08-29 06:15:00,2.74,2.8717695238095216
2018-08-29 06:30:00,2.7,2.9111944047619045
2018-08-29 06:45:00,2.66,2.8904061507936514
2018-08-29 07:00:00,2.7,2.8929279761904763
2018-08-29 07:15:00,3.24,3.1216071103896095
2018-08-29 07:30:00,3.78,3.6870792712842713
2018-08-29 07:45:00,3.46,4.6970438095238105
2018-08-29 08:00:00,34.31,46.554149209956734
2018-08-29 08:15:00,55.66,58.40656898809522
2018-08-29 08:30:00,55.08,55.52531666305919
2018-08-29 08:45:00,60.95,59.872018869047615
2018-08-29 09:00:00,56.84,54.67802648809522
2018-08-29 09:15:00,50.15,58.523072380952364
2018-08-29 09:30:00,48.46,59.55650017857141
2018-08-29 09:45:00,43.27,57.38320654761908
2018-08-29 10:00:00,34.88,51.924224067460294
2018-08-29 10:15:00,37.08,50.97855690476186
2018-08-29 10:30:00,45.72,47.81661611111113
2018-08-29 10:45:00,44.82,45.343695357142835
2018-08-29 11:00:00,58.1,48.653510788239515
2018-08-29 11:15:00,59.29,49.44908158730155
2018-08-29 11:30:00,52.78,51.385210198412715
2018-08-29 11:45:00,48.64,50.53391880952381
2018-08-29 12:00:00,4.79,9.01367837301588
2018-08-29 12:15:00,5.87,6.931540416666667
2018-08-29 12:30:00,5.9,4.880085932539682
2018-08-29 12:45:00,6.26,6.003437043650797
2018-08-29 13:00:00,32.9,38.46493767857142
2018-08-29 13:15:00,60.77,51.95352857142857
2018-08-29 13:30:00,50.4,54.182719924242434
2018-08-29 13:45:00,41.72,64.14511089285719
2018-08-29 14:00:00,49.46,55.87969962301586
2018-08-29 14:15:00,56.2,52.97671869047618
2018-08-29 14:30:00,38.99,54.53541065476189
2018-08-29 14:45:00,38.84,58.7315751984127
2018-08-29 15:00:00,53.28,45.28688309523806
2018-08-29 15:15:00,44.96,49.5920738888889
2018-08-29 15:30:00,56.2,53.01769988095238
2018-08-29 15:45:00,55.73,50.55653464285713
2018-08-29 16:00:00,58.03,51.58555301587301
2018-08-29 16:15:00,54.47,55.360840773809535
2018-08-29 16:30:00,52.96,56.28717154761907
2018-08-29 16:45:00,52.88,56.87372813492063
2018-08-29 17:00:00,53.64,58.23276033730153
2018-08-29 17:15:00,44.6,54.102655059523784
2018-08-29 17:30:00,29.02,37.186905634920656
2018-08-29 17:45:00,29.41,32.238655119047614
2018-08-29 18:00:00,36.18,29.662140416666638
2018-08-29 18:15:00,54.54,33.1101813690476
2018-08-29 18:30:00,56.16,37.7123028968254
2018-08-29 18:45:00,40.68,46.601474166666655
2018-08-29 19:00:00,43.06,49.67506184523811
2018-08-29 19:15:00,63.76,37.341633630952394
2018-08-29 19:30:00,41.47,39.23927988095239
2018-08-29 19:45:00,45.25,57.139213531746016
2018-08-29 20:00:00,46.98,35.97701197510822
2018-08-29 20:15:00,43.67,38.62771078463203
2018-08-29 20:30:00,43.31,44.013428749999996
2018-08-29 20:45:00,14.22,20.94243333333334
2018-08-29 21:00:00,6.3,8.486424702380955
2018-08-29 21:15:00,3.92,3.8696185714285734
2018-08-29 21:30:00,3.82,3.736274543650797
2018-08-29 21:45:00,3.74,3.790849702380951
2018-08-29 22:00:00,3.6,3.768912083333333
2018-08-29 22:15:00,3.35,3.5084658928571444
2018-08-29 22:30:00,3.53,3.4567750595238085
2018-08-29 22:45:00,3.06,3.326743587662338
2018-08-29 23:00:00,2.92,3.248336190476191
2018-08-29 23:15:00,2.88,3.010362261904761
2018-08-29 23:30:00,2.84,2.971995119047618
2018-08-29 23:45:00,2.88,2.990400297619045
2018-08-30 00:00:00,2.88,2.94737571428571
2018-08-30 00:15:00,2.92,2.9691875000000003
2018-08-30 00:30:00,2.95,2.959111984126983
2018-08-30 00:45:00,2.99,2.96402755952381
2018-08-30 01:00:00,2.92,3.0647922023809535
2018-08-30 01:15:00,2.66,3.038759742063493
2018-08-30 01:30:00,2.63,3.051468968253967
2018-08-30 01:45:00,2.66,2.8865133928571476
2018-08-30 02:00:00,2.66,2.8283361904761937
2018-08-30 02:15:00,2.66,2.7667327380952393
2018-08-30 02:30:00,2.66,2.7315777380952393
2018-08-30 02:45:00,2.77,2.799951190476191
2018-08-30 03:00:00,3.13,2.7519946320346325
2018-08-30 03:15:00,2.66,2.9589284325396825
2018-08-30 03:30:00,2.66,2.8109654761904745
2018-08-30 03:45:00,2.7,2.777749880952381
2018-08-30 04:00:00,3.17,2.7810192857142857
2018-08-30 04:15:00,2.66,2.7627957738095237
2018-08-30 04:30:00,2.63,2.7951329761904784
2018-08-30 04:45:00,2.59,2.7699908225108225
2018-08-30 05:00:00,2.66,2.7233418939393936
2018-08-30 05:15:00,2.59,2.7534376190476193
2018-08-30 05:30:00,2.52,2.6925481547619046
2018-08-30 05:45:00,2.52,2.704441726190476
2018-08-30 06:00:00,2.52,2.7691539285714293
2018-08-30 06:15:00,2.59,2.674119761904761
2018-08-30 06:30:00,2.59,2.6515682142857147
2018-08-30 06:45:00,2.48,2.647524642857144
2018-08-30 07:00:00,2.84,2.6428805952380965
2018-08-30 07:15:00,3.71,3.0091086309523827
2018-08-30 07:30:00,3.85,3.7968739285714292
2018-08-30 07:45:00,3.71,5.150362896825398
2018-08-30 08:00:00,30.96,41.356074880952356
2018-08-30 08:15:00,50.8,55.66378253968254
2018-08-30 08:30:00,47.3,50.278046165223685
2018-08-30 08:45:00,53.96,58.669174464285724
2018-08-30 09:00:00,56.74,54.71791055555552
2018-08-30 09:15:00,53.6,56.32419658730154
2018-08-30 09:30:00,42.23,56.373462023809545
2018-08-30 09:45:00,43.13,57.958087797619044
2018-08-30 10:00:00,42.66,49.911684880952386
2018-08-30 10:15:00,51.62,50.69100299603171
2018-08-30 10:30:00,48.17,49.95650523809522
2018-08-30 10:45:00,48.35,54.824642499999925
2018-08-30 11:00:00,42.84,52.18583601190472
2018-08-30 11:15:00,68.87,53.11351226190471
2018-08-30 11:30:00,46.55,48.97087271284266
2018-08-30 11:45:00,43.34,54.320751150793676
2018-08-30 12:00:00,6.16,7.62429636904762
2018-08-30 12:15:00,4.97,7.439201309523809
2018-08-30 12:30:00,5.47,5.923801428571429
2018-08-30 12:45:00,5.33,5.356064206349207
2018-08-30 13:00:00,27.76,38.50507928571429
2018-08-30 13:15:00,47.23,49.38446434523812
2018-08-30 13:30:00,58.03,50.02144710317461
2018-08-30 13:45:00,50.33,44.60848253968255
2018-08-30 14:00:00,68.65,49.80128488095238
2018-08-30 14:15:00,52.13,47.86463488095239
2018-08-30 14:30:00,59.18,56.988762797619074
2018-08-30 14:45:00,49.14,52.17247202380951
2018-08-30 15:00:00,57.24,53.73728904761906
2018-08-30 15:15:00,54.94,53.24200319624817
2018-08-30 15:30:00,55.55,57.92415587301588
2018-08-30 15:45:00,56.38,53.684996309523825
2018-08-30 16:00:00,57.67,54.970281450216454
2018-08-30 16:15:00,47.66,56.02052543290042
2018-08-30 16:30:00,48.56,57.73294344155843
2018-08-30 16:45:00,43.24,61.88957875721501
2018-08-30 17:00:00,42.48,54.6254670400433
2018-08-30 17:15:00,39.35,42.48502178571425
2018-08-30 17:30:00,41.44,30.0227780465368
2018-08-30 17:45:00,47.38,30.373211250000008
2018-08-30 18:00:00,100.58,34.081314027777786
2018-08-30 18:15:00,77.4,28.85105773809523
2018-08-30 18:30:00,39.92,71.50541648809522
2018-08-30 18:45:00,40.61,76.09876303571427
2018-08-30 19:00:00,39.89,46.79228642857141
2018-08-30 19:15:00,37.33,52.17383083333331
2018-08-30 19:30:00,40.86,44.79239410714285
2018-08-30 19:45:00,33.12,40.496533710317465
2018-08-30 20:00:00,38.52,38.89565412698411
2018-08-30 20:15:00,34.42,39.271215654761896
2018-08-30 20:30:00,32.22,35.553309583333316
2018-08-30 20:45:00,24.44,20.19607857142856
2018-08-30 21:00:00,3.74,7.8846114682539685
2018-08-30 21:15:00,4.25,4.4121645436507935
2018-08-30 21:30:00,3.89,3.74804005952381
2018-08-30 21:45:00,3.64,3.847730912698411
2018-08-30 22:00:00,3.53,3.685045734126983
2018-08-30 22:15:00,3.31,3.6326366865079343
2018-08-30 22:30:00,2.88,3.6754105357142817
2018-08-30 22:45:00,3.38,3.4014522186147174
2018-08-30 23:00:00,2.77,2.925185119047618
2018-08-30 23:15:00,2.63,3.1749365476190485
2018-08-30 23:30:00,2.7,2.880609583333332
2018-08-30 23:45:00,2.74,2.8015079166666674
2018-08-31 00:00:00,2.74,2.8023310714285707
2018-08-31 00:15:00,2.7,2.8068079761904765
2018-08-31 00:30:00,2.7,2.8154665476190472
2018-08-31 00:45:00,2.7,2.8736994246031764
2018-08-31 01:00:00,2.7,2.844811904761907
2018-08-31 01:15:00,2.7,2.8959111309523826
2018-08-31 01:30:00,2.74,2.9279400595238125
2018-08-31 01:45:00,2.77,2.8851317261904783
2018-08-31 02:00:00,2.7,2.844066309523809
2018-08-31 02:15:00,2.74,2.8983494047619054
2018-08-31 02:30:00,2.99,2.802324583333334
2018-08-31 02:45:00,3.2,2.856818432539683
2018-08-31 03:00:00,2.81,2.9397725396825423
2018-08-31 03:15:00,2.74,2.83604369047619
2018-08-31 03:30:00,2.74,3.001504444444447
2018-08-31 03:45:00,2.74,2.86618119047619
2018-08-31 04:00:00,3.02,2.8147309523809536
2018-08-31 04:15:00,3.38,2.8625310515873013
2018-08-31 04:30:00,2.81,2.7644372619047606
2018-08-31 04:45:00,2.77,2.8286995833333335
2018-08-31 05:00:00,2.77,2.871265714285714
2018-08-31 05:15:00,2.74,2.892770119047619
2018-08-31 05:30:00,2.74,2.8982748809523797
2018-08-31 05:45:00,2.7,2.8931956150793643
2018-08-31 06:00:00,2.74,2.908702142857143
2018-08-31 06:15:00,2.7,2.868300476190476
2018-08-31 06:30:00,2.74,2.8352830952380956
2018-08-31 06:45:00,2.88,2.8442214285714287
2018-08-31 07:00:00,3.06,2.7682025595238104
2018-08-31 07:15:00,3.31,3.393834880952379
2018-08-31 07:30:00,3.85,3.7715020833333335
2018-08-31 07:45:00,3.6,4.104330396825397
2018-08-31 08:00:00,26.14,37.03318428571426
2018-08-31 08:15:00,45.65,54.78663547619045
2018-08-31 08:30:00,58.03,46.630746877705626
2018-08-31 08:45:00,88.99,58.54924884740253
2018-08-31 09:00:00,113.04,56.24482426587298
2018-08-31 09:15:00,112.68,81.14992180555559
2018-08-31 09:30:00,54.32,92.14575736111112
2018-08-31 09:45:00,58.54,95.06583458333336
2018-08-31 10:00:00,52.92,68.32588541666667
2018-08-31 10:15:00,53.6,55.59539295634921
2018-08-31 10:30:00,44.21,59.78089035714287
2018-08-31 10:45:00,49.03,62.564289166666704
2018-08-31 11:00:00,61.52,49.95159327380953
2018-08-31 11:15:00,60.01,59.183017678571424
2018-08-31 11:30:00,61.56,60.70363373015876
2018-08-31 11:45:00,48.28,57.57455019841267
2018-08-31 12:00:00,4.46,6.418246825396824
2018-08-31 12:15:00,5.54,5.002174621212119
2018-08-31 12:30:00,5.44,4.797404206349206
2018-08-31 12:45:00,8.5,5.979248214285717
2018-08-31 13:00:00,37.44,37.293023968253955
2018-08-31 13:15:00,44.64,53.72344239898991
2018-08-31 13:30:00,53.03,59.554311746031736
2018-08-31 13:45:00,56.77,51.27516743506492
2018-08-31 14:00:00,56.12,56.88042888888889
2018-08-31 14:15:00,58.97,57.189008869047605
2018-08-31 14:30:00,56.77,53.898890972222226
2018-08-31 14:45:00,40.32,48.97822855158727
2018-08-31 15:00:00,48.17,55.17972218253966
2018-08-31 15:15:00,44.42,47.00223488095239
2018-08-31 15:30:00,55.55,55.655951388888894
2018-08-31 15:45:00,55.87,51.55507017857138
2018-08-31 16:00:00,58.14,55.625647193362184
2018-08-31 16:15:00,56.12,53.60594265873016
2018-08-31 16:30:00,51.98,55.83638630952384
2018-08-31 16:45:00,55.19,57.31299539682537
2018-08-31 17:00:00,47.41,57.15589771825394
2018-08-31 17:15:00,43.92,61.63600940476189
2018-08-31 17:30:00,28.4,38.32434511904763
2018-08-31 17:45:00,28.69,38.40753974206347
2018-08-31 18:00:00,31.82,32.75843559523808
2018-08-31 18:15:00,44.03,38.11906380952384
2018-08-31 18:30:00,36.76,41.176223789682524
2018-08-31 18:45:00,36.22,48.15437976190478
2018-08-31 19:00:00,43.49,41.07207369047618
2018-08-31 19:15:00,40.25,39.27910192460317
2018-08-31 19:30:00,44.71,42.25074164682541
2018-08-31 19:45:00,43.67,40.63192829365079
2018-08-31 20:00:00,37.94,44.211115992063476
2018-08-31 20:15:00,36.4,43.75755599206345
2018-08-31 20:30:00,53.71,37.007364583333334
2018-08-31 20:45:00,19.22,17.311661488095233
2018-08-31 21:00:00,4.46,8.16447160714286
2018-08-31 21:15:00,4.03,4.301272916666667
2018-08-31 21:30:00,4.07,3.9315548015873016
2018-08-31 21:45:00,3.85,3.8179688095238107
2018-08-31 22:00:00,3.67,3.859585833333333
2018-08-31 22:15:00,3.6,3.6597467081529595
2018-08-31 22:30:00,3.82,3.613886626984124
2018-08-31 22:45:00,4.64,3.495200694444443
2018-08-31 23:00:00,3.06,3.644164523809522
2018-08-31 23:15:00,2.92,3.503282792207792
2018-08-31 23:30:00,2.95,2.904600043290044
2018-08-31 23:45:00,2.95,2.8207119047619056
2018-09-01 00:00:00,2.95,2.9877905357142844
2018-09-01 00:15:00,3.02,3.0145879166666676
2018-09-01 00:30:00,3.02,3.0086691720779233
2018-09-01 00:45:00,3.02,3.047465362554112
2018-09-01 01:00:00,3.02,3.0602650649350647
2018-09-01 01:15:00,2.95,3.112332718253969
2018-09-01 01:30:00,2.99,3.123330813492064
2018-09-01 01:45:00,3.06,3.129798075396826
2018-09-01 02:00:00,2.99,3.151261785714288
2018-09-01 02:15:00,2.95,3.104529821428573
2018-09-01 02:30:00,3.02,3.077680512820511
2018-09-01 02:45:00,3.49,3.104332976190475
2018-09-01 03:00:00,3.17,3.282758591269842
2018-09-01 03:15:00,3.06,3.1188030357142855
2018-09-01 03:30:00,3.53,3.0534610714285706
2018-09-01 03:45:00,3.46,3.031329027777779
2018-09-01 04:00:00,3.02,3.105649702380951
2018-09-01 04:15:00,3.02,3.1729763167388154
2018-09-01 04:30:00,3.02,3.023356190476191
2018-09-01 04:45:00,3.13,3.053751369047619
2018-09-01 05:00:00,3.06,3.0676345833333336
2018-09-01 05:15:00,3.06,3.2117960317460317
2018-09-01 05:30:00,3.02,3.13992761904762
2018-09-01 05:45:00,3.02,3.106328214285714
2018-09-01 06:00:00,3.02,3.111787261904762
2018-09-01 06:15:00,3.06,3.093940218253969
2018-09-01 06:30:00,3.53,3.1110378769841276
2018-09-01 06:45:00,3.24,3.0996252976190464
2018-09-01 07:00:00,2.99,3.0869491865079355
2018-09-01 07:15:00,3.02,3.3103392857142837
2018-09-01 07:30:00,3.17,3.8542851190476166
2018-09-01 07:45:00,3.28,4.1314328571428565
2018-09-01 08:00:00,17.17,22.920090833333344
2018-09-01 08:15:00,32.44,30.723580833333344
2018-09-01 08:30:00,32.11,31.71152045634923
2018-09-01 08:45:00,37.4,40.128296507936504
2018-09-01 09:00:00,47.09,40.247988194444446
2018-09-01 09:15:00,32.9,39.95201646825396
2018-09-01 09:30:00,42.77,43.98354982142856
2018-09-01 09:45:00,41.11,32.32003065476191
2018-09-01 10:00:00,49.46,33.84277166666665
2018-09-01 10:15:00,38.88,34.708780376984116
2018-09-01 10:30:00,50.62,47.98312466269843
2018-09-01 10:45:00,32.94,34.13993859126983
2018-09-01 11:00:00,28.15,45.86175775793654
2018-09-01 11:15:00,25.78,32.99476115079365
2018-09-01 11:30:00,25.7,25.332271607142854
2018-09-01 11:45:00,25.31,21.402280800865807
2018-09-01 12:00:00,25.6,13.109126666666667
2018-09-01 12:15:00,25.34,11.71629921536797
2018-09-01 12:30:00,25.49,12.556815445526697
2018-09-01 12:45:00,25.49,20.545069512987006
2018-09-01 13:00:00,25.49,23.319965456349205
2018-09-01 13:15:00,28.19,26.678295119047625
2018-09-01 13:30:00,27.61,25.99919047619047
2018-09-01 13:45:00,27.04,27.058484523809526
2018-09-01 14:00:00,27.43,26.406325952380953
2018-09-01 14:15:00,26.86,26.203333511904756
2018-09-01 14:30:00,26.78,26.894009821428558
2018-09-01 14:45:00,27.14,26.862181964285714
2018-09-01 15:00:00,26.57,26.347604107142843
2018-09-01 15:15:00,26.17,23.371012023809513
2018-09-01 15:30:00,26.42,17.47223827380951
2018-09-01 15:45:00,25.99,14.255893690476187
2018-09-01 16:00:00,25.92,14.89815321428571
2018-09-01 16:15:00,26.53,20.658129980158737
2018-09-01 16:30:00,26.32,18.43988339285716
2018-09-01 16:45:00,26.32,16.842845167748937
2018-09-01 17:00:00,26.06,18.59955964285716
2018-09-01 17:15:00,25.02,18.54633405844157
2018-09-01 17:30:00,25.85,22.269400912698416
2018-09-01 17:45:00,24.34,20.452724047619057
2018-09-01 18:00:00,25.74,20.792515714285727
2018-09-01 18:15:00,6.44,6.576270059523808
2018-09-01 18:30:00,3.49,24.11445222222223
2018-09-01 18:45:00,3.49,5.108528095238095
2018-09-01 19:00:00,3.6,3.383720595238097
2018-09-01 19:15:00,3.56,3.4216048809523816
2018-09-01 19:30:00,3.31,3.5492105952380957
2018-09-01 19:45:00,2.92,3.4895773412698414
2018-09-01 20:00:00,2.92,3.270303690476191
2018-09-01 20:15:00,2.99,2.899739810606061
2018-09-01 20:30:00,2.99,2.9444685714285708
2018-09-01 20:45:00,2.95,3.0714727380952387
2018-09-01 21:00:00,2.99,3.1731973809523835
2018-09-01 21:15:00,2.92,3.230331785714286
2018-09-01 21:30:00,2.81,3.1669665873015895
2018-09-01 21:45:00,2.81,3.036792559523811
2018-09-01 22:00:00,2.7,2.8728211904761904
2018-09-01 22:15:00,2.7,2.879838134920634
2018-09-01 22:30:00,2.66,2.783698571428573
2018-09-01 22:45:00,2.66,2.7563201190476216
2018-09-01 23:00:00,2.66,2.747794523809525
2018-09-01 23:15:00,2.63,2.8406741666666693
2018-09-01 23:30:00,3.82,2.7482832142857143
2018-09-01 23:45:00,3.85,2.779286785714285
2018-09-02 00:00:00,2.63,2.7697044642857156
2018-09-02 00:15:00,2.63,2.810781130952382
2018-09-02 00:30:00,2.66,2.721909503968254
2018-09-02 00:45:00,2.63,2.7243370238095226
2018-09-02 01:00:00,2.74,2.7143245634920645
2018-09-02 01:15:00,2.7,2.6842776190476183
2018-09-02 01:30:00,2.63,2.728369404761906
2018-09-02 01:45:00,2.66,2.723079207875458
2018-09-02 02:00:00,2.63,2.6995875000000016
2018-09-02 02:15:00,2.66,2.7606970238095254
2018-09-02 02:30:00,2.7,2.7267666666666686
2018-09-02 02:45:00,2.63,2.741209880952383
2018-09-02 03:00:00,2.66,2.7034415476190485
2018-09-02 03:15:00,2.63,2.7022205952380975
2018-09-02 03:30:00,2.63,2.718859047619048
2018-09-02 03:45:00,2.81,2.81640636904762
2018-09-02 04:00:00,3.2,2.778761230158732
2018-09-02 04:15:00,2.77,2.869473988095237
2018-09-02 04:30:00,2.66,2.6878482738095237
2018-09-02 04:45:00,3.2,2.787647380952381
2018-09-02 05:00:00,3.17,2.721181488095236
2018-09-02 05:15:00,2.59,2.9110583333333335
2018-09-02 05:30:00,2.56,2.7380964502164504
2018-09-02 05:45:00,2.63,2.6523747619047615
2018-09-02 06:00:00,2.56,2.6403963095238088
2018-09-02 06:15:00,2.56,2.6474469246031753
2018-09-02 06:30:00,2.56,2.6446721428571425
2018-09-02 06:45:00,2.56,2.610127499999999
2018-09-02 07:00:00,2.59,2.610427083333332
2018-09-02 07:15:00,2.66,2.6936316666666666
2018-09-02 07:30:00,2.77,3.175302222222222
2018-09-02 07:45:00,2.7,3.876034166666666
2018-09-02 08:00:00,26.17,8.948608492063496
2018-09-02 08:15:00,50.18,9.5810375
2018-09-02 08:30:00,42.37,29.360453630952378
2018-09-02 08:45:00,41.76,66.10495968253966
2018-09-02 09:00:00,31.46,34.83794549603175
2018-09-02 09:15:00,39.13,34.58943926587304
2018-09-02 09:30:00,56.95,33.37288523809526
2018-09-02 09:45:00,35.14,34.84816142857144
2018-09-02 10:00:00,51.34,47.68569462301587
2018-09-02 10:15:00,48.67,29.337258154761926
2018-09-02 10:30:00,32.36,42.809165903679656
2018-09-02 10:45:00,31.14,33.86544361111111
2018-09-02 11:00:00,35.53,28.360848928571407
2018-09-02 11:15:00,52.63,27.807390277777763
2018-09-02 11:30:00,57.38,15.818384285714288
2018-09-02 11:45:00,21.67,10.900108809523807
2018-09-02 12:00:00,3.17,7.435052281746024
2018-09-02 12:15:00,3.17,13.93894005952381
2018-09-02 12:30:00,3.31,4.647340476190478
2018-09-02 12:45:00,3.89,4.594538750000001
2018-09-02 13:00:00,13.43,18.752417400793643
2018-09-02 13:15:00,32.8,32.18903130952382
2018-09-02 13:30:00,52.2,39.009269325396836
2018-09-02 13:45:00,56.56,44.655303690476174
2018-09-02 14:00:00,33.91,35.06976684523807
2018-09-02 14:15:00,42.41,31.35545708333335
2018-09-02 14:30:00,44.75,30.230947261904767
2018-09-02 14:45:00,47.7,30.36457922619049
2018-09-02 15:00:00,44.82,30.711595456349205
2018-09-02 15:15:00,31.68,30.06604970238094
2018-09-02 15:30:00,23.69,30.04629748015873
2018-09-02 15:45:00,5.65,30.09041575396826
2018-09-02 16:00:00,5.04,27.02690569444443
2018-09-02 16:15:00,3.64,5.855983095238095
2018-09-02 16:30:00,3.6,4.5674696428571435
2018-09-02 16:45:00,3.64,3.857874285714288
2018-09-02 17:00:00,3.6,3.8857718253968265
2018-09-02 17:15:00,3.64,3.8371523809523804
2018-09-02 17:30:00,3.53,3.769806904761903
2018-09-02 17:45:00,3.42,3.907687202380952
2018-09-02 18:00:00,3.42,3.8487752976190466
2018-09-02 18:15:00,3.49,3.4628821428571444
2018-09-02 18:30:00,3.02,3.5074554563492053
2018-09-02 18:45:00,2.92,3.3973821428571425
2018-09-02 19:00:00,2.81,3.051914880952381
2018-09-02 19:15:00,2.84,2.973396904761905
2018-09-02 19:30:00,2.99,2.8791387499999983
2018-09-02 19:45:00,2.88,2.9498689880952367
2018-09-02 20:00:00,2.92,3.022367976190477
2018-09-02 20:15:00,3.64,2.945047976190475
2018-09-02 20:30:00,3.35,3.044280813492065
2018-09-02 20:45:00,2.95,2.9668487499999996
2018-09-02 21:00:00,2.99,2.9804308333333362
2018-09-02 21:15:00,2.92,2.9704579761904775
2018-09-02 21:30:00,2.92,2.99987607142857
2018-09-02 21:45:00,2.88,2.977385714285713
2018-09-02 22:00:00,2.7,3.07016369047619
2018-09-02 22:15:00,2.77,2.9317018037518023
2018-09-02 22:30:00,2.81,2.817060833333335
2018-09-02 22:45:00,2.74,2.942884128787879
2018-09-02 23:00:00,2.66,2.983084049422798
2018-09-02 23:15:00,2.7,2.805957857142859
2018-09-02 23:30:00,2.74,2.8118120238095266
2018-09-02 23:45:00,2.74,2.8156485912698446
2018-09-03 00:00:00,3.35,2.7873876190476197
2018-09-03 00:15:00,2.74,2.783380833333333
2018-09-03 00:30:00,2.74,2.8758694047619064
2018-09-03 00:45:00,2.74,2.799102619047618
2018-09-03 01:00:00,2.74,2.8193414285714264
2018-09-03 01:15:00,2.74,2.8475922619047616
2018-09-03 01:30:00,2.77,2.8778170238095244
2018-09-03 01:45:00,2.74,2.8866571031746044
2018-09-03 02:00:00,3.17,2.958228650793651
2018-09-03 02:15:00,3.31,2.8147625000000005
2018-09-03 02:30:00,2.74,2.832087738095239
2018-09-03 02:45:00,2.7,2.8611442857142846
2018-09-03 03:00:00,2.77,2.780654603174605
2018-09-03 03:15:00,2.74,2.7599348412698417
2018-09-03 03:30:00,2.74,2.83081751082251
2018-09-03 03:45:00,3.28,2.79773
2018-09-03 04:00:00,2.7,2.816796805555555
2018-09-03 04:15:00,2.77,2.866592261904764
2018-09-03 04:30:00,2.7,2.7655786309523815
2018-09-03 04:45:00,2.77,2.869772619047619
2018-09-03 05:00:00,2.7,2.7642118452380946
2018-09-03 05:15:00,2.63,2.9038480952380956
2018-09-03 05:30:00,2.63,2.768694107142859
2018-09-03 05:45:00,2.66,2.7437187301587302
2018-09-03 06:00:00,2.59,2.720052380952382
2018-09-03 06:15:00,2.74,2.782785158730161
2018-09-03 06:30:00,2.66,2.75554498015873
2018-09-03 06:45:00,2.66,2.7870092261904773
2018-09-03 07:00:00,2.77,2.8125549999999997
2018-09-03 07:15:00,4.54,3.1621283134920604
2018-09-03 07:30:00,3.71,3.742745317460317
2018-09-03 07:45:00,2.95,4.663403075396825
2018-09-03 08:00:00,12.17,29.647028035714253
2018-09-03 08:15:00,41.9,29.377419384920636
2018-09-03 08:30:00,41.04,52.0780959126984
2018-09-03 08:45:00,46.08,60.73733845238099
2018-09-03 09:00:00,46.66,48.49092583333333
2018-09-03 09:15:00,67.0,57.707590734127024
2018-09-03 09:30:00,65.88,57.53187043650797
2018-09-03 09:45:00,41.0,62.241581011904756
2018-09-03 10:00:00,41.22,61.01951789502168
2018-09-03 10:15:00,40.93,53.55441690476189
2018-09-03 10:30:00,39.17,53.46554190476191
2018-09-03 10:45:00,44.24,49.661049186507945
2018-09-03 11:00:00,59.94,42.4869576190476
2018-09-03 11:15:00,39.13,47.59031509920633
2018-09-03 11:30:00,39.6,54.07487000000002
2018-09-03 11:45:00,30.71,40.84831551587301
2018-09-03 12:00:00,5.08,7.630048849206347
2018-09-03 12:15:00,5.0,9.829014007936506
2018-09-03 12:30:00,4.97,5.40495232142857
2018-09-03 12:45:00,5.11,5.2961281547619
2018-09-03 13:00:00,23.15,38.73697095238094
2018-09-03 13:15:00,46.26,53.585946011904795
2018-09-03 13:30:00,63.58,57.905188751803756
2018-09-03 13:45:00,54.22,51.02531553571427
2018-09-03 14:00:00,56.77,64.16235896825397
2018-09-03 14:15:00,51.34,68.83277994047623
2018-09-03 14:30:00,54.94,57.98126720238092
2018-09-03 14:45:00,60.88,63.52149017857141
2018-09-03 15:00:00,58.9,61.148121098484815
2018-09-03 15:15:00,55.15,55.955247499999984
2018-09-03 15:30:00,79.67,58.613867976190484
2018-09-03 15:45:00,83.16,56.491412123015834
2018-09-03 16:00:00,113.65,72.28513827380954
2018-09-03 16:15:00,63.83,81.96981198412695
2018-09-03 16:30:00,118.04,95.31578398809518
2018-09-03 16:45:00,110.56,75.51364994047623
2018-09-03 17:00:00,72.43,85.1614302777778
2018-09-03 17:15:00,88.74,96.61037464285714
2018-09-03 17:30:00,38.27,51.63865551587301
2018-09-03 17:45:00,30.92,43.92288535714285
2018-09-03 18:00:00,52.6,36.84684196428569
2018-09-03 18:15:00,77.83,44.960079285714265
2018-09-03 18:30:00,75.89,45.417520456349166
2018-09-03 18:45:00,30.53,76.31472178571427
2018-09-03 19:00:00,29.3,70.73681779761901
2018-09-03 19:15:00,27.11,51.73827301587302
2018-09-03 19:30:00,25.67,41.88228444444446
2018-09-03 19:45:00,25.67,18.029253879870126
2018-09-03 20:00:00,25.74,24.128124004329006
2018-09-03 20:15:00,26.42,23.55370546717173
2018-09-03 20:30:00,25.31,22.6511973611111
2018-09-03 20:45:00,4.57,21.30243069444444
2018-09-03 21:00:00,5.0,18.475156527777767
2018-09-03 21:15:00,3.64,4.024316944444443
2018-09-03 21:30:00,3.67,4.031222440476192
2018-09-03 21:45:00,3.53,3.548089960317461
2018-09-03 22:00:00,3.35,3.4673250000000007
2018-09-03 22:15:00,3.31,3.2189570725108227
2018-09-03 22:30:00,3.31,3.0292141287878804
2018-09-03 22:45:00,2.74,2.9566900992063494
2018-09-03 23:00:00,2.7,2.978264761904764
2018-09-03 23:15:00,2.66,2.844693452380954
2018-09-03 23:30:00,2.66,2.7771204166666696
2018-09-03 23:45:00,2.7,2.7098230357142876
2018-09-04 00:00:00,2.66,2.7068650992063517
2018-09-04 00:15:00,2.66,2.7721252380952386
2018-09-04 00:30:00,2.7,2.700777023809524
2018-09-04 00:45:00,2.7,2.7062228571428575
2018-09-04 01:00:00,2.66,2.738621785714284
2018-09-04 01:15:00,2.7,2.752918214285714
2018-09-04 01:30:00,2.7,2.735856190476192
2018-09-04 01:45:00,2.77,2.764552083333334
2018-09-04 02:00:00,2.7,2.768289087301588
2018-09-04 02:15:00,2.88,2.9722652380952366
2018-09-04 02:30:00,3.02,2.8358985119047624
2018-09-04 02:45:00,2.63,2.925474565018312
2018-09-04 03:00:00,3.28,2.7916370238095265
2018-09-04 03:15:00,3.17,2.7108824603174604
2018-09-04 03:30:00,2.63,2.934755714285714
2018-09-04 03:45:00,2.66,3.1146051190476203
2018-09-04 04:00:00,2.59,2.6921147420634925
2018-09-04 04:15:00,2.63,2.7391951190476203
2018-09-04 04:30:00,2.63,2.6558042857142836
2018-09-04 04:45:00,2.66,2.633849642857143
2018-09-04 05:00:00,2.66,2.677458095238095
2018-09-04 05:15:00,2.59,2.698796369047619
2018-09-04 05:30:00,2.59,2.7117517261904753
2018-09-04 05:45:00,2.74,2.653010216450215
2018-09-04 06:00:00,3.17,2.6488550974025946
2018-09-04 06:15:00,2.74,2.761834107142858
2018-09-04 06:30:00,2.63,2.685556785714285
2018-09-04 06:45:00,2.63,2.8406028571428563
2018-09-04 07:00:00,2.59,2.7243006746031733
2018-09-04 07:15:00,2.77,3.3614449999999976
2018-09-04 07:30:00,2.88,4.956385694444447
2018-09-04 07:45:00,3.24,6.142363174603179
2018-09-04 08:00:00,29.3,21.810376607142853
2018-09-04 08:15:00,51.34,37.774176607142856
2018-09-04 08:30:00,72.76,48.878683591269855
2018-09-04 08:45:00,65.02,58.357750595238095
2018-09-04 09:00:00,81.65,81.03805541666665
2018-09-04 09:15:00,59.15,64.88209496031746
2018-09-04 09:30:00,55.58,67.15013281746033
2018-09-04 09:45:00,84.42,61.669562559523776
2018-09-04 10:00:00,99.25,59.88130071428571
2018-09-04 10:15:00,89.53,77.56733059523809
2018-09-04 10:30:00,102.67,86.93689740079365
2018-09-04 10:45:00,105.95,87.41870142857141
2018-09-04 11:00:00,122.65,86.6024028571428
2018-09-04 11:15:00,98.24,86.68236101190485
2018-09-04 11:30:00,113.51,98.13908810786442
2018-09-04 11:45:00,99.04,89.29192734126978
2018-09-04 12:00:00,5.44,10.164627380952378
2018-09-04 12:15:00,5.4,6.031056666666669
2018-09-04 12:30:00,4.32,5.3960877182539715
2018-09-04 12:45:00,4.61,5.160574523809523
2018-09-04 13:00:00,47.52,47.3939529563492
2018-09-04 13:15:00,107.17,90.74300984126987
2018-09-04 13:30:00,90.97,79.83440484848482
2018-09-04 13:45:00,112.0,95.53455865079364
2018-09-04 14:00:00,90.79,88.53510412698417
2018-09-04 14:15:00,103.9,84.44606710497835
2018-09-04 14:30:00,101.92,90.36959438492067
2018-09-04 14:45:00,99.4,82.99495825396825
2018-09-04 15:00:00,100.51,98.15772011904755
2018-09-04 15:15:00,85.9,85.3221461309524
2018-09-04 15:30:00,102.6,93.39654569444446
2018-09-04 15:45:00,82.15,89.4269311309524
2018-09-04 16:00:00,118.69,88.80293394841271
2018-09-04 16:15:00,90.83,86.2134475
2018-09-04 16:30:00,102.28,93.66610827380951
2018-09-04 16:45:00,102.96,87.77711280303026
2018-09-04 17:00:00,68.36,85.77024481601738
2018-09-04 17:15:00,100.19,93.91591602813857
2018-09-04 17:30:00,59.44,42.70276238095237
2018-09-04 17:45:00,40.68,37.10007458333334
2018-09-04 18:00:00,47.02,60.57165821428573
2018-09-04 18:15:00,75.85,53.61591001984127
2018-09-04 18:30:00,85.75,54.11403976190478
2018-09-04 18:45:00,76.75,67.22209309523807
2018-09-04 19:00:00,76.75,75.97531700396826
2018-09-04 19:15:00,78.95,76.38180357142858
2018-09-04 19:30:00,72.0,75.56800410714288
2018-09-04 19:45:00,88.02,73.07129851190476
2018-09-04 20:00:00,72.47,73.22857583333331
2018-09-04 20:15:00,88.09,75.58292781746029
2018-09-04 20:30:00,64.62,68.64213972222225
2018-09-04 20:45:00,11.3,41.10656601190473
2018-09-04 21:00:00,4.57,11.711496071428568
2018-09-04 21:15:00,3.49,4.136359087301589
2018-09-04 21:30:00,3.49,4.215787797619049
2018-09-04 21:45:00,3.49,3.5725726785714267
2018-09-04 22:00:00,3.31,3.5191184523809507
2018-09-04 22:15:00,3.1,3.486570849567098
2018-09-04 22:30:00,2.66,3.2912160317460346
2018-09-04 22:45:00,2.59,2.9408643452380945
2018-09-04 23:00:00,2.52,2.6616235317460286
2018-09-04 23:15:00,2.48,2.650256369047619
2018-09-04 23:30:00,2.52,2.7836251190476187
2018-09-04 23:45:00,2.56,2.8481049999999994
2018-09-05 00:00:00,2.48,2.875773809523808
2018-09-05 00:15:00,2.52,2.8473905952380947
2018-09-05 00:30:00,2.52,2.8615897619047606
2018-09-05 00:45:00,2.48,2.837122956349205
2018-09-05 01:00:00,2.59,2.7978593849206344
2018-09-05 01:15:00,2.48,2.7926937301587302
2018-09-05 01:30:00,2.48,2.7903606944444443
2018-09-05 01:45:00,2.48,2.8101257539682543
2018-09-05 02:00:00,2.52,2.838612420634921
2018-09-05 02:15:00,3.42,2.8623413095238095
2018-09-05 02:30:00,3.71,2.8469022619047615
2018-09-05 02:45:00,2.52,2.783728373015874
2018-09-05 03:00:00,2.52,2.8085366666666687
2018-09-05 03:15:00,2.48,2.937484583333334
2018-09-05 03:30:00,2.48,6.566363452380956
2018-09-05 03:45:00,2.52,2.8006832142857165
2018-09-05 04:00:00,2.59,2.723399761904764
2018-09-05 04:15:00,2.52,6.538836130952383
2018-09-05 04:30:00,2.52,2.826379047619048
2018-09-05 04:45:00,2.56,2.827557896825398
2018-09-05 05:00:00,2.52,6.536269623015873
2018-09-05 05:15:00,2.48,2.670686190476192
2018-09-05 05:30:00,2.56,6.543052242063493
2018-09-05 05:45:00,2.48,6.5480896230158745
2018-09-05 06:00:00,2.52,6.530960575396831
2018-09-05 06:15:00,2.77,2.8229293253968266
2018-09-05 06:30:00,3.31,2.8197252380952387
2018-09-05 06:45:00,2.99,2.943539134199133
2018-09-05 07:00:00,2.7,2.791566904761905
2018-09-05 07:15:00,2.92,3.4369598809523803
2018-09-05 07:30:00,3.02,10.147456607142859
2018-09-05 07:45:00,2.88,10.471591726190477
2018-09-05 08:00:00,40.32,35.835914464285715
2018-09-05 08:15:00,95.4,31.559076726190483
2018-09-05 08:30:00,98.06,66.55432216991343
2018-09-05 08:45:00,111.92,88.15310458333333
2018-09-05 09:00:00,97.81,89.2017289880952
2018-09-05 09:15:00,100.08,88.22970541666666
2018-09-05 09:30:00,103.54,88.74495041666664
2018-09-05 09:45:00,60.23,84.69545565476193
2018-09-05 10:00:00,56.99,91.85394559523802
2018-09-05 10:15:00,55.4,78.73098577380946
2018-09-05 10:30:00,53.82,70.73326005952379
2018-09-05 10:45:00,53.57,67.7377986850649
2018-09-05 11:00:00,47.45,60.34149767316012
2018-09-05 11:15:00,64.26,60.7982301190476
2018-09-05 11:30:00,66.17,58.87990900793648
2018-09-05 11:45:00,52.81,63.23256791666667
2018-09-05 12:00:00,6.95,7.833835952380951
2018-09-05 12:15:00,5.51,5.966683214285712
2018-09-05 12:30:00,5.44,5.598389166666668
2018-09-05 12:45:00,5.47,6.033839292929299
2018-09-05 13:00:00,28.3,35.594944166666664
2018-09-05 13:15:00,71.17,59.213234047619046
2018-09-05 13:30:00,70.38,57.14408136904765
2018-09-05 13:45:00,56.05,77.90520623015873
2018-09-05 14:00:00,50.29,71.46135327380952
2018-09-05 14:15:00,65.63,65.06984880952382
2018-09-05 14:30:00,64.73,63.67835232142853
2018-09-05 14:45:00,48.49,65.23661253968255
2018-09-05 15:00:00,49.68,65.12406461940834
2018-09-05 15:15:00,54.07,57.02858367063489
2018-09-05 15:30:00,66.71,65.39739571428575
2018-09-05 15:45:00,63.86,65.03956980158732
2018-09-05 16:00:00,61.81,63.78945486111111
2018-09-05 16:15:00,52.78,61.67327803571428
2018-09-05 16:30:00,54.22,61.553742559523805
2018-09-05 16:45:00,49.03,58.61919019841265
2018-09-05 17:00:00,60.08,58.609206805555544
2018-09-05 17:15:00,62.28,56.404956369047575
2018-09-05 17:30:00,32.51,43.155960595238085
2018-09-05 17:45:00,29.95,36.21598607142857
2018-09-05 18:00:00,52.6,40.60427309523809
2018-09-05 18:15:00,47.52,53.75676615079363
2018-09-05 18:30:00,49.79,64.35227410714283
2018-09-05 18:45:00,45.9,51.33447065476189
2018-09-05 19:00:00,51.88,50.99337553571426
2018-09-05 19:15:00,51.34,48.98310065476192
2018-09-05 19:30:00,59.33,50.58806779761903
2018-09-05 19:45:00,55.8,50.38217017857139
2018-09-05 20:00:00,47.99,54.37939007936504
2018-09-05 20:15:00,54.58,51.869509940476156
2018-09-05 20:30:00,46.26,48.209846349206344
2018-09-05 20:45:00,27.94,28.903476071428578
2018-09-05 21:00:00,8.86,7.686603692279939
2018-09-05 21:15:00,3.78,4.4340799404761935
2018-09-05 21:30:00,3.74,3.9202757142857134
2018-09-05 21:45:00,3.85,3.7155234523809537
2018-09-05 22:00:00,3.56,3.6387853373015906
2018-09-05 22:15:00,3.53,3.5414819841269862
2018-09-05 22:30:00,3.49,3.397484523809526
2018-09-05 22:45:00,3.64,3.2537803373015866
2018-09-05 23:00:00,4.64,3.214633630952384
2018-09-05 23:15:00,3.92,3.181162162698411
2018-09-05 23:30:00,2.81,3.245183988095239
2018-09-05 23:45:00,2.81,3.3350917857142837
2018-09-06 00:00:00,2.77,2.790761845238095
2018-09-06 00:15:00,2.81,2.808378749999999
2018-09-06 00:30:00,2.84,2.8239166468253956
2018-09-06 00:45:00,2.81,2.8179617857142847
2018-09-06 01:00:00,2.81,2.8333643452380937
2018-09-06 01:15:00,2.84,2.8242591666666645
2018-09-06 01:30:00,2.84,2.8338741071428557
2018-09-06 01:45:00,2.81,2.8685625793650793
2018-09-06 02:00:00,2.88,2.879537103174602
2018-09-06 02:15:00,2.81,2.8692063149350644
2018-09-06 02:30:00,2.95,2.9784857792207795
2018-09-06 02:45:00,2.95,2.830405992063491
2018-09-06 03:00:00,2.95,3.0403018253968264
2018-09-06 03:15:00,3.02,3.065350119047618
2018-09-06 03:30:00,3.31,3.1036515873015857
2018-09-06 03:45:00,3.28,3.0175760119047625
2018-09-06 04:00:00,3.02,2.988887619047619
2018-09-06 04:15:00,3.02,3.085639702380951
2018-09-06 04:30:00,3.6,3.0053943849206353
2018-09-06 04:45:00,3.06,3.03149619047619
2018-09-06 05:00:00,2.92,3.1198955753968267
2018-09-06 05:15:00,2.92,3.1059369444444447
2018-09-06 05:30:00,2.92,3.0921149999999993
2018-09-06 05:45:00,2.95,3.1215721825396834
2018-09-06 06:00:00,2.92,3.234541607142857
2018-09-06 06:15:00,3.06,3.002493452380951
2018-09-06 06:30:00,2.81,3.0518913690476164
2018-09-06 06:45:00,2.81,3.067566369047616
2018-09-06 07:00:00,3.06,2.9382195833333316
2018-09-06 07:15:00,3.28,3.3569075595238083
2018-09-06 07:30:00,3.06,4.002357500000001
2018-09-06 07:45:00,3.2,5.278726369047619
2018-09-06 08:00:00,31.39,28.985382619047606
2018-09-06 08:15:00,59.15,55.556256250000004
2018-09-06 08:30:00,54.11,57.69178154761909
2018-09-06 08:45:00,62.68,61.765937202380925
2018-09-06 09:00:00,62.89,57.49799714285717
2018-09-06 09:15:00,57.78,55.93097440476194
2018-09-06 09:30:00,50.9,55.47496432539678
2018-09-06 09:45:00,48.56,54.27412984848485
2018-09-06 10:00:00,50.94,54.672691011904725
2018-09-06 10:15:00,58.46,57.542275039682536
2018-09-06 10:30:00,58.14,59.901950515873025
2018-09-06 10:45:00,51.66,59.46894009018757
2018-09-06 11:00:00,55.37,53.821275277777765
2018-09-06 11:15:00,59.51,57.19461392857141
2018-09-06 11:30:00,59.83,55.94151077380955
2018-09-06 11:45:00,55.69,53.14020060245306
2018-09-06 12:00:00,5.8,6.637832142857142
2018-09-06 12:15:00,5.22,4.996156926406927
2018-09-06 12:30:00,5.4,5.434823988095239
2018-09-06 12:45:00,6.12,5.002282182539684
2018-09-06 13:00:00,32.47,36.18744625
2018-09-06 13:15:00,61.38,59.63234146825399
2018-09-06 13:30:00,54.94,58.841300238095236
2018-09-06 13:45:00,58.21,63.44274386904759
2018-09-06 14:00:00,54.32,56.82849680555557
2018-09-06 14:15:00,57.78,57.816856031746035
2018-09-06 14:30:00,48.46,59.315443690476144
2018-09-06 14:45:00,48.46,57.1616236309524
2018-09-06 15:00:00,46.91,57.40415087301588
2018-09-06 15:15:00,53.96,56.04678462301594
2018-09-06 15:30:00,60.44,54.82235774891774
2018-09-06 15:45:00,59.9,56.27062549603173
2018-09-06 16:00:00,56.41,56.35597066378064
2018-09-06 16:15:00,57.92,53.43084738095242
2018-09-06 16:30:00,49.72,57.373623015873065
2018-09-06 16:45:00,57.89,53.68677319444444
2018-09-06 17:00:00,60.44,54.69988290404037
2018-09-06 17:15:00,59.69,55.59017889610391
2018-09-06 17:30:00,31.36,41.06315121031746
2018-09-06 17:45:00,29.2,36.30075152777778
2018-09-06 18:00:00,49.25,47.812583690476195
2018-09-06 18:15:00,58.82,55.1159536309524
2018-09-06 18:30:00,57.85,54.475179285714255
2018-09-06 18:45:00,59.83,57.75089142857146
2018-09-06 19:00:00,57.49,55.197880238095216
2018-09-06 19:15:00,49.9,54.68142797619048
2018-09-06 19:30:00,55.37,53.71087587301589
2018-09-06 19:45:00,66.89,46.64928734126984
2018-09-06 20:00:00,55.76,53.596031666666676
2018-09-06 20:15:00,70.38,66.77849930555558
2018-09-06 20:30:00,58.5,46.208059166666665
2018-09-06 20:45:00,63.5,32.065494087301566
2018-09-06 21:00:00,7.92,14.81414011904762
2018-09-06 21:15:00,3.96,6.855517261904755
2018-09-06 21:30:00,3.85,3.9469995238095255
2018-09-06 21:45:00,3.78,3.774391367243867
2018-09-06 22:00:00,3.49,3.6466203968253996
2018-09-06 22:15:00,3.53,3.486390773809526
2018-09-06 22:30:00,3.53,3.3027551388888896
2018-09-06 22:45:00,4.14,3.6860793055555563
2018-09-06 23:00:00,4.64,3.3384586904761915
2018-09-06 23:15:00,3.42,3.338559523809524
2018-09-06 23:30:00,3.31,3.341170476190476
2018-09-06 23:45:00,3.35,3.0351839285714295
2018-09-07 00:00:00,3.31,3.04559244047619
2018-09-07 00:15:00,3.31,3.090366785714283
2018-09-07 00:30:00,3.35,3.1620575000000004
2018-09-07 00:45:00,3.31,3.1069454761904747
2018-09-07 01:00:00,3.53,3.094947976190475
2018-09-07 01:15:00,3.67,3.1157535714285696
2018-09-07 01:30:00,3.1,3.0978332341269845
2018-09-07 01:45:00,2.95,3.1642364285714284
2018-09-07 02:00:00,2.95,3.102714007936505
2018-09-07 02:15:00,2.88,2.970281646825395
2018-09-07 02:30:00,2.92,2.9665933333333316
2018-09-07 02:45:00,3.06,2.966557519841268
2018-09-07 03:00:00,2.99,2.976816488095237
2018-09-07 03:15:00,2.92,3.0433447023809506
2018-09-07 03:30:00,2.95,3.00514347222222
2018-09-07 03:45:00,2.99,3.05575375
2018-09-07 04:00:00,3.02,3.1224767460317464
2018-09-07 04:15:00,2.95,3.10274408730159
2018-09-07 04:30:00,3.49,3.104992797619047
2018-09-07 04:45:00,3.42,3.0974343452380952
2018-09-07 05:00:00,2.99,3.0793461507936497
2018-09-07 05:15:00,2.99,2.9858902976190485
2018-09-07 05:30:00,2.99,2.9612042261904743
2018-09-07 05:45:00,2.95,2.9843143452380936
2018-09-07 06:00:00,3.2,2.9975693650793653
2018-09-07 06:15:00,3.56,3.0857744444444437
2018-09-07 06:30:00,3.02,3.1289019173881667
2018-09-07 06:45:00,2.99,3.0361586706349186
2018-09-07 07:00:00,3.02,3.030527142857144
2018-09-07 07:15:00,3.06,3.4164424007936507
2018-09-07 07:30:00,3.2,4.128859722222222
2018-09-07 07:45:00,3.06,5.126524285714287
2018-09-07 08:00:00,35.71,30.966616190476188
2018-09-07 08:15:00,93.38,24.75675613095239
2018-09-07 08:30:00,96.44,56.49234190476187
2018-09-07 08:45:00,84.89,88.1555876190476
2018-09-07 09:00:00,107.93,92.20729128968249
2018-09-07 09:15:00,93.42,86.13598226190474
2018-09-07 09:30:00,103.9,84.73786248015871
2018-09-07 09:45:00,85.39,91.77689178571431
2018-09-07 10:00:00,107.24,84.80478672619043
2018-09-07 10:15:00,91.69,86.67784744047619
2018-09-07 10:30:00,100.15,86.092738452381
2018-09-07 10:45:00,102.24,90.59130761904764
2018-09-07 11:00:00,101.12,82.32599936688311
2018-09-07 11:15:00,104.15,95.92716865079365
2018-09-07 11:30:00,84.92,91.92187079365078
2018-09-07 11:45:00,95.29,85.95327954365081
2018-09-07 12:00:00,3.92,9.269615164141413
2018-09-07 12:15:00,4.54,5.425257564935066
2018-09-07 12:30:00,4.28,4.559083809523809
2018-09-07 12:45:00,4.46,5.204221944444445
2018-09-07 13:00:00,43.16,49.89744940476194
2018-09-07 13:15:00,114.37,74.27732853174604
2018-09-07 13:30:00,107.35,80.24424660714288
2018-09-07 13:45:00,95.65,92.35560678571424
2018-09-07 14:00:00,118.69,94.20273357142858
2018-09-07 14:15:00,96.34,89.26129031746028
2018-09-07 14:30:00,113.51,96.32773869047617
2018-09-07 14:45:00,63.79,95.61077106060615
2018-09-07 15:00:00,41.29,95.06928922619046
2018-09-07 15:15:00,50.36,85.34907773809526
2018-09-07 15:30:00,42.19,56.395881607142854
2018-09-07 15:45:00,51.91,65.43131380411255
2018-09-07 16:00:00,111.42,49.0416182142857
2018-09-07 16:15:00,100.73,57.82728238095238
2018-09-07 16:30:00,107.68,93.47447654761903
2018-09-07 16:45:00,89.68,90.1894813293651
2018-09-07 17:00:00,94.72,86.0132379906205
2018-09-07 17:15:00,81.65,88.49488309523817
2018-09-07 17:30:00,28.84,40.131372321428564
2018-09-07 17:45:00,29.02,43.40015889610388
2018-09-07 18:00:00,52.27,49.12008327380951
2018-09-07 18:15:00,72.43,78.63364351190475
2018-09-07 18:30:00,54.97,77.51596008116883
2018-09-07 18:45:00,47.66,79.23315047619043
2018-09-07 19:00:00,48.42,63.24311678571426
2018-09-07 19:15:00,73.62,59.880323888888896
2018-09-07 19:30:00,106.96,62.995067301587305
2018-09-07 19:45:00,105.05,72.96700702380956
2018-09-07 20:00:00,97.92,88.78103551587299
2018-09-07 20:15:00,91.33,87.91899922619045
2018-09-07 20:30:00,114.98,86.4849076190476
2018-09-07 20:45:00,74.41,61.971146726190455
2018-09-07 21:00:00,13.28,20.85048630952381
2018-09-07 21:15:00,4.25,16.62176158730159
2018-09-07 21:30:00,4.21,4.3092380952380935
2018-09-07 21:45:00,4.18,3.9040221230158725
2018-09-07 22:00:00,3.89,3.935280833333332
2018-09-07 22:15:00,3.89,3.8375636904761916
2018-09-07 22:30:00,3.78,3.7043324404761906
2018-09-07 22:45:00,3.71,3.861068809523811
2018-09-07 23:00:00,3.71,3.7348179166666675
2018-09-07 23:15:00,3.64,3.5833623809523822
2018-09-07 23:30:00,3.85,3.6462544047619074
2018-09-07 23:45:00,4.79,3.5871113311688303
2018-09-08 00:00:00,3.64,3.8026830952380943
2018-09-08 00:15:00,3.1,3.602657142857142
2018-09-08 00:30:00,3.1,3.5145832738095235
2018-09-08 00:45:00,2.99,3.0688454761904773
2018-09-08 01:00:00,3.17,3.1422054166666644
2018-09-08 01:15:00,3.06,3.0373089880952375
2018-09-08 01:30:00,3.1,3.173940595238093
2018-09-08 01:45:00,3.02,3.183431507936508
2018-09-08 02:00:00,3.02,3.27535880952381
2018-09-08 02:15:00,3.1,3.1186304761904755
2018-09-08 02:30:00,3.17,3.2039379761904754
2018-09-08 02:45:00,3.1,3.1856196428571404
2018-09-08 03:00:00,3.1,3.216560595238095
2018-09-08 03:15:00,3.31,3.1870895833333335
2018-09-08 03:30:00,3.6,3.1759100595238086
2018-09-08 03:45:00,3.17,3.3179588492063488
2018-09-08 04:00:00,3.17,3.190760158730157
2018-09-08 04:15:00,3.17,3.1501528571428548
2018-09-08 04:30:00,3.13,3.242662440476189
2018-09-08 04:45:00,3.2,3.2623016071428577
2018-09-08 05:00:00,3.78,3.2405358928571415
2018-09-08 05:15:00,3.49,3.259373452380952
2018-09-08 05:30:00,3.13,3.1909857142857136
2018-09-08 05:45:00,3.17,3.1906255952380964
2018-09-08 06:00:00,3.13,3.167813571428573
2018-09-08 06:15:00,3.13,3.2952227976190485
2018-09-08 06:30:00,3.2,3.204029821428573
2018-09-08 06:45:00,3.78,3.246181011904763
2018-09-08 07:00:00,3.28,3.2269001190476208
2018-09-08 07:15:00,3.24,3.291414047619047
2018-09-08 07:30:00,3.24,3.8950577182539683
2018-09-08 07:45:00,3.02,5.8976275
2018-09-08 08:00:00,25.56,36.51585458333333
2018-09-08 08:15:00,32.83,46.03026073412698
2018-09-08 08:30:00,32.58,28.558461468254
2018-09-08 08:45:00,33.01,43.397394285714284
2018-09-08 09:00:00,33.08,34.64737660714285
2018-09-08 09:15:00,32.87,44.99169365079367
2018-09-08 09:30:00,47.81,33.59765297619047
2018-09-08 09:45:00,33.16,35.15912857142856
2018-09-08 10:00:00,41.18,61.265465535714284
2018-09-08 10:15:00,50.47,40.581401547619045
2018-09-08 10:30:00,34.7,44.805553571428575
2018-09-08 10:45:00,51.73,53.88969119047618
2018-09-08 11:00:00,39.49,36.289138194444426
2018-09-08 11:15:00,33.7,53.87783083333333
2018-09-08 11:30:00,40.25,36.53262726190474
2018-09-08 11:45:00,17.71,39.33606384920634
2018-09-08 12:00:00,3.24,9.920972718253967
2018-09-08 12:15:00,3.31,5.5120934307359315
2018-09-08 12:30:00,3.31,4.216899107142854
2018-09-08 12:45:00,3.28,3.9449276785714296
2018-09-08 13:00:00,19.37,31.37324691558441
2018-09-08 13:15:00,40.39,37.097016309523845
2018-09-08 13:30:00,33.91,32.17670488095237
2018-09-08 13:45:00,32.69,48.94412904761904
2018-09-08 14:00:00,36.07,50.231969206349206
2018-09-08 14:15:00,52.6,47.67173309523807
2018-09-08 14:30:00,48.6,44.33466761904759
2018-09-08 14:45:00,34.81,51.46016746031748
2018-09-08 15:00:00,35.24,47.972668234126985
2018-09-08 15:15:00,34.7,42.30232702380952
2018-09-08 15:30:00,53.06,41.61257964285712
2018-09-08 15:45:00,49.46,39.811013632756115
2018-09-08 16:00:00,32.51,50.62378079365081
2018-09-08 16:15:00,32.98,45.907504484126974
2018-09-08 16:30:00,41.72,37.39151988095238
2018-09-08 16:45:00,18.18,22.55728988095239
2018-09-08 17:00:00,3.89,16.118643214285715
2018-09-08 17:15:00,3.71,5.33590107142857
2018-09-08 17:30:00,3.67,3.8695362500000003
2018-09-08 17:45:00,3.56,3.737670000000001
2018-09-08 18:00:00,3.46,3.7025510714285734
2018-09-08 18:15:00,3.49,3.679502976190477
2018-09-08 18:30:00,3.53,3.5995447619047622
2018-09-08 18:45:00,3.56,3.7228168452380976
2018-09-08 19:00:00,3.56,3.636953024891777
2018-09-08 19:15:00,3.24,3.6462673899711415
2018-09-08 19:30:00,3.42,3.7078727777777756
2018-09-08 19:45:00,3.31,3.2588989285714263
2018-09-08 20:00:00,2.99,3.1900117857142827
2018-09-08 20:15:00,2.99,3.2935087896825412
2018-09-08 20:30:00,2.95,3.0604800000000005
2018-09-08 20:45:00,2.95,3.0723602380952393
2018-09-08 21:00:00,2.99,3.0602150000000017
2018-09-08 21:15:00,2.99,3.049937261904763
2018-09-08 21:30:00,3.06,3.0925693452380956
2018-09-08 21:45:00,3.1,3.171977321428571
2018-09-08 22:00:00,2.81,3.0917830357142866
2018-09-08 22:15:00,2.84,3.0820825595238093
2018-09-08 22:30:00,2.84,2.8896175000000004
2018-09-08 22:45:00,2.84,2.9373033928571424
2018-09-08 23:00:00,2.88,2.919262584776336
2018-09-08 23:15:00,3.31,2.984715898268396
2018-09-08 23:30:00,2.84,3.10132720238095
2018-09-08 23:45:00,3.02,2.9545580158730154
2018-09-09 00:00:00,3.38,3.008374365079364
2018-09-09 00:15:00,2.77,3.0480861309523792
2018-09-09 00:30:00,2.84,2.957762896825398
2018-09-09 00:45:00,2.81,2.8993837499999997
2018-09-09 01:00:00,2.77,2.9163438095238075
2018-09-09 01:15:00,2.77,2.875322916666666
2018-09-09 01:30:00,2.81,2.8605458333333313
2018-09-09 01:45:00,2.81,2.852196493506491
2018-09-09 02:00:00,2.84,2.8336821428571404
2018-09-09 02:15:00,2.84,2.832371190476187
2018-09-09 02:30:00,2.84,2.860906396103893
2018-09-09 02:45:00,2.84,2.8673950054112556
2018-09-09 03:00:00,3.13,3.007318100649351
2018-09-09 03:15:00,3.13,3.0532632196969693
2018-09-09 03:30:00,2.95,2.9565120021645015
2018-09-09 03:45:00,2.84,2.8703895833333344
2018-09-09 04:00:00,2.84,3.072686071428571
2018-09-09 04:15:00,3.17,2.9198259523809496
2018-09-09 04:30:00,3.42,3.0017864484126977
2018-09-09 04:45:00,2.92,2.937842976190476
2018-09-09 05:00:00,2.92,2.9580348412698396
2018-09-09 05:15:00,2.88,2.9017177380952357
2018-09-09 05:30:00,2.84,2.942110992063491
2018-09-09 05:45:00,2.81,2.9423832936507917
2018-09-09 06:00:00,2.84,2.9951281547619044
2018-09-09 06:15:00,3.17,2.9281748214285686
2018-09-09 06:30:00,3.13,2.901747996031743
2018-09-09 06:45:00,2.81,2.8805731746031773
2018-09-09 07:00:00,2.92,2.8715077182539672
2018-09-09 07:15:00,2.92,3.2281391071428573
2018-09-09 07:30:00,3.06,3.090773571428571
2018-09-09 07:45:00,3.06,3.127868333333331
2018-09-09 08:00:00,3.74,8.157155198412699
2018-09-09 08:15:00,5.76,12.288424642857148
2018-09-09 08:30:00,8.53,24.15058023809524
2018-09-09 08:45:00,10.55,9.616206785714288
2018-09-09 09:00:00,10.22,12.03983875
2018-09-09 09:15:00,10.98,21.684248928571414
2018-09-09 09:30:00,11.45,24.855588154761886
2018-09-09 09:45:00,10.58,19.09634005952381
2018-09-09 10:00:00,11.09,28.639207202380934
2018-09-09 10:15:00,10.44,27.676171547619038
2018-09-09 10:30:00,7.67,16.7309418452381
2018-09-09 10:45:00,9.11,13.33981041666667
2018-09-09 11:00:00,20.66,12.190583154761903
2018-09-09 11:15:00,25.78,26.82246053571428
2018-09-09 11:30:00,20.99,29.98063910714284
2018-09-09 11:45:00,4.07,21.85656285714286
2018-09-09 12:00:00,4.07,7.781000297619052
2018-09-09 12:15:00,4.07,4.400099226190474
2018-09-09 12:30:00,4.1,4.3721563095238105
2018-09-09 12:45:00,4.1,4.344800714285715
2018-09-09 13:00:00,4.1,15.331418015873016
2018-09-09 13:15:00,21.1,19.49532617063492
2018-09-09 13:30:00,28.76,18.056156130952385
2018-09-09 13:45:00,29.48,29.457725773809504
2018-09-09 14:00:00,29.59,25.340095178571428
2018-09-09 14:15:00,27.36,34.90976660714286
2018-09-09 14:30:00,25.42,36.23305946428571
2018-09-09 14:45:00,25.52,32.80816619047619
2018-09-09 15:00:00,23.9,33.91704107142858
2018-09-09 15:15:00,23.26,23.194121904761897
2018-09-09 15:30:00,23.65,20.94624327380952
2018-09-09 15:45:00,17.71,12.152350833333328
2018-09-09 16:00:00,4.25,12.055781249999994
2018-09-09 16:15:00,4.5,6.273816726190478
2018-09-09 16:30:00,5.18,4.388890892857143
2018-09-09 16:45:00,6.26,4.166761845238098
2018-09-09 17:00:00,3.85,4.123397896825393
2018-09-09 17:15:00,3.67,4.569904404761906
2018-09-09 17:30:00,3.64,3.8773848809523805
2018-09-09 17:45:00,3.64,3.6495919642857153
2018-09-09 18:00:00,3.49,3.5409286904761905
2018-09-09 18:15:00,3.53,3.584225813492062
2018-09-09 18:30:00,3.49,3.4122977182539684
2018-09-09 18:45:00,2.99,3.399498293650794
2018-09-09 19:00:00,2.95,3.2904360317460313
2018-09-09 19:15:00,2.95,2.9834199999999997
2018-09-09 19:30:00,2.99,3.0143009126984146
2018-09-09 19:45:00,2.99,3.0029675198412695
2018-09-09 20:00:00,2.95,3.0669111309523798
2018-09-09 20:15:00,2.99,3.0873041666666676
2018-09-09 20:30:00,2.95,3.096688710317457
2018-09-09 20:45:00,2.95,3.1690966666666665
2018-09-09 21:00:00,2.99,3.1187931944444447
2018-09-09 21:15:00,3.02,3.0739091666666667
2018-09-09 21:30:00,2.99,3.085827182539681
2018-09-09 21:45:00,2.95,3.0874502976190463
2018-09-09 22:00:00,3.74,3.0694444444444446
2018-09-09 22:15:00,4.03,3.143658333333333
2018-09-09 22:30:00,2.77,3.029916230158729
2018-09-09 22:45:00,2.88,2.9504139682539687
2018-09-09 23:00:00,2.77,2.905651428571427
2018-09-09 23:15:00,2.77,2.901034027777775
2018-09-09 23:30:00,2.74,2.8370694841269857
2018-09-09 23:45:00,2.77,2.884037738095236
2018-09-10 00:00:00,2.77,2.883446488095239
2018-09-10 00:15:00,2.88,2.8643805555555546
2018-09-10 00:30:00,2.77,2.8472342460317446
2018-09-10 00:45:00,2.77,2.9101910714285713
2018-09-10 01:00:00,2.84,2.848403333333332
2018-09-10 01:15:00,2.81,2.8771441666666657
2018-09-10 01:30:00,2.77,2.8839062698412685
2018-09-10 01:45:00,3.28,2.886886904761903
2018-09-10 02:00:00,3.02,2.9143158333333328
2018-09-10 02:15:00,2.81,3.018887738095237
2018-09-10 02:30:00,2.81,2.9259720238095213
2018-09-10 02:45:00,2.81,2.84760369047619
2018-09-10 03:00:00,3.38,2.8576703571428546
2018-09-10 03:15:00,3.35,2.9014646031746043
2018-09-10 03:30:00,2.81,2.8401048214285707
2018-09-10 03:45:00,2.84,2.89435726190476
2018-09-10 04:00:00,2.81,2.8503772222222197
2018-09-10 04:15:00,2.77,2.8519923809523804
2018-09-10 04:30:00,2.84,2.8835227976190443
2018-09-10 04:45:00,2.88,2.8499951190476174
2018-09-10 05:00:00,2.84,2.8469785714285702
2018-09-10 05:15:00,2.81,2.8684730357142847
2018-09-10 05:30:00,3.35,2.8998473809523806
2018-09-10 05:45:00,2.95,2.8800109523809505
2018-09-10 06:00:00,2.7,2.9061244841269827
2018-09-10 06:15:00,2.77,2.9605962499999987
2018-09-10 06:30:00,2.74,2.746493630952381
2018-09-10 06:45:00,2.74,2.8635572420634925
2018-09-10 07:00:00,2.74,2.8507517857142854
2018-09-10 07:15:00,3.02,3.4588292857142857
2018-09-10 07:30:00,3.17,3.754216309523811
2018-09-10 07:45:00,3.2,4.046184404761905
2018-09-10 08:00:00,15.44,26.0368444642857
2018-09-10 08:15:00,80.21,47.62250477272728
2018-09-10 08:30:00,58.28,48.93096440476194
2018-09-10 08:45:00,50.11,91.42763017857145
2018-09-10 09:00:00,46.66,65.90502079365083
2018-09-10 09:15:00,57.06,62.871048095238066
2018-09-10 09:30:00,58.46,62.76046462301586
2018-09-10 09:45:00,48.96,58.09376196428571
2018-09-10 10:00:00,55.66,54.38333386904762
2018-09-10 10:15:00,46.04,50.8843721031746
2018-09-10 10:30:00,56.12,53.13330940476189
2018-09-10 10:45:00,56.74,53.02588773809525
2018-09-10 11:00:00,51.08,61.69391974206348
2018-09-10 11:15:00,56.7,51.57587154761902
2018-09-10 11:30:00,54.79,52.48885515873012
2018-09-10 11:45:00,59.08,11.389241785714285
2018-09-10 12:00:00,4.79,5.885180595238097
2018-09-10 12:15:00,4.57,5.54726011904762
2018-09-10 12:30:00,3.92,4.925943214285712
2018-09-10 12:45:00,3.82,4.940871011904762
2018-09-10 13:00:00,58.32,38.320670059523806
2018-09-10 13:15:00,108.07,52.07844452380952
2018-09-10 13:30:00,89.75,79.576112202381
2018-09-10 13:45:00,103.46,85.95127390873016
2018-09-10 14:00:00,116.68,78.11523011904758
2018-09-10 14:15:00,63.65,78.3881525
2018-09-10 14:30:00,108.32,101.1008073593074
2018-09-10 14:45:00,104.08,82.69148063492062
2018-09-10 15:00:00,73.33,83.17343228174603
2018-09-10 15:15:00,109.87,97.88790863095228
2018-09-10 15:30:00,87.7,88.09398269841272
2018-09-10 15:45:00,101.95,83.67809355158728
2018-09-10 16:00:00,122.54,89.3966538095238
2018-09-10 16:15:00,92.23,86.28012656746027
2018-09-10 16:30:00,106.06,97.08331481060611
2018-09-10 16:45:00,120.46,95.23956065476187
2018-09-10 17:00:00,82.44,99.23228791666662
2018-09-10 17:15:00,121.46,100.12607990079367
2018-09-10 17:30:00,108.14,46.83432749999998
2018-09-10 17:45:00,47.45,43.870405833333336
2018-09-10 18:00:00,14.94,48.18937428571429
2018-09-10 18:15:00,3.82,78.58115178571433
2018-09-10 18:30:00,3.82,4.924112738095236
2018-09-10 18:45:00,3.46,3.8242641071428576
2018-09-10 19:00:00,3.46,3.8592811706349233
2018-09-10 19:15:00,3.49,3.5488333928571425
2018-09-10 19:30:00,3.53,3.6479679166666665
2018-09-10 19:45:00,3.49,3.730989702380954
2018-09-10 20:00:00,3.46,3.452442261904759
2018-09-10 20:15:00,3.42,3.488270615079364
2018-09-10 20:30:00,3.49,3.4520393055555534
2018-09-10 20:45:00,3.49,3.325941190476189
2018-09-10 21:00:00,3.53,3.318004523809524
2018-09-10 21:15:00,3.53,3.3198812499999986
2018-09-10 21:30:00,4.1,3.3679691666666645
2018-09-10 21:45:00,4.64,3.6324014880952378
2018-09-10 22:00:00,2.92,3.336231626984124
2018-09-10 22:15:00,2.66,3.4643193055555543
2018-09-10 22:30:00,2.63,2.9545024404761904
2018-09-10 22:45:00,2.7,2.781508749999999
2018-09-10 23:00:00,2.63,2.6653713095238083
2018-09-10 23:15:00,2.59,2.7329422222222224
2018-09-10 23:30:00,2.52,2.743467124542125
2018-09-10 23:45:00,2.56,2.7545243452380954
2018-09-11 00:00:00,2.56,2.68849988095238
2018-09-11 00:15:00,2.63,2.67340738095238
2018-09-11 00:30:00,2.56,2.700783611111112
2018-09-11 00:45:00,2.63,2.6614927182539687
2018-09-11 01:00:00,2.66,2.669980396825398
2018-09-11 01:15:00,2.63,2.6422590476190466
2018-09-11 01:30:00,3.17,2.6647867261904787
2018-09-11 01:45:00,2.92,2.707393432539685
2018-09-11 02:00:00,2.59,2.7398529563492082
2018-09-11 02:15:00,2.56,2.6869280555555553
2018-09-11 02:30:00,3.2,2.8315842460317437
2018-09-11 02:45:00,2.88,2.7814752976190444
2018-09-11 03:00:00,2.56,2.7846276370851357
2018-09-11 03:15:00,2.66,2.7909704761904766
2018-09-11 03:30:00,2.59,2.7199546520146503
2018-09-11 03:45:00,2.66,2.8353874999999977
2018-09-11 04:00:00,2.56,2.6780061309523804
2018-09-11 04:15:00,2.56,2.656981488095237
2018-09-11 04:30:00,2.59,2.624965335497835
2018-09-11 04:45:00,2.63,2.6202732142857132
2018-09-11 05:00:00,2.56,2.5829924603174597
2018-09-11 05:15:00,2.59,2.604318809523808
2018-09-11 05:30:00,2.56,2.6557669047619044
2018-09-11 05:45:00,2.95,2.7217330357142853
2018-09-11 06:00:00,3.02,2.703055238095237
2018-09-11 06:15:00,2.63,2.7731048412698427
2018-09-11 06:30:00,2.56,2.681110119047619
2018-09-11 06:45:00,2.52,2.8134145634920618
2018-09-11 07:00:00,2.81,2.8996430357142833
2018-09-11 07:15:00,3.06,3.547481607142855
2018-09-11 07:30:00,2.99,4.887095992063494
2018-09-11 07:45:00,3.13,5.974214087301593
2018-09-11 08:00:00,52.38,27.316448928571408
2018-09-11 08:15:00,106.52,27.55039855158733
2018-09-11 08:30:00,102.46,81.66416367063492
2018-09-11 08:45:00,93.92,79.74249462301586
2018-09-11 09:00:00,115.13,87.45948075396825
2018-09-11 09:15:00,106.7,84.2125361309524
2018-09-11 09:30:00,67.93,92.07921557539686
2018-09-11 09:45:00,86.15,91.78833605158731
2018-09-11 10:00:00,125.46,82.33654922619047
2018-09-11 10:15:00,95.15,84.98382025793653
2018-09-11 10:30:00,77.69,95.13622702380951
2018-09-11 10:45:00,107.14,90.06572799603173
2018-09-11 11:00:00,109.58,85.41568630952382
2018-09-11 11:15:00,90.25,89.69594316849822
2018-09-11 11:30:00,122.11,93.7236385515873
2018-09-11 11:45:00,114.84,92.14087954365081
2018-09-11 12:00:00,7.56,11.51568738095238
2018-09-11 12:15:00,7.42,6.555993988095238
2018-09-11 12:30:00,6.84,5.819870952380951
2018-09-11 12:45:00,6.16,6.9604422023809525
2018-09-11 13:00:00,55.69,80.87148240079365
2018-09-11 13:15:00,96.84,94.98115499639256
2018-09-11 13:30:00,122.94,89.39074551587304
2018-09-11 13:45:00,125.89,90.96161115079369
2018-09-11 14:00:00,62.78,106.45976496031744
2018-09-11 14:15:00,59.54,98.23130426587308
2018-09-11 14:30:00,64.98,92.17741349206347
2018-09-11 14:45:00,53.64,82.67990172619045
2018-09-11 15:00:00,62.57,69.93071740079367
2018-09-11 15:15:00,58.07,66.79414236471865
2018-09-11 15:30:00,70.16,63.769450337301606
2018-09-11 15:45:00,106.67,64.35481988095235
2018-09-11 16:00:00,73.44,72.07880077380948
2018-09-11 16:15:00,115.34,87.55014126984116
2018-09-11 16:30:00,99.11,85.94376952380948
2018-09-11 16:45:00,122.76,85.60459976190475
2018-09-11 17:00:00,118.84,95.297222797619
2018-09-11 17:15:00,75.82,96.05088695887449
2018-09-11 17:30:00,62.42,47.8571155952381
2018-09-11 17:45:00,28.37,57.03708166666663
2018-09-11 18:00:00,35.21,63.423441051587275
2018-09-11 18:15:00,38.16,46.02525184523809
2018-09-11 18:30:00,33.62,71.53426613095233
2018-09-11 18:45:00,34.81,53.4183622420635
2018-09-11 19:00:00,37.26,44.507506865079364
2018-09-11 19:15:00,37.76,43.05470049603176
2018-09-11 19:30:00,37.58,40.64800255952381
2018-09-11 19:45:00,32.15,39.336293154761904
2018-09-11 20:00:00,37.33,37.3730120238095
2018-09-11 20:15:00,38.52,36.38286299603173
2018-09-11 20:30:00,34.02,32.29133565476191
2018-09-11 20:45:00,14.72,30.105254702380943
2018-09-11 21:00:00,6.52,10.299028690476195
2018-09-11 21:15:00,4.0,4.608914007936509
2018-09-11 21:30:00,3.89,4.717360793650792
2018-09-11 21:45:00,3.82,3.820587043650792
2018-09-11 22:00:00,3.6,3.7364315277777784
2018-09-11 22:15:00,3.6,3.527184126984128
2018-09-11 22:30:00,4.18,3.3005377380952385
2018-09-11 22:45:00,4.72,3.35193869047619
2018-09-11 23:00:00,3.53,3.5821731944444464
2018-09-11 23:15:00,3.49,3.5117562500000012
2018-09-11 23:30:00,3.06,3.200768888888888
2018-09-11 23:45:00,2.95,3.192309424603175
2018-09-12 00:00:00,2.92,2.99833994047619
2018-09-12 00:15:00,2.95,3.016188392857145
2018-09-12 00:30:00,2.92,3.129517142857143
2018-09-12 00:45:00,2.92,3.1116981547619065
2018-09-12 01:00:00,2.95,3.041959404761904
2018-09-12 01:15:00,2.92,3.0523845238095224
2018-09-12 01:30:00,2.95,3.0863220039682555
2018-09-12 01:45:00,2.99,3.0600625000000012
2018-09-12 02:00:00,2.88,3.028651488095239
2018-09-12 02:15:00,2.95,3.019478849206351
2018-09-12 02:30:00,2.92,3.1412249404761887
2018-09-12 02:45:00,2.92,3.1125976388888876
2018-09-12 03:00:00,2.99,3.246273095238097
2018-09-12 03:15:00,3.2,3.0779770833333333
2018-09-12 03:30:00,4.32,3.099286091269841
2018-09-12 03:45:00,3.38,3.084067976190476
2018-09-12 04:00:00,2.95,2.928710952380952
2018-09-12 04:15:00,2.92,3.0806816071428575
2018-09-12 04:30:00,2.99,2.990162142857145
2018-09-12 04:45:00,2.92,3.001977797619047
2018-09-12 05:00:00,2.92,2.9989490458152948
2018-09-12 05:15:00,2.92,3.144679642857144
2018-09-12 05:30:00,2.88,3.251401011904763
2018-09-12 05:45:00,2.88,3.0951558928571434
2018-09-12 06:00:00,2.92,3.069354226190474
2018-09-12 06:15:00,2.92,3.012719821428568
2018-09-12 06:30:00,2.88,3.060282321428571
2018-09-12 06:45:00,2.84,3.0748419047619047
2018-09-12 07:00:00,2.88,3.010598035714284
2018-09-12 07:15:00,3.02,3.460958730158728
2018-09-12 07:30:00,3.31,4.045279920634919
2018-09-12 07:45:00,4.75,6.29355712301587
2018-09-12 08:00:00,58.07,52.78309503968253
2018-09-12 08:15:00,126.25,68.35326789682544
2018-09-12 08:30:00,87.91,85.94562154761896
2018-09-12 08:45:00,54.54,91.92560755952378
2018-09-12 09:00:00,54.25,88.22240732142858
2018-09-12 09:15:00,41.69,76.84903410714287
2018-09-12 09:30:00,52.78,65.88131765873013
2018-09-12 09:45:00,59.33,50.01665946428571
2018-09-12 10:00:00,47.84,59.77787170634922
2018-09-12 10:15:00,46.15,60.07934512987012
2018-09-12 10:30:00,49.03,58.18501660714289
2018-09-12 10:45:00,55.44,52.72491351190476
2018-09-12 11:00:00,67.0,54.5183036904762
2018-09-12 11:15:00,54.36,55.540867099567116
2018-09-12 11:30:00,59.33,62.43115071428571
2018-09-12 11:45:00,44.35,55.61580694444446
2018-09-12 12:00:00,4.43,8.708137718253967
2018-09-12 12:15:00,5.18,6.670768670634916
2018-09-12 12:30:00,4.5,4.824020952380949
2018-09-12 12:45:00,5.11,5.233496607142854
2018-09-12 13:00:00,38.23,33.82229440476191
2018-09-12 13:15:00,64.22,54.98603113095237
2018-09-12 13:30:00,62.42,66.85554003968258
2018-09-12 13:45:00,66.53,65.0541649404762
2018-09-12 14:00:00,91.51,58.47027676587299
2018-09-12 14:15:00,66.02,61.85252452380953
2018-09-12 14:30:00,76.82,75.85396982142858
2018-09-12 14:45:00,115.7,69.52095996031746
2018-09-12 15:00:00,77.44,72.91497708333331
2018-09-12 15:15:00,99.68,88.77959982142853
2018-09-12 15:30:00,120.13,87.72626253968258
2018-09-12 15:45:00,87.52,76.75208767857146
2018-09-12 16:00:00,53.75,100.06601242063495
2018-09-12 16:15:00,57.49,85.94637871031748
2018-09-12 16:30:00,58.39,82.95523591269843
2018-09-12 16:45:00,58.39,65.70536517857147
2018-09-12 17:00:00,58.39,64.42756714285716
2018-09-12 17:15:00,43.49,61.37580484126989
2018-09-12 17:30:00,29.09,40.40697089285716
2018-09-12 17:45:00,27.32,34.17494690476186
2018-09-12 18:00:00,43.45,46.57126660714286
2018-09-12 18:15:00,55.76,40.61821749999999
2018-09-12 18:30:00,51.8,47.4952446825397
2018-09-12 18:45:00,44.14,53.91149702380951
2018-09-12 19:00:00,58.5,59.63320505952378
2018-09-12 19:15:00,44.6,48.77813976190475
2018-09-12 19:30:00,49.5,58.18316869047621
2018-09-12 19:45:00,56.09,49.11028964285709
2018-09-12 20:00:00,40.39,52.22905295634922
2018-09-12 20:15:00,43.31,49.20865025793651
2018-09-12 20:30:00,32.51,39.45065545634919
2018-09-12 20:45:00,13.82,20.152985692640694
2018-09-12 21:00:00,5.54,8.367032104978353
2018-09-12 21:15:00,3.82,4.0834319642857135
2018-09-12 21:30:00,3.64,4.063549285714284
2018-09-12 21:45:00,3.64,3.704392025613276
2018-09-12 22:00:00,3.46,3.589987083333335
2018-09-12 22:15:00,3.49,3.4875675198412703
2018-09-12 22:30:00,3.38,3.4949066071428576
2018-09-12 22:45:00,3.35,3.5460219444444436
2018-09-12 23:00:00,3.35,3.3393324404761895
2018-09-12 23:15:00,3.35,3.3204502380952396
2018-09-12 23:30:00,3.31,3.2738953571428566
2018-09-12 23:45:00,3.35,3.301628690476189
2018-09-13 00:00:00,3.06,3.32435107142857
2018-09-13 00:15:00,2.74,3.2865880952380957
2018-09-13 00:30:00,2.74,3.1012822619047595
2018-09-13 00:45:00,2.77,2.798086071428573
2018-09-13 01:00:00,2.7,2.7826110317460317
2018-09-13 01:15:00,2.77,2.818429603174603
2018-09-13 01:30:00,2.77,2.737817559523811
2018-09-13 01:45:00,2.66,2.773737916666666
2018-09-13 02:00:00,2.99,2.7879308333333315
2018-09-13 02:15:00,3.38,2.7473827380952396
2018-09-13 02:30:00,2.99,2.9507701388888874
2018-09-13 02:45:00,2.77,2.9196581746031747
2018-09-13 03:00:00,2.74,2.9541680952380953
2018-09-13 03:15:00,2.74,2.8560351785714273
2018-09-13 03:30:00,2.7,2.884239404761905
2018-09-13 03:45:00,2.81,2.887270059523809
2018-09-13 04:00:00,3.17,2.780633376623377
2018-09-13 04:15:00,3.38,2.8731094642857147
2018-09-13 04:30:00,2.81,2.7909179761904763
2018-09-13 04:45:00,2.77,2.807334285714286
2018-09-13 05:00:00,2.84,2.820778492063491
2018-09-13 05:15:00,2.81,2.8354472023809536
2018-09-13 05:30:00,2.84,2.817491507936507
2018-09-13 05:45:00,2.77,2.866639880952381
2018-09-13 06:00:00,2.74,2.9352771230158736
2018-09-13 06:15:00,2.81,3.009083392857146
2018-09-13 06:30:00,2.77,2.9215700000000004
2018-09-13 06:45:00,2.7,3.010156269841269
2018-09-13 07:00:00,2.81,2.89187482142857
2018-09-13 07:15:00,2.81,3.150634444444444
2018-09-13 07:30:00,3.6,3.6382717261904762
2018-09-13 07:45:00,4.61,4.142471250000001
2018-09-13 08:00:00,35.75,34.272692261904766
2018-09-13 08:15:00,52.78,69.07656301587305
2018-09-13 08:30:00,47.95,60.88454544372296
2018-09-13 08:45:00,90.79,62.90052319444441
2018-09-13 09:00:00,108.72,56.37657134920635
2018-09-13 09:15:00,105.52,86.89989343253974
2018-09-13 09:30:00,59.51,83.13578400793645
2018-09-13 09:45:00,116.64,88.04243821428572
2018-09-13 10:00:00,123.55,67.16719511904765
2018-09-13 10:15:00,78.44,89.95471128968255
2018-09-13 10:30:00,51.8,97.28457880952381
2018-09-13 10:45:00,53.6,86.93080817460319
2018-09-13 11:00:00,50.33,75.23639992063492
2018-09-13 11:15:00,51.01,60.36657458333333
2018-09-13 11:30:00,56.45,59.98165916666667
2018-09-13 11:45:00,56.09,57.39558845238098
2018-09-13 12:00:00,7.31,8.72468724206349
2018-09-13 12:15:00,4.43,6.365789404761905
2018-09-13 12:30:00,4.5,5.6856513095238155
2018-09-13 12:45:00,5.08,5.080685476190479
2018-09-13 13:00:00,40.25,37.52566242063494
2018-09-13 13:15:00,60.48,62.1097348015873
2018-09-13 13:30:00,58.18,71.27262077380955
2018-09-13 13:45:00,65.99,61.82453369047616
2018-09-13 14:00:00,59.8,60.79720714285711
2018-09-13 14:15:00,51.44,65.29069833333335
2018-09-13 14:30:00,61.81,59.98259030303033
2018-09-13 14:45:00,67.9,58.58875853174604
2018-09-13 15:00:00,109.01,58.23713710317462
2018-09-13 15:15:00,99.72,60.97369803932178
2018-09-13 15:30:00,68.0,94.44625873015872
2018-09-13 15:45:00,101.02,90.73970007936506
2018-09-13 16:00:00,122.87,85.77592505952376
2018-09-13 16:15:00,74.56,84.82702220238095
2018-09-13 16:30:00,49.32,95.4394302380952
2018-09-13 16:45:00,58.68,89.6096087103175
2018-09-13 17:00:00,54.4,72.32216720238092
2018-09-13 17:15:00,57.74,59.23985454365079
2018-09-13 17:30:00,32.69,35.161491388888884
2018-09-13 17:45:00,31.97,30.497664384920633
2018-09-13 18:00:00,41.22,45.06087690476186
2018-09-13 18:15:00,50.65,59.87084721681098
2018-09-13 18:30:00,46.3,50.04188619047618
2018-09-13 18:45:00,57.17,58.52251732142859
2018-09-13 19:00:00,54.76,56.555960257936476
2018-09-13 19:15:00,49.1,60.36621607142857
2018-09-13 19:30:00,46.8,59.71611142857144
2018-09-13 19:45:00,40.79,53.1053434126984
2018-09-13 20:00:00,47.95,51.62636821428571
2018-09-13 20:15:00,69.16,47.508129325396816
2018-09-13 20:30:00,49.82,47.32292226190472
2018-09-13 20:45:00,19.98,38.14058749999999
2018-09-13 21:00:00,5.04,8.247214623015878
2018-09-13 21:15:00,4.93,4.108251190476189
2018-09-13 21:30:00,4.86,3.9824779563492045
2018-09-13 21:45:00,4.79,4.097558849206348
2018-09-13 22:00:00,4.46,4.104795138888887
2018-09-13 22:15:00,4.46,4.325841448412699
2018-09-13 22:30:00,4.43,3.7515857575757563
2018-09-13 22:45:00,4.28,3.9293388095238106
2018-09-13 23:00:00,4.28,3.9234113095238103
2018-09-13 23:15:00,4.32,3.799525833333334
2018-09-13 23:30:00,4.28,3.8533757738095242
2018-09-13 23:45:00,4.28,3.854728035714287
2018-09-14 00:00:00,4.28,3.895457023809523
2018-09-14 00:15:00,4.25,3.813824404761906
2018-09-14 00:30:00,3.89,3.808127023809526
2018-09-14 00:45:00,3.28,3.842165654761907
2018-09-14 01:00:00,3.24,3.842556924603175
2018-09-14 01:15:00,3.53,3.1906619841269834
2018-09-14 01:30:00,4.36,3.1906917857142862
2018-09-14 01:45:00,3.31,3.2364075793650824
2018-09-14 02:00:00,3.35,3.3247259126984137
2018-09-14 02:15:00,3.31,3.2518599999999998
2018-09-14 02:30:00,3.31,3.2758013095238105
2018-09-14 02:45:00,3.24,3.25563636904762
2018-09-14 03:00:00,3.28,3.272551845238096
2018-09-14 03:15:00,3.28,3.237529940476192
2018-09-14 03:30:00,3.35,3.2791221428571453
2018-09-14 03:45:00,3.31,3.282998154761906
2018-09-14 04:00:00,3.89,3.3388816071428544
2018-09-14 04:15:00,4.07,3.371221011904761
2018-09-14 04:30:00,3.31,3.4361076785714273
2018-09-14 04:45:00,3.31,3.1837414087301585
2018-09-14 05:00:00,3.35,3.224085694444443
2018-09-14 05:15:00,3.35,3.24535849206349
2018-09-14 05:30:00,3.64,3.291872023809522
2018-09-14 05:45:00,4.28,3.3872172619047625
2018-09-14 06:00:00,3.67,3.377925694444445
2018-09-14 06:15:00,3.24,3.2715035515873
2018-09-14 06:30:00,3.31,3.2856948214285726
2018-09-14 06:45:00,3.24,3.1769858333333314
2018-09-14 07:00:00,3.28,3.2798314682539673
2018-09-14 07:15:00,3.49,3.6386358333333315
2018-09-14 07:30:00,3.71,4.457499821428569
2018-09-14 07:45:00,4.82,4.861922554112555
2018-09-14 08:00:00,33.34,37.74105837301586
2018-09-14 08:15:00,50.9,83.79146716269842
2018-09-14 08:30:00,63.58,63.252005119047624
2018-09-14 08:45:00,49.32,60.98354537878784
2018-09-14 09:00:00,47.41,61.27788774891775
2018-09-14 09:15:00,61.2,59.13678741341986
2018-09-14 09:30:00,45.79,61.48475586580087
2018-09-14 09:45:00,39.6,58.196877936507946
2018-09-14 10:00:00,41.18,54.20803232142859
2018-09-14 10:15:00,52.06,52.66964498015874
2018-09-14 10:30:00,55.19,51.937792023809514
2018-09-14 10:45:00,50.4,57.49698968253969
2018-09-14 11:00:00,56.05,56.06476095238097
2018-09-14 11:15:00,55.4,53.001475317460326
2018-09-14 11:30:00,64.48,54.70842603174603
2018-09-14 11:45:00,63.4,52.96031083333333
2018-09-14 12:00:00,13.46,7.142232916666661
2018-09-14 12:15:00,4.32,5.915830021645022
2018-09-14 12:30:00,4.64,5.396077857142859
2018-09-14 12:45:00,3.71,4.975164880952381
2018-09-14 13:00:00,47.34,39.032535654761915
2018-09-14 13:15:00,54.76,58.74813404761907
2018-09-14 13:30:00,68.29,66.13783482864362
2018-09-14 13:45:00,58.46,58.506954384920626
2018-09-14 14:00:00,66.31,65.38544202380957
2018-09-14 14:15:00,60.98,58.37237285714287
2018-09-14 14:30:00,67.68,62.95094729437226
2018-09-14 14:45:00,61.49,63.010611428571394
2018-09-14 15:00:00,48.24,63.30760940476193
2018-09-14 15:15:00,61.06,60.35955654761908
2018-09-14 15:30:00,65.99,56.58710186507933
2018-09-14 15:45:00,58.03,59.02057297619047
2018-09-14 16:00:00,65.81,60.921272202380926
2018-09-14 16:15:00,111.78,58.67711255952381
2018-09-14 16:30:00,106.16,63.545797162698385
2018-09-14 16:45:00,48.13,87.51231571428566
2018-09-14 17:00:00,43.02,88.0299604761905
2018-09-14 17:15:00,62.5,63.85942791666664
2018-09-14 17:30:00,54.58,35.0512075
2018-09-14 17:45:00,34.99,34.11382404761906
2018-09-14 18:00:00,28.48,38.96981541666667
2018-09-14 18:15:00,29.05,43.894204464285714
2018-09-14 18:30:00,28.26,19.24244952922079
2018-09-14 18:45:00,27.0,39.746639583333334
2018-09-14 19:00:00,20.41,26.947636553030303
2018-09-14 19:15:00,7.85,25.909941726190468
2018-09-14 19:30:00,8.32,6.568674523809522
2018-09-14 19:45:00,4.54,5.486259761904762
2018-09-14 20:00:00,3.67,5.826421428571432
2018-09-14 20:15:00,3.71,4.31476214285714
2018-09-14 20:30:00,3.67,3.9696011309523787
2018-09-14 20:45:00,3.64,3.901529107142856
2018-09-14 21:00:00,3.6,3.703587976190476
2018-09-14 21:15:00,3.74,3.7126769047619064
2018-09-14 21:30:00,3.6,3.6942189484126975
2018-09-14 21:45:00,3.6,3.735254642857143
2018-09-14 22:00:00,3.28,3.6266253769841246
2018-09-14 22:15:00,3.31,3.61954341269841
2018-09-14 22:30:00,2.84,3.244112797619049
2018-09-14 22:45:00,2.7,3.30600505952381
2018-09-14 23:00:00,2.66,2.876899361471861
2018-09-14 23:15:00,2.66,2.7708839087301618
2018-09-14 23:30:00,2.66,2.7707587500000024
2018-09-14 23:45:00,2.66,2.834667857142857
2018-09-15 00:00:00,2.7,2.800628571428574
2018-09-15 00:15:00,2.63,2.777093333333334
2018-09-15 00:30:00,2.63,2.7832335714285734
2018-09-15 00:45:00,2.63,2.7719217857142855
2018-09-15 01:00:00,2.81,2.786851666666669
2018-09-15 01:15:00,3.24,2.8035917857142874
2018-09-15 01:30:00,2.99,2.9388350396825382
2018-09-15 01:45:00,2.66,2.888938373015873
2018-09-15 02:00:00,2.7,2.8917902380952394
2018-09-15 02:15:00,2.7,2.7649229166666656
2018-09-15 02:30:00,2.63,2.762174880952384
2018-09-15 02:45:00,2.63,2.7615113095238115
2018-09-15 03:00:00,2.7,2.7695494047619054
2018-09-15 03:15:00,2.63,2.7963145995671006
2018-09-15 03:30:00,2.63,2.78840130952381
2018-09-15 03:45:00,3.31,2.76616761904762
2018-09-15 04:00:00,2.77,2.793945952380954
2018-09-15 04:15:00,2.7,2.749429583333332
2018-09-15 04:30:00,2.7,2.8405529761904766
2018-09-15 04:45:00,2.7,2.7866616269841287
2018-09-15 05:00:00,2.7,2.7740521428571427
2018-09-15 05:15:00,2.63,2.75161523809524
2018-09-15 05:30:00,2.59,2.7599035317460334
2018-09-15 05:45:00,2.63,2.7682003769841286
2018-09-15 06:00:00,2.7,2.723332281746031
2018-09-15 06:15:00,2.63,2.70019630952381
2018-09-15 06:30:00,2.63,2.7302460714285735
2018-09-15 06:45:00,2.63,2.7876257142857157
2018-09-15 07:00:00,3.06,2.831468690476191
2018-09-15 07:15:00,3.1,2.986035476190478
2018-09-15 07:30:00,2.74,3.393653867243868
2018-09-15 07:45:00,8.06,3.7581697619047607
2018-09-15 08:00:00,34.02,6.90818904761905
2018-09-15 08:15:00,33.44,35.223253055555546
2018-09-15 08:30:00,38.3,44.64562938492067
2018-09-15 08:45:00,48.78,37.37801988095237
2018-09-15 09:00:00,33.05,37.28003027777777
2018-09-15 09:15:00,35.75,48.616758928571414
2018-09-15 09:30:00,35.14,48.185045238095206
2018-09-15 09:45:00,40.14,37.22864277777775
2018-09-15 10:00:00,33.8,43.13109309523809
2018-09-15 10:15:00,40.43,39.91923017857142
2018-09-15 10:30:00,33.01,40.26573749999999
2018-09-15 10:45:00,40.72,39.831644761904755
2018-09-15 11:00:00,41.22,40.84488634920635
2018-09-15 11:15:00,32.58,34.47817968253965
2018-09-15 11:30:00,40.39,40.39524996031746
2018-09-15 11:45:00,17.89,26.609725119047624
2018-09-15 12:00:00,3.31,6.702558968253968
2018-09-15 12:15:00,3.82,4.88140132936508
2018-09-15 12:30:00,3.82,3.9831697619047595
2018-09-15 12:45:00,3.31,3.823854940476193
2018-09-15 13:00:00,29.63,23.925904821428563
2018-09-15 13:15:00,40.97,36.75445029761905
2018-09-15 13:30:00,39.96,42.088639722222226
2018-09-15 13:45:00,36.65,37.65406424603175
2018-09-15 14:00:00,40.39,39.20318009920633
2018-09-15 14:15:00,40.39,39.023329722222215
2018-09-15 14:30:00,32.98,44.60434043650791
2018-09-15 14:45:00,37.84,40.8119486904762
2018-09-15 15:00:00,44.21,40.413125297619054
2018-09-15 15:15:00,42.37,40.65615817460317
2018-09-15 15:30:00,38.59,45.58677938492062
2018-09-15 15:45:00,33.08,46.00829244047618
2018-09-15 16:00:00,39.67,34.316761865079364
2018-09-15 16:15:00,40.72,38.53188370670996
2018-09-15 16:30:00,39.67,36.36619646825397
2018-09-15 16:45:00,5.83,18.315158690476196
2018-09-15 17:00:00,3.82,8.03969456349207
2018-09-15 17:15:00,3.46,3.961869603174601
2018-09-15 17:30:00,3.49,3.663468154761907
2018-09-15 17:45:00,3.49,3.47811642857143
2018-09-15 18:00:00,3.42,3.4938772023809537
2018-09-15 18:15:00,3.42,3.5857458333333345
2018-09-15 18:30:00,3.6,3.5257018452380966
2018-09-15 18:45:00,3.67,3.5072672619047625
2018-09-15 19:00:00,3.64,3.4978639880952396
2018-09-15 19:15:00,3.6,3.5891582936507915
2018-09-15 19:30:00,3.64,3.5462399999999987
2018-09-15 19:45:00,3.06,3.584128392857142
2018-09-15 20:00:00,2.99,3.468405367965371
2018-09-15 20:15:00,2.92,3.1099257539682554
2018-09-15 20:30:00,2.92,3.0046082738095237
2018-09-15 20:45:00,2.95,2.958776190476192
2018-09-15 21:00:00,3.53,3.054691785714285
2018-09-15 21:15:00,3.49,3.0549459126984133
2018-09-15 21:30:00,2.92,3.0269371428571428
2018-09-15 21:45:00,2.88,3.0070913095238088
2018-09-15 22:00:00,2.77,2.8947296428571407
2018-09-15 22:15:00,2.84,2.9027314285714287
2018-09-15 22:30:00,2.77,2.8422751190476196
2018-09-15 22:45:00,2.88,2.868706785714282
2018-09-15 23:00:00,3.2,2.8217333333333317
2018-09-15 23:15:00,2.66,2.906451547619046
2018-09-15 23:30:00,2.66,2.844009424603174
2018-09-15 23:45:00,2.66,2.87239886904762
2018-09-16 00:00:00,2.66,2.7703569047619068
2018-09-16 00:15:00,2.81,2.7773909523809532
2018-09-16 00:30:00,2.74,2.7711168253968252
2018-09-16 00:45:00,2.7,2.808166309523809
2018-09-16 01:00:00,2.7,2.7534267261904772
2018-09-16 01:15:00,2.7,2.7476628968253993
2018-09-16 01:30:00,2.74,2.8106550396825405
2018-09-16 01:45:00,2.77,2.787606746031747
2018-09-16 02:00:00,2.74,2.863579761904762
2018-09-16 02:15:00,2.99,2.98409261904762
2018-09-16 02:30:00,3.31,2.898041845238097
2018-09-16 02:45:00,2.7,2.8314178571428585
2018-09-16 03:00:00,3.35,2.8014911904761886
2018-09-16 03:15:00,3.2,2.782791607142857
2018-09-16 03:30:00,2.74,2.912389940476191
2018-09-16 03:45:00,2.74,3.150470714285715
2018-09-16 04:00:00,2.74,2.782726428571432
2018-09-16 04:15:00,2.77,2.804236845238096
2018-09-16 04:30:00,2.74,2.831334166666668
2018-09-16 04:45:00,2.74,2.8194828571428574
2018-09-16 05:00:00,2.7,2.7965208928571434
2018-09-16 05:15:00,2.74,2.7416113690476207
2018-09-16 05:30:00,2.66,2.758481607142856
2018-09-16 05:45:00,2.7,2.768881031746032
2018-09-16 06:00:00,2.66,2.758957083333331
2018-09-16 06:15:00,2.77,2.733251785714285
2018-09-16 06:30:00,3.17,2.7395354329004338
2018-09-16 06:45:00,3.02,2.940162023809526
2018-09-16 07:00:00,2.66,2.711549523809524
2018-09-16 07:15:00,2.66,2.881607678571429
2018-09-16 07:30:00,2.63,3.205537857142858
2018-09-16 07:45:00,2.7,3.0995699603174587
2018-09-16 08:00:00,2.59,8.541903809523808
2018-09-16 08:15:00,2.63,7.511394761904761
2018-09-16 08:30:00,3.35,2.9590478373015885
2018-09-16 08:45:00,3.2,2.9527027777777786
2018-09-16 09:00:00,2.88,3.0524535317460315
2018-09-16 09:15:00,2.92,3.135020714285716
2018-09-16 09:30:00,2.81,3.010729810606061
2018-09-16 09:45:00,2.84,3.0622512499999988
2018-09-16 10:00:00,2.84,2.955323174603174
2018-09-16 10:15:00,2.84,3.123889642857144
2018-09-16 10:30:00,2.88,3.1139907142857135
2018-09-16 10:45:00,2.92,3.0998228571428568
2018-09-16 11:00:00,2.84,3.0321689285714295
2018-09-16 11:15:00,2.81,3.07036607142857
2018-09-16 11:30:00,2.77,3.042606785714286
2018-09-16 11:45:00,3.2,3.100989761904761
2018-09-16 12:00:00,3.06,3.083847738095236
2018-09-16 12:15:00,2.84,3.376819166666665
2018-09-16 12:30:00,2.95,3.293530277777777
2018-09-16 12:45:00,2.84,3.138083769841271
2018-09-16 13:00:00,2.81,3.075711666666665
2018-09-16 13:15:00,2.84,3.0443244047619062
2018-09-16 13:30:00,2.81,3.1065127976190485
2018-09-16 13:45:00,2.81,3.0718685119047637
2018-09-16 14:00:00,2.92,3.1035873611111113
2018-09-16 14:15:00,2.88,3.1023949206349215
2018-09-16 14:30:00,3.49,3.145179404761905
2018-09-16 14:45:00,2.92,3.140490396825397
2018-09-16 15:00:00,2.84,3.0745663888888894
2018-09-16 15:15:00,3.13,3.1516182738095226
2018-09-16 15:30:00,3.38,3.1006361904761888
2018-09-16 15:45:00,2.88,3.126722281746032
2018-09-16 16:00:00,2.84,3.1801500000000016
2018-09-16 16:15:00,2.88,3.090911051587301
2018-09-16 16:30:00,2.84,3.176053095238095
2018-09-16 16:45:00,2.84,3.1581619606782105
2018-09-16 17:00:00,2.81,3.0682494047619047
2018-09-16 17:15:00,2.88,3.0279854761904743
2018-09-16 17:30:00,2.95,2.9988106944444444
2018-09-16 17:45:00,2.81,2.9848042857142856
2018-09-16 18:00:00,2.77,2.985024047619049
2018-09-16 18:15:00,2.84,2.988751785714288
2018-09-16 18:30:00,2.88,3.0479881944444456
2018-09-16 18:45:00,2.84,3.1004602380952377
2018-09-16 19:00:00,3.06,2.99700978174603
2018-09-16 19:15:00,3.56,3.085031130952381
2018-09-16 19:30:00,3.28,3.0699616666666656
2018-09-16 19:45:00,3.28,2.9786611111111103
2018-09-16 20:00:00,3.49,2.9656830158730156
2018-09-16 20:15:00,2.95,3.1113131944444454
2018-09-16 20:30:00,2.92,3.141153015873017
2018-09-16 20:45:00,2.99,2.96042619047619
2018-09-16 21:00:00,2.92,2.9675776785714287
2018-09-16 21:15:00,2.92,2.968024404761903
2018-09-16 21:30:00,2.95,3.0766408730158714
2018-09-16 21:45:00,2.99,3.0688178373015877
2018-09-16 22:00:00,2.74,3.0554698088023082
2018-09-16 22:15:00,2.88,3.0447759794372278
2018-09-16 22:30:00,2.77,2.809081785714286
2018-09-16 22:45:00,2.74,2.983378928571426
2018-09-16 23:00:00,2.74,2.878426626984125
2018-09-16 23:15:00,2.66,2.823860158730158
2018-09-16 23:30:00,2.7,2.8954008928571415
2018-09-16 23:45:00,2.74,2.903742142857142
2018-09-17 00:00:00,2.7,2.9089745238095213
2018-09-17 00:15:00,2.77,2.8440103571428557
2018-09-17 00:30:00,2.74,2.835347678571429
2018-09-17 00:45:00,2.74,2.848800654761904
2018-09-17 01:00:00,3.35,2.9273519047619008
2018-09-17 01:15:00,2.84,2.9479154761904733
2018-09-17 01:30:00,3.28,2.857214285714286
2018-09-17 01:45:00,3.1,2.856113690476188
2018-09-17 02:00:00,2.77,2.8824561904761885
2018-09-17 02:15:00,2.77,3.0530234325396837
2018-09-17 02:30:00,2.77,2.880237380952382
2018-09-17 02:45:00,2.74,2.876769642857143
2018-09-17 03:00:00,2.77,2.958969226190477
2018-09-17 03:15:00,2.84,2.8830768452380955
2018-09-17 03:30:00,2.77,2.813192341269842
2018-09-17 03:45:00,2.74,2.8632732142857136
2018-09-17 04:00:00,2.74,2.8733296428571418
2018-09-17 04:15:00,2.81,2.812004404761906
2018-09-17 04:30:00,2.74,2.8453402380952384
2018-09-17 04:45:00,3.2,2.847057142857141
2018-09-17 05:00:00,2.99,2.803344841269842
2018-09-17 05:15:00,2.77,2.8804471428571423
2018-09-17 05:30:00,2.7,2.8805430357142843
2018-09-17 05:45:00,2.63,2.8671409722222205
2018-09-17 06:00:00,2.66,2.7893435119047614
2018-09-17 06:15:00,2.7,2.787523333333333
2018-09-17 06:30:00,3.13,2.8224788492063464
2018-09-17 06:45:00,3.06,2.8115701984126975
2018-09-17 07:00:00,2.66,2.7106985714285723
2018-09-17 07:15:00,2.92,2.9407164880952394
2018-09-17 07:30:00,3.06,3.6396322619047634
2018-09-17 07:45:00,3.13,4.2687002380952395
2018-09-17 08:00:00,25.78,19.50882047619047
2018-09-17 08:15:00,63.11,22.440768869047616
2018-09-17 08:30:00,45.76,57.385374642857116
2018-09-17 08:45:00,56.34,74.44621404761902
2018-09-17 09:00:00,56.48,59.67333577380954
2018-09-17 09:15:00,50.98,63.34245315476188
2018-09-17 09:30:00,47.34,64.85178369047622
2018-09-17 09:45:00,42.3,65.26542998015873
2018-09-17 10:00:00,43.02,63.34085696428572
2018-09-17 10:15:00,55.19,55.13529839285714
2018-09-17 10:30:00,56.63,54.21749412698412
2018-09-17 10:45:00,62.96,64.23080990079369
2018-09-17 11:00:00,49.79,61.63640186507934
2018-09-17 11:15:00,56.88,64.29599315476187
2018-09-17 11:30:00,48.17,60.60511787698411
2018-09-17 11:45:00,45.79,56.72945220238094
2018-09-17 12:00:00,6.23,9.035509821428569
2018-09-17 12:15:00,3.89,11.252790992063485
2018-09-17 12:30:00,6.55,5.290522857142861
2018-09-17 12:45:00,5.26,4.492487142857143
2018-09-17 13:00:00,50.98,40.18518547619049
2018-09-17 13:15:00,74.77,61.65882779761904
2018-09-17 13:30:00,115.49,69.21728619047623
2018-09-17 13:45:00,114.12,78.80839986111108
2018-09-17 14:00:00,96.23,92.02395533730167
2018-09-17 14:15:00,111.64,100.70668262265514
2018-09-17 14:30:00,97.85,99.1740401190476
2018-09-17 14:45:00,121.14,96.48098398809525
2018-09-17 15:00:00,85.9,96.32774694805195
2018-09-17 15:15:00,108.5,94.7524320238095
2018-09-17 15:30:00,107.82,83.69999315476188
2018-09-17 15:45:00,105.19,83.07118174603175
2018-09-17 16:00:00,110.52,98.73674023809527
2018-09-17 16:15:00,100.3,92.3036335155123
2018-09-17 16:30:00,122.54,95.05709404761906
2018-09-17 16:45:00,82.62,96.2021244642857
2018-09-17 17:00:00,65.05,94.67911458333343
2018-09-17 17:15:00,53.35,91.77829434523805
2018-09-17 17:30:00,34.92,72.89651702380955
2018-09-17 17:45:00,27.36,53.492462896825366
2018-09-17 18:00:00,35.6,62.379549226190505
2018-09-17 18:15:00,42.48,44.85605214285712
2018-09-17 18:30:00,52.6,53.59070113095237
2018-09-17 18:45:00,51.05,51.721929087301575
2018-09-17 19:00:00,54.22,47.77516765873016
2018-09-17 19:15:00,51.16,47.87906128968253
2018-09-17 19:30:00,54.29,53.434003015872975
2018-09-17 19:45:00,55.76,52.040071721611696
2018-09-17 20:00:00,44.14,50.730101602564055
2018-09-17 20:15:00,48.31,50.51181029304028
2018-09-17 20:30:00,53.82,49.94771612637361
2018-09-17 20:45:00,12.28,27.49381077380951
2018-09-17 21:00:00,5.76,16.318937301587297
2018-09-17 21:15:00,4.07,3.940786309523809
2018-09-17 21:30:00,3.92,3.9921345436507942
2018-09-17 21:45:00,3.89,3.980735238095238
2018-09-17 22:00:00,3.67,3.6294770238095238
2018-09-17 22:15:00,3.64,3.59622494047619
2018-09-17 22:30:00,3.6,3.359462500000001
2018-09-17 22:45:00,3.6,3.330961230158729
2018-09-17 23:00:00,4.21,3.1891809722222217
2018-09-17 23:15:00,4.61,3.1436534722222205
2018-09-17 23:30:00,3.49,3.488448511904762
2018-09-17 23:45:00,3.53,3.4488452579365063
2018-09-18 00:00:00,3.56,3.173712797619049
2018-09-18 00:15:00,3.53,3.231110079365082
2018-09-18 00:30:00,3.31,3.22594146825397
2018-09-18 00:45:00,2.95,3.13693748015873
2018-09-18 01:00:00,2.95,3.0711159523809513
2018-09-18 01:15:00,2.95,2.9661845238095252
2018-09-18 01:30:00,2.95,2.9969600793650777
2018-09-18 01:45:00,2.99,3.0437960317460324
2018-09-18 02:00:00,2.95,2.9839858928571426
2018-09-18 02:15:00,2.95,3.0003727777777787
2018-09-18 02:30:00,2.95,2.9876243452380966
2018-09-18 02:45:00,2.95,3.0246425992063517
2018-09-18 03:00:00,2.95,3.0937807936507955
2018-09-18 03:15:00,2.99,3.074111210317462
2018-09-18 03:30:00,2.99,3.0603912500000026
2018-09-18 03:45:00,2.99,3.132719285714285
2018-09-18 04:00:00,3.6,3.1009454761904736
2018-09-18 04:15:00,3.06,3.1225867857142857
2018-09-18 04:30:00,3.46,3.0399831746031727
2018-09-18 04:45:00,2.99,3.0686936904761892
2018-09-18 05:00:00,2.99,3.0868841666666653
2018-09-18 05:15:00,2.95,2.971421190476189
2018-09-18 05:30:00,2.84,2.995086130952381
2018-09-18 05:45:00,2.84,3.011872519841271
2018-09-18 06:00:00,2.88,3.03428732142857
2018-09-18 06:15:00,2.95,3.0343262734487717
2018-09-18 06:30:00,2.88,3.001112658730159
2018-09-18 06:45:00,2.84,2.9952077777777766
2018-09-18 07:00:00,2.88,2.946098730158729
2018-09-18 07:15:00,2.95,3.411065654761905
2018-09-18 07:30:00,4.54,3.8549831547619062
2018-09-18 07:45:00,4.9,4.083425079365082
2018-09-18 08:00:00,35.46,46.086429761904775
2018-09-18 08:15:00,51.59,78.54720376984129
2018-09-18 08:30:00,55.87,62.282014345238096
2018-09-18 08:45:00,53.82,66.09237285714283
2018-09-18 09:00:00,48.24,63.03588574675323
2018-09-18 09:15:00,60.08,61.600151666666676
2018-09-18 09:30:00,61.2,58.45544378246752
2018-09-18 09:45:00,59.8,57.91814501984127
2018-09-18 10:00:00,59.26,59.666905039682554
2018-09-18 10:15:00,53.93,57.86989250000001
2018-09-18 10:30:00,49.75,60.501347083333314
2018-09-18 10:45:00,47.09,61.39878249999998
2018-09-18 11:00:00,60.55,59.96867349206347
2018-09-18 11:15:00,62.06,56.669952718253974
2018-09-18 11:30:00,62.68,59.12134950396823
2018-09-18 11:45:00,45.68,57.92152593253969
2018-09-18 12:00:00,25.6,11.568252638888891
2018-09-18 12:15:00,12.46,7.412648333333336
2018-09-18 12:30:00,4.07,8.477007056277053
2018-09-18 12:45:00,3.89,8.099453749999999
2018-09-18 13:00:00,39.2,39.69763595238095
2018-09-18 13:15:00,53.57,50.14517952380953
2018-09-18 13:30:00,60.48,64.27032190476191
2018-09-18 13:45:00,64.69,66.20887666666668
2018-09-18 14:00:00,62.89,63.45495934523811
2018-09-18 14:15:00,57.31,62.44993247113999
2018-09-18 14:30:00,54.11,62.770820634920604
2018-09-18 14:45:00,58.1,59.08892500000002
2018-09-18 15:00:00,42.62,61.97377845238095
2018-09-18 15:15:00,48.38,59.45160430555552
2018-09-18 15:30:00,60.23,50.071618650793646
2018-09-18 15:45:00,47.09,56.92181705627706
2018-09-18 16:00:00,41.08,57.75841507034633
2018-09-18 16:15:00,55.4,55.58126609126985
2018-09-18 16:30:00,51.12,50.431025753968285
2018-09-18 16:45:00,48.67,55.777689202741676
2018-09-18 17:00:00,43.02,59.07704071428569
2018-09-18 17:15:00,54.0,49.33742984126985
2018-09-18 17:30:00,32.22,41.712597361111094
2018-09-18 17:45:00,31.28,30.336447738095234
2018-09-18 18:00:00,37.26,34.771758988095215
2018-09-18 18:15:00,55.73,47.78059343253968
2018-09-18 18:30:00,48.67,37.495641607142844
2018-09-18 18:45:00,42.01,48.993149182900424
2018-09-18 19:00:00,47.7,48.11639748015874
2018-09-18 19:15:00,45.68,45.64755386904758
2018-09-18 19:30:00,49.18,46.29342625
2018-09-18 19:45:00,66.35,39.61206958333336
2018-09-18 20:00:00,40.93,44.253625535714264
2018-09-18 20:15:00,43.78,59.86999992063492
2018-09-18 20:30:00,41.44,39.90698583333332
2018-09-18 20:45:00,42.37,21.04832708333333
2018-09-18 21:00:00,27.29,6.497364386724387
2018-09-18 21:15:00,4.86,6.02255402777778
2018-09-18 21:30:00,3.67,5.280347440476192
2018-09-18 21:45:00,3.6,4.0051042857142845
2018-09-18 22:00:00,3.31,3.6581428373015865
2018-09-18 22:15:00,3.38,3.5607250955988445
2018-09-18 22:30:00,3.35,3.250599047619047
2018-09-18 22:45:00,4.46,3.370785892857142
2018-09-18 23:00:00,3.96,3.3229960912698413
2018-09-18 23:15:00,3.2,3.1780426190476163
2018-09-18 23:30:00,3.2,3.344357738095239
2018-09-18 23:45:00,3.2,3.10875142857143
2018-09-19 00:00:00,2.92,3.1766837499999987
2018-09-19 00:15:00,2.74,3.295024980158729
2018-09-19 00:30:00,2.66,2.9757977380952356
2018-09-19 00:45:00,2.66,2.812402202380952
2018-09-19 01:00:00,2.7,2.7072295833333357
2018-09-19 01:15:00,2.66,2.732634821428573
2018-09-19 01:30:00,2.74,2.747614642857144
2018-09-19 01:45:00,2.77,2.712630714285717
2018-09-19 02:00:00,2.74,2.7058080357142864
2018-09-19 02:15:00,2.77,2.7853675595238085
2018-09-19 02:30:00,2.74,2.7794037500000006
2018-09-19 02:45:00,2.74,2.8639907142857135
2018-09-19 03:00:00,2.81,2.9521808008658015
2018-09-19 03:15:00,2.77,2.9157346428571422
2018-09-19 03:30:00,2.74,2.954651753246753
2018-09-19 03:45:00,3.82,2.960378571428571
2018-09-19 04:00:00,3.89,3.0012443055555558
2018-09-19 04:15:00,2.7,2.8700948214285718
2018-09-19 04:30:00,2.77,2.843522876984129
2018-09-19 04:45:00,2.74,2.7795880357142857
2018-09-19 05:00:00,2.81,2.8559207142857157
2018-09-19 05:15:00,2.74,2.8315978571428575
2018-09-19 05:30:00,2.7,2.830978174603176
2018-09-19 05:45:00,2.7,2.790404285714287
2018-09-19 06:00:00,2.74,2.727776785714287
2018-09-19 06:15:00,2.66,2.7121493650793673
2018-09-19 06:30:00,2.66,2.809578452380953
2018-09-19 06:45:00,2.66,2.7281299404761894
2018-09-19 07:00:00,2.66,2.7277735119047635
2018-09-19 07:15:00,2.92,3.122025595238097
2018-09-19 07:30:00,4.61,3.688531249999999
2018-09-19 07:45:00,4.9,4.096578392857143
2018-09-19 08:00:00,25.45,47.38672930611058
2018-09-19 08:15:00,61.09,77.19745434523809
2018-09-19 08:30:00,34.99,62.51374261904763
2018-09-19 08:45:00,37.3,68.54816968253967
2018-09-19 09:00:00,54.65,47.36747904761903
2018-09-19 09:15:00,55.01,56.85746880952384
2018-09-19 09:30:00,37.76,55.97486738095235
2018-09-19 09:45:00,36.72,54.81917541666663
2018-09-19 10:00:00,37.22,52.26744482142858
2018-09-19 10:15:00,39.67,49.79522117063491
2018-09-19 10:30:00,43.09,45.23758880952379
2018-09-19 10:45:00,43.34,42.50964025793649
2018-09-19 11:00:00,45.76,43.98099410714285
2018-09-19 11:15:00,40.25,45.88837642857145
2018-09-19 11:30:00,48.06,49.942687440476185
2018-09-19 11:45:00,38.59,43.145554047619065
2018-09-19 12:00:00,5.36,6.966109384920631
2018-09-19 12:15:00,4.97,7.311257380952378
2018-09-19 12:30:00,4.46,5.40530517857143
2018-09-19 12:45:00,4.9,4.909899404761904
2018-09-19 13:00:00,30.74,32.294832162698405
2018-09-19 13:15:00,41.58,51.38402154761909
2018-09-19 13:30:00,43.27,54.10648309523809
2018-09-19 13:45:00,44.1,47.03028261904761
2018-09-19 14:00:00,42.7,48.59598380952382
2018-09-19 14:15:00,38.7,52.70785654761903
2018-09-19 14:30:00,44.93,49.42445357142862
2018-09-19 14:45:00,43.42,46.72624827380953
2018-09-19 15:00:00,45.86,51.60510884920634
2018-09-19 15:15:00,37.15,49.23314539682544
2018-09-19 15:30:00,40.61,53.302929444444445
2018-09-19 15:45:00,42.52,45.733192440476195
2018-09-19 16:00:00,50.58,46.74908851190478
2018-09-19 16:15:00,52.38,45.7298975
2018-09-19 16:30:00,43.16,48.72851821428571
2018-09-19 16:45:00,51.62,49.48414417207793
2018-09-19 17:00:00,59.44,46.57797529761905
2018-09-19 17:15:00,51.66,46.98452099206348
2018-09-19 17:30:00,39.71,33.53998603174603
2018-09-19 17:45:00,36.47,30.993386805555573
2018-09-19 18:00:00,4.0,43.80929988095239
2018-09-19 18:15:00,3.85,41.88665853174604
2018-09-19 18:30:00,3.71,3.9171132142857124
2018-09-19 18:45:00,3.67,3.902242738095239
2018-09-19 19:00:00,3.6,4.000853968253969
2018-09-19 19:15:00,3.6,3.891726309523811
2018-09-19 19:30:00,3.64,3.7861560714285747
2018-09-19 19:45:00,3.64,3.73820273809524
2018-09-19 20:00:00,3.67,3.7435251190476184
2018-09-19 20:15:00,3.64,3.7002950000000014
2018-09-19 20:30:00,3.64,3.739234761904762
2018-09-19 20:45:00,3.71,3.7326819047619058
2018-09-19 21:00:00,3.71,3.7305064285714273
2018-09-19 21:15:00,3.31,3.732410892857144
2018-09-19 21:30:00,3.74,3.6347886093073565
2018-09-19 21:45:00,3.31,3.2562644047619056
2018-09-19 22:00:00,2.92,3.5006198917748943
2018-09-19 22:15:00,2.92,3.3585773809523793
2018-09-19 22:30:00,2.92,2.9306164880952372
2018-09-19 22:45:00,2.92,2.958137142857143
2018-09-19 23:00:00,2.74,2.9893586904761884
2018-09-19 23:15:00,2.7,2.9800125000000013
2018-09-19 23:30:00,2.66,2.818210079365079
2018-09-19 23:45:00,2.66,2.755807003968254
2018-09-20 00:00:00,2.7,2.7273113095238117
2018-09-20 00:15:00,2.77,2.750637261904763
2018-09-20 00:30:00,3.35,2.7495583333333333
2018-09-20 00:45:00,2.77,2.7821060912698408
2018-09-20 01:00:00,2.7,2.822323571428573
2018-09-20 01:15:00,2.7,2.8066190476190473
2018-09-20 01:30:00,2.66,2.784219384920634
2018-09-20 01:45:00,2.74,2.75981363095238
2018-09-20 02:00:00,2.7,2.76511134920635
2018-09-20 02:15:00,2.7,2.816411388888888
2018-09-20 02:30:00,2.7,2.7658752940115447
2018-09-20 02:45:00,3.1,2.7646120634920623
2018-09-20 03:00:00,3.35,2.7800993614718625
2018-09-20 03:15:00,2.92,2.700334166666666
2018-09-20 03:30:00,2.7,2.7402034523809533
2018-09-20 03:45:00,2.66,2.899609523809523
2018-09-20 04:00:00,2.74,2.8066198214285696
2018-09-20 04:15:00,2.92,2.724625753968254
2018-09-20 04:30:00,3.28,2.833659226190475
2018-09-20 04:45:00,2.77,2.896562997557997
2018-09-20 05:00:00,2.66,2.7560495238095246
2018-09-20 05:15:00,2.66,2.7866704761904773
2018-09-20 05:30:00,2.66,2.719669285714285
2018-09-20 05:45:00,2.66,2.705325535714286
2018-09-20 06:00:00,2.66,2.690620595238094
2018-09-20 06:15:00,2.7,2.7310030357142847
2018-09-20 06:30:00,2.63,2.708447023809524
2018-09-20 06:45:00,2.66,2.7048531547619046
2018-09-20 07:00:00,2.63,2.767790373376625
2018-09-20 07:15:00,2.66,3.0203386309523808
2018-09-20 07:30:00,2.81,3.536177380952383
2018-09-20 07:45:00,3.96,3.6151623809523827
2018-09-20 08:00:00,34.7,13.82367345238095
2018-09-20 08:15:00,41.47,51.938614007936536
2018-09-20 08:30:00,48.42,58.57064803571433
2018-09-20 08:45:00,41.11,54.411442619047655
2018-09-20 09:00:00,46.12,61.263875000000006
2018-09-20 09:15:00,38.63,49.95041666666667
2018-09-20 09:30:00,38.27,53.44326525793652
2018-09-20 09:45:00,39.02,50.02189954365079
2018-09-20 10:00:00,38.81,50.73521109126986
2018-09-20 10:15:00,43.56,42.58425839285717
2018-09-20 10:30:00,54.04,40.02641906746031
2018-09-20 10:45:00,54.54,46.10809085317461
2018-09-20 11:00:00,50.76,56.9037306547619
2018-09-20 11:15:00,49.1,58.418841845238084
2018-09-20 11:30:00,59.98,55.163576726190456
2018-09-20 11:45:00,34.78,53.731563468614716
2018-09-20 12:00:00,26.78,8.922369285714279
2018-09-20 12:15:00,10.15,6.080125337301586
2018-09-20 12:30:00,3.67,9.926030357142855
2018-09-20 12:45:00,4.28,7.374210357142864
2018-09-20 13:00:00,31.36,35.16654668650796
2018-09-20 13:15:00,61.16,46.02956869047618
2018-09-20 13:30:00,64.4,55.83158922619045
2018-09-20 13:45:00,61.99,61.03389029761902
2018-09-20 14:00:00,60.12,61.41280555555557
2018-09-20 14:15:00,48.85,57.46276236111106
2018-09-20 14:30:00,45.47,59.6317881547619
2018-09-20 14:45:00,55.3,61.50609248015875
2018-09-20 15:00:00,48.13,53.570448392857124
2018-09-20 15:15:00,51.8,57.84464178571427
2018-09-20 15:30:00,70.49,55.77914371031745
2018-09-20 15:45:00,54.32,51.918163154761885
2018-09-20 16:00:00,65.23,62.90403551587304
2018-09-20 16:15:00,43.16,58.16929023809521
2018-09-20 16:30:00,56.41,61.49795845238094
2018-09-20 16:45:00,51.3,50.14921053571428
2018-09-20 17:00:00,50.33,57.427005436507926
2018-09-20 17:15:00,55.19,50.23994779761906
2018-09-20 17:30:00,29.09,34.79463333333333
2018-09-20 17:45:00,30.31,31.588303492063503
2018-09-20 18:00:00,37.66,33.066862996031745
2018-09-20 18:15:00,52.81,51.187935515872994
2018-09-20 18:30:00,39.42,50.04639398809527
2018-09-20 18:45:00,44.17,54.63293833333334
2018-09-20 19:00:00,57.13,44.43433132936508
2018-09-20 19:15:00,54.22,46.63186583333335
2018-09-20 19:30:00,45.04,51.20841414682539
2018-09-20 19:45:00,41.11,49.766759880952385
2018-09-20 20:00:00,41.47,48.64912123015873
2018-09-20 20:15:00,67.54,46.59129464285711
2018-09-20 20:30:00,37.58,40.02750238095238
2018-09-20 20:45:00,13.28,28.392950416666643
2018-09-20 21:00:00,4.07,5.525909069264069
2018-09-20 21:15:00,3.89,4.111767061688312
2018-09-20 21:30:00,3.74,3.9072480952380912
2018-09-20 21:45:00,3.71,3.7176416071428573
2018-09-20 22:00:00,3.53,3.6749102380952388
2018-09-20 22:15:00,3.49,3.578005238095236
2018-09-20 22:30:00,3.49,3.625264761904761
2018-09-20 22:45:00,3.53,3.4923210714285715
2018-09-20 23:00:00,3.42,3.446567023809523
2018-09-20 23:15:00,3.42,3.6065689285714297
2018-09-20 23:30:00,3.38,3.254708115079365
2018-09-20 23:45:00,3.42,3.232870178571428
2018-09-21 00:00:00,2.77,3.1792686904761918
2018-09-21 00:15:00,2.92,3.20290261904762
2018-09-21 00:30:00,3.17,2.8939195238095214
2018-09-21 00:45:00,3.46,2.9581372619047626
2018-09-21 01:00:00,2.84,2.936350952380951
2018-09-21 01:15:00,2.81,2.950513869047619
2018-09-21 01:30:00,2.81,2.9019199603174597
2018-09-21 01:45:00,2.92,2.8538732142857124
2018-09-21 02:00:00,2.88,2.8258155357142853
2018-09-21 02:15:00,2.88,2.94346357142857
2018-09-21 02:30:00,2.81,2.89591248015873
2018-09-21 02:45:00,2.84,2.9669187499999987
2018-09-21 03:00:00,2.84,2.8718505952380924
2018-09-21 03:15:00,2.84,2.9003517857142858
2018-09-21 03:30:00,2.84,2.8839902976190466
2018-09-21 03:45:00,2.95,2.9217857142857127
2018-09-21 04:00:00,3.38,3.0301023015873003
2018-09-21 04:15:00,3.1,2.9568624999999993
2018-09-21 04:30:00,2.84,2.900459345238094
2018-09-21 04:45:00,2.92,2.994280833333333
2018-09-21 05:00:00,2.81,2.8932005952380933
2018-09-21 05:15:00,2.77,2.9919226556776555
2018-09-21 05:30:00,2.74,2.9000995833333314
2018-09-21 05:45:00,2.88,2.9289624999999986
2018-09-21 06:00:00,3.38,2.921889880952382
2018-09-21 06:15:00,2.95,2.9126598611111088
2018-09-21 06:30:00,2.81,2.8629648214285703
2018-09-21 06:45:00,2.74,2.9253643452380964
2018-09-21 07:00:00,2.7,2.8395106150793636
2018-09-21 07:15:00,2.99,3.2527995400432923
2018-09-21 07:30:00,3.35,4.354508627344879
2018-09-21 07:45:00,14.33,3.7834572691197685
2018-09-21 08:00:00,35.14,25.151245535714274
2018-09-21 08:15:00,41.11,58.091418749999995
2018-09-21 08:30:00,50.29,54.75318730158727
2018-09-21 08:45:00,55.91,50.073900218253975
2018-09-21 09:00:00,59.83,54.2243988095238
2018-09-21 09:15:00,45.58,55.28729653138525
2018-09-21 09:30:00,39.31,55.291380515873016
2018-09-21 09:45:00,47.52,44.85260160714288
2018-09-21 10:00:00,54.9,47.91430934523811
2018-09-21 10:15:00,38.66,51.15689101190476
2018-09-21 10:30:00,39.35,55.912989635642134
2018-09-21 10:45:00,34.09,47.435323412698445
2018-09-21 11:00:00,30.24,51.84185103174602
2018-09-21 11:15:00,31.25,45.86672988095236
2018-09-21 11:30:00,30.38,40.77364380952381
2018-09-21 11:45:00,29.84,33.579430833333326
2018-09-21 12:00:00,7.24,13.088742500000013
2018-09-21 12:15:00,6.26,11.363556060606065
2018-09-21 12:30:00,4.64,5.615352460317462
2018-09-21 12:45:00,4.21,5.51739636904762
2018-09-21 13:00:00,18.18,34.926289583333336
2018-09-21 13:15:00,28.08,47.093460059523814
2018-09-21 13:30:00,29.77,45.08475424603174
2018-09-21 13:45:00,27.86,35.60173267857141
2018-09-21 14:00:00,27.07,38.80628778138527
2018-09-21 14:15:00,24.95,33.447436468253976
2018-09-21 14:30:00,8.6,32.90384233766234
2018-09-21 14:45:00,8.64,30.213674420995677
2018-09-21 15:00:00,8.57,22.975554047619035
2018-09-21 15:15:00,7.67,21.16134922619048
2018-09-21 15:30:00,6.52,21.874712261904776
2018-09-21 15:45:00,5.08,20.07392648809525
2018-09-21 16:00:00,3.31,16.99089250000001
2018-09-21 16:15:00,3.31,6.530546190476194
2018-09-21 16:30:00,3.35,5.325011607142859
2018-09-21 16:45:00,3.38,3.7097385714285713
2018-09-21 17:00:00,3.35,3.40759626984127
2018-09-21 17:15:00,3.42,3.492150357142859
2018-09-21 17:30:00,3.31,3.4620019047619053
2018-09-21 17:45:00,3.24,3.4426844841269837
2018-09-21 18:00:00,3.28,3.4833342857142835
2018-09-21 18:15:00,3.31,3.506829682539684
2018-09-21 18:30:00,3.92,3.4641505952380953
2018-09-21 18:45:00,4.39,3.4567604761904738
2018-09-21 19:00:00,2.7,3.572297103174604
2018-09-21 19:15:00,2.74,3.420062083333333
2018-09-21 19:30:00,2.77,2.9079121031746054
2018-09-21 19:45:00,2.7,2.8577343253968253
2018-09-21 20:00:00,2.77,2.858922182539681
2018-09-21 20:15:00,2.74,2.7883683134920654
2018-09-21 20:30:00,2.74,2.8328991071428558
2018-09-21 20:45:00,2.7,2.853504126984126
2018-09-21 21:00:00,2.66,2.825270674603173
2018-09-21 21:15:00,2.7,2.8231418849206364
2018-09-21 21:30:00,2.77,2.8154248809523823
2018-09-21 21:45:00,2.66,2.7970720995671017
2018-09-21 22:00:00,2.52,2.9036925595238086
2018-09-21 22:15:00,2.59,2.8009133333333356
2018-09-21 22:30:00,2.52,2.8518846626984122
2018-09-21 22:45:00,3.17,2.7923686904761893
2018-09-21 23:00:00,2.88,2.7706610317460316
2018-09-21 23:15:00,3.2,2.7006959722222206
2018-09-21 23:30:00,2.52,2.6726072619047625
2018-09-21 23:45:00,2.48,2.8313493849206344
2018-09-22 00:00:00,2.52,2.707077738095237
2018-09-22 00:15:00,2.56,2.6851909523809523
2018-09-22 00:30:00,2.59,2.6825755357142844
2018-09-22 00:45:00,2.56,2.735657261904763
2018-09-22 01:00:00,2.52,2.6892641666666663
2018-09-22 01:15:00,2.56,2.7105466071428554
2018-09-22 01:30:00,2.52,2.72878970238095
2018-09-22 01:45:00,2.56,2.719507321428571
2018-09-22 02:00:00,2.63,2.7154614880952375
2018-09-22 02:15:00,3.02,2.9104795833333337
2018-09-22 02:30:00,2.84,2.7248428571428565
2018-09-22 02:45:00,2.56,2.794340119047618
2018-09-22 03:00:00,2.56,2.755599563492064
2018-09-22 03:15:00,2.56,2.935266071428569
2018-09-22 03:30:00,3.02,2.8678565476190454
2018-09-22 03:45:00,3.06,3.1020431547619065
2018-09-22 04:00:00,2.66,6.569669325396831
2018-09-22 04:15:00,2.56,2.809834603174604
2018-09-22 04:30:00,2.59,2.8337553571428553
2018-09-22 04:45:00,2.59,2.790485476190474
2018-09-22 05:00:00,2.66,2.742189761904761
2018-09-22 05:15:00,2.59,2.9140089285714286
2018-09-22 05:30:00,2.52,2.7075705952380953
2018-09-22 05:45:00,2.52,2.9404633333333328
2018-09-22 06:00:00,3.17,2.7607086904761893
2018-09-22 06:15:00,3.1,2.7025253571428562
2018-09-22 06:30:00,2.59,2.704688869047617
2018-09-22 06:45:00,2.56,2.67186130952381
2018-09-22 07:00:00,2.48,2.7153542857142856
2018-09-22 07:15:00,2.52,3.293643690476192
2018-09-22 07:30:00,2.52,3.6036601172438676
2018-09-22 07:45:00,2.52,3.109325694444443
2018-09-22 08:00:00,2.95,12.86556071428571
2018-09-22 08:15:00,3.28,12.502752499999996
2018-09-22 08:30:00,3.31,3.1503958928571456
2018-09-22 08:45:00,3.74,2.8901514484127007
2018-09-22 09:00:00,2.99,3.392933452380952
2018-09-22 09:15:00,2.92,3.2373295238095245
2018-09-22 09:30:00,2.99,3.149667103174604
2018-09-22 09:45:00,2.92,3.0317971230158753
2018-09-22 10:00:00,4.0,3.1897864484126974
2018-09-22 10:15:00,3.24,3.1360276190476184
2018-09-22 10:30:00,2.92,3.822687341269841
2018-09-22 10:45:00,2.95,3.1393807936507923
2018-09-22 11:00:00,3.28,2.9683379166666697
2018-09-22 11:15:00,3.78,2.9774335714285702
2018-09-22 11:30:00,2.99,3.179039960317459
2018-09-22 11:45:00,3.35,3.37886595238095
2018-09-22 12:00:00,2.92,3.265021547619047
2018-09-22 12:15:00,2.81,3.341187380952378
2018-09-22 12:30:00,2.88,3.175178749999998
2018-09-22 12:45:00,2.95,3.180072023809525
2018-09-22 13:00:00,2.81,3.1136427380952396
2018-09-22 13:15:00,2.81,3.158232043650794
2018-09-22 13:30:00,3.17,3.1237051587301594
2018-09-22 13:45:00,4.5,3.0436959325396837
2018-09-22 14:00:00,2.99,3.2082103769841273
2018-09-22 14:15:00,2.92,9.185574206349209
2018-09-22 14:30:00,2.81,3.2740384523809523
2018-09-22 14:45:00,2.77,3.044777083333338
2018-09-22 15:00:00,2.84,3.0801086904761905
2018-09-22 15:15:00,3.13,3.2084857738095223
2018-09-22 15:30:00,3.38,3.2550136904761904
2018-09-22 15:45:00,3.06,3.224746071428572
2018-09-22 16:00:00,2.77,3.3630180952380955
2018-09-22 16:15:00,2.84,3.2117765277777774
2018-09-22 16:30:00,2.88,3.2782274206349173
2018-09-22 16:45:00,2.77,3.3609579130591625
2018-09-22 17:00:00,2.77,3.040972483766234
2018-09-22 17:15:00,2.81,2.9616252380952397
2018-09-22 17:30:00,2.81,2.9277043253968262
2018-09-22 17:45:00,2.81,2.9496069444444455
2018-09-22 18:00:00,2.77,3.0148053571428566
2018-09-22 18:15:00,2.92,2.990965476190476
2018-09-22 18:30:00,3.56,3.0245475595238087
2018-09-22 18:45:00,3.06,3.0785926785714293
2018-09-22 19:00:00,2.88,3.060780357142856
2018-09-22 19:15:00,2.84,2.9660575396825397
2018-09-22 19:30:00,2.95,2.9517817063492044
2018-09-22 19:45:00,3.38,2.9414510317460296
2018-09-22 20:00:00,3.13,3.078844047619049
2018-09-22 20:15:00,2.88,2.9520924999999982
2018-09-22 20:30:00,2.95,2.96483623015873
2018-09-22 20:45:00,2.92,2.9121254761904742
2018-09-22 21:00:00,2.92,2.9666027380952382
2018-09-22 21:15:00,2.88,3.0380007738095243
2018-09-22 21:30:00,2.88,3.0477349080086573
2018-09-22 21:45:00,2.84,3.054468737373737
2018-09-22 22:00:00,2.66,3.1258193326118326
2018-09-22 22:15:00,2.7,2.95465078102453
2018-09-22 22:30:00,2.77,2.800746726190477
2018-09-22 22:45:00,2.77,2.8583051388888894
2018-09-22 23:00:00,2.95,2.863171607142856
2018-09-22 23:15:00,2.95,2.8699596428571423
2018-09-22 23:30:00,2.84,2.9121949675324696
2018-09-22 23:45:00,2.92,2.9656652380952386
2018-09-23 00:00:00,2.56,3.0738765476190464
2018-09-23 00:15:00,2.52,3.2585564880952393
2018-09-23 00:30:00,2.56,2.7356865476190473
2018-09-23 00:45:00,2.52,2.8230417063492066
2018-09-23 01:00:00,2.56,2.8763382142857137
2018-09-23 01:15:00,2.66,2.921025714285713
2018-09-23 01:30:00,2.56,2.9277932142857126
2018-09-23 01:45:00,2.52,2.8974525595238076
2018-09-23 02:00:00,2.56,2.8830419047619045
2018-09-23 02:15:00,2.48,2.9975609523809523
2018-09-23 02:30:00,2.84,2.9812228571428556
2018-09-23 02:45:00,3.17,3.0487130952380954
2018-09-23 03:00:00,2.52,2.84046880952381
2018-09-23 03:15:00,2.59,2.6836241666666667
2018-09-23 03:30:00,2.81,3.01760892857143
2018-09-23 03:45:00,3.13,3.023292023809524
2018-09-23 04:00:00,2.56,2.971986071428569
2018-09-23 04:15:00,2.63,2.7916180952380953
2018-09-23 04:30:00,2.52,3.1168122619047627
2018-09-23 04:45:00,2.52,3.0532102380952386
2018-09-23 05:00:00,2.56,3.0751490476190484
2018-09-23 05:15:00,2.59,3.0591144642857167
2018-09-23 05:30:00,2.52,3.0472635714285716
2018-09-23 05:45:00,2.56,3.0924675000000006
2018-09-23 06:00:00,2.52,3.1498798809523816
2018-09-23 06:15:00,2.52,3.0747884523809534
2018-09-23 06:30:00,2.48,6.757876369047617
2018-09-23 06:45:00,2.88,3.0588085714285724
2018-09-23 07:00:00,2.95,3.108077678571428
2018-09-23 07:15:00,2.52,3.5391673611111116
2018-09-23 07:30:00,2.48,4.4192938690476185
2018-09-23 07:45:00,3.13,4.231368531746034
2018-09-23 08:00:00,2.84,9.278918928571427
2018-09-23 08:15:00,2.48,13.099870952380947
2018-09-23 08:30:00,2.56,3.1731192658730163
2018-09-23 08:45:00,2.81,3.0600870833333333
2018-09-23 09:00:00,2.7,2.977760892857143
2018-09-23 09:15:00,2.7,3.128936785714284
2018-09-23 09:30:00,2.7,3.0993143452380947
2018-09-23 09:45:00,2.7,3.0766767261904766
2018-09-23 10:00:00,2.74,3.0310805357142865
2018-09-23 10:15:00,2.7,3.065905297619047
2018-09-23 10:30:00,2.77,3.0316022619047613
2018-09-23 10:45:00,2.77,3.0382722619047615
2018-09-23 11:00:00,2.7,2.9862297619047613
2018-09-23 11:15:00,2.77,2.964990714285715
2018-09-23 11:30:00,2.74,2.927424702380952
2018-09-23 11:45:00,2.84,2.9770704563492063
2018-09-23 12:00:00,3.35,2.927629980158731
2018-09-23 12:15:00,2.81,2.966169702380951
2018-09-23 12:30:00,2.81,3.3761745238095244
2018-09-23 12:45:00,2.81,2.9845776190476196
2018-09-23 13:00:00,2.77,2.9182651190476183
2018-09-23 13:15:00,2.99,2.983675892857143
2018-09-23 13:30:00,3.35,2.9884230357142854
2018-09-23 13:45:00,2.81,3.116180734126983
2018-09-23 14:00:00,2.88,3.20094746031746
2018-09-23 14:15:00,2.77,3.1024165873015868
2018-09-23 14:30:00,2.81,3.0146150595238073
2018-09-23 14:45:00,2.81,3.016685297619048
2018-09-23 15:00:00,2.81,3.052597361111111
2018-09-23 15:15:00,2.77,3.1203483134920615
2018-09-23 15:30:00,2.81,3.1071884325396812
2018-09-23 15:45:00,2.84,3.035113095238095
2018-09-23 16:00:00,2.84,3.0513660515873005
2018-09-23 16:15:00,3.1,2.9598057142857135
2018-09-23 16:30:00,3.2,2.8918298809523804
2018-09-23 16:45:00,2.81,2.9099145039682552
2018-09-23 17:00:00,2.77,2.911001825396827
2018-09-23 17:15:00,2.81,2.970354107142855
2018-09-23 17:30:00,2.81,2.9763804761904753
2018-09-23 17:45:00,2.81,3.0083009523809534
2018-09-23 18:00:00,3.17,2.917798928571427
2018-09-23 18:15:00,3.13,2.9821459523809524
2018-09-23 18:30:00,2.81,2.914762301587302
2018-09-23 18:45:00,2.81,2.903744444444444
2018-09-23 19:00:00,2.81,2.9116530753968255
2018-09-23 19:15:00,2.88,2.9236006547619073
2018-09-23 19:30:00,2.81,2.9339358333333325
2018-09-23 19:45:00,3.24,2.952520912698414
2018-09-23 20:00:00,3.02,2.9832035714285725
2018-09-23 20:15:00,2.81,2.9578224603174594
2018-09-23 20:30:00,2.84,2.9471305158730146
2018-09-23 20:45:00,2.81,2.951524543650793
2018-09-23 21:00:00,2.92,2.9122197023809533
2018-09-23 21:15:00,2.81,2.9388779563492045
2018-09-23 21:30:00,2.88,2.9773534992785
2018-09-23 21:45:00,2.81,2.979748095238094
2018-09-23 22:00:00,2.63,3.0388036580086584
2018-09-23 22:15:00,2.63,2.949235357142855
2018-09-23 22:30:00,2.66,2.8131807142857133
2018-09-23 22:45:00,2.7,2.7668333333333335
2018-09-23 23:00:00,3.6,2.760813690476191
2018-09-23 23:15:00,4.0,2.773866904761905
2018-09-23 23:30:00,2.63,2.774848888888891
2018-09-23 23:45:00,2.66,2.8661550396825404
2018-09-24 00:00:00,2.59,2.83590871031746
2018-09-24 00:15:00,2.63,2.81871
2018-09-24 00:30:00,2.74,2.757574761904763
2018-09-24 00:45:00,2.63,2.8214574999999993
2018-09-24 01:00:00,2.59,2.818211904761906
2018-09-24 01:15:00,2.63,2.8310498809523796
2018-09-24 01:30:00,2.63,2.832974541847042
2018-09-24 01:45:00,2.66,2.8578264880952373
2018-09-24 02:00:00,2.66,2.871848253968254
2018-09-24 02:15:00,2.66,2.887463769841269
2018-09-24 02:30:00,2.63,2.8578878571428565
2018-09-24 02:45:00,2.63,2.854020595238096
2018-09-24 03:00:00,2.95,2.8448463095238106
2018-09-24 03:15:00,3.02,2.94202761904762
2018-09-24 03:30:00,2.63,2.7995226785714284
2018-09-24 03:45:00,3.17,2.669858214285714
2018-09-24 04:00:00,3.24,2.9927898809523805
2018-09-24 04:15:00,2.74,2.8619009523809518
2018-09-24 04:30:00,2.66,2.988725833333332
2018-09-24 04:45:00,2.63,2.8754634523809535
2018-09-24 05:00:00,2.66,2.8079159523809527
2018-09-24 05:15:00,2.63,2.81992882936508
2018-09-24 05:30:00,2.7,2.810476071428572
2018-09-24 05:45:00,2.63,2.807636904761905
2018-09-24 06:00:00,2.59,2.848625337301584
2018-09-24 06:15:00,3.1,2.8291313690476185
2018-09-24 06:30:00,2.92,2.8403843831168807
2018-09-24 06:45:00,2.56,2.68706367063492
2018-09-24 07:00:00,2.66,2.7031799404761916
2018-09-24 07:15:00,2.59,3.2051801587301587
2018-09-24 07:30:00,2.56,3.991805
2018-09-24 07:45:00,2.63,4.142771071428573
2018-09-24 08:00:00,2.59,16.01250517857143
2018-09-24 08:15:00,2.59,18.954547599206343
2018-09-24 08:30:00,2.74,4.648504365079368
2018-09-24 08:45:00,2.81,4.666154583333336
2018-09-24 09:00:00,2.88,4.651450337301592
2018-09-24 09:15:00,2.84,4.641630734126989
2018-09-24 09:30:00,3.17,4.365427817460319
2018-09-24 09:45:00,3.24,4.437442698412701
2018-09-24 10:00:00,2.84,4.463966130952382
2018-09-24 10:15:00,2.88,4.511195476190477
2018-09-24 10:30:00,3.42,4.539295714285714
2018-09-24 10:45:00,2.88,4.420785178571428
2018-09-24 11:00:00,2.84,4.2610198809523805
2018-09-24 11:15:00,2.81,4.238064166666669
2018-09-24 11:30:00,2.84,4.203747023809526
2018-09-24 11:45:00,2.88,4.223223333333334
2018-09-24 12:00:00,2.81,3.024549047619048
2018-09-24 12:15:00,2.81,3.0311023809523814
2018-09-24 12:30:00,2.84,3.1272152380952387
2018-09-24 12:45:00,2.81,3.0150221428571444
2018-09-24 13:00:00,2.81,4.24120898809524
2018-09-24 13:15:00,2.84,4.387385238095237
2018-09-24 13:30:00,2.84,3.6644882142857154
2018-09-24 13:45:00,3.13,3.5364719642857154
2018-09-24 14:00:00,3.49,3.5685428571428583
2018-09-24 14:15:00,2.92,3.489718630952382
2018-09-24 14:30:00,3.38,3.5146711309523853
2018-09-24 14:45:00,3.24,3.6518570238095265
2018-09-24 15:00:00,2.84,3.5320978571428605
2018-09-24 15:15:00,2.84,3.502885297619049
2018-09-24 15:30:00,2.81,3.4656330952380956
2018-09-24 15:45:00,2.81,3.4575665476190465
2018-09-24 16:00:00,2.81,3.5061783928571435
2018-09-24 16:15:00,2.92,3.6039832142857153
2018-09-24 16:30:00,2.88,3.3299698809523828
2018-09-24 16:45:00,2.81,3.375771666666668
2018-09-24 17:00:00,2.81,3.0024629761904764
2018-09-24 17:15:00,2.84,2.9681823412698423
2018-09-24 17:30:00,2.77,2.994500376984129
2018-09-24 17:45:00,2.77,2.992739603174603
2018-09-24 18:00:00,2.74,3.0505126785714287
2018-09-24 18:15:00,2.74,3.0618849999999993
2018-09-24 18:30:00,2.88,2.9585813095238116
2018-09-24 18:45:00,2.84,2.9792511904761896
2018-09-24 19:00:00,2.81,3.040868928571426
2018-09-24 19:15:00,3.38,2.9554223809523803
2018-09-24 19:30:00,4.43,2.935752499999999
2018-09-24 19:45:00,2.92,3.0039385317460314
2018-09-24 20:00:00,2.81,3.273460833333333
2018-09-24 20:15:00,2.81,3.0321157142857156
2018-09-24 20:30:00,2.81,3.0045821031746023
2018-09-24 20:45:00,2.81,2.9280888095238082
2018-09-24 21:00:00,2.88,2.9928796230158734
2018-09-24 21:15:00,2.92,3.009513829365079
2018-09-24 21:30:00,2.81,2.99298449134199
2018-09-24 21:45:00,2.77,2.9660960389610374
2018-09-24 22:00:00,2.66,2.9756171626984123
2018-09-24 22:15:00,2.63,2.98534532106782
2018-09-24 22:30:00,2.84,2.7977823412698424
2018-09-24 22:45:00,3.2,2.858445416666667
2018-09-24 23:00:00,2.59,3.012284729437228
2018-09-24 23:15:00,2.56,2.8000159523809502
2018-09-24 23:30:00,2.59,2.8488789285714295
2018-09-24 23:45:00,2.63,2.874274880952383
2018-09-25 00:00:00,2.66,2.8555003571428568
2018-09-25 00:15:00,3.24,2.8762148809523778
2018-09-25 00:30:00,2.99,2.8905476190476174
2018-09-25 00:45:00,2.63,2.7114785515873026
2018-09-25 01:00:00,2.63,2.7804702777777783
2018-09-25 01:15:00,2.63,2.8216533333333325
2018-09-25 01:30:00,2.59,2.808375773809524
2018-09-25 01:45:00,2.7,2.84353505952381
2018-09-25 02:00:00,3.24,2.83319107142857
2018-09-25 02:15:00,2.77,2.896592023809524
2018-09-25 02:30:00,2.7,2.715628035714287
2018-09-25 02:45:00,2.63,2.843574662698413
2018-09-25 03:00:00,2.59,2.8230447619047627
2018-09-25 03:15:00,2.66,2.829145000000001
2018-09-25 03:30:00,2.63,2.840770952380952
2018-09-25 03:45:00,2.63,2.85563130952381
2018-09-25 04:00:00,2.59,2.8563823809523803
2018-09-25 04:15:00,2.59,2.8646545238095236
2018-09-25 04:30:00,2.66,2.887839761904761
2018-09-25 04:45:00,2.66,2.936763214285715
2018-09-25 05:00:00,2.63,3.0479683333333343
2018-09-25 05:15:00,2.88,2.984779821428573
2018-09-25 05:30:00,3.85,2.978262003968254
2018-09-25 05:45:00,2.84,2.8575132142857154
2018-09-25 06:00:00,2.56,2.7671435912698445
2018-09-25 06:15:00,2.56,2.8311631547619065
2018-09-25 06:30:00,2.56,2.7345015567765554
2018-09-25 06:45:00,2.52,2.810781309523808
2018-09-25 07:00:00,2.56,2.924931369047618
2018-09-25 07:15:00,2.63,3.023035714285716
2018-09-25 07:30:00,2.59,3.5211790476190497
2018-09-25 07:45:00,2.63,3.739278333333334
2018-09-25 08:00:00,2.59,12.908059642857145
2018-09-25 08:15:00,2.52,9.712134563492066
2018-09-25 08:30:00,2.48,2.8472973015872998
2018-09-25 08:45:00,2.92,2.8645074603174607
2018-09-25 09:00:00,3.13,3.14095668650794
2018-09-25 09:15:00,2.66,2.82697757936508
2018-09-25 09:30:00,2.7,2.7794700198412703
2018-09-25 09:45:00,2.66,2.885208829365081
2018-09-25 10:00:00,3.1,3.2004729960317473
2018-09-25 10:15:00,3.35,3.3085503571428574
2018-09-25 10:30:00,2.74,3.3066372023809545
2018-09-25 10:45:00,2.63,2.8259760119047637
2018-09-25 11:00:00,2.66,2.673917142857139
2018-09-25 11:15:00,2.66,2.6519679166666617
2018-09-25 11:30:00,2.66,2.6855348809523747
2018-09-25 11:45:00,2.59,2.7122647619047573
2018-09-25 12:00:00,2.66,2.902597698412698
2018-09-25 12:15:00,2.66,2.886674345238095
2018-09-25 12:30:00,2.66,2.944656488095239
2018-09-25 12:45:00,2.84,2.936776388888888
2018-09-25 13:00:00,3.35,2.8003152976190466
2018-09-25 13:15:00,2.66,2.780500555555556
2018-09-25 13:30:00,2.63,2.824368750000001
2018-09-25 13:45:00,2.66,2.845087817460319
2018-09-25 14:00:00,2.66,2.850906825396825
2018-09-25 14:15:00,2.66,3.0246843452380947
2018-09-25 14:30:00,2.63,2.9651024404761905
2018-09-25 14:45:00,2.74,2.8480342261904754
2018-09-25 15:00:00,2.74,2.9176013095238096
2018-09-25 15:15:00,2.66,2.926878273809524
2018-09-25 15:30:00,2.63,2.879800178571428
2018-09-25 15:45:00,2.7,2.875720535714285
2018-09-25 16:00:00,2.66,2.9038180555555555
2018-09-25 16:15:00,2.66,3.1192185714285716
2018-09-25 16:30:00,3.28,3.073723928571429
2018-09-25 16:45:00,3.67,3.0477964285714303
2018-09-25 17:00:00,2.95,2.838285000000001
2018-09-25 17:15:00,2.66,3.039905357142857
2018-09-25 17:30:00,2.63,2.8731884126984126
2018-09-25 17:45:00,2.63,2.855052738095239
2018-09-25 18:00:00,2.52,2.869688452380954
2018-09-25 18:15:00,2.56,2.9341228373015893
2018-09-25 18:30:00,2.59,2.939361904761904
2018-09-25 18:45:00,2.59,3.0214888095238086
2018-09-25 19:00:00,2.7,3.0114824404761897
2018-09-25 19:15:00,2.77,3.0099895238095233
2018-09-25 19:30:00,2.84,2.953036785714285
2018-09-25 19:45:00,3.02,2.90896357142857
2018-09-25 20:00:00,3.35,2.9475455952380964
2018-09-25 20:15:00,2.74,2.872040476190476
2018-09-25 20:30:00,2.74,2.9419155952380938
2018-09-25 20:45:00,2.77,2.9929618452380966
2018-09-25 21:00:00,2.81,3.0226729761904743
2018-09-25 21:15:00,2.7,2.9791544444444433
2018-09-25 21:30:00,2.77,2.9578401388888893
2018-09-25 21:45:00,3.46,2.8650191666666665
2018-09-25 22:00:00,2.88,2.9273419246031755
2018-09-25 22:15:00,2.59,2.8922376190476182
2018-09-25 22:30:00,2.56,2.8731179761904775
2018-09-25 22:45:00,2.63,2.8358240476190475
2018-09-25 23:00:00,2.56,2.9143699188311696
2018-09-25 23:15:00,2.63,2.891037658730159
2018-09-25 23:30:00,3.13,2.842918809523807
2018-09-25 23:45:00,2.66,2.857141785714283
2018-09-26 00:00:00,2.56,2.7118012896825405
2018-09-26 00:15:00,2.66,2.838808392857142
2018-09-26 00:30:00,2.63,2.7950636996336984
2018-09-26 00:45:00,2.66,2.9125414285714277
2018-09-26 01:00:00,2.63,2.8574774999999994
2018-09-26 01:15:00,2.59,2.920108690476188
2018-09-26 01:30:00,2.59,2.86828845238095
2018-09-26 01:45:00,2.66,2.828456525974025
2018-09-26 02:00:00,2.59,2.857564285714284
2018-09-26 02:15:00,2.56,2.976432976190476
2018-09-26 02:30:00,2.77,3.0436840277777764
2018-09-26 02:45:00,3.17,3.1270648214285712
2018-09-26 03:00:00,2.81,2.9200348809523793
2018-09-26 03:15:00,2.63,2.6985226984126984
2018-09-26 03:30:00,3.13,2.7660864880952376
2018-09-26 03:45:00,2.92,2.8883513095238076
2018-09-26 04:00:00,2.59,2.962664960317461
2018-09-26 04:15:00,2.56,2.854167142857142
2018-09-26 04:30:00,2.59,2.7948349404761883
2018-09-26 04:45:00,2.56,2.8377289069264067
2018-09-26 05:00:00,2.63,2.8567798809523803
2018-09-26 05:15:00,2.56,2.914240952380952
2018-09-26 05:30:00,2.63,2.953725833333333
2018-09-26 05:45:00,2.56,2.909701071428571
2018-09-26 06:00:00,2.48,2.921970595238094
2018-09-26 06:15:00,2.52,2.94275619047619
2018-09-26 06:30:00,2.52,2.9950627380952386
2018-09-26 06:45:00,2.59,2.951873333333331
2018-09-26 07:00:00,2.52,3.101155416666666
2018-09-26 07:15:00,2.56,3.279625714285717
2018-09-26 07:30:00,2.56,5.258929642857141
2018-09-26 07:45:00,3.13,5.032138333333334
2018-09-26 08:00:00,3.02,12.718166547619044
2018-09-26 08:15:00,2.74,10.56309373015873
2018-09-26 08:30:00,2.48,3.3235800793650787
2018-09-26 08:45:00,2.59,3.0282210912698417
2018-09-26 09:00:00,2.63,3.232295317460319
2018-09-26 09:15:00,2.63,3.343213214285715
2018-09-26 09:30:00,2.66,3.0322066269841264
2018-09-26 09:45:00,2.63,2.9745536904761893
2018-09-26 10:00:00,2.74,2.9693352777777786
2018-09-26 10:15:00,2.63,3.1047667261904768
2018-09-26 10:30:00,2.63,3.181239603174606
2018-09-26 10:45:00,2.59,3.178392420634924
2018-09-26 11:00:00,2.59,3.0306111904761908
2018-09-26 11:15:00,3.2,3.0461973214285702
2018-09-26 11:30:00,3.2,3.0278422619047602
2018-09-26 11:45:00,3.24,3.101437559523808
2018-09-26 12:00:00,2.81,3.1391652380952406
2018-09-26 12:15:00,2.7,3.1659115476190482
2018-09-26 12:30:00,2.74,2.897551507936507
2018-09-26 12:45:00,2.81,2.8742736507936515
2018-09-26 13:00:00,2.74,2.9145343650793674
2018-09-26 13:15:00,2.7,3.0464329761904754
2018-09-26 13:30:00,2.7,3.0081847619047632
2018-09-26 13:45:00,2.59,2.9162183333333336
2018-09-26 14:00:00,2.59,2.9441692857142865
2018-09-26 14:15:00,2.59,3.0477743849206353
2018-09-26 14:30:00,2.59,2.884633412698413
2018-09-26 14:45:00,2.66,2.86782257936508
2018-09-26 15:00:00,3.24,2.83253142857143
2018-09-26 15:15:00,2.77,2.883375773809524
2018-09-26 15:30:00,2.59,2.9778030952380954
2018-09-26 15:45:00,2.59,2.889745436507937
2018-09-26 16:00:00,2.56,2.85516873015873
2018-09-26 16:15:00,2.59,3.400523888888888
2018-09-26 16:30:00,2.52,3.2857344642857136
2018-09-26 16:45:00,2.66,3.0227957142857145
2018-09-26 17:00:00,2.59,3.053240773809522
2018-09-26 17:15:00,2.59,3.0814559523809515
2018-09-26 17:30:00,3.17,3.020020714285713
2018-09-26 17:45:00,3.02,3.1909020833333317
2018-09-26 18:00:00,2.52,2.7707580753968246
2018-09-26 18:15:00,2.59,2.8656416666666655
2018-09-26 18:30:00,3.31,2.9153959615384615
2018-09-26 18:45:00,2.7,3.0537829761904756
2018-09-26 19:00:00,2.66,2.9129834740259755
2018-09-26 19:15:00,2.66,2.863341309523808
2018-09-26 19:30:00,2.74,2.899986904761905
2018-09-26 19:45:00,2.74,2.9394077380952375
2018-09-26 20:00:00,2.66,2.841565853174603
2018-09-26 20:15:00,2.63,2.979920595238097
2018-09-26 20:30:00,2.66,2.927331071428571
2018-09-26 20:45:00,2.7,2.9637642857142854
2018-09-26 21:00:00,2.63,2.8867558333333316
2018-09-26 21:15:00,2.92,2.913144821428572
2018-09-26 21:30:00,3.28,2.9412611904761907
2018-09-26 21:45:00,2.74,2.969271825396828
2018-09-26 22:00:00,2.56,2.779604166666667
2018-09-26 22:15:00,2.63,2.8104586904761932
2018-09-26 22:30:00,3.17,2.8597987591575076
2018-09-26 22:45:00,2.7,2.9331760714285724
2018-09-26 23:00:00,2.45,2.7330857539682527
2018-09-26 23:15:00,2.45,2.941322619047619
2018-09-26 23:30:00,2.45,2.8918747710622714
2018-09-26 23:45:00,2.48,2.816090573593073
2018-09-27 00:00:00,2.48,2.8752364880952355
2018-09-27 00:15:00,2.48,2.9633747619047615
2018-09-27 00:30:00,2.59,3.0293621428571424
2018-09-27 00:45:00,3.1,3.0585124999999995
2018-09-27 01:00:00,2.74,3.0407998809523793
2018-09-27 01:15:00,2.56,2.742572718253968
2018-09-27 01:30:00,2.52,2.864961825396825
2018-09-27 01:45:00,2.52,2.9856293253968236
2018-09-27 02:00:00,2.56,3.0692698809523797
2018-09-27 02:15:00,2.52,3.0856257142857144
2018-09-27 02:30:00,2.52,3.0570633928571427
2018-09-27 02:45:00,2.7,3.1002860119047604
2018-09-27 03:00:00,3.2,3.115314702380951
2018-09-27 03:15:00,2.81,6.745055297619047
2018-09-27 03:30:00,2.52,6.170877857142857
2018-09-27 03:45:00,2.56,6.462938690476188
2018-09-27 04:00:00,2.52,6.705162321428573
2018-09-27 04:15:00,2.52,6.734518630952377
2018-09-27 04:30:00,2.52,6.740607083333331
2018-09-27 04:45:00,3.17,3.0509835714285716
2018-09-27 05:00:00,2.66,3.074121666666665
2018-09-27 05:15:00,2.56,2.806219682539683
2018-09-27 05:30:00,2.52,3.002908253968254
2018-09-27 05:45:00,2.45,3.107115634920636
2018-09-27 06:00:00,2.45,3.124262261904762
2018-09-27 06:15:00,2.48,3.0502379761904774
2018-09-27 06:30:00,2.48,3.1384630952380967
2018-09-27 06:45:00,2.45,3.1430495238095246
2018-09-27 07:00:00,2.48,3.075360535714284
2018-09-27 07:15:00,2.84,3.712979047619048
2018-09-27 07:30:00,7.99,5.0540476984127
2018-09-27 07:45:00,9.04,7.100674365079366
2018-09-27 08:00:00,28.04,36.41970904761905
2018-09-27 08:15:00,49.46,58.4249175595238
2018-09-27 08:30:00,56.41,59.718958293650765
2018-09-27 08:45:00,40.75,56.05158642857139
2018-09-27 09:00:00,47.16,60.8916499404762
2018-09-27 09:15:00,46.91,51.2930030357143
2018-09-27 09:30:00,54.72,49.81418767857144
2018-09-27 09:45:00,57.78,49.033953333333336
2018-09-27 10:00:00,48.38,55.149384404761896
2018-09-27 10:15:00,57.82,56.94894261904762
2018-09-27 10:30:00,62.06,59.3413495238095
2018-09-27 10:45:00,57.49,62.05711430555555
2018-09-27 11:00:00,51.8,61.91737557178931
2018-09-27 11:15:00,44.28,58.94016658730159
2018-09-27 11:30:00,48.96,60.879629444444475
2018-09-27 11:45:00,54.0,44.71638873015875
2018-09-27 12:00:00,3.89,15.573128253968264
2018-09-27 12:15:00,3.67,13.965326230158729
2018-09-27 12:30:00,3.49,4.560880119047619
2018-09-27 12:45:00,4.07,4.349310059523809
2018-09-27 13:00:00,25.85,36.25418910714285
2018-09-27 13:15:00,61.02,47.06446825396822
2018-09-27 13:30:00,52.85,55.88509065476191
2018-09-27 13:45:00,60.62,68.38093517857139
2018-09-27 14:00:00,121.46,63.489046190476174
2018-09-27 14:15:00,127.62,60.4767509722222
2018-09-27 14:30:00,71.14,98.0990678354978
2018-09-27 14:45:00,112.46,98.75968285714283
2018-09-27 15:00:00,110.05,77.57326613095239
2018-09-27 15:15:00,96.01,85.9329218253968
2018-09-27 15:30:00,115.24,93.633347979798
2018-09-27 15:45:00,82.19,88.97618409090914
2018-09-27 16:00:00,61.63,88.48899452380952
2018-09-27 16:15:00,60.73,79.13856779761903
2018-09-27 16:30:00,48.53,83.39120962301592
2018-09-27 16:45:00,49.07,67.1706882738096
2018-09-27 17:00:00,54.32,65.90414494047619
2018-09-27 17:15:00,59.62,62.05114125000001
2018-09-27 17:30:00,34.81,31.72450267857141
2018-09-27 17:45:00,27.32,32.21062892857142
2018-09-27 18:00:00,32.22,50.1399094047619
2018-09-27 18:15:00,40.86,42.2263503968254
2018-09-27 18:30:00,36.18,50.96521273809522
2018-09-27 18:45:00,31.75,42.29100873015873
2018-09-27 19:00:00,37.76,38.029550337301586
2018-09-27 19:15:00,31.79,37.96966841269842
2018-09-27 19:30:00,36.4,37.842320873015886
2018-09-27 19:45:00,40.32,36.33476515873017
2018-09-27 20:00:00,34.34,37.12512829365082
2018-09-27 20:15:00,34.92,36.55057511904763
2018-09-27 20:30:00,39.64,32.01173567460319
2018-09-27 20:45:00,19.04,23.902143095238106
2018-09-27 21:00:00,7.49,13.952030119047615
2018-09-27 21:15:00,5.26,4.280925476190477
2018-09-27 21:30:00,3.78,4.201370317460317
2018-09-27 21:45:00,3.78,4.046521071428569
2018-09-27 22:00:00,3.49,3.620486250000001
2018-09-27 22:15:00,3.46,3.658329107142858
2018-09-27 22:30:00,3.46,3.4545348611111093
2018-09-27 22:45:00,3.42,3.4215554365079357
2018-09-27 23:00:00,3.31,3.378558928571428
2018-09-27 23:15:00,2.77,3.2894721428571434
2018-09-27 23:30:00,2.77,3.240556547619048
2018-09-27 23:45:00,2.84,2.835621726190475
2018-09-28 00:00:00,2.77,2.8624254166666656
2018-09-28 00:15:00,2.81,2.8899219047619056
2018-09-28 00:30:00,2.84,2.840299682539682
2018-09-28 00:45:00,2.95,2.8369389682539667
2018-09-28 01:00:00,2.88,2.848871190476189
2018-09-28 01:15:00,2.92,3.0262402182539656
2018-09-28 01:30:00,3.02,2.9870493055555545
2018-09-28 01:45:00,2.99,3.169114801587301
2018-09-28 02:00:00,3.38,3.053061964285712
2018-09-28 02:15:00,4.1,3.058089523809522
2018-09-28 02:30:00,3.17,3.0520380952380934
2018-09-28 02:45:00,2.99,2.9218538293650784
2018-09-28 03:00:00,2.95,3.1298635317460297
2018-09-28 03:15:00,2.95,2.993161547619047
2018-09-28 03:30:00,2.95,3.0060641071428558
2018-09-28 03:45:00,2.88,3.092999702380953
2018-09-28 04:00:00,2.95,3.0864437499999995
2018-09-28 04:15:00,3.02,3.1373063095238085
2018-09-28 04:30:00,2.95,3.054872976190477
2018-09-28 04:45:00,2.92,2.9829763293650786
2018-09-28 05:00:00,2.95,3.036623333333332
2018-09-28 05:15:00,2.99,3.141143035714287
2018-09-28 05:30:00,2.95,3.053488869047618
2018-09-28 05:45:00,3.64,3.0092837698412693
2018-09-28 06:00:00,3.85,3.083204345238095
2018-09-28 06:15:00,3.17,3.0416217460317445
2018-09-28 06:30:00,2.88,3.0323542857142867
2018-09-28 06:45:00,2.84,3.0464906547619046
2018-09-28 07:00:00,2.92,3.0922646626984105
2018-09-28 07:15:00,3.06,3.846872976190476
2018-09-28 07:30:00,3.2,4.220452454212457
2018-09-28 07:45:00,3.02,3.9465554773004783
2018-09-28 08:00:00,28.48,33.92294305555556
2018-09-28 08:15:00,38.59,29.8207105952381
2018-09-28 08:30:00,55.51,51.61170726190478
2018-09-28 08:45:00,58.03,49.95398928571431
2018-09-28 09:00:00,54.36,60.85235337301584
2018-09-28 09:15:00,60.3,55.20273960317465
2018-09-28 09:30:00,60.12,50.06247999999999
2018-09-28 09:45:00,47.2,54.808379603174636
2018-09-28 10:00:00,49.32,55.989322043650816
2018-09-28 10:15:00,53.14,50.076296111111134
2018-09-28 10:30:00,52.6,49.2724248809524
2018-09-28 10:45:00,59.69,51.87344940476188
2018-09-28 11:00:00,50.26,50.64055422619045
2018-09-28 11:15:00,56.77,52.01011378246753
2018-09-28 11:30:00,50.72,52.170843809523795
2018-09-28 11:45:00,46.12,46.48941372294373
2018-09-28 12:00:00,6.12,9.497686547619047
2018-09-28 12:15:00,5.26,5.461321428571425
2018-09-28 12:30:00,4.0,5.259338511904763
2018-09-28 12:45:00,3.64,5.124508988095239
2018-09-28 13:00:00,26.57,30.137400317460315
2018-09-28 13:15:00,43.67,50.10224142857145
2018-09-28 13:30:00,55.58,46.164533452380944
2018-09-28 13:45:00,64.87,46.93965339285716
2018-09-28 14:00:00,41.72,58.19628845238095
2018-09-28 14:15:00,39.1,66.2060749404762
2018-09-28 14:30:00,53.68,37.119130198412705
2018-09-28 14:45:00,55.04,38.79546982142856
2018-09-28 15:00:00,38.52,51.50937982142857
2018-09-28 15:15:00,56.81,48.65605232142856
2018-09-28 15:30:00,56.66,37.56195339285713
2018-09-28 15:45:00,44.71,51.40618112554113
2018-09-28 16:00:00,38.74,53.09700958333333
2018-09-28 16:15:00,45.36,35.106442406204934
2018-09-28 16:30:00,50.18,32.009540535714315
2018-09-28 16:45:00,58.25,34.271463333333344
2018-09-28 17:00:00,46.76,37.28713630952382
2018-09-28 17:15:00,51.48,45.53745083333333
2018-09-28 17:30:00,33.41,38.852355714285736
2018-09-28 17:45:00,27.25,25.769311369047625
2018-09-28 18:00:00,29.52,27.690704940476184
2018-09-28 18:15:00,37.87,37.22747392857143
2018-09-28 18:30:00,38.12,35.99390180555556
2018-09-28 18:45:00,38.63,39.8653103968254
2018-09-28 19:00:00,38.38,49.03656349206348
2018-09-28 19:15:00,29.45,30.633642083333342
2018-09-28 19:30:00,36.58,37.253577420634926
2018-09-28 19:45:00,35.32,29.906278591269835
2018-09-28 20:00:00,35.24,33.08958061507939
2018-09-28 20:15:00,33.16,34.05228097222225
2018-09-28 20:30:00,21.67,34.292637281746046
2018-09-28 20:45:00,7.85,19.867536626984137
2018-09-28 21:00:00,6.19,4.9342938528138545
2018-09-28 21:15:00,3.56,4.665959329004332
2018-09-28 21:30:00,3.6,4.244068511904764
2018-09-28 21:45:00,3.53,3.450320079365079
2018-09-28 22:00:00,3.24,3.568319761904762
2018-09-28 22:15:00,3.17,3.3647756042568524
2018-09-28 22:30:00,3.2,3.0879630952381003
2018-09-28 22:45:00,3.17,3.2073922619047606
2018-09-28 23:00:00,3.1,3.129091666666668
2018-09-28 23:15:00,3.1,3.058943630952382
2018-09-28 23:30:00,3.13,3.114830595238095
2018-09-28 23:45:00,3.13,3.2135133333333328
2018-09-29 00:00:00,2.7,3.2115130952380957
2018-09-29 00:15:00,2.48,3.200641904761905
2018-09-29 00:30:00,2.45,2.7950112500000013
2018-09-29 00:45:00,2.56,2.7266298305860808
2018-09-29 01:00:00,2.59,2.7239712499999995
2018-09-29 01:15:00,3.17,2.725201428571428
2018-09-29 01:30:00,2.95,2.729331904761904
2018-09-29 01:45:00,2.52,2.7773427380952374
2018-09-29 02:00:00,2.52,2.8428092460317447
2018-09-29 02:15:00,2.59,2.738008075396826
2018-09-29 02:30:00,2.48,2.6734471626984124
2018-09-29 02:45:00,2.52,2.672170952380951
2018-09-29 03:00:00,2.59,2.7216539682539684
2018-09-29 03:15:00,2.59,2.723598749999998
2018-09-29 03:30:00,2.59,2.702525357142857
2018-09-29 03:45:00,2.59,2.710705952380952
2018-09-29 04:00:00,2.52,2.7317884523809512
2018-09-29 04:15:00,2.77,2.801544404761906
2018-09-29 04:30:00,3.17,6.7219972023809555
2018-09-29 04:45:00,2.56,6.582360773809523
2018-09-29 05:00:00,2.59,2.6456204365079357
2018-09-29 05:15:00,2.59,2.7986122619047613
2018-09-29 05:30:00,2.56,2.7817583928571405
2018-09-29 05:45:00,2.56,2.764791249999998
2018-09-29 06:00:00,2.52,3.077034464285715
2018-09-29 06:15:00,2.56,3.017364226190478
2018-09-29 06:30:00,2.59,2.771946726190477
2018-09-29 06:45:00,2.74,6.71320446428572
2018-09-29 07:00:00,3.13,2.996228214285713
2018-09-29 07:15:00,3.02,3.3815613690476205
2018-09-29 07:30:00,2.66,4.038091984126984
2018-09-29 07:45:00,3.06,4.161253928571428
2018-09-29 08:00:00,21.85,11.548797321428564
2018-09-29 08:15:00,47.3,16.31509646825397
2018-09-29 08:30:00,45.65,28.880369384920638
2018-09-29 08:45:00,41.9,56.33937269841269
2018-09-29 09:00:00,44.46,44.313860734126976
2018-09-29 09:15:00,47.41,33.7216622420635
2018-09-29 09:30:00,47.23,39.09315962301587
2018-09-29 09:45:00,37.87,41.43894942460316
2018-09-29 10:00:00,47.74,40.731900317460315
2018-09-29 10:15:00,44.5,34.36542454365079
2018-09-29 10:30:00,42.3,43.38008646825396
2018-09-29 10:45:00,44.14,38.62643613095241
2018-09-29 11:00:00,48.02,33.06845331349208
2018-09-29 11:15:00,49.14,35.87301962301588
2018-09-29 11:30:00,44.5,43.91166111111114
2018-09-29 11:45:00,32.47,40.968787619047625
2018-09-29 12:00:00,3.42,5.40925158730159
2018-09-29 12:15:00,3.28,5.250257876984126
2018-09-29 12:30:00,3.38,4.265131964285715
2018-09-29 12:45:00,4.5,4.0988355357142865
2018-09-29 13:00:00,19.51,25.778084940476166
2018-09-29 13:15:00,47.59,41.93345761904764
2018-09-29 13:30:00,47.48,40.54908910714288
2018-09-29 13:45:00,35.03,52.33949787878785
2018-09-29 14:00:00,34.6,47.27576809523809
2018-09-29 14:15:00,46.58,37.10798000000001
2018-09-29 14:30:00,47.88,36.573368333333335
2018-09-29 14:45:00,34.49,43.9544907738095
2018-09-29 15:00:00,34.92,44.623177996031735
2018-09-29 15:15:00,50.62,36.28517519841271
2018-09-29 15:30:00,36.14,35.29166222222223
2018-09-29 15:45:00,35.93,43.52384523809522
2018-09-29 16:00:00,51.59,33.959337083333345
2018-09-29 16:15:00,35.32,32.64052986111115
2018-09-29 16:30:00,24.12,40.28010416666665
2018-09-29 16:45:00,4.97,17.052547500000006
2018-09-29 17:00:00,3.6,4.461888988095236
2018-09-29 17:15:00,3.46,4.1619601190476185
2018-09-29 17:30:00,3.49,3.474935654761906
2018-09-29 17:45:00,3.38,3.3503129365079376
2018-09-29 18:00:00,3.35,3.406112559523812
2018-09-29 18:15:00,3.42,3.2852598809523825
2018-09-29 18:30:00,3.46,3.6640071428571432
2018-09-29 18:45:00,3.49,3.295118611111109
2018-09-29 19:00:00,3.49,3.2124285119047618
2018-09-29 19:15:00,3.46,3.0700745238095224
2018-09-29 19:30:00,3.42,3.093471547619046
2018-09-29 19:45:00,3.42,3.2544100793650816
2018-09-29 20:00:00,3.46,3.259791964285711
2018-09-29 20:15:00,3.53,3.1599714285714247
2018-09-29 20:30:00,3.38,3.1543449999999984
2018-09-29 20:45:00,2.81,3.098910892857142
2018-09-29 21:00:00,2.81,3.1557180952380937
2018-09-29 21:15:00,2.81,2.845398333333332
2018-09-29 21:30:00,2.81,2.8321762301587285
2018-09-29 21:45:00,2.81,2.8455922222222223
2018-09-29 22:00:00,3.13,2.7997907936507933
2018-09-29 22:15:00,3.28,2.7880754365079348
2018-09-29 22:30:00,2.59,2.839281468253967
2018-09-29 22:45:00,2.59,2.823073452380953
2018-09-29 23:00:00,2.59,2.7555591666666652
2018-09-29 23:15:00,2.56,2.7893670238095236
2018-09-29 23:30:00,2.52,2.7368365476190464
2018-09-29 23:45:00,2.56,2.6608170238095203
2018-09-30 00:00:00,3.02,2.6810078174603156
2018-09-30 00:15:00,2.81,2.6915536507936504
2018-09-30 00:30:00,2.63,2.7831865277777763
2018-09-30 00:45:00,2.56,2.790998075396825
2018-09-30 01:00:00,2.56,2.7729900000000005
2018-09-30 01:15:00,2.59,2.65752976190476
2018-09-30 01:30:00,2.56,2.6520749603174574
2018-09-30 01:45:00,2.56,2.619206666666666
2018-09-30 02:00:00,2.63,2.6706517261904748
2018-09-30 02:15:00,2.56,2.71826994047619
2018-09-30 02:30:00,2.56,2.674114999999997
2018-09-30 02:45:00,2.63,2.8366336904761913
2018-09-30 03:00:00,2.59,2.9253368452380966
2018-09-30 03:15:00,2.56,2.7972334523809526
2018-09-30 03:30:00,3.13,2.824390833333335
2018-09-30 03:45:00,2.88,2.936469523809525
2018-09-30 04:00:00,3.1,2.8068820039682554
2018-09-30 04:15:00,3.02,2.673870238095239
2018-09-30 04:30:00,2.52,2.780422718253967
2018-09-30 04:45:00,2.63,3.022904345238096
2018-09-30 05:00:00,2.66,2.740717588522587
2018-09-30 05:15:00,2.52,2.701399821428569
2018-09-30 05:30:00,2.59,2.7574125992063494
2018-09-30 05:45:00,2.52,2.734396428571429
2018-09-30 06:00:00,2.52,2.6957485714285703
2018-09-30 06:15:00,2.56,2.6911408928571423
2018-09-30 06:30:00,2.56,2.6698861309523805
2018-09-30 06:45:00,2.59,2.6096816666666673
2018-09-30 07:00:00,2.52,2.6624145238095225
2018-09-30 07:15:00,2.95,2.9898324404761922
2018-09-30 07:30:00,2.95,4.0195422817460305
2018-09-30 07:45:00,2.59,3.0555433333333344
2018-09-30 08:00:00,2.56,12.218766130952375
2018-09-30 08:15:00,2.52,12.469972261904754
2018-09-30 08:30:00,2.63,3.0214283333333345
2018-09-30 08:45:00,2.74,3.08172369047619
2018-09-30 09:00:00,3.02,3.095272023809524
2018-09-30 09:15:00,3.46,3.0760652976190483
2018-09-30 09:30:00,2.81,3.328312956349204
2018-09-30 09:45:00,2.77,3.3805135515872995
2018-09-30 10:00:00,2.74,3.084011726190476
2018-09-30 10:15:00,2.74,2.9734323214285707
2018-09-30 10:30:00,2.74,2.9507110119047604
2018-09-30 10:45:00,2.74,3.041868988095237
2018-09-30 11:00:00,2.7,2.998642261904763
2018-09-30 11:15:00,2.7,2.957414285714287
2018-09-30 11:30:00,2.74,2.9479619047619066
2018-09-30 11:45:00,3.02,2.9609186904761917
2018-09-30 12:00:00,3.31,3.012008015873015
2018-09-30 12:15:00,2.77,3.2164063888888883
2018-09-30 12:30:00,2.81,3.311753412698412
2018-09-30 12:45:00,2.77,3.0363036309523808
2018-09-30 13:00:00,2.7,2.989238154761904
2018-09-30 13:15:00,2.66,3.051791785714286
2018-09-30 13:30:00,2.74,3.1432764880952386
2018-09-30 13:45:00,2.74,2.9805311904761913
2018-09-30 14:00:00,2.74,3.0315964880952384
2018-09-30 14:15:00,2.95,2.996851190476191
2018-09-30 14:30:00,3.38,3.011805654761904
2018-09-30 14:45:00,2.95,3.071655476190477
2018-09-30 15:00:00,2.7,3.056023015873015
2018-09-30 15:15:00,2.7,3.1314463095238083
2018-09-30 15:30:00,2.7,2.9982888095238103
2018-09-30 15:45:00,2.74,2.971449166666667
2018-09-30 16:00:00,2.95,3.0750039285714292
2018-09-30 16:15:00,3.31,2.9425335912698403
2018-09-30 16:30:00,2.66,2.8902752182539673
2018-09-30 16:45:00,2.7,2.878091527777779
2018-09-30 17:00:00,2.7,2.8088205357142857
2018-09-30 17:15:00,2.7,2.7918666269841266
2018-09-30 17:30:00,2.7,2.8065212698412707
2018-09-30 17:45:00,2.74,2.7805076190476177
2018-09-30 18:00:00,2.63,2.794461547619049
2018-09-30 18:15:00,2.66,2.829302321428571
2018-09-30 18:30:00,2.77,2.7902592857142867
2018-09-30 18:45:00,2.77,2.905872956349207
2018-09-30 19:00:00,2.95,2.9884526785714267
2018-09-30 19:15:00,3.35,2.9320564880952382
2018-09-30 19:30:00,2.99,2.8707971825396816
2018-09-30 19:45:00,3.46,2.9196143452380925
2018-09-30 20:00:00,2.74,2.954153095238098
2018-09-30 20:15:00,2.7,3.0328707936507944
2018-09-30 20:30:00,2.77,2.8989101190476214
2018-09-30 20:45:00,2.77,2.852231547619047
2018-09-30 21:00:00,2.77,2.8686364880952366
2018-09-30 21:15:00,2.77,2.908712142857143
2018-09-30 21:30:00,2.74,2.877898214285714
2018-09-30 21:45:00,2.77,2.904262380952381
2018-09-30 22:00:00,2.59,2.8555453679653686
2018-09-30 22:15:00,3.17,2.909246369047618
2018-09-30 22:30:00,2.81,2.799328966450216
2018-09-30 22:45:00,2.59,2.8055858730158745
2018-09-30 23:00:00,2.56,2.8758011309523805
2018-09-30 23:15:00,2.52,2.860922023809523
2018-09-30 23:30:00,2.59,2.8614087499999994
2018-09-30 23:45:00,2.74,2.858099107142856
