interval_start,energy,prediction
2018-07-01 00:00:00,2.81,3.219310148327877
2018-07-01 00:15:00,2.81,3.0857833975786018
2018-07-01 00:30:00,2.95,2.9683162495856443
2018-07-01 00:45:00,2.81,2.9683162495856443
2018-07-01 01:00:00,2.88,2.85569430110924
2018-07-01 01:15:00,2.88,2.85569430110924
2018-07-01 01:30:00,2.84,2.85569430110924
2018-07-01 01:45:00,2.84,2.85569430110924
2018-07-01 02:00:00,2.92,2.85569430110924
2018-07-01 02:15:00,2.84,2.85569430110924
2018-07-01 02:30:00,2.88,2.85569430110924
2018-07-01 02:45:00,2.84,2.85569430110924
2018-07-01 03:00:00,3.67,2.85569430110924
2018-07-01 03:15:00,3.85,2.863597660699348
2018-07-01 03:30:00,2.88,3.183888803378094
2018-07-01 03:45:00,2.81,3.2843402931080874
2018-07-01 04:00:00,2.81,3.0418101991589794
2018-07-01 04:15:00,2.81,2.941358709428986
2018-07-01 04:30:00,2.81,2.863597660699348
2018-07-01 04:45:00,2.84,2.863597660699348
2018-07-01 05:00:00,2.74,2.863597660699348
2018-07-01 05:15:00,2.77,2.863597660699348
2018-07-01 05:30:00,2.81,2.863597660699348
2018-07-01 05:45:00,2.81,2.863597660699348
2018-07-01 06:00:00,2.77,2.863597660699348
2018-07-01 06:15:00,2.81,2.863597660699348
2018-07-01 06:30:00,2.74,2.863597660699348
2018-07-01 06:45:00,2.74,2.863597660699348
2018-07-01 07:00:00,2.7,2.863597660699348
2018-07-01 07:15:00,2.74,2.863597660699348
2018-07-01 07:30:00,3.28,2.8566204381643883
2018-07-01 07:45:00,3.06,2.8420757605374054
2018-07-01 08:00:00,3.38,18.602391758114713
2018-07-01 08:15:00,2.74,15.711812363481329
2018-07-01 08:30:00,2.66,8.443634789846488
2018-07-01 08:45:00,2.84,4.379420092800002
2018-07-01 09:00:00,2.99,4.604657593958358
2018-07-01 09:15:00,3.1,4.604657593958358
2018-07-01 09:30:00,2.99,4.604657593958358
2018-07-01 09:45:00,2.99,4.411062728839136
2018-07-01 10:00:00,3.02,4.411062728839136
2018-07-01 10:15:00,3.02,4.604657593958358
2018-07-01 10:30:00,2.99,4.164177421588698
2018-07-01 10:45:00,3.06,3.719796410216043
2018-07-01 11:00:00,3.35,3.719796410216043
2018-07-01 11:15:00,3.02,4.126136922057556
2018-07-01 11:30:00,2.84,3.6874741673928604
2018-07-01 11:45:00,2.81,3.1962525780443976
2018-07-01 12:00:00,2.95,2.2194726758102568
2018-07-01 12:15:00,3.13,2.3013041589278775
2018-07-01 12:30:00,3.1,2.273482644144094
2018-07-01 12:45:00,3.06,3.2431463577281803
2018-07-01 13:00:00,3.42,3.527841629989072
2018-07-01 13:15:00,3.6,4.296088016096933
2018-07-01 13:30:00,2.99,5.0543305716721
2018-07-01 13:45:00,2.95,4.8532170058901825
2018-07-01 14:00:00,2.99,4.527000289931752
2018-07-01 14:15:00,2.99,4.390780571076018
2018-07-01 14:30:00,3.02,4.445728009296259
2018-07-01 14:45:00,2.99,4.445728009296259
2018-07-01 15:00:00,2.99,4.312192098881894
2018-07-01 15:15:00,3.56,4.101369598177848
2018-07-01 15:30:00,3.17,4.262947003956984
2018-07-01 15:45:00,2.92,4.9741603178142375
2018-07-01 16:00:00,2.92,4.932464930845397
2018-07-01 16:15:00,2.95,2.8258530907440984
2018-07-01 16:30:00,2.95,2.7474298276697335
2018-07-01 16:45:00,2.95,3.22022334190103
2018-07-01 17:00:00,2.99,2.5634414006697095
2018-07-01 17:15:00,2.99,2.530280724181774
2018-07-01 17:30:00,2.95,2.481035629256864
2018-07-01 17:45:00,3.06,2.481035629256864
2018-07-01 18:00:00,2.88,3.066554322022723
2018-07-01 18:15:00,2.84,2.96192480644449
2018-07-01 18:30:00,3.06,2.96192480644449
2018-07-01 18:45:00,3.74,2.96192480644449
2018-07-01 19:00:00,3.56,2.96192480644449
2018-07-01 19:15:00,3.53,3.0212292929705002
2018-07-01 19:30:00,3.02,3.1674707477790354
2018-07-01 19:45:00,3.06,3.2286258991826307
2018-07-01 20:00:00,3.06,2.905262282652951
2018-07-01 20:15:00,3.1,2.8414265992572614
2018-07-01 20:30:00,3.06,2.874587275745197
2018-07-01 20:45:00,3.06,2.942851772851078
2018-07-01 21:00:00,3.06,2.942851772851078
2018-07-01 21:15:00,3.06,2.853923029991736
2018-07-01 21:30:00,3.06,2.853923029991736
2018-07-01 21:45:00,3.06,2.907554494589004
2018-07-01 22:00:00,2.99,2.907554494589004
2018-07-01 22:15:00,2.88,2.907554494589004
2018-07-01 22:30:00,2.84,3.0507401985617064
2018-07-01 22:45:00,2.81,3.0507401985617064
2018-07-01 23:00:00,3.35,3.012533667312176
2018-07-01 23:15:00,2.92,2.865108347979976
2018-07-01 23:30:00,2.81,3.062470782124941
2018-07-01 23:45:00,2.88,2.9289440313756656
2018-07-02 00:00:00,2.81,3.2445929050275346
2018-07-02 00:15:00,2.84,3.2445929050275346
2018-07-02 00:30:00,2.88,3.2445929050275346
2018-07-02 00:45:00,3.28,3.2445929050275346
2018-07-02 01:00:00,3.38,3.2351788581567984
2018-07-02 01:15:00,2.88,3.4325412923017633
2018-07-02 01:30:00,2.92,3.4963769756974528
2018-07-02 01:45:00,2.92,3.299014541552488
2018-07-02 02:00:00,2.92,3.2351788581567984
2018-07-02 02:15:00,2.88,3.2351788581567984
2018-07-02 02:30:00,2.92,3.2351788581567984
2018-07-02 02:45:00,3.38,3.2351788581567984
2018-07-02 03:00:00,3.13,3.2351788581567984
2018-07-02 03:15:00,2.95,3.561037625157162
2018-07-02 03:30:00,2.92,3.3435337074769
2018-07-02 03:45:00,2.84,3.2430822177469065
2018-07-02 04:00:00,2.92,3.289324802353538
2018-07-02 04:15:00,2.84,3.289324802353538
2018-07-02 04:30:00,2.88,3.289324802353538
2018-07-02 04:45:00,2.88,3.289324802353538
2018-07-02 05:00:00,2.88,3.289324802353538
2018-07-02 05:15:00,2.84,3.289324802353538
2018-07-02 05:30:00,2.88,3.289324802353538
2018-07-02 05:45:00,2.84,3.289324802353538
2018-07-02 06:00:00,2.81,3.289324802353538
2018-07-02 06:15:00,2.81,3.3083479833510023
2018-07-02 06:30:00,3.42,3.3083479833510023
2018-07-02 06:45:00,3.78,3.3083479833510023
2018-07-02 07:00:00,3.06,3.6042599222864635
2018-07-02 07:15:00,2.99,3.704711412016457
2018-07-02 07:30:00,3.02,4.322679872377602
2018-07-02 07:45:00,2.99,5.671211534807398
2018-07-02 08:00:00,18.61,26.92446043960395
2018-07-02 08:15:00,39.53,38.59529568774711
2018-07-02 08:30:00,44.89,58.43061478572475
2018-07-02 08:45:00,48.31,54.631688540461184
2018-07-02 09:00:00,51.3,54.9862618801535
2018-07-02 09:15:00,50.18,59.9360593331944
2018-07-02 09:30:00,61.85,61.20813490923743
2018-07-02 09:45:00,71.35,60.04594453482462
2018-07-02 10:00:00,72.68,62.7672316744319
2018-07-02 10:15:00,59.72,71.95121441302672
2018-07-02 10:30:00,59.11,76.29205306360791
2018-07-02 10:45:00,56.45,72.11056996419796
2018-07-02 11:00:00,70.52,62.405668804792896
2018-07-02 11:15:00,65.7,66.65044592239035
2018-07-02 11:30:00,70.7,68.31509551760162
2018-07-02 11:45:00,63.76,65.38159827729521
2018-07-02 12:00:00,8.24,10.129835804237706
2018-07-02 12:15:00,5.08,7.336732301373339
2018-07-02 12:30:00,5.58,8.140803077034034
2018-07-02 12:45:00,5.51,7.511763900637832
2018-07-02 13:00:00,40.1,46.945958759016044
2018-07-02 13:15:00,61.81,58.28112860782677
2018-07-02 13:30:00,87.7,60.649123186138794
2018-07-02 13:45:00,69.12,69.52704568559524
2018-07-02 14:00:00,58.1,79.85423394642328
2018-07-02 14:15:00,56.77,76.02405751377414
2018-07-02 14:30:00,59.8,64.47305617065152
2018-07-02 14:45:00,57.28,64.69340448002752
2018-07-02 15:00:00,68.04,63.94464422877829
2018-07-02 15:15:00,63.54,61.40512919360594
2018-07-02 15:30:00,70.31,67.09703697040521
2018-07-02 15:45:00,62.32,62.59704684552533
2018-07-02 16:00:00,53.1,69.96062948207445
2018-07-02 16:15:00,51.52,64.20668950637311
2018-07-02 16:30:00,49.75,65.22883169879331
2018-07-02 16:45:00,58.03,63.45994745434194
2018-07-02 17:00:00,57.24,55.46646082378126
2018-07-02 17:15:00,57.46,53.88929426126748
2018-07-02 17:30:00,34.7,31.729794340477955
2018-07-02 17:45:00,27.43,31.33298613168289
2018-07-02 18:00:00,31.68,31.733613706536218
2018-07-02 18:15:00,53.03,30.607015214515496
2018-07-02 18:30:00,40.5,34.76140087789186
2018-07-02 18:45:00,35.96,51.31214945812058
2018-07-02 19:00:00,40.18,39.36944103208723
2018-07-02 19:15:00,44.57,38.51327113888895
2018-07-02 19:30:00,44.5,41.97730673087933
2018-07-02 19:45:00,45.43,48.29060500394601
2018-07-02 20:00:00,46.08,52.80354983172092
2018-07-02 20:15:00,46.62,47.991028738627605
2018-07-02 20:30:00,47.63,37.94052846601736
2018-07-02 20:45:00,18.14,18.83872167902524
2018-07-02 21:00:00,4.46,16.949893045110674
2018-07-02 21:15:00,3.82,4.841349131062648
2018-07-02 21:30:00,3.78,3.5520411443091344
2018-07-02 21:45:00,3.82,3.6993541188971437
2018-07-02 22:00:00,3.71,4.280382581144952
2018-07-02 22:15:00,3.6,4.006320745422816
2018-07-02 22:30:00,3.46,4.149506449395515
2018-07-02 22:45:00,3.46,4.123482519927651
2018-07-02 23:00:00,3.46,3.7346745005657196
2018-07-02 23:15:00,3.46,3.6855691995339894
2018-07-02 23:30:00,3.42,3.6855691995339894
2018-07-02 23:45:00,3.2,3.6855691995339894
2018-07-03 00:00:00,2.84,3.385383533017885
2018-07-03 00:15:00,2.88,3.197281849442361
2018-07-03 00:30:00,2.95,3.1241854154772306
2018-07-03 00:45:00,2.92,3.1241854154772306
2018-07-03 01:00:00,3.38,3.1147713686064944
2018-07-03 01:15:00,3.2,3.1147713686064944
2018-07-03 01:30:00,2.7,3.289194991988595
2018-07-03 01:45:00,2.77,3.1649289918087606
2018-07-03 02:00:00,2.81,3.09183255784363
2018-07-03 02:15:00,2.81,3.09183255784363
2018-07-03 02:30:00,2.84,3.09183255784363
2018-07-03 02:45:00,2.81,3.038201093246362
2018-07-03 03:00:00,2.84,2.934993191640694
2018-07-03 03:15:00,2.81,2.942896551230802
2018-07-03 03:30:00,3.06,2.942896551230802
2018-07-03 03:45:00,3.24,2.942896551230802
2018-07-03 04:00:00,2.84,2.9891391358374335
2018-07-03 04:15:00,2.81,3.3094302785161793
2018-07-03 04:30:00,2.84,3.089590625567427
2018-07-03 04:45:00,2.81,2.9891391358374335
2018-07-03 05:00:00,2.81,2.9891391358374335
2018-07-03 05:15:00,2.81,2.9891391358374335
2018-07-03 05:30:00,2.84,2.9891391358374335
2018-07-03 05:45:00,2.77,2.9891391358374335
2018-07-03 06:00:00,2.77,2.9891391358374335
2018-07-03 06:15:00,2.77,3.008162316834898
2018-07-03 06:30:00,2.77,3.008162316834898
2018-07-03 06:45:00,2.77,3.008162316834898
2018-07-03 07:00:00,2.77,3.057982615045989
2018-07-03 07:15:00,3.53,3.057982615045989
2018-07-03 07:30:00,3.67,3.725973433624901
2018-07-03 07:45:00,5.22,5.418161356733962
2018-07-03 08:00:00,30.42,27.935005496078844
2018-07-03 08:15:00,41.44,36.3931643395074
2018-07-03 08:30:00,48.31,55.08449973895179
2018-07-03 08:45:00,59.04,51.10714867035157
2018-07-03 09:00:00,60.62,53.932854319605724
2018-07-03 09:15:00,61.13,58.770320212286855
2018-07-03 09:30:00,71.82,59.261606112722234
2018-07-03 09:45:00,62.71,59.6650123682426
2018-07-03 10:00:00,49.86,67.67018192792605
2018-07-03 10:15:00,46.73,61.99601909384146
2018-07-03 10:30:00,57.42,60.49257465581901
2018-07-03 10:45:00,59.83,55.82073907389025
2018-07-03 11:00:00,71.14,62.95224836839467
2018-07-03 11:15:00,54.4,60.45615635734355
2018-07-03 11:30:00,57.64,64.96840399593127
2018-07-03 11:45:00,66.67,52.76809001615878
2018-07-03 12:00:00,23.72,12.135635954790551
2018-07-03 12:15:00,4.1,4.4746027641808
2018-07-03 12:30:00,4.21,9.519454610723693
2018-07-03 12:45:00,4.79,5.675475781508715
2018-07-03 13:00:00,38.3,28.06724463451179
2018-07-03 13:15:00,66.17,58.71569728494573
2018-07-03 13:30:00,55.48,62.767188548025956
2018-07-03 13:45:00,57.35,67.56985512721445
2018-07-03 14:00:00,48.74,56.54677918813451
2018-07-03 14:15:00,52.78,58.22998357119724
2018-07-03 14:30:00,71.32,54.26837273432212
2018-07-03 14:45:00,53.82,59.36899309765188
2018-07-03 15:00:00,67.0,66.26100626955918
2018-07-03 15:15:00,56.74,57.71934160086185
2018-07-03 15:30:00,78.34,63.817382026943726
2018-07-03 15:45:00,105.66,58.61920219021612
2018-07-03 16:00:00,64.37,72.39371071751373
2018-07-03 16:15:00,66.74,88.24216401614443
2018-07-03 16:30:00,95.54,66.57688037741904
2018-07-03 16:45:00,113.26,64.90088324121157
2018-07-03 17:00:00,72.47,80.93237218698128
2018-07-03 17:15:00,73.48,87.32982744443383
2018-07-03 17:30:00,43.7,49.102073522651075
2018-07-03 17:45:00,31.43,41.47466122826061
2018-07-03 18:00:00,42.05,39.597989671855714
2018-07-03 18:15:00,70.2,54.27502238389186
2018-07-03 18:30:00,57.53,50.43272706825609
2018-07-03 18:45:00,71.21,64.77648155509601
2018-07-03 19:00:00,81.07,60.92340022277265
2018-07-03 19:15:00,103.36,68.52388522076943
2018-07-03 19:30:00,90.83,74.78771886609901
2018-07-03 19:45:00,109.73,82.67246071741177
2018-07-03 20:00:00,106.56,84.6309270207053
2018-07-03 20:15:00,76.1,91.4535276362851
2018-07-03 20:30:00,92.38,89.454558177065
2018-07-03 20:45:00,77.04,33.54457824683483
2018-07-03 21:00:00,27.11,23.002234461745907
2018-07-03 21:15:00,27.79,26.34303482797895
2018-07-03 21:30:00,14.33,13.051468832167656
2018-07-03 21:45:00,4.18,16.698286880331707
2018-07-03 22:00:00,3.85,9.532042549491235
2018-07-03 22:15:00,3.53,2.086406006286842
2018-07-03 22:30:00,3.56,4.054345206426596
2018-07-03 22:45:00,3.6,3.7762765780314163
2018-07-03 23:00:00,3.46,3.7202734963321045
2018-07-03 23:15:00,3.46,3.859812712295376
2018-07-03 23:30:00,3.49,3.859812712295376
2018-07-03 23:45:00,3.42,3.7047505221031205
2018-07-04 00:00:00,3.2,3.7047505221031205
2018-07-04 00:15:00,2.81,3.7047505221031205
2018-07-04 00:30:00,3.24,3.5166488385275967
2018-07-04 00:45:00,3.42,3.443552404562466
2018-07-04 01:00:00,2.95,3.631500791836695
2018-07-04 01:15:00,2.84,3.6953364752323843
2018-07-04 01:30:00,2.84,3.4979740410874194
2018-07-04 01:45:00,2.81,3.43413835769173
2018-07-04 02:00:00,2.81,3.43413835769173
2018-07-04 02:15:00,2.88,3.4111995469288656
2018-07-04 02:30:00,2.92,3.4111995469288656
2018-07-04 02:45:00,2.84,3.4111995469288656
2018-07-04 03:00:00,2.81,3.4111995469288656
2018-07-04 03:15:00,2.84,3.3323107654337702
2018-07-04 03:30:00,2.84,3.2622635403160376
2018-07-04 03:45:00,2.92,3.2622635403160376
2018-07-04 04:00:00,2.81,3.3369733043156735
2018-07-04 04:15:00,3.06,3.3369733043156735
2018-07-04 04:30:00,3.42,3.3369733043156735
2018-07-04 04:45:00,2.99,3.3369733043156735
2018-07-04 05:00:00,2.81,3.6572644469944193
2018-07-04 05:15:00,2.84,3.437424794045667
2018-07-04 05:30:00,2.81,3.3369733043156735
2018-07-04 05:45:00,2.81,3.3369733043156735
2018-07-04 06:00:00,2.77,3.3369733043156735
2018-07-04 06:15:00,2.77,3.2631604060028714
2018-07-04 06:30:00,3.31,3.2631604060028714
2018-07-04 06:45:00,3.42,3.2631604060028714
2018-07-04 07:00:00,3.02,3.5590723449383326
2018-07-04 07:15:00,3.13,3.659523834668326
2018-07-04 07:30:00,3.53,4.806292390323433
2018-07-04 07:45:00,6.7,6.0179288402493185
2018-07-04 08:00:00,56.09,32.453756226659365
2018-07-04 08:15:00,87.37,77.89605455160043
2018-07-04 08:30:00,93.85,82.03658078368984
2018-07-04 08:45:00,68.8,88.17660181288373
2018-07-04 09:00:00,118.98,86.26846935054257
2018-07-04 09:15:00,98.57,75.84725552217175
2018-07-04 09:30:00,116.06,80.3587599145216
2018-07-04 09:45:00,88.6,90.69119512780763
2018-07-04 10:00:00,86.62,95.89637803568642
2018-07-04 10:15:00,111.38,87.5355830374332
2018-07-04 10:30:00,90.36,78.76529156086663
2018-07-04 10:45:00,105.05,87.82428622381263
2018-07-04 11:00:00,91.4,95.61609631072353
2018-07-04 11:15:00,108.22,88.18440270698976
2018-07-04 11:30:00,67.07,92.33024342802699
2018-07-04 11:45:00,42.34,93.16838639773164
2018-07-04 12:00:00,8.1,10.024209507493401
2018-07-04 12:15:00,4.5,16.26836807950398
2018-07-04 12:30:00,5.26,5.182846071263853
2018-07-04 12:45:00,4.57,6.416416961169358
2018-07-04 13:00:00,24.26,57.97161290476517
2018-07-04 13:15:00,40.14,61.80720328375026
2018-07-04 13:30:00,38.63,70.48285205133497
2018-07-04 13:45:00,34.99,53.53465599907402
2018-07-04 14:00:00,35.93,47.771359999006066
2018-07-04 14:15:00,43.31,42.83258686207825
2018-07-04 14:30:00,35.78,43.209208358253555
2018-07-04 14:45:00,36.4,47.01760199861219
2018-07-04 15:00:00,40.21,42.85358000594819
2018-07-04 15:15:00,40.86,41.414126607690726
2018-07-04 15:30:00,39.28,45.74509404641777
2018-07-04 15:45:00,48.06,45.166083713666026
2018-07-04 16:00:00,53.17,44.961906375686496
2018-07-04 16:15:00,44.06,53.413069648234305
2018-07-04 16:30:00,42.23,60.26168596430014
2018-07-04 16:45:00,46.26,51.480750013038865
2018-07-04 17:00:00,47.48,41.81909321723534
2018-07-04 17:15:00,41.36,46.663884475591765
2018-07-04 17:30:00,35.42,42.22417731201605
2018-07-04 17:45:00,36.68,37.98672133634809
2018-07-04 18:00:00,50.87,35.60015938345313
2018-07-04 18:15:00,47.7,45.1740185213154
2018-07-04 18:30:00,44.21,57.40124410173283
2018-07-04 18:45:00,50.9,52.8690239143964
2018-07-04 19:00:00,45.72,52.26006802096377
2018-07-04 19:15:00,43.13,51.57272143857572
2018-07-04 19:30:00,35.96,50.303628704874654
2018-07-04 19:45:00,34.38,41.41561548646071
2018-07-04 20:00:00,53.32,37.69441298652576
2018-07-04 20:15:00,45.22,38.12022035941986
2018-07-04 20:30:00,53.21,50.85213181091026
2018-07-04 20:45:00,34.31,38.189180638169304
2018-07-04 21:00:00,37.33,19.977681445224775
2018-07-04 21:15:00,56.05,17.095040445904377
2018-07-04 21:30:00,37.26,25.5359650627084
2018-07-04 21:45:00,4.5,34.16967204239327
2018-07-04 22:00:00,4.72,27.694989160632435
2018-07-04 22:15:00,3.89,3.514796486069674
2018-07-04 22:30:00,3.71,4.025542479355283
2018-07-04 22:45:00,3.64,4.542691065425434
2018-07-04 23:00:00,3.6,3.7670886333808564
2018-07-04 23:15:00,3.53,3.7765026802515926
2018-07-04 23:30:00,3.53,3.7326822003339477
2018-07-04 23:45:00,3.56,3.6741628524314813
2018-07-05 00:00:00,3.56,3.6741628524314813
2018-07-05 00:15:00,3.53,3.6741628524314813
2018-07-05 00:30:00,3.1,3.6741628524314813
2018-07-05 00:45:00,3.02,3.6741628524314813
2018-07-05 01:00:00,3.02,3.46738637141578
2018-07-05 01:15:00,3.13,3.4035506880200908
2018-07-05 01:30:00,3.56,3.4035506880200908
2018-07-05 01:45:00,3.06,3.4035506880200908
2018-07-05 02:00:00,3.02,3.6009131221650557
2018-07-05 02:15:00,3.06,3.46738637141578
2018-07-05 02:30:00,3.06,3.3806118772572264
2018-07-05 02:45:00,3.06,3.3806118772572264
2018-07-05 03:00:00,3.13,3.3806118772572264
2018-07-05 03:15:00,3.06,3.3885152368473346
2018-07-05 03:30:00,3.06,3.3885152368473346
2018-07-05 03:45:00,3.06,3.3885152368473346
2018-07-05 04:00:00,3.1,3.4632250008469705
2018-07-05 04:15:00,3.02,3.4632250008469705
2018-07-05 04:30:00,3.1,3.4095935362497025
2018-07-05 04:45:00,3.1,3.4095935362497025
2018-07-05 05:00:00,3.06,3.4095935362497025
2018-07-05 05:15:00,3.56,3.4095935362497025
2018-07-05 05:30:00,3.24,3.4095935362497025
2018-07-05 05:45:00,3.1,3.7835161435257163
2018-07-05 06:00:00,3.2,3.830336168658442
2018-07-05 06:15:00,3.64,3.436232127666894
2018-07-05 06:30:00,3.17,3.358187120519719
2018-07-05 06:45:00,2.99,3.6355037432585386
2018-07-05 07:00:00,3.06,3.539683890475253
2018-07-05 07:15:00,3.53,3.4392324007452593
2018-07-05 07:30:00,4.03,4.776766289032461
2018-07-05 07:45:00,4.82,6.468954212141524
2018-07-05 08:00:00,38.41,41.58992242728508
2018-07-05 08:15:00,71.14,51.41144701328221
2018-07-05 08:30:00,117.32,63.55081273857337
2018-07-05 08:45:00,121.68,80.2521679959216
2018-07-05 09:00:00,84.2,87.2473566628689
2018-07-05 09:15:00,98.17,96.77563365739283
2018-07-05 09:30:00,74.52,85.96105298167396
2018-07-05 09:45:00,85.97,82.64800249223114
2018-07-05 10:00:00,106.96,88.38191192351185
2018-07-05 10:15:00,83.7,79.74705137941982
2018-07-05 10:30:00,66.28,93.23431932635727
2018-07-05 10:45:00,75.89,81.5230955356562
2018-07-05 11:00:00,74.88,68.85408213083655
2018-07-05 11:15:00,101.7,74.55810093942279
2018-07-05 11:30:00,107.75,72.95551815317546
2018-07-05 11:45:00,82.73,84.29868159893758
2018-07-05 12:00:00,8.42,17.426831934388982
2018-07-05 12:15:00,5.9,4.347359568212702
2018-07-05 12:30:00,5.0,5.198215553012101
2018-07-05 12:45:00,4.86,5.691257157572225
2018-07-05 13:00:00,59.62,61.0066604991931
2018-07-05 13:15:00,64.76,82.8672212607103
2018-07-05 13:30:00,50.94,86.44538181309429
2018-07-05 13:45:00,56.92,66.55138963254574
2018-07-05 14:00:00,55.48,57.530986128765505
2018-07-05 14:15:00,61.02,59.8765160472097
2018-07-05 14:30:00,65.52,57.3647822100622
2018-07-05 14:45:00,47.59,58.90692628351252
2018-07-05 15:00:00,81.04,64.23785615837609
2018-07-05 15:15:00,105.12,53.90867345325329
2018-07-05 15:30:00,82.19,66.03427763925845
2018-07-05 15:45:00,74.23,86.38019442126354
2018-07-05 16:00:00,58.68,80.30042922376109
2018-07-05 16:15:00,53.46,73.31428346424536
2018-07-05 16:30:00,51.48,64.87471511520505
2018-07-05 16:45:00,64.04,62.05732179346241
2018-07-05 17:00:00,59.04,59.512943725646494
2018-07-05 17:15:00,55.19,56.225609232413625
2018-07-05 17:30:00,30.74,39.72589679647559
2018-07-05 17:45:00,32.47,36.92778355450918
2018-07-05 18:00:00,41.0,41.04939854151481
2018-07-05 18:15:00,62.42,47.84303519181489
2018-07-05 18:30:00,57.6,49.77357403417142
2018-07-05 18:45:00,57.46,59.79786373380073
2018-07-05 19:00:00,55.51,56.961767627125596
2018-07-05 19:15:00,57.85,55.28625643804813
2018-07-05 19:30:00,47.74,58.24802569667
2018-07-05 19:45:00,49.61,56.02088313917691
2018-07-05 20:00:00,65.23,54.33777954807897
2018-07-05 20:15:00,109.87,59.360234843357205
2018-07-05 20:30:00,106.74,59.83463739995295
2018-07-05 20:45:00,33.77,53.63935513124805
2018-07-05 21:00:00,4.72,61.260850898631475
2018-07-05 21:15:00,4.28,34.54143139900741
2018-07-05 21:30:00,4.07,5.111178616688262
2018-07-05 21:45:00,4.0,4.8216178423659
2018-07-05 22:00:00,3.85,3.7327412780630613
2018-07-05 22:15:00,3.74,3.6788504053573363
2018-07-05 22:30:00,4.64,1.9550917050012437
2018-07-05 22:45:00,4.57,1.5042217680752323
2018-07-05 23:00:00,3.64,4.061509739552239
2018-07-05 23:15:00,3.6,4.070923786422975
2018-07-05 23:30:00,3.64,3.807090349923232
2018-07-05 23:45:00,3.67,3.807090349923232
2018-07-06 00:00:00,3.64,3.659292863717437
2018-07-06 00:15:00,3.28,3.6332689342495734
2018-07-06 00:30:00,3.17,3.6332689342495734
2018-07-06 00:45:00,3.13,3.69178828215204
2018-07-06 01:00:00,3.17,3.4264924532338723
2018-07-06 01:15:00,3.13,3.362656769838183
2018-07-06 01:30:00,3.1,3.362656769838183
2018-07-06 01:45:00,3.17,3.362656769838183
2018-07-06 02:00:00,3.24,3.362656769838183
2018-07-06 02:15:00,3.2,3.3397179590753185
2018-07-06 02:30:00,3.24,3.5370803932202834
2018-07-06 02:45:00,3.2,3.4357532038033134
2018-07-06 03:00:00,3.17,3.584448164197759
2018-07-06 03:15:00,3.2,3.4681435557097484
2018-07-06 03:30:00,3.2,3.3476213186654267
2018-07-06 03:45:00,3.17,3.3700278012482454
2018-07-06 04:00:00,3.31,3.39849498064125
2018-07-06 04:15:00,3.6,3.376088498058431
2018-07-06 04:30:00,3.53,3.696379640737177
2018-07-06 04:45:00,3.89,3.7968311304671705
2018-07-06 05:00:00,3.31,3.7968311304671705
2018-07-06 05:15:00,3.24,3.7968311304671705
2018-07-06 05:30:00,3.28,3.7968311304671705
2018-07-06 05:45:00,3.24,3.8923887296465898
2018-07-06 06:00:00,3.2,3.7968311304671705
2018-07-06 06:15:00,3.24,3.6297955492025284
2018-07-06 06:30:00,3.2,3.406110391060977
2018-07-06 06:45:00,3.24,3.529344059472535
2018-07-06 07:00:00,3.24,3.406110391060977
2018-07-06 07:15:00,3.6,3.529344059472535
2018-07-06 07:30:00,3.53,4.637722495580119
2018-07-06 07:45:00,3.85,5.949810435235998
2018-07-06 08:00:00,58.0,39.53784687826183
2018-07-06 08:15:00,112.32,69.9867244225409
2018-07-06 08:30:00,115.52,83.98663338117171
2018-07-06 08:45:00,112.72,98.03748833965359
2018-07-06 09:00:00,86.4,102.9612426876993
2018-07-06 09:15:00,106.52,100.85184139116137
2018-07-06 09:30:00,105.37,87.5030417540273
2018-07-06 09:45:00,78.12,84.35665118184068
2018-07-06 10:00:00,108.94,99.30527670864439
2018-07-06 10:15:00,88.67,83.375601916305
2018-07-06 10:30:00,96.7,88.12985205837047
2018-07-06 10:45:00,118.91,87.81869507468447
2018-07-06 11:00:00,76.9,84.08291528966829
2018-07-06 11:15:00,110.84,96.13166988074626
2018-07-06 11:30:00,97.56,84.84284209656951
2018-07-06 11:45:00,99.32,63.873472426296026
2018-07-06 12:00:00,7.16,11.841102858110913
2018-07-06 12:15:00,5.72,6.462594127953321
2018-07-06 12:30:00,5.15,5.471060716958015
2018-07-06 12:45:00,4.9,5.625827306322657
2018-07-06 13:00:00,48.24,46.542929057887406
2018-07-06 13:15:00,54.94,88.62689167933264
2018-07-06 13:30:00,84.71,83.58985402836406
2018-07-06 13:45:00,96.98,68.75381424990456
2018-07-06 14:00:00,89.35,77.61448416723813
2018-07-06 14:15:00,115.13,89.7674624711601
2018-07-06 14:30:00,93.24,84.69133396317366
2018-07-06 14:45:00,112.72,88.71841813973256
2018-07-06 15:00:00,94.61,91.17305827842698
2018-07-06 15:15:00,78.88,93.92383237298954
2018-07-06 15:30:00,111.24,97.48120047581988
2018-07-06 15:45:00,81.11,91.69807132819145
2018-07-06 16:00:00,107.93,92.83344037033353
2018-07-06 16:15:00,99.43,88.19660860922701
2018-07-06 16:30:00,104.87,88.99509395658731
2018-07-06 16:45:00,102.89,95.838175687624
2018-07-06 17:00:00,61.16,97.61849649695675
2018-07-06 17:15:00,69.62,85.94063627172198
2018-07-06 17:30:00,32.54,27.069641472564122
2018-07-06 17:45:00,32.98,37.80883765054395
2018-07-06 18:00:00,60.44,60.308437979462006
2018-07-06 18:15:00,112.03,70.0095832530713
2018-07-06 18:30:00,90.36,76.3458217492987
2018-07-06 18:45:00,103.32,92.47133357781063
2018-07-06 19:00:00,104.83,93.84144042656631
2018-07-06 19:15:00,88.02,91.21287820335498
2018-07-06 19:30:00,116.21,91.33207703586362
2018-07-06 19:45:00,117.0,90.35139268431357
2018-07-06 20:00:00,89.35,94.70825922124189
2018-07-06 20:15:00,115.34,94.73382232511081
2018-07-06 20:30:00,87.66,88.8401003974847
2018-07-06 20:45:00,34.56,55.78769477008168
2018-07-06 21:00:00,12.24,26.082116669982845
2018-07-06 21:15:00,4.1,14.577565589552835
2018-07-06 21:30:00,4.07,8.569706408283697
2018-07-06 21:45:00,4.0,4.332706516486142
2018-07-06 22:00:00,3.92,5.01453303162657
2018-07-06 22:15:00,3.78,5.209963297398405
2018-07-06 22:30:00,3.67,4.662717495360422
2018-07-06 22:45:00,3.67,3.7527451736835378
2018-07-06 23:00:00,3.64,3.7525276008774155
2018-07-06 23:15:00,3.6,3.971109074087851
2018-07-06 23:30:00,3.6,3.7397384656577066
2018-07-06 23:45:00,3.67,3.7397384656577066
2018-07-07 00:00:00,3.49,3.6734018150773333
2018-07-07 00:15:00,3.06,3.6734018150773333
2018-07-07 00:30:00,3.1,3.6734018150773333
2018-07-07 00:45:00,3.13,3.534558728834835
2018-07-07 01:00:00,3.1,3.4027896506659427
2018-07-07 01:15:00,3.35,3.4027896506659427
2018-07-07 01:30:00,3.74,3.4027896506659427
2018-07-07 01:45:00,3.35,3.6001520848109076
2018-07-07 02:00:00,3.13,3.663987768206597
2018-07-07 02:15:00,3.13,3.641048957443733
2018-07-07 02:30:00,3.17,3.5022058712012343
2018-07-07 02:45:00,3.2,3.3798508399030784
2018-07-07 03:00:00,3.13,3.3798508399030784
2018-07-07 03:15:00,3.13,3.407824946807515
2018-07-07 03:30:00,3.13,3.3877541994931866
2018-07-07 03:45:00,3.17,3.3877541994931866
2018-07-07 04:00:00,3.2,3.416221378886191
2018-07-07 04:15:00,3.53,3.416221378886191
2018-07-07 04:30:00,3.49,3.43862786146901
2018-07-07 04:45:00,3.13,3.736512521564937
2018-07-07 05:00:00,3.1,3.8369640112949304
2018-07-07 05:15:00,3.17,3.5166728686161846
2018-07-07 05:30:00,3.2,3.416221378886191
2018-07-07 05:45:00,3.13,3.416221378886191
2018-07-07 06:00:00,3.1,3.43862786146901
2018-07-07 06:15:00,3.13,3.3233852995759245
2018-07-07 06:30:00,2.99,3.3233852995759245
2018-07-07 06:45:00,2.92,3.3233852995759245
2018-07-07 07:00:00,3.02,3.3233852995759245
2018-07-07 07:15:00,3.85,3.3233852995759245
2018-07-07 07:30:00,3.49,4.04127745484153
2018-07-07 07:45:00,3.24,4.406832760667731
2018-07-07 08:00:00,39.53,34.29915608189844
2018-07-07 08:15:00,110.27,46.26260017915877
2018-07-07 08:30:00,100.33,62.46481957685807
2018-07-07 08:45:00,43.24,93.23566442841752
2018-07-07 09:00:00,62.5,90.53048627518326
2018-07-07 09:15:00,54.9,51.30374317568337
2018-07-07 09:30:00,55.62,60.97671481644947
2018-07-07 09:45:00,59.76,53.04264744677769
2018-07-07 10:00:00,49.18,52.508953060578456
2018-07-07 10:15:00,42.7,57.03618344065841
2018-07-07 10:30:00,45.61,59.3864316943699
2018-07-07 10:45:00,40.57,42.42476404228947
2018-07-07 11:00:00,59.44,51.308327104952674
2018-07-07 11:15:00,59.8,41.784946986903634
2018-07-07 11:30:00,80.78,55.2847935581626
2018-07-07 11:45:00,101.81,44.08375154660339
2018-07-07 12:00:00,21.56,8.76491779128621
2018-07-07 12:15:00,6.26,14.102612413327991
2018-07-07 12:30:00,5.69,9.643696635638728
2018-07-07 12:45:00,5.18,8.192302756861501
2018-07-07 13:00:00,23.15,23.565637197650705
2018-07-07 13:15:00,79.78,42.11556331199171
2018-07-07 13:30:00,105.23,51.320080481926496
2018-07-07 13:45:00,106.16,74.27536723832912
2018-07-07 14:00:00,72.07,89.85918919047947
2018-07-07 14:15:00,94.25,93.32530351180472
2018-07-07 14:30:00,94.18,77.2858488382339
2018-07-07 14:45:00,96.01,78.36597466785169
2018-07-07 15:00:00,98.1,86.11624644705851
2018-07-07 15:15:00,78.01,88.43740032946762
2018-07-07 15:30:00,98.71,85.62295601432325
2018-07-07 15:45:00,109.98,83.27727901701688
2018-07-07 16:00:00,90.9,79.13486785997326
2018-07-07 16:15:00,107.21,91.76135466484159
2018-07-07 16:30:00,89.39,80.63495283287477
2018-07-07 16:45:00,6.3,85.62093948696823
2018-07-07 17:00:00,4.07,74.63468814206315
2018-07-07 17:15:00,3.64,14.605069875493891
2018-07-07 17:30:00,3.67,4.347769848287151
2018-07-07 17:45:00,3.71,3.186424496926229
2018-07-07 18:00:00,3.56,12.68815110526754
2018-07-07 18:15:00,3.46,11.434412890459653
2018-07-07 18:30:00,3.49,10.005759855139946
2018-07-07 18:45:00,3.6,6.208825610818816
2018-07-07 19:00:00,4.39,4.893145587650608
2018-07-07 19:15:00,4.21,6.4746321271796665
2018-07-07 19:30:00,3.67,4.586560254093162
2018-07-07 19:45:00,3.46,4.438807649897447
2018-07-07 20:00:00,3.02,4.505590623331741
2018-07-07 20:15:00,3.06,4.412776852973384
2018-07-07 20:30:00,3.06,3.938844578202706
2018-07-07 20:45:00,3.02,5.503719952921837
2018-07-07 21:00:00,3.1,3.3631692106880746
2018-07-07 21:15:00,3.06,2.9304933053518685
2018-07-07 21:30:00,3.06,2.907554494589004
2018-07-07 21:45:00,3.06,2.907554494589004
2018-07-07 22:00:00,3.02,2.907554494589004
2018-07-07 22:15:00,2.84,2.907554494589004
2018-07-07 22:30:00,2.95,3.0507401985617064
2018-07-07 22:45:00,2.77,3.0507401985617064
2018-07-07 23:00:00,2.77,3.012533667312176
2018-07-07 23:15:00,2.74,3.0448865249457766
2018-07-07 23:30:00,3.28,3.0448865249457766
2018-07-07 23:45:00,3.1,2.865108347979976
2018-07-08 00:00:00,3.35,3.062470782124941
2018-07-08 00:15:00,2.74,2.9289440313756656
2018-07-08 00:30:00,2.81,3.062470782124941
2018-07-08 00:45:00,2.81,2.9289440313756656
2018-07-08 01:00:00,2.81,2.85569430110924
2018-07-08 01:15:00,2.81,2.85569430110924
2018-07-08 01:30:00,2.81,2.85569430110924
2018-07-08 01:45:00,2.84,2.85569430110924
2018-07-08 02:00:00,2.81,2.85569430110924
2018-07-08 02:15:00,2.81,2.85569430110924
2018-07-08 02:30:00,2.81,2.85569430110924
2018-07-08 02:45:00,2.84,2.85569430110924
2018-07-08 03:00:00,3.24,2.85569430110924
2018-07-08 03:15:00,2.99,2.863597660699348
2018-07-08 03:30:00,2.84,3.183888803378094
2018-07-08 03:45:00,2.84,2.9640491504293416
2018-07-08 04:00:00,2.81,2.863597660699348
2018-07-08 04:15:00,2.84,2.863597660699348
2018-07-08 04:30:00,3.42,2.863597660699348
2018-07-08 04:45:00,3.13,2.863597660699348
2018-07-08 05:00:00,2.77,3.183888803378094
2018-07-08 05:15:00,2.81,2.9640491504293416
2018-07-08 05:30:00,2.77,2.863597660699348
2018-07-08 05:45:00,2.77,2.863597660699348
2018-07-08 06:00:00,2.84,2.863597660699348
2018-07-08 06:15:00,3.38,2.863597660699348
2018-07-08 06:30:00,2.81,2.863597660699348
2018-07-08 06:45:00,2.81,3.1096893014237184
2018-07-08 07:00:00,2.74,2.9640491504293416
2018-07-08 07:15:00,2.81,2.863597660699348
2018-07-08 07:30:00,2.95,2.8566204381643883
2018-07-08 07:45:00,18.76,2.8420757605374054
2018-07-08 08:00:00,54.58,11.559473217477047
2018-07-08 08:15:00,105.91,38.26378284962283
2018-07-08 08:30:00,112.36,64.52794993221728
2018-07-08 08:45:00,86.51,85.71619749261457
2018-07-08 09:00:00,99.94,94.46729139273415
2018-07-08 09:15:00,104.69,85.70634352810602
2018-07-08 09:30:00,96.8,75.13172209065893
2018-07-08 09:45:00,92.52,84.20486501452527
2018-07-08 10:00:00,64.44,85.41375094057867
2018-07-08 10:15:00,79.78,84.2027044577248
2018-07-08 10:30:00,116.78,65.16990748440057
2018-07-08 10:45:00,90.04,66.47968284592947
2018-07-08 11:00:00,110.2,88.63541442401656
2018-07-08 11:15:00,98.96,86.31046441834437
2018-07-08 11:30:00,78.26,72.20864174815449
2018-07-08 11:45:00,49.79,82.57875938673335
2018-07-08 12:00:00,4.07,16.491035936819763
2018-07-08 12:15:00,4.03,8.412751799088179
2018-07-08 12:30:00,3.96,1.9622400730305405
2018-07-08 12:45:00,4.0,5.56967005321976
2018-07-08 13:00:00,53.21,24.24081297536401
2018-07-08 13:15:00,90.4,46.1582193967092
2018-07-08 13:30:00,51.55,81.49345890099627
2018-07-08 13:45:00,48.46,78.07436751697234
2018-07-08 14:00:00,56.7,55.72931758777527
2018-07-08 14:15:00,62.75,50.997719745777616
2018-07-08 14:30:00,59.98,52.63384797625613
2018-07-08 14:45:00,53.14,58.479226866492205
2018-07-08 15:00:00,43.42,52.728543253448834
2018-07-08 15:15:00,45.97,54.329540462426884
2018-07-08 15:30:00,44.14,44.18098376665796
2018-07-08 15:45:00,48.35,48.55603085725143
2018-07-08 16:00:00,51.08,47.39356705618398
2018-07-08 16:15:00,44.1,44.822220137649175
2018-07-08 16:30:00,44.17,46.532482148764856
2018-07-08 16:45:00,5.87,29.24097064549863
2018-07-08 17:00:00,3.96,24.452611299108064
2018-07-08 17:15:00,3.82,2.681056491166332
2018-07-08 17:30:00,3.78,3.499146410589409
2018-07-08 17:45:00,3.74,3.087695020663721
2018-07-08 18:00:00,3.56,3.916588640261158
2018-07-08 18:15:00,3.38,3.537897288960786
2018-07-08 18:30:00,3.49,3.5118733594929226
2018-07-08 18:45:00,3.89,3.5118733594929226
2018-07-08 19:00:00,4.61,3.4137843252513065
2018-07-08 19:15:00,3.49,3.2440410231391676
2018-07-08 19:30:00,3.56,3.59534736096256
2018-07-08 19:45:00,3.64,3.35649372039264
2018-07-08 20:00:00,3.56,3.35649372039264
2018-07-08 20:15:00,3.31,3.270064952607031
2018-07-08 20:30:00,2.92,3.2123556686459835
2018-07-08 20:45:00,2.95,3.2806201657518645
2018-07-08 21:00:00,2.95,3.0832577316068996
2018-07-08 21:15:00,2.95,2.907554494589004
2018-07-08 21:30:00,2.99,2.907554494589004
2018-07-08 21:45:00,2.95,2.907554494589004
2018-07-08 22:00:00,2.84,2.907554494589004
2018-07-08 22:15:00,2.7,2.907554494589004
2018-07-08 22:30:00,2.74,3.0507401985617064
2018-07-08 22:45:00,2.7,3.0507401985617064
2018-07-08 23:00:00,2.74,3.012533667312176
2018-07-08 23:15:00,3.28,3.0448865249457766
2018-07-08 23:30:00,2.92,2.865108347979976
2018-07-08 23:45:00,2.7,3.062470782124941
2018-07-09 00:00:00,2.66,3.308428588423224
2018-07-09 00:15:00,3.17,3.2445929050275346
2018-07-09 00:30:00,3.02,3.2445929050275346
2018-07-09 00:45:00,2.77,3.2445929050275346
2018-07-09 01:00:00,2.74,3.2351788581567984
2018-07-09 01:15:00,2.74,3.2351788581567984
2018-07-09 01:30:00,2.77,3.2351788581567984
2018-07-09 01:45:00,2.7,3.2351788581567984
2018-07-09 02:00:00,2.77,3.2351788581567984
2018-07-09 02:15:00,2.74,3.2351788581567984
2018-07-09 02:30:00,2.74,3.2351788581567984
2018-07-09 02:45:00,2.77,3.2351788581567984
2018-07-09 03:00:00,2.74,3.2351788581567984
2018-07-09 03:15:00,2.77,3.2430822177469065
2018-07-09 03:30:00,2.81,3.2430822177469065
2018-07-09 03:45:00,2.74,3.2430822177469065
2018-07-09 04:00:00,3.24,3.289324802353538
2018-07-09 04:15:00,3.02,3.289324802353538
2018-07-09 04:30:00,2.99,3.609615945032284
2018-07-09 04:45:00,3.13,3.3897762920835315
2018-07-09 05:00:00,2.7,3.289324802353538
2018-07-09 05:15:00,2.7,3.289324802353538
2018-07-09 05:30:00,2.7,3.289324802353538
2018-07-09 05:45:00,2.7,3.289324802353538
2018-07-09 06:00:00,2.7,3.289324802353538
2018-07-09 06:15:00,2.66,3.3083479833510023
2018-07-09 06:30:00,2.66,3.3083479833510023
2018-07-09 06:45:00,2.66,3.3083479833510023
2018-07-09 07:00:00,2.74,3.3581682815620932
2018-07-09 07:15:00,2.99,3.3581682815620932
2018-07-09 07:30:00,3.42,4.222228382647609
2018-07-09 07:45:00,4.72,5.878063484780352
2018-07-09 08:00:00,17.39,29.45817476215224
2018-07-09 08:15:00,53.6,49.064856552645075
2018-07-09 08:30:00,57.71,51.790063641209024
2018-07-09 08:45:00,60.95,66.32132354833544
2018-07-09 09:00:00,50.98,62.50308769728735
2018-07-09 09:15:00,50.62,61.092812294137744
2018-07-09 09:30:00,53.39,60.698136054702736
2018-07-09 09:45:00,59.8,60.976328633052674
2018-07-09 10:00:00,69.23,59.93975499317634
2018-07-09 10:15:00,53.42,60.933406829180534
2018-07-09 10:30:00,56.3,67.51097499005074
2018-07-09 10:45:00,48.42,62.60031397033637
2018-07-09 11:00:00,55.69,62.526596741404695
2018-07-09 11:15:00,69.62,56.35850635547842
2018-07-09 11:30:00,50.69,59.579948196397666
2018-07-09 11:45:00,53.06,60.51666650842083
2018-07-09 12:00:00,16.16,12.75155473171263
2018-07-09 12:15:00,6.34,10.125549647622746
2018-07-09 12:30:00,5.44,8.041575187323941
2018-07-09 12:45:00,6.12,8.333190586701416
2018-07-09 13:00:00,34.52,33.806585460497274
2018-07-09 13:15:00,49.57,60.24336544010193
2018-07-09 13:30:00,46.66,55.80449683260603
2018-07-09 13:45:00,48.49,63.2410015785157
2018-07-09 14:00:00,50.47,52.318702926970275
2018-07-09 14:15:00,48.64,53.653258844031726
2018-07-09 14:30:00,52.92,58.51545563425781
2018-07-09 14:45:00,52.02,54.01134765456159
2018-07-09 15:00:00,50.0,57.69078120707185
2018-07-09 15:15:00,47.45,58.58706823657051
2018-07-09 15:30:00,52.52,57.278875934605104
2018-07-09 15:45:00,66.24,54.018187708197345
2018-07-09 16:00:00,58.54,58.96081378394285
2018-07-09 16:15:00,54.25,63.93745311272459
2018-07-09 16:30:00,59.11,55.99962836865151
2018-07-09 16:45:00,67.43,56.90156914786863
2018-07-09 17:00:00,57.24,56.675035188305124
2018-07-09 17:15:00,57.64,62.49457992238501
2018-07-09 17:30:00,28.04,44.02785183732867
2018-07-09 17:45:00,27.72,29.215937775390188
2018-07-09 18:00:00,32.87,21.215987637073685
2018-07-09 18:15:00,42.66,31.722134459020864
2018-07-09 18:30:00,45.25,40.37763052101416
2018-07-09 18:45:00,48.82,42.85574289426148
2018-07-09 19:00:00,48.38,46.72668187097371
2018-07-09 19:15:00,61.2,50.37876114370967
2018-07-09 19:30:00,58.82,50.24307981548483
2018-07-09 19:45:00,48.1,56.75712543732853
2018-07-09 20:00:00,47.02,55.004910022768804
2018-07-09 20:15:00,42.05,51.40630624258162
2018-07-09 20:30:00,60.16,47.13752303362821
2018-07-09 20:45:00,38.45,20.29044633372621
2018-07-09 21:00:00,5.04,20.682185245622616
2018-07-09 21:15:00,3.92,16.71553152075028
2018-07-09 21:30:00,3.82,3.4456039914513283
2018-07-09 21:45:00,3.78,4.218999908920321
2018-07-09 22:00:00,3.67,4.224686737032404
2018-07-09 22:15:00,3.49,4.024117295872597
2018-07-09 22:30:00,3.46,4.149506449395515
2018-07-09 22:45:00,3.46,4.123482519927651
2018-07-09 23:00:00,3.35,4.08527598867812
2018-07-09 23:15:00,3.35,3.6855691995339894
2018-07-09 23:30:00,3.31,3.6855691995339894
2018-07-09 23:45:00,3.31,3.6855691995339894
2018-07-10 00:00:00,3.42,3.385383533017885
2018-07-10 00:15:00,3.49,3.385383533017885
2018-07-10 00:30:00,3.38,3.385383533017885
2018-07-10 00:45:00,3.35,3.385383533017885
2018-07-10 01:00:00,2.99,3.3759694861471488
2018-07-10 01:15:00,2.84,3.3759694861471488
2018-07-10 01:30:00,2.81,3.1556682412393195
2018-07-10 01:45:00,3.42,3.09183255784363
2018-07-10 02:00:00,3.24,3.09183255784363
2018-07-10 02:15:00,2.92,3.289194991988595
2018-07-10 02:30:00,2.88,3.3530306753842845
2018-07-10 02:45:00,2.88,3.1556682412393195
2018-07-10 03:00:00,2.84,3.09183255784363
2018-07-10 03:15:00,2.95,3.099735917433738
2018-07-10 03:30:00,2.84,3.099735917433738
2018-07-10 03:45:00,2.84,3.0461044528364702
2018-07-10 04:00:00,2.88,3.0923470374431017
2018-07-10 04:15:00,2.88,2.9891391358374335
2018-07-10 04:30:00,2.95,2.9891391358374335
2018-07-10 04:45:00,2.99,2.9891391358374335
2018-07-10 05:00:00,3.31,2.9891391358374335
2018-07-10 05:15:00,2.84,2.9891391358374335
2018-07-10 05:30:00,2.84,3.3094302785161793
2018-07-10 05:45:00,2.81,3.089590625567427
2018-07-10 06:00:00,2.88,2.9891391358374335
2018-07-10 06:15:00,2.84,3.008162316834898
2018-07-10 06:30:00,2.84,3.008162316834898
2018-07-10 06:45:00,2.88,3.008162316834898
2018-07-10 07:00:00,2.95,3.057982615045989
2018-07-10 07:15:00,3.24,3.057982615045989
2018-07-10 07:30:00,3.67,3.725973433624901
2018-07-10 07:45:00,5.76,5.372491561483822
2018-07-10 08:00:00,39.56,27.935005496078844
2018-07-10 08:15:00,49.54,53.837935769956815
2018-07-10 08:30:00,53.6,63.29777134756488
2018-07-10 08:45:00,70.13,64.0319816874427
2018-07-10 09:00:00,59.76,58.810820048895124
2018-07-10 09:15:00,71.93,67.4135174893514
2018-07-10 09:30:00,61.63,58.686221375556954
2018-07-10 09:45:00,55.73,68.16888537780704
2018-07-10 10:00:00,55.48,61.76869824684096
2018-07-10 10:15:00,54.97,62.828839559998436
2018-07-10 10:30:00,50.94,60.90503505806025
2018-07-10 10:45:00,67.86,63.958331935637744
2018-07-10 11:00:00,63.83,61.095533489342024
2018-07-10 11:15:00,71.86,65.49850599512023
2018-07-10 11:30:00,55.84,60.03676382050779
2018-07-10 11:45:00,50.65,63.884467934553605
2018-07-10 12:00:00,4.07,12.093359413479796
2018-07-10 12:15:00,4.0,8.808857616788986
2018-07-10 12:30:00,4.03,2.8132186557460575
2018-07-10 12:45:00,4.25,5.648674042677614
2018-07-10 13:00:00,36.25,30.21155405952332
2018-07-10 13:15:00,64.8,56.57372999786748
2018-07-10 13:30:00,55.58,54.17429691900403
2018-07-10 13:45:00,52.2,66.49089586799454
2018-07-10 14:00:00,54.83,56.82469768030908
2018-07-10 14:15:00,64.08,59.060617907194505
2018-07-10 14:30:00,56.88,59.210492946992375
2018-07-10 14:45:00,47.7,61.93150527474483
2018-07-10 15:00:00,86.22,58.5927197720624
2018-07-10 15:15:00,113.29,53.95099031669104
2018-07-10 15:30:00,99.0,74.10945516857961
2018-07-10 15:45:00,118.91,89.35580024959242
2018-07-10 16:00:00,89.14,89.47689638635214
2018-07-10 16:15:00,92.74,102.99651262792273
2018-07-10 16:30:00,110.41,91.84883697349208
2018-07-10 16:45:00,95.11,91.05831145346868
2018-07-10 17:00:00,101.52,100.7233144952609
2018-07-10 17:15:00,82.8,97.62959190536691
2018-07-10 17:30:00,47.12,44.709817663849314
2018-07-10 17:45:00,29.02,40.3402956641395
2018-07-10 18:00:00,49.79,51.16740289599323
2018-07-10 18:15:00,79.56,56.68732923641692
2018-07-10 18:30:00,86.18,70.51248430880085
2018-07-10 18:45:00,108.58,80.27722370637382
2018-07-10 19:00:00,80.53,81.40394404144428
2018-07-10 19:15:00,49.68,91.90082350959104
2018-07-10 19:30:00,78.91,90.28960879568635
2018-07-10 19:45:00,74.59,72.2841754321404
2018-07-10 20:00:00,82.08,78.8162239931367
2018-07-10 20:15:00,44.75,74.66083564556322
2018-07-10 20:30:00,41.65,71.03684177435416
2018-07-10 20:45:00,28.33,48.34177629859285
2018-07-10 21:00:00,13.46,20.698206805199714
2018-07-10 21:15:00,3.67,7.067979365815473
2018-07-10 21:30:00,3.82,8.268164527011157
2018-07-10 21:45:00,3.64,3.785374453889466
2018-07-10 22:00:00,3.6,3.8893561593310717
2018-07-10 22:15:00,3.38,3.6152943236089325
2018-07-10 22:30:00,3.35,3.7201605677871554
2018-07-10 22:45:00,3.31,3.7335430064819146
2018-07-10 23:00:00,3.31,3.6953364752323843
2018-07-10 23:15:00,3.28,3.7047505221031205
2018-07-10 23:30:00,3.28,3.7047505221031205
2018-07-10 23:45:00,3.24,3.7047505221031205
2018-07-11 00:00:00,3.28,3.7047505221031205
2018-07-11 00:15:00,3.38,3.7047505221031205
2018-07-11 00:30:00,3.31,3.7047505221031205
2018-07-11 00:45:00,3.46,3.7047505221031205
2018-07-11 01:00:00,3.35,3.6953364752323843
2018-07-11 01:15:00,2.77,3.6953364752323843
2018-07-11 01:30:00,2.74,3.67239766446952
2018-07-11 01:45:00,2.77,3.475035230324555
2018-07-11 02:00:00,2.74,3.4111995469288656
2018-07-11 02:15:00,2.74,3.4111995469288656
2018-07-11 02:30:00,2.81,3.4111995469288656
2018-07-11 02:45:00,2.77,3.4111995469288656
2018-07-11 03:00:00,2.77,3.3575680823315976
2018-07-11 03:15:00,2.84,3.3323107654337702
2018-07-11 03:30:00,2.77,3.2622635403160376
2018-07-11 03:45:00,2.77,3.2622635403160376
2018-07-11 04:00:00,2.88,3.3369733043156735
2018-07-11 04:15:00,3.24,3.3369733043156735
2018-07-11 04:30:00,2.77,3.3369733043156735
2018-07-11 04:45:00,2.81,3.6572644469944193
2018-07-11 05:00:00,2.77,3.437424794045667
2018-07-11 05:15:00,2.77,3.3369733043156735
2018-07-11 05:30:00,2.77,3.3369733043156735
2018-07-11 05:45:00,2.74,3.3369733043156735
2018-07-11 06:00:00,2.74,3.3369733043156735
2018-07-11 06:15:00,2.99,3.2631604060028714
2018-07-11 06:30:00,3.35,3.2631604060028714
2018-07-11 06:45:00,2.84,3.2631604060028714
2018-07-11 07:00:00,2.81,3.5590723449383326
2018-07-11 07:15:00,2.92,3.413432193943956
2018-07-11 07:30:00,3.13,4.70584090059344
2018-07-11 07:45:00,3.2,5.972259044999179
2018-07-11 08:00:00,18.14,38.00180668984047
2018-07-11 08:15:00,111.2,53.07380450004752
2018-07-11 08:30:00,76.54,53.261657819484704
2018-07-11 08:45:00,55.51,97.66711162231009
2018-07-11 09:00:00,62.14,89.59747286691454
2018-07-11 09:15:00,53.35,67.34741728251171
2018-07-11 09:30:00,64.48,59.174791028163206
2018-07-11 09:45:00,53.93,56.978054827933825
2018-07-11 10:00:00,60.88,55.48317766666275
2018-07-11 10:15:00,66.71,60.90798108779973
2018-07-11 10:30:00,56.84,60.95709750083971
2018-07-11 10:45:00,62.53,68.22329895077266
2018-07-11 11:00:00,60.8,62.35463362190121
2018-07-11 11:15:00,68.18,62.236161490072945
2018-07-11 11:30:00,60.98,59.9466042577055
2018-07-11 11:45:00,59.83,59.988211399767955
2018-07-11 12:00:00,7.27,9.635804775935727
2018-07-11 12:15:00,4.61,8.586832172892224
2018-07-11 12:30:00,4.64,7.079116338992943
2018-07-11 12:45:00,4.54,6.036116177835014
2018-07-11 13:00:00,42.88,26.886140202995875
2018-07-11 13:15:00,58.14,52.025059201111496
2018-07-11 13:30:00,63.32,60.30179885906756
2018-07-11 13:45:00,51.01,62.81626176500664
2018-07-11 14:00:00,45.72,64.06580990553071
2018-07-11 14:15:00,43.42,59.53897327966814
2018-07-11 14:30:00,47.63,49.873229703161364
2018-07-11 14:45:00,48.74,45.378658453072674
2018-07-11 15:00:00,39.71,52.046614040224114
2018-07-11 15:15:00,38.84,52.1274125876402
2018-07-11 15:30:00,38.92,43.22496025383473
2018-07-11 15:45:00,46.55,45.518267542044676
2018-07-11 16:00:00,49.46,45.63927319824233
2018-07-11 16:15:00,49.93,50.819345457773984
2018-07-11 16:30:00,49.28,57.61027314548174
2018-07-11 16:45:00,42.84,56.300946806722614
2018-07-11 17:00:00,43.34,52.46795252905172
2018-07-11 17:15:00,39.38,39.0326521646347
2018-07-11 17:30:00,33.08,35.16128280949333
2018-07-11 17:45:00,28.87,36.227544717767984
2018-07-11 18:00:00,29.88,37.55132829468681
2018-07-11 18:15:00,35.71,28.77272768137659
2018-07-11 18:30:00,43.92,36.35059834126061
2018-07-11 18:45:00,44.03,37.41932839426898
2018-07-11 19:00:00,46.48,40.497784639548115
2018-07-11 19:15:00,45.32,45.28336793396927
2018-07-11 19:30:00,38.02,46.30714986813149
2018-07-11 19:45:00,36.4,47.782053077057824
2018-07-11 20:00:00,38.34,38.971677090659185
2018-07-11 20:15:00,56.41,35.50879075514927
2018-07-11 20:30:00,27.97,34.650378044024635
2018-07-11 20:45:00,7.27,31.247320409321414
2018-07-11 21:00:00,5.4,6.922566765358607
2018-07-11 21:15:00,3.74,4.7349369329184725
2018-07-11 21:30:00,3.78,4.2953459239736205
2018-07-11 21:45:00,3.82,3.5327961031488826
2018-07-11 22:00:00,3.64,3.4027869581498766
2018-07-11 22:15:00,3.53,3.384990407700095
2018-07-11 22:30:00,3.53,3.5281761116727974
2018-07-11 22:45:00,3.42,3.4726953652991455
2018-07-11 23:00:00,2.88,3.3759694861471488
2018-07-11 23:15:00,2.88,3.385383533017885
2018-07-11 23:30:00,2.92,3.18802109887292
2018-07-11 23:45:00,3.06,3.1241854154772306
2018-07-12 00:00:00,3.49,3.1241854154772306
2018-07-12 00:15:00,2.99,3.1241854154772306
2018-07-12 00:30:00,2.92,3.3215478496221955
2018-07-12 00:45:00,2.99,3.18802109887292
2018-07-12 01:00:00,2.99,3.1147713686064944
2018-07-12 01:15:00,2.95,3.1147713686064944
2018-07-12 01:30:00,2.95,3.09183255784363
2018-07-12 01:45:00,2.95,3.09183255784363
2018-07-12 02:00:00,2.99,3.09183255784363
2018-07-12 02:15:00,3.02,3.09183255784363
2018-07-12 02:30:00,2.99,3.0050404167584266
2018-07-12 02:45:00,3.02,2.934993191640694
2018-07-12 03:00:00,2.99,2.934993191640694
2018-07-12 03:15:00,3.49,2.942896551230802
2018-07-12 03:30:00,3.13,2.942896551230802
2018-07-12 03:45:00,3.06,3.263187693909548
2018-07-12 04:00:00,2.99,3.089590625567427
2018-07-12 04:15:00,2.92,2.9891391358374335
2018-07-12 04:30:00,2.92,2.9891391358374335
2018-07-12 04:45:00,3.28,2.9891391358374335
2018-07-12 05:00:00,3.49,2.9891391358374335
2018-07-12 05:15:00,2.99,3.3094302785161793
2018-07-12 05:30:00,2.92,3.409881768246173
2018-07-12 05:45:00,2.99,3.089590625567427
2018-07-12 06:00:00,2.95,2.9891391358374335
2018-07-12 06:15:00,2.92,3.008162316834898
2018-07-12 06:30:00,2.92,3.008162316834898
2018-07-12 06:45:00,2.99,3.008162316834898
2018-07-12 07:00:00,3.02,3.057982615045989
2018-07-12 07:15:00,3.31,3.057982615045989
2018-07-12 07:30:00,3.82,3.725973433624901
2018-07-12 07:45:00,4.1,5.418161356733962
2018-07-12 08:00:00,37.04,27.734726160127227
2018-07-12 08:15:00,63.14,61.81665721384752
2018-07-12 08:30:00,66.49,63.604835556533054
2018-07-12 08:45:00,61.42,69.46169816982221
2018-07-12 09:00:00,67.61,64.96595533082244
2018-07-12 09:15:00,59.8,59.68116992699578
2018-07-12 09:30:00,70.13,61.95861331037651
2018-07-12 09:45:00,53.96,59.772559299772695
2018-07-12 10:00:00,63.86,66.83516264785214
2018-07-12 10:15:00,68.4,61.075863439455794
2018-07-12 10:30:00,57.42,62.59967896198421
2018-07-12 10:45:00,75.74,66.25282334814507
2018-07-12 11:00:00,58.82,63.579360792629025
2018-07-12 11:15:00,54.61,68.10182660556315
2018-07-12 11:30:00,68.26,60.15131763220656
2018-07-12 11:45:00,49.5,53.43864532064026
2018-07-12 12:00:00,4.36,8.009383334266738
2018-07-12 12:15:00,4.36,7.323599339069507
2018-07-12 12:30:00,4.39,2.728407457632766
2018-07-12 12:45:00,4.61,5.987446343392561
2018-07-12 13:00:00,4.97,48.032075347795605
2018-07-12 13:15:00,6.48,54.11992684289398
2018-07-12 13:30:00,5.22,41.524280397154136
2018-07-12 13:45:00,4.75,36.50145030018901
2018-07-12 14:00:00,39.53,32.33029968975859
2018-07-12 14:15:00,67.07,26.660432430364352
2018-07-12 14:30:00,45.22,56.38515664697353
2018-07-12 14:45:00,47.45,68.10920085977754
2018-07-12 15:00:00,54.86,48.634517701011355
2018-07-12 15:15:00,54.54,52.122667506455535
2018-07-12 15:30:00,48.13,56.89429992830842
2018-07-12 15:45:00,51.73,57.640837441760574
2018-07-12 16:00:00,57.46,51.48812487928194
2018-07-12 16:15:00,61.38,57.475329536023544
2018-07-12 16:30:00,48.92,56.96403154867795
2018-07-12 16:45:00,49.97,56.04396808501158
2018-07-12 17:00:00,62.93,49.31868239273149
2018-07-12 17:15:00,56.02,53.73135919142331
2018-07-12 17:30:00,31.86,36.51561145024183
2018-07-12 17:45:00,30.82,28.540952631542716
2018-07-12 18:00:00,51.95,38.47537726271513
2018-07-12 18:15:00,58.9,49.58952103704909
2018-07-12 18:30:00,56.92,64.9664771157457
2018-07-12 18:45:00,58.72,55.69310386054218
2018-07-12 19:00:00,49.39,54.45434841336567
2018-07-12 19:15:00,46.87,55.48907654228669
2018-07-12 19:30:00,47.27,52.580654393950475
2018-07-12 19:45:00,44.1,50.32914495884769
2018-07-12 20:00:00,48.89,50.14144720740233
2018-07-12 20:15:00,73.84,49.64917847124735
2018-07-12 20:30:00,49.32,42.362024594261406
2018-07-12 20:45:00,19.04,35.69904012561872
2018-07-12 21:00:00,7.99,15.910931472375772
2018-07-12 21:15:00,4.03,5.03172749634665
2018-07-12 21:30:00,3.64,8.269089847591749
2018-07-12 21:45:00,3.56,2.5187365950365534
2018-07-12 22:00:00,3.53,3.659052243422234
2018-07-12 22:15:00,3.71,3.4027869581498766
2018-07-12 22:30:00,4.39,3.443773093237174
2018-07-12 22:45:00,3.82,3.4436328343024676
2018-07-12 23:00:00,2.95,3.6836234025645394
2018-07-12 23:15:00,2.66,3.469926810388215
2018-07-12 23:30:00,2.7,3.264336997225168
2018-07-12 23:45:00,2.74,3.182704763379697
2018-07-13 00:00:00,2.66,3.0527038276236835
2018-07-13 00:15:00,2.81,3.0527038276236835
2018-07-13 00:30:00,2.74,3.0527038276236835
2018-07-13 00:45:00,2.77,3.0527038276236835
2018-07-13 01:00:00,2.81,3.0432897807529473
2018-07-13 01:15:00,2.81,3.0432897807529473
2018-07-13 01:30:00,2.74,3.0432897807529473
2018-07-13 01:45:00,2.81,3.020350969990083
2018-07-13 02:00:00,2.77,2.9335588289048795
2018-07-13 02:15:00,2.74,2.863511603787147
2018-07-13 02:30:00,2.77,2.863511603787147
2018-07-13 02:45:00,3.2,2.886450414550011
2018-07-13 03:00:00,3.2,2.863511603787147
2018-07-13 03:15:00,2.81,2.891485710691583
2018-07-13 03:30:00,2.84,2.8938214459600737
2018-07-13 03:45:00,2.88,2.871414963377255
2018-07-13 04:00:00,2.84,2.871414963377255
2018-07-13 04:15:00,2.84,2.871414963377255
2018-07-13 04:30:00,3.17,2.871414963377255
2018-07-13 04:45:00,3.28,2.871414963377255
2018-07-13 05:00:00,2.84,2.871414963377255
2018-07-13 05:15:00,2.84,3.191706106056001
2018-07-13 05:30:00,2.81,2.9718664531072485
2018-07-13 05:45:00,2.84,2.871414963377255
2018-07-13 06:00:00,2.77,2.871414963377255
2018-07-13 06:15:00,2.74,2.871414963377255
2018-07-13 06:30:00,2.81,2.871414963377255
2018-07-13 06:45:00,2.77,2.871414963377255
2018-07-13 07:00:00,2.81,2.871414963377255
2018-07-13 07:15:00,3.2,2.871414963377255
2018-07-13 07:30:00,3.38,3.020464189225468
2018-07-13 07:45:00,3.67,4.354958611464162
2018-07-13 08:00:00,29.95,38.629874813805735
2018-07-13 08:15:00,39.06,62.714576851429335
2018-07-13 08:30:00,46.91,58.59893670611984
2018-07-13 08:45:00,48.42,46.737408922466265
2018-07-13 09:00:00,49.07,50.193038099859024
2018-07-13 09:15:00,60.91,52.76617737523071
2018-07-13 09:30:00,65.52,53.81026750400915
2018-07-13 09:45:00,56.66,57.889924686432785
2018-07-13 10:00:00,55.19,61.89793017164665
2018-07-13 10:15:00,61.56,56.70106422549524
2018-07-13 10:30:00,51.01,59.07400041137134
2018-07-13 10:45:00,53.03,60.89136753453785
2018-07-13 11:00:00,57.78,59.032520896838406
2018-07-13 11:15:00,56.74,58.80574302448493
2018-07-13 11:30:00,47.45,56.686157766857335
2018-07-13 11:45:00,46.33,49.986841215378455
2018-07-13 12:00:00,6.73,9.979343687278094
2018-07-13 12:15:00,4.57,6.711246542527807
2018-07-13 12:30:00,4.86,6.590743795372681
2018-07-13 12:45:00,5.72,5.377224863811555
2018-07-13 13:00:00,34.78,39.142837753951895
2018-07-13 13:15:00,52.42,48.453151917459856
2018-07-13 13:30:00,58.75,51.862279895589474
2018-07-13 13:45:00,48.24,61.446093391553
2018-07-13 14:00:00,51.84,54.98704612872008
2018-07-13 14:15:00,61.85,52.56360231932369
2018-07-13 14:30:00,47.27,57.77507765370035
2018-07-13 14:45:00,48.74,59.87224961817794
2018-07-13 15:00:00,53.24,51.579463827843924
2018-07-13 15:15:00,54.72,50.90797480198623
2018-07-13 15:30:00,57.31,56.21080526877271
2018-07-13 15:45:00,46.62,54.630843638531836
2018-07-13 16:00:00,48.35,53.79945871047758
2018-07-13 16:15:00,49.5,50.4449282995646
2018-07-13 16:30:00,54.83,51.60717103476375
2018-07-13 16:45:00,57.13,54.04621086049001
2018-07-13 17:00:00,58.14,52.28164596893677
2018-07-13 17:15:00,54.94,51.48234252039597
2018-07-13 17:30:00,30.89,28.47357309838617
2018-07-13 17:45:00,31.1,26.941237297318114
2018-07-13 18:00:00,34.88,40.549969351008826
2018-07-13 18:15:00,59.94,50.470975623170446
2018-07-13 18:30:00,57.56,43.9020667507535
2018-07-13 18:45:00,48.89,56.09214688886708
2018-07-13 19:00:00,46.87,52.783164111692265
2018-07-13 19:15:00,62.6,48.86897253096764
2018-07-13 19:30:00,55.44,51.095157256721166
2018-07-13 19:45:00,65.66,56.52358297764529
2018-07-13 20:00:00,57.6,53.108989679591936
2018-07-13 20:15:00,61.85,59.11526950895252
2018-07-13 20:30:00,46.84,50.12516940578682
2018-07-13 20:45:00,27.22,37.307690878928405
2018-07-13 21:00:00,20.45,17.933114421429554
2018-07-13 21:15:00,3.89,4.575236764441956
2018-07-13 21:30:00,3.82,10.663468140077237
2018-07-13 21:45:00,3.78,2.963142771248645
2018-07-13 22:00:00,3.74,3.587570655568687
2018-07-13 22:15:00,4.54,3.3313053702963296
2018-07-13 22:30:00,3.67,3.4566945238192504
2018-07-13 22:45:00,3.2,3.7383245107687775
2018-07-13 23:00:00,2.7,3.3890311756639315
2018-07-13 23:15:00,2.74,3.2281400894089254
2018-07-13 23:30:00,2.66,3.11122317552615
2018-07-13 23:45:00,2.59,3.0527038276236835
2018-07-14 00:00:00,2.56,3.0448865249457766
2018-07-14 00:15:00,2.63,3.0448865249457766
2018-07-14 00:30:00,2.63,3.0448865249457766
2018-07-14 00:45:00,2.74,3.0448865249457766
2018-07-14 01:00:00,2.66,3.0354724780750404
2018-07-14 01:15:00,2.63,3.0354724780750404
2018-07-14 01:30:00,2.66,3.012533667312176
2018-07-14 01:45:00,2.7,2.9257415262269726
2018-07-14 02:00:00,2.66,2.85569430110924
2018-07-14 02:15:00,2.74,2.85569430110924
2018-07-14 02:30:00,2.88,2.8786331118721042
2018-07-14 02:45:00,3.24,2.85569430110924
2018-07-14 03:00:00,2.77,2.85569430110924
2018-07-14 03:15:00,2.84,3.1815530681096034
2018-07-14 03:30:00,3.31,2.9640491504293416
2018-07-14 03:45:00,3.06,2.863597660699348
2018-07-14 04:00:00,2.74,3.183888803378094
2018-07-14 04:15:00,2.74,2.9640491504293416
2018-07-14 04:30:00,2.74,2.863597660699348
2018-07-14 04:45:00,2.74,2.863597660699348
2018-07-14 05:00:00,2.74,2.863597660699348
2018-07-14 05:15:00,2.84,2.863597660699348
2018-07-14 05:30:00,2.7,2.863597660699348
2018-07-14 05:45:00,2.7,2.863597660699348
2018-07-14 06:00:00,2.7,2.863597660699348
2018-07-14 06:15:00,2.7,2.863597660699348
2018-07-14 06:30:00,2.7,2.863597660699348
2018-07-14 06:45:00,2.7,2.863597660699348
2018-07-14 07:00:00,2.66,2.863597660699348
2018-07-14 07:15:00,2.77,2.863597660699348
2018-07-14 07:30:00,3.74,2.8566204381643883
2018-07-14 07:45:00,3.92,2.8420757605374054
2018-07-14 08:00:00,22.5,26.29546455084694
2018-07-14 08:15:00,35.89,46.421551946584536
2018-07-14 08:30:00,38.63,41.4341619383956
2018-07-14 08:45:00,37.33,38.89248008764067
2018-07-14 09:00:00,37.76,40.83758030725333
2018-07-14 09:15:00,37.73,39.94219890558025
2018-07-14 09:30:00,37.08,39.253201034077506
2018-07-14 09:45:00,39.13,38.881598809856214
2018-07-14 10:00:00,37.84,38.99536224681582
2018-07-14 10:15:00,38.3,38.70130642365769
2018-07-14 10:30:00,36.04,38.71577267207288
2018-07-14 10:45:00,37.48,38.5932054726479
2018-07-14 11:00:00,38.05,34.62740826548485
2018-07-14 11:15:00,35.68,38.39830148376644
2018-07-14 11:30:00,38.16,37.05070393523671
2018-07-14 11:45:00,24.59,31.10590018212807
2018-07-14 12:00:00,3.71,11.268773152233095
2018-07-14 12:15:00,4.32,6.0956453998748295
2018-07-14 12:30:00,3.89,3.335341415540337
2018-07-14 12:45:00,3.42,5.235846381141365
2018-07-14 13:00:00,22.03,13.206293778545174
2018-07-14 13:15:00,36.76,22.058382878629267
2018-07-14 13:30:00,34.96,37.789089228427606
2018-07-14 13:45:00,36.83,44.36115805187794
2018-07-14 14:00:00,35.86,36.766694720183125
2018-07-14 14:15:00,33.84,39.27767025145761
2018-07-14 14:30:00,70.2,35.380295377947405
2018-07-14 14:45:00,77.18,34.8181368829376
2018-07-14 15:00:00,73.26,61.02416154394312
2018-07-14 15:15:00,76.28,67.53445252540247
2018-07-14 15:30:00,84.28,64.3030882257558
2018-07-14 15:45:00,61.56,66.72462647241574
2018-07-14 16:00:00,57.46,70.16348955651723
2018-07-14 16:15:00,84.49,53.620930497977405
2018-07-14 16:30:00,71.96,50.4209855947284
2018-07-14 16:45:00,40.1,60.632465136455984
2018-07-14 17:00:00,25.99,51.97456160209522
2018-07-14 17:15:00,24.84,28.419256186015385
2018-07-14 17:30:00,26.1,7.035034196796914
2018-07-14 17:45:00,24.3,11.336601195718602
2018-07-14 18:00:00,5.47,17.692676989557814
2018-07-14 18:15:00,2.99,19.12953815786556
2018-07-14 18:30:00,2.88,6.423456068675501
2018-07-14 18:45:00,2.95,5.068122797364993
2018-07-14 19:00:00,2.92,3.761259753759599
2018-07-14 19:15:00,3.28,3.1690223133633384
2018-07-14 19:30:00,3.31,3.2446200482675267
2018-07-14 19:45:00,2.92,4.072436103203654
2018-07-14 20:00:00,2.92,3.7986811270244796
2018-07-14 20:15:00,2.95,3.430409074929557
2018-07-14 20:30:00,2.92,3.470547937041159
2018-07-14 20:45:00,2.99,3.4769552593335202
2018-07-14 21:00:00,2.99,3.3631692106880746
2018-07-14 21:15:00,3.02,2.9304933053518685
2018-07-14 21:30:00,3.56,2.9304933053518685
2018-07-14 21:45:00,3.64,2.9304933053518685
2018-07-14 22:00:00,3.06,3.1278557394968334
2018-07-14 22:15:00,2.92,3.191691422892523
2018-07-14 22:30:00,2.81,3.0277837408721924
2018-07-14 22:45:00,2.81,2.963948057476503
2018-07-14 23:00:00,2.77,2.85569430110924
2018-07-14 23:15:00,2.81,2.865108347979976
2018-07-14 23:30:00,2.77,2.865108347979976
2018-07-14 23:45:00,2.77,2.865108347979976
2018-07-15 00:00:00,2.84,2.865108347979976
2018-07-15 00:15:00,2.84,2.865108347979976
2018-07-15 00:30:00,2.84,2.865108347979976
2018-07-15 00:45:00,2.84,2.865108347979976
2018-07-15 01:00:00,3.17,2.85569430110924
2018-07-15 01:15:00,3.38,2.85569430110924
2018-07-15 01:30:00,2.92,2.85569430110924
2018-07-15 01:45:00,2.84,3.053056735254205
2018-07-15 02:00:00,2.84,2.9195299845049294
2018-07-15 02:15:00,2.88,2.85569430110924
2018-07-15 02:30:00,3.35,2.85569430110924
2018-07-15 02:45:00,3.1,2.85569430110924
2018-07-15 03:00:00,2.95,3.077485695468816
2018-07-15 03:15:00,2.92,2.9640491504293416
2018-07-15 03:30:00,2.84,2.863597660699348
2018-07-15 03:45:00,2.84,2.863597660699348
2018-07-15 04:00:00,2.81,2.863597660699348
2018-07-15 04:15:00,2.84,2.863597660699348
2018-07-15 04:30:00,2.84,2.863597660699348
2018-07-15 04:45:00,2.92,2.863597660699348
2018-07-15 05:00:00,2.81,2.863597660699348
2018-07-15 05:15:00,2.77,2.863597660699348
2018-07-15 05:30:00,2.81,2.863597660699348
2018-07-15 05:45:00,2.81,2.863597660699348
2018-07-15 06:00:00,2.81,2.863597660699348
2018-07-15 06:15:00,2.81,2.863597660699348
2018-07-15 06:30:00,4.28,2.863597660699348
2018-07-15 06:45:00,3.2,2.863597660699348
2018-07-15 07:00:00,2.74,3.196451990484259
2018-07-15 07:15:00,2.74,2.9864556330121603
2018-07-15 07:30:00,3.67,2.9521780373438076
2018-07-15 07:45:00,8.86,2.6669272598550764
2018-07-15 08:00:00,56.88,35.43804409981683
2018-07-15 08:15:00,90.68,56.978946209749935
2018-07-15 08:30:00,71.75,72.01291195155707
2018-07-15 08:45:00,111.92,79.31810293369074
2018-07-15 09:00:00,86.65,68.80421882318586
2018-07-15 09:15:00,82.66,79.58922418400472
2018-07-15 09:30:00,101.05,71.19959845006044
2018-07-15 09:45:00,77.62,62.36477228325255
2018-07-15 10:00:00,108.47,79.50815107719542
2018-07-15 10:15:00,98.57,74.11296726091115
2018-07-15 10:30:00,80.46,84.77927715081933
2018-07-15 10:45:00,107.71,86.31681441600114
2018-07-15 11:00:00,78.66,77.72382968057275
2018-07-15 11:15:00,90.14,89.39080136801573
2018-07-15 11:30:00,87.3,79.06868930962997
2018-07-15 11:45:00,35.06,69.3476578011675
2018-07-15 12:00:00,5.58,13.056787119649687
2018-07-15 12:15:00,4.5,16.476448672625086
2018-07-15 12:30:00,4.28,5.107636206587861
2018-07-15 12:45:00,4.18,11.689051617219567
2018-07-15 13:00:00,48.92,51.779822814960255
2018-07-15 13:15:00,97.6,44.75824016474722
2018-07-15 13:30:00,88.88,72.10116811590949
2018-07-15 13:45:00,94.86,87.27510916313459
2018-07-15 14:00:00,99.86,83.47405237248675
2018-07-15 14:15:00,88.34,83.31407506022579
2018-07-15 14:30:00,95.72,90.32142515260439
2018-07-15 14:45:00,99.61,83.85819340286378
2018-07-15 15:00:00,85.93,80.19709807478758
2018-07-15 15:15:00,96.91,89.24227023820451
2018-07-15 15:30:00,98.06,83.52553966256218
2018-07-15 15:45:00,88.27,82.62598746964196
2018-07-15 16:00:00,97.85,88.59559300010993
2018-07-15 16:15:00,84.6,78.14095098412314
2018-07-15 16:30:00,91.04,83.07178936862847
2018-07-15 16:45:00,49.54,68.27693383751499
2018-07-15 17:00:00,26.89,61.248019383767414
2018-07-15 17:15:00,26.06,37.19996724307151
2018-07-15 17:30:00,25.56,18.890641481203012
2018-07-15 17:45:00,25.31,23.29290770313208
2018-07-15 18:00:00,37.73,27.76521033006563
2018-07-15 18:15:00,42.05,32.61618267206567
2018-07-15 18:30:00,39.46,39.238698997328136
2018-07-15 18:45:00,44.53,36.6204473516471
2018-07-15 19:00:00,45.79,32.91366404129851
2018-07-15 19:15:00,47.45,35.042821950257256
2018-07-15 19:30:00,44.5,36.485548616554354
2018-07-15 19:45:00,44.71,36.534291800679185
2018-07-15 20:00:00,44.35,33.159972706934376
2018-07-15 20:15:00,44.28,34.98158554466564
2018-07-15 20:30:00,44.03,26.33086136054474
2018-07-15 20:45:00,11.63,21.642481544171783
2018-07-15 21:00:00,6.3,18.17384840935306
2018-07-15 21:15:00,3.78,7.254768457312539
2018-07-15 21:30:00,3.67,4.819209429884874
2018-07-15 21:45:00,3.85,3.609779734029033
2018-07-15 22:00:00,4.72,3.869663525070228
2018-07-15 22:15:00,3.78,3.595601689348088
2018-07-15 22:30:00,3.46,4.020417380270316
2018-07-15 22:45:00,3.49,3.7387873933207905
2018-07-15 23:00:00,2.77,3.7183774125210416
2018-07-15 23:15:00,2.84,3.7099949089419963
2018-07-15 23:30:00,2.81,3.4280891974267016
2018-07-15 23:45:00,2.92,3.364253514031012
2018-07-16 00:00:00,2.92,3.518555919033854
2018-07-16 00:15:00,2.92,3.518555919033854
2018-07-16 00:30:00,2.88,3.518555919033854
2018-07-16 00:45:00,2.88,3.518555919033854
2018-07-16 01:00:00,2.88,3.509141872163118
2018-07-16 01:15:00,2.92,3.509141872163118
2018-07-16 01:30:00,2.88,3.4862030614002535
2018-07-16 01:45:00,2.95,3.4862030614002535
2018-07-16 02:00:00,2.99,3.4862030614002535
2018-07-16 02:15:00,2.95,3.45551040756585
2018-07-16 02:30:00,3.42,3.3293636951973173
2018-07-16 02:45:00,2.99,3.3293636951973173
2018-07-16 03:00:00,2.92,3.5511550895568935
2018-07-16 03:15:00,2.99,3.437718544517419
2018-07-16 03:30:00,2.88,3.3372670547874255
2018-07-16 03:45:00,2.84,3.3372670547874255
2018-07-16 04:00:00,3.42,3.4119768187870614
2018-07-16 04:15:00,3.06,3.4119768187870614
2018-07-16 04:30:00,2.88,3.732267961465807
2018-07-16 04:45:00,2.92,3.512428308517055
2018-07-16 05:00:00,2.81,3.4119768187870614
2018-07-16 05:15:00,2.77,3.4119768187870614
2018-07-16 05:30:00,2.81,3.4119768187870614
2018-07-16 05:45:00,2.81,3.4119768187870614
2018-07-16 06:00:00,2.92,3.4119768187870614
2018-07-16 06:15:00,3.35,3.3381639204742592
2018-07-16 06:30:00,2.77,3.3381639204742592
2018-07-16 06:45:00,2.77,3.5842555611986295
2018-07-16 07:00:00,2.81,3.4884357084153437
2018-07-16 07:15:00,3.28,3.38798421868535
2018-07-16 07:30:00,3.6,4.780844415064826
2018-07-16 07:45:00,5.26,6.47303233817389
2018-07-16 08:00:00,63.25,37.667572801354005
2018-07-16 08:15:00,88.49,74.4134267663823
2018-07-16 08:30:00,94.21,87.66755575571072
2018-07-16 08:45:00,89.21,89.63907877495093
2018-07-16 09:00:00,97.81,90.75221185875466
2018-07-16 09:15:00,94.82,84.46748606691389
2018-07-16 09:30:00,77.9,81.33591669230208
2018-07-16 09:45:00,91.37,93.73055375614933
2018-07-16 10:00:00,101.27,89.22145707047595
2018-07-16 10:15:00,88.42,81.24441068152328
2018-07-16 10:30:00,55.33,91.1375211993174
2018-07-16 10:45:00,66.6,88.12105228914663
2018-07-16 11:00:00,47.92,69.92390218777783
2018-07-16 11:15:00,53.39,71.35534704889433
2018-07-16 11:30:00,75.71,61.725851493362754
2018-07-16 11:45:00,52.6,55.94357327699641
2018-07-16 12:00:00,5.69,11.259729051123367
2018-07-16 12:15:00,5.54,10.710078755766032
2018-07-16 12:30:00,5.36,4.6827821634342754
2018-07-16 12:45:00,6.16,6.8794762742317825
2018-07-16 13:00:00,30.92,43.95751723236515
2018-07-16 13:15:00,71.35,67.2165009699299
2018-07-16 13:30:00,52.13,57.16139878384374
2018-07-16 13:45:00,50.47,77.00797880547249
2018-07-16 14:00:00,55.76,63.78044085796202
2018-07-16 14:15:00,62.5,61.4964513882913
2018-07-16 14:30:00,57.6,59.39653144204312
2018-07-16 14:45:00,65.81,64.83603586344758
2018-07-16 15:00:00,66.71,60.39464773387595
2018-07-16 15:15:00,60.05,65.85075058902964
2018-07-16 15:30:00,59.76,66.52856054049855
2018-07-16 15:45:00,64.15,61.59468185171904
2018-07-16 16:00:00,67.18,61.24794160808396
2018-07-16 16:15:00,65.3,62.697326477737
2018-07-16 16:30:00,69.01,66.57441597180322
2018-07-16 16:45:00,67.07,63.00233687611203
2018-07-16 17:00:00,61.38,62.61115884427876
2018-07-16 17:15:00,56.02,61.65582326916607
2018-07-16 17:30:00,29.88,32.124787495000774
2018-07-16 17:45:00,31.21,30.777681326603787
2018-07-16 18:00:00,36.47,40.21788913820611
2018-07-16 18:15:00,46.48,52.05054069642379
2018-07-16 18:30:00,54.5,48.61242964945428
2018-07-16 18:45:00,56.16,50.49189675175965
2018-07-16 19:00:00,63.11,56.617658771542274
2018-07-16 19:15:00,61.85,57.429451979813955
2018-07-16 19:30:00,58.18,60.45774720336835
2018-07-16 19:45:00,55.01,59.505882474125706
2018-07-16 20:00:00,51.05,58.25116596397406
2018-07-16 20:15:00,49.46,58.97595251584376
2018-07-16 20:30:00,44.06,54.22590474682887
2018-07-16 20:45:00,23.0,42.464237328913946
2018-07-16 21:00:00,4.9,18.3187645371464
2018-07-16 21:15:00,4.18,3.891845858453717
2018-07-16 21:30:00,3.82,3.3453692356218614
2018-07-16 21:45:00,3.82,3.891685721004697
2018-07-16 22:00:00,3.71,4.013128389088307
2018-07-16 22:15:00,3.64,3.7568631038159492
2018-07-16 22:30:00,3.64,3.88225225733887
2018-07-16 22:45:00,3.53,3.88225225733887
2018-07-16 23:00:00,3.53,3.8180217966214762
2018-07-16 23:15:00,3.89,3.768916495589746
2018-07-16 23:30:00,3.46,3.768916495589746
2018-07-16 23:45:00,2.92,3.768916495589746
2018-07-17 00:00:00,2.95,3.6741628524314813
2018-07-17 00:15:00,2.92,3.5531163166387643
2018-07-17 00:30:00,2.95,3.412964734890827
2018-07-17 00:45:00,2.95,3.412964734890827
2018-07-17 01:00:00,2.99,3.4035506880200908
2018-07-17 01:15:00,2.99,3.4035506880200908
2018-07-17 01:30:00,3.02,3.4035506880200908
2018-07-17 01:45:00,2.95,3.3806118772572264
2018-07-17 02:00:00,2.99,3.3806118772572264
2018-07-17 02:15:00,2.95,3.3806118772572264
2018-07-17 02:30:00,2.99,3.3806118772572264
2018-07-17 02:45:00,3.49,3.3806118772572264
2018-07-17 03:00:00,3.42,3.3269804126599585
2018-07-17 03:15:00,2.92,3.652839179660322
2018-07-17 03:30:00,2.95,3.755626404658806
2018-07-17 03:45:00,2.88,3.332127360374392
2018-07-17 04:00:00,2.95,3.3063856346440343
2018-07-17 04:15:00,2.92,3.3063856346440343
2018-07-17 04:30:00,2.95,3.3063856346440343
2018-07-17 04:45:00,3.13,3.3063856346440343
2018-07-17 05:00:00,3.49,3.3063856346440343
2018-07-17 05:15:00,2.99,3.3063856346440343
2018-07-17 05:30:00,2.92,3.62667677732278
2018-07-17 05:45:00,2.92,3.406837124374028
2018-07-17 06:00:00,2.95,3.3063856346440343
2018-07-17 06:15:00,2.92,3.232572736331232
2018-07-17 06:30:00,2.88,3.232572736331232
2018-07-17 06:45:00,2.88,3.232572736331232
2018-07-17 07:00:00,2.99,3.282393034542323
2018-07-17 07:15:00,3.17,3.282393034542323
2018-07-17 07:30:00,3.24,4.619926922829526
2018-07-17 07:45:00,3.49,5.886345067235265
2018-07-17 08:00:00,32.83,41.35632493216961
2018-07-17 08:15:00,47.38,55.01429433031936
2018-07-17 08:30:00,67.75,59.61679116399115
2018-07-17 08:45:00,67.86,59.36653342485635
2018-07-17 09:00:00,58.64,67.31185068506777
2018-07-17 09:15:00,82.3,66.39008600775186
2018-07-17 09:30:00,60.91,57.019851525902965
2018-07-17 09:45:00,66.56,67.72362078945466
2018-07-17 10:00:00,50.0,61.85439273235605
2018-07-17 10:15:00,52.2,66.3638012060836
2018-07-17 10:30:00,49.79,61.062388905627735
2018-07-17 10:45:00,47.38,61.74516587209189
2018-07-17 11:00:00,54.0,60.16470086415253
2018-07-17 11:15:00,66.42,54.08862925457774
2018-07-17 11:30:00,54.72,57.89643695306791
2018-07-17 11:45:00,69.73,61.545753935108735
2018-07-17 12:00:00,8.39,11.110130005376119
2018-07-17 12:15:00,4.86,8.006466736916384
2018-07-17 12:30:00,4.46,7.507287010722561
2018-07-17 12:45:00,4.25,6.22378907262061
2018-07-17 13:00:00,26.46,29.393389425275977
2018-07-17 13:15:00,59.62,67.57552110840902
2018-07-17 13:30:00,80.82,54.260924288509706
2018-07-17 13:45:00,96.62,65.28416408893999
2018-07-17 14:00:00,79.74,74.52408906696326
2018-07-17 14:15:00,104.94,85.27365866919405
2018-07-17 14:30:00,94.54,85.05626375574634
2018-07-17 14:45:00,71.35,88.38070098552338
2018-07-17 15:00:00,71.6,95.11652467749279
2018-07-17 15:15:00,72.97,85.43480158641458
2018-07-17 15:30:00,104.58,74.25562022307548
2018-07-17 15:45:00,78.55,72.75554479942036
2018-07-17 16:00:00,108.4,83.26210134555605
2018-07-17 16:15:00,100.55,82.96388177709031
2018-07-17 16:30:00,88.45,91.18999585821267
2018-07-17 16:45:00,104.26,97.19492811299119
2018-07-17 17:00:00,76.61,91.7228443296153
2018-07-17 17:15:00,60.05,89.5104034697355
2018-07-17 17:30:00,32.44,56.33112232333876
2018-07-17 17:45:00,32.29,25.392831799627782
2018-07-17 18:00:00,45.79,63.77592237142297
2018-07-17 18:15:00,91.04,77.67985908039014
2018-07-17 18:30:00,87.05,62.938401450044786
2018-07-17 18:45:00,60.48,87.52211580679759
2018-07-17 19:00:00,46.8,85.68254905532632
2018-07-17 19:15:00,55.48,69.78580201383275
2018-07-17 19:30:00,44.89,59.13058637860279
2018-07-17 19:45:00,57.17,66.21167533915343
2018-07-17 20:00:00,37.48,56.55934259000504
2018-07-17 20:15:00,55.76,61.45230835676879
2018-07-17 20:30:00,36.47,41.176615629484154
2018-07-17 20:45:00,9.86,25.39128606997215
2018-07-17 21:00:00,6.62,20.45314077384923
2018-07-17 21:15:00,3.78,7.77536287790692
2018-07-17 21:30:00,3.85,4.411190297501491
2018-07-17 21:45:00,3.85,3.718724569886725
2018-07-17 22:00:00,3.74,3.6926971303293237
2018-07-17 22:15:00,3.67,3.674900579879542
2018-07-17 22:30:00,3.53,3.8180862838522445
2018-07-17 22:45:00,2.81,3.8180862838522445
2018-07-17 23:00:00,2.74,3.7538558231348507
2018-07-17 23:15:00,2.7,3.565907435860622
2018-07-17 23:30:00,2.66,3.443552404562466
2018-07-17 23:45:00,2.66,3.443552404562466
2018-07-18 00:00:00,2.7,3.443552404562466
2018-07-18 00:15:00,2.74,3.443552404562466
2018-07-18 00:30:00,2.74,3.443552404562466
2018-07-18 00:45:00,2.7,3.443552404562466
2018-07-18 01:00:00,2.7,3.43413835769173
2018-07-18 01:15:00,2.7,3.43413835769173
2018-07-18 01:30:00,2.77,3.3575680823315976
2018-07-18 01:45:00,3.24,3.2543601807259295
2018-07-18 02:00:00,3.42,3.2543601807259295
2018-07-18 02:15:00,2.92,3.4517226148708944
2018-07-18 02:30:00,2.88,3.515558298266584
2018-07-18 02:45:00,2.88,3.318195864121619
2018-07-18 03:00:00,2.92,3.2543601807259295
2018-07-18 03:15:00,2.81,3.2622635403160376
2018-07-18 03:30:00,2.88,3.2622635403160376
2018-07-18 03:45:00,3.02,3.2622635403160376
2018-07-18 04:00:00,3.35,3.3369733043156735
2018-07-18 04:15:00,2.84,3.3369733043156735
2018-07-18 04:30:00,2.81,3.6572644469944193
2018-07-18 04:45:00,2.77,3.437424794045667
2018-07-18 05:00:00,2.81,3.3369733043156735
2018-07-18 05:15:00,2.77,3.3369733043156735
2018-07-18 05:30:00,2.74,3.3369733043156735
2018-07-18 05:45:00,2.7,3.3369733043156735
2018-07-18 06:00:00,2.74,3.3369733043156735
2018-07-18 06:15:00,2.74,3.2631604060028714
2018-07-18 06:30:00,2.77,3.2631604060028714
2018-07-18 06:45:00,2.66,3.2631604060028714
2018-07-18 07:00:00,2.66,3.3129807042139623
2018-07-18 07:15:00,2.99,3.3129807042139623
2018-07-18 07:30:00,3.31,4.70584090059344
2018-07-18 07:45:00,3.82,6.0179288402493185
2018-07-18 08:00:00,29.74,30.572641608984704
2018-07-18 08:15:00,43.31,70.11920895837255
2018-07-18 08:30:00,49.68,62.08305107568575
2018-07-18 08:45:00,47.52,54.77377017525743
2018-07-18 09:00:00,55.94,63.554721042198864
2018-07-18 09:15:00,50.11,53.00411177604441
2018-07-18 09:30:00,45.61,57.4823471537081
2018-07-18 09:45:00,50.83,57.527350079103165
2018-07-18 10:00:00,44.75,51.286834268789384
2018-07-18 10:15:00,50.94,58.52109032631075
2018-07-18 10:30:00,64.15,52.17833963444701
2018-07-18 10:45:00,76.1,59.668588886288894
2018-07-18 11:00:00,51.34,63.94125765994146
2018-07-18 11:15:00,51.37,70.42403180762132
2018-07-18 11:30:00,55.04,61.53906438786354
2018-07-18 11:45:00,47.59,54.10176406747713
2018-07-18 12:00:00,29.45,11.402396720997688
2018-07-18 12:15:00,30.92,9.094592988906804
2018-07-18 12:30:00,29.16,20.57598477094418
2018-07-18 12:45:00,29.45,27.605567720841
2018-07-18 13:00:00,44.89,42.84172511640716
2018-07-18 13:15:00,73.87,50.9093613275367
2018-07-18 13:30:00,59.8,57.044424210658725
2018-07-18 13:45:00,66.96,70.93241511588477
2018-07-18 14:00:00,62.57,62.52049345351082
2018-07-18 14:15:00,54.07,65.86602470762148
2018-07-18 14:30:00,60.48,61.57755302388704
2018-07-18 14:45:00,56.99,60.971900682872246
2018-07-18 15:00:00,48.38,58.716045867949816
2018-07-18 15:15:00,52.49,57.56328398204267
2018-07-18 15:30:00,59.18,52.045522441477935
2018-07-18 15:45:00,60.59,59.59912301779969
2018-07-18 16:00:00,61.96,58.12623150159097
2018-07-18 16:15:00,61.45,59.33647662008553
2018-07-18 16:30:00,61.99,60.30217689194998
2018-07-18 16:45:00,53.17,59.07181728567218
2018-07-18 17:00:00,50.51,57.8090281680598
2018-07-18 17:15:00,60.3,52.48903799129986
2018-07-18 17:30:00,60.34,30.826996256473954
2018-07-18 17:45:00,53.32,28.555907036219885
2018-07-18 18:00:00,5.83,39.20087237560312
2018-07-18 18:15:00,3.78,43.05792264486319
2018-07-18 18:30:00,3.42,1.5184150975828024
2018-07-18 18:45:00,3.38,4.052411018509369
2018-07-18 19:00:00,3.42,5.631846442252504
2018-07-18 19:15:00,3.42,7.268185167612449
2018-07-18 19:30:00,3.42,6.287083932513762
2018-07-18 19:45:00,3.28,4.718305562380397
2018-07-18 20:00:00,2.81,4.047115882549862
2018-07-18 20:15:00,2.77,3.7367503713957584
2018-07-18 20:30:00,2.77,3.0580003830686318
2018-07-18 20:45:00,2.84,2.8394106020587917
2018-07-18 21:00:00,2.92,2.804239233729584
2018-07-18 21:15:00,2.88,2.760980286120382
2018-07-18 21:30:00,2.95,3.0097921958833225
2018-07-18 21:45:00,3.28,3.0097921958833225
2018-07-18 22:00:00,3.28,3.0097921958833225
2018-07-18 22:15:00,2.81,3.2071546300282874
2018-07-18 22:30:00,2.84,3.391237206633815
2018-07-18 22:45:00,2.81,3.140243307891582
2018-07-18 23:00:00,2.81,2.934993191640694
2018-07-18 23:15:00,2.7,2.94440723851143
2018-07-18 23:30:00,2.77,2.94440723851143
2018-07-18 23:45:00,3.38,2.94440723851143
2018-07-19 00:00:00,2.99,2.94440723851143
2018-07-19 00:15:00,2.84,3.141769672656395
2018-07-19 00:30:00,2.77,3.0082429219071196
2018-07-19 00:45:00,2.81,2.94440723851143
2018-07-19 01:00:00,2.81,2.934993191640694
2018-07-19 01:15:00,3.1,2.934993191640694
2018-07-19 01:30:00,2.95,2.934993191640694
2018-07-19 01:45:00,3.02,2.934993191640694
2018-07-19 02:00:00,2.99,2.934993191640694
2018-07-19 02:15:00,2.99,2.934993191640694
2018-07-19 02:30:00,3.02,2.934993191640694
2018-07-19 02:45:00,2.92,2.934993191640694
2018-07-19 03:00:00,2.95,2.934993191640694
2018-07-19 03:15:00,3.46,2.942896551230802
2018-07-19 03:30:00,3.38,2.942896551230802
2018-07-19 03:45:00,2.74,3.263187693909548
2018-07-19 04:00:00,2.77,3.409881768246173
2018-07-19 04:15:00,3.17,3.089590625567427
2018-07-19 04:30:00,2.99,2.9891391358374335
2018-07-19 04:45:00,2.81,2.9891391358374335
2018-07-19 05:00:00,2.7,2.9891391358374335
2018-07-19 05:15:00,2.7,2.9891391358374335
2018-07-19 05:30:00,2.7,2.9891391358374335
2018-07-19 05:45:00,2.7,2.9891391358374335
2018-07-19 06:00:00,2.7,2.9891391358374335
2018-07-19 06:15:00,2.7,3.008162316834898
2018-07-19 06:30:00,2.59,3.008162316834898
2018-07-19 06:45:00,2.7,3.008162316834898
2018-07-19 07:00:00,2.81,3.057982615045989
2018-07-19 07:15:00,3.24,3.057982615045989
2018-07-19 07:30:00,3.6,3.725973433624901
2018-07-19 07:45:00,5.33,5.418161356733962
2018-07-19 08:00:00,46.44,30.561807260282055
2018-07-19 08:15:00,52.81,64.03360443083136
2018-07-19 08:30:00,65.27,68.60064221197604
2018-07-19 08:45:00,71.24,63.01526543969148
2018-07-19 09:00:00,72.5,65.01203094513829
2018-07-19 09:15:00,59.58,67.95892520936847
2018-07-19 09:30:00,52.31,66.65517948617149
2018-07-19 09:45:00,47.45,61.798448875067095
2018-07-19 10:00:00,54.5,59.544381070210925
2018-07-19 10:15:00,62.24,58.422890028624316
2018-07-19 10:30:00,54.04,58.29586472083018
2018-07-19 10:45:00,56.92,61.82162461262272
2018-07-19 11:00:00,70.78,59.46543485395157
2018-07-19 11:15:00,88.81,58.50663043627152
2018-07-19 11:30:00,100.3,65.54798028485084
2018-07-19 11:45:00,91.44,79.68814661757156
2018-07-19 12:00:00,7.06,22.148226661234713
2018-07-19 12:15:00,15.55,18.753277240153423
2018-07-19 12:30:00,23.33,12.201889574919907
2018-07-19 12:45:00,26.32,17.384101594916416
2018-07-19 13:00:00,48.64,45.15993592165472
2018-07-19 13:15:00,67.21,53.44732582622801
2018-07-19 13:30:00,94.61,57.50737296817752
2018-07-19 13:45:00,75.28,64.67202334286767
2018-07-19 14:00:00,71.82,78.48420429839551
2018-07-19 14:15:00,97.85,80.3140333489714
2018-07-19 14:30:00,106.27,69.17846615550934
2018-07-19 14:45:00,83.95,81.38088167174868
2018-07-19 15:00:00,75.96,95.46740694742624
2018-07-19 15:15:00,79.38,87.83644428320339
2018-07-19 15:30:00,83.77,75.4779874405907
2018-07-19 15:45:00,78.73,78.78464072849685
2018-07-19 16:00:00,111.42,80.48780037969613
2018-07-19 16:15:00,85.5,74.37526536380479
2018-07-19 16:30:00,90.9,89.71544784227484
2018-07-19 16:45:00,95.76,88.5784123963138
2018-07-19 17:00:00,70.2,82.4877683593421
2018-07-19 17:15:00,96.55,86.5001967448797
2018-07-19 17:30:00,31.68,61.67257301149085
2018-07-19 17:45:00,31.64,55.932111419684624
2018-07-19 18:00:00,55.76,49.353321485601136
2018-07-19 18:15:00,82.66,67.90112677512985
2018-07-19 18:30:00,99.14,72.51962453762158
2018-07-19 18:45:00,69.8,81.04649832508176
2018-07-19 19:00:00,51.44,86.25268162515141
2018-07-19 19:15:00,66.13,77.4275523525032
2018-07-19 19:30:00,65.7,63.62693561107358
2018-07-19 19:45:00,59.22,66.88564807932316
2018-07-19 20:00:00,52.38,67.68346407198088
2018-07-19 20:15:00,51.98,67.08589147760406
2018-07-19 20:30:00,63.22,56.41585074235902
2018-07-19 20:45:00,47.66,30.394353041591057
2018-07-19 21:00:00,40.61,19.539252538746887
2018-07-19 21:15:00,40.28,20.695530462040285
2018-07-19 21:30:00,35.71,28.96716132777046
2018-07-19 21:45:00,33.48,31.216492959297458
2018-07-19 22:00:00,11.84,27.000467679665668
2018-07-19 22:15:00,3.82,24.30883948748014
2018-07-19 22:30:00,3.6,9.248643306776204
2018-07-19 22:45:00,3.53,3.672154613655104
2018-07-19 23:00:00,4.5,3.7976763030524956
2018-07-19 23:15:00,3.82,3.7892937994734504
2018-07-19 23:30:00,3.38,4.012404438520511
2018-07-19 23:45:00,3.42,3.730774451570984
2018-07-20 00:00:00,3.38,3.7356087620696847
2018-07-20 00:15:00,2.84,3.7178122116199033
2018-07-20 00:30:00,2.81,3.6812191177552402
2018-07-20 00:45:00,2.77,3.4838566836102753
2018-07-20 01:00:00,2.88,3.4106069533438497
2018-07-20 01:15:00,2.88,3.4106069533438497
2018-07-20 01:30:00,2.84,3.4106069533438497
2018-07-20 01:45:00,2.88,3.4106069533438497
2018-07-20 02:00:00,2.81,3.4106069533438497
2018-07-20 02:15:00,2.84,3.362656769838183
2018-07-20 02:30:00,2.88,3.3397179590753185
2018-07-20 02:45:00,2.84,3.3397179590753185
2018-07-20 03:00:00,2.92,3.3397179590753185
2018-07-20 03:15:00,2.92,3.316928664831023
2018-07-20 03:30:00,2.81,3.1907819524624905
2018-07-20 03:45:00,2.74,3.1907819524624905
2018-07-20 04:00:00,2.77,3.219249131855495
2018-07-20 04:15:00,3.28,3.219249131855495
2018-07-20 04:30:00,4.21,3.219249131855495
2018-07-20 04:45:00,2.81,3.539540274534241
2018-07-20 05:00:00,2.77,3.7861531244970132
2018-07-20 05:15:00,2.77,3.3197006215854885
2018-07-20 05:30:00,2.77,3.3148067310349143
2018-07-20 05:45:00,2.81,3.219249131855495
2018-07-20 06:00:00,2.81,3.219249131855495
2018-07-20 06:15:00,2.81,3.1264130525452285
2018-07-20 06:30:00,2.7,3.1264130525452285
2018-07-20 06:45:00,2.74,3.1743632360508953
2018-07-20 07:00:00,2.7,3.1743632360508953
2018-07-20 07:15:00,3.2,3.1743632360508953
2018-07-20 07:30:00,3.24,4.0482818396996745
2018-07-20 07:45:00,3.78,5.382776261938372
2018-07-20 08:00:00,31.57,36.105481365011876
2018-07-20 08:15:00,47.88,51.86331235297815
2018-07-20 08:30:00,51.52,57.784908478891076
2018-07-20 08:45:00,64.3,60.100063824435836
2018-07-20 09:00:00,59.44,62.878183977520635
2018-07-20 09:15:00,57.71,62.85741227606447
2018-07-20 09:30:00,52.7,57.714695486617806
2018-07-20 09:45:00,53.5,59.40752527037412
2018-07-20 10:00:00,47.12,60.23125887718769
2018-07-20 10:15:00,63.58,60.614297359449004
2018-07-20 10:30:00,54.65,55.72348308855569
2018-07-20 10:45:00,61.38,64.12647044234569
2018-07-20 11:00:00,61.7,60.84793821455039
2018-07-20 11:15:00,63.83,61.03053562169075
2018-07-20 11:30:00,60.3,60.63101843123829
2018-07-20 11:45:00,57.38,57.55016955971446
2018-07-20 12:00:00,6.88,8.452888316211757
2018-07-20 12:15:00,5.33,8.797391724747225
2018-07-20 12:30:00,4.39,9.065355564358736
2018-07-20 12:45:00,4.28,8.963692938750704
2018-07-20 13:00:00,30.38,30.555369152093274
2018-07-20 13:15:00,61.34,62.66671254455515
2018-07-20 13:30:00,61.49,54.532138682981426
2018-07-20 13:45:00,59.33,67.3518502120964
2018-07-20 14:00:00,50.65,62.19394079167448
2018-07-20 14:15:00,54.43,58.76393565179969
2018-07-20 14:30:00,60.01,59.79859067077524
2018-07-20 14:45:00,58.0,59.691517122001805
2018-07-20 15:00:00,62.71,59.6563169961953
2018-07-20 15:15:00,64.58,58.5289056430506
2018-07-20 15:30:00,64.51,60.649669283415356
2018-07-20 15:45:00,63.94,61.89146488466742
2018-07-20 16:00:00,60.91,61.87873469014536
2018-07-20 16:15:00,68.18,61.48364614455052
2018-07-20 16:30:00,99.18,59.7386753702299
2018-07-20 16:45:00,99.04,63.9103000744376
2018-07-20 17:00:00,68.26,80.00082735157861
2018-07-20 17:15:00,59.51,91.35071564767772
2018-07-20 17:30:00,31.28,34.69592810735491
2018-07-20 17:45:00,31.21,28.654421065042914
2018-07-20 18:00:00,42.01,48.30373938088805
2018-07-20 18:15:00,52.34,57.007154521574684
2018-07-20 18:30:00,43.42,48.61885819083836
2018-07-20 18:45:00,82.66,56.834174532511234
2018-07-20 19:00:00,102.35,43.27759155713732
2018-07-20 19:15:00,66.02,71.88251988594338
2018-07-20 19:30:00,82.08,88.4198878950705
2018-07-20 19:45:00,97.67,76.82176459158303
2018-07-20 20:00:00,72.86,72.97090010611831
2018-07-20 20:15:00,67.82,86.30230943478894
2018-07-20 20:30:00,44.68,80.47605670820847
2018-07-20 20:45:00,28.48,52.1675193036207
2018-07-20 21:00:00,6.19,44.68169816607892
2018-07-20 21:15:00,4.46,26.08838828701392
2018-07-20 21:30:00,3.92,7.4663864420528965
2018-07-20 21:45:00,3.92,4.658392920662637
2018-07-20 22:00:00,3.96,4.131034064282746
2018-07-20 22:15:00,3.78,3.5310216165335278
2018-07-20 22:30:00,3.6,3.6740670615715234
2018-07-20 22:45:00,3.17,4.18468351370285
2018-07-20 23:00:00,3.1,3.6956070455273093
2018-07-20 23:15:00,3.1,3.4638381783354357
2018-07-20 23:30:00,3.1,3.34148314703728
2018-07-20 23:45:00,3.6,3.34148314703728
2018-07-21 00:00:00,3.13,3.333665844359373
2018-07-21 00:15:00,2.99,3.531028278504338
2018-07-21 00:30:00,3.06,3.3975015277550624
2018-07-21 00:45:00,3.06,3.333665844359373
2018-07-21 01:00:00,3.02,3.3242517974886368
2018-07-21 01:15:00,3.02,3.3242517974886368
2018-07-21 01:30:00,2.99,3.3242517974886368
2018-07-21 01:45:00,3.24,3.3013129867257724
2018-07-21 02:00:00,3.24,3.3013129867257724
2018-07-21 02:15:00,3.64,3.4986754208707374
2018-07-21 02:30:00,3.78,3.562511104266427
2018-07-21 02:45:00,3.35,3.562511104266427
2018-07-21 03:00:00,3.38,3.6031562179938224
2018-07-21 03:15:00,3.28,3.7276232434561294
2018-07-21 03:30:00,3.35,3.8077200274542577
2018-07-21 03:45:00,3.28,3.72995897872462
2018-07-21 04:00:00,3.24,3.7584261581176244
2018-07-21 04:15:00,3.31,3.7584261581176244
2018-07-21 04:30:00,3.28,3.7584261581176244
2018-07-21 04:45:00,3.28,3.7584261581176244
2018-07-21 05:00:00,3.35,3.7584261581176244
2018-07-21 05:15:00,3.24,3.7584261581176244
2018-07-21 05:30:00,3.71,3.7584261581176244
2018-07-21 05:45:00,3.64,3.7584261581176244
2018-07-21 06:00:00,3.24,3.7584261581176244
2018-07-21 06:15:00,3.31,3.5913905768529824
2018-07-21 06:30:00,3.24,3.66915162558262
2018-07-21 06:45:00,3.28,3.5913905768529824
2018-07-21 07:00:00,3.28,3.5913905768529824
2018-07-21 07:15:00,3.46,3.5913905768529824
2018-07-21 07:30:00,4.07,4.387964766755127
2018-07-21 07:45:00,3.78,4.373420089128144
2018-07-21 08:00:00,24.23,21.271283044283702
2018-07-21 08:15:00,40.39,36.1842923684016
2018-07-21 08:30:00,32.69,27.25544921313331
2018-07-21 08:45:00,33.55,45.27175684480056
2018-07-21 09:00:00,44.42,35.96000483786084
2018-07-21 09:15:00,45.14,35.912509750077675
2018-07-21 09:30:00,43.49,45.66765093263883
2018-07-21 09:45:00,43.74,45.6383997984331
2018-07-21 10:00:00,42.12,39.78438462353621
2018-07-21 10:15:00,45.54,39.73080971117626
2018-07-21 10:30:00,44.64,39.539097891769785
2018-07-21 10:45:00,43.67,46.545571698733475
2018-07-21 11:00:00,44.93,46.545571698733475
2018-07-21 11:15:00,45.14,41.33629764976759
2018-07-21 11:30:00,32.9,43.57084375363923
2018-07-21 11:45:00,10.87,38.10342198281004
2018-07-21 12:00:00,4.25,12.53290524702308
2018-07-21 12:15:00,4.28,6.710986591079451
2018-07-21 12:30:00,4.21,4.402871106959394
2018-07-21 12:45:00,4.14,7.294187894308277
2018-07-21 13:00:00,11.81,15.278662558897532
2018-07-21 13:15:00,50.29,21.49936082751067
2018-07-21 13:30:00,37.73,26.523992502914556
2018-07-21 13:45:00,31.86,60.36035715983271
2018-07-21 14:00:00,37.01,41.08446315036939
2018-07-21 14:15:00,49.18,33.824785712926385
2018-07-21 14:30:00,31.14,41.021563218581306
2018-07-21 14:45:00,42.19,50.322584801198815
2018-07-21 15:00:00,44.14,34.86518494204172
2018-07-21 15:15:00,50.4,39.92932092039412
2018-07-21 15:30:00,36.65,45.52230542098589
2018-07-21 15:45:00,34.96,49.77955976327157
2018-07-21 16:00:00,51.77,38.740489691233854
2018-07-21 16:15:00,45.68,33.73414360353075
2018-07-21 16:30:00,46.01,51.23361263619149
2018-07-21 16:45:00,12.53,42.06186029371281
2018-07-21 17:00:00,4.5,33.378162715966624
2018-07-21 17:15:00,3.78,5.4202494197258915
2018-07-21 17:30:00,3.46,3.142028081199102
2018-07-21 17:45:00,3.46,3.6251371052068895
2018-07-21 18:00:00,3.35,5.800086315848722
2018-07-21 18:15:00,3.35,4.913437169169519
2018-07-21 18:30:00,3.42,4.703433175622132
2018-07-21 18:45:00,3.53,4.627835440717943
2018-07-21 19:00:00,3.49,3.661748953037161
2018-07-21 19:15:00,3.49,3.7986811270244796
2018-07-21 19:30:00,2.88,3.7986811270244796
2018-07-21 19:45:00,2.95,3.744130811735327
2018-07-21 20:00:00,2.92,3.438655989046808
2018-07-21 20:15:00,2.99,3.4595413322352138
2018-07-21 20:30:00,2.92,3.442171126438055
2018-07-21 20:45:00,2.95,3.604752580146696
2018-07-21 21:00:00,2.95,3.01942204821121
2018-07-21 21:15:00,3.6,2.9304933053518685
2018-07-21 21:30:00,3.06,2.907554494589004
2018-07-21 21:45:00,3.1,3.104916928733969
2018-07-21 22:00:00,2.95,2.9713901779846936
2018-07-21 22:15:00,2.81,2.907554494589004
2018-07-21 22:30:00,2.84,3.0507401985617064
2018-07-21 22:45:00,2.81,2.9971087339644384
2018-07-21 23:00:00,2.81,2.9257415262269726
2018-07-21 23:15:00,2.81,2.865108347979976
2018-07-21 23:30:00,2.92,2.865108347979976
2018-07-21 23:45:00,3.38,2.865108347979976
2018-07-22 00:00:00,3.13,2.865108347979976
2018-07-22 00:15:00,2.84,3.062470782124941
2018-07-22 00:30:00,2.81,2.9289440313756656
2018-07-22 00:45:00,2.92,2.865108347979976
2018-07-22 01:00:00,2.92,2.85569430110924
2018-07-22 01:15:00,2.88,2.85569430110924
2018-07-22 01:30:00,2.84,2.85569430110924
2018-07-22 01:45:00,2.88,2.85569430110924
2018-07-22 02:00:00,3.28,2.85569430110924
2018-07-22 02:15:00,3.31,2.85569430110924
2018-07-22 02:30:00,2.99,3.053056735254205
2018-07-22 02:45:00,2.88,3.1168924186498943
2018-07-22 03:00:00,2.88,2.9357461380177137
2018-07-22 03:15:00,2.88,2.863597660699348
2018-07-22 03:30:00,2.81,2.863597660699348
2018-07-22 03:45:00,2.81,2.863597660699348
2018-07-22 04:00:00,2.84,2.863597660699348
2018-07-22 04:15:00,2.92,2.863597660699348
2018-07-22 04:30:00,2.92,2.863597660699348
2018-07-22 04:45:00,2.84,2.863597660699348
2018-07-22 05:00:00,2.77,2.863597660699348
2018-07-22 05:15:00,2.81,2.863597660699348
2018-07-22 05:30:00,2.81,2.863597660699348
2018-07-22 05:45:00,3.46,2.863597660699348
2018-07-22 06:00:00,2.77,2.863597660699348
2018-07-22 06:15:00,2.74,3.1096893014237184
2018-07-22 06:30:00,2.74,2.9640491504293416
2018-07-22 06:45:00,3.35,2.863597660699348
2018-07-22 07:00:00,2.95,2.863597660699348
2018-07-22 07:15:00,2.7,3.1096893014237184
2018-07-22 07:30:00,2.77,2.957071927894382
2018-07-22 07:45:00,2.66,2.73931129531512
2018-07-22 08:00:00,2.74,18.857672101715817
2018-07-22 08:15:00,2.74,25.042202269065555
2018-07-22 08:30:00,2.74,8.38820001474742
2018-07-22 08:45:00,2.81,2.5488212463522304
2018-07-22 09:00:00,2.88,2.74984116899565
2018-07-22 09:15:00,2.92,2.74984116899565
2018-07-22 09:30:00,2.92,2.827597837107485
2018-07-22 09:45:00,2.84,3.7706089167595427
2018-07-22 10:00:00,2.88,2.89330085099039
2018-07-22 10:15:00,2.81,2.827597837107485
2018-07-22 10:30:00,3.28,3.02629123367246
2018-07-22 10:45:00,2.92,1.7001305029728997
2018-07-22 11:00:00,2.81,2.8365155478727884
2018-07-22 11:15:00,2.7,2.063503796048928
2018-07-22 11:30:00,2.7,1.8448640417864655
2018-07-22 11:45:00,2.66,3.1313252800948925
2018-07-22 12:00:00,2.81,2.173802880560117
2018-07-22 12:15:00,3.35,2.3013041589278775
2018-07-22 12:30:00,3.38,2.273482644144094
2018-07-22 12:45:00,2.92,3.549626619968106
2018-07-22 13:00:00,2.84,2.8673801644920176
2018-07-22 13:15:00,2.84,1.0929985410815728
2018-07-22 13:30:00,2.84,2.7058925631250474
2018-07-22 13:45:00,2.88,2.6550660747294637
2018-07-22 14:00:00,2.92,2.5926534890604285
2018-07-22 14:15:00,3.02,2.541666489408639
2018-07-22 14:30:00,3.46,2.6550660747294637
2018-07-22 14:45:00,3.17,2.6194231575204765
2018-07-22 15:00:00,2.92,2.81293576714683
2018-07-22 15:15:00,2.95,2.715443967191977
2018-07-22 15:30:00,2.95,2.5926534890604285
2018-07-22 15:45:00,2.92,4.008390230277476
2018-07-22 16:00:00,2.99,4.112916566849362
2018-07-22 16:15:00,2.99,3.055469522299993
2018-07-22 16:30:00,2.95,3.147770868038808
2018-07-22 16:45:00,2.95,3.121251670781648
2018-07-22 17:00:00,2.92,2.305887128574535
2018-07-22 17:15:00,2.95,2.305887128574535
2018-07-22 17:30:00,2.99,2.305887128574535
2018-07-22 17:45:00,3.06,2.305887128574535
2018-07-22 18:00:00,2.95,3.384560863027354
2018-07-22 18:15:00,2.88,3.87499484008538
2018-07-22 18:30:00,3.06,3.633469092399895
2018-07-22 18:45:00,3.38,3.2891060692148177
2018-07-22 19:00:00,3.67,3.2891060692148177
2018-07-22 19:15:00,3.53,3.3484105557408297
2018-07-22 19:30:00,3.46,3.5342669477870152
2018-07-22 19:45:00,3.02,3.5342669477870152
2018-07-22 20:00:00,3.06,2.5757794758987234
2018-07-22 20:15:00,3.06,2.289954742056825
2018-07-22 20:30:00,3.17,2.0762797920186453
2018-07-22 20:45:00,3.1,2.8630225352042866
2018-07-22 21:00:00,3.06,3.046132705233744
2018-07-22 21:15:00,3.13,2.907554494589004
2018-07-22 21:30:00,3.17,2.907554494589004
2018-07-22 21:45:00,3.17,2.907554494589004
2018-07-22 22:00:00,3.1,2.907554494589004
2018-07-22 22:15:00,2.95,2.907554494589004
2018-07-22 22:30:00,3.06,3.0507401985617064
2018-07-22 22:45:00,2.95,3.0507401985617064
2018-07-22 23:00:00,2.88,3.012533667312176
2018-07-22 23:15:00,2.88,3.0219477141829123
2018-07-22 23:30:00,2.92,2.9683162495856443
2018-07-22 23:45:00,2.88,2.865108347979976
2018-07-23 00:00:00,2.92,3.2445929050275346
2018-07-23 00:15:00,2.95,3.2445929050275346
2018-07-23 00:30:00,2.95,3.2445929050275346
2018-07-23 00:45:00,3.1,3.2445929050275346
2018-07-23 01:00:00,4.18,3.2351788581567984
2018-07-23 01:15:00,3.49,3.2351788581567984
2018-07-23 01:30:00,2.95,3.5709824152593503
2018-07-23 01:45:00,2.95,3.599584877303121
2018-07-23 02:00:00,2.92,3.497093848177713
2018-07-23 02:15:00,2.99,3.2351788581567984
2018-07-23 02:30:00,2.92,3.2351788581567984
2018-07-23 02:45:00,2.95,3.2351788581567984
2018-07-23 03:00:00,2.95,3.2351788581567984
2018-07-23 03:15:00,2.88,3.2430822177469065
2018-07-23 03:30:00,2.84,3.2430822177469065
2018-07-23 03:45:00,2.84,3.2430822177469065
2018-07-23 04:00:00,2.92,3.289324802353538
2018-07-23 04:15:00,2.92,3.289324802353538
2018-07-23 04:30:00,2.88,3.289324802353538
2018-07-23 04:45:00,2.77,3.289324802353538
2018-07-23 05:00:00,2.81,3.289324802353538
2018-07-23 05:15:00,2.81,3.3122636131164023
2018-07-23 05:30:00,3.31,3.289324802353538
2018-07-23 05:45:00,2.84,3.289324802353538
2018-07-23 06:00:00,2.77,3.609615945032284
2018-07-23 06:15:00,2.77,3.408799473080996
2018-07-23 06:30:00,2.77,3.3083479833510023
2018-07-23 06:45:00,3.17,3.3083479833510023
2018-07-23 07:00:00,3.49,3.3581682815620932
2018-07-23 07:15:00,3.67,3.3581682815620932
2018-07-23 07:30:00,3.74,4.602328366100794
2018-07-23 07:45:00,3.74,6.085857231393018
2018-07-23 08:00:00,20.59,53.07440291592178
2018-07-23 08:15:00,48.96,67.5519466890443
2018-07-23 08:30:00,73.55,65.72452316873593
2018-07-23 08:45:00,49.28,72.44619756668205
2018-07-23 09:00:00,72.36,77.47828049908571
2018-07-23 09:15:00,56.99,66.37311512998608
2018-07-23 09:30:00,67.32,73.4909441724998
2018-07-23 09:45:00,45.4,66.72556136746205
2018-07-23 10:00:00,48.85,68.91555431043071
2018-07-23 10:15:00,54.79,58.01722773525076
2018-07-23 10:30:00,59.0,61.546269647887705
2018-07-23 10:45:00,62.78,62.797017958886116
2018-07-23 11:00:00,65.16,61.46638772787031
2018-07-23 11:15:00,60.01,63.69013423633898
2018-07-23 11:30:00,51.8,66.31620056511781
2018-07-23 11:45:00,52.81,55.01848230440884
2018-07-23 12:00:00,6.16,14.24280539166993
2018-07-23 12:15:00,5.36,10.115276621046277
2018-07-23 12:30:00,5.44,4.753741386432516
2018-07-23 12:45:00,5.33,7.952283270452618
2018-07-23 13:00:00,42.84,26.322410082704412
2018-07-23 13:15:00,66.53,58.37292478533291
2018-07-23 13:30:00,57.2,61.54670252309935
2018-07-23 13:45:00,59.94,71.01749729183618
2018-07-23 14:00:00,63.83,60.70052651761241
2018-07-23 14:15:00,61.45,64.06598304005594
2018-07-23 14:30:00,55.58,62.94581899903304
2018-07-23 14:45:00,57.82,62.086040098326805
2018-07-23 15:00:00,54.14,64.280495227384
2018-07-23 15:15:00,74.92,63.73698405016527
2018-07-23 15:30:00,59.65,61.28053565506276
2018-07-23 15:45:00,70.7,71.81216991825048
2018-07-23 16:00:00,59.26,60.778534492164354
2018-07-23 16:15:00,55.51,69.99012699545759
2018-07-23 16:30:00,65.7,61.84129106330156
2018-07-23 16:45:00,56.48,64.4631704238363
2018-07-23 17:00:00,63.0,65.68862784734009
2018-07-23 17:15:00,83.88,56.806862440068954
2018-07-23 17:30:00,29.92,33.16397153425922
2018-07-23 17:45:00,30.85,47.11645698602836
2018-07-23 18:00:00,57.64,34.89173353716145
2018-07-23 18:15:00,103.43,59.68304867720568
2018-07-23 18:30:00,76.61,67.84929587527212
2018-07-23 18:45:00,93.38,85.34565434326115
2018-07-23 19:00:00,79.99,78.51246497351116
2018-07-23 19:15:00,99.29,89.74759751758218
2018-07-23 19:30:00,88.34,80.27064526356827
2018-07-23 19:45:00,74.3,85.36314618383973
2018-07-23 20:00:00,101.09,86.69702512804818
2018-07-23 20:15:00,67.5,72.42264442506666
2018-07-23 20:30:00,61.38,66.24786349847165
2018-07-23 20:45:00,38.27,41.94890802240636
2018-07-23 21:00:00,5.0,22.441166003406497
2018-07-23 21:15:00,4.21,17.603153896541144
2018-07-23 21:30:00,3.85,6.275771880680929
2018-07-23 21:45:00,3.89,4.108422129321232
2018-07-23 22:00:00,3.85,3.8978262887051507
2018-07-23 22:15:00,3.64,4.807289559907218
2018-07-23 22:30:00,3.49,3.8225057421335538
2018-07-23 22:45:00,3.06,3.840302292583335
2018-07-23 23:00:00,2.84,4.268891733547484
2018-07-23 23:15:00,2.81,3.571554061444781
2018-07-23 23:30:00,2.77,3.5077183780490917
2018-07-23 23:45:00,2.84,3.5077183780490917
2018-07-24 00:00:00,2.81,3.412964734890827
2018-07-24 00:15:00,3.53,3.412964734890827
2018-07-24 00:30:00,2.99,3.412964734890827
2018-07-24 00:45:00,2.81,3.610327169035792
2018-07-24 01:00:00,2.92,3.46738637141578
2018-07-24 01:15:00,2.92,3.4035506880200908
2018-07-24 01:30:00,2.88,3.4035506880200908
2018-07-24 01:45:00,2.92,3.3806118772572264
2018-07-24 02:00:00,2.99,3.3806118772572264
2018-07-24 02:15:00,3.46,3.2237725110542903
2018-07-24 02:30:00,2.92,3.2237725110542903
2018-07-24 02:45:00,2.92,3.421134945199255
2018-07-24 03:00:00,2.95,3.303824347962764
2018-07-24 03:15:00,3.06,3.2316758706443984
2018-07-24 03:30:00,3.02,3.2316758706443984
2018-07-24 03:45:00,2.95,3.2316758706443984
2018-07-24 04:00:00,2.99,3.3063856346440343
2018-07-24 04:15:00,2.92,3.3063856346440343
2018-07-24 04:30:00,2.92,3.3063856346440343
2018-07-24 04:45:00,2.95,3.3063856346440343
2018-07-24 05:00:00,2.95,3.3063856346440343
2018-07-24 05:15:00,3.35,3.3063856346440343
2018-07-24 05:30:00,3.35,3.3063856346440343
2018-07-24 05:45:00,2.92,3.62667677732278
2018-07-24 06:00:00,2.95,3.7271282670527737
2018-07-24 06:15:00,2.92,3.3330242260612257
2018-07-24 06:30:00,3.02,3.232572736331232
2018-07-24 06:45:00,2.88,3.232572736331232
2018-07-24 07:00:00,3.46,3.282393034542323
2018-07-24 07:15:00,3.49,3.282393034542323
2018-07-24 07:30:00,3.56,5.00002690628271
2018-07-24 07:45:00,3.38,6.412566335668582
2018-07-24 08:00:00,34.06,30.830452381702532
2018-07-24 08:15:00,71.32,49.97218598494276
2018-07-24 08:30:00,94.61,58.717920264636234
2018-07-24 08:45:00,96.41,77.33977702501782
2018-07-24 09:00:00,82.19,87.08388389877786
2018-07-24 09:15:00,93.02,93.81107637254908
2018-07-24 09:30:00,92.52,86.84127683673151
2018-07-24 09:45:00,78.41,88.04920918292359
2018-07-24 10:00:00,97.06,78.8731012925991
2018-07-24 10:15:00,99.18,78.64507080039547
2018-07-24 10:30:00,104.94,86.7250861865088
2018-07-24 10:45:00,105.37,94.79782094187817
2018-07-24 11:00:00,102.56,97.78634182447769
2018-07-24 11:15:00,103.64,101.43704012772129
2018-07-24 11:30:00,88.06,96.96819825619023
2018-07-24 11:45:00,102.92,96.89966402409864
2018-07-24 12:00:00,7.27,10.582999286941392
2018-07-24 12:15:00,5.65,8.166623461548115
2018-07-24 12:30:00,5.51,5.725504746735684
2018-07-24 12:45:00,5.4,5.844365033026982
2018-07-24 13:00:00,42.08,48.77491950287209
2018-07-24 13:15:00,83.56,93.34173312289865
2018-07-24 13:30:00,103.64,79.01692329066387
2018-07-24 13:45:00,94.21,82.28894184180172
2018-07-24 14:00:00,56.38,92.153174940503
2018-07-24 14:15:00,55.8,97.72212559437895
2018-07-24 14:30:00,61.02,76.57021412689888
2018-07-24 14:45:00,66.96,68.49395161763591
2018-07-24 15:00:00,66.49,68.10743301857632
2018-07-24 15:15:00,56.74,71.21241085712816
2018-07-24 15:30:00,53.64,70.53325200850317
2018-07-24 15:45:00,58.46,62.956187477380254
2018-07-24 16:00:00,51.52,64.87150477709346
2018-07-24 16:15:00,55.84,62.4689980133686
2018-07-24 16:30:00,58.32,62.2807371252545
2018-07-24 16:45:00,55.44,61.20229872538605
2018-07-24 17:00:00,54.94,57.57690460119648
2018-07-24 17:15:00,43.63,58.904380810366774
2018-07-24 17:30:00,29.12,32.885595038661656
2018-07-24 17:45:00,30.28,30.823132562659563
2018-07-24 18:00:00,49.68,32.933044715769356
2018-07-24 18:15:00,56.16,50.44541223346422
2018-07-24 18:30:00,58.61,62.88994048714828
2018-07-24 18:45:00,54.68,58.77000493203282
2018-07-24 19:00:00,46.91,58.59969807280587
2018-07-24 19:15:00,57.89,59.64679595300081
2018-07-24 19:30:00,58.5,55.54595527338835
2018-07-24 19:45:00,46.66,59.8613550502986
2018-07-24 20:00:00,52.56,57.741758403025344
2018-07-24 20:15:00,61.27,51.82319257092121
2018-07-24 20:30:00,39.02,52.795434927710545
2018-07-24 20:45:00,29.16,39.9948117061731
2018-07-24 21:00:00,8.68,19.02116823523312
2018-07-24 21:15:00,3.92,13.621119991669893
2018-07-24 21:30:00,3.85,8.843259057946945
2018-07-24 21:45:00,3.82,3.7892848660475296
2018-07-24 22:00:00,3.64,3.6926971303293237
2018-07-24 22:15:00,3.56,3.6926971303293237
2018-07-24 22:30:00,3.56,3.8180862838522445
2018-07-24 22:45:00,3.53,3.792062354384381
2018-07-24 23:00:00,2.95,3.6953364752323843
2018-07-24 23:15:00,2.88,3.7047505221031205
2018-07-24 23:30:00,2.88,3.5073880879581556
2018-07-24 23:45:00,2.88,3.443552404562466
2018-07-25 00:00:00,2.84,3.443552404562466
2018-07-25 00:15:00,3.13,3.443552404562466
2018-07-25 00:30:00,3.24,3.443552404562466
2018-07-25 00:45:00,2.84,3.443552404562466
2018-07-25 01:00:00,3.13,3.631500791836695
2018-07-25 01:15:00,3.06,3.4979740410874194
2018-07-25 01:30:00,2.99,3.4111995469288656
2018-07-25 01:45:00,2.99,3.4111995469288656
2018-07-25 02:00:00,3.02,3.4111995469288656
2018-07-25 02:15:00,3.02,3.4111995469288656
2018-07-25 02:30:00,2.99,3.3575680823315976
2018-07-25 02:45:00,2.95,3.2543601807259295
2018-07-25 03:00:00,3.17,3.2543601807259295
2018-07-25 03:15:00,3.31,3.2622635403160376
2018-07-25 03:30:00,3.24,3.2622635403160376
2018-07-25 03:45:00,3.35,3.5825546829947834
2018-07-25 04:00:00,3.2,3.757715936724413
2018-07-25 04:15:00,3.17,3.8277631618421455
2018-07-25 04:30:00,3.2,3.563039178234154
2018-07-25 04:45:00,3.13,3.4401812059213417
2018-07-25 05:00:00,3.13,3.4625876885041604
2018-07-25 05:15:00,3.2,3.4401812059213417
2018-07-25 05:30:00,3.17,3.4401812059213417
2018-07-25 05:45:00,3.56,3.5162191531014284
2018-07-25 06:00:00,3.78,3.4938126705186097
2018-07-25 06:15:00,3.31,3.666091412930178
2018-07-25 06:30:00,3.06,3.7665429026601713
2018-07-25 06:45:00,3.13,3.7665429026601713
2018-07-25 07:00:00,3.17,3.64803260887653
2018-07-25 07:15:00,3.82,3.4698200704168984
2018-07-25 07:30:00,4.14,4.858009840837711
2018-07-25 07:45:00,3.82,6.554868189905438
2018-07-25 08:00:00,17.75,34.15752641961377
2018-07-25 08:15:00,49.68,64.15518656161014
2018-07-25 08:30:00,57.17,51.8338362601711
2018-07-25 08:45:00,59.9,69.18236438609776
2018-07-25 09:00:00,57.38,64.96154139669255
2018-07-25 09:15:00,59.33,61.91554477368024
2018-07-25 09:30:00,46.91,59.308492845299845
2018-07-25 09:45:00,47.74,59.5945776187244
2018-07-25 10:00:00,49.14,53.96941687009736
2018-07-25 10:15:00,48.96,54.59912479210579
2018-07-25 10:30:00,47.74,57.96746081267217
2018-07-25 10:45:00,51.26,58.23338356671339
2018-07-25 11:00:00,58.18,54.37364740679145
2018-07-25 11:15:00,46.44,58.001657676893956
2018-07-25 11:30:00,57.96,57.19175133050375
2018-07-25 11:45:00,40.43,48.595213138718016
2018-07-25 12:00:00,4.39,11.487718673394978
2018-07-25 12:15:00,5.44,12.596330694091952
2018-07-25 12:30:00,5.65,3.0098188884573363
2018-07-25 12:45:00,5.58,6.7024586578308325
2018-07-25 13:00:00,28.26,45.00449081064787
2018-07-25 13:15:00,49.75,50.57935908830142
2018-07-25 13:30:00,51.3,55.91379635704216
2018-07-25 13:45:00,54.9,61.92624352422315
2018-07-25 14:00:00,57.53,56.81203441527167
2018-07-25 14:15:00,60.23,58.14103323881879
2018-07-25 14:30:00,56.88,57.604567195590555
2018-07-25 14:45:00,63.4,59.51113294726162
2018-07-25 15:00:00,45.18,58.29028884920582
2018-07-25 15:15:00,52.6,61.634574382087784
2018-07-25 15:30:00,56.88,52.04122969218436
2018-07-25 15:45:00,54.18,59.54918115743074
2018-07-25 16:00:00,63.0,58.915096314606096
2018-07-25 16:15:00,81.76,57.6643303865487
2018-07-25 16:30:00,98.93,59.682927516502396
2018-07-25 16:45:00,90.9,69.42294277404598
2018-07-25 17:00:00,92.56,80.2770976702774
2018-07-25 17:15:00,90.94,82.10131955175684
2018-07-25 17:30:00,29.84,48.80091634831341
2018-07-25 17:45:00,30.17,43.61627249351794
2018-07-25 18:00:00,48.78,38.02465970194041
2018-07-25 18:15:00,93.17,58.02667434550852
2018-07-25 18:30:00,103.86,61.871098322711184
2018-07-25 18:45:00,84.28,85.34284562662245
2018-07-25 19:00:00,94.64,94.07288115344156
2018-07-25 19:15:00,92.09,84.41850174382913
2018-07-25 19:30:00,79.67,82.5665558774577
2018-07-25 19:45:00,113.47,86.82240689404287
2018-07-25 20:00:00,84.28,78.60283048059736
2018-07-25 20:15:00,105.55,86.32630133801206
2018-07-25 20:30:00,69.91,77.94999487880544
2018-07-25 20:45:00,8.86,52.058796193968
2018-07-25 21:00:00,6.16,20.59562242635056
2018-07-25 21:15:00,3.64,2.7043079742956904
2018-07-25 21:30:00,3.56,4.093125189295461
2018-07-25 21:45:00,3.53,4.040452587445971
2018-07-25 22:00:00,3.42,5.6210206621437155
2018-07-25 22:15:00,3.31,3.526187306034827
2018-07-25 22:30:00,3.24,3.6433490805396658
2018-07-25 22:45:00,3.28,3.6433490805396658
2018-07-25 23:00:00,2.66,3.6431315077335453
2018-07-25 23:15:00,2.59,3.6741628524314813
2018-07-25 23:30:00,2.59,3.4768004182865164
2018-07-25 23:45:00,2.74,3.412964734890827
2018-07-26 00:00:00,2.63,3.412964734890827
2018-07-26 00:15:00,2.66,3.412964734890827
2018-07-26 00:30:00,2.63,3.412964734890827
2018-07-26 00:45:00,2.63,3.412964734890827
2018-07-26 01:00:00,2.88,3.4035506880200908
2018-07-26 01:15:00,3.2,3.4035506880200908
2018-07-26 01:30:00,3.38,3.2237725110542903
2018-07-26 01:45:00,3.28,3.2330332616237314
2018-07-26 02:00:00,3.56,3.421134945199255
2018-07-26 02:15:00,3.82,3.4849706285949447
2018-07-26 02:30:00,3.31,3.4849706285949447
2018-07-26 02:45:00,3.17,3.4849706285949447
2018-07-26 03:00:00,3.42,3.52561574232234
2018-07-26 03:15:00,3.64,3.40988840910403
2018-07-26 03:30:00,3.17,3.5519670133231442
2018-07-26 03:45:00,3.2,3.755626404658806
2018-07-26 04:00:00,3.17,3.563676490576964
2018-07-26 04:15:00,3.2,3.4856314834297892
2018-07-26 04:30:00,3.17,3.4632250008469705
2018-07-26 04:45:00,3.17,3.4856314834297892
2018-07-26 05:00:00,3.1,3.4632250008469705
2018-07-26 05:15:00,3.13,3.4632250008469705
2018-07-26 05:30:00,3.1,3.4632250008469705
2018-07-26 05:45:00,3.1,3.4632250008469705
2018-07-26 06:00:00,3.13,3.4632250008469705
2018-07-26 06:15:00,3.1,3.3894121025341684
2018-07-26 06:30:00,3.06,3.3894121025341684
2018-07-26 06:45:00,3.06,3.3894121025341684
2018-07-26 07:00:00,3.24,3.4392324007452593
2018-07-26 07:15:00,3.2,3.4392324007452593
2018-07-26 07:30:00,3.56,5.1568662724856456
2018-07-26 07:45:00,5.04,6.166042405751012
2018-07-26 08:00:00,35.46,36.21612704459086
2018-07-26 08:15:00,107.17,70.98820482454826
2018-07-26 08:30:00,79.74,59.42416273409721
2018-07-26 08:45:00,102.42,100.26941956049163
2018-07-26 09:00:00,100.12,91.85066111402737
2018-07-26 09:15:00,41.9,86.99614026234882
2018-07-26 09:30:00,56.95,90.57348725529553
2018-07-26 09:45:00,37.76,52.5407905848937
2018-07-26 10:00:00,36.29,62.19546640250425
2018-07-26 10:15:00,49.61,48.3108956118098
2018-07-26 10:30:00,50.15,51.996840682305596
2018-07-26 10:45:00,47.66,59.50929800413783
2018-07-26 11:00:00,51.01,59.912823680709415
2018-07-26 11:15:00,45.58,54.432218575162196
2018-07-26 11:30:00,52.24,58.54269102560458
2018-07-26 11:45:00,49.28,48.83677416997618
2018-07-26 12:00:00,16.7,11.639057101011536
2018-07-26 12:15:00,4.9,9.020754328535938
2018-07-26 12:30:00,4.61,7.386969410787478
2018-07-26 12:45:00,5.0,5.981746368924824
2018-07-26 13:00:00,28.62,41.950720434948295
2018-07-26 13:15:00,52.67,51.5216409873169
2018-07-26 13:30:00,56.12,59.17015308194669
2018-07-26 13:45:00,55.08,66.14946124678241
2018-07-26 14:00:00,42.55,60.691223867645135
2018-07-26 14:15:00,45.14,59.75536492945604
2018-07-26 14:30:00,45.97,47.062874725409216
2018-07-26 14:45:00,51.88,52.99694373190041
2018-07-26 15:00:00,48.96,52.70887484542924
2018-07-26 15:15:00,53.64,58.71180196998334
2018-07-26 15:30:00,56.95,56.10548402303214
2018-07-26 15:45:00,59.0,58.387826688359084
2018-07-26 16:00:00,56.95,59.603116530452944
2018-07-26 16:15:00,53.64,59.24827066151767
2018-07-26 16:30:00,56.09,60.27008333686575
2018-07-26 16:45:00,46.94,59.1558018896982
2018-07-26 17:00:00,56.2,57.0865036893096
2018-07-26 17:15:00,47.27,51.929078227116385
2018-07-26 17:30:00,28.44,31.039522335227414
2018-07-26 17:45:00,28.44,29.054391493197638
2018-07-26 18:00:00,35.82,29.29644737324941
2018-07-26 18:15:00,54.9,36.66163245493902
2018-07-26 18:30:00,42.55,43.24313422927985
2018-07-26 18:45:00,60.91,57.59758809914352
2018-07-26 19:00:00,53.89,42.666855792914376
2018-07-26 19:15:00,63.61,58.71435991622598
2018-07-26 19:30:00,55.73,57.858953229037475
2018-07-26 19:45:00,45.43,60.584519008172194
2018-07-26 20:00:00,63.18,59.14469021224081
2018-07-26 20:15:00,52.6,51.557749362884245
2018-07-26 20:30:00,38.77,56.15796656790615
2018-07-26 20:45:00,7.06,39.810347154337045
2018-07-26 21:00:00,6.12,27.21412126116186
2018-07-26 21:15:00,3.78,7.676531326702976
2018-07-26 21:30:00,3.71,7.253836979810464
2018-07-26 21:45:00,3.64,5.726239879359916
2018-07-26 22:00:00,3.71,3.2960001375087233
2018-07-26 22:15:00,4.46,3.384990407700095
2018-07-26 22:30:00,3.46,3.502152182204934
2018-07-26 22:45:00,2.88,3.751286750719858
2018-07-26 23:00:00,2.84,3.4605127635174786
2018-07-26 23:15:00,2.74,3.264336997225168
2018-07-26 23:30:00,2.77,3.1241854154772306
2018-07-26 23:45:00,2.81,3.1241854154772306
2018-07-27 00:00:00,2.77,3.0527038276236835
2018-07-27 00:15:00,2.81,3.0527038276236835
2018-07-27 00:30:00,2.84,3.0527038276236835
2018-07-27 00:45:00,2.84,3.0527038276236835
2018-07-27 01:00:00,2.84,3.0432897807529473
2018-07-27 01:15:00,2.88,3.0432897807529473
2018-07-27 01:30:00,2.84,3.020350969990083
2018-07-27 01:45:00,2.88,2.966719505392815
2018-07-27 02:00:00,2.88,2.863511603787147
2018-07-27 02:15:00,3.2,2.863511603787147
2018-07-27 02:30:00,3.06,2.886450414550011
2018-07-27 02:45:00,2.88,2.872772354356588
2018-07-27 03:00:00,2.88,2.863511603787147
2018-07-27 03:15:00,2.88,2.871414963377255
2018-07-27 03:30:00,2.92,2.871414963377255
2018-07-27 03:45:00,2.88,2.871414963377255
2018-07-27 04:00:00,2.92,2.871414963377255
2018-07-27 04:15:00,3.46,2.871414963377255
2018-07-27 04:30:00,3.24,2.871414963377255
2018-07-27 04:45:00,2.81,3.191706106056001
2018-07-27 05:00:00,2.84,3.2921575957859943
2018-07-27 05:15:00,2.84,2.9718664531072485
2018-07-27 05:30:00,2.84,2.871414963377255
2018-07-27 05:45:00,2.81,2.871414963377255
2018-07-27 06:00:00,2.77,2.871414963377255
2018-07-27 06:15:00,3.24,2.871414963377255
2018-07-27 06:30:00,3.02,2.871414963377255
2018-07-27 06:45:00,2.81,3.1175066041016253
2018-07-27 07:00:00,2.95,2.9718664531072485
2018-07-27 07:15:00,4.25,2.871414963377255
2018-07-27 07:30:00,4.07,3.020464189225468
2018-07-27 07:45:00,3.96,5.042138623153494
2018-07-27 08:00:00,28.4,26.192050217137048
2018-07-27 08:15:00,66.1,56.09359158720521
2018-07-27 08:30:00,50.4,58.82177013539845
2018-07-27 08:45:00,46.8,71.87323100725742
2018-07-27 09:00:00,66.31,58.26353997169672
2018-07-27 09:15:00,55.62,51.45947784692996
2018-07-27 09:30:00,58.79,63.110400952547515
2018-07-27 09:45:00,60.88,55.67566309609861
2018-07-27 10:00:00,52.56,54.30603475806928
2018-07-27 10:15:00,60.66,58.06861664383163
2018-07-27 10:30:00,56.95,58.1656230345333
2018-07-27 10:45:00,62.6,59.63623387134576
2018-07-27 11:00:00,45.76,58.7540463208634
2018-07-27 11:15:00,50.0,59.588847321737006
2018-07-27 11:30:00,53.14,48.63623065003639
2018-07-27 11:45:00,48.89,49.451425933812985
2018-07-27 12:00:00,4.25,10.566536784249028
2018-07-27 12:15:00,4.54,5.995656607580433
2018-07-27 12:30:00,4.57,2.1761957446894638
2018-07-27 12:45:00,4.61,6.02322344213615
2018-07-27 13:00:00,19.55,24.85353843738145
2018-07-27 13:15:00,47.02,50.22555501875692
2018-07-27 13:30:00,53.28,49.10746410916277
2018-07-27 13:45:00,55.3,55.81328131521399
2018-07-27 14:00:00,52.02,55.48845732523414
2018-07-27 14:15:00,55.4,56.15119085553286
2018-07-27 14:30:00,51.05,56.870678515634225
2018-07-27 14:45:00,39.96,57.52027349238648
2018-07-27 15:00:00,41.15,55.26546513139891
2018-07-27 15:15:00,50.76,44.092356397858374
2018-07-27 15:30:00,54.65,43.93959095681738
2018-07-27 15:45:00,55.08,55.0105063683069
2018-07-27 16:00:00,56.34,54.822290054724384
2018-07-27 16:15:00,52.88,53.83972805334496
2018-07-27 16:30:00,48.24,54.78959633180557
2018-07-27 16:45:00,54.4,54.89618070114593
2018-07-27 17:00:00,53.21,48.55618645976752
2018-07-27 17:15:00,39.85,52.07287932814859
2018-07-27 17:30:00,25.31,28.70533266031143
2018-07-27 17:45:00,25.56,28.493106649585307
2018-07-27 18:00:00,29.52,18.533089507279715
2018-07-27 18:15:00,45.97,25.096792561186685
2018-07-27 18:30:00,52.85,38.3111502106343
2018-07-27 18:45:00,67.57,49.55844775451386
2018-07-27 19:00:00,50.87,53.54297436529155
2018-07-27 19:15:00,54.32,59.82034144340192
2018-07-27 19:30:00,55.08,52.07390067941232
2018-07-27 19:45:00,34.24,54.56814691952402
2018-07-27 20:00:00,32.87,54.71741159405841
2018-07-27 20:15:00,40.14,39.78164495214213
2018-07-27 20:30:00,48.13,37.17795264748055
2018-07-27 20:45:00,15.8,21.872203911364544
2018-07-27 21:00:00,6.77,19.6399382678391
2018-07-27 21:15:00,4.36,6.684840806901154
2018-07-27 21:30:00,3.82,8.393297179526721
2018-07-27 21:45:00,3.85,3.2490698607630564
2018-07-27 22:00:00,3.78,3.587570655568687
2018-07-27 22:15:00,3.1,3.301848553390541
2018-07-27 22:30:00,2.92,3.4566945238192504
2018-07-27 22:45:00,2.92,3.554452831413038
2018-07-27 23:00:00,2.92,3.1018091286554137
2018-07-27 23:15:00,2.84,3.0527038276236835
2018-07-27 23:30:00,2.84,3.0527038276236835
2018-07-27 23:45:00,2.81,3.0527038276236835
2018-07-28 00:00:00,2.81,3.0448865249457766
2018-07-28 00:15:00,2.92,3.0448865249457766
2018-07-28 00:30:00,2.88,3.0448865249457766
2018-07-28 00:45:00,2.92,3.0448865249457766
2018-07-28 01:00:00,2.95,3.0354724780750404
2018-07-28 01:15:00,3.38,3.0354724780750404
2018-07-28 01:30:00,3.78,3.0354724780750404
2018-07-28 01:45:00,3.24,3.156264636859873
2018-07-28 02:00:00,3.6,3.2201003202555625
2018-07-28 02:15:00,3.46,3.1168924186498943
2018-07-28 02:30:00,3.56,3.1754117665523607
2018-07-28 02:45:00,3.64,3.1168924186498943
2018-07-28 03:00:00,3.49,3.260745433982958
2018-07-28 03:15:00,4.0,3.438843924042533
2018-07-28 03:30:00,3.85,3.4411796593110235
2018-07-28 03:45:00,3.46,3.4870794495443516
2018-07-28 04:00:00,3.42,3.4353685984867477
2018-07-28 04:15:00,3.49,3.536737258490443
2018-07-28 04:30:00,3.46,3.5189407080406614
2018-07-28 04:45:00,3.42,3.4411796593110235
2018-07-28 05:00:00,3.35,3.4411796593110235
2018-07-28 05:15:00,3.28,3.4411796593110235
2018-07-28 05:30:00,3.24,3.4411796593110235
2018-07-28 05:45:00,3.31,3.4411796593110235
2018-07-28 06:00:00,3.2,3.4411796593110235
2018-07-28 06:15:00,3.28,3.366980157356648
2018-07-28 06:30:00,3.2,3.1432949992150965
2018-07-28 06:45:00,3.2,3.2665286676266545
2018-07-28 07:00:00,3.2,3.1432949992150965
2018-07-28 07:15:00,4.79,3.042843509485103
2018-07-28 07:30:00,6.73,3.0588050977130075
2018-07-28 07:45:00,6.12,3.642187145277456
2018-07-28 08:00:00,18.72,26.7011989166777
2018-07-28 08:15:00,42.44,33.9603564104961
2018-07-28 08:30:00,51.19,20.31959761704183
2018-07-28 08:45:00,35.75,40.270060811914945
2018-07-28 09:00:00,35.78,54.2542440214892
2018-07-28 09:15:00,36.83,36.60675263422322
2018-07-28 09:30:00,49.21,34.92229151356602
2018-07-28 09:45:00,47.23,39.03716870177686
2018-07-28 10:00:00,46.4,50.2756736908208
2018-07-28 10:15:00,39.38,48.16151898846304
2018-07-28 10:30:00,40.32,47.26349681910696
2018-07-28 10:45:00,56.38,40.7081248752902
2018-07-28 11:00:00,67.61,37.25852105359359
2018-07-28 11:15:00,45.86,50.45556156317448
2018-07-28 11:30:00,57.89,61.08358814166984
2018-07-28 11:45:00,27.68,36.357684762359035
2018-07-28 12:00:00,4.54,7.104760334005784
2018-07-28 12:15:00,4.68,7.786930934418706
2018-07-28 12:30:00,4.5,4.004045960201277
2018-07-28 12:45:00,4.39,6.711143199120073
2018-07-28 13:00:00,35.93,16.262560772423793
2018-07-28 13:15:00,47.27,41.55264844166691
2018-07-28 13:30:00,46.01,47.70862133113496
2018-07-28 13:45:00,45.29,51.353245491633096
2018-07-28 14:00:00,71.53,45.53595661906097
2018-07-28 14:15:00,44.89,46.31169812105712
2018-07-28 14:30:00,63.9,60.09730385957544
2018-07-28 14:45:00,49.9,47.55373325191895
2018-07-28 15:00:00,44.53,51.79774406033558
2018-07-28 15:15:00,41.65,50.27271576012429
2018-07-28 15:30:00,44.57,48.17958629362077
2018-07-28 15:45:00,50.94,39.090409036727536
2018-07-28 16:00:00,50.58,46.446301954593324
2018-07-28 16:15:00,48.92,49.82189182490153
2018-07-28 16:30:00,33.98,49.63355124881555
2018-07-28 16:45:00,22.82,41.73257340902765
2018-07-28 17:00:00,11.23,20.417733789321765
2018-07-28 17:15:00,3.49,8.318453955357143
2018-07-28 17:30:00,3.42,10.08769372693564
2018-07-28 17:45:00,3.53,3.9271576226418787
2018-07-28 18:00:00,3.35,4.509353886253622
2018-07-28 18:15:00,3.35,4.714587528976085
2018-07-28 18:30:00,4.1,4.703433175622132
2018-07-28 18:45:00,4.14,3.9830116699284948
2018-07-28 19:00:00,2.84,4.226115708404394
2018-07-28 19:15:00,2.95,4.056372406292255
2018-07-28 19:30:00,2.92,3.8470076878198216
2018-07-28 19:45:00,2.84,3.665811980534857
2018-07-28 20:00:00,2.88,3.528965746831849
2018-07-28 20:15:00,2.92,3.533733088415846
2018-07-28 20:30:00,2.88,3.442171126438055
2018-07-28 20:45:00,2.84,3.3631692106880746
2018-07-28 21:00:00,2.92,3.01942204821121
2018-07-28 21:15:00,2.81,2.9304933053518685
2018-07-28 21:30:00,2.81,2.907554494589004
2018-07-28 21:45:00,2.88,2.907554494589004
2018-07-28 22:00:00,2.7,2.907554494589004
2018-07-28 22:15:00,2.63,2.8207623535038007
2018-07-28 22:30:00,2.74,2.8939008323587703
2018-07-28 22:45:00,3.13,2.9168396431216346
2018-07-28 23:00:00,2.88,2.8786331118721042
2018-07-28 23:15:00,2.59,2.865108347979976
2018-07-28 23:30:00,2.59,2.865108347979976
2018-07-28 23:45:00,2.66,2.865108347979976
2018-07-29 00:00:00,2.66,2.865108347979976
2018-07-29 00:15:00,2.66,2.865108347979976
2018-07-29 00:30:00,2.63,2.865108347979976
2018-07-29 00:45:00,3.06,2.865108347979976
2018-07-29 01:00:00,3.13,2.85569430110924
2018-07-29 01:15:00,2.7,2.85569430110924
2018-07-29 01:30:00,2.66,2.85569430110924
2018-07-29 01:45:00,2.74,2.85569430110924
2018-07-29 02:00:00,2.7,2.85569430110924
2018-07-29 02:15:00,2.66,2.85569430110924
2018-07-29 02:30:00,2.66,2.85569430110924
2018-07-29 02:45:00,2.66,2.85569430110924
2018-07-29 03:00:00,2.7,2.85569430110924
2018-07-29 03:15:00,2.74,2.863597660699348
2018-07-29 03:30:00,2.74,2.863597660699348
2018-07-29 03:45:00,2.66,2.863597660699348
2018-07-29 04:00:00,3.02,2.863597660699348
2018-07-29 04:15:00,3.06,2.863597660699348
2018-07-29 04:30:00,2.7,2.863597660699348
2018-07-29 04:45:00,2.7,2.863597660699348
2018-07-29 05:00:00,2.74,2.863597660699348
2018-07-29 05:15:00,2.66,2.863597660699348
2018-07-29 05:30:00,2.7,2.863597660699348
2018-07-29 05:45:00,2.7,2.863597660699348
2018-07-29 06:00:00,2.66,2.863597660699348
2018-07-29 06:15:00,2.66,2.863597660699348
2018-07-29 06:30:00,2.88,2.863597660699348
2018-07-29 06:45:00,3.28,2.863597660699348
2018-07-29 07:00:00,2.95,2.863597660699348
2018-07-29 07:15:00,2.66,3.1096893014237184
2018-07-29 07:30:00,2.81,2.957071927894382
2018-07-29 07:45:00,3.17,2.8420757605374054
2018-07-29 08:00:00,19.73,10.298699704313368
2018-07-29 08:15:00,34.7,15.353072422544603
2018-07-29 08:30:00,32.54,21.726132273424096
2018-07-29 08:45:00,35.39,41.39489738953681
2018-07-29 09:00:00,35.89,37.68443928203776
2018-07-29 09:15:00,32.51,36.03495568157476
2018-07-29 09:30:00,35.28,34.92888966420361
2018-07-29 09:45:00,32.47,34.366731169193805
2018-07-29 10:00:00,31.86,34.70253567863237
2018-07-29 10:15:00,35.14,33.91787152179151
2018-07-29 10:30:00,32.15,34.835022698076614
2018-07-29 10:45:00,35.39,34.27982918842378
2018-07-29 11:00:00,32.69,33.73444238442498
2018-07-29 11:15:00,34.99,33.99888025061919
2018-07-29 11:30:00,34.16,31.79573338160896
2018-07-29 11:45:00,11.09,20.30092151706127
2018-07-29 12:00:00,3.42,14.440518499919717
2018-07-29 12:15:00,3.53,6.770348805865688
2018-07-29 12:30:00,3.49,3.44212823618149
2018-07-29 12:45:00,3.56,5.262796808495385
2018-07-29 13:00:00,12.02,15.754589283889171
2018-07-29 13:15:00,33.98,17.610466883703783
2018-07-29 13:30:00,32.62,23.697128391320383
2018-07-29 13:45:00,33.55,42.887704226204725
2018-07-29 14:00:00,35.42,36.19369673626225
2018-07-29 14:15:00,34.63,34.600041254580944
2018-07-29 14:30:00,32.72,34.17507043091876
2018-07-29 14:45:00,33.3,33.68127627241503
2018-07-29 15:00:00,28.73,33.74290657814704
2018-07-29 15:15:00,34.92,33.99420344757303
2018-07-29 15:30:00,33.8,25.753233150418534
2018-07-29 15:45:00,34.02,34.420945697687976
2018-07-29 16:00:00,35.06,32.94853699003197
2018-07-29 16:15:00,32.54,32.61001400543951
2018-07-29 16:30:00,32.72,28.36649229349529
2018-07-29 16:45:00,5.47,23.29259873009771
2018-07-29 17:00:00,3.35,23.647748611977516
2018-07-29 17:15:00,3.02,3.486743991163059
2018-07-29 17:30:00,2.99,2.9689198057753816
2018-07-29 17:45:00,3.02,2.8457568735847922
2018-07-29 18:00:00,2.81,3.2549871857014896
2018-07-29 18:15:00,2.81,3.1503576701232565
2018-07-29 18:30:00,2.95,3.120900853217468
2018-07-29 18:45:00,3.53,3.120900853217468
2018-07-29 19:00:00,3.42,3.120900853217468
2018-07-29 19:15:00,2.92,3.180205339743478
2018-07-29 19:30:00,2.92,3.2440410231391676
2018-07-29 19:45:00,2.95,3.0149932345010186
2018-07-29 20:00:00,3.02,2.951157551105329
2018-07-29 20:15:00,2.95,2.951157551105329
2018-07-29 20:30:00,3.06,2.951157551105329
2018-07-29 20:45:00,3.02,3.01942204821121
2018-07-29 21:00:00,3.02,3.01942204821121
2018-07-29 21:15:00,3.1,2.7715172585788905
2018-07-29 21:30:00,3.64,2.7715172585788905
2018-07-29 21:45:00,3.02,2.7715172585788905
2018-07-29 22:00:00,2.99,2.9688796927238554
2018-07-29 22:15:00,2.77,2.83535294197458
2018-07-29 22:30:00,2.63,2.963948057476503
2018-07-29 22:45:00,2.66,2.963948057476503
2018-07-29 23:00:00,2.66,2.85569430110924
2018-07-29 23:15:00,3.17,2.865108347979976
2018-07-29 23:30:00,3.24,2.865108347979976
2018-07-29 23:45:00,2.74,2.865108347979976
2018-07-30 00:00:00,2.66,3.4419553391724995
2018-07-30 00:15:00,2.66,3.308428588423224
2018-07-30 00:30:00,2.74,3.2445929050275346
2018-07-30 00:45:00,2.7,3.2445929050275346
2018-07-30 01:00:00,2.7,3.2351788581567984
2018-07-30 01:15:00,2.81,3.2351788581567984
2018-07-30 01:30:00,2.74,3.2351788581567984
2018-07-30 01:45:00,2.77,3.2351788581567984
2018-07-30 02:00:00,2.77,3.2351788581567984
2018-07-30 02:15:00,2.95,3.2351788581567984
2018-07-30 02:30:00,3.35,3.2351788581567984
2018-07-30 02:45:00,2.88,3.2351788581567984
2018-07-30 03:00:00,2.77,3.4569702525163746
2018-07-30 03:15:00,2.7,3.3435337074769
2018-07-30 03:30:00,2.77,3.2430822177469065
2018-07-30 03:45:00,2.77,3.2430822177469065
2018-07-30 04:00:00,2.7,3.289324802353538
2018-07-30 04:15:00,2.74,3.289324802353538
2018-07-30 04:30:00,2.81,3.289324802353538
2018-07-30 04:45:00,2.74,3.289324802353538
2018-07-30 05:00:00,2.74,3.289324802353538
2018-07-30 05:15:00,2.66,3.289324802353538
2018-07-30 05:30:00,3.13,3.289324802353538
2018-07-30 05:45:00,2.88,3.289324802353538
2018-07-30 06:00:00,2.7,3.289324802353538
2018-07-30 06:15:00,2.74,3.3083479833510023
2018-07-30 06:30:00,2.7,3.3083479833510023
2018-07-30 06:45:00,2.66,3.3083479833510023
2018-07-30 07:00:00,2.63,3.3581682815620932
2018-07-30 07:15:00,3.06,3.3581682815620932
2018-07-30 07:30:00,3.78,4.222228382647609
2018-07-30 07:45:00,3.56,5.5343163223034875
2018-07-30 08:00:00,27.32,26.59728160936027
2018-07-30 08:15:00,62.68,49.07196101520101
2018-07-30 08:30:00,56.16,65.95542244270936
2018-07-30 08:45:00,58.68,68.35293099529478
2018-07-30 09:00:00,58.72,61.240378050691476
2018-07-30 09:15:00,57.2,59.13279192433598
2018-07-30 09:30:00,62.21,57.32877913655645
2018-07-30 09:45:00,59.94,59.94113783493478
2018-07-30 10:00:00,47.84,61.077145840698655
2018-07-30 10:15:00,50.76,60.590372871123904
2018-07-30 10:30:00,48.28,57.920234969297276
2018-07-30 10:45:00,54.14,61.69681454493448
2018-07-30 11:00:00,44.28,58.43416266787919
2018-07-30 11:15:00,56.99,59.88281084239362
2018-07-30 11:30:00,44.39,51.0074398777156
2018-07-30 11:45:00,34.02,53.62117334762967
2018-07-30 12:00:00,5.04,12.911448708523073
2018-07-30 12:15:00,7.09,13.14471932283843
2018-07-30 12:30:00,6.01,4.017086717988404
2018-07-30 12:45:00,5.9,12.271132103913184
2018-07-30 13:00:00,18.83,42.88255245317708
2018-07-30 13:15:00,60.41,47.104061614571734
2018-07-30 13:30:00,66.85,49.52932860635502
2018-07-30 13:45:00,53.06,67.2591277184214
2018-07-30 14:00:00,48.64,65.69572780939149
2018-07-30 14:15:00,50.36,59.88607387365815
2018-07-30 14:30:00,59.15,56.53505048422172
2018-07-30 14:45:00,76.14,59.09530994670866
2018-07-30 15:00:00,74.81,59.61103116318676
2018-07-30 15:15:00,74.74,68.75360240598906
2018-07-30 15:30:00,83.77,70.02785462482046
2018-07-30 15:45:00,106.52,71.38011342678853
2018-07-30 16:00:00,85.64,74.30922425611598
2018-07-30 16:15:00,83.74,82.83612788920956
2018-07-30 16:30:00,75.67,78.84606831085047
2018-07-30 16:45:00,92.12,70.56040889138208
2018-07-30 17:00:00,74.99,70.17295803180674
2018-07-30 17:15:00,62.14,76.7114345934166
2018-07-30 17:30:00,41.18,34.75556955840087
2018-07-30 17:45:00,31.75,27.909409100075695
2018-07-30 18:00:00,51.95,58.43245995140004
2018-07-30 18:15:00,54.83,60.21251501345216
2018-07-30 18:30:00,73.08,68.50090140975855
2018-07-30 18:45:00,75.35,61.58575804093359
2018-07-30 19:00:00,60.55,68.35146831063034
2018-07-30 19:15:00,72.29,74.54514245386845
2018-07-30 19:30:00,86.08,68.87196231489197
2018-07-30 19:45:00,57.85,75.51711708218711
2018-07-30 20:00:00,81.43,83.35708100502315
2018-07-30 20:15:00,85.75,70.84567211043802
2018-07-30 20:30:00,51.23,69.77942480513553
2018-07-30 20:45:00,23.76,51.20431234132829
2018-07-30 21:00:00,3.85,19.656490416649266
2018-07-30 21:15:00,4.07,0.9743644181793197
2018-07-30 21:30:00,3.2,3.523343042145472
2018-07-30 21:45:00,3.13,4.125521477952985
2018-07-30 22:00:00,2.99,3.6707718038137536
2018-07-30 22:15:00,2.84,3.4100348005368217
2018-07-30 22:30:00,2.84,3.9875210582886025
2018-07-30 22:45:00,2.81,3.536510862427886
2018-07-30 23:00:00,2.81,3.4983043311783555
2018-07-30 23:15:00,2.74,3.5077183780490917
2018-07-30 23:30:00,2.7,3.5077183780490917
2018-07-30 23:45:00,2.63,3.5077183780490917
2018-07-31 00:00:00,2.95,3.412964734890827
2018-07-31 00:15:00,3.28,3.412964734890827
2018-07-31 00:30:00,3.42,3.412964734890827
2018-07-31 00:45:00,3.02,3.610327169035792
2018-07-31 01:00:00,2.84,3.664748805560745
2018-07-31 01:15:00,2.81,3.3576554195677124
2018-07-31 01:30:00,2.88,3.2467113218171546
2018-07-31 01:45:00,2.95,3.2237725110542903
2018-07-31 02:00:00,2.88,3.2237725110542903
2018-07-31 02:15:00,2.84,3.2237725110542903
2018-07-31 02:30:00,3.56,3.2237725110542903
2018-07-31 02:45:00,3.13,3.2237725110542903
2018-07-31 03:00:00,2.95,3.4455639054138665
2018-07-31 03:15:00,2.99,3.332127360374392
2018-07-31 03:30:00,2.95,3.2316758706443984
2018-07-31 03:45:00,2.92,3.2316758706443984
2018-07-31 04:00:00,3.17,3.3063856346440343
2018-07-31 04:15:00,3.28,3.3063856346440343
2018-07-31 04:30:00,3.17,3.3063856346440343
2018-07-31 04:45:00,3.13,3.62667677732278
2018-07-31 05:00:00,3.02,3.406837124374028
2018-07-31 05:15:00,3.56,3.3063856346440343
2018-07-31 05:30:00,3.28,3.3063856346440343
2018-07-31 05:45:00,3.06,3.696724002440513
2018-07-31 06:00:00,3.06,3.830336168658442
2018-07-31 06:15:00,3.17,3.436232127666894
2018-07-31 06:30:00,3.06,3.3894121025341684
2018-07-31 06:45:00,3.06,3.3894121025341684
2018-07-31 07:00:00,3.17,3.3856009361479913
2018-07-31 07:15:00,3.42,3.3856009361479913
2018-07-31 07:30:00,5.08,4.776766289032461
2018-07-31 07:45:00,27.25,6.468954212141524
2018-07-31 08:00:00,58.36,34.14746882293566
2018-07-31 08:15:00,80.1,78.37287224979679
2018-07-31 08:30:00,90.61,72.51080635713187
2018-07-31 08:45:00,64.84,82.5134116134165
2018-07-31 09:00:00,78.41,83.65359634377843
2018-07-31 09:15:00,55.94,68.5149776106385
2018-07-31 09:30:00,67.54,71.03951279768468
2018-07-31 09:45:00,78.84,66.51398760573326
2018-07-31 10:00:00,53.24,67.08109109970643
2018-07-31 10:15:00,63.86,73.02404010723204
2018-07-31 10:30:00,66.1,65.3812127574364
2018-07-31 10:45:00,60.23,64.71147367791875
2018-07-31 11:00:00,81.79,68.01706587596361
2018-07-31 11:15:00,84.85,64.24964667546132
2018-07-31 11:30:00,83.52,70.61457203815809
2018-07-31 11:45:00,58.1,79.56093120433414
2018-07-31 12:00:00,6.01,4.440181772008703
2018-07-31 12:15:00,6.23,8.068440409049634
2018-07-31 12:30:00,6.23,3.6218404496958296
2018-07-31 12:45:00,6.19,7.167098364653191
2018-07-31 13:00:00,58.32,53.36367004392614
2018-07-31 13:15:00,115.56,62.53274819593189
2018-07-31 13:30:00,57.67,77.9394077676862
2018-07-31 13:45:00,38.2,96.45626253138873
2018-07-31 14:00:00,42.41,68.18863675418837
2018-07-31 14:15:00,52.2,46.77636085253303
2018-07-31 14:30:00,48.17,50.51111028370901
2018-07-31 14:45:00,49.79,63.08452455838627
2018-07-31 15:00:00,50.62,54.24439753769663
2018-07-31 15:15:00,44.57,58.700288225258156
2018-07-31 15:30:00,41.36,57.95897249023156
2018-07-31 15:45:00,37.8,52.20010377027983
2018-07-31 16:00:00,31.72,45.507113590577795
2018-07-31 16:15:00,28.98,44.789611814157105
2018-07-31 16:30:00,28.48,42.95930605406661
2018-07-31 16:45:00,11.38,28.182483296378706
2018-07-31 17:00:00,10.8,26.939213032263094
2018-07-31 17:15:00,4.21,8.082933023059315
2018-07-31 17:30:00,3.42,12.588935362794205
2018-07-31 17:45:00,4.57,4.030088624396477
2018-07-31 18:00:00,3.78,3.8705962964405587
2018-07-31 18:15:00,3.42,5.243753759573116
2018-07-31 18:30:00,3.38,4.746321123648167
2018-07-31 18:45:00,3.1,4.446370457060648
2018-07-31 19:00:00,2.88,4.027507165059056
2018-07-31 19:15:00,2.88,4.42435788516593
2018-07-31 19:30:00,2.92,4.064192876269333
2018-07-31 19:45:00,2.99,3.1196640972557956
2018-07-31 20:00:00,2.92,3.857830489418712
2018-07-31 20:15:00,2.95,3.2976846926627355
2018-07-31 20:30:00,2.95,3.1644284384876977
2018-07-31 20:45:00,2.95,3.1107737290756123
2018-07-31 21:00:00,2.99,2.804239233729584
2018-07-31 21:15:00,3.06,2.760980286120382
2018-07-31 21:30:00,3.02,3.0097921958833225
2018-07-31 21:45:00,3.06,2.986853385120458
2018-07-31 22:00:00,2.88,3.0097921958833225
2018-07-31 22:15:00,2.81,2.9000612440352547
2018-07-31 22:30:00,2.88,2.9731997228902243
2018-07-31 22:45:00,3.24,2.9731997228902243
2018-07-31 23:00:00,3.31,2.934993191640694
2018-07-31 23:15:00,2.77,3.141769672656395
2018-07-31 23:30:00,2.77,3.2056053560520845
2018-07-31 23:45:00,2.84,3.0082429219071196
2018-08-01 00:00:00,3.2,3.07110975655754
2018-08-01 00:15:00,2.66,3.099698309852603
2018-08-01 00:30:00,2.63,3.299475156734591
2018-08-01 00:45:00,2.66,3.0811001276278525
2018-08-01 01:00:00,2.63,3.07110975655754
2018-08-01 01:15:00,2.7,3.07110975655754
2018-08-01 01:30:00,2.7,3.099698309852603
2018-08-01 01:45:00,2.66,3.07110975655754
2018-08-01 02:00:00,2.74,3.07110975655754
2018-08-01 02:15:00,2.66,3.07110975655754
2018-08-01 02:30:00,2.7,3.07110975655754
2018-08-01 02:45:00,2.66,3.07110975655754
2018-08-01 03:00:00,2.7,3.07110975655754
2018-08-01 03:15:00,2.74,3.073362954015484
2018-08-01 03:30:00,2.81,3.047334310262916
2018-08-01 03:45:00,2.7,3.047334310262916
2018-08-01 04:00:00,3.24,3.073362954015484
2018-08-01 04:15:00,2.77,3.073362954015484
2018-08-01 04:30:00,3.2,3.3941084961565235
2018-08-01 04:45:00,2.99,3.0600106325199867
2018-08-01 05:00:00,2.66,3.3941084961565235
2018-08-01 05:15:00,2.7,3.0600106325199867
2018-08-01 05:30:00,2.66,3.075922863557979
2018-08-01 05:45:00,2.7,3.047334310262916
2018-08-01 06:00:00,2.7,3.075922863557979
2018-08-01 06:15:00,2.66,2.9452605367700517
2018-08-01 06:30:00,2.66,2.9452605367700517
2018-08-01 06:45:00,2.7,2.9452605367700517
2018-08-01 07:00:00,2.66,3.117967017327304
2018-08-01 07:15:00,2.74,3.117967017327304
2018-08-01 07:30:00,2.7,3.9316194008894505
2018-08-01 07:45:00,2.66,5.712920877801521
2018-08-01 08:00:00,2.63,17.621897964484187
2018-08-01 08:15:00,2.56,25.834173246253982
2018-08-01 08:30:00,3.02,10.036713973523732
2018-08-01 08:45:00,3.06,9.102556149686798
2018-08-01 09:00:00,2.77,5.7449945561583
2018-08-01 09:15:00,2.7,7.7890185377790075
2018-08-01 09:30:00,2.74,5.6355464065223035
2018-08-01 09:45:00,2.74,5.6355464065223035
2018-08-01 10:00:00,3.2,7.559418686983299
2018-08-01 10:15:00,3.17,6.489324458990541
2018-08-01 10:30:00,2.81,5.130175821960059
2018-08-01 10:45:00,2.77,5.517991334062055
2018-08-01 11:00:00,2.59,4.546660878068399
2018-08-01 11:15:00,2.56,0.879325872136549
2018-08-01 11:30:00,2.59,2.9159237790704857
2018-08-01 11:45:00,2.77,3.6390122498624113
2018-08-01 12:00:00,2.77,1.2812502518313078
2018-08-01 12:15:00,2.81,0.9367888312959822
2018-08-01 12:30:00,2.84,0.9338218251967506
2018-08-01 12:45:00,2.84,2.275217132139759
2018-08-01 13:00:00,2.74,7.303068224897536
2018-08-01 13:15:00,2.74,8.015933950669911
2018-08-01 13:30:00,2.74,3.445229354110113
2018-08-01 13:45:00,2.74,1.6370122649956746
2018-08-01 14:00:00,3.31,1.548110594801693
2018-08-01 14:15:00,2.66,1.7561356485719093
2018-08-01 14:30:00,2.66,1.9459800461493781
2018-08-01 14:45:00,2.74,1.4612994054596185
2018-08-01 15:00:00,2.7,1.4523808551102744
2018-08-01 15:15:00,2.7,1.548110594801693
2018-08-01 15:30:00,2.77,1.7086907288811146
2018-08-01 15:45:00,2.74,1.6370122649956746
2018-08-01 16:00:00,2.84,1.9834680895923569
2018-08-01 16:15:00,3.28,2.3882953731968417
2018-08-01 16:30:00,2.84,2.654812412780336
2018-08-01 16:45:00,2.7,4.165034227667021
2018-08-01 17:00:00,2.7,4.03614903624667
2018-08-01 17:15:00,2.66,3.827423540866536
2018-08-01 17:30:00,2.77,2.88572605053687
2018-08-01 17:45:00,2.77,3.5477548815992193
2018-08-01 18:00:00,2.66,3.3951394798496044
2018-08-01 18:15:00,2.63,4.190030338879685
2018-08-01 18:30:00,3.02,3.303209423837816
2018-08-01 18:45:00,3.35,8.285082259029187
2018-08-01 19:00:00,2.84,7.287486594668424
2018-08-01 19:15:00,2.84,7.446405260767133
2018-08-01 19:30:00,2.74,7.194802464304223
2018-08-01 19:45:00,2.81,7.255323646410306
2018-08-01 20:00:00,2.88,7.18481209323391
2018-08-01 20:15:00,2.84,6.232376675789436
2018-08-01 20:30:00,2.92,5.764711347058327
2018-08-01 20:45:00,2.84,2.802528685764954
2018-08-01 21:00:00,2.88,2.776500042012386
2018-08-01 21:15:00,2.92,2.776500042012386
2018-08-01 21:30:00,2.88,3.0531839609061926
2018-08-01 21:45:00,2.95,3.0531839609061926
2018-08-01 22:00:00,3.06,3.0531839609061926
2018-08-01 22:15:00,3.24,3.0531839609061926
2018-08-01 22:30:00,2.74,3.038058767253868
2018-08-01 22:45:00,2.66,3.263864257888424
2018-08-01 23:00:00,2.74,3.0811001276278525
2018-08-01 23:15:00,2.66,3.07110975655754
2018-08-01 23:30:00,2.59,3.07110975655754
2018-08-01 23:45:00,2.63,3.0736696661000353
2018-08-02 00:00:00,2.66,3.0393321472861343
2018-08-02 00:15:00,2.63,3.0393321472861343
2018-08-02 00:30:00,2.66,3.0393321472861343
2018-08-02 00:45:00,2.7,3.0393321472861343
2018-08-02 01:00:00,3.13,3.0393321472861343
2018-08-02 01:15:00,2.88,3.0393321472861343
2018-08-02 01:30:00,2.7,3.0393321472861343
2018-08-02 01:45:00,2.7,3.0393321472861343
2018-08-02 02:00:00,2.7,3.0393321472861343
2018-08-02 02:15:00,2.74,3.0393321472861343
2018-08-02 02:30:00,2.74,3.0679207005811975
2018-08-02 02:45:00,2.7,3.0133035035335665
2018-08-02 03:00:00,2.77,3.0133035035335665
2018-08-02 03:15:00,2.7,3.0155567009915103
2018-08-02 03:30:00,2.77,3.0155567009915103
2018-08-02 03:45:00,2.77,3.0155567009915103
2018-08-02 04:00:00,2.77,3.0155567009915103
2018-08-02 04:15:00,3.17,3.0155567009915103
2018-08-02 04:30:00,3.2,3.0155567009915103
2018-08-02 04:45:00,2.74,3.0155567009915103
2018-08-02 05:00:00,2.77,3.362330886885118
2018-08-02 05:15:00,3.24,3.054261667001149
2018-08-02 05:30:00,2.7,3.041585344744078
2018-08-02 05:45:00,2.66,3.390919440180181
2018-08-02 06:00:00,2.7,3.056821576543644
2018-08-02 06:15:00,2.66,2.913482927498646
2018-08-02 06:30:00,2.7,2.913482927498646
2018-08-02 06:45:00,2.7,2.942071480793709
2018-08-02 07:00:00,2.59,3.0861894080558985
2018-08-02 07:15:00,2.63,3.0861894080558985
2018-08-02 07:30:00,2.7,3.8998417916180443
2018-08-02 07:45:00,2.63,4.445166811667415
2018-08-02 08:00:00,2.59,19.62803409412966
2018-08-02 08:15:00,2.63,30.163794681076325
2018-08-02 08:30:00,2.59,16.261488018521387
2018-08-02 08:45:00,2.77,13.52834182386759
2018-08-02 09:00:00,2.77,9.181483059120035
2018-08-02 09:15:00,2.74,7.444321434433915
2018-08-02 09:30:00,2.7,7.970329990860497
2018-08-02 09:45:00,2.77,7.822394739797058
2018-08-02 10:00:00,2.81,7.927430220982299
2018-08-02 10:15:00,3.74,7.242129362977654
2018-08-02 10:30:00,3.64,6.971360215259145
2018-08-02 10:45:00,2.74,20.154005301642744
2018-08-02 11:00:00,2.63,6.777524437592737
2018-08-02 11:15:00,2.59,2.6692730420057997
2018-08-02 11:30:00,2.59,2.9191808004876134
2018-08-02 11:45:00,2.59,2.9301923818060733
2018-08-02 12:00:00,2.77,1.2553340067946646
2018-08-02 12:15:00,2.81,0.8822840329642756
2018-08-02 12:30:00,2.88,0.879317026865044
2018-08-02 12:45:00,2.88,2.1946836900554842
2018-08-02 13:00:00,2.81,6.65895937881809
2018-08-02 13:15:00,2.81,8.250825003309764
2018-08-02 13:30:00,2.92,3.979944870622028
2018-08-02 13:45:00,2.95,1.8194934486414074
2018-08-02 14:00:00,2.95,1.503414394087722
2018-08-02 14:15:00,2.95,2.0054579775741455
2018-08-02 14:30:00,2.88,2.123248242103042
2018-08-02 14:45:00,2.95,2.123248242103042
2018-08-02 15:00:00,2.95,1.8194934486414074
2018-08-02 15:15:00,2.88,1.8194934486414074
2018-08-02 15:30:00,3.1,1.8194934486414074
2018-08-02 15:45:00,3.24,1.8194934486414074
2018-08-02 16:00:00,2.92,1.8524284006347174
2018-08-02 16:15:00,3.02,1.4058886770191648
2018-08-02 16:30:00,2.99,1.9450115802489314
2018-08-02 16:45:00,3.49,2.840962153821681
2018-08-02 17:00:00,2.92,2.891930988908485
2018-08-02 17:15:00,2.92,2.8040147316586297
2018-08-02 17:30:00,2.95,2.8899674560883444
2018-08-02 17:45:00,2.95,2.877524877149965
2018-08-02 18:00:00,2.81,3.0927487768060913
2018-08-02 18:15:00,2.88,2.9528357173505095
2018-08-02 18:30:00,2.92,2.989532938823381
2018-08-02 18:45:00,2.95,2.573008015704409
2018-08-02 19:00:00,2.95,2.9056494227252587
2018-08-02 19:15:00,2.95,3.4795658552586692
2018-08-02 19:30:00,2.95,2.9056494227252587
2018-08-02 19:45:00,3.42,3.183375572434326
2018-08-02 20:00:00,3.28,3.7572920049677365
2018-08-02 20:15:00,2.95,3.0645680888239664
2018-08-02 20:30:00,2.99,3.1460342789622695
2018-08-02 20:45:00,3.06,2.7807414475638605
2018-08-02 21:00:00,3.06,2.770751076493548
2018-08-02 21:15:00,3.02,2.7993396297886113
2018-08-02 21:30:00,3.42,3.076023548682418
2018-08-02 21:45:00,3.42,3.0474349953873547
2018-08-02 22:00:00,2.95,3.2472118422693423
2018-08-02 22:15:00,2.81,3.2572022133396548
2018-08-02 22:30:00,2.81,3.0423001728053425
2018-08-02 22:45:00,2.81,3.03230980173503
2018-08-02 23:00:00,2.84,3.0679207005811975
2018-08-02 23:15:00,2.81,3.0679207005811975
2018-08-02 23:30:00,2.81,3.0393321472861343
2018-08-02 23:45:00,2.84,3.0393321472861343
2018-08-03 00:00:00,2.81,2.9016430381209037
2018-08-03 00:15:00,3.02,2.9016430381209037
2018-08-03 00:30:00,3.35,2.9016430381209037
2018-08-03 00:45:00,2.84,2.9016430381209037
2018-08-03 01:00:00,2.84,3.101419885002892
2018-08-03 01:15:00,2.88,2.911633409191216
2018-08-03 01:30:00,2.99,2.9016430381209037
2018-08-03 01:45:00,2.88,2.9016430381209037
2018-08-03 02:00:00,2.88,2.930231591415967
2018-08-03 02:15:00,3.17,2.9016430381209037
2018-08-03 02:30:00,3.2,2.9016430381209037
2018-08-03 02:45:00,2.84,2.9016430381209037
2018-08-03 03:00:00,2.84,3.137168177890333
2018-08-03 03:15:00,2.81,2.916572557835919
2018-08-03 03:30:00,2.88,2.9038962355788485
2018-08-03 03:45:00,2.84,2.9324847888739116
2018-08-03 04:00:00,2.84,2.9324847888739116
2018-08-03 04:15:00,2.84,2.9038962355788485
2018-08-03 04:30:00,2.84,2.9038962355788485
2018-08-03 04:45:00,3.31,2.9038962355788485
2018-08-03 05:00:00,2.92,2.9038962355788485
2018-08-03 05:15:00,2.88,3.2048865733203797
2018-08-03 05:30:00,2.81,2.916572557835919
2018-08-03 05:45:00,2.81,2.9038962355788485
2018-08-03 06:00:00,2.84,2.9038962355788485
2018-08-03 06:15:00,2.84,2.881334389400944
2018-08-03 06:30:00,2.88,2.852745836105881
2018-08-03 06:45:00,2.81,2.852745836105881
2018-08-03 07:00:00,2.77,2.852745836105881
2018-08-03 07:15:00,2.84,2.852745836105881
2018-08-03 07:30:00,3.31,3.4351202249856616
2018-08-03 07:45:00,3.24,3.9804452450350234
2018-08-03 08:00:00,2.84,22.92434518340616
2018-08-03 08:15:00,2.74,42.00941891681518
2018-08-03 08:30:00,2.77,11.660028244116313
2018-08-03 08:45:00,2.99,9.187118514853951
2018-08-03 09:00:00,3.2,7.976681043669506
2018-08-03 09:15:00,3.53,7.342523008533931
2018-08-03 09:30:00,3.06,7.26793426797173
2018-08-03 09:45:00,2.88,7.387466725345814
2018-08-03 10:00:00,2.84,7.403646325990307
2018-08-03 10:15:00,2.84,6.47018465999458
2018-08-03 10:30:00,2.88,5.92986072969077
2018-08-03 10:45:00,2.84,6.680707435996771
2018-08-03 11:00:00,2.77,6.304770426466094
2018-08-03 11:15:00,2.7,2.3024974266225935
2018-08-03 11:30:00,2.74,2.6462615580087463
2018-08-03 11:45:00,2.81,2.9269547138170453
2018-08-03 12:00:00,2.95,0.9538262110207332
2018-08-03 12:15:00,2.99,0.6093647904854094
2018-08-03 12:30:00,3.06,0.589677131954042
2018-08-03 12:45:00,2.99,1.9050437951444839
2018-08-03 13:00:00,3.02,6.386040136339223
2018-08-03 13:15:00,3.2,8.255631910539963
2018-08-03 13:30:00,3.64,3.9847517778522303
2018-08-03 13:45:00,3.24,2.014144753449076
2018-08-03 14:00:00,2.99,1.7464089748103213
2018-08-03 14:15:00,2.99,1.7464089748103213
2018-08-03 14:30:00,2.99,1.5565645772328518
2018-08-03 14:45:00,2.95,1.475401832132195
2018-08-03 15:00:00,3.02,1.475401832132195
2018-08-03 15:15:00,3.02,1.5378981289496316
2018-08-03 15:30:00,3.1,2.2667751933884746
2018-08-03 15:45:00,2.95,1.105407719309196
2018-08-03 16:00:00,2.95,1.4175431722635843
2018-08-03 16:15:00,3.35,1.0042223452468266
2018-08-03 16:30:00,3.35,1.6360733229471847
2018-08-03 16:45:00,2.99,2.7459305499261886
2018-08-03 17:00:00,2.92,2.7568058783305713
2018-08-03 17:15:00,3.02,3.1519945967229996
2018-08-03 17:30:00,2.95,2.8648850476613337
2018-08-03 17:45:00,2.99,2.819347695299695
2018-08-03 18:00:00,2.92,2.819347695299695
2018-08-03 18:15:00,2.77,2.8174616265046164
2018-08-03 18:30:00,2.92,2.8174616265046164
2018-08-03 18:45:00,2.99,3.4420642550324234
2018-08-03 19:00:00,2.95,2.778319907098593
2018-08-03 19:15:00,2.99,2.778319907098593
2018-08-03 19:30:00,2.92,2.778319907098593
2018-08-03 19:45:00,2.99,3.1643325887312512
2018-08-03 20:00:00,2.99,3.054696171577988
2018-08-03 20:15:00,3.2,3.250254273579189
2018-08-03 20:30:00,3.6,2.67866240915125
2018-08-03 20:45:00,3.02,3.0261834621984938
2018-08-03 21:00:00,3.06,3.036173833268806
2018-08-03 21:15:00,3.42,2.9470080205624214
2018-08-03 21:30:00,3.42,2.909745886222124
2018-08-03 21:45:00,3.02,3.1381112863991754
2018-08-03 22:00:00,2.88,3.148101657469488
2018-08-03 22:15:00,2.81,2.9197362572924366
2018-08-03 22:30:00,2.81,2.877900040137664
2018-08-03 22:45:00,2.74,2.9232092458648635
2018-08-03 23:00:00,2.81,2.930231591415967
2018-08-03 23:15:00,2.7,2.9016430381209037
2018-08-03 23:30:00,2.74,2.9016430381209037
2018-08-03 23:45:00,2.81,2.9016430381209037
2018-08-04 00:00:00,2.77,2.9016430381209037
2018-08-04 00:15:00,2.74,2.9016430381209037
2018-08-04 00:30:00,2.77,2.9016430381209037
2018-08-04 00:45:00,2.84,2.9016430381209037
2018-08-04 01:00:00,2.84,2.9016430381209037
2018-08-04 01:15:00,2.99,2.9016430381209037
2018-08-04 01:30:00,3.42,2.9016430381209037
2018-08-04 01:45:00,3.17,2.9016430381209037
2018-08-04 02:00:00,3.28,3.101419885002892
2018-08-04 02:15:00,2.84,2.911633409191216
2018-08-04 02:30:00,2.84,3.10464191165355
2018-08-04 02:45:00,2.84,2.911633409191216
2018-08-04 03:00:00,2.88,2.9135109389838307
2018-08-04 03:15:00,2.81,2.9324847888739116
2018-08-04 03:30:00,2.84,2.9157641364417755
2018-08-04 03:45:00,2.81,2.8871755831467123
2018-08-04 04:00:00,2.84,2.9038962355788485
2018-08-04 04:15:00,2.84,2.8871755831467123
2018-08-04 04:30:00,2.84,2.8871755831467123
2018-08-04 04:45:00,2.88,2.8871755831467123
2018-08-04 05:00:00,2.84,2.9038962355788485
2018-08-04 05:15:00,2.88,2.9038962355788485
2018-08-04 05:30:00,2.84,2.9038962355788485
2018-08-04 05:45:00,2.81,2.9038962355788485
2018-08-04 06:00:00,2.84,2.9038962355788485
2018-08-04 06:15:00,2.81,2.852745836105881
2018-08-04 06:30:00,3.24,2.852745836105881
2018-08-04 06:45:00,2.99,2.852745836105881
2018-08-04 07:00:00,2.77,3.1537361738474123
2018-08-04 07:15:00,2.77,2.8654221583629518
2018-08-04 07:30:00,3.38,3.010776802539068
2018-08-04 07:45:00,3.17,3.0803953559513504
2018-08-04 08:00:00,2.77,18.01368224257365
2018-08-04 08:15:00,2.77,18.632460247462507
2018-08-04 08:30:00,2.59,5.5672473258992765
2018-08-04 08:45:00,2.81,3.94025740546821
2018-08-04 09:00:00,2.88,3.770465671651311
2018-08-04 09:15:00,2.81,3.345112696860143
2018-08-04 09:30:00,2.77,3.6210968768640868
2018-08-04 09:45:00,2.81,2.8841752372060143
2018-08-04 10:00:00,2.77,2.8841752372060143
2018-08-04 10:15:00,2.74,3.7342574740668986
2018-08-04 10:30:00,2.88,3.5798413580005866
2018-08-04 10:45:00,3.2,2.0138383368558834
2018-08-04 11:00:00,2.56,2.155405271494883
2018-08-04 11:15:00,2.63,1.9085812127814292
2018-08-04 11:30:00,2.56,1.8497466670063307
2018-08-04 11:45:00,2.59,2.5683963730329697
2018-08-04 12:00:00,2.7,2.2563093991529835
2018-08-04 12:15:00,2.81,1.9237158794805862
2018-08-04 12:30:00,2.92,1.8401230054029636
2018-08-04 12:45:00,2.81,3.155489668593403
2018-08-04 13:00:00,2.81,3.950986047837584
2018-08-04 13:15:00,2.74,3.180793862972255
2018-08-04 13:30:00,2.77,2.836081990400937
2018-08-04 13:45:00,2.74,2.5513198394192305
2018-08-04 14:00:00,3.17,3.215787234738806
2018-08-04 14:15:00,3.35,2.9988869047440665
2018-08-04 14:30:00,2.88,3.2068434538753428
2018-08-04 14:45:00,2.84,3.045516069573495
2018-08-04 15:00:00,3.38,3.3033240779555824
2018-08-04 15:15:00,2.81,2.947317799431417
2018-08-04 15:30:00,2.74,3.933697517198834
2018-08-04 15:45:00,2.74,2.856985965853432
2018-08-04 16:00:00,2.77,2.871885971557201
2018-08-04 16:15:00,2.74,1.5111857194953107
2018-08-04 16:30:00,2.81,2.7918457366673435
2018-08-04 16:45:00,2.74,2.8032475551824305
2018-08-04 17:00:00,2.74,2.8032475551824305
2018-08-04 17:15:00,2.74,2.8032475551824305
2018-08-04 17:30:00,2.7,2.776490697440563
2018-08-04 17:45:00,2.74,2.774038489572496
2018-08-04 18:00:00,2.66,2.774038489572496
2018-08-04 18:15:00,2.74,2.9882504084811483
2018-08-04 18:30:00,2.88,2.9882504084811483
2018-08-04 18:45:00,2.88,2.949108689075125
2018-08-04 19:00:00,2.88,2.949108689075125
2018-08-04 19:15:00,2.88,2.949108689075125
2018-08-04 19:30:00,2.84,2.949108689075125
2018-08-04 19:45:00,3.2,2.9323880366429886
2018-08-04 20:00:00,3.17,2.9323880366429886
2018-08-04 20:15:00,2.92,3.091306702741698
2018-08-04 20:30:00,2.99,2.905268802318245
2018-08-04 20:45:00,2.95,2.937017649492109
2018-08-04 21:00:00,2.95,2.920296997059973
2018-08-04 21:15:00,2.92,2.948885550355036
2018-08-04 21:30:00,3.06,2.921613787085051
2018-08-04 21:45:00,3.53,2.893025233789988
2018-08-04 22:00:00,3.06,2.893025233789988
2018-08-04 22:15:00,2.74,3.092802080671976
2018-08-04 22:30:00,2.81,2.8878904112079766
2018-08-04 22:45:00,2.74,2.8946206925698004
2018-08-04 23:00:00,2.74,2.9016430381209037
2018-08-04 23:15:00,2.7,2.930231591415967
2018-08-04 23:30:00,2.74,2.9016430381209037
2018-08-04 23:45:00,2.7,2.9016430381209037
2018-08-05 00:00:00,3.1,2.9334206473923095
2018-08-05 00:15:00,3.06,2.9334206473923095
2018-08-05 00:30:00,2.81,2.9334206473923095
2018-08-05 00:45:00,2.77,2.9334206473923095
2018-08-05 01:00:00,2.77,2.9334206473923095
2018-08-05 01:15:00,2.77,2.9334206473923095
2018-08-05 01:30:00,2.81,2.9334206473923095
2018-08-05 01:45:00,2.77,2.9334206473923095
2018-08-05 02:00:00,2.81,2.9334206473923095
2018-08-05 02:15:00,2.81,2.9334206473923095
2018-08-05 02:30:00,2.81,2.9166999949601733
2018-08-05 02:45:00,2.84,2.9334206473923095
2018-08-05 03:00:00,2.84,2.9166999949601733
2018-08-05 03:15:00,2.81,2.918953192418118
2018-08-05 03:30:00,2.88,2.918953192418118
2018-08-05 03:45:00,3.2,2.918953192418118
2018-08-05 04:00:00,3.49,2.918953192418118
2018-08-05 04:15:00,2.92,3.2366641825917855
2018-08-05 04:30:00,2.81,3.249340504848856
2018-08-05 04:45:00,2.99,2.948350167107325
2018-08-05 05:00:00,3.2,2.918953192418118
2018-08-05 05:15:00,2.84,2.947541745713181
2018-08-05 05:30:00,2.81,3.2485320834547124
2018-08-05 05:45:00,2.81,2.948350167107325
2018-08-05 06:00:00,2.74,2.918953192418118
2018-08-05 06:15:00,2.84,2.8845234453772868
2018-08-05 06:30:00,2.81,2.91311199867235
2018-08-05 06:45:00,2.77,2.8845234453772868
2018-08-05 07:00:00,2.74,2.8845234453772868
2018-08-05 07:15:00,2.77,2.8845234453772868
2018-08-05 07:30:00,2.7,3.0425544118104737
2018-08-05 07:45:00,2.77,3.112172965222756
2018-08-05 08:00:00,2.74,9.562640959784032
2018-08-05 08:15:00,2.74,11.055764479492195
2018-08-05 08:30:00,2.77,3.0000324824454703
2018-08-05 08:45:00,2.99,3.9947622037999184
2018-08-05 09:00:00,3.06,3.9947622037999184
2018-08-05 09:15:00,3.02,3.6702608358591506
2018-08-05 09:30:00,3.1,3.7798972530124146
2018-08-05 09:45:00,3.67,3.6702608358591506
2018-08-05 10:00:00,3.42,3.5396771086676226
2018-08-05 10:15:00,3.6,3.9530209981577475
2018-08-05 10:30:00,3.06,3.7352017287186965
2018-08-05 10:45:00,2.95,3.79374762286772
2018-08-05 11:00:00,2.84,3.4104008063029614
2018-08-05 11:15:00,2.84,3.2804228774530024
2018-08-05 11:30:00,2.81,2.621604608677873
2018-08-05 11:45:00,2.81,2.5827317575442748
2018-08-05 12:00:00,2.95,2.2420562303692253
2018-08-05 12:15:00,2.95,1.8975948098339026
2018-08-05 12:30:00,2.99,1.8946278037346709
2018-08-05 12:45:00,2.92,3.20999446692511
2018-08-05 13:00:00,2.99,3.765270701824499
2018-08-05 13:15:00,2.92,4.364147058923317
2018-08-05 13:30:00,2.99,4.181805515767516
2018-08-05 13:45:00,3.06,3.730398972088964
2018-08-05 14:00:00,2.92,3.730398972088964
2018-08-05 14:15:00,2.95,3.730398972088964
2018-08-05 14:30:00,3.17,3.6207625549357
2018-08-05 14:45:00,3.17,3.730398972088964
2018-08-05 15:00:00,3.17,3.490178827744172
2018-08-05 15:15:00,3.13,3.730398972088964
2018-08-05 15:30:00,3.13,3.730398972088964
2018-08-05 15:45:00,3.17,3.730398972088964
2018-08-05 16:00:00,3.2,3.7840575598726787
2018-08-05 16:15:00,3.49,2.6408377456088727
2018-08-05 16:30:00,3.67,3.102211613474916
2018-08-05 16:45:00,3.35,3.0634484863966804
2018-08-05 17:00:00,3.6,3.0220234346960146
2018-08-05 17:15:00,3.13,3.0220234346960146
2018-08-05 17:30:00,3.1,3.0791325787881734
2018-08-05 17:45:00,3.1,2.932789373430048
2018-08-05 18:00:00,2.81,2.9227990023597354
2018-08-05 18:15:00,2.74,3.1202902688362517
2018-08-05 18:30:00,2.92,3.1202902688362517
2018-08-05 18:45:00,3.06,3.081148549430228
2018-08-05 19:00:00,3.06,3.052559996135165
2018-08-05 19:15:00,3.1,3.052559996135165
2018-08-05 19:30:00,3.1,3.052559996135165
2018-08-05 19:45:00,3.06,3.052559996135165
2018-08-05 20:00:00,3.13,3.052559996135165
2018-08-05 20:15:00,3.1,3.052559996135165
2018-08-05 20:30:00,3.1,3.015450390740109
2018-08-05 20:45:00,3.1,3.040468956552149
2018-08-05 21:00:00,3.13,2.9687952587635147
2018-08-05 21:15:00,3.13,2.9687952587635147
2018-08-05 21:30:00,3.17,2.970112048788593
2018-08-05 21:45:00,3.2,2.94152349549353
2018-08-05 22:00:00,3.53,2.94152349549353
2018-08-05 22:15:00,2.84,3.141300342375518
2018-08-05 22:30:00,3.31,3.2197071184450676
2018-08-05 22:45:00,3.06,3.036650923995216
2018-08-05 23:00:00,2.74,3.233459745357995
2018-08-05 23:15:00,2.77,3.0436732695463196
2018-08-05 23:30:00,2.74,3.033682898476007
2018-08-05 23:45:00,2.63,2.9334206473923095
2018-08-06 00:00:00,2.66,3.3641057129331777
2018-08-06 00:15:00,2.66,3.3355171596381146
2018-08-06 00:30:00,2.63,3.3355171596381146
2018-08-06 00:45:00,2.66,3.3355171596381146
2018-08-06 01:00:00,2.66,3.3355171596381146
2018-08-06 01:15:00,2.66,3.3355171596381146
2018-08-06 01:30:00,2.74,3.3355171596381146
2018-08-06 01:45:00,2.7,3.3355171596381146
2018-08-06 02:00:00,2.66,3.3355171596381146
2018-08-06 02:15:00,3.1,3.3355171596381146
2018-08-06 02:30:00,2.92,3.3355171596381146
2018-08-06 02:45:00,2.59,3.3355171596381146
2018-08-06 03:00:00,2.63,3.3355171596381146
2018-08-06 03:15:00,2.63,3.3117417133434905
2018-08-06 03:30:00,2.74,3.3117417133434905
2018-08-06 03:45:00,2.74,3.3117417133434905
2018-08-06 04:00:00,2.63,3.3117417133434905
2018-08-06 04:15:00,2.7,3.3117417133434905
2018-08-06 04:30:00,3.24,3.3117417133434905
2018-08-06 04:45:00,2.81,3.3117417133434905
2018-08-06 05:00:00,2.63,3.658515899237098
2018-08-06 05:15:00,2.59,3.3244180356005613
2018-08-06 05:30:00,2.63,3.3117417133434905
2018-08-06 05:45:00,2.56,3.3117417133434905
2018-08-06 06:00:00,2.59,3.3403302666385537
2018-08-06 06:15:00,2.59,3.2096679398506263
2018-08-06 06:30:00,2.59,3.235696583603194
2018-08-06 06:45:00,2.77,3.235696583603194
2018-08-06 07:00:00,4.14,3.3823744204078787
2018-08-06 07:15:00,4.0,3.3823744204078787
2018-08-06 07:30:00,3.96,5.010476183748129
2018-08-06 07:45:00,3.56,6.1150594260058595
2018-08-06 08:00:00,26.78,25.65246103010841
2018-08-06 08:15:00,58.14,49.95155042608008
2018-08-06 08:30:00,79.49,63.98193567743702
2018-08-06 08:45:00,83.81,67.60737691874722
2018-08-06 09:00:00,109.22,79.49030108549077
2018-08-06 09:15:00,79.81,78.47124550499254
2018-08-06 09:30:00,93.28,91.2818886861177
2018-08-06 09:45:00,102.24,85.45903035252175
2018-08-06 10:00:00,49.03,85.98226261907081
2018-08-06 10:15:00,57.89,99.21302450383207
2018-08-06 10:30:00,58.9,70.77290792115618
2018-08-06 10:45:00,64.4,67.43619896511942
2018-08-06 11:00:00,106.56,61.76626857832882
2018-08-06 11:15:00,88.52,65.7147260928404
2018-08-06 11:30:00,90.18,87.5390880006958
2018-08-06 11:45:00,103.9,63.15897100690463
2018-08-06 12:00:00,6.84,10.472996785852803
2018-08-06 12:15:00,6.12,16.461761275094812
2018-08-06 12:30:00,6.05,7.68855697088275
2018-08-06 12:45:00,5.87,7.993293196052086
2018-08-06 13:00:00,53.64,36.13797773652081
2018-08-06 13:15:00,97.67,85.04269193175679
2018-08-06 13:30:00,98.93,84.1373421985
2018-08-06 13:45:00,85.9,94.75742111504206
2018-08-06 14:00:00,49.07,100.15402070205465
2018-08-06 14:15:00,55.84,86.60213425227496
2018-08-06 14:30:00,43.42,62.62851745099394
2018-08-06 14:45:00,39.24,63.12773688524289
2018-08-06 15:00:00,39.38,52.55456629366364
2018-08-06 15:15:00,46.51,52.175304134203586
2018-08-06 15:30:00,50.94,49.80630988371698
2018-08-06 15:45:00,49.61,54.27188045706231
2018-08-06 16:00:00,53.86,59.715746322652976
2018-08-06 16:15:00,49.82,56.14742954849782
2018-08-06 16:30:00,55.33,57.31348842668763
2018-08-06 16:45:00,52.67,55.13790891899531
2018-08-06 17:00:00,91.48,55.45322086518761
2018-08-06 17:15:00,98.21,55.18966559026572
2018-08-06 17:30:00,30.89,55.57763590760173
2018-08-06 17:45:00,31.18,43.616707108368075
2018-08-06 18:00:00,85.72,49.538871436212446
2018-08-06 18:15:00,72.97,65.97763909039894
2018-08-06 18:30:00,55.76,84.0579182614483
2018-08-06 18:45:00,96.12,73.40283546492314
2018-08-06 19:00:00,99.18,66.93520479623093
2018-08-06 19:15:00,86.98,80.35967449085032
2018-08-06 19:30:00,113.65,92.35136275307822
2018-08-06 19:45:00,74.09,84.60248291824587
2018-08-06 20:00:00,91.73,87.96315471090347
2018-08-06 20:15:00,118.12,79.94380904379818
2018-08-06 20:30:00,48.92,70.1115279974662
2018-08-06 20:45:00,43.6,56.78360463479443
2018-08-06 21:00:00,8.17,25.878293184444072
2018-08-06 21:15:00,4.9,23.60705766520086
2018-08-06 21:30:00,4.03,6.2480221311683914
2018-08-06 21:45:00,3.96,5.798801717622867
2018-08-06 22:00:00,3.82,4.1553946762082274
2018-08-06 22:15:00,3.46,3.854538306011173
2018-08-06 22:30:00,3.35,4.228726855376864
2018-08-06 22:45:00,2.84,3.863682269206157
2018-08-06 23:00:00,2.81,3.9088768332076795
2018-08-06 23:15:00,2.7,3.5388075274691966
2018-08-06 23:30:00,3.2,3.528817156398884
2018-08-06 23:45:00,2.88,3.528817156398884
2018-08-07 00:00:00,2.77,3.6292113565513886
2018-08-07 00:15:00,2.88,3.41083632744465
2018-08-07 00:30:00,2.84,3.4008459563743374
2018-08-07 00:45:00,2.81,3.4008459563743374
2018-08-07 01:00:00,2.74,3.4294345096694006
2018-08-07 01:15:00,3.06,3.4008459563743374
2018-08-07 01:30:00,2.99,3.4008459563743374
2018-08-07 01:45:00,2.99,3.4008459563743374
2018-08-07 02:00:00,2.99,3.2925599104716117
2018-08-07 02:15:00,2.92,3.2925599104716117
2018-08-07 02:30:00,3.02,3.2925599104716117
2018-08-07 02:45:00,3.24,3.2925599104716117
2018-08-07 03:00:00,3.31,3.2925599104716117
2018-08-07 03:15:00,3.2,3.6415872938231635
2018-08-07 03:30:00,3.74,3.6282349723276663
2018-08-07 03:45:00,3.53,3.654263616080234
2018-08-07 04:00:00,3.24,3.654263616080234
2018-08-07 04:15:00,3.24,3.6568235256227295
2018-08-07 04:30:00,3.6,3.839265701999601
2018-08-07 04:45:00,3.74,3.7627856381655946
2018-08-07 05:00:00,3.24,3.7627856381655946
2018-08-07 05:15:00,3.17,3.7367569944130268
2018-08-07 05:30:00,3.2,3.7627856381655946
2018-08-07 05:45:00,3.2,3.459482576938515
2018-08-07 06:00:00,3.17,3.750109315908524
2018-08-07 06:15:00,3.17,3.66071186467273
2018-08-07 06:30:00,3.17,3.313937678779123
2018-08-07 06:45:00,3.38,3.301261356522052
2018-08-07 07:00:00,3.13,3.4739678370793046
2018-08-07 07:15:00,3.31,3.8207420229729117
2018-08-07 07:30:00,3.89,4.56347965151557
2018-08-07 07:45:00,5.54,5.989484435152764
2018-08-07 08:00:00,66.31,54.858091379169586
2018-08-07 08:15:00,93.71,82.79743960649802
2018-08-07 08:30:00,79.52,92.06739867219042
2018-08-07 08:45:00,86.33,92.55063923415304
2018-08-07 09:00:00,86.8,91.17391683089932
2018-08-07 09:15:00,58.46,79.84802263575246
2018-08-07 09:30:00,65.45,73.80754417596077
2018-08-07 09:45:00,108.32,66.81018585835672
2018-08-07 10:00:00,101.59,66.74530495583063
2018-08-07 10:15:00,83.41,86.29253796038533
2018-08-07 10:30:00,112.21,93.72627174255163
2018-08-07 10:45:00,87.01,88.80425548711474
2018-08-07 11:00:00,96.23,93.44448062406752
2018-08-07 11:15:00,82.84,92.56263440292814
2018-08-07 11:30:00,95.87,81.93520819608493
2018-08-07 11:45:00,94.18,84.90253242708627
2018-08-07 12:00:00,10.87,13.043701485600385
2018-08-07 12:15:00,5.98,8.2666326610545
2018-08-07 12:30:00,5.8,5.357612745374485
2018-08-07 12:45:00,5.98,6.252098943746107
2018-08-07 13:00:00,62.64,71.22865419822041
2018-08-07 13:15:00,99.79,88.99842246137833
2018-08-07 13:30:00,103.61,84.23188863171066
2018-08-07 13:45:00,58.54,90.43893079394553
2018-08-07 14:00:00,58.75,93.7377819413233
2018-08-07 14:15:00,50.94,71.32929647262034
2018-08-07 14:30:00,43.49,63.63115564171944
2018-08-07 14:45:00,42.84,66.32591664510362
2018-08-07 15:00:00,49.93,54.422955456453664
2018-08-07 15:15:00,54.11,50.853105339882845
2018-08-07 15:30:00,52.02,59.40296647055198
2018-08-07 15:45:00,56.84,58.25860052647039
2018-08-07 16:00:00,59.4,58.40973139076669
2018-08-07 16:15:00,58.75,54.15685351193399
2018-08-07 16:30:00,47.92,55.563822239255074
2018-08-07 16:45:00,87.19,53.45031715268016
2018-08-07 17:00:00,72.25,48.712081648504636
2018-08-07 17:15:00,104.76,69.18594240034358
2018-08-07 17:30:00,30.31,46.18123343560913
2018-08-07 17:45:00,30.42,43.13998590215559
2018-08-07 18:00:00,75.28,39.22674786405427
2018-08-07 18:15:00,77.22,62.037773000739435
2018-08-07 18:30:00,48.06,92.79975135478828
2018-08-07 18:45:00,49.68,81.70487804531027
2018-08-07 19:00:00,51.73,57.030724157675124
2018-08-07 19:15:00,51.88,54.379024504735895
2018-08-07 19:30:00,47.34,55.30623936638959
2018-08-07 19:45:00,47.59,55.13160058860429
2018-08-07 20:00:00,48.35,51.747516477295825
2018-08-07 20:15:00,50.29,51.89912901415369
2018-08-07 20:30:00,50.0,48.113986998612624
2018-08-07 20:45:00,30.13,37.34044630312783
2018-08-07 21:00:00,26.42,16.353252547921436
2018-08-07 21:15:00,15.52,15.24642820994275
2018-08-07 21:30:00,4.14,15.291214046541267
2018-08-07 21:45:00,4.0,8.412813101245952
2018-08-07 22:00:00,3.82,3.673850001517524
2018-08-07 22:15:00,3.56,3.8464257836868416
2018-08-07 22:30:00,3.06,3.8382493276925644
2018-08-07 22:45:00,2.88,3.6756505067371252
2018-08-07 23:00:00,2.88,3.482896005406241
2018-08-07 23:15:00,2.88,3.4294345096694006
2018-08-07 23:30:00,2.81,3.4294345096694006
2018-08-07 23:45:00,2.84,3.4294345096694006
2018-08-08 00:00:00,2.92,3.4008459563743374
2018-08-08 00:15:00,3.46,3.4008459563743374
2018-08-08 00:30:00,3.02,3.4008459563743374
2018-08-08 00:45:00,3.13,3.6006228032563254
2018-08-08 01:00:00,3.31,3.41083632744465
2018-08-08 01:15:00,3.17,3.4008459563743374
2018-08-08 01:30:00,3.17,3.6006228032563254
2018-08-08 01:45:00,3.13,3.439424880739713
2018-08-08 02:00:00,3.2,3.4008459563743374
2018-08-08 02:15:00,3.28,3.3928221615553094
2018-08-08 02:30:00,3.2,3.524147337299321
2018-08-08 02:45:00,3.67,3.5341377083696335
2018-08-08 03:00:00,3.28,3.6124478227584924
2018-08-08 03:15:00,3.17,3.7627856381655946
2018-08-08 03:30:00,3.2,3.7627856381655946
2018-08-08 03:45:00,3.17,3.459482576938515
2018-08-08 04:00:00,3.13,3.750109315908524
2018-08-08 04:15:00,3.17,3.416011452271987
2018-08-08 04:30:00,3.17,3.4033351300149164
2018-08-08 04:45:00,3.13,3.4033351300149164
2018-08-08 05:00:00,3.17,3.4033351300149164
2018-08-08 05:15:00,3.17,3.4033351300149164
2018-08-08 05:30:00,3.17,3.4033351300149164
2018-08-08 05:45:00,3.53,3.4033351300149164
2018-08-08 06:00:00,3.74,3.4033351300149164
2018-08-08 06:15:00,3.17,3.648035542415659
2018-08-08 06:30:00,3.1,3.66071186467273
2018-08-08 06:45:00,3.13,3.313937678779123
2018-08-08 07:00:00,3.2,3.5073378381050246
2018-08-08 07:15:00,4.07,3.4739678370793046
2018-08-08 07:30:00,5.18,4.897577515152104
2018-08-08 07:45:00,4.82,6.205839748846416
2018-08-08 08:00:00,34.99,43.70178356188758
2018-08-08 08:15:00,53.14,58.89221320422462
2018-08-08 08:30:00,64.91,66.99703573150522
2018-08-08 08:45:00,59.44,72.58151549904325
2018-08-08 09:00:00,84.56,75.83812087840651
2018-08-08 09:15:00,56.38,60.89060013770367
2018-08-08 09:30:00,63.5,76.0195006674927
2018-08-08 09:45:00,103.93,59.93163172682413
2018-08-08 10:00:00,87.08,63.282890960511544
2018-08-08 10:15:00,90.61,81.189447348608
2018-08-08 10:30:00,91.08,85.01659424263522
2018-08-08 10:45:00,106.99,82.27634974748547
2018-08-08 11:00:00,93.85,85.80465476053998
2018-08-08 11:15:00,76.1,91.27115882919294
2018-08-08 11:30:00,117.68,96.2139981012917
2018-08-08 11:45:00,95.65,78.0782925075996
2018-08-08 12:00:00,7.24,25.267879507922217
2018-08-08 12:15:00,5.0,21.033493393285077
2018-08-08 12:30:00,4.93,4.9315331882078155
2018-08-08 12:45:00,4.93,6.414654920499107
2018-08-08 13:00:00,44.42,44.1421975064745
2018-08-08 13:15:00,123.16,64.95457065196844
2018-08-08 13:30:00,85.68,66.43433631187236
2018-08-08 13:45:00,93.92,97.048173717564
2018-08-08 14:00:00,104.0,86.58129911688523
2018-08-08 14:15:00,79.56,83.41739821116275
2018-08-08 14:30:00,115.67,95.9222397687935
2018-08-08 14:45:00,81.68,84.0031857229826
2018-08-08 15:00:00,115.74,89.67161730390804
2018-08-08 15:15:00,111.38,89.36870585110297
2018-08-08 15:30:00,69.23,87.29645941314577
2018-08-08 15:45:00,50.33,95.06597394826157
2018-08-08 16:00:00,45.86,84.36930056727077
2018-08-08 16:15:00,60.73,62.074020660201334
2018-08-08 16:30:00,42.73,56.155122360533454
2018-08-08 16:45:00,50.26,60.1579765808377
2018-08-08 17:00:00,49.43,44.11790643869774
2018-08-08 17:15:00,37.69,51.0676354095307
2018-08-08 17:30:00,30.96,34.76093724814924
2018-08-08 17:45:00,32.08,31.968936107532134
2018-08-08 18:00:00,38.34,42.95960818698966
2018-08-08 18:15:00,47.38,52.82458468335659
2018-08-08 18:30:00,49.79,48.3131902418929
2018-08-08 18:45:00,52.56,53.06050201850058
2018-08-08 19:00:00,44.35,53.57346017936701
2018-08-08 19:15:00,64.44,55.60224007606886
2018-08-08 19:30:00,53.42,47.311256975652796
2018-08-08 19:45:00,111.06,64.13786488439976
2018-08-08 20:00:00,53.86,55.93091225567374
2018-08-08 20:15:00,94.14,83.61157319512544
2018-08-08 20:30:00,70.63,56.59318866609528
2018-08-08 20:45:00,22.0,40.42557649006821
2018-08-08 21:00:00,7.16,23.499911166472664
2018-08-08 21:15:00,4.18,4.110493457274708
2018-08-08 21:30:00,3.89,7.50128778373776
2018-08-08 21:45:00,3.85,3.911043417983311
2018-08-08 22:00:00,3.71,3.533927169833999
2018-08-08 22:15:00,3.24,3.6907757003894495
2018-08-08 22:30:00,2.7,3.6756505067371252
2018-08-08 22:45:00,2.66,3.6756505067371252
2018-08-08 23:00:00,2.59,3.482896005406241
2018-08-08 23:15:00,2.56,3.4294345096694006
2018-08-08 23:30:00,2.56,3.4294345096694006
2018-08-08 23:45:00,2.66,3.4294345096694006
2018-08-09 00:00:00,3.17,3.4008459563743374
2018-08-09 00:15:00,2.84,3.4008459563743374
2018-08-09 00:30:00,2.7,3.4008459563743374
2018-08-09 00:45:00,2.74,3.4008459563743374
2018-08-09 01:00:00,2.77,3.4008459563743374
2018-08-09 01:15:00,2.77,3.4008459563743374
2018-08-09 01:30:00,2.74,3.357760811880766
2018-08-09 01:45:00,2.74,3.2925599104716117
2018-08-09 02:00:00,2.99,3.2925599104716117
2018-08-09 02:15:00,3.2,3.2925599104716117
2018-08-09 02:30:00,2.77,3.2925599104716117
2018-08-09 02:45:00,2.81,3.46953014025169
2018-08-09 03:00:00,2.74,3.2765216377893562
2018-08-09 03:15:00,2.77,3.2687844641769885
2018-08-09 03:30:00,2.77,3.2687844641769885
2018-08-09 03:45:00,2.77,3.2973730174720517
2018-08-09 04:00:00,2.77,3.2687844641769885
2018-08-09 04:15:00,2.81,3.2948131079295564
2018-08-09 04:30:00,2.81,3.2948131079295564
2018-08-09 04:45:00,2.74,3.2687844641769885
2018-08-09 05:00:00,2.77,3.2687844641769885
2018-08-09 05:15:00,3.35,3.2687844641769885
2018-08-09 05:30:00,3.13,3.2687844641769885
2018-08-09 05:45:00,2.74,3.6155586500705956
2018-08-09 06:00:00,2.81,3.2814607864340593
2018-08-09 06:15:00,2.74,3.1927393344366912
2018-08-09 06:30:00,3.24,3.1927393344366912
2018-08-09 06:45:00,2.92,3.1952992439791865
2018-08-09 07:00:00,2.99,3.7408085541826144
2018-08-09 07:15:00,4.07,3.3520934934984465
2018-08-09 07:30:00,4.21,4.41625266342057
2018-08-09 07:45:00,8.21,6.058612760751417
2018-08-09 08:00:00,64.87,30.518968311520197
2018-08-09 08:15:00,98.32,68.12976374544566
2018-08-09 08:30:00,109.98,100.08378799179646
2018-08-09 08:45:00,96.41,99.29022299000177
2018-08-09 09:00:00,73.76,104.28224399336868
2018-08-09 09:15:00,98.86,100.05495037387811
2018-08-09 09:30:00,103.39,88.73637983596299
2018-08-09 09:45:00,110.66,91.93670853697786
2018-08-09 10:00:00,111.67,93.5811451445259
2018-08-09 10:15:00,88.88,93.7086300612249
2018-08-09 10:30:00,111.64,93.663581219611
2018-08-09 10:45:00,72.11,93.43178377228305
2018-08-09 11:00:00,126.29,90.76515615371164
2018-08-09 11:15:00,94.54,90.99225834765785
2018-08-09 11:30:00,103.72,91.73278483996735
2018-08-09 11:45:00,89.39,85.24162151490025
2018-08-09 12:00:00,19.26,18.311034523483784
2018-08-09 12:15:00,4.9,17.65359934809744
2018-08-09 12:30:00,4.79,10.287473857104272
2018-08-09 12:45:00,4.57,6.8846748029102685
2018-08-09 13:00:00,50.72,41.82897105918791
2018-08-09 13:15:00,107.21,68.04420381153865
2018-08-09 13:30:00,72.43,83.03989781010937
2018-08-09 13:45:00,133.06,93.01983694623006
2018-08-09 14:00:00,66.1,85.97338455522319
2018-08-09 14:15:00,42.37,94.58365333362491
2018-08-09 14:30:00,49.18,86.95806249117113
2018-08-09 14:45:00,62.39,60.45183204816652
2018-08-09 15:00:00,44.35,62.23033140805652
2018-08-09 15:15:00,40.0,64.95824307582691
2018-08-09 15:30:00,49.9,49.07244942160198
2018-08-09 15:45:00,67.43,47.33762761195867
2018-08-09 16:00:00,59.8,56.47675915485015
2018-08-09 16:15:00,54.04,65.8616169228244
2018-08-09 16:30:00,46.26,56.87668734645571
2018-08-09 16:45:00,44.96,53.22245979460596
2018-08-09 17:00:00,56.99,43.376910453846605
2018-08-09 17:15:00,44.03,40.89212984070158
2018-08-09 17:30:00,30.53,30.7746299242472
2018-08-09 17:45:00,31.43,30.502029749102483
2018-08-09 18:00:00,51.59,38.721212567716364
2018-08-09 18:15:00,44.6,48.58327633996249
2018-08-09 18:30:00,44.75,57.72041813675672
2018-08-09 18:45:00,49.32,44.80088790381961
2018-08-09 19:00:00,52.78,49.164405381518435
2018-08-09 19:15:00,52.2,52.03351552019903
2018-08-09 19:30:00,49.03,54.86620060239929
2018-08-09 19:45:00,42.73,53.86314777375477
2018-08-09 20:00:00,50.36,53.125659734862964
2018-08-09 20:15:00,49.5,43.821402686228076
2018-08-09 20:30:00,46.55,47.31203092822604
2018-08-09 20:45:00,16.99,17.476844562083592
2018-08-09 21:00:00,10.15,16.436556751620387
2018-08-09 21:15:00,5.98,4.343025238532356
2018-08-09 21:30:00,4.46,7.485267550816639
2018-08-09 21:45:00,3.89,4.3489561259948415
2018-08-09 22:00:00,3.67,3.888171275591447
2018-08-09 22:15:00,3.49,3.6907757003894495
2018-08-09 22:30:00,3.46,3.6756505067371252
2018-08-09 22:45:00,3.24,3.6756505067371252
2018-08-09 23:00:00,2.66,3.682672852288229
2018-08-09 23:15:00,2.63,3.639201727621701
2018-08-09 23:30:00,2.63,3.439424880739713
2018-08-09 23:45:00,2.66,3.4294345096694006
2018-08-10 00:00:00,2.7,3.291745400504171
2018-08-10 00:15:00,2.66,3.291745400504171
2018-08-10 00:30:00,2.7,3.2631568472091077
2018-08-10 00:45:00,2.66,3.2631568472091077
2018-08-10 01:00:00,2.66,3.2631568472091077
2018-08-10 01:15:00,2.7,3.2631568472091077
2018-08-10 01:30:00,2.74,3.2631568472091077
2018-08-10 01:45:00,2.66,3.191483149420473
2018-08-10 02:00:00,2.7,3.154870801306382
2018-08-10 02:15:00,2.7,3.154870801306382
2018-08-10 02:30:00,3.31,3.154870801306382
2018-08-10 02:45:00,2.88,3.154870801306382
2018-08-10 03:00:00,2.66,3.390395941075811
2018-08-10 03:15:00,2.74,3.1530796685892604
2018-08-10 03:30:00,3.06,3.1404033463321896
2018-08-10 03:45:00,2.56,3.1404033463321896
2018-08-10 04:00:00,2.52,3.168991899627253
2018-08-10 04:15:00,2.63,3.1404033463321896
2018-08-10 04:30:00,2.63,3.1404033463321896
2018-08-10 04:45:00,2.59,3.1404033463321896
2018-08-10 05:00:00,2.59,3.1404033463321896
2018-08-10 05:15:00,2.56,3.1404033463321896
2018-08-10 05:30:00,2.56,3.1404033463321896
2018-08-10 05:45:00,2.52,3.1404033463321896
2018-08-10 06:00:00,2.52,3.1404033463321896
2018-08-10 06:15:00,2.66,3.0892529468592222
2018-08-10 06:30:00,2.66,3.0892529468592222
2018-08-10 06:45:00,2.66,3.1059735992913584
2018-08-10 07:00:00,2.59,3.1059735992913584
2018-08-10 07:15:00,3.53,3.0892529468592222
2018-08-10 07:30:00,7.31,3.934810444356043
2018-08-10 07:45:00,6.34,5.34442835453037
2018-08-10 08:00:00,37.4,48.28255959644819
2018-08-10 08:15:00,49.9,65.5482584542288
2018-08-10 08:30:00,55.73,75.39921337423841
2018-08-10 08:45:00,47.84,68.6747869132839
2018-08-10 09:00:00,50.65,64.73127439846907
2018-08-10 09:15:00,55.08,57.00046318571592
2018-08-10 09:30:00,51.55,54.65760025185057
2018-08-10 09:45:00,52.09,53.02979193954387
2018-08-10 10:00:00,42.7,51.78631912508829
2018-08-10 10:15:00,44.14,53.71003849975676
2018-08-10 10:30:00,60.37,42.74471829675044
2018-08-10 10:45:00,91.44,44.96136766456451
2018-08-10 11:00:00,69.8,58.30201936071787
2018-08-10 11:15:00,94.32,75.34067630607342
2018-08-10 11:30:00,105.77,69.4723883352831
2018-08-10 11:45:00,113.72,71.13690991048746
2018-08-10 12:00:00,12.31,24.531820069138593
2018-08-10 12:15:00,4.79,20.49237000925865
2018-08-10 12:30:00,4.68,5.964029254816015
2018-08-10 12:45:00,4.61,4.414153717924049
2018-08-10 13:00:00,30.06,33.94808792570584
2018-08-10 13:15:00,123.8,52.18491247798982
2018-08-10 13:30:00,105.7,54.34074469522745
2018-08-10 13:45:00,94.93,92.45680614381256
2018-08-10 14:00:00,115.45,93.42476366253253
2018-08-10 14:15:00,86.47,85.38836305379972
2018-08-10 14:30:00,91.84,97.71010418263025
2018-08-10 14:45:00,89.35,91.40278963138907
2018-08-10 15:00:00,90.18,82.65694494357028
2018-08-10 15:15:00,106.67,79.24317741886787
2018-08-10 15:30:00,131.0,83.20521977336055
2018-08-10 15:45:00,107.46,89.9113961560192
2018-08-10 16:00:00,103.46,92.99503555494323
2018-08-10 16:15:00,100.22,93.07467967154629
2018-08-10 16:30:00,118.04,94.57256940692265
2018-08-10 16:45:00,55.66,92.79142142825741
2018-08-10 17:00:00,83.27,92.06572738487989
2018-08-10 17:15:00,99.83,64.24086637988385
2018-08-10 17:30:00,30.71,50.03561955565365
2018-08-10 17:45:00,29.81,37.77882591344529
2018-08-10 18:00:00,63.79,52.340949414314075
2018-08-10 18:15:00,79.96,64.04058521068286
2018-08-10 18:30:00,98.75,79.77623879818141
2018-08-10 18:45:00,86.9,82.7533619485044
2018-08-10 19:00:00,110.84,85.96620351329568
2018-08-10 19:15:00,73.55,87.02362375682137
2018-08-10 19:30:00,112.61,89.60956365012801
2018-08-10 19:45:00,91.8,96.90031545696655
2018-08-10 20:00:00,100.33,89.29826856845524
2018-08-10 20:15:00,84.46,96.44278436962597
2018-08-10 20:30:00,102.46,77.64697068129217
2018-08-10 20:45:00,64.8,31.974182799008876
2018-08-10 21:00:00,4.46,21.455289315628384
2018-08-10 21:15:00,4.25,18.497898305346137
2018-08-10 21:30:00,3.74,1.43238593434136
2018-08-10 21:45:00,3.78,2.4326790248981767
2018-08-10 22:00:00,3.56,3.9400920085688114
2018-08-10 22:15:00,3.28,4.567394041018198
2018-08-10 22:30:00,3.24,4.416119040846761
2018-08-10 22:45:00,2.74,4.114940499638433
2018-08-10 23:00:00,2.7,3.6077361785883495
2018-08-10 23:15:00,2.7,4.166670867852072
2018-08-10 23:30:00,2.66,3.3837675538866234
2018-08-10 23:45:00,2.7,3.4065297522532516
2018-08-11 00:00:00,2.66,3.4065297522532516
2018-08-11 00:15:00,2.81,3.3779411989581885
2018-08-11 00:30:00,2.74,3.3779411989581885
2018-08-11 00:45:00,2.7,3.3779411989581885
2018-08-11 01:00:00,2.74,3.3551790005915603
2018-08-11 01:15:00,2.77,3.3551790005915603
2018-08-11 01:30:00,3.35,3.2835053028029257
2018-08-11 01:45:00,2.92,3.2468929546888345
2018-08-11 02:00:00,2.74,3.446669801570822
2018-08-11 02:15:00,2.7,3.256883325759147
2018-08-11 02:30:00,2.66,3.2468929546888345
2018-08-11 02:45:00,2.66,3.2468929546888345
2018-08-11 03:00:00,3.28,3.2587608555517615
2018-08-11 03:15:00,2.99,3.232425499714642
2018-08-11 03:30:00,2.77,3.533415837456174
2018-08-11 03:45:00,2.77,3.245101821971713
2018-08-11 04:00:00,2.77,3.232425499714642
2018-08-11 04:15:00,2.77,3.232425499714642
2018-08-11 04:30:00,2.81,3.2777347054418415
2018-08-11 04:45:00,2.74,3.232425499714642
2018-08-11 05:00:00,2.81,3.232425499714642
2018-08-11 05:15:00,2.74,3.232425499714642
2018-08-11 05:30:00,2.74,3.232425499714642
2018-08-11 05:45:00,2.74,3.2491461521467784
2018-08-11 06:00:00,2.74,3.2491461521467784
2018-08-11 06:15:00,2.74,3.181275100241675
2018-08-11 06:30:00,2.84,3.181275100241675
2018-08-11 06:45:00,2.7,3.181275100241675
2018-08-11 07:00:00,2.7,3.181275100241675
2018-08-11 07:15:00,3.28,3.197995752673811
2018-08-11 07:30:00,4.25,3.6192098277240463
2018-08-11 07:45:00,5.44,4.519679966397009
2018-08-11 08:00:00,68.94,25.651501453572592
2018-08-11 08:15:00,111.38,46.03981978472392
2018-08-11 08:30:00,77.72,93.63229274577587
2018-08-11 08:45:00,109.84,94.12286878089363
2018-08-11 09:00:00,91.19,91.769932558578
2018-08-11 09:15:00,109.91,89.83277135138218
2018-08-11 09:30:00,87.88,88.00592460880506
2018-08-11 09:45:00,110.59,83.33244913448588
2018-08-11 10:00:00,73.87,85.47100586441654
2018-08-11 10:15:00,78.44,82.18834938941927
2018-08-11 10:30:00,76.25,86.87369205550955
2018-08-11 10:45:00,90.76,77.09859545569677
2018-08-11 11:00:00,94.86,79.39348466876281
2018-08-11 11:15:00,71.71,81.11986426870918
2018-08-11 11:30:00,103.82,82.85722332079453
2018-08-11 11:45:00,56.63,66.42842832945497
2018-08-11 12:00:00,4.0,18.285857195145304
2018-08-11 12:15:00,4.21,9.597161303415803
2018-08-11 12:30:00,3.92,2.3490135325622394
2018-08-11 12:45:00,4.21,5.450773500841811
2018-08-11 13:00:00,37.22,30.364771707995608
2018-08-11 13:15:00,83.99,59.50182350873005
2018-08-11 13:30:00,95.65,61.0426916266768
2018-08-11 13:45:00,109.33,78.73195837177171
2018-08-11 14:00:00,89.32,87.09708375197243
2018-08-11 14:15:00,105.59,89.27110283683122
2018-08-11 14:30:00,96.3,92.86554542248118
2018-08-11 14:45:00,103.57,87.43905855945985
2018-08-11 15:00:00,93.56,93.1660412885262
2018-08-11 15:15:00,71.64,88.63851114341162
2018-08-11 15:30:00,72.54,92.54664251117616
2018-08-11 15:45:00,86.9,90.28515843754869
2018-08-11 16:00:00,103.36,75.98028112762228
2018-08-11 16:15:00,81.9,78.71554826594287
2018-08-11 16:30:00,95.83,81.88021809633945
2018-08-11 16:45:00,15.55,75.80446419072527
2018-08-11 17:00:00,5.62,66.12986579667806
2018-08-11 17:15:00,4.0,9.219976704990286
2018-08-11 17:30:00,3.78,12.118813731757436
2018-08-11 17:45:00,3.2,9.875130346349486
2018-08-11 18:00:00,2.84,13.514626566947351
2018-08-11 18:15:00,2.74,10.018226945314852
2018-08-11 18:30:00,2.88,5.55576629269715
2018-08-11 18:45:00,3.06,6.10856584267348
2018-08-11 19:00:00,3.06,4.956517458575232
2018-08-11 19:15:00,3.02,3.6722888960500715
2018-08-11 19:30:00,3.02,8.901115015165052
2018-08-11 19:45:00,3.06,7.608335335792021
2018-08-11 20:00:00,3.1,9.12504998677396
2018-08-11 20:15:00,3.17,7.841637678531181
2018-08-11 20:30:00,3.1,9.087940381378903
2018-08-11 20:45:00,3.1,4.407466827938178
2018-08-11 21:00:00,3.1,3.089583079220448
2018-08-11 21:15:00,3.17,3.089583079220448
2018-08-11 21:30:00,3.17,3.271259695310328
2018-08-11 21:45:00,3.24,3.1915622027026656
2018-08-11 22:00:00,3.49,3.1629736494076024
2018-08-11 22:15:00,2.88,3.36275049628959
2018-08-11 22:30:00,2.74,3.4125687190640766
2018-08-11 22:45:00,3.17,3.258101077909288
2018-08-11 23:00:00,3.24,3.2551330523900797
2018-08-11 23:15:00,2.59,3.2551330523900797
2018-08-11 23:30:00,2.66,3.4549098992720673
2018-08-11 23:45:00,2.7,3.1648611723766944
2018-08-12 00:00:00,2.7,3.154870801306382
2018-08-12 00:15:00,2.74,3.183459354601445
2018-08-12 00:30:00,2.74,3.183459354601445
2018-08-12 00:45:00,2.7,3.154870801306382
2018-08-12 01:00:00,2.7,3.154870801306382
2018-08-12 01:15:00,2.7,3.154870801306382
2018-08-12 01:30:00,2.74,3.154870801306382
2018-08-12 01:45:00,2.81,3.154870801306382
2018-08-12 02:00:00,2.77,3.154870801306382
2018-08-12 02:15:00,2.77,3.154870801306382
2018-08-12 02:30:00,3.06,3.154870801306382
2018-08-12 02:45:00,3.06,3.138150148874246
2018-08-12 03:00:00,2.77,3.154870801306382
2018-08-12 03:15:00,2.77,3.157123998764326
2018-08-12 03:30:00,2.84,3.1404033463321896
2018-08-12 03:45:00,2.77,3.1404033463321896
2018-08-12 04:00:00,2.77,3.1404033463321896
2018-08-12 04:15:00,2.77,3.1404033463321896
2018-08-12 04:30:00,2.81,3.1404033463321896
2018-08-12 04:45:00,3.28,3.1404033463321896
2018-08-12 05:00:00,3.2,3.1404033463321896
2018-08-12 05:15:00,2.74,3.4413936840737214
2018-08-12 05:30:00,2.66,3.454070006330792
2018-08-12 05:45:00,2.74,3.1530796685892604
2018-08-12 06:00:00,2.77,3.157123998764326
2018-08-12 06:15:00,2.74,3.1178415001542854
2018-08-12 06:30:00,3.17,3.1178415001542854
2018-08-12 06:45:00,2.84,3.1059735992913584
2018-08-12 07:00:00,2.74,3.1059735992913584
2018-08-12 07:15:00,2.7,3.0892529468592222
2018-08-12 07:30:00,2.7,3.3331079007811057
2018-08-12 07:45:00,2.63,3.4194471066255243
2018-08-12 08:00:00,2.59,15.544306317894273
2018-08-12 08:15:00,2.63,21.555559397545707
2018-08-12 08:30:00,2.7,6.82561537353189
2018-08-12 08:45:00,2.95,11.393123060465017
2018-08-12 09:00:00,3.06,8.610967648243049
2018-08-12 09:15:00,3.02,8.208835661603398
2018-08-12 09:30:00,3.1,6.47863658649407
2018-08-12 09:45:00,3.06,7.846056433037957
2018-08-12 10:00:00,3.06,3.7647395430656654
2018-08-12 10:15:00,3.1,3.7647395430656654
2018-08-12 10:30:00,3.64,3.760429394468959
2018-08-12 10:45:00,3.13,6.778402075652639
2018-08-12 11:00:00,3.02,6.9682464732301055
2018-08-12 11:15:00,3.24,3.835077874187174
2018-08-12 11:30:00,2.7,7.603847257205104
2018-08-12 11:45:00,2.77,3.5352937003000346
2018-08-12 12:00:00,2.88,2.280635154734601
2018-08-12 12:15:00,3.06,1.9261833631289655
2018-08-12 12:30:00,3.06,1.8946278037346709
2018-08-12 12:45:00,3.06,3.2385830202201733
2018-08-12 13:00:00,3.1,4.2314529611007865
2018-08-12 13:15:00,3.06,7.761360884641298
2018-08-12 13:30:00,3.1,7.143613755315443
2018-08-12 13:45:00,3.02,7.804411386144125
2018-08-12 14:00:00,3.02,6.582570794483627
2018-08-12 14:15:00,2.99,7.728234688709151
2018-08-12 14:30:00,3.06,6.582570794483627
2018-08-12 14:45:00,3.02,7.728234688709151
2018-08-12 15:00:00,3.06,6.582570794483627
2018-08-12 15:15:00,3.1,3.4400611985895346
2018-08-12 15:30:00,3.64,3.4400611985895346
2018-08-12 15:45:00,3.06,6.458288109596384
2018-08-12 16:00:00,3.1,8.017246722999982
2018-08-12 16:15:00,2.99,2.4665344517266212
2018-08-12 16:30:00,3.02,6.348312668645206
2018-08-12 16:45:00,3.02,2.896440822639401
2018-08-12 17:00:00,3.02,2.8636137177488994
2018-08-12 17:15:00,3.56,2.8350251644538362
2018-08-12 17:30:00,3.38,2.824988959144105
2018-08-12 17:45:00,2.99,2.970956097152841
2018-08-12 18:00:00,2.77,2.9809464682231535
2018-08-12 18:15:00,2.74,3.101692086611501
2018-08-12 18:30:00,2.88,3.0917017155411886
2018-08-12 18:45:00,2.99,3.081148549430228
2018-08-12 19:00:00,3.02,3.0094748516415937
2018-08-12 19:15:00,3.06,2.9808862983465305
2018-08-12 19:30:00,3.02,2.9808862983465305
2018-08-12 19:45:00,3.06,2.9808862983465305
2018-08-12 20:00:00,3.02,2.9808862983465305
2018-08-12 20:15:00,3.46,2.9808862983465305
2018-08-12 20:30:00,3.28,2.9437766929514746
2018-08-12 20:45:00,3.13,3.0579610714698995
2018-08-12 21:00:00,3.13,3.067951442540212
2018-08-12 21:15:00,3.13,2.978785629833827
2018-08-12 21:30:00,3.13,3.0131971932821644
2018-08-12 21:45:00,3.13,2.970112048788593
2018-08-12 22:00:00,2.99,2.970112048788593
2018-08-12 22:15:00,2.7,2.953391396356457
2018-08-12 22:30:00,2.92,2.938266202704133
2018-08-12 22:45:00,3.28,2.9549868551362692
2018-08-12 23:00:00,2.88,2.9620092006873726
2018-08-12 23:15:00,2.66,3.1617860475693607
2018-08-12 23:30:00,2.74,2.943411018462622
2018-08-12 23:45:00,2.74,2.9334206473923095
2018-08-13 00:00:00,2.77,3.3355171596381146
2018-08-13 00:15:00,2.81,3.3641057129331777
2018-08-13 00:30:00,3.28,3.3355171596381146
2018-08-13 00:45:00,2.74,3.3355171596381146
2018-08-13 01:00:00,2.77,3.535294006520102
2018-08-13 01:15:00,2.77,3.345507530708427
2018-08-13 01:30:00,2.81,3.3355171596381146
2018-08-13 01:45:00,2.77,3.3355171596381146
2018-08-13 02:00:00,2.77,3.3641057129331777
2018-08-13 02:15:00,2.81,3.3355171596381146
2018-08-13 02:30:00,2.84,3.3094885158855467
2018-08-13 02:45:00,2.77,3.3355171596381146
2018-08-13 03:00:00,2.7,3.3355171596381146
2018-08-13 03:15:00,2.74,3.3377703570960584
2018-08-13 03:30:00,2.7,3.3117417133434905
2018-08-13 03:45:00,2.74,3.3117417133434905
2018-08-13 04:00:00,2.74,3.3117417133434905
2018-08-13 04:15:00,2.81,3.3117417133434905
2018-08-13 04:30:00,3.74,3.3377703570960584
2018-08-13 04:45:00,3.74,3.3377703570960584
2018-08-13 05:00:00,2.74,3.658515899237098
2018-08-13 05:15:00,2.7,3.671192221494169
2018-08-13 05:30:00,2.7,3.391563385002451
2018-08-13 05:45:00,2.66,3.404915706497948
2018-08-13 06:00:00,2.66,3.3403302666385537
2018-08-13 06:15:00,2.63,3.2382564931456894
2018-08-13 06:30:00,2.74,3.235696583603194
2018-08-13 06:45:00,2.7,3.235696583603194
2018-08-13 07:00:00,2.7,3.3823744204078787
2018-08-13 07:15:00,3.53,3.3823744204078787
2018-08-13 07:30:00,4.03,4.460023006417943
2018-08-13 07:45:00,3.85,5.898704112312207
2018-08-13 08:00:00,26.64,26.40500238935159
2018-08-13 08:15:00,92.23,56.73658652720401
2018-08-13 08:30:00,82.08,67.81204771736954
2018-08-13 08:45:00,119.92,90.10034534614452
2018-08-13 09:00:00,92.34,84.10884834529972
2018-08-13 09:15:00,110.2,91.58683171057643
2018-08-13 09:30:00,89.78,90.04146430437096
2018-08-13 09:45:00,106.34,90.13222653390343
2018-08-13 10:00:00,84.31,92.055438795142
2018-08-13 10:15:00,104.62,88.71952505485311
2018-08-13 10:30:00,81.94,94.19915328767306
2018-08-13 10:45:00,100.66,88.01883971944397
2018-08-13 11:00:00,101.99,90.94034352538525
2018-08-13 11:15:00,81.54,90.1154659758352
2018-08-13 11:30:00,100.94,95.8352031579191
2018-08-13 11:45:00,96.55,86.60239905033166
2018-08-13 12:00:00,28.87,19.91515252771851
2018-08-13 12:15:00,24.01,16.77608346303643
2018-08-13 12:30:00,4.97,16.224025218700067
2018-08-13 12:45:00,4.97,23.414252595363973
2018-08-13 13:00:00,60.48,69.73171013207445
2018-08-13 13:15:00,90.07,83.59144576893125
2018-08-13 13:30:00,107.6,94.40088405715152
2018-08-13 13:45:00,111.46,93.66497741193048
2018-08-13 14:00:00,105.19,98.57130048911965
2018-08-13 14:15:00,85.75,93.57020682921528
2018-08-13 14:30:00,109.19,84.34933408060006
2018-08-13 14:45:00,93.6,75.26908414115479
2018-08-13 15:00:00,57.56,80.74842124481121
2018-08-13 15:15:00,57.64,92.0644300093714
2018-08-13 15:30:00,75.64,74.72771664281686
2018-08-13 15:45:00,76.1,79.89819289172387
2018-08-13 16:00:00,91.98,78.45627330745741
2018-08-13 16:15:00,85.18,79.4126066395468
2018-08-13 16:30:00,102.64,80.98147078796279
2018-08-13 16:45:00,110.05,79.69742806908037
2018-08-13 17:00:00,95.36,81.09462959204353
2018-08-13 17:15:00,101.2,92.89312498583291
2018-08-13 17:30:00,35.21,47.89394018619393
2018-08-13 17:45:00,32.11,41.11170812872084
2018-08-13 18:00:00,68.29,74.50207610406258
2018-08-13 18:15:00,86.9,84.67384475423728
2018-08-13 18:30:00,103.1,81.23185386390627
2018-08-13 18:45:00,70.13,92.15169700432506
2018-08-13 19:00:00,103.68,92.33858242941135
2018-08-13 19:15:00,88.74,78.90334525091163
2018-08-13 19:30:00,104.4,82.05683282219164
2018-08-13 19:45:00,83.63,87.75906606260988
2018-08-13 20:00:00,99.68,89.06873937377196
2018-08-13 20:15:00,91.98,93.15563866013039
2018-08-13 20:30:00,105.37,81.85807717998883
2018-08-13 20:45:00,68.29,54.435675337181756
2018-08-13 21:00:00,6.05,40.95337325029022
2018-08-13 21:15:00,4.61,24.66957603042975
2018-08-13 21:30:00,4.43,4.2585012668079045
2018-08-13 21:45:00,4.1,3.3018720618063986
2018-08-13 22:00:00,3.89,6.004231545241627
2018-08-13 22:15:00,3.6,4.301065369180111
2018-08-13 22:30:00,3.67,4.237436070700806
2018-08-13 22:45:00,3.67,5.143273999876147
2018-08-13 23:00:00,3.64,3.9568447239921722
2018-08-13 23:15:00,2.99,4.14542901036859
2018-08-13 23:30:00,2.84,3.868195608252624
2018-08-13 23:45:00,2.84,3.668418761370636
2018-08-14 00:00:00,2.84,3.521456663051853
2018-08-14 00:15:00,3.06,3.521456663051853
2018-08-14 00:30:00,3.46,3.521456663051853
2018-08-14 00:45:00,2.81,3.49286810975679
2018-08-14 01:00:00,2.84,3.692644956638778
2018-08-14 01:15:00,2.92,3.5028584808271024
2018-08-14 01:30:00,2.84,3.49286810975679
2018-08-14 01:45:00,2.84,3.49286810975679
2018-08-14 02:00:00,3.13,3.521456663051853
2018-08-14 02:15:00,3.02,3.4562557616426988
2018-08-14 02:30:00,3.06,3.4562557616426988
2018-08-14 02:45:00,3.02,3.3845820638540642
2018-08-14 03:00:00,3.02,3.3845820638540642
2018-08-14 03:15:00,3.06,3.386835261312009
2018-08-14 03:30:00,3.31,3.415423814607072
2018-08-14 03:45:00,3.56,3.386835261312009
2018-08-14 04:00:00,2.92,3.733609447205616
2018-08-14 04:15:00,2.92,3.7462857694626868
2018-08-14 04:30:00,2.88,3.3995115835690797
2018-08-14 04:45:00,2.92,3.386835261312009
2018-08-14 05:00:00,2.92,3.415423814607072
2018-08-14 05:15:00,2.92,3.415423814607072
2018-08-14 05:30:00,2.88,3.386835261312009
2018-08-14 05:45:00,2.88,3.386835261312009
2018-08-14 06:00:00,2.92,3.386835261312009
2018-08-14 06:15:00,3.46,3.284761487819144
2018-08-14 06:30:00,2.84,3.284761487819144
2018-08-14 06:45:00,2.81,3.6315356737127513
2018-08-14 07:00:00,2.81,3.470144290633467
2018-08-14 07:15:00,3.35,3.4574679683763963
2018-08-14 07:30:00,3.92,4.534303460555591
2018-08-14 07:45:00,3.67,6.0015731197449185
2018-08-14 08:00:00,22.32,54.24260608975194
2018-08-14 08:15:00,101.63,74.04476295310727
2018-08-14 08:30:00,93.49,57.81303846506976
2018-08-14 08:45:00,69.41,92.21064221020761
2018-08-14 09:00:00,96.66,102.12524635383228
2018-08-14 09:15:00,82.69,83.5378466738724
2018-08-14 09:30:00,76.28,81.34016677599698
2018-08-14 09:45:00,97.49,90.35956254410414
2018-08-14 10:00:00,105.88,79.6750746514671
2018-08-14 10:15:00,91.8,86.8352218989186
2018-08-14 10:30:00,106.49,96.31954313937769
2018-08-14 10:45:00,57.28,88.69257428492516
2018-08-14 11:00:00,63.79,90.82424474809532
2018-08-14 11:15:00,72.68,74.67401523602143
2018-08-14 11:30:00,53.21,70.11655028321469
2018-08-14 11:45:00,72.86,71.8232071012131
2018-08-14 12:00:00,15.23,15.813089152287036
2018-08-14 12:15:00,5.87,6.516426910883858
2018-08-14 12:30:00,5.87,5.782403662979765
2018-08-14 12:45:00,5.76,5.793029526123777
2018-08-14 13:00:00,52.99,54.824589192485924
2018-08-14 13:15:00,63.25,78.67525601479245
2018-08-14 13:30:00,71.42,79.57992243500637
2018-08-14 13:45:00,66.1,69.87092758297742
2018-08-14 14:00:00,74.48,74.99870331671437
2018-08-14 14:15:00,96.12,70.02633562815302
2018-08-14 14:30:00,81.22,69.4132642359678
2018-08-14 14:45:00,96.7,83.99747360628955
2018-08-14 15:00:00,95.08,84.67813900217227
2018-08-14 15:15:00,75.92,86.83752642574065
2018-08-14 15:30:00,89.78,93.79783715284799
2018-08-14 15:45:00,93.64,90.64206894575325
2018-08-14 16:00:00,83.59,83.17009070314191
2018-08-14 16:15:00,88.09,87.31704442779629
2018-08-14 16:30:00,105.26,89.3652029086073
2018-08-14 16:45:00,86.0,84.01123546744512
2018-08-14 17:00:00,105.48,90.13739259809167
2018-08-14 17:15:00,70.99,86.88185042128427
2018-08-14 17:30:00,29.92,36.256473707820426
2018-08-14 17:45:00,29.99,37.47443605463185
2018-08-14 18:00:00,67.5,62.43970408487807
2018-08-14 18:15:00,106.45,80.85938319918813
2018-08-14 18:30:00,85.03,83.00462080523918
2018-08-14 18:45:00,108.36,93.35892814960697
2018-08-14 19:00:00,75.89,87.63200739575481
2018-08-14 19:15:00,95.94,95.66711409659443
2018-08-14 19:30:00,82.62,87.83344685376039
2018-08-14 19:45:00,89.5,88.63795952741954
2018-08-14 20:00:00,95.44,90.507932493742
2018-08-14 20:15:00,81.61,84.5428868356063
2018-08-14 20:30:00,119.34,82.87275451465737
2018-08-14 20:45:00,37.73,60.11232478963273
2018-08-14 21:00:00,28.4,32.48045221474926
2018-08-14 21:15:00,4.0,19.239360681432263
2018-08-14 21:30:00,3.89,20.015191515064128
2018-08-14 21:45:00,3.85,3.0515025003066443
2018-08-14 22:00:00,3.42,4.865508158807221
2018-08-14 22:15:00,2.77,3.9684541966216162
2018-08-14 22:30:00,2.77,4.596607723220484
2018-08-14 22:45:00,2.77,3.8663289520195545
2018-08-14 23:00:00,2.74,3.4576715320922426
2018-08-14 23:15:00,2.74,3.521456663051853
2018-08-14 23:30:00,2.74,3.521456663051853
2018-08-14 23:45:00,2.74,3.49286810975679
2018-08-15 00:00:00,2.74,3.49286810975679
2018-08-15 00:15:00,2.74,3.49286810975679
2018-08-15 00:30:00,2.59,3.49286810975679
2018-08-15 00:45:00,2.63,3.487735233920014
2018-08-15 01:00:00,2.59,3.49286810975679
2018-08-15 01:15:00,2.63,3.49286810975679
2018-08-15 01:30:00,2.63,3.4211944119681554
2018-08-15 01:45:00,2.59,3.3845820638540642
2018-08-15 02:00:00,2.95,3.3845820638540642
2018-08-15 02:15:00,3.13,3.3845820638540642
2018-08-15 02:30:00,3.2,3.3585534201014964
2018-08-15 02:45:00,2.81,3.3585534201014964
2018-08-15 03:00:00,2.59,3.6398624080230015
2018-08-15 03:15:00,2.59,3.373482939816512
2018-08-15 03:30:00,2.63,3.360806617559441
2018-08-15 03:45:00,2.7,3.3893951708545043
2018-08-15 04:00:00,2.74,3.3893951708545043
2018-08-15 04:15:00,2.66,3.360806617559441
2018-08-15 04:30:00,2.59,3.360806617559441
2018-08-15 04:45:00,2.63,3.360806617559441
2018-08-15 05:00:00,2.63,3.360806617559441
2018-08-15 05:15:00,2.63,3.360806617559441
2018-08-15 05:30:00,2.66,3.360806617559441
2018-08-15 05:45:00,2.59,3.360806617559441
2018-08-15 06:00:00,2.59,3.360806617559441
2018-08-15 06:15:00,2.99,3.284761487819144
2018-08-15 06:30:00,3.06,3.284761487819144
2018-08-15 06:45:00,2.59,3.284761487819144
2018-08-15 07:00:00,2.66,3.4574679683763963
2018-08-15 07:15:00,3.1,3.4314393246238284
2018-08-15 07:30:00,3.64,4.5082748168030236
2018-08-15 07:45:00,5.8,5.053599836852392
2018-08-15 08:00:00,33.73,33.74589081937701
2018-08-15 08:15:00,46.76,81.1081898025476
2018-08-15 08:30:00,56.99,60.915910636454505
2018-08-15 08:45:00,62.42,59.85746427294989
2018-08-15 09:00:00,57.46,62.160929579462454
2018-08-15 09:15:00,81.11,60.26956790075173
2018-08-15 09:30:00,101.02,58.97686410068341
2018-08-15 09:45:00,82.3,71.30747328550312
2018-08-15 10:00:00,100.69,83.81446662247433
2018-08-15 10:15:00,112.68,84.77029810863107
2018-08-15 10:30:00,99.97,84.6421436827342
2018-08-15 10:45:00,111.17,96.46139505868987
2018-08-15 11:00:00,83.34,94.5639042115719
2018-08-15 11:15:00,113.98,89.24389817712051
2018-08-15 11:30:00,69.7,94.17387391338349
2018-08-15 11:45:00,70.45,76.03703205009423
2018-08-15 12:00:00,6.91,8.865618929689767
2018-08-15 12:15:00,7.81,3.3999883813161946
2018-08-15 12:30:00,7.02,4.328365556636775
2018-08-15 12:45:00,7.13,12.842661084409027
2018-08-15 13:00:00,46.12,67.125700174748
2018-08-15 13:15:00,107.35,78.89368809175492
2018-08-15 13:30:00,67.68,80.82291287450394
2018-08-15 13:45:00,103.32,97.25218842902751
2018-08-15 14:00:00,108.68,79.39925789565379
2018-08-15 14:15:00,66.35,82.62833046544517
2018-08-15 14:30:00,99.76,102.43246903184856
2018-08-15 14:45:00,92.27,88.13782926164554
2018-08-15 15:00:00,72.32,86.89741293818506
2018-08-15 15:15:00,49.61,93.57341764986052
2018-08-15 15:30:00,78.05,83.72510194859363
2018-08-15 15:45:00,99.68,66.72538527671735
2018-08-15 16:00:00,99.0,76.1544601748819
2018-08-15 16:15:00,78.19,87.20648781190751
2018-08-15 16:30:00,71.42,89.35460114506925
2018-08-15 16:45:00,18.86,87.91666781476
2018-08-15 17:00:00,5.4,76.87047909970283
2018-08-15 17:15:00,3.96,27.09157776790627
2018-08-15 17:30:00,3.85,12.078730877939789
2018-08-15 17:45:00,3.38,10.106083840142531
2018-08-15 18:00:00,2.99,11.939184524093935
2018-08-15 18:15:00,2.81,2.808358439711246
2018-08-15 18:30:00,2.99,3.2990583182807787
2018-08-15 18:45:00,3.2,2.8542073577718314
2018-08-15 19:00:00,3.17,2.2715219319596534
2018-08-15 19:15:00,3.1,2.7131669590573293
2018-08-15 19:30:00,3.13,2.6761579963285347
2018-08-15 19:45:00,3.13,1.0920594575263463
2018-08-15 20:00:00,3.17,2.3040420938811637
2018-08-15 20:15:00,3.28,2.7306021582549795
2018-08-15 20:30:00,3.13,2.2093851514017127
2018-08-15 20:45:00,3.2,3.47866457820456
2018-08-15 21:00:00,3.2,3.4280776898635503
2018-08-15 21:15:00,3.28,3.0410708722233357
2018-08-15 21:30:00,3.24,3.6106922276088302
2018-08-15 21:45:00,3.28,3.6106922276088302
2018-08-15 22:00:00,3.56,3.6106922276088302
2018-08-15 22:15:00,3.1,3.6106922276088302
2018-08-15 22:30:00,2.81,3.595567033956506
2018-08-15 22:45:00,2.84,3.3957901870745184
2018-08-15 23:00:00,3.38,3.3928221615553094
2018-08-15 23:15:00,3.1,3.3928221615553094
2018-08-15 23:30:00,2.81,3.5925990084372974
2018-08-15 23:45:00,2.81,3.3742239793305586
2018-08-16 00:00:00,2.84,3.364233608260246
2018-08-16 00:15:00,2.81,3.364233608260246
2018-08-16 00:30:00,2.7,3.3928221615553094
2018-08-16 00:45:00,2.66,3.2925599104716117
2018-08-16 01:00:00,2.74,3.2925599104716117
2018-08-16 01:15:00,2.7,3.2925599104716117
2018-08-16 01:30:00,2.7,3.2925599104716117
2018-08-16 01:45:00,2.63,3.2925599104716117
2018-08-16 02:00:00,2.66,3.2925599104716117
2018-08-16 02:15:00,2.66,3.2925599104716117
2018-08-16 02:30:00,2.95,3.2925599104716117
2018-08-16 02:45:00,3.31,3.2925599104716117
2018-08-16 03:00:00,2.74,3.2925599104716117
2018-08-16 03:15:00,2.74,3.6415872938231635
2018-08-16 03:30:00,2.66,3.307489430186627
2018-08-16 03:45:00,2.74,3.2948131079295564
2018-08-16 04:00:00,2.66,3.2948131079295564
2018-08-16 04:15:00,2.81,3.3234016612246196
2018-08-16 04:30:00,2.7,3.2948131079295564
2018-08-16 04:45:00,2.81,3.2687844641769885
2018-08-16 05:00:00,3.31,3.2687844641769885
2018-08-16 05:15:00,2.81,3.2687844641769885
2018-08-16 05:30:00,2.77,3.6155586500705956
2018-08-16 05:45:00,2.7,3.2814607864340593
2018-08-16 06:00:00,2.74,3.2687844641769885
2018-08-16 06:15:00,2.7,3.1667106906841234
2018-08-16 06:30:00,2.74,3.1952992439791865
2018-08-16 06:45:00,2.7,3.1927393344366912
2018-08-16 07:00:00,2.63,3.3654458149939437
2018-08-16 07:15:00,3.49,3.339417171241376
2018-08-16 07:30:00,4.1,4.238893542292221
2018-08-16 07:45:00,5.18,5.677574648186485
2018-08-16 08:00:00,69.08,47.12920059674272
2018-08-16 08:15:00,78.05,67.06028570346069
2018-08-16 08:30:00,89.89,84.01388893958692
2018-08-16 08:45:00,111.89,79.95788821445632
2018-08-16 09:00:00,80.03,82.9229621710169
2018-08-16 09:15:00,98.53,87.89926131356832
2018-08-16 09:30:00,116.6,82.90077088021472
2018-08-16 09:45:00,80.21,80.27382457417703
2018-08-16 10:00:00,103.03,100.82775368418453
2018-08-16 10:15:00,105.62,86.68362980056469
2018-08-16 10:30:00,70.27,76.7870854451222
2018-08-16 10:45:00,40.0,95.23264809107576
2018-08-16 11:00:00,58.03,90.21166210200502
2018-08-16 11:15:00,53.75,52.35661230693942
2018-08-16 11:30:00,47.16,67.4095364843966
2018-08-16 11:45:00,36.97,56.29548190952408
2018-08-16 12:00:00,4.93,9.847997017284271
2018-08-16 12:15:00,4.64,8.70562951675121
2018-08-16 12:30:00,4.64,2.028145231918215
2018-08-16 12:45:00,4.61,9.924926331506542
2018-08-16 13:00:00,32.51,43.30804092372843
2018-08-16 13:15:00,108.68,54.947145482146865
2018-08-16 13:30:00,100.51,56.24947801654293
2018-08-16 13:45:00,57.89,88.71640279214104
2018-08-16 14:00:00,51.44,94.2429049007665
2018-08-16 14:15:00,46.33,65.1692557598929
2018-08-16 14:30:00,43.85,62.13282725637828
2018-08-16 14:45:00,44.14,56.4682840386522
2018-08-16 15:00:00,65.41,49.30107473635135
2018-08-16 15:15:00,45.18,45.45670448482452
2018-08-16 15:30:00,55.84,61.1120568928756
2018-08-16 15:45:00,44.32,46.54016481210429
2018-08-16 16:00:00,41.4,56.222662072456835
2018-08-16 16:15:00,45.47,46.630804077002274
2018-08-16 16:30:00,53.14,45.964315847204304
2018-08-16 16:45:00,43.31,48.21366189593519
2018-08-16 17:00:00,55.22,52.00070940382017
2018-08-16 17:15:00,57.42,42.39078899751118
2018-08-16 17:30:00,27.79,30.07852285075136
2018-08-16 17:45:00,28.08,27.827724708858966
2018-08-16 18:00:00,33.16,26.300800561184538
2018-08-16 18:15:00,48.89,32.20933377500419
2018-08-16 18:30:00,50.8,45.13414812630639
2018-08-16 18:45:00,58.68,52.34022417595835
2018-08-16 19:00:00,43.56,53.227541857658046
2018-08-16 19:15:00,60.37,54.135178721906485
2018-08-16 19:30:00,39.56,43.8979282535869
2018-08-16 19:45:00,47.45,53.45354610619181
2018-08-16 20:00:00,54.61,43.030435118905395
2018-08-16 20:15:00,48.67,53.54940788592543
2018-08-16 20:30:00,37.55,47.788451218565044
2018-08-16 20:45:00,13.36,19.69190169249021
2018-08-16 21:00:00,5.15,17.637565497066156
2018-08-16 21:15:00,3.85,6.084213152140397
2018-08-16 21:30:00,3.64,4.021855965567254
2018-08-16 21:45:00,3.6,3.6280130132983794
2018-08-16 22:00:00,3.6,3.6907757003894495
2018-08-16 22:15:00,3.49,3.6907757003894495
2018-08-16 22:30:00,3.49,3.632179382070597
2018-08-16 22:45:00,3.31,3.632179382070597
2018-08-16 23:00:00,3.13,3.639201727621701
2018-08-16 23:15:00,2.74,3.639201727621701
2018-08-16 23:30:00,2.74,3.439424880739713
2018-08-16 23:45:00,2.77,3.4294345096694006
2018-08-17 00:00:00,2.77,3.291745400504171
2018-08-17 00:15:00,2.84,3.291745400504171
2018-08-17 00:30:00,2.81,3.291745400504171
2018-08-17 00:45:00,2.77,3.2631568472091077
2018-08-17 01:00:00,2.81,3.2631568472091077
2018-08-17 01:15:00,2.77,3.2631568472091077
2018-08-17 01:30:00,2.77,3.2265444990950165
2018-08-17 01:45:00,2.74,3.154870801306382
2018-08-17 02:00:00,2.77,3.154870801306382
2018-08-17 02:15:00,2.74,3.154870801306382
2018-08-17 02:30:00,2.77,3.154870801306382
2018-08-17 02:45:00,3.28,3.154870801306382
2018-08-17 03:00:00,3.06,3.154870801306382
2018-08-17 03:15:00,2.77,3.4581143365058575
2018-08-17 03:30:00,2.77,3.1530796685892604
2018-08-17 03:45:00,2.77,3.1404033463321896
2018-08-17 04:00:00,2.99,3.1404033463321896
2018-08-17 04:15:00,3.46,3.168991899627253
2018-08-17 04:30:00,3.24,3.157123998764326
2018-08-17 04:45:00,2.77,3.4581143365058575
2018-08-17 05:00:00,2.81,3.454070006330792
2018-08-17 05:15:00,2.81,3.1698003210213965
2018-08-17 05:30:00,2.77,3.1404033463321896
2018-08-17 05:45:00,2.74,3.168991899627253
2018-08-17 06:00:00,2.81,3.168991899627253
2018-08-17 06:15:00,2.77,3.0892529468592222
2018-08-17 06:30:00,2.77,3.0892529468592222
2018-08-17 06:45:00,2.7,3.0892529468592222
2018-08-17 07:00:00,3.28,3.1059735992913584
2018-08-17 07:15:00,2.99,3.1059735992913584
2018-08-17 07:30:00,3.1,4.058441660969224
2018-08-17 07:45:00,3.17,4.315452665534134
2018-08-17 08:00:00,33.84,25.667474403051443
2018-08-17 08:15:00,40.72,37.63022946620604
2018-08-17 08:30:00,64.94,56.95156442604612
2018-08-17 08:45:00,50.22,48.755529303294026
2018-08-17 09:00:00,45.86,61.77246936332474
2018-08-17 09:15:00,40.5,55.25056648871562
2018-08-17 09:30:00,45.65,50.780379226069144
2018-08-17 09:45:00,42.12,42.89680314537803
2018-08-17 10:00:00,46.08,47.38264337225145
2018-08-17 10:15:00,42.01,42.92105077949736
2018-08-17 10:30:00,44.53,49.95914208887494
2018-08-17 10:45:00,43.49,46.47421214950292
2018-08-17 11:00:00,41.4,47.698082348999996
2018-08-17 11:15:00,63.0,46.00630483067783
2018-08-17 11:30:00,45.07,44.306850874689566
2018-08-17 11:45:00,36.25,52.669414077952524
2018-08-17 12:00:00,4.07,8.80407515682119
2018-08-17 12:15:00,4.86,12.144816644130847
2018-08-17 12:30:00,5.26,3.561432650725407
2018-08-17 12:45:00,5.11,5.75377062959829
2018-08-17 13:00:00,28.12,21.70948398087451
2018-08-17 13:15:00,81.14,43.31039030156806
2018-08-17 13:30:00,86.62,56.64127504552199
2018-08-17 13:45:00,91.19,74.40175654136422
2018-08-17 14:00:00,77.65,77.80195239015691
2018-08-17 14:15:00,65.45,78.91321522937666
2018-08-17 14:30:00,91.37,73.52140350573123
2018-08-17 14:45:00,82.01,67.61208707048519
2018-08-17 15:00:00,75.6,73.41918229119584
2018-08-17 15:15:00,71.46,76.55862262872078
2018-08-17 15:30:00,58.61,70.99032647515072
2018-08-17 15:45:00,59.08,72.04215881189259
2018-08-17 16:00:00,89.06,62.126203486592324
2018-08-17 16:15:00,85.14,59.18307506061774
2018-08-17 16:30:00,109.73,75.97387081211451
2018-08-17 16:45:00,118.76,77.42735431329352
2018-08-17 17:00:00,64.3,84.16305274051665
2018-08-17 17:15:00,40.28,92.68752244355846
2018-08-17 17:30:00,30.06,30.41839531948078
2018-08-17 17:45:00,30.6,36.82262516837283
2018-08-17 18:00:00,43.52,66.98521355778257
2018-08-17 18:15:00,51.41,68.91255234988662
2018-08-17 18:30:00,49.03,57.42963709165798
2018-08-17 18:45:00,51.95,61.00694402781433
2018-08-17 19:00:00,67.61,54.542898040966364
2018-08-17 19:15:00,60.62,56.05289793873512
2018-08-17 19:30:00,42.95,62.4590655276269
2018-08-17 19:45:00,41.94,56.93787660047575
2018-08-17 20:00:00,45.86,44.14534907399521
2018-08-17 20:15:00,48.31,44.9492775060842
2018-08-17 20:30:00,92.59,41.68724830189473
2018-08-17 20:45:00,51.26,30.46294001320715
2018-08-17 21:00:00,11.09,32.534373778711924
2018-08-17 21:15:00,4.46,10.726736801077482
2018-08-17 21:30:00,3.74,5.551234726388732
2018-08-17 21:45:00,3.6,3.4374415056199212
2018-08-17 22:00:00,3.49,3.5996508252455754
2018-08-17 22:15:00,3.35,3.483307823797073
2018-08-17 22:30:00,3.28,3.537961397571895
2018-08-17 22:45:00,2.63,3.9652458148400243
2018-08-17 23:00:00,2.63,3.501512618456471
2018-08-17 23:15:00,2.56,3.3017357715744833
2018-08-17 23:30:00,2.63,3.291745400504171
2018-08-17 23:45:00,3.13,3.291745400504171
2018-08-18 00:00:00,2.92,3.291745400504171
2018-08-18 00:15:00,2.59,3.2631568472091077
2018-08-18 00:30:00,2.66,3.2631568472091077
2018-08-18 00:45:00,2.63,3.285919045575736
2018-08-18 01:00:00,2.66,3.2631568472091077
2018-08-18 01:15:00,2.63,3.291745400504171
2018-08-18 01:30:00,2.66,3.191483149420473
2018-08-18 01:45:00,2.7,3.154870801306382
2018-08-18 02:00:00,2.63,3.154870801306382
2018-08-18 02:15:00,2.63,3.154870801306382
2018-08-18 02:30:00,2.7,3.154870801306382
2018-08-18 02:45:00,2.95,3.154870801306382
2018-08-18 03:00:00,2.88,3.138150148874246
2018-08-18 03:15:00,2.52,3.1404033463321896
2018-08-18 03:30:00,2.48,3.1404033463321896
2018-08-18 03:45:00,2.52,3.1404033463321896
2018-08-18 04:00:00,2.59,3.157123998764326
2018-08-18 04:15:00,2.56,3.157123998764326
2018-08-18 04:30:00,2.52,3.1404033463321896
2018-08-18 04:45:00,2.52,3.1404033463321896
2018-08-18 05:00:00,2.56,3.1404033463321896
2018-08-18 05:15:00,2.48,3.1404033463321896
2018-08-18 05:30:00,2.56,3.1404033463321896
2018-08-18 05:45:00,2.88,3.1404033463321896
2018-08-18 06:00:00,2.88,3.1404033463321896
2018-08-18 06:15:00,2.52,3.0892529468592222
2018-08-18 06:30:00,2.81,3.0892529468592222
2018-08-18 06:45:00,3.06,3.0892529468592222
2018-08-18 07:00:00,2.66,3.1059735992913584
2018-08-18 07:15:00,2.81,3.1059735992913584
2018-08-18 07:30:00,7.88,3.3331079007811057
2018-08-18 07:45:00,26.93,3.402726454193388
2018-08-18 08:00:00,81.43,50.34421275170261
2018-08-18 08:15:00,110.7,63.970685026980405
2018-08-18 08:30:00,73.91,80.555643124213
2018-08-18 08:45:00,79.92,91.75036942233564
2018-08-18 09:00:00,85.68,80.4472845381814
2018-08-18 09:15:00,75.6,69.65993700108633
2018-08-18 09:30:00,64.26,69.86494918577829
2018-08-18 09:45:00,80.96,74.31130165515019
2018-08-18 10:00:00,109.12,65.6537231469264
2018-08-18 10:15:00,82.98,70.77368145425625
2018-08-18 10:30:00,72.07,88.92682940466946
2018-08-18 10:45:00,115.38,85.19686668381523
2018-08-18 11:00:00,47.09,73.97921074931534
2018-08-18 11:15:00,45.79,90.79188792820699
2018-08-18 11:30:00,38.56,69.02712571715074
2018-08-18 11:45:00,26.57,47.44103878893633
2018-08-18 12:00:00,3.67,9.762054809798464
2018-08-18 12:15:00,3.56,10.448799673682425
2018-08-18 12:30:00,4.25,5.752034692703538
2018-08-18 12:45:00,4.32,7.46977906751622
2018-08-18 13:00:00,26.89,29.12391659726276
2018-08-18 13:15:00,44.28,49.72096719473564
2018-08-18 13:30:00,46.55,52.66511020395602
2018-08-18 13:45:00,52.16,47.31579847722441
2018-08-18 14:00:00,48.71,48.979147319768806
2018-08-18 14:15:00,50.87,55.54195820900014
2018-08-18 14:30:00,47.77,50.32000939780625
2018-08-18 14:45:00,43.2,52.389384191242485
2018-08-18 15:00:00,46.08,52.94116919814738
2018-08-18 15:15:00,52.02,42.89769861216619
2018-08-18 15:30:00,67.1,47.52325788630311
2018-08-18 15:45:00,81.5,52.89553310971722
2018-08-18 16:00:00,76.36,60.12631580351915
2018-08-18 16:15:00,89.71,69.03500937154982
2018-08-18 16:30:00,74.38,72.14924800797395
2018-08-18 16:45:00,20.74,62.41988063999841
2018-08-18 17:00:00,7.74,53.631920806847916
2018-08-18 17:15:00,3.82,8.508227402118514
2018-08-18 17:30:00,3.38,9.218209342494045
2018-08-18 17:45:00,3.35,6.161178782751001
2018-08-18 18:00:00,3.31,6.8567740311132575
2018-08-18 18:15:00,3.24,5.155240041495775
2018-08-18 18:30:00,3.38,5.622517664816493
2018-08-18 18:45:00,3.38,5.112620403475813
2018-08-18 19:00:00,2.77,3.586975044559424
2018-08-18 19:15:00,2.74,3.5721979408533966
2018-08-18 19:30:00,2.77,3.4957296123392076
2018-08-18 19:45:00,2.77,3.4857392412688952
2018-08-18 20:00:00,2.84,3.672716260959713
2018-08-18 20:15:00,2.84,3.3900095015774765
2018-08-18 20:30:00,2.81,7.1807906197953
2018-08-18 20:45:00,2.77,3.0858607641640847
2018-08-18 21:00:00,2.81,3.0453036953948347
2018-08-18 21:15:00,2.84,3.0453036953948347
2018-08-18 21:30:00,2.92,2.909745886222124
2018-08-18 21:45:00,3.28,2.909745886222124
2018-08-18 22:00:00,3.13,2.909745886222124
2018-08-18 22:15:00,2.59,3.109522733104112
2018-08-18 22:30:00,2.66,2.904611063640113
2018-08-18 22:45:00,2.63,2.8946206925698004
2018-08-18 23:00:00,2.99,2.9016430381209037
2018-08-18 23:15:00,3.1,2.9135109389838307
2018-08-18 23:30:00,2.63,2.9135109389838307
2018-08-18 23:45:00,2.56,2.8849223856887676
2018-08-19 00:00:00,2.63,2.9166999949601733
2018-08-19 00:15:00,2.59,2.9334206473923095
2018-08-19 00:30:00,2.59,2.9334206473923095
2018-08-19 00:45:00,2.66,2.9334206473923095
2018-08-19 01:00:00,2.59,2.9166999949601733
2018-08-19 01:15:00,2.63,2.9334206473923095
2018-08-19 01:30:00,2.59,2.9334206473923095
2018-08-19 01:45:00,2.63,2.9334206473923095
2018-08-19 02:00:00,2.74,2.9334206473923095
2018-08-19 02:15:00,2.74,2.9334206473923095
2018-08-19 02:30:00,2.66,2.9166999949601733
2018-08-19 02:45:00,3.24,2.9166999949601733
2018-08-19 03:00:00,2.84,2.9166999949601733
2018-08-19 03:15:00,2.74,3.2366641825917855
2018-08-19 03:30:00,2.7,2.948350167107325
2018-08-19 03:45:00,2.7,2.918953192418118
2018-08-19 04:00:00,3.02,2.918953192418118
2018-08-19 04:15:00,2.99,2.947541745713181
2018-08-19 04:30:00,2.74,2.918953192418118
2018-08-19 04:45:00,2.7,2.918953192418118
2018-08-19 05:00:00,2.63,2.918953192418118
2018-08-19 05:15:00,2.63,2.918953192418118
2018-08-19 05:30:00,2.7,2.918953192418118
2018-08-19 05:45:00,2.63,2.918953192418118
2018-08-19 06:00:00,2.63,2.918953192418118
2018-08-19 06:15:00,2.63,2.8678027929451506
2018-08-19 06:30:00,2.66,2.8678027929451506
2018-08-19 06:45:00,2.66,2.8678027929451506
2018-08-19 07:00:00,2.66,2.8845234453772868
2018-08-19 07:15:00,2.59,2.8845234453772868
2018-08-19 07:30:00,2.59,3.0258337593783375
2018-08-19 07:45:00,3.06,4.30540012590075
2018-08-19 08:00:00,3.42,11.928205498872405
2018-08-19 08:15:00,2.95,17.34863125077489
2018-08-19 08:30:00,2.63,9.343376511780448
2018-08-19 08:45:00,2.81,3.9327473885896485
2018-08-19 09:00:00,2.84,7.122114089747266
2018-08-19 09:15:00,2.81,3.910318797949054
2018-08-19 09:30:00,3.2,3.916667715188797
2018-08-19 09:45:00,3.56,3.910318797949054
2018-08-19 10:00:00,3.64,8.46451338308111
2018-08-19 10:15:00,3.67,4.110153566596835
2018-08-19 10:30:00,3.6,4.105843418000128
2018-08-19 10:45:00,4.14,8.221374005957056
2018-08-19 11:00:00,3.78,4.0622323264040805
2018-08-19 11:15:00,3.92,4.342123625003655
2018-08-19 11:30:00,3.92,3.545186171635928
2018-08-19 11:45:00,3.78,3.523216254375724
2018-08-19 12:00:00,3.96,2.533936979173405
2018-08-19 12:15:00,4.03,2.2815578313994047
2018-08-19 12:30:00,3.82,2.278590825300173
2018-08-19 12:45:00,4.21,3.6061752273988024
2018-08-19 13:00:00,4.32,4.598695330234151
2018-08-19 13:15:00,3.89,5.287441820822238
2018-08-19 13:30:00,4.0,5.343275149683634
2018-08-19 13:45:00,4.14,4.161447410182097
2018-08-19 14:00:00,3.49,4.4487358349570805
2018-08-19 14:15:00,2.84,4.4487358349570805
2018-08-19 14:30:00,2.77,4.161447410182097
2018-08-19 14:45:00,2.74,4.06733275229605
2018-08-19 15:00:00,2.77,4.026809379937938
2018-08-19 15:15:00,2.81,3.8944672921324326
2018-08-19 15:30:00,2.81,3.8149868652776315
2018-08-19 15:45:00,2.77,3.9480786374465366
2018-08-19 16:00:00,2.88,4.171528959047149
2018-08-19 16:15:00,3.35,6.107071115407403
2018-08-19 16:30:00,3.17,3.2727033379159765
2018-08-19 16:45:00,2.81,3.5445405666440037
2018-08-19 17:00:00,2.74,2.9533015814268744
2018-08-19 17:15:00,2.77,2.943311210356562
2018-08-19 17:30:00,2.7,2.8966626569327394
2018-08-19 17:45:00,2.74,2.887737652685192
2018-08-19 18:00:00,2.66,2.887737652685192
2018-08-19 18:15:00,2.63,3.020028017752554
2018-08-19 18:30:00,2.66,3.020028017752554
2018-08-19 18:45:00,2.7,2.9641656459143944
2018-08-19 19:00:00,2.77,2.9641656459143944
2018-08-19 19:15:00,2.81,2.9641656459143944
2018-08-19 19:30:00,2.74,2.9808862983465305
2018-08-19 19:45:00,2.92,2.9808862983465305
2018-08-19 20:00:00,3.35,2.9641656459143944
2018-08-19 20:15:00,3.24,2.9808862983465305
2018-08-19 20:30:00,3.2,3.0329425056578594
2018-08-19 20:45:00,2.84,3.067951442540212
2018-08-19 21:00:00,2.81,3.067951442540212
2018-08-19 21:15:00,2.81,2.962064977401691
2018-08-19 21:30:00,2.88,2.953391396356457
2018-08-19 21:45:00,2.88,2.953391396356457
2018-08-19 22:00:00,2.74,2.953391396356457
2018-08-19 22:15:00,2.63,2.9248028430613937
2018-08-19 22:30:00,2.66,2.90967764940907
2018-08-19 22:45:00,2.7,2.90967764940907
2018-08-19 23:00:00,2.63,2.9166999949601733
2018-08-19 23:15:00,2.66,2.9166999949601733
2018-08-19 23:30:00,2.63,2.9334206473923095
2018-08-19 23:45:00,2.66,2.9166999949601733
2018-08-20 00:00:00,2.66,3.3355171596381146
2018-08-20 00:15:00,2.66,3.3355171596381146
2018-08-20 00:30:00,2.95,3.3355171596381146
2018-08-20 00:45:00,4.03,3.3355171596381146
2018-08-20 01:00:00,3.06,3.3355171596381146
2018-08-20 01:15:00,2.66,3.7537067769085635
2018-08-20 01:30:00,2.7,3.345507530708427
2018-08-20 01:45:00,2.66,3.4026625090400042
2018-08-20 02:00:00,2.7,3.3355171596381146
2018-08-20 02:15:00,2.7,3.33807706918061
2018-08-20 02:30:00,2.74,3.3094885158855467
2018-08-20 02:45:00,2.66,3.3094885158855467
2018-08-20 03:00:00,2.66,3.3094885158855467
2018-08-20 03:15:00,2.66,3.3117417133434905
2018-08-20 03:30:00,2.66,3.3117417133434905
2018-08-20 03:45:00,2.7,3.3117417133434905
2018-08-20 04:00:00,2.7,3.3117417133434905
2018-08-20 04:15:00,2.63,3.3117417133434905
2018-08-20 04:30:00,2.7,3.3117417133434905
2018-08-20 04:45:00,3.1,3.3377703570960584
2018-08-20 05:00:00,2.99,3.3743827052101496
2018-08-20 05:15:00,2.59,3.3377703570960584
2018-08-20 05:30:00,2.59,3.3117417133434905
2018-08-20 05:45:00,2.63,3.3117417133434905
2018-08-20 06:00:00,2.63,3.3117417133434905
2018-08-20 06:15:00,2.63,3.2096679398506263
2018-08-20 06:30:00,3.1,3.2096679398506263
2018-08-20 06:45:00,2.95,3.2096679398506263
2018-08-20 07:00:00,2.74,3.3823744204078787
2018-08-20 07:15:00,3.02,3.3823744204078787
2018-08-20 07:30:00,3.38,4.460023006417943
2018-08-20 07:45:00,4.0,5.005348026467312
2018-08-20 08:00:00,72.9,25.572639358449447
2018-08-20 08:15:00,59.04,63.75567700104818
2018-08-20 08:30:00,107.68,97.3944915993756
2018-08-20 08:45:00,127.66,68.55530372850795
2018-08-20 09:00:00,96.55,94.91203681451715
2018-08-20 09:15:00,60.3,101.21230798617802
2018-08-20 09:30:00,111.31,89.82171144042356
2018-08-20 09:45:00,115.56,75.07310893021405
2018-08-20 10:00:00,105.01,94.84829305534959
2018-08-20 10:15:00,55.98,101.04794357467462
2018-08-20 10:30:00,101.2,96.45979968990085
2018-08-20 10:45:00,133.7,75.03174671497351
2018-08-20 11:00:00,118.12,91.73480993685703
2018-08-20 11:15:00,75.2,105.88292337224186
2018-08-20 11:30:00,54.83,103.68018045349376
2018-08-20 11:45:00,37.48,68.74996062530305
2018-08-20 12:00:00,14.11,9.179388687814457
2018-08-20 12:15:00,5.62,18.022791044585087
2018-08-20 12:30:00,5.47,8.186452614003663
2018-08-20 12:45:00,5.22,12.992535614211153
2018-08-20 13:00:00,44.17,54.29246095929087
2018-08-20 13:15:00,58.75,60.744627868842315
2018-08-20 13:30:00,54.54,69.46044743559321
2018-08-20 13:45:00,48.64,69.0946018355006
2018-08-20 14:00:00,45.32,61.64110868851171
2018-08-20 14:15:00,45.65,67.3639526411975
2018-08-20 14:30:00,55.51,58.361069294923325
2018-08-20 14:45:00,51.3,59.81440790054108
2018-08-20 15:00:00,53.06,65.50786602134465
2018-08-20 15:15:00,65.7,64.96366889479367
2018-08-20 15:30:00,55.01,62.87347768195543
2018-08-20 15:45:00,56.38,65.61987985201166
2018-08-20 16:00:00,62.14,62.42158185502493
2018-08-20 16:15:00,97.42,59.41059927526704
2018-08-20 16:30:00,103.36,60.19135539849133
2018-08-20 16:45:00,101.48,81.28809796346492
2018-08-20 17:00:00,92.41,86.90711956353469
2018-08-20 17:15:00,114.12,85.46562767382444
2018-08-20 17:30:00,34.31,51.101845579914354
2018-08-20 17:45:00,28.94,47.899604521377924
2018-08-20 18:00:00,35.5,55.31991778780935
2018-08-20 18:15:00,47.41,54.26001644749635
2018-08-20 18:30:00,52.96,68.74273047714226
2018-08-20 18:45:00,45.36,63.17617790221544
2018-08-20 19:00:00,45.72,60.12649235059188
2018-08-20 19:15:00,54.25,52.740387953271394
2018-08-20 19:30:00,46.58,53.48869398584816
2018-08-20 19:45:00,41.18,60.27939593505983
2018-08-20 20:00:00,62.75,51.572623557977565
2018-08-20 20:15:00,49.79,44.74263318164232
2018-08-20 20:30:00,40.86,52.92619161137214
2018-08-20 20:45:00,13.54,47.5350135894773
2018-08-20 21:00:00,6.37,23.844703184973095
2018-08-20 21:15:00,3.74,7.129943108570786
2018-08-20 21:30:00,3.53,5.57795535960987
2018-08-20 21:45:00,3.56,3.7516648168751714
2018-08-20 22:00:00,3.38,3.8144275039662414
2018-08-20 22:15:00,3.31,3.8144275039662414
2018-08-20 22:30:00,2.77,3.755831185647389
2018-08-20 22:45:00,2.63,3.755831185647389
2018-08-20 23:00:00,2.56,3.5630766843165054
2018-08-20 23:15:00,2.59,3.553086313246193
2018-08-20 23:30:00,2.52,3.553086313246193
2018-08-20 23:45:00,2.56,3.553086313246193
2018-08-21 00:00:00,2.52,3.4008459563743374
2018-08-21 00:15:00,2.74,3.4008459563743374
2018-08-21 00:30:00,3.2,3.4008459563743374
2018-08-21 00:45:00,2.74,3.4008459563743374
2018-08-21 01:00:00,2.66,3.6006228032563254
2018-08-21 01:15:00,2.7,3.41083632744465
2018-08-21 01:30:00,2.7,3.2925599104716117
2018-08-21 01:45:00,2.74,3.2925599104716117
2018-08-21 02:00:00,2.77,3.321148463766675
2018-08-21 02:15:00,3.35,3.2925599104716117
2018-08-21 02:30:00,2.88,3.2925599104716117
2018-08-21 02:45:00,2.74,3.46953014025169
2018-08-21 03:00:00,2.77,3.2765216377893562
2018-08-21 03:15:00,2.7,3.2687844641769885
2018-08-21 03:30:00,2.74,3.2687844641769885
2018-08-21 03:45:00,2.81,3.2973730174720517
2018-08-21 04:00:00,2.7,3.2687844641769885
2018-08-21 04:15:00,2.74,3.2687844641769885
2018-08-21 04:30:00,2.81,3.2687844641769885
2018-08-21 04:45:00,3.28,3.2948131079295564
2018-08-21 05:00:00,2.77,3.2687844641769885
2018-08-21 05:15:00,2.7,3.6155586500705956
2018-08-21 05:30:00,2.74,3.2814607864340593
2018-08-21 05:45:00,2.63,3.2687844641769885
2018-08-21 06:00:00,2.63,3.2687844641769885
2018-08-21 06:15:00,2.63,3.1952992439791865
2018-08-21 06:30:00,2.88,3.1927393344366912
2018-08-21 06:45:00,2.95,3.1927393344366912
2018-08-21 07:00:00,3.24,3.339417171241376
2018-08-21 07:15:00,2.84,3.339417171241376
2018-08-21 07:30:00,3.17,4.763026849314175
2018-08-21 07:45:00,4.1,4.974254005727009
2018-08-21 08:00:00,67.46,26.290250781281888
2018-08-21 08:15:00,69.77,69.60714738182445
2018-08-21 08:30:00,53.42,89.79957562468374
2018-08-21 08:45:00,49.79,72.20986901465463
2018-08-21 09:00:00,58.43,63.45287056218799
2018-08-21 09:15:00,55.44,59.88906072598893
2018-08-21 09:30:00,56.84,56.9074218875323
2018-08-21 09:45:00,75.78,57.23484933722776
2018-08-21 10:00:00,48.1,57.14055480434326
2018-08-21 10:15:00,48.56,72.72859935088255
2018-08-21 10:30:00,52.81,60.21050104600641
2018-08-21 10:45:00,65.45,58.045916133703464
2018-08-21 11:00:00,60.8,59.905010234074204
2018-08-21 11:15:00,44.21,64.49415723064749
2018-08-21 11:30:00,41.4,58.767023368868536
2018-08-21 11:45:00,33.77,43.67598052133496
2018-08-21 12:00:00,4.14,12.538014530682725
2018-08-21 12:15:00,5.47,11.314561182848816
2018-08-21 12:30:00,5.47,4.068503717922175
2018-08-21 12:45:00,5.29,7.409690253532548
2018-08-21 13:00:00,39.82,44.13754706642406
2018-08-21 13:15:00,48.02,53.58634302735163
2018-08-21 13:30:00,40.82,61.5229639171299
2018-08-21 13:45:00,39.17,58.064260002591624
2018-08-21 14:00:00,42.91,45.07569973721254
2018-08-21 14:15:00,46.4,45.60463476877356
2018-08-21 14:30:00,52.42,45.18589667235286
2018-08-21 14:45:00,57.64,51.794353774336884
2018-08-21 15:00:00,56.88,57.272389459429796
2018-08-21 15:15:00,51.23,57.00160179827667
2018-08-21 15:30:00,49.86,57.36993779523035
2018-08-21 15:45:00,51.08,58.474105837528505
2018-08-21 16:00:00,50.58,58.52071532691875
2018-08-21 16:15:00,57.64,57.23411131846697
2018-08-21 16:30:00,57.28,57.88410259156138
2018-08-21 16:45:00,50.87,55.593994170314346
2018-08-21 17:00:00,56.48,54.09199407988543
2018-08-21 17:15:00,38.74,52.915117511505386
2018-08-21 17:30:00,30.38,35.164410248154105
2018-08-21 17:45:00,29.02,30.796004855219543
2018-08-21 18:00:00,33.01,43.87850967503409
2018-08-21 18:15:00,54.86,39.72955512829102
2018-08-21 18:30:00,54.76,44.299549431796564
2018-08-21 18:45:00,48.71,56.62225904200365
2018-08-21 19:00:00,56.27,55.21047773251449
2018-08-21 19:15:00,53.93,52.73899887789949
2018-08-21 19:30:00,50.4,57.175959837095135
2018-08-21 19:45:00,55.87,56.1610564311226
2018-08-21 20:00:00,54.9,54.88202767468117
2018-08-21 20:15:00,56.09,57.175959837095135
2018-08-21 20:30:00,57.31,49.96858699789857
2018-08-21 20:45:00,34.06,35.74153489085344
2018-08-21 21:00:00,4.54,18.206794249764144
2018-08-21 21:15:00,3.82,15.213265693692604
2018-08-21 21:30:00,3.49,3.347369017349768
2018-08-21 21:45:00,3.38,3.500583719468342
2018-08-21 22:00:00,3.64,3.4909201193627766
2018-08-21 22:15:00,3.89,3.4693255464753774
2018-08-21 22:30:00,3.24,3.410729228156525
2018-08-21 22:45:00,2.77,3.410729228156525
2018-08-21 23:00:00,2.56,3.417751573707629
2018-08-21 23:15:00,2.59,3.2614458514921694
2018-08-21 23:30:00,2.56,3.207984355755329
2018-08-21 23:45:00,2.56,3.207984355755329
2018-08-22 00:00:00,2.59,3.207984355755329
2018-08-22 00:15:00,2.74,3.1793958024602658
2018-08-22 00:30:00,2.63,3.1793958024602658
2018-08-22 00:45:00,2.59,3.1793958024602658
2018-08-22 01:00:00,2.59,3.1793958024602658
2018-08-22 01:15:00,2.63,3.1793958024602658
2018-08-22 01:30:00,2.59,3.07110975655754
2018-08-22 01:45:00,2.66,3.07110975655754
2018-08-22 02:00:00,2.63,3.07110975655754
2018-08-22 02:15:00,2.56,3.07110975655754
2018-08-22 02:30:00,2.59,3.07110975655754
2018-08-22 02:45:00,2.95,3.07110975655754
2018-08-22 03:00:00,3.17,3.045081112804972
2018-08-22 03:15:00,2.95,3.047334310262916
2018-08-22 03:30:00,3.1,3.047334310262916
2018-08-22 03:45:00,2.59,3.047334310262916
2018-08-22 04:00:00,2.63,3.047334310262916
2018-08-22 04:15:00,2.59,3.047334310262916
2018-08-22 04:30:00,2.56,3.075922863557979
2018-08-22 04:45:00,2.66,3.047334310262916
2018-08-22 05:00:00,2.63,3.047334310262916
2018-08-22 05:15:00,2.63,3.047334310262916
2018-08-22 05:30:00,2.63,3.047334310262916
2018-08-22 05:45:00,2.56,3.047334310262916
2018-08-22 06:00:00,2.59,3.047334310262916
2018-08-22 06:15:00,2.59,2.9452605367700517
2018-08-22 06:30:00,2.59,2.9452605367700517
2018-08-22 06:45:00,2.52,2.9452605367700517
2018-08-22 07:00:00,2.59,3.143995661079872
2018-08-22 07:15:00,3.46,3.143995661079872
2018-08-22 07:30:00,3.96,3.9576480446420184
2018-08-22 07:45:00,4.03,5.3963291505362845
2018-08-22 08:00:00,44.57,30.576934456546407
2018-08-22 08:15:00,48.35,56.30942040043319
2018-08-22 08:30:00,59.04,66.22633894924495
2018-08-22 08:45:00,51.41,59.944023845099274
2018-08-22 09:00:00,48.28,58.10756223277348
2018-08-22 09:15:00,68.33,55.82217941180427
2018-08-22 09:30:00,60.01,54.66264059035479
2018-08-22 09:45:00,61.74,62.78170498596883
2018-08-22 10:00:00,42.05,58.231547311748386
2018-08-22 10:15:00,48.67,59.486681042536205
2018-08-22 10:30:00,60.62,48.32834183940494
2018-08-22 10:45:00,57.82,57.928592805207565
2018-08-22 11:00:00,62.03,59.41043355283423
2018-08-22 11:15:00,59.11,57.24533539671716
2018-08-22 11:30:00,51.44,58.24495867856233
2018-08-22 11:45:00,40.93,52.33260208212116
2018-08-22 12:00:00,4.03,9.709736097443484
2018-08-22 12:15:00,4.36,10.156154902600274
2018-08-22 12:30:00,4.46,4.166523088940301
2018-08-22 12:45:00,4.36,6.6807919087007885
2018-08-22 13:00:00,32.15,40.57747298283542
2018-08-22 13:15:00,55.48,51.40259832861484
2018-08-22 13:30:00,57.24,55.65836741825006
2018-08-22 13:45:00,51.84,61.14013361933266
2018-08-22 14:00:00,68.76,58.32981695319771
2018-08-22 14:15:00,60.73,58.43987454734492
2018-08-22 14:30:00,60.7,63.99519303608348
2018-08-22 14:45:00,46.22,59.82016538674177
2018-08-22 15:00:00,55.66,60.421015609231034
2018-08-22 15:15:00,47.59,53.85710394657128
2018-08-22 15:30:00,61.6,58.90405423082447
2018-08-22 15:45:00,53.28,55.28760748097074
2018-08-22 16:00:00,56.05,58.76095733965465
2018-08-22 16:15:00,58.75,56.88403143329033
2018-08-22 16:30:00,51.48,57.46322925184361
2018-08-22 16:45:00,56.2,49.823770041937934
2018-08-22 17:00:00,45.18,46.7404653543318
2018-08-22 17:15:00,62.17,47.017408462686646
2018-08-22 17:30:00,34.16,30.07385166015464
2018-08-22 17:45:00,15.05,27.834563507040368
2018-08-22 18:00:00,5.4,33.21186916626632
2018-08-22 18:15:00,3.92,19.915758042760274
2018-08-22 18:30:00,3.49,9.427120222397605
2018-08-22 18:45:00,3.38,7.027474739362632
2018-08-22 19:00:00,3.46,4.93921194203995
2018-08-22 19:15:00,3.42,5.106814865020735
2018-08-22 19:30:00,2.81,5.103336946406796
2018-08-22 19:45:00,2.88,3.9609808192532983
2018-08-22 20:00:00,2.88,3.9696650761353744
2018-08-22 20:15:00,2.88,3.7920717820842764
2018-08-22 20:30:00,2.88,3.0508080094744807
2018-08-22 20:45:00,2.92,3.405585544239031
2018-08-22 21:00:00,2.92,2.9108147316676796
2018-08-22 21:15:00,3.02,2.9108147316676796
2018-08-22 21:30:00,2.95,3.187498650561486
2018-08-22 21:45:00,2.95,3.187498650561486
2018-08-22 22:00:00,2.88,3.187498650561486
2018-08-22 22:15:00,2.81,3.187498650561486
2018-08-22 22:30:00,2.81,3.1357611087950703
2018-08-22 22:45:00,2.81,3.064087411006436
2018-08-22 23:00:00,2.81,3.07110975655754
2018-08-22 23:15:00,3.2,3.07110975655754
2018-08-22 23:30:00,2.99,3.07110975655754
2018-08-22 23:45:00,2.92,3.2708866034395276
2018-08-23 00:00:00,3.46,3.0493225183564467
2018-08-23 00:15:00,2.92,3.0393321472861343
2018-08-23 00:30:00,2.99,3.239108994168122
2018-08-23 00:45:00,2.92,3.07791107165151
2018-08-23 01:00:00,2.92,3.0393321472861343
2018-08-23 01:15:00,2.92,3.0393321472861343
2018-08-23 01:30:00,3.17,3.0679207005811975
2018-08-23 01:45:00,3.02,3.0393321472861343
2018-08-23 02:00:00,3.13,3.0393321472861343
2018-08-23 02:15:00,3.28,3.0393321472861343
2018-08-23 02:30:00,3.2,3.0393321472861343
2018-08-23 02:45:00,5.62,3.24233102081878
2018-08-23 03:00:00,4.46,3.3592200595730146
2018-08-23 03:15:00,4.0,5.310634585062024
2018-08-23 03:30:00,4.07,3.769716137273184
2018-08-23 03:45:00,5.0,3.7714417700351066
2018-08-23 04:00:00,5.18,3.789716930250705
2018-08-23 04:15:00,3.96,5.083254415038933
2018-08-23 04:30:00,3.64,5.083254415038933
2018-08-23 04:45:00,3.17,3.553028999646645
2018-08-23 05:00:00,3.13,3.553028999646645
2018-08-23 05:15:00,3.17,3.206254813753038
2018-08-23 05:30:00,3.2,3.150107366829439
2018-08-23 05:45:00,3.13,3.150107366829439
2018-08-23 06:00:00,3.17,3.496881552723046
2018-08-23 06:15:00,3.17,3.0607099155936446
2018-08-23 06:30:00,3.13,3.048033593336574
2018-08-23 06:45:00,3.06,3.048033593336574
2018-08-23 07:00:00,3.06,3.2573524220079175
2018-08-23 07:15:00,3.24,3.2573524220079175
2018-08-23 07:30:00,3.78,4.071004805570065
2018-08-23 07:45:00,4.5,5.50968591146433
2018-08-23 08:00:00,41.0,48.245998996032995
2018-08-23 08:15:00,66.06,56.914364821116926
2018-08-23 08:30:00,59.47,66.39376461754969
2018-08-23 08:45:00,57.31,70.48169343735084
2018-08-23 09:00:00,49.54,59.56040939417478
2018-08-23 09:15:00,65.45,59.02420289260547
2018-08-23 09:30:00,52.67,55.13050157602664
2018-08-23 09:45:00,79.13,63.38559196445313
2018-08-23 10:00:00,68.26,57.488514376564396
2018-08-23 10:15:00,59.04,70.21344943345879
2018-08-23 10:30:00,63.9,66.42481840692004
2018-08-23 10:45:00,78.77,57.52896321145891
2018-08-23 11:00:00,71.32,60.32425433809022
2018-08-23 11:15:00,71.68,71.48087160983248
2018-08-23 11:30:00,69.01,69.31052353528935
2018-08-23 11:45:00,62.06,59.95441181334438
2018-08-23 12:00:00,15.3,8.037838344749199
2018-08-23 12:15:00,29.23,8.499302195928617
2018-08-23 12:30:00,28.44,6.620699015936912
2018-08-23 12:45:00,28.94,24.283196041302173
2018-08-23 13:00:00,38.88,37.54764560512683
2018-08-23 13:15:00,45.97,58.881267612357384
2018-08-23 13:30:00,41.26,44.96229800132072
2018-08-23 13:45:00,39.82,52.43314788887063
2018-08-23 14:00:00,40.07,44.518734361365844
2018-08-23 14:15:00,40.07,43.56469791421018
2018-08-23 14:30:00,42.62,43.64240210320154
2018-08-23 14:45:00,42.08,43.85623428938607
2018-08-23 15:00:00,41.47,43.73154271415447
2018-08-23 15:15:00,45.4,43.85371413378447
2018-08-23 15:30:00,45.79,44.003470355717674
2018-08-23 15:45:00,50.65,50.00402189680925
2018-08-23 16:00:00,51.95,47.506144899786136
2018-08-23 16:15:00,49.46,54.08249505371126
2018-08-23 16:30:00,53.28,55.01483737237686
2018-08-23 16:45:00,53.57,51.395737412201996
2018-08-23 17:00:00,48.49,52.46027856086278
2018-08-23 17:15:00,41.04,52.48450204765945
2018-08-23 17:30:00,31.54,35.576001892277894
2018-08-23 17:45:00,31.68,28.18577548157737
2018-08-23 18:00:00,37.12,30.943912771374986
2018-08-23 18:15:00,39.96,42.43008152589796
2018-08-23 18:30:00,43.24,42.47818120108755
2018-08-23 18:45:00,41.04,41.09316718409168
2018-08-23 19:00:00,40.43,43.903159346379674
2018-08-23 19:15:00,45.54,41.69021698396097
2018-08-23 19:30:00,41.15,38.997899962631294
2018-08-23 19:45:00,48.74,48.235275143058615
2018-08-23 20:00:00,49.82,41.92190905667113
2018-08-23 20:15:00,54.36,50.55357494661308
2018-08-23 20:30:00,41.69,44.75465810535603
2018-08-23 20:45:00,22.36,19.30639797091124
2018-08-23 21:00:00,6.55,17.883517608785347
2018-08-23 21:15:00,3.89,1.79503366874036
2018-08-23 21:30:00,3.78,5.917112962858972
2018-08-23 21:45:00,3.78,2.9923440726213255
2018-08-23 22:00:00,3.67,3.3747852501129016
2018-08-23 22:15:00,4.72,3.4375479372039717
2018-08-23 22:30:00,3.74,3.4224227435516474
2018-08-23 22:45:00,3.38,3.682581005844715
2018-08-23 23:00:00,2.92,3.4294450891027513
2018-08-23 23:15:00,2.88,3.4294450891027513
2018-08-23 23:30:00,2.92,3.2296682422207637
2018-08-23 23:45:00,2.92,3.176206746483923
2018-08-24 00:00:00,2.92,3.0385176373186926
2018-08-24 00:15:00,2.95,3.0385176373186926
2018-08-24 00:30:00,2.92,3.0099290840236295
2018-08-24 00:45:00,2.92,3.0099290840236295
2018-08-24 01:00:00,2.92,3.0099290840236295
2018-08-24 01:15:00,2.92,3.0099290840236295
2018-08-24 01:30:00,2.92,2.9733167359095383
2018-08-24 01:45:00,2.95,2.9733167359095383
2018-08-24 02:00:00,2.88,2.9733167359095383
2018-08-24 02:15:00,2.95,2.9733167359095383
2018-08-24 02:30:00,2.88,3.0099290840236295
2018-08-24 02:45:00,2.95,2.9016430381209037
2018-08-24 03:00:00,3.13,2.9016430381209037
2018-08-24 03:15:00,3.78,2.9038962355788485
2018-08-24 03:30:00,3.78,2.9038962355788485
2018-08-24 03:45:00,3.24,3.2048865733203797
2018-08-24 04:00:00,2.92,3.2175628955774505
2018-08-24 04:15:00,2.95,3.2940429594114566
2018-08-24 04:30:00,2.92,3.0216411749649885
2018-08-24 04:45:00,3.02,2.9324847888739116
2018-08-24 05:00:00,2.88,2.9324847888739116
2018-08-24 05:15:00,2.88,2.9324847888739116
2018-08-24 05:30:00,2.92,2.9038962355788485
2018-08-24 05:45:00,2.92,2.9038962355788485
2018-08-24 06:00:00,2.88,2.9038962355788485
2018-08-24 06:15:00,2.92,2.852745836105881
2018-08-24 06:30:00,2.84,2.852745836105881
2018-08-24 06:45:00,2.84,2.852745836105881
2018-08-24 07:00:00,2.88,2.852745836105881
2018-08-24 07:15:00,3.71,2.852745836105881
2018-08-24 07:30:00,4.03,3.4351202249856616
2018-08-24 07:45:00,3.82,4.828017482727846
2018-08-24 08:00:00,38.59,30.63420522975487
2018-08-24 08:15:00,58.46,40.70321664940438
2018-08-24 08:30:00,64.44,62.57976213983179
2018-08-24 08:45:00,62.32,61.144813216124
2018-08-24 09:00:00,55.76,61.68586212942523
2018-08-24 09:15:00,51.41,56.3507299546634
2018-08-24 09:30:00,68.58,57.878993142787046
2018-08-24 09:45:00,60.62,56.778297696604675
2018-08-24 10:00:00,61.2,63.086946197725126
2018-08-24 10:15:00,53.39,57.332934191630834
2018-08-24 10:30:00,55.4,59.0761161577161
2018-08-24 10:45:00,51.7,58.385132181556656
2018-08-24 11:00:00,64.48,57.292359417680835
2018-08-24 11:15:00,58.25,57.248603516286
2018-08-24 11:30:00,57.82,60.700199515129896
2018-08-24 11:45:00,45.11,44.46498735378738
2018-08-24 12:00:00,4.68,8.743564296375872
2018-08-24 12:15:00,4.5,10.556112427302178
2018-08-24 12:30:00,4.5,5.796042928338555
2018-08-24 12:45:00,4.5,8.395100720191795
2018-08-24 13:00:00,32.94,20.84757288967325
2018-08-24 13:15:00,55.48,51.56987412817415
2018-08-24 13:30:00,50.29,54.31086372741317
2018-08-24 13:45:00,52.09,59.16717816990929
2018-08-24 14:00:00,57.85,55.17118212818607
2018-08-24 14:15:00,47.16,56.557864624406015
2018-08-24 14:30:00,45.94,55.731901506871445
2018-08-24 14:45:00,39.24,53.03175592192575
2018-08-24 15:00:00,45.76,51.79853435715697
2018-08-24 15:15:00,47.59,43.48082291286119
2018-08-24 15:30:00,51.62,50.40194205496536
2018-08-24 15:45:00,50.58,51.68568396748553
2018-08-24 16:00:00,58.9,53.5795670000305
2018-08-24 16:15:00,53.28,52.83209753701034
2018-08-24 16:30:00,54.11,54.402822202664815
2018-08-24 16:45:00,54.65,53.57059672872645
2018-08-24 17:00:00,56.84,52.27660596684026
2018-08-24 17:15:00,45.54,50.880832119142475
2018-08-24 17:30:00,29.92,28.348285953818998
2018-08-24 17:45:00,28.91,27.838290578504704
2018-08-24 18:00:00,38.09,40.877002371686245
2018-08-24 18:15:00,54.68,37.22054353799886
2018-08-24 18:30:00,57.67,44.84249853384715
2018-08-24 18:45:00,55.12,54.05222195134737
2018-08-24 19:00:00,56.05,52.03231933897936
2018-08-24 19:15:00,53.39,54.06718623332496
2018-08-24 19:30:00,56.7,54.75450050645565
2018-08-24 19:45:00,52.49,54.8626187967169
2018-08-24 20:00:00,51.73,55.74251407275801
2018-08-24 20:15:00,56.63,55.61621863211466
2018-08-24 20:30:00,51.62,47.503690302794716
2018-08-24 20:45:00,17.5,33.47184225636672
2018-08-24 21:00:00,6.7,15.912872520206529
2018-08-24 21:15:00,3.92,2.035456947167111
2018-08-24 21:30:00,3.78,5.5688525511131965
2018-08-24 21:45:00,3.31,2.966889592549414
2018-08-24 22:00:00,2.95,3.1673173735205253
2018-08-24 22:15:00,2.92,3.2998588280387415
2018-08-24 22:30:00,3.06,3.0849567875044297
2018-08-24 22:45:00,3.24,3.0314952917675893
2018-08-24 23:00:00,2.7,3.0385176373186926
2018-08-24 23:15:00,2.74,3.2382944842006807
2018-08-24 23:30:00,2.74,3.019919455093942
2018-08-24 23:45:00,2.81,3.0099290840236295
2018-08-25 00:00:00,2.7,3.0099290840236295
2018-08-25 00:15:00,2.74,3.0385176373186926
2018-08-25 00:30:00,2.74,3.0099290840236295
2018-08-25 00:45:00,2.7,3.0099290840236295
2018-08-25 01:00:00,2.81,3.0099290840236295
2018-08-25 01:15:00,2.74,3.0099290840236295
2018-08-25 01:30:00,2.77,2.9016430381209037
2018-08-25 01:45:00,2.81,2.9016430381209037
2018-08-25 02:00:00,2.74,2.9016430381209037
2018-08-25 02:15:00,2.95,2.9016430381209037
2018-08-25 02:30:00,3.38,2.9016430381209037
2018-08-25 02:45:00,2.92,2.9016430381209037
2018-08-25 03:00:00,2.81,3.137168177890333
2018-08-25 03:15:00,3.31,2.899851905403783
2018-08-25 03:30:00,3.02,2.8871755831467123
2018-08-25 03:45:00,2.84,3.1881659208882436
2018-08-25 04:00:00,2.77,2.9451611111309823
2018-08-25 04:15:00,2.84,2.8871755831467123
2018-08-25 04:30:00,2.81,2.8871755831467123
2018-08-25 04:45:00,2.81,2.9157641364417755
2018-08-25 05:00:00,2.81,2.8871755831467123
2018-08-25 05:15:00,2.74,2.9038962355788485
2018-08-25 05:30:00,2.74,2.8871755831467123
2018-08-25 05:45:00,2.81,2.8871755831467123
2018-08-25 06:00:00,2.77,2.9038962355788485
2018-08-25 06:15:00,2.77,2.836025183673745
2018-08-25 06:30:00,2.92,2.852745836105881
2018-08-25 06:45:00,3.28,2.852745836105881
2018-08-25 07:00:00,2.77,2.852745836105881
2018-08-25 07:15:00,3.02,3.1537361738474123
2018-08-25 07:30:00,3.2,3.0234531247961387
2018-08-25 07:45:00,3.1,3.0803953559513504
2018-08-25 08:00:00,4.21,27.11043224509358
2018-08-25 08:15:00,4.21,25.357424850555876
2018-08-25 08:30:00,5.83,21.973026301800697
2018-08-25 08:45:00,5.62,16.464354282000006
2018-08-25 09:00:00,4.93,20.31622480273926
2018-08-25 09:15:00,4.57,20.450043400422338
2018-08-25 09:30:00,6.66,19.376121518533058
2018-08-25 09:45:00,4.43,18.328257852955147
2018-08-25 10:00:00,4.61,23.98033959728751
2018-08-25 10:15:00,4.43,19.001573679994664
2018-08-25 10:30:00,4.57,16.91416865919813
2018-08-25 10:45:00,4.79,19.32009580770984
2018-08-25 11:00:00,4.68,16.57969159430811
2018-08-25 11:15:00,5.18,16.138773871163746
2018-08-25 11:30:00,5.44,7.292674331042151
2018-08-25 11:45:00,3.35,4.560417570305018
2018-08-25 12:00:00,3.56,3.024000426981796
2018-08-25 12:15:00,3.67,2.223620423103793
2018-08-25 12:30:00,3.46,2.168616102321233
2018-08-25 12:45:00,3.38,3.50891968887111
2018-08-25 13:00:00,4.25,4.513657530614648
2018-08-25 13:15:00,4.57,2.449359726768325
2018-08-25 13:30:00,4.79,18.587541228153693
2018-08-25 13:45:00,5.8,16.08743987083379
2018-08-25 14:00:00,5.58,15.64648401233899
2018-08-25 14:15:00,5.51,18.16621825024296
2018-08-25 14:30:00,5.51,18.26194798993438
2018-08-25 14:45:00,5.58,17.069983549217714
2018-08-25 15:00:00,5.51,17.72273898348826
2018-08-25 15:15:00,5.36,17.627009243796838
2018-08-25 15:30:00,6.37,17.310883592638557
2018-08-25 15:45:00,6.84,16.85171848975184
2018-08-25 16:00:00,7.13,18.366073397577754
2018-08-25 16:15:00,6.37,13.798757533772886
2018-08-25 16:30:00,3.74,13.018405682739099
2018-08-25 16:45:00,4.03,7.278921397003678
2018-08-25 17:00:00,3.67,3.131051778059206
2018-08-25 17:15:00,3.53,3.6733362515203996
2018-08-25 17:30:00,3.42,3.5501495769071463
2018-08-25 17:45:00,3.42,3.547697369039079
2018-08-25 18:00:00,3.38,3.547697369039079
2018-08-25 18:15:00,3.46,3.598060258152521
2018-08-25 18:30:00,3.46,3.4304573351717362
2018-08-25 18:45:00,3.38,3.558918538746498
2018-08-25 19:00:00,2.84,3.391315615765713
2018-08-25 19:15:00,2.81,3.558918538746498
2018-08-25 19:30:00,2.92,3.232396949667004
2018-08-25 19:45:00,2.88,3.3900095015774765
2018-08-25 20:00:00,2.84,3.3900095015774765
2018-08-25 20:15:00,2.92,3.2224065785966918
2018-08-25 20:30:00,3.42,3.206421453235433
2018-08-25 20:45:00,3.31,3.4566886541048074
2018-08-25 21:00:00,2.88,3.1344695081012195
2018-08-25 21:15:00,2.92,3.1078475310574407
2018-08-25 21:30:00,2.88,2.991409955081071
2018-08-25 21:45:00,2.95,2.9814195840107587
2018-08-25 22:00:00,2.88,3.010008137305822
2018-08-25 22:15:00,2.66,2.9383344395171873
2018-08-25 22:30:00,2.56,2.8946206925698004
2018-08-25 22:45:00,2.52,2.8946206925698004
2018-08-25 23:00:00,2.74,2.9016430381209037
2018-08-25 23:15:00,3.17,2.9016430381209037
2018-08-25 23:30:00,2.59,2.9016430381209037
2018-08-25 23:45:00,2.56,2.9016430381209037
2018-08-26 00:00:00,2.56,2.9334206473923095
2018-08-26 00:15:00,2.63,2.9334206473923095
2018-08-26 00:30:00,2.66,2.9334206473923095
2018-08-26 00:45:00,2.59,2.9620092006873726
2018-08-26 01:00:00,2.66,2.9334206473923095
2018-08-26 01:15:00,2.63,2.9334206473923095
2018-08-26 01:30:00,2.59,2.9334206473923095
2018-08-26 01:45:00,2.56,2.9334206473923095
2018-08-26 02:00:00,2.77,2.9334206473923095
2018-08-26 02:15:00,3.24,2.9334206473923095
2018-08-26 02:30:00,2.81,2.9166999949601733
2018-08-26 02:45:00,2.56,3.1196988684928195
2018-08-26 03:00:00,2.59,2.9266903660304857
2018-08-26 03:15:00,2.59,2.918953192418118
2018-08-26 03:30:00,2.63,2.935673844850254
2018-08-26 03:45:00,3.1,2.947541745713181
2018-08-26 04:00:00,2.84,2.918953192418118
2018-08-26 04:15:00,2.63,2.918953192418118
2018-08-26 04:30:00,2.56,2.918953192418118
2018-08-26 04:45:00,2.59,2.918953192418118
2018-08-26 05:00:00,2.59,2.918953192418118
2018-08-26 05:15:00,2.59,2.918953192418118
2018-08-26 05:30:00,2.77,2.918953192418118
2018-08-26 05:45:00,2.77,2.918953192418118
2018-08-26 06:00:00,2.7,2.918953192418118
2018-08-26 06:15:00,2.7,2.8678027929451506
2018-08-26 06:30:00,2.74,2.8845234453772868
2018-08-26 06:45:00,2.74,2.8845234453772868
2018-08-26 07:00:00,2.7,2.8678027929451506
2018-08-26 07:15:00,2.74,2.8678027929451506
2018-08-26 07:30:00,2.84,3.0258337593783375
2018-08-26 07:45:00,4.61,3.09545231279062
2018-08-26 08:00:00,6.73,9.562640959784032
2018-08-26 08:15:00,5.72,25.478519595952147
2018-08-26 08:30:00,5.72,14.41584497084215
2018-08-26 08:45:00,5.65,8.876734902729174
2018-08-26 09:00:00,5.65,7.484544864072357
2018-08-26 09:15:00,5.08,6.207673258239064
2018-08-26 09:30:00,5.8,6.275590772397154
2018-08-26 09:45:00,5.62,5.7649422109366855
2018-08-26 10:00:00,6.34,5.520887621359724
2018-08-26 10:15:00,5.33,5.520887621359724
2018-08-26 10:30:00,5.33,6.143608645587614
2018-08-26 10:45:00,5.4,5.267757873165359
2018-08-26 11:00:00,5.04,5.267757873165359
2018-08-26 11:15:00,5.26,4.069767767515241
2018-08-26 11:30:00,4.57,3.2741649057550197
2018-08-26 11:45:00,4.64,3.6664270093987836
2018-08-26 12:00:00,3.31,1.9380279543451626
2018-08-26 12:15:00,3.06,2.268253262261956
2018-08-26 12:30:00,3.02,2.315203173414264
2018-08-26 12:45:00,3.06,3.4407254390272373
2018-08-26 13:00:00,3.24,3.902145301022288
2018-08-26 13:15:00,5.0,4.260801513776311
2018-08-26 13:30:00,5.98,4.37794078535124
2018-08-26 13:45:00,6.59,4.988586924762744
2018-08-26 14:00:00,5.62,5.459360711463912
2018-08-26 14:15:00,5.15,7.10575819418472
2018-08-26 14:30:00,4.93,6.884521965726615
2018-08-26 14:45:00,4.82,4.991185867190262
2018-08-26 15:00:00,6.12,5.053948554281332
2018-08-26 15:15:00,8.24,4.419088583969927
2018-08-26 15:30:00,7.85,6.151753513807097
2018-08-26 15:45:00,7.96,12.839251890049624
2018-08-26 16:00:00,8.42,14.392129563215983
2018-08-26 16:15:00,7.67,12.613535639139911
2018-08-26 16:30:00,4.0,11.383061975693419
2018-08-26 16:45:00,3.89,11.439895960047734
2018-08-26 17:00:00,4.14,3.033407090421347
2018-08-26 17:15:00,4.57,3.0264060970068343
2018-08-26 17:30:00,4.25,3.2953217024860946
2018-08-26 17:45:00,3.64,3.3346149865226327
2018-08-26 18:00:00,3.6,3.3346149865226327
2018-08-26 18:15:00,3.53,3.392957003521254
2018-08-26 18:30:00,3.6,3.392957003521254
2018-08-26 18:45:00,3.24,3.2866699347133412
2018-08-26 19:00:00,3.06,3.2866699347133412
2018-08-26 19:15:00,3.06,3.2866699347133412
2018-08-26 19:30:00,3.06,3.127751268614632
2018-08-26 19:45:00,3.06,3.1177608975443194
2018-08-26 20:00:00,3.13,3.1177608975443194
2018-08-26 20:15:00,3.1,3.1177608975443194
2018-08-26 20:30:00,3.1,3.0520627388542003
2018-08-26 20:45:00,3.06,3.0770813046662404
2018-08-26 21:00:00,3.13,3.040468956552149
2018-08-26 21:15:00,3.06,3.0770813046662404
2018-08-26 21:30:00,3.17,3.0783980946913188
2018-08-26 21:45:00,3.13,3.0498095413962556
2018-08-26 22:00:00,2.99,3.0131971932821644
2018-08-26 22:15:00,2.92,3.0131971932821644
2018-08-26 22:30:00,2.92,3.0266605529249038
2018-08-26 22:45:00,3.89,2.9980719996298406
2018-08-26 23:00:00,3.85,2.9620092006873726
2018-08-26 23:15:00,3.02,3.233459745357995
2018-08-26 23:30:00,2.88,3.2148615631332444
2018-08-26 23:45:00,2.88,3.082230065653146
2018-08-27 00:00:00,2.92,3.4743362068286388
2018-08-27 00:15:00,2.95,3.4357794107218123
2018-08-27 00:30:00,3.02,3.4357794107218123
2018-08-27 00:45:00,2.99,3.407190857426749
2018-08-27 01:00:00,2.92,3.407190857426749
2018-08-27 01:15:00,2.95,3.407190857426749
2018-08-27 01:30:00,2.95,3.407190857426749
2018-08-27 01:45:00,2.95,3.3355171596381146
2018-08-27 02:00:00,2.99,3.3355171596381146
2018-08-27 02:15:00,2.92,3.3355171596381146
2018-08-27 02:30:00,3.17,3.3355171596381146
2018-08-27 02:45:00,3.53,3.3355171596381146
2018-08-27 03:00:00,2.92,3.3355171596381146
2018-08-27 03:15:00,2.92,3.684544542989666
2018-08-27 03:30:00,2.92,3.350446679353129
2018-08-27 03:45:00,2.95,3.3377703570960584
2018-08-27 04:00:00,2.95,3.3663589103911216
2018-08-27 04:15:00,2.92,3.3663589103911216
2018-08-27 04:30:00,2.88,3.3377703570960584
2018-08-27 04:45:00,2.88,3.3377703570960584
2018-08-27 05:00:00,3.1,3.3377703570960584
2018-08-27 05:15:00,3.49,3.3377703570960584
2018-08-27 05:30:00,2.88,3.3377703570960584
2018-08-27 05:45:00,2.84,3.684544542989666
2018-08-27 06:00:00,2.88,3.350446679353129
2018-08-27 06:15:00,2.88,3.235696583603194
2018-08-27 06:30:00,2.84,3.235696583603194
2018-08-27 06:45:00,2.88,3.2642851368982573
2018-08-27 07:00:00,3.02,3.4084030641604466
2018-08-27 07:15:00,3.53,3.4084030641604466
2018-08-27 07:30:00,3.74,4.486051650170511
2018-08-27 07:45:00,3.92,5.924732756064775
2018-08-27 08:00:00,28.48,48.91793051083016
2018-08-27 08:15:00,47.3,55.791358717814816
2018-08-27 08:30:00,50.54,66.69588343238506
2018-08-27 08:45:00,55.73,63.33450721628926
2018-08-27 09:00:00,59.98,62.19922566207175
2018-08-27 09:15:00,53.75,59.689342141600065
2018-08-27 09:30:00,62.71,60.468918062298066
2018-08-27 09:45:00,60.66,59.966332495853706
2018-08-27 10:00:00,54.72,62.4753998468679
2018-08-27 10:15:00,57.6,61.8040811846703
2018-08-27 10:30:00,58.93,61.624769571369086
2018-08-27 10:45:00,65.45,62.602160843508855
2018-08-27 11:00:00,54.94,62.13842897906442
2018-08-27 11:15:00,47.88,66.13307317098484
2018-08-27 11:30:00,41.29,59.17474544082066
2018-08-27 11:45:00,40.57,38.326525376918916
2018-08-27 12:00:00,28.12,12.946717002241279
2018-08-27 12:15:00,25.24,10.637777643491749
2018-08-27 12:30:00,25.27,12.702692920301226
2018-08-27 12:45:00,25.52,21.19745535332907
2018-08-27 13:00:00,46.3,46.6961249661292
2018-08-27 13:15:00,58.68,55.264805677698476
2018-08-27 13:30:00,46.76,56.57340663590025
2018-08-27 13:45:00,41.76,58.98909154352812
2018-08-27 14:00:00,52.42,52.31711356470633
2018-08-27 14:15:00,68.65,46.4264957467673
2018-08-27 14:30:00,45.79,58.991235911391094
2018-08-27 14:45:00,67.79,64.41963841178467
2018-08-27 15:00:00,43.88,52.050645615427975
2018-08-27 15:15:00,45.9,65.7212337523978
2018-08-27 15:30:00,50.51,49.361200114755206
2018-08-27 15:45:00,49.5,54.19422846782451
2018-08-27 16:00:00,52.02,57.42451110492936
2018-08-27 16:15:00,63.22,57.74416323275075
2018-08-27 16:30:00,44.42,57.53485821172516
2018-08-27 16:45:00,63.4,58.990991305182185
2018-08-27 17:00:00,51.73,45.17295970094791
2018-08-27 17:15:00,49.97,58.424770932290905
2018-08-27 17:30:00,46.58,38.85048704880873
2018-08-27 17:45:00,29.95,27.83153871202422
2018-08-27 18:00:00,5.54,40.44211094708841
2018-08-27 18:15:00,3.6,44.441668493114776
2018-08-27 18:30:00,3.38,7.452733724141564
2018-08-27 18:45:00,3.42,6.0228724679874395
2018-08-27 19:00:00,3.42,6.683860149691317
2018-08-27 19:15:00,3.46,4.756842088369618
2018-08-27 19:30:00,3.46,4.756842088369618
2018-08-27 19:45:00,3.35,4.139488774653613
2018-08-27 20:00:00,3.38,4.594878810958672
2018-08-27 20:15:00,3.42,5.398566049110422
2018-08-27 20:30:00,2.88,3.739030227241015
2018-08-27 20:45:00,2.84,2.9215227530898633
2018-08-27 21:00:00,2.88,2.8323569403834785
2018-08-27 21:15:00,2.81,2.822366569313166
2018-08-27 21:30:00,2.84,3.480494606937124
2018-08-27 21:45:00,2.77,3.480494606937124
2018-08-27 22:00:00,2.7,3.4519060536420607
2018-08-27 22:15:00,2.66,3.4519060536420607
2018-08-27 22:30:00,2.7,3.400168511875645
2018-08-27 22:45:00,2.63,3.400168511875645
2018-08-27 23:00:00,2.59,3.3355171596381146
2018-08-27 23:15:00,2.66,3.3355171596381146
2018-08-27 23:30:00,3.13,3.3355171596381146
2018-08-27 23:45:00,2.66,3.3355171596381146
2018-08-28 00:00:00,2.59,3.07110975655754
2018-08-28 00:15:00,2.56,3.07110975655754
2018-08-28 00:30:00,2.59,3.07110975655754
2018-08-28 00:45:00,2.59,3.07110975655754
2018-08-28 01:00:00,2.56,3.099698309852603
2018-08-28 01:15:00,2.74,3.07110975655754
2018-08-28 01:30:00,3.06,3.07110975655754
2018-08-28 01:45:00,2.59,3.07110975655754
2018-08-28 02:00:00,2.59,3.045081112804972
2018-08-28 02:15:00,2.56,3.045081112804972
2018-08-28 02:30:00,2.59,3.045081112804972
2018-08-28 02:45:00,2.59,3.045081112804972
2018-08-28 03:00:00,2.59,3.045081112804972
2018-08-28 03:15:00,2.52,3.047334310262916
2018-08-28 03:30:00,2.52,3.047334310262916
2018-08-28 03:45:00,2.56,3.073362954015484
2018-08-28 04:00:00,2.56,3.047334310262916
2018-08-28 04:15:00,2.52,3.047334310262916
2018-08-28 04:30:00,2.63,3.047334310262916
2018-08-28 04:45:00,3.17,3.047334310262916
2018-08-28 05:00:00,3.06,3.047334310262916
2018-08-28 05:15:00,2.52,3.047334310262916
2018-08-28 05:30:00,2.52,3.047334310262916
2018-08-28 05:45:00,3.06,3.073362954015484
2018-08-28 06:00:00,2.56,3.047334310262916
2018-08-28 06:15:00,2.56,2.973849090065115
2018-08-28 06:30:00,2.52,2.9452605367700517
2018-08-28 06:45:00,2.59,2.9452605367700517
2018-08-28 07:00:00,2.52,3.117967017327304
2018-08-28 07:15:00,2.95,3.117967017327304
2018-08-28 07:30:00,3.31,3.9316194008894505
2018-08-28 07:45:00,3.67,4.476944420938821
2018-08-28 08:00:00,31.72,33.24492272587329
2018-08-28 08:15:00,49.18,56.49496020523098
2018-08-28 08:30:00,53.24,56.93918187825489
2018-08-28 08:45:00,45.9,57.25350362812803
2018-08-28 09:00:00,52.06,58.936689399074645
2018-08-28 09:15:00,60.7,51.497465166221055
2018-08-28 09:30:00,66.74,57.29354999769941
2018-08-28 09:45:00,62.86,58.149050052361574
2018-08-28 10:00:00,50.15,63.04806705138703
2018-08-28 10:15:00,59.08,60.640625837820195
2018-08-28 10:30:00,50.4,58.94904694225558
2018-08-28 10:45:00,60.91,59.656746108175604
2018-08-28 11:00:00,61.09,58.39958588827946
2018-08-28 11:15:00,59.9,59.04816545092017
2018-08-28 11:30:00,55.98,56.407611152903144
2018-08-28 11:45:00,40.72,42.97818192738601
2018-08-28 12:00:00,5.0,12.041457190186852
2018-08-28 12:15:00,4.32,11.74526177120886
2018-08-28 12:30:00,4.39,6.9197692771223025
2018-08-28 12:45:00,4.28,9.093093056396517
2018-08-28 13:00:00,29.02,33.08375919570752
2018-08-28 13:15:00,53.32,52.218664669844344
2018-08-28 13:30:00,58.0,45.78958101666705
2018-08-28 13:45:00,49.54,59.71416621466535
2018-08-28 14:00:00,51.16,57.11270319908469
2018-08-28 14:15:00,50.4,57.1991755057209
2018-08-28 14:30:00,41.69,57.78013587721228
2018-08-28 14:45:00,50.18,56.77925418758874
2018-08-28 15:00:00,45.61,45.65803016942632
2018-08-28 15:15:00,42.7,56.86918220288368
2018-08-28 15:30:00,47.41,51.544876285331
2018-08-28 15:45:00,48.06,44.92480261455215
2018-08-28 16:00:00,49.97,54.057023517385154
2018-08-28 16:15:00,44.78,53.16313276121587
2018-08-28 16:30:00,35.93,55.123325762472824
2018-08-28 16:45:00,40.07,48.1364172732604
2018-08-28 17:00:00,40.39,39.05552925085196
2018-08-28 17:15:00,40.61,38.79126265276111
2018-08-28 17:30:00,30.31,36.438854111712146
2018-08-28 17:45:00,30.53,29.7812561866458
2018-08-28 18:00:00,34.49,29.919161877079148
2018-08-28 18:15:00,39.24,44.529694258843556
2018-08-28 18:30:00,33.95,41.64966692786345
2018-08-28 18:45:00,32.94,41.81408758059234
2018-08-28 19:00:00,38.2,38.39636304012957
2018-08-28 19:15:00,39.35,38.46408785111111
2018-08-28 19:30:00,41.22,41.903413753621564
2018-08-28 19:45:00,42.62,42.246554609889
2018-08-28 20:00:00,49.64,41.95368085729502
2018-08-28 20:15:00,60.16,41.95368085729502
2018-08-28 20:30:00,46.62,49.35010589447513
2018-08-28 20:45:00,28.01,30.281158818255022
2018-08-28 21:00:00,4.36,16.37302493465504
2018-08-28 21:15:00,3.82,6.647155990221767
2018-08-28 21:30:00,3.64,3.5453320871840535
2018-08-28 21:45:00,3.6,3.2584512527376566
2018-08-28 22:00:00,3.42,3.4693255464753774
2018-08-28 22:15:00,3.53,3.4693255464753774
2018-08-28 22:30:00,3.42,3.410729228156525
2018-08-28 22:45:00,3.13,3.410729228156525
2018-08-28 23:00:00,2.77,3.417751573707629
2018-08-28 23:15:00,2.74,3.2179747268256413
2018-08-28 23:30:00,2.92,3.207984355755329
2018-08-28 23:45:00,3.42,3.207984355755329
2018-08-29 00:00:00,2.74,3.207984355755329
2018-08-29 00:15:00,2.81,3.4077612026373165
2018-08-29 00:30:00,2.77,3.189386173530578
2018-08-29 00:45:00,2.77,3.1793958024602658
2018-08-29 01:00:00,2.7,3.1793958024602658
2018-08-29 01:15:00,2.77,3.207984355755329
2018-08-29 01:30:00,2.7,3.1427834543461746
2018-08-29 01:45:00,2.7,3.07110975655754
2018-08-29 02:00:00,2.7,3.07110975655754
2018-08-29 02:15:00,2.77,3.07110975655754
2018-08-29 02:30:00,2.77,3.07110975655754
2018-08-29 02:45:00,2.77,3.07110975655754
2018-08-29 03:00:00,2.7,3.07110975655754
2018-08-29 03:15:00,2.74,3.047334310262916
2018-08-29 03:30:00,2.74,3.047334310262916
2018-08-29 03:45:00,2.95,3.073362954015484
2018-08-29 04:00:00,3.38,3.073362954015484
2018-08-29 04:15:00,2.88,3.047334310262916
2018-08-29 04:30:00,2.7,3.4201371399090914
2018-08-29 04:45:00,2.77,3.0600106325199867
2018-08-29 05:00:00,2.77,3.047334310262916
2018-08-29 05:15:00,3.2,3.047334310262916
2018-08-29 05:30:00,2.99,3.075922863557979
2018-08-29 05:45:00,2.74,3.3941084961565235
2018-08-29 06:00:00,2.77,3.0600106325199867
2018-08-29 06:15:00,2.74,2.9452605367700517
2018-08-29 06:30:00,2.7,2.9452605367700517
2018-08-29 06:45:00,2.66,2.973849090065115
2018-08-29 07:00:00,2.7,3.117967017327304
2018-08-29 07:15:00,3.24,3.117967017327304
2018-08-29 07:30:00,3.78,3.9316194008894505
2018-08-29 07:45:00,3.46,5.370300506783717
2018-08-29 08:00:00,34.31,45.47132449001589
2018-08-29 08:15:00,55.66,47.58319607973521
2018-08-29 08:30:00,55.08,57.63516773379272
2018-08-29 08:45:00,60.95,63.2112905587751
2018-08-29 09:00:00,56.84,57.02709028033892
2018-08-29 09:15:00,50.15,59.98296898717349
2018-08-29 09:30:00,48.46,56.292057059000754
2018-08-29 09:45:00,43.27,58.61211575118303
2018-08-29 10:00:00,34.88,54.532710565621166
2018-08-29 10:15:00,37.08,48.05092214342786
2018-08-29 10:30:00,45.72,45.22770387987926
2018-08-29 10:45:00,44.82,45.77324008046469
2018-08-29 11:00:00,58.1,51.41722315395672
2018-08-29 11:15:00,59.29,51.577847996477544
2018-08-29 11:30:00,52.78,55.57209460065788
2018-08-29 11:45:00,48.64,46.5083580291193
2018-08-29 12:00:00,4.79,10.273082505016598
2018-08-29 12:15:00,5.87,8.228096484507052
2018-08-29 12:30:00,5.9,4.070544212503888
2018-08-29 12:45:00,6.26,7.386962729722974
2018-08-29 13:00:00,32.9,25.141526144159513
2018-08-29 13:15:00,60.77,53.933102163101395
2018-08-29 13:30:00,50.4,54.06482483486506
2018-08-29 13:45:00,41.72,62.68443737130603
2018-08-29 14:00:00,49.46,56.87118120309194
2018-08-29 14:15:00,56.2,46.27977707404294
2018-08-29 14:30:00,38.99,56.55837736902395
2018-08-29 14:45:00,38.84,57.00997837438532
2018-08-29 15:00:00,53.28,44.00940748099899
2018-08-29 15:15:00,44.96,45.24769787034755
2018-08-29 15:30:00,56.2,57.41266192970763
2018-08-29 15:45:00,55.73,51.911406809855
2018-08-29 16:00:00,58.03,57.69887089439834
2018-08-29 16:15:00,54.47,56.79044734738452
2018-08-29 16:30:00,52.96,56.8649680000225
2018-08-29 16:45:00,52.88,56.480943040719694
2018-08-29 17:00:00,53.64,55.522290665579334
2018-08-29 17:15:00,44.6,55.05066414862529
2018-08-29 17:30:00,29.02,36.01304966014794
2018-08-29 17:45:00,29.41,28.67920889253319
2018-08-29 18:00:00,36.18,28.179595556555977
2018-08-29 18:15:00,54.54,46.12899539935432
2018-08-29 18:30:00,56.16,39.104224654739944
2018-08-29 18:45:00,40.68,45.29921173703027
2018-08-29 19:00:00,43.06,52.97760987091573
2018-08-29 19:15:00,63.76,42.56974562275079
2018-08-29 19:30:00,41.47,43.72716849947732
2018-08-29 19:45:00,45.25,57.65758780917688
2018-08-29 20:00:00,46.98,41.992583500697194
2018-08-29 20:15:00,43.67,44.61864994089918
2018-08-29 20:30:00,43.31,44.47275774301842
2018-08-29 20:45:00,14.22,21.45631841191499
2018-08-29 21:00:00,6.3,18.809626795968846
2018-08-29 21:15:00,3.92,2.4943386658734137
2018-08-29 21:30:00,3.82,4.700690456599789
2018-08-29 21:45:00,3.74,3.215617140329618
2018-08-29 22:00:00,3.6,3.4693255464753774
2018-08-29 22:15:00,3.35,3.4693255464753774
2018-08-29 22:30:00,3.53,3.454200352823053
2018-08-29 22:45:00,3.06,3.454200352823053
2018-08-29 23:00:00,2.92,3.417751573707629
2018-08-29 23:15:00,2.88,3.2179747268256413
2018-08-29 23:30:00,2.84,3.207984355755329
2018-08-29 23:45:00,2.88,3.207984355755329
2018-08-30 00:00:00,2.88,3.176206746483923
2018-08-30 00:15:00,2.92,3.14761819318886
2018-08-30 00:30:00,2.95,3.14761819318886
2018-08-30 00:45:00,2.99,3.14761819318886
2018-08-30 01:00:00,2.92,3.14761819318886
2018-08-30 01:15:00,2.66,3.14761819318886
2018-08-30 01:30:00,2.63,3.111005845074769
2018-08-30 01:45:00,2.66,3.111005845074769
2018-08-30 02:00:00,2.66,3.0393321472861343
2018-08-30 02:15:00,2.66,3.0393321472861343
2018-08-30 02:30:00,2.66,3.0393321472861343
2018-08-30 02:45:00,2.77,3.0393321472861343
2018-08-30 03:00:00,3.13,3.0393321472861343
2018-08-30 03:15:00,2.66,3.041585344744078
2018-08-30 03:30:00,2.66,3.041585344744078
2018-08-30 03:45:00,2.7,3.041585344744078
2018-08-30 04:00:00,3.17,3.041585344744078
2018-08-30 04:15:00,2.66,3.041585344744078
2018-08-30 04:30:00,2.63,3.0701738980391413
2018-08-30 04:45:00,2.59,3.041585344744078
2018-08-30 05:00:00,2.66,3.041585344744078
2018-08-30 05:15:00,2.59,3.041585344744078
2018-08-30 05:30:00,2.52,3.0441452542865735
2018-08-30 05:45:00,2.52,3.0155567009915103
2018-08-30 06:00:00,2.52,3.0155567009915103
2018-08-30 06:15:00,2.59,2.913482927498646
2018-08-30 06:30:00,2.59,2.913482927498646
2018-08-30 06:45:00,2.48,2.913482927498646
2018-08-30 07:00:00,2.84,3.0861894080558985
2018-08-30 07:15:00,3.71,3.1122180518084663
2018-08-30 07:30:00,3.85,3.8998417916180443
2018-08-30 07:45:00,3.71,5.338522897512311
2018-08-30 08:00:00,30.96,31.795279879875647
2018-08-30 08:15:00,50.8,59.056475463128145
2018-08-30 08:30:00,47.3,54.899730897180305
2018-08-30 08:45:00,53.96,60.111468803414105
2018-08-30 09:00:00,56.74,53.89441136302714
2018-08-30 09:15:00,53.6,56.0776089475808
2018-08-30 09:30:00,42.23,55.110672162742496
2018-08-30 09:45:00,43.13,56.29195178896118
2018-08-30 10:00:00,42.66,45.63885960442948
2018-08-30 10:15:00,51.62,47.81735313555298
2018-08-30 10:30:00,48.17,46.65535329236745
2018-08-30 10:45:00,48.35,56.44497349128954
2018-08-30 11:00:00,42.84,54.45604469984842
2018-08-30 11:15:00,68.87,52.74721230976596
2018-08-30 11:30:00,46.55,43.320720819657424
2018-08-30 11:45:00,43.34,56.77254464379254
2018-08-30 12:00:00,6.16,9.597119090021307
2018-08-30 12:15:00,4.97,9.603382412115074
2018-08-30 12:30:00,5.47,5.364226220497759
2018-08-30 12:45:00,5.33,7.404658933466948
2018-08-30 13:00:00,27.76,29.62284605909569
2018-08-30 13:15:00,47.23,47.38637961453231
2018-08-30 13:30:00,58.03,43.34788473905686
2018-08-30 13:45:00,50.33,54.046582275605914
2018-08-30 14:00:00,68.65,55.9183273873113
2018-08-30 14:15:00,52.13,53.98306291622171
2018-08-30 14:30:00,59.18,60.39509720873869
2018-08-30 14:45:00,49.14,55.467031539630185
2018-08-30 15:00:00,57.24,56.65876585342012
2018-08-30 15:15:00,54.94,54.70283223213521
2018-08-30 15:30:00,55.55,57.65804716948237
2018-08-30 15:45:00,56.38,56.47279324677703
2018-08-30 16:00:00,57.67,56.776243521873944
2018-08-30 16:15:00,47.66,56.949829207016485
2018-08-30 16:30:00,48.56,57.226265071483255
2018-08-30 16:45:00,43.24,52.72589973197598
2018-08-30 17:00:00,42.48,52.02474865398854
2018-08-30 17:15:00,39.35,43.303916825531054
2018-08-30 17:30:00,41.44,29.802864056680313
2018-08-30 17:45:00,47.38,29.076634655552798
2018-08-30 18:00:00,100.58,38.24872941276412
2018-08-30 18:15:00,77.4,42.18269604158711
2018-08-30 18:30:00,39.92,66.86012213291362
2018-08-30 18:45:00,40.61,77.8687628513216
2018-08-30 19:00:00,39.89,43.837638964629704
2018-08-30 19:15:00,37.33,47.07913794476591
2018-08-30 19:30:00,40.86,45.384029604772806
2018-08-30 19:45:00,33.12,42.76926301244508
2018-08-30 20:00:00,38.52,41.099035410276365
2018-08-30 20:15:00,34.42,37.44033478637008
2018-08-30 20:30:00,32.22,35.195925679083494
2018-08-30 20:45:00,24.44,16.47320650359311
2018-08-30 21:00:00,3.74,15.945320512351362
2018-08-30 21:15:00,4.25,3.2505707352578814
2018-08-30 21:30:00,3.89,3.202209467943584
2018-08-30 21:45:00,3.64,3.634943512405969
2018-08-30 22:00:00,3.53,3.4375479372039717
2018-08-30 22:15:00,3.31,3.4005899852858854
2018-08-30 22:30:00,2.88,3.4224227435516474
2018-08-30 22:45:00,3.38,3.3789516188851194
2018-08-30 23:00:00,2.77,3.1861971175542356
2018-08-30 23:15:00,2.63,3.375983593365911
2018-08-30 23:30:00,2.7,3.1861971175542356
2018-08-30 23:45:00,2.74,3.176206746483923
2018-08-31 00:00:00,2.74,3.0099290840236295
2018-08-31 00:15:00,2.7,3.0385176373186926
2018-08-31 00:30:00,2.7,3.0099290840236295
2018-08-31 00:45:00,2.7,3.0099290840236295
2018-08-31 01:00:00,2.7,3.0099290840236295
2018-08-31 01:15:00,2.7,2.9733167359095383
2018-08-31 01:30:00,2.74,2.938255386234995
2018-08-31 01:45:00,2.77,2.9016430381209037
2018-08-31 02:00:00,2.7,2.9016430381209037
2018-08-31 02:15:00,2.74,2.9016430381209037
2018-08-31 02:30:00,2.99,2.9016430381209037
2018-08-31 02:45:00,3.2,2.9016430381209037
2018-08-31 03:00:00,2.81,2.9016430381209037
2018-08-31 03:15:00,2.74,3.1881659208882436
2018-08-31 03:30:00,2.74,2.899851905403783
2018-08-31 03:45:00,2.74,2.8871755831467123
2018-08-31 04:00:00,3.02,2.8871755831467123
2018-08-31 04:15:00,3.38,2.9157641364417755
2018-08-31 04:30:00,2.81,2.8871755831467123
2018-08-31 04:45:00,2.77,3.1881659208882436
2018-08-31 05:00:00,2.77,2.899851905403783
2018-08-31 05:15:00,2.74,2.8871755831467123
2018-08-31 05:30:00,2.74,2.8871755831467123
2018-08-31 05:45:00,2.7,2.9157641364417755
2018-08-31 06:00:00,2.74,2.8871755831467123
2018-08-31 06:15:00,2.7,2.836025183673745
2018-08-31 06:30:00,2.74,2.836025183673745
2018-08-31 06:45:00,2.88,2.852745836105881
2018-08-31 07:00:00,3.06,2.852745836105881
2018-08-31 07:15:00,3.31,2.852745836105881
2018-08-31 07:30:00,3.85,3.4183995725535254
2018-08-31 07:45:00,3.6,4.81129683029571
2018-08-31 08:00:00,26.14,31.21457023631694
2018-08-31 08:15:00,45.65,45.403377263932384
2018-08-31 08:30:00,58.03,56.38974191928249
2018-08-31 08:45:00,88.99,54.05424498277041
2018-08-31 09:00:00,113.04,57.072263405471375
2018-08-31 09:15:00,112.68,74.98279259406124
2018-08-31 09:30:00,54.32,83.50736712162941
2018-08-31 09:45:00,58.54,92.43332606936733
2018-08-31 10:00:00,52.92,66.47396709015317
2018-08-31 10:15:00,53.6,60.03224943903133
2018-08-31 10:30:00,44.21,60.879098436861554
2018-08-31 10:45:00,49.03,60.450482047315944
2018-08-31 11:00:00,61.52,46.7058679587992
2018-08-31 11:15:00,60.01,54.04276820421353
2018-08-31 11:30:00,61.56,56.024597160598525
2018-08-31 11:45:00,48.28,51.01244129415751
2018-08-31 12:00:00,4.46,9.310278865179397
2018-08-31 12:15:00,5.54,6.97052893564971
2018-08-31 12:30:00,5.44,3.0863149943986676
2018-08-31 12:45:00,8.5,6.2653984268445795
2018-08-31 13:00:00,37.44,27.927354229435412
2018-08-31 13:15:00,44.64,59.555206836610814
2018-08-31 13:30:00,53.03,60.36185442083027
2018-08-31 13:45:00,56.77,49.43092016421365
2018-08-31 14:00:00,56.12,56.12560901552341
2018-08-31 14:15:00,58.97,55.53765195368003
2018-08-31 14:30:00,56.77,56.14769202199149
2018-08-31 14:45:00,40.32,54.718554073761254
2018-08-31 15:00:00,48.17,57.020149106954825
2018-08-31 15:15:00,44.42,46.06618101426608
2018-08-31 15:30:00,55.55,55.403038301885985
2018-08-31 15:45:00,55.87,47.330755662337765
2018-08-31 16:00:00,58.14,54.81568141975687
2018-08-31 16:15:00,56.12,54.706753171122365
2018-08-31 16:30:00,51.98,55.42513112909295
2018-08-31 16:45:00,55.19,55.22485800430097
2018-08-31 17:00:00,47.41,54.20552589666649
2018-08-31 17:15:00,43.92,53.457364710349005
2018-08-31 17:30:00,28.4,42.89344562570558
2018-08-31 17:45:00,28.69,37.110834941003596
2018-08-31 18:00:00,31.82,28.59871804503709
2018-08-31 18:15:00,44.03,34.80860982738876
2018-08-31 18:30:00,36.76,42.164382930008216
2018-08-31 18:45:00,36.22,44.04127183897987
2018-08-31 19:00:00,43.49,40.908056072132865
2018-08-31 19:15:00,40.25,39.08139363747224
2018-08-31 19:30:00,44.71,43.34466838748922
2018-08-31 19:45:00,43.67,40.52689065129336
2018-08-31 20:00:00,37.94,43.11734473678154
2018-08-31 20:15:00,36.4,42.74154656470474
2018-08-31 20:30:00,53.71,35.30840582032652
2018-08-31 20:45:00,19.22,13.658821036249439
2018-08-31 21:00:00,4.46,14.068532521960723
2018-08-31 21:15:00,4.03,1.4966012343208017
2018-08-31 21:30:00,4.07,3.133026994758447
2018-08-31 21:45:00,3.85,3.315044032699155
2018-08-31 22:00:00,3.67,3.4484928310000584
2018-08-31 22:15:00,3.6,3.2998588280387415
2018-08-31 22:30:00,3.82,3.2847336343864173
2018-08-31 22:45:00,4.64,3.2847336343864173
2018-08-31 23:00:00,3.06,3.291755979937521
2018-08-31 23:15:00,2.92,3.5084431175640605
2018-08-31 23:30:00,2.95,3.091979133055533
2018-08-31 23:45:00,2.95,3.0819887619852206
2018-09-01 00:00:00,2.95,2.9292399706179406
2018-09-01 00:15:00,3.02,2.8533994559577187
2018-09-01 00:30:00,3.02,2.8533994559577187
2018-09-01 00:45:00,3.02,2.8533994559577187
2018-09-01 01:00:00,3.02,2.8533994559577187
2018-09-01 01:15:00,2.95,2.8533994559577187
2018-09-01 01:30:00,2.99,2.8814309847368107
2018-09-01 01:45:00,3.06,2.8533994559577187
2018-09-01 02:00:00,2.99,2.8533994559577187
2018-09-01 02:15:00,2.95,2.8533994559577187
2018-09-01 02:30:00,3.02,2.898226147789752
2018-09-01 02:45:00,3.49,2.898226147789752
2018-09-01 03:00:00,3.17,2.901174370800698
2018-09-01 03:15:00,3.06,3.2660931191543807
2018-09-01 03:30:00,3.53,2.992159103342824
2018-09-01 03:45:00,3.46,2.934491977088813
2018-09-01 04:00:00,3.02,3.344186283023167
2018-09-01 04:15:00,3.02,3.3610546159273658
2018-09-01 04:30:00,3.02,2.9920658762941748
2018-09-01 04:45:00,3.13,2.9472391844621413
2018-09-01 05:00:00,3.06,2.926719919798716
2018-09-01 05:15:00,3.06,2.9625655986651926
2018-09-01 05:30:00,3.02,2.8843792077477564
2018-09-01 05:45:00,3.02,2.8843792077477564
2018-09-01 06:00:00,3.02,2.8843792077477564
2018-09-01 06:15:00,3.06,2.8940535847678537
2018-09-01 06:30:00,3.53,2.8940535847678537
2018-09-01 06:45:00,3.24,2.938880276599887
2018-09-01 07:00:00,2.99,3.333341395379839
2018-09-01 07:15:00,3.02,3.370728992947463
2018-09-01 07:30:00,3.17,2.983798839880507
2018-09-01 07:45:00,3.28,3.2070344782949296
2018-09-01 08:00:00,17.17,18.16753705262497
2018-09-01 08:15:00,32.44,35.71979137245628
2018-09-01 08:30:00,32.11,18.945440675107523
2018-09-01 08:45:00,37.4,39.722406617905136
2018-09-01 09:00:00,47.09,36.16360859382884
2018-09-01 09:15:00,32.9,41.30141961872565
2018-09-01 09:30:00,42.77,45.11362829836071
2018-09-01 09:45:00,41.11,35.31881402527851
2018-09-01 10:00:00,49.46,40.232568490785425
2018-09-01 10:15:00,38.88,38.89064318787972
2018-09-01 10:30:00,50.62,48.03667891237861
2018-09-01 10:45:00,32.94,39.37531221054547
2018-09-01 11:00:00,28.15,48.052858335840504
2018-09-01 11:15:00,25.78,36.64691938616633
2018-09-01 11:30:00,25.7,19.43155547683479
2018-09-01 11:45:00,25.31,16.676565047777608
2018-09-01 12:00:00,25.6,10.782602775028382
2018-09-01 12:15:00,25.34,10.057162577717454
2018-09-01 12:30:00,25.49,15.304872255395352
2018-09-01 12:45:00,25.49,19.25653947538743
2018-09-01 13:00:00,25.49,24.63844005347647
2018-09-01 13:15:00,28.19,36.25295585884575
2018-09-01 13:30:00,27.61,28.94506863514713
2018-09-01 13:45:00,27.04,24.133965994628035
2018-09-01 14:00:00,27.43,24.133965994628035
2018-09-01 14:15:00,26.86,24.133965994628035
2018-09-01 14:30:00,26.78,24.133965994628035
2018-09-01 14:45:00,27.14,24.040014858810142
2018-09-01 15:00:00,26.57,23.818717556106517
2018-09-01 15:15:00,26.17,23.4678435479772
2018-09-01 15:30:00,26.42,23.490457032186647
2018-09-01 15:45:00,25.99,23.490457032186647
2018-09-01 16:00:00,25.92,23.357441409374907
2018-09-01 16:15:00,26.53,21.296625256605637
2018-09-01 16:30:00,26.32,21.302736029315973
2018-09-01 16:45:00,26.32,14.526231608540876
2018-09-01 17:00:00,26.06,12.030139814128443
2018-09-01 17:15:00,25.02,14.101993885687728
2018-09-01 17:30:00,25.85,17.533590707367008
2018-09-01 17:45:00,24.34,19.43787612176319
2018-09-01 18:00:00,25.74,19.43787612176319
2018-09-01 18:15:00,6.44,14.04692093537284
2018-09-01 18:30:00,3.49,22.77559274284913
2018-09-01 18:45:00,3.49,4.995668396282044
2018-09-01 19:00:00,3.6,3.2351115221685136
2018-09-01 19:15:00,3.56,3.2351115221685136
2018-09-01 19:30:00,3.31,3.4060599209726465
2018-09-01 19:45:00,2.92,3.4060599209726465
2018-09-01 20:00:00,2.92,3.439972046059715
2018-09-01 20:15:00,2.99,3.270745709663634
2018-09-01 20:30:00,2.99,3.144404058550355
2018-09-01 20:45:00,2.95,3.2448019637931544
2018-09-01 21:00:00,2.99,2.7679050105321634
2018-09-01 21:15:00,2.92,2.7869690562384313
2018-09-01 21:30:00,2.81,2.857251247226613
2018-09-01 21:45:00,2.81,2.8348810114256304
2018-09-01 22:00:00,2.7,2.8348810114256304
2018-09-01 22:15:00,2.7,2.8348810114256304
2018-09-01 22:30:00,2.66,2.885239333467567
2018-09-01 22:45:00,2.66,2.885239333467567
2018-09-01 23:00:00,2.66,2.858572016200986
2018-09-01 23:15:00,2.63,2.858572016200986
2018-09-01 23:30:00,3.82,2.7791180441872525
2018-09-01 23:45:00,3.85,2.7791180441872525
2018-09-02 00:00:00,2.63,2.953534208052088
2018-09-02 00:15:00,2.63,3.6297278089483935
2018-09-02 00:30:00,2.66,3.0954334502700007
2018-09-02 00:45:00,2.63,2.8555429151854432
2018-09-02 01:00:00,2.74,2.859156372538954
2018-09-02 01:15:00,2.7,2.859156372538954
2018-09-02 01:30:00,2.63,2.7797024005252213
2018-09-02 01:45:00,2.66,2.7797024005252213
2018-09-02 02:00:00,2.63,2.7797024005252213
2018-09-02 02:15:00,2.66,2.791271219869086
2018-09-02 02:30:00,2.7,2.791271219869086
2018-09-02 02:45:00,2.63,2.808139552773285
2018-09-02 03:00:00,2.66,2.791271219869086
2018-09-02 03:15:00,2.63,2.791271219869086
2018-09-02 03:30:00,2.63,2.808139552773285
2018-09-02 03:45:00,2.81,2.7965707334294203
2018-09-02 04:00:00,3.2,2.7926507103087213
2018-09-02 04:15:00,2.77,2.804219529652586
2018-09-02 04:30:00,2.66,3.142534601254788
2018-09-02 04:45:00,3.2,2.804219529652586
2018-09-02 05:00:00,3.17,2.804219529652586
2018-09-02 05:15:00,2.59,3.2219885732685207
2018-09-02 05:30:00,2.56,2.9917150398101393
2018-09-02 05:45:00,2.63,2.804219529652586
2018-09-02 06:00:00,2.56,2.804219529652586
2018-09-02 06:15:00,2.56,2.893347878686416
2018-09-02 06:30:00,2.56,2.910216211590615
2018-09-02 06:45:00,2.56,2.8307622395768823
2018-09-02 07:00:00,2.59,2.8138939066726834
2018-09-02 07:15:00,2.66,2.8138939066726834
2018-09-02 07:30:00,2.77,2.7790841603347194
2018-09-02 07:45:00,2.7,2.6717498962125634
2018-09-02 08:00:00,26.17,10.48942106122142
2018-09-02 08:15:00,50.18,9.459899185380957
2018-09-02 08:30:00,42.37,31.58336718367511
2018-09-02 08:45:00,41.76,55.65465907626557
2018-09-02 09:00:00,31.46,43.33462097184693
2018-09-02 09:15:00,39.13,38.29138095206997
2018-09-02 09:30:00,56.95,36.14442332517763
2018-09-02 09:45:00,35.14,39.995403743449714
2018-09-02 10:00:00,51.34,49.189773202721064
2018-09-02 10:15:00,48.67,35.92769902696252
2018-09-02 10:30:00,32.36,48.100212976621705
2018-09-02 10:45:00,31.14,42.25879741778765
2018-09-02 11:00:00,35.53,29.409189322582854
2018-09-02 11:15:00,52.63,24.51887289207887
2018-09-02 11:30:00,57.38,20.216307100405828
2018-09-02 11:45:00,21.67,19.79915861240388
2018-09-02 12:00:00,3.17,9.049636887640705
2018-09-02 12:15:00,3.17,7.160952011048375
2018-09-02 12:30:00,3.31,6.538440917261522
2018-09-02 12:45:00,3.89,6.652122666125956
2018-09-02 13:00:00,13.43,23.51446419224286
2018-09-02 13:15:00,32.8,28.637996363361353
2018-09-02 13:30:00,52.2,29.578259432717033
2018-09-02 13:45:00,56.56,31.180583394095493
2018-09-02 14:00:00,33.91,38.42408116359529
2018-09-02 14:15:00,42.41,36.89498985032425
2018-09-02 14:30:00,44.75,25.577995650207907
2018-09-02 14:45:00,47.7,29.503117477226642
2018-09-02 15:00:00,44.82,32.811376869457746
2018-09-02 15:15:00,31.68,30.72436812924793
2018-09-02 15:30:00,23.69,32.77824523263617
2018-09-02 15:45:00,5.65,23.61806099091792
2018-09-02 16:00:00,5.04,21.02348124143672
2018-09-02 16:15:00,3.64,5.4290364336245425
2018-09-02 16:30:00,3.6,5.273205652496259
2018-09-02 16:45:00,3.64,3.8650466507978583
2018-09-02 17:00:00,3.6,3.8650466507978583
2018-09-02 17:15:00,3.64,3.8650466507978583
2018-09-02 17:30:00,3.53,3.1631093057920476
2018-09-02 17:45:00,3.42,3.1631093057920476
2018-09-02 18:00:00,3.42,3.1631093057920476
2018-09-02 18:15:00,3.49,3.1243734813425896
2018-09-02 18:30:00,3.02,3.1243734813425896
2018-09-02 18:45:00,2.92,3.1243734813425896
2018-09-02 19:00:00,2.81,2.977517380747492
2018-09-02 19:15:00,2.84,2.9551471449465083
2018-09-02 19:30:00,2.99,2.918087240272411
2018-09-02 19:45:00,2.88,2.8731873785891193
2018-09-02 20:00:00,2.92,2.895557614390103
2018-09-02 20:15:00,3.64,2.8731873785891193
2018-09-02 20:30:00,3.35,2.895451824696639
2018-09-02 20:45:00,2.95,3.0192783757564787
2018-09-02 21:00:00,2.99,2.895190304012368
2018-09-02 21:15:00,2.92,2.8724469332984057
2018-09-02 21:30:00,2.92,2.916807785320605
2018-09-02 21:45:00,2.88,2.8466285636384923
2018-09-02 22:00:00,2.7,2.773770343027366
2018-09-02 22:15:00,2.77,2.773770343027366
2018-09-02 22:30:00,2.81,2.8143296807069205
2018-09-02 22:45:00,2.74,2.8143296807069205
2018-09-02 23:00:00,2.66,2.8143296807069205
2018-09-02 23:15:00,2.7,2.8143296807069205
2018-09-02 23:30:00,2.74,2.7965707334294203
2018-09-02 23:45:00,2.74,2.7965707334294203
2018-09-03 00:00:00,3.35,3.175476641916017
2018-09-03 00:15:00,2.74,3.0960226699022835
2018-09-03 00:30:00,2.74,3.383997194267812
2018-09-03 00:45:00,2.74,3.0960226699022835
2018-09-03 01:00:00,2.74,3.0960226699022835
2018-09-03 01:15:00,2.74,3.0960226699022835
2018-09-03 01:30:00,2.77,3.175476641916017
2018-09-03 01:45:00,2.74,3.0960226699022835
2018-09-03 02:00:00,3.17,3.0960226699022835
2018-09-03 02:15:00,3.31,3.0960226699022835
2018-09-03 02:30:00,2.74,3.18109871067515
2018-09-03 02:45:00,2.7,3.383997194267812
2018-09-03 03:00:00,2.77,3.0960226699022835
2018-09-03 03:15:00,2.74,3.0960226699022835
2018-09-03 03:30:00,2.74,3.175476641916017
2018-09-03 03:45:00,3.28,3.2318721530919152
2018-09-03 04:00:00,2.7,3.1653664908616825
2018-09-03 04:15:00,2.77,3.4909465336411607
2018-09-03 04:30:00,2.7,3.1089709796857843
2018-09-03 04:45:00,2.77,3.1653664908616825
2018-09-03 05:00:00,2.7,3.1653664908616825
2018-09-03 05:15:00,2.63,3.188424951699517
2018-09-03 05:30:00,2.63,3.1089709796857843
2018-09-03 05:45:00,2.66,3.1089709796857843
2018-09-03 06:00:00,2.59,3.1089709796857843
2018-09-03 06:15:00,2.74,3.1186453567058807
2018-09-03 06:30:00,2.66,3.1186453567058807
2018-09-03 06:45:00,2.66,3.1186453567058807
2018-09-03 07:00:00,2.77,3.1186453567058807
2018-09-03 07:15:00,4.54,3.1186453567058807
2018-09-03 07:30:00,3.71,4.117087477991782
2018-09-03 07:45:00,2.95,6.654669204733949
2018-09-03 08:00:00,12.17,32.92247065210353
2018-09-03 08:15:00,41.9,26.358568104422577
2018-09-03 08:30:00,41.04,47.77992314981867
2018-09-03 08:45:00,46.08,55.463058738064184
2018-09-03 09:00:00,46.66,46.61655559061059
2018-09-03 09:15:00,67.0,51.27444185709204
2018-09-03 09:30:00,65.88,51.55991161987056
2018-09-03 09:45:00,41.0,63.438639808576085
2018-09-03 10:00:00,41.22,62.708097781799765
2018-09-03 10:15:00,40.93,45.831271204465494
2018-09-03 10:30:00,39.17,46.87860101061638
2018-09-03 10:45:00,44.24,48.26516317668457
2018-09-03 11:00:00,59.94,46.78939535814761
2018-09-03 11:15:00,39.13,48.12642529225499
2018-09-03 11:30:00,39.6,57.27089371237646
2018-09-03 11:45:00,30.71,33.15391358002202
2018-09-03 12:00:00,5.08,12.413884118070015
2018-09-03 12:15:00,5.0,12.746426918275017
2018-09-03 12:30:00,4.97,8.590956575428464
2018-09-03 12:45:00,5.11,9.525696694400015
2018-09-03 13:00:00,23.15,37.58229658256975
2018-09-03 13:15:00,46.26,52.48577334155309
2018-09-03 13:30:00,63.58,53.47216309803377
2018-09-03 13:45:00,54.22,52.27765977008344
2018-09-03 14:00:00,56.77,60.5024920259088
2018-09-03 14:15:00,51.34,58.06562678612565
2018-09-03 14:30:00,54.94,57.18342615659022
2018-09-03 14:45:00,60.88,57.95344571583871
2018-09-03 15:00:00,58.9,57.985098889187746
2018-09-03 15:15:00,55.15,58.031520628611084
2018-09-03 15:30:00,79.67,59.025359614613244
2018-09-03 15:45:00,83.16,58.849019284406694
2018-09-03 16:00:00,113.65,73.26959999820107
2018-09-03 16:15:00,63.83,77.01475047436541
2018-09-03 16:30:00,118.04,87.26837543789222
2018-09-03 16:45:00,110.56,69.63945512698412
2018-09-03 17:00:00,72.43,80.78446810696636
2018-09-03 17:15:00,88.74,89.32574137742517
2018-09-03 17:30:00,38.27,55.52496101833085
2018-09-03 17:45:00,30.92,41.22631112417438
2018-09-03 18:00:00,52.6,35.13790906931806
2018-09-03 18:15:00,77.83,53.551225935370866
2018-09-03 18:30:00,75.89,56.11932004604321
2018-09-03 18:45:00,30.53,79.78975595628081
2018-09-03 19:00:00,29.3,82.67497049646208
2018-09-03 19:15:00,27.11,39.44218888372551
2018-09-03 19:30:00,25.67,37.37369754552376
2018-09-03 19:45:00,25.67,28.842500146575627
2018-09-03 20:00:00,25.74,26.502362901572695
2018-09-03 20:15:00,26.42,25.428140844051256
2018-09-03 20:30:00,25.31,19.051378383164774
2018-09-03 20:45:00,4.57,16.7768083611277
2018-09-03 21:00:00,5.0,12.440336322295144
2018-09-03 21:15:00,3.64,2.9207311525611
2018-09-03 21:30:00,3.67,4.660365657643567
2018-09-03 21:45:00,3.53,3.36604193971588
2018-09-03 22:00:00,3.35,3.3212152478838464
2018-09-03 22:15:00,3.31,3.3212152478838464
2018-09-03 22:30:00,3.31,3.5898908834797827
2018-09-03 22:45:00,2.74,3.545064191647749
2018-09-03 23:00:00,2.7,3.549090665304149
2018-09-03 23:15:00,2.66,3.2611161409386216
2018-09-03 23:30:00,2.66,3.2133071550574916
2018-09-03 23:45:00,2.7,3.1852756262783988
2018-09-04 00:00:00,2.66,3.051830213018665
2018-09-04 00:15:00,2.66,2.9106812162687
2018-09-04 00:30:00,2.7,2.9106812162687
2018-09-04 00:45:00,2.7,2.9106812162687
2018-09-04 01:00:00,2.66,2.9106812162687
2018-09-04 01:15:00,2.7,2.9106812162687
2018-09-04 01:30:00,2.7,2.9008822319063174
2018-09-04 01:45:00,2.77,2.9008822319063174
2018-09-04 02:00:00,2.7,2.945708923738351
2018-09-04 02:15:00,2.88,2.96257725664255
2018-09-04 02:30:00,3.02,2.9008822319063174
2018-09-04 02:45:00,2.63,2.9008822319063174
2018-09-04 03:00:00,3.28,2.930737379132702
2018-09-04 03:15:00,3.17,2.9008822319063174
2018-09-04 03:30:00,2.63,3.282857785861694
2018-09-04 03:45:00,2.66,3.550135666074586
2018-09-04 04:00:00,2.59,2.993284513703551
2018-09-04 04:15:00,2.63,2.9138305416898183
2018-09-04 04:30:00,2.63,2.993284513703551
2018-09-04 04:45:00,2.66,2.993284513703551
2018-09-04 05:00:00,2.66,2.9138305416898183
2018-09-04 05:15:00,2.59,2.9138305416898183
2018-09-04 05:30:00,2.59,2.9138305416898183
2018-09-04 05:45:00,2.74,2.9138305416898183
2018-09-04 06:00:00,3.17,2.9138305416898183
2018-09-04 06:15:00,2.74,2.9235049187099147
2018-09-04 06:30:00,2.63,3.0315464568537354
2018-09-04 06:45:00,2.63,2.9235049187099147
2018-09-04 07:00:00,2.59,2.9235049187099147
2018-09-04 07:15:00,2.77,2.985199943446147
2018-09-04 07:30:00,2.88,3.7758409551162946
2018-09-04 07:45:00,3.24,3.9143231079566547
2018-09-04 08:00:00,29.3,15.131902571275075
2018-09-04 08:15:00,51.34,41.50763210026928
2018-09-04 08:30:00,72.76,55.53619311867057
2018-09-04 08:45:00,65.02,58.75769087114472
2018-09-04 09:00:00,81.65,68.54696781999164
2018-09-04 09:15:00,59.15,65.15719015785085
2018-09-04 09:30:00,55.58,70.8383039575006
2018-09-04 09:45:00,84.42,60.116804819818206
2018-09-04 10:00:00,99.25,57.2033864247753
2018-09-04 10:15:00,89.53,74.43146036316232
2018-09-04 10:30:00,102.67,80.90069965328128
2018-09-04 10:45:00,105.95,87.74366096521351
2018-09-04 11:00:00,122.65,83.97944185810478
2018-09-04 11:15:00,98.24,90.56576052487443
2018-09-04 11:30:00,113.51,91.76729560474091
2018-09-04 11:45:00,99.04,67.25640395257346
2018-09-04 12:00:00,5.44,10.583747444863118
2018-09-04 12:15:00,5.4,14.545220573600659
2018-09-04 12:30:00,4.32,4.357338904171492
2018-09-04 12:45:00,4.61,7.148100608839155
2018-09-04 13:00:00,47.52,38.38317897871603
2018-09-04 13:15:00,107.17,87.69131060394221
2018-09-04 13:30:00,90.97,77.11198020164673
2018-09-04 13:45:00,112.0,94.75205514135588
2018-09-04 14:00:00,90.79,88.51230232313398
2018-09-04 14:15:00,103.9,87.73989635266581
2018-09-04 14:30:00,101.92,88.6278947335909
2018-09-04 14:45:00,99.4,91.62045618837524
2018-09-04 15:00:00,100.51,94.85100902154781
2018-09-04 15:15:00,85.9,89.9656706181698
2018-09-04 15:30:00,102.6,96.66456059822187
2018-09-04 15:45:00,82.15,92.70599131515188
2018-09-04 16:00:00,118.69,88.29565145599396
2018-09-04 16:15:00,90.83,88.98679789220836
2018-09-04 16:30:00,102.28,94.54738724604843
2018-09-04 16:45:00,102.96,88.67047434432317
2018-09-04 17:00:00,68.36,86.86678899281975
2018-09-04 17:15:00,100.19,87.78664734912316
2018-09-04 17:30:00,59.44,53.59628091393304
2018-09-04 17:45:00,40.68,27.999198709323352
2018-09-04 18:00:00,47.02,52.767837083029605
2018-09-04 18:15:00,75.85,65.40340343208125
2018-09-04 18:30:00,85.75,68.86956730838307
2018-09-04 18:45:00,76.75,65.3441313745079
2018-09-04 19:00:00,76.75,64.04256072465891
2018-09-04 19:15:00,78.95,68.32620922822838
2018-09-04 19:30:00,72.0,68.26362505434521
2018-09-04 19:45:00,88.02,70.86228750762524
2018-09-04 20:00:00,72.47,72.30284399148528
2018-09-04 20:15:00,88.09,79.87095797606457
2018-09-04 20:30:00,64.62,68.13456353638634
2018-09-04 20:45:00,11.3,40.751979555178686
2018-09-04 21:00:00,4.57,27.690329463521145
2018-09-04 21:15:00,3.49,2.4925052723027723
2018-09-04 21:30:00,3.49,3.4376743503563185
2018-09-04 21:45:00,3.49,3.44712028407978
2018-09-04 22:00:00,3.31,3.253804498054848
2018-09-04 22:15:00,3.1,3.4976136140712826
2018-09-04 22:30:00,2.66,3.760231356669124
2018-09-04 22:45:00,2.59,2.842499467410067
2018-09-04 23:00:00,2.52,3.3278275626521516
2018-09-04 23:15:00,2.48,3.272506312655355
2018-09-04 23:30:00,2.52,3.272506312655355
2018-09-04 23:45:00,2.56,3.272506312655355
2018-09-05 00:00:00,2.48,3.1930523406416214
2018-09-05 00:15:00,2.52,3.1930523406416214
2018-09-05 00:30:00,2.52,3.1930523406416214
2018-09-05 00:45:00,2.48,3.1930523406416214
2018-09-05 01:00:00,2.59,3.1930523406416214
2018-09-05 01:15:00,2.48,3.1832533562792396
2018-09-05 01:30:00,2.48,3.1832533562792396
2018-09-05 01:45:00,2.48,3.1832533562792396
2018-09-05 02:00:00,2.52,3.1832533562792396
2018-09-05 02:15:00,3.42,3.228080048111273
2018-09-05 02:30:00,3.71,3.228080048111273
2018-09-05 02:45:00,2.52,3.471227880644767
2018-09-05 03:00:00,2.52,3.8969630615096804
2018-09-05 03:15:00,2.48,3.26768039623423
2018-09-05 03:30:00,2.48,3.2112848850583315
2018-09-05 03:45:00,2.52,3.262707328292972
2018-09-05 04:00:00,2.59,3.275655638076473
2018-09-05 04:15:00,2.52,3.1962016660627395
2018-09-05 04:30:00,2.52,3.1962016660627395
2018-09-05 04:45:00,2.56,3.1962016660627395
2018-09-05 05:00:00,2.52,3.1962016660627395
2018-09-05 05:15:00,2.48,3.1962016660627395
2018-09-05 05:30:00,2.56,3.1962016660627395
2018-09-05 05:45:00,2.48,3.1962016660627395
2018-09-05 06:00:00,2.52,3.2525971772386377
2018-09-05 06:15:00,2.77,3.2050239362000745
2018-09-05 06:30:00,3.31,3.2050239362000745
2018-09-05 06:45:00,2.99,3.2050239362000745
2018-09-05 07:00:00,2.7,3.586999490155451
2018-09-05 07:15:00,2.92,3.234879083426459
2018-09-05 07:30:00,3.02,4.496192262525663
2018-09-05 07:45:00,2.88,4.856567903119001
2018-09-05 08:00:00,40.32,26.914792783913043
2018-09-05 08:15:00,95.4,33.70395876837854
2018-09-05 08:30:00,98.06,67.43998854380139
2018-09-05 08:45:00,111.92,88.82482153986123
2018-09-05 09:00:00,97.81,90.63730151343212
2018-09-05 09:15:00,100.08,94.94540879894973
2018-09-05 09:30:00,103.54,95.3801972475433
2018-09-05 09:45:00,60.23,86.4355523152665
2018-09-05 10:00:00,56.99,94.84040827895679
2018-09-05 10:15:00,55.4,73.50539583826364
2018-09-05 10:30:00,53.82,63.98932850612033
2018-09-05 10:45:00,53.57,64.656354798431
2018-09-05 11:00:00,47.45,63.826993663735344
2018-09-05 11:15:00,64.26,61.29278086676935
2018-09-05 11:30:00,66.17,58.08580515087461
2018-09-05 11:45:00,52.81,60.307515106248744
2018-09-05 12:00:00,6.95,11.343898026854335
2018-09-05 12:15:00,5.51,9.006303301681674
2018-09-05 12:30:00,5.44,7.048231291492201
2018-09-05 12:45:00,5.47,6.144302621705905
2018-09-05 13:00:00,28.3,33.5816897335592
2018-09-05 13:15:00,71.17,61.06115322866571
2018-09-05 13:30:00,70.38,58.290097370209615
2018-09-05 13:45:00,56.05,72.94493845881087
2018-09-05 14:00:00,50.29,72.54715524446603
2018-09-05 14:15:00,65.63,64.1214915478259
2018-09-05 14:30:00,64.73,61.088935958706585
2018-09-05 14:45:00,48.49,66.94064485018139
2018-09-05 15:00:00,49.68,66.26405604123661
2018-09-05 15:15:00,54.07,56.976402331177255
2018-09-05 15:30:00,66.71,58.71674424738392
2018-09-05 15:45:00,63.86,59.6843506076348
2018-09-05 16:00:00,61.81,63.87803448862945
2018-09-05 16:15:00,52.78,60.12197033119327
2018-09-05 16:30:00,54.22,60.209971501788495
2018-09-05 16:45:00,49.03,56.566108642987956
2018-09-05 17:00:00,60.08,54.87503803943482
2018-09-05 17:15:00,62.28,51.732994354032854
2018-09-05 17:30:00,32.51,44.25312326409481
2018-09-05 17:45:00,29.95,39.51826839921026
2018-09-05 18:00:00,52.6,40.53680231712076
2018-09-05 18:15:00,47.52,46.727713857938035
2018-09-05 18:30:00,49.79,61.23078943531857
2018-09-05 18:45:00,45.9,49.55718705487036
2018-09-05 19:00:00,51.88,51.969039797148426
2018-09-05 19:15:00,51.34,48.54230808104204
2018-09-05 19:30:00,59.33,53.14554461270825
2018-09-05 19:45:00,55.8,52.286136762372074
2018-09-05 20:00:00,47.99,54.36778051690554
2018-09-05 20:15:00,54.58,54.32671235082036
2018-09-05 20:30:00,46.26,48.97861097281691
2018-09-05 20:45:00,27.94,19.464570331711656
2018-09-05 21:00:00,8.86,14.853566377082824
2018-09-05 21:15:00,3.78,9.838386995761832
2018-09-05 21:30:00,3.74,7.4073408342170195
2018-09-05 21:45:00,3.85,3.442325642747577
2018-09-05 22:00:00,3.56,3.387788907712871
2018-09-05 22:15:00,3.53,3.370920574808672
2018-09-05 22:30:00,3.49,2.9555173231035896
2018-09-05 22:45:00,3.64,3.5499428267405415
2018-09-05 23:00:00,4.64,3.5539693003969415
2018-09-05 23:15:00,3.92,3.5539693003969415
2018-09-05 23:30:00,2.81,3.913230788096654
2018-09-05 23:45:00,2.81,3.952642028991373
2018-09-06 00:00:00,2.77,3.6646675046258452
2018-09-06 00:15:00,2.81,3.265994776031414
2018-09-06 00:30:00,2.84,3.218185790150284
2018-09-06 00:45:00,2.81,3.190154261371191
2018-09-06 01:00:00,2.81,3.190154261371191
2018-09-06 01:15:00,2.84,3.190154261371191
2018-09-06 01:30:00,2.84,3.1107002893574585
2018-09-06 01:45:00,2.81,3.190154261371191
2018-09-06 02:00:00,2.88,3.190154261371191
2018-09-06 02:15:00,2.81,3.2518492861074235
2018-09-06 02:30:00,2.95,3.2518492861074235
2018-09-06 02:45:00,2.95,3.190154261371191
2018-09-06 03:00:00,2.95,3.222957631608521
2018-09-06 03:15:00,3.02,3.2102104242351928
2018-09-06 03:30:00,3.31,3.2102104242351928
2018-09-06 03:45:00,3.28,3.2102104242351928
2018-09-06 04:00:00,3.02,3.6033106695267785
2018-09-06 04:15:00,3.02,3.6456513815777374
2018-09-06 04:30:00,3.6,3.2935309748487454
2018-09-06 04:45:00,3.06,3.2935309748487454
2018-09-06 05:00:00,2.92,3.6661706462411625
2018-09-06 05:15:00,2.92,3.3140502395121705
2018-09-06 05:30:00,2.92,3.263675827622361
2018-09-06 05:45:00,2.95,3.263675827622361
2018-09-06 06:00:00,2.92,3.193303586792309
2018-09-06 06:15:00,3.06,3.2319810041560286
2018-09-06 06:30:00,2.81,3.2638208816658767
2018-09-06 06:45:00,2.81,3.2895549033613896
2018-09-06 07:00:00,3.06,3.2148730643029726
2018-09-06 07:15:00,3.28,3.2469525487616777
2018-09-06 07:30:00,3.06,4.5243277185110795
2018-09-06 07:45:00,3.2,5.705566837620402
2018-09-06 08:00:00,31.39,25.649285345325108
2018-09-06 08:15:00,59.15,53.17942748861558
2018-09-06 08:30:00,54.11,61.9495611158495
2018-09-06 08:45:00,62.68,63.66990374749502
2018-09-06 09:00:00,62.89,55.91413135570232
2018-09-06 09:15:00,57.78,59.7345160011899
2018-09-06 09:30:00,50.9,58.00345134804747
2018-09-06 09:45:00,48.56,55.28951786758845
2018-09-06 10:00:00,50.94,56.33455777013899
2018-09-06 10:15:00,58.46,55.93950368818725
2018-09-06 10:30:00,58.14,57.185071461143686
2018-09-06 10:45:00,51.66,58.289218851625634
2018-09-06 11:00:00,55.37,57.07206432233749
2018-09-06 11:15:00,59.51,58.15400582664893
2018-09-06 11:30:00,59.83,56.957234415743144
2018-09-06 11:45:00,55.69,51.50432491369756
2018-09-06 12:00:00,5.8,12.04260110888288
2018-09-06 12:15:00,5.22,9.283555037346659
2018-09-06 12:30:00,5.4,5.850473055492069
2018-09-06 12:45:00,6.12,6.7419884392440705
2018-09-06 13:00:00,32.47,28.871728416304933
2018-09-06 13:15:00,61.38,60.72096125010482
2018-09-06 13:30:00,54.94,55.344021165428124
2018-09-06 13:45:00,58.21,63.02117987976339
2018-09-06 14:00:00,54.32,56.47765561463564
2018-09-06 14:15:00,57.78,56.52831032976359
2018-09-06 14:30:00,48.46,57.96013792459345
2018-09-06 14:45:00,48.46,57.93303072752582
2018-09-06 15:00:00,46.91,54.58971855674404
2018-09-06 15:15:00,53.96,54.30813135818021
2018-09-06 15:30:00,60.44,51.89626979314387
2018-09-06 15:45:00,59.9,55.86698020631789
2018-09-06 16:00:00,56.41,57.99282080727142
2018-09-06 16:15:00,57.92,55.8592108954499
2018-09-06 16:30:00,49.72,56.83279265173499
2018-09-06 16:45:00,57.89,53.91675317647945
2018-09-06 17:00:00,60.44,53.19239737020516
2018-09-06 17:15:00,59.69,50.83871098506181
2018-09-06 17:30:00,31.36,43.00794182045948
2018-09-06 17:45:00,29.2,43.459197702610645
2018-09-06 18:00:00,49.25,41.42826859772013
2018-09-06 18:15:00,58.82,43.447901920767066
2018-09-06 18:30:00,57.85,61.18218031012211
2018-09-06 18:45:00,59.83,54.11118982235352
2018-09-06 19:00:00,57.49,52.140542273522584
2018-09-06 19:15:00,49.9,55.11751377924972
2018-09-06 19:30:00,55.37,56.26634288858026
2018-09-06 19:45:00,66.89,52.75252729838197
2018-09-06 20:00:00,55.76,54.355143146319996
2018-09-06 20:15:00,70.38,64.4039435528935
2018-09-06 20:30:00,58.5,49.69895990491649
2018-09-06 20:45:00,63.5,32.70034867552688
2018-09-06 21:00:00,7.92,13.833296813655375
2018-09-06 21:15:00,3.96,15.277363362360665
2018-09-06 21:30:00,3.85,7.807493533027936
2018-09-06 21:45:00,3.78,3.5607437124798684
2018-09-06 22:00:00,3.49,3.6336071925865596
2018-09-06 22:15:00,3.53,3.1388031296757988
2018-09-06 22:30:00,3.53,3.611637851476774
2018-09-06 22:45:00,4.14,3.611637851476774
2018-09-06 23:00:00,4.64,3.615664325133174
2018-09-06 23:15:00,3.42,3.822215385089518
2018-09-06 23:30:00,3.31,3.9580574799286876
2018-09-06 23:45:00,3.35,3.598795992228975
2018-09-07 00:00:00,3.31,3.387962777183812
2018-09-07 00:15:00,3.31,3.4327894690158454
2018-09-07 00:30:00,3.35,3.4327894690158454
2018-09-07 00:45:00,3.31,3.4327894690158454
2018-09-07 01:00:00,3.53,3.4327894690158454
2018-09-07 01:15:00,3.67,3.4327894690158454
2018-09-07 01:30:00,3.1,3.4327894690158454
2018-09-07 01:45:00,2.95,3.4327894690158454
2018-09-07 02:00:00,2.95,3.229890985423183
2018-09-07 02:15:00,2.88,3.1746700918767012
2018-09-07 02:30:00,2.92,3.1746700918767012
2018-09-07 02:45:00,3.06,3.068974429990095
2018-09-07 03:00:00,2.99,3.0719226530010406
2018-09-07 03:15:00,2.92,3.101777800227424
2018-09-07 03:30:00,2.95,3.118646133131623
2018-09-07 03:45:00,2.99,3.0887909859052396
2018-09-07 04:00:00,3.02,3.114726110010925
2018-09-07 04:15:00,2.95,3.114726110010925
2018-09-07 04:30:00,3.49,3.131594442915124
2018-09-07 04:45:00,3.42,3.114726110010925
2018-09-07 05:00:00,2.99,3.5372187575699687
2018-09-07 05:15:00,2.99,3.557738022233394
2018-09-07 05:30:00,2.99,3.205617615504402
2018-09-07 05:45:00,2.95,3.1928704081310735
2018-09-07 06:00:00,3.2,3.152192189339538
2018-09-07 06:15:00,3.56,3.1108011727749316
2018-09-07 06:30:00,3.02,3.4600398333031697
2018-09-07 06:45:00,2.99,3.566560292370729
2018-09-07 07:00:00,3.02,3.214439885641737
2018-09-07 07:15:00,3.06,3.231308218545936
2018-09-07 07:30:00,3.2,3.9101714329062016
2018-09-07 07:45:00,3.06,4.191454895166292
2018-09-07 08:00:00,35.71,26.961273253442798
2018-09-07 08:15:00,93.38,28.149527087928217
2018-09-07 08:30:00,96.44,57.846089720964
2018-09-07 08:45:00,84.89,86.52045732335459
2018-09-07 09:00:00,107.93,91.31044799714054
2018-09-07 09:15:00,93.42,90.00085491000138
2018-09-07 09:30:00,103.9,89.81013038222402
2018-09-07 09:45:00,85.39,90.00362263790831
2018-09-07 10:00:00,107.24,89.0089087805727
2018-09-07 10:15:00,91.69,91.0619571863463
2018-09-07 10:30:00,100.15,85.93663645864014
2018-09-07 10:45:00,102.24,90.45741774036092
2018-09-07 11:00:00,101.12,86.62564536998052
2018-09-07 11:15:00,104.15,98.10082694291935
2018-09-07 11:30:00,84.92,92.38926867913229
2018-09-07 11:45:00,95.29,84.61724312344963
2018-09-07 12:00:00,3.92,9.8790315881686
2018-09-07 12:15:00,4.54,3.575985753441055
2018-09-07 12:30:00,4.28,3.281747818839593
2018-09-07 12:45:00,4.46,5.351595337599175
2018-09-07 13:00:00,43.16,46.73816509593395
2018-09-07 13:15:00,114.37,92.91203003409031
2018-09-07 13:30:00,107.35,77.54832764350768
2018-09-07 13:45:00,95.65,93.31722236602398
2018-09-07 14:00:00,118.69,98.35105800580457
2018-09-07 14:15:00,96.34,91.73214849902192
2018-09-07 14:30:00,113.51,102.99467553264451
2018-09-07 14:45:00,63.79,96.88442458101783
2018-09-07 15:00:00,41.29,98.38407002992425
2018-09-07 15:15:00,50.36,82.41655055410467
2018-09-07 15:30:00,42.19,67.64706456404812
2018-09-07 15:45:00,51.91,65.60833552492353
2018-09-07 16:00:00,111.42,52.98166415740447
2018-09-07 16:15:00,100.73,59.35244132792918
2018-09-07 16:30:00,107.68,85.56784143190993
2018-09-07 16:45:00,89.68,92.13013294774298
2018-09-07 17:00:00,94.72,87.18065146469239
2018-09-07 17:15:00,81.65,86.68894460437866
2018-09-07 17:30:00,28.84,32.92137590353628
2018-09-07 17:45:00,29.02,35.692175802402126
2018-09-07 18:00:00,52.27,45.07605696584384
2018-09-07 18:15:00,72.43,68.61766388641797
2018-09-07 18:30:00,54.97,74.37761748430137
2018-09-07 18:45:00,47.66,80.48655317726363
2018-09-07 19:00:00,48.42,62.86780401686889
2018-09-07 19:15:00,73.62,56.98489329124631
2018-09-07 19:30:00,106.96,57.6472502032896
2018-09-07 19:45:00,105.05,71.32031459831128
2018-09-07 20:00:00,97.92,87.02042427503297
2018-09-07 20:15:00,91.33,93.37306835978916
2018-09-07 20:30:00,114.98,85.97934158071205
2018-09-07 20:45:00,74.41,62.51039111213814
2018-09-07 21:00:00,13.28,35.82862724239069
2018-09-07 21:15:00,4.25,29.83371530111091
2018-09-07 21:30:00,4.21,3.0776385421364254
2018-09-07 21:45:00,4.18,4.317491688825399
2018-09-07 22:00:00,3.89,3.4894792436412816
2018-09-07 22:15:00,3.89,4.5234171173773845
2018-09-07 22:30:00,3.78,4.673387984839379
2018-09-07 22:45:00,3.71,4.686046016682506
2018-09-07 23:00:00,3.71,3.5765045855694764
2018-09-07 23:15:00,3.64,3.5765045855694764
2018-09-07 23:30:00,3.85,3.5320098532042072
2018-09-07 23:45:00,4.79,3.8246626926533196
2018-09-08 00:00:00,3.64,3.8260969327528658
2018-09-08 00:15:00,3.1,4.185358420452586
2018-09-08 00:30:00,3.1,3.8260969327528658
2018-09-08 00:45:00,2.99,3.6231984491602045
2018-09-08 01:00:00,3.17,3.330545609711092
2018-09-08 01:15:00,3.06,3.27532471616461
2018-09-08 01:30:00,3.1,3.2801113488863716
2018-09-08 01:45:00,3.02,3.2106473973792813
2018-09-08 02:00:00,3.02,3.2658682909257633
2018-09-08 02:15:00,3.1,3.2248904553398887
2018-09-08 02:30:00,3.17,3.2106473973792813
2018-09-08 02:45:00,3.1,3.2658682909257633
2018-09-08 03:00:00,3.1,3.2917820113076632
2018-09-08 03:15:00,3.31,3.313963769230512
2018-09-08 03:30:00,3.6,3.334122723358622
2018-09-08 03:45:00,3.17,3.628576003833604
2018-09-08 04:00:00,3.17,3.628576003833604
2018-09-08 04:15:00,3.17,3.3546419880220473
2018-09-08 04:30:00,3.13,3.3715103209262463
2018-09-08 04:45:00,3.2,3.3715103209262463
2018-09-08 05:00:00,3.78,3.3546419880220473
2018-09-08 05:15:00,3.49,3.5849155214804287
2018-09-08 05:30:00,3.13,3.628576003833604
2018-09-08 05:45:00,3.17,3.628576003833604
2018-09-08 06:00:00,3.13,3.3546419880220473
2018-09-08 06:15:00,3.13,3.3803325910635813
2018-09-08 06:30:00,3.2,3.3634642581593823
2018-09-08 06:45:00,3.78,3.342944993495957
2018-09-08 07:00:00,3.28,3.5732185269543386
2018-09-08 07:15:00,3.24,3.637398273970939
2018-09-08 07:30:00,3.24,4.335245991902845
2018-09-08 07:45:00,3.02,4.955293015506578
2018-09-08 08:00:00,25.56,31.993784758951406
2018-09-08 08:15:00,32.83,36.55578365487216
2018-09-08 08:30:00,32.58,40.06813712913797
2018-09-08 08:45:00,33.01,39.96471844193517
2018-09-08 09:00:00,33.08,39.009460672310325
2018-09-08 09:15:00,32.87,39.12212580688392
2018-09-08 09:30:00,47.81,36.957951322658275
2018-09-08 09:45:00,33.16,37.746430409760166
2018-09-08 10:00:00,41.18,50.37209358217903
2018-09-08 10:15:00,50.47,36.67019921315911
2018-09-08 10:30:00,34.7,42.2054326988107
2018-09-08 10:45:00,51.73,52.31274976667725
2018-09-08 11:00:00,39.49,37.78707554426976
2018-09-08 11:15:00,33.7,52.190693328291246
2018-09-08 11:30:00,40.25,39.200864662710565
2018-09-08 11:45:00,17.71,29.80888932264477
2018-09-08 12:00:00,3.24,9.953572734173404
2018-09-08 12:15:00,3.31,7.722061236180655
2018-09-08 12:30:00,3.31,5.067009774062005
2018-09-08 12:45:00,3.28,6.072872805664251
2018-09-08 13:00:00,19.37,20.664104548667666
2018-09-08 13:15:00,40.39,36.88413953785656
2018-09-08 13:30:00,33.91,34.68680554882655
2018-09-08 13:45:00,32.69,43.10350458107466
2018-09-08 14:00:00,36.07,37.51071137206945
2018-09-08 14:15:00,52.6,37.306215797607756
2018-09-08 14:30:00,48.6,36.439747432637915
2018-09-08 14:45:00,34.81,49.62917170060208
2018-09-08 15:00:00,35.24,48.309192720658956
2018-09-08 15:15:00,34.7,36.246676976557296
2018-09-08 15:30:00,53.06,36.678231477329255
2018-09-08 15:45:00,49.46,36.36455588458813
2018-09-08 16:00:00,32.51,49.6773795994723
2018-09-08 16:15:00,32.98,48.10589916992925
2018-09-08 16:30:00,41.72,35.5502614663091
2018-09-08 16:45:00,18.18,28.288274111412985
2018-09-08 17:00:00,3.89,27.360602364130838
2018-09-08 17:15:00,3.71,3.6427794377383234
2018-09-08 17:30:00,3.67,2.468844023606371
2018-09-08 17:45:00,3.56,3.3604376553595086
2018-09-08 18:00:00,3.46,5.290610664925002
2018-09-08 18:15:00,3.49,3.3043784313457207
2018-09-08 18:30:00,3.53,3.1333905792172665
2018-09-08 18:45:00,3.56,3.6355622303077393
2018-09-08 19:00:00,3.56,3.1333905792172665
2018-09-08 19:15:00,3.24,3.3043784313457207
2018-09-08 19:30:00,3.42,2.956783716745768
2018-09-08 19:45:00,3.31,2.956783716745768
2018-09-08 20:00:00,2.99,3.0373524815560864
2018-09-08 20:15:00,2.99,3.28134127765741
2018-09-08 20:30:00,2.95,2.5001709606494598
2018-09-08 20:45:00,2.95,3.3151486622703477
2018-09-08 21:00:00,2.99,2.7959365393112563
2018-09-08 21:15:00,2.99,2.7869690562384313
2018-09-08 21:30:00,3.06,2.857251247226613
2018-09-08 21:45:00,3.1,2.857251247226613
2018-09-08 22:00:00,2.81,2.857251247226613
2018-09-08 22:15:00,2.84,2.940503669552188
2018-09-08 22:30:00,2.84,2.885239333467567
2018-09-08 22:45:00,2.84,2.885239333467567
2018-09-08 23:00:00,2.88,2.885239333467567
2018-09-08 23:15:00,3.31,2.885239333467567
2018-09-08 23:30:00,2.84,2.875440349105185
2018-09-08 23:45:00,3.02,3.1634148734707126
2018-09-09 00:00:00,3.38,2.876024705443153
2018-09-09 00:15:00,2.77,2.8890115197653383
2018-09-09 00:30:00,2.84,3.202452146901279
2018-09-09 00:45:00,2.81,2.859156372538954
2018-09-09 01:00:00,2.77,2.859156372538954
2018-09-09 01:15:00,2.77,2.859156372538954
2018-09-09 01:30:00,2.81,2.859156372538954
2018-09-09 01:45:00,2.81,2.7797024005252213
2018-09-09 02:00:00,2.84,2.859156372538954
2018-09-09 02:15:00,2.84,2.859156372538954
2018-09-09 02:30:00,2.84,2.7797024005252213
2018-09-09 02:45:00,2.84,2.7797024005252213
2018-09-09 03:00:00,3.13,2.859156372538954
2018-09-09 03:15:00,3.13,2.876024705443153
2018-09-09 03:30:00,2.95,2.9840662435869736
2018-09-09 03:45:00,2.84,2.9671979106827746
2018-09-09 04:00:00,2.84,2.9019598295488382
2018-09-09 04:15:00,3.17,2.8721046823224547
2018-09-09 04:30:00,3.42,2.8721046823224547
2018-09-09 04:45:00,2.92,2.9801462204662745
2018-09-09 05:00:00,2.92,3.298980097961122
2018-09-09 05:15:00,2.88,2.9391863019285953
2018-09-09 05:30:00,2.84,2.9223179690243963
2018-09-09 05:45:00,2.81,2.9001362111015467
2018-09-09 06:00:00,2.84,2.8721046823224547
2018-09-09 06:15:00,3.17,2.881779059342551
2018-09-09 06:30:00,3.13,2.881779059342551
2018-09-09 06:45:00,2.81,3.006688930390571
2018-09-09 07:00:00,2.92,3.006688930390571
2018-09-09 07:15:00,2.92,2.89864739224675
2018-09-09 07:30:00,3.06,2.818279851457498
2018-09-09 07:45:00,3.06,2.677208921526944
2018-09-09 08:00:00,3.74,12.057721370791278
2018-09-09 08:15:00,5.76,13.503575087301124
2018-09-09 08:30:00,8.53,17.32882897592433
2018-09-09 08:45:00,10.55,16.92339873745103
2018-09-09 09:00:00,10.22,17.763405238878978
2018-09-09 09:15:00,10.98,19.66760667624093
2018-09-09 09:30:00,11.45,26.901522358788856
2018-09-09 09:45:00,10.58,15.55795255827336
2018-09-09 10:00:00,11.09,26.883575290699635
2018-09-09 10:15:00,10.44,26.357403358067497
2018-09-09 10:30:00,7.67,15.49956349652686
2018-09-09 10:45:00,9.11,15.905823466631986
2018-09-09 11:00:00,20.66,13.34165319145978
2018-09-09 11:15:00,25.78,27.88918079296218
2018-09-09 11:30:00,20.99,31.753242772811237
2018-09-09 11:45:00,4.07,15.444141364501009
2018-09-09 12:00:00,4.07,8.561611589506136
2018-09-09 12:15:00,4.07,3.6055258718747667
2018-09-09 12:30:00,4.1,3.888029740842892
2018-09-09 12:45:00,4.1,4.572374243179434
2018-09-09 13:00:00,4.1,7.890525531148592
2018-09-09 13:15:00,21.1,14.475325817000101
2018-09-09 13:30:00,28.76,17.455638425125603
2018-09-09 13:45:00,29.48,29.006995219445333
2018-09-09 14:00:00,29.59,32.95821471949249
2018-09-09 14:15:00,27.36,38.30180410944156
2018-09-09 14:30:00,25.42,39.43984217512619
2018-09-09 14:45:00,25.52,31.47751080963612
2018-09-09 15:00:00,23.9,31.19694128542092
2018-09-09 15:15:00,23.26,23.63643943290248
2018-09-09 15:30:00,23.65,17.056734171033515
2018-09-09 15:45:00,17.71,15.871729118351968
2018-09-09 16:00:00,4.25,15.822087076348103
2018-09-09 16:15:00,4.5,12.798415287479132
2018-09-09 16:30:00,5.18,3.50780108125232
2018-09-09 16:45:00,6.26,3.406378031744002
2018-09-09 17:00:00,3.85,3.932582946049175
2018-09-09 17:15:00,3.67,5.370305221842795
2018-09-09 17:30:00,3.64,2.9947992405085513
2018-09-09 17:45:00,3.64,2.9947992405085513
2018-09-09 18:00:00,3.49,2.9947992405085513
2018-09-09 18:15:00,3.53,3.1243734813425896
2018-09-09 18:30:00,3.49,3.1243734813425896
2018-09-09 18:45:00,2.99,3.1243734813425896
2018-09-09 19:00:00,2.95,3.1243734813425896
2018-09-09 19:15:00,2.95,2.977517380747492
2018-09-09 19:30:00,2.99,2.988266461954524
2018-09-09 19:45:00,2.99,2.9547005340340022
2018-09-09 20:00:00,2.95,2.895557614390103
2018-09-09 20:15:00,2.99,2.895557614390103
2018-09-09 20:30:00,2.95,2.9178220604976217
2018-09-09 20:45:00,2.95,2.8952085762881765
2018-09-09 21:00:00,2.99,2.777542372931915
2018-09-09 21:15:00,3.02,2.796606418638183
2018-09-09 21:30:00,2.99,2.840967270660383
2018-09-09 21:45:00,2.95,2.840967270660383
2018-09-09 22:00:00,3.74,2.840967270660383
2018-09-09 22:15:00,4.03,2.840967270660383
2018-09-09 22:30:00,2.77,3.228743922270686
2018-09-09 22:45:00,2.88,3.4352949822270302
2018-09-09 23:00:00,2.77,2.9447958715615585
2018-09-09 23:15:00,2.77,2.9616642044657575
2018-09-09 23:30:00,2.74,2.9242766068981334
2018-09-09 23:45:00,2.77,2.8689553569013366
2018-09-10 00:00:00,2.77,3.1545805963075444
2018-09-10 00:15:00,2.88,3.175476641916017
2018-09-10 00:30:00,2.77,3.140849361734317
2018-09-10 00:45:00,2.77,3.140849361734317
2018-09-10 01:00:00,2.84,3.0960226699022835
2018-09-10 01:15:00,2.81,3.0960226699022835
2018-09-10 01:30:00,2.77,3.140849361734317
2018-09-10 01:45:00,3.28,3.2203033337480504
2018-09-10 02:00:00,3.02,3.140849361734317
2018-09-10 02:15:00,2.81,3.4288238860998455
2018-09-10 02:30:00,2.81,3.250158480974434
2018-09-10 02:45:00,2.81,3.2203033337480504
2018-09-10 03:00:00,3.38,3.140849361734317
2018-09-10 03:15:00,3.35,3.2203033337480504
2018-09-10 03:30:00,2.81,3.602278887703427
2018-09-10 03:45:00,2.84,3.664060993749233
2018-09-10 04:00:00,2.81,3.283464930233492
2018-09-10 04:15:00,2.77,3.283464930233492
2018-09-10 04:30:00,2.84,3.246982878104778
2018-09-10 04:45:00,2.88,3.2332516435315504
2018-09-10 05:00:00,2.84,3.2332516435315504
2018-09-10 05:15:00,2.81,3.2332516435315504
2018-09-10 05:30:00,3.35,3.2332516435315504
2018-09-10 05:45:00,2.95,3.1537976715178178
2018-09-10 06:00:00,2.7,3.615227197486927
2018-09-10 06:15:00,2.77,3.272781167778031
2018-09-10 06:30:00,2.74,3.2429260205516477
2018-09-10 06:45:00,2.74,3.2429260205516477
2018-09-10 07:00:00,2.74,3.2429260205516477
2018-09-10 07:15:00,3.02,3.2429260205516477
2018-09-10 07:30:00,3.17,4.161914169823816
2018-09-10 07:45:00,3.2,5.114387632910551
2018-09-10 08:00:00,15.44,18.948540626718355
2018-09-10 08:15:00,80.21,38.75057773797437
2018-09-10 08:30:00,58.28,39.239564083760975
2018-09-10 08:45:00,50.11,82.23714953142483
2018-09-10 09:00:00,46.66,62.77140420959053
2018-09-10 09:15:00,57.06,60.81818303136236
2018-09-10 09:30:00,58.46,54.699868878560295
2018-09-10 09:45:00,48.96,56.7709978007957
2018-09-10 10:00:00,55.66,55.0944248174405
2018-09-10 10:15:00,46.04,55.61595144530933
2018-09-10 10:30:00,56.12,55.96914664424994
2018-09-10 10:45:00,56.74,55.401754492495016
2018-09-10 11:00:00,51.08,60.21599905881439
2018-09-10 11:15:00,56.7,55.4382412739857
2018-09-10 11:30:00,54.79,52.36580063088882
2018-09-10 11:45:00,59.08,26.954424265318014
2018-09-10 12:00:00,4.79,10.737053916720605
2018-09-10 12:15:00,4.57,10.065082464837447
2018-09-10 12:30:00,3.92,7.874576269656866
2018-09-10 12:45:00,3.82,8.935179187906732
2018-09-10 13:00:00,58.32,28.454289567466734
2018-09-10 13:15:00,108.07,55.46220425126062
2018-09-10 13:30:00,89.75,75.14073569502851
2018-09-10 13:45:00,103.46,88.73528121630623
2018-09-10 14:00:00,116.68,86.6794675031058
2018-09-10 14:15:00,63.65,82.32236710916936
2018-09-10 14:30:00,108.32,95.86341027622582
2018-09-10 14:45:00,104.08,74.62744688577885
2018-09-10 15:00:00,73.33,83.3655633912798
2018-09-10 15:15:00,109.87,93.80249352351262
2018-09-10 15:30:00,87.7,88.75376299031537
2018-09-10 15:45:00,101.95,87.1835132026137
2018-09-10 16:00:00,122.54,93.84047787719095
2018-09-10 16:15:00,92.23,84.29874560661013
2018-09-10 16:30:00,106.06,97.3523480957282
2018-09-10 16:45:00,120.46,94.43982326452317
2018-09-10 17:00:00,82.44,91.08888777757288
2018-09-10 17:15:00,121.46,106.58014299655066
2018-09-10 17:30:00,108.14,64.23374719561981
2018-09-10 17:45:00,47.45,48.904439216533724
2018-09-10 18:00:00,14.94,79.38355478895377
2018-09-10 18:15:00,3.82,90.14675794437622
2018-09-10 18:30:00,3.82,38.26658106212513
2018-09-10 18:45:00,3.46,19.89174422928824
2018-09-10 19:00:00,3.46,11.776063547824519
2018-09-10 19:15:00,3.49,6.313501205809033
2018-09-10 19:30:00,3.53,5.835811518683692
2018-09-10 19:45:00,3.49,7.809863956197779
2018-09-10 20:00:00,3.46,5.9464954138013635
2018-09-10 20:15:00,3.42,7.1133696804022355
2018-09-10 20:30:00,3.49,5.07342649003684
2018-09-10 20:45:00,3.49,3.0289569804882768
2018-09-10 21:00:00,3.53,2.9384166181229974
2018-09-10 21:15:00,3.53,2.470542235264828
2018-09-10 21:30:00,4.1,3.904988393241357
2018-09-10 21:45:00,4.64,3.5722327302365495
2018-09-10 22:00:00,2.92,3.79251502476612
2018-09-10 22:15:00,2.66,3.9452254525094896
2018-09-10 22:30:00,2.63,3.8659796600537226
2018-09-10 22:45:00,2.7,3.5121336232913247
2018-09-10 23:00:00,2.63,3.4673069314592913
2018-09-10 23:15:00,2.59,3.3914664167990693
2018-09-10 23:30:00,2.52,3.3914664167990693
2018-09-10 23:45:00,2.56,3.312012444785336
2018-09-11 00:00:00,2.56,3.1107002893574585
2018-09-11 00:15:00,2.63,3.155526981189492
2018-09-11 00:30:00,2.56,3.1107002893574585
2018-09-11 00:45:00,2.63,3.1107002893574585
2018-09-11 01:00:00,2.66,3.1457279968271092
2018-09-11 01:15:00,2.63,3.1457279968271092
2018-09-11 01:30:00,3.17,3.1009013049950758
2018-09-11 01:45:00,2.92,3.162596329731308
2018-09-11 02:00:00,2.59,3.2308040375999756
2018-09-11 02:15:00,2.56,3.1457279968271092
2018-09-11 02:30:00,3.2,3.157296816170974
2018-09-11 02:45:00,2.88,3.157296816170974
2018-09-11 03:00:00,2.56,3.5760531367941186
2018-09-11 03:15:00,2.66,3.2536191210889065
2018-09-11 03:30:00,2.59,3.157296816170974
2018-09-11 03:45:00,2.66,3.157296816170974
2018-09-11 04:00:00,2.56,3.2496990979682074
2018-09-11 04:15:00,2.56,3.193303586792309
2018-09-11 04:30:00,2.59,3.170245125954475
2018-09-11 04:45:00,2.63,3.170245125954475
2018-09-11 05:00:00,2.56,3.170245125954475
2018-09-11 05:15:00,2.59,3.170245125954475
2018-09-11 05:30:00,2.56,3.187113458858674
2018-09-11 05:45:00,2.95,3.15867630661061
2018-09-11 06:00:00,3.02,3.1138496147785766
2018-09-11 06:15:00,2.63,3.152527032142295
2018-09-11 06:30:00,2.56,3.152527032142295
2018-09-11 06:45:00,2.52,3.1226718849159116
2018-09-11 07:00:00,2.81,3.1226718849159116
2018-09-11 07:15:00,3.06,3.2585213681055425
2018-09-11 07:30:00,2.99,4.493294183255231
2018-09-11 07:45:00,3.13,4.7872026661570235
2018-09-11 08:00:00,52.38,19.524476486234494
2018-09-11 08:15:00,106.52,36.88548988348037
2018-09-11 08:30:00,102.46,78.29380861761234
2018-09-11 08:45:00,93.92,90.07623063570227
2018-09-11 09:00:00,115.13,88.61453972438007
2018-09-11 09:15:00,106.7,90.53126363612894
2018-09-11 09:30:00,67.93,95.9191721753491
2018-09-11 09:45:00,86.15,96.30385871796436
2018-09-11 10:00:00,125.46,79.26220133138587
2018-09-11 10:15:00,95.15,79.74679089314284
2018-09-11 10:30:00,77.69,92.08542926001466
2018-09-11 10:45:00,107.14,96.58312742996934
2018-09-11 11:00:00,109.58,85.96828887842828
2018-09-11 11:15:00,90.25,94.52931056967338
2018-09-11 11:30:00,122.11,97.44095083006926
2018-09-11 11:45:00,114.84,85.3629180606638
2018-09-11 12:00:00,7.56,10.6317869718816
2018-09-11 12:15:00,7.42,10.139755329295314
2018-09-11 12:30:00,6.84,3.6913106701651563
2018-09-11 12:45:00,6.16,8.795720654340533
2018-09-11 13:00:00,55.69,76.57583031887376
2018-09-11 13:15:00,96.84,102.68148680352012
2018-09-11 13:30:00,122.94,87.18852483297053
2018-09-11 13:45:00,125.89,92.73184559154157
2018-09-11 14:00:00,62.78,102.69697001738803
2018-09-11 14:15:00,59.54,109.656373310774
2018-09-11 14:30:00,64.98,77.42931965525268
2018-09-11 14:45:00,53.64,71.66735816973285
2018-09-11 15:00:00,62.57,69.75995071941122
2018-09-11 15:15:00,58.07,64.64554363439952
2018-09-11 15:30:00,70.16,63.67849573964036
2018-09-11 15:45:00,106.67,65.94981885535809
2018-09-11 16:00:00,73.44,66.23411568030293
2018-09-11 16:15:00,115.34,85.73292763942753
2018-09-11 16:30:00,99.11,82.17583469209988
2018-09-11 16:45:00,122.76,89.89223546432217
2018-09-11 17:00:00,118.84,91.63481840465968
2018-09-11 17:15:00,75.82,94.70439557540126
2018-09-11 17:30:00,62.42,62.514614058246096
2018-09-11 17:45:00,28.37,70.04280927814442
2018-09-11 18:00:00,35.21,66.60959659935
2018-09-11 18:15:00,38.16,47.89640619450232
2018-09-11 18:30:00,33.62,66.77394580537614
2018-09-11 18:45:00,34.81,52.6499050478101
2018-09-11 19:00:00,37.26,45.5858460321731
2018-09-11 19:15:00,37.76,44.94546425210745
2018-09-11 19:30:00,37.58,46.877225457505745
2018-09-11 19:45:00,32.15,45.62725488094171
2018-09-11 20:00:00,37.33,44.76873124483785
2018-09-11 20:15:00,38.52,38.803110047806186
2018-09-11 20:30:00,34.02,36.86314219323986
2018-09-11 20:45:00,14.72,19.65614152301465
2018-09-11 21:00:00,6.52,18.194055214950257
2018-09-11 21:15:00,4.0,4.719269471721515
2018-09-11 21:30:00,3.89,4.833799661503019
2018-09-11 21:45:00,3.82,3.642439211506876
2018-09-11 22:00:00,3.6,3.453272626092835
2018-09-11 22:15:00,3.6,3.4084459342608016
2018-09-11 22:30:00,4.18,3.6322948780247044
2018-09-11 22:45:00,4.72,3.6322948780247044
2018-09-11 23:00:00,3.53,3.8428724116374484
2018-09-11 23:15:00,3.49,4.39425556797525
2018-09-11 23:30:00,3.06,4.0349940802755375
2018-09-11 23:45:00,2.95,3.6363213516811053
2018-09-12 00:00:00,2.92,3.378201974541961
2018-09-12 00:15:00,2.95,3.378201974541961
2018-09-12 00:30:00,2.92,3.314780899395055
2018-09-12 00:45:00,2.92,3.3023614598817383
2018-09-12 01:00:00,2.95,3.272506312655355
2018-09-12 01:15:00,2.92,3.272506312655355
2018-09-12 01:30:00,2.95,3.347188151713772
2018-09-12 01:45:00,2.99,3.3173330044873883
2018-09-12 02:00:00,2.88,3.3023614598817383
2018-09-12 02:15:00,2.95,3.3023614598817383
2018-09-12 02:30:00,2.92,3.3173330044873883
2018-09-12 02:45:00,2.92,3.347188151713772
2018-09-12 03:00:00,2.99,3.2754545356663005
2018-09-12 03:15:00,3.2,3.262707328292972
2018-09-12 03:30:00,4.32,3.2925624755193565
2018-09-12 03:45:00,3.38,3.6010223998951743
2018-09-12 04:00:00,2.95,4.12053139259837
2018-09-12 04:15:00,2.92,4.159942633493087
2018-09-12 04:30:00,2.99,3.4091494981696617
2018-09-12 04:45:00,2.92,3.3792943509432773
2018-09-12 05:00:00,2.92,3.346289521455277
2018-09-12 05:15:00,2.92,3.2884028454498004
2018-09-12 05:30:00,2.88,3.2884028454498004
2018-09-12 05:45:00,2.88,3.333229537281834
2018-09-12 06:00:00,2.92,3.333229537281834
2018-09-12 06:15:00,2.92,3.2972251155871355
2018-09-12 06:30:00,2.88,3.2972251155871355
2018-09-12 06:45:00,2.84,3.2972251155871355
2018-09-12 07:00:00,2.88,3.342051807419169
2018-09-12 07:15:00,3.02,3.342051807419169
2018-09-12 07:30:00,3.31,4.57682462256886
2018-09-12 07:45:00,4.75,4.937439870111055
2018-09-12 08:00:00,58.07,38.397395734594305
2018-09-12 08:15:00,126.25,76.535090035792
2018-09-12 08:30:00,87.91,83.10520112400654
2018-09-12 08:45:00,54.54,97.29779193406563
2018-09-12 09:00:00,54.25,93.95332337545831
2018-09-12 09:15:00,41.69,72.11203392889152
2018-09-12 09:30:00,52.78,62.05068225722919
2018-09-12 09:45:00,59.33,50.54337796178444
2018-09-12 10:00:00,47.84,60.667101497456045
2018-09-12 10:15:00,46.15,59.32876480124007
2018-09-12 10:30:00,49.03,54.83965744756144
2018-09-12 10:45:00,55.44,53.19373421659008
2018-09-12 11:00:00,67.0,58.91041389677378
2018-09-12 11:15:00,54.36,58.39833471572898
2018-09-12 11:30:00,59.33,63.3187946367819
2018-09-12 11:45:00,44.35,53.18464223628862
2018-09-12 12:00:00,4.43,10.46796399362266
2018-09-12 12:15:00,5.18,8.271359147439886
2018-09-12 12:30:00,4.5,0.827286193480284
2018-09-12 12:45:00,5.11,6.6980261721884435
2018-09-12 13:00:00,38.23,30.675836999574855
2018-09-12 13:15:00,64.22,56.58943600265371
2018-09-12 13:30:00,62.42,61.61770727656123
2018-09-12 13:45:00,66.53,66.0056313895351
2018-09-12 14:00:00,91.51,59.92265807503971
2018-09-12 14:15:00,66.02,63.627292021777066
2018-09-12 14:30:00,76.82,76.80687586083066
2018-09-12 14:45:00,115.7,69.72747330978603
2018-09-12 15:00:00,77.44,71.82578708487571
2018-09-12 15:15:00,99.68,88.47406223503741
2018-09-12 15:30:00,120.13,87.77659821759559
2018-09-12 15:45:00,87.52,81.66222005474675
2018-09-12 16:00:00,53.75,96.64726073625894
2018-09-12 16:15:00,57.49,86.2734120519193
2018-09-12 16:30:00,58.39,70.98660470952481
2018-09-12 16:45:00,58.39,62.02093932436046
2018-09-12 17:00:00,58.39,60.880300478841875
2018-09-12 17:15:00,43.49,57.576993892334116
2018-09-12 17:30:00,29.09,44.765328465160344
2018-09-12 17:45:00,27.32,30.020421485747104
2018-09-12 18:00:00,43.45,36.52655071660165
2018-09-12 18:15:00,55.76,34.057899591325246
2018-09-12 18:30:00,51.8,49.91849290250205
2018-09-12 18:45:00,44.14,54.21078450072129
2018-09-12 19:00:00,58.5,55.13835592992938
2018-09-12 19:15:00,44.6,45.12354082396391
2018-09-12 19:30:00,49.5,55.71109719813697
2018-09-12 19:45:00,56.09,47.973661367379115
2018-09-12 20:00:00,40.39,52.26719625167191
2018-09-12 20:15:00,43.31,53.65267151372085
2018-09-12 20:30:00,32.51,38.83162670949247
2018-09-12 20:45:00,13.82,20.09529543234651
2018-09-12 21:00:00,5.54,15.785859746261199
2018-09-12 21:15:00,3.82,5.495856754521597
2018-09-12 21:30:00,3.64,4.24365483502644
2018-09-12 21:45:00,3.64,3.387788907712871
2018-09-12 22:00:00,3.46,3.387788907712871
2018-09-12 22:15:00,3.49,3.387788907712871
2018-09-12 22:30:00,3.38,3.611637851476774
2018-09-12 22:45:00,3.35,3.611637851476774
2018-09-12 23:00:00,3.35,3.615664325133174
2018-09-12 23:15:00,3.35,3.615664325133174
2018-09-12 23:30:00,3.31,3.598795992228975
2018-09-12 23:45:00,3.35,3.598795992228975
2018-09-13 00:00:00,3.06,3.598795992228975
2018-09-13 00:15:00,2.74,3.598795992228975
2018-09-13 00:30:00,2.74,3.340676615089831
2018-09-13 00:45:00,2.77,3.290302203200022
2018-09-13 01:00:00,2.7,3.2349809532032245
2018-09-13 01:15:00,2.77,3.2349809532032245
2018-09-13 01:30:00,2.77,3.2349809532032245
2018-09-13 01:45:00,2.66,3.155526981189492
2018-09-13 02:00:00,2.99,3.155526981189492
2018-09-13 02:15:00,3.38,3.155526981189492
2018-09-13 02:30:00,2.99,3.1853821284158754
2018-09-13 02:45:00,2.77,3.4435015055550195
2018-09-13 03:00:00,2.74,3.1755831440534936
2018-09-13 03:15:00,2.74,3.173759525606202
2018-09-13 03:30:00,2.7,3.2420503017450417
2018-09-13 03:45:00,2.81,3.2420503017450417
2018-09-13 04:00:00,3.17,3.2381302786243427
2018-09-13 04:15:00,3.38,3.15867630661061
2018-09-13 04:30:00,2.81,3.2782866640982946
2018-09-13 04:45:00,2.77,3.5802522086889432
2018-09-13 05:00:00,2.84,3.186707835389702
2018-09-13 05:15:00,2.81,3.2777306267473003
2018-09-13 05:30:00,2.84,3.2381302786243427
2018-09-13 05:45:00,2.77,3.2381302786243427
2018-09-13 06:00:00,2.74,3.2496990979682074
2018-09-13 06:15:00,2.81,3.167498576747945
2018-09-13 06:30:00,2.77,3.2469525487616777
2018-09-13 06:45:00,2.7,3.2469525487616777
2018-09-13 07:00:00,2.81,3.2469525487616777
2018-09-13 07:15:00,2.81,3.17906739609181
2018-09-13 07:30:00,3.6,4.4307085441456975
2018-09-13 07:45:00,4.61,4.853669823848571
2018-09-13 08:00:00,35.75,37.01424050883555
2018-09-13 08:15:00,52.78,69.44572077904309
2018-09-13 08:30:00,47.95,62.30844559632478
2018-09-13 08:45:00,90.79,64.91112289112262
2018-09-13 09:00:00,108.72,55.05898081989448
2018-09-13 09:15:00,105.52,77.43359920009424
2018-09-13 09:30:00,59.51,88.56596877252233
2018-09-13 09:45:00,116.64,92.6408753889202
2018-09-13 10:00:00,123.55,66.40297841102162
2018-09-13 10:15:00,78.44,84.04923988781455
2018-09-13 10:30:00,51.8,100.33280047509349
2018-09-13 10:45:00,53.6,87.0844967656454
2018-09-13 11:00:00,50.33,64.85504169988984
2018-09-13 11:15:00,51.01,64.15416498562827
2018-09-13 11:30:00,56.45,58.36148622787248
2018-09-13 11:45:00,56.09,51.36272451778902
2018-09-13 12:00:00,7.31,8.756285917841806
2018-09-13 12:15:00,4.43,9.468784934110232
2018-09-13 12:30:00,4.5,6.99954367094879
2018-09-13 12:45:00,5.08,5.648199009406065
2018-09-13 13:00:00,40.25,33.48707356667234
2018-09-13 13:15:00,60.48,64.16271876310816
2018-09-13 13:30:00,58.18,63.431295213441864
2018-09-13 13:45:00,65.99,62.44696293879171
2018-09-13 14:00:00,59.8,58.11462142997504
2018-09-13 14:15:00,51.44,63.8671555952578
2018-09-13 14:30:00,61.81,59.23398216193
2018-09-13 14:45:00,67.9,58.66696841931376
2018-09-13 15:00:00,109.01,60.36853258436891
2018-09-13 15:15:00,99.72,64.07475670606537
2018-09-13 15:30:00,68.0,86.05795849399041
2018-09-13 15:45:00,101.02,90.99625822997938
2018-09-13 16:00:00,122.87,78.57298799510168
2018-09-13 16:15:00,74.56,79.96487016260016
2018-09-13 16:30:00,49.32,96.05091656949232
2018-09-13 16:45:00,58.68,82.69818224304916
2018-09-13 17:00:00,54.4,66.4972380839073
2018-09-13 17:15:00,57.74,61.45329214313094
2018-09-13 17:30:00,32.69,28.511779662568213
2018-09-13 17:45:00,31.97,25.18146679597076
2018-09-13 18:00:00,41.22,44.854047098514954
2018-09-13 18:15:00,50.65,59.16218347328041
2018-09-13 18:30:00,46.3,54.523089276605546
2018-09-13 18:45:00,57.17,57.93350885836699
2018-09-13 19:00:00,54.76,51.12445283209109
2018-09-13 19:15:00,49.1,57.73145778659288
2018-09-13 19:30:00,46.8,57.40641202421649
2018-09-13 19:45:00,40.79,54.752969915313
2018-09-13 20:00:00,47.95,53.349802465224734
2018-09-13 20:15:00,69.16,42.954735428567574
2018-09-13 20:30:00,49.82,45.769633824956244
2018-09-13 20:45:00,19.98,40.47805629120306
2018-09-13 21:00:00,5.04,13.37830670793022
2018-09-13 21:15:00,4.93,1.7225686033413987
2018-09-13 21:30:00,4.86,4.0429669577702425
2018-09-13 21:45:00,4.79,4.524752931815851
2018-09-13 22:00:00,4.46,3.745526627766766
2018-09-13 22:15:00,4.46,3.747050395412584
2018-09-13 22:30:00,4.43,3.9708993391764866
2018-09-13 22:45:00,4.28,3.9708993391764866
2018-09-13 23:00:00,4.28,3.9749258128328866
2018-09-13 23:15:00,4.32,3.9749258128328866
2018-09-13 23:30:00,4.28,3.9749258128328866
2018-09-13 23:45:00,4.28,3.9749258128328866
2018-09-14 00:00:00,4.28,3.792050956715559
2018-09-14 00:15:00,4.25,4.145896993477959
2018-09-14 00:30:00,3.89,4.145896993477959
2018-09-14 00:45:00,3.28,4.145896993477959
2018-09-14 01:00:00,3.24,3.7866355057782433
2018-09-14 01:15:00,3.53,3.387962777183812
2018-09-14 01:30:00,4.36,3.387962777183812
2018-09-14 01:45:00,3.31,3.387962777183812
2018-09-14 02:00:00,3.35,3.792050956715559
2018-09-14 02:15:00,3.31,3.4496578019200443
2018-09-14 02:30:00,3.31,3.4327894690158454
2018-09-14 02:45:00,3.24,3.387962777183812
2018-09-14 03:00:00,3.28,3.4840819647208705
2018-09-14 03:15:00,3.28,3.4999630206178605
2018-09-14 03:30:00,3.35,3.4999630206178605
2018-09-14 03:45:00,3.31,3.544789712449894
2018-09-14 04:00:00,3.89,3.557738022233394
2018-09-14 04:15:00,4.07,3.574606355137593
2018-09-14 04:30:00,3.31,3.557738022233394
2018-09-14 04:45:00,3.31,3.7194623903577044
2018-09-14 05:00:00,3.35,3.557738022233394
2018-09-14 05:15:00,3.35,3.557738022233394
2018-09-14 05:30:00,3.64,3.557738022233394
2018-09-14 05:45:00,4.28,3.5129113304013604
2018-09-14 06:00:00,3.67,3.5129113304013604
2018-09-14 06:15:00,3.24,3.8228331988704105
2018-09-14 06:30:00,3.31,3.920406329133127
2018-09-14 06:45:00,3.24,3.5217336005386954
2018-09-14 07:00:00,3.28,3.566560292370729
2018-09-14 07:15:00,3.49,3.566560292370729
2018-09-14 07:30:00,3.71,4.628988271752224
2018-09-14 07:45:00,4.82,5.249035295355958
2018-09-14 08:00:00,33.34,37.15160422627146
2018-09-14 08:15:00,50.9,70.09752510860443
2018-09-14 08:30:00,63.58,67.2369670956246
2018-09-14 08:45:00,49.32,63.990011113300575
2018-09-14 09:00:00,47.41,64.69224930674
2018-09-14 09:15:00,61.2,56.42055587054876
2018-09-14 09:30:00,45.79,53.91451455116272
2018-09-14 09:45:00,39.6,57.956828928800526
2018-09-14 10:00:00,41.18,51.040689639862094
2018-09-14 10:15:00,52.06,45.406454045874675
2018-09-14 10:30:00,55.19,46.40047740694397
2018-09-14 10:45:00,50.4,56.927332860554046
2018-09-14 11:00:00,56.05,56.777716067732136
2018-09-14 11:15:00,55.4,55.68405363276339
2018-09-14 11:30:00,64.48,56.35607641349819
2018-09-14 11:45:00,63.4,49.82547525499353
2018-09-14 12:00:00,13.46,8.925395841385454
2018-09-14 12:15:00,4.32,8.466013061763064
2018-09-14 12:30:00,4.64,6.641828067123985
2018-09-14 12:45:00,3.71,5.654412359985884
2018-09-14 13:00:00,47.34,39.7977523078095
2018-09-14 13:15:00,54.76,58.88976779897444
2018-09-14 13:30:00,68.29,67.88824628557362
2018-09-14 13:45:00,58.46,58.898489014207414
2018-09-14 14:00:00,66.31,64.21982519522372
2018-09-14 14:15:00,60.98,58.0749157782909
2018-09-14 14:30:00,67.68,64.04359839647137
2018-09-14 14:45:00,61.49,59.33238937464093
2018-09-14 15:00:00,48.24,63.93149144188376
2018-09-14 15:15:00,61.06,59.86217125121605
2018-09-14 15:30:00,65.99,55.625354363431114
2018-09-14 15:45:00,58.03,59.162316014160965
2018-09-14 16:00:00,65.81,63.695861661354776
2018-09-14 16:15:00,111.78,57.18957856747383
2018-09-14 16:30:00,106.16,64.19843379599868
2018-09-14 16:45:00,48.13,83.77111086723305
2018-09-14 17:00:00,43.02,83.27966581220225
2018-09-14 17:15:00,62.5,58.21320910203693
2018-09-14 17:30:00,54.58,35.5500610064591
2018-09-14 17:45:00,34.99,27.75835115758335
2018-09-14 18:00:00,28.48,44.17510246790178
2018-09-14 18:15:00,29.05,42.648362981226406
2018-09-14 18:30:00,28.26,41.536413685114184
2018-09-14 18:45:00,27.0,39.45326795876203
2018-09-14 19:00:00,20.41,26.920866498775318
2018-09-14 19:15:00,7.85,25.752565021260665
2018-09-14 19:30:00,8.32,14.332470660134586
2018-09-14 19:45:00,4.54,11.375476405861953
2018-09-14 20:00:00,3.67,14.649339874978782
2018-09-14 20:15:00,3.71,3.913164352194925
2018-09-14 20:30:00,3.67,2.5557151469565627
2018-09-14 20:45:00,3.64,2.0133227564373026
2018-09-14 21:00:00,3.6,2.709825379919209
2018-09-14 21:15:00,3.74,2.931122682622835
2018-09-14 21:30:00,3.6,3.0217633114109823
2018-09-14 21:45:00,3.6,3.0217633114109823
2018-09-14 22:00:00,3.28,3.0217633114109823
2018-09-14 22:15:00,3.31,3.0217633114109823
2018-09-14 22:30:00,2.84,3.245612255174885
2018-09-14 22:45:00,2.7,3.245612255174885
2018-09-14 23:00:00,2.66,2.9616642044657575
2018-09-14 23:15:00,2.66,2.9138552185846276
2018-09-14 23:30:00,2.66,2.8858236898055356
2018-09-14 23:45:00,2.66,2.8858236898055356
2018-09-15 00:00:00,2.7,2.885239333467567
2018-09-15 00:15:00,2.63,2.805785361453834
2018-09-15 00:30:00,2.63,2.805785361453834
2018-09-15 00:45:00,2.63,2.805785361453834
2018-09-15 01:00:00,2.81,2.805785361453834
2018-09-15 01:15:00,3.24,2.7959863770914515
2018-09-15 01:30:00,2.99,2.7959863770914515
2018-09-15 01:45:00,2.66,3.08396090145698
2018-09-15 02:00:00,2.7,2.825841524317836
2018-09-15 02:15:00,2.7,2.7959863770914515
2018-09-15 02:30:00,2.63,2.875440349105185
2018-09-15 02:45:00,2.63,2.875440349105185
2018-09-15 03:00:00,2.7,2.8870091684490498
2018-09-15 03:15:00,2.63,2.8075551964353163
2018-09-15 03:30:00,2.63,2.8075551964353163
2018-09-15 03:45:00,3.31,2.8075551964353163
2018-09-15 04:00:00,2.77,2.8075551964353163
2018-09-15 04:15:00,2.7,3.1895307503906927
2018-09-15 04:30:00,2.7,2.8075551964353163
2018-09-15 04:45:00,2.7,2.8075551964353163
2018-09-15 05:00:00,2.7,2.8075551964353163
2018-09-15 05:15:00,2.63,2.875440349105185
2018-09-15 05:30:00,2.59,2.7959863770914515
2018-09-15 05:45:00,2.63,2.7959863770914515
2018-09-15 06:00:00,2.7,2.8075551964353163
2018-09-15 06:15:00,2.63,2.8172295734554136
2018-09-15 06:30:00,2.63,2.8172295734554136
2018-09-15 06:45:00,2.63,2.8172295734554136
2018-09-15 07:00:00,3.06,2.8172295734554136
2018-09-15 07:15:00,3.1,2.8172295734554136
2018-09-15 07:30:00,2.74,2.812274974343834
2018-09-15 07:45:00,8.06,2.7662587682349153
2018-09-15 08:00:00,34.02,11.154843617846318
2018-09-15 08:15:00,33.44,43.27403604124722
2018-09-15 08:30:00,38.3,49.032414579624195
2018-09-15 08:45:00,48.78,37.84034808574468
2018-09-15 09:00:00,33.05,41.13783940882903
2018-09-15 09:15:00,35.75,49.96378180431176
2018-09-15 09:30:00,35.14,36.48386432351628
2018-09-15 09:45:00,40.14,35.41240998703241
2018-09-15 10:00:00,33.8,35.74807362843627
2018-09-15 10:15:00,40.43,39.04226296267103
2018-09-15 10:30:00,33.01,35.025499882964716
2018-09-15 10:45:00,40.72,38.68065110790098
2018-09-15 11:00:00,41.22,37.08287658549571
2018-09-15 11:15:00,32.58,38.145851879079025
2018-09-15 11:30:00,40.39,35.064686290103104
2018-09-15 11:45:00,17.89,24.327535218843853
2018-09-15 12:00:00,3.31,10.881591689036807
2018-09-15 12:15:00,3.82,6.4536276298898185
2018-09-15 12:30:00,3.82,4.523924346851659
2018-09-15 12:45:00,3.31,5.5297873784539044
2018-09-15 13:00:00,29.63,14.357822306246948
2018-09-15 13:15:00,40.97,26.309112104311403
2018-09-15 13:30:00,39.96,46.56987426046977
2018-09-15 13:45:00,36.65,41.749883838455965
2018-09-15 14:00:00,40.39,40.57927068163207
2018-09-15 14:15:00,40.39,40.660024112649225
2018-09-15 14:30:00,32.98,40.20088144040401
2018-09-15 14:45:00,37.84,38.97590935381474
2018-09-15 15:00:00,44.21,35.31503875966803
2018-09-15 15:15:00,42.37,38.958185234166734
2018-09-15 15:30:00,38.59,44.60067093189406
2018-09-15 15:45:00,33.08,40.30137239024962
2018-09-15 16:00:00,39.67,38.52081701529391
2018-09-15 16:15:00,40.72,33.18556277194712
2018-09-15 16:30:00,39.67,36.94980518630161
2018-09-15 16:45:00,5.83,28.664891054387265
2018-09-15 17:00:00,3.82,23.917947044330955
2018-09-15 17:15:00,3.46,2.987820818511371
2018-09-15 17:30:00,3.49,4.25779630819942
2018-09-15 17:45:00,3.49,3.2383649491132194
2018-09-15 18:00:00,3.42,3.8161145258049696
2018-09-15 18:15:00,3.42,3.2948448992973844
2018-09-15 18:30:00,3.6,3.2948448992973844
2018-09-15 18:45:00,3.67,3.2948448992973844
2018-09-15 19:00:00,3.64,3.246338642470933
2018-09-15 19:15:00,3.6,2.9506414976240207
2018-09-15 19:30:00,3.64,3.1215898964281537
2018-09-15 19:45:00,3.06,3.1215898964281537
2018-09-15 20:00:00,2.99,3.1215898964281537
2018-09-15 20:15:00,2.92,2.974733795833055
2018-09-15 20:30:00,2.92,2.984025212758093
2018-09-15 20:45:00,2.95,2.918522228084239
2018-09-15 21:00:00,3.53,2.7455347747311807
2018-09-15 21:15:00,3.49,2.7869690562384313
2018-09-15 21:30:00,2.92,2.9733699691918845
2018-09-15 21:45:00,2.88,3.0211789550730144
2018-09-15 22:00:00,2.77,2.9107215260858523
2018-09-15 22:15:00,2.84,2.9107215260858523
2018-09-15 22:30:00,2.77,2.8964025293424607
2018-09-15 22:45:00,2.88,2.8235443087313343
2018-09-15 23:00:00,3.2,2.8235443087313343
2018-09-15 23:15:00,2.66,2.8235443087313343
2018-09-15 23:30:00,2.66,3.0242193414371785
2018-09-15 23:45:00,2.66,2.8137453243689525
2018-09-16 00:00:00,2.66,2.734875708693188
2018-09-16 00:15:00,2.81,2.8143296807069205
2018-09-16 00:30:00,2.74,2.8143296807069205
2018-09-16 00:45:00,2.7,2.734875708693188
2018-09-16 01:00:00,2.7,2.7797024005252213
2018-09-16 01:15:00,2.7,2.7965707334294203
2018-09-16 01:30:00,2.74,2.7797024005252213
2018-09-16 01:45:00,2.77,2.8143296807069205
2018-09-16 02:00:00,2.74,2.734875708693188
2018-09-16 02:15:00,2.99,2.734875708693188
2018-09-16 02:30:00,3.31,2.734875708693188
2018-09-16 02:45:00,2.7,2.7647308559195714
2018-09-16 03:00:00,3.35,3.1009702067515743
2018-09-16 03:15:00,3.2,2.734875708693188
2018-09-16 03:30:00,2.74,3.167064549350506
2018-09-16 03:45:00,2.74,3.656743388370797
2018-09-16 04:00:00,2.74,2.8272779904904213
2018-09-16 04:15:00,2.77,2.747824018476688
2018-09-16 04:30:00,2.74,2.8272779904904213
2018-09-16 04:45:00,2.74,2.8272779904904213
2018-09-16 05:00:00,2.7,2.747824018476688
2018-09-16 05:15:00,2.74,2.747824018476688
2018-09-16 05:30:00,2.66,2.747824018476688
2018-09-16 05:45:00,2.7,2.747824018476688
2018-09-16 06:00:00,2.66,2.747824018476688
2018-09-16 06:15:00,2.77,2.757498395496785
2018-09-16 06:30:00,3.17,2.757498395496785
2018-09-16 06:45:00,3.02,2.757498395496785
2018-09-16 07:00:00,2.66,2.921935444816503
2018-09-16 07:15:00,2.66,2.832180234555202
2018-09-16 07:30:00,2.63,2.722688649158821
2018-09-16 07:45:00,2.7,2.6717498962125634
2018-09-16 08:00:00,2.59,11.259399075325383
2018-09-16 08:15:00,2.63,10.127080656066303
2018-09-16 08:30:00,3.35,3.6198239381285586
2018-09-16 08:45:00,3.2,3.558491633212495
2018-09-16 09:00:00,2.88,3.977396377727737
2018-09-16 09:15:00,2.92,4.353355406502103
2018-09-16 09:30:00,2.81,3.7779142799234267
2018-09-16 09:45:00,2.84,3.758245212796967
2018-09-16 10:00:00,2.84,3.93980232631871
2018-09-16 10:15:00,2.84,3.8800689491898392
2018-09-16 10:30:00,2.88,3.797161934115561
2018-09-16 10:45:00,2.92,3.3546138831356607
2018-09-16 11:00:00,2.84,3.3546138831356607
2018-09-16 11:15:00,2.81,3.6499688500574488
2018-09-16 11:30:00,2.77,3.052802742172409
2018-09-16 11:45:00,3.2,3.128007142610687
2018-09-16 12:00:00,3.06,2.621822898253413
2018-09-16 12:15:00,2.84,2.5709455812506405
2018-09-16 12:30:00,2.95,2.64662251643295
2018-09-16 12:45:00,2.84,3.146091785306194
2018-09-16 13:00:00,2.81,3.3618794180906115
2018-09-16 13:15:00,2.84,3.9192072510122227
2018-09-16 13:30:00,2.81,4.082844815596585
2018-09-16 13:45:00,2.81,3.852053932891105
2018-09-16 14:00:00,2.92,3.818141807804039
2018-09-16 14:15:00,2.88,3.818141807804039
2018-09-16 14:30:00,3.49,3.877875184932908
2018-09-16 14:45:00,2.92,3.7643947775307876
2018-09-16 15:00:00,2.84,3.9389676307971606
2018-09-16 15:15:00,3.13,3.7378757285377886
2018-09-16 15:30:00,3.38,3.760489212747234
2018-09-16 15:45:00,2.88,3.983480491961879
2018-09-16 16:00:00,2.84,4.136279068678807
2018-09-16 16:15:00,2.88,3.0084530930699507
2018-09-16 16:30:00,2.84,3.0467811373461964
2018-09-16 16:45:00,2.84,2.787357941440609
2018-09-16 17:00:00,2.81,2.787357941440609
2018-09-16 17:15:00,2.88,2.787357941440609
2018-09-16 17:30:00,2.95,2.787357941440609
2018-09-16 17:45:00,2.81,2.787357941440609
2018-09-16 18:00:00,2.77,2.8097281772415927
2018-09-16 18:15:00,2.84,2.8695076459239037
2018-09-16 18:30:00,2.88,2.8695076459239037
2018-09-16 18:45:00,2.84,2.8695076459239037
2018-09-16 19:00:00,3.06,2.8695076459239037
2018-09-16 19:15:00,3.56,2.8695076459239037
2018-09-16 19:30:00,3.28,2.7722395400469297
2018-09-16 19:45:00,3.28,3.074889317362519
2018-09-16 20:00:00,3.49,3.1084552452830407
2018-09-16 20:15:00,2.95,3.1084552452830407
2018-09-16 20:30:00,2.92,3.1307196913905604
2018-09-16 20:45:00,2.99,2.9612501065860166
2018-09-16 21:00:00,2.92,2.8380820003329714
2018-09-16 21:15:00,2.92,2.8459503539197004
2018-09-16 21:30:00,2.95,2.8087980504970176
2018-09-16 21:45:00,2.99,2.8087980504970176
2018-09-16 22:00:00,2.74,2.786341594465967
2018-09-16 22:15:00,2.88,2.840967270660383
2018-09-16 22:30:00,2.77,2.8143296807069205
2018-09-16 22:45:00,2.74,2.8689553569013366
2018-09-16 23:00:00,2.74,2.859156372538954
2018-09-16 23:15:00,2.66,2.8143296807069205
2018-09-16 23:30:00,2.7,2.734875708693188
2018-09-16 23:45:00,2.74,2.8143296807069205
2018-09-17 00:00:00,2.7,3.0960226699022835
2018-09-17 00:15:00,2.77,3.140849361734317
2018-09-17 00:30:00,2.74,3.0960226699022835
2018-09-17 00:45:00,2.74,3.0960226699022835
2018-09-17 01:00:00,3.35,3.0960226699022835
2018-09-17 01:15:00,2.84,3.0960226699022835
2018-09-17 01:30:00,3.28,3.383997194267812
2018-09-17 01:45:00,3.1,3.0960226699022835
2018-09-17 02:00:00,2.77,3.412028723046904
2018-09-17 02:15:00,2.77,3.2928154718478457
2018-09-17 02:30:00,2.77,3.234034568321278
2018-09-17 02:45:00,2.74,3.175476641916017
2018-09-17 03:00:00,2.77,3.2456033876651427
2018-09-17 03:15:00,2.84,3.2318721530919152
2018-09-17 03:30:00,2.77,3.0960226699022835
2018-09-17 03:45:00,2.74,3.0960226699022835
2018-09-17 04:00:00,2.74,3.1089709796857843
2018-09-17 04:15:00,2.81,3.1089709796857843
2018-09-17 04:30:00,2.74,3.1089709796857843
2018-09-17 04:45:00,3.2,3.188424951699517
2018-09-17 05:00:00,2.99,3.1089709796857843
2018-09-17 05:15:00,2.77,3.4472860512879855
2018-09-17 05:30:00,2.7,3.138826126912168
2018-09-17 05:45:00,2.63,3.188424951699517
2018-09-17 06:00:00,2.66,3.1089709796857843
2018-09-17 06:15:00,2.7,3.198099328719614
2018-09-17 06:30:00,3.13,3.2429260205516477
2018-09-17 06:45:00,3.06,3.163472048537914
2018-09-17 07:00:00,2.66,3.2266868948497014
2018-09-17 07:15:00,2.92,3.148500503932265
2018-09-17 07:30:00,3.06,4.117087477991782
2018-09-17 07:45:00,3.13,5.039705793852133
2018-09-17 08:00:00,25.78,16.614869229614506
2018-09-17 08:15:00,63.11,31.482346202535208
2018-09-17 08:30:00,45.76,64.90148035373242
2018-09-17 08:45:00,56.34,68.50017627532185
2018-09-17 09:00:00,56.48,53.26652381736494
2018-09-17 09:15:00,50.98,62.904580493342586
2018-09-17 09:30:00,47.34,61.196848036274524
2018-09-17 09:45:00,42.3,57.573156426386554
2018-09-17 10:00:00,43.02,57.668580379244176
2018-09-17 10:15:00,55.19,49.504115882069016
2018-09-17 10:30:00,56.63,49.73295764742781
2018-09-17 10:45:00,62.96,60.91551339164895
2018-09-17 11:00:00,49.79,61.113205740811715
2018-09-17 11:15:00,56.88,61.19793936281501
2018-09-17 11:30:00,48.17,59.27081626777422
2018-09-17 11:45:00,45.79,52.5210755104312
2018-09-17 12:00:00,6.23,10.810089629843555
2018-09-17 12:15:00,3.89,9.803297785449171
2018-09-17 12:30:00,6.55,11.635659357451468
2018-09-17 12:45:00,5.26,11.287258539382623
2018-09-17 13:00:00,50.98,44.8190006134369
2018-09-17 13:15:00,74.77,51.10158816272709
2018-09-17 13:30:00,115.49,74.24123957544536
2018-09-17 13:45:00,114.12,74.92100410422813
2018-09-17 14:00:00,96.23,90.62958490558078
2018-09-17 14:15:00,111.64,92.41102494252424
2018-09-17 14:30:00,97.85,92.54785332654423
2018-09-17 14:45:00,121.14,91.50913991040524
2018-09-17 15:00:00,85.9,92.45368619285742
2018-09-17 15:15:00,108.5,92.48516215513091
2018-09-17 15:30:00,107.82,89.12284558163134
2018-09-17 15:45:00,105.19,93.9917413264056
2018-09-17 16:00:00,110.52,101.98741247129723
2018-09-17 16:15:00,100.3,98.15403118461147
2018-09-17 16:30:00,122.54,100.9712175793401
2018-09-17 16:45:00,82.62,102.56082024379764
2018-09-17 17:00:00,65.05,109.71421637160195
2018-09-17 17:15:00,53.35,101.55723110193814
2018-09-17 17:30:00,34.92,84.06919498087518
2018-09-17 17:45:00,27.36,72.06908194326245
2018-09-17 18:00:00,35.6,60.518596131427095
2018-09-17 18:15:00,42.48,46.67597583550732
2018-09-17 18:30:00,52.6,49.7218296583897
2018-09-17 18:45:00,51.05,41.6335618568542
2018-09-17 19:00:00,54.22,49.20064287729984
2018-09-17 19:15:00,51.16,47.82255612512335
2018-09-17 19:30:00,54.29,49.84515004104599
2018-09-17 19:45:00,55.76,51.81766447490368
2018-09-17 20:00:00,44.14,50.90862280004477
2018-09-17 20:15:00,48.31,50.76234218521335
2018-09-17 20:30:00,53.82,33.81153860875442
2018-09-17 20:45:00,12.28,21.43510570033128
2018-09-17 21:00:00,5.76,17.69420251718899
2018-09-17 21:15:00,4.07,5.0599353418516095
2018-09-17 21:30:00,3.92,4.453881571120461
2018-09-17 21:45:00,3.89,3.8915236298313687
2018-09-17 22:00:00,3.67,2.7408653999241066
2018-09-17 22:15:00,3.64,3.5722327302365495
2018-09-17 22:30:00,3.6,3.751254982168419
2018-09-17 22:45:00,3.6,3.751254982168419
2018-09-17 23:00:00,4.21,3.7552814558248198
2018-09-17 23:15:00,4.61,3.7552814558248198
2018-09-17 23:30:00,3.49,3.961832515781163
2018-09-17 23:45:00,3.53,4.513215672118967
2018-09-18 00:00:00,3.56,3.952642028991373
2018-09-18 00:15:00,3.53,3.5539693003969415
2018-09-18 00:30:00,3.31,3.5539693003969415
2018-09-18 00:45:00,2.95,3.5539693003969415
2018-09-18 01:00:00,2.95,3.615664325133174
2018-09-18 01:15:00,2.95,3.340676615089831
2018-09-18 01:30:00,2.95,3.35754494799403
2018-09-18 01:45:00,2.99,3.292867629208701
2018-09-18 02:00:00,2.95,3.2200094085975755
2018-09-18 02:15:00,2.95,3.2200094085975755
2018-09-18 02:30:00,2.95,3.2200094085975755
2018-09-18 02:45:00,2.95,3.2200094085975755
2018-09-18 03:00:00,2.95,3.222957631608521
2018-09-18 03:15:00,2.99,3.2677843234405546
2018-09-18 03:30:00,2.99,3.222957631608521
2018-09-18 03:45:00,2.99,3.222957631608521
2018-09-18 04:00:00,3.6,3.235905941392021
2018-09-18 04:15:00,3.06,3.2807326332240545
2018-09-18 04:30:00,3.46,3.6583985889510657
2018-09-18 04:45:00,2.99,3.358876931344204
2018-09-18 05:00:00,2.99,3.710997338073196
2018-09-18 05:15:00,2.95,3.326797446885498
2018-09-18 05:30:00,2.84,3.306278182222073
2018-09-18 05:45:00,2.84,3.2861192280939626
2018-09-18 06:00:00,2.88,3.193303586792309
2018-09-18 06:15:00,2.95,3.2021258569296442
2018-09-18 06:30:00,2.88,3.2469525487616777
2018-09-18 06:45:00,2.84,3.276807695988062
2018-09-18 07:00:00,2.88,3.2021258569296442
2018-09-18 07:15:00,2.95,3.2469525487616777
2018-09-18 07:30:00,4.54,4.481725363911367
2018-09-18 07:45:00,4.9,4.855087818826892
2018-09-18 08:00:00,35.46,53.548085816300166
2018-09-18 08:15:00,51.59,72.94947842229581
2018-09-18 08:30:00,55.87,65.59830095861678
2018-09-18 08:45:00,53.82,67.68970034774915
2018-09-18 09:00:00,48.24,60.81749762506081
2018-09-18 09:15:00,60.08,58.25056951779953
2018-09-18 09:30:00,61.2,54.45782365053773
2018-09-18 09:45:00,59.8,58.93229835127336
2018-09-18 10:00:00,59.26,59.13183984973287
2018-09-18 10:15:00,53.93,58.53889389480532
2018-09-18 10:30:00,49.75,59.923146984916066
2018-09-18 10:45:00,47.09,60.99836081775859
2018-09-18 11:00:00,60.55,59.992094357642564
2018-09-18 11:15:00,62.06,57.02968082257997
2018-09-18 11:30:00,62.68,59.03943547033539
2018-09-18 11:45:00,45.68,56.48579082570017
2018-09-18 12:00:00,25.6,11.122696634759192
2018-09-18 12:15:00,12.46,9.721046005460925
2018-09-18 12:30:00,4.07,13.554806961709003
2018-09-18 12:45:00,3.89,10.389361111167036
2018-09-18 13:00:00,39.2,40.18157766407016
2018-09-18 13:15:00,53.57,52.93552678581545
2018-09-18 13:30:00,60.48,62.69187208923521
2018-09-18 13:45:00,64.69,59.34085485908174
2018-09-18 14:00:00,62.89,59.580216292080024
2018-09-18 14:15:00,57.31,63.67750730567732
2018-09-18 14:30:00,54.11,60.322536746048264
2018-09-18 14:45:00,58.1,58.89769259512603
2018-09-18 15:00:00,42.62,59.11498796737165
2018-09-18 15:15:00,48.38,58.571011005898065
2018-09-18 15:30:00,60.23,48.934954311553824
2018-09-18 15:45:00,47.09,55.32834323674693
2018-09-18 16:00:00,41.08,58.7023161743934
2018-09-18 16:15:00,55.4,54.31705176794626
2018-09-18 16:30:00,51.12,45.35030259523073
2018-09-18 16:45:00,48.67,54.40188137131219
2018-09-18 17:00:00,43.02,51.64277029344905
2018-09-18 17:15:00,54.0,48.855414998300546
2018-09-18 17:30:00,32.22,39.50625946322275
2018-09-18 17:45:00,31.28,25.532221527225335
2018-09-18 18:00:00,37.26,38.49259348378831
2018-09-18 18:15:00,55.73,40.95815550182557
2018-09-18 18:30:00,48.67,46.32427955698645
2018-09-18 18:45:00,42.01,53.91721122890638
2018-09-18 19:00:00,47.7,49.02185076159374
2018-09-18 19:15:00,45.68,40.57089579016798
2018-09-18 19:30:00,49.18,50.358930591601805
2018-09-18 19:45:00,66.35,45.054734124053
2018-09-18 20:00:00,40.93,50.77545321600734
2018-09-18 20:15:00,43.78,61.21931255979567
2018-09-18 20:30:00,41.44,38.52158969936675
2018-09-18 20:45:00,42.37,16.788209802420287
2018-09-18 21:00:00,27.29,14.774566555022398
2018-09-18 21:15:00,4.86,15.185471633290797
2018-09-18 21:30:00,3.67,12.580370714234313
2018-09-18 21:45:00,3.6,3.3573750355764975
2018-09-18 22:00:00,3.31,3.187769834624113
2018-09-18 22:15:00,3.38,3.187769834624113
2018-09-18 22:30:00,3.35,4.02503714562675
2018-09-18 22:45:00,4.46,3.4116187783880156
2018-09-18 23:00:00,3.96,3.4156452520444156
2018-09-18 23:15:00,3.2,3.77490673974413
2018-09-18 23:30:00,3.2,3.4156452520444156
2018-09-18 23:45:00,3.2,3.407799732398465
2018-09-19 00:00:00,2.92,3.407799732398465
2018-09-19 00:15:00,2.74,3.407799732398465
2018-09-19 00:30:00,2.66,3.107151463015463
2018-09-19 00:45:00,2.66,3.062993408893559
2018-09-19 01:00:00,2.7,3.034961880114466
2018-09-19 01:15:00,2.66,3.034961880114466
2018-09-19 01:30:00,2.74,3.034961880114466
2018-09-19 01:45:00,2.77,2.9555079081007336
2018-09-19 02:00:00,2.74,2.9555079081007336
2018-09-19 02:15:00,2.77,2.9555079081007336
2018-09-19 02:30:00,2.74,2.9555079081007336
2018-09-19 02:45:00,2.74,2.9555079081007336
2018-09-19 03:00:00,2.81,2.945708923738351
2018-09-19 03:15:00,2.77,2.945708923738351
2018-09-19 03:30:00,2.74,2.945708923738351
2018-09-19 03:45:00,3.82,2.945708923738351
2018-09-19 04:00:00,3.89,2.9755255664260507
2018-09-19 04:15:00,2.7,3.254521599417659
2018-09-19 04:30:00,2.77,3.899877968384027
2018-09-19 04:45:00,2.74,3.301008093443751
2018-09-19 05:00:00,2.81,3.0611175583591934
2018-09-19 05:15:00,2.74,3.4381741048100674
2018-09-19 05:30:00,2.7,3.049680024879449
2018-09-19 05:45:00,2.7,2.9702260528657165
2018-09-19 06:00:00,2.74,2.9586572335218517
2018-09-19 06:15:00,2.66,2.979900429885813
2018-09-19 06:30:00,2.66,3.0477855825556817
2018-09-19 06:45:00,2.66,2.979900429885813
2018-09-19 07:00:00,2.66,2.979900429885813
2018-09-19 07:15:00,2.92,2.968331610541948
2018-09-19 07:30:00,4.61,3.696386983102562
2018-09-19 07:45:00,4.9,3.9311914408608537
2018-09-19 08:00:00,25.45,47.982950936713536
2018-09-19 08:15:00,61.09,66.48756583283757
2018-09-19 08:30:00,34.99,60.033344553744705
2018-09-19 08:45:00,37.3,66.66848310138387
2018-09-19 09:00:00,54.65,40.83521279842108
2018-09-19 09:15:00,55.01,45.01176004730016
2018-09-19 09:30:00,37.76,55.81432520836423
2018-09-19 09:45:00,36.72,55.458867374240064
2018-09-19 10:00:00,37.22,44.04834785861643
2018-09-19 10:15:00,39.67,45.48816614479954
2018-09-19 10:30:00,43.09,44.64449863260184
2018-09-19 10:45:00,43.34,44.85570595635292
2018-09-19 11:00:00,45.76,44.72687253907933
2018-09-19 11:15:00,40.25,45.84693220213031
2018-09-19 11:30:00,48.06,48.31675172381919
2018-09-19 11:45:00,38.59,38.84398347188768
2018-09-19 12:00:00,5.36,10.198945467024782
2018-09-19 12:15:00,4.97,10.54871832293198
2018-09-19 12:30:00,4.46,4.717036674496788
2018-09-19 12:45:00,4.9,5.818911462519296
2018-09-19 13:00:00,30.74,26.77958828616164
2018-09-19 13:15:00,41.58,44.7251619453403
2018-09-19 13:30:00,43.27,52.74633534308109
2018-09-19 13:45:00,44.1,47.11626853259951
2018-09-19 14:00:00,42.7,45.64188774194232
2018-09-19 14:15:00,38.7,46.28458131907361
2018-09-19 14:30:00,44.93,44.689202215262654
2018-09-19 14:45:00,43.42,44.76867386080386
2018-09-19 15:00:00,45.86,49.41882143634957
2018-09-19 15:15:00,37.15,47.24641905653378
2018-09-19 15:30:00,40.61,50.07312459107696
2018-09-19 15:45:00,42.52,44.032845118877475
2018-09-19 16:00:00,50.58,44.232306667661504
2018-09-19 16:15:00,52.38,43.12540498731414
2018-09-19 16:30:00,43.16,53.14774918345827
2018-09-19 16:45:00,51.62,52.28102702894458
2018-09-19 17:00:00,59.44,41.04534201623297
2018-09-19 17:15:00,51.66,51.734516756244005
2018-09-19 17:30:00,39.71,29.623777590537134
2018-09-19 17:45:00,36.47,27.24216896895305
2018-09-19 18:00:00,4.0,38.58161297714208
2018-09-19 18:15:00,3.85,41.97985455438692
2018-09-19 18:30:00,3.71,5.795352492175927
2018-09-19 18:45:00,3.67,4.411290008864899
2018-09-19 19:00:00,3.6,4.570304309920681
2018-09-19 19:15:00,3.6,4.809224118390194
2018-09-19 19:30:00,3.64,3.742297134096305
2018-09-19 19:45:00,3.64,2.256424965338215
2018-09-19 20:00:00,3.67,3.0632984810143804
2018-09-19 20:15:00,3.64,2.3406368541539977
2018-09-19 20:30:00,3.64,3.762595005246203
2018-09-19 20:45:00,3.71,3.6199700655375757
2018-09-19 21:00:00,3.71,3.5575515192805387
2018-09-19 21:15:00,3.31,3.0971292058359645
2018-09-19 21:30:00,3.74,3.187769834624113
2018-09-19 21:45:00,3.31,3.187769834624113
2018-09-19 22:00:00,2.92,3.187769834624113
2018-09-19 22:15:00,2.92,3.187769834624113
2018-09-19 22:30:00,2.92,3.127670727678888
2018-09-19 22:45:00,2.92,3.127670727678888
2018-09-19 23:00:00,2.74,3.079861741797758
2018-09-19 23:15:00,2.7,3.034961880114466
2018-09-19 23:30:00,2.66,3.034961880114466
2018-09-19 23:45:00,2.66,3.034961880114466
2018-09-20 00:00:00,2.7,3.034961880114466
2018-09-20 00:15:00,2.77,2.9901351882824327
2018-09-20 00:30:00,3.35,2.9106812162687
2018-09-20 00:45:00,2.77,2.9106812162687
2018-09-20 01:00:00,2.7,3.1986557406342278
2018-09-20 01:15:00,2.7,2.9008822319063174
2018-09-20 01:30:00,2.66,2.9008822319063174
2018-09-20 01:45:00,2.74,2.9008822319063174
2018-09-20 02:00:00,2.7,2.980336203920051
2018-09-20 02:15:00,2.7,2.9008822319063174
2018-09-20 02:30:00,2.7,2.9008822319063174
2018-09-20 02:45:00,3.1,2.9008822319063174
2018-09-20 03:00:00,3.35,2.945708923738351
2018-09-20 03:15:00,2.92,3.008923770050138
2018-09-20 03:30:00,2.7,3.282857785861694
2018-09-20 03:45:00,2.66,3.0021776047655075
2018-09-20 04:00:00,2.74,3.0151259145490075
2018-09-20 04:15:00,2.92,2.993284513703551
2018-09-20 04:30:00,3.28,2.993284513703551
2018-09-20 04:45:00,2.77,2.993284513703551
2018-09-20 05:00:00,2.66,3.340632787477228
2018-09-20 05:15:00,2.66,2.9138305416898183
2018-09-20 05:30:00,2.66,2.9138305416898183
2018-09-20 05:45:00,2.66,2.993284513703551
2018-09-20 06:00:00,2.66,2.993284513703551
2018-09-20 06:15:00,2.7,2.9235049187099147
2018-09-20 06:30:00,2.63,2.9235049187099147
2018-09-20 06:45:00,2.66,2.9235049187099147
2018-09-20 07:00:00,2.63,2.9235049187099147
2018-09-20 07:15:00,2.66,2.968331610541948
2018-09-20 07:30:00,2.81,3.696386983102562
2018-09-20 07:45:00,3.96,3.5837532054200745
2018-09-20 08:00:00,34.7,15.836629843234775
2018-09-20 08:15:00,41.47,50.88558363549057
2018-09-20 08:30:00,48.42,57.354402013772656
2018-09-20 08:45:00,41.11,50.192882651780835
2018-09-20 09:00:00,46.12,54.66037357114703
2018-09-20 09:15:00,38.63,46.06646518647679
2018-09-20 09:30:00,38.27,49.72751769507406
2018-09-20 09:45:00,39.02,44.61957503768211
2018-09-20 10:00:00,38.81,45.2083743507987
2018-09-20 10:15:00,43.56,43.07641662921911
2018-09-20 10:30:00,54.04,42.84393887058969
2018-09-20 10:45:00,54.54,46.677597161250674
2018-09-20 11:00:00,50.76,56.07564286588891
2018-09-20 11:15:00,49.1,55.52847606306646
2018-09-20 11:30:00,59.98,52.99697632492507
2018-09-20 11:45:00,34.78,46.83890684760557
2018-09-20 12:00:00,26.78,9.12105089946085
2018-09-20 12:15:00,10.15,11.827475075234812
2018-09-20 12:30:00,3.67,13.33256326104108
2018-09-20 12:45:00,4.28,9.747335411840725
2018-09-20 13:00:00,31.36,27.958788236954277
2018-09-20 13:15:00,61.16,44.65314651984297
2018-09-20 13:30:00,64.4,55.60372585696075
2018-09-20 13:45:00,61.99,62.18778057649899
2018-09-20 14:00:00,60.12,63.52169346394595
2018-09-20 14:15:00,48.85,58.18321489411212
2018-09-20 14:30:00,45.47,59.307703452635415
2018-09-20 14:45:00,55.3,55.04285390640566
2018-09-20 15:00:00,48.13,53.22774363896443
2018-09-20 15:15:00,51.8,56.680337413364185
2018-09-20 15:30:00,70.49,52.74288564789602
2018-09-20 15:45:00,54.32,55.85765588362599
2018-09-20 16:00:00,65.23,65.56183006333187
2018-09-20 16:15:00,43.16,58.40157760751435
2018-09-20 16:30:00,56.41,62.08531556729989
2018-09-20 16:45:00,51.3,44.153523439383534
2018-09-20 17:00:00,50.33,53.973684865996525
2018-09-20 17:15:00,55.19,51.43837956664341
2018-09-20 17:30:00,29.09,43.119039833840255
2018-09-20 17:45:00,30.31,36.337945556211615
2018-09-20 18:00:00,37.66,31.613029166804168
2018-09-20 18:15:00,52.81,46.91678594284378
2018-09-20 18:30:00,39.42,48.10040513571153
2018-09-20 18:45:00,44.17,53.39971795670592
2018-09-20 19:00:00,57.13,40.95959333350507
2018-09-20 19:15:00,54.22,46.221177280009314
2018-09-20 19:30:00,45.04,54.205275558387996
2018-09-20 19:45:00,41.11,50.90190667425341
2018-09-20 20:00:00,41.47,48.24313447598909
2018-09-20 20:15:00,67.54,42.5771062295348
2018-09-20 20:30:00,37.58,39.55163412814408
2018-09-20 20:45:00,13.28,27.9399918601672
2018-09-20 21:00:00,4.07,13.835866406641902
2018-09-20 21:15:00,3.89,4.012080652886214
2018-09-20 21:30:00,3.74,3.207746950862691
2018-09-20 21:45:00,3.71,3.3860110441029696
2018-09-20 22:00:00,3.53,3.170901501719914
2018-09-20 22:15:00,3.49,3.170901501719914
2018-09-20 22:30:00,3.49,3.3947504454838167
2018-09-20 22:45:00,3.53,3.3947504454838167
2018-09-20 23:00:00,3.42,3.353950227308183
2018-09-20 23:15:00,3.42,3.353950227308183
2018-09-20 23:30:00,3.38,3.353950227308183
2018-09-20 23:45:00,3.42,3.353950227308183
2018-09-21 00:00:00,2.77,3.1879437040950536
2018-09-21 00:15:00,2.92,3.1879437040950536
2018-09-21 00:30:00,3.17,2.9616642044657575
2018-09-21 00:45:00,3.46,2.8794499150661
2018-09-21 01:00:00,2.84,2.9372362346212615
2018-09-21 01:15:00,2.81,3.1401347182139236
2018-09-21 01:30:00,2.81,2.78694927979527
2018-09-21 01:45:00,2.92,2.852160193848395
2018-09-21 02:00:00,2.88,2.824128665069303
2018-09-21 02:15:00,2.88,2.824128665069303
2018-09-21 02:30:00,2.81,2.824128665069303
2018-09-21 02:45:00,2.84,2.8689553569013366
2018-09-21 03:00:00,2.84,2.8887719128164813
2018-09-21 03:15:00,2.84,2.8719035799122823
2018-09-21 03:30:00,2.84,2.8143296807069205
2018-09-21 03:45:00,2.95,2.8143296807069205
2018-09-21 04:00:00,3.38,2.8272779904904213
2018-09-21 04:15:00,3.1,2.9019598295488382
2018-09-21 04:30:00,2.84,3.27094856918203
2018-09-21 04:45:00,2.92,2.963351057413334
2018-09-21 05:00:00,2.81,2.8553095192695133
2018-09-21 05:15:00,2.77,2.8553095192695133
2018-09-21 05:30:00,2.74,2.8272779904904213
2018-09-21 05:45:00,2.88,2.8272779904904213
2018-09-21 06:00:00,3.38,2.8272779904904213
2018-09-21 06:15:00,2.95,2.8369523675105177
2018-09-21 06:30:00,2.81,3.218927921465894
2018-09-21 06:45:00,2.74,2.7873535427231686
2018-09-21 07:00:00,2.7,2.757498395496785
2018-09-21 07:15:00,2.99,2.8369523675105177
2018-09-21 07:30:00,3.35,3.1946812415499766
2018-09-21 07:45:00,14.33,3.117202124654205
2018-09-21 08:00:00,35.14,23.148899575613356
2018-09-21 08:15:00,41.11,68.73009436204057
2018-09-21 08:30:00,50.29,53.73860147225534
2018-09-21 08:45:00,55.91,45.07689474340749
2018-09-21 09:00:00,59.83,55.958324931965585
2018-09-21 09:15:00,45.58,55.23772790577376
2018-09-21 09:30:00,39.31,54.763899306229995
2018-09-21 09:45:00,47.52,46.77372827177277
2018-09-21 10:00:00,54.9,43.59982239360375
2018-09-21 10:15:00,38.66,53.010164659362324
2018-09-21 10:30:00,39.35,55.26508105909169
2018-09-21 10:45:00,34.09,45.07221895230273
2018-09-21 11:00:00,30.24,44.37426665114338
2018-09-21 11:15:00,31.25,40.95801393763289
2018-09-21 11:30:00,30.38,39.52969184740595
2018-09-21 11:45:00,29.84,36.0577193070681
2018-09-21 12:00:00,7.24,15.407034137200743
2018-09-21 12:15:00,6.26,12.939103004716081
2018-09-21 12:30:00,4.64,6.3700462990666225
2018-09-21 12:45:00,4.21,6.474286217913511
2018-09-21 13:00:00,18.18,31.16312190781367
2018-09-21 13:15:00,28.08,42.467185790121775
2018-09-21 13:30:00,29.77,50.98126943449392
2018-09-21 13:45:00,27.86,38.9089979518713
2018-09-21 14:00:00,27.07,41.947070897327116
2018-09-21 14:15:00,24.95,36.868884057166625
2018-09-21 14:30:00,8.6,36.948854821835404
2018-09-21 14:45:00,8.64,36.6025890159608
2018-09-21 15:00:00,8.57,31.074664374855004
2018-09-21 15:15:00,7.67,34.031785761130635
2018-09-21 15:30:00,6.52,33.650075044829194
2018-09-21 15:45:00,5.08,33.897420466173784
2018-09-21 16:00:00,3.31,23.294720069842974
2018-09-21 16:15:00,3.31,6.694275640859801
2018-09-21 16:30:00,3.35,2.875446748900876
2018-09-21 16:45:00,3.38,1.875740783489869
2018-09-21 17:00:00,3.35,2.0249587023080573
2018-09-21 17:15:00,3.42,1.671216626275702
2018-09-21 17:30:00,3.31,1.8771363366696745
2018-09-21 17:45:00,3.24,3.317840754623488
2018-09-21 18:00:00,3.28,3.1501518490037728
2018-09-21 18:15:00,3.31,3.4069034441345893
2018-09-21 18:30:00,3.92,3.5086243870858365
2018-09-21 18:45:00,4.39,3.5086243870858365
2018-09-21 19:00:00,2.7,3.5778912962630436
2018-09-21 19:15:00,2.74,3.9374772007036682
2018-09-21 19:30:00,2.77,3.350147131896788
2018-09-21 19:45:00,2.7,3.350147131896788
2018-09-21 20:00:00,2.77,3.690090418384888
2018-09-21 20:15:00,2.74,3.3435735264137723
2018-09-21 20:30:00,2.74,3.2355978418248883
2018-09-21 20:45:00,2.7,2.7819327347158476
2018-09-21 21:00:00,2.66,2.7819327347158476
2018-09-21 21:15:00,2.7,2.7819327347158476
2018-09-21 21:30:00,2.77,2.7560113957498658
2018-09-21 21:45:00,2.66,2.7560113957498658
2018-09-21 22:00:00,2.52,2.746212411387483
2018-09-21 22:15:00,2.59,2.746212411387483
2018-09-21 22:30:00,2.52,2.7965707334294203
2018-09-21 22:45:00,3.17,2.7965707334294203
2018-09-21 23:00:00,2.88,2.7965707334294203
2018-09-21 23:15:00,3.2,2.8932155935461514
2018-09-21 23:30:00,2.52,2.808139552773285
2018-09-21 23:45:00,2.48,3.076699738148997
2018-09-22 00:00:00,2.52,2.734291352355219
2018-09-22 00:15:00,2.56,2.858572016200986
2018-09-22 00:30:00,2.59,2.8701408355448508
2018-09-22 00:45:00,2.56,2.8870091684490498
2018-09-22 01:00:00,2.52,2.7906868635311173
2018-09-22 01:15:00,2.56,2.7906868635311173
2018-09-22 01:30:00,2.52,2.7906868635311173
2018-09-22 01:45:00,2.56,2.7791180441872525
2018-09-22 02:00:00,2.63,2.7906868635311173
2018-09-22 02:15:00,3.02,2.7906868635311173
2018-09-22 02:30:00,2.84,2.7906868635311173
2018-09-22 02:45:00,2.56,2.8205420107575017
2018-09-22 03:00:00,2.56,2.7791180441872525
2018-09-22 03:15:00,2.56,2.7791180441872525
2018-09-22 03:30:00,3.02,2.7791180441872525
2018-09-22 03:45:00,3.06,2.8701408355448508
2018-09-22 04:00:00,2.66,2.9168643156754333
2018-09-22 04:15:00,2.56,2.8205420107575017
2018-09-22 04:30:00,2.59,2.7906868635311173
2018-09-22 04:45:00,2.59,2.7906868635311173
2018-09-22 05:00:00,2.66,2.8701408355448508
2018-09-22 05:15:00,2.59,2.8137453243689525
2018-09-22 05:30:00,2.52,2.734291352355219
2018-09-22 05:45:00,2.52,2.7906868635311173
2018-09-22 06:00:00,3.17,2.8075551964353163
2018-09-22 06:15:00,3.1,2.8003612405512146
2018-09-22 06:30:00,2.59,2.8968339593511696
2018-09-22 06:45:00,2.56,2.852007267519136
2018-09-22 07:00:00,2.48,2.7439657293753164
2018-09-22 07:15:00,2.52,2.8003612405512146
2018-09-22 07:30:00,2.52,2.816316004679894
2018-09-22 07:45:00,2.52,2.7261023827609634
2018-09-22 08:00:00,2.95,12.519638756402042
2018-09-22 08:15:00,3.28,12.445032653730308
2018-09-22 08:30:00,3.31,4.483355552471762
2018-09-22 08:45:00,3.74,1.8883063645187728
2018-09-22 09:00:00,2.99,3.7723269356669973
2018-09-22 09:15:00,2.92,3.2006890397492387
2018-09-22 09:30:00,2.99,3.9512904246758014
2018-09-22 09:45:00,2.92,2.931208357292184
2018-09-22 10:00:00,4.0,3.764793739543962
2018-09-22 10:15:00,3.24,3.1675653012032767
2018-09-22 10:30:00,2.92,4.020235674881734
2018-09-22 10:45:00,2.95,2.9075655097849786
2018-09-22 11:00:00,3.28,1.466758171889017
2018-09-22 11:15:00,3.78,3.7211903255434127
2018-09-22 11:30:00,2.99,2.4192894198019004
2018-09-22 11:45:00,3.35,3.5663275829042163
2018-09-22 12:00:00,2.92,3.0861925830123664
2018-09-22 12:15:00,2.81,2.6805354279850446
2018-09-22 12:30:00,2.88,2.823175369377853
2018-09-22 12:45:00,2.95,3.37933105311911
2018-09-22 13:00:00,2.81,3.3621073216789923
2018-09-22 13:15:00,2.81,3.35700403790344
2018-09-22 13:30:00,3.17,3.451442348445141
2018-09-22 13:45:00,4.5,3.797402039329786
2018-09-22 14:00:00,2.99,3.322090225528178
2018-09-22 14:15:00,2.92,7.708546993558506
2018-09-22 14:30:00,2.81,3.5717052554037587
2018-09-22 14:45:00,2.77,2.9689092477394943
2018-09-22 15:00:00,2.84,1.8867600295822278
2018-09-22 15:15:00,3.13,1.8935279813404242
2018-09-22 15:30:00,3.38,2.923160007357241
2018-09-22 15:45:00,3.06,3.516529357945686
2018-09-22 16:00:00,2.77,3.671617248782361
2018-09-22 16:15:00,2.84,2.5036754378874964
2018-09-22 16:30:00,2.88,2.425870630531911
2018-09-22 16:45:00,2.77,2.61362595772204
2018-09-22 17:00:00,2.77,2.61362595772204
2018-09-22 17:15:00,2.81,2.61362595772204
2018-09-22 17:30:00,2.81,2.5843540332654795
2018-09-22 17:45:00,2.81,2.61362595772204
2018-09-22 18:00:00,2.77,2.61362595772204
2018-09-22 18:15:00,2.92,2.5653882393203453
2018-09-22 18:30:00,3.56,2.5653882393203453
2018-09-22 18:45:00,3.06,2.695775662205335
2018-09-22 19:00:00,2.88,2.8313385026442766
2018-09-22 19:15:00,2.84,2.684482402049178
2018-09-22 19:30:00,2.95,2.716916200127945
2018-09-22 19:45:00,3.38,2.8473036230129356
2018-09-22 20:00:00,3.13,2.827399272074218
2018-09-22 20:15:00,2.88,2.9742553726693166
2018-09-22 20:30:00,2.95,2.913651130867254
2018-09-22 20:45:00,2.92,2.8339815557285273
2018-09-22 21:00:00,2.92,2.7386855881732495
2018-09-22 21:15:00,2.88,2.6931048113388334
2018-09-22 21:30:00,2.88,2.7633870023270153
2018-09-22 21:45:00,2.84,2.7633870023270153
2018-09-22 22:00:00,2.66,2.7633870023270153
2018-09-22 22:15:00,2.7,2.7633870023270153
2018-09-22 22:30:00,2.77,2.8137453243689525
2018-09-22 22:45:00,2.77,2.858572016200986
2018-09-22 23:00:00,2.95,2.858572016200986
2018-09-22 23:15:00,2.95,2.858572016200986
2018-09-22 23:30:00,2.84,2.7641464995816034
2018-09-22 23:45:00,2.92,2.7641464995816034
2018-09-23 00:00:00,2.56,2.734875708693188
2018-09-23 00:15:00,2.52,2.734875708693188
2018-09-23 00:30:00,2.56,2.8143296807069205
2018-09-23 00:45:00,2.52,2.8143296807069205
2018-09-23 01:00:00,2.56,2.8143296807069205
2018-09-23 01:15:00,2.66,2.8143296807069205
2018-09-23 01:30:00,2.56,2.734875708693188
2018-09-23 01:45:00,2.52,2.734875708693188
2018-09-23 02:00:00,2.56,2.734875708693188
2018-09-23 02:15:00,2.48,2.791271219869086
2018-09-23 02:30:00,2.84,2.791271219869086
2018-09-23 02:45:00,3.17,2.734875708693188
2018-09-23 03:00:00,2.52,2.734875708693188
2018-09-23 03:15:00,2.59,2.8429172468370076
2018-09-23 03:30:00,2.81,2.7797024005252213
2018-09-23 03:45:00,3.13,2.7797024005252213
2018-09-23 04:00:00,2.56,2.8272779904904213
2018-09-23 04:15:00,2.63,2.935319528634241
2018-09-23 04:30:00,2.52,2.747824018476688
2018-09-23 04:45:00,2.52,2.747824018476688
2018-09-23 05:00:00,2.56,2.8272779904904213
2018-09-23 05:15:00,2.59,2.8272779904904213
2018-09-23 05:30:00,2.52,2.747824018476688
2018-09-23 05:45:00,2.56,2.747824018476688
2018-09-23 06:00:00,2.52,2.804219529652586
2018-09-23 06:15:00,2.52,2.8138939066726834
2018-09-23 06:30:00,2.48,2.757498395496785
2018-09-23 06:45:00,2.88,2.757498395496785
2018-09-23 07:00:00,2.95,2.757498395496785
2018-09-23 07:15:00,2.52,2.757498395496785
2018-09-23 07:30:00,2.48,2.7069860019339163
2018-09-23 07:45:00,3.13,2.552928257681177
2018-09-23 08:00:00,2.84,9.175985858008005
2018-09-23 08:15:00,2.48,15.1461047392268
2018-09-23 08:30:00,2.56,3.336799127408872
2018-09-23 08:45:00,2.81,3.4509936076885177
2018-09-23 09:00:00,2.7,3.4341252747843187
2018-09-23 09:15:00,2.7,3.5692059056298264
2018-09-23 09:30:00,2.7,3.5692059056298264
2018-09-23 09:45:00,2.7,3.4051075824972514
2018-09-23 10:00:00,2.74,3.4219759154014504
2018-09-23 10:15:00,2.7,3.5860742385340254
2018-09-23 10:30:00,2.77,3.2740360096379697
2018-09-23 10:45:00,2.77,2.891221335786943
2018-09-23 11:00:00,2.7,2.896520849347277
2018-09-23 11:15:00,2.77,2.999304620470111
2018-09-23 11:30:00,2.74,2.3572985577968972
2018-09-23 11:45:00,2.84,2.457724575120838
2018-09-23 12:00:00,3.35,2.429287422872774
2018-09-23 12:15:00,2.81,2.2755863680402686
2018-09-23 12:30:00,2.81,2.4906720270806146
2018-09-23 12:45:00,2.81,2.976693948613285
2018-09-23 13:00:00,2.77,2.879652516443078
2018-09-23 13:15:00,2.99,3.552434003976078
2018-09-23 13:30:00,3.35,3.716071568560438
2018-09-23 13:45:00,2.81,3.6138840958579337
2018-09-23 14:00:00,2.88,3.7246570593260815
2018-09-23 14:15:00,2.77,3.518847583587889
2018-09-23 14:30:00,2.81,3.354749260455315
2018-09-23 14:45:00,2.81,3.2635572409290554
2018-09-23 15:00:00,2.81,3.400555563177439
2018-09-23 15:15:00,2.77,3.446052051821272
2018-09-23 15:30:00,2.81,3.4739650495910515
2018-09-23 15:45:00,2.84,3.354749260455315
2018-09-23 16:00:00,2.84,3.4513293192157475
2018-09-23 16:15:00,3.1,2.679083206842165
2018-09-23 16:30:00,3.2,2.7174112511184125
2018-09-23 16:45:00,2.81,2.767690141137705
2018-09-23 17:00:00,2.77,2.8396191971037625
2018-09-23 17:15:00,2.81,2.77048960853641
2018-09-23 17:30:00,2.81,2.77048960853641
2018-09-23 17:45:00,2.81,2.77048960853641
2018-09-23 18:00:00,3.17,2.7256629167043767
2018-09-23 18:15:00,3.13,2.8526393130197047
2018-09-23 18:30:00,2.81,2.8104193719288033
2018-09-23 18:45:00,2.81,2.923938461909594
2018-09-23 19:00:00,2.81,2.8526393130197047
2018-09-23 19:15:00,2.88,2.8526393130197047
2018-09-23 19:30:00,2.81,2.8633883942267375
2018-09-23 19:45:00,3.24,2.8802567271309365
2018-09-23 20:00:00,3.02,2.8633883942267375
2018-09-23 20:15:00,2.81,3.032614730622819
2018-09-23 20:30:00,2.84,2.90802307613524
2018-09-23 20:45:00,2.81,2.863039356124811
2018-09-23 21:00:00,2.92,2.7453731527685497
2018-09-23 21:15:00,2.81,2.7644371984748175
2018-09-23 21:30:00,2.88,2.8087980504970176
2018-09-23 21:45:00,2.81,2.8087980504970176
2018-09-23 22:00:00,2.63,2.763971358664984
2018-09-23 22:15:00,2.63,2.763971358664984
2018-09-23 22:30:00,2.66,2.8143296807069205
2018-09-23 22:45:00,2.7,2.8143296807069205
2018-09-23 23:00:00,3.6,2.859156372538954
2018-09-23 23:15:00,4.0,2.859156372538954
2018-09-23 23:30:00,2.63,3.067676924890749
2018-09-23 23:45:00,2.66,3.8020260614582355
2018-09-24 00:00:00,2.59,4.742727005884912
2018-09-24 00:15:00,2.63,3.1718631845625063
2018-09-24 00:30:00,2.74,3.175476641916017
2018-09-24 00:45:00,2.63,3.175476641916017
2018-09-24 01:00:00,2.59,3.0960226699022835
2018-09-24 01:15:00,2.63,3.0960226699022835
2018-09-24 01:30:00,2.63,3.0960226699022835
2018-09-24 01:45:00,2.66,3.0960226699022835
2018-09-24 02:00:00,2.66,3.0960226699022835
2018-09-24 02:15:00,2.66,3.0960226699022835
2018-09-24 02:30:00,2.63,3.1524181810781817
2018-09-24 02:45:00,2.63,3.1524181810781817
2018-09-24 03:00:00,2.95,3.0960226699022835
2018-09-24 03:15:00,3.02,3.0960226699022835
2018-09-24 03:30:00,2.63,3.1707045089607013
2018-09-24 03:45:00,3.17,3.182273328304566
2018-09-24 04:00:00,3.24,3.1089709796857843
2018-09-24 04:15:00,2.74,3.217012517829604
2018-09-24 04:30:00,2.66,3.958894585585511
2018-09-24 04:45:00,2.63,3.188424951699517
2018-09-24 05:00:00,2.66,3.1089709796857843
2018-09-24 05:15:00,2.63,3.188424951699517
2018-09-24 05:30:00,2.7,3.188424951699517
2018-09-24 05:45:00,2.63,3.1089709796857843
2018-09-24 06:00:00,2.59,3.1089709796857843
2018-09-24 06:15:00,3.1,3.1186453567058807
2018-09-24 06:30:00,2.92,3.1186453567058807
2018-09-24 06:45:00,2.56,3.2830824060255996
2018-09-24 07:00:00,2.66,3.175040867881779
2018-09-24 07:15:00,2.59,3.1186453567058807
2018-09-24 07:30:00,2.56,4.117087477991782
2018-09-24 07:45:00,2.63,5.175555277041764
2018-09-24 08:00:00,2.59,17.03559524602944
2018-09-24 08:15:00,2.59,24.937004747481755
2018-09-24 08:30:00,2.74,12.893774016504281
2018-09-24 08:45:00,2.81,11.345378646799293
2018-09-24 09:00:00,2.88,9.104294053938512
2018-09-24 09:15:00,2.84,8.500148787932305
2018-09-24 09:30:00,3.17,8.530230919148915
2018-09-24 09:45:00,3.24,8.683940524489609
2018-09-24 10:00:00,2.84,8.381332356542387
2018-09-24 10:15:00,2.88,8.728422584367685
2018-09-24 10:30:00,3.42,8.697060695862966
2018-09-24 10:45:00,2.88,9.732436984760772
2018-09-24 11:00:00,2.84,8.055030106554561
2018-09-24 11:15:00,2.81,7.568540436238787
2018-09-24 11:30:00,2.84,7.542801863107728
2018-09-24 11:45:00,2.88,7.579933698221017
2018-09-24 12:00:00,2.81,5.552313243903022
2018-09-24 12:15:00,2.81,6.830899405076065
2018-09-24 12:30:00,2.84,5.451751146550675
2018-09-24 12:45:00,2.81,6.0484423255590345
2018-09-24 13:00:00,2.81,8.027015273729997
2018-09-24 13:15:00,2.84,11.383042402928512
2018-09-24 13:30:00,2.84,9.094837852175162
2018-09-24 13:45:00,3.13,9.356271360280768
2018-09-24 14:00:00,3.49,9.488518309420588
2018-09-24 14:15:00,2.92,9.909287982255245
2018-09-24 14:30:00,3.38,10.395295500534631
2018-09-24 14:45:00,3.24,11.364309082048193
2018-09-24 15:00:00,2.84,10.964913675843308
2018-09-24 15:15:00,2.84,10.33741879020794
2018-09-24 15:30:00,2.81,9.484663558798415
2018-09-24 15:45:00,2.81,9.602242686004784
2018-09-24 16:00:00,2.81,9.63305033573909
2018-09-24 16:15:00,2.92,6.2877981476617855
2018-09-24 16:30:00,2.88,5.889291525022376
2018-09-24 16:45:00,2.81,5.48270156368011
2018-09-24 17:00:00,2.81,5.754605736145127
2018-09-24 17:15:00,2.84,4.160720437320397
2018-09-24 17:30:00,2.77,4.164386755288796
2018-09-24 17:45:00,2.77,4.210645239007826
2018-09-24 18:00:00,2.74,3.993203708592954
2018-09-24 18:15:00,2.74,4.122922275973916
2018-09-24 18:30:00,2.88,4.242870141803692
2018-09-24 18:45:00,2.84,4.242870141803692
2018-09-24 19:00:00,2.81,4.112482718918702
2018-09-24 19:15:00,3.38,4.112482718918702
2018-09-24 19:30:00,4.43,4.112482718918702
2018-09-24 19:45:00,2.92,3.9625051997430556
2018-09-24 20:00:00,2.81,5.827802955530787
2018-09-24 20:15:00,2.81,4.881430807113414
2018-09-24 20:30:00,2.81,4.526117920343217
2018-09-24 20:45:00,2.81,3.1604744022097107
2018-09-24 21:00:00,2.88,2.9669676841932264
2018-09-24 21:15:00,2.92,2.9860317298994943
2018-09-24 21:30:00,2.81,3.169945011706113
2018-09-24 21:45:00,2.77,3.169945011706113
2018-09-24 22:00:00,2.66,3.1251183198740797
2018-09-24 22:15:00,2.63,3.1251183198740797
2018-09-24 22:30:00,2.84,3.175476641916017
2018-09-24 22:45:00,3.2,3.175476641916017
2018-09-24 23:00:00,2.59,3.234034568321278
2018-09-24 23:15:00,2.56,3.434709601027121
2018-09-24 23:30:00,2.59,3.0960226699022835
2018-09-24 23:45:00,2.63,3.0960226699022835
2018-09-25 00:00:00,2.66,2.980336203920051
2018-09-25 00:15:00,3.24,2.980336203920051
2018-09-25 00:30:00,2.99,2.9008822319063174
2018-09-25 00:45:00,2.63,3.188856756271846
2018-09-25 01:00:00,2.63,2.930737379132702
2018-09-25 01:15:00,2.63,2.9008822319063174
2018-09-25 01:30:00,2.59,2.9008822319063174
2018-09-25 01:45:00,2.7,2.980336203920051
2018-09-25 02:00:00,3.24,2.980336203920051
2018-09-25 02:15:00,2.77,2.9008822319063174
2018-09-25 02:30:00,2.7,3.188856756271846
2018-09-25 02:45:00,2.63,2.9008822319063174
2018-09-25 03:00:00,2.59,2.945708923738351
2018-09-25 03:15:00,2.66,2.9572777430822157
2018-09-25 03:30:00,2.63,2.980336203920051
2018-09-25 03:45:00,2.63,2.9572777430822157
2018-09-25 04:00:00,2.59,2.9870943857699155
2018-09-25 04:15:00,2.59,2.9138305416898183
2018-09-25 04:30:00,2.66,2.9138305416898183
2018-09-25 04:45:00,2.66,2.9138305416898183
2018-09-25 05:00:00,2.63,2.9138305416898183
2018-09-25 05:15:00,2.88,2.9138305416898183
2018-09-25 05:30:00,3.85,2.9138305416898183
2018-09-25 05:45:00,2.84,2.9138305416898183
2018-09-25 06:00:00,2.56,3.1816633788065336
2018-09-25 06:15:00,2.56,2.996363139321041
2018-09-25 06:30:00,2.56,2.996363139321041
2018-09-25 06:45:00,2.52,3.002958890723648
2018-09-25 07:00:00,2.56,3.002958890723648
2018-09-25 07:15:00,2.63,3.002958890723648
2018-09-25 07:30:00,2.59,3.6346919583663295
2018-09-25 07:45:00,2.63,3.5104893613399772
2018-09-25 08:00:00,2.59,12.37989099951349
2018-09-25 08:15:00,2.52,15.907354757253069
2018-09-25 08:30:00,2.48,6.5248234829980785
2018-09-25 08:45:00,2.92,6.2735661811569265
2018-09-25 09:00:00,3.13,4.213505299183371
2018-09-25 09:15:00,2.66,3.866532983590043
2018-09-25 09:30:00,2.7,3.869735091378435
2018-09-25 09:45:00,2.66,3.7268992950774553
2018-09-25 10:00:00,3.1,3.8549641642461783
2018-09-25 10:15:00,3.35,4.030631306722617
2018-09-25 10:30:00,2.74,3.4409065065772997
2018-09-25 10:45:00,2.63,3.574472049812766
2018-09-25 11:00:00,2.66,3.148815316599697
2018-09-25 11:15:00,2.66,2.7879027828103675
2018-09-25 11:30:00,2.66,2.5642377411045354
2018-09-25 11:45:00,2.59,2.795376314208129
2018-09-25 12:00:00,2.66,1.7091536077132723
2018-09-25 12:15:00,2.66,1.5554525528807668
2018-09-25 12:30:00,2.66,1.648300135101564
2018-09-25 12:45:00,2.84,2.244991314109918
2018-09-25 13:00:00,3.35,3.4941604520629808
2018-09-25 13:15:00,2.66,4.812364312754185
2018-09-25 13:30:00,2.63,4.513195026631247
2018-09-25 13:45:00,2.66,3.165881882515478
2018-09-25 14:00:00,2.66,2.6623755968805787
2018-09-25 14:15:00,2.66,3.4298458118833417
2018-09-25 14:30:00,2.63,2.8325189786990586
2018-09-25 14:45:00,2.74,3.1492514389259094
2018-09-25 15:00:00,2.74,3.4566163581294287
2018-09-25 15:15:00,2.66,3.3073984393112372
2018-09-25 15:30:00,2.63,3.2773163080946315
2018-09-25 15:45:00,2.7,3.439666654935061
2018-09-25 16:00:00,2.66,4.230173907845016
2018-09-25 16:15:00,2.66,2.110218000004041
2018-09-25 16:30:00,3.28,2.1485460442802884
2018-09-25 16:45:00,3.67,2.5479413820232297
2018-09-25 17:00:00,2.95,3.1373179206076944
2018-09-25 17:15:00,2.66,3.232369233664857
2018-09-25 17:30:00,2.63,2.893830517539694
2018-09-25 17:45:00,2.63,2.8578536209036587
2018-09-25 18:00:00,2.52,2.942205983557309
2018-09-25 18:15:00,2.56,2.8896162328676307
2018-09-25 18:30:00,2.59,2.959404267632236
2018-09-25 18:45:00,2.59,2.9782347635654336
2018-09-25 19:00:00,2.7,2.8290168447472457
2018-09-25 19:15:00,2.77,2.2961383184653377
2018-09-25 19:30:00,2.84,2.1576694808541816
2018-09-25 19:45:00,3.02,2.826314238327241
2018-09-25 20:00:00,3.35,2.9444232499106455
2018-09-25 20:15:00,2.74,3.041238462969103
2018-09-25 20:30:00,2.74,3.2103590096717203
2018-09-25 20:45:00,2.77,2.9996794715361204
2018-09-25 21:00:00,2.81,3.1325629864513194
2018-09-25 21:15:00,2.7,3.151627032157587
2018-09-25 21:30:00,2.77,2.986373393054012
2018-09-25 21:45:00,3.46,2.850523909864381
2018-09-25 22:00:00,2.88,2.850523909864381
2018-09-25 22:15:00,2.59,2.9609813388515422
2018-09-25 22:30:00,2.56,3.036731715095949
2018-09-25 22:45:00,2.63,2.9572777430822157
2018-09-25 23:00:00,2.56,2.9008822319063174
2018-09-25 23:15:00,2.63,2.980336203920051
2018-09-25 23:30:00,3.13,2.980336203920051
2018-09-25 23:45:00,2.66,2.9008822319063174
2018-09-26 00:00:00,2.56,2.985958272679184
2018-09-26 00:15:00,2.66,2.96257725664255
2018-09-26 00:30:00,2.63,2.9572777430822157
2018-09-26 00:45:00,2.66,2.9008822319063174
2018-09-26 01:00:00,2.63,2.980336203920051
2018-09-26 01:15:00,2.59,2.9008822319063174
2018-09-26 01:30:00,2.59,2.9008822319063174
2018-09-26 01:45:00,2.66,2.9008822319063174
2018-09-26 02:00:00,2.59,2.96257725664255
2018-09-26 02:15:00,2.56,2.9008822319063174
2018-09-26 02:30:00,2.77,2.9008822319063174
2018-09-26 02:45:00,3.17,2.9008822319063174
2018-09-26 03:00:00,2.81,2.9008822319063174
2018-09-26 03:15:00,2.63,3.008923770050138
2018-09-26 03:30:00,3.13,2.9008822319063174
2018-09-26 03:45:00,2.92,2.9008822319063174
2018-09-26 04:00:00,2.59,3.021872079833638
2018-09-26 04:15:00,2.56,2.993284513703551
2018-09-26 04:30:00,2.59,2.993284513703551
2018-09-26 04:45:00,2.56,2.9138305416898183
2018-09-26 05:00:00,2.63,2.993284513703551
2018-09-26 05:15:00,2.56,3.049680024879449
2018-09-26 05:30:00,2.63,2.9870943857699155
2018-09-26 05:45:00,2.56,2.9702260528657165
2018-09-26 06:00:00,2.48,2.9138305416898183
2018-09-26 06:15:00,2.52,2.9235049187099147
2018-09-26 06:30:00,2.52,2.9235049187099147
2018-09-26 06:45:00,2.59,2.9235049187099147
2018-09-26 07:00:00,2.52,2.9235049187099147
2018-09-26 07:15:00,2.56,2.9235049187099147
2018-09-26 07:30:00,2.56,3.6346919583663295
2018-09-26 07:45:00,3.13,3.5104893613399772
2018-09-26 08:00:00,3.02,10.958793628790955
2018-09-26 08:15:00,2.74,20.763782120021208
2018-09-26 08:30:00,2.48,8.911181299510629
2018-09-26 08:45:00,2.59,8.5753957006059
2018-09-26 09:00:00,2.63,3.7439568933325478
2018-09-26 09:15:00,2.63,3.3164755956032033
2018-09-26 09:30:00,2.66,3.966132263674154
2018-09-26 09:45:00,2.63,3.8256307578483773
2018-09-26 10:00:00,2.74,3.972158313526114
2018-09-26 10:15:00,2.63,3.9106546697947637
2018-09-26 10:30:00,2.63,3.205097436168647
2018-09-26 10:45:00,2.59,2.8222827623176205
2018-09-26 11:00:00,2.59,2.6184513420375866
2018-09-26 11:15:00,3.2,2.8963128542450183
2018-09-26 11:30:00,3.2,1.6572717156190107
2018-09-26 11:45:00,3.24,1.98978278131995
2018-09-26 12:00:00,2.81,1.1490618718934675
2018-09-26 12:15:00,2.7,1.0312378654860057
2018-09-26 12:30:00,2.74,1.5100128076324348
2018-09-26 12:45:00,2.81,2.3831122470750823
2018-09-26 13:00:00,2.74,3.68976151112572
2018-09-26 13:15:00,2.7,3.994402854405361
2018-09-26 13:30:00,2.7,4.113832131762297
2018-09-26 13:45:00,2.59,3.1054032184331692
2018-09-26 14:00:00,2.59,3.1054032184331692
2018-09-26 14:15:00,2.59,3.8902181520081456
2018-09-26 14:30:00,2.59,3.1054032184331692
2018-09-26 14:45:00,2.66,3.1054032184331692
2018-09-26 15:00:00,3.24,2.956185299614977
2018-09-26 15:15:00,2.77,3.7708584118135597
2018-09-26 15:30:00,2.59,3.5524332077298486
2018-09-26 15:45:00,2.59,3.237671434056993
2018-09-26 16:00:00,2.56,3.3493702270085977
2018-09-26 16:15:00,2.59,1.8702405364303978
2018-09-26 16:30:00,2.52,2.2768901777573927
2018-09-26 16:45:00,2.66,1.9341251241574744
2018-09-26 17:00:00,2.59,2.6060601281062667
2018-09-26 17:15:00,2.59,2.577923043902132
2018-09-26 17:30:00,3.17,2.912934059100748
2018-09-26 17:45:00,3.02,2.9173480830936303
2018-09-26 18:00:00,2.52,2.9336966643508346
2018-09-26 18:15:00,2.59,2.865801957316795
2018-09-26 18:30:00,3.31,2.8434317215158114
2018-09-26 18:45:00,2.7,2.8434317215158114
2018-09-26 19:00:00,2.66,3.143045480796883
2018-09-26 19:15:00,2.66,2.9738191444008018
2018-09-26 19:30:00,2.74,2.8990074945548776
2018-09-26 19:45:00,2.74,2.9105763138987424
2018-09-26 20:00:00,2.66,3.057832069687931
2018-09-26 20:15:00,2.63,2.854180802722844
2018-09-26 20:30:00,2.66,2.876445248830363
2018-09-26 20:45:00,2.7,2.876445248830363
2018-09-26 21:00:00,2.63,2.932840760006261
2018-09-26 21:15:00,2.92,2.876445248830363
2018-09-26 21:30:00,3.28,2.850523909864381
2018-09-26 21:45:00,2.74,2.9122189346006135
2018-09-26 22:00:00,2.56,3.0058080306835757
2018-09-26 22:15:00,2.63,2.850523909864381
2018-09-26 22:30:00,3.17,2.9008822319063174
2018-09-26 22:45:00,2.7,2.980336203920051
2018-09-26 23:00:00,2.45,3.0654122446929173
2018-09-26 23:15:00,2.45,2.9008822319063174
2018-09-26 23:30:00,2.45,2.9572777430822157
2018-09-26 23:45:00,2.48,2.9008822319063174
2018-09-27 00:00:00,2.48,2.980336203920051
2018-09-27 00:15:00,2.48,2.9008822319063174
2018-09-27 00:30:00,2.59,2.9008822319063174
2018-09-27 00:45:00,3.1,2.9008822319063174
2018-09-27 01:00:00,2.74,2.9008822319063174
2018-09-27 01:15:00,2.56,2.985958272679184
2018-09-27 01:30:00,2.52,2.9008822319063174
2018-09-27 01:45:00,2.52,2.9008822319063174
2018-09-27 02:00:00,2.56,2.9008822319063174
2018-09-27 02:15:00,2.52,2.980336203920051
2018-09-27 02:30:00,2.52,2.9008822319063174
2018-09-27 02:45:00,2.7,2.945708923738351
2018-09-27 03:00:00,3.2,2.9572777430822157
2018-09-27 03:15:00,2.81,2.9008822319063174
2018-09-27 03:30:00,2.52,3.295592814684418
2018-09-27 03:45:00,2.56,2.9572777430822157
2018-09-27 04:00:00,2.52,2.9138305416898183
2018-09-27 04:15:00,2.52,2.9138305416898183
2018-09-27 04:30:00,2.52,2.993284513703551
2018-09-27 04:45:00,3.17,2.993284513703551
2018-09-27 05:00:00,2.66,2.9138305416898183
2018-09-27 05:15:00,2.56,3.021872079833638
2018-09-27 05:30:00,2.52,2.9138305416898183
2018-09-27 05:45:00,2.45,2.9138305416898183
2018-09-27 06:00:00,2.45,2.9138305416898183
2018-09-27 06:15:00,2.48,3.002958890723648
2018-09-27 06:30:00,2.48,2.9235049187099147
2018-09-27 06:45:00,2.45,2.9235049187099147
2018-09-27 07:00:00,2.48,2.9235049187099147
2018-09-27 07:15:00,2.84,2.9235049187099147
2018-09-27 07:30:00,7.99,3.6346919583663295
2018-09-27 07:45:00,9.04,3.5668848725158755
2018-09-27 08:00:00,28.04,39.886691578881475
2018-09-27 08:15:00,49.46,66.48194799625566
2018-09-27 08:30:00,56.41,63.31473989964096
2018-09-27 08:45:00,40.75,65.94311381161192
2018-09-27 09:00:00,47.16,63.87727266775761
2018-09-27 09:15:00,46.91,46.44522706295178
2018-09-27 09:30:00,54.72,52.27875854048639
2018-09-27 09:45:00,57.78,50.35181167369884
2018-09-27 10:00:00,48.38,54.23151130809645
2018-09-27 10:15:00,57.82,59.19860845805218
2018-09-27 10:30:00,62.06,56.14731915463292
2018-09-27 10:45:00,57.49,60.6541826107358
2018-09-27 11:00:00,51.8,60.14050055268378
2018-09-27 11:15:00,44.28,58.56151233498555
2018-09-27 11:30:00,48.96,57.13036118547119
2018-09-27 11:45:00,54.0,41.1729850062212
2018-09-27 12:00:00,3.89,12.634248825270234
2018-09-27 12:15:00,3.67,9.967932005365709
2018-09-27 12:30:00,3.49,4.3010219498127595
2018-09-27 12:45:00,4.07,5.286116691360288
2018-09-27 13:00:00,25.85,19.438932514948164
2018-09-27 13:15:00,61.02,46.677971398695476
2018-09-27 13:30:00,52.85,57.25902045353817
2018-09-27 13:45:00,60.62,64.87518228514729
2018-09-27 14:00:00,121.46,59.12421099891828
2018-09-27 14:15:00,127.62,62.32540193237819
2018-09-27 14:30:00,71.14,88.28893689367389
2018-09-27 14:45:00,112.46,98.30175093623753
2018-09-27 15:00:00,110.05,78.1462473106125
2018-09-27 15:15:00,96.01,84.77925389386809
2018-09-27 15:30:00,115.24,89.05294001938208
2018-09-27 15:45:00,82.19,84.38921813884693
2018-09-27 16:00:00,61.63,85.97555765932229
2018-09-27 16:15:00,60.73,73.22543875105546
2018-09-27 16:30:00,48.53,75.24457077225354
2018-09-27 16:45:00,49.07,62.054702820870226
2018-09-27 17:00:00,54.32,60.125747178257534
2018-09-27 17:15:00,59.62,59.07634157935519
2018-09-27 17:30:00,34.81,25.530775394782165
2018-09-27 17:45:00,27.32,25.420240140475038
2018-09-27 18:00:00,32.22,41.22734401907628
2018-09-27 18:15:00,40.86,39.39040395832103
2018-09-27 18:30:00,36.18,46.11025132509853
2018-09-27 18:45:00,31.75,46.3092338162786
2018-09-27 19:00:00,37.76,45.012135342585076
2018-09-27 19:15:00,31.79,43.17163114645681
2018-09-27 19:30:00,36.4,45.286342469751695
2018-09-27 19:45:00,40.32,38.76241069251005
2018-09-27 20:00:00,34.34,38.94187410496371
2018-09-27 20:15:00,34.92,42.07131432676988
2018-09-27 20:30:00,39.64,32.741143712223256
2018-09-27 20:45:00,19.04,18.59152491457101
2018-09-27 21:00:00,7.49,16.28948475964466
2018-09-27 21:15:00,5.26,2.8547604667276527
2018-09-27 21:30:00,3.78,6.670476832361555
2018-09-27 21:45:00,3.78,4.696250963272243
2018-09-27 22:00:00,3.49,3.72476661157107
2018-09-27 22:15:00,3.46,3.3260938829766387
2018-09-27 22:30:00,3.46,3.594769518572575
2018-09-27 22:45:00,3.42,3.5499428267405415
2018-09-27 23:00:00,3.31,3.5539693003969415
2018-09-27 23:15:00,2.77,3.5539693003969415
2018-09-27 23:30:00,2.77,3.5539693003969415
2018-09-27 23:45:00,2.84,3.265994776031414
2018-09-28 00:00:00,2.77,3.0521792669371535
2018-09-28 00:15:00,2.81,3.0241477381580615
2018-09-28 00:30:00,2.84,3.0241477381580615
2018-09-28 00:45:00,2.95,2.9895204579763615
2018-09-28 01:00:00,2.88,2.944693766144328
2018-09-28 01:15:00,2.92,3.054002885384445
2018-09-28 01:30:00,3.02,2.944693766144328
2018-09-28 01:45:00,2.99,3.0241477381580615
2018-09-28 02:00:00,3.38,3.054002885384445
2018-09-28 02:15:00,4.1,3.054002885384445
2018-09-28 02:30:00,3.17,3.3303548069402993
2018-09-28 02:45:00,2.99,3.594513837140155
2018-09-28 03:00:00,2.95,3.2708556966383373
2018-09-28 03:15:00,2.95,3.1799220983475736
2018-09-28 03:30:00,2.95,3.13509540651554
2018-09-28 03:45:00,2.88,3.072235429801155
2018-09-28 04:00:00,2.95,3.057152210805563
2018-09-28 04:15:00,3.02,3.0272970635791796
2018-09-28 04:30:00,2.95,3.0698994181788914
2018-09-28 04:45:00,2.92,3.114726110010925
2018-09-28 05:00:00,2.95,3.0698994181788914
2018-09-28 05:15:00,2.99,3.040044270952507
2018-09-28 05:30:00,2.95,3.0698994181788914
2018-09-28 05:45:00,3.64,3.0698994181788914
2018-09-28 06:00:00,3.85,3.0698994181788914
2018-09-28 06:15:00,3.17,3.5012143358752703
2018-09-28 06:30:00,2.88,3.5217336005386954
2018-09-28 06:45:00,2.84,3.2477995847271397
2018-09-28 07:00:00,2.92,3.139758046583319
2018-09-28 07:15:00,3.06,3.1845847384153525
2018-09-28 07:30:00,3.2,3.698136959420199
2018-09-28 07:45:00,3.02,4.1802916992913985
2018-09-28 08:00:00,28.48,28.340980500502404
2018-09-28 08:15:00,38.59,24.975830390360017
2018-09-28 08:30:00,55.51,57.509792948984376
2018-09-28 08:45:00,58.03,45.11441382892857
2018-09-28 09:00:00,54.36,56.69760071701967
2018-09-28 09:15:00,60.3,56.684416824804075
2018-09-28 09:30:00,60.12,55.1493966546166
2018-09-28 09:45:00,47.2,56.959697244525195
2018-09-28 10:00:00,49.32,54.55462384663156
2018-09-28 10:15:00,53.14,51.49128514125202
2018-09-28 10:30:00,52.6,55.5187451113422
2018-09-28 10:45:00,59.69,55.80086230120105
2018-09-28 11:00:00,50.26,53.24465416176379
2018-09-28 11:15:00,56.77,53.55578304034792
2018-09-28 11:30:00,50.72,47.469186600353304
2018-09-28 11:45:00,46.12,40.1166300980305
2018-09-28 12:00:00,6.12,8.5529891776065
2018-09-28 12:15:00,5.26,7.523632039106635
2018-09-28 12:30:00,4.0,5.882280620745853
2018-09-28 12:45:00,3.64,6.278341088443711
2018-09-28 13:00:00,26.57,30.916553250423007
2018-09-28 13:15:00,43.67,39.89185780078603
2018-09-28 13:30:00,55.58,38.86310917487506
2018-09-28 13:45:00,64.87,47.99118206579608
2018-09-28 14:00:00,41.72,52.81326391428751
2018-09-28 14:15:00,39.1,63.669518260522025
2018-09-28 14:30:00,53.68,43.278419592683775
2018-09-28 14:45:00,55.04,41.96006267912625
2018-09-28 15:00:00,38.52,50.265300024610035
2018-09-28 15:15:00,56.81,50.032613346670196
2018-09-28 15:30:00,56.66,41.14793853700246
2018-09-28 15:45:00,44.71,50.89708322689276
2018-09-28 16:00:00,38.74,51.653908094089424
2018-09-28 16:15:00,45.36,44.52658051167883
2018-09-28 16:30:00,50.18,41.13406935290887
2018-09-28 16:45:00,58.25,39.84004607488409
2018-09-28 17:00:00,46.76,43.52356363667028
2018-09-28 17:15:00,51.48,47.36238076537202
2018-09-28 17:30:00,33.41,33.1092903308491
2018-09-28 17:45:00,27.25,25.367484876007197
2018-09-28 18:00:00,29.52,30.184011640655118
2018-09-28 18:15:00,37.87,25.204884039571112
2018-09-28 18:30:00,38.12,39.03038380789008
2018-09-28 18:45:00,38.63,33.43934116508981
2018-09-28 19:00:00,38.38,40.178789306095034
2018-09-28 19:15:00,29.45,31.51620195921926
2018-09-28 19:30:00,36.58,37.82443627371486
2018-09-28 19:45:00,35.32,35.59417341051796
2018-09-28 20:00:00,35.24,37.5090104565004
2018-09-28 20:15:00,33.16,33.46165096392843
2018-09-28 20:30:00,21.67,34.71667442639707
2018-09-28 20:45:00,7.85,15.717207559932282
2018-09-28 21:00:00,6.19,1.5277328918911544
2018-09-28 21:15:00,3.56,5.739779067059228
2018-09-28 21:30:00,3.6,4.340079150764227
2018-09-28 21:45:00,3.53,3.0217633114109823
2018-09-28 22:00:00,3.24,3.0217633114109823
2018-09-28 22:15:00,3.17,3.0217633114109823
2018-09-28 22:30:00,3.2,3.245612255174885
2018-09-28 22:45:00,3.17,3.0502423481972
2018-09-28 23:00:00,3.1,3.2417932091853343
2018-09-28 23:15:00,3.1,2.9850452205023914
2018-09-28 23:30:00,3.13,2.9850452205023914
2018-09-28 23:45:00,3.13,3.0093526476709997
2018-09-29 00:00:00,2.7,2.9639415995009983
2018-09-29 00:15:00,2.48,3.008768291333032
2018-09-29 00:30:00,2.45,2.8964025293424607
2018-09-29 00:45:00,2.56,2.868371000563368
2018-09-29 01:00:00,2.59,2.868371000563368
2018-09-29 01:15:00,3.17,2.868371000563368
2018-09-29 01:30:00,2.95,2.788917028549635
2018-09-29 01:45:00,2.52,2.864194084960119
2018-09-29 02:00:00,2.52,2.825841524317836
2018-09-29 02:15:00,2.59,2.7959863770914515
2018-09-29 02:30:00,2.48,2.7791180441872525
2018-09-29 02:45:00,2.52,2.858572016200986
2018-09-29 03:00:00,2.59,2.858572016200986
2018-09-29 03:15:00,2.59,2.7791180441872525
2018-09-29 03:30:00,2.59,2.7791180441872525
2018-09-29 03:45:00,2.59,2.7791180441872525
2018-09-29 04:00:00,2.52,2.7791180441872525
2018-09-29 04:15:00,2.77,2.7906868635311173
2018-09-29 04:30:00,3.17,2.7906868635311173
2018-09-29 04:45:00,2.56,2.7906868635311173
2018-09-29 05:00:00,2.59,2.898728401674938
2018-09-29 05:15:00,2.59,2.7906868635311173
2018-09-29 05:30:00,2.56,2.7791180441872525
2018-09-29 05:45:00,2.56,2.7959863770914515
2018-09-29 06:00:00,2.52,2.8870091684490498
2018-09-29 06:15:00,2.56,2.8003612405512146
2018-09-29 06:30:00,2.59,2.8003612405512146
2018-09-29 06:45:00,2.74,2.8003612405512146
2018-09-29 07:00:00,3.13,2.8003612405512146
2018-09-29 07:15:00,3.02,2.8003612405512146
2018-09-29 07:30:00,2.66,2.828035237905782
2018-09-29 07:45:00,3.06,2.625646249961991
2018-09-29 08:00:00,21.85,11.166412437190182
2018-09-29 08:15:00,47.3,11.275289506390639
2018-09-29 08:30:00,45.65,23.24695803657382
2018-09-29 08:45:00,41.9,55.00994182231514
2018-09-29 09:00:00,44.46,49.56188457900886
2018-09-29 09:15:00,47.41,45.44351324442199
2018-09-29 09:30:00,47.23,43.95562000017456
2018-09-29 09:45:00,37.87,45.46488400791816
2018-09-29 10:00:00,47.74,45.46488400791816
2018-09-29 10:15:00,44.5,39.052355076003316
2018-09-29 10:30:00,42.3,48.479788311825374
2018-09-29 10:45:00,44.14,46.800878718719055
2018-09-29 11:00:00,48.02,43.03202135046491
2018-09-29 11:15:00,49.14,41.27002576601559
2018-09-29 11:30:00,44.5,44.52040884361622
2018-09-29 11:45:00,32.47,33.43456518832394
2018-09-29 12:00:00,3.42,6.581898737250949
2018-09-29 12:15:00,3.28,10.710348509799626
2018-09-29 12:30:00,3.38,4.371761379908571
2018-09-29 12:45:00,4.5,5.639444875062819
2018-09-29 13:00:00,19.51,15.852576438652594
2018-09-29 13:15:00,47.59,30.375104045445976
2018-09-29 13:30:00,47.48,32.798924313810616
2018-09-29 13:45:00,35.03,48.815926492512006
2018-09-29 14:00:00,34.6,46.129822945837894
2018-09-29 14:15:00,46.58,36.32541493791811
2018-09-29 14:30:00,47.88,36.187532204150045
2018-09-29 14:45:00,34.49,43.3825833077798
2018-09-29 15:00:00,34.92,48.12548797256437
2018-09-29 15:15:00,50.62,35.83725838917998
2018-09-29 15:30:00,36.14,36.63380981160435
2018-09-29 15:45:00,35.93,48.31822116508131
2018-09-29 16:00:00,51.59,35.57498745953134
2018-09-29 16:15:00,35.32,33.71503820199437
2018-09-29 16:30:00,24.12,47.69287531588737
2018-09-29 16:45:00,4.97,24.70054007052347
2018-09-29 17:00:00,3.6,0.0
2018-09-29 17:15:00,3.46,4.6085553618830515
2018-09-29 17:30:00,3.49,4.17104646659114
2018-09-29 17:45:00,3.38,3.8161145258049696
2018-09-29 18:00:00,3.35,2.9893773220734787
2018-09-29 18:15:00,3.42,3.9709609922613938
2018-09-29 18:30:00,3.46,3.269023647255583
2018-09-29 18:45:00,3.49,3.2351115221685136
2018-09-29 19:00:00,3.49,3.2351115221685136
2018-09-29 19:15:00,3.46,3.2948448992973844
2018-09-29 19:30:00,3.42,3.439972046059715
2018-09-29 19:45:00,3.42,3.439972046059715
2018-09-29 20:00:00,3.46,3.439972046059715
2018-09-29 20:15:00,3.53,3.4657932981015174
2018-09-29 20:30:00,3.38,3.426578458200103
2018-09-29 20:45:00,2.81,3.0432069412772496
2018-09-29 21:00:00,2.81,2.8855529416126164
2018-09-29 21:15:00,2.81,2.8404393350976704
2018-09-29 21:30:00,2.81,2.890202261422427
2018-09-29 21:45:00,2.81,2.8348810114256304
2018-09-29 22:00:00,3.13,2.8348810114256304
2018-09-29 22:15:00,3.28,2.8180126785214314
2018-09-29 22:30:00,2.59,2.95694914429481
2018-09-29 22:45:00,2.59,3.1523190512724955
2018-09-29 23:00:00,2.59,2.868371000563368
2018-09-29 23:15:00,2.56,2.868371000563368
2018-09-29 23:30:00,2.52,2.868371000563368
2018-09-29 23:45:00,2.56,2.858572016200986
2018-09-30 00:00:00,3.02,2.734875708693188
2018-09-30 00:15:00,2.81,2.734875708693188
2018-09-30 00:30:00,2.63,2.7647308559195714
2018-09-30 00:45:00,2.56,2.734875708693188
2018-09-30 01:00:00,2.56,2.734875708693188
2018-09-30 01:15:00,2.59,2.7797024005252213
2018-09-30 01:30:00,2.56,2.859156372538954
2018-09-30 01:45:00,2.56,2.8143296807069205
2018-09-30 02:00:00,2.63,2.734875708693188
2018-09-30 02:15:00,2.56,2.734875708693188
2018-09-30 02:30:00,2.56,2.734875708693188
2018-09-30 02:45:00,2.63,2.734875708693188
2018-09-30 03:00:00,2.59,2.734875708693188
2018-09-30 03:15:00,2.56,2.734875708693188
2018-09-30 03:30:00,3.13,2.734875708693188
2018-09-30 03:45:00,2.88,2.734875708693188
2018-09-30 04:00:00,3.1,2.8558655566205084
2018-09-30 04:15:00,3.02,2.747824018476688
2018-09-30 04:30:00,2.52,2.900692248452542
2018-09-30 04:45:00,2.63,2.805710694482164
2018-09-30 05:00:00,2.66,2.8272779904904213
2018-09-30 05:15:00,2.52,2.8272779904904213
2018-09-30 05:30:00,2.59,2.8272779904904213
2018-09-30 05:45:00,2.52,2.8272779904904213
2018-09-30 06:00:00,2.52,2.747824018476688
2018-09-30 06:15:00,2.56,2.757498395496785
2018-09-30 06:30:00,2.56,2.757498395496785
2018-09-30 06:45:00,2.59,2.757498395496785
2018-09-30 07:00:00,2.52,2.8138939066726834
2018-09-30 07:15:00,2.95,2.8138939066726834
2018-09-30 07:30:00,2.95,2.677130854707532
2018-09-30 07:45:00,2.59,2.673167891190884
2018-09-30 08:00:00,2.56,11.299312176031178
2018-09-30 08:15:00,2.52,10.796736678290095
2018-09-30 08:30:00,2.63,4.15020506393342
2018-09-30 08:45:00,2.74,3.8502882894637294
2018-09-30 09:00:00,3.02,4.38860415018825
2018-09-30 09:15:00,3.46,4.19548813476861
2018-09-30 09:30:00,2.81,4.281141225559854
2018-09-30 09:45:00,2.77,4.67986622163707
2018-09-30 10:00:00,2.74,4.19548813476861
2018-09-30 10:15:00,2.74,4.223519663547701
2018-09-30 10:30:00,2.74,4.228514885041898
2018-09-30 10:45:00,2.74,3.8457002111908696
2018-09-30 11:00:00,2.7,3.8457002111908696
2018-09-30 11:15:00,2.7,3.8039337155561
2018-09-30 11:30:00,2.74,3.441428850587901
2018-09-30 11:45:00,3.02,3.0008462569607013
2018-09-30 12:00:00,3.31,2.457724575120838
2018-09-30 12:15:00,2.77,2.3896766110795786
2018-09-30 12:30:00,2.81,2.5075403599848136
2018-09-30 12:45:00,2.77,2.993562281517484
2018-09-30 13:00:00,2.7,3.1937310953654885
2018-09-30 13:15:00,2.66,3.8777056183596317
2018-09-30 13:30:00,2.74,4.041343182943998
2018-09-30 13:45:00,2.74,3.7139329999259405
2018-09-30 14:00:00,2.74,3.9038525751003186
2018-09-30 14:15:00,2.95,4.1451298127266725
2018-09-30 14:30:00,3.38,3.606813952002149
2018-09-30 14:45:00,2.95,3.829491250677454
2018-09-30 15:00:00,2.7,3.925019314550421
2018-09-30 15:15:00,2.7,4.12157704914127
2018-09-30 15:30:00,2.7,3.7255018192698053
2018-09-30 15:45:00,2.74,3.803916018566482
2018-09-30 16:00:00,2.95,3.80700910166785
2018-09-30 16:15:00,3.31,3.0143336893779247
2018-09-30 16:30:00,2.66,3.1070833733191225
2018-09-30 16:45:00,2.7,2.879887817029385
2018-09-30 17:00:00,2.7,2.7580860169840484
2018-09-30 17:15:00,2.7,2.769654836327913
2018-09-30 17:30:00,2.7,2.798926760784474
2018-09-30 17:45:00,2.74,2.798926760784474
2018-09-30 18:00:00,2.63,2.769654836327913
2018-09-30 18:15:00,2.66,2.750689042382779
2018-09-30 18:30:00,2.77,2.7391202230389142
2018-09-30 18:45:00,2.77,2.7391202230389142
2018-09-30 19:00:00,2.95,2.7391202230389142
2018-09-30 19:15:00,3.35,2.750689042382779
2018-09-30 19:30:00,2.99,2.7838083593907945
2018-09-30 19:45:00,3.46,2.930664459985892
2018-09-30 20:00:00,2.74,2.8118398881698865
2018-09-30 20:15:00,2.7,2.99493615530225
2018-09-30 20:30:00,2.77,2.957842423235253
2018-09-30 20:45:00,2.77,2.874608175468676
2018-09-30 21:00:00,2.77,2.7569419721124144
2018-09-30 21:15:00,2.77,2.7760060178186823
2018-09-30 21:30:00,2.74,2.740912897827149
2018-09-30 21:45:00,2.77,2.740912897827149
2018-09-30 22:00:00,2.59,2.740912897827149
2018-09-30 22:15:00,3.17,2.757781230731348
2018-09-30 22:30:00,2.81,2.734875708693188
2018-09-30 22:45:00,2.59,2.82345385242463
2018-09-30 23:00:00,2.56,2.734875708693188
2018-09-30 23:15:00,2.52,2.734875708693188
2018-09-30 23:30:00,2.59,2.734875708693188
2018-09-30 23:45:00,2.74,2.8143296807069205
