interval_start,energy,prediction
2018-07-01 00:00:00,2.81,3.173472766124238
2018-07-01 00:15:00,2.81,2.84877351605934
2018-07-01 00:30:00,2.95,2.815361210248647
2018-07-01 00:45:00,2.81,2.815361210248647
2018-07-01 01:00:00,2.88,3.2561171110284155
2018-07-01 01:15:00,2.88,2.8012568136140095
2018-07-01 01:30:00,2.84,2.8012568136140095
2018-07-01 01:45:00,2.84,2.814750785846084
2018-07-01 02:00:00,2.92,2.814750785846084
2018-07-01 02:15:00,2.84,2.814750785846084
2018-07-01 02:30:00,2.88,2.7647665911751442
2018-07-01 02:45:00,2.84,2.7647665911751442
2018-07-01 03:00:00,3.67,2.7647665911751442
2018-07-01 03:15:00,3.85,2.812207859121789
2018-07-01 03:30:00,2.88,3.1916510426759297
2018-07-01 03:45:00,2.81,3.4078276698264403
2018-07-01 04:00:00,2.81,3.0008874013392233
2018-07-01 04:15:00,2.81,2.9658521921406913
2018-07-01 04:30:00,2.81,3.229253242599557
2018-07-01 04:45:00,2.84,3.229253242599557
2018-07-01 05:00:00,2.74,2.7884973418197885
2018-07-01 05:15:00,2.77,2.8072355083815608
2018-07-01 05:30:00,2.81,2.7884973418197885
2018-07-01 05:45:00,2.81,2.7884973418197885
2018-07-01 06:00:00,2.77,2.7884973418197885
2018-07-01 06:15:00,2.81,2.7838648192954034
2018-07-01 06:30:00,2.74,2.7788547392238683
2018-07-01 06:45:00,2.74,2.7838648192954034
2018-07-01 07:00:00,2.7,2.7838648192954034
2018-07-01 07:15:00,2.74,2.9603146215340312
2018-07-01 07:30:00,3.28,2.9330270458647965
2018-07-01 07:45:00,3.06,2.8142140318039073
2018-07-01 08:00:00,3.38,16.881895136431954
2018-07-01 08:15:00,2.74,9.317211624252378
2018-07-01 08:30:00,2.66,6.457134711355397
2018-07-01 08:45:00,2.84,3.0030280609449203
2018-07-01 09:00:00,2.99,3.42104939980102
2018-07-01 09:15:00,3.1,3.414333459441714
2018-07-01 09:30:00,2.99,3.4127241707966967
2018-07-01 09:45:00,2.99,3.132834801691383
2018-07-01 10:00:00,3.02,3.028744991344906
2018-07-01 10:15:00,3.02,3.254997824715995
2018-07-01 10:30:00,2.99,3.539536106049481
2018-07-01 10:45:00,3.06,3.4132910588096603
2018-07-01 11:00:00,3.35,3.427395455444298
2018-07-01 11:15:00,3.02,3.462205356596474
2018-07-01 11:30:00,2.84,3.2897465198534204
2018-07-01 11:45:00,2.81,3.969493332929874
2018-07-01 12:00:00,2.95,3.1501321795816604
2018-07-01 12:15:00,3.13,2.933601033463557
2018-07-01 12:30:00,3.1,2.5472183376751194
2018-07-01 12:45:00,3.06,3.2684279085453785
2018-07-01 13:00:00,3.42,3.24390373838988
2018-07-01 13:15:00,3.6,2.817666698100001
2018-07-01 13:30:00,2.99,3.2834239473157862
2018-07-01 13:45:00,2.95,3.7034113614218156
2018-07-01 14:00:00,2.99,3.8583150288912003
2018-07-01 14:15:00,2.99,3.5252760769923794
2018-07-01 14:30:00,3.02,3.3457780438495113
2018-07-01 14:45:00,2.99,3.3303833458817818
2018-07-01 15:00:00,2.99,3.5625055130779297
2018-07-01 15:15:00,3.56,3.3395039222022302
2018-07-01 15:30:00,3.17,3.6550060118844208
2018-07-01 15:45:00,2.92,3.096032240108412
2018-07-01 16:00:00,2.92,3.7482040665935608
2018-07-01 16:15:00,2.95,2.7488167153040632
2018-07-01 16:30:00,2.95,2.857463622278609
2018-07-01 16:45:00,2.95,3.080233940876613
2018-07-01 17:00:00,2.99,3.0146318967460326
2018-07-01 17:15:00,2.99,2.9935635483098597
2018-07-01 17:30:00,2.95,2.9935635483098597
2018-07-01 17:45:00,3.06,2.94357935363892
2018-07-01 18:00:00,2.88,2.9915507066120433
2018-07-01 18:15:00,2.84,3.0736937049518938
2018-07-01 18:30:00,3.06,3.0558056888336456
2018-07-01 18:45:00,3.74,3.0779432620854026
2018-07-01 19:00:00,3.56,3.0736937049518938
2018-07-01 19:15:00,3.53,3.5035755124218864
2018-07-01 19:30:00,3.02,3.5734780406714446
2018-07-01 19:45:00,3.06,3.69518865145683
2018-07-01 20:00:00,3.06,2.88829233171142
2018-07-01 20:15:00,3.1,2.857549862279984
2018-07-01 20:30:00,3.06,2.884514014369854
2018-07-01 20:45:00,3.06,2.9755585596051146
2018-07-01 21:00:00,3.06,2.8851729642834814
2018-07-01 21:15:00,3.06,2.8389482329475317
2018-07-01 21:30:00,3.06,2.8154971704898024
2018-07-01 21:45:00,3.06,2.8154971704898024
2018-07-01 22:00:00,2.99,2.9110793850171914
2018-07-01 22:15:00,2.88,2.79675900392803
2018-07-01 22:30:00,2.84,2.778870987809782
2018-07-01 22:45:00,2.81,2.815361210248647
2018-07-01 23:00:00,3.35,2.8288551824807215
2018-07-01 23:15:00,2.92,2.8288551824807215
2018-07-01 23:30:00,2.81,3.173472766124238
2018-07-01 23:45:00,2.88,2.8209268946401576
2018-07-02 00:00:00,2.81,2.9314618494471376
2018-07-02 00:15:00,2.84,2.9314618494471376
2018-07-02 00:30:00,2.88,2.9635980789260694
2018-07-02 00:45:00,3.28,2.9314618494471376
2018-07-02 01:00:00,3.38,2.9314618494471376
2018-07-02 01:15:00,2.88,3.243236869894244
2018-07-02 01:30:00,2.92,3.263155203472863
2018-07-02 01:45:00,2.92,2.9372757863911185
2018-07-02 02:00:00,2.92,2.9173574528125
2018-07-02 02:15:00,2.88,2.9013060783500038
2018-07-02 02:30:00,2.92,2.899189171519172
2018-07-02 02:45:00,3.38,2.8808672303736347
2018-07-02 03:00:00,3.13,2.9586973890239308
2018-07-02 03:15:00,2.95,3.435566035195656
2018-07-02 03:30:00,2.92,3.0756090629711372
2018-07-02 03:45:00,2.84,2.9283084983202796
2018-07-02 04:00:00,2.92,2.955820204102049
2018-07-02 04:15:00,2.84,2.9741421452475865
2018-07-02 04:30:00,2.88,2.9741421452475865
2018-07-02 04:45:00,2.88,2.955820204102049
2018-07-02 05:00:00,2.88,3.0058043987729888
2018-07-02 05:15:00,2.84,3.0058043987729888
2018-07-02 05:30:00,2.88,2.955820204102049
2018-07-02 05:45:00,2.84,2.955820204102049
2018-07-02 06:00:00,2.81,2.955820204102049
2018-07-02 06:15:00,2.81,2.951187681577664
2018-07-02 06:30:00,3.42,2.951187681577664
2018-07-02 06:45:00,3.78,2.951187681577664
2018-07-02 07:00:00,3.06,3.3760762872453034
2018-07-02 07:15:00,2.99,3.524083131779449
2018-07-02 07:30:00,3.02,3.478940539626935
2018-07-02 07:45:00,2.99,4.288966801269307
2018-07-02 08:00:00,18.61,17.614730562272506
2018-07-02 08:15:00,39.53,33.093950622941556
2018-07-02 08:30:00,44.89,57.1355163183227
2018-07-02 08:45:00,48.31,58.622715260484064
2018-07-02 09:00:00,51.3,62.49286155561302
2018-07-02 09:15:00,50.18,64.92983657137381
2018-07-02 09:30:00,61.85,64.37998999765409
2018-07-02 09:45:00,71.35,63.55312095524319
2018-07-02 10:00:00,72.68,59.47328841921535
2018-07-02 10:15:00,59.72,70.71181227278593
2018-07-02 10:30:00,59.11,84.27766084032277
2018-07-02 10:45:00,56.45,73.94680076331329
2018-07-02 11:00:00,70.52,68.74400697068742
2018-07-02 11:15:00,65.7,66.33998087659909
2018-07-02 11:30:00,70.7,62.74415645782167
2018-07-02 11:45:00,63.76,61.64094122242928
2018-07-02 12:00:00,8.24,15.199257387225188
2018-07-02 12:15:00,5.08,3.1122011390226736
2018-07-02 12:30:00,5.58,5.112212594074882
2018-07-02 12:45:00,5.51,7.785688983995945
2018-07-02 13:00:00,40.1,46.46625970312569
2018-07-02 13:15:00,61.81,57.51594898923358
2018-07-02 13:30:00,87.7,58.019490289562164
2018-07-02 13:45:00,69.12,62.88904096991325
2018-07-02 14:00:00,58.1,70.08592300997306
2018-07-02 14:15:00,56.77,73.62751257835497
2018-07-02 14:30:00,59.8,65.21825789705724
2018-07-02 14:45:00,57.28,65.6454492184973
2018-07-02 15:00:00,68.04,64.23713126579412
2018-07-02 15:15:00,63.54,62.57959310614562
2018-07-02 15:30:00,70.31,62.58435813109472
2018-07-02 15:45:00,62.32,61.70717770043326
2018-07-02 16:00:00,53.1,66.68203774812493
2018-07-02 16:15:00,51.52,63.40299931053952
2018-07-02 16:30:00,49.75,69.67740224438408
2018-07-02 16:45:00,58.03,66.44306288446865
2018-07-02 17:00:00,57.24,60.38219645650245
2018-07-02 17:15:00,57.46,54.03594465891051
2018-07-02 17:30:00,34.7,31.44065492590158
2018-07-02 17:45:00,27.43,35.531117601450944
2018-07-02 18:00:00,31.68,36.12966911176452
2018-07-02 18:15:00,53.03,40.173828419402426
2018-07-02 18:30:00,40.5,43.14148055684867
2018-07-02 18:45:00,35.96,52.44290057934472
2018-07-02 19:00:00,40.18,38.0722873398691
2018-07-02 19:15:00,44.57,38.837870454886875
2018-07-02 19:30:00,44.5,42.85309744518742
2018-07-02 19:45:00,45.43,44.07022616496208
2018-07-02 20:00:00,46.08,53.49023571561729
2018-07-02 20:15:00,46.62,45.48465439236307
2018-07-02 20:30:00,47.63,39.16256924805419
2018-07-02 20:45:00,18.14,16.106643036789386
2018-07-02 21:00:00,4.46,5.927618220175672
2018-07-02 21:15:00,3.82,4.223129955008735
2018-07-02 21:30:00,3.78,2.8668168574459822
2018-07-02 21:45:00,3.82,3.1061666008104827
2018-07-02 22:00:00,3.71,3.065271137262386
2018-07-02 22:15:00,3.6,3.6187407855414
2018-07-02 22:30:00,3.46,3.3904340478729083
2018-07-02 22:45:00,3.46,3.210922827829533
2018-07-02 23:00:00,3.46,3.4334010133379405
2018-07-02 23:15:00,3.46,3.3773201774381088
2018-07-02 23:30:00,3.42,3.3317284332515227
2018-07-02 23:45:00,3.2,3.3317284332515227
2018-07-03 00:00:00,2.84,3.30574263684468
2018-07-03 00:15:00,2.88,3.048959816664676
2018-07-03 00:30:00,2.95,2.9798632197629358
2018-07-03 00:45:00,2.92,2.9786830527460895
2018-07-03 01:00:00,3.38,2.985549037376958
2018-07-03 01:15:00,3.2,2.982751309147611
2018-07-03 01:30:00,2.7,3.234475277814491
2018-07-03 01:45:00,2.77,2.9976107912131056
2018-07-03 02:00:00,2.81,2.9285141943113655
2018-07-03 02:15:00,2.81,2.908595860732747
2018-07-03 02:30:00,2.84,3.3493517615125152
2018-07-03 02:45:00,2.81,3.3680899280742875
2018-07-03 03:00:00,2.84,2.89945511826683
2018-07-03 03:15:00,2.81,2.956037128679392
2018-07-03 03:30:00,3.06,2.956037128679392
2018-07-03 03:45:00,3.24,2.956037128679392
2018-07-03 04:00:00,2.84,2.987942878347335
2018-07-03 04:15:00,2.81,3.3130078233443623
2018-07-03 04:30:00,2.84,2.9685998489887537
2018-07-03 04:45:00,2.81,2.9335646397902218
2018-07-03 05:00:00,2.81,2.9335646397902218
2018-07-03 05:15:00,2.81,3.4243047352409297
2018-07-03 05:30:00,2.84,2.970054862229087
2018-07-03 05:45:00,2.77,2.9335646397902218
2018-07-03 06:00:00,2.77,2.9335646397902218
2018-07-03 06:15:00,2.77,2.9289321172658367
2018-07-03 06:30:00,2.77,2.947670283827609
2018-07-03 06:45:00,2.77,3.0067622759161328
2018-07-03 07:00:00,2.77,3.0440412274893123
2018-07-03 07:15:00,3.53,3.0440412274893123
2018-07-03 07:30:00,3.67,3.385023583436555
2018-07-03 07:45:00,5.22,5.172903283312482
2018-07-03 08:00:00,30.42,29.910965398878233
2018-07-03 08:15:00,41.44,39.60364889584324
2018-07-03 08:30:00,48.31,47.28601711182908
2018-07-03 08:45:00,59.04,42.3958182278769
2018-07-03 09:00:00,60.62,52.43645390465097
2018-07-03 09:15:00,61.13,55.74547736919204
2018-07-03 09:30:00,71.82,55.607182594638196
2018-07-03 09:45:00,62.71,52.770621767277035
2018-07-03 10:00:00,49.86,64.85642087094226
2018-07-03 10:15:00,46.73,58.95324086324533
2018-07-03 10:30:00,57.42,60.693338969907416
2018-07-03 10:45:00,59.83,65.7772107973499
2018-07-03 11:00:00,71.14,61.45325951013762
2018-07-03 11:15:00,54.4,59.31098602734539
2018-07-03 11:30:00,57.64,61.30783308397128
2018-07-03 11:45:00,66.67,52.344622411397935
2018-07-03 12:00:00,23.72,10.560125149725128
2018-07-03 12:15:00,4.1,9.86070866609725
2018-07-03 12:30:00,4.21,8.232977719678809
2018-07-03 12:45:00,4.79,5.5693104326742455
2018-07-03 13:00:00,38.3,31.193746919969364
2018-07-03 13:15:00,66.17,71.9272799358908
2018-07-03 13:30:00,55.48,59.61774712669407
2018-07-03 13:45:00,57.35,72.16737932838805
2018-07-03 14:00:00,48.74,58.55599795551803
2018-07-03 14:15:00,52.78,58.06095178440693
2018-07-03 14:30:00,71.32,53.85289342372823
2018-07-03 14:45:00,53.82,57.374130509935576
2018-07-03 15:00:00,67.0,63.95452617251009
2018-07-03 15:15:00,56.74,57.98163401326727
2018-07-03 15:30:00,78.34,64.453159011762
2018-07-03 15:45:00,105.66,57.1029013154162
2018-07-03 16:00:00,64.37,72.62942069376837
2018-07-03 16:15:00,66.74,96.12541594688496
2018-07-03 16:30:00,95.54,67.48086887512325
2018-07-03 16:45:00,113.26,62.80929983819302
2018-07-03 17:00:00,72.47,86.62524018376908
2018-07-03 17:15:00,73.48,86.1033694868443
2018-07-03 17:30:00,43.7,46.72652018854955
2018-07-03 17:45:00,31.43,37.12348042175244
2018-07-03 18:00:00,42.05,33.42033398972857
2018-07-03 18:15:00,70.2,54.34264358159854
2018-07-03 18:30:00,57.53,54.68806068993472
2018-07-03 18:45:00,71.21,66.00123004051743
2018-07-03 19:00:00,81.07,59.25285905434865
2018-07-03 19:15:00,103.36,75.71323547983349
2018-07-03 19:30:00,90.83,82.41375261547194
2018-07-03 19:45:00,109.73,86.16398403431066
2018-07-03 20:00:00,106.56,83.40095422891068
2018-07-03 20:15:00,76.1,82.91458811266214
2018-07-03 20:30:00,92.38,93.25062624992886
2018-07-03 20:45:00,77.04,41.635973561605816
2018-07-03 21:00:00,27.11,30.142780374489757
2018-07-03 21:15:00,27.79,24.696282718406696
2018-07-03 21:30:00,14.33,7.597473372711818
2018-07-03 21:45:00,4.18,11.98420820627283
2018-07-03 22:00:00,3.85,6.593784051860185
2018-07-03 22:15:00,3.53,1.4024661468419464
2018-07-03 22:30:00,3.56,4.906840337231575
2018-07-03 22:45:00,3.6,4.074535360795444
2018-07-03 23:00:00,3.46,4.604400904013827
2018-07-03 23:15:00,3.46,4.586473121622898
2018-07-03 23:30:00,3.49,3.8226705107026695
2018-07-03 23:45:00,3.42,3.598341772937229
2018-07-04 00:00:00,3.2,2.8935789881738305
2018-07-04 00:15:00,2.81,2.932616488749574
2018-07-04 00:30:00,3.24,3.302521452181481
2018-07-04 00:45:00,3.42,3.233424855279741
2018-07-04 01:00:00,2.95,3.5971616059203826
2018-07-04 01:15:00,2.84,3.59110336093346
2018-07-04 01:30:00,2.84,3.226186443275972
2018-07-04 01:45:00,2.81,3.2131693807941653
2018-07-04 02:00:00,2.81,3.27535044524016
2018-07-04 02:15:00,2.88,3.194293725728484
2018-07-04 02:30:00,2.92,3.1621574962495522
2018-07-04 02:45:00,2.84,3.1621574962495522
2018-07-04 03:00:00,2.81,3.1621574962495522
2018-07-04 03:15:00,2.84,3.209598764196197
2018-07-04 03:30:00,2.84,3.209598764196197
2018-07-04 03:45:00,2.92,3.2283369307579695
2018-07-04 04:00:00,2.81,3.2371104699779667
2018-07-04 04:15:00,3.06,3.2236164977458923
2018-07-04 04:30:00,3.42,3.590689321134867
2018-07-04 04:45:00,2.99,3.2415045138641405
2018-07-04 05:00:00,2.81,3.6165536535321072
2018-07-04 05:15:00,2.84,3.625724530333399
2018-07-04 05:30:00,2.81,3.590689321134867
2018-07-04 05:45:00,2.81,3.590689321134867
2018-07-04 06:00:00,2.77,3.6090112622804043
2018-07-04 06:15:00,2.77,3.586056798610482
2018-07-04 06:30:00,3.31,3.586056798610482
2018-07-04 06:45:00,3.42,3.586056798610482
2018-07-04 07:00:00,3.02,3.9609612096071825
2018-07-04 07:15:00,3.13,4.014734585367484
2018-07-04 07:30:00,3.53,4.028295803382135
2018-07-04 07:45:00,6.7,4.23251285572198
2018-07-04 08:00:00,56.09,32.77907384919404
2018-07-04 08:15:00,87.37,73.87899568768725
2018-07-04 08:30:00,93.85,74.92720965555776
2018-07-04 08:45:00,68.8,93.75854646159183
2018-07-04 09:00:00,118.98,82.88423312240667
2018-07-04 09:15:00,98.57,80.95648391379234
2018-07-04 09:30:00,116.06,83.07162390318247
2018-07-04 09:45:00,88.6,91.27261190608618
2018-07-04 10:00:00,86.62,90.89061817462024
2018-07-04 10:15:00,111.38,83.58542646342036
2018-07-04 10:30:00,90.36,68.89466407902322
2018-07-04 10:45:00,105.05,86.07209370079688
2018-07-04 11:00:00,91.4,94.06993786984958
2018-07-04 11:15:00,108.22,86.05037729140241
2018-07-04 11:30:00,67.07,91.08711028266852
2018-07-04 11:45:00,42.34,98.61753020687416
2018-07-04 12:00:00,8.1,14.365617405219549
2018-07-04 12:15:00,4.5,5.535075068750189
2018-07-04 12:30:00,5.26,3.3341838472844048
2018-07-04 12:45:00,4.57,6.677539612169509
2018-07-04 13:00:00,24.26,58.561483252552804
2018-07-04 13:15:00,40.14,60.27584568463226
2018-07-04 13:30:00,38.63,79.22144624961658
2018-07-04 13:45:00,34.99,50.13727579470698
2018-07-04 14:00:00,35.93,47.21263763595728
2018-07-04 14:15:00,43.31,40.73194698001767
2018-07-04 14:30:00,35.78,42.1696273671678
2018-07-04 14:45:00,36.4,49.41170937532955
2018-07-04 15:00:00,40.21,42.61963980030911
2018-07-04 15:15:00,40.86,42.022164354012
2018-07-04 15:30:00,39.28,49.151837114083094
2018-07-04 15:45:00,48.06,52.69903744558799
2018-07-04 16:00:00,53.17,46.736009188962846
2018-07-04 16:15:00,44.06,54.85561334442288
2018-07-04 16:30:00,42.23,59.628321177727365
2018-07-04 16:45:00,46.26,48.35416836528239
2018-07-04 17:00:00,47.48,44.132742835249516
2018-07-04 17:15:00,41.36,49.94105939411133
2018-07-04 17:30:00,35.42,46.06571864456372
2018-07-04 17:45:00,36.68,36.27809631220629
2018-07-04 18:00:00,50.87,34.25068481540186
2018-07-04 18:15:00,47.7,42.835913335830575
2018-07-04 18:30:00,44.21,52.363750291564386
2018-07-04 18:45:00,50.9,50.70585033050582
2018-07-04 19:00:00,45.72,49.410659989168565
2018-07-04 19:15:00,43.13,55.190751685510094
2018-07-04 19:30:00,35.96,50.498544440207844
2018-07-04 19:45:00,34.38,41.489900676792814
2018-07-04 20:00:00,53.32,37.46673224424187
2018-07-04 20:15:00,45.22,38.12848212729617
2018-07-04 20:30:00,53.21,51.43787637379686
2018-07-04 20:45:00,34.31,27.741279209965906
2018-07-04 21:00:00,37.33,8.543175718860029
2018-07-04 21:15:00,56.05,10.624175228665635
2018-07-04 21:30:00,37.26,22.23154945481944
2018-07-04 21:45:00,4.5,30.45986313113878
2018-07-04 22:00:00,4.72,22.701116824397968
2018-07-04 22:15:00,3.89,3.7532793746175566
2018-07-04 22:30:00,3.71,5.57214117272446
2018-07-04 22:45:00,3.64,3.7249785467067187
2018-07-04 23:00:00,3.6,3.648243870140334
2018-07-04 23:15:00,3.53,3.620055556170991
2018-07-04 23:30:00,3.53,3.6026927418985997
2018-07-04 23:45:00,3.56,3.5898906124838263
2018-07-05 00:00:00,3.56,3.571152445922054
2018-07-05 00:15:00,3.53,3.5642864612911853
2018-07-05 00:30:00,3.1,3.5830246278529576
2018-07-05 00:45:00,3.02,3.5830246278529576
2018-07-05 01:00:00,3.02,3.31436962574205
2018-07-05 01:15:00,3.13,3.2112502986270535
2018-07-05 01:30:00,3.56,3.2043843139961847
2018-07-05 01:45:00,3.06,3.2803468955287935
2018-07-05 02:00:00,3.02,3.5350383211969287
2018-07-05 02:15:00,3.06,3.2469652538120513
2018-07-05 02:30:00,3.06,3.1281021846035086
2018-07-05 02:45:00,3.06,3.1781264302006886
2018-07-05 03:00:00,3.13,3.1781264302006886
2018-07-05 03:15:00,3.06,3.1934314686684018
2018-07-05 03:30:00,3.06,3.287808808002479
2018-07-05 03:45:00,3.06,3.1934314686684018
2018-07-05 04:00:00,3.1,3.2209431744501713
2018-07-05 04:15:00,3.02,3.2209431744501713
2018-07-05 04:30:00,3.1,3.366194909824953
2018-07-05 04:45:00,3.1,3.1895611860998487
2018-07-05 05:00:00,3.06,3.287473892365066
2018-07-05 05:15:00,3.56,3.287473892365066
2018-07-05 05:30:00,3.24,3.207449202218097
2018-07-05 05:45:00,3.1,3.5824983418860636
2018-07-05 06:00:00,3.2,3.6040395788525212
2018-07-05 06:15:00,3.64,3.317876579039213
2018-07-05 06:30:00,3.17,3.3159321855895616
2018-07-05 06:45:00,2.99,3.530633569587924
2018-07-05 07:00:00,3.06,3.4794745679287287
2018-07-05 07:15:00,3.53,3.4615385905651594
2018-07-05 07:30:00,4.03,4.154472253479701
2018-07-05 07:45:00,4.82,6.259685518801164
2018-07-05 08:00:00,38.41,49.53756850916622
2018-07-05 08:15:00,71.14,61.74390245346678
2018-07-05 08:30:00,117.32,65.0583469996194
2018-07-05 08:45:00,121.68,79.39372242081824
2018-07-05 09:00:00,84.2,90.64267007436105
2018-07-05 09:15:00,98.17,104.2050130537251
2018-07-05 09:30:00,74.52,77.90480267408394
2018-07-05 09:45:00,85.97,89.27013313619285
2018-07-05 10:00:00,106.96,95.87704368136409
2018-07-05 10:15:00,83.7,85.51616062067403
2018-07-05 10:30:00,66.28,102.92463337284809
2018-07-05 10:45:00,75.89,80.93050218291576
2018-07-05 11:00:00,74.88,68.77557103459225
2018-07-05 11:15:00,101.7,77.65050410818887
2018-07-05 11:30:00,107.75,70.05313677442071
2018-07-05 11:45:00,82.73,94.43214251556273
2018-07-05 12:00:00,8.42,16.146164999653777
2018-07-05 12:15:00,5.9,11.107850485463974
2018-07-05 12:30:00,5.0,6.0856114284350005
2018-07-05 12:45:00,4.86,6.690547644687937
2018-07-05 13:00:00,59.62,65.10824383380792
2018-07-05 13:15:00,64.76,81.60827970382644
2018-07-05 13:30:00,50.94,88.32128282955186
2018-07-05 13:45:00,56.92,62.378707000758745
2018-07-05 14:00:00,55.48,56.52620535138975
2018-07-05 14:15:00,61.02,62.103952395606996
2018-07-05 14:30:00,65.52,57.87424745573706
2018-07-05 14:45:00,47.59,59.33016165553732
2018-07-05 15:00:00,81.04,58.17556559312229
2018-07-05 15:15:00,105.12,57.305908196690744
2018-07-05 15:30:00,82.19,66.87024217441217
2018-07-05 15:45:00,74.23,82.42440324729994
2018-07-05 16:00:00,58.68,79.76418005202905
2018-07-05 16:15:00,53.46,73.37998805868621
2018-07-05 16:30:00,51.48,72.42377335804346
2018-07-05 16:45:00,64.04,62.77531127035684
2018-07-05 17:00:00,59.04,56.41906520149615
2018-07-05 17:15:00,55.19,58.54642688448054
2018-07-05 17:30:00,30.74,42.91967835581412
2018-07-05 17:45:00,32.47,44.21806007564411
2018-07-05 18:00:00,41.0,39.74532152760402
2018-07-05 18:15:00,62.42,51.13395048648825
2018-07-05 18:30:00,57.6,48.375688604916625
2018-07-05 18:45:00,57.46,63.594168535413466
2018-07-05 19:00:00,55.51,58.40539095600843
2018-07-05 19:15:00,57.85,57.72835111859242
2018-07-05 19:30:00,47.74,61.31461055715136
2018-07-05 19:45:00,49.61,61.70669123842459
2018-07-05 20:00:00,65.23,57.7580817843972
2018-07-05 20:15:00,109.87,59.797367824604684
2018-07-05 20:30:00,106.74,58.44598626015948
2018-07-05 20:45:00,33.77,46.77832296935249
2018-07-05 21:00:00,4.72,65.76001678702234
2018-07-05 21:15:00,4.28,33.75006807177904
2018-07-05 21:30:00,4.07,7.506284311278253
2018-07-05 21:45:00,4.0,4.117697342938842
2018-07-05 22:00:00,3.85,6.515235672819026
2018-07-05 22:15:00,3.74,4.728925168941579
2018-07-05 22:30:00,4.64,3.809146151928575
2018-07-05 22:45:00,4.57,3.2031929057195936
2018-07-05 23:00:00,3.64,4.184928537585641
2018-07-05 23:15:00,3.6,4.125836545497116
2018-07-05 23:30:00,3.64,4.012735842229608
2018-07-05 23:45:00,3.67,3.851447335691131
2018-07-06 00:00:00,3.64,3.586057088795877
2018-07-06 00:15:00,3.28,3.5269650967073534
2018-07-06 00:30:00,3.17,2.9768770938139344
2018-07-06 00:45:00,3.13,3.0022110393826633
2018-07-06 01:00:00,3.17,3.2583100945964456
2018-07-06 01:15:00,3.13,3.2742505329288707
2018-07-06 01:30:00,3.1,3.332162358000548
2018-07-06 01:45:00,3.17,3.2742505329288707
2018-07-06 02:00:00,3.24,3.254332199350252
2018-07-06 02:15:00,3.2,3.1732754798385763
2018-07-06 02:30:00,3.24,3.449976633597199
2018-07-06 02:45:00,3.2,3.2742505329288707
2018-07-06 03:00:00,3.17,3.527357429333633
2018-07-06 03:15:00,3.2,3.2989207155343387
2018-07-06 03:30:00,3.2,3.2989207155343387
2018-07-06 03:45:00,3.17,3.2989207155343387
2018-07-06 04:00:00,3.31,3.3264324213161083
2018-07-06 04:15:00,3.6,3.3264324213161083
2018-07-06 04:30:00,3.53,3.593610249417923
2018-07-06 04:45:00,3.89,3.580116277185849
2018-07-06 05:00:00,3.31,3.580116277185849
2018-07-06 05:15:00,3.24,3.78759770000286
2018-07-06 05:30:00,3.28,3.598854443747621
2018-07-06 05:45:00,3.24,3.617147205503882
2018-07-06 06:00:00,3.2,3.580116277185849
2018-07-06 06:15:00,3.24,3.5336660305308434
2018-07-06 06:30:00,3.2,3.308305926559649
2018-07-06 06:45:00,3.24,3.4558358718805473
2018-07-06 07:00:00,3.24,3.308305926559649
2018-07-06 07:15:00,3.6,3.601039646010008
2018-07-06 07:30:00,3.53,5.384319147078316
2018-07-06 07:45:00,3.85,6.426639224779742
2018-07-06 08:00:00,58.0,45.06807889440988
2018-07-06 08:15:00,112.32,76.19079188972007
2018-07-06 08:30:00,115.52,83.53684241147099
2018-07-06 08:45:00,112.72,92.66765410462338
2018-07-06 09:00:00,86.4,92.7495033902503
2018-07-06 09:15:00,106.52,98.57194863605517
2018-07-06 09:30:00,105.37,82.06705540474951
2018-07-06 09:45:00,78.12,75.2338934988023
2018-07-06 10:00:00,108.94,98.53247406142533
2018-07-06 10:15:00,88.67,91.91569934193348
2018-07-06 10:30:00,96.7,81.9813829382275
2018-07-06 10:45:00,118.91,84.04944444838989
2018-07-06 11:00:00,76.9,85.13007921042754
2018-07-06 11:15:00,110.84,98.256208690762
2018-07-06 11:30:00,97.56,83.33311887813699
2018-07-06 11:45:00,99.32,56.511571291249325
2018-07-06 12:00:00,7.16,11.771616268630808
2018-07-06 12:15:00,5.72,0.4617823762614836
2018-07-06 12:30:00,5.15,7.039949363976843
2018-07-06 12:45:00,4.9,3.54804062330697
2018-07-06 13:00:00,48.24,57.8741364589777
2018-07-06 13:15:00,54.94,93.56270272913154
2018-07-06 13:30:00,84.71,78.6480666309908
2018-07-06 13:45:00,96.98,68.46709453962004
2018-07-06 14:00:00,89.35,67.59528099828557
2018-07-06 14:15:00,115.13,94.3744232420438
2018-07-06 14:30:00,93.24,85.6023923788512
2018-07-06 14:45:00,112.72,79.04231450425746
2018-07-06 15:00:00,94.61,91.99329641318464
2018-07-06 15:15:00,78.88,84.20093464759938
2018-07-06 15:30:00,111.24,89.42535512077195
2018-07-06 15:45:00,81.11,97.94431501504776
2018-07-06 16:00:00,107.93,86.13229859065765
2018-07-06 16:15:00,99.43,88.39520696900476
2018-07-06 16:30:00,104.87,83.74257334991286
2018-07-06 16:45:00,102.89,89.15270452995235
2018-07-06 17:00:00,61.16,95.996176200004
2018-07-06 17:15:00,69.62,85.57647673567807
2018-07-06 17:30:00,32.54,34.416156930261586
2018-07-06 17:45:00,32.98,36.19706772920332
2018-07-06 18:00:00,60.44,47.02900728998884
2018-07-06 18:15:00,112.03,66.18105213921216
2018-07-06 18:30:00,90.36,78.36945244748084
2018-07-06 18:45:00,103.32,78.33364489168154
2018-07-06 19:00:00,104.83,89.32308235554957
2018-07-06 19:15:00,88.02,90.17182770719664
2018-07-06 19:30:00,116.21,88.68956693507398
2018-07-06 19:45:00,117.0,86.76152551101454
2018-07-06 20:00:00,89.35,89.07454771228002
2018-07-06 20:15:00,115.34,92.59465389028712
2018-07-06 20:30:00,87.66,80.01525868202339
2018-07-06 20:45:00,34.56,42.287469361245535
2018-07-06 21:00:00,12.24,18.41970837747381
2018-07-06 21:15:00,4.1,21.56261428741067
2018-07-06 21:30:00,4.07,11.449831321715354
2018-07-06 21:45:00,4.0,5.192062171134609
2018-07-06 22:00:00,3.92,4.628270152253859
2018-07-06 22:15:00,3.78,4.068011136913871
2018-07-06 22:30:00,3.67,5.2413908881053874
2018-07-06 22:45:00,3.67,3.7342027465728895
2018-07-06 23:00:00,3.64,3.5542952752363584
2018-07-06 23:15:00,3.6,3.6578691179302605
2018-07-06 23:30:00,3.6,3.52198301404866
2018-07-06 23:45:00,3.67,3.3989760192255702
2018-07-07 00:00:00,3.49,3.988047215858105
2018-07-07 00:15:00,3.06,3.425860093642103
2018-07-07 00:30:00,3.1,2.9204515825282966
2018-07-07 00:45:00,3.13,3.136161454434868
2018-07-07 01:00:00,3.1,3.1372867579525767
2018-07-07 01:15:00,3.35,3.123182361317939
2018-07-07 01:30:00,3.74,3.153227196285002
2018-07-07 01:45:00,3.35,3.377873786986074
2018-07-07 02:00:00,3.13,3.416530287126465
2018-07-07 02:15:00,3.13,3.348871630531949
2018-07-07 02:30:00,3.17,3.256045597755688
2018-07-07 02:45:00,3.2,3.072170476773326
2018-07-07 03:00:00,3.13,3.0855139068571025
2018-07-07 03:15:00,3.13,3.1978157124690885
2018-07-07 03:30:00,3.13,3.1978157124690885
2018-07-07 03:45:00,3.17,3.1627805032705565
2018-07-07 04:00:00,3.2,3.157808152530328
2018-07-07 04:15:00,3.53,3.216900144618852
2018-07-07 04:30:00,3.49,3.1297931297683923
2018-07-07 04:45:00,3.13,3.456062949958731
2018-07-07 05:00:00,3.1,3.396970957870207
2018-07-07 05:15:00,3.17,3.1297931297683923
2018-07-07 05:30:00,3.2,3.157808152530328
2018-07-07 05:45:00,3.13,3.157808152530328
2018-07-07 06:00:00,3.1,2.9969717088439323
2018-07-07 06:15:00,3.13,3.3566467922216883
2018-07-07 06:30:00,2.99,2.8621175156816157
2018-07-07 06:45:00,2.92,2.9129919117223197
2018-07-07 07:00:00,3.02,3.2093462275708307
2018-07-07 07:15:00,3.85,2.986284155926206
2018-07-07 07:30:00,3.49,3.022043477380724
2018-07-07 07:45:00,3.24,5.1257656823204245
2018-07-07 08:00:00,39.53,38.91483689663445
2018-07-07 08:15:00,110.27,59.742747652220196
2018-07-07 08:30:00,100.33,70.52349856980625
2018-07-07 08:45:00,43.24,89.03592645456986
2018-07-07 09:00:00,62.5,92.099934790356
2018-07-07 09:15:00,54.9,61.79716715767378
2018-07-07 09:30:00,55.62,67.51065090056859
2018-07-07 09:45:00,59.76,56.1839804005646
2018-07-07 10:00:00,49.18,46.02435949805174
2018-07-07 10:15:00,42.7,53.93414544350136
2018-07-07 10:30:00,45.61,56.62637997300172
2018-07-07 10:45:00,40.57,43.704619316994645
2018-07-07 11:00:00,59.44,54.52066965383899
2018-07-07 11:15:00,59.8,39.60097135330196
2018-07-07 11:30:00,80.78,53.313554327620146
2018-07-07 11:45:00,101.81,42.70908489715102
2018-07-07 12:00:00,21.56,4.448810919479178
2018-07-07 12:15:00,6.26,21.920665668656024
2018-07-07 12:30:00,5.69,13.707573306694604
2018-07-07 12:45:00,5.18,6.8582932331164335
2018-07-07 13:00:00,23.15,23.15139029782256
2018-07-07 13:15:00,79.78,56.42708443720127
2018-07-07 13:30:00,105.23,52.22601723768338
2018-07-07 13:45:00,106.16,63.1118425063795
2018-07-07 14:00:00,72.07,97.66875832915997
2018-07-07 14:15:00,94.25,94.90015582658647
2018-07-07 14:30:00,94.18,81.21171949403623
2018-07-07 14:45:00,96.01,81.28338057690827
2018-07-07 15:00:00,98.1,92.79844499126142
2018-07-07 15:15:00,78.01,88.3136722397272
2018-07-07 15:30:00,98.71,85.75375237126829
2018-07-07 15:45:00,109.98,90.36892868143404
2018-07-07 16:00:00,90.9,82.39533370975145
2018-07-07 16:15:00,107.21,84.71174687536481
2018-07-07 16:30:00,89.39,79.99623564711659
2018-07-07 16:45:00,6.3,75.56584970639986
2018-07-07 17:00:00,4.07,85.02102286204708
2018-07-07 17:15:00,3.64,0.0
2018-07-07 17:30:00,3.67,0.48038384281637003
2018-07-07 17:45:00,3.71,0.0
2018-07-07 18:00:00,3.56,1.8039331833870007
2018-07-07 18:15:00,3.46,7.961107165618701
2018-07-07 18:30:00,3.49,8.818321800563952
2018-07-07 18:45:00,3.6,5.23712568274309
2018-07-07 19:00:00,4.39,1.6007251421959978
2018-07-07 19:15:00,4.21,1.8672099953638293
2018-07-07 19:30:00,3.67,4.7666088961294655
2018-07-07 19:45:00,3.46,4.337740020356799
2018-07-07 20:00:00,3.02,3.2006759191453455
2018-07-07 20:15:00,3.06,3.9658960992238113
2018-07-07 20:30:00,3.06,3.082088308562428
2018-07-07 20:45:00,3.02,3.3407966864717364
2018-07-07 21:00:00,3.1,3.1022917549125926
2018-07-07 21:15:00,3.06,3.065797751236142
2018-07-07 21:30:00,3.06,2.979512170127773
2018-07-07 21:45:00,3.06,2.928303589344281
2018-07-07 22:00:00,3.02,2.928303589344281
2018-07-07 22:15:00,2.84,2.928303589344281
2018-07-07 22:30:00,2.95,2.910415573226033
2018-07-07 22:45:00,2.77,2.910415573226033
2018-07-07 23:00:00,2.77,2.910415573226033
2018-07-07 23:15:00,2.74,2.9914722927377086
2018-07-07 23:30:00,3.28,2.9914722927377086
2018-07-07 23:45:00,3.1,2.910415573226033
2018-07-08 00:00:00,3.35,3.1772029982192533
2018-07-08 00:15:00,2.74,2.893753723636913
2018-07-08 00:30:00,2.81,3.1449708594254067
2018-07-08 00:45:00,2.81,2.833999695850746
2018-07-08 01:00:00,2.81,2.836875022635486
2018-07-08 01:15:00,2.81,2.823725212270797
2018-07-08 01:30:00,2.81,2.9149534338382526
2018-07-08 01:45:00,2.84,2.818715132199262
2018-07-08 02:00:00,2.81,2.8049870457090247
2018-07-08 02:15:00,2.81,2.7906343965219165
2018-07-08 02:30:00,2.81,2.7684968232701594
2018-07-08 02:45:00,2.84,2.7684968232701594
2018-07-08 03:00:00,3.24,2.7684968232701594
2018-07-08 03:15:00,2.99,2.7855510240428503
2018-07-08 03:30:00,2.84,3.195381274770945
2018-07-08 03:45:00,2.84,2.900957495086276
2018-07-08 04:00:00,2.81,2.828717796353669
2018-07-08 04:15:00,2.84,2.8609499351475156
2018-07-08 04:30:00,3.42,2.8292876816221133
2018-07-08 04:45:00,3.13,2.7922275739148037
2018-07-08 05:00:00,2.77,3.1716707574689442
2018-07-08 05:15:00,2.81,2.9395281385656613
2018-07-08 05:30:00,2.77,2.7922275739148037
2018-07-08 05:45:00,2.77,2.7922275739148037
2018-07-08 06:00:00,2.84,3.232983474694572
2018-07-08 06:15:00,3.38,2.805916992535956
2018-07-08 06:30:00,2.81,2.7875950513904186
2018-07-08 06:45:00,2.81,3.0473903521636427
2018-07-08 07:00:00,2.74,2.8226302605889506
2018-07-08 07:15:00,2.81,3.028381040047268
2018-07-08 07:30:00,2.95,2.779045642282956
2018-07-08 07:45:00,18.76,2.777174212955936
2018-07-08 08:00:00,54.58,11.09507449376665
2018-07-08 08:15:00,105.91,43.64679470142126
2018-07-08 08:30:00,112.36,69.87094896208085
2018-07-08 08:45:00,86.51,87.85762656357853
2018-07-08 09:00:00,99.94,88.25470810421398
2018-07-08 09:15:00,104.69,88.95747688633108
2018-07-08 09:30:00,96.8,78.81776415962622
2018-07-08 09:45:00,92.52,91.89411707559927
2018-07-08 10:00:00,64.44,91.21210726328417
2018-07-08 10:15:00,79.78,94.8309182966791
2018-07-08 10:30:00,116.78,75.3177916044865
2018-07-08 10:45:00,90.04,71.7829378233072
2018-07-08 11:00:00,110.2,96.88436552539441
2018-07-08 11:15:00,98.96,83.61916713594118
2018-07-08 11:30:00,78.26,77.78657291656133
2018-07-08 11:45:00,49.79,69.80325639460649
2018-07-08 12:00:00,4.07,12.776158881844278
2018-07-08 12:15:00,4.03,4.503709631235876
2018-07-08 12:30:00,3.96,0.0
2018-07-08 12:45:00,4.0,6.537915260150189
2018-07-08 13:00:00,53.21,30.32800790885026
2018-07-08 13:15:00,90.4,72.05265176406616
2018-07-08 13:30:00,51.55,79.81232650200555
2018-07-08 13:45:00,48.46,76.44510782444672
2018-07-08 14:00:00,56.7,53.3115812821803
2018-07-08 14:15:00,62.75,58.91351783492862
2018-07-08 14:30:00,59.98,55.87534945692429
2018-07-08 14:45:00,53.14,56.55854743773505
2018-07-08 15:00:00,43.42,45.68799995640266
2018-07-08 15:15:00,45.97,49.29771257264424
2018-07-08 15:30:00,44.14,45.082033508853456
2018-07-08 15:45:00,48.35,51.052984582422454
2018-07-08 16:00:00,51.08,49.22893048428791
2018-07-08 16:15:00,44.1,50.21152961116107
2018-07-08 16:30:00,44.17,48.68956608534467
2018-07-08 16:45:00,5.87,21.856498561523637
2018-07-08 17:00:00,3.96,17.368994165528747
2018-07-08 17:15:00,3.82,1.1318439905305395
2018-07-08 17:30:00,3.78,3.6433376519571734
2018-07-08 17:45:00,3.74,3.193603057015763
2018-07-08 18:00:00,3.56,3.556439485236578
2018-07-08 18:15:00,3.38,3.604156294051605
2018-07-08 18:30:00,3.49,4.016008301686432
2018-07-08 18:45:00,3.89,3.769940018645191
2018-07-08 19:00:00,4.61,3.7776430687978406
2018-07-08 19:15:00,3.49,3.863743416508779
2018-07-08 19:30:00,3.56,4.129760936679264
2018-07-08 19:45:00,3.64,3.612444088567207
2018-07-08 20:00:00,3.56,3.4568978120851988
2018-07-08 20:15:00,3.31,3.3313863912222335
2018-07-08 20:30:00,2.92,3.3562336364812717
2018-07-08 20:45:00,2.95,3.3662442724662314
2018-07-08 21:00:00,2.95,3.047230840015356
2018-07-08 21:15:00,2.95,2.9300758905561746
2018-07-08 21:30:00,2.99,2.887886661536673
2018-07-08 21:45:00,2.95,2.887886661536673
2018-07-08 22:00:00,2.84,2.855750432057741
2018-07-08 22:15:00,2.7,2.855750432057741
2018-07-08 22:30:00,2.74,2.855750432057741
2018-07-08 22:45:00,2.7,2.855750432057741
2018-07-08 23:00:00,2.74,2.855750432057741
2018-07-08 23:15:00,3.28,2.936807151569417
2018-07-08 23:30:00,2.92,2.8744885986195134
2018-07-08 23:45:00,2.7,3.1724891066735683
2018-07-09 00:00:00,2.66,3.0013668289307054
2018-07-09 00:15:00,3.17,2.9627103287903145
2018-07-09 00:30:00,3.02,2.9627103287903145
2018-07-09 00:45:00,2.77,3.0092854146325694
2018-07-09 01:00:00,2.74,2.9417852101639106
2018-07-09 01:15:00,2.74,2.902752399879119
2018-07-09 01:30:00,2.77,2.902752399879119
2018-07-09 01:45:00,2.7,2.9282013279270234
2018-07-09 02:00:00,2.77,2.9077624799506543
2018-07-09 02:15:00,2.74,2.9077624799506543
2018-07-09 02:30:00,2.74,2.902752399879119
2018-07-09 02:45:00,2.77,2.902752399879119
2018-07-09 03:00:00,2.74,2.9265006465124266
2018-07-09 03:15:00,2.77,2.950193667825764
2018-07-09 03:30:00,2.81,3.005187942568239
2018-07-09 03:45:00,2.74,2.950193667825764
2018-07-09 04:00:00,3.24,2.9777053736075336
2018-07-09 04:15:00,3.02,2.9827154536790688
2018-07-09 04:30:00,2.99,3.4123769461623117
2018-07-09 04:45:00,3.13,3.0398882361293578
2018-07-09 05:00:00,2.7,2.9827154536790688
2018-07-09 05:15:00,2.7,3.0899707290598593
2018-07-09 05:30:00,2.7,3.001037394824606
2018-07-09 05:45:00,2.7,2.9827154536790688
2018-07-09 06:00:00,2.7,2.9827154536790688
2018-07-09 06:15:00,2.66,3.0151430388619933
2018-07-09 06:30:00,2.66,2.9730728510831486
2018-07-09 06:45:00,2.66,2.9730728510831486
2018-07-09 07:00:00,2.74,3.088181961306624
2018-07-09 07:15:00,2.99,3.088181961306624
2018-07-09 07:30:00,3.42,3.429164317253867
2018-07-09 07:45:00,4.72,4.647355807338114
2018-07-09 08:00:00,17.39,28.402677919115778
2018-07-09 08:15:00,53.6,50.99687702643481
2018-07-09 08:30:00,57.71,51.11093346106961
2018-07-09 08:45:00,60.95,59.272193063824226
2018-07-09 09:00:00,50.98,58.658690628532
2018-07-09 09:15:00,50.62,61.55972318955879
2018-07-09 09:30:00,53.39,63.80698248038699
2018-07-09 09:45:00,59.8,67.2769685554444
2018-07-09 10:00:00,69.23,58.49700445297667
2018-07-09 10:15:00,53.42,61.78810427491822
2018-07-09 10:30:00,56.3,64.04056848791386
2018-07-09 10:45:00,48.42,60.639679721020265
2018-07-09 11:00:00,55.69,66.61826690926056
2018-07-09 11:15:00,69.62,59.13262636889992
2018-07-09 11:30:00,50.69,59.31387406444631
2018-07-09 11:45:00,53.06,61.857427929644764
2018-07-09 12:00:00,16.16,7.827353046698097
2018-07-09 12:15:00,6.34,4.415115040919157
2018-07-09 12:30:00,5.44,6.82637269896551
2018-07-09 12:45:00,6.12,10.73589705748366
2018-07-09 13:00:00,34.52,42.993751857574466
2018-07-09 13:15:00,49.57,65.14388946425419
2018-07-09 13:30:00,46.66,68.52913964727533
2018-07-09 13:45:00,48.49,61.081295577356094
2018-07-09 14:00:00,50.47,54.91528157879642
2018-07-09 14:15:00,48.64,54.520981480179515
2018-07-09 14:30:00,52.92,60.57081060022114
2018-07-09 14:45:00,52.02,54.42115174368435
2018-07-09 15:00:00,50.0,56.88281846375876
2018-07-09 15:15:00,47.45,56.59451580392435
2018-07-09 15:30:00,52.52,54.44630611745747
2018-07-09 15:45:00,66.24,55.8061896966826
2018-07-09 16:00:00,58.54,57.478392072273564
2018-07-09 16:15:00,54.25,64.71953953327224
2018-07-09 16:30:00,59.11,56.25037451372087
2018-07-09 16:45:00,67.43,56.063797167035055
2018-07-09 17:00:00,57.24,52.734833851041074
2018-07-09 17:15:00,57.64,56.594101732341365
2018-07-09 17:30:00,28.04,39.26651119396409
2018-07-09 17:45:00,27.72,26.553656924162517
2018-07-09 18:00:00,32.87,23.128209132896647
2018-07-09 18:15:00,42.66,44.06751517027237
2018-07-09 18:30:00,45.25,47.89078098132956
2018-07-09 18:45:00,48.82,42.59369620836591
2018-07-09 19:00:00,48.38,44.2365547634902
2018-07-09 19:15:00,61.2,49.1956095963885
2018-07-09 19:30:00,58.82,48.2414351846991
2018-07-09 19:45:00,48.1,55.58191464020474
2018-07-09 20:00:00,47.02,52.02405579862119
2018-07-09 20:15:00,42.05,50.14328483545186
2018-07-09 20:30:00,60.16,50.20767227790692
2018-07-09 20:45:00,38.45,21.591922200601015
2018-07-09 21:00:00,5.04,16.43751711241368
2018-07-09 21:15:00,3.92,9.555453261285628
2018-07-09 21:30:00,3.82,3.601273935618992
2018-07-09 21:45:00,3.78,3.783231498205903
2018-07-09 22:00:00,3.67,4.858660389383199
2018-07-09 22:15:00,3.49,3.436025306092955
2018-07-09 22:30:00,3.46,3.4077968621452994
2018-07-09 22:45:00,3.46,3.3904340478729083
2018-07-09 23:00:00,3.35,3.4077968621452994
2018-07-09 23:15:00,3.35,3.3895041003890385
2018-07-09 23:30:00,3.31,3.370765933827266
2018-07-09 23:45:00,3.31,3.370765933827266
2018-07-10 00:00:00,3.42,3.3447801374204236
2018-07-10 00:15:00,3.49,3.3447801374204236
2018-07-10 00:30:00,3.38,3.351334381031266
2018-07-10 00:45:00,3.35,3.3447801374204236
2018-07-10 01:00:00,2.99,3.3516461220512923
2018-07-10 01:15:00,2.84,3.3375417254166546
2018-07-10 01:30:00,2.81,2.921612923214554
2018-07-10 01:45:00,3.42,2.901694589635935
2018-07-10 02:00:00,3.24,2.9407320902116787
2018-07-10 02:15:00,2.92,3.266611507293423
2018-07-10 02:30:00,2.88,3.25439361139311
2018-07-10 02:45:00,2.88,2.9285141943113655
2018-07-10 03:00:00,2.84,2.908595860732747
2018-07-10 03:15:00,2.95,2.9881733581583236
2018-07-10 03:30:00,2.84,2.9881733581583236
2018-07-10 03:45:00,2.84,2.956037128679392
2018-07-10 04:00:00,2.88,3.0022870010229337
2018-07-10 04:15:00,2.88,2.9835488344611614
2018-07-10 04:30:00,2.95,2.9835488344611614
2018-07-10 04:45:00,2.99,2.9835488344611614
2018-07-10 05:00:00,3.31,2.9835488344611614
2018-07-10 05:15:00,2.84,2.9335646397902218
2018-07-10 05:30:00,2.84,3.3130078233443623
2018-07-10 05:45:00,2.81,2.9685998489887537
2018-07-10 06:00:00,2.88,2.9835488344611614
2018-07-10 06:15:00,2.84,2.965422339704702
2018-07-10 06:30:00,2.84,3.369688018045605
2018-07-10 06:45:00,2.88,2.9289321172658367
2018-07-10 07:00:00,2.95,3.0440412274893123
2018-07-10 07:15:00,3.24,3.0440412274893123
2018-07-10 07:30:00,3.67,3.4037617499983273
2018-07-10 07:45:00,5.76,5.621237371997696
2018-07-10 08:00:00,39.56,27.41385138913851
2018-07-10 08:15:00,49.54,46.45645277715057
2018-07-10 08:30:00,53.6,54.013312285683256
2018-07-10 08:45:00,70.13,59.05654355460431
2018-07-10 09:00:00,59.76,56.712668761587025
2018-07-10 09:15:00,71.93,65.1207851665014
2018-07-10 09:30:00,61.63,56.77932076248168
2018-07-10 09:45:00,55.73,62.61307752965691
2018-07-10 10:00:00,55.48,57.87106516459738
2018-07-10 10:15:00,54.97,65.72854361921861
2018-07-10 10:30:00,50.94,60.91005096281955
2018-07-10 10:45:00,67.86,64.99990516373796
2018-07-10 11:00:00,63.83,60.70050614149488
2018-07-10 11:15:00,71.86,63.59742705363686
2018-07-10 11:30:00,55.84,60.23540103149961
2018-07-10 11:45:00,50.65,62.2221274372392
2018-07-10 12:00:00,4.07,10.04832982996813
2018-07-10 12:15:00,4.0,5.221742967083267
2018-07-10 12:30:00,4.03,3.5983593273893364
2018-07-10 12:45:00,4.25,7.282860120799343
2018-07-10 13:00:00,36.25,37.859952480264724
2018-07-10 13:15:00,64.8,68.25554612372528
2018-07-10 13:30:00,55.58,57.94698221113866
2018-07-10 13:45:00,52.2,67.82159542634153
2018-07-10 14:00:00,54.83,57.9482680002267
2018-07-10 14:15:00,64.08,58.527016707240094
2018-07-10 14:30:00,56.88,60.6820833654896
2018-07-10 14:45:00,47.7,61.34366699657812
2018-07-10 15:00:00,86.22,59.410330239465125
2018-07-10 15:15:00,113.29,58.370563622592506
2018-07-10 15:30:00,99.0,75.51323157721221
2018-07-10 15:45:00,118.91,89.14586422998494
2018-07-10 16:00:00,89.14,85.41029221823794
2018-07-10 16:15:00,92.74,101.52155410127227
2018-07-10 16:30:00,110.41,94.90450121526693
2018-07-10 16:45:00,95.11,98.68017533548594
2018-07-10 17:00:00,101.52,104.26260043995312
2018-07-10 17:15:00,82.8,100.86750336092715
2018-07-10 17:30:00,47.12,44.255589412174054
2018-07-10 17:45:00,29.02,46.93136325767407
2018-07-10 18:00:00,49.79,45.61976254241846
2018-07-10 18:15:00,79.56,59.89913313384559
2018-07-10 18:30:00,86.18,66.44840184965972
2018-07-10 18:45:00,108.58,91.20015189305805
2018-07-10 19:00:00,80.53,83.88518107569925
2018-07-10 19:15:00,49.68,87.77253945032662
2018-07-10 19:30:00,78.91,101.82016243636366
2018-07-10 19:45:00,74.59,74.18609584083268
2018-07-10 20:00:00,82.08,78.14521078288699
2018-07-10 20:15:00,44.75,67.28320573899148
2018-07-10 20:30:00,41.65,69.1654878084648
2018-07-10 20:45:00,28.33,55.13923217553489
2018-07-10 21:00:00,13.46,15.646365588321343
2018-07-10 21:15:00,3.67,7.918729462713046
2018-07-10 21:30:00,3.82,6.673964953028211
2018-07-10 21:45:00,3.64,3.839056048000935
2018-07-10 22:00:00,3.6,4.482243140439322
2018-07-10 22:15:00,3.38,4.261210220422078
2018-07-10 22:30:00,3.35,3.759153870205781
2018-07-10 22:45:00,3.31,3.617079939499001
2018-07-10 23:00:00,3.31,3.7304371281786275
2018-07-10 23:15:00,3.28,3.617079939499001
2018-07-10 23:30:00,3.28,3.617079939499001
2018-07-10 23:45:00,3.24,3.617079939499001
2018-07-11 00:00:00,3.28,3.617079939499001
2018-07-11 00:15:00,3.38,3.617079939499001
2018-07-11 00:30:00,3.31,3.617079939499001
2018-07-11 00:45:00,3.46,3.6236341831098438
2018-07-11 01:00:00,3.35,3.6052077575680976
2018-07-11 01:15:00,2.77,3.59110336093346
2018-07-11 01:30:00,2.74,3.540091476388847
2018-07-11 01:45:00,2.77,3.232950225868875
2018-07-11 02:00:00,2.74,3.2130318922902563
2018-07-11 02:15:00,2.74,3.194293725728484
2018-07-11 02:30:00,2.81,3.194293725728484
2018-07-11 02:45:00,2.77,3.1621574962495522
2018-07-11 03:00:00,2.77,3.153016753783635
2018-07-11 03:15:00,2.84,3.209598764196197
2018-07-11 03:30:00,2.77,3.20045802173028
2018-07-11 03:45:00,2.77,3.20045802173028
2018-07-11 04:00:00,2.88,3.2236164977458923
2018-07-11 04:15:00,3.24,3.2371104699779667
2018-07-11 04:30:00,2.77,3.2371104699779667
2018-07-11 04:45:00,2.81,3.6165536535321072
2018-07-11 05:00:00,2.77,3.290883845738271
2018-07-11 05:15:00,2.77,3.2371104699779667
2018-07-11 05:30:00,2.77,3.187126275307027
2018-07-11 05:45:00,2.74,3.2054482164525644
2018-07-11 06:00:00,2.74,3.187126275307027
2018-07-11 06:15:00,2.99,3.182493752782642
2018-07-11 06:30:00,3.35,3.182493752782642
2018-07-11 06:45:00,2.84,3.182493752782642
2018-07-11 07:00:00,2.81,3.5573981637793417
2018-07-11 07:15:00,2.92,3.3463661586948867
2018-07-11 07:30:00,3.13,3.5846874682842302
2018-07-11 07:45:00,3.2,4.166216622133274
2018-07-11 08:00:00,18.14,38.6123183549561
2018-07-11 08:15:00,111.2,53.91255478175416
2018-07-11 08:30:00,76.54,46.91032935507919
2018-07-11 08:45:00,55.51,93.7069008155108
2018-07-11 09:00:00,62.14,91.45559264766278
2018-07-11 09:15:00,53.35,64.53727993198169
2018-07-11 09:30:00,64.48,55.17566891187475
2018-07-11 09:45:00,53.93,54.78055920750271
2018-07-11 10:00:00,60.88,56.364297744104405
2018-07-11 10:15:00,66.71,58.409593983939985
2018-07-11 10:30:00,56.84,53.58542253383855
2018-07-11 10:45:00,62.53,69.54718205575368
2018-07-11 11:00:00,60.8,64.84782929749123
2018-07-11 11:15:00,68.18,62.89263567691951
2018-07-11 11:30:00,60.98,58.03801796161397
2018-07-11 11:45:00,59.83,54.24585226305039
2018-07-11 12:00:00,7.27,8.460006192318849
2018-07-11 12:15:00,4.61,5.364723106746331
2018-07-11 12:30:00,4.64,5.470564916346379
2018-07-11 12:45:00,4.54,5.309622369196001
2018-07-11 13:00:00,42.88,29.786459591460904
2018-07-11 13:15:00,58.14,60.25964298285132
2018-07-11 13:30:00,63.32,57.80676502264643
2018-07-11 13:45:00,51.01,60.99855759202696
2018-07-11 14:00:00,45.72,64.42803017297926
2018-07-11 14:15:00,43.42,57.2527903468962
2018-07-11 14:30:00,47.63,54.7688040249099
2018-07-11 14:45:00,48.74,46.58926105994961
2018-07-11 15:00:00,39.71,54.16924681016843
2018-07-11 15:15:00,38.84,54.16528820444348
2018-07-11 15:30:00,38.92,45.35413817792841
2018-07-11 15:45:00,46.55,43.40820072987057
2018-07-11 16:00:00,49.46,47.766389830913646
2018-07-11 16:15:00,49.93,51.68189374806528
2018-07-11 16:30:00,49.28,57.674562750051706
2018-07-11 16:45:00,42.84,59.396477933213426
2018-07-11 17:00:00,43.34,51.149129030860685
2018-07-11 17:15:00,39.38,41.64922833073439
2018-07-11 17:30:00,33.08,37.41931937533097
2018-07-11 17:45:00,28.87,32.622924450689
2018-07-11 18:00:00,29.88,32.53167828240515
2018-07-11 18:15:00,35.71,30.838089838831223
2018-07-11 18:30:00,43.92,39.91091530144984
2018-07-11 18:45:00,44.03,36.36958247042457
2018-07-11 19:00:00,46.48,39.605082174113136
2018-07-11 19:15:00,45.32,44.4819765007362
2018-07-11 19:30:00,38.02,42.66370000119902
2018-07-11 19:45:00,36.4,44.43348001812048
2018-07-11 20:00:00,38.34,38.138210130428504
2018-07-11 20:15:00,56.41,33.50790873225372
2018-07-11 20:30:00,27.97,32.12407117438711
2018-07-11 20:45:00,7.27,24.926630784177327
2018-07-11 21:00:00,5.4,4.311939242015948
2018-07-11 21:15:00,3.74,7.464379064551084
2018-07-11 21:30:00,3.78,4.06478449274812
2018-07-11 21:45:00,3.82,4.2766678321912694
2018-07-11 22:00:00,3.64,3.647931807499582
2018-07-11 22:15:00,3.53,3.4681337260616285
2018-07-11 22:30:00,3.53,3.4878863602890826
2018-07-11 22:45:00,3.42,3.498383189930605
2018-07-11 23:00:00,2.88,3.461352261612572
2018-07-11 23:15:00,2.88,3.3866833214642003
2018-07-11 23:30:00,2.92,3.060803904382456
2018-07-11 23:45:00,3.06,3.047751555434706
2018-07-12 00:00:00,3.49,3.047751555434706
2018-07-12 00:15:00,2.99,3.0656395715529543
2018-07-12 00:30:00,2.92,3.33462875840665
2018-07-12 00:45:00,2.99,3.035533659534393
2018-07-12 01:00:00,2.99,3.0156153259557743
2018-07-12 01:15:00,2.95,2.9827727627593643
2018-07-12 01:30:00,2.95,2.963897107693683
2018-07-12 01:45:00,2.95,2.9317608782147513
2018-07-12 02:00:00,2.99,2.9317608782147513
2018-07-12 02:15:00,3.02,2.9317608782147513
2018-07-12 02:30:00,2.99,2.9317608782147513
2018-07-12 02:45:00,3.02,2.9317608782147513
2018-07-12 03:00:00,2.99,2.9317608782147513
2018-07-12 03:15:00,3.49,2.9292179514904566
2018-07-12 03:30:00,3.13,2.9292179514904566
2018-07-12 03:45:00,3.06,3.308661135044597
2018-07-12 04:00:00,2.99,3.140520444361949
2018-07-12 04:15:00,2.92,3.0433400346231863
2018-07-12 04:30:00,2.92,2.956729657272226
2018-07-12 04:45:00,3.28,2.9750515984177635
2018-07-12 05:00:00,3.49,2.977168505248595
2018-07-12 05:15:00,2.99,3.3361728408263667
2018-07-12 05:30:00,2.92,3.3712080500248987
2018-07-12 05:45:00,2.99,2.991764866470758
2018-07-12 06:00:00,2.95,2.956729657272226
2018-07-12 06:15:00,2.92,2.97253598272421
2018-07-12 06:30:00,2.92,3.025109104040302
2018-07-12 06:45:00,2.99,2.952097134747841
2018-07-12 07:00:00,3.02,3.0893438182230737
2018-07-12 07:15:00,3.31,3.0672062449713167
2018-07-12 07:30:00,3.82,3.5859469979666647
2018-07-12 07:45:00,4.1,5.219320052932326
2018-07-12 08:00:00,37.04,30.03211621442343
2018-07-12 08:15:00,63.14,57.66610055629362
2018-07-12 08:30:00,66.49,59.56235963585835
2018-07-12 08:45:00,61.42,70.60072326155921
2018-07-12 09:00:00,67.61,67.5587231776899
2018-07-12 09:15:00,59.8,56.624591484080995
2018-07-12 09:30:00,70.13,59.291592465958345
2018-07-12 09:45:00,53.96,61.50950923403738
2018-07-12 10:00:00,63.86,66.42243280289107
2018-07-12 10:15:00,68.4,63.13359894782998
2018-07-12 10:30:00,57.42,62.940118417759265
2018-07-12 10:45:00,75.74,62.7151811724261
2018-07-12 11:00:00,58.82,65.02123299454078
2018-07-12 11:15:00,54.61,62.62379167064995
2018-07-12 11:30:00,68.26,64.0681955870955
2018-07-12 11:45:00,49.5,58.18682636044121
2018-07-12 12:00:00,4.36,9.66525847727412
2018-07-12 12:15:00,4.36,4.505746277839313
2018-07-12 12:30:00,4.39,3.436240795624178
2018-07-12 12:45:00,4.61,5.186104499486755
2018-07-12 13:00:00,4.97,50.25016648853281
2018-07-12 13:15:00,6.48,61.30744492261234
2018-07-12 13:30:00,5.22,42.81332714538001
2018-07-12 13:45:00,4.75,31.657182051800678
2018-07-12 14:00:00,39.53,28.264291386876902
2018-07-12 14:15:00,67.07,23.204593628869727
2018-07-12 14:30:00,45.22,63.93920343842468
2018-07-12 14:45:00,47.45,72.42901500294259
2018-07-12 15:00:00,54.86,46.52285399608223
2018-07-12 15:15:00,54.54,55.811349474132086
2018-07-12 15:30:00,48.13,60.14118302497854
2018-07-12 15:45:00,51.73,57.01253114595115
2018-07-12 16:00:00,57.46,52.801580044045686
2018-07-12 16:15:00,61.38,57.65625596952654
2018-07-12 16:30:00,48.92,58.56441200389371
2018-07-12 16:45:00,49.97,55.22961868932823
2018-07-12 17:00:00,62.93,47.70205637368064
2018-07-12 17:15:00,56.02,54.423709369107776
2018-07-12 17:30:00,31.86,33.329545629588345
2018-07-12 17:45:00,30.82,25.94399787491685
2018-07-12 18:00:00,51.95,35.36475842274823
2018-07-12 18:15:00,58.9,55.75504051277381
2018-07-12 18:30:00,56.92,60.75042340027766
2018-07-12 18:45:00,58.72,54.14881373783538
2018-07-12 19:00:00,49.39,51.71068022703528
2018-07-12 19:15:00,46.87,55.01029219074616
2018-07-12 19:30:00,47.27,53.66980768331454
2018-07-12 19:45:00,44.1,51.95950434251167
2018-07-12 20:00:00,48.89,52.37097327079973
2018-07-12 20:15:00,73.84,46.213590933220246
2018-07-12 20:30:00,49.32,36.55270872748019
2018-07-12 20:45:00,19.04,27.92830692950415
2018-07-12 21:00:00,7.99,4.512329541321328
2018-07-12 21:15:00,4.03,0.0
2018-07-12 21:30:00,3.64,6.079521021414506
2018-07-12 21:45:00,3.56,3.2355253946909412
2018-07-12 22:00:00,3.53,3.481172474274938
2018-07-12 22:15:00,3.71,3.5197456492473917
2018-07-12 22:30:00,4.39,3.1598817190965596
2018-07-12 22:45:00,3.82,3.392572259329649
2018-07-12 23:00:00,2.95,3.8957196120889206
2018-07-12 23:15:00,2.66,3.5920640800880994
2018-07-12 23:30:00,2.7,3.250862260876662
2018-07-12 23:45:00,2.74,3.0591783325600983
2018-07-13 00:00:00,2.66,2.9507707280121895
2018-07-13 00:15:00,2.81,2.9320325614504172
2018-07-13 00:30:00,2.74,2.8998963319714854
2018-07-13 00:45:00,2.77,2.8907555895055683
2018-07-13 01:00:00,2.81,2.897621574136437
2018-07-13 01:15:00,2.81,2.8835171775017994
2018-07-13 01:30:00,2.74,2.913562012468862
2018-07-13 01:45:00,2.81,2.8416460354231035
2018-07-13 02:00:00,2.77,2.8325052929571863
2018-07-13 02:15:00,2.74,2.8416460354231035
2018-07-13 02:30:00,2.77,2.8416460354231035
2018-07-13 02:45:00,3.2,2.9227027549347793
2018-07-13 03:00:00,3.2,2.8325052929571863
2018-07-13 03:15:00,2.81,2.9701066307129067
2018-07-13 03:30:00,2.84,2.9864036733496664
2018-07-13 03:45:00,2.88,2.8691282378258056
2018-07-13 04:00:00,2.84,2.8666148144805783
2018-07-13 04:15:00,2.84,2.8849367556261156
2018-07-13 04:30:00,3.17,2.8849367556261156
2018-07-13 04:45:00,3.28,3.373704566273455
2018-07-13 05:00:00,2.84,2.9976183364946762
2018-07-13 05:15:00,2.84,3.281093207233251
2018-07-13 05:30:00,2.81,2.9016500236791103
2018-07-13 05:45:00,2.84,2.8666148144805783
2018-07-13 06:00:00,2.77,2.8849367556261156
2018-07-13 06:15:00,2.74,2.8803042331017306
2018-07-13 06:30:00,2.81,2.8619822919561932
2018-07-13 06:45:00,2.77,2.8619822919561932
2018-07-13 07:00:00,2.81,2.8984725143950585
2018-07-13 07:15:00,3.2,3.043676288524519
2018-07-13 07:30:00,3.38,3.280794806553732
2018-07-13 07:45:00,3.67,3.87652487491627
2018-07-13 08:00:00,29.95,38.09913415236953
2018-07-13 08:15:00,39.06,61.72826545996447
2018-07-13 08:30:00,46.91,56.06166559322832
2018-07-13 08:45:00,48.42,40.20572057694296
2018-07-13 09:00:00,49.07,46.88618815956255
2018-07-13 09:15:00,60.91,47.27430524050573
2018-07-13 09:30:00,65.52,49.30014596405918
2018-07-13 09:45:00,56.66,52.37341272529879
2018-07-13 10:00:00,55.19,52.638045925411056
2018-07-13 10:15:00,61.56,53.45381062089622
2018-07-13 10:30:00,51.01,60.75068796197852
2018-07-13 10:45:00,53.03,67.23227362738727
2018-07-13 11:00:00,57.78,55.20375559782391
2018-07-13 11:15:00,56.74,59.914610581536365
2018-07-13 11:30:00,47.45,52.507837267393356
2018-07-13 11:45:00,46.33,51.63206566743466
2018-07-13 12:00:00,6.73,7.337720368610901
2018-07-13 12:15:00,4.57,5.534577720364468
2018-07-13 12:30:00,4.86,6.462639316949162
2018-07-13 12:45:00,5.72,4.8733186534675434
2018-07-13 13:00:00,34.78,36.441694916083875
2018-07-13 13:15:00,52.42,48.11927434261895
2018-07-13 13:30:00,58.75,56.92182036026461
2018-07-13 13:45:00,48.24,55.548008712916655
2018-07-13 14:00:00,51.84,54.2422986217524
2018-07-13 14:15:00,61.85,47.779498631183756
2018-07-13 14:30:00,47.27,59.949444389214875
2018-07-13 14:45:00,48.74,58.1442693349441
2018-07-13 15:00:00,53.24,51.02591363706201
2018-07-13 15:15:00,54.72,52.53255294652626
2018-07-13 15:30:00,57.31,56.68778488585838
2018-07-13 15:45:00,46.62,52.52817086335138
2018-07-13 16:00:00,48.35,51.40464941355516
2018-07-13 16:15:00,49.5,50.464793704668224
2018-07-13 16:30:00,54.83,53.33872384576259
2018-07-13 16:45:00,57.13,53.04791516191117
2018-07-13 17:00:00,58.14,48.81652589976603
2018-07-13 17:15:00,54.94,45.70140727442031
2018-07-13 17:30:00,30.89,27.72722224542631
2018-07-13 17:45:00,31.1,27.94707955182961
2018-07-13 18:00:00,34.88,37.828361782845846
2018-07-13 18:15:00,59.94,55.06878257689479
2018-07-13 18:30:00,57.56,46.511448541570516
2018-07-13 18:45:00,48.89,50.925493399933075
2018-07-13 19:00:00,46.87,50.44542915274339
2018-07-13 19:15:00,62.6,44.78304362233477
2018-07-13 19:30:00,55.44,50.30925318921164
2018-07-13 19:45:00,65.66,59.269417303134226
2018-07-13 20:00:00,57.6,52.877347342829495
2018-07-13 20:15:00,61.85,60.25835248606809
2018-07-13 20:30:00,46.84,45.60160401636375
2018-07-13 20:45:00,27.22,32.936411515254605
2018-07-13 21:00:00,20.45,7.343618058622199
2018-07-13 21:15:00,3.89,0.4054252608592455
2018-07-13 21:30:00,3.82,6.02830506110883
2018-07-13 21:45:00,3.78,1.9656931223453398
2018-07-13 22:00:00,3.74,3.3641782558243523
2018-07-13 22:15:00,4.54,3.376392366227974
2018-07-13 22:30:00,3.67,3.369526381597105
2018-07-13 22:45:00,3.2,3.4767210465512535
2018-07-13 23:00:00,2.7,3.291696222946809
2018-07-13 23:15:00,2.74,3.1320100573563785
2018-07-13 23:30:00,2.66,2.9658168058650647
2018-07-13 23:45:00,2.59,2.908867543968413
2018-07-14 00:00:00,2.56,2.908867543968413
2018-07-14 00:15:00,2.63,2.908867543968413
2018-07-14 00:30:00,2.63,2.867590572023564
2018-07-14 00:45:00,2.74,2.867590572023564
2018-07-14 01:00:00,2.66,2.8744565566544327
2018-07-14 01:15:00,2.63,2.860352160019795
2018-07-14 01:30:00,2.66,2.809340275475182
2018-07-14 01:45:00,2.7,2.809340275475182
2018-07-14 02:00:00,2.66,2.809340275475182
2018-07-14 02:15:00,2.74,2.809340275475182
2018-07-14 02:30:00,2.88,2.8903969949868578
2018-07-14 02:45:00,3.24,2.809340275475182
2018-07-14 03:00:00,2.77,2.7999769656374895
2018-07-14 03:15:00,2.84,3.1903711946994098
2018-07-14 03:30:00,3.31,2.8459632203438012
2018-07-14 03:45:00,3.06,2.8109280111452692
2018-07-14 04:00:00,2.74,3.1716707574689442
2018-07-14 04:15:00,2.74,2.863472740377121
2018-07-14 04:30:00,2.74,2.7922275739148037
2018-07-14 04:45:00,2.74,2.810965740476576
2018-07-14 05:00:00,2.74,2.810549515060341
2018-07-14 05:15:00,2.84,2.7922275739148037
2018-07-14 05:30:00,2.7,2.7872174938432686
2018-07-14 05:45:00,2.7,2.7872174938432686
2018-07-14 06:00:00,2.7,2.7872174938432686
2018-07-14 06:15:00,2.7,2.7825849713188835
2018-07-14 06:30:00,2.7,2.7825849713188835
2018-07-14 06:45:00,2.7,2.7875950513904186
2018-07-14 07:00:00,2.66,2.8190751937577487
2018-07-14 07:15:00,2.77,2.5973894404158084
2018-07-14 07:30:00,3.74,2.774035562211421
2018-07-14 07:45:00,3.92,2.985253323671633
2018-07-14 08:00:00,22.5,20.253983199535664
2018-07-14 08:15:00,35.89,52.59317231768313
2018-07-14 08:30:00,38.63,36.82276892034326
2018-07-14 08:45:00,37.33,34.55589049191206
2018-07-14 09:00:00,37.76,37.61608537849614
2018-07-14 09:15:00,37.73,34.85523762925066
2018-07-14 09:30:00,37.08,36.52548956749812
2018-07-14 09:45:00,39.13,39.16469472705679
2018-07-14 10:00:00,37.84,38.039490545244874
2018-07-14 10:15:00,38.3,39.61300960578534
2018-07-14 10:30:00,36.04,38.963348053125834
2018-07-14 10:45:00,37.48,39.31031011984483
2018-07-14 11:00:00,38.05,35.120511647771764
2018-07-14 11:15:00,35.68,37.026726619144895
2018-07-14 11:30:00,38.16,38.42401024129707
2018-07-14 11:45:00,24.59,28.505489320194517
2018-07-14 12:00:00,3.71,5.13778065488963
2018-07-14 12:15:00,4.32,5.580595286962344
2018-07-14 12:30:00,3.89,4.185714899069228
2018-07-14 12:45:00,3.42,5.218730652260312
2018-07-14 13:00:00,22.03,12.866168418372887
2018-07-14 13:15:00,36.76,22.53467886193126
2018-07-14 13:30:00,34.96,48.44104605990036
2018-07-14 13:45:00,36.83,45.202270082063464
2018-07-14 14:00:00,35.86,38.12160060992161
2018-07-14 14:15:00,33.84,38.327657964799315
2018-07-14 14:30:00,70.2,39.79627336202409
2018-07-14 14:45:00,77.18,38.77411269481393
2018-07-14 15:00:00,73.26,67.60460466858069
2018-07-14 15:15:00,76.28,74.79849994096094
2018-07-14 15:30:00,84.28,72.58657597083459
2018-07-14 15:45:00,61.56,73.94327465846216
2018-07-14 16:00:00,57.46,72.4813182345936
2018-07-14 16:15:00,84.49,60.374262263759455
2018-07-14 16:30:00,71.96,48.9794482688328
2018-07-14 16:45:00,40.1,48.04296953498779
2018-07-14 17:00:00,25.99,43.76103684857357
2018-07-14 17:15:00,24.84,27.448835211530703
2018-07-14 17:30:00,26.1,12.867453197149622
2018-07-14 17:45:00,24.3,17.925194665970086
2018-07-14 18:00:00,5.47,20.821560295035354
2018-07-14 18:15:00,2.99,23.300001809219058
2018-07-14 18:30:00,2.88,5.509439084735701
2018-07-14 18:45:00,2.95,4.12872239959928
2018-07-14 19:00:00,2.92,3.152088423504604
2018-07-14 19:15:00,3.28,2.463021340976688
2018-07-14 19:30:00,3.31,2.8313977919257827
2018-07-14 19:45:00,2.92,3.819508379140683
2018-07-14 20:00:00,2.92,3.4228420123955066
2018-07-14 20:15:00,2.95,2.4869509735680797
2018-07-14 20:30:00,2.92,2.450233629062596
2018-07-14 20:45:00,2.99,3.0996721143877113
2018-07-14 21:00:00,2.99,3.195935473219335
2018-07-14 21:15:00,3.02,2.9998864546951323
2018-07-14 21:30:00,3.56,2.9576972256756306
2018-07-14 21:45:00,3.64,2.9576972256756306
2018-07-14 22:00:00,3.06,3.283576642757375
2018-07-14 22:15:00,2.92,3.3034949763359935
2018-07-14 22:30:00,2.81,2.894507496156945
2018-07-14 22:45:00,2.81,2.778870987809782
2018-07-14 23:00:00,2.77,3.2196268885895503
2018-07-14 23:15:00,2.81,3.2196268885895503
2018-07-14 23:30:00,2.77,2.8288551824807215
2018-07-14 23:45:00,2.77,2.8288551824807215
2018-07-15 00:00:00,2.84,2.778870987809782
2018-07-15 00:15:00,2.84,2.778870987809782
2018-07-15 00:30:00,2.84,2.778870987809782
2018-07-15 00:45:00,2.84,2.778870987809782
2018-07-15 01:00:00,3.17,2.778870987809782
2018-07-15 01:15:00,3.38,2.7647665911751442
2018-07-15 01:30:00,2.92,2.8560007613286413
2018-07-15 01:45:00,2.84,3.1605485365064467
2018-07-15 02:00:00,2.84,2.8346691194247025
2018-07-15 02:15:00,2.88,2.8012568136140095
2018-07-15 02:30:00,3.35,2.7830885323206815
2018-07-15 02:45:00,3.1,2.801826698882454
2018-07-15 03:00:00,2.95,3.103989438340665
2018-07-15 03:15:00,2.92,2.959508423772647
2018-07-15 03:30:00,2.84,2.8309460256835615
2018-07-15 03:45:00,2.84,2.812207859121789
2018-07-15 04:00:00,2.81,2.806819282965326
2018-07-15 04:15:00,2.84,2.7884973418197885
2018-07-15 04:30:00,2.84,2.7884973418197885
2018-07-15 04:45:00,2.92,2.7884973418197885
2018-07-15 05:00:00,2.81,2.7884973418197885
2018-07-15 05:15:00,2.77,2.8249875642586537
2018-07-15 05:30:00,2.81,2.838481536490728
2018-07-15 05:45:00,2.81,2.7884973418197885
2018-07-15 06:00:00,2.81,2.7884973418197885
2018-07-15 06:15:00,2.81,2.7838648192954034
2018-07-15 06:30:00,4.28,2.7838648192954034
2018-07-15 06:45:00,3.2,2.833849013966343
2018-07-15 07:00:00,2.74,3.9699437214172684
2018-07-15 07:15:00,2.74,2.931165383946261
2018-07-15 07:30:00,3.67,3.524719374910793
2018-07-15 07:45:00,8.86,2.027004478952779
2018-07-15 08:00:00,56.88,33.082491283282444
2018-07-15 08:15:00,90.68,68.39250149700948
2018-07-15 08:30:00,71.75,70.80818494924262
2018-07-15 08:45:00,111.92,86.58389077005145
2018-07-15 09:00:00,86.65,67.14390049128518
2018-07-15 09:15:00,82.66,65.26138250782178
2018-07-15 09:30:00,101.05,71.565178126241
2018-07-15 09:45:00,77.62,60.22606738702651
2018-07-15 10:00:00,108.47,83.80364302981398
2018-07-15 10:15:00,98.57,75.67019029965907
2018-07-15 10:30:00,80.46,85.83858410898898
2018-07-15 10:45:00,107.71,85.04032458087613
2018-07-15 11:00:00,78.66,79.8377810963216
2018-07-15 11:15:00,90.14,77.83553555699953
2018-07-15 11:30:00,87.3,85.61550226909279
2018-07-15 11:45:00,35.06,82.53927060199433
2018-07-15 12:00:00,5.58,15.735358204772082
2018-07-15 12:15:00,4.5,2.3980764429690224
2018-07-15 12:30:00,4.28,5.911803649097036
2018-07-15 12:45:00,4.18,6.860953468407239
2018-07-15 13:00:00,48.92,63.357573257822025
2018-07-15 13:15:00,97.6,58.60592304699969
2018-07-15 13:30:00,88.88,71.57786467161948
2018-07-15 13:45:00,94.86,80.6519350533708
2018-07-15 14:00:00,99.86,82.67040818868345
2018-07-15 14:15:00,88.34,88.63477215226308
2018-07-15 14:30:00,95.72,88.12651154113007
2018-07-15 14:45:00,99.61,87.40945483082191
2018-07-15 15:00:00,85.93,80.63781848673014
2018-07-15 15:15:00,96.91,86.1705224197116
2018-07-15 15:30:00,98.06,89.16849462632283
2018-07-15 15:45:00,88.27,85.22660471624565
2018-07-15 16:00:00,97.85,90.07043708881318
2018-07-15 16:15:00,84.6,80.49751595652425
2018-07-15 16:30:00,91.04,91.21454265237375
2018-07-15 16:45:00,49.54,60.46752392528718
2018-07-15 17:00:00,26.89,64.15273145043376
2018-07-15 17:15:00,26.06,14.893300028280747
2018-07-15 17:30:00,25.56,7.266924972242891
2018-07-15 17:45:00,25.31,20.426822111163407
2018-07-15 18:00:00,37.73,19.260771228681897
2018-07-15 18:15:00,42.05,28.19022856535905
2018-07-15 18:30:00,39.46,40.15464790259057
2018-07-15 18:45:00,44.53,44.39257781069168
2018-07-15 19:00:00,45.79,36.478879455850084
2018-07-15 19:15:00,47.45,36.45044501400822
2018-07-15 19:30:00,44.5,38.215586550757095
2018-07-15 19:45:00,44.71,39.14879908020705
2018-07-15 20:00:00,44.35,34.60519989547612
2018-07-15 20:15:00,44.28,37.08169799066378
2018-07-15 20:30:00,44.03,27.199051460299703
2018-07-15 20:45:00,11.63,19.727752730064964
2018-07-15 21:00:00,6.3,11.251427088573331
2018-07-15 21:15:00,3.78,2.945853446996913
2018-07-15 21:30:00,3.67,4.269999365588798
2018-07-15 21:45:00,3.85,3.339618096617846
2018-07-15 22:00:00,4.72,3.5038532184424493
2018-07-15 22:15:00,3.78,3.6253747924130635
2018-07-15 22:30:00,3.46,3.9671374649064077
2018-07-15 22:45:00,3.49,3.495411787226322
2018-07-15 23:00:00,2.77,3.6969611701801517
2018-07-15 23:15:00,2.84,3.5452578584636143
2018-07-15 23:30:00,2.81,3.182347513063837
2018-07-15 23:45:00,2.92,3.1233916789094747
2018-07-16 00:00:00,2.92,3.1693806683387953
2018-07-16 00:15:00,2.92,3.208418168914539
2018-07-16 00:30:00,2.88,3.176281939435607
2018-07-16 00:45:00,2.88,3.176281939435607
2018-07-16 01:00:00,2.88,3.1831479240664757
2018-07-16 01:15:00,2.92,3.1877816939936103
2018-07-16 01:30:00,2.88,3.118031642887225
2018-07-16 01:45:00,2.95,3.118031642887225
2018-07-16 02:00:00,2.99,3.118031642887225
2018-07-16 02:15:00,2.95,3.199088362398901
2018-07-16 02:30:00,3.42,3.1367698094489973
2018-07-16 02:45:00,2.99,3.118031642887225
2018-07-16 03:00:00,2.92,3.4572544900527458
2018-07-16 03:15:00,2.99,3.554086971189302
2018-07-16 03:30:00,2.88,3.51905176199077
2018-07-16 03:45:00,2.84,3.51905176199077
2018-07-16 04:00:00,3.42,3.564885408918077
2018-07-16 04:15:00,3.06,3.5465634677725397
2018-07-16 04:30:00,2.88,3.9260066513266785
2018-07-16 04:45:00,2.92,3.59948669308932
2018-07-16 05:00:00,2.81,3.5465634677725397
2018-07-16 05:15:00,2.77,3.5465634677725397
2018-07-16 05:30:00,2.81,3.987319368552309
2018-07-16 05:45:00,2.81,3.5465634677725397
2018-07-16 06:00:00,2.92,3.5465634677725397
2018-07-16 06:15:00,3.35,3.5419309452481547
2018-07-16 06:30:00,2.77,3.6197611038984507
2018-07-16 06:45:00,2.77,3.4481473948644785
2018-07-16 07:00:00,2.81,3.6920752646701622
2018-07-16 07:15:00,3.28,3.6570400554716302
2018-07-16 07:30:00,3.6,3.949134740821278
2018-07-16 07:45:00,5.26,7.214175457422928
2018-07-16 08:00:00,63.25,38.970387862109135
2018-07-16 08:15:00,88.49,69.90552554812004
2018-07-16 08:30:00,94.21,94.2215558205568
2018-07-16 08:45:00,89.21,103.52121403783237
2018-07-16 09:00:00,97.81,89.1255556385377
2018-07-16 09:15:00,94.82,76.03484300224771
2018-07-16 09:30:00,77.9,80.80876794070112
2018-07-16 09:45:00,91.37,94.52450960296534
2018-07-16 10:00:00,101.27,90.93506822148682
2018-07-16 10:15:00,88.42,77.17461619242631
2018-07-16 10:30:00,55.33,91.71187428264429
2018-07-16 10:45:00,66.6,83.10467756635276
2018-07-16 11:00:00,47.92,74.11168271146747
2018-07-16 11:15:00,53.39,67.68712776896352
2018-07-16 11:30:00,75.71,61.28363004187279
2018-07-16 11:45:00,52.6,59.711190019710855
2018-07-16 12:00:00,5.69,15.269697476796946
2018-07-16 12:15:00,5.54,10.926668239496852
2018-07-16 12:30:00,5.36,7.021001405663861
2018-07-16 12:45:00,6.16,9.59666152898511
2018-07-16 13:00:00,30.92,54.577413825936
2018-07-16 13:15:00,71.35,66.50446826326518
2018-07-16 13:30:00,52.13,65.85208995542747
2018-07-16 13:45:00,50.47,81.5711988855172
2018-07-16 14:00:00,55.76,65.2893994418439
2018-07-16 14:15:00,62.5,67.35813290531121
2018-07-16 14:30:00,57.6,59.550703607674336
2018-07-16 14:45:00,65.81,67.0746491766573
2018-07-16 15:00:00,66.71,59.24731048405519
2018-07-16 15:15:00,60.05,64.74213055787392
2018-07-16 15:30:00,59.76,65.79655507355791
2018-07-16 15:45:00,64.15,65.11762589243713
2018-07-16 16:00:00,67.18,60.41753378079547
2018-07-16 16:15:00,65.3,64.63285141098449
2018-07-16 16:30:00,69.01,68.56985714256078
2018-07-16 16:45:00,67.07,67.3189971496133
2018-07-16 17:00:00,61.38,62.45049299123633
2018-07-16 17:15:00,56.02,60.10545171803031
2018-07-16 17:30:00,29.88,27.58001835624844
2018-07-16 17:45:00,31.21,29.073176157038528
2018-07-16 18:00:00,36.47,40.42717334542732
2018-07-16 18:15:00,46.48,50.17828004108284
2018-07-16 18:30:00,54.5,47.85642242198132
2018-07-16 18:45:00,56.16,48.91564535824686
2018-07-16 19:00:00,63.11,55.035976107832916
2018-07-16 19:15:00,61.85,58.322940343884575
2018-07-16 19:30:00,58.18,61.300515428219505
2018-07-16 19:45:00,55.01,62.77939368963768
2018-07-16 20:00:00,51.05,62.10820455852707
2018-07-16 20:15:00,49.46,61.3378450194883
2018-07-16 20:30:00,44.06,54.40111843541427
2018-07-16 20:45:00,23.0,39.153207495374474
2018-07-16 21:00:00,4.9,16.83693837619566
2018-07-16 21:15:00,4.18,0.844533560886534
2018-07-16 21:30:00,3.82,3.3829402330767837
2018-07-16 21:45:00,3.82,4.0122211749769905
2018-07-16 22:00:00,3.71,3.93924013707681
2018-07-16 22:15:00,3.64,3.9020537061548572
2018-07-16 22:30:00,3.64,3.5585668885362725
2018-07-16 22:45:00,3.53,3.5585668885362725
2018-07-16 23:00:00,3.53,3.5571915362468913
2018-07-16 23:15:00,3.89,3.520160607928858
2018-07-16 23:30:00,3.46,3.520160607928858
2018-07-16 23:45:00,2.92,3.7416013609664813
2018-07-17 00:00:00,2.95,3.5642864612911853
2018-07-17 00:15:00,2.92,3.2754379725274743
2018-07-17 00:30:00,2.95,3.2184887106308224
2018-07-17 00:45:00,2.95,3.2184887106308224
2018-07-17 01:00:00,2.99,3.225354695261691
2018-07-17 01:15:00,2.99,3.2091589041151845
2018-07-17 01:30:00,3.02,3.2091589041151845
2018-07-17 01:45:00,2.95,3.1281021846035086
2018-07-17 02:00:00,2.99,3.1281021846035086
2018-07-17 02:15:00,2.95,3.1281021846035086
2018-07-17 02:30:00,2.99,3.146840351165281
2018-07-17 02:45:00,3.49,3.1281021846035086
2018-07-17 03:00:00,3.42,3.1281021846035086
2018-07-17 03:15:00,2.92,3.554986636104294
2018-07-17 03:30:00,2.95,3.590021845302826
2018-07-17 03:45:00,2.88,3.2105786617486856
2018-07-17 04:00:00,2.95,3.171809130222756
2018-07-17 04:15:00,2.92,3.1735098116373526
2018-07-17 04:30:00,2.95,3.171392904806521
2018-07-17 04:45:00,3.13,3.1530709636609835
2018-07-17 05:00:00,3.49,3.1530709636609835
2018-07-17 05:15:00,2.99,3.265336319113309
2018-07-17 05:30:00,2.92,3.532514147215124
2018-07-17 05:45:00,2.92,3.2102437461112725
2018-07-17 06:00:00,2.95,3.1530709636609835
2018-07-17 06:15:00,2.92,3.18761545567474
2018-07-17 06:30:00,2.88,3.1688772891129675
2018-07-17 06:45:00,2.88,3.1484384411365984
2018-07-17 07:00:00,2.99,3.3135317460310136
2018-07-17 07:15:00,3.17,3.458735520160474
2018-07-17 07:30:00,3.24,3.555642236709722
2018-07-17 07:45:00,3.49,4.0368232721314286
2018-07-17 08:00:00,32.83,36.03964038530751
2018-07-17 08:15:00,47.38,58.184690468531855
2018-07-17 08:30:00,67.75,55.68037025500858
2018-07-17 08:45:00,67.86,54.516722729415015
2018-07-17 09:00:00,58.64,69.25376608731798
2018-07-17 09:15:00,82.3,62.56930863476692
2018-07-17 09:30:00,60.91,56.03008230233898
2018-07-17 09:45:00,66.56,58.960144921029965
2018-07-17 10:00:00,50.0,55.41587769254196
2018-07-17 10:15:00,52.2,60.65668735699294
2018-07-17 10:30:00,49.79,58.15031243733666
2018-07-17 10:45:00,47.38,60.69691466869028
2018-07-17 11:00:00,54.0,59.64579035815698
2018-07-17 11:15:00,66.42,52.973124555071564
2018-07-17 11:30:00,54.72,57.26743704355841
2018-07-17 11:45:00,69.73,58.62720370397789
2018-07-17 12:00:00,8.39,9.954217258078328
2018-07-17 12:15:00,4.86,8.105854899137999
2018-07-17 12:30:00,4.46,4.826874481324968
2018-07-17 12:45:00,4.25,4.597646827949492
2018-07-17 13:00:00,26.46,32.47177450121645
2018-07-17 13:15:00,59.62,76.91838792184096
2018-07-17 13:30:00,80.82,47.77842358520039
2018-07-17 13:45:00,96.62,57.659476404825
2018-07-17 14:00:00,79.74,75.7056926794322
2018-07-17 14:15:00,104.94,83.74542987360934
2018-07-17 14:30:00,94.54,88.94284311747964
2018-07-17 14:45:00,71.35,90.11646270712384
2018-07-17 15:00:00,71.6,90.52560694557873
2018-07-17 15:15:00,72.97,96.057645537052
2018-07-17 15:30:00,104.58,80.42002612519725
2018-07-17 15:45:00,78.55,69.96434532743378
2018-07-17 16:00:00,108.4,78.01008405991725
2018-07-17 16:15:00,100.55,80.72328054603157
2018-07-17 16:30:00,88.45,90.07533389614228
2018-07-17 16:45:00,104.26,96.12495578613292
2018-07-17 17:00:00,76.61,96.00993071781173
2018-07-17 17:15:00,60.05,90.102986337309
2018-07-17 17:30:00,32.44,63.68455215572278
2018-07-17 17:45:00,32.29,25.448007436323632
2018-07-17 18:00:00,45.79,53.47853961570559
2018-07-17 18:15:00,91.04,72.01617298533775
2018-07-17 18:30:00,87.05,69.17575157100273
2018-07-17 18:45:00,60.48,87.76977184806246
2018-07-17 19:00:00,46.8,91.28360111662823
2018-07-17 19:15:00,55.48,72.48215839625144
2018-07-17 19:30:00,44.89,65.24306394774007
2018-07-17 19:45:00,57.17,66.89472459401445
2018-07-17 20:00:00,37.48,57.34286574865925
2018-07-17 20:15:00,55.76,59.54516226937804
2018-07-17 20:30:00,36.47,38.08468992918595
2018-07-17 20:45:00,9.86,20.565533242244193
2018-07-17 21:00:00,6.62,17.78023010923618
2018-07-17 21:15:00,3.78,7.179327776562132
2018-07-17 21:30:00,3.85,6.24191514361681
2018-07-17 21:45:00,3.85,3.9093147296654314
2018-07-17 22:00:00,3.74,3.908947294017941
2018-07-17 22:15:00,3.67,3.8428541240722733
2018-07-17 22:30:00,3.53,3.713202859905558
2018-07-17 22:45:00,2.81,3.6541108678170344
2018-07-17 23:00:00,2.74,3.6541108678170344
2018-07-17 23:15:00,2.7,3.387323442823814
2018-07-17 23:30:00,2.66,3.2712821888386383
2018-07-17 23:45:00,2.66,3.252544022276866
2018-07-18 00:00:00,2.7,3.252544022276866
2018-07-18 00:15:00,2.74,3.227273777428803
2018-07-18 00:30:00,2.74,3.211267050332017
2018-07-18 00:45:00,2.7,3.218133034962886
2018-07-18 01:00:00,2.7,3.218133034962886
2018-07-18 01:15:00,2.7,3.204028638328248
2018-07-18 01:30:00,2.77,3.153016753783635
2018-07-18 01:45:00,3.24,3.153016753783635
2018-07-18 02:00:00,3.42,3.153016753783635
2018-07-18 02:15:00,2.92,3.4788961708653794
2018-07-18 02:30:00,2.88,3.498814504443998
2018-07-18 02:45:00,2.88,3.191673253924026
2018-07-18 03:00:00,2.92,3.130911468140385
2018-07-18 03:15:00,2.81,3.177936510670795
2018-07-18 03:30:00,2.88,3.600370470305026
2018-07-18 03:45:00,3.02,3.1596145695252575
2018-07-18 04:00:00,3.35,3.187126275307027
2018-07-18 04:15:00,2.84,3.187126275307027
2018-07-18 04:30:00,2.81,3.5665694588611676
2018-07-18 04:45:00,2.77,3.222161484505559
2018-07-18 05:00:00,2.81,3.2058644418687994
2018-07-18 05:15:00,2.77,3.187126275307027
2018-07-18 05:30:00,2.74,3.6278821760867954
2018-07-18 05:45:00,2.7,3.187126275307027
2018-07-18 06:00:00,2.74,3.2236164977458923
2018-07-18 06:15:00,2.74,3.2324779474535816
2018-07-18 06:30:00,2.77,3.182493752782642
2018-07-18 06:45:00,2.66,3.182493752782642
2018-07-18 07:00:00,2.66,3.2925927829345825
2018-07-18 07:15:00,2.99,3.2925927829345825
2018-07-18 07:30:00,3.31,3.5255954761957065
2018-07-18 07:45:00,3.82,4.002445201007559
2018-07-18 08:00:00,29.74,30.531017871970537
2018-07-18 08:15:00,43.31,68.44117162383445
2018-07-18 08:30:00,49.68,52.45054049883707
2018-07-18 08:45:00,47.52,44.81161169849219
2018-07-18 09:00:00,55.94,59.814708264994096
2018-07-18 09:15:00,50.11,51.91754403674473
2018-07-18 09:30:00,45.61,56.97567720070626
2018-07-18 09:45:00,50.83,57.272178646676416
2018-07-18 10:00:00,44.75,53.21225701231004
2018-07-18 10:15:00,50.94,60.84686700374403
2018-07-18 10:30:00,64.15,54.38046612767574
2018-07-18 10:45:00,76.1,61.587075935642055
2018-07-18 11:00:00,51.34,64.65789520844916
2018-07-18 11:15:00,51.37,74.92155767450966
2018-07-18 11:30:00,55.04,63.06376599699696
2018-07-18 11:45:00,47.59,54.13896754328084
2018-07-18 12:00:00,29.45,11.008965736355359
2018-07-18 12:15:00,30.92,9.240039079576649
2018-07-18 12:30:00,29.16,13.299955365693746
2018-07-18 12:45:00,29.45,31.031008701364232
2018-07-18 13:00:00,44.89,43.29064464091454
2018-07-18 13:15:00,73.87,48.570919177737615
2018-07-18 13:30:00,59.8,52.273170643148944
2018-07-18 13:45:00,66.96,72.87886270272111
2018-07-18 14:00:00,62.57,61.66367251683816
2018-07-18 14:15:00,54.07,64.47994181178436
2018-07-18 14:30:00,60.48,62.74385361374513
2018-07-18 14:45:00,56.99,64.25990217781182
2018-07-18 15:00:00,48.38,56.38405837651166
2018-07-18 15:15:00,52.49,59.14370443171588
2018-07-18 15:30:00,59.18,55.42008303285361
2018-07-18 15:45:00,60.59,58.29191315103592
2018-07-18 16:00:00,61.96,56.548871140600056
2018-07-18 16:15:00,61.45,58.865157230175896
2018-07-18 16:30:00,61.99,58.99858603391224
2018-07-18 16:45:00,53.17,58.59115615742613
2018-07-18 17:00:00,50.51,59.65574539506684
2018-07-18 17:15:00,60.3,49.65284128024313
2018-07-18 17:30:00,60.34,31.875036914935947
2018-07-18 17:45:00,53.32,28.721571573280762
2018-07-18 18:00:00,5.83,41.08307456755153
2018-07-18 18:15:00,3.78,41.09783853881257
2018-07-18 18:30:00,3.42,3.0394382789796066
2018-07-18 18:45:00,3.38,4.839154469286915
2018-07-18 19:00:00,3.42,8.079645753375212
2018-07-18 19:15:00,3.42,11.176604185136696
2018-07-18 19:30:00,3.42,3.839741214846965
2018-07-18 19:45:00,3.28,3.6504305491626803
2018-07-18 20:00:00,2.81,3.658295701896657
2018-07-18 20:15:00,2.77,3.6395406727094115
2018-07-18 20:30:00,2.77,3.1575831336909945
2018-07-18 20:45:00,2.84,3.187174116997948
2018-07-18 21:00:00,2.92,3.187174116997948
2018-07-18 21:15:00,2.88,3.115271542334843
2018-07-18 21:30:00,2.95,3.0409460838364097
2018-07-18 21:45:00,3.28,3.0105590166624556
2018-07-18 22:00:00,3.28,3.0409460838364097
2018-07-18 22:15:00,2.81,3.3736914855490228
2018-07-18 22:30:00,2.84,3.2835059424945046
2018-07-18 22:45:00,2.81,2.938888358850988
2018-07-18 23:00:00,2.81,2.9189700252723694
2018-07-18 23:15:00,2.7,2.951106254751301
2018-07-18 23:30:00,2.77,2.951106254751301
2018-07-18 23:45:00,3.38,2.9189700252723694
2018-07-19 00:00:00,2.99,2.9189700252723694
2018-07-19 00:15:00,2.84,3.194865247683174
2018-07-19 00:30:00,2.77,2.8889041641800484
2018-07-19 00:45:00,2.81,2.8639757505298946
2018-07-19 01:00:00,2.81,2.8689858306014298
2018-07-19 01:15:00,3.1,2.8732033751123294
2018-07-19 01:30:00,2.95,2.854881433966792
2018-07-19 01:45:00,3.02,2.9427161974303044
2018-07-19 02:00:00,2.99,2.923603795199504
2018-07-19 02:15:00,2.99,2.9048656286377317
2018-07-19 02:30:00,3.02,2.854881433966792
2018-07-19 02:45:00,2.92,2.854881433966792
2018-07-19 03:00:00,2.95,2.854881433966792
2018-07-19 03:15:00,3.46,2.902322701913437
2018-07-19 03:30:00,3.38,2.902322701913437
2018-07-19 03:45:00,2.74,3.2817658854675775
2018-07-19 04:00:00,2.77,3.413035161680591
2018-07-19 04:15:00,3.17,2.9648696168937385
2018-07-19 04:30:00,2.99,2.9298344076952065
2018-07-19 04:45:00,2.81,3.0604217042930695
2018-07-19 05:00:00,2.7,2.983191558039276
2018-07-19 05:15:00,2.7,2.9248243276236714
2018-07-19 05:30:00,2.7,2.9663246301340718
2018-07-19 05:45:00,2.7,2.9502732556715756
2018-07-19 06:00:00,2.7,2.9519719809469636
2018-07-19 06:15:00,2.7,2.9252018851708215
2018-07-19 06:30:00,2.59,2.9201918050992863
2018-07-19 06:45:00,2.7,2.9423293783510434
2018-07-19 07:00:00,2.81,3.035300915322762
2018-07-19 07:15:00,3.24,3.035300915322762
2018-07-19 07:30:00,3.6,3.3821450467729477
2018-07-19 07:45:00,5.33,5.088104066059207
2018-07-19 08:00:00,46.44,31.219421754461443
2018-07-19 08:15:00,52.81,64.44563786880974
2018-07-19 08:30:00,65.27,66.2540963115892
2018-07-19 08:45:00,71.24,57.07032460361182
2018-07-19 09:00:00,72.5,62.789095455150424
2018-07-19 09:15:00,59.58,67.05485251463264
2018-07-19 09:30:00,52.31,60.96552173877192
2018-07-19 09:45:00,47.45,59.11053964455685
2018-07-19 10:00:00,54.5,67.20208482025505
2018-07-19 10:15:00,62.24,68.97427637542161
2018-07-19 10:30:00,54.04,61.216432877168465
2018-07-19 10:45:00,56.92,63.673126644727375
2018-07-19 11:00:00,70.78,61.80086942717411
2018-07-19 11:15:00,88.81,63.501450370984706
2018-07-19 11:30:00,100.3,58.60721999323386
2018-07-19 11:45:00,91.44,88.50248550911664
2018-07-19 12:00:00,7.06,27.657207396739338
2018-07-19 12:15:00,15.55,15.856185605570806
2018-07-19 12:30:00,23.33,10.403377973933468
2018-07-19 12:45:00,26.32,16.715913825563934
2018-07-19 13:00:00,48.64,49.50026184166159
2018-07-19 13:15:00,67.21,63.54839169757431
2018-07-19 13:30:00,94.61,52.35585690315339
2018-07-19 13:45:00,75.28,66.85020154625755
2018-07-19 14:00:00,71.82,80.95189744779044
2018-07-19 14:15:00,97.85,82.00575158431619
2018-07-19 14:30:00,106.27,72.6930136349384
2018-07-19 14:45:00,83.95,87.37637328753301
2018-07-19 15:00:00,75.96,99.82034815568038
2018-07-19 15:15:00,79.38,85.95529991181888
2018-07-19 15:30:00,83.77,75.27777550832462
2018-07-19 15:45:00,78.73,82.71208669684792
2018-07-19 16:00:00,111.42,74.41290105399989
2018-07-19 16:15:00,85.5,68.37705908088277
2018-07-19 16:30:00,90.9,91.57458016515488
2018-07-19 16:45:00,95.76,87.82258557264524
2018-07-19 17:00:00,70.2,85.70216476802577
2018-07-19 17:15:00,96.55,90.45236386243403
2018-07-19 17:30:00,31.68,58.755681558426176
2018-07-19 17:45:00,31.64,49.73949977340793
2018-07-19 18:00:00,55.76,54.03398333345658
2018-07-19 18:15:00,82.66,82.68396601471332
2018-07-19 18:30:00,99.14,80.17215774468531
2018-07-19 18:45:00,69.8,91.00173329306128
2018-07-19 19:00:00,51.44,90.74079053164881
2018-07-19 19:15:00,66.13,83.17120753976708
2018-07-19 19:30:00,65.7,64.04021363003785
2018-07-19 19:45:00,59.22,71.37693478204059
2018-07-19 20:00:00,52.38,72.85741082006113
2018-07-19 20:15:00,51.98,60.88762129746734
2018-07-19 20:30:00,63.22,57.41446095342333
2018-07-19 20:45:00,47.66,34.61193271222909
2018-07-19 21:00:00,40.61,16.639427492027423
2018-07-19 21:15:00,40.28,12.833879643188588
2018-07-19 21:30:00,35.71,23.768494827920904
2018-07-19 21:45:00,33.48,25.49826388529343
2018-07-19 22:00:00,11.84,21.267347748254412
2018-07-19 22:15:00,3.82,21.495399130497347
2018-07-19 22:30:00,3.6,7.3230107199283765
2018-07-19 22:45:00,3.53,3.449723405411731
2018-07-19 23:00:00,4.5,3.5560630565381537
2018-07-19 23:15:00,3.82,3.511123531253889
2018-07-19 23:30:00,3.38,3.94581828061594
2018-07-19 23:45:00,3.42,3.622482033664343
2018-07-20 00:00:00,3.38,3.611749500754522
2018-07-20 00:15:00,2.84,3.4600461890379846
2018-07-20 00:30:00,2.81,3.4343448494666955
2018-07-20 00:45:00,2.77,3.4700542756570094
2018-07-20 01:00:00,2.88,3.127584599382076
2018-07-20 01:15:00,2.88,3.120034446358281
2018-07-20 01:30:00,2.84,3.0809969457825375
2018-07-20 01:45:00,2.88,3.0882099578993754
2018-07-20 02:00:00,2.81,3.0882099578993754
2018-07-20 02:15:00,2.84,3.0378428685768877
2018-07-20 02:30:00,2.88,2.9868309840322746
2018-07-20 02:45:00,2.84,2.9868309840322746
2018-07-20 03:00:00,2.92,2.9868309840322746
2018-07-20 03:15:00,2.92,3.1340671380523677
2018-07-20 03:30:00,2.81,3.053010418540692
2018-07-20 03:45:00,2.74,3.0342722519789196
2018-07-20 04:00:00,2.77,3.061783957760689
2018-07-20 04:15:00,3.28,3.061783957760689
2018-07-20 04:30:00,4.21,2.6134242318354066
2018-07-20 04:45:00,2.81,2.9928674153895467
2018-07-20 05:00:00,2.77,3.7472840258612834
2018-07-20 05:15:00,2.77,2.6434493609624035
2018-07-20 05:30:00,2.77,3.268700995271202
2018-07-20 05:45:00,2.81,2.631746172980944
2018-07-20 06:00:00,2.81,3.054180132615175
2018-07-20 06:15:00,2.81,2.608791709311021
2018-07-20 06:30:00,2.7,2.608791709311021
2018-07-20 06:45:00,2.74,2.659158798633509
2018-07-20 07:00:00,2.7,2.659158798633509
2018-07-20 07:15:00,3.2,2.677896965195281
2018-07-20 07:30:00,3.24,2.988112714881583
2018-07-20 07:45:00,3.78,3.763120077003947
2018-07-20 08:00:00,31.57,35.56462803574138
2018-07-20 08:15:00,47.88,53.728901448187315
2018-07-20 08:30:00,51.52,50.874950788851315
2018-07-20 08:45:00,64.3,57.27019465356001
2018-07-20 09:00:00,59.44,60.75276321130755
2018-07-20 09:15:00,57.71,60.36754991505713
2018-07-20 09:30:00,52.7,51.00820407936765
2018-07-20 09:45:00,53.5,49.86355193555707
2018-07-20 10:00:00,47.12,55.61619906011773
2018-07-20 10:15:00,63.58,60.182567901076226
2018-07-20 10:30:00,54.65,57.99695260864453
2018-07-20 10:45:00,61.38,61.06209661259266
2018-07-20 11:00:00,61.7,55.415308030525075
2018-07-20 11:15:00,63.83,58.2480558984449
2018-07-20 11:30:00,60.3,57.1372839052147
2018-07-20 11:45:00,57.38,58.16666207401869
2018-07-20 12:00:00,6.88,9.322113025725844
2018-07-20 12:15:00,5.33,7.5081854818392335
2018-07-20 12:30:00,4.39,8.458352654904067
2018-07-20 12:45:00,4.28,10.752835898290064
2018-07-20 13:00:00,30.38,36.9150273633125
2018-07-20 13:15:00,61.34,69.12509381320277
2018-07-20 13:30:00,61.49,59.33181186245652
2018-07-20 13:45:00,59.33,62.913288126310995
2018-07-20 14:00:00,50.65,65.04864643768482
2018-07-20 14:15:00,54.43,57.186818056688146
2018-07-20 14:30:00,60.01,55.65962347286791
2018-07-20 14:45:00,58.0,56.11792311878113
2018-07-20 15:00:00,62.71,58.485789634138314
2018-07-20 15:15:00,64.58,57.63956774649666
2018-07-20 15:30:00,64.51,60.4636047667904
2018-07-20 15:45:00,63.94,58.36534247392316
2018-07-20 16:00:00,60.91,60.098242585599074
2018-07-20 16:15:00,68.18,59.53923413890755
2018-07-20 16:30:00,99.18,59.76534742626614
2018-07-20 16:45:00,99.04,58.431779899768685
2018-07-20 17:00:00,68.26,76.10856795055
2018-07-20 17:15:00,59.51,73.8857794686549
2018-07-20 17:30:00,31.28,34.88592800453619
2018-07-20 17:45:00,31.21,29.64721449171224
2018-07-20 18:00:00,42.01,54.50659295156964
2018-07-20 18:15:00,52.34,53.091137891776306
2018-07-20 18:30:00,43.42,44.86638937233336
2018-07-20 18:45:00,82.66,51.63959440787363
2018-07-20 19:00:00,102.35,39.33224060153809
2018-07-20 19:15:00,66.02,72.91635025269971
2018-07-20 19:30:00,82.08,88.7674446812347
2018-07-20 19:45:00,97.67,77.6715043335792
2018-07-20 20:00:00,72.86,72.31250859352498
2018-07-20 20:15:00,67.82,88.07948222960911
2018-07-20 20:30:00,44.68,83.63183675178271
2018-07-20 20:45:00,28.48,56.4499641185072
2018-07-20 21:00:00,6.19,42.212014807085346
2018-07-20 21:15:00,4.46,30.512526967476003
2018-07-20 21:30:00,3.92,3.93219568800309
2018-07-20 21:45:00,3.92,1.601206342476741
2018-07-20 22:00:00,3.96,3.1061794925047588
2018-07-20 22:15:00,3.78,3.8797156320102326
2018-07-20 22:30:00,3.6,4.119585464753492
2018-07-20 22:45:00,3.17,3.5513031726961297
2018-07-20 23:00:00,3.1,4.057968442076425
2018-07-20 23:15:00,3.1,3.230094760859926
2018-07-20 23:30:00,3.1,3.197089464305562
2018-07-20 23:45:00,3.6,3.1771711307269435
2018-07-21 00:00:00,3.13,3.132252721380506
2018-07-21 00:15:00,2.99,3.4152157843451754
2018-07-21 00:30:00,3.06,3.1852525688406015
2018-07-21 00:45:00,3.06,3.096237638360243
2018-07-21 01:00:00,3.02,3.1209916391093597
2018-07-21 01:15:00,3.02,3.0999859713779103
2018-07-21 01:30:00,2.99,3.112142790226725
2018-07-21 01:45:00,3.24,3.037987341811861
2018-07-21 02:00:00,3.24,3.037987341811861
2018-07-21 02:15:00,3.64,3.363866758893605
2018-07-21 02:30:00,3.78,3.3837850924722237
2018-07-21 02:45:00,3.35,3.3837850924722237
2018-07-21 03:00:00,3.38,3.398751425943839
2018-07-21 03:15:00,3.28,3.5185492597580357
2018-07-21 03:30:00,3.35,3.6959041100789385
2018-07-21 03:45:00,3.28,3.5185492597580357
2018-07-21 04:00:00,3.24,3.469295214112366
2018-07-21 04:15:00,3.31,3.922196580318644
2018-07-21 04:30:00,3.28,4.414046313563426
2018-07-21 04:45:00,3.28,3.4558012418802915
2018-07-21 05:00:00,3.35,3.4558012418802915
2018-07-21 05:15:00,3.24,3.4804860932689268
2018-07-21 05:30:00,3.71,3.4414485926931833
2018-07-21 05:45:00,3.64,3.4193110194414262
2018-07-21 06:00:00,3.24,3.4558012418802915
2018-07-21 06:15:00,3.31,3.33152083657499
2018-07-21 06:30:00,3.24,3.3820457371250976
2018-07-21 06:45:00,3.28,3.3450148088070644
2018-07-21 07:00:00,3.28,3.3450148088070644
2018-07-21 07:15:00,3.46,3.4714804163747526
2018-07-21 07:30:00,4.07,4.3108426408471425
2018-07-21 07:45:00,3.78,4.362653614769472
2018-07-21 08:00:00,24.23,21.881176054726183
2018-07-21 08:15:00,40.39,35.185155313050124
2018-07-21 08:30:00,32.69,26.846133678025655
2018-07-21 08:45:00,33.55,41.37059769338807
2018-07-21 09:00:00,44.42,35.614255781544394
2018-07-21 09:15:00,45.14,35.99784504233032
2018-07-21 09:30:00,43.49,43.9975594114876
2018-07-21 09:45:00,43.74,44.415664275003635
2018-07-21 10:00:00,42.12,41.01153823635328
2018-07-21 10:15:00,45.54,39.93147730052155
2018-07-21 10:30:00,44.64,40.00419917169034
2018-07-21 10:45:00,43.67,45.694937928486425
2018-07-21 11:00:00,44.93,46.05541532318193
2018-07-21 11:15:00,45.14,40.00396401523516
2018-07-21 11:30:00,32.9,41.518365335731986
2018-07-21 11:45:00,10.87,36.40743121837533
2018-07-21 12:00:00,4.25,6.45873801043793
2018-07-21 12:15:00,4.28,3.0309535270286414
2018-07-21 12:30:00,4.21,4.3649232052640725
2018-07-21 12:45:00,4.14,7.601965585465268
2018-07-21 13:00:00,11.81,21.097358726715427
2018-07-21 13:15:00,50.29,38.44258193506643
2018-07-21 13:30:00,37.73,34.263148903655406
2018-07-21 13:45:00,31.86,49.463069101580466
2018-07-21 14:00:00,37.01,38.50975171498867
2018-07-21 14:15:00,49.18,33.8874515475776
2018-07-21 14:30:00,31.14,43.91028547579923
2018-07-21 14:45:00,42.19,50.120251907552976
2018-07-21 15:00:00,44.14,35.417409399995805
2018-07-21 15:15:00,50.4,37.75198994451942
2018-07-21 15:30:00,36.65,44.431796559494835
2018-07-21 15:45:00,34.96,49.073547246206616
2018-07-21 16:00:00,51.77,38.33721112573586
2018-07-21 16:15:00,45.68,34.41767381893871
2018-07-21 16:30:00,46.01,48.93424707802215
2018-07-21 16:45:00,12.53,31.906956329289166
2018-07-21 17:00:00,4.5,27.467889651182045
2018-07-21 17:15:00,3.78,4.757954536804339
2018-07-21 17:30:00,3.46,2.541054889121739
2018-07-21 17:45:00,3.46,3.573366135996618
2018-07-21 18:00:00,3.35,7.044702643785573
2018-07-21 18:15:00,3.35,4.048819768682479
2018-07-21 18:30:00,3.42,4.00492285573358
2018-07-21 18:45:00,3.53,4.228062279998421
2018-07-21 19:00:00,3.49,3.4382126729023037
2018-07-21 19:15:00,3.49,3.2094092827486023
2018-07-21 19:30:00,2.88,3.3951129817714834
2018-07-21 19:45:00,2.95,3.710654892464166
2018-07-21 20:00:00,2.92,2.833651985531859
2018-07-21 20:15:00,2.99,3.7742459628739584
2018-07-21 20:30:00,2.92,2.9134615964856807
2018-07-21 20:45:00,2.95,3.0996721143877113
2018-07-21 21:00:00,2.95,3.046111186031082
2018-07-21 21:15:00,3.6,3.029931289662195
2018-07-21 21:30:00,3.06,2.9066853411310176
2018-07-21 21:45:00,3.1,3.232564758212762
2018-07-21 22:00:00,2.95,2.9444916908278844
2018-07-21 22:15:00,2.81,2.9757819380327577
2018-07-21 22:30:00,2.84,2.9066853411310176
2018-07-21 22:45:00,2.81,2.8609914119596533
2018-07-21 23:00:00,2.81,2.8288551824807215
2018-07-21 23:15:00,2.81,2.8288551824807215
2018-07-21 23:30:00,2.92,2.8288551824807215
2018-07-21 23:45:00,3.38,2.856701146460078
2018-07-22 00:00:00,3.13,2.778870987809782
2018-07-22 00:15:00,2.84,3.104750404891526
2018-07-22 00:30:00,2.81,2.8678859182901406
2018-07-22 00:45:00,2.92,2.778870987809782
2018-07-22 01:00:00,2.92,2.778870987809782
2018-07-22 01:15:00,2.88,2.7852054391515133
2018-07-22 01:30:00,2.84,2.8468870153250156
2018-07-22 01:45:00,2.88,2.8199949801757818
2018-07-22 02:00:00,3.28,2.8199949801757818
2018-07-22 02:15:00,3.31,2.8425967498254403
2018-07-22 02:30:00,2.99,3.1684761669071846
2018-07-22 02:45:00,2.88,3.1293025083972794
2018-07-22 03:00:00,2.88,2.8185399669354485
2018-07-22 03:15:00,2.88,2.8309460256835615
2018-07-22 03:30:00,2.81,2.8492679668290988
2018-07-22 03:45:00,2.81,2.8492679668290988
2018-07-22 04:00:00,2.84,2.8572197030525004
2018-07-22 04:15:00,2.92,2.843725730820426
2018-07-22 04:30:00,2.92,2.8072355083815608
2018-07-22 04:45:00,2.84,2.8072355083815608
2018-07-22 05:00:00,2.77,2.8072355083815608
2018-07-22 05:15:00,2.81,2.8072355083815608
2018-07-22 05:30:00,2.81,2.8663275004700846
2018-07-22 05:45:00,3.46,2.8663275004700846
2018-07-22 06:00:00,2.77,2.8072355083815608
2018-07-22 06:15:00,2.74,3.1123824813013394
2018-07-22 06:30:00,2.74,3.3979171322861137
2018-07-22 06:45:00,3.35,2.8026029858571757
2018-07-22 07:00:00,2.95,2.8026029858571757
2018-07-22 07:15:00,2.7,3.503154187410168
2018-07-22 07:30:00,2.77,2.8694426114749967
2018-07-22 07:45:00,2.66,2.449887529050183
2018-07-22 08:00:00,2.74,23.8833581850451
2018-07-22 08:15:00,2.74,21.518904525267182
2018-07-22 08:30:00,2.74,0.0
2018-07-22 08:45:00,2.81,1.958451490311312
2018-07-22 09:00:00,2.88,4.677816191689513
2018-07-22 09:15:00,2.92,4.162798077609434
2018-07-22 09:30:00,2.92,0.0
2018-07-22 09:45:00,2.84,4.026045923312484
2018-07-22 10:00:00,2.88,0.0
2018-07-22 10:15:00,2.81,0.017833422607065594
2018-07-22 10:30:00,3.28,2.635828681473156
2018-07-22 10:45:00,2.92,0.0
2018-07-22 11:00:00,2.81,0.0
2018-07-22 11:15:00,2.7,3.96009707643163
2018-07-22 11:30:00,2.7,2.9982148835571643
2018-07-22 11:45:00,2.66,3.365579867661895
2018-07-22 12:00:00,2.81,3.4067469491055964
2018-07-22 12:15:00,3.35,2.7645875775423323
2018-07-22 12:30:00,3.38,2.4237610752344327
2018-07-22 12:45:00,2.92,2.8979162319756435
2018-07-22 13:00:00,2.84,1.92568130908914
2018-07-22 13:15:00,2.84,2.3059022466069408
2018-07-22 13:30:00,2.84,3.4568680735421813
2018-07-22 13:45:00,2.88,1.9270923796896529
2018-07-22 14:00:00,2.92,0.0
2018-07-22 14:15:00,3.02,2.5302014822033634
2018-07-22 14:30:00,3.46,3.601924601795864
2018-07-22 14:45:00,3.17,0.9011437304225217
2018-07-22 15:00:00,2.92,6.712497910660417
2018-07-22 15:15:00,2.95,4.983709859711536
2018-07-22 15:30:00,2.95,0.0
2018-07-22 15:45:00,2.92,2.4101591874375723
2018-07-22 16:00:00,2.99,0.6938414663814219
2018-07-22 16:15:00,2.99,2.4370817217493776
2018-07-22 16:30:00,2.95,0.4473278989537322
2018-07-22 16:45:00,2.95,0.852168884199357
2018-07-22 17:00:00,2.92,2.9615444556763464
2018-07-22 17:15:00,2.95,2.9615444556763464
2018-07-22 17:30:00,2.99,2.9024524635878226
2018-07-22 17:45:00,3.06,2.9024524635878226
2018-07-22 18:00:00,2.95,2.31218794883469
2018-07-22 18:15:00,2.88,2.6667617975624784
2018-07-22 18:30:00,3.06,2.6302415072934893
2018-07-22 18:45:00,3.38,0.7136171837458782
2018-07-22 19:00:00,3.67,0.725473255295412
2018-07-22 19:15:00,3.53,1.8271226773938745
2018-07-22 19:30:00,3.46,6.05548537182393
2018-07-22 19:45:00,3.02,7.301395715549798
2018-07-22 20:00:00,3.06,6.812442497445536
2018-07-22 20:15:00,3.06,6.178608762200507
2018-07-22 20:30:00,3.17,4.574102791685271
2018-07-22 20:45:00,3.1,2.92886356439769
2018-07-22 21:00:00,3.06,2.980072145181182
2018-07-22 21:15:00,3.13,2.9879053059599383
2018-07-22 21:30:00,3.17,2.79675900392803
2018-07-22 21:45:00,3.17,2.8492761795209995
2018-07-22 22:00:00,3.1,2.9398457887671587
2018-07-22 22:15:00,2.95,2.8678859182901406
2018-07-22 22:30:00,3.06,2.8678859182901406
2018-07-22 22:45:00,2.95,2.847497439727579
2018-07-22 23:00:00,2.88,3.287499099378738
2018-07-22 23:15:00,2.88,2.8609914119596533
2018-07-22 23:30:00,2.92,2.8288551824807215
2018-07-22 23:45:00,2.88,2.847593349042494
2018-07-23 00:00:00,2.92,2.9171092002600294
2018-07-23 00:15:00,2.95,2.9314618494471376
2018-07-23 00:30:00,2.95,2.9314618494471376
2018-07-23 00:45:00,3.1,2.9314618494471376
2018-07-23 01:00:00,4.18,2.9314618494471376
2018-07-23 01:15:00,3.49,2.98645404971424
2018-07-23 01:30:00,2.95,4.1834743336520654
2018-07-23 01:45:00,2.95,3.263155203472863
2018-07-23 02:00:00,2.92,3.611290716388687
2018-07-23 02:15:00,2.99,2.936095619374272
2018-07-23 02:30:00,2.92,2.9013060783500038
2018-07-23 02:45:00,2.95,2.9494936822914317
2018-07-23 03:00:00,2.95,2.8808672303736347
2018-07-23 03:15:00,2.88,2.9283084983202796
2018-07-23 03:30:00,2.84,2.9283084983202796
2018-07-23 03:45:00,2.84,2.9283084983202796
2018-07-23 04:00:00,2.92,2.955820204102049
2018-07-23 04:15:00,2.92,2.955820204102049
2018-07-23 04:30:00,2.88,2.955820204102049
2018-07-23 04:45:00,2.77,2.955820204102049
2018-07-23 05:00:00,2.81,2.9923104265409144
2018-07-23 05:15:00,2.81,3.0868611182846646
2018-07-23 05:30:00,3.31,3.0058043987729888
2018-07-23 05:45:00,2.84,2.9745583706638214
2018-07-23 06:00:00,2.77,3.3352633876561897
2018-07-23 06:15:00,2.77,2.986222890776196
2018-07-23 06:30:00,2.77,2.951187681577664
2018-07-23 06:45:00,3.17,2.9699258481394364
2018-07-23 07:00:00,3.49,3.0867356397775088
2018-07-23 07:15:00,3.67,3.1785621472534653
2018-07-23 07:30:00,3.74,4.3935679029314665
2018-07-23 07:45:00,3.74,5.5775329693757545
2018-07-23 08:00:00,20.59,49.7138653062593
2018-07-23 08:15:00,48.96,64.60472596050198
2018-07-23 08:30:00,73.55,68.88308352121082
2018-07-23 08:45:00,49.28,70.77366798695013
2018-07-23 09:00:00,72.36,83.45236355068225
2018-07-23 09:15:00,56.99,74.43335699295342
2018-07-23 09:30:00,67.32,71.09611215448615
2018-07-23 09:45:00,45.4,65.85767005301095
2018-07-23 10:00:00,48.85,71.44901998730317
2018-07-23 10:15:00,54.79,72.45645730112962
2018-07-23 10:30:00,59.0,69.87450235569622
2018-07-23 10:45:00,62.78,65.78089146264958
2018-07-23 11:00:00,65.16,66.32424321225727
2018-07-23 11:15:00,60.01,57.63253438269861
2018-07-23 11:30:00,51.8,64.56356893428357
2018-07-23 11:45:00,52.81,58.59129025783571
2018-07-23 12:00:00,6.16,10.50859459355693
2018-07-23 12:15:00,5.36,4.774795849841993
2018-07-23 12:30:00,5.44,5.313790733312631
2018-07-23 12:45:00,5.33,8.423604875037228
2018-07-23 13:00:00,42.84,33.002463826369855
2018-07-23 13:15:00,66.53,51.6439619793272
2018-07-23 13:30:00,57.2,63.384560299712454
2018-07-23 13:45:00,59.94,62.14540747703786
2018-07-23 14:00:00,63.83,65.73636163617809
2018-07-23 14:15:00,61.45,63.91901726643512
2018-07-23 14:30:00,55.58,62.208480821154836
2018-07-23 14:45:00,57.82,62.33700781628706
2018-07-23 15:00:00,54.14,62.59729566861909
2018-07-23 15:15:00,74.92,64.75658396483358
2018-07-23 15:30:00,59.65,62.26491240382675
2018-07-23 15:45:00,70.7,67.83817253528412
2018-07-23 16:00:00,59.26,58.964668157162215
2018-07-23 16:15:00,55.51,71.18160566242932
2018-07-23 16:30:00,65.7,59.30641510542143
2018-07-23 16:45:00,56.48,66.06093368851566
2018-07-23 17:00:00,63.0,65.04651563112519
2018-07-23 17:15:00,83.88,57.856105823377305
2018-07-23 17:30:00,29.92,36.43936279491291
2018-07-23 17:45:00,30.85,52.45581235251318
2018-07-23 18:00:00,57.64,34.62192808725193
2018-07-23 18:15:00,103.43,65.41224641883183
2018-07-23 18:30:00,76.61,64.79200400055495
2018-07-23 18:45:00,93.38,91.62980658412287
2018-07-23 19:00:00,79.99,83.45830600946233
2018-07-23 19:15:00,99.29,84.19824011929876
2018-07-23 19:30:00,88.34,79.72734342520748
2018-07-23 19:45:00,74.3,87.25090055603192
2018-07-23 20:00:00,101.09,99.35615822743738
2018-07-23 20:15:00,67.5,69.23215874671658
2018-07-23 20:30:00,61.38,70.31933440483972
2018-07-23 20:45:00,38.27,53.42792824728927
2018-07-23 21:00:00,5.0,33.772090057005286
2018-07-23 21:15:00,4.21,18.040203808517965
2018-07-23 21:30:00,3.85,3.25121486693549
2018-07-23 21:45:00,3.89,4.311938019066605
2018-07-23 22:00:00,3.85,3.7261993647647444
2018-07-23 22:15:00,3.64,5.293840710573967
2018-07-23 22:30:00,3.49,4.113255613292024
2018-07-23 22:45:00,3.06,3.510888003145513
2018-07-23 23:00:00,2.84,3.811954488525619
2018-07-23 23:15:00,2.81,3.00354252950819
2018-07-23 23:30:00,2.77,3.0784380539561442
2018-07-23 23:45:00,2.84,2.9528238275049614
2018-07-24 00:00:00,2.81,3.2184887106308224
2018-07-24 00:15:00,3.53,2.686840431101898
2018-07-24 00:30:00,2.99,3.1863524811518906
2018-07-24 00:45:00,2.81,3.512231898233635
2018-07-24 01:00:00,2.92,3.290966958011674
2018-07-24 01:15:00,2.92,3.197852235709894
2018-07-24 01:30:00,2.88,3.2091589041151845
2018-07-24 01:45:00,2.92,3.1602384140824404
2018-07-24 02:00:00,2.99,3.1281021846035086
2018-07-24 02:15:00,3.46,3.1281021846035086
2018-07-24 02:30:00,2.92,3.1281021846035086
2018-07-24 02:45:00,2.92,3.453981601685253
2018-07-24 03:00:00,2.95,3.1496434215699662
2018-07-24 03:15:00,3.06,3.125559257879214
2018-07-24 03:30:00,3.02,3.125559257879214
2018-07-24 03:45:00,2.95,3.1617692151429995
2018-07-24 04:00:00,2.99,3.1530709636609835
2018-07-24 04:15:00,2.92,3.1530709636609835
2018-07-24 04:30:00,2.92,3.203055158331923
2018-07-24 04:45:00,2.95,3.1530709636609835
2018-07-24 05:00:00,2.95,3.1530709636609835
2018-07-24 05:15:00,3.35,3.1530709636609835
2018-07-24 05:30:00,3.35,3.171809130222756
2018-07-24 05:45:00,2.92,3.532514147215124
2018-07-24 06:00:00,2.95,3.567549356413656
2018-07-24 06:15:00,2.92,3.1834736503351304
2018-07-24 06:30:00,3.02,3.198422635807538
2018-07-24 06:45:00,2.88,3.1667603822821357
2018-07-24 07:00:00,3.46,3.3006076590673836
2018-07-24 07:15:00,3.49,3.34137771001037
2018-07-24 07:30:00,3.56,4.6698516127008265
2018-07-24 07:45:00,3.38,5.364204496597071
2018-07-24 08:00:00,34.06,33.86350686267997
2018-07-24 08:15:00,71.32,50.52800499307308
2018-07-24 08:30:00,94.61,56.27780697547276
2018-07-24 08:45:00,96.41,83.86046687459961
2018-07-24 09:00:00,82.19,86.31992430144766
2018-07-24 09:15:00,93.02,96.60073317584802
2018-07-24 09:30:00,92.52,84.58852903890559
2018-07-24 09:45:00,78.41,91.9610634277802
2018-07-24 10:00:00,97.06,70.95018996233728
2018-07-24 10:15:00,99.18,76.33916132881498
2018-07-24 10:30:00,104.94,88.12273372071937
2018-07-24 10:45:00,105.37,88.89726427282389
2018-07-24 11:00:00,102.56,84.97764700931104
2018-07-24 11:15:00,103.64,96.15855108653675
2018-07-24 11:30:00,88.06,96.27978807192326
2018-07-24 11:45:00,102.92,95.05084560994705
2018-07-24 12:00:00,7.27,9.037485131218746
2018-07-24 12:15:00,5.65,5.274067478394517
2018-07-24 12:30:00,5.51,6.9949049493032955
2018-07-24 12:45:00,5.4,4.811813212838654
2018-07-24 13:00:00,42.08,49.3362201043215
2018-07-24 13:15:00,83.56,87.53231386546803
2018-07-24 13:30:00,103.64,82.4255752686702
2018-07-24 13:45:00,94.21,85.82420270722088
2018-07-24 14:00:00,56.38,88.74067003956687
2018-07-24 14:15:00,55.8,96.17708965875316
2018-07-24 14:30:00,61.02,82.8229126246808
2018-07-24 14:45:00,66.96,72.16043030166459
2018-07-24 15:00:00,66.49,63.92043948875446
2018-07-24 15:15:00,56.74,70.91665184296718
2018-07-24 15:30:00,53.64,76.92535353098772
2018-07-24 15:45:00,58.46,62.199520630474304
2018-07-24 16:00:00,51.52,72.93259514479321
2018-07-24 16:15:00,55.84,67.2230252728535
2018-07-24 16:30:00,58.32,66.23859573275622
2018-07-24 16:45:00,55.44,65.72007671191407
2018-07-24 17:00:00,54.94,59.241395212305676
2018-07-24 17:15:00,43.63,61.220469951630214
2018-07-24 17:30:00,29.12,33.9094328264831
2018-07-24 17:45:00,30.28,33.36842604209277
2018-07-24 18:00:00,49.68,38.29376883166161
2018-07-24 18:15:00,56.16,48.23975175042558
2018-07-24 18:30:00,58.61,55.455952615421616
2018-07-24 18:45:00,54.68,54.74872813814965
2018-07-24 19:00:00,46.91,60.17568080771647
2018-07-24 19:15:00,57.89,57.72833102335009
2018-07-24 19:30:00,58.5,54.72030982645849
2018-07-24 19:45:00,46.66,58.38269458755238
2018-07-24 20:00:00,52.56,59.712304007299956
2018-07-24 20:15:00,61.27,47.51608858997547
2018-07-24 20:30:00,39.02,54.02727672383108
2018-07-24 20:45:00,29.16,39.90558248260055
2018-07-24 21:00:00,8.68,17.84857911079378
2018-07-24 21:15:00,3.92,9.143344258828922
2018-07-24 21:30:00,3.85,6.889850020651892
2018-07-24 21:45:00,3.82,4.493789893275887
2018-07-24 22:00:00,3.64,3.908947294017941
2018-07-24 22:15:00,3.56,3.881579397661451
2018-07-24 22:30:00,3.56,3.6367480535446433
2018-07-24 22:45:00,3.53,3.635372701255262
2018-07-24 23:00:00,2.95,3.5593042723614854
2018-07-24 23:15:00,2.88,3.5593042723614854
2018-07-24 23:30:00,2.88,3.233424855279741
2018-07-24 23:45:00,2.88,3.2135065217011225
2018-07-25 00:00:00,2.84,3.2135065217011225
2018-07-25 00:15:00,3.13,3.232244688262895
2018-07-25 00:30:00,3.24,3.220407792797934
2018-07-25 00:45:00,2.84,3.296058633310517
2018-07-25 01:00:00,3.13,3.5531531945105472
2018-07-25 01:15:00,3.06,3.233087714372784
2018-07-25 01:30:00,2.99,3.2312540931512923
2018-07-25 01:45:00,2.99,3.212181741846732
2018-07-25 02:00:00,3.02,3.194293725728484
2018-07-25 02:15:00,3.02,3.1808956628113245
2018-07-25 02:30:00,2.99,3.194293725728484
2018-07-25 02:45:00,2.95,3.1621574962495522
2018-07-25 03:00:00,3.17,3.1621574962495522
2018-07-25 03:15:00,3.31,3.1596145695252575
2018-07-25 03:30:00,3.24,3.271879924977583
2018-07-25 03:45:00,3.35,3.57409296227793
2018-07-25 04:00:00,3.2,3.6016046680596996
2018-07-25 04:15:00,3.17,3.6016046680596996
2018-07-25 04:30:00,3.2,3.4030532918756817
2018-07-25 04:45:00,3.13,3.8116729631765183
2018-07-25 05:00:00,3.13,3.352748781103422
2018-07-25 05:15:00,3.2,3.8304111297382906
2018-07-25 05:30:00,3.17,3.7953759205397586
2018-07-25 05:45:00,3.56,3.740147531539121
2018-07-25 06:00:00,3.78,3.775182740737653
2018-07-25 06:15:00,3.31,3.9402177367859235
2018-07-25 06:30:00,3.06,3.9402177367859235
2018-07-25 06:45:00,3.13,3.9180801635341664
2018-07-25 07:00:00,3.17,3.8470510839824716
2018-07-25 07:15:00,3.82,3.6236984445057008
2018-07-25 07:30:00,4.14,4.314972928406743
2018-07-25 07:45:00,3.82,7.035705159358736
2018-07-25 08:00:00,17.75,33.96142571546032
2018-07-25 08:15:00,49.68,67.45390484484005
2018-07-25 08:30:00,57.17,51.33240789038797
2018-07-25 08:45:00,59.9,65.83498675647972
2018-07-25 09:00:00,57.38,59.45758213882442
2018-07-25 09:15:00,59.33,59.812901406735605
2018-07-25 09:30:00,46.91,58.420997015906636
2018-07-25 09:45:00,47.74,58.47230523229131
2018-07-25 10:00:00,49.14,52.905617790471624
2018-07-25 10:15:00,48.96,54.93520867715006
2018-07-25 10:30:00,47.74,60.04236013105147
2018-07-25 10:45:00,51.26,57.85268200269463
2018-07-25 11:00:00,58.18,53.619497103993595
2018-07-25 11:15:00,46.44,58.82640788571255
2018-07-25 11:30:00,57.96,55.77182271525556
2018-07-25 11:45:00,40.43,47.767056656248734
2018-07-25 12:00:00,4.39,10.052364487887218
2018-07-25 12:15:00,5.44,9.019793290821152
2018-07-25 12:30:00,5.65,4.706955730709102
2018-07-25 12:45:00,5.58,7.031003260077689
2018-07-25 13:00:00,28.26,46.8366070461412
2018-07-25 13:15:00,49.75,49.29820070770626
2018-07-25 13:30:00,51.3,54.664453360293486
2018-07-25 13:45:00,54.9,58.10882118012266
2018-07-25 14:00:00,57.53,55.95747765160616
2018-07-25 14:15:00,60.23,55.56347427449184
2018-07-25 14:30:00,56.88,54.305867187636665
2018-07-25 14:45:00,63.4,55.623615263074846
2018-07-25 15:00:00,45.18,56.988407891528055
2018-07-25 15:15:00,52.6,61.663354521846834
2018-07-25 15:30:00,56.88,58.457604225087074
2018-07-25 15:45:00,54.18,61.7967588638155
2018-07-25 16:00:00,63.0,60.02293976098117
2018-07-25 16:15:00,81.76,58.61924880196354
2018-07-25 16:30:00,98.93,56.375567313844
2018-07-25 16:45:00,90.9,67.81577013847772
2018-07-25 17:00:00,92.56,80.05522787360931
2018-07-25 17:15:00,90.94,72.88899164035027
2018-07-25 17:30:00,29.84,48.24991208742841
2018-07-25 17:45:00,30.17,39.84876177920883
2018-07-25 18:00:00,48.78,42.73363833800131
2018-07-25 18:15:00,93.17,73.0493934065037
2018-07-25 18:30:00,103.86,72.13578823863432
2018-07-25 18:45:00,84.28,93.48713287974604
2018-07-25 19:00:00,94.64,82.73092466136131
2018-07-25 19:15:00,92.09,83.56915354223297
2018-07-25 19:30:00,79.67,95.09957023031198
2018-07-25 19:45:00,113.47,97.61796724272158
2018-07-25 20:00:00,84.28,84.61350668694386
2018-07-25 20:15:00,105.55,92.13378101356469
2018-07-25 20:30:00,69.91,81.19880308612916
2018-07-25 20:45:00,8.86,60.81537425542458
2018-07-25 21:00:00,6.16,6.484534012131878
2018-07-25 21:15:00,3.64,1.4278318042890605
2018-07-25 21:30:00,3.56,1.7891480705556706
2018-07-25 21:45:00,3.53,2.646922792188582
2018-07-25 22:00:00,3.42,3.7076155162404643
2018-07-25 22:15:00,3.31,4.3038779829169505
2018-07-25 22:30:00,3.24,4.50176987779587
2018-07-25 22:45:00,3.28,3.234907519215053
2018-07-25 23:00:00,2.66,4.302283806003281
2018-07-25 23:15:00,2.59,3.480330551369004
2018-07-25 23:30:00,2.59,3.1993695436336975
2018-07-25 23:45:00,2.74,3.2184887106308224
2018-07-26 00:00:00,2.63,2.8519451765981776
2018-07-26 00:15:00,2.66,3.2184887106308224
2018-07-26 00:30:00,2.63,2.8058834340835084
2018-07-26 00:45:00,2.63,3.1772117386859735
2018-07-26 01:00:00,2.88,3.1840777233168422
2018-07-26 01:15:00,3.2,3.1699733266822046
2018-07-26 01:30:00,3.38,3.1189614421375915
2018-07-26 01:45:00,3.28,3.1880580390393316
2018-07-26 02:00:00,3.56,3.4647591927979544
2018-07-26 02:15:00,3.82,3.4647591927979544
2018-07-26 02:30:00,3.31,3.4738999352638715
2018-07-26 02:45:00,3.17,3.622193456677444
2018-07-26 03:00:00,3.42,3.534496470446493
2018-07-26 03:15:00,3.64,3.487274780558284
2018-07-26 03:30:00,3.17,3.577097758339196
2018-07-26 03:45:00,3.2,3.999531717973426
2018-07-26 04:00:00,3.17,3.7411274290916094
2018-07-26 04:15:00,3.2,3.3186934694573784
2018-07-26 04:30:00,3.17,3.3186934694573784
2018-07-26 04:45:00,3.17,3.3186934694573784
2018-07-26 05:00:00,3.1,3.2934702572150294
2018-07-26 05:15:00,3.13,3.2934702572150294
2018-07-26 05:30:00,3.1,3.3299604796538946
2018-07-26 05:45:00,3.1,3.386249401337733
2018-07-26 06:00:00,3.13,3.855497364932857
2018-07-26 06:15:00,3.1,3.3225248867248243
2018-07-26 06:30:00,3.06,3.3106879912598637
2018-07-26 06:45:00,3.06,3.751443892039632
2018-07-26 07:00:00,3.24,3.3179257899171875
2018-07-26 07:15:00,3.2,3.535715528367246
2018-07-26 07:30:00,3.56,5.119905807292925
2018-07-26 07:45:00,5.04,4.92900613625629
2018-07-26 08:00:00,35.46,38.87290980341684
2018-07-26 08:15:00,107.17,78.12820983007565
2018-07-26 08:30:00,79.74,62.04058779339751
2018-07-26 08:45:00,102.42,100.86117949117089
2018-07-26 09:00:00,100.12,87.92203210893034
2018-07-26 09:15:00,41.9,88.81959189218014
2018-07-26 09:30:00,56.95,93.73510401372961
2018-07-26 09:45:00,37.76,54.65125271184414
2018-07-26 10:00:00,36.29,60.598959489280055
2018-07-26 10:15:00,49.61,48.698890262430815
2018-07-26 10:30:00,50.15,47.5163941447099
2018-07-26 10:45:00,47.66,59.4021001997591
2018-07-26 11:00:00,51.01,52.934843567369995
2018-07-26 11:15:00,45.58,50.774456488064395
2018-07-26 11:30:00,52.24,59.099230137550215
2018-07-26 11:45:00,49.28,49.97570962164169
2018-07-26 12:00:00,16.7,12.833724138873894
2018-07-26 12:15:00,4.9,8.90416086695502
2018-07-26 12:30:00,4.61,6.596977507672043
2018-07-26 12:45:00,5.0,4.624165507065289
2018-07-26 13:00:00,28.62,41.70042690329744
2018-07-26 13:15:00,52.67,54.783276257572155
2018-07-26 13:30:00,56.12,56.522466106979586
2018-07-26 13:45:00,55.08,65.5277900375724
2018-07-26 14:00:00,42.55,61.91540789499887
2018-07-26 14:15:00,45.14,59.595214008118425
2018-07-26 14:30:00,45.97,46.084484299906556
2018-07-26 14:45:00,51.88,53.20387567917101
2018-07-26 15:00:00,48.96,54.351253015175125
2018-07-26 15:15:00,53.64,58.873332769596885
2018-07-26 15:30:00,56.95,56.12016076028332
2018-07-26 15:45:00,59.0,57.655241831502245
2018-07-26 16:00:00,56.95,60.26045843679772
2018-07-26 16:15:00,53.64,59.916774108532856
2018-07-26 16:30:00,56.09,63.28414866909829
2018-07-26 16:45:00,46.94,58.71536430800972
2018-07-26 17:00:00,56.2,57.743545020567076
2018-07-26 17:15:00,47.27,56.46575522004461
2018-07-26 17:30:00,28.44,30.473533493645455
2018-07-26 17:45:00,28.44,26.67948963814665
2018-07-26 18:00:00,35.82,35.00864410641936
2018-07-26 18:15:00,54.9,37.033948236697576
2018-07-26 18:30:00,42.55,42.21836120690941
2018-07-26 18:45:00,60.91,52.135466531338494
2018-07-26 19:00:00,53.89,37.49698376408568
2018-07-26 19:15:00,63.61,54.766335928376854
2018-07-26 19:30:00,55.73,57.53578359381682
2018-07-26 19:45:00,45.43,59.66830350541366
2018-07-26 20:00:00,63.18,59.79675886870522
2018-07-26 20:15:00,52.6,55.763789814172455
2018-07-26 20:30:00,38.77,49.59038289118302
2018-07-26 20:45:00,7.06,33.99893195573213
2018-07-26 21:00:00,6.12,22.169026240515784
2018-07-26 21:15:00,3.78,6.340617845220991
2018-07-26 21:30:00,3.71,6.387471560531765
2018-07-26 21:45:00,3.64,3.9676766728712343
2018-07-26 22:00:00,3.71,3.571477001138667
2018-07-26 22:15:00,4.46,3.391360997468184
2018-07-26 22:30:00,3.46,3.383186418027838
2018-07-26 22:45:00,2.88,3.4707129689363443
2018-07-26 23:00:00,2.84,3.195745602084239
2018-07-26 23:15:00,2.74,2.921854664781702
2018-07-26 23:30:00,2.77,2.9989823867600607
2018-07-26 23:45:00,2.81,2.9989823867600607
2018-07-27 00:00:00,2.77,2.908867543968413
2018-07-27 00:15:00,2.81,2.876731314489481
2018-07-27 00:30:00,2.84,2.876731314489481
2018-07-27 00:45:00,2.84,2.8741448156344065
2018-07-27 01:00:00,2.84,2.88359729912035
2018-07-27 01:15:00,2.88,2.869492902485712
2018-07-27 01:30:00,2.84,2.8372191845028714
2018-07-27 01:45:00,2.88,2.8372191845028714
2018-07-27 02:00:00,2.88,2.896311176591395
2018-07-27 02:15:00,3.2,2.896311176591395
2018-07-27 02:30:00,3.06,2.918275904014547
2018-07-27 02:45:00,2.88,2.887577614842839
2018-07-27 03:00:00,2.88,2.840158215148712
2018-07-27 03:15:00,2.88,2.8937682498671005
2018-07-27 03:30:00,2.92,2.8159380912168044
2018-07-27 03:45:00,2.88,3.2566939919965727
2018-07-27 04:00:00,2.92,2.843449796998574
2018-07-27 04:15:00,3.46,2.843449796998574
2018-07-27 04:30:00,3.24,2.538695153083136
2018-07-27 04:45:00,2.81,3.2228929805527144
2018-07-27 05:00:00,2.84,3.2579281897512464
2018-07-27 05:15:00,2.84,2.878485006197106
2018-07-27 05:30:00,2.84,2.843449796998574
2018-07-27 05:45:00,2.81,2.8617717381441112
2018-07-27 06:00:00,2.77,2.8617717381441112
2018-07-27 06:15:00,3.24,2.838817274474189
2018-07-27 06:30:00,3.02,2.875307496913054
2018-07-27 06:45:00,2.81,3.135102797686278
2018-07-27 07:00:00,2.95,2.892590650234493
2018-07-27 07:15:00,4.25,2.838817274474189
2018-07-27 07:30:00,4.07,3.2576297890717276
2018-07-27 07:45:00,3.96,5.81300816998541
2018-07-27 08:00:00,28.4,31.167731973409687
2018-07-27 08:15:00,66.1,49.77267817902863
2018-07-27 08:30:00,50.4,43.90824389152252
2018-07-27 08:45:00,46.8,75.67148767664244
2018-07-27 09:00:00,66.31,59.67152181467721
2018-07-27 09:15:00,55.62,50.881872670420606
2018-07-27 09:30:00,58.79,54.42489780868004
2018-07-27 09:45:00,60.88,52.08636219412081
2018-07-27 10:00:00,52.56,49.40508033154086
2018-07-27 10:15:00,60.66,54.062633245288005
2018-07-27 10:30:00,56.95,56.366590848247284
2018-07-27 10:45:00,62.6,59.93231464646899
2018-07-27 11:00:00,45.76,56.824834097682604
2018-07-27 11:15:00,50.0,59.87866909922872
2018-07-27 11:30:00,53.14,50.26987095551877
2018-07-27 11:45:00,48.89,54.84864135771612
2018-07-27 12:00:00,4.25,6.886394715021527
2018-07-27 12:15:00,4.54,2.9943840338200776
2018-07-27 12:30:00,4.57,2.2153252769795873
2018-07-27 12:45:00,4.61,5.92369619031376
2018-07-27 13:00:00,19.55,31.43265001451626
2018-07-27 13:15:00,47.02,57.484137459223774
2018-07-27 13:30:00,53.28,48.60156377570242
2018-07-27 13:45:00,55.3,52.99876662022577
2018-07-27 14:00:00,52.02,54.43595641142736
2018-07-27 14:15:00,55.4,54.12704306735291
2018-07-27 14:30:00,51.05,54.66717417182353
2018-07-27 14:45:00,39.96,54.043698491981786
2018-07-27 15:00:00,41.15,54.09147881835018
2018-07-27 15:15:00,50.76,46.183912899820044
2018-07-27 15:30:00,54.65,43.981193981981576
2018-07-27 15:45:00,55.08,54.40982782619395
2018-07-27 16:00:00,56.34,52.29323652242049
2018-07-27 16:15:00,52.88,50.68584096213905
2018-07-27 16:30:00,48.24,51.61057564357275
2018-07-27 16:45:00,54.4,54.63753988085947
2018-07-27 17:00:00,53.21,50.01948571478023
2018-07-27 17:15:00,39.85,51.186307840488475
2018-07-27 17:30:00,25.31,25.433154495980364
2018-07-27 17:45:00,25.56,28.707619650136483
2018-07-27 18:00:00,29.52,18.808827848615596
2018-07-27 18:15:00,45.97,26.360771356164634
2018-07-27 18:30:00,52.85,37.554213596697195
2018-07-27 18:45:00,67.57,46.58082988882958
2018-07-27 19:00:00,50.87,48.57689917619019
2018-07-27 19:15:00,54.32,56.77010700753357
2018-07-27 19:30:00,55.08,47.33652272368064
2018-07-27 19:45:00,34.24,51.294159392958875
2018-07-27 20:00:00,32.87,49.760199902743295
2018-07-27 20:15:00,40.14,39.63017478769455
2018-07-27 20:30:00,48.13,37.953695413432456
2018-07-27 20:45:00,15.8,17.28819671174497
2018-07-27 21:00:00,6.77,14.00145173055982
2018-07-27 21:15:00,4.36,5.324064201057936
2018-07-27 21:30:00,3.82,5.903348923101266
2018-07-27 21:45:00,3.85,2.978388420563929
2018-07-27 22:00:00,3.78,3.8637878420060465
2018-07-27 22:15:00,3.1,3.7149871945653272
2018-07-27 22:30:00,2.92,3.408268347138957
2018-07-27 22:45:00,2.92,3.1153845461247895
2018-07-27 23:00:00,2.92,3.043732429916822
2018-07-27 23:15:00,2.84,3.006701501598789
2018-07-27 23:30:00,2.84,2.9320325614504172
2018-07-27 23:45:00,2.81,2.8998963319714854
2018-07-28 00:00:00,2.81,2.906762316602354
2018-07-28 00:15:00,2.92,2.906762316602354
2018-07-28 00:30:00,2.88,2.906450575582328
2018-07-28 00:45:00,2.92,2.8998963319714854
2018-07-28 01:00:00,2.95,2.906762316602354
2018-07-28 01:15:00,3.38,2.8926579199677165
2018-07-28 01:30:00,3.78,2.9227027549347793
2018-07-28 01:45:00,3.24,3.1675254525048477
2018-07-28 02:00:00,3.6,3.1874437860834663
2018-07-28 02:15:00,3.46,3.1874437860834663
2018-07-28 02:30:00,3.56,3.351304664172295
2018-07-28 02:45:00,3.64,3.155781532558064
2018-07-28 03:00:00,3.49,3.184241838261754
2018-07-28 03:15:00,4.0,3.2719034425970186
2018-07-28 03:30:00,3.85,3.2719034425970186
2018-07-28 03:45:00,3.46,3.535976821356613
2018-07-28 04:00:00,3.42,3.3606119820142846
2018-07-28 04:15:00,3.49,3.7818839332897167
2018-07-28 04:30:00,3.46,3.3039620201748234
2018-07-28 04:45:00,3.42,3.248192925295018
2018-07-28 05:00:00,3.35,3.248192925295018
2018-07-28 05:15:00,3.28,3.2503098321258497
2018-07-28 05:30:00,3.24,3.311991408299352
2018-07-28 05:45:00,3.31,3.311991408299352
2018-07-28 06:00:00,3.2,3.2984974360672776
2018-07-28 06:15:00,3.28,3.206449169555823
2018-07-28 06:30:00,3.2,3.040181057673152
2018-07-28 06:45:00,3.2,3.1877110029940505
2018-07-28 07:00:00,3.2,3.040181057673152
2018-07-28 07:15:00,4.79,3.2444768238911363
2018-07-28 07:30:00,6.73,3.321497719871417
2018-07-28 07:45:00,6.12,4.419913607478426
2018-07-28 08:00:00,18.72,33.05862155290894
2018-07-28 08:15:00,42.44,30.35691540228563
2018-07-28 08:30:00,51.19,25.356781554363117
2018-07-28 08:45:00,35.75,40.03887836116163
2018-07-28 09:00:00,35.78,48.78823679013455
2018-07-28 09:15:00,36.83,35.29250880508225
2018-07-28 09:30:00,49.21,36.94389551973821
2018-07-28 09:45:00,47.23,41.59652683070421
2018-07-28 10:00:00,46.4,45.84083914169157
2018-07-28 10:15:00,39.38,47.45493575646299
2018-07-28 10:30:00,40.32,45.35349446140259
2018-07-28 10:45:00,56.38,42.63899084473973
2018-07-28 11:00:00,67.61,36.471251591022586
2018-07-28 11:15:00,45.86,45.52589986876799
2018-07-28 11:30:00,57.89,56.44440509929154
2018-07-28 11:45:00,27.68,32.94606910683704
2018-07-28 12:00:00,4.54,0.7086415853422429
2018-07-28 12:15:00,4.68,4.612647336183899
2018-07-28 12:30:00,4.5,3.2221928090004437
2018-07-28 12:45:00,4.39,5.981471815022224
2018-07-28 13:00:00,35.93,24.58981382568712
2018-07-28 13:15:00,47.27,52.01797738085073
2018-07-28 13:30:00,46.01,46.66332227789991
2018-07-28 13:45:00,45.29,45.246636233107715
2018-07-28 14:00:00,71.53,43.09907750628449
2018-07-28 14:15:00,44.89,46.7553927869554
2018-07-28 14:30:00,63.9,60.99111294770612
2018-07-28 14:45:00,49.9,52.26991050807529
2018-07-28 15:00:00,44.53,46.246447695373476
2018-07-28 15:15:00,41.65,49.08685251927963
2018-07-28 15:30:00,44.57,45.34143491911908
2018-07-28 15:45:00,50.94,39.47606752514005
2018-07-28 16:00:00,50.58,45.97847272038014
2018-07-28 16:15:00,48.92,47.93421065234492
2018-07-28 16:30:00,33.98,47.853361941784385
2018-07-28 16:45:00,22.82,35.101794930277855
2018-07-28 17:00:00,11.23,22.431261450034274
2018-07-28 17:15:00,3.49,6.5843843381660125
2018-07-28 17:30:00,3.42,6.857502875122566
2018-07-28 17:45:00,3.53,3.771208572297134
2018-07-28 18:00:00,3.35,3.7200900987939995
2018-07-28 18:15:00,3.35,3.7925142219381365
2018-07-28 18:30:00,4.1,4.00492285573358
2018-07-28 18:45:00,4.14,3.3941442397455224
2018-07-28 19:00:00,2.84,3.9464731450910198
2018-07-28 19:15:00,2.95,3.733707750848286
2018-07-28 19:30:00,2.92,3.0492002785624868
2018-07-28 19:45:00,2.84,3.2176499220012675
2018-07-28 20:00:00,2.88,3.032287180741209
2018-07-28 20:15:00,2.92,2.971767408872496
2018-07-28 20:30:00,2.88,2.8767374380975044
2018-07-28 20:45:00,2.84,3.0485372772203974
2018-07-28 21:00:00,2.92,3.0485372772203974
2018-07-28 21:15:00,2.81,2.9998864546951323
2018-07-28 21:30:00,2.81,2.9066853411310176
2018-07-28 21:45:00,2.88,2.9066853411310176
2018-07-28 22:00:00,2.7,2.9066853411310176
2018-07-28 22:15:00,2.63,2.8288551824807215
2018-07-28 22:30:00,2.74,2.8288551824807215
2018-07-28 22:45:00,3.13,2.9099119019923974
2018-07-28 23:00:00,2.88,2.9099119019923974
2018-07-28 23:15:00,2.59,2.847967584711522
2018-07-28 23:30:00,2.59,2.773860907738247
2018-07-28 23:45:00,2.66,2.773860907738247
2018-07-29 00:00:00,2.66,2.773860907738247
2018-07-29 00:15:00,2.66,2.7971929289553192
2018-07-29 00:30:00,2.63,2.778870987809782
2018-07-29 00:45:00,3.06,2.773860907738247
2018-07-29 01:00:00,3.13,2.773860907738247
2018-07-29 01:15:00,2.7,2.7963826937836296
2018-07-29 01:30:00,2.66,2.9066832666556452
2018-07-29 01:45:00,2.74,2.7784946776653814
2018-07-29 02:00:00,2.7,2.837586669753905
2018-07-29 02:15:00,2.66,2.7835047577369165
2018-07-29 02:30:00,2.66,2.8609186909709776
2018-07-29 02:45:00,2.66,2.837586669753905
2018-07-29 03:00:00,2.7,2.8149849001042466
2018-07-29 03:15:00,2.74,2.88502793770055
2018-07-29 03:30:00,2.74,2.88502793770055
2018-07-29 03:45:00,2.66,2.8259359456120263
2018-07-29 04:00:00,3.02,2.8022254283100256
2018-07-29 04:15:00,3.06,2.8022254283100256
2018-07-29 04:30:00,2.7,2.8022254283100256
2018-07-29 04:45:00,2.7,2.820113444428274
2018-07-29 05:00:00,2.74,2.838715650748891
2018-07-29 05:15:00,2.66,2.838715650748891
2018-07-29 05:30:00,2.7,2.8072355083815608
2018-07-29 05:45:00,2.7,2.8072355083815608
2018-07-29 06:00:00,2.66,2.7834872617482533
2018-07-29 06:15:00,2.66,2.7975929057856406
2018-07-29 06:30:00,2.88,2.7788547392238683
2018-07-29 06:45:00,3.28,2.7788547392238683
2018-07-29 07:00:00,2.95,2.7788547392238683
2018-07-29 07:15:00,2.66,3.1164801986473885
2018-07-29 07:30:00,2.81,3.331123538952589
2018-07-29 07:45:00,3.17,2.809203951732372
2018-07-29 08:00:00,19.73,10.178053485997232
2018-07-29 08:15:00,34.7,17.247106225368917
2018-07-29 08:30:00,32.54,24.883673641159298
2018-07-29 08:45:00,35.39,37.77306602675906
2018-07-29 09:00:00,35.89,35.74185528859645
2018-07-29 09:15:00,32.51,36.09980236255154
2018-07-29 09:30:00,35.28,36.27776603842045
2018-07-29 09:45:00,32.47,35.714105404300035
2018-07-29 10:00:00,31.86,35.0190795620545
2018-07-29 10:15:00,35.14,36.64498498293871
2018-07-29 10:30:00,32.15,36.28457341013002
2018-07-29 10:45:00,35.39,35.945686610332935
2018-07-29 11:00:00,32.69,35.34629487756961
2018-07-29 11:15:00,34.99,33.45393324652814
2018-07-29 11:30:00,34.16,34.59463332320486
2018-07-29 11:45:00,11.09,17.515386478295916
2018-07-29 12:00:00,3.42,10.28055946745789
2018-07-29 12:15:00,3.53,5.732633307052272
2018-07-29 12:30:00,3.49,5.4678243444458206
2018-07-29 12:45:00,3.56,8.397767242119125
2018-07-29 13:00:00,12.02,16.197289578162927
2018-07-29 13:15:00,33.98,26.238458387865457
2018-07-29 13:30:00,32.62,28.90624126443642
2018-07-29 13:45:00,33.55,35.359205161628516
2018-07-29 14:00:00,35.42,36.297139473993404
2018-07-29 14:15:00,34.63,34.887863813985085
2018-07-29 14:30:00,32.72,34.60475433770267
2018-07-29 14:45:00,33.3,34.251190127997255
2018-07-29 15:00:00,28.73,34.31513747941174
2018-07-29 15:15:00,34.92,34.61805460882017
2018-07-29 15:30:00,33.8,29.979459646277853
2018-07-29 15:45:00,34.02,35.48859840466027
2018-07-29 16:00:00,35.06,32.90822609272917
2018-07-29 16:15:00,32.54,33.249799726654516
2018-07-29 16:30:00,32.72,28.09334961737921
2018-07-29 16:45:00,5.47,16.467015108473095
2018-07-29 17:00:00,3.35,10.464385392501564
2018-07-29 17:15:00,3.02,2.1575883261117306
2018-07-29 17:30:00,2.99,3.414196305726922
2018-07-29 17:45:00,3.02,3.1924311020787037
2018-07-29 18:00:00,2.81,3.1402599633663755
2018-07-29 18:15:00,2.81,3.204514945587978
2018-07-29 18:30:00,2.95,3.2636069376765016
2018-07-29 18:45:00,3.53,3.156801768049198
2018-07-29 19:00:00,3.42,3.662911645579497
2018-07-29 19:15:00,2.92,3.526741432987143
2018-07-29 19:30:00,2.92,3.5466597665657615
2018-07-29 19:45:00,2.95,3.030420966665749
2018-07-29 20:00:00,3.02,2.9506319107865817
2018-07-29 20:15:00,2.95,2.9357340471489106
2018-07-29 20:30:00,3.06,2.960581292407949
2018-07-29 20:45:00,3.02,2.968281027380786
2018-07-29 21:00:00,3.02,2.986169043499034
2018-07-29 21:15:00,3.1,2.871044411500223
2018-07-29 21:30:00,3.64,2.801008561061539
2018-07-29 21:45:00,3.02,2.847967584711522
2018-07-29 22:00:00,2.99,3.1268879781432832
2018-07-29 22:15:00,2.77,2.7987893213884005
2018-07-29 22:30:00,2.63,2.778870987809782
2018-07-29 22:45:00,2.66,2.778870987809782
2018-07-29 23:00:00,2.66,2.8609914119596533
2018-07-29 23:15:00,3.17,2.8288551824807215
2018-07-29 23:30:00,3.24,2.778870987809782
2018-07-29 23:45:00,2.74,2.847967584711522
2018-07-30 00:00:00,2.66,3.2357592975971
2018-07-30 00:15:00,2.66,2.932017453767113
2018-07-30 00:30:00,2.74,2.8899615469367372
2018-07-30 00:45:00,2.7,2.9635980789260694
2018-07-30 01:00:00,2.7,2.9408015198933692
2018-07-30 01:15:00,2.81,2.8979947235538566
2018-07-30 01:30:00,2.74,2.912347372740965
2018-07-30 01:45:00,2.77,2.921710682578657
2018-07-30 02:00:00,2.77,2.8979947235538566
2018-07-30 02:15:00,2.95,2.8758571503020995
2018-07-30 02:30:00,3.35,2.8758571503020995
2018-07-30 02:45:00,2.88,2.8808672303736347
2018-07-30 03:00:00,2.77,3.2150799974676203
2018-07-30 03:15:00,2.7,2.9633437075188116
2018-07-30 03:30:00,2.77,2.964798720759145
2018-07-30 03:45:00,2.77,2.964798720759145
2018-07-30 04:00:00,2.7,2.9741421452475865
2018-07-30 04:15:00,2.74,2.955820204102049
2018-07-30 04:30:00,2.81,2.955820204102049
2018-07-30 04:45:00,2.74,2.950810124030514
2018-07-30 05:00:00,2.74,2.955820204102049
2018-07-30 05:15:00,2.66,2.955820204102049
2018-07-30 05:30:00,3.13,2.950810124030514
2018-07-30 05:45:00,2.88,2.950810124030514
2018-07-30 06:00:00,2.7,3.068085559554375
2018-07-30 06:15:00,2.74,2.946177601506129
2018-07-30 06:30:00,2.7,2.946177601506129
2018-07-30 06:45:00,2.66,3.010769300344459
2018-07-30 07:00:00,2.63,3.084618732946677
2018-07-30 07:15:00,3.06,3.0662967918011397
2018-07-30 07:30:00,3.78,3.4022690676768472
2018-07-30 07:45:00,3.56,4.093827407679915
2018-07-30 08:00:00,27.32,25.581735529066563
2018-07-30 08:15:00,62.68,53.704465882232924
2018-07-30 08:30:00,56.16,53.79267707081474
2018-07-30 08:45:00,58.68,66.36333793546764
2018-07-30 09:00:00,58.72,64.30376581784049
2018-07-30 09:15:00,57.2,62.98761644729998
2018-07-30 09:30:00,62.21,59.41196748578822
2018-07-30 09:45:00,59.94,59.882473707240365
2018-07-30 10:00:00,47.84,58.2034529710477
2018-07-30 10:15:00,50.76,63.94139000805934
2018-07-30 10:30:00,48.28,61.816736674789276
2018-07-30 10:45:00,54.14,64.5009445794945
2018-07-30 11:00:00,44.28,62.55310366138881
2018-07-30 11:15:00,56.99,62.29863037379044
2018-07-30 11:30:00,44.39,51.767505487622046
2018-07-30 11:45:00,34.02,51.7628102878605
2018-07-30 12:00:00,5.04,7.285315000640694
2018-07-30 12:15:00,7.09,7.860941782709798
2018-07-30 12:30:00,6.01,5.338481613697338
2018-07-30 12:45:00,5.9,10.302960635346668
2018-07-30 13:00:00,18.83,40.833330159875395
2018-07-30 13:15:00,60.41,49.50451776033632
2018-07-30 13:30:00,66.85,54.5319170547669
2018-07-30 13:45:00,53.06,57.135121289093874
2018-07-30 14:00:00,48.64,62.725267907436894
2018-07-30 14:15:00,50.36,66.78414587309958
2018-07-30 14:30:00,59.15,63.88593471596079
2018-07-30 14:45:00,76.14,65.40950291638524
2018-07-30 15:00:00,74.81,66.38037996221212
2018-07-30 15:15:00,74.74,70.01709072441707
2018-07-30 15:30:00,83.77,76.38126102424651
2018-07-30 15:45:00,106.52,76.64908859692991
2018-07-30 16:00:00,85.64,76.93662536079223
2018-07-30 16:15:00,83.74,84.69691739317088
2018-07-30 16:30:00,75.67,74.18340704717748
2018-07-30 16:45:00,92.12,58.10439303997395
2018-07-30 17:00:00,74.99,64.35934689502344
2018-07-30 17:15:00,62.14,75.44675483208373
2018-07-30 17:30:00,41.18,37.61257272147067
2018-07-30 17:45:00,31.75,32.67772506923926
2018-07-30 18:00:00,51.95,66.53380390618803
2018-07-30 18:15:00,54.83,62.39877844274803
2018-07-30 18:30:00,73.08,65.28216605527791
2018-07-30 18:45:00,75.35,60.97381028875614
2018-07-30 19:00:00,60.55,78.15087782867364
2018-07-30 19:15:00,72.29,74.15359415368088
2018-07-30 19:30:00,86.08,71.07141169076277
2018-07-30 19:45:00,57.85,76.61907023466415
2018-07-30 20:00:00,81.43,80.02647717436047
2018-07-30 20:15:00,85.75,71.14780635492035
2018-07-30 20:30:00,51.23,65.91069243187167
2018-07-30 20:45:00,23.76,56.001096832870005
2018-07-30 21:00:00,3.85,19.43292798607796
2018-07-30 21:15:00,4.07,2.8177390277000534
2018-07-30 21:30:00,3.2,2.1275027118984617
2018-07-30 21:45:00,3.13,5.24500540557441
2018-07-30 22:00:00,2.99,2.947607587324566
2018-07-30 22:15:00,2.84,3.7442585398668102
2018-07-30 22:30:00,2.84,3.6988203620357236
2018-07-30 22:45:00,2.81,3.157000042996104
2018-07-30 23:00:00,2.81,2.9528238275049614
2018-07-30 23:15:00,2.74,3.174362857268495
2018-07-30 23:30:00,2.7,3.1609647943513357
2018-07-30 23:45:00,2.63,2.9206875980260296
2018-07-31 00:00:00,2.95,3.1863524811518906
2018-07-31 00:15:00,3.28,3.1863524811518906
2018-07-31 00:30:00,3.42,3.1863524811518906
2018-07-31 00:45:00,3.02,3.503091155767718
2018-07-31 01:00:00,2.84,3.529875473977205
2018-07-31 01:15:00,2.81,3.13887977571621
2018-07-31 01:30:00,2.88,3.2091589041151845
2018-07-31 01:45:00,2.95,3.146744441850366
2018-07-31 02:00:00,2.88,3.146744441850366
2018-07-31 02:15:00,2.84,3.078117989932569
2018-07-31 02:30:00,3.56,3.0968561564943413
2018-07-31 02:45:00,3.13,3.078117989932569
2018-07-31 03:00:00,2.95,3.41734083709809
2018-07-31 03:15:00,2.99,3.2728598225300716
2018-07-31 03:30:00,2.95,3.125559257879214
2018-07-31 03:45:00,2.92,3.125559257879214
2018-07-31 04:00:00,3.17,3.171392904806521
2018-07-31 04:15:00,3.28,3.1735098116373526
2018-07-31 04:30:00,3.17,3.3153205137842487
2018-07-31 04:45:00,3.13,3.6175335510845956
2018-07-31 05:00:00,3.02,3.322509101563598
2018-07-31 05:15:00,3.56,3.300371528311841
2018-07-31 05:30:00,3.28,3.171392904806521
2018-07-31 05:45:00,3.06,3.5508360883606613
2018-07-31 06:00:00,3.06,3.587988204390025
2018-07-31 06:15:00,3.17,3.219683607598916
2018-07-31 06:30:00,3.06,3.1663264572548466
2018-07-31 06:45:00,3.06,3.3428242207387955
2018-07-31 07:00:00,3.17,3.3850972285946512
2018-07-31 07:15:00,3.42,3.281435567478322
2018-07-31 07:30:00,5.08,4.054828998300088
2018-07-31 07:45:00,27.25,5.640464156635088
2018-07-31 08:00:00,58.36,38.19567353484441
2018-07-31 08:15:00,80.1,67.83822171872166
2018-07-31 08:30:00,90.61,73.25066540419208
2018-07-31 08:45:00,64.84,89.71131632476605
2018-07-31 09:00:00,78.41,76.89923319791039
2018-07-31 09:15:00,55.94,72.58656933039369
2018-07-31 09:30:00,67.54,66.24345664151204
2018-07-31 09:45:00,78.84,67.16805098936112
2018-07-31 10:00:00,53.24,64.64287698622817
2018-07-31 10:15:00,63.86,71.96592209416076
2018-07-31 10:30:00,66.1,65.9723996014592
2018-07-31 10:45:00,60.23,62.484283680373146
2018-07-31 11:00:00,81.79,64.15633259493012
2018-07-31 11:15:00,84.85,62.604029658426725
2018-07-31 11:30:00,83.52,65.42182960350252
2018-07-31 11:45:00,58.1,73.1389894369222
2018-07-31 12:00:00,6.01,10.652891232378467
2018-07-31 12:15:00,6.23,6.508920656415178
2018-07-31 12:30:00,6.23,5.069696464311312
2018-07-31 12:45:00,6.19,5.902496728829793
2018-07-31 13:00:00,58.32,51.4601733944447
2018-07-31 13:15:00,115.56,59.46215328631783
2018-07-31 13:30:00,57.67,80.62233339291737
2018-07-31 13:45:00,38.2,97.11911001858442
2018-07-31 14:00:00,42.41,63.64283188478874
2018-07-31 14:15:00,52.2,53.966135829408586
2018-07-31 14:30:00,48.17,57.130164702441874
2018-07-31 14:45:00,49.79,65.23152883281838
2018-07-31 15:00:00,50.62,55.031431486203395
2018-07-31 15:15:00,44.57,57.11797205655996
2018-07-31 15:30:00,41.36,50.10498887649862
2018-07-31 15:45:00,37.8,49.39190725168703
2018-07-31 16:00:00,31.72,45.91035410351296
2018-07-31 16:15:00,28.98,47.01733054799318
2018-07-31 16:30:00,28.48,38.57813039196139
2018-07-31 16:45:00,11.38,31.434867436664796
2018-07-31 17:00:00,10.8,31.541749468311323
2018-07-31 17:15:00,4.21,10.998757570573941
2018-07-31 17:30:00,3.42,13.253865557898354
2018-07-31 17:45:00,4.57,3.334877006015995
2018-07-31 18:00:00,3.78,4.958957840079602
2018-07-31 18:15:00,3.42,6.869366746179086
2018-07-31 18:30:00,3.38,5.107918162044828
2018-07-31 18:45:00,3.1,4.801804339289869
2018-07-31 19:00:00,2.88,4.542664607480339
2018-07-31 19:15:00,2.88,3.1824794898137134
2018-07-31 19:30:00,2.92,3.455135376203448
2018-07-31 19:45:00,2.99,1.6939569603588687
2018-07-31 20:00:00,2.92,1.7546191963792033
2018-07-31 20:15:00,2.95,2.8002026409997476
2018-07-31 20:30:00,2.95,2.578654007211203
2018-07-31 20:45:00,2.95,3.6588900365190713
2018-07-31 21:00:00,2.99,3.0210401799618025
2018-07-31 21:15:00,3.06,2.9528722912974907
2018-07-31 21:30:00,3.02,3.0013353395935227
2018-07-31 21:45:00,3.06,2.938166636200095
2018-07-31 22:00:00,2.88,3.000026744784045
2018-07-31 22:15:00,2.81,2.9368580413906176
2018-07-31 22:30:00,2.88,2.9189700252723694
2018-07-31 22:45:00,3.24,2.9189700252723694
2018-07-31 23:00:00,3.31,2.905476053040295
2018-07-31 23:15:00,2.77,3.194865247683174
2018-07-31 23:30:00,2.77,3.2147835812617926
2018-07-31 23:45:00,2.84,2.8889041641800484
2018-08-01 00:00:00,3.2,2.8152073535149857
2018-08-01 00:15:00,2.66,2.8380109225321046
2018-08-01 00:30:00,2.63,3.1569096774583363
2018-08-01 00:45:00,2.66,2.8152073535149857
2018-08-01 01:00:00,2.63,2.8152073535149857
2018-08-01 01:15:00,2.7,2.8161713848054433
2018-08-01 01:30:00,2.7,2.8841403991136665
2018-08-01 01:45:00,2.66,2.8282217334517816
2018-08-01 02:00:00,2.74,2.8282217334517816
2018-08-01 02:15:00,2.66,2.6571969487599323
2018-08-01 02:30:00,2.7,2.7112363418937675
2018-08-01 02:45:00,2.66,2.6571969487599323
2018-08-01 03:00:00,2.7,2.8282217334517816
2018-08-01 03:15:00,2.74,2.8943482879835574
2018-08-01 03:30:00,2.81,2.798078220905036
2018-08-01 03:45:00,2.7,2.8313234497165047
2018-08-01 04:00:00,3.24,2.805751539251891
2018-08-01 04:15:00,2.77,2.958929079232038
2018-08-01 04:30:00,3.2,3.270850188720119
2018-08-01 04:45:00,2.99,2.8389257068884204
2018-08-01 05:00:00,2.66,3.0784999460844853
2018-08-01 05:15:00,2.7,2.934545649999054
2018-08-01 05:30:00,2.66,2.960274442771078
2018-08-01 05:45:00,2.7,2.883134126968264
2018-08-01 06:00:00,2.7,2.9781216874827803
2018-08-01 06:15:00,2.66,2.8869970612679654
2018-08-01 06:30:00,2.66,2.8389257068884204
2018-08-01 06:45:00,2.7,2.8389257068884204
2018-08-01 07:00:00,2.66,2.8389257068884204
2018-08-01 07:15:00,2.74,2.910108080665303
2018-08-01 07:30:00,2.7,3.886031198728871
2018-08-01 07:45:00,2.66,4.185713102434849
2018-08-01 08:00:00,2.63,16.599053481476552
2018-08-01 08:15:00,2.56,22.211515075504266
2018-08-01 08:30:00,3.02,2.073542533618161
2018-08-01 08:45:00,3.06,1.0579524816088866
2018-08-01 09:00:00,2.77,0.0
2018-08-01 09:15:00,2.7,0.6055018940854019
2018-08-01 09:30:00,2.74,0.0
2018-08-01 09:45:00,2.74,0.0
2018-08-01 10:00:00,3.2,0.229232251732218
2018-08-01 10:15:00,3.17,0.0
2018-08-01 10:30:00,2.81,0.8154011010452453
2018-08-01 10:45:00,2.77,0.0
2018-08-01 11:00:00,2.59,0.0
2018-08-01 11:15:00,2.56,0.0
2018-08-01 11:30:00,2.59,2.020303680048172
2018-08-01 11:45:00,2.77,3.344750387602567
2018-08-01 12:00:00,2.77,3.413468188536208
2018-08-01 12:15:00,2.81,2.3044299012703005
2018-08-01 12:30:00,2.84,2.716656645787717
2018-08-01 12:45:00,2.84,3.307143722660473
2018-08-01 13:00:00,2.74,6.160443379299235
2018-08-01 13:15:00,2.74,9.459985754179648
2018-08-01 13:30:00,2.74,0.0
2018-08-01 13:45:00,2.74,0.6198001900014806
2018-08-01 14:00:00,3.31,0.38077098921141667
2018-08-01 14:15:00,2.66,0.6005364747265601
2018-08-01 14:30:00,2.66,1.8214947672926842
2018-08-01 14:45:00,2.74,1.478561565486653
2018-08-01 15:00:00,2.7,0.0
2018-08-01 15:15:00,2.7,0.35764094939172325
2018-08-01 15:30:00,2.77,0.7363396338224427
2018-08-01 15:45:00,2.74,0.34430750841672514
2018-08-01 16:00:00,2.84,2.5291719306977405
2018-08-01 16:15:00,3.28,5.262580124782478
2018-08-01 16:30:00,2.84,4.376029790928698
2018-08-01 16:45:00,2.7,8.920395235708963
2018-08-01 17:00:00,2.7,8.957941967828972
2018-08-01 17:15:00,2.66,6.323792167710413
2018-08-01 17:30:00,2.77,2.7666729404698494
2018-08-01 17:45:00,2.77,3.660027324919964
2018-08-01 18:00:00,2.66,3.3827909255985382
2018-08-01 18:15:00,2.63,6.602322999081472
2018-08-01 18:30:00,3.02,4.647839811607383
2018-08-01 18:45:00,3.35,7.218343826765961
2018-08-01 19:00:00,2.84,8.725477207835045
2018-08-01 19:15:00,2.84,8.659441118568658
2018-08-01 19:30:00,2.74,6.901065028062821
2018-08-01 19:45:00,2.81,6.013189208481248
2018-08-01 20:00:00,2.88,6.576594477474922
2018-08-01 20:15:00,2.84,7.499895479190322
2018-08-01 20:30:00,2.92,5.673000175904084
2018-08-01 20:45:00,2.84,2.9653471134350626
2018-08-01 21:00:00,2.88,2.9526527434503853
2018-08-01 21:15:00,2.92,2.7778805911145286
2018-08-01 21:30:00,2.88,2.7778805911145286
2018-08-01 21:45:00,2.95,2.774017656814827
2018-08-01 22:00:00,3.06,2.774017656814827
2018-08-01 22:15:00,3.24,2.7778805911145286
2018-08-01 22:30:00,2.74,2.7935130167142406
2018-08-01 22:45:00,2.66,3.278242133662344
2018-08-01 23:00:00,2.74,2.856303413481348
2018-08-01 23:15:00,2.66,2.8073712091880503
2018-08-01 23:30:00,2.59,2.8145753600885572
2018-08-01 23:45:00,2.63,2.802691560451581
2018-08-02 00:00:00,2.66,2.6417595494447395
2018-08-02 00:15:00,2.63,2.794243181087504
2018-08-02 00:30:00,2.66,2.794243181087504
2018-08-02 00:45:00,2.7,2.794243181087504
2018-08-02 01:00:00,3.13,2.794243181087504
2018-08-02 01:15:00,2.88,2.8374197557811884
2018-08-02 01:30:00,2.7,2.896675464823121
2018-08-02 01:45:00,2.7,2.8374197557811884
2018-08-02 02:00:00,2.7,2.8374197557811884
2018-08-02 02:15:00,2.74,2.8432882743161763
2018-08-02 02:30:00,2.74,2.8933384214430733
2018-08-02 02:45:00,2.7,2.7207381618779984
2018-08-02 03:00:00,2.77,2.759690841751752
2018-08-02 03:15:00,2.7,2.784236846306729
2018-08-02 03:30:00,2.77,2.7426562963299306
2018-08-02 03:45:00,2.77,2.817482075118198
2018-08-02 04:00:00,2.77,2.84881763755521
2018-08-02 04:15:00,3.17,2.866664882266912
2018-08-02 04:30:00,3.2,2.8277122023931587
2018-08-02 04:45:00,2.74,2.8943258029827486
2018-08-02 05:00:00,2.77,3.0646585714861785
2018-08-02 05:15:00,3.24,2.9054411164225953
2018-08-02 05:30:00,2.7,2.9054411164225953
2018-08-02 05:45:00,2.66,3.313043694762575
2018-08-02 06:00:00,2.7,2.922699762907675
2018-08-02 06:15:00,2.66,2.8250843322901136
2018-08-02 06:30:00,2.7,2.83157513669286
2018-08-02 06:45:00,2.7,2.9265626972073764
2018-08-02 07:00:00,2.59,2.866664882266912
2018-08-02 07:15:00,2.63,2.866664882266912
2018-08-02 07:30:00,2.7,3.8122819124617413
2018-08-02 07:45:00,2.63,3.5682378882653647
2018-08-02 08:00:00,2.59,12.619921064063787
2018-08-02 08:15:00,2.63,31.821209940107806
2018-08-02 08:30:00,2.59,12.847747144791363
2018-08-02 08:45:00,2.77,4.324284056813742
2018-08-02 09:00:00,2.77,2.971472163947877
2018-08-02 09:15:00,2.74,3.9579709251205273
2018-08-02 09:30:00,2.7,1.7684504076715433
2018-08-02 09:45:00,2.77,4.8525381236514376
2018-08-02 10:00:00,2.81,4.681528805826145
2018-08-02 10:15:00,3.74,2.400630346992358
2018-08-02 10:30:00,3.64,1.4276262190449316
2018-08-02 10:45:00,2.74,12.499012906969874
2018-08-02 11:00:00,2.63,3.6053147516020707
2018-08-02 11:15:00,2.59,0.18403698751630215
2018-08-02 11:30:00,2.59,0.2291934986422705
2018-08-02 11:45:00,2.59,2.8689048291388115
2018-08-02 12:00:00,2.77,3.5677173260904222
2018-08-02 12:15:00,2.81,2.240909131692476
2018-08-02 12:30:00,2.88,2.648775878055575
2018-08-02 12:45:00,2.88,2.8245593466315846
2018-08-02 13:00:00,2.81,5.25506960681473
2018-08-02 13:15:00,2.81,6.338898960420827
2018-08-02 13:30:00,2.92,0.05487199617574754
2018-08-02 13:45:00,2.95,0.5606143807119714
2018-08-02 14:00:00,2.95,2.877892793282765
2018-08-02 14:15:00,2.95,0.19438984733183062
2018-08-02 14:30:00,2.88,0.4946096723474464
2018-08-02 14:45:00,2.95,0.36831495063802605
2018-08-02 15:00:00,2.95,0.0
2018-08-02 15:15:00,2.88,0.046720800517806825
2018-08-02 15:30:00,3.1,0.0
2018-08-02 15:45:00,3.24,0.6545440420642973
2018-08-02 16:00:00,2.92,0.009279774310506117
2018-08-02 16:15:00,3.02,3.2805111158159295
2018-08-02 16:30:00,2.99,1.7132476495008784
2018-08-02 16:45:00,3.49,1.0545536029270446
2018-08-02 17:00:00,2.92,3.019952461719735
2018-08-02 17:15:00,2.92,4.414853703133821
2018-08-02 17:30:00,2.95,2.917236746388025
2018-08-02 17:45:00,2.95,2.935014096312648
2018-08-02 18:00:00,2.81,4.202372795701635
2018-08-02 18:15:00,2.88,5.317699595245988
2018-08-02 18:30:00,2.92,4.568420068169717
2018-08-02 18:45:00,2.95,4.011477200914469
2018-08-02 19:00:00,2.95,3.654985522012033
2018-08-02 19:15:00,2.95,4.374804513012063
2018-08-02 19:30:00,2.95,1.9157423968983938
2018-08-02 19:45:00,3.42,1.6507132824097788
2018-08-02 20:00:00,3.28,4.940435709267237
2018-08-02 20:15:00,2.95,4.016809903464919
2018-08-02 20:30:00,2.99,4.429286641086229
2018-08-02 20:45:00,3.06,2.9440087092875395
2018-08-02 21:00:00,3.06,3.0467570626188154
2018-08-02 21:15:00,3.02,2.8571028133238214
2018-08-02 21:30:00,3.42,2.8571028133238214
2018-08-02 21:45:00,3.42,2.842400123972087
2018-08-02 22:00:00,2.95,3.2227582941762845
2018-08-02 22:15:00,2.81,3.2702267920965227
2018-08-02 22:30:00,2.81,2.8417681305456584
2018-08-02 22:45:00,2.81,2.80018758056886
2018-08-02 23:00:00,2.84,2.8534783761276996
2018-08-02 23:15:00,2.81,2.846820630148583
2018-08-02 23:30:00,2.81,2.8007339854902504
2018-08-02 23:45:00,2.84,2.8007339854902504
2018-08-03 00:00:00,2.81,2.7199393562111998
2018-08-03 00:15:00,3.02,2.7199393562111998
2018-08-03 00:30:00,3.35,2.7160764219114983
2018-08-03 00:45:00,2.84,2.7160764219114983
2018-08-03 01:00:00,2.84,3.114975745164781
2018-08-03 01:15:00,2.88,2.7400765339771707
2018-08-03 01:30:00,2.99,2.7176724466283844
2018-08-03 01:45:00,2.88,2.7176724466283844
2018-08-03 02:00:00,2.88,2.7748261764869255
2018-08-03 02:15:00,3.17,2.759252996605183
2018-08-03 02:30:00,3.2,2.721535380928086
2018-08-03 02:45:00,2.84,2.7807910899700183
2018-08-03 03:00:00,2.84,2.948495988370403
2018-08-03 03:15:00,2.81,2.746081385483063
2018-08-03 03:30:00,2.88,2.746081385483063
2018-08-03 03:45:00,2.84,2.7948574723339252
2018-08-03 04:00:00,2.84,2.8440402794826394
2018-08-03 04:15:00,2.84,2.883403816681158
2018-08-03 04:30:00,2.84,2.8886311244691294
2018-08-03 04:45:00,3.31,2.828509421443246
2018-08-03 05:00:00,2.92,2.828509421443246
2018-08-03 05:15:00,2.88,3.255900503824356
2018-08-03 05:30:00,2.81,2.8246464871435446
2018-08-03 05:45:00,2.81,2.828509421443246
2018-08-03 06:00:00,2.84,2.828509421443246
2018-08-03 06:15:00,2.84,2.885620829459438
2018-08-03 06:30:00,2.88,2.828509421443246
2018-08-03 06:45:00,2.81,2.828509421443246
2018-08-03 07:00:00,2.77,2.828509421443246
2018-08-03 07:15:00,2.84,2.8759584899550323
2018-08-03 07:30:00,3.31,3.445554530848031
2018-08-03 07:45:00,3.24,3.466738952187635
2018-08-03 08:00:00,2.84,20.706868961393383
2018-08-03 08:15:00,2.74,50.816525267546716
2018-08-03 08:30:00,2.77,4.988239900268069
2018-08-03 08:45:00,2.99,0.0
2018-08-03 09:00:00,3.2,2.537699840553662
2018-08-03 09:15:00,3.53,2.360469225797516
2018-08-03 09:30:00,3.06,3.4535823319543235
2018-08-03 09:45:00,2.88,5.280403875098782
2018-08-03 10:00:00,2.84,0.39403448170551886
2018-08-03 10:15:00,2.84,2.6110723472184905
2018-08-03 10:30:00,2.88,1.7573294480994457
2018-08-03 10:45:00,2.84,1.3829440670754172
2018-08-03 11:00:00,2.77,0.0
2018-08-03 11:15:00,2.7,0.0
2018-08-03 11:30:00,2.74,0.0
2018-08-03 11:45:00,2.81,0.0
2018-08-03 12:00:00,2.95,2.859457215805715
2018-08-03 12:15:00,2.99,2.2146599246381755
2018-08-03 12:30:00,3.06,2.569668460397069
2018-08-03 12:45:00,2.99,2.7389611245703316
2018-08-03 13:00:00,3.02,3.72741708121934
2018-08-03 13:15:00,3.2,6.441807330277103
2018-08-03 13:30:00,3.64,0.0
2018-08-03 13:45:00,3.24,2.310373732425454
2018-08-03 14:00:00,2.99,0.03004723813916592
2018-08-03 14:15:00,2.99,1.7330405565136546
2018-08-03 14:30:00,2.99,0.0
2018-08-03 14:45:00,2.95,1.8672457136967606
2018-08-03 15:00:00,3.02,2.066960034038159
2018-08-03 15:15:00,3.02,1.0166358800024493
2018-08-03 15:30:00,3.1,0.0
2018-08-03 15:45:00,2.95,0.8193852283320855
2018-08-03 16:00:00,2.95,0.22482492240425395
2018-08-03 16:15:00,3.35,0.5814824645826875
2018-08-03 16:30:00,3.35,0.8365211816717794
2018-08-03 16:45:00,2.99,3.178620789565992
2018-08-03 17:00:00,2.92,3.886931773352249
2018-08-03 17:15:00,3.02,4.656452106285985
2018-08-03 17:30:00,2.95,2.8016142813200124
2018-08-03 17:45:00,2.99,2.955193861763578
2018-08-03 18:00:00,2.92,2.936652708714493
2018-08-03 18:15:00,2.77,3.4634574509968297
2018-08-03 18:30:00,2.92,4.081563283597644
2018-08-03 18:45:00,2.99,3.6511344205198997
2018-08-03 19:00:00,2.95,3.6291638463678746
2018-08-03 19:15:00,2.99,1.4960629513994688
2018-08-03 19:30:00,2.92,2.1477187151724846
2018-08-03 19:45:00,2.99,3.2476817060846277
2018-08-03 20:00:00,2.99,2.5385935206736017
2018-08-03 20:15:00,3.2,3.7456105171763223
2018-08-03 20:30:00,3.6,1.4045909530543774
2018-08-03 20:45:00,3.02,3.0790463870350346
2018-08-03 21:00:00,3.06,3.328411443921306
2018-08-03 21:15:00,3.42,2.785340687348178
2018-08-03 21:30:00,3.42,2.8299337260009576
2018-08-03 21:45:00,3.02,3.2300411065416266
2018-08-03 22:00:00,2.88,3.1952544604560735
2018-08-03 22:15:00,2.81,2.719392951289809
2018-08-03 22:30:00,2.81,2.6416640372603726
2018-08-03 22:45:00,2.74,2.7057813632071466
2018-08-03 23:00:00,2.81,2.7733157402750774
2018-08-03 23:15:00,2.7,2.712735205310693
2018-08-03 23:30:00,2.74,2.7199393562111998
2018-08-03 23:45:00,2.81,2.7332532014723134
2018-08-04 00:00:00,2.77,2.7337807308095066
2018-08-04 00:15:00,2.74,2.7279219198331885
2018-08-04 00:30:00,2.77,2.7721922548239863
2018-08-04 00:45:00,2.84,2.745831079455845
2018-08-04 01:00:00,2.84,2.745831079455845
2018-08-04 01:15:00,2.99,2.7916355242525746
2018-08-04 01:30:00,3.42,2.7916355242525746
2018-08-04 01:45:00,3.17,2.7890076541495294
2018-08-04 02:00:00,3.28,3.171993694456772
2018-08-04 02:15:00,2.84,2.845663925506536
2018-08-04 02:30:00,2.84,3.166766386668801
2018-08-04 02:45:00,2.84,2.7864082164646033
2018-08-04 03:00:00,2.88,2.765073505866215
2018-08-04 03:15:00,2.81,2.735765520761089
2018-08-04 03:30:00,2.84,2.7374933092067755
2018-08-04 03:45:00,2.81,2.7570196248402006
2018-08-04 04:00:00,2.84,2.897245191279465
2018-08-04 04:15:00,2.84,2.8062024319889147
2018-08-04 04:30:00,2.84,2.8062024319889147
2018-08-04 04:45:00,2.88,2.829935737254011
2018-08-04 05:00:00,2.84,2.897245191279465
2018-08-04 05:15:00,2.88,2.897245191279465
2018-08-04 05:30:00,2.84,2.88006841171865
2018-08-04 05:45:00,2.81,2.8839313460183513
2018-08-04 06:00:00,2.84,2.898609564767735
2018-08-04 06:15:00,2.81,2.902472499067436
2018-08-04 06:30:00,3.24,2.897245191279465
2018-08-04 06:45:00,2.99,2.8839313460183513
2018-08-04 07:00:00,2.77,3.048496720813435
2018-08-04 07:15:00,2.77,2.8159765439429925
2018-08-04 07:30:00,3.38,2.8128674990522957
2018-08-04 07:45:00,3.17,2.7070116425579274
2018-08-04 08:00:00,2.77,15.448584413247987
2018-08-04 08:15:00,2.77,23.960102781421284
2018-08-04 08:30:00,2.59,0.0
2018-08-04 08:45:00,2.81,3.293191184820722
2018-08-04 09:00:00,2.88,3.6043820171408614
2018-08-04 09:15:00,2.81,3.7503705392953353
2018-08-04 09:30:00,2.77,0.8085278560049677
2018-08-04 09:45:00,2.81,0.4336569933414119
2018-08-04 10:00:00,2.77,0.28211967264907273
2018-08-04 10:15:00,2.74,3.7745145663848443
2018-08-04 10:30:00,2.88,3.1746894345397245
2018-08-04 10:45:00,3.2,0.0
2018-08-04 11:00:00,2.56,0.0
2018-08-04 11:15:00,2.63,1.3919105858101297
2018-08-04 11:30:00,2.56,0.5034516129657675
2018-08-04 11:45:00,2.59,2.4225168560138366
2018-08-04 12:00:00,2.7,3.583735165587169
2018-08-04 12:15:00,2.81,2.967710893566324
2018-08-04 12:30:00,2.92,2.8792282977965176
2018-08-04 12:45:00,2.81,3.055011766372527
2018-08-04 13:00:00,2.81,2.5323809701457263
2018-08-04 13:15:00,2.74,4.6351588624233955
2018-08-04 13:30:00,2.77,1.6177251742779337
2018-08-04 13:45:00,2.74,1.8798299525705717
2018-08-04 14:00:00,3.17,2.1812602305094626
2018-08-04 14:15:00,3.35,1.4574268027359374
2018-08-04 14:30:00,2.88,1.5969384107453748
2018-08-04 14:45:00,2.84,2.782007335888237
2018-08-04 15:00:00,3.38,2.0173369156186984
2018-08-04 15:15:00,2.81,2.6728324551599436
2018-08-04 15:30:00,2.74,2.6605577181977966
2018-08-04 15:45:00,2.74,3.307971095429006
2018-08-04 16:00:00,2.77,1.4322970571662594
2018-08-04 16:15:00,2.74,2.320904176595468
2018-08-04 16:30:00,2.81,2.6341377732839497
2018-08-04 16:45:00,2.74,2.6583206082246735
2018-08-04 17:00:00,2.74,2.8940053319976826
2018-08-04 17:15:00,2.74,2.4763476153584074
2018-08-04 17:30:00,2.7,2.890436548179708
2018-08-04 17:45:00,2.74,2.568878530944811
2018-08-04 18:00:00,2.66,2.9615828869423777
2018-08-04 18:15:00,2.74,3.8057713444706125
2018-08-04 18:30:00,2.88,3.831142767650166
2018-08-04 18:45:00,2.88,3.2522652990907193
2018-08-04 19:00:00,2.88,3.593930964877974
2018-08-04 19:15:00,2.88,2.878120258040074
2018-08-04 19:30:00,2.84,2.718595371367846
2018-08-04 19:45:00,3.2,2.7798472798530036
2018-08-04 20:00:00,3.17,2.7824751499560487
2018-08-04 20:15:00,2.92,3.0184073529494837
2018-08-04 20:30:00,2.99,2.8465874449831023
2018-08-04 20:45:00,2.95,2.8371034156442256
2018-08-04 21:00:00,2.95,2.830899850062295
2018-08-04 21:15:00,2.92,2.745083831516236
2018-08-04 21:30:00,3.06,2.745083831516236
2018-08-04 21:45:00,3.53,2.6555054118586794
2018-08-04 22:00:00,3.06,2.6711378374583914
2018-08-04 22:15:00,2.74,3.877338244334283
2018-08-04 22:30:00,2.81,2.6711378374583914
2018-08-04 22:45:00,2.74,2.733234325888116
2018-08-04 23:00:00,2.74,2.733234325888116
2018-08-04 23:15:00,2.7,2.712964991826337
2018-08-04 23:30:00,2.74,2.7337807308095066
2018-08-04 23:45:00,2.7,2.72728992640676
2018-08-05 00:00:00,3.1,2.7337807308095066
2018-08-05 00:15:00,3.06,2.72728992640676
2018-08-05 00:30:00,2.81,2.7865456354486926
2018-08-05 00:45:00,2.77,2.7435543454329006
2018-08-05 01:00:00,2.77,2.7279219198331885
2018-08-05 01:15:00,2.77,2.7295179445500746
2018-08-05 01:30:00,2.81,2.768560971752901
2018-08-05 01:45:00,2.77,2.750054974275776
2018-08-05 02:00:00,2.81,2.7737882795408724
2018-08-05 02:15:00,2.81,2.7539179085754775
2018-08-05 02:30:00,2.81,2.657647841496956
2018-08-05 02:45:00,2.84,2.744827666487805
2018-08-05 03:00:00,2.84,2.6537849071972546
2018-08-05 03:15:00,2.81,2.678330911752232
2018-08-05 03:30:00,2.88,2.678330911752232
2018-08-05 03:45:00,3.2,2.7115761405637007
2018-08-05 04:00:00,3.49,2.760758947712415
2018-08-05 04:15:00,2.92,3.093975383883956
2018-08-05 04:30:00,2.81,3.2473729466458363
2018-08-05 04:45:00,2.99,2.851801707002965
2018-08-05 05:00:00,3.2,2.7646218820121162
2018-08-05 05:15:00,2.84,2.8596094425266325
2018-08-05 05:30:00,2.81,3.092692877319951
2018-08-05 05:45:00,2.81,2.842350796041553
2018-08-05 06:00:00,2.74,2.7646218820121162
2018-08-05 06:15:00,2.84,2.842350796041553
2018-08-05 06:30:00,2.81,2.894928804607156
2018-08-05 06:45:00,2.77,2.8933822569797636
2018-08-05 07:00:00,2.74,2.842350796041553
2018-08-05 07:15:00,2.77,2.842350796041553
2018-08-05 07:30:00,2.7,2.680267315105345
2018-08-05 07:45:00,2.77,2.7191035003528037
2018-08-05 08:00:00,2.74,10.69065696441638
2018-08-05 08:15:00,2.74,5.221313410681003
2018-08-05 08:30:00,2.77,4.348632406601448
2018-08-05 08:45:00,2.99,3.5509743036305763
2018-08-05 09:00:00,3.06,3.3294994178264696
2018-08-05 09:15:00,3.02,3.695725239654269
2018-08-05 09:30:00,3.1,3.419230283800348
2018-08-05 09:45:00,3.67,3.388111273070264
2018-08-05 10:00:00,3.42,3.933422174327412
2018-08-05 10:15:00,3.6,4.683414608359304
2018-08-05 10:30:00,3.06,3.698550513837007
2018-08-05 10:45:00,2.95,3.1558277178573113
2018-08-05 11:00:00,2.84,2.8144625750608956
2018-08-05 11:15:00,2.84,2.785490080542423
2018-08-05 11:30:00,2.81,2.8315060483964514
2018-08-05 11:45:00,2.81,4.22358969978112
2018-08-05 12:00:00,2.95,3.110634554587767
2018-08-05 12:15:00,2.95,2.4710220857056964
2018-08-05 12:30:00,2.99,2.8788888320687955
2018-08-05 12:45:00,2.92,3.054672300644805
2018-08-05 13:00:00,2.99,3.1516255037191176
2018-08-05 13:15:00,2.92,4.194807144047137
2018-08-05 13:30:00,2.99,2.9706550968072225
2018-08-05 13:45:00,3.06,3.477746776368386
2018-08-05 14:00:00,2.92,3.386266922022673
2018-08-05 14:15:00,2.95,3.204934593817489
2018-08-05 14:30:00,3.17,3.225190965346503
2018-08-05 14:45:00,3.17,3.3293371129091254
2018-08-05 15:00:00,3.17,4.0346490613511365
2018-08-05 15:15:00,3.13,3.536080483809892
2018-08-05 15:30:00,3.13,3.4757422993371594
2018-08-05 15:45:00,3.17,3.4757422993371594
2018-08-05 16:00:00,3.2,3.8398468310766387
2018-08-05 16:15:00,3.49,2.4542765920368197
2018-08-05 16:30:00,3.67,2.5080154141468975
2018-08-05 16:45:00,3.35,3.040761980739969
2018-08-05 17:00:00,3.6,3.31085239358011
2018-08-05 17:15:00,3.13,3.336174227244814
2018-08-05 17:30:00,3.1,3.2159017028137176
2018-08-05 17:45:00,3.1,3.258626521115441
2018-08-05 18:00:00,2.81,3.258626521115441
2018-08-05 18:15:00,2.74,3.854439761529004
2018-08-05 18:30:00,2.92,3.8537468340038847
2018-08-05 18:45:00,3.06,3.895460345630264
2018-08-05 19:00:00,3.06,3.813027103949368
2018-08-05 19:15:00,3.1,2.9002434880425327
2018-08-05 19:30:00,3.1,2.9117433860621538
2018-08-05 19:45:00,3.06,2.9443446515245753
2018-08-05 20:00:00,3.13,2.9508354559273218
2018-08-05 20:15:00,3.1,2.894377642634282
2018-08-05 20:30:00,3.1,2.8888181189277886
2018-08-05 20:45:00,3.1,2.9015864324741294
2018-08-05 21:00:00,3.13,2.986425626182749
2018-08-05 21:15:00,3.13,2.8110311879791334
2018-08-05 21:30:00,3.17,2.9059025335147717
2018-08-05 21:45:00,3.2,2.8347644932442297
2018-08-05 22:00:00,3.53,2.8110311879791334
2018-08-05 22:15:00,2.84,2.9601949333304334
2018-08-05 22:30:00,3.31,3.9431833587267433
2018-08-05 22:45:00,3.06,2.7196227378054534
2018-08-05 23:00:00,2.74,3.1668832916511533
2018-08-05 23:15:00,2.77,2.7954998010675514
2018-08-05 23:30:00,2.74,2.828652076345145
2018-08-05 23:45:00,2.63,2.7337807308095066
2018-08-06 00:00:00,2.66,3.008435937354633
2018-08-06 00:15:00,2.66,2.9551451417957932
2018-08-06 00:30:00,2.63,2.930113184343962
2018-08-06 00:45:00,2.66,2.9366039887467084
2018-08-06 01:00:00,2.66,2.930113184343962
2018-08-06 01:15:00,2.66,2.931709209060848
2018-08-06 01:30:00,2.74,2.931709209060848
2018-08-06 01:45:00,2.7,2.931709209060848
2018-08-06 02:00:00,2.66,2.931709209060848
2018-08-06 02:15:00,3.1,2.931709209060848
2018-08-06 02:30:00,2.92,2.9732897590376464
2018-08-06 02:45:00,2.59,3.0095060711518653
2018-08-06 03:00:00,2.63,2.9502503621099327
2018-08-06 03:15:00,2.63,2.8785262995863885
2018-08-06 03:30:00,2.74,2.8785262995863885
2018-08-06 03:45:00,2.74,2.9143993985009025
2018-08-06 04:00:00,2.63,2.987315510914713
2018-08-06 04:15:00,2.7,2.9609543355465715
2018-08-06 04:30:00,3.24,2.9609543355465715
2018-08-06 04:45:00,2.81,2.9609543355465715
2018-08-06 05:00:00,2.63,3.4644563067496725
2018-08-06 05:15:00,2.59,2.9609543355465715
2018-08-06 05:30:00,2.63,2.9609543355465715
2018-08-06 05:45:00,2.56,2.9609543355465715
2018-08-06 06:00:00,2.59,3.058569766164133
2018-08-06 06:15:00,2.59,2.9635822056496166
2018-08-06 06:30:00,2.59,3.038683249576008
2018-08-06 06:45:00,2.77,3.038683249576008
2018-08-06 07:00:00,4.14,2.9609543355465715
2018-08-06 07:15:00,4.0,2.9609543355465715
2018-08-06 07:30:00,3.96,6.269028045811674
2018-08-06 07:45:00,3.56,7.972429419107431
2018-08-06 08:00:00,26.78,26.585198216688163
2018-08-06 08:15:00,58.14,56.43599785700246
2018-08-06 08:30:00,79.49,58.64192595740208
2018-08-06 08:45:00,83.81,66.95871736001004
2018-08-06 09:00:00,109.22,83.87722191003574
2018-08-06 09:15:00,79.81,77.93018820210808
2018-08-06 09:30:00,93.28,86.53390089735365
2018-08-06 09:45:00,102.24,88.50640800812096
2018-08-06 10:00:00,49.03,82.02089258340743
2018-08-06 10:15:00,57.89,100.26663014283223
2018-08-06 10:30:00,58.9,64.49392289786336
2018-08-06 10:45:00,64.4,66.5036996620898
2018-08-06 11:00:00,106.56,61.04847947077324
2018-08-06 11:15:00,88.52,66.64950593564855
2018-08-06 11:30:00,90.18,89.82764329919267
2018-08-06 11:45:00,103.9,55.880009463976194
2018-08-06 12:00:00,6.84,6.030552628188512
2018-08-06 12:15:00,6.12,11.916809886141863
2018-08-06 12:30:00,6.05,5.43007131541189
2018-08-06 12:45:00,5.87,9.795616509343645
2018-08-06 13:00:00,53.64,38.99087647601955
2018-08-06 13:15:00,97.67,91.4947491960955
2018-08-06 13:30:00,98.93,78.32754124635754
2018-08-06 13:45:00,85.9,100.45262516327959
2018-08-06 14:00:00,49.07,105.15060927102584
2018-08-06 14:15:00,55.84,95.35226130625094
2018-08-06 14:30:00,43.42,58.810510603818216
2018-08-06 14:45:00,39.24,60.51959213880008
2018-08-06 15:00:00,39.38,47.18811346200157
2018-08-06 15:15:00,46.51,63.51408407787243
2018-08-06 15:30:00,50.94,55.51386191485651
2018-08-06 15:45:00,49.61,58.71625834034394
2018-08-06 16:00:00,53.86,66.74912556946659
2018-08-06 16:15:00,49.82,57.55899629511057
2018-08-06 16:30:00,55.33,55.011567834409576
2018-08-06 16:45:00,52.67,57.59310886821146
2018-08-06 17:00:00,91.48,54.406188621353735
2018-08-06 17:15:00,98.21,44.361004489641616
2018-08-06 17:30:00,30.89,63.22964477857507
2018-08-06 17:45:00,31.18,46.66641321094728
2018-08-06 18:00:00,85.72,59.85122702561263
2018-08-06 18:15:00,72.97,82.85599327229954
2018-08-06 18:30:00,55.76,94.57231422901519
2018-08-06 18:45:00,96.12,82.65469365498066
2018-08-06 19:00:00,99.18,71.9296684753396
2018-08-06 19:15:00,86.98,85.89437021216524
2018-08-06 19:30:00,113.65,92.4099763267485
2018-08-06 19:45:00,74.09,93.07323765126037
2018-08-06 20:00:00,91.73,84.29667335912379
2018-08-06 20:15:00,118.12,90.91412740964954
2018-08-06 20:30:00,48.92,66.51734042410045
2018-08-06 20:45:00,43.6,40.52390897542819
2018-08-06 21:00:00,8.17,33.82348228419975
2018-08-06 21:15:00,4.9,23.814309679550643
2018-08-06 21:30:00,4.03,0.0
2018-08-06 21:45:00,3.96,3.4706062532051605
2018-08-06 22:00:00,3.82,0.970168531270863
2018-08-06 22:15:00,3.46,4.3375858484954914
2018-08-06 22:30:00,3.35,4.8396190619983175
2018-08-06 22:45:00,2.84,4.3024576789948235
2018-08-06 23:00:00,2.81,3.4936918868083855
2018-08-06 23:15:00,2.7,2.8109404130030424
2018-08-06 23:30:00,3.2,3.1193445202722305
2018-08-06 23:45:00,2.88,2.8181445639035494
2018-08-07 00:00:00,2.77,2.396626020712126
2018-08-07 00:15:00,2.88,3.104437547713062
2018-08-07 00:30:00,2.84,2.7947462522433777
2018-08-07 00:45:00,2.81,3.1514562574644307
2018-08-07 01:00:00,2.74,3.241168188293825
2018-08-07 01:15:00,3.06,2.902736499110454
2018-08-07 01:30:00,2.99,2.902736499110454
2018-08-07 01:45:00,2.99,3.2051058430515833
2018-08-07 02:00:00,2.99,3.1084798136914857
2018-08-07 02:15:00,2.92,3.123158032440869
2018-08-07 02:30:00,3.02,3.1615531556426446
2018-08-07 02:45:00,3.24,3.1084798136914857
2018-08-07 03:00:00,3.31,3.1046168793917843
2018-08-07 03:15:00,3.2,3.510535220250544
2018-08-07 03:30:00,3.74,3.1707802705806514
2018-08-07 03:45:00,3.53,3.394245820599834
2018-08-07 04:00:00,3.24,3.605797786061546
2018-08-07 04:15:00,3.24,4.023406259546266
2018-08-07 04:30:00,3.6,3.6583757946271493
2018-08-07 04:45:00,3.74,3.6213286441009394
2018-08-07 05:00:00,3.24,3.6213286441009394
2018-08-07 05:15:00,3.17,4.023406259546266
2018-08-07 05:30:00,3.2,3.7292540210472622
2018-08-07 05:45:00,3.2,3.3671285665801767
2018-08-07 06:00:00,3.17,3.5348334649805615
2018-08-07 06:15:00,3.17,3.4188321493994693
2018-08-07 06:30:00,3.17,3.3002261829386743
2018-08-07 06:45:00,3.38,3.3671285665801767
2018-08-07 07:00:00,3.13,3.4397091127630968
2018-08-07 07:15:00,3.31,3.576056010170366
2018-08-07 07:30:00,3.89,4.403293986334383
2018-08-07 07:45:00,5.54,7.194998079569203
2018-08-07 08:00:00,66.31,49.800397867982156
2018-08-07 08:15:00,93.71,81.40397111839994
2018-08-07 08:30:00,79.52,94.85984104733585
2018-08-07 08:45:00,86.33,95.1745974500502
2018-08-07 09:00:00,86.8,93.78625532289702
2018-08-07 09:15:00,58.46,72.8527713093253
2018-08-07 09:30:00,65.45,68.39445740017887
2018-08-07 09:45:00,108.32,71.09105576137138
2018-08-07 10:00:00,101.59,61.201546950471965
2018-08-07 10:15:00,83.41,87.21692808427753
2018-08-07 10:30:00,112.21,88.4214685709097
2018-08-07 10:45:00,87.01,85.74185363584826
2018-08-07 11:00:00,96.23,98.55970608170337
2018-08-07 11:15:00,82.84,84.69618124299834
2018-08-07 11:30:00,95.87,81.16006040896872
2018-08-07 11:45:00,94.18,90.8673316359112
2018-08-07 12:00:00,10.87,13.840125226326926
2018-08-07 12:15:00,5.98,9.615807013179552
2018-08-07 12:30:00,5.8,5.942164564654292
2018-08-07 12:45:00,5.98,8.254606958454199
2018-08-07 13:00:00,62.64,66.98320620389775
2018-08-07 13:15:00,99.79,89.98251551965039
2018-08-07 13:30:00,103.61,93.84705260268665
2018-08-07 13:45:00,58.54,94.54931066094801
2018-08-07 14:00:00,58.75,93.77682275128512
2018-08-07 14:15:00,50.94,76.32278819097792
2018-08-07 14:30:00,43.49,61.43415813558628
2018-08-07 14:45:00,42.84,67.90987293392152
2018-08-07 15:00:00,49.93,55.860797110246125
2018-08-07 15:15:00,54.11,54.3567888621809
2018-08-07 15:30:00,52.02,61.660081140835466
2018-08-07 15:45:00,56.84,56.9026901146323
2018-08-07 16:00:00,59.4,55.196409296059734
2018-08-07 16:15:00,58.75,54.85366287421745
2018-08-07 16:30:00,47.92,56.54459575938002
2018-08-07 16:45:00,87.19,52.99342506728217
2018-08-07 17:00:00,72.25,50.8835262342739
2018-08-07 17:15:00,104.76,73.35356622845065
2018-08-07 17:30:00,30.31,42.02652163706557
2018-08-07 17:45:00,30.42,42.57387600780304
2018-08-07 18:00:00,75.28,44.62626705241504
2018-08-07 18:15:00,77.22,79.95054233969189
2018-08-07 18:30:00,48.06,103.54898596543025
2018-08-07 18:45:00,49.68,88.76045041227728
2018-08-07 19:00:00,51.73,61.873792711793264
2018-08-07 19:15:00,51.88,59.3164651326275
2018-08-07 19:30:00,47.34,59.03028180998112
2018-08-07 19:45:00,47.59,58.76609289496846
2018-08-07 20:00:00,48.35,52.32010583205439
2018-08-07 20:15:00,50.29,55.30583495250381
2018-08-07 20:30:00,50.0,54.635017225933375
2018-08-07 20:45:00,30.13,31.6038142030679
2018-08-07 21:00:00,26.42,3.5714054817844043
2018-08-07 21:15:00,15.52,11.323412959300837
2018-08-07 21:30:00,4.14,10.09895020803704
2018-08-07 21:45:00,4.0,6.4064359777914115
2018-08-07 22:00:00,3.82,3.964982981852819
2018-08-07 22:15:00,3.56,4.645486796239927
2018-08-07 22:30:00,3.06,3.508603073923939
2018-08-07 22:45:00,2.88,4.264915966756236
2018-08-07 23:00:00,2.88,3.254904296811715
2018-08-07 23:15:00,2.88,3.1994377660680993
2018-08-07 23:30:00,2.81,3.225183070017691
2018-08-07 23:45:00,2.84,3.217336435877658
2018-08-08 00:00:00,2.92,3.186527480574554
2018-08-08 00:15:00,3.46,3.164045640318818
2018-08-08 00:30:00,3.02,3.164045640318818
2018-08-08 00:45:00,3.13,3.525862657473931
2018-08-08 01:00:00,3.31,3.1754348181375414
2018-08-08 01:15:00,3.17,3.254827704945445
2018-08-08 01:30:00,3.17,3.57593016610771
2018-08-08 01:45:00,3.13,3.021381582162867
2018-08-08 02:00:00,3.2,3.254827704945445
2018-08-08 02:15:00,3.28,3.227124896743899
2018-08-08 02:30:00,3.2,3.394829795144284
2018-08-08 02:45:00,3.67,3.5719606631712604
2018-08-08 03:00:00,3.28,3.3464334089799066
2018-08-08 03:15:00,3.17,3.7521149905896984
2018-08-08 03:30:00,3.2,3.5848396763871437
2018-08-08 03:45:00,3.17,3.2666763561676087
2018-08-08 04:00:00,3.13,3.5335586505726457
2018-08-08 04:15:00,3.17,3.3248307588674404
2018-08-08 04:30:00,3.17,3.4682895314704734
2018-08-08 04:45:00,3.13,3.427266538165653
2018-08-08 05:00:00,3.17,3.396960450296914
2018-08-08 05:15:00,3.17,3.3732271450318176
2018-08-08 05:30:00,3.17,3.3732271450318176
2018-08-08 05:45:00,3.53,3.3732271450318176
2018-08-08 06:00:00,3.74,3.3732271450318176
2018-08-08 06:15:00,3.17,3.468551049134266
2018-08-08 06:30:00,3.1,3.468551049134266
2018-08-08 06:45:00,3.13,3.396960450296914
2018-08-08 07:00:00,3.2,3.3732271450318176
2018-08-08 07:15:00,4.07,3.396960450296914
2018-08-08 07:30:00,5.18,5.1681230314757585
2018-08-08 07:45:00,4.82,8.611929194425752
2018-08-08 08:00:00,34.99,53.865812287544244
2018-08-08 08:15:00,53.14,72.24781084432277
2018-08-08 08:30:00,64.91,65.85207348553514
2018-08-08 08:45:00,59.44,79.10039834691813
2018-08-08 09:00:00,84.56,86.11748495288481
2018-08-08 09:15:00,56.38,65.86668546544709
2018-08-08 09:30:00,63.5,80.146439688723
2018-08-08 09:45:00,103.93,62.85572243185359
2018-08-08 10:00:00,87.08,61.40316748760628
2018-08-08 10:15:00,90.61,81.96819377641309
2018-08-08 10:30:00,91.08,90.59905064424879
2018-08-08 10:45:00,106.99,85.52077267437278
2018-08-08 11:00:00,93.85,93.81393814879718
2018-08-08 11:15:00,76.1,97.27911547534454
2018-08-08 11:30:00,117.68,99.71333411575617
2018-08-08 11:45:00,95.65,76.77120218960067
2018-08-08 12:00:00,7.24,25.83668252024559
2018-08-08 12:15:00,5.0,16.43647035951035
2018-08-08 12:30:00,4.93,3.732151370978944
2018-08-08 12:45:00,4.93,6.776954080569136
2018-08-08 13:00:00,44.42,56.62271210023203
2018-08-08 13:15:00,123.16,72.67653081699372
2018-08-08 13:30:00,85.68,71.00385278704178
2018-08-08 13:45:00,93.92,104.81177702612335
2018-08-08 14:00:00,104.0,97.54350876986442
2018-08-08 14:15:00,79.56,84.99701736506897
2018-08-08 14:30:00,115.67,106.5670820555021
2018-08-08 14:45:00,81.68,84.92219954658431
2018-08-08 15:00:00,115.74,88.91924034678931
2018-08-08 15:15:00,111.38,89.35203801959956
2018-08-08 15:30:00,69.23,90.41204755609625
2018-08-08 15:45:00,50.33,94.43097555144462
2018-08-08 16:00:00,45.86,76.19025831627214
2018-08-08 16:15:00,60.73,73.07281558973868
2018-08-08 16:30:00,42.73,60.59680176585979
2018-08-08 16:45:00,50.26,62.144167623867354
2018-08-08 17:00:00,49.43,44.30791138683629
2018-08-08 17:15:00,37.69,47.55772434770523
2018-08-08 17:30:00,30.96,34.262159349879134
2018-08-08 17:45:00,32.08,30.60562707207363
2018-08-08 18:00:00,38.34,37.30661705199362
2018-08-08 18:15:00,47.38,45.71019030693546
2018-08-08 18:30:00,49.79,49.90179828950595
2018-08-08 18:45:00,52.56,58.71158263887482
2018-08-08 19:00:00,44.35,54.1131438506289
2018-08-08 19:15:00,64.44,54.772976101803145
2018-08-08 19:30:00,53.42,45.97277459654651
2018-08-08 19:45:00,111.06,63.44355050632347
2018-08-08 20:00:00,53.86,58.201108692114275
2018-08-08 20:15:00,94.14,87.69757355316422
2018-08-08 20:30:00,70.63,62.8638774486134
2018-08-08 20:45:00,22.0,49.48236876083249
2018-08-08 21:00:00,7.16,12.302919138469951
2018-08-08 21:15:00,4.18,6.558132899420055
2018-08-08 21:30:00,3.89,10.064138110504961
2018-08-08 21:45:00,3.85,5.498144333136156
2018-08-08 22:00:00,3.71,2.4579332802623544
2018-08-08 22:15:00,3.24,3.7795030599681274
2018-08-08 22:30:00,2.7,3.287778889521484
2018-08-08 22:45:00,2.66,3.609590775757909
2018-08-08 23:00:00,2.59,3.2370792396937444
2018-08-08 23:15:00,2.56,3.252505190442403
2018-08-08 23:30:00,2.56,3.1626288070406883
2018-08-08 23:45:00,2.66,3.237625644615135
2018-08-09 00:00:00,3.17,2.8605178148464914
2018-08-09 00:15:00,2.84,3.1877359753203383
2018-08-09 00:30:00,2.7,2.997710494278395
2018-08-09 00:45:00,2.74,3.10754698552988
2018-08-09 01:00:00,2.77,3.209819672048113
2018-08-09 01:15:00,2.77,3.187682391499903
2018-08-09 01:30:00,2.74,3.2436010571617877
2018-08-09 01:45:00,2.74,3.1093166578425624
2018-08-09 02:00:00,2.99,3.1066887877395173
2018-08-09 02:15:00,3.2,3.1304220930046136
2018-08-09 02:30:00,2.77,3.113179592142264
2018-08-09 02:45:00,2.81,2.8959670733077334
2018-08-09 03:00:00,2.74,2.9961767488287503
2018-08-09 03:15:00,2.77,2.996989448118631
2018-08-09 03:30:00,2.77,2.9996173182216763
2018-08-09 03:45:00,2.77,3.1278501075476615
2018-08-09 04:00:00,2.77,3.0820453541818593
2018-08-09 04:15:00,2.81,3.220153632657424
2018-08-09 04:30:00,2.81,3.0836610368676487
2018-08-09 04:45:00,2.74,3.0820453541818593
2018-08-09 05:00:00,2.77,3.0820453541818593
2018-08-09 05:15:00,3.35,3.12306834748668
2018-08-09 05:30:00,3.13,3.0820453541818593
2018-08-09 05:45:00,2.74,3.26820889845904
2018-08-09 06:00:00,2.81,2.8452219770732112
2018-08-09 06:15:00,2.74,3.195753668632021
2018-08-09 06:30:00,3.24,3.2162906983577226
2018-08-09 06:45:00,2.92,3.1770329146963756
2018-08-09 07:00:00,2.99,3.3911596234042283
2018-08-09 07:15:00,4.07,3.0012663291203467
2018-08-09 07:30:00,4.21,4.994115540200366
2018-08-09 07:45:00,8.21,8.234541380058811
2018-08-09 08:00:00,64.87,37.18889052508175
2018-08-09 08:15:00,98.32,73.16107800030852
2018-08-09 08:30:00,109.98,110.7071633014474
2018-08-09 08:45:00,96.41,112.58879872613531
2018-08-09 09:00:00,73.76,105.07736814683906
2018-08-09 09:15:00,98.86,98.83971039727277
2018-08-09 09:30:00,103.39,95.85751581881291
2018-08-09 09:45:00,110.66,98.98682414144315
2018-08-09 10:00:00,111.67,99.21780533097485
2018-08-09 10:15:00,88.88,83.19068951946063
2018-08-09 10:30:00,111.64,79.61104386102521
2018-08-09 10:45:00,72.11,90.98968163646596
2018-08-09 11:00:00,126.29,83.12188624853125
2018-08-09 11:15:00,94.54,97.28781158422689
2018-08-09 11:30:00,103.72,97.39116709620271
2018-08-09 11:45:00,89.39,82.58702358650382
2018-08-09 12:00:00,19.26,18.35416043135892
2018-08-09 12:15:00,4.9,13.086704999015412
2018-08-09 12:30:00,4.79,4.574242771225351
2018-08-09 12:45:00,4.57,3.567310881733957
2018-08-09 13:00:00,50.72,44.84097800070276
2018-08-09 13:15:00,107.21,69.08151043600506
2018-08-09 13:30:00,72.43,90.70501464121172
2018-08-09 13:45:00,133.06,80.42286859205076
2018-08-09 14:00:00,66.1,82.79189804422896
2018-08-09 14:15:00,42.37,94.7260673170685
2018-08-09 14:30:00,49.18,77.179437986848
2018-08-09 14:45:00,62.39,55.10219486449269
2018-08-09 15:00:00,44.35,60.34992968673853
2018-08-09 15:15:00,40.0,64.47333187361183
2018-08-09 15:30:00,49.9,42.14725441638767
2018-08-09 15:45:00,67.43,46.24519250345535
2018-08-09 16:00:00,59.8,52.307071692496734
2018-08-09 16:15:00,54.04,68.00296228612291
2018-08-09 16:30:00,46.26,56.83751415281668
2018-08-09 16:45:00,44.96,60.32324360600928
2018-08-09 17:00:00,56.99,45.47833564613761
2018-08-09 17:15:00,44.03,40.14982517764208
2018-08-09 17:30:00,30.53,28.519350867829278
2018-08-09 17:45:00,31.43,30.45116314872418
2018-08-09 18:00:00,51.59,43.42682701502848
2018-08-09 18:15:00,44.6,51.757816671900635
2018-08-09 18:30:00,44.75,64.72874336898582
2018-08-09 18:45:00,49.32,50.0835687905168
2018-08-09 19:00:00,52.78,50.00589475520975
2018-08-09 19:15:00,52.2,58.60063666549985
2018-08-09 19:30:00,49.03,58.05414645803628
2018-08-09 19:45:00,42.73,55.016047603728936
2018-08-09 20:00:00,50.36,56.56912248136634
2018-08-09 20:15:00,49.5,46.752726716034395
2018-08-09 20:30:00,46.55,51.842093234423565
2018-08-09 20:45:00,16.99,14.573487877592209
2018-08-09 21:00:00,10.15,6.869027877885425
2018-08-09 21:15:00,5.98,2.6001054749062944
2018-08-09 21:30:00,4.46,5.518376814740115
2018-08-09 21:45:00,3.89,4.799526075846885
2018-08-09 22:00:00,3.67,4.11687515403282
2018-08-09 22:15:00,3.49,3.9214959950287924
2018-08-09 22:30:00,3.46,2.5930235764781724
2018-08-09 22:45:00,3.24,3.5946960043808813
2018-08-09 23:00:00,2.66,3.5647656735130733
2018-08-09 23:15:00,2.63,3.56595456167399
2018-08-09 23:30:00,2.63,3.1928005423702994
2018-08-09 23:45:00,2.66,3.1849539082302663
2018-08-10 00:00:00,2.7,3.1526307628681085
2018-08-10 00:15:00,2.66,3.1227004320003005
2018-08-10 00:30:00,2.7,3.08540067229445
2018-08-10 00:45:00,2.66,3.0443776789896293
2018-08-10 01:00:00,2.66,3.0743080098574374
2018-08-10 01:15:00,2.7,3.0759040345743234
2018-08-10 01:30:00,2.74,3.0759040345743234
2018-08-10 01:45:00,2.66,3.0759040345743234
2018-08-10 02:00:00,2.7,3.0134515838630227
2018-08-10 02:15:00,2.7,3.0134515838630227
2018-08-10 02:30:00,3.31,3.0359334241187583
2018-08-10 02:45:00,2.88,2.994910430813938
2018-08-10 03:00:00,2.66,3.3752686010181354
2018-08-10 03:15:00,2.74,2.9037522442421366
2018-08-10 03:30:00,3.06,2.9037522442421366
2018-08-10 03:45:00,2.56,2.9369974730536055
2018-08-10 04:00:00,2.52,3.099428136419593
2018-08-10 04:15:00,2.63,2.9888081503053647
2018-08-10 04:30:00,2.63,2.9861802802023196
2018-08-10 04:45:00,2.59,3.02720327350714
2018-08-10 05:00:00,2.59,2.992671084605066
2018-08-10 05:15:00,2.56,3.009913585467416
2018-08-10 05:30:00,2.56,2.9861802802023196
2018-08-10 05:45:00,2.52,2.9861802802023196
2018-08-10 06:00:00,2.52,2.9861802802023196
2018-08-10 06:15:00,2.66,2.9861802802023196
2018-08-10 06:30:00,2.66,3.009913585467416
2018-08-10 06:45:00,2.66,3.120425624378183
2018-08-10 07:00:00,2.59,2.9494008396863336
2018-08-10 07:15:00,3.53,3.040219673336155
2018-08-10 07:30:00,7.31,3.6167302167851507
2018-08-10 07:45:00,6.34,5.6578410022411605
2018-08-10 08:00:00,37.4,48.85372380999859
2018-08-10 08:15:00,49.9,71.63104766150103
2018-08-10 08:30:00,55.73,87.30107617012212
2018-08-10 08:45:00,47.84,72.86001953535316
2018-08-10 09:00:00,50.65,64.21106027262442
2018-08-10 09:15:00,55.08,54.379872258913046
2018-08-10 09:30:00,51.55,49.16908838321479
2018-08-10 09:45:00,52.09,57.37977519184275
2018-08-10 10:00:00,42.7,53.277934151385786
2018-08-10 10:15:00,44.14,52.55251324813516
2018-08-10 10:30:00,60.37,49.041711756017094
2018-08-10 10:45:00,91.44,48.244473975023716
2018-08-10 11:00:00,69.8,61.67625560718806
2018-08-10 11:15:00,94.32,76.340356297689
2018-08-10 11:30:00,105.77,70.04934015800747
2018-08-10 11:45:00,113.72,74.08528440853071
2018-08-10 12:00:00,12.31,25.816826712279607
2018-08-10 12:15:00,4.79,9.956449371139376
2018-08-10 12:30:00,4.68,6.5329749661362895
2018-08-10 12:45:00,4.61,9.170746481236495
2018-08-10 13:00:00,30.06,43.91028141444948
2018-08-10 13:15:00,123.8,58.165320841447055
2018-08-10 13:30:00,105.7,59.72852075952296
2018-08-10 13:45:00,94.93,87.95006900943335
2018-08-10 14:00:00,115.45,94.74262996721113
2018-08-10 14:15:00,86.47,91.83034064520544
2018-08-10 14:30:00,91.84,97.82960031146818
2018-08-10 14:45:00,89.35,95.88425189887917
2018-08-10 15:00:00,90.18,77.92432758788856
2018-08-10 15:15:00,106.67,77.43338967689058
2018-08-10 15:30:00,131.0,82.8117408086084
2018-08-10 15:45:00,107.46,85.81419818875521
2018-08-10 16:00:00,103.46,88.75004542821924
2018-08-10 16:15:00,100.22,93.65653774218151
2018-08-10 16:30:00,118.04,91.87770457676903
2018-08-10 16:45:00,55.66,88.77417059841929
2018-08-10 17:00:00,83.27,83.7714126026288
2018-08-10 17:15:00,99.83,71.5630944512477
2018-08-10 17:30:00,30.71,57.09137415712783
2018-08-10 17:45:00,29.81,37.25147806323572
2018-08-10 18:00:00,63.79,62.54277756133421
2018-08-10 18:15:00,79.96,81.93243247139215
2018-08-10 18:30:00,98.75,89.784757204204
2018-08-10 18:45:00,86.9,84.93005873686059
2018-08-10 19:00:00,110.84,78.922392156371
2018-08-10 19:15:00,73.55,86.10730225690286
2018-08-10 19:30:00,112.61,85.08113714299984
2018-08-10 19:45:00,91.8,89.85666842401379
2018-08-10 20:00:00,100.33,80.30263171565989
2018-08-10 20:15:00,84.46,94.65483072329909
2018-08-10 20:30:00,102.46,69.31451606794971
2018-08-10 20:45:00,64.8,18.913672236486867
2018-08-10 21:00:00,4.46,9.565205601316102
2018-08-10 21:15:00,4.25,6.224279312171535
2018-08-10 21:30:00,3.74,4.654516608837372
2018-08-10 21:45:00,3.78,0.0
2018-08-10 22:00:00,3.56,0.0
2018-08-10 22:15:00,3.28,0.551611302674137
2018-08-10 22:30:00,3.24,0.44830389919189867
2018-08-10 22:45:00,2.74,1.7076048031894384
2018-08-10 23:00:00,2.7,4.529345442811014
2018-08-10 23:15:00,2.7,1.6104566436353391
2018-08-10 23:30:00,2.66,2.954348122485972
2018-08-10 23:45:00,2.7,2.5313133282737286
2018-08-11 00:00:00,2.66,3.271725217621736
2018-08-11 00:15:00,2.81,2.4854706432974996
2018-08-11 00:30:00,2.74,3.21194361766015
2018-08-11 00:45:00,2.7,2.4854706432974996
2018-08-11 01:00:00,2.74,3.1310349506869057
2018-08-11 01:15:00,2.77,3.2111703566569285
2018-08-11 01:30:00,3.35,3.252193349961749
2018-08-11 01:45:00,2.92,3.132804622999588
2018-08-11 02:00:00,2.74,3.551557916405561
2018-08-11 02:15:00,2.7,3.130176752896543
2018-08-11 02:30:00,2.66,3.172451211210724
2018-08-11 02:45:00,2.66,3.151345776048673
2018-08-11 03:00:00,3.28,3.08294554626527
2018-08-11 03:15:00,2.99,3.041646436427787
2018-08-11 03:30:00,2.77,3.1924772097857086
2018-08-11 03:45:00,2.77,3.0722637951362106
2018-08-11 04:00:00,2.77,3.1214466022849248
2018-08-11 04:15:00,2.77,3.1214466022849248
2018-08-11 04:30:00,2.81,3.2553095215541417
2018-08-11 04:45:00,2.74,3.12407447238797
2018-08-11 05:00:00,2.81,3.12407447238797
2018-08-11 05:15:00,2.74,3.1279374066876713
2018-08-11 05:30:00,2.74,3.1279374066876713
2018-08-11 05:45:00,2.74,3.2397786635147483
2018-08-11 06:00:00,2.74,3.2397786635147483
2018-08-11 06:15:00,2.74,3.1214466022849248
2018-08-11 06:30:00,2.84,3.1650974656927904
2018-08-11 06:45:00,2.7,3.1214466022849248
2018-08-11 07:00:00,2.7,3.1214466022849248
2018-08-11 07:15:00,3.28,3.378712753258627
2018-08-11 07:30:00,4.25,3.391267660604198
2018-08-11 07:45:00,5.44,3.565577070614612
2018-08-11 08:00:00,68.94,28.96828791790251
2018-08-11 08:15:00,111.38,48.45884332150803
2018-08-11 08:30:00,77.72,91.771297248637
2018-08-11 08:45:00,109.84,94.6192383366442
2018-08-11 09:00:00,91.19,93.05546259013623
2018-08-11 09:15:00,109.91,83.4063117691315
2018-08-11 09:30:00,87.88,90.66103058284699
2018-08-11 09:45:00,110.59,77.55895215487197
2018-08-11 10:00:00,73.87,93.38476813084391
2018-08-11 10:15:00,78.44,85.28429219826606
2018-08-11 10:30:00,76.25,79.3527846346845
2018-08-11 10:45:00,90.76,76.26485609824728
2018-08-11 11:00:00,94.86,77.41054799336516
2018-08-11 11:15:00,71.71,82.88711172942867
2018-08-11 11:30:00,103.82,80.95483917265679
2018-08-11 11:45:00,56.63,71.87625169117604
2018-08-11 12:00:00,4.0,16.959853368148053
2018-08-11 12:15:00,4.21,1.0063977986499741
2018-08-11 12:30:00,3.92,2.389674370466577
2018-08-11 12:45:00,4.21,2.5999294577901786
2018-08-11 13:00:00,37.22,26.17053136005839
2018-08-11 13:15:00,83.99,79.74306991930474
2018-08-11 13:30:00,95.65,59.792494840991345
2018-08-11 13:45:00,109.33,68.55985137062927
2018-08-11 14:00:00,89.32,87.96948022032925
2018-08-11 14:15:00,105.59,91.86902674178633
2018-08-11 14:30:00,96.3,93.67396217740796
2018-08-11 14:45:00,103.57,76.40126900956628
2018-08-11 15:00:00,93.56,90.31834712667381
2018-08-11 15:15:00,71.64,82.41912997645062
2018-08-11 15:30:00,72.54,84.7029627701407
2018-08-11 15:45:00,86.9,94.14801023521717
2018-08-11 16:00:00,103.36,80.87084930646725
2018-08-11 16:15:00,81.9,76.73276940297828
2018-08-11 16:30:00,95.83,76.64539157030767
2018-08-11 16:45:00,15.55,60.825331381897634
2018-08-11 17:00:00,5.62,55.55403961312858
2018-08-11 17:15:00,4.0,0.0
2018-08-11 17:30:00,3.78,6.443300841623781
2018-08-11 17:45:00,3.2,7.083410340922127
2018-08-11 18:00:00,2.84,5.745681283220442
2018-08-11 18:15:00,2.74,6.289477364728529
2018-08-11 18:30:00,2.88,5.43808203946649
2018-08-11 18:45:00,3.06,8.053866118222217
2018-08-11 19:00:00,3.06,10.944891621860265
2018-08-11 19:15:00,3.02,5.665483539212248
2018-08-11 19:30:00,3.02,14.045262377208863
2018-08-11 19:45:00,3.06,12.08628160914598
2018-08-11 20:00:00,3.1,14.073815005673364
2018-08-11 20:15:00,3.17,11.805344893462419
2018-08-11 20:30:00,3.1,11.812186567056077
2018-08-11 20:45:00,3.1,8.556521520547527
2018-08-11 21:00:00,3.1,3.4147412739731204
2018-08-11 21:15:00,3.17,3.239346835769505
2018-08-11 21:30:00,3.17,3.2259300391619528
2018-08-11 21:45:00,3.24,3.2392502242652275
2018-08-11 22:00:00,3.49,3.144936435401567
2018-08-11 22:15:00,2.88,3.430505500907122
2018-08-11 22:30:00,2.74,4.14555526110609
2018-08-11 22:45:00,3.17,2.999488592094052
2018-08-11 23:00:00,3.24,3.0663909757355543
2018-08-11 23:15:00,2.59,3.1189889387983705
2018-08-11 23:30:00,2.66,3.4472955508611425
2018-08-11 23:45:00,2.7,3.013646585098105
2018-08-12 00:00:00,2.7,3.0071557806953586
2018-08-12 00:15:00,2.74,3.066937380656945
2018-08-12 00:30:00,2.74,3.066937380656945
2018-08-12 00:45:00,2.7,3.0071557806953586
2018-08-12 01:00:00,2.7,3.0071557806953586
2018-08-12 01:15:00,2.7,3.0087518054122446
2018-08-12 01:30:00,2.74,3.051026263726426
2018-08-12 01:45:00,2.81,3.0272929584613295
2018-08-12 02:00:00,2.77,3.0087518054122446
2018-08-12 02:15:00,2.77,3.0087518054122446
2018-08-12 02:30:00,3.06,3.0087518054122446
2018-08-12 02:45:00,3.06,2.8956407486009224
2018-08-12 03:00:00,2.77,3.066658689326138
2018-08-12 03:15:00,2.77,3.070099258719064
2018-08-12 03:30:00,2.84,2.9228146232589447
2018-08-12 03:45:00,2.77,2.997082845375234
2018-08-12 04:00:00,2.77,3.046265652523948
2018-08-12 04:15:00,2.77,3.0052426592191277
2018-08-12 04:30:00,2.81,3.0052426592191277
2018-08-12 04:45:00,3.28,3.009105593518829
2018-08-12 05:00:00,3.2,3.0501285868236496
2018-08-12 05:15:00,2.74,3.3955865910740277
2018-08-12 05:30:00,2.66,3.2421890283121475
2018-08-12 05:45:00,2.74,3.009105593518829
2018-08-12 06:00:00,2.77,3.11835371603045
2018-08-12 06:15:00,2.74,3.100230219733644
2018-08-12 06:30:00,3.17,3.100230219733644
2018-08-12 06:45:00,2.84,3.115725845927405
2018-08-12 07:00:00,2.74,3.18496731662004
2018-08-12 07:15:00,2.7,3.026348094381179
2018-08-12 07:30:00,2.7,3.8862231920696373
2018-08-12 07:45:00,2.63,4.288488625539512
2018-08-12 08:00:00,2.59,21.341154231449053
2018-08-12 08:15:00,2.63,37.83020453596014
2018-08-12 08:30:00,2.7,7.085353769803925
2018-08-12 08:45:00,2.95,20.164815213330634
2018-08-12 09:00:00,3.06,7.7451595139689235
2018-08-12 09:15:00,3.02,17.275121204802574
2018-08-12 09:30:00,3.1,7.895652989051014
2018-08-12 09:45:00,3.06,15.554739066791178
2018-08-12 10:00:00,3.06,3.3857401997947822
2018-08-12 10:15:00,3.1,2.896511470267256
2018-08-12 10:30:00,3.64,3.5037442392973355
2018-08-12 10:45:00,3.13,8.418439624694509
2018-08-12 11:00:00,3.02,10.987463190650674
2018-08-12 11:15:00,3.24,6.981409846345214
2018-08-12 11:30:00,2.7,8.43323349546044
2018-08-12 11:45:00,2.77,4.5076177220833245
2018-08-12 12:00:00,2.88,3.21808095825932
2018-08-12 12:15:00,3.06,2.5784684893772494
2018-08-12 12:30:00,3.06,2.8913476752258322
2018-08-12 12:45:00,3.06,3.17775112991607
2018-08-12 13:00:00,3.1,3.6627933608924916
2018-08-12 13:15:00,3.06,7.225008815872249
2018-08-12 13:30:00,3.1,10.492303258622538
2018-08-12 13:45:00,3.02,11.237378262448537
2018-08-12 14:00:00,3.02,8.361893394417237
2018-08-12 14:15:00,2.99,8.315425996743702
2018-08-12 14:30:00,3.06,8.790605546523508
2018-08-12 14:45:00,3.02,7.8626011761818475
2018-08-12 15:00:00,3.06,9.139765968641177
2018-08-12 15:15:00,3.1,4.46674269431878
2018-08-12 15:30:00,3.64,4.42203693544576
2018-08-12 15:45:00,3.06,6.835400247933796
2018-08-12 16:00:00,3.1,5.649481831856686
2018-08-12 16:15:00,2.99,0.13907084748677867
2018-08-12 16:30:00,3.02,4.668623094857081
2018-08-12 16:45:00,3.02,2.938750992325231
2018-08-12 17:00:00,3.02,2.9482107265785635
2018-08-12 17:15:00,3.56,2.810780138313317
2018-08-12 17:30:00,3.38,2.757409997523723
2018-08-12 17:45:00,2.99,2.9380681518480563
2018-08-12 18:00:00,2.77,3.2900583365860787
2018-08-12 18:15:00,2.74,3.7706815988965605
2018-08-12 18:30:00,2.88,3.771313592322989
2018-08-12 18:45:00,2.99,3.463803309758944
2018-08-12 19:00:00,3.02,3.463803309758944
2018-08-12 19:15:00,3.06,2.8846110624428207
2018-08-12 19:30:00,3.02,2.8961109604624418
2018-08-12 19:45:00,3.06,2.891749772531237
2018-08-12 20:00:00,3.02,2.8826081513342716
2018-08-12 20:15:00,3.46,2.894377642634282
2018-08-12 20:30:00,3.28,2.8116532502631997
2018-08-12 20:45:00,3.13,3.2226888936363944
2018-08-12 21:00:00,3.13,3.307528087345014
2018-08-12 21:15:00,3.13,2.8110311879791334
2018-08-12 21:30:00,3.13,2.8110311879791334
2018-08-12 21:45:00,3.13,2.929635838779868
2018-08-12 22:00:00,2.99,2.9117266791572116
2018-08-12 22:15:00,2.7,2.7806062352930723
2018-08-12 22:30:00,2.92,2.762931076227938
2018-08-12 22:45:00,3.28,2.732936583066567
2018-08-12 23:00:00,2.88,2.8108904201384806
2018-08-12 23:15:00,2.66,3.160225545672037
2018-08-12 23:30:00,2.74,2.7337807308095066
2018-08-12 23:45:00,2.74,2.72728992640676
2018-08-13 00:00:00,2.77,2.9366039887467084
2018-08-13 00:15:00,2.81,2.989894784305548
2018-08-13 00:30:00,3.28,2.932741054447007
2018-08-13 00:45:00,2.74,2.930113184343962
2018-08-13 01:00:00,2.77,3.3510091067613486
2018-08-13 01:15:00,2.77,2.931709209060848
2018-08-13 01:30:00,2.81,2.934337079163893
2018-08-13 01:45:00,2.77,2.934337079163893
2018-08-13 02:00:00,2.77,2.9876278747227327
2018-08-13 02:15:00,2.81,2.931709209060848
2018-08-13 02:30:00,2.84,2.8566081651344564
2018-08-13 02:45:00,2.77,2.951513858724708
2018-08-13 03:00:00,2.7,2.934337079163893
2018-08-13 03:15:00,2.74,2.95888308371887
2018-08-13 03:30:00,2.7,2.8811541696894336
2018-08-13 03:45:00,2.74,2.9143993985009025
2018-08-13 04:00:00,2.74,2.9635822056496166
2018-08-13 04:15:00,2.81,2.9635822056496166
2018-08-13 04:30:00,3.74,3.0802637995528066
2018-08-13 04:45:00,3.74,3.0809577078901893
2018-08-13 05:00:00,2.74,4.3059309690210785
2018-08-13 05:15:00,2.7,4.3059309690210785
2018-08-13 05:30:00,2.7,2.9609543355465715
2018-08-13 05:45:00,2.66,3.041311119679053
2018-08-13 06:00:00,2.66,3.058569766164133
2018-08-13 06:15:00,2.63,3.058569766164133
2018-08-13 06:30:00,2.74,2.8861996179332436
2018-08-13 06:45:00,2.7,2.8861996179332436
2018-08-13 07:00:00,2.7,3.008403404058358
2018-08-13 07:15:00,3.53,3.008403404058358
2018-08-13 07:30:00,4.03,3.9540204342531937
2018-08-13 07:45:00,3.85,6.422267127695382
2018-08-13 08:00:00,26.64,26.18457455630071
2018-08-13 08:15:00,92.23,55.37868343773651
2018-08-13 08:30:00,82.08,57.546090600339234
2018-08-13 08:45:00,119.92,87.49800426634197
2018-08-13 09:00:00,92.34,81.51376236055414
2018-08-13 09:15:00,110.2,81.94523717064439
2018-08-13 09:30:00,89.78,86.26646723371101
2018-08-13 09:45:00,106.34,91.49788836975141
2018-08-13 10:00:00,84.31,95.54269583388489
2018-08-13 10:15:00,104.62,84.79751422934395
2018-08-13 10:30:00,81.94,92.58763248671156
2018-08-13 10:45:00,100.66,86.32942997292753
2018-08-13 11:00:00,101.99,87.69826706207225
2018-08-13 11:15:00,81.54,94.42839195254204
2018-08-13 11:30:00,100.94,100.08589114690409
2018-08-13 11:45:00,96.55,91.26094028755409
2018-08-13 12:00:00,28.87,17.73806267618612
2018-08-13 12:15:00,24.01,12.632242878006299
2018-08-13 12:30:00,4.97,19.861795891362373
2018-08-13 12:45:00,4.97,25.918565598643216
2018-08-13 13:00:00,60.48,85.98298008689909
2018-08-13 13:15:00,90.07,93.42015925965467
2018-08-13 13:30:00,107.6,100.21295959719082
2018-08-13 13:45:00,111.46,101.75000324207025
2018-08-13 14:00:00,105.19,106.62777724423286
2018-08-13 14:15:00,85.75,106.4628036523439
2018-08-13 14:30:00,109.19,83.07888246708916
2018-08-13 14:45:00,93.6,72.9882096407442
2018-08-13 15:00:00,57.56,83.36250981922541
2018-08-13 15:15:00,57.64,92.8578815824687
2018-08-13 15:30:00,75.64,72.07567375745359
2018-08-13 15:45:00,76.1,72.31359008367527
2018-08-13 16:00:00,91.98,84.3991135344242
2018-08-13 16:15:00,85.18,79.05158399408914
2018-08-13 16:30:00,102.64,81.62156890376184
2018-08-13 16:45:00,110.05,78.93415327897624
2018-08-13 17:00:00,95.36,78.34397077743054
2018-08-13 17:15:00,101.2,93.75354242376231
2018-08-13 17:30:00,35.21,49.37573679496754
2018-08-13 17:45:00,32.11,36.4524368788608
2018-08-13 18:00:00,68.29,70.33111150674291
2018-08-13 18:15:00,86.9,89.0743474764126
2018-08-13 18:30:00,103.1,88.1697436255983
2018-08-13 18:45:00,70.13,100.70014779241755
2018-08-13 19:00:00,103.68,93.2223684741022
2018-08-13 19:15:00,88.74,92.70994678518815
2018-08-13 19:30:00,104.4,85.43983505449523
2018-08-13 19:45:00,83.63,89.17521858329017
2018-08-13 20:00:00,99.68,91.2488319176445
2018-08-13 20:15:00,91.98,92.69704128042613
2018-08-13 20:30:00,105.37,85.5604466707718
2018-08-13 20:45:00,68.29,48.7536924776346
2018-08-13 21:00:00,6.05,25.26753687272617
2018-08-13 21:15:00,4.61,18.42250335771971
2018-08-13 21:30:00,4.43,5.27884199145622
2018-08-13 21:45:00,4.1,3.2145572169801397
2018-08-13 22:00:00,3.89,5.3632777434890375
2018-08-13 22:15:00,3.6,2.8874388705803247
2018-08-13 22:30:00,3.67,6.433415618971984
2018-08-13 22:45:00,3.67,4.760219340631579
2018-08-13 23:00:00,3.64,5.060414151555338
2018-08-13 23:15:00,2.99,3.290366202890724
2018-08-13 23:30:00,2.84,3.5261969568358373
2018-08-13 23:45:00,2.84,2.8308733482243222
2018-08-14 00:00:00,2.84,3.178313208129352
2018-08-14 00:15:00,3.06,2.9283284206780724
2018-08-14 00:30:00,3.46,3.3095663750322415
2018-08-14 00:45:00,2.81,2.7675013074991344
2018-08-14 01:00:00,2.84,3.557798445747256
2018-08-14 01:15:00,2.92,3.257575681513081
2018-08-14 01:30:00,2.84,3.257575681513081
2018-08-14 01:45:00,2.84,3.257575681513081
2018-08-14 02:00:00,3.13,3.310866477071921
2018-08-14 02:15:00,3.02,3.1765820777526956
2018-08-14 02:30:00,3.06,3.254378939843713
2018-08-14 02:45:00,3.02,3.217605071057516
2018-08-14 03:00:00,3.02,3.2293745623575267
2018-08-14 03:15:00,3.06,3.2421510756124934
2018-08-14 03:30:00,3.31,3.324584317293389
2018-08-14 03:45:00,3.56,3.2910287300236742
2018-08-14 04:00:00,2.92,3.7149230434275764
2018-08-14 04:15:00,2.92,3.7149230434275764
2018-08-14 04:30:00,2.88,3.3971596577555965
2018-08-14 04:45:00,2.92,3.3971596577555965
2018-08-14 05:00:00,2.92,3.3401099696120697
2018-08-14 05:15:00,2.92,3.2990869763072492
2018-08-14 05:30:00,2.88,3.3245791115726764
2018-08-14 05:45:00,2.88,3.3245791115726764
2018-08-14 06:00:00,2.92,3.283556118267856
2018-08-14 06:15:00,3.46,3.283556118267856
2018-08-14 06:30:00,2.84,3.283556118267856
2018-08-14 06:45:00,2.81,3.48914448636776
2018-08-14 07:00:00,2.81,3.283556118267856
2018-08-14 07:15:00,3.35,3.4661410714196004
2018-08-14 07:30:00,3.92,4.419009039554805
2018-08-14 07:45:00,3.67,5.800894523292677
2018-08-14 08:00:00,22.32,50.97289062943111
2018-08-14 08:15:00,101.63,64.45266711142578
2018-08-14 08:30:00,93.49,59.22147733491673
2018-08-14 08:45:00,69.41,88.83041986116571
2018-08-14 09:00:00,96.66,91.70473942893956
2018-08-14 09:15:00,82.69,89.8291470140972
2018-08-14 09:30:00,76.28,73.32072124896906
2018-08-14 09:45:00,97.49,85.37647781425603
2018-08-14 10:00:00,105.88,67.82408023176377
2018-08-14 10:15:00,91.8,85.33700719635749
2018-08-14 10:30:00,106.49,94.08467797688162
2018-08-14 10:45:00,57.28,78.85404539921898
2018-08-14 11:00:00,63.79,87.5939883919255
2018-08-14 11:15:00,72.68,64.25253511151011
2018-08-14 11:30:00,53.21,67.02916942988543
2018-08-14 11:45:00,72.86,76.14520367250039
2018-08-14 12:00:00,15.23,15.430042908385591
2018-08-14 12:15:00,5.87,9.78051309225815
2018-08-14 12:30:00,5.87,6.885766708552041
2018-08-14 12:45:00,5.76,5.265742564020583
2018-08-14 13:00:00,52.99,50.16054539206609
2018-08-14 13:15:00,63.25,90.20927330375292
2018-08-14 13:30:00,71.42,75.14766003330388
2018-08-14 13:45:00,66.1,67.25781874473093
2018-08-14 14:00:00,74.48,70.11800907296531
2018-08-14 14:15:00,96.12,71.72916853488485
2018-08-14 14:30:00,81.22,68.74664330519938
2018-08-14 14:45:00,96.7,86.25736895756454
2018-08-14 15:00:00,95.08,79.20062490276203
2018-08-14 15:15:00,75.92,89.99617280745035
2018-08-14 15:30:00,89.78,92.75935770935776
2018-08-14 15:45:00,93.64,90.71219266225813
2018-08-14 16:00:00,83.59,83.11428848771044
2018-08-14 16:15:00,88.09,86.26576131962834
2018-08-14 16:30:00,105.26,85.07133747164711
2018-08-14 16:45:00,86.0,80.43601094074252
2018-08-14 17:00:00,105.48,82.50436508024403
2018-08-14 17:15:00,70.99,83.07142494618915
2018-08-14 17:30:00,29.92,36.43283792617975
2018-08-14 17:45:00,29.99,42.75186592209172
2018-08-14 18:00:00,67.5,57.18857051272448
2018-08-14 18:15:00,106.45,86.62638689258752
2018-08-14 18:30:00,85.03,85.89070738723102
2018-08-14 18:45:00,108.36,104.32283486104619
2018-08-14 19:00:00,75.89,93.24672624708366
2018-08-14 19:15:00,95.94,100.97396816442858
2018-08-14 19:30:00,82.62,85.00253799796488
2018-08-14 19:45:00,89.5,95.07393440042512
2018-08-14 20:00:00,95.44,90.26632995975056
2018-08-14 20:15:00,81.61,75.85589171489477
2018-08-14 20:30:00,119.34,84.8520258915336
2018-08-14 20:45:00,37.73,53.1749603695981
2018-08-14 21:00:00,28.4,32.788880188632504
2018-08-14 21:15:00,4.0,9.876317114573643
2018-08-14 21:30:00,3.89,20.867526533371354
2018-08-14 21:45:00,3.85,5.4188869097210075
2018-08-14 22:00:00,3.42,2.310140522494055
2018-08-14 22:15:00,2.77,3.4752262399656604
2018-08-14 22:30:00,2.77,1.116397667043355
2018-08-14 22:45:00,2.77,2.8075660742640975
2018-08-14 23:00:00,2.74,2.5975539683770705
2018-08-14 23:15:00,2.74,3.000088860016794
2018-08-14 23:30:00,2.74,3.211639775726913
2018-08-14 23:45:00,2.74,3.1435635656195973
2018-08-15 00:00:00,2.74,3.150057971518536
2018-08-15 00:15:00,2.74,3.090786391612991
2018-08-15 00:30:00,2.59,3.0371255167714737
2018-08-15 00:45:00,2.63,2.568219340035652
2018-08-15 01:00:00,2.59,3.309052998747354
2018-08-15 01:15:00,2.63,3.2696260301594195
2018-08-15 01:30:00,2.63,3.2696260301594195
2018-08-15 01:45:00,2.59,3.188632426399034
2018-08-15 02:00:00,2.95,3.2296554197038545
2018-08-15 02:15:00,3.13,3.2296554197038545
2018-08-15 02:30:00,3.2,3.095410075527991
2018-08-15 02:45:00,2.81,2.926752091727108
2018-08-15 03:00:00,2.59,3.094456990127493
2018-08-15 03:15:00,2.59,3.078933086778148
2018-08-15 03:30:00,2.63,3.14631725545111
2018-08-15 03:45:00,2.7,3.2638331393410134
2018-08-15 04:00:00,2.74,3.2589765533558923
2018-08-15 04:15:00,2.66,3.1678519271410774
2018-08-15 04:30:00,2.59,3.161361122738331
2018-08-15 04:45:00,2.63,3.161361122738331
2018-08-15 05:00:00,2.63,3.161361122738331
2018-08-15 05:15:00,2.63,3.161361122738331
2018-08-15 05:30:00,2.66,3.161361122738331
2018-08-15 05:45:00,2.59,3.2023841160431514
2018-08-15 06:00:00,2.59,3.2023841160431514
2018-08-15 06:15:00,2.99,3.301430612556634
2018-08-15 06:30:00,3.06,3.2956064669141942
2018-08-15 06:45:00,2.59,3.2770653138651094
2018-08-15 07:00:00,2.66,3.333720732769642
2018-08-15 07:15:00,3.1,4.223770369204986
2018-08-15 07:30:00,3.64,4.2730880686907255
2018-08-15 07:45:00,5.8,4.147275894568368
2018-08-15 08:00:00,33.73,41.8085654940749
2018-08-15 08:15:00,46.76,80.11252761451728
2018-08-15 08:30:00,56.99,50.305790512517696
2018-08-15 08:45:00,62.42,59.76105396404596
2018-08-15 09:00:00,57.46,65.44344872791098
2018-08-15 09:15:00,81.11,61.01436363420536
2018-08-15 09:30:00,101.02,58.20889899892517
2018-08-15 09:45:00,82.3,73.41870708415776
2018-08-15 10:00:00,100.69,83.52851328417938
2018-08-15 10:15:00,112.68,84.71317950411967
2018-08-15 10:30:00,99.97,92.97675940287851
2018-08-15 10:45:00,111.17,94.91538871891623
2018-08-15 11:00:00,83.34,82.19330616249202
2018-08-15 11:15:00,113.98,73.06216525864308
2018-08-15 11:30:00,69.7,91.1983125021426
2018-08-15 11:45:00,70.45,75.06039847839618
2018-08-15 12:00:00,6.91,12.391469617723725
2018-08-15 12:15:00,7.81,8.117586600543914
2018-08-15 12:30:00,7.02,7.078966215406648
2018-08-15 12:45:00,7.13,12.574269409475963
2018-08-15 13:00:00,46.12,63.17688232544425
2018-08-15 13:15:00,107.35,68.98983241326233
2018-08-15 13:30:00,67.68,83.6454504589332
2018-08-15 13:45:00,103.32,103.05096868724164
2018-08-15 14:00:00,108.68,77.51150348214969
2018-08-15 14:15:00,66.35,75.77513013805019
2018-08-15 14:30:00,99.76,97.74279736908863
2018-08-15 14:45:00,92.27,86.07138847817504
2018-08-15 15:00:00,72.32,85.82484410571108
2018-08-15 15:15:00,49.61,96.53705035749721
2018-08-15 15:30:00,78.05,87.19457309784754
2018-08-15 15:45:00,99.68,70.06774444007468
2018-08-15 16:00:00,99.0,75.27283131864367
2018-08-15 16:15:00,78.19,85.84216175318694
2018-08-15 16:30:00,71.42,83.8946010568264
2018-08-15 16:45:00,18.86,85.5934976286208
2018-08-15 17:00:00,5.4,68.51052776991179
2018-08-15 17:15:00,3.96,11.920093168273107
2018-08-15 17:30:00,3.85,4.695960778939186
2018-08-15 17:45:00,3.38,5.56366141505285
2018-08-15 18:00:00,2.99,8.423053733279199
2018-08-15 18:15:00,2.81,5.352688431413219
2018-08-15 18:30:00,2.99,2.661949841330744
2018-08-15 18:45:00,3.2,2.2208631139743433
2018-08-15 19:00:00,3.17,5.75034979254479
2018-08-15 19:15:00,3.1,6.450290777876693
2018-08-15 19:30:00,3.13,3.3609611425128887
2018-08-15 19:45:00,3.13,1.3511940467413275
2018-08-15 20:00:00,3.17,2.0252217223488587
2018-08-15 20:15:00,3.28,5.520500357386414
2018-08-15 20:30:00,3.13,1.5209221815821758
2018-08-15 20:45:00,3.2,4.169704513574716
2018-08-15 21:00:00,3.2,4.0688316177185175
2018-08-15 21:15:00,3.28,3.5797966965255053
2018-08-15 21:30:00,3.24,3.4988030927651197
2018-08-15 21:45:00,3.28,3.652200655527
2018-08-15 22:00:00,3.56,3.6108412268378043
2018-08-15 22:15:00,3.1,3.568566768523623
2018-08-15 22:30:00,2.81,3.4606413915773
2018-08-15 22:45:00,2.84,3.2064413140565375
2018-08-15 23:00:00,3.38,3.147185605014605
2018-08-15 23:15:00,3.1,3.1405278590354886
2018-08-15 23:30:00,2.81,3.528090180140193
2018-08-15 23:45:00,2.81,3.1536969234190884
2018-08-16 00:00:00,2.84,3.080599839778849
2018-08-16 00:15:00,2.81,3.080599839778849
2018-08-16 00:30:00,2.7,3.1338906353376887
2018-08-16 00:45:00,2.66,3.0767369054791476
2018-08-16 01:00:00,2.74,3.080599839778849
2018-08-16 01:15:00,2.7,3.082195864495735
2018-08-16 01:30:00,2.7,3.082195864495735
2018-08-16 01:45:00,2.63,3.0783329301960336
2018-08-16 02:00:00,2.66,3.0942462131420734
2018-08-16 02:15:00,2.66,3.135269206446894
2018-08-16 02:30:00,2.95,3.0942462131420734
2018-08-16 02:45:00,3.31,3.0757050600929885
2018-08-16 03:00:00,2.74,3.0757050600929885
2018-08-16 03:15:00,2.74,3.481623400951748
2018-08-16 03:30:00,2.66,3.1002510646479657
2018-08-16 03:45:00,2.74,3.1334962934594346
2018-08-16 04:00:00,2.66,3.185306970711194
2018-08-16 04:15:00,2.81,3.200837828750587
2018-08-16 04:30:00,2.7,3.1826791006081487
2018-08-16 04:45:00,2.81,3.0695680437968265
2018-08-16 05:00:00,3.31,3.0695680437968265
2018-08-16 05:15:00,2.81,3.110591037101647
2018-08-16 05:30:00,2.77,3.4599119756517265
2018-08-16 05:45:00,2.7,3.0721959138998716
2018-08-16 06:00:00,2.74,3.0695680437968265
2018-08-16 06:15:00,2.7,3.0721959138998716
2018-08-16 06:30:00,2.74,3.2082064677192084
2018-08-16 06:45:00,2.7,3.185306970711194
2018-08-16 07:00:00,2.63,3.185306970711194
2018-08-16 07:15:00,3.49,3.116459555636635
2018-08-16 07:30:00,4.1,4.027240149698808
2018-08-16 07:45:00,5.18,6.643977260051796
2018-08-16 08:00:00,69.08,49.4733130262769
2018-08-16 08:15:00,78.05,66.47879272827551
2018-08-16 08:30:00,89.89,82.73048078520621
2018-08-16 08:45:00,111.89,91.11075889332355
2018-08-16 09:00:00,80.03,80.47143612258044
2018-08-16 09:15:00,98.53,81.88945223172736
2018-08-16 09:30:00,116.6,77.00329775889386
2018-08-16 09:45:00,80.21,80.13706302570873
2018-08-16 10:00:00,103.03,106.92849492320731
2018-08-16 10:15:00,105.62,88.34179210355532
2018-08-16 10:30:00,70.27,81.53594554766885
2018-08-16 10:45:00,40.0,102.65819859429591
2018-08-16 11:00:00,58.03,89.04505398136399
2018-08-16 11:15:00,53.75,51.125050188539156
2018-08-16 11:30:00,47.16,69.24953456703295
2018-08-16 11:45:00,36.97,53.23095368119636
2018-08-16 12:00:00,4.93,10.16895455717932
2018-08-16 12:15:00,4.64,9.435504588008312
2018-08-16 12:30:00,4.64,5.2568342642490125
2018-08-16 12:45:00,4.61,14.836924539429509
2018-08-16 13:00:00,32.51,49.40710308452179
2018-08-16 13:15:00,108.68,49.427724694571516
2018-08-16 13:30:00,100.51,59.78580613650726
2018-08-16 13:45:00,57.89,84.98680145902442
2018-08-16 14:00:00,51.44,96.07981796174947
2018-08-16 14:15:00,46.33,63.67659401683351
2018-08-16 14:30:00,43.85,67.32081516826504
2018-08-16 14:45:00,44.14,61.89536517890168
2018-08-16 15:00:00,65.41,48.4842628198957
2018-08-16 15:15:00,45.18,43.206874689129414
2018-08-16 15:30:00,55.84,65.75248193278127
2018-08-16 15:45:00,44.32,50.35405685227559
2018-08-16 16:00:00,41.4,53.42408044924028
2018-08-16 16:15:00,45.47,47.327504904422064
2018-08-16 16:30:00,53.14,47.940396714409104
2018-08-16 16:45:00,43.31,51.24673095750763
2018-08-16 17:00:00,55.22,52.64243203692602
2018-08-16 17:15:00,57.42,38.995818199668605
2018-08-16 17:30:00,27.79,32.759198321346645
2018-08-16 17:45:00,28.08,33.465889463888004
2018-08-16 18:00:00,33.16,32.18872141393002
2018-08-16 18:15:00,48.89,38.85467772473438
2018-08-16 18:30:00,50.8,48.63624345530922
2018-08-16 18:45:00,58.68,52.32801179389519
2018-08-16 19:00:00,43.56,52.03823480535698
2018-08-16 19:15:00,60.37,53.9664792543546
2018-08-16 19:30:00,39.56,46.17502332566724
2018-08-16 19:45:00,47.45,53.31694003114395
2018-08-16 20:00:00,54.61,45.08141719241494
2018-08-16 20:15:00,48.67,52.93580588244293
2018-08-16 20:30:00,37.55,49.147072217286976
2018-08-16 20:45:00,13.36,20.052312778626614
2018-08-16 21:00:00,5.15,12.965825840474716
2018-08-16 21:15:00,3.85,5.3080678633568645
2018-08-16 21:30:00,3.64,3.2444644563576595
2018-08-16 21:45:00,3.6,3.8265339965253156
2018-08-16 22:00:00,3.6,3.7960803762712603
2018-08-16 22:15:00,3.49,3.829083795479791
2018-08-16 22:30:00,3.49,3.605788666817894
2018-08-16 22:45:00,3.31,3.632176454007012
2018-08-16 23:00:00,3.13,3.6148867659672876
2018-08-16 23:15:00,2.74,3.60657941145085
2018-08-16 23:30:00,2.74,3.252056251412232
2018-08-16 23:45:00,2.77,3.2148842390980743
2018-08-17 00:00:00,2.77,3.1227004320003005
2018-08-17 00:15:00,2.84,3.1120059130912487
2018-08-17 00:30:00,2.81,3.1041592789512156
2018-08-17 00:45:00,2.77,3.0743080098574374
2018-08-17 01:00:00,2.81,3.0743080098574374
2018-08-17 01:15:00,2.77,3.08239483897707
2018-08-17 01:30:00,2.77,2.997538300916983
2018-08-17 01:45:00,2.74,2.997538300916983
2018-08-17 02:00:00,2.77,2.997538300916983
2018-08-17 02:15:00,2.74,2.997538300916983
2018-08-17 02:30:00,2.77,3.0609653815705897
2018-08-17 02:45:00,3.28,3.039812759231164
2018-08-17 03:00:00,3.06,2.997538300916983
2018-08-17 03:15:00,2.77,3.4008287716726975
2018-08-17 03:30:00,2.77,2.92460567426035
2018-08-17 03:45:00,2.77,2.9395906073690616
2018-08-17 04:00:00,2.99,2.991401284620821
2018-08-17 04:15:00,3.46,3.086388845135337
2018-08-17 04:30:00,3.24,3.104512341432143
2018-08-17 04:45:00,2.77,3.494856273287043
2018-08-17 05:00:00,2.81,3.4093414560405186
2018-08-17 05:15:00,2.81,3.1083752757318446
2018-08-17 05:30:00,2.77,2.991401284620821
2018-08-17 05:45:00,2.74,3.086388845135337
2018-08-17 06:00:00,2.81,3.086388845135337
2018-08-17 06:15:00,2.77,2.9952642189205223
2018-08-17 06:30:00,2.77,2.9952642189205223
2018-08-17 06:45:00,2.7,2.9952642189205223
2018-08-17 07:00:00,3.28,3.104512341432143
2018-08-17 07:15:00,2.99,3.1851819229480998
2018-08-17 07:30:00,3.1,4.361780187426603
2018-08-17 07:45:00,3.17,4.490596684689281
2018-08-17 08:00:00,33.84,22.85222279839952
2018-08-17 08:15:00,40.72,34.85916029479245
2018-08-17 08:30:00,64.94,62.33300844758773
2018-08-17 08:45:00,50.22,51.20566850082828
2018-08-17 09:00:00,45.86,54.98514415435813
2018-08-17 09:15:00,40.5,58.829016952031594
2018-08-17 09:30:00,45.65,51.22868407203796
2018-08-17 09:45:00,42.12,41.65395582330443
2018-08-17 10:00:00,46.08,41.607804046903745
2018-08-17 10:15:00,42.01,42.6606216344561
2018-08-17 10:30:00,44.53,47.52263942404811
2018-08-17 10:45:00,43.49,45.3142685789967
2018-08-17 11:00:00,41.4,46.00794963996112
2018-08-17 11:15:00,63.0,45.59981338439842
2018-08-17 11:30:00,45.07,40.86195946260788
2018-08-17 11:45:00,36.25,48.817086766662875
2018-08-17 12:00:00,4.07,8.159014953002394
2018-08-17 12:15:00,4.86,7.828912235621099
2018-08-17 12:30:00,5.26,4.239484479664425
2018-08-17 12:45:00,5.11,4.333568248217058
2018-08-17 13:00:00,28.12,22.210519396357558
2018-08-17 13:15:00,81.14,44.78822204926552
2018-08-17 13:30:00,86.62,52.252057904251075
2018-08-17 13:45:00,91.19,76.25325878532047
2018-08-17 14:00:00,77.65,78.01035658217734
2018-08-17 14:15:00,65.45,80.41381075386124
2018-08-17 14:30:00,91.37,67.68135884608186
2018-08-17 14:45:00,82.01,58.92259192333663
2018-08-17 15:00:00,75.6,67.32543437700754
2018-08-17 15:15:00,71.46,74.04875989747741
2018-08-17 15:30:00,58.61,66.71135678712643
2018-08-17 15:45:00,59.08,67.24298630628414
2018-08-17 16:00:00,89.06,60.40412751096403
2018-08-17 16:15:00,85.14,64.37879081334242
2018-08-17 16:30:00,109.73,78.42410125803949
2018-08-17 16:45:00,118.76,76.9362328386461
2018-08-17 17:00:00,64.3,75.92096647231375
2018-08-17 17:15:00,40.28,93.30266561037804
2018-08-17 17:30:00,30.06,40.641212225047646
2018-08-17 17:45:00,30.6,32.25809272584411
2018-08-17 18:00:00,43.52,52.437079561218546
2018-08-17 18:15:00,51.41,62.09748324056079
2018-08-17 18:30:00,49.03,66.06111950139696
2018-08-17 18:45:00,51.95,67.90411087254535
2018-08-17 19:00:00,67.61,57.03352968906793
2018-08-17 19:15:00,60.62,55.61832454946501
2018-08-17 19:30:00,42.95,56.80443000345901
2018-08-17 19:45:00,41.94,57.5770526646448
2018-08-17 20:00:00,45.86,48.297769744447436
2018-08-17 20:15:00,48.31,46.04337164598242
2018-08-17 20:30:00,92.59,44.07342147468416
2018-08-17 20:45:00,51.26,27.510712661740925
2018-08-17 21:00:00,11.09,15.696202187809234
2018-08-17 21:15:00,4.46,6.150104788461299
2018-08-17 21:30:00,3.74,0.0
2018-08-17 21:45:00,3.6,5.36261591121035
2018-08-17 22:00:00,3.49,4.7119684350980355
2018-08-17 22:15:00,3.35,3.546602838950469
2018-08-17 22:30:00,3.28,3.749938774738062
2018-08-17 22:45:00,2.63,3.2044336163117793
2018-08-17 23:00:00,2.63,3.5103588314231406
2018-08-17 23:15:00,2.56,3.04834607766538
2018-08-17 23:30:00,2.63,3.1120059130912487
2018-08-17 23:45:00,3.13,3.1340896098190236
2018-08-18 00:00:00,2.92,3.1479309844173304
2018-08-18 00:15:00,2.59,3.1659462465467616
2018-08-18 00:30:00,2.66,3.058219053587936
2018-08-18 00:45:00,2.63,3.0905186701758516
2018-08-18 01:00:00,2.66,3.0660656877279693
2018-08-18 01:15:00,2.63,2.862790090792799
2018-08-18 01:30:00,2.66,3.133396272580496
2018-08-18 01:45:00,2.7,3.0087518054122446
2018-08-18 02:00:00,2.63,3.0087518054122446
2018-08-18 02:15:00,2.63,3.0087518054122446
2018-08-18 02:30:00,2.7,3.0087518054122446
2018-08-18 02:45:00,2.95,3.051026263726426
2018-08-18 03:00:00,2.88,2.936663741905743
2018-08-18 03:15:00,2.52,2.9201867531558996
2018-08-18 03:30:00,2.48,2.9201867531558996
2018-08-18 03:45:00,2.52,2.9534319819673684
2018-08-18 04:00:00,2.59,3.1342669989764897
2018-08-18 04:15:00,2.56,3.15540086655666
2018-08-18 04:30:00,2.52,3.028975964484224
2018-08-18 04:45:00,2.52,3.0026147891160826
2018-08-18 05:00:00,2.56,3.0026147891160826
2018-08-18 05:15:00,2.48,3.0026147891160826
2018-08-18 05:30:00,2.56,3.0026147891160826
2018-08-18 05:45:00,2.88,3.0026147891160826
2018-08-18 06:00:00,2.88,3.0026147891160826
2018-08-18 06:15:00,2.52,3.0026147891160826
2018-08-18 06:30:00,2.81,3.0026147891160826
2018-08-18 06:45:00,3.06,3.0026147891160826
2018-08-18 07:00:00,2.66,3.1400911446189297
2018-08-18 07:15:00,2.81,3.188322980196096
2018-08-18 07:30:00,7.88,3.1242387241358576
2018-08-18 07:45:00,26.93,2.740795099167775
2018-08-18 08:00:00,81.43,45.89001353550346
2018-08-18 08:15:00,110.7,56.67733521630451
2018-08-18 08:30:00,73.91,77.88130141774359
2018-08-18 08:45:00,79.92,83.8350060534433
2018-08-18 09:00:00,85.68,81.39489848707595
2018-08-18 09:15:00,75.6,58.92091482670414
2018-08-18 09:30:00,64.26,69.88177751504435
2018-08-18 09:45:00,80.96,62.01359945673544
2018-08-18 10:00:00,109.12,61.97930572385116
2018-08-18 10:15:00,82.98,58.749001209265316
2018-08-18 10:30:00,72.07,84.58459003528236
2018-08-18 10:45:00,115.38,85.69009467518002
2018-08-18 11:00:00,47.09,69.91372509286045
2018-08-18 11:15:00,45.79,83.66683992645628
2018-08-18 11:30:00,38.56,68.21545480300298
2018-08-18 11:45:00,26.57,43.38084399311825
2018-08-18 12:00:00,3.67,4.829385418157198
2018-08-18 12:15:00,3.56,10.524754259061417
2018-08-18 12:30:00,4.25,7.860979426436457
2018-08-18 12:45:00,4.32,5.5344242063203115
2018-08-18 13:00:00,26.89,39.904031837435795
2018-08-18 13:15:00,44.28,55.33342375354901
2018-08-18 13:30:00,46.55,55.535610274860254
2018-08-18 13:45:00,52.16,43.71151554293835
2018-08-18 14:00:00,48.71,47.36098207818308
2018-08-18 14:15:00,50.87,51.48756203382806
2018-08-18 14:30:00,47.77,45.95687697683023
2018-08-18 14:45:00,43.2,49.36895524438997
2018-08-18 15:00:00,46.08,56.839699721268175
2018-08-18 15:15:00,52.02,42.76994630826881
2018-08-18 15:30:00,67.1,47.8860744273511
2018-08-18 15:45:00,81.5,52.78191817337589
2018-08-18 16:00:00,76.36,58.70063690902459
2018-08-18 16:15:00,89.71,67.08938165355698
2018-08-18 16:30:00,74.38,75.92650656229722
2018-08-18 16:45:00,20.74,61.86287298753859
2018-08-18 17:00:00,7.74,52.1707525915331
2018-08-18 17:15:00,3.82,5.98300264022018
2018-08-18 17:30:00,3.38,11.294581627996463
2018-08-18 17:45:00,3.35,5.682362016882433
2018-08-18 18:00:00,3.31,3.251058516633224
2018-08-18 18:15:00,3.24,7.717538243663705
2018-08-18 18:30:00,3.38,3.416638068558185
2018-08-18 18:45:00,3.38,5.019736736879381
2018-08-18 19:00:00,2.77,4.395184599605857
2018-08-18 19:15:00,2.74,4.35994159423934
2018-08-18 19:30:00,2.77,4.333272384131349
2018-08-18 19:45:00,2.77,4.114241379432414
2018-08-18 20:00:00,2.84,3.934603850253161
2018-08-18 20:15:00,2.84,3.559368818058715
2018-08-18 20:30:00,2.81,12.858585225250142
2018-08-18 20:45:00,2.77,2.66759951649178
2018-08-18 21:00:00,2.81,3.9595519583175345
2018-08-18 21:15:00,2.84,2.6134883540975564
2018-08-18 21:30:00,2.92,2.8019519377713347
2018-08-18 21:45:00,3.28,2.843532487748133
2018-08-18 22:00:00,3.13,2.8132263998793943
2018-08-18 22:15:00,2.59,3.155866954406495
2018-08-18 22:30:00,2.66,2.8347644932442297
2018-08-18 22:45:00,2.63,2.7293713915884146
2018-08-18 23:00:00,2.99,2.770951941565213
2018-08-18 23:15:00,3.1,2.710829845972322
2018-08-18 23:30:00,2.63,2.7218969311725303
2018-08-18 23:45:00,2.56,2.708816721419256
2018-08-19 00:00:00,2.63,2.6495610123773234
2018-08-19 00:15:00,2.59,2.72728992640676
2018-08-19 00:30:00,2.59,2.729917796509805
2018-08-19 00:45:00,2.66,2.729917796509805
2018-08-19 01:00:00,2.59,2.6495610123773234
2018-08-19 01:15:00,2.63,2.728885951123646
2018-08-19 01:30:00,2.59,2.728885951123646
2018-08-19 01:45:00,2.63,2.728885951123646
2018-08-19 02:00:00,2.74,2.728885951123646
2018-08-19 02:15:00,2.74,2.728885951123646
2018-08-19 02:30:00,2.66,2.6511570370942095
2018-08-19 02:45:00,3.24,2.6511570370942095
2018-08-19 03:00:00,2.84,2.6511570370942095
2018-08-19 03:15:00,2.74,3.1348042919824057
2018-08-19 03:30:00,2.7,2.7534319556786233
2018-08-19 03:45:00,2.7,2.7089482704606556
2018-08-19 04:00:00,3.02,2.7581310776093697
2018-08-19 04:15:00,2.99,2.855746508226931
2018-08-19 04:30:00,2.74,2.760758947712415
2018-08-19 04:45:00,2.7,2.799711627586168
2018-08-19 05:00:00,2.63,2.799711627586168
2018-08-19 05:15:00,2.63,2.7581310776093697
2018-08-19 05:30:00,2.7,2.760758947712415
2018-08-19 05:45:00,2.63,2.760758947712415
2018-08-19 06:00:00,2.63,2.7581310776093697
2018-08-19 06:15:00,2.63,2.7581310776093697
2018-08-19 06:30:00,2.66,2.7581310776093697
2018-08-19 06:45:00,2.66,2.7581310776093697
2018-08-19 07:00:00,2.66,2.8358599916388063
2018-08-19 07:15:00,2.59,2.8358599916388063
2018-08-19 07:30:00,2.59,6.773115542964938
2018-08-19 07:45:00,3.06,7.409586275993978
2018-08-19 08:00:00,3.42,16.01654504181209
2018-08-19 08:15:00,2.95,33.049402748057226
2018-08-19 08:30:00,2.63,13.640003880108342
2018-08-19 08:45:00,2.81,5.162205681231498
2018-08-19 09:00:00,2.84,6.0687425591651145
2018-08-19 09:15:00,2.81,3.8383966658368744
2018-08-19 09:30:00,3.2,3.989557317592276
2018-08-19 09:45:00,3.56,3.775903494999926
2018-08-19 10:00:00,3.64,12.306346432330225
2018-08-19 10:15:00,3.67,2.7238142507623846
2018-08-19 10:30:00,3.6,2.7040699984149468
2018-08-19 10:45:00,4.14,13.971484542996468
2018-08-19 11:00:00,3.78,5.050095543005465
2018-08-19 11:15:00,3.92,4.703319836741017
2018-08-19 11:30:00,3.92,8.187072805282602
2018-08-19 11:45:00,3.78,8.213207679098923
2018-08-19 12:00:00,3.96,3.288914658183938
2018-08-19 12:15:00,4.03,2.6737206906946285
2018-08-19 12:30:00,3.82,3.191509741528158
2018-08-19 12:45:00,4.21,4.201676829454923
2018-08-19 13:00:00,4.32,3.508188812605654
2018-08-19 13:15:00,3.89,4.102694114874912
2018-08-19 13:30:00,4.0,4.4941434597300205
2018-08-19 13:45:00,4.14,4.828304929212709
2018-08-19 14:00:00,3.49,5.285897339669194
2018-08-19 14:15:00,2.84,5.1955720128326055
2018-08-19 14:30:00,2.77,4.776460004895638
2018-08-19 14:45:00,2.74,4.435505830873682
2018-08-19 15:00:00,2.77,4.444758691317928
2018-08-19 15:15:00,2.81,3.8393257469672415
2018-08-19 15:30:00,2.81,6.172286901873035
2018-08-19 15:45:00,2.77,8.42545239997335
2018-08-19 16:00:00,2.88,8.540247759716785
2018-08-19 16:15:00,3.35,10.980178954870938
2018-08-19 16:30:00,3.17,6.804303721631562
2018-08-19 16:45:00,2.81,3.799960405424997
2018-08-19 17:00:00,2.74,3.5706131726078327
2018-08-19 17:15:00,2.77,2.9294913577507997
2018-08-19 17:30:00,2.7,2.7648215253320814
2018-08-19 17:45:00,2.74,2.9578141595592338
2018-08-19 18:00:00,2.66,2.9578141595592338
2018-08-19 18:15:00,2.63,2.878081873395199
2018-08-19 18:30:00,2.66,2.7005662843006033
2018-08-19 18:45:00,2.7,2.764035608343602
2018-08-19 19:00:00,2.77,3.6686856824913017
2018-08-19 19:15:00,2.81,2.7818501909615527
2018-08-19 19:30:00,2.74,2.8710790030106104
2018-08-19 19:45:00,2.92,2.85757619388244
2018-08-19 20:00:00,3.35,2.7798472798530036
2018-08-19 20:15:00,3.24,2.7466731122164743
2018-08-19 20:30:00,3.2,3.2329599770177673
2018-08-19 20:45:00,2.84,3.200284806287608
2018-08-19 21:00:00,2.81,3.1290985671313023
2018-08-19 21:15:00,2.81,2.651642477558978
2018-08-19 21:30:00,2.88,2.7174875919514383
2018-08-19 21:45:00,2.88,2.7412208972165346
2018-08-19 22:00:00,2.74,2.7213505262511397
2018-08-19 22:15:00,2.63,2.6555054118586794
2018-08-19 22:30:00,2.66,2.6555054118586794
2018-08-19 22:45:00,2.7,2.697085961835478
2018-08-19 23:00:00,2.63,2.6555054118586794
2018-08-19 23:15:00,2.66,2.6449847315798616
2018-08-19 23:30:00,2.63,2.72728992640676
2018-08-19 23:45:00,2.66,2.6495610123773234
2018-08-20 00:00:00,2.66,2.930113184343962
2018-08-20 00:15:00,2.66,2.930113184343962
2018-08-20 00:30:00,2.95,2.9716937343207603
2018-08-20 00:45:00,4.03,2.930113184343962
2018-08-20 01:00:00,3.06,2.930113184343962
2018-08-20 01:15:00,2.66,3.7408088526594647
2018-08-20 01:30:00,2.7,2.94734163466056
2018-08-20 01:45:00,2.66,3.898993385335113
2018-08-20 02:00:00,2.7,2.934337079163893
2018-08-20 02:15:00,2.7,2.9224532795269167
2018-08-20 02:30:00,2.74,2.8566081651344564
2018-08-20 02:45:00,2.66,2.8777136002965076
2018-08-20 03:00:00,2.66,2.8539802950314113
2018-08-20 03:15:00,2.66,2.8785262995863885
2018-08-20 03:30:00,2.66,2.8785262995863885
2018-08-20 03:45:00,2.7,2.9117715283978574
2018-08-20 04:00:00,2.7,2.9609543355465715
2018-08-20 04:15:00,2.63,2.9609543355465715
2018-08-20 04:30:00,2.7,3.00253488552337
2018-08-20 04:45:00,3.1,3.0802637995528066
2018-08-20 05:00:00,2.99,3.1196768533363937
2018-08-20 05:15:00,2.59,3.180545007403655
2018-08-20 05:30:00,2.59,2.9609543355465715
2018-08-20 05:45:00,2.63,2.9609543355465715
2018-08-20 06:00:00,2.63,2.9609543355465715
2018-08-20 06:15:00,2.63,2.9635822056496166
2018-08-20 06:30:00,3.1,2.9635822056496166
2018-08-20 06:45:00,2.95,2.9609543355465715
2018-08-20 07:00:00,2.74,3.1028160933742184
2018-08-20 07:15:00,3.02,3.00253488552337
2018-08-20 07:30:00,3.38,3.9540204342531937
2018-08-20 07:45:00,4.0,3.704107891521824
2018-08-20 08:00:00,72.9,23.317604752796534
2018-08-20 08:15:00,59.04,67.06039621335516
2018-08-20 08:30:00,107.68,92.98544238324745
2018-08-20 08:45:00,127.66,59.19135101287572
2018-08-20 09:00:00,96.55,90.54764719222185
2018-08-20 09:15:00,60.3,92.52511556079006
2018-08-20 09:30:00,111.31,91.0471075538252
2018-08-20 09:45:00,115.56,74.33345463397531
2018-08-20 10:00:00,105.01,93.69878150200684
2018-08-20 10:15:00,55.98,108.91106520890746
2018-08-20 10:30:00,101.2,92.5405498827738
2018-08-20 10:45:00,133.7,66.66796224710208
2018-08-20 11:00:00,118.12,89.75792520667085
2018-08-20 11:15:00,75.2,117.56452311486356
2018-08-20 11:30:00,54.83,110.02870292000141
2018-08-20 11:45:00,37.48,75.37914350583347
2018-08-20 12:00:00,14.11,10.665868567207609
2018-08-20 12:15:00,5.62,5.917418684032552
2018-08-20 12:30:00,5.47,9.620933036118032
2018-08-20 12:45:00,5.22,10.864466997951055
2018-08-20 13:00:00,44.17,51.15362199090071
2018-08-20 13:15:00,58.75,75.29234097304433
2018-08-20 13:30:00,54.54,72.75010131381838
2018-08-20 13:45:00,48.64,58.71969372166456
2018-08-20 14:00:00,45.32,61.90759107460084
2018-08-20 14:15:00,45.65,73.98661863662154
2018-08-20 14:30:00,55.51,58.18519263045663
2018-08-20 14:45:00,51.3,74.56320649137297
2018-08-20 15:00:00,53.06,66.29941174584225
2018-08-20 15:15:00,65.7,69.96975865884451
2018-08-20 15:30:00,55.01,59.9012600714409
2018-08-20 15:45:00,56.38,59.29988636484679
2018-08-20 16:00:00,62.14,62.07843248649837
2018-08-20 16:15:00,97.42,59.972682688778264
2018-08-20 16:30:00,103.36,59.08079047486868
2018-08-20 16:45:00,101.48,90.33076087500658
2018-08-20 17:00:00,92.41,80.40606100255269
2018-08-20 17:15:00,114.12,74.65202623371151
2018-08-20 17:30:00,34.31,35.25322371573906
2018-08-20 17:45:00,28.94,40.5884039970439
2018-08-20 18:00:00,35.5,54.36127047418972
2018-08-20 18:15:00,47.41,67.87386858471335
2018-08-20 18:30:00,52.96,67.77419805047616
2018-08-20 18:45:00,45.36,57.62702885578484
2018-08-20 19:00:00,45.72,54.64267237199362
2018-08-20 19:15:00,54.25,50.744328240448084
2018-08-20 19:30:00,46.58,51.03838935681388
2018-08-20 19:45:00,41.18,58.500014737044474
2018-08-20 20:00:00,62.75,50.90003014561467
2018-08-20 20:15:00,49.79,46.153531452145515
2018-08-20 20:30:00,40.86,65.39104701686033
2018-08-20 20:45:00,13.54,40.06062204622478
2018-08-20 21:00:00,6.37,10.985891660197023
2018-08-20 21:15:00,3.74,4.407264064426123
2018-08-20 21:30:00,3.53,6.2330329201674
2018-08-20 21:45:00,3.56,4.461415155225451
2018-08-20 22:00:00,3.38,2.8693457257948722
2018-08-20 22:15:00,3.31,3.8675609395473516
2018-08-20 22:30:00,2.77,3.662806963934539
2018-08-20 22:45:00,2.63,3.6706535980745723
2018-08-20 23:00:00,2.56,3.2718413723849604
2018-08-20 23:15:00,2.59,3.2241606331010235
2018-08-20 23:30:00,2.52,3.2092810872737556
2018-08-20 23:45:00,2.56,3.2014344531337224
2018-08-21 00:00:00,2.52,3.1754348181375414
2018-08-21 00:15:00,2.74,3.14686031700702
2018-08-21 00:30:00,3.2,3.198577829220892
2018-08-21 00:45:00,2.74,3.241524559917715
2018-08-21 01:00:00,2.66,3.414445774226197
2018-08-21 01:15:00,2.7,3.170540038451681
2018-08-21 01:30:00,2.7,3.0895464346912953
2018-08-21 01:45:00,2.74,3.0895464346912953
2018-08-21 02:00:00,2.77,3.14546510035318
2018-08-21 02:15:00,3.35,3.0895464346912953
2018-08-21 02:30:00,2.88,3.0895464346912953
2018-08-21 02:45:00,2.74,3.126286720925899
2018-08-21 03:00:00,2.77,2.973842243564517
2018-08-21 03:15:00,2.7,2.998388248119494
2018-08-21 03:30:00,2.74,3.0420391115273597
2018-08-21 03:45:00,2.81,3.170271900853345
2018-08-21 04:00:00,2.7,3.083444154182722
2018-08-21 04:15:00,2.74,3.080816284079677
2018-08-21 04:30:00,2.81,3.0873070884824236
2018-08-21 04:45:00,3.28,3.2150616282555404
2018-08-21 05:00:00,2.77,3.080816284079677
2018-08-21 05:15:00,2.7,3.2458743931948066
2018-08-21 05:30:00,2.74,3.080816284079677
2018-08-21 05:45:00,2.63,3.080816284079677
2018-08-21 06:00:00,2.63,3.083444154182722
2018-08-21 06:15:00,2.63,3.219454708002059
2018-08-21 06:30:00,2.88,3.2176894983585855
2018-08-21 06:45:00,2.95,3.044036843563691
2018-08-21 07:00:00,3.24,3.080816284079677
2018-08-21 07:15:00,2.84,3.1218392773844976
2018-08-21 07:30:00,3.17,4.348803835622736
2018-08-21 07:45:00,4.1,3.8374746672329745
2018-08-21 08:00:00,67.46,26.777464788754063
2018-08-21 08:15:00,69.77,67.39476818863814
2018-08-21 08:30:00,53.42,93.20878601422079
2018-08-21 08:45:00,49.79,65.35330468638404
2018-08-21 09:00:00,58.43,64.549057738532
2018-08-21 09:15:00,55.44,59.94785128576551
2018-08-21 09:30:00,56.84,53.70954287993826
2018-08-21 09:45:00,75.78,52.55180145047224
2018-08-21 10:00:00,48.1,53.51291917430178
2018-08-21 10:15:00,48.56,71.53772544712177
2018-08-21 10:30:00,52.81,56.01534718978064
2018-08-21 10:45:00,65.45,57.18160872987857
2018-08-21 11:00:00,60.8,63.423112046160426
2018-08-21 11:15:00,44.21,60.0651836996395
2018-08-21 11:30:00,41.4,57.82554907115347
2018-08-21 11:45:00,33.77,46.75790661809063
2018-08-21 12:00:00,4.14,14.541876355674393
2018-08-21 12:15:00,5.47,6.970170956640619
2018-08-21 12:30:00,5.47,4.054622188673452
2018-08-21 12:45:00,5.29,6.167336386085728
2018-08-21 13:00:00,39.82,40.55170921209072
2018-08-21 13:15:00,48.02,53.33247014049676
2018-08-21 13:30:00,40.82,62.457194625247226
2018-08-21 13:45:00,39.17,55.84709859005684
2018-08-21 14:00:00,42.91,43.80343940509616
2018-08-21 14:15:00,46.4,47.15553447062732
2018-08-21 14:30:00,52.42,44.71176065907307
2018-08-21 14:45:00,57.64,52.73912297475368
2018-08-21 15:00:00,56.88,57.82513211071223
2018-08-21 15:15:00,51.23,55.47323863190141
2018-08-21 15:30:00,49.86,59.132220199790865
2018-08-21 15:45:00,51.08,61.54074642848803
2018-08-21 16:00:00,50.58,60.132541700409554
2018-08-21 16:15:00,57.64,57.110798961200004
2018-08-21 16:30:00,57.28,57.139463845820885
2018-08-21 16:45:00,50.87,54.32987866139794
2018-08-21 17:00:00,56.48,52.03483671629042
2018-08-21 17:15:00,38.74,48.92173213969379
2018-08-21 17:30:00,30.38,31.90422651140176
2018-08-21 17:45:00,29.02,29.14334925366233
2018-08-21 18:00:00,33.01,41.04106176467828
2018-08-21 18:15:00,54.86,48.250249125120654
2018-08-21 18:30:00,54.76,44.64709346476924
2018-08-21 18:45:00,48.71,49.94686605154777
2018-08-21 19:00:00,56.27,56.461780579065504
2018-08-21 19:15:00,53.93,54.53428966373613
2018-08-21 19:30:00,50.4,54.85134646181318
2018-08-21 19:45:00,55.87,52.825754205522664
2018-08-21 20:00:00,54.9,53.663572395311
2018-08-21 20:15:00,56.09,54.41638650734192
2018-08-21 20:30:00,57.31,48.257880718433135
2018-08-21 20:45:00,34.06,27.91541787501228
2018-08-21 21:00:00,4.54,10.577926991701618
2018-08-21 21:15:00,3.82,11.478004051726446
2018-08-21 21:30:00,3.49,3.703412814794214
2018-08-21 21:45:00,3.38,3.1363369486356256
2018-08-21 22:00:00,3.64,3.30745559832161
2018-08-21 22:15:00,3.89,3.6155626354531716
2018-08-21 22:30:00,3.24,3.376380835666211
2018-08-21 22:45:00,2.77,3.3918674811836724
2018-08-21 23:00:00,2.56,3.368534201526178
2018-08-21 23:15:00,2.59,3.0275675707626903
2018-08-21 23:30:00,2.56,2.9267760626800077
2018-08-21 23:45:00,2.56,2.9189294285399745
2018-08-22 00:00:00,2.59,2.9267760626800077
2018-08-22 00:15:00,2.74,2.873485267121168
2018-08-22 00:30:00,2.63,2.8855356157675063
2018-08-22 00:45:00,2.59,2.8669944627184214
2018-08-22 01:00:00,2.59,2.8890781594461963
2018-08-22 01:15:00,2.63,2.8906741841630823
2018-08-22 01:30:00,2.59,2.8096805804026967
2018-08-22 01:45:00,2.66,2.8096805804026967
2018-08-22 02:00:00,2.63,2.8096805804026967
2018-08-22 02:15:00,2.56,2.851955038716878
2018-08-22 02:30:00,2.59,2.844187776146667
2018-08-22 02:45:00,2.95,2.8096805804026967
2018-08-22 03:00:00,3.17,2.73195166637326
2018-08-22 03:15:00,2.95,2.7564976709282374
2018-08-22 03:30:00,3.1,2.8167675460697548
2018-08-22 03:45:00,2.59,2.7897428997397062
2018-08-22 04:00:00,2.63,2.9081671775810554
2018-08-22 04:15:00,2.59,2.8415535769914655
2018-08-22 04:30:00,2.56,2.936541137505982
2018-08-22 04:45:00,2.66,2.865286882256562
2018-08-22 05:00:00,2.63,2.845416511291167
2018-08-22 05:15:00,2.63,2.8389257068884204
2018-08-22 05:30:00,2.63,2.8389257068884204
2018-08-22 05:45:00,2.56,2.8389257068884204
2018-08-22 06:00:00,2.59,2.8389257068884204
2018-08-22 06:15:00,2.59,2.8389257068884204
2018-08-22 06:30:00,2.59,2.8389257068884204
2018-08-22 06:45:00,2.52,2.8389257068884204
2018-08-22 07:00:00,2.59,2.941019919609382
2018-08-22 07:15:00,3.46,2.935195773966942
2018-08-22 07:30:00,3.96,3.8788696872340003
2018-08-22 07:45:00,4.03,5.387244576684492
2018-08-22 08:00:00,44.57,31.0289953817632
2018-08-22 08:15:00,48.35,49.805771014186575
2018-08-22 08:30:00,59.04,63.98320169517036
2018-08-22 08:45:00,51.41,57.173145454281276
2018-08-22 09:00:00,48.28,56.85730809328436
2018-08-22 09:15:00,68.33,56.985088417674085
2018-08-22 09:30:00,60.01,55.17381438894136
2018-08-22 09:45:00,61.74,59.72154156830554
2018-08-22 10:00:00,42.05,55.271585403121854
2018-08-22 10:15:00,48.67,59.06919453273382
2018-08-22 10:30:00,60.62,48.3009055217075
2018-08-22 10:45:00,57.82,57.909508757945815
2018-08-22 11:00:00,62.03,59.340143652107315
2018-08-22 11:15:00,59.11,60.76453110746527
2018-08-22 11:30:00,51.44,55.584947750924464
2018-08-22 11:45:00,40.93,55.298809057792084
2018-08-22 12:00:00,4.03,8.992137123623372
2018-08-22 12:15:00,4.36,6.62609647063477
2018-08-22 12:30:00,4.46,3.863507613861464
2018-08-22 12:45:00,4.36,5.305950184574666
2018-08-22 13:00:00,32.15,38.89442266279074
2018-08-22 13:15:00,55.48,51.032652911031235
2018-08-22 13:30:00,57.24,57.29201899328422
2018-08-22 13:45:00,51.84,61.30049291466494
2018-08-22 14:00:00,68.76,56.06955857561359
2018-08-22 14:15:00,60.73,59.10257739980971
2018-08-22 14:30:00,60.7,61.93037603466646
2018-08-22 14:45:00,46.22,59.33197138181111
2018-08-22 15:00:00,55.66,61.85045429235077
2018-08-22 15:15:00,47.59,58.92640563182508
2018-08-22 15:30:00,61.6,58.92983658762378
2018-08-22 15:45:00,53.28,54.92199979836671
2018-08-22 16:00:00,56.05,58.84045814628991
2018-08-22 16:15:00,58.75,59.07501193575055
2018-08-22 16:30:00,51.48,59.661512270381564
2018-08-22 16:45:00,56.2,48.240937043507486
2018-08-22 17:00:00,45.18,45.628023448300205
2018-08-22 17:15:00,62.17,50.00315933550679
2018-08-22 17:30:00,34.16,30.705739358004028
2018-08-22 17:45:00,15.05,30.3702524250339
2018-08-22 18:00:00,5.4,35.677632892131314
2018-08-22 18:15:00,3.92,25.71122504895177
2018-08-22 18:30:00,3.49,11.24547251003056
2018-08-22 18:45:00,3.38,10.223501451763148
2018-08-22 19:00:00,3.46,4.659990572602884
2018-08-22 19:15:00,3.42,3.6196433418191662
2018-08-22 19:30:00,2.81,3.394321554932153
2018-08-22 19:45:00,2.88,3.3226648650104855
2018-08-22 20:00:00,2.88,3.1885918806078335
2018-08-22 20:15:00,2.88,3.171121321204178
2018-08-22 20:30:00,2.88,2.9732595336824335
2018-08-22 20:45:00,2.92,3.3031704703463136
2018-08-22 21:00:00,2.92,3.1979948898984385
2018-08-22 21:15:00,3.02,3.009183655087271
2018-08-22 21:30:00,2.95,2.807721359445353
2018-08-22 21:45:00,2.95,2.6921406488771145
2018-08-22 22:00:00,2.88,3.009183655087271
2018-08-22 22:15:00,2.81,2.9676031051104723
2018-08-22 22:30:00,2.81,2.856303413481348
2018-08-22 22:45:00,2.81,2.8140289551671667
2018-08-22 23:00:00,2.81,2.855609505143965
2018-08-22 23:15:00,3.2,2.8073712091880503
2018-08-22 23:30:00,2.99,2.8145753600885572
2018-08-22 23:45:00,2.92,3.0415359675308746
2018-08-23 00:00:00,3.46,2.8007339854902504
2018-08-23 00:15:00,2.92,2.8007339854902504
2018-08-23 00:30:00,2.99,3.1772292213947466
2018-08-23 00:45:00,2.92,2.7832594631078864
2018-08-23 01:00:00,2.92,2.796871051190549
2018-08-23 01:15:00,2.92,2.798467075907435
2018-08-23 01:30:00,3.17,2.855620805765976
2018-08-23 01:45:00,3.02,2.8023300102071365
2018-08-23 02:00:00,3.13,2.861585719249069
2018-08-23 02:15:00,3.28,2.8023300102071365
2018-08-23 02:30:00,3.2,2.861585719249069
2018-08-23 02:45:00,5.62,3.2375825756492462
2018-08-23 03:00:00,4.46,3.028992874827905
2018-08-23 03:15:00,4.0,5.000050826615877
2018-08-23 03:30:00,4.07,3.3023042601255885
2018-08-23 03:45:00,5.0,4.265141504225073
2018-08-23 04:00:00,5.18,3.607695364969819
2018-08-23 04:15:00,3.96,4.661576148435085
2018-08-23 04:30:00,3.64,4.811010994154372
2018-08-23 04:45:00,3.17,3.301880672947553
2018-08-23 05:00:00,3.13,3.230429696428852
2018-08-23 05:15:00,3.17,2.6762096567693745
2018-08-23 05:30:00,3.2,2.994076379454325
2018-08-23 05:45:00,3.13,3.0609787630958274
2018-08-23 06:00:00,3.17,3.228683661496212
2018-08-23 06:15:00,3.17,3.0609787630958274
2018-08-23 06:30:00,3.13,3.0609787630958274
2018-08-23 06:45:00,3.06,3.0609787630958274
2018-08-23 07:00:00,3.06,3.141972366856213
2018-08-23 07:15:00,3.24,3.1722183300542697
2018-08-23 07:30:00,3.78,4.159194788938297
2018-08-23 07:45:00,4.5,5.574120181497594
2018-08-23 08:00:00,41.0,44.9851296799478
2018-08-23 08:15:00,66.06,54.06352723535353
2018-08-23 08:30:00,59.47,75.05021480257811
2018-08-23 08:45:00,57.31,70.62162782326645
2018-08-23 09:00:00,49.54,59.61152078963382
2018-08-23 09:15:00,65.45,61.61191116228781
2018-08-23 09:30:00,52.67,58.49946525120581
2018-08-23 09:45:00,79.13,64.14137828101087
2018-08-23 10:00:00,68.26,56.63832459877833
2018-08-23 10:15:00,59.04,68.84081722558822
2018-08-23 10:30:00,63.9,66.1370896723205
2018-08-23 10:45:00,78.77,56.44670800263525
2018-08-23 11:00:00,71.32,62.2361422430559
2018-08-23 11:15:00,71.68,73.1875936898474
2018-08-23 11:30:00,69.01,67.14958668317753
2018-08-23 11:45:00,62.06,68.15928449797214
2018-08-23 12:00:00,15.3,8.347191121221458
2018-08-23 12:15:00,29.23,5.851942290768219
2018-08-23 12:30:00,28.44,7.496323502148992
2018-08-23 12:45:00,28.94,22.985214071072605
2018-08-23 13:00:00,38.88,43.40600142491993
2018-08-23 13:15:00,45.97,55.33691682819633
2018-08-23 13:30:00,41.26,50.14263973354779
2018-08-23 13:45:00,39.82,49.512080852805546
2018-08-23 14:00:00,40.07,43.843886553462546
2018-08-23 14:15:00,40.07,42.922920974073214
2018-08-23 14:30:00,42.62,41.622979215047856
2018-08-23 14:45:00,42.08,43.81989991189535
2018-08-23 15:00:00,41.47,43.02151528802961
2018-08-23 15:15:00,45.4,41.72143073516964
2018-08-23 15:30:00,45.79,43.04848556237309
2018-08-23 15:45:00,50.65,47.53760602857321
2018-08-23 16:00:00,51.95,46.90586543020523
2018-08-23 16:15:00,49.46,53.80994250804789
2018-08-23 16:30:00,53.28,51.90685501021994
2018-08-23 16:45:00,53.57,48.70138443390794
2018-08-23 17:00:00,48.49,50.90302265384216
2018-08-23 17:15:00,41.04,53.449695745218904
2018-08-23 17:30:00,31.54,30.873586502689033
2018-08-23 17:45:00,31.68,30.83669529167249
2018-08-23 18:00:00,37.12,32.85451175002736
2018-08-23 18:15:00,39.96,46.983177823958144
2018-08-23 18:30:00,43.24,46.943826658816576
2018-08-23 18:45:00,41.04,42.09245938697298
2018-08-23 19:00:00,40.43,42.86852434204693
2018-08-23 19:15:00,45.54,42.1779949151455
2018-08-23 19:30:00,41.15,43.01575428949561
2018-08-23 19:45:00,48.74,47.84619080515675
2018-08-23 20:00:00,49.82,42.06180964853654
2018-08-23 20:15:00,54.36,50.871098738307914
2018-08-23 20:30:00,41.69,46.5624304594439
2018-08-23 20:45:00,22.36,14.316492218508328
2018-08-23 21:00:00,6.55,9.123763167119952
2018-08-23 21:15:00,3.89,0.43909295015346067
2018-08-23 21:30:00,3.78,4.873991296399232
2018-08-23 21:45:00,3.78,3.1011829134185045
2018-08-23 22:00:00,3.67,4.184123479257592
2018-08-23 22:15:00,4.72,3.575412845235569
2018-08-23 22:30:00,3.74,3.4005892004905647
2018-08-23 22:45:00,3.38,3.95290759968503
2018-08-23 23:00:00,2.92,3.331556662897197
2018-08-23 23:15:00,2.88,3.485041936998671
2018-08-23 23:30:00,2.92,2.9535595378585606
2018-08-23 23:45:00,2.92,2.9535595378585606
2018-08-24 00:00:00,2.92,2.866567882976798
2018-08-24 00:15:00,2.95,2.842834577711702
2018-08-24 00:30:00,2.92,2.7973904162928953
2018-08-24 00:45:00,2.92,2.81947411302067
2018-08-24 01:00:00,2.92,2.81947411302067
2018-08-24 01:15:00,2.92,2.821070137737556
2018-08-24 01:30:00,2.92,2.7400765339771707
2018-08-24 01:45:00,2.95,2.7400765339771707
2018-08-24 02:00:00,2.88,2.7400765339771707
2018-08-24 02:15:00,2.95,2.763809839242267
2018-08-24 02:30:00,2.88,2.821070137737556
2018-08-24 02:45:00,2.95,2.8234987664134437
2018-08-24 03:00:00,3.13,2.807532723718558
2018-08-24 03:15:00,3.78,2.6812440757857092
2018-08-24 03:30:00,3.78,2.7415139509272266
2018-08-24 03:45:00,3.24,3.8672980831360833
2018-08-24 04:00:00,2.92,3.520938095637037
2018-08-24 04:15:00,2.95,3.3021726343879805
2018-08-24 04:30:00,2.92,2.981580092379291
2018-08-24 04:45:00,3.02,2.857354124743753
2018-08-24 05:00:00,2.88,2.857354124743753
2018-08-24 05:15:00,2.88,2.857354124743753
2018-08-24 05:30:00,2.92,2.8418232667043597
2018-08-24 05:45:00,2.92,2.8418232667043597
2018-08-24 06:00:00,2.88,2.8291414148696745
2018-08-24 06:15:00,2.92,2.8418232667043597
2018-08-24 06:30:00,2.84,2.8291414148696745
2018-08-24 06:45:00,2.84,2.8418232667043597
2018-08-24 07:00:00,2.88,2.84510745756456
2018-08-24 07:15:00,3.71,2.870783879757427
2018-08-24 07:30:00,4.03,3.4706860085191646
2018-08-24 07:45:00,3.82,4.91466062328573
2018-08-24 08:00:00,38.59,34.220806520582244
2018-08-24 08:15:00,58.46,41.937962754930346
2018-08-24 08:30:00,64.44,60.51820427162247
2018-08-24 08:45:00,62.32,56.97129436157852
2018-08-24 09:00:00,55.76,61.98423250416486
2018-08-24 09:15:00,51.41,54.302705747645895
2018-08-24 09:30:00,68.58,57.67568942573606
2018-08-24 09:45:00,60.62,54.39595160112815
2018-08-24 10:00:00,61.2,63.97784485193627
2018-08-24 10:15:00,53.39,54.730703813158726
2018-08-24 10:30:00,55.4,56.459052546155384
2018-08-24 10:45:00,51.7,58.256373453502626
2018-08-24 11:00:00,64.48,55.14894830958671
2018-08-24 11:15:00,58.25,57.64425330947233
2018-08-24 11:30:00,57.82,59.42169667755932
2018-08-24 11:45:00,45.11,52.29832461603783
2018-08-24 12:00:00,4.68,8.05899320751465
2018-08-24 12:15:00,4.5,6.60821240603176
2018-08-24 12:30:00,4.5,7.447232508120816
2018-08-24 12:45:00,4.5,7.963158002315943
2018-08-24 13:00:00,32.94,26.086468271211622
2018-08-24 13:15:00,55.48,47.436447783256035
2018-08-24 13:30:00,50.29,57.9425323863202
2018-08-24 13:45:00,52.09,53.627267829616066
2018-08-24 14:00:00,57.85,54.94078811027306
2018-08-24 14:15:00,47.16,56.396593688459284
2018-08-24 14:30:00,45.94,54.228676950209405
2018-08-24 14:45:00,39.24,53.99684942570238
2018-08-24 15:00:00,45.76,53.91121877086291
2018-08-24 15:15:00,47.59,44.93743042006987
2018-08-24 15:30:00,51.62,49.65320506365745
2018-08-24 15:45:00,50.58,49.62279269220865
2018-08-24 16:00:00,58.9,53.52599405961842
2018-08-24 16:15:00,53.28,51.015790941521416
2018-08-24 16:30:00,54.11,51.144819085134586
2018-08-24 16:45:00,54.65,50.67763133374805
2018-08-24 17:00:00,56.84,51.62489138579717
2018-08-24 17:15:00,45.54,44.88659749086579
2018-08-24 17:30:00,29.92,27.23063844944061
2018-08-24 17:45:00,28.91,27.79680853102564
2018-08-24 18:00:00,38.09,40.42837165174146
2018-08-24 18:15:00,54.68,44.134795228328635
2018-08-24 18:30:00,57.67,45.609863103304946
2018-08-24 18:45:00,55.12,50.634089896506495
2018-08-24 19:00:00,56.05,50.51642412854024
2018-08-24 19:15:00,53.39,51.934850293667
2018-08-24 19:30:00,56.7,50.35288761674411
2018-08-24 19:45:00,52.49,50.329871017883
2018-08-24 20:00:00,51.73,52.46491503816526
2018-08-24 20:15:00,56.63,51.13312361987275
2018-08-24 20:30:00,51.62,47.03993030061213
2018-08-24 20:45:00,17.5,24.359542908676023
2018-08-24 21:00:00,6.7,9.385426514699006
2018-08-24 21:15:00,3.92,1.9311481115116929
2018-08-24 21:30:00,3.78,4.379240786535456
2018-08-24 21:45:00,3.31,2.9214714397404538
2018-08-24 22:00:00,2.95,3.341779129624071
2018-08-24 22:15:00,2.92,3.5986536046603415
2018-08-24 22:30:00,3.06,3.0120169471902365
2018-08-24 22:45:00,3.24,2.943661119898837
2018-08-24 23:00:00,2.7,2.973762891513246
2018-08-24 23:15:00,2.74,3.3318308901386153
2018-08-24 23:30:00,2.74,2.7973904162928953
2018-08-24 23:45:00,2.81,2.7973904162928953
2018-08-25 00:00:00,2.7,2.811231790891202
2018-08-25 00:15:00,2.74,2.864522586450042
2018-08-25 00:30:00,2.74,2.8047409864884556
2018-08-25 00:45:00,2.7,2.8047409864884556
2018-08-25 01:00:00,2.81,2.8268246832162305
2018-08-25 01:15:00,2.74,2.5481745939944456
2018-08-25 01:30:00,2.77,2.747427104172731
2018-08-25 01:45:00,2.81,2.747427104172731
2018-08-25 02:00:00,2.74,2.747427104172731
2018-08-25 02:15:00,2.95,2.7295179445500746
2018-08-25 02:30:00,3.38,2.744827666487805
2018-08-25 02:45:00,2.92,2.747427104172731
2018-08-25 03:00:00,2.81,3.1304131444799737
2018-08-25 03:15:00,3.31,2.6001797567937643
2018-08-25 03:30:00,3.02,2.5975518866907192
2018-08-25 03:45:00,2.84,3.1166817821325794
2018-08-25 04:00:00,2.77,2.8673325650423584
2018-08-25 04:15:00,2.84,2.760758947712415
2018-08-25 04:30:00,2.81,2.7646218820121162
2018-08-25 04:45:00,2.81,2.8596094425266325
2018-08-25 05:00:00,2.81,2.7646218820121162
2018-08-25 05:15:00,2.74,2.851801707002965
2018-08-25 05:30:00,2.74,2.7646218820121162
2018-08-25 05:45:00,2.81,2.7646218820121162
2018-08-25 06:00:00,2.77,2.8556646413026665
2018-08-25 06:15:00,2.77,2.760758947712415
2018-08-25 06:30:00,2.92,2.8429827894679813
2018-08-25 06:45:00,3.28,2.854401144687891
2018-08-25 07:00:00,2.77,2.683376359996042
2018-08-25 07:15:00,3.02,3.070406474931884
2018-08-25 07:30:00,3.2,3.0938833514980604
2018-08-25 07:45:00,3.1,2.2352348918558653
2018-08-25 08:00:00,4.21,35.152312133267124
2018-08-25 08:15:00,4.21,28.824016534194957
2018-08-25 08:30:00,5.83,19.70201421628393
2018-08-25 08:45:00,5.62,18.12306694507524
2018-08-25 09:00:00,4.93,22.096655157493508
2018-08-25 09:15:00,4.57,15.336682114284775
2018-08-25 09:30:00,6.66,19.002673675435073
2018-08-25 09:45:00,4.43,20.68159022491009
2018-08-25 10:00:00,4.61,41.06172579714055
2018-08-25 10:15:00,4.43,20.091477056932415
2018-08-25 10:30:00,4.57,18.435592489570755
2018-08-25 10:45:00,4.79,26.11521446934753
2018-08-25 11:00:00,4.68,16.79432086594962
2018-08-25 11:15:00,5.18,17.40994600508262
2018-08-25 11:30:00,5.44,6.647492904181767
2018-08-25 11:45:00,3.35,4.048856575253377
2018-08-25 12:00:00,3.56,4.217105327979804
2018-08-25 12:15:00,3.67,3.0252011906072505
2018-08-25 12:30:00,3.46,3.403090378426872
2018-08-25 12:45:00,3.38,3.6634768994931197
2018-08-25 13:00:00,4.25,3.7555532277996426
2018-08-25 13:15:00,4.57,3.948427156010426
2018-08-25 13:30:00,4.79,16.882595969041873
2018-08-25 13:45:00,5.8,10.121570577420268
2018-08-25 14:00:00,5.58,10.962942978694317
2018-08-25 14:15:00,5.51,10.353384417550222
2018-08-25 14:30:00,5.51,10.565489750289688
2018-08-25 14:45:00,5.58,11.768494594369525
2018-08-25 15:00:00,5.51,12.663668018666408
2018-08-25 15:15:00,5.36,11.43370166918812
2018-08-25 15:30:00,6.37,11.514106908553096
2018-08-25 15:45:00,6.84,10.768863162687364
2018-08-25 16:00:00,7.13,12.841200914171935
2018-08-25 16:15:00,6.37,15.089346366110016
2018-08-25 16:30:00,3.74,9.836527942516065
2018-08-25 16:45:00,4.03,5.839296286760761
2018-08-25 17:00:00,3.67,0.28756617430539083
2018-08-25 17:15:00,3.53,3.3953745648296505
2018-08-25 17:30:00,3.42,3.1697375872957316
2018-08-25 17:45:00,3.42,3.2703168474446946
2018-08-25 18:00:00,3.38,3.2408839260584013
2018-08-25 18:15:00,3.46,3.605939292245389
2018-08-25 18:30:00,3.46,3.547785411451892
2018-08-25 18:45:00,3.38,3.5881630942723133
2018-08-25 19:00:00,2.84,6.743087907904828
2018-08-25 19:15:00,2.81,6.824594199294723
2018-08-25 19:30:00,2.92,6.38861045076553
2018-08-25 19:45:00,2.88,6.433261522430856
2018-08-25 20:00:00,2.84,3.69861302041598
2018-08-25 20:15:00,2.92,4.248111753137397
2018-08-25 20:30:00,3.42,4.1746495851012835
2018-08-25 20:45:00,3.31,6.323169239115616
2018-08-25 21:00:00,2.88,4.039257816014849
2018-08-25 21:15:00,2.92,3.1861730422752337
2018-08-25 21:30:00,2.88,2.8019519377713347
2018-08-25 21:45:00,2.95,2.8170893341790957
2018-08-25 22:00:00,2.88,2.8050662744960406
2018-08-25 22:15:00,2.66,2.8050662744960406
2018-08-25 22:30:00,2.56,2.751775478937201
2018-08-25 22:45:00,2.52,2.775508784202297
2018-08-25 23:00:00,2.74,2.733234325888116
2018-08-25 23:15:00,3.17,2.7265765799089996
2018-08-25 23:30:00,2.59,2.7337807308095066
2018-08-25 23:45:00,2.56,2.7865456354486926
2018-08-26 00:00:00,2.56,2.72728992640676
2018-08-26 00:15:00,2.63,2.72728992640676
2018-08-26 00:30:00,2.66,2.72728992640676
2018-08-26 00:45:00,2.59,2.783208592068645
2018-08-26 01:00:00,2.66,2.72728992640676
2018-08-26 01:15:00,2.63,2.728885951123646
2018-08-26 01:30:00,2.59,2.728885951123646
2018-08-26 01:45:00,2.56,2.728885951123646
2018-08-26 02:00:00,2.77,2.728885951123646
2018-08-26 02:15:00,3.24,2.5764023194808816
2018-08-26 02:30:00,2.81,2.674890342359306
2018-08-26 02:45:00,2.56,3.0730957572752056
2018-08-26 03:00:00,2.59,2.6511570370942095
2018-08-26 03:15:00,2.59,2.699436346914283
2018-08-26 03:30:00,2.63,2.7746009788307533
2018-08-26 03:45:00,3.1,2.806563701078217
2018-08-26 04:00:00,2.84,2.760758947712415
2018-08-26 04:15:00,2.63,2.8273725483020047
2018-08-26 04:30:00,2.56,2.7581310776093697
2018-08-26 04:45:00,2.59,2.7581310776093697
2018-08-26 05:00:00,2.59,2.7581310776093697
2018-08-26 05:15:00,2.59,2.760758947712415
2018-08-26 05:30:00,2.77,2.760758947712415
2018-08-26 05:45:00,2.77,2.7581310776093697
2018-08-26 06:00:00,2.7,2.7581310776093697
2018-08-26 06:15:00,2.7,2.7581310776093697
2018-08-26 06:30:00,2.74,2.854401144687891
2018-08-26 06:45:00,2.74,2.707109665261138
2018-08-26 07:00:00,2.7,2.760758947712415
2018-08-26 07:15:00,2.74,2.760758947712415
2018-08-26 07:30:00,2.84,3.806138594684841
2018-08-26 07:45:00,4.61,2.6254328709592083
2018-08-26 08:00:00,6.73,10.37132228413005
2018-08-26 08:15:00,5.72,23.703494720314772
2018-08-26 08:30:00,5.72,9.591562849001637
2018-08-26 08:45:00,5.65,11.856492217642419
2018-08-26 09:00:00,5.65,13.223123811824914
2018-08-26 09:15:00,5.08,12.74453084683458
2018-08-26 09:30:00,5.8,12.786111396811378
2018-08-26 09:45:00,5.62,12.822399966101752
2018-08-26 10:00:00,6.34,10.93196207974143
2018-08-26 10:15:00,5.33,8.672562040085868
2018-08-26 10:30:00,5.33,11.46940600337517
2018-08-26 10:45:00,5.4,12.159073835619944
2018-08-26 11:00:00,5.04,10.646176323437391
2018-08-26 11:15:00,5.26,8.981671344953059
2018-08-26 11:30:00,4.57,8.79561749302476
2018-08-26 11:45:00,4.64,8.240972886661238
2018-08-26 12:00:00,3.31,5.505106016180939
2018-08-26 12:15:00,3.06,6.799279954416374
2018-08-26 12:30:00,3.02,4.440949255201795
2018-08-26 12:45:00,3.06,4.3260105572653265
2018-08-26 13:00:00,3.24,3.4880158764215996
2018-08-26 13:15:00,5.0,2.7393515910033295
2018-08-26 13:30:00,5.98,3.7499432189814637
2018-08-26 13:45:00,6.59,5.239389796650889
2018-08-26 14:00:00,5.62,6.037178312010122
2018-08-26 14:15:00,5.15,10.733462016923447
2018-08-26 14:30:00,4.93,14.668316285004652
2018-08-26 14:45:00,4.82,12.721741044013653
2018-08-26 15:00:00,6.12,12.740325627534103
2018-08-26 15:15:00,8.24,7.970127168150229
2018-08-26 15:30:00,7.85,8.154444439259581
2018-08-26 15:45:00,7.96,16.61046592569339
2018-08-26 16:00:00,8.42,16.951006696517965
2018-08-26 16:15:00,7.67,13.710123439488855
2018-08-26 16:30:00,4.0,11.408436866971451
2018-08-26 16:45:00,3.89,11.415495895879705
2018-08-26 17:00:00,4.14,6.374524283749086
2018-08-26 17:15:00,4.57,6.533829814599157
2018-08-26 17:30:00,4.25,3.3672066224555635
2018-08-26 17:45:00,3.64,3.865648485602802
2018-08-26 18:00:00,3.6,3.8984987092489467
2018-08-26 18:15:00,3.53,4.363294985262058
2018-08-26 18:30:00,3.6,3.4977998279281914
2018-08-26 18:45:00,3.24,3.41306228661872
2018-08-26 19:00:00,3.06,4.324203165169167
2018-08-26 19:15:00,3.06,3.4188265205903323
2018-08-26 19:30:00,3.06,3.075170231503435
2018-08-26 19:45:00,3.06,3.061667422375265
2018-08-26 20:00:00,3.13,3.1032479723520634
2018-08-26 20:15:00,3.1,3.1032479723520634
2018-08-26 20:30:00,3.1,3.0389885122297704
2018-08-26 20:45:00,3.06,3.0063133414996113
2018-08-26 21:00:00,3.13,2.986425626182749
2018-08-26 21:15:00,3.06,2.8484015082972984
2018-08-26 21:30:00,3.17,2.9453155872983587
2018-08-26 21:45:00,3.13,2.8484015082972984
2018-08-26 22:00:00,2.99,2.8110311879791334
2018-08-26 22:15:00,2.92,2.7924900349300485
2018-08-26 22:30:00,2.92,2.7865251214469557
2018-08-26 22:45:00,3.89,2.733234325888116
2018-08-26 23:00:00,3.85,2.7865251214469557
2018-08-26 23:15:00,3.02,3.2062151817359275
2018-08-26 23:30:00,2.88,3.14158738402851
2018-08-26 23:45:00,2.88,2.7337807308095066
2018-08-27 00:00:00,2.92,2.9366039887467084
2018-08-27 00:15:00,2.95,2.989894784305548
2018-08-27 00:30:00,3.02,2.989894784305548
2018-08-27 00:45:00,2.99,2.9892378795439636
2018-08-27 01:00:00,2.92,2.9366039887467084
2018-08-27 01:15:00,2.95,2.9382000134635944
2018-08-27 01:30:00,2.95,2.9382000134635944
2018-08-27 01:45:00,2.95,2.9382000134635944
2018-08-27 02:00:00,2.99,2.9382000134635944
2018-08-27 02:15:00,2.92,2.962565312155119
2018-08-27 02:30:00,3.17,2.9382000134635944
2018-08-27 02:45:00,3.53,2.9382000134635944
2018-08-27 03:00:00,2.92,2.997455722505527
2018-08-27 03:15:00,2.92,3.384656106535543
2018-08-27 03:30:00,2.92,2.9627460180185716
2018-08-27 03:45:00,2.95,3.009305092091154
2018-08-27 04:00:00,2.95,3.0740187572792617
2018-08-27 04:15:00,2.92,3.060704912018148
2018-08-27 04:30:00,2.88,3.0451740539787546
2018-08-27 04:45:00,2.88,3.0451740539787546
2018-08-27 05:00:00,3.1,3.0451740539787546
2018-08-27 05:15:00,3.49,3.0451740539787546
2018-08-27 05:30:00,2.88,3.1870358118064015
2018-08-27 05:45:00,2.84,3.5486760251818557
2018-08-27 06:00:00,2.88,3.0451740539787546
2018-08-27 06:15:00,2.88,3.0451740539787546
2018-08-27 06:30:00,2.84,3.0451740539787546
2018-08-27 06:45:00,2.88,3.1276072956596503
2018-08-27 07:00:00,3.02,3.0451740539787546
2018-08-27 07:15:00,3.53,3.0451740539787546
2018-08-27 07:30:00,3.74,4.045685479411503
2018-08-27 07:45:00,3.92,5.756835559679116
2018-08-27 08:00:00,28.48,43.656801979433105
2018-08-27 08:15:00,47.3,50.51354297500531
2018-08-27 08:30:00,50.54,63.996709941473036
2018-08-27 08:45:00,55.73,58.918058810963025
2018-08-27 09:00:00,59.98,59.22439544580058
2018-08-27 09:15:00,53.75,61.353873835531566
2018-08-27 09:30:00,62.71,61.07331550092518
2018-08-27 09:45:00,60.66,58.96513599822309
2018-08-27 10:00:00,54.72,61.27481287676739
2018-08-27 10:15:00,57.6,65.12866952391823
2018-08-27 10:30:00,58.93,61.448477964966855
2018-08-27 10:45:00,65.45,58.035535951564235
2018-08-27 11:00:00,54.94,55.794435588496036
2018-08-27 11:15:00,47.88,64.05589056381909
2018-08-27 11:30:00,41.29,57.01908857826086
2018-08-27 11:45:00,40.57,40.700168364257884
2018-08-27 12:00:00,28.12,10.299382931923875
2018-08-27 12:15:00,25.24,8.373996670198638
2018-08-27 12:30:00,25.27,10.255886281086275
2018-08-27 12:45:00,25.52,17.50062403617824
2018-08-27 13:00:00,46.3,47.290269035825624
2018-08-27 13:15:00,58.68,55.07724463774158
2018-08-27 13:30:00,46.76,55.855076152113966
2018-08-27 13:45:00,41.76,57.527683184667026
2018-08-27 14:00:00,52.42,50.732671737822436
2018-08-27 14:15:00,68.65,48.31330937907501
2018-08-27 14:30:00,45.79,60.008692772565794
2018-08-27 14:45:00,67.79,62.17071978957274
2018-08-27 15:00:00,43.88,49.95833038226183
2018-08-27 15:15:00,45.9,63.09469041940173
2018-08-27 15:30:00,50.51,49.685294844299584
2018-08-27 15:45:00,49.5,55.549018598994124
2018-08-27 16:00:00,52.02,57.7068078349615
2018-08-27 16:15:00,63.22,56.932429983130575
2018-08-27 16:30:00,44.42,53.94410742357486
2018-08-27 16:45:00,63.4,55.00800745112955
2018-08-27 17:00:00,51.73,44.90953056566436
2018-08-27 17:15:00,49.97,55.67500423905329
2018-08-27 17:30:00,46.58,34.99351981465263
2018-08-27 17:45:00,29.95,26.664984253483922
2018-08-27 18:00:00,5.54,31.71855876046806
2018-08-27 18:15:00,3.6,37.08939944637183
2018-08-27 18:30:00,3.38,5.9805551791881015
2018-08-27 18:45:00,3.42,6.5265177114195865
2018-08-27 19:00:00,3.42,9.104527150743708
2018-08-27 19:15:00,3.46,6.460742900712728
2018-08-27 19:30:00,3.46,4.914963939960272
2018-08-27 19:45:00,3.35,4.38753753217975
2018-08-27 20:00:00,3.38,4.856547999829203
2018-08-27 20:15:00,3.42,4.173148539142799
2018-08-27 20:30:00,2.88,2.959316130415871
2018-08-27 20:45:00,2.84,4.410900738233196
2018-08-27 21:00:00,2.88,2.414196160594991
2018-08-27 21:15:00,2.81,2.6493092277749892
2018-08-27 21:30:00,2.84,3.1005333553026184
2018-08-27 21:45:00,2.77,3.1005333553026184
2018-08-27 22:00:00,2.7,3.0771728906115867
2018-08-27 22:15:00,2.66,3.0771728906115867
2018-08-27 22:30:00,2.7,2.9545987368744027
2018-08-27 22:45:00,2.63,2.876447581915935
2018-08-27 23:00:00,2.59,2.876447581915935
2018-08-27 23:15:00,2.66,2.9479409908952863
2018-08-27 23:30:00,3.13,2.9486543373930467
2018-08-27 23:45:00,2.66,2.9486543373930467
2018-08-28 00:00:00,2.59,2.885881417776828
2018-08-28 00:15:00,2.56,2.8266257087348956
2018-08-28 00:30:00,2.59,2.868206258711694
2018-08-28 00:45:00,2.59,2.6556009240430463
2018-08-28 01:00:00,2.56,2.810414682967307
2018-08-28 01:15:00,2.74,2.6571969487599323
2018-08-28 01:30:00,3.06,2.6571969487599323
2018-08-28 01:45:00,2.59,2.6571969487599323
2018-08-28 02:00:00,2.59,2.747584091972972
2018-08-28 02:15:00,2.56,2.7735322163500586
2018-08-28 02:30:00,2.59,2.73195166637326
2018-08-28 02:45:00,2.59,2.7556849716383565
2018-08-28 03:00:00,2.59,2.7345795364763053
2018-08-28 03:15:00,2.52,2.7564976709282374
2018-08-28 03:30:00,2.52,2.7564976709282374
2018-08-28 03:45:00,2.56,2.8860129668182277
2018-08-28 04:00:00,2.56,2.8389257068884204
2018-08-28 04:15:00,2.52,2.8389257068884204
2018-08-28 04:30:00,2.63,2.8389257068884204
2018-08-28 04:45:00,3.17,2.880506256865219
2018-08-28 05:00:00,3.06,2.8389257068884204
2018-08-28 05:15:00,2.52,2.9319004828461517
2018-08-28 05:30:00,2.52,2.8545581324881324
2018-08-28 05:45:00,3.06,2.935195773966942
2018-08-28 06:00:00,2.56,2.8389257068884204
2018-08-28 06:15:00,2.56,2.952173563105694
2018-08-28 06:30:00,2.52,2.8415535769914655
2018-08-28 06:45:00,2.59,2.8389257068884204
2018-08-28 07:00:00,2.52,2.880506256865219
2018-08-28 07:15:00,2.95,2.869149816556263
2018-08-28 07:30:00,3.31,3.838582130217085
2018-08-28 07:45:00,3.67,3.6361186559975067
2018-08-28 08:00:00,31.72,38.043343971462875
2018-08-28 08:15:00,49.18,51.43192583102825
2018-08-28 08:30:00,53.24,53.547055117371976
2018-08-28 08:45:00,45.9,55.73940183075427
2018-08-28 09:00:00,52.06,59.86319355054846
2018-08-28 09:15:00,60.7,53.13841605712631
2018-08-28 09:30:00,66.74,56.4997357589236
2018-08-28 09:45:00,62.86,61.93424684292587
2018-08-28 10:00:00,50.15,63.108950523488936
2018-08-28 10:15:00,59.08,60.03306514618037
2018-08-28 10:30:00,50.4,60.056485311576665
2018-08-28 10:45:00,60.91,63.93882575557354
2018-08-28 11:00:00,61.09,63.81518736344733
2018-08-28 11:15:00,59.9,61.22731890019647
2018-08-28 11:30:00,55.98,55.046259878355556
2018-08-28 11:45:00,40.72,47.585505507264685
2018-08-28 12:00:00,5.0,10.445050238725313
2018-08-28 12:15:00,4.32,8.647300380910526
2018-08-28 12:30:00,4.39,6.877172788095495
2018-08-28 12:45:00,4.28,8.044355216106187
2018-08-28 13:00:00,29.02,39.840737677533255
2018-08-28 13:15:00,53.32,53.043353871526136
2018-08-28 13:30:00,58.0,52.687931932113365
2018-08-28 13:45:00,49.54,54.61187319501279
2018-08-28 14:00:00,51.16,57.539249003453996
2018-08-28 14:15:00,50.4,57.56804318776607
2018-08-28 14:30:00,41.69,59.185507136296025
2018-08-28 14:45:00,50.18,59.44133501305882
2018-08-28 15:00:00,45.61,47.842171292160906
2018-08-28 15:15:00,42.7,55.42191175972458
2018-08-28 15:30:00,47.41,54.17200940818318
2018-08-28 15:45:00,48.06,47.83360343640685
2018-08-28 16:00:00,49.97,56.10500661898827
2018-08-28 16:15:00,44.78,53.70683283572349
2018-08-28 16:30:00,35.93,54.57760114007953
2018-08-28 16:45:00,40.07,47.35101037202772
2018-08-28 17:00:00,40.39,37.025768852189834
2018-08-28 17:15:00,40.61,38.748194197827495
2018-08-28 17:30:00,30.31,30.277947063145298
2018-08-28 17:45:00,30.53,29.239526683606705
2018-08-28 18:00:00,34.49,31.440685683549447
2018-08-28 18:15:00,39.24,46.803879195038995
2018-08-28 18:30:00,33.95,43.13716576601922
2018-08-28 18:45:00,32.94,42.40229622927806
2018-08-28 19:00:00,38.2,39.205637271304305
2018-08-28 19:15:00,39.35,39.239882266937435
2018-08-28 19:30:00,41.22,42.65923105437184
2018-08-28 19:45:00,42.62,42.632950148471494
2018-08-28 20:00:00,49.64,42.11286601966279
2018-08-28 20:15:00,60.16,41.49770831821119
2018-08-28 20:30:00,46.62,49.01863401458833
2018-08-28 20:45:00,28.01,22.23597550688249
2018-08-28 21:00:00,4.36,8.65334980109621
2018-08-28 21:15:00,3.82,3.7917554606030075
2018-08-28 21:30:00,3.64,5.034121764823408
2018-08-28 21:45:00,3.6,2.5897890329732465
2018-08-28 22:00:00,3.42,2.7006593288850467
2018-08-28 22:15:00,3.53,3.6003075606543327
2018-08-28 22:30:00,3.42,3.4144305750888715
2018-08-28 22:45:00,3.13,3.398464532393986
2018-08-28 23:00:00,2.77,3.3286715246905896
2018-08-28 23:15:00,2.74,3.000911317549208
2018-08-28 23:30:00,2.92,2.9674009124568674
2018-08-28 23:45:00,3.42,2.9488597594077826
2018-08-29 00:00:00,2.74,2.9488597594077826
2018-08-29 00:15:00,2.81,3.299287598744172
2018-08-29 00:30:00,2.77,2.873485267121168
2018-08-29 00:45:00,2.77,2.8591478285783882
2018-08-29 01:00:00,2.7,2.895568963848943
2018-08-29 01:15:00,2.77,2.663718865783251
2018-08-29 01:30:00,2.7,2.8282217334517816
2018-08-29 01:45:00,2.7,2.8161713848054433
2018-08-29 02:00:00,2.7,2.8161713848054433
2018-08-29 02:15:00,2.77,2.812308450505742
2018-08-29 02:30:00,2.77,2.8096805804026967
2018-08-29 02:45:00,2.77,2.812308450505742
2018-08-29 03:00:00,2.7,2.8096805804026967
2018-08-29 03:15:00,2.74,2.7564976709282374
2018-08-29 03:30:00,2.74,2.7564976709282374
2018-08-29 03:45:00,2.95,2.870099683872188
2018-08-29 04:00:00,3.38,2.919282491020902
2018-08-29 04:15:00,2.88,2.8415535769914655
2018-08-29 04:30:00,2.7,3.306998552772757
2018-08-29 04:45:00,2.77,2.8389257068884204
2018-08-29 05:00:00,2.77,2.8389257068884204
2018-08-29 05:15:00,3.2,2.8415535769914655
2018-08-29 05:30:00,2.99,2.936541137505982
2018-08-29 05:45:00,2.74,3.0784999460844853
2018-08-29 06:00:00,2.77,2.8389257068884204
2018-08-29 06:15:00,2.74,2.845416511291167
2018-08-29 06:30:00,2.7,2.845416511291167
2018-08-29 06:45:00,2.66,2.936541137505982
2018-08-29 07:00:00,2.7,2.8415535769914655
2018-08-29 07:15:00,3.24,2.854891749583306
2018-08-29 07:30:00,3.78,3.836601407980966
2018-08-29 07:45:00,3.46,5.290974509605971
2018-08-29 08:00:00,34.31,38.85551270078756
2018-08-29 08:15:00,55.66,45.61419344539221
2018-08-29 08:30:00,55.08,54.030316430024854
2018-08-29 08:45:00,60.95,62.876616695985305
2018-08-29 09:00:00,56.84,56.021772316058595
2018-08-29 09:15:00,50.15,57.531851740620475
2018-08-29 09:30:00,48.46,55.43455277927146
2018-08-29 09:45:00,43.27,59.60501927454153
2018-08-29 10:00:00,34.88,52.53379738202602
2018-08-29 10:15:00,37.08,46.001932881164784
2018-08-29 10:30:00,45.72,48.15597348275056
2018-08-29 10:45:00,44.82,48.125527869298764
2018-08-29 11:00:00,58.1,53.57552135369969
2018-08-29 11:15:00,59.29,53.275722858691985
2018-08-29 11:30:00,52.78,58.713038784724255
2018-08-29 11:45:00,48.64,46.66654847597039
2018-08-29 12:00:00,4.79,8.600977415263666
2018-08-29 12:15:00,5.87,4.566770524561551
2018-08-29 12:30:00,5.9,3.838710890617216
2018-08-29 12:45:00,6.26,5.631778754050705
2018-08-29 13:00:00,32.9,24.991689519400822
2018-08-29 13:15:00,60.77,55.933512276594556
2018-08-29 13:30:00,50.4,59.618137890900265
2018-08-29 13:45:00,41.72,60.841091551939954
2018-08-29 14:00:00,49.46,56.86907280516965
2018-08-29 14:15:00,56.2,49.418463554194204
2018-08-29 14:30:00,38.99,56.963021348880844
2018-08-29 14:45:00,38.84,59.11566535979194
2018-08-29 15:00:00,53.28,42.19596986574147
2018-08-29 15:15:00,44.96,47.90098919162022
2018-08-29 15:30:00,56.2,57.35812024765288
2018-08-29 15:45:00,55.73,51.68862513959701
2018-08-29 16:00:00,58.03,58.260862990639694
2018-08-29 16:15:00,54.47,58.00791996378508
2018-08-29 16:30:00,52.96,60.57563850089752
2018-08-29 16:45:00,52.88,59.732483113488186
2018-08-29 17:00:00,53.64,58.205177345865636
2018-08-29 17:15:00,44.6,53.7941793669531
2018-08-29 17:30:00,29.02,36.08824573713346
2018-08-29 17:45:00,29.41,28.90137226054549
2018-08-29 18:00:00,36.18,27.545044338393346
2018-08-29 18:15:00,54.54,48.4609338449634
2018-08-29 18:30:00,56.16,45.26125520276174
2018-08-29 18:45:00,40.68,44.627750561056914
2018-08-29 19:00:00,43.06,51.51670150627725
2018-08-29 19:15:00,63.76,40.09441688434187
2018-08-29 19:30:00,41.47,43.941281620092184
2018-08-29 19:45:00,45.25,55.97748648674041
2018-08-29 20:00:00,46.98,42.25494618976144
2018-08-29 20:15:00,43.67,41.81962656100439
2018-08-29 20:30:00,43.31,45.655977171789914
2018-08-29 20:45:00,14.22,18.442938592007025
2018-08-29 21:00:00,6.3,6.517048216328672
2018-08-29 21:15:00,3.92,1.953650610845985
2018-08-29 21:30:00,3.82,4.33650937569238
2018-08-29 21:45:00,3.74,3.0110119936505817
2018-08-29 22:00:00,3.6,3.624446226846921
2018-08-29 22:15:00,3.35,3.6336006813665223
2018-08-29 22:30:00,3.53,3.4186552939803923
2018-08-29 22:45:00,3.06,3.394921988715296
2018-08-29 23:00:00,2.92,3.3286715246905896
2018-08-29 23:15:00,2.88,2.973254076801873
2018-08-29 23:30:00,2.84,3.1592686225638005
2018-08-29 23:45:00,2.88,2.9911342177219638
2018-08-30 00:00:00,2.88,2.9509844275043613
2018-08-30 00:15:00,2.92,2.851797258382828
2018-08-30 00:30:00,2.95,2.881727589250636
2018-08-30 00:45:00,2.99,2.881727589250636
2018-08-30 01:00:00,2.92,2.881727589250636
2018-08-30 01:15:00,2.66,2.883323613967522
2018-08-30 01:30:00,2.63,2.8023300102071365
2018-08-30 01:45:00,2.66,2.8023300102071365
2018-08-30 02:00:00,2.66,2.8023300102071365
2018-08-30 02:15:00,2.66,2.818296052902022
2018-08-30 02:30:00,2.66,2.818296052902022
2018-08-30 02:45:00,2.77,2.8176737670342633
2018-08-30 03:00:00,3.13,2.8176737670342633
2018-08-30 03:15:00,2.66,2.8422197715892406
2018-08-30 03:30:00,2.66,2.902489646730758
2018-08-30 03:45:00,2.7,3.6154782965869527
2018-08-30 04:00:00,3.17,2.7958974811717554
2018-08-30 04:15:00,2.66,3.2155494212842513
2018-08-30 04:30:00,2.63,3.006179487849509
2018-08-30 04:45:00,2.59,2.90281324631955
2018-08-30 05:00:00,2.66,2.90281324631955
2018-08-30 05:15:00,2.59,2.7503296146767857
2018-08-30 05:30:00,2.52,2.9386658056025605
2018-08-30 05:45:00,2.52,2.8250843322901136
2018-08-30 06:00:00,2.52,2.8250843322901136
2018-08-30 06:15:00,2.59,2.8250843322901136
2018-08-30 06:30:00,2.59,2.8250843322901136
2018-08-30 06:45:00,2.48,2.8250843322901136
2018-08-30 07:00:00,2.84,2.8250843322901136
2018-08-30 07:15:00,3.71,2.961053747328617
2018-08-30 07:30:00,3.85,3.8407067983136636
2018-08-30 07:45:00,3.71,6.433006339332904
2018-08-30 08:00:00,30.96,34.0316433749669
2018-08-30 08:15:00,50.8,52.69577783719335
2018-08-30 08:30:00,47.3,51.01763157023737
2018-08-30 08:45:00,53.96,61.729336646723546
2018-08-30 09:00:00,56.74,53.15406652936243
2018-08-30 09:15:00,53.6,55.37243778613402
2018-08-30 09:30:00,42.23,54.18110439965991
2018-08-30 09:45:00,43.13,56.86594449015164
2018-08-30 10:00:00,42.66,48.342782763209044
2018-08-30 10:15:00,51.62,47.88549518500442
2018-08-30 10:30:00,48.17,47.48435019280986
2018-08-30 10:45:00,48.35,59.65320279929142
2018-08-30 11:00:00,42.84,53.05816880118793
2018-08-30 11:15:00,68.87,55.36262724601715
2018-08-30 11:30:00,46.55,44.248818106074886
2018-08-30 11:45:00,43.34,56.227388227147706
2018-08-30 12:00:00,6.16,11.094424130391111
2018-08-30 12:15:00,4.97,5.955350558289428
2018-08-30 12:30:00,5.47,5.9327621530883325
2018-08-30 12:45:00,5.33,5.155384520990881
2018-08-30 13:00:00,27.76,39.37438113891551
2018-08-30 13:15:00,47.23,48.88332740209143
2018-08-30 13:30:00,58.03,49.67483303406171
2018-08-30 13:45:00,50.33,49.8362329471408
2018-08-30 14:00:00,68.65,52.12225020683375
2018-08-30 14:15:00,52.13,53.13780141856127
2018-08-30 14:30:00,59.18,55.468962942460884
2018-08-30 14:45:00,49.14,51.7103743658491
2018-08-30 15:00:00,57.24,52.00407770181599
2018-08-30 15:15:00,54.94,53.99072363023303
2018-08-30 15:30:00,55.55,56.456620603288094
2018-08-30 15:45:00,56.38,54.736030195536344
2018-08-30 16:00:00,57.67,54.67616293088793
2018-08-30 16:15:00,47.66,57.35422743136669
2018-08-30 16:30:00,48.56,58.32632745200969
2018-08-30 16:45:00,43.24,54.10674697835538
2018-08-30 17:00:00,42.48,52.46988969914876
2018-08-30 17:15:00,39.35,42.37261176262702
2018-08-30 17:30:00,41.44,29.012094329160888
2018-08-30 17:45:00,47.38,27.32998357122667
2018-08-30 18:00:00,100.58,30.196074836260898
2018-08-30 18:15:00,77.4,30.908904605905363
2018-08-30 18:30:00,39.92,63.0768777069234
2018-08-30 18:45:00,40.61,80.36889227591504
2018-08-30 19:00:00,39.89,53.50030030048923
2018-08-30 19:15:00,37.33,52.46501628951153
2018-08-30 19:30:00,40.86,41.554585488474856
2018-08-30 19:45:00,33.12,39.49509560603166
2018-08-30 20:00:00,38.52,39.22558562059344
2018-08-30 20:15:00,34.42,35.82501961339897
2018-08-30 20:30:00,32.22,36.13910262235107
2018-08-30 20:45:00,24.44,17.83262497356731
2018-08-30 21:00:00,3.74,13.494855949258746
2018-08-30 21:15:00,4.25,4.060576067471018
2018-08-30 21:30:00,3.89,3.3962421538543035
2018-08-30 21:45:00,3.64,4.007481692323678
2018-08-30 22:00:00,3.53,3.6634800369359506
2018-08-30 22:15:00,3.31,3.219053063704123
2018-08-30 22:30:00,2.88,3.168128609311953
2018-08-30 22:45:00,3.38,3.4191303535396496
2018-08-30 23:00:00,2.77,2.95301313293717
2018-08-30 23:15:00,2.63,3.3267135571622513
2018-08-30 23:30:00,2.7,2.9535595378585606
2018-08-30 23:45:00,2.74,2.9535595378585606
2018-08-31 00:00:00,2.74,2.81947411302067
2018-08-31 00:15:00,2.7,2.87276490857951
2018-08-31 00:30:00,2.7,2.81947411302067
2018-08-31 00:45:00,2.7,2.8129833086179237
2018-08-31 01:00:00,2.7,2.8129833086179237
2018-08-31 01:15:00,2.7,2.7150445765253393
2018-08-31 01:30:00,2.74,2.796038180285725
2018-08-31 01:45:00,2.77,2.7150445765253393
2018-08-31 02:00:00,2.7,2.7150445765253393
2018-08-31 02:15:00,2.74,2.7150445765253393
2018-08-31 02:30:00,2.99,2.7150445765253393
2018-08-31 02:45:00,3.2,2.7150445765253393
2018-08-31 03:00:00,2.81,2.733585729574424
2018-08-31 03:15:00,2.74,2.9084303533907128
2018-08-31 03:30:00,2.74,2.6778277097457654
2018-08-31 03:45:00,2.74,2.7110729385572343
2018-08-31 04:00:00,3.02,2.746917573114108
2018-08-31 04:15:00,3.38,2.8419051336286243
2018-08-31 04:30:00,2.81,2.746917573114108
2018-08-31 04:45:00,2.77,3.134633634865963
2018-08-31 05:00:00,2.77,2.744289703011063
2018-08-31 05:15:00,2.74,2.744289703011063
2018-08-31 05:30:00,2.74,2.746917573114108
2018-08-31 05:45:00,2.7,2.8419051336286243
2018-08-31 06:00:00,2.74,2.746917573114108
2018-08-31 06:15:00,2.7,2.7507805074138094
2018-08-31 06:30:00,2.74,2.7507805074138094
2018-08-31 06:45:00,2.88,2.8220186170404995
2018-08-31 07:00:00,3.06,2.8405597700895844
2018-08-31 07:15:00,3.31,2.739540421226456
2018-08-31 07:30:00,3.85,3.405392123867482
2018-08-31 07:45:00,3.6,5.71281444425579
2018-08-31 08:00:00,26.14,35.776379417822085
2018-08-31 08:15:00,45.65,44.55071296658897
2018-08-31 08:30:00,58.03,47.77317965105383
2018-08-31 08:45:00,88.99,52.93016357174023
2018-08-31 09:00:00,113.04,56.59371504468165
2018-08-31 09:15:00,112.68,76.73380737805512
2018-08-31 09:30:00,54.32,81.19925030794961
2018-08-31 09:45:00,58.54,86.45360224087224
2018-08-31 10:00:00,52.92,65.58311782789953
2018-08-31 10:15:00,53.6,54.054617831721586
2018-08-31 10:30:00,44.21,56.977009898652064
2018-08-31 10:45:00,49.03,60.026374604202836
2018-08-31 11:00:00,61.52,45.7975011155014
2018-08-31 11:15:00,60.01,58.69958114662965
2018-08-31 11:30:00,61.56,60.85178546828635
2018-08-31 11:45:00,48.28,51.48264571721832
2018-08-31 12:00:00,4.46,5.384923119395921
2018-08-31 12:15:00,5.54,3.8681733520946864
2018-08-31 12:30:00,5.44,3.962750295114972
2018-08-31 12:45:00,8.5,5.009385527497602
2018-08-31 13:00:00,37.44,33.129769985871945
2018-08-31 13:15:00,44.64,51.581803230770205
2018-08-31 13:30:00,53.03,58.630094713253946
2018-08-31 13:45:00,56.77,45.14754450142658
2018-08-31 14:00:00,56.12,54.82048804897034
2018-08-31 14:15:00,58.97,56.08959617381755
2018-08-31 14:30:00,56.77,53.38592891805037
2018-08-31 14:45:00,40.32,51.65213246113871
2018-08-31 15:00:00,48.17,55.57763931703491
2018-08-31 15:15:00,44.42,48.06396254692685
2018-08-31 15:30:00,55.55,55.07184552279519
2018-08-31 15:45:00,55.87,48.78500273300827
2018-08-31 16:00:00,58.14,56.98896774273704
2018-08-31 16:15:00,56.12,54.31070317243075
2018-08-31 16:30:00,51.98,54.02975929011918
2018-08-31 16:45:00,55.19,56.13358670641417
2018-08-31 17:00:00,47.41,54.39778984840948
2018-08-31 17:15:00,43.92,50.28815660445046
2018-08-31 17:30:00,28.4,38.948218810257615
2018-08-31 17:45:00,28.69,35.069929822502864
2018-08-31 18:00:00,31.82,24.354452862171943
2018-08-31 18:15:00,44.03,38.90684879191055
2018-08-31 18:30:00,36.76,39.632810135034845
2018-08-31 18:45:00,36.22,44.610509266139914
2018-08-31 19:00:00,43.49,39.91656221017631
2018-08-31 19:15:00,40.25,37.10548617020859
2018-08-31 19:30:00,44.71,41.13907509689197
2018-08-31 19:45:00,43.67,37.92055846991906
2018-08-31 20:00:00,37.94,39.74582717961078
2018-08-31 20:15:00,36.4,40.94132329007913
2018-08-31 20:30:00,53.71,34.87416295208997
2018-08-31 20:45:00,19.22,16.096854891770096
2018-08-31 21:00:00,4.46,6.562764526550219
2018-08-31 21:15:00,4.03,2.493429763905283
2018-08-31 21:30:00,4.07,4.504578318567803
2018-08-31 21:45:00,3.85,3.6821282428010007
2018-08-31 22:00:00,3.67,3.6182760315969285
2018-08-31 22:15:00,3.6,3.4029843912319087
2018-08-31 22:30:00,3.82,3.949114453856666
2018-08-31 22:45:00,4.64,3.362069029525695
2018-08-31 23:00:00,3.06,3.234035520813232
2018-08-31 23:15:00,2.92,3.791658011525925
2018-08-31 23:30:00,2.95,2.8865826939350514
2018-08-31 23:45:00,2.95,2.6043597537150083
2018-09-01 00:00:00,2.95,2.8255283352953082
2018-09-01 00:15:00,3.02,2.752715799040686
2018-09-01 00:30:00,3.02,2.752715799040686
2018-09-01 00:45:00,3.02,2.752715799040686
2018-09-01 01:00:00,3.02,2.752715799040686
2018-09-01 01:15:00,2.95,2.752715799040686
2018-09-01 01:30:00,2.99,2.752715799040686
2018-09-01 01:45:00,3.06,2.802716800758494
2018-09-01 02:00:00,2.99,2.726983917526639
2018-09-01 02:15:00,2.95,2.726983917526639
2018-09-01 02:30:00,3.02,2.9668684215421735
2018-09-01 02:45:00,3.49,2.8454649240529943
2018-09-01 03:00:00,3.17,2.8177613130507737
2018-09-01 03:15:00,3.06,3.25141173782074
2018-09-01 03:30:00,3.53,2.8889154635830097
2018-09-01 03:45:00,3.46,2.8766882984831694
2018-09-01 04:00:00,3.02,3.2939865395035666
2018-09-01 04:15:00,3.02,3.2939865395035666
2018-09-01 04:30:00,3.02,2.9380503401709768
2018-09-01 04:45:00,3.13,2.9380503401709768
2018-09-01 05:00:00,3.06,2.9380503401709768
2018-09-01 05:15:00,3.06,2.8274639672983866
2018-09-01 05:30:00,3.02,2.8152368021985463
2018-09-01 05:45:00,3.02,2.8152368021985463
2018-09-01 06:00:00,3.02,2.8152368021985463
2018-09-01 06:15:00,3.06,2.8152368021985463
2018-09-01 06:30:00,3.53,2.8152368021985463
2018-09-01 06:45:00,3.24,3.055121306214081
2018-09-01 07:00:00,2.99,3.154551063871717
2018-09-01 07:15:00,3.02,3.154551063871717
2018-09-01 07:30:00,3.17,3.1703550481776026
2018-09-01 07:45:00,3.28,3.1672684547959893
2018-09-01 08:00:00,17.17,15.426862286166685
2018-09-01 08:15:00,32.44,32.77914811818202
2018-09-01 08:30:00,32.11,22.217347565516196
2018-09-01 08:45:00,37.4,39.44057346725955
2018-09-01 09:00:00,47.09,39.787481081233175
2018-09-01 09:15:00,32.9,38.98046659032335
2018-09-01 09:30:00,42.77,43.892521778321495
2018-09-01 09:45:00,41.11,34.67659241293954
2018-09-01 10:00:00,49.46,37.951244387972814
2018-09-01 10:15:00,38.88,38.41987960873197
2018-09-01 10:30:00,50.62,46.02594355050726
2018-09-01 10:45:00,32.94,39.476436976932455
2018-09-01 11:00:00,28.15,47.473387535891646
2018-09-01 11:15:00,25.78,35.85096285577065
2018-09-01 11:30:00,25.7,20.842089825698185
2018-09-01 11:45:00,25.31,15.530835400518624
2018-09-01 12:00:00,25.6,9.297208326011734
2018-09-01 12:15:00,25.34,9.965916660279735
2018-09-01 12:30:00,25.49,14.537020744059152
2018-09-01 12:45:00,25.49,17.333847729645342
2018-09-01 13:00:00,25.49,25.21464892625623
2018-09-01 13:15:00,28.19,35.48122530209035
2018-09-01 13:30:00,27.61,25.616202280853013
2018-09-01 13:45:00,27.04,25.57859716703434
2018-09-01 14:00:00,27.43,25.57859716703434
2018-09-01 14:15:00,26.86,25.57859716703434
2018-09-01 14:30:00,26.78,25.57859716703434
2018-09-01 14:45:00,27.14,25.559001846823797
2018-09-01 15:00:00,26.57,25.571722235227586
2018-09-01 15:15:00,26.17,25.381327928197912
2018-09-01 15:30:00,26.42,25.12778606566442
2018-09-01 15:45:00,25.99,25.12778606566442
2018-09-01 16:00:00,25.92,24.630423209664798
2018-09-01 16:15:00,26.53,20.285333049479
2018-09-01 16:30:00,26.32,19.526325434637013
2018-09-01 16:45:00,26.32,13.996966892726553
2018-09-01 17:00:00,26.06,13.790208463452442
2018-09-01 17:15:00,25.02,13.769558298793818
2018-09-01 17:30:00,25.85,20.821380313618622
2018-09-01 17:45:00,24.34,24.861232935289863
2018-09-01 18:00:00,25.74,24.861232935289863
2018-09-01 18:15:00,6.44,14.83195569650221
2018-09-01 18:30:00,3.49,21.914081350174083
2018-09-01 18:45:00,3.49,5.353722780186018
2018-09-01 19:00:00,3.6,3.634155464945075
2018-09-01 19:15:00,3.56,3.56990974600795
2018-09-01 19:30:00,3.31,3.5430348382554957
2018-09-01 19:45:00,2.92,3.532328689190375
2018-09-01 20:00:00,2.92,3.532328689190375
2018-09-01 20:15:00,2.99,3.091095434755386
2018-09-01 20:30:00,2.99,3.102173813152739
2018-09-01 20:45:00,2.95,3.1864954475694063
2018-09-01 21:00:00,2.99,3.005621556981563
2018-09-01 21:15:00,2.92,2.9143398247205137
2018-09-01 21:30:00,2.81,2.9143398247205137
2018-09-01 21:45:00,2.81,2.8777105416729256
2018-09-01 22:00:00,2.7,2.8777105416729256
2018-09-01 22:15:00,2.7,2.8777105416729256
2018-09-01 22:30:00,2.66,2.8777105416729256
2018-09-01 22:45:00,2.66,2.8519786601588786
2018-09-01 23:00:00,2.66,2.8083661241825304
2018-09-01 23:15:00,2.63,2.8083661241825304
2018-09-01 23:30:00,3.82,2.760395486838659
2018-09-01 23:45:00,3.85,2.760395486838659
2018-09-02 00:00:00,2.63,3.185277701458919
2018-09-02 00:15:00,2.63,3.4169093964237818
2018-09-02 00:30:00,2.66,3.0307423666340765
2018-09-02 00:45:00,2.63,2.489911107860833
2018-09-02 01:00:00,2.74,2.8083661241825304
2018-09-02 01:15:00,2.7,2.8083661241825304
2018-09-02 01:30:00,2.63,2.7441309871051054
2018-09-02 01:45:00,2.66,2.7441309871051054
2018-09-02 02:00:00,2.63,2.7441309871051054
2018-09-02 02:15:00,2.66,2.87788018360742
2018-09-02 02:30:00,2.7,2.756476686118241
2018-09-02 02:45:00,2.63,2.756476686118241
2018-09-02 03:00:00,2.66,2.756476686118241
2018-09-02 03:15:00,2.63,2.8130898393888586
2018-09-02 03:30:00,2.63,2.8130898393888586
2018-09-02 03:45:00,2.81,2.8170086401092767
2018-09-02 04:00:00,3.2,2.828369680079276
2018-09-02 04:15:00,2.77,2.824450879358858
2018-09-02 04:30:00,2.66,2.9741773053458282
2018-09-02 04:45:00,3.2,2.824450879358858
2018-09-02 05:00:00,3.17,2.824450879358858
2018-09-02 05:15:00,2.59,3.022174185354925
2018-09-02 05:30:00,2.56,2.941556656281448
2018-09-02 05:45:00,2.63,2.824450879358858
2018-09-02 06:00:00,2.56,2.824450879358858
2018-09-02 06:15:00,2.56,2.8724477593679545
2018-09-02 06:30:00,2.56,2.8724477593679545
2018-09-02 06:45:00,2.56,2.824450879358858
2018-09-02 07:00:00,2.59,2.824450879358858
2018-09-02 07:15:00,2.66,2.824450879358858
2018-09-02 07:30:00,2.77,2.823259549091409
2018-09-02 07:45:00,2.7,2.9058712464406207
2018-09-02 08:00:00,26.17,8.844978152039259
2018-09-02 08:15:00,50.18,3.4454915279154825
2018-09-02 08:30:00,42.37,30.71110756497402
2018-09-02 08:45:00,41.76,49.950084763206604
2018-09-02 09:00:00,31.46,42.59910832591615
2018-09-02 09:15:00,39.13,39.21788075662548
2018-09-02 09:30:00,56.95,35.4935349527088
2018-09-02 09:45:00,35.14,40.37530230438164
2018-09-02 10:00:00,51.34,49.822377785836935
2018-09-02 10:15:00,48.67,36.273451221853804
2018-09-02 10:30:00,32.36,47.45786163927711
2018-09-02 10:45:00,31.14,38.982729721617986
2018-09-02 11:00:00,35.53,35.671032401028484
2018-09-02 11:15:00,52.63,32.628284042357535
2018-09-02 11:30:00,57.38,20.91584059000391
2018-09-02 11:45:00,21.67,15.382046043430872
2018-09-02 12:00:00,3.17,2.5481727279282644
2018-09-02 12:15:00,3.17,8.710221190797302
2018-09-02 12:30:00,3.31,10.964637569938745
2018-09-02 12:45:00,3.89,6.663629360095404
2018-09-02 13:00:00,13.43,23.758938063472343
2018-09-02 13:15:00,32.8,29.39732824520971
2018-09-02 13:30:00,52.2,39.011378370454
2018-09-02 13:45:00,56.56,29.903081157058867
2018-09-02 14:00:00,33.91,33.271319255321586
2018-09-02 14:15:00,42.41,35.42075063309801
2018-09-02 14:30:00,44.75,29.75653590375365
2018-09-02 14:45:00,47.7,31.042552677998778
2018-09-02 15:00:00,44.82,31.438776858661655
2018-09-02 15:15:00,31.68,31.964566703704186
2018-09-02 15:30:00,23.69,32.470902418025574
2018-09-02 15:45:00,5.65,31.388847142107867
2018-09-02 16:00:00,5.04,25.045771108390714
2018-09-02 16:15:00,3.64,5.2960950648149066
2018-09-02 16:30:00,3.6,3.9304654774015524
2018-09-02 16:45:00,3.64,5.227199172475638
2018-09-02 17:00:00,3.6,3.4864044566061825
2018-09-02 17:15:00,3.64,3.4439166432568595
2018-09-02 17:30:00,3.53,3.3067139541232575
2018-09-02 17:45:00,3.42,3.3067139541232575
2018-09-02 18:00:00,3.42,3.9144571889629995
2018-09-02 18:15:00,3.49,3.679784181857832
2018-09-02 18:30:00,3.02,3.636171645881484
2018-09-02 18:45:00,2.92,3.636171645881484
2018-09-02 19:00:00,2.81,3.153776712981252
2018-09-02 19:15:00,2.84,3.052901710996539
2018-09-02 19:30:00,2.99,2.9364766387655683
2018-09-02 19:45:00,2.88,2.9364766387655683
2018-09-02 20:00:00,2.92,2.9731059218131564
2018-09-02 20:15:00,3.64,2.9364766387655683
2018-09-02 20:30:00,3.35,2.899383717281522
2018-09-02 20:45:00,2.95,3.277000495165479
2018-09-02 21:00:00,2.99,3.2864501603816274
2018-09-02 21:15:00,2.92,2.917807943484741
2018-09-02 21:30:00,2.92,2.8493279386761934
2018-09-02 21:45:00,2.88,2.739886119373983
2018-09-02 22:00:00,2.7,2.689885117656175
2018-09-02 22:15:00,2.77,2.689885117656175
2018-09-02 22:30:00,2.81,2.689885117656175
2018-09-02 22:45:00,2.74,2.7635838509801647
2018-09-02 23:00:00,2.66,2.7635838509801647
2018-09-02 23:15:00,2.7,2.689885117656175
2018-09-02 23:30:00,2.74,2.7877435230814536
2018-09-02 23:45:00,2.74,2.8040080228150073
2018-09-03 00:00:00,3.35,2.7785929211770384
2018-09-03 00:15:00,2.74,2.730622283833167
2018-09-03 00:30:00,2.74,3.1052656406399275
2018-09-03 00:45:00,2.74,2.730622283833167
2018-09-03 01:00:00,2.74,2.730622283833167
2018-09-03 01:15:00,2.74,2.730622283833167
2018-09-03 01:30:00,2.77,2.7785929211770384
2018-09-03 01:45:00,2.74,2.730622283833167
2018-09-03 02:00:00,3.17,2.730622283833167
2018-09-03 02:15:00,3.31,2.730622283833167
2018-09-03 02:30:00,2.74,2.78443668115667
2018-09-03 02:45:00,2.7,3.2155084306553516
2018-09-03 03:00:00,2.77,2.730622283833167
2018-09-03 03:15:00,2.74,2.7872354371037846
2018-09-03 03:30:00,2.74,2.8352323171128813
2018-09-03 03:45:00,3.28,2.8852333188306893
2018-09-03 04:00:00,2.7,2.9413033435836677
2018-09-03 04:15:00,2.77,3.271637945068364
2018-09-03 04:30:00,2.7,2.8267411377777303
2018-09-03 04:45:00,2.77,2.9413033435836677
2018-09-03 05:00:00,2.7,2.9413033435836677
2018-09-03 05:15:00,2.63,2.984980807802251
2018-09-03 05:30:00,2.63,2.8267411377777303
2018-09-03 05:45:00,2.66,2.8267411377777303
2018-09-03 06:00:00,2.59,2.8267411377777303
2018-09-03 06:15:00,2.74,2.8267411377777303
2018-09-03 06:30:00,2.66,2.8267411377777303
2018-09-03 06:45:00,2.66,2.8267411377777303
2018-09-03 07:00:00,2.77,2.903049783965461
2018-09-03 07:15:00,4.54,3.0132925739808853
2018-09-03 07:30:00,3.71,3.2848497701493486
2018-09-03 07:45:00,2.95,6.339654158704228
2018-09-03 08:00:00,12.17,29.7122825405126
2018-09-03 08:15:00,41.9,27.220210293834228
2018-09-03 08:30:00,41.04,53.92900909382702
2018-09-03 08:45:00,46.08,55.54331525736383
2018-09-03 09:00:00,46.66,47.536887992294396
2018-09-03 09:15:00,67.0,49.859329076184885
2018-09-03 09:30:00,65.88,52.69629806898353
2018-09-03 09:45:00,41.0,62.1521347484114
2018-09-03 10:00:00,41.22,58.52379137900664
2018-09-03 10:15:00,40.93,46.392040972053
2018-09-03 10:30:00,39.17,48.11971761087077
2018-09-03 10:45:00,44.24,48.58603338487051
2018-09-03 11:00:00,59.94,49.00273320174057
2018-09-03 11:15:00,39.13,51.3729329301196
2018-09-03 11:30:00,39.6,56.75389044857445
2018-09-03 11:45:00,30.71,32.30862152695339
2018-09-03 12:00:00,5.08,7.22330615160762
2018-09-03 12:15:00,5.0,8.119039439362027
2018-09-03 12:30:00,4.97,5.86758640876759
2018-09-03 12:45:00,5.11,6.6173081376026515
2018-09-03 13:00:00,23.15,41.96615419063096
2018-09-03 13:15:00,46.26,54.93146451334491
2018-09-03 13:30:00,63.58,53.107489749561914
2018-09-03 13:45:00,54.22,49.73151140039641
2018-09-03 14:00:00,56.77,64.12676286892918
2018-09-03 14:15:00,51.34,61.9760776198764
2018-09-03 14:30:00,54.94,57.421432606054346
2018-09-03 14:45:00,60.88,61.26675378681459
2018-09-03 15:00:00,58.9,59.17379662135263
2018-09-03 15:15:00,55.15,52.98040212769716
2018-09-03 15:30:00,79.67,55.854746092902154
2018-09-03 15:45:00,83.16,58.79366758869627
2018-09-03 16:00:00,113.65,73.0627954032115
2018-09-03 16:15:00,63.83,79.36370155649746
2018-09-03 16:30:00,118.04,79.86458820845586
2018-09-03 16:45:00,110.56,67.7995681663966
2018-09-03 17:00:00,72.43,77.93797319325944
2018-09-03 17:15:00,88.74,80.5416989474042
2018-09-03 17:30:00,38.27,33.559507469251656
2018-09-03 17:45:00,30.92,38.01115276925825
2018-09-03 18:00:00,52.6,27.29150407698726
2018-09-03 18:15:00,77.83,58.91649301500319
2018-09-03 18:30:00,75.89,57.774401417429516
2018-09-03 18:45:00,30.53,85.5727197627143
2018-09-03 19:00:00,29.3,88.0167100759425
2018-09-03 19:15:00,27.11,40.90389340266723
2018-09-03 19:30:00,25.67,35.21152796028892
2018-09-03 19:45:00,25.67,29.456952583182183
2018-09-03 20:00:00,25.74,29.642485595642196
2018-09-03 20:15:00,26.42,29.996307674746966
2018-09-03 20:30:00,25.31,21.451843539037053
2018-09-03 20:45:00,4.57,18.491843275456496
2018-09-03 21:00:00,5.0,6.66373327886338
2018-09-03 21:15:00,3.64,3.3072489082673324
2018-09-03 21:30:00,3.67,3.8131530968817704
2018-09-03 21:45:00,3.53,3.421984925572975
2018-09-03 22:00:00,3.35,3.3035039190466193
2018-09-03 22:15:00,3.31,3.302251214293152
2018-09-03 22:30:00,3.31,3.3027281771094663
2018-09-03 22:45:00,2.74,3.3758730356641258
2018-09-03 23:00:00,2.7,3.252250212575344
2018-09-03 23:15:00,2.66,2.8776068557685837
2018-09-03 23:30:00,2.66,2.8047943195139613
2018-09-03 23:45:00,2.7,2.8047943195139613
2018-09-04 00:00:00,2.66,2.9444056458749985
2018-09-04 00:15:00,2.66,2.7779540020047717
2018-09-04 00:30:00,2.7,2.7779540020047717
2018-09-04 00:45:00,2.7,2.7779540020047717
2018-09-04 01:00:00,2.66,2.7779540020047717
2018-09-04 01:15:00,2.7,2.7779540020047717
2018-09-04 01:30:00,2.7,2.8022231222085328
2018-09-04 01:45:00,2.77,2.7522221204907247
2018-09-04 02:00:00,2.7,2.87070312701708
2018-09-04 02:15:00,2.88,2.87070312701708
2018-09-04 02:30:00,3.02,2.7522221204907247
2018-09-04 02:45:00,2.63,2.7522221204907247
2018-09-04 03:00:00,3.28,2.8538706748831753
2018-09-04 03:15:00,3.17,2.8088352737613422
2018-09-04 03:30:00,2.63,3.153173200099038
2018-09-04 03:45:00,2.66,3.04050325648987
2018-09-04 04:00:00,2.59,2.8963378544443845
2018-09-04 04:15:00,2.63,2.898341976153096
2018-09-04 04:30:00,2.63,2.8963378544443845
2018-09-04 04:45:00,2.66,2.9463388561621926
2018-09-04 05:00:00,2.66,2.848340974435288
2018-09-04 05:15:00,2.59,2.848340974435288
2018-09-04 05:30:00,2.59,2.848340974435288
2018-09-04 05:45:00,2.74,2.848340974435288
2018-09-04 06:00:00,3.17,2.848340974435288
2018-09-04 06:15:00,2.74,2.848340974435288
2018-09-04 06:30:00,2.63,2.9174498713487815
2018-09-04 06:45:00,2.63,2.848340974435288
2018-09-04 07:00:00,2.59,2.974650622340827
2018-09-04 07:15:00,2.77,3.0867431631257225
2018-09-04 07:30:00,2.88,3.4458888629422737
2018-09-04 07:45:00,3.24,3.8144600362289345
2018-09-04 08:00:00,29.3,20.636463612023327
2018-09-04 08:15:00,51.34,38.730113477780876
2018-09-04 08:30:00,72.76,51.78350563498914
2018-09-04 08:45:00,65.02,50.65078572914471
2018-09-04 09:00:00,81.65,71.26208332877412
2018-09-04 09:15:00,59.15,66.0091110457892
2018-09-04 09:30:00,55.58,70.6942010295578
2018-09-04 09:45:00,84.42,58.78014892339132
2018-09-04 10:00:00,99.25,56.97234910235505
2018-09-04 10:15:00,89.53,75.94042252636383
2018-09-04 10:30:00,102.67,76.51187157057919
2018-09-04 10:45:00,105.95,90.15726549676654
2018-09-04 11:00:00,122.65,85.10312710721966
2018-09-04 11:15:00,98.24,90.02319143052924
2018-09-04 11:30:00,113.51,98.41002432593051
2018-09-04 11:45:00,99.04,78.01685931149474
2018-09-04 12:00:00,5.44,16.332922321658074
2018-09-04 12:15:00,5.4,15.227110553586737
2018-09-04 12:30:00,4.32,5.527198526089517
2018-09-04 12:45:00,4.61,6.544833300184425
2018-09-04 13:00:00,47.52,53.30984718704119
2018-09-04 13:15:00,107.17,90.97333626237535
2018-09-04 13:30:00,90.97,84.62175608840586
2018-09-04 13:45:00,112.0,105.17259269098886
2018-09-04 14:00:00,90.79,80.9317376458198
2018-09-04 14:15:00,103.9,73.63843320041467
2018-09-04 14:30:00,101.92,97.8259525785817
2018-09-04 14:45:00,99.4,90.59013630508568
2018-09-04 15:00:00,100.51,94.06488816497769
2018-09-04 15:15:00,85.9,87.14864328646586
2018-09-04 15:30:00,102.6,91.3505881354373
2018-09-04 15:45:00,82.15,85.34716446428642
2018-09-04 16:00:00,118.69,91.85631942593604
2018-09-04 16:15:00,90.83,91.36593426316564
2018-09-04 16:30:00,102.28,106.23119609197548
2018-09-04 16:45:00,102.96,87.95423973292161
2018-09-04 17:00:00,68.36,87.11480191297538
2018-09-04 17:15:00,100.19,85.56440847518536
2018-09-04 17:30:00,59.44,47.875012303192676
2018-09-04 17:45:00,40.68,35.73241938093734
2018-09-04 18:00:00,47.02,65.54703401089316
2018-09-04 18:15:00,75.85,59.89494487122373
2018-09-04 18:30:00,85.75,61.43488777093338
2018-09-04 18:45:00,76.75,72.3095184689799
2018-09-04 19:00:00,76.75,63.877301099235765
2018-09-04 19:15:00,78.95,64.68553677362083
2018-09-04 19:30:00,72.0,62.2798266861038
2018-09-04 19:45:00,88.02,68.78705562547583
2018-09-04 20:00:00,72.47,67.89172377057524
2018-09-04 20:15:00,88.09,75.05922351682325
2018-09-04 20:30:00,64.62,54.3781076814088
2018-09-04 20:45:00,11.3,28.098800547450555
2018-09-04 21:00:00,4.57,16.62285995626751
2018-09-04 21:15:00,3.49,4.740353852433172
2018-09-04 21:30:00,3.49,2.7191253014620402
2018-09-04 21:45:00,3.49,3.8105125393916874
2018-09-04 22:00:00,3.31,3.6449810414366532
2018-09-04 22:15:00,3.1,3.5616664064792762
2018-09-04 22:30:00,2.66,2.455748861427808
2018-09-04 22:45:00,2.59,3.273623569479003
2018-09-04 23:00:00,2.52,3.173876957171839
2018-09-04 23:15:00,2.48,3.1010644209172167
2018-09-04 23:30:00,2.52,3.1010644209172167
2018-09-04 23:45:00,2.56,3.01777875364316
2018-09-05 00:00:00,2.48,2.9109704874440636
2018-09-05 00:15:00,2.52,2.717442030154583
2018-09-05 00:30:00,2.52,2.9109704874440636
2018-09-05 00:45:00,2.48,2.9104935246277495
2018-09-05 01:00:00,2.59,2.9104935246277495
2018-09-05 01:15:00,2.48,2.9104935246277495
2018-09-05 01:30:00,2.48,2.8847616431137024
2018-09-05 01:45:00,2.48,2.9347626448315105
2018-09-05 02:00:00,2.52,2.8847616431137024
2018-09-05 02:15:00,3.42,3.003242649640058
2018-09-05 02:30:00,3.71,3.003242649640058
2018-09-05 02:45:00,2.52,3.5438927433392933
2018-09-05 03:00:00,2.52,4.1358205861100235
2018-09-05 03:15:00,2.48,3.3501881705726877
2018-09-05 03:30:00,2.48,3.2356259647667502
2018-09-05 03:45:00,2.52,3.283622844775847
2018-09-05 04:00:00,2.59,3.4333713354652167
2018-09-05 04:15:00,2.52,3.275131665440696
2018-09-05 04:30:00,2.52,3.275131665440696
2018-09-05 04:45:00,2.56,3.275131665440696
2018-09-05 05:00:00,2.52,3.275131665440696
2018-09-05 05:15:00,2.48,3.38537445545612
2018-09-05 05:30:00,2.56,3.275131665440696
2018-09-05 05:45:00,2.48,3.275131665440696
2018-09-05 06:00:00,2.52,3.3896938712466333
2018-09-05 06:15:00,2.77,3.275131665440696
2018-09-05 06:30:00,3.31,2.9808804970582656
2018-09-05 06:45:00,2.99,2.9808804970582656
2018-09-05 07:00:00,2.7,3.6072329264940084
2018-09-05 07:15:00,2.92,3.6027020878509632
2018-09-05 07:30:00,3.02,2.98981346902599
2018-09-05 07:45:00,2.88,3.6287830799729455
2018-09-05 08:00:00,40.32,30.298664455264596
2018-09-05 08:15:00,95.4,40.03302763393206
2018-09-05 08:30:00,98.06,65.11744968687101
2018-09-05 08:45:00,111.92,92.42260017911411
2018-09-05 09:00:00,97.81,85.97206469421054
2018-09-05 09:15:00,100.08,94.26372221155982
2018-09-05 09:30:00,103.54,108.05313546275347
2018-09-05 09:45:00,60.23,80.10604796963541
2018-09-05 10:00:00,56.99,90.04139045590165
2018-09-05 10:15:00,55.4,70.58030240897912
2018-09-05 10:30:00,53.82,67.11459267287701
2018-09-05 10:45:00,53.57,71.91286790331571
2018-09-05 11:00:00,47.45,63.78186191747256
2018-09-05 11:15:00,64.26,60.25099249344869
2018-09-05 11:30:00,66.17,55.11846722409175
2018-09-05 11:45:00,52.81,62.404199754162086
2018-09-05 12:00:00,6.95,11.379369744523137
2018-09-05 12:15:00,5.51,8.55612898314279
2018-09-05 12:30:00,5.44,4.953906380999152
2018-09-05 12:45:00,5.47,5.547576576075433
2018-09-05 13:00:00,28.3,40.00587426692209
2018-09-05 13:15:00,71.17,67.00105578992184
2018-09-05 13:30:00,70.38,59.74173275451385
2018-09-05 13:45:00,56.05,77.39966125946472
2018-09-05 14:00:00,50.29,71.39980574985039
2018-09-05 14:15:00,65.63,64.75580142032385
2018-09-05 14:30:00,64.73,61.59046324767873
2018-09-05 14:45:00,48.49,66.2785630202338
2018-09-05 15:00:00,49.68,66.88426445060503
2018-09-05 15:15:00,54.07,58.29602039464908
2018-09-05 15:30:00,66.71,61.62604077297093
2018-09-05 15:45:00,63.86,63.68939733888673
2018-09-05 16:00:00,61.81,65.95943770989135
2018-09-05 16:15:00,52.78,63.0361275706936
2018-09-05 16:30:00,54.22,58.12171301229667
2018-09-05 16:45:00,49.03,58.56538898879675
2018-09-05 17:00:00,60.08,55.20689047568757
2018-09-05 17:15:00,62.28,50.00728515653947
2018-09-05 17:30:00,32.51,47.74785433228483
2018-09-05 17:45:00,29.95,41.48386007045823
2018-09-05 18:00:00,52.6,39.46884264519697
2018-09-05 18:15:00,47.52,48.6924273979283
2018-09-05 18:30:00,49.79,60.03959799837917
2018-09-05 18:45:00,45.9,50.86887516831499
2018-09-05 19:00:00,51.88,54.630817698323185
2018-09-05 19:15:00,51.34,48.907786573311114
2018-09-05 19:30:00,59.33,51.91369352167877
2018-09-05 19:45:00,55.8,51.31219518392306
2018-09-05 20:00:00,47.99,53.74462843398311
2018-09-05 20:15:00,54.58,54.10128909705654
2018-09-05 20:30:00,46.26,51.203809799010195
2018-09-05 20:45:00,27.94,20.159267862864116
2018-09-05 21:00:00,8.86,13.176844461656747
2018-09-05 21:15:00,3.78,4.30626233561059
2018-09-05 21:30:00,3.74,5.000470576068533
2018-09-05 21:45:00,3.85,2.6349212658785146
2018-09-05 22:00:00,3.56,3.4784718347227264
2018-09-05 22:15:00,3.53,3.8125020403631744
2018-09-05 22:30:00,3.49,3.4810635833923596
2018-09-05 22:45:00,3.64,3.3708207933769354
2018-09-05 23:00:00,4.64,3.3708207933769354
2018-09-05 23:15:00,3.92,3.413035379259207
2018-09-05 23:30:00,2.81,3.8131269870181104
2018-09-05 23:45:00,2.81,3.3136269362564508
2018-09-06 00:00:00,2.77,2.9872611950145176
2018-09-06 00:15:00,2.81,3.023891070440769
2018-09-06 00:30:00,2.84,2.9331283252791525
2018-09-06 00:45:00,2.81,2.9331283252791525
2018-09-06 01:00:00,2.81,2.9331283252791525
2018-09-06 01:15:00,2.84,2.9331283252791525
2018-09-06 01:30:00,2.84,2.859425806421234
2018-09-06 01:45:00,2.81,2.9073964437651054
2018-09-06 02:00:00,2.88,2.9073964437651054
2018-09-06 02:15:00,2.81,3.025877450291461
2018-09-06 02:30:00,2.95,3.069489986267809
2018-09-06 02:45:00,2.95,2.9073964437651054
2018-09-06 03:00:00,2.95,2.9590702391049732
2018-09-06 03:15:00,3.02,3.0466494530286488
2018-09-06 03:30:00,3.31,3.0209175715146017
2018-09-06 03:45:00,3.28,3.0209175715146017
2018-09-06 04:00:00,3.02,3.398769630872325
2018-09-06 04:15:00,3.02,3.4715821671269476
2018-09-06 04:30:00,3.6,3.1332358084431697
2018-09-06 04:45:00,3.06,3.1332358084431697
2018-09-06 05:00:00,2.92,3.513796753009219
2018-09-06 05:15:00,2.92,3.1332358084431697
2018-09-06 05:30:00,2.92,3.0763540766295163
2018-09-06 05:45:00,2.95,3.0763540766295163
2018-09-06 06:00:00,2.92,3.003541540374894
2018-09-06 06:15:00,3.06,3.1104242739063555
2018-09-06 06:30:00,2.81,3.1057580471676958
2018-09-06 06:45:00,2.81,3.178904278714903
2018-09-06 07:00:00,3.06,3.079850186562625
2018-09-06 07:15:00,3.28,3.36336040043868
2018-09-06 07:30:00,3.06,4.435688750317414
2018-09-06 07:45:00,3.2,6.21071905430257
2018-09-06 08:00:00,31.39,28.764612918192835
2018-09-06 08:15:00,59.15,62.40262593129316
2018-09-06 08:30:00,54.11,67.53088195794149
2018-09-06 08:45:00,62.68,59.37831664128047
2018-09-06 09:00:00,62.89,54.59023973914198
2018-09-06 09:15:00,57.78,58.065633350541326
2018-09-06 09:30:00,50.9,59.768630100336345
2018-09-06 09:45:00,48.56,53.61533548181739
2018-09-06 10:00:00,50.94,51.05674697150729
2018-09-06 10:15:00,58.46,57.39722837253533
2018-09-06 10:30:00,58.14,59.2391121597351
2018-09-06 10:45:00,51.66,59.34015409419633
2018-09-06 11:00:00,55.37,56.15892634694888
2018-09-06 11:15:00,59.51,57.08187628652093
2018-09-06 11:30:00,59.83,55.829725301652786
2018-09-06 11:45:00,55.69,43.67526324225702
2018-09-06 12:00:00,5.8,9.334293219068364
2018-09-06 12:15:00,5.22,6.948146582820603
2018-09-06 12:30:00,5.4,4.91061708706896
2018-09-06 12:45:00,6.12,5.884863222553986
2018-09-06 13:00:00,32.47,32.14498932941054
2018-09-06 13:15:00,61.38,60.58140406780518
2018-09-06 13:30:00,54.94,59.60356793902542
2018-09-06 13:45:00,58.21,64.59869630727009
2018-09-06 14:00:00,54.32,56.80898204934761
2018-09-06 14:15:00,57.78,54.20071368145828
2018-09-06 14:30:00,48.46,56.55725876659827
2018-09-06 14:45:00,48.46,57.12137337298026
2018-09-06 15:00:00,46.91,55.87186238916236
2018-09-06 15:15:00,53.96,57.66923648790869
2018-09-06 15:30:00,60.44,50.09316139389902
2018-09-06 15:45:00,59.9,56.81375773319124
2018-09-06 16:00:00,56.41,58.09533538486731
2018-09-06 16:15:00,57.92,54.643060974701655
2018-09-06 16:30:00,49.72,56.97502878894623
2018-09-06 16:45:00,57.89,54.12147154995493
2018-09-06 17:00:00,60.44,51.46216273735455
2018-09-06 17:15:00,59.69,47.43324265203581
2018-09-06 17:30:00,31.36,38.09214495959658
2018-09-06 17:45:00,29.2,38.31141694310526
2018-09-06 18:00:00,49.25,42.19248793043536
2018-09-06 18:15:00,58.82,48.18914123050309
2018-09-06 18:30:00,57.85,57.0916340459288
2018-09-06 18:45:00,59.83,50.931937123946874
2018-09-06 19:00:00,57.49,51.17931925448428
2018-09-06 19:15:00,49.9,50.92676856113597
2018-09-06 19:30:00,55.37,56.964364397055434
2018-09-06 19:45:00,66.89,51.436769018054655
2018-09-06 20:00:00,55.76,53.12609448529493
2018-09-06 20:15:00,70.38,66.35427672775313
2018-09-06 20:30:00,58.5,53.086380861403654
2018-09-06 20:45:00,63.5,24.53056776747482
2018-09-06 21:00:00,7.92,6.693812239402025
2018-09-06 21:15:00,3.96,13.051058425283628
2018-09-06 21:30:00,3.85,4.666728415208659
2018-09-06 21:45:00,3.78,3.7774398577306645
2018-09-06 22:00:00,3.49,4.304032969237557
2018-09-06 22:15:00,3.53,3.6652744072207355
2018-09-06 22:30:00,3.53,3.30113143731517
2018-09-06 22:45:00,4.14,3.677293378570714
2018-09-06 23:00:00,4.64,3.532914335879639
2018-09-06 23:15:00,3.42,4.1639090768802065
2018-09-06 23:30:00,3.31,4.083798554234894
2018-09-06 23:45:00,3.35,3.4208567137473946
2018-09-07 00:00:00,3.31,3.292304005219941
2018-09-07 00:15:00,3.31,3.3109836717391983
2018-09-07 00:30:00,3.35,3.0063872702657526
2018-09-07 00:45:00,3.31,3.3109836717391983
2018-09-07 01:00:00,3.53,3.3109836717391983
2018-09-07 01:15:00,3.67,3.3794636765477457
2018-09-07 01:30:00,3.1,3.3537317950336987
2018-09-07 01:45:00,2.95,3.327466376107423
2018-09-07 02:00:00,2.95,3.088598475497702
2018-09-07 02:15:00,2.88,2.9570011414295787
2018-09-07 02:30:00,2.92,3.025481146238126
2018-09-07 02:45:00,3.06,3.037442824425095
2018-09-07 03:00:00,2.99,2.941797451115188
2018-09-07 03:15:00,2.92,3.055292336199459
2018-09-07 03:30:00,2.95,3.029560454685412
2018-09-07 03:45:00,2.99,2.9726787228717586
2018-09-07 04:00:00,3.02,3.0690661553593577
2018-09-07 04:15:00,2.95,3.190469652848537
2018-09-07 04:30:00,3.49,3.112678691335706
2018-09-07 04:45:00,3.42,3.0690661553593577
2018-09-07 05:00:00,2.99,3.480225050297758
2018-09-07 05:15:00,2.99,3.480225050297758
2018-09-07 05:30:00,2.99,3.14187869161398
2018-09-07 05:45:00,2.95,3.14187869161398
2018-09-07 06:00:00,3.2,3.14187869161398
2018-09-07 06:15:00,3.56,3.0690661553593577
2018-09-07 06:30:00,3.02,3.1443210088838627
2018-09-07 06:45:00,2.99,3.2723095698573608
2018-09-07 07:00:00,3.02,3.14187869161398
2018-09-07 07:15:00,3.06,3.263282189103159
2018-09-07 07:30:00,3.2,3.43443763114461
2018-09-07 07:45:00,3.06,3.8006886552988153
2018-09-07 08:00:00,35.71,29.28150467485998
2018-09-07 08:15:00,93.38,29.209473847193475
2018-09-07 08:30:00,96.44,52.983021729000946
2018-09-07 08:45:00,84.89,84.17330896446038
2018-09-07 09:00:00,107.93,85.53261680730023
2018-09-07 09:15:00,93.42,88.34847375623549
2018-09-07 09:30:00,103.9,85.16887553089599
2018-09-07 09:45:00,85.39,79.62835991149993
2018-09-07 10:00:00,107.24,81.51495188906586
2018-09-07 10:15:00,91.69,88.59623635480688
2018-09-07 10:30:00,100.15,91.28767467645713
2018-09-07 10:45:00,102.24,94.27112971352413
2018-09-07 11:00:00,101.12,88.20742286871292
2018-09-07 11:15:00,104.15,99.04603693154407
2018-09-07 11:30:00,84.92,87.0560261781696
2018-09-07 11:45:00,95.29,80.4425985625433
2018-09-07 12:00:00,3.92,7.966847040465359
2018-09-07 12:15:00,4.54,10.680921532220141
2018-09-07 12:30:00,4.28,2.3716215446225637
2018-09-07 12:45:00,4.46,7.685409925880835
2018-09-07 13:00:00,43.16,49.82307100408049
2018-09-07 13:15:00,114.37,94.74991727015282
2018-09-07 13:30:00,107.35,78.97921167630285
2018-09-07 13:45:00,95.65,88.16422280804898
2018-09-07 14:00:00,118.69,93.05934813988559
2018-09-07 14:15:00,96.34,84.66230174864238
2018-09-07 14:30:00,113.51,101.41252297809616
2018-09-07 14:45:00,63.79,90.62557423098214
2018-09-07 15:00:00,41.29,89.86521401367911
2018-09-07 15:15:00,50.36,84.38685175615288
2018-09-07 15:30:00,42.19,60.489819565723046
2018-09-07 15:45:00,51.91,68.6421639505082
2018-09-07 16:00:00,111.42,46.77023812439901
2018-09-07 16:15:00,100.73,62.2365433230701
2018-09-07 16:30:00,107.68,86.56577082679216
2018-09-07 16:45:00,89.68,85.29641439245076
2018-09-07 17:00:00,94.72,83.52820681585673
2018-09-07 17:15:00,81.65,75.73425496447446
2018-09-07 17:30:00,28.84,37.97192658479848
2018-09-07 17:45:00,29.02,39.79941607747513
2018-09-07 18:00:00,52.27,41.81285903611682
2018-09-07 18:15:00,72.43,77.05135364008427
2018-09-07 18:30:00,54.97,77.43673169046046
2018-09-07 18:45:00,47.66,80.77585653061631
2018-09-07 19:00:00,48.42,68.3680856725344
2018-09-07 19:15:00,73.62,60.91670898835694
2018-09-07 19:30:00,106.96,60.823111409247616
2018-09-07 19:45:00,105.05,68.67173898024004
2018-09-07 20:00:00,97.92,92.87159401399495
2018-09-07 20:15:00,91.33,87.86597093186535
2018-09-07 20:30:00,114.98,78.37955495021309
2018-09-07 20:45:00,74.41,66.55944249402792
2018-09-07 21:00:00,13.28,36.31381376633358
2018-09-07 21:15:00,4.25,12.16262962062431
2018-09-07 21:30:00,4.21,0.0
2018-09-07 21:45:00,4.18,3.242598702060409
2018-09-07 22:00:00,3.89,5.189710149216809
2018-09-07 22:15:00,3.89,5.038091784000905
2018-09-07 22:30:00,3.78,3.264362804168271
2018-09-07 22:45:00,3.71,6.546344045156586
2018-09-07 23:00:00,3.71,3.1683763665193174
2018-09-07 23:15:00,3.64,3.8645834009922844
2018-09-07 23:30:00,3.85,3.62734066255914
2018-09-07 23:45:00,4.79,3.7661154058021378
2018-09-08 00:00:00,3.64,3.8883565213024345
2018-09-08 00:15:00,3.1,4.26073509296478
2018-09-08 00:30:00,3.1,3.7993991707922783
2018-09-08 00:45:00,2.99,3.4036460469092003
2018-09-08 01:00:00,3.17,3.3199927571408714
2018-09-08 01:15:00,3.06,3.2622846965502714
2018-09-08 01:30:00,3.1,3.281789489833499
2018-09-08 01:45:00,3.02,3.145859624319301
2018-09-08 02:00:00,3.02,3.2089769535788766
2018-09-08 02:15:00,3.1,3.2035315577815275
2018-09-08 02:30:00,3.17,3.130719021526905
2018-09-08 02:45:00,3.1,3.31523984827566
2018-09-08 03:00:00,3.1,3.2088808630787606
2018-09-08 03:15:00,3.31,3.3435407317430115
2018-09-08 03:30:00,3.6,3.4649442292321906
2018-09-08 03:45:00,3.17,3.7401732586563927
2018-09-08 04:00:00,3.17,3.68748598981188
2018-09-08 04:15:00,3.17,3.3549017717130107
2018-09-08 04:30:00,3.13,3.3549017717130107
2018-09-08 04:45:00,3.2,3.3549017717130107
2018-09-08 05:00:00,3.78,3.3549017717130107
2018-09-08 05:15:00,3.49,3.4355193007864875
2018-09-08 05:30:00,3.13,3.6723453870194844
2018-09-08 05:45:00,3.17,3.630130801137213
2018-09-08 06:00:00,3.13,3.3549017717130107
2018-09-08 06:15:00,3.13,3.398514307689359
2018-09-08 06:30:00,3.2,3.47630526920219
2018-09-08 06:45:00,3.78,3.47630526920219
2018-09-08 07:00:00,3.28,3.4355193007864875
2018-09-08 07:15:00,3.24,3.5329099113876343
2018-09-08 07:30:00,3.24,4.175015131371025
2018-09-08 07:45:00,3.02,4.917483851826545
2018-09-08 08:00:00,25.56,35.19619524096208
2018-09-08 08:15:00,32.83,34.04257436743156
2018-09-08 08:30:00,32.58,49.81240046326354
2018-09-08 08:45:00,33.01,47.93926057940948
2018-09-08 09:00:00,33.08,41.43197183847299
2018-09-08 09:15:00,32.87,40.87522191118209
2018-09-08 09:30:00,47.81,35.256716107484976
2018-09-08 09:45:00,33.16,36.50368260091648
2018-09-08 10:00:00,41.18,48.71620071432934
2018-09-08 10:15:00,50.47,37.919246165649
2018-09-08 10:30:00,34.7,40.18909686731923
2018-09-08 10:45:00,51.73,46.921770466766326
2018-09-08 11:00:00,39.49,41.23078636464654
2018-09-08 11:15:00,33.7,57.06018167821551
2018-09-08 11:30:00,40.25,43.444798047585586
2018-09-08 11:45:00,17.71,34.70128996236322
2018-09-08 12:00:00,3.24,5.420845781671
2018-09-08 12:15:00,3.31,4.218747532712856
2018-09-08 12:30:00,3.31,4.787185925853523
2018-09-08 12:45:00,3.28,6.514812613042281
2018-09-08 13:00:00,19.37,28.873349290562906
2018-09-08 13:15:00,40.39,34.85933360341178
2018-09-08 13:30:00,33.91,45.26314081749742
2018-09-08 13:45:00,32.69,44.12734867264019
2018-09-08 14:00:00,36.07,38.759371918209986
2018-09-08 14:15:00,52.6,38.462308063941315
2018-09-08 14:30:00,48.6,35.02946703411995
2018-09-08 14:45:00,34.81,50.35393868687682
2018-09-08 15:00:00,35.24,49.773829306132576
2018-09-08 15:15:00,34.7,37.363542034023205
2018-09-08 15:30:00,53.06,39.19203589302153
2018-09-08 15:45:00,49.46,37.297702580451045
2018-09-08 16:00:00,32.51,46.96948322801004
2018-09-08 16:15:00,32.98,46.75498472609326
2018-09-08 16:30:00,41.72,30.520449115196627
2018-09-08 16:45:00,18.18,22.214220437211253
2018-09-08 17:00:00,3.89,22.063397763470405
2018-09-08 17:15:00,3.71,0.0
2018-09-08 17:30:00,3.67,3.023014021818954
2018-09-08 17:45:00,3.56,3.490201637886766
2018-09-08 18:00:00,3.46,4.972000464186094
2018-09-08 18:15:00,3.49,3.7978070991684336
2018-09-08 18:30:00,3.53,3.638609146705393
2018-09-08 18:45:00,3.56,3.73757322582722
2018-09-08 19:00:00,3.56,3.638609146705393
2018-09-08 19:15:00,3.24,3.673160081080875
2018-09-08 19:30:00,3.42,2.2185226463922647
2018-09-08 19:45:00,3.31,1.5072322714636444
2018-09-08 20:00:00,2.99,2.5128122066073066
2018-09-08 20:15:00,2.99,3.0198244702135484
2018-09-08 20:30:00,2.95,4.539945975495177
2018-09-08 20:45:00,2.95,3.0227587286840985
2018-09-08 21:00:00,2.99,3.139873269559901
2018-09-08 21:15:00,2.99,2.8886079432064666
2018-09-08 21:30:00,3.06,2.8886079432064666
2018-09-08 21:45:00,3.1,2.8886079432064666
2018-09-08 22:00:00,2.81,2.8886079432064666
2018-09-08 22:15:00,2.84,2.900835108306307
2018-09-08 22:30:00,2.84,2.8519786601588786
2018-09-08 22:45:00,2.84,2.8519786601588786
2018-09-08 23:00:00,2.88,2.8519786601588786
2018-09-08 23:15:00,3.31,2.8519786601588786
2018-09-08 23:30:00,2.84,2.9940323223066825
2018-09-08 23:45:00,3.02,3.3080220899901076
2018-09-09 00:00:00,3.38,2.8519786601588786
2018-09-09 00:15:00,2.77,2.8449954072301185
2018-09-09 00:30:00,2.84,3.195168428120578
2018-09-09 00:45:00,2.81,2.8083661241825304
2018-09-09 01:00:00,2.77,2.8083661241825304
2018-09-09 01:15:00,2.77,2.8083661241825304
2018-09-09 01:30:00,2.81,2.8083661241825304
2018-09-09 01:45:00,2.81,2.760395486838659
2018-09-09 02:00:00,2.84,2.8083661241825304
2018-09-09 02:15:00,2.84,2.7921016244489767
2018-09-09 02:30:00,2.84,2.7441309871051054
2018-09-09 02:45:00,2.84,2.7441309871051054
2018-09-09 03:00:00,3.13,2.792127867114202
2018-09-09 03:15:00,3.13,2.8487410203848196
2018-09-09 03:30:00,2.95,2.977726953008215
2018-09-09 03:45:00,2.84,2.9178499172983132
2018-09-09 04:00:00,2.84,3.054651789391205
2018-09-09 04:15:00,3.17,2.8763665600883725
2018-09-09 04:30:00,3.42,2.860102060354819
2018-09-09 04:45:00,2.92,3.0506144547574916
2018-09-09 05:00:00,2.92,3.248052522668863
2018-09-09 05:15:00,2.88,2.932914596609441
2018-09-09 05:30:00,2.84,2.932914596609441
2018-09-09 05:45:00,2.81,2.860102060354819
2018-09-09 06:00:00,2.84,2.860102060354819
2018-09-09 06:15:00,3.17,2.860102060354819
2018-09-09 06:30:00,3.13,2.860102060354819
2018-09-09 06:45:00,2.81,2.9728234932446607
2018-09-09 07:00:00,2.92,2.9292109572683125
2018-09-09 07:15:00,2.92,2.8763665600883725
2018-09-09 07:30:00,3.06,2.593070585601599
2018-09-09 07:45:00,3.06,2.533628620803007
2018-09-09 08:00:00,3.74,10.534567885028109
2018-09-09 08:15:00,5.76,14.62068122333196
2018-09-09 08:30:00,8.53,12.438381312722393
2018-09-09 08:45:00,10.55,14.295952031011838
2018-09-09 09:00:00,10.22,12.56987820782416
2018-09-09 09:15:00,10.98,17.79042087772893
2018-09-09 09:30:00,11.45,24.116449992044604
2018-09-09 09:45:00,10.58,12.287761510443453
2018-09-09 10:00:00,11.09,22.99169859599788
2018-09-09 10:15:00,10.44,23.384299481481932
2018-09-09 10:30:00,7.67,14.216101552164837
2018-09-09 10:45:00,9.11,14.266301661275945
2018-09-09 11:00:00,20.66,11.355929009223578
2018-09-09 11:15:00,25.78,22.206097371567868
2018-09-09 11:30:00,20.99,28.41300490825161
2018-09-09 11:45:00,4.07,15.017703285978095
2018-09-09 12:00:00,4.07,10.123460207648785
2018-09-09 12:15:00,4.07,3.7736424627462584
2018-09-09 12:30:00,4.1,4.307373715009129
2018-09-09 12:45:00,4.1,5.119501327043895
2018-09-09 13:00:00,4.1,12.430296292871832
2018-09-09 13:15:00,21.1,16.902372115437107
2018-09-09 13:30:00,28.76,19.131592642253885
2018-09-09 13:45:00,29.48,26.7280259662599
2018-09-09 14:00:00,29.59,34.57587181675457
2018-09-09 14:15:00,27.36,34.752171021676894
2018-09-09 14:30:00,25.42,38.52753771337578
2018-09-09 14:45:00,25.52,28.053673249323445
2018-09-09 15:00:00,23.9,28.721608852108602
2018-09-09 15:15:00,23.26,24.443650022713467
2018-09-09 15:30:00,23.65,20.38832155103632
2018-09-09 15:45:00,17.71,20.96423188946984
2018-09-09 16:00:00,4.25,19.494940894084948
2018-09-09 16:15:00,4.5,10.105942857856213
2018-09-09 16:30:00,5.18,3.687677536172682
2018-09-09 16:45:00,6.26,3.8769336079768935
2018-09-09 17:00:00,3.85,3.1486646071397715
2018-09-09 17:15:00,3.67,4.890887946334272
2018-09-09 17:30:00,3.64,3.398021827723975
2018-09-09 17:45:00,3.64,3.1785246536716443
2018-09-09 18:00:00,3.49,3.1625222215130058
2018-09-09 18:15:00,3.53,3.6267219806653355
2018-09-09 18:30:00,3.49,3.514768148392305
2018-09-09 18:45:00,2.99,3.558380684368653
2018-09-09 19:00:00,2.95,3.558380684368653
2018-09-09 19:15:00,2.95,3.0459184580677787
2018-09-09 19:30:00,2.99,3.0459184580677787
2018-09-09 19:45:00,2.99,3.0459184580677787
2018-09-09 20:00:00,2.95,2.9731059218131564
2018-09-09 20:15:00,2.99,3.1151595839609603
2018-09-09 20:30:00,2.95,3.083148379332336
2018-09-09 20:45:00,2.95,2.962009021005215
2018-09-09 21:00:00,2.99,2.962009021005215
2018-09-09 21:15:00,3.02,2.8449954072301185
2018-09-09 21:30:00,2.99,2.8449954072301185
2018-09-09 21:45:00,2.95,2.8449954072301185
2018-09-09 22:00:00,3.74,2.776515402421571
2018-09-09 22:15:00,4.03,2.8449954072301185
2018-09-09 22:30:00,2.77,3.1857187629044295
2018-09-09 22:45:00,2.88,3.908413840642775
2018-09-09 23:00:00,2.77,2.8811786604371528
2018-09-09 23:15:00,2.77,2.8683600557537217
2018-09-09 23:30:00,2.74,2.4991665603741495
2018-09-09 23:45:00,2.77,2.8083661241825304
2018-09-10 00:00:00,2.77,2.9934823330505975
2018-09-10 00:15:00,2.88,2.8285939228948465
2018-09-10 00:30:00,2.77,2.8491032903595226
2018-09-10 00:45:00,2.77,2.780623285550975
2018-09-10 01:00:00,2.84,2.780623285550975
2018-09-10 01:15:00,2.81,2.780623285550975
2018-09-10 01:30:00,2.77,2.780623285550975
2018-09-10 01:45:00,3.28,2.8285939228948465
2018-09-10 02:00:00,3.02,2.8491032903595226
2018-09-10 02:15:00,2.81,3.368125689857358
2018-09-10 02:30:00,2.81,2.959435092265029
2018-09-10 02:45:00,2.81,2.88080942796984
2018-09-10 03:00:00,3.38,2.832838790625969
2018-09-10 03:15:00,3.35,2.937448823905683
2018-09-10 03:30:00,2.81,3.332344629478509
2018-09-10 03:45:00,2.84,3.1798698073743386
2018-09-10 04:00:00,2.81,3.049767060834251
2018-09-10 04:15:00,2.77,3.049767060834251
2018-09-10 04:30:00,2.84,2.9769545245796287
2018-09-10 04:45:00,2.88,2.9769545245796287
2018-09-10 05:00:00,2.84,2.9769545245796287
2018-09-10 05:15:00,2.81,2.9769545245796287
2018-09-10 05:30:00,3.35,2.9769545245796287
2018-09-10 05:45:00,2.95,2.8767421394955384
2018-09-10 06:00:00,2.7,3.388114829886008
2018-09-10 06:15:00,2.77,3.050100756126836
2018-09-10 06:30:00,2.74,2.9769545245796287
2018-09-10 06:45:00,2.74,2.924739019504635
2018-09-10 07:00:00,2.74,3.0532631707673596
2018-09-10 07:15:00,3.02,3.234556877850613
2018-09-10 07:30:00,3.17,3.353329774957896
2018-09-10 07:45:00,3.2,4.574821618041486
2018-09-10 08:00:00,15.44,19.496926785253645
2018-09-10 08:15:00,80.21,38.08672729641566
2018-09-10 08:30:00,58.28,41.08989481627425
2018-09-10 08:45:00,50.11,81.11847344126754
2018-09-10 09:00:00,46.66,60.42387906872677
2018-09-10 09:15:00,57.06,62.09751198755158
2018-09-10 09:30:00,58.46,56.279273616707556
2018-09-10 09:45:00,48.96,51.097739925800184
2018-09-10 10:00:00,55.66,55.16469248493315
2018-09-10 10:15:00,46.04,53.10267754883927
2018-09-10 10:30:00,56.12,51.3733706942949
2018-09-10 10:45:00,56.74,57.64613541920389
2018-09-10 11:00:00,51.08,60.823221278084574
2018-09-10 11:15:00,56.7,52.3121631707245
2018-09-10 11:30:00,54.79,48.8799907217324
2018-09-10 11:45:00,59.08,16.12493638884282
2018-09-10 12:00:00,4.79,6.808643306520731
2018-09-10 12:15:00,4.57,11.818055671787258
2018-09-10 12:30:00,3.92,5.650202586126568
2018-09-10 12:45:00,3.82,6.51565025414862
2018-09-10 13:00:00,58.32,30.497886946039667
2018-09-10 13:15:00,108.07,55.68311049343454
2018-09-10 13:30:00,89.75,74.4346996476854
2018-09-10 13:45:00,103.46,87.27475933734321
2018-09-10 14:00:00,116.68,83.53909791061602
2018-09-10 14:15:00,63.65,84.62667396195374
2018-09-10 14:30:00,108.32,99.00926302600999
2018-09-10 14:45:00,104.08,77.7202880259576
2018-09-10 15:00:00,73.33,71.86438935854203
2018-09-10 15:15:00,109.87,81.18589547633974
2018-09-10 15:30:00,87.7,90.5527454704344
2018-09-10 15:45:00,101.95,85.71316374379349
2018-09-10 16:00:00,122.54,85.91950688379372
2018-09-10 16:15:00,92.23,72.48881796288677
2018-09-10 16:30:00,106.06,89.75574806157596
2018-09-10 16:45:00,120.46,93.90119958537241
2018-09-10 17:00:00,82.44,92.03889433077438
2018-09-10 17:15:00,121.46,99.02839528565404
2018-09-10 17:30:00,108.14,60.1183148512049
2018-09-10 17:45:00,47.45,42.641490885255315
2018-09-10 18:00:00,14.94,68.79307954942426
2018-09-10 18:15:00,3.82,80.30396631555107
2018-09-10 18:30:00,3.82,22.48025643834079
2018-09-10 18:45:00,3.46,13.443980875342742
2018-09-10 19:00:00,3.46,9.135518389610976
2018-09-10 19:15:00,3.49,4.972572022172348
2018-09-10 19:30:00,3.53,2.659828396174448
2018-09-10 19:45:00,3.49,5.675449536435181
2018-09-10 20:00:00,3.46,4.1908756876106485
2018-09-10 20:15:00,3.42,5.122670277619067
2018-09-10 20:30:00,3.49,3.9629309539028412
2018-09-10 20:45:00,3.49,2.5636957345661497
2018-09-10 21:00:00,3.53,5.43916926645003
2018-09-10 21:15:00,3.53,3.643441075198223
2018-09-10 21:30:00,4.1,3.4764407416211514
2018-09-10 21:45:00,4.64,3.6017251509398704
2018-09-10 22:00:00,2.92,4.317187432418827
2018-09-10 22:15:00,2.66,4.479013710236009
2018-09-10 22:30:00,2.63,3.1534936232465802
2018-09-10 22:45:00,2.7,3.0588800001921443
2018-09-10 23:00:00,2.63,3.009079661902854
2018-09-10 23:15:00,2.59,2.936267125648232
2018-09-10 23:30:00,2.52,2.8862661239304237
2018-09-10 23:45:00,2.56,2.8882964883043605
2018-09-11 00:00:00,2.56,2.909426808139042
2018-09-11 00:15:00,2.63,2.9779068129475896
2018-09-11 00:30:00,2.56,2.909426808139042
2018-09-11 00:45:00,2.63,2.909426808139042
2018-09-11 01:00:00,2.66,2.9779068129475896
2018-09-11 01:15:00,2.63,2.909426808139042
2018-09-11 01:30:00,3.17,2.909426808139042
2018-09-11 01:45:00,2.92,3.0036386944616367
2018-09-11 02:00:00,2.59,3.1033853067688004
2018-09-11 02:15:00,2.56,2.909426808139042
2018-09-11 02:30:00,3.2,2.909426808139042
2018-09-11 02:45:00,2.88,2.909426808139042
2018-09-11 03:00:00,2.56,3.361746345935038
2018-09-11 03:15:00,2.66,3.0785980455068858
2018-09-11 03:30:00,2.59,2.9660399614096598
2018-09-11 03:45:00,2.66,3.030601165497789
2018-09-11 04:00:00,2.56,3.053542542092702
2018-09-11 04:15:00,2.56,3.053542542092702
2018-09-11 04:30:00,2.59,3.070106866171735
2018-09-11 04:45:00,2.63,3.070106866171735
2018-09-11 05:00:00,2.56,3.070106866171735
2018-09-11 05:15:00,2.59,3.0055456620836054
2018-09-11 05:30:00,2.56,3.070106866171735
2018-09-11 05:45:00,2.95,3.074025666892153
2018-09-11 06:00:00,3.02,2.9555446603657973
2018-09-11 06:15:00,2.63,3.062427393897259
2018-09-11 06:30:00,2.56,3.0124263921794507
2018-09-11 06:45:00,2.52,2.9555446603657973
2018-09-11 07:00:00,2.81,3.0318533065535282
2018-09-11 07:15:00,3.06,3.1944123923685623
2018-09-11 07:30:00,2.99,4.209859010433642
2018-09-11 07:45:00,3.13,5.022742680534852
2018-09-11 08:00:00,52.38,24.447175838298026
2018-09-11 08:15:00,106.52,35.38585848088026
2018-09-11 08:30:00,102.46,74.84727303137106
2018-09-11 08:45:00,93.92,86.46725980105701
2018-09-11 09:00:00,115.13,79.66549237160548
2018-09-11 09:15:00,106.7,87.14600764544937
2018-09-11 09:30:00,67.93,95.85900678534718
2018-09-11 09:45:00,86.15,95.3218257549968
2018-09-11 10:00:00,125.46,79.13110701929757
2018-09-11 10:15:00,95.15,83.32627030907989
2018-09-11 10:30:00,77.69,89.40654418126212
2018-09-11 10:45:00,107.14,91.01770715513872
2018-09-11 11:00:00,109.58,84.49722579467381
2018-09-11 11:15:00,90.25,88.31561441600725
2018-09-11 11:30:00,122.11,85.52992885139062
2018-09-11 11:45:00,114.84,86.57958756239844
2018-09-11 12:00:00,7.56,3.7077019789782857
2018-09-11 12:15:00,7.42,2.9855927110815808
2018-09-11 12:30:00,6.84,5.401735217421542
2018-09-11 12:45:00,6.16,9.393660754446898
2018-09-11 13:00:00,55.69,74.30053383614622
2018-09-11 13:15:00,96.84,107.65095058796126
2018-09-11 13:30:00,122.94,94.32277166410562
2018-09-11 13:45:00,125.89,93.57607371938313
2018-09-11 14:00:00,62.78,103.84557090944946
2018-09-11 14:15:00,59.54,105.82473193872886
2018-09-11 14:30:00,64.98,80.18109281934817
2018-09-11 14:45:00,53.64,74.34975267819229
2018-09-11 15:00:00,62.57,62.50922685813006
2018-09-11 15:15:00,58.07,63.26320600149703
2018-09-11 15:30:00,70.16,65.62760610709975
2018-09-11 15:45:00,106.67,64.51703334890912
2018-09-11 16:00:00,73.44,65.15726252819731
2018-09-11 16:15:00,115.34,90.84497491813771
2018-09-11 16:30:00,99.11,86.40982163264391
2018-09-11 16:45:00,122.76,91.80132068990108
2018-09-11 17:00:00,118.84,93.60740964355335
2018-09-11 17:15:00,75.82,94.1989176452954
2018-09-11 17:30:00,62.42,69.33874646994035
2018-09-11 17:45:00,28.37,67.46608333835994
2018-09-11 18:00:00,35.21,67.58001115780878
2018-09-11 18:15:00,38.16,38.801737031503684
2018-09-11 18:30:00,33.62,63.769625155563716
2018-09-11 18:45:00,34.81,51.06230859278037
2018-09-11 19:00:00,37.26,44.69010084652305
2018-09-11 19:15:00,37.76,44.7198969214769
2018-09-11 19:30:00,37.58,47.99418040151203
2018-09-11 19:45:00,32.15,39.82502349061812
2018-09-11 20:00:00,37.33,38.29075712416123
2018-09-11 20:15:00,38.52,38.89926765632187
2018-09-11 20:30:00,34.02,37.66139809173172
2018-09-11 20:45:00,14.72,24.854232324806294
2018-09-11 21:00:00,6.52,19.860787592269144
2018-09-11 21:15:00,4.0,1.1708418358869892
2018-09-11 21:30:00,3.89,4.931144322298966
2018-09-11 21:45:00,3.82,4.268046236744961
2018-09-11 22:00:00,3.6,3.9380318777361345
2018-09-11 22:15:00,3.6,3.799432925769944
2018-09-11 22:30:00,4.18,3.6583489921147025
2018-09-11 22:45:00,4.72,3.6583489921147025
2018-09-11 23:00:00,3.53,4.026458581734028
2018-09-11 23:15:00,3.49,4.058440599873611
2018-09-11 23:30:00,3.06,3.616169324885082
2018-09-11 23:45:00,2.95,3.5974547397131738
2018-09-12 00:00:00,2.92,3.0882996139519587
2018-09-12 00:15:00,2.95,3.0882996139519587
2018-09-12 00:30:00,2.92,3.0516703309043707
2018-09-12 00:45:00,2.92,3.0154870776973364
2018-09-12 01:00:00,2.95,2.9788577946497483
2018-09-12 01:15:00,2.92,2.9788577946497483
2018-09-12 01:30:00,2.95,3.133968084223692
2018-09-12 01:45:00,2.99,3.071606919662057
2018-09-12 02:00:00,2.88,2.6295219271500234
2018-09-12 02:15:00,2.95,2.7397647171654476
2018-09-12 02:30:00,2.92,2.8764028579784906
2018-09-12 02:45:00,2.92,3.133968084223692
2018-09-12 03:00:00,2.99,2.9788840373149736
2018-09-12 03:15:00,3.2,2.6495320400382782
2018-09-12 03:30:00,4.32,2.7064137718519317
2018-09-12 03:45:00,3.38,2.850148630184984
2018-09-12 04:00:00,2.95,4.575852712424973
2018-09-12 04:15:00,2.92,3.1570783674642775
2018-09-12 04:30:00,2.99,2.8059134040970686
2018-09-12 04:45:00,2.92,2.7618502769668463
2018-09-12 05:00:00,2.92,2.7459194725258773
2018-09-12 05:15:00,2.92,2.689037740712224
2018-09-12 05:30:00,2.88,2.689037740712224
2018-09-12 05:45:00,2.88,2.8075187472385794
2018-09-12 06:00:00,2.92,2.8075187472385794
2018-09-12 06:15:00,2.92,3.065445774049548
2018-09-12 06:30:00,2.88,2.799280530727648
2018-09-12 06:45:00,2.84,2.689037740712224
2018-09-12 07:00:00,2.88,2.815347388617763
2018-09-12 07:15:00,3.02,2.8838273934263103
2018-09-12 07:30:00,3.31,3.205696704058035
2018-09-12 07:45:00,4.75,4.2254153105803205
2018-09-12 08:00:00,58.07,44.376236791421235
2018-09-12 08:15:00,126.25,88.47988856784946
2018-09-12 08:30:00,87.91,80.80783782053055
2018-09-12 08:45:00,54.54,95.5274302162905
2018-09-12 09:00:00,54.25,97.83916494400351
2018-09-12 09:15:00,41.69,82.62933415971207
2018-09-12 09:30:00,52.78,50.986227794897935
2018-09-12 09:45:00,59.33,50.16129864493274
2018-09-12 10:00:00,47.84,65.22183533526854
2018-09-12 10:15:00,46.15,60.49219408339217
2018-09-12 10:30:00,49.03,55.343880985939535
2018-09-12 10:45:00,55.44,59.21001166220211
2018-09-12 11:00:00,67.0,58.6252640138712
2018-09-12 11:15:00,54.36,60.27715716245532
2018-09-12 11:30:00,59.33,59.36624780690767
2018-09-12 11:45:00,44.35,49.73006719807044
2018-09-12 12:00:00,4.43,10.823228433938842
2018-09-12 12:15:00,5.18,7.225579783411929
2018-09-12 12:30:00,4.5,0.772039363634892
2018-09-12 12:45:00,5.11,6.244884058236496
2018-09-12 13:00:00,38.23,34.771540882746606
2018-09-12 13:15:00,64.22,60.534827658953326
2018-09-12 13:30:00,62.42,65.36556501624626
2018-09-12 13:45:00,66.53,72.28248927115695
2018-09-12 14:00:00,91.51,56.672948556985794
2018-09-12 14:15:00,66.02,62.101929337143844
2018-09-12 14:30:00,76.82,80.84974277822515
2018-09-12 14:45:00,115.7,68.9968422565416
2018-09-12 15:00:00,77.44,73.83388807384773
2018-09-12 15:15:00,99.68,92.99149938855233
2018-09-12 15:30:00,120.13,91.36552301585161
2018-09-12 15:45:00,87.52,74.34686321800828
2018-09-12 16:00:00,53.75,102.06391699387572
2018-09-12 16:15:00,57.49,85.24668744602283
2018-09-12 16:30:00,58.39,81.46892059727026
2018-09-12 16:45:00,58.39,63.86378880559445
2018-09-12 17:00:00,58.39,61.31039515878591
2018-09-12 17:15:00,43.49,55.34679501522165
2018-09-12 17:30:00,29.09,48.22228460208695
2018-09-12 17:45:00,27.32,24.209342829565095
2018-09-12 18:00:00,43.45,37.1642827038089
2018-09-12 18:15:00,55.76,36.703606289171354
2018-09-12 18:30:00,51.8,52.33204452834182
2018-09-12 18:45:00,44.14,53.694715834332264
2018-09-12 19:00:00,58.5,59.0683642344791
2018-09-12 19:15:00,44.6,49.810316985443045
2018-09-12 19:30:00,49.5,56.74355928670687
2018-09-12 19:45:00,56.09,49.672518000889525
2018-09-12 20:00:00,40.39,52.960389799314875
2018-09-12 20:15:00,43.31,55.18787068644385
2018-09-12 20:30:00,32.51,38.67747994136788
2018-09-12 20:45:00,13.82,18.364440413983136
2018-09-12 21:00:00,5.54,15.669038138141543
2018-09-12 21:15:00,3.82,6.401826302314219
2018-09-12 21:30:00,3.64,4.009430497000711
2018-09-12 21:45:00,3.64,3.823488510993316
2018-09-12 22:00:00,3.46,3.851885901291797
2018-09-12 22:15:00,3.49,3.7195079644529856
2018-09-12 22:30:00,3.38,3.677293378570714
2018-09-12 22:45:00,3.35,3.697943543229339
2018-09-12 23:00:00,3.35,3.6543310072529906
2018-09-12 23:15:00,3.35,3.6543310072529906
2018-09-12 23:30:00,3.31,3.489301799903291
2018-09-12 23:45:00,3.35,3.489301799903291
2018-09-13 00:00:00,3.06,3.489301799903291
2018-09-13 00:15:00,2.74,3.489301799903291
2018-09-13 00:30:00,2.74,3.1610511511077184
2018-09-13 00:45:00,2.77,3.1244218680601303
2018-09-13 01:00:00,2.7,3.051609331805508
2018-09-13 01:15:00,2.77,3.051609331805508
2018-09-13 01:30:00,2.77,3.025877450291461
2018-09-13 01:45:00,2.66,2.9779068129475896
2018-09-13 02:00:00,2.99,2.9779068129475896
2018-09-13 02:15:00,3.38,2.9779068129475896
2018-09-13 02:30:00,2.99,3.0145360959951777
2018-09-13 02:45:00,2.77,3.34278674479075
2018-09-13 03:00:00,2.74,3.029554365622232
2018-09-13 03:15:00,2.74,3.034519966218207
2018-09-13 03:30:00,2.7,3.270508424894727
2018-09-13 03:45:00,2.81,3.2268958889183788
2018-09-13 04:00:00,3.17,3.1220225469012495
2018-09-13 04:15:00,3.38,3.074025666892153
2018-09-13 04:30:00,2.81,3.334484969936039
2018-09-13 04:45:00,2.77,3.8753720282364243
2018-09-13 05:00:00,2.84,3.057761167158599
2018-09-13 05:15:00,2.81,3.1181037461808314
2018-09-13 05:30:00,2.84,3.1057580471676958
2018-09-13 05:45:00,2.77,3.1057580471676958
2018-09-13 06:00:00,2.74,3.1181037461808314
2018-09-13 06:15:00,2.81,3.074025666892153
2018-09-13 06:30:00,2.77,3.1220225469012495
2018-09-13 06:45:00,2.7,3.1220225469012495
2018-09-13 07:00:00,2.81,3.1820666933554267
2018-09-13 07:15:00,2.81,3.2907945550505406
2018-09-13 07:30:00,3.6,4.161862130424545
2018-09-13 07:45:00,4.61,5.057470364706642
2018-09-13 08:00:00,35.75,36.335341904151086
2018-09-13 08:15:00,52.78,70.40278018849709
2018-09-13 08:30:00,47.95,63.52457106375983
2018-09-13 08:45:00,90.79,62.59675634015396
2018-09-13 09:00:00,108.72,56.742656559901555
2018-09-13 09:15:00,105.52,80.23473164932471
2018-09-13 09:30:00,59.51,85.14255090890218
2018-09-13 09:45:00,116.64,87.19466506743282
2018-09-13 10:00:00,123.55,62.91008047042188
2018-09-13 10:15:00,78.44,81.10954205928581
2018-09-13 10:30:00,51.8,101.57223436020648
2018-09-13 10:45:00,53.6,87.09745990407175
2018-09-13 11:00:00,50.33,61.51837149178027
2018-09-13 11:15:00,51.01,61.30698848911622
2018-09-13 11:30:00,56.45,54.00493642000332
2018-09-13 11:45:00,56.09,53.70433378059887
2018-09-13 12:00:00,7.31,7.583243977258924
2018-09-13 12:15:00,4.43,5.127290792740966
2018-09-13 12:30:00,4.5,6.89834508249385
2018-09-13 12:45:00,5.08,5.543879981985841
2018-09-13 13:00:00,40.25,43.870603615246765
2018-09-13 13:15:00,60.48,67.30077681849522
2018-09-13 13:30:00,58.18,62.979059383899
2018-09-13 13:45:00,65.99,62.18009581737841
2018-09-13 14:00:00,59.8,59.09176119887604
2018-09-13 14:15:00,51.44,63.3148023173999
2018-09-13 14:30:00,61.81,57.1561492939879
2018-09-13 14:45:00,67.9,56.41522684049672
2018-09-13 15:00:00,109.01,58.9182049823535
2018-09-13 15:15:00,99.72,64.86441374262286
2018-09-13 15:30:00,68.0,92.60286507797697
2018-09-13 15:45:00,101.02,91.27226758359862
2018-09-13 16:00:00,122.87,84.97322300415563
2018-09-13 16:15:00,74.56,84.48973078616312
2018-09-13 16:30:00,49.32,100.55929187847607
2018-09-13 16:45:00,58.68,91.71107539054387
2018-09-13 17:00:00,54.4,76.42902436899831
2018-09-13 17:15:00,57.74,60.26224819763397
2018-09-13 17:30:00,32.69,25.68019192832667
2018-09-13 17:45:00,31.97,25.977421463531986
2018-09-13 18:00:00,41.22,49.552826889808536
2018-09-13 18:15:00,50.65,57.910603790578165
2018-09-13 18:30:00,46.3,55.73664568724612
2018-09-13 18:45:00,57.17,57.17456833279048
2018-09-13 19:00:00,54.76,53.14346375406067
2018-09-13 19:15:00,49.1,58.130050207978634
2018-09-13 19:30:00,46.8,56.43286668647392
2018-09-13 19:45:00,40.79,53.51074683874813
2018-09-13 20:00:00,47.95,53.94253589374893
2018-09-13 20:15:00,69.16,43.0457174791411
2018-09-13 20:30:00,49.82,44.18612442008327
2018-09-13 20:45:00,19.98,30.819746792184137
2018-09-13 21:00:00,5.04,5.53956934173589
2018-09-13 21:15:00,4.93,2.222497249374568
2018-09-13 21:30:00,4.86,4.736536923932295
2018-09-13 21:45:00,4.79,4.535689272037816
2018-09-13 22:00:00,4.46,4.145873638461924
2018-09-13 22:15:00,4.46,4.245145530731313
2018-09-13 22:30:00,4.43,4.245145530731313
2018-09-13 22:45:00,4.28,4.306080679263519
2018-09-13 23:00:00,4.28,4.306080679263519
2018-09-13 23:15:00,4.32,4.285430514604893
2018-09-13 23:30:00,4.28,4.30113492350322
2018-09-13 23:45:00,4.28,4.30113492350322
2018-09-14 00:00:00,4.28,4.168321254945778
2018-09-14 00:15:00,4.25,3.7950334302447977
2018-09-14 00:30:00,3.89,3.7950334302447977
2018-09-14 00:45:00,3.28,4.099841250137231
2018-09-14 01:00:00,3.24,3.5315484343724317
2018-09-14 01:15:00,3.53,3.457514655655707
2018-09-14 01:30:00,4.36,3.3109836717391983
2018-09-14 01:45:00,3.31,3.26098267002139
2018-09-14 02:00:00,3.35,4.042440435687895
2018-09-14 02:15:00,3.31,3.3794636765477457
2018-09-14 02:30:00,3.31,3.39741388545474
2018-09-14 02:45:00,3.24,3.3109836717391983
2018-09-14 03:00:00,3.28,3.2861228922018753
2018-09-14 03:15:00,3.28,3.3479702246115037
2018-09-14 03:30:00,3.35,3.3479702246115037
2018-09-14 03:45:00,3.31,3.397971226329312
2018-09-14 04:00:00,3.89,3.505956931811805
2018-09-14 04:15:00,4.07,3.505956931811805
2018-09-14 04:30:00,3.31,3.737701622261245
2018-09-14 04:45:00,3.31,4.164143283978954
2018-09-14 05:00:00,3.35,3.480225050297758
2018-09-14 05:15:00,3.35,3.4296952543962047
2018-09-14 05:30:00,3.64,3.480225050297758
2018-09-14 05:45:00,4.28,3.4374769270032575
2018-09-14 06:00:00,3.67,3.4912258744672022
2018-09-14 06:15:00,3.24,4.056689826486685
2018-09-14 06:30:00,3.31,3.314524155739632
2018-09-14 06:45:00,3.24,3.240258777046547
2018-09-14 07:00:00,3.28,3.2723095698573608
2018-09-14 07:15:00,3.49,3.2723095698573608
2018-09-14 07:30:00,3.71,4.477624800266
2018-09-14 07:45:00,4.82,5.302418846969495
2018-09-14 08:00:00,33.34,37.622218759414324
2018-09-14 08:15:00,50.9,76.21838489766682
2018-09-14 08:30:00,63.58,60.099014734847685
2018-09-14 08:45:00,49.32,62.921782517113286
2018-09-14 09:00:00,47.41,66.93107345023833
2018-09-14 09:15:00,61.2,57.830157072774114
2018-09-14 09:30:00,45.79,57.64375596410093
2018-09-14 09:45:00,39.6,56.220468696874526
2018-09-14 10:00:00,41.18,47.60375036667774
2018-09-14 10:15:00,52.06,47.1007688210731
2018-09-14 10:30:00,55.19,45.708499672166646
2018-09-14 10:45:00,50.4,55.12844251867056
2018-09-14 11:00:00,56.05,56.342064328280685
2018-09-14 11:15:00,55.4,56.37632664800627
2018-09-14 11:30:00,64.48,56.968148308619725
2018-09-14 11:45:00,63.4,47.542065183782896
2018-09-14 12:00:00,13.46,5.330237263205336
2018-09-14 12:15:00,4.32,4.691417787888368
2018-09-14 12:30:00,4.64,6.58653265894862
2018-09-14 12:45:00,3.71,5.390614823520571
2018-09-14 13:00:00,47.34,43.02120059942262
2018-09-14 13:15:00,54.76,55.146597883434495
2018-09-14 13:30:00,68.29,67.19775189675738
2018-09-14 13:45:00,58.46,58.21604268975463
2018-09-14 14:00:00,66.31,65.74405186513239
2018-09-14 14:15:00,60.98,58.637171402300574
2018-09-14 14:30:00,67.68,63.65223711655367
2018-09-14 14:45:00,61.49,60.74917005821046
2018-09-14 15:00:00,48.24,62.973360960113716
2018-09-14 15:15:00,61.06,57.38059137216796
2018-09-14 15:30:00,65.99,56.09161196865754
2018-09-14 15:45:00,58.03,58.515759339482365
2018-09-14 16:00:00,65.81,65.15299205278485
2018-09-14 16:15:00,111.78,56.16486946473279
2018-09-14 16:30:00,106.16,64.71223698608344
2018-09-14 16:45:00,48.13,82.1847012186526
2018-09-14 17:00:00,43.02,83.3872957421159
2018-09-14 17:15:00,62.5,56.82546529639387
2018-09-14 17:30:00,54.58,36.09147688273944
2018-09-14 17:45:00,34.99,26.089358141290422
2018-09-14 18:00:00,28.48,42.036600663857804
2018-09-14 18:15:00,29.05,46.857847828000324
2018-09-14 18:30:00,28.26,41.476303101174246
2018-09-14 18:45:00,27.0,42.38066173135618
2018-09-14 19:00:00,20.41,27.403358905771427
2018-09-14 19:15:00,7.85,24.474802440643902
2018-09-14 19:30:00,8.32,10.559769037713982
2018-09-14 19:45:00,4.54,6.934952676429356
2018-09-14 20:00:00,3.67,5.695329794727859
2018-09-14 20:15:00,3.71,1.70199474028977
2018-09-14 20:30:00,3.67,2.115388491502734
2018-09-14 20:45:00,3.64,0.60626721483541
2018-09-14 21:00:00,3.6,3.488868091626554
2018-09-14 21:15:00,3.74,3.3975863593655045
2018-09-14 21:30:00,3.6,3.3975863593655045
2018-09-14 21:45:00,3.6,3.3975863593655045
2018-09-14 22:00:00,3.28,3.3975863593655045
2018-09-14 22:15:00,3.31,3.3975863593655045
2018-09-14 22:30:00,2.84,3.407036024581653
2018-09-14 22:45:00,2.7,3.407036024581653
2018-09-14 23:00:00,2.66,3.0930462568982278
2018-09-14 23:15:00,2.66,3.0202337206436054
2018-09-14 23:30:00,2.66,3.0202337206436054
2018-09-14 23:45:00,2.66,3.0202337206436054
2018-09-15 00:00:00,2.7,3.0202337206436054
2018-09-15 00:15:00,2.63,2.804477539637883
2018-09-15 00:30:00,2.63,2.804477539637883
2018-09-15 00:45:00,2.63,2.760865003661535
2018-09-15 01:00:00,2.81,2.760865003661535
2018-09-15 01:15:00,3.24,2.760865003661535
2018-09-15 01:30:00,2.99,2.804477539637883
2018-09-15 01:45:00,2.66,3.07485477134496
2018-09-15 02:00:00,2.7,2.797494286709123
2018-09-15 02:15:00,2.7,2.760865003661535
2018-09-15 02:30:00,2.63,2.8088356410054063
2018-09-15 02:45:00,2.63,2.7925711412718526
2018-09-15 03:00:00,2.7,2.8049430829502136
2018-09-15 03:15:00,2.63,2.9349628537009136
2018-09-15 03:30:00,2.63,2.9349628537009136
2018-09-15 03:45:00,3.31,2.8135593562117345
2018-09-15 04:00:00,2.77,2.868532932158082
2018-09-15 04:15:00,2.7,3.2128708584957777
2018-09-15 04:30:00,2.7,2.8249203961817337
2018-09-15 04:45:00,2.7,2.946323893670913
2018-09-15 05:00:00,2.7,2.9669740583295376
2018-09-15 05:15:00,2.63,2.981975074666874
2018-09-15 05:30:00,2.59,2.8724517328785
2018-09-15 05:45:00,2.63,2.8724517328785
2018-09-15 06:00:00,2.7,2.868532932158082
2018-09-15 06:15:00,2.63,2.8249203961817337
2018-09-15 06:30:00,2.63,2.946323893670913
2018-09-15 06:45:00,2.63,2.9669740583295376
2018-09-15 07:00:00,3.06,2.946323893670913
2018-09-15 07:15:00,3.1,2.946323893670913
2018-09-15 07:30:00,2.74,3.0456268311934656
2018-09-15 07:45:00,8.06,2.8770085340055345
2018-09-15 08:00:00,34.02,9.74154380487829
2018-09-15 08:15:00,33.44,34.110688070791674
2018-09-15 08:30:00,38.3,43.39716578602015
2018-09-15 08:45:00,48.78,35.21557176548145
2018-09-15 09:00:00,33.05,40.21460867997592
2018-09-15 09:15:00,35.75,45.677520842162714
2018-09-15 09:30:00,35.14,37.05506943347497
2018-09-15 09:45:00,40.14,36.16980533379056
2018-09-15 10:00:00,33.8,36.575019945552455
2018-09-15 10:15:00,40.43,39.6883400646959
2018-09-15 10:30:00,33.01,33.57063223740243
2018-09-15 10:45:00,40.72,38.61505670096938
2018-09-15 11:00:00,41.22,35.03402799769272
2018-09-15 11:15:00,32.58,39.85513062864329
2018-09-15 11:30:00,40.39,35.42536775101077
2018-09-15 11:45:00,17.89,26.665657104073816
2018-09-15 12:00:00,3.31,8.326298168601811
2018-09-15 12:15:00,3.82,6.133143531917254
2018-09-15 12:30:00,3.82,3.314772611609729
2018-09-15 12:45:00,3.31,5.240792182152555
2018-09-15 13:00:00,29.63,18.370605606745766
2018-09-15 13:15:00,40.97,23.84048674767731
2018-09-15 13:30:00,39.96,52.41570608554276
2018-09-15 13:45:00,36.65,38.34584856962339
2018-09-15 14:00:00,40.39,39.27316546487963
2018-09-15 14:15:00,40.39,41.964906082607875
2018-09-15 14:30:00,32.98,40.56424977414568
2018-09-15 14:45:00,37.84,39.63900397901435
2018-09-15 15:00:00,44.21,35.91370972825746
2018-09-15 15:15:00,42.37,38.89407660846853
2018-09-15 15:30:00,38.59,42.91930052018263
2018-09-15 15:45:00,33.08,41.677712196487875
2018-09-15 16:00:00,39.67,36.88683210040005
2018-09-15 16:15:00,40.72,30.71094223796338
2018-09-15 16:30:00,39.67,36.67642421669686
2018-09-15 16:45:00,5.83,23.637085698849777
2018-09-15 17:00:00,3.82,18.13161170894971
2018-09-15 17:15:00,3.46,0.0
2018-09-15 17:30:00,3.49,3.5672362215039146
2018-09-15 17:45:00,3.49,3.6352072974739027
2018-09-15 18:00:00,3.42,5.111724174683772
2018-09-15 18:15:00,3.42,3.7597132138331104
2018-09-15 18:30:00,3.6,3.7597132138331104
2018-09-15 18:45:00,3.67,3.7597132138331104
2018-09-15 19:00:00,3.64,3.7298049097403485
2018-09-15 19:15:00,3.6,3.7851962422107603
2018-09-15 19:30:00,3.64,3.7851962422107603
2018-09-15 19:45:00,3.06,3.6060887977045586
2018-09-15 20:00:00,2.99,3.4846853002153795
2018-09-15 20:15:00,2.92,3.089530994044127
2018-09-15 20:30:00,2.92,3.0781699540741276
2018-09-15 20:45:00,2.95,3.0418048101885975
2018-09-15 21:00:00,3.53,2.968992273933975
2018-09-15 21:15:00,3.49,2.8886079432064666
2018-09-15 21:30:00,2.92,3.1659684278423037
2018-09-15 21:45:00,2.88,3.238780964096926
2018-09-15 22:00:00,2.77,2.8811786604371528
2018-09-15 22:15:00,2.84,2.8811786604371528
2018-09-15 22:30:00,2.77,2.8083661241825304
2018-09-15 22:45:00,2.88,2.689885117656175
2018-09-15 23:00:00,3.2,2.689885117656175
2018-09-15 23:15:00,2.66,2.777152362469703
2018-09-15 23:30:00,2.66,2.7612927476450033
2018-09-15 23:45:00,2.66,2.689885117656175
2018-09-16 00:00:00,2.66,2.729181725125832
2018-09-16 00:15:00,2.81,2.689885117656175
2018-09-16 00:30:00,2.74,2.689885117656175
2018-09-16 00:45:00,2.7,2.6419144803123036
2018-09-16 01:00:00,2.7,2.6919154820301117
2018-09-16 01:15:00,2.7,2.760395486838659
2018-09-16 01:30:00,2.74,2.760395486838659
2018-09-16 01:45:00,2.77,2.689885117656175
2018-09-16 02:00:00,2.74,2.6419144803123036
2018-09-16 02:15:00,2.99,2.6419144803123036
2018-09-16 02:30:00,3.31,2.6419144803123036
2018-09-16 02:45:00,2.7,2.6785437633598916
2018-09-16 03:00:00,3.35,2.9810182275109884
2018-09-16 03:15:00,3.2,2.698527633582921
2018-09-16 03:30:00,2.74,3.5049416860434497
2018-09-16 03:45:00,2.74,2.7016135815765447
2018-09-16 04:00:00,2.74,2.807886555279825
2018-09-16 04:15:00,2.77,2.7098886735529204
2018-09-16 04:30:00,2.74,2.8451527983755454
2018-09-16 04:45:00,2.74,2.757885553562017
2018-09-16 05:00:00,2.7,2.7098886735529204
2018-09-16 05:15:00,2.74,2.7098886735529204
2018-09-16 05:30:00,2.66,2.7098886735529204
2018-09-16 05:45:00,2.7,2.7098886735529204
2018-09-16 06:00:00,2.66,2.7098886735529204
2018-09-16 06:15:00,2.77,2.7098886735529204
2018-09-16 06:30:00,3.17,2.7098886735529204
2018-09-16 06:45:00,3.02,2.7098886735529204
2018-09-16 07:00:00,2.66,2.8935597762723515
2018-09-16 07:15:00,2.66,2.8852514118929293
2018-09-16 07:30:00,2.63,2.7086973432854715
2018-09-16 07:45:00,2.7,2.986537564775365
2018-09-16 08:00:00,2.59,10.736386505361533
2018-09-16 08:15:00,2.63,4.269381355928727
2018-09-16 08:30:00,3.35,3.6624225412779863
2018-09-16 08:45:00,3.2,3.6011264657098634
2018-09-16 09:00:00,2.88,4.574508712641897
2018-09-16 09:15:00,2.92,4.727451672557337
2018-09-16 09:30:00,2.81,3.7000905448316908
2018-09-16 09:45:00,2.84,3.429606165853865
2018-09-16 10:00:00,2.84,3.824256502720495
2018-09-16 10:15:00,2.84,3.782521194504064
2018-09-16 10:30:00,2.88,3.93081864840129
2018-09-16 10:45:00,2.92,3.180782822791021
2018-09-16 11:00:00,2.84,3.180782822791021
2018-09-16 11:15:00,2.81,3.4761388124583816
2018-09-16 11:30:00,2.77,3.171320233444268
2018-09-16 11:45:00,3.2,3.727295625451155
2018-09-16 12:00:00,3.06,3.1656033077755468
2018-09-16 12:15:00,2.84,3.1319249886539904
2018-09-16 12:30:00,2.95,3.070404788646876
2018-09-16 12:45:00,2.84,3.0627318628399762
2018-09-16 13:00:00,2.81,3.254822739002369
2018-09-16 13:15:00,2.84,3.3894139033726347
2018-09-16 13:30:00,2.81,3.807780609309603
2018-09-16 13:45:00,2.81,3.7701754954909283
2018-09-16 14:00:00,2.92,3.7701754954909283
2018-09-16 14:15:00,2.88,3.7701754954909283
2018-09-16 14:30:00,3.49,3.8119108037073595
2018-09-16 14:45:00,2.92,3.7701754954909283
2018-09-16 15:00:00,2.84,3.6690716857642336
2018-09-16 15:15:00,3.13,3.7828958838947195
2018-09-16 15:30:00,3.38,3.7697030609452566
2018-09-16 15:45:00,2.88,3.9572079845540795
2018-09-16 16:00:00,2.84,3.8596977284288694
2018-09-16 16:15:00,2.88,3.0644168142350026
2018-09-16 16:30:00,2.84,3.107594279300041
2018-09-16 16:45:00,2.84,3.061262236497099
2018-09-16 17:00:00,2.81,2.946871377810329
2018-09-16 17:15:00,2.88,2.903258841833981
2018-09-16 17:30:00,2.95,2.903258841833981
2018-09-16 17:45:00,2.81,2.903258841833981
2018-09-16 18:00:00,2.77,2.919237960222944
2018-09-16 18:15:00,2.84,3.0677584511665104
2018-09-16 18:30:00,2.88,3.1113709871428585
2018-09-16 18:45:00,2.84,3.006231989387233
2018-09-16 19:00:00,3.06,2.9899674896536794
2018-09-16 19:15:00,3.56,2.9257217707165544
2018-09-16 19:30:00,3.28,2.930644916153825
2018-09-16 19:45:00,3.28,3.4124195251633713
2018-09-16 20:00:00,3.49,3.3961550254298176
2018-09-16 20:15:00,2.95,3.3961550254298176
2018-09-16 20:30:00,2.92,3.2575504987082544
2018-09-16 20:45:00,2.99,2.9804541532344753
2018-09-16 21:00:00,2.92,2.943824870186887
2018-09-16 21:15:00,2.92,2.8891724209734257
2018-09-16 21:30:00,2.95,2.7797306016712153
2018-09-16 21:45:00,2.99,2.795995101404769
2018-09-16 22:00:00,2.74,2.9061980417916136
2018-09-16 22:15:00,2.88,2.9584135468666073
2018-09-16 22:30:00,2.77,2.7275150965962216
2018-09-16 22:45:00,2.74,2.7797306016712153
2018-09-16 23:00:00,2.74,2.7797306016712153
2018-09-16 23:15:00,2.66,2.6775140948784135
2018-09-16 23:30:00,2.7,2.629543457534542
2018-09-16 23:45:00,2.74,2.6775140948784135
2018-09-17 00:00:00,2.7,2.7182512610554057
2018-09-17 00:15:00,2.77,2.768252262773214
2018-09-17 00:30:00,2.74,2.7182512610554057
2018-09-17 00:45:00,2.74,2.7182512610554057
2018-09-17 01:00:00,3.35,2.7182512610554057
2018-09-17 01:15:00,2.84,2.7182512610554057
2018-09-17 01:30:00,3.28,3.092894617862166
2018-09-17 01:45:00,3.1,2.9126313054642887
2018-09-17 02:00:00,2.77,3.092894617862166
2018-09-17 02:15:00,2.77,3.348703990307679
2018-09-17 02:30:00,2.77,2.868438405192079
2018-09-17 02:45:00,2.74,2.766221898399277
2018-09-17 03:00:00,2.77,3.0251893895615147
2018-09-17 03:15:00,2.84,3.0818025428321323
2018-09-17 03:30:00,2.77,2.7748644143260233
2018-09-17 03:45:00,2.74,2.7748644143260233
2018-09-17 04:00:00,2.74,2.814370114999969
2018-09-17 04:15:00,2.81,2.864371116717777
2018-09-17 04:30:00,2.74,2.814370114999969
2018-09-17 04:45:00,3.2,2.8623669950090656
2018-09-17 05:00:00,2.99,2.814370114999969
2018-09-17 05:15:00,2.77,3.0146544202220693
2018-09-17 05:30:00,2.7,2.9814946368290465
2018-09-17 05:45:00,2.63,2.8623669950090656
2018-09-17 06:00:00,2.66,2.814370114999969
2018-09-17 06:15:00,2.7,2.9123679967268736
2018-09-17 06:30:00,3.13,2.9645835018018674
2018-09-17 06:45:00,3.06,2.9165866217927707
2018-09-17 07:00:00,2.66,2.964745607277268
2018-09-17 07:15:00,2.92,2.9475604930013533
2018-09-17 07:30:00,3.06,2.7304642118507854
2018-09-17 07:45:00,3.13,4.513595146672693
2018-09-17 08:00:00,25.78,22.42767707463529
2018-09-17 08:15:00,63.11,35.616286676512935
2018-09-17 08:30:00,45.76,57.271027392814766
2018-09-17 08:45:00,56.34,59.00640302290434
2018-09-17 09:00:00,56.48,62.10616787809586
2018-09-17 09:15:00,50.98,65.72886728291256
2018-09-17 09:30:00,47.34,61.73507349768741
2018-09-17 09:45:00,42.3,63.57255660805124
2018-09-17 10:00:00,43.02,58.174424875150216
2018-09-17 10:15:00,55.19,56.33835554714677
2018-09-17 10:30:00,56.63,53.83577735033119
2018-09-17 10:45:00,62.96,65.69877512088328
2018-09-17 11:00:00,49.79,62.74908779256109
2018-09-17 11:15:00,56.88,62.69449635076163
2018-09-17 11:30:00,48.17,61.55906002727108
2018-09-17 11:45:00,45.79,45.50099307348294
2018-09-17 12:00:00,6.23,9.611066663103758
2018-09-17 12:15:00,3.89,10.33196830267271
2018-09-17 12:30:00,6.55,5.377049408509118
2018-09-17 12:45:00,5.26,6.572557448263221
2018-09-17 13:00:00,50.98,49.74827658962007
2018-09-17 13:15:00,74.77,57.856571734651425
2018-09-17 13:30:00,115.49,69.73543383524105
2018-09-17 13:45:00,114.12,77.26568396988412
2018-09-17 14:00:00,96.23,88.34598026567551
2018-09-17 14:15:00,111.64,91.3385000150291
2018-09-17 14:30:00,97.85,92.581937536082
2018-09-17 14:45:00,121.14,89.911562355867
2018-09-17 15:00:00,85.9,86.79091986361354
2018-09-17 15:15:00,108.5,82.12403472844089
2018-09-17 15:30:00,107.82,80.95452934633049
2018-09-17 15:45:00,105.19,78.90801490628958
2018-09-17 16:00:00,110.52,97.96639650121946
2018-09-17 16:15:00,100.3,95.04201300163112
2018-09-17 16:30:00,122.54,93.80937251314232
2018-09-17 16:45:00,82.62,101.77850703083332
2018-09-17 17:00:00,65.05,98.36066319857326
2018-09-17 17:15:00,53.35,94.50278289979482
2018-09-17 17:30:00,34.92,82.2098847501363
2018-09-17 17:45:00,27.36,77.18417672098037
2018-09-17 18:00:00,35.6,52.850306858592525
2018-09-17 18:15:00,42.48,53.22500426768471
2018-09-17 18:30:00,52.6,50.574451171600124
2018-09-17 18:45:00,51.05,47.57449475883882
2018-09-17 19:00:00,54.22,52.18135136290503
2018-09-17 19:15:00,51.16,47.88830898188722
2018-09-17 19:30:00,54.29,50.04747312294892
2018-09-17 19:45:00,55.76,49.78207988024573
2018-09-17 20:00:00,44.14,46.9894089438745
2018-09-17 20:15:00,48.31,50.02734709301126
2018-09-17 20:30:00,53.82,37.030856900171955
2018-09-17 20:45:00,12.28,19.319573903681462
2018-09-17 21:00:00,5.76,11.069225571132735
2018-09-17 21:15:00,4.07,5.239973730755835
2018-09-17 21:30:00,3.92,3.552263366937039
2018-09-17 21:45:00,3.89,3.9921893757718423
2018-09-17 22:00:00,3.67,2.6072085548061206
2018-09-17 22:15:00,3.64,3.644529690811606
2018-09-17 22:30:00,3.6,3.4394430741165216
2018-09-17 22:45:00,3.6,3.384964750630009
2018-09-17 23:00:00,4.21,3.384964750630009
2018-09-17 23:15:00,4.61,3.384964750630009
2018-09-17 23:30:00,3.49,3.7530743402493316
2018-09-17 23:45:00,3.53,3.914900618066514
2018-09-18 00:00:00,3.56,3.3338857705528446
2018-09-18 00:15:00,3.53,3.3651721870987443
2018-09-18 00:30:00,3.31,3.3338508519001935
2018-09-18 00:45:00,2.95,3.3338508519001935
2018-09-18 01:00:00,2.95,3.452331858426549
2018-09-18 01:15:00,2.95,3.1240812096309765
2018-09-18 01:30:00,2.95,3.1240812096309765
2018-09-18 01:45:00,2.99,3.025536791862307
2018-09-18 02:00:00,2.95,2.9570567870537596
2018-09-18 02:15:00,2.95,2.9570567870537596
2018-09-18 02:30:00,2.95,3.1014358297448346
2018-09-18 02:45:00,2.95,2.9070557853359515
2018-09-18 03:00:00,2.95,2.9721012993460394
2018-09-18 03:15:00,2.99,3.1281605180782623
2018-09-18 03:30:00,2.99,3.059680513269715
2018-09-18 03:45:00,2.99,2.98394763003786
2018-09-18 04:00:00,3.6,3.0234533307118054
2018-09-18 04:15:00,3.06,3.0734543324296135
2018-09-18 04:30:00,3.46,3.476826811532477
2018-09-18 04:45:00,2.99,3.2147468734927833
2018-09-18 05:00:00,2.99,3.553093232176561
2018-09-18 05:15:00,2.95,3.146266868684236
2018-09-18 05:30:00,2.84,3.096265866966428
2018-09-18 05:45:00,2.84,3.096265866966428
2018-09-18 06:00:00,2.88,2.966571598898152
2018-09-18 06:15:00,2.95,2.966571598898152
2018-09-18 06:30:00,2.88,3.0850526054245075
2018-09-18 06:45:00,2.84,3.141934337238161
2018-09-18 07:00:00,2.88,3.042880245085883
2018-09-18 07:15:00,2.95,3.1613612516122385
2018-09-18 07:30:00,4.54,3.483230562243963
2018-09-18 07:45:00,4.9,4.199732069663199
2018-09-18 08:00:00,35.46,50.52643490965583
2018-09-18 08:15:00,51.59,77.36867484288835
2018-09-18 08:30:00,55.87,55.10771473107473
2018-09-18 08:45:00,53.82,60.988702134059224
2018-09-18 09:00:00,48.24,57.32401824303861
2018-09-18 09:15:00,60.08,57.73007767682135
2018-09-18 09:30:00,61.2,59.23509384753758
2018-09-18 09:45:00,59.8,58.04047558723364
2018-09-18 10:00:00,59.26,56.241800869351664
2018-09-18 10:15:00,53.93,55.29808878493165
2018-09-18 10:30:00,49.75,59.92068639745675
2018-09-18 10:45:00,47.09,60.79762927597268
2018-09-18 11:00:00,60.55,60.88419857430134
2018-09-18 11:15:00,62.06,61.48896230073048
2018-09-18 11:30:00,62.68,58.175167781766994
2018-09-18 11:45:00,45.68,53.15723949694573
2018-09-18 12:00:00,25.6,9.655232371395444
2018-09-18 12:15:00,12.46,8.496822514305089
2018-09-18 12:30:00,4.07,11.6089154594319
2018-09-18 12:45:00,3.89,10.290146218665704
2018-09-18 13:00:00,39.2,42.48227546577237
2018-09-18 13:15:00,53.57,53.43671608895984
2018-09-18 13:30:00,60.48,64.057963060503
2018-09-18 13:45:00,64.69,55.96538221166246
2018-09-18 14:00:00,62.89,56.20192175514722
2018-09-18 14:15:00,57.31,62.51316937996055
2018-09-18 14:30:00,54.11,59.097966419484564
2018-09-18 14:45:00,58.1,54.83268848326783
2018-09-18 15:00:00,42.62,59.85863349665832
2018-09-18 15:15:00,48.38,59.94292115343039
2018-09-18 15:30:00,60.23,51.86566378998482
2018-09-18 15:45:00,47.09,56.04866679919505
2018-09-18 16:00:00,41.08,59.26496207175578
2018-09-18 16:15:00,55.4,54.94198797982974
2018-09-18 16:30:00,51.12,44.15536224876348
2018-09-18 16:45:00,48.67,54.45909040460066
2018-09-18 17:00:00,43.02,53.04775812069895
2018-09-18 17:15:00,54.0,52.92516269518526
2018-09-18 17:30:00,32.22,35.964199114231604
2018-09-18 17:45:00,31.28,27.098321539310312
2018-09-18 18:00:00,37.26,35.31523076316035
2018-09-18 18:15:00,55.73,44.08857256539686
2018-09-18 18:30:00,48.67,46.239063434990946
2018-09-18 18:45:00,42.01,52.67619711398388
2018-09-18 19:00:00,47.7,48.93799973100849
2018-09-18 19:15:00,45.68,44.35484061966364
2018-09-18 19:30:00,49.18,47.263288523597026
2018-09-18 19:45:00,66.35,44.20020638074168
2018-09-18 20:00:00,40.93,46.41507161802211
2018-09-18 20:15:00,43.78,60.78290990455103
2018-09-18 20:30:00,41.44,36.40954498626322
2018-09-18 20:45:00,42.37,15.604387537714466
2018-09-18 21:00:00,27.29,10.481492043392048
2018-09-18 21:15:00,4.86,9.302177904403896
2018-09-18 21:30:00,3.67,9.12552296163535
2018-09-18 21:45:00,3.6,3.4116114938298003
2018-09-18 22:00:00,3.31,3.099032998637907
2018-09-18 22:15:00,3.38,3.399123410416351
2018-09-18 22:30:00,3.35,3.539849693139094
2018-09-18 22:45:00,4.46,3.539849693139094
2018-09-18 23:00:00,3.96,3.519199528480469
2018-09-18 23:15:00,3.2,4.046482976932562
2018-09-18 23:30:00,3.2,3.6629146846478795
2018-09-18 23:45:00,3.2,3.042549232357843
2018-09-19 00:00:00,2.92,3.198159194345663
2018-09-19 00:15:00,2.74,3.1365964494623206
2018-09-19 00:30:00,2.66,3.017218182129621
2018-09-19 00:45:00,2.66,2.9444056458749985
2018-09-19 01:00:00,2.7,2.9444056458749985
2018-09-19 01:15:00,2.66,2.9444056458749985
2018-09-19 01:30:00,2.74,2.9444056458749985
2018-09-19 01:45:00,2.77,2.87070312701708
2018-09-19 02:00:00,2.74,2.87070312701708
2018-09-19 02:15:00,2.77,2.87070312701708
2018-09-19 02:30:00,2.74,2.87070312701708
2018-09-19 02:45:00,2.74,2.87070312701708
2018-09-19 03:00:00,2.81,2.8964350085311272
2018-09-19 03:15:00,2.77,3.0716953229787727
2018-09-19 03:30:00,2.74,3.0923454876373975
2018-09-19 03:45:00,3.82,3.0716953229787727
2018-09-19 04:00:00,3.89,3.0104345169379916
2018-09-19 04:15:00,2.7,3.422052354236174
2018-09-19 04:30:00,2.77,2.9356069511313265
2018-09-19 04:45:00,2.74,3.3389585569503923
2018-09-19 05:00:00,2.81,3.187390888045359
2018-09-19 05:15:00,2.74,3.010900060250322
2018-09-19 05:30:00,2.7,3.010900060250322
2018-09-19 05:45:00,2.7,2.9629031802412253
2018-09-19 06:00:00,2.74,2.9505574812280897
2018-09-19 06:15:00,2.66,2.9629031802412253
2018-09-19 06:30:00,2.66,2.9985543612371863
2018-09-19 06:45:00,2.66,2.9629031802412253
2018-09-19 07:00:00,2.66,3.0392118264289563
2018-09-19 07:15:00,2.92,3.0268661274158206
2018-09-19 07:30:00,4.61,3.3816274831996234
2018-09-19 07:45:00,4.9,3.8580725722052827
2018-09-19 08:00:00,25.45,45.125636685221586
2018-09-19 08:15:00,61.09,61.99105176047066
2018-09-19 08:30:00,34.99,52.948682092879274
2018-09-19 08:45:00,37.3,64.95672225761284
2018-09-19 09:00:00,54.65,41.49128562639154
2018-09-19 09:15:00,55.01,44.621624460528444
2018-09-19 09:30:00,37.76,55.9302477737024
2018-09-19 09:45:00,36.72,56.105075918315066
2018-09-19 10:00:00,37.22,43.66763718428945
2018-09-19 10:15:00,39.67,46.108601224729576
2018-09-19 10:30:00,43.09,43.77179133428935
2018-09-19 10:45:00,43.34,45.13175218875288
2018-09-19 11:00:00,45.76,46.17742292974895
2018-09-19 11:15:00,40.25,47.3227447070207
2018-09-19 11:30:00,48.06,49.61750867439158
2018-09-19 11:45:00,38.59,36.903105405269194
2018-09-19 12:00:00,5.36,8.802882067470637
2018-09-19 12:15:00,4.97,9.329184851730156
2018-09-19 12:30:00,4.46,3.5968950344131714
2018-09-19 12:45:00,4.9,4.944342975816778
2018-09-19 13:00:00,30.74,28.373742078970366
2018-09-19 13:15:00,41.58,47.69531564942558
2018-09-19 13:30:00,43.27,53.7991774922685
2018-09-19 13:45:00,44.1,46.722025945897904
2018-09-19 14:00:00,42.7,44.87690035441893
2018-09-19 14:15:00,38.7,48.919374639720694
2018-09-19 14:30:00,44.93,47.26905582852505
2018-09-19 14:45:00,43.42,45.36704028145861
2018-09-19 15:00:00,45.86,50.982093303172874
2018-09-19 15:15:00,37.15,47.14455005893911
2018-09-19 15:30:00,40.61,52.940634909091685
2018-09-19 15:45:00,42.52,43.510883908392785
2018-09-19 16:00:00,50.58,44.52903788924749
2018-09-19 16:15:00,52.38,43.757098482753456
2018-09-19 16:30:00,43.16,53.35834524805439
2018-09-19 16:45:00,51.62,51.91523429591469
2018-09-19 17:00:00,59.44,40.666058211929546
2018-09-19 17:15:00,51.66,50.08320559470786
2018-09-19 17:30:00,39.71,31.782622264404694
2018-09-19 17:45:00,36.47,27.13329076819157
2018-09-19 18:00:00,4.0,35.93567481770165
2018-09-19 18:15:00,3.85,37.92547560621415
2018-09-19 18:30:00,3.71,3.359289138113796
2018-09-19 18:45:00,3.67,3.681121932757434
2018-09-19 19:00:00,3.6,2.9671486975060826
2018-09-19 19:15:00,3.6,5.480277760558103
2018-09-19 19:30:00,3.64,3.3600259125906
2018-09-19 19:45:00,3.64,3.5675880293290523
2018-09-19 20:00:00,3.67,3.5162157908501657
2018-09-19 20:15:00,3.64,3.0845597528652524
2018-09-19 20:30:00,3.64,3.9390685435855017
2018-09-19 20:45:00,3.71,3.6594059671199664
2018-09-19 21:00:00,3.71,3.7011412753363975
2018-09-19 21:15:00,3.31,3.2857086287628157
2018-09-19 21:30:00,3.74,3.5299305111000696
2018-09-19 21:45:00,3.31,3.539380176316218
2018-09-19 22:00:00,2.92,3.4656678104650966
2018-09-19 22:15:00,2.92,3.475117475681245
2018-09-19 22:30:00,2.92,3.135395826483773
2018-09-19 22:45:00,2.92,3.179008362460121
2018-09-19 23:00:00,2.74,3.1061958262054987
2018-09-19 23:15:00,2.7,3.0625832902291505
2018-09-19 23:30:00,2.66,3.0625832902291505
2018-09-19 23:45:00,2.66,3.0625832902291505
2018-09-20 00:00:00,2.7,2.9182042475380756
2018-09-20 00:15:00,2.77,2.79972324101172
2018-09-20 00:30:00,3.35,2.751752603667849
2018-09-20 00:45:00,2.77,2.751752603667849
2018-09-20 01:00:00,2.7,3.065742371351274
2018-09-20 01:15:00,2.7,2.751752603667849
2018-09-20 01:30:00,2.66,2.751752603667849
2018-09-20 01:45:00,2.74,2.801753605385657
2018-09-20 02:00:00,2.7,2.79972324101172
2018-09-20 02:15:00,2.7,2.946132648076732
2018-09-20 02:30:00,2.7,2.751752603667849
2018-09-20 02:45:00,3.1,2.751752603667849
2018-09-20 03:00:00,3.35,2.801753605385657
2018-09-20 03:15:00,2.92,2.927475655569768
2018-09-20 03:30:00,2.7,3.152703683276162
2018-09-20 03:45:00,2.66,2.966540498720752
2018-09-20 04:00:00,2.74,3.0060461993946976
2018-09-20 04:15:00,2.92,3.006111127636933
2018-09-20 04:30:00,3.28,2.9458693393393167
2018-09-20 04:45:00,2.77,2.8958683376215086
2018-09-20 05:00:00,2.66,3.242210385667916
2018-09-20 05:15:00,2.66,2.847871457612412
2018-09-20 05:30:00,2.66,2.847871457612412
2018-09-20 05:45:00,2.66,2.8958683376215086
2018-09-20 06:00:00,2.66,2.8958683376215086
2018-09-20 06:15:00,2.7,2.847871457612412
2018-09-20 06:30:00,2.63,2.847871457612412
2018-09-20 06:45:00,2.66,2.847871457612412
2018-09-20 07:00:00,2.63,2.924180103800143
2018-09-20 07:15:00,2.66,3.0426611103264984
2018-09-20 07:30:00,2.81,3.3811579663767475
2018-09-20 07:45:00,3.96,3.6798441864762483
2018-09-20 08:00:00,34.7,18.274913075704998
2018-09-20 08:15:00,41.47,43.771288120756005
2018-09-20 08:30:00,48.42,59.83714940400384
2018-09-20 08:45:00,41.11,50.34384630700318
2018-09-20 09:00:00,46.12,52.19311719283876
2018-09-20 09:15:00,38.63,46.19639127363765
2018-09-20 09:30:00,38.27,50.96374798291161
2018-09-20 09:45:00,39.02,44.06029800376849
2018-09-20 10:00:00,38.81,44.43171927361013
2018-09-20 10:15:00,43.56,43.81849507526968
2018-09-20 10:30:00,54.04,43.35344131349261
2018-09-20 10:45:00,54.54,45.51586712152998
2018-09-20 11:00:00,50.76,55.14658580332385
2018-09-20 11:15:00,49.1,56.38597632016983
2018-09-20 11:30:00,59.98,52.4181673036006
2018-09-20 11:45:00,34.78,48.53612129530185
2018-09-20 12:00:00,26.78,6.613436609961616
2018-09-20 12:15:00,10.15,8.37611654108996
2018-09-20 12:30:00,3.67,11.793123843739215
2018-09-20 12:45:00,4.28,6.979738679184035
2018-09-20 13:00:00,31.36,31.58588258076238
2018-09-20 13:15:00,61.16,50.94785342497025
2018-09-20 13:30:00,64.4,56.85233028073936
2018-09-20 13:45:00,61.99,62.42175563921122
2018-09-20 14:00:00,60.12,66.72879101150835
2018-09-20 14:15:00,48.85,56.833583687102376
2018-09-20 14:30:00,45.47,60.50151617452397
2018-09-20 14:45:00,55.3,59.16338540611498
2018-09-20 15:00:00,48.13,56.22625401067033
2018-09-20 15:15:00,51.8,58.57859115079065
2018-09-20 15:30:00,70.49,53.860773980128464
2018-09-20 15:45:00,54.32,55.41652061327383
2018-09-20 16:00:00,65.23,65.01576997450434
2018-09-20 16:15:00,43.16,56.40010102937303
2018-09-20 16:30:00,56.41,60.36198317521067
2018-09-20 16:45:00,51.3,48.08149156105735
2018-09-20 17:00:00,50.33,54.33270000533688
2018-09-20 17:15:00,55.19,49.88146364811203
2018-09-20 17:30:00,29.09,42.973607989250475
2018-09-20 17:45:00,30.31,34.45451366915999
2018-09-20 18:00:00,37.66,30.63696318135825
2018-09-20 18:15:00,52.81,43.13440921803956
2018-09-20 18:30:00,39.42,50.25128790481804
2018-09-20 18:45:00,44.17,53.74003661151552
2018-09-20 19:00:00,57.13,41.21393553549909
2018-09-20 19:15:00,54.22,48.167208137129876
2018-09-20 19:30:00,45.04,53.67884172981925
2018-09-20 19:45:00,41.11,50.65828358446727
2018-09-20 20:00:00,41.47,49.65175702790408
2018-09-20 20:15:00,67.54,43.78026565295301
2018-09-20 20:30:00,37.58,40.88536556614524
2018-09-20 20:45:00,13.28,19.095314967249774
2018-09-20 21:00:00,4.07,6.017306014443299
2018-09-20 21:15:00,3.89,2.9349127214322976
2018-09-20 21:30:00,3.74,3.716062674579403
2018-09-20 21:45:00,3.71,4.687077555841498
2018-09-20 22:00:00,3.53,3.3253579025192486
2018-09-20 22:15:00,3.49,3.4867874919465973
2018-09-20 22:30:00,3.49,3.4962371571627457
2018-09-20 22:45:00,3.53,3.4962371571627457
2018-09-20 23:00:00,3.42,2.898037438580388
2018-09-20 23:15:00,3.42,2.898037438580388
2018-09-20 23:30:00,3.38,2.898037438580388
2018-09-20 23:45:00,3.42,2.898037438580388
2018-09-21 00:00:00,2.77,2.765223770022947
2018-09-21 00:15:00,2.92,3.2949434837967573
2018-09-21 00:30:00,3.17,3.0494337209218796
2018-09-21 00:45:00,3.46,2.9603035514547074
2018-09-21 01:00:00,2.84,2.8522102089540544
2018-09-21 01:15:00,2.81,3.1173435284900513
2018-09-21 01:30:00,2.81,2.7888952667137916
2018-09-21 01:45:00,2.92,2.777621879292579
2018-09-21 02:00:00,2.88,2.777621879292579
2018-09-21 02:15:00,2.88,2.777621879292579
2018-09-21 02:30:00,2.81,2.777621879292579
2018-09-21 02:45:00,2.84,2.9302391384945854
2018-09-21 03:00:00,2.84,2.9302653811598107
2018-09-21 03:15:00,2.84,2.9868785344304283
2018-09-21 03:30:00,2.84,2.834261275228422
2018-09-21 03:45:00,2.95,2.834261275228422
2018-09-21 04:00:00,3.38,2.860198464412829
2018-09-21 04:15:00,3.1,3.0876516318430984
2018-09-21 04:30:00,2.84,3.354457661708516
2018-09-21 04:45:00,2.92,3.02701312720932
2018-09-21 05:00:00,2.81,2.8737669759023676
2018-09-21 05:15:00,2.77,2.8737669759023676
2018-09-21 05:30:00,2.74,2.860198464412829
2018-09-21 05:45:00,2.88,2.860198464412829
2018-09-21 06:00:00,3.38,2.860198464412829
2018-09-21 06:15:00,2.95,2.8737669759023676
2018-09-21 06:30:00,2.81,3.0786694266082137
2018-09-21 06:45:00,2.74,2.8826518277069244
2018-09-21 07:00:00,2.7,2.825770095893271
2018-09-21 07:15:00,2.99,2.8737669759023676
2018-09-21 07:30:00,3.35,3.145324172070831
2018-09-21 07:45:00,14.33,3.5637243013635667
2018-09-21 08:00:00,35.14,27.95086799591683
2018-09-21 08:15:00,41.11,67.74163237337594
2018-09-21 08:30:00,50.29,50.82528885592354
2018-09-21 08:45:00,55.91,43.63841470859358
2018-09-21 09:00:00,59.83,54.905678512875554
2018-09-21 09:15:00,45.58,56.4410647271874
2018-09-21 09:30:00,39.31,53.84989557644969
2018-09-21 09:45:00,47.52,45.0963425157807
2018-09-21 10:00:00,54.9,44.919648872161865
2018-09-21 10:15:00,38.66,52.88770165248053
2018-09-21 10:30:00,39.35,55.22458440334313
2018-09-21 10:45:00,34.09,47.26306922709475
2018-09-21 11:00:00,30.24,46.247337204387016
2018-09-21 11:15:00,31.25,41.17153972636602
2018-09-21 11:30:00,30.38,39.41023733088775
2018-09-21 11:45:00,29.84,36.051021042761995
2018-09-21 12:00:00,7.24,12.985419905418683
2018-09-21 12:15:00,6.26,11.325745655682184
2018-09-21 12:30:00,4.64,6.981005735657859
2018-09-21 12:45:00,4.21,5.920436961071153
2018-09-21 13:00:00,18.18,35.30734217352
2018-09-21 13:15:00,28.08,43.385653565633234
2018-09-21 13:30:00,29.77,49.15013336571786
2018-09-21 13:45:00,27.86,36.01860341280777
2018-09-21 14:00:00,27.07,40.36630640412334
2018-09-21 14:15:00,24.95,32.227592328284224
2018-09-21 14:30:00,8.6,31.69175634077875
2018-09-21 14:45:00,8.64,29.96127019851989
2018-09-21 15:00:00,8.57,20.836231928631467
2018-09-21 15:15:00,7.67,17.37334855102603
2018-09-21 15:30:00,6.52,17.846110132404757
2018-09-21 15:45:00,5.08,16.457728891077476
2018-09-21 16:00:00,3.31,15.638852104919316
2018-09-21 16:15:00,3.31,3.3503727963669863
2018-09-21 16:30:00,3.35,0.9739151071812759
2018-09-21 16:45:00,3.38,2.0335528555005826
2018-09-21 17:00:00,3.35,2.7798918753148083
2018-09-21 17:15:00,3.42,2.232842994324802
2018-09-21 17:30:00,3.31,5.317185530773284
2018-09-21 17:45:00,3.24,3.5162632936565745
2018-09-21 18:00:00,3.28,3.302572971826921
2018-09-21 18:15:00,3.31,3.6678086518574236
2018-09-21 18:30:00,3.92,3.7667727309792505
2018-09-21 18:45:00,4.39,3.7667727309792505
2018-09-21 19:00:00,2.7,3.7949655985278126
2018-09-21 19:15:00,2.74,4.130846381372388
2018-09-21 19:30:00,2.77,3.2541120984938066
2018-09-21 19:45:00,2.7,3.2792439665141306
2018-09-21 20:00:00,2.77,5.837077158674397
2018-09-21 20:15:00,2.74,2.4835026645941496
2018-09-21 20:30:00,2.74,3.07527300182065
2018-09-21 20:45:00,2.7,3.1715951298021987
2018-09-21 21:00:00,2.66,3.016693252565236
2018-09-21 21:15:00,2.7,2.946061684962811
2018-09-21 21:30:00,2.77,2.9254115203041864
2018-09-21 21:45:00,2.66,2.9254115203041864
2018-09-21 22:00:00,2.52,2.881798984327838
2018-09-21 22:15:00,2.59,2.881798984327838
2018-09-21 22:30:00,2.52,2.760395486838659
2018-09-21 22:45:00,3.17,2.760395486838659
2018-09-21 23:00:00,2.88,2.786127368352706
2018-09-21 23:15:00,3.2,2.8053331342656693
2018-09-21 23:30:00,2.52,2.756476686118241
2018-09-21 23:45:00,2.48,2.863509254437805
2018-09-22 00:00:00,2.52,2.6919154820301117
2018-09-22 00:15:00,2.56,2.7921016244489767
2018-09-22 00:30:00,2.59,2.8044473234621123
2018-09-22 00:45:00,2.56,2.8044473234621123
2018-09-22 01:00:00,2.52,2.756476686118241
2018-09-22 01:15:00,2.56,2.8133189795192908
2018-09-22 01:30:00,2.52,2.6919154820301117
2018-09-22 01:45:00,2.56,2.7441309871051054
2018-09-22 02:00:00,2.63,2.756476686118241
2018-09-22 02:15:00,3.02,2.756476686118241
2018-09-22 02:30:00,2.84,2.6919154820301117
2018-09-22 02:45:00,2.56,2.793105969165829
2018-09-22 03:00:00,2.56,2.760395486838659
2018-09-22 03:15:00,2.56,2.800744140375723
2018-09-22 03:30:00,3.02,2.8170086401092767
2018-09-22 03:45:00,3.06,2.9824902168871343
2018-09-22 04:00:00,2.66,2.929329491181608
2018-09-22 04:15:00,2.56,2.8813326111725113
2018-09-22 04:30:00,2.59,2.824450879358858
2018-09-22 04:45:00,2.59,2.824450879358858
2018-09-22 05:00:00,2.66,2.807886555279825
2018-09-22 05:15:00,2.59,2.807886555279825
2018-09-22 05:30:00,2.52,2.7098886735529204
2018-09-22 05:45:00,2.52,2.824450879358858
2018-09-22 06:00:00,3.17,2.824450879358858
2018-09-22 06:15:00,3.1,2.824450879358858
2018-09-22 06:30:00,2.59,2.828998572184222
2018-09-22 06:45:00,2.56,2.778997570466414
2018-09-22 07:00:00,2.48,2.7098886735529204
2018-09-22 07:15:00,2.52,2.824450879358858
2018-09-22 07:30:00,2.52,2.589151784881181
2018-09-22 07:45:00,2.52,3.8269665018666528
2018-09-22 08:00:00,2.95,11.168736909295294
2018-09-22 08:15:00,3.28,4.616510228266812
2018-09-22 08:30:00,3.31,3.9717997919918475
2018-09-22 08:45:00,3.74,1.7581650291022475
2018-09-22 09:00:00,2.99,3.3169365779892344
2018-09-22 09:15:00,2.92,3.0490842438075183
2018-09-22 09:30:00,2.99,3.583477964573205
2018-09-22 09:45:00,2.92,3.0999218560222497
2018-09-22 10:00:00,4.0,3.722102303770076
2018-09-22 10:15:00,3.24,3.082770767942355
2018-09-22 10:30:00,2.92,4.022045347711841
2018-09-22 10:45:00,2.95,2.060559950554536
2018-09-22 11:00:00,3.28,1.7485318663058
2018-09-22 11:15:00,3.78,3.2089438037352513
2018-09-22 11:30:00,2.99,1.6116350927196934
2018-09-22 11:45:00,3.35,3.0805058793436935
2018-09-22 12:00:00,2.92,3.559101955904862
2018-09-22 12:15:00,2.81,2.7240300961966724
2018-09-22 12:30:00,2.88,2.7125459145380786
2018-09-22 12:45:00,2.95,3.091834398065686
2018-09-22 13:00:00,2.81,3.256064835760198
2018-09-22 13:15:00,2.81,4.977842633270643
2018-09-22 13:30:00,3.17,3.20372581558207
2018-09-22 13:45:00,4.5,3.7039672159468546
2018-09-22 14:00:00,2.99,3.175068163420537
2018-09-22 14:15:00,2.92,7.340039868474315
2018-09-22 14:30:00,2.81,3.4012430690059303
2018-09-22 14:45:00,2.77,4.294595859133771
2018-09-22 15:00:00,2.84,2.665742764512759
2018-09-22 15:15:00,3.13,2.807682999307485
2018-09-22 15:30:00,3.38,3.4980972144045825
2018-09-22 15:45:00,3.06,3.7219685555374267
2018-09-22 16:00:00,2.77,3.1810422916855794
2018-09-22 16:15:00,2.84,2.9244856632807372
2018-09-22 16:30:00,2.88,2.9662288246707007
2018-09-22 16:45:00,2.77,2.9890141780094357
2018-09-22 17:00:00,2.77,2.907152318789773
2018-09-22 17:15:00,2.81,2.8702376543975947
2018-09-22 17:30:00,2.81,2.8222670170537234
2018-09-22 17:45:00,2.81,2.8865021541311484
2018-09-22 18:00:00,2.77,2.9122340356451955
2018-09-22 18:15:00,2.92,3.0360523135561928
2018-09-22 18:30:00,3.56,3.0634003497989872
2018-09-22 18:45:00,3.06,3.1320211518014833
2018-09-22 19:00:00,2.88,3.1068168450770526
2018-09-22 19:15:00,2.84,2.9037892558085208
2018-09-22 19:30:00,2.95,2.9967892907237674
2018-09-22 19:45:00,3.38,2.8527052642020267
2018-09-22 20:00:00,3.13,2.8665230127128005
2018-09-22 20:15:00,2.88,3.2211259823823934
2018-09-22 20:30:00,2.95,2.8173881361248334
2018-09-22 20:45:00,2.92,2.8416083633940854
2018-09-22 21:00:00,2.92,2.965504891255202
2018-09-22 21:15:00,2.88,2.764781339691942
2018-09-22 21:30:00,2.88,2.7275150965962216
2018-09-22 21:45:00,2.84,2.6775140948784135
2018-09-22 22:00:00,2.66,2.3505297684251194
2018-09-22 22:15:00,2.7,2.3505297684251194
2018-09-22 22:30:00,2.77,2.3505297684251194
2018-09-22 22:45:00,2.77,2.795995101404769
2018-09-22 23:00:00,2.95,2.917398598893948
2018-09-22 23:15:00,2.95,2.7797306016712153
2018-09-22 23:30:00,2.84,2.339188414128836
2018-09-22 23:45:00,2.92,2.339188414128836
2018-09-23 00:00:00,2.56,2.302559131081248
2018-09-23 00:15:00,2.52,2.302559131081248
2018-09-23 00:30:00,2.56,2.3505297684251194
2018-09-23 00:45:00,2.52,2.3505297684251194
2018-09-23 01:00:00,2.56,2.3505297684251194
2018-09-23 01:15:00,2.66,2.3505297684251194
2018-09-23 01:30:00,2.56,2.302559131081248
2018-09-23 01:45:00,2.52,2.302559131081248
2018-09-23 02:00:00,2.56,2.302559131081248
2018-09-23 02:15:00,2.48,2.7441056633404797
2018-09-23 02:30:00,2.84,2.865509160829659
2018-09-23 02:45:00,3.17,2.302559131081248
2018-09-23 03:00:00,2.52,2.3898263758947764
2018-09-23 03:15:00,2.59,2.5155484260788876
2018-09-23 03:30:00,2.81,2.8046376173315153
2018-09-23 03:45:00,3.13,2.7883731175979616
2018-09-23 04:00:00,2.56,2.7455145307842557
2018-09-23 04:15:00,2.63,2.487639101244455
2018-09-23 04:30:00,2.52,2.370533324321865
2018-09-23 04:45:00,2.52,2.370533324321865
2018-09-23 05:00:00,2.56,2.7455145307842557
2018-09-23 05:15:00,2.59,2.4185302043309616
2018-09-23 05:30:00,2.52,2.370533324321865
2018-09-23 05:45:00,2.56,2.370533324321865
2018-09-23 06:00:00,2.52,2.8120798565810965
2018-09-23 06:15:00,2.52,2.8120798565810965
2018-09-23 06:30:00,2.48,2.370533324321865
2018-09-23 06:45:00,2.88,2.370533324321865
2018-09-23 07:00:00,2.95,2.370533324321865
2018-09-23 07:15:00,2.52,2.370533324321865
2018-09-23 07:30:00,2.48,2.144119081648745
2018-09-23 07:45:00,3.13,2.0277953850364994
2018-09-23 08:00:00,2.84,7.998608999111003
2018-09-23 08:15:00,2.48,14.357461611984121
2018-09-23 08:30:00,2.56,5.18189379468461
2018-09-23 08:45:00,2.81,3.6113065032711993
2018-09-23 09:00:00,2.7,3.486065196688642
2018-09-23 09:15:00,2.7,4.430240606001401
2018-09-23 09:30:00,2.7,3.568495846361015
2018-09-23 09:45:00,2.7,3.486065196688642
2018-09-23 10:00:00,2.74,3.48990300578202
2018-09-23 10:15:00,2.7,3.5287211194780452
2018-09-23 10:30:00,2.77,3.5236703105073164
2018-09-23 10:45:00,2.77,2.8804080242551806
2018-09-23 11:00:00,2.7,2.828287598359075
2018-09-23 11:15:00,2.77,2.8756292281263724
2018-09-23 11:30:00,2.74,2.5903897200458057
2018-09-23 11:45:00,2.84,3.056291634574774
2018-09-23 12:00:00,3.35,3.1455913743476693
2018-09-23 12:15:00,2.81,2.968988197288644
2018-09-23 12:30:00,2.81,2.530756233759837
2018-09-23 12:45:00,2.81,2.867872618312576
2018-09-23 13:00:00,2.77,2.8746741083936698
2018-09-23 13:15:00,2.99,3.69219532565485
2018-09-23 13:30:00,3.35,3.56632623329672
2018-09-23 13:45:00,2.81,3.6330635694923226
2018-09-23 14:00:00,2.88,3.4546716482305295
2018-09-23 14:15:00,2.77,3.568495846361015
2018-09-23 14:30:00,2.81,3.536767326181705
2018-09-23 14:45:00,2.81,3.5039346422728856
2018-09-23 15:00:00,2.81,3.5688705357516706
2018-09-23 15:15:00,2.77,3.5414415078818364
2018-09-23 15:30:00,2.81,3.637306483408417
2018-09-23 15:45:00,2.84,3.48559276214297
2018-09-23 16:00:00,2.84,3.6688109770900463
2018-09-23 16:15:00,3.1,2.828185869574242
2018-09-23 16:30:00,3.2,2.8713633346392804
2018-09-23 16:45:00,2.81,2.795630821590195
2018-09-23 17:00:00,2.77,2.975107112831854
2018-09-23 17:15:00,2.81,2.8557288454991543
2018-09-23 17:30:00,2.81,2.8557288454991543
2018-09-23 17:45:00,2.81,2.8557288454991543
2018-09-23 18:00:00,3.17,2.8557288454991543
2018-09-23 18:15:00,3.13,3.1054651473430637
2018-09-23 18:30:00,2.81,2.9908533004572364
2018-09-23 18:45:00,2.81,3.154321595490492
2018-09-23 19:00:00,2.81,3.1054651473430637
2018-09-23 19:15:00,2.88,3.0035127322293853
2018-09-23 19:30:00,2.81,3.0035127322293853
2018-09-23 19:45:00,3.24,3.0035127322293853
2018-09-23 20:00:00,3.02,3.0035127322293853
2018-09-23 20:15:00,2.81,3.3233424891751953
2018-09-23 20:30:00,2.84,2.9236419775513487
2018-09-23 20:45:00,2.81,2.8872768336658186
2018-09-23 21:00:00,2.92,2.871012333932265
2018-09-23 21:15:00,2.81,2.7797306016712153
2018-09-23 21:30:00,2.88,2.7797306016712153
2018-09-23 21:45:00,2.81,2.7797306016712153
2018-09-23 22:00:00,2.63,2.6775140948784135
2018-09-23 22:15:00,2.63,2.6775140948784135
2018-09-23 22:30:00,2.66,2.7275150965962216
2018-09-23 22:45:00,2.7,2.7275150965962216
2018-09-23 23:00:00,3.6,2.7797306016712153
2018-09-23 23:15:00,4.0,2.7797306016712153
2018-09-23 23:30:00,2.63,3.0363000667946207
2018-09-23 23:45:00,2.66,3.2175163150476007
2018-09-24 00:00:00,2.59,3.0563746813473878
2018-09-24 00:15:00,2.63,3.2783432040745506
2018-09-24 00:30:00,2.74,2.439237571945983
2018-09-24 00:45:00,2.63,2.439237571945983
2018-09-24 01:00:00,2.59,2.5015097246175357
2018-09-24 01:15:00,2.63,2.7182512610554057
2018-09-24 01:30:00,2.63,2.5015097246175357
2018-09-24 01:45:00,2.66,2.3912669346021116
2018-09-24 02:00:00,2.66,2.3912669346021116
2018-09-24 02:15:00,2.66,2.3912669346021116
2018-09-24 02:30:00,2.63,2.832813466861343
2018-09-24 02:45:00,2.63,2.832813466861343
2018-09-24 03:00:00,2.95,2.3912669346021116
2018-09-24 03:15:00,3.02,2.447880087872729
2018-09-24 03:30:00,2.63,2.907479029371532
2018-09-24 03:45:00,3.17,2.946308351945614
2018-09-24 04:00:00,3.24,2.487385788546675
2018-09-24 04:15:00,2.74,2.561452634636243
2018-09-24 04:30:00,2.66,2.930278474128597
2018-09-24 04:45:00,2.63,2.6456254585711956
2018-09-24 05:00:00,2.66,2.487385788546675
2018-09-24 05:15:00,2.63,2.5353826685557714
2018-09-24 05:30:00,2.7,2.5353826685557714
2018-09-24 05:45:00,2.63,2.487385788546675
2018-09-24 06:00:00,2.59,2.487385788546675
2018-09-24 06:15:00,3.1,2.487385788546675
2018-09-24 06:30:00,2.92,2.487385788546675
2018-09-24 06:45:00,2.56,3.0029991668954747
2018-09-24 07:00:00,2.66,3.0052409669936373
2018-09-24 07:15:00,2.59,2.5636944347344057
2018-09-24 07:30:00,2.56,2.7304642118507854
2018-09-24 07:45:00,2.63,4.565911442472301
2018-09-24 08:00:00,2.59,21.033357605089787
2018-09-24 08:15:00,2.59,22.549213285488662
2018-09-24 08:30:00,2.74,9.748071247433584
2018-09-24 08:45:00,2.81,8.595638932431221
2018-09-24 09:00:00,2.88,7.4393503753199335
2018-09-24 09:15:00,2.84,7.224212513206133
2018-09-24 09:30:00,3.17,7.224212513206133
2018-09-24 09:45:00,3.24,7.6006893700605955
2018-09-24 10:00:00,2.84,7.990533589769365
2018-09-24 10:15:00,2.88,7.683608663463462
2018-09-24 10:30:00,3.42,7.355688681586273
2018-09-24 10:45:00,2.88,7.046243009401508
2018-09-24 11:00:00,2.84,7.023872260361154
2018-09-24 11:15:00,2.81,5.10632415137985
2018-09-24 11:30:00,2.84,5.632568394050254
2018-09-24 11:45:00,2.88,5.902903116713826
2018-09-24 12:00:00,2.81,4.110205910450544
2018-09-24 12:15:00,2.81,4.144305970653595
2018-09-24 12:30:00,2.84,3.7992634074047325
2018-09-24 12:45:00,2.81,4.037456475816015
2018-09-24 13:00:00,2.81,6.640004703587668
2018-09-24 13:15:00,2.84,12.204653309003115
2018-09-24 13:30:00,2.84,6.642837603406844
2018-09-24 13:45:00,3.13,6.313232142297445
2018-09-24 14:00:00,3.49,8.41576297131085
2018-09-24 14:15:00,2.92,8.22287895262989
2018-09-24 14:30:00,3.38,8.628090585606817
2018-09-24 14:45:00,3.24,6.720872181693523
2018-09-24 15:00:00,2.84,8.927791179620595
2018-09-24 15:15:00,2.84,8.233841527815903
2018-09-24 15:30:00,2.81,6.66198799505205
2018-09-24 15:45:00,2.81,8.174179888880188
2018-09-24 16:00:00,2.81,9.449858959173433
2018-09-24 16:15:00,2.92,5.228753981465966
2018-09-24 16:30:00,2.88,4.833856215479426
2018-09-24 16:45:00,2.81,4.773248995902553
2018-09-24 17:00:00,2.81,3.726952858494197
2018-09-24 17:15:00,2.84,3.6096559078873924
2018-09-24 17:30:00,2.77,3.7814533812885243
2018-09-24 17:45:00,2.77,3.8008294573758357
2018-09-24 18:00:00,2.74,3.753559240602679
2018-09-24 18:15:00,2.74,4.225254437010651
2018-09-24 18:30:00,2.88,3.807176704656308
2018-09-24 18:45:00,2.84,3.807176704656308
2018-09-24 19:00:00,2.81,3.759206067312437
2018-09-24 19:15:00,3.38,3.4666637033992065
2018-09-24 19:30:00,4.43,3.5358501547095793
2018-09-24 19:45:00,2.92,4.36232240008521
2018-09-24 20:00:00,2.81,6.058940309629076
2018-09-24 20:15:00,2.81,1.3122848654510257
2018-09-24 20:30:00,2.81,3.805148095664414
2018-09-24 20:45:00,2.81,4.022963811880228
2018-09-24 21:00:00,2.88,2.6533544440823045
2018-09-24 21:15:00,2.92,2.981252107466785
2018-09-24 21:30:00,2.81,3.0334676125417785
2018-09-24 21:45:00,2.77,2.981252107466785
2018-09-24 22:00:00,2.66,2.5359118504718685
2018-09-24 22:15:00,2.63,2.774076356097485
2018-09-24 22:30:00,2.84,2.876464688414701
2018-09-24 22:45:00,3.2,2.876464688414701
2018-09-24 23:00:00,2.59,3.0770801485181267
2018-09-24 23:15:00,2.56,3.2091413676302905
2018-09-24 23:30:00,2.59,2.5015097246175357
2018-09-24 23:45:00,2.63,2.854225932584877
2018-09-25 00:00:00,2.66,2.5706106817960888
2018-09-25 00:15:00,3.24,2.5706106817960888
2018-09-25 00:30:00,2.99,2.8496243709055116
2018-09-25 00:45:00,2.63,2.7263870221202184
2018-09-25 01:00:00,2.63,2.4490265374843814
2018-09-25 01:15:00,2.63,2.4123972544367933
2018-09-25 01:30:00,2.59,2.4123972544367933
2018-09-25 01:45:00,2.7,2.7873522182339587
2018-09-25 02:00:00,3.24,2.7873522182339587
2018-09-25 02:15:00,2.77,2.7393815808900874
2018-09-25 02:30:00,2.7,2.7263870221202184
2018-09-25 02:45:00,2.63,2.4123972544367933
2018-09-25 03:00:00,2.59,2.857862587416443
2018-09-25 03:15:00,2.66,2.9105569399666424
2018-09-25 03:30:00,2.63,2.5170072877165075
2018-09-25 03:45:00,2.63,2.9105569399666424
2018-09-25 04:00:00,2.59,3.094441683331663
2018-09-25 04:15:00,2.59,2.8355004348346506
2018-09-25 04:30:00,2.66,2.945743224850075
2018-09-25 04:45:00,2.66,2.5085161083813565
2018-09-25 05:00:00,2.63,2.8355004348346506
2018-09-25 05:15:00,2.88,2.5085161083813565
2018-09-25 05:30:00,3.85,2.8355004348346506
2018-09-25 05:45:00,2.84,2.5085161083813565
2018-09-25 06:00:00,2.56,2.980010981389441
2018-09-25 06:15:00,2.56,3.4948127001342497
2018-09-25 06:30:00,2.56,2.9377169416274524
2018-09-25 06:45:00,2.52,2.556512988390453
2018-09-25 07:00:00,2.56,2.959805961031478
2018-09-25 07:15:00,2.63,2.632821634578184
2018-09-25 07:30:00,2.59,3.086433315836969
2018-09-25 07:45:00,2.63,3.3521236722647094
2018-09-25 08:00:00,2.59,15.844655034128264
2018-09-25 08:15:00,2.52,17.62417403224723
2018-09-25 08:30:00,2.48,3.1337504351665135
2018-09-25 08:45:00,2.92,1.4475845993063776
2018-09-25 09:00:00,3.13,2.2707349135087904
2018-09-25 09:15:00,2.66,2.46192512843709
2018-09-25 09:30:00,2.7,2.6183804960860164
2018-09-25 09:45:00,2.66,2.5616879166818007
2018-09-25 10:00:00,3.1,2.4495794294239546
2018-09-25 10:15:00,3.35,2.26927668104045
2018-09-25 10:30:00,2.74,2.098704836319081
2018-09-25 10:45:00,2.63,1.4543225990282258
2018-09-25 11:00:00,2.66,1.856267956003632
2018-09-25 11:15:00,2.66,1.8109390525278368
2018-09-25 11:30:00,2.66,3.019042764544348
2018-09-25 11:45:00,2.59,3.111474642919856
2018-09-25 12:00:00,2.66,3.26566638303888
2018-09-25 12:15:00,2.66,3.0517476097165193
2018-09-25 12:30:00,2.66,2.740381906094101
2018-09-25 12:45:00,2.84,2.9448981148789413
2018-09-25 13:00:00,3.35,1.9852772489272952
2018-09-25 13:15:00,2.66,6.665007432078328
2018-09-25 13:30:00,2.63,2.3946235772467714
2018-09-25 13:45:00,2.66,2.4776953256004997
2018-09-25 14:00:00,2.66,2.1524599478527033
2018-09-25 14:15:00,2.66,3.0686780693966176
2018-09-25 14:30:00,2.63,2.0719302867866363
2018-09-25 14:45:00,2.74,2.3347121077806827
2018-09-25 15:00:00,2.74,2.4795056641025517
2018-09-25 15:15:00,2.66,2.172082176141407
2018-09-25 15:30:00,2.63,2.4886433934524277
2018-09-25 15:45:00,2.7,2.213564296383414
2018-09-25 16:00:00,2.66,2.672027953792373
2018-09-25 16:15:00,2.66,2.4506983649868617
2018-09-25 16:30:00,3.28,2.6357590846423347
2018-09-25 16:45:00,3.67,2.8043449081962986
2018-09-25 17:00:00,2.95,3.26323429767842
2018-09-25 17:15:00,2.66,2.7320098432765096
2018-09-25 17:30:00,2.63,2.906503103922714
2018-09-25 17:45:00,2.63,2.8698738208751258
2018-09-25 18:00:00,2.52,3.155924719292487
2018-09-25 18:15:00,2.56,3.4515248537692207
2018-09-25 18:30:00,2.59,3.108247331891581
2018-09-25 18:45:00,2.59,3.3677001825088544
2018-09-25 19:00:00,2.7,3.1171174468449467
2018-09-25 19:15:00,2.77,2.5663837166230774
2018-09-25 19:30:00,2.84,2.5542474870577423
2018-09-25 19:45:00,3.02,2.960551756941046
2018-09-25 20:00:00,3.35,2.9775919659367758
2018-09-25 20:15:00,2.74,3.0126983253048474
2018-09-25 20:30:00,2.74,2.8527158414280547
2018-09-25 20:45:00,2.77,2.8861019109313006
2018-09-25 21:00:00,2.81,3.376542659966654
2018-09-25 21:15:00,2.7,3.070862432110014
2018-09-25 21:30:00,2.77,3.0023824273014665
2018-09-25 21:45:00,3.46,2.9337616252989704
2018-09-25 22:00:00,2.88,2.8496243709055116
2018-09-25 22:15:00,2.59,2.8366298121356426
2018-09-25 22:30:00,2.56,3.046293466730971
2018-09-25 22:45:00,2.63,3.0189729940457246
2018-09-25 23:00:00,2.56,2.7472360385882952
2018-09-25 23:15:00,2.63,2.5706106817960888
2018-09-25 23:30:00,3.13,2.5706106817960888
2018-09-25 23:45:00,2.66,2.5226400444522175
2018-09-26 00:00:00,2.56,2.7882380290375157
2018-09-26 00:15:00,2.66,2.857862587416443
2018-09-26 00:30:00,2.63,2.853943786696025
2018-09-26 00:45:00,2.66,2.4123972544367933
2018-09-26 01:00:00,2.63,2.4603678917806646
2018-09-26 01:15:00,2.59,2.4123972544367933
2018-09-26 01:30:00,2.59,2.4123972544367933
2018-09-26 01:45:00,2.66,2.7393815808900874
2018-09-26 02:00:00,2.59,2.857862587416443
2018-09-26 02:15:00,2.56,2.7893825826078955
2018-09-26 02:30:00,2.77,2.7393815808900874
2018-09-26 02:45:00,3.17,2.4123972544367933
2018-09-26 03:00:00,2.81,2.4123972544367933
2018-09-26 03:15:00,2.63,2.8651036310741986
2018-09-26 03:30:00,3.13,2.469010407707411
2018-09-26 03:45:00,2.92,2.5656846862332965
2018-09-26 04:00:00,2.59,2.912463789446352
2018-09-26 04:15:00,2.56,2.556512988390453
2018-09-26 04:30:00,2.59,2.8834973148437473
2018-09-26 04:45:00,2.56,2.8355004348346506
2018-09-26 05:00:00,2.63,2.556512988390453
2018-09-26 05:15:00,2.56,2.9980595206496847
2018-09-26 05:30:00,2.63,2.9936751766169363
2018-09-26 05:45:00,2.56,2.950062640640588
2018-09-26 06:00:00,2.48,2.5085161083813565
2018-09-26 06:15:00,2.52,2.5085161083813565
2018-09-26 06:30:00,2.52,2.5085161083813565
2018-09-26 06:45:00,2.59,2.5085161083813565
2018-09-26 07:00:00,2.52,2.5848247545690874
2018-09-26 07:15:00,2.56,2.5848247545690874
2018-09-26 07:30:00,2.56,3.086433315836969
2018-09-26 07:45:00,3.13,3.113959166639093
2018-09-26 08:00:00,3.02,16.76878657004906
2018-09-26 08:15:00,2.74,20.07569022548311
2018-09-26 08:30:00,2.48,4.985268387919369
2018-09-26 08:45:00,2.59,2.335531844513529
2018-09-26 09:00:00,2.63,2.145341667717359
2018-09-26 09:15:00,2.63,3.4367539389293777
2018-09-26 09:30:00,2.66,3.1933938031009905
2018-09-26 09:45:00,2.63,3.286912385290899
2018-09-26 10:00:00,2.74,2.968039241378574
2018-09-26 10:15:00,2.63,2.521533530012651
2018-09-26 10:30:00,2.63,2.7754115203166783
2018-09-26 10:45:00,2.59,1.863992195837868
2018-09-26 11:00:00,2.59,1.8702484309783833
2018-09-26 11:15:00,3.2,2.540650939303916
2018-09-26 11:30:00,3.2,2.7587092705839114
2018-09-26 11:45:00,3.24,3.613436002451713
2018-09-26 12:00:00,2.81,3.1341158575013344
2018-09-26 12:15:00,2.7,2.39516163603632
2018-09-26 12:30:00,2.74,2.4610925120167773
2018-09-26 12:45:00,2.81,3.0330626804128253
2018-09-26 13:00:00,2.74,2.6306333159352486
2018-09-26 13:15:00,2.7,4.329905177518516
2018-09-26 13:30:00,2.7,2.4707220077639334
2018-09-26 13:45:00,2.59,2.41615281402825
2018-09-26 14:00:00,2.59,2.6412687939742248
2018-09-26 14:15:00,2.59,3.0836649403918774
2018-09-26 14:30:00,2.59,2.089168487574956
2018-09-26 14:45:00,2.66,2.41615281402825
2018-09-26 15:00:00,3.24,2.346565694416871
2018-09-26 15:15:00,2.77,3.095107312286006
2018-09-26 15:30:00,2.59,1.5300107821639635
2018-09-26 15:45:00,2.59,2.4026318538029368
2018-09-26 16:00:00,2.56,2.2666972991126104
2018-09-26 16:15:00,2.59,2.222554992246068
2018-09-26 16:30:00,2.52,3.0771950860060704
2018-09-26 16:45:00,2.66,2.5519231901863333
2018-09-26 17:00:00,2.59,2.760305929712985
2018-09-26 17:15:00,2.59,3.039405225160025
2018-09-26 17:30:00,3.17,2.7672111726965056
2018-09-26 17:45:00,3.02,2.925359381132182
2018-09-26 18:00:00,2.52,2.9524508963426026
2018-09-26 18:15:00,2.59,3.137744528011678
2018-09-26 18:30:00,3.31,3.10111524496409
2018-09-26 18:45:00,2.7,3.10111524496409
2018-09-26 19:00:00,2.66,3.6927074690601667
2018-09-26 19:15:00,2.66,3.112255556415779
2018-09-26 19:30:00,2.74,3.137150588805526
2018-09-26 19:45:00,2.74,3.149496287818662
2018-09-26 20:00:00,2.66,3.197466925162533
2018-09-26 20:15:00,2.63,3.2047436588145266
2018-09-26 20:30:00,2.66,3.165237958140581
2018-09-26 20:45:00,2.7,3.0456935222186448
2018-09-26 21:00:00,2.63,3.0456935222186448
2018-09-26 21:15:00,2.92,2.8496243709055116
2018-09-26 21:30:00,3.28,2.9544117899575952
2018-09-26 21:45:00,2.74,3.002241630107518
2018-09-26 22:00:00,2.56,3.171852355099868
2018-09-26 22:15:00,2.63,2.4123972544367933
2018-09-26 22:30:00,3.17,2.4123972544367933
2018-09-26 22:45:00,2.7,2.4603678917806646
2018-09-26 23:00:00,2.45,2.509224339928093
2018-09-26 23:15:00,2.45,2.4123972544367933
2018-09-26 23:30:00,2.45,2.853943786696025
2018-09-26 23:45:00,2.48,2.7393815808900874
2018-09-27 00:00:00,2.48,2.4603678917806646
2018-09-27 00:15:00,2.48,2.7393815808900874
2018-09-27 00:30:00,2.59,2.5226400444522175
2018-09-27 00:45:00,3.1,2.7393815808900874
2018-09-27 01:00:00,2.74,2.4123972544367933
2018-09-27 01:15:00,2.56,2.4612537025842216
2018-09-27 01:30:00,2.52,2.4123972544367933
2018-09-27 01:45:00,2.52,2.7393815808900874
2018-09-27 02:00:00,2.56,2.4123972544367933
2018-09-27 02:15:00,2.52,2.4603678917806646
2018-09-27 02:30:00,2.52,2.7893825826078955
2018-09-27 02:45:00,2.7,2.857862587416443
2018-09-27 03:00:00,3.2,2.9337616252989704
2018-09-27 03:15:00,2.81,2.469010407707411
2018-09-27 03:30:00,2.52,3.060283365953613
2018-09-27 03:45:00,2.56,2.9105569399666424
2018-09-27 04:00:00,2.52,2.5085161083813565
2018-09-27 04:15:00,2.52,2.5085161083813565
2018-09-27 04:30:00,2.52,2.6667557784058773
2018-09-27 04:45:00,3.17,2.556512988390453
2018-09-27 05:00:00,2.66,2.5085161083813565
2018-09-27 05:15:00,2.56,2.57762500529485
2018-09-27 05:30:00,2.52,2.5085161083813565
2018-09-27 05:45:00,2.45,2.5085161083813565
2018-09-27 06:00:00,2.45,2.5085161083813565
2018-09-27 06:15:00,2.48,2.556512988390453
2018-09-27 06:30:00,2.48,2.5085161083813565
2018-09-27 06:45:00,2.45,2.5085161083813565
2018-09-27 07:00:00,2.48,2.5848247545690874
2018-09-27 07:15:00,2.84,2.5848247545690874
2018-09-27 07:30:00,7.99,2.751594531685467
2018-09-27 07:45:00,9.04,3.623860627722139
2018-09-27 08:00:00,28.04,36.36181362998078
2018-09-27 08:15:00,49.46,57.07221313898168
2018-09-27 08:30:00,56.41,67.63351022068358
2018-09-27 08:45:00,40.75,67.16628712939645
2018-09-27 09:00:00,47.16,64.68541943873876
2018-09-27 09:15:00,46.91,49.19392940765177
2018-09-27 09:30:00,54.72,54.28945283390004
2018-09-27 09:45:00,57.78,49.85438064685199
2018-09-27 10:00:00,48.38,56.836095855404984
2018-09-27 10:15:00,57.82,59.34934751770851
2018-09-27 10:30:00,62.06,58.54023067934215
2018-09-27 10:45:00,57.49,58.94377487563082
2018-09-27 11:00:00,51.8,59.22333087275687
2018-09-27 11:15:00,44.28,61.47955325842446
2018-09-27 11:30:00,48.96,57.19275159522385
2018-09-27 11:45:00,54.0,41.510798755138495
2018-09-27 12:00:00,3.89,14.860013441115195
2018-09-27 12:15:00,3.67,9.045861770350871
2018-09-27 12:30:00,3.49,5.342647754183939
2018-09-27 12:45:00,4.07,4.8228230309439475
2018-09-27 13:00:00,25.85,19.998095881095036
2018-09-27 13:15:00,61.02,42.34038424696409
2018-09-27 13:30:00,52.85,56.46870913794035
2018-09-27 13:45:00,60.62,59.44671427747981
2018-09-27 14:00:00,121.46,63.13648878547406
2018-09-27 14:15:00,127.62,57.70557135273299
2018-09-27 14:30:00,71.14,91.34793191760286
2018-09-27 14:45:00,112.46,98.42183461215643
2018-09-27 15:00:00,110.05,73.9005025148729
2018-09-27 15:15:00,96.01,87.64054964303813
2018-09-27 15:30:00,115.24,87.11550605435464
2018-09-27 15:45:00,82.19,61.84540253406743
2018-09-27 16:00:00,61.63,72.08634228002103
2018-09-27 16:15:00,60.73,64.91021111373931
2018-09-27 16:30:00,48.53,68.42382092963108
2018-09-27 16:45:00,49.07,53.48412740321741
2018-09-27 17:00:00,54.32,52.23497476145712
2018-09-27 17:15:00,59.62,58.69647907922487
2018-09-27 17:30:00,34.81,26.323621311961414
2018-09-27 17:45:00,27.32,23.46638219343374
2018-09-27 18:00:00,32.22,46.08545746710283
2018-09-27 18:15:00,40.86,44.85028706195479
2018-09-27 18:30:00,36.18,49.671521020048694
2018-09-27 18:45:00,31.75,48.07482511673884
2018-09-27 19:00:00,37.76,45.91836475324399
2018-09-27 19:15:00,31.79,47.926836563594286
2018-09-27 19:30:00,36.4,50.2788346312888
2018-09-27 19:45:00,40.32,38.79879233715856
2018-09-27 20:00:00,34.34,36.5997190079314
2018-09-27 20:15:00,34.92,36.993844913482
2018-09-27 20:30:00,39.64,33.77187609080293
2018-09-27 20:45:00,19.04,17.05327469328421
2018-09-27 21:00:00,7.49,10.369814258943968
2018-09-27 21:15:00,5.26,2.35177356867972
2018-09-27 21:30:00,3.78,6.098089936575763
2018-09-27 21:45:00,3.78,3.35426526903739
2018-09-27 22:00:00,3.49,3.4078677576315104
2018-09-27 22:15:00,3.46,3.512051082145009
2018-09-27 22:30:00,3.46,3.633680842594366
2018-09-27 22:45:00,3.42,3.4810635833923596
2018-09-27 23:00:00,3.31,3.4810635833923596
2018-09-27 23:15:00,2.77,3.4810635833923596
2018-09-27 23:30:00,2.77,3.4810635833923596
2018-09-27 23:45:00,2.84,3.116183651549199
2018-09-28 00:00:00,2.77,2.8232902019236072
2018-09-28 00:15:00,2.81,2.8232902019236072
2018-09-28 00:30:00,2.84,2.8232902019236072
2018-09-28 00:45:00,2.95,3.0152040685952706
2018-09-28 01:00:00,2.88,2.775319564579736
2018-09-28 01:15:00,2.92,2.8599194849711953
2018-09-28 01:30:00,3.02,2.775319564579736
2018-09-28 01:45:00,2.99,2.79755832040956
2018-09-28 02:00:00,3.38,2.8341876034571483
2018-09-28 02:15:00,4.1,2.8341876034571483
2018-09-28 02:30:00,3.17,3.162438252252721
2018-09-28 02:45:00,2.99,3.779489886628991
2018-09-28 03:00:00,2.95,3.1036429877899816
2018-09-28 03:15:00,2.95,3.0518431950384812
2018-09-28 03:30:00,2.95,2.983891984413679
2018-09-28 03:45:00,2.88,2.9110794481590565
2018-09-28 04:00:00,2.95,3.0378523936465305
2018-09-28 04:15:00,3.02,2.8937034170193487
2018-09-28 04:30:00,2.95,2.950585148833002
2018-09-28 04:45:00,2.92,3.052801655625804
2018-09-28 05:00:00,2.95,2.950585148833002
2018-09-28 05:15:00,2.99,2.8937034170193487
2018-09-28 05:30:00,2.95,2.950585148833002
2018-09-28 05:45:00,3.64,2.950585148833002
2018-09-28 06:00:00,3.85,3.0378523936465305
2018-09-28 06:15:00,3.17,3.264523154021824
2018-09-28 06:30:00,2.88,3.4268616474224083
2018-09-28 06:45:00,2.84,3.0865150143472
2018-09-28 07:00:00,2.92,2.966515953273971
2018-09-28 07:15:00,3.06,3.0849969598003266
2018-09-28 07:30:00,3.2,3.583788222850803
2018-09-28 07:45:00,3.02,4.104769344656987
2018-09-28 08:00:00,28.48,31.174977861990435
2018-09-28 08:15:00,38.59,25.855172710881764
2018-09-28 08:30:00,55.51,51.29094494827148
2018-09-28 08:45:00,58.03,46.368906208283164
2018-09-28 09:00:00,54.36,53.82631795957929
2018-09-28 09:15:00,60.3,56.04075469713714
2018-09-28 09:30:00,60.12,54.27516187057794
2018-09-28 09:45:00,47.2,55.431366593798934
2018-09-28 10:00:00,49.32,52.40013923906823
2018-09-28 10:15:00,53.14,51.329130699630625
2018-09-28 10:30:00,52.6,51.13224278722566
2018-09-28 10:45:00,59.69,55.92908750564346
2018-09-28 11:00:00,50.26,52.60279488012474
2018-09-28 11:15:00,56.77,54.80589407797194
2018-09-28 11:30:00,50.72,47.840039191588716
2018-09-28 11:45:00,46.12,47.14372025340612
2018-09-28 12:00:00,6.12,5.745911573569585
2018-09-28 12:15:00,5.26,6.763215242798544
2018-09-28 12:30:00,4.0,4.718079946349765
2018-09-28 12:45:00,3.64,5.5847769883077625
2018-09-28 13:00:00,26.57,28.713276580451698
2018-09-28 13:15:00,43.67,44.168463419689026
2018-09-28 13:30:00,55.58,46.27759591126055
2018-09-28 13:45:00,64.87,45.007398543771174
2018-09-28 14:00:00,41.72,52.07157883710034
2018-09-28 14:15:00,39.1,61.75639848691156
2018-09-28 14:30:00,53.68,43.13957154989504
2018-09-28 14:45:00,55.04,40.01862112916121
2018-09-28 15:00:00,38.52,49.40762399800799
2018-09-28 15:15:00,56.81,48.03882518224526
2018-09-28 15:30:00,56.66,35.97327826638895
2018-09-28 15:45:00,44.71,49.62563663240693
2018-09-28 16:00:00,38.74,52.30007359750152
2018-09-28 16:15:00,45.36,44.74507443161621
2018-09-28 16:30:00,50.18,40.08757165357627
2018-09-28 16:45:00,58.25,42.513264982588076
2018-09-28 17:00:00,46.76,38.64513528967389
2018-09-28 17:15:00,51.48,44.80174443577673
2018-09-28 17:30:00,33.41,33.34252637269974
2018-09-28 17:45:00,27.25,25.281905017510283
2018-09-28 18:00:00,29.52,30.72385520707152
2018-09-28 18:15:00,37.87,25.344965870908904
2018-09-28 18:30:00,38.12,40.23748306683664
2018-09-28 18:45:00,38.63,37.36392772842607
2018-09-28 19:00:00,38.38,44.586575685116
2018-09-28 19:15:00,29.45,36.85114805717426
2018-09-28 19:30:00,36.58,38.45927345229852
2018-09-28 19:45:00,35.32,35.747628560957274
2018-09-28 20:00:00,35.24,33.92557441045421
2018-09-28 20:15:00,33.16,36.85584209618276
2018-09-28 20:30:00,21.67,35.85410127959487
2018-09-28 20:45:00,7.85,15.013390213193269
2018-09-28 21:00:00,6.19,1.1851633001238142
2018-09-28 21:15:00,3.56,5.430491688255227
2018-09-28 21:30:00,3.6,4.101564218685631
2018-09-28 21:45:00,3.53,3.1472164387671637
2018-09-28 22:00:00,3.24,3.148895255580018
2018-09-28 22:15:00,3.17,3.2404956298451655
2018-09-28 22:30:00,3.2,3.2404956298451655
2018-09-28 22:45:00,3.17,2.9753623103091686
2018-09-28 23:00:00,3.1,3.04588412949444
2018-09-28 23:15:00,3.1,3.0282858029898003
2018-09-28 23:30:00,3.13,2.906882305500621
2018-09-28 23:45:00,3.13,2.9753623103091686
2018-09-29 00:00:00,2.7,2.906882305500621
2018-09-29 00:15:00,2.48,2.906882305500621
2018-09-29 00:30:00,2.45,2.853693325907118
2018-09-29 00:45:00,2.56,2.853693325907118
2018-09-29 01:00:00,2.59,2.853693325907118
2018-09-29 01:15:00,3.17,2.853693325907118
2018-09-29 01:30:00,2.95,2.7799908070491997
2018-09-29 01:45:00,2.52,2.828847255196628
2018-09-29 02:00:00,2.52,2.8166200900967877
2018-09-29 02:15:00,2.59,2.823603343025548
2018-09-29 02:30:00,2.48,2.7799908070491997
2018-09-29 02:45:00,2.52,2.827961444393071
2018-09-29 03:00:00,2.59,2.8279876870582963
2018-09-29 03:15:00,2.59,2.836603960319817
2018-09-29 03:30:00,2.59,2.836603960319817
2018-09-29 03:45:00,2.59,2.836603960319817
2018-09-29 04:00:00,2.52,2.8479650002898165
2018-09-29 04:15:00,2.77,2.8440461995693984
2018-09-29 04:30:00,3.17,2.8440461995693984
2018-09-29 04:45:00,2.56,2.8440461995693984
2018-09-29 05:00:00,2.59,2.913155096482892
2018-09-29 05:15:00,2.59,2.8440461995693984
2018-09-29 05:30:00,2.56,2.8479650002898165
2018-09-29 05:45:00,2.56,2.8915775362661646
2018-09-29 06:00:00,2.52,2.9356556155548432
2018-09-29 06:15:00,2.56,2.8440461995693984
2018-09-29 06:30:00,2.59,2.8440461995693984
2018-09-29 06:45:00,2.74,2.8440461995693984
2018-09-29 07:00:00,3.13,2.8440461995693984
2018-09-29 07:15:00,3.02,2.8440461995693984
2018-09-29 07:30:00,2.66,2.6298591219961187
2018-09-29 07:45:00,3.06,2.5581899920976863
2018-09-29 08:00:00,21.85,9.614697145397733
2018-09-29 08:15:00,47.3,8.728525932877222
2018-09-29 08:30:00,45.65,26.9032892041567
2018-09-29 08:45:00,41.9,46.64692971630402
2018-09-29 09:00:00,44.46,48.977772866443544
2018-09-29 09:15:00,47.41,41.5002760496239
2018-09-29 09:30:00,47.23,43.263129978744004
2018-09-29 09:45:00,37.87,43.89737309790604
2018-09-29 10:00:00,47.74,42.631637388735406
2018-09-29 10:15:00,44.5,39.744816081743785
2018-09-29 10:30:00,42.3,47.028721069620694
2018-09-29 10:45:00,44.14,46.63836742358267
2018-09-29 11:00:00,48.02,46.54480194950824
2018-09-29 11:15:00,49.14,41.053756130804686
2018-09-29 11:30:00,44.5,44.26157208418913
2018-09-29 11:45:00,32.47,34.11139298862279
2018-09-29 12:00:00,3.42,4.230202513234018
2018-09-29 12:15:00,3.28,4.6729951520519055
2018-09-29 12:30:00,3.38,3.0934432349700676
2018-09-29 12:45:00,4.5,4.560070965971248
2018-09-29 13:00:00,19.51,17.920715084951432
2018-09-29 13:15:00,47.59,36.69433022491947
2018-09-29 13:30:00,47.48,37.0246930004162
2018-09-29 13:45:00,35.03,43.028302123332224
2018-09-29 14:00:00,34.6,44.929539215133055
2018-09-29 14:15:00,46.58,35.47370037092662
2018-09-29 14:30:00,47.88,35.30428734891669
2018-09-29 14:45:00,34.49,40.72850232111253
2018-09-29 15:00:00,34.92,44.03687379932206
2018-09-29 15:15:00,50.62,34.337980067796416
2018-09-29 15:30:00,36.14,36.06873300027598
2018-09-29 15:45:00,35.93,43.23667926983668
2018-09-29 16:00:00,51.59,35.36397303365561
2018-09-29 16:15:00,35.32,34.258001005982216
2018-09-29 16:30:00,24.12,43.88814006457807
2018-09-29 16:45:00,4.97,17.951931515483256
2018-09-29 17:00:00,3.6,0.0
2018-09-29 17:15:00,3.46,4.515377563229041
2018-09-29 17:30:00,3.49,3.7431050507011117
2018-09-29 17:45:00,3.38,3.570016147659077
2018-09-29 18:00:00,3.35,3.1942657714728706
2018-09-29 18:15:00,3.42,3.733777097261102
2018-09-29 18:30:00,3.46,3.7179779056166793
2018-09-29 18:45:00,3.49,3.5965744081275
2018-09-29 19:00:00,3.49,3.5965744081275
2018-09-29 19:15:00,3.46,3.5740639974068062
2018-09-29 19:30:00,3.42,3.532328689190375
2018-09-29 19:45:00,3.42,3.6537321866795542
2018-09-29 20:00:00,3.46,3.532328689190375
2018-09-29 20:15:00,3.53,3.5740639974068062
2018-09-29 20:30:00,3.38,3.4150008318086296
2018-09-29 20:45:00,2.81,3.5349020223782244
2018-09-29 21:00:00,2.81,3.3557945778720226
2018-09-29 21:15:00,2.81,2.924791196413501
2018-09-29 21:30:00,2.81,2.924791196413501
2018-09-29 21:45:00,2.81,2.8083661241825304
2018-09-29 22:00:00,3.13,2.8083661241825304
2018-09-29 22:15:00,3.28,2.8083661241825304
2018-09-29 22:30:00,2.59,2.8572225723299587
2018-09-29 22:45:00,2.59,3.1223558918659555
2018-09-29 23:00:00,2.59,2.8083661241825304
2018-09-29 23:15:00,2.56,2.8083661241825304
2018-09-29 23:30:00,2.52,2.8083661241825304
2018-09-29 23:45:00,2.56,2.8083661241825304
2018-09-30 00:00:00,3.02,2.6419144803123036
2018-09-30 00:15:00,2.81,2.6419144803123036
2018-09-30 00:30:00,2.63,2.6785437633598916
2018-09-30 00:45:00,2.56,2.6419144803123036
2018-09-30 01:00:00,2.56,2.6419144803123036
2018-09-30 01:15:00,2.59,2.7441309871051054
2018-09-30 01:30:00,2.56,2.7921016244489767
2018-09-30 01:45:00,2.56,2.689885117656175
2018-09-30 02:00:00,2.63,2.6419144803123036
2018-09-30 02:15:00,2.56,2.6419144803123036
2018-09-30 02:30:00,2.56,2.6419144803123036
2018-09-30 02:45:00,2.63,2.6419144803123036
2018-09-30 03:00:00,2.59,2.6419144803123036
2018-09-30 03:15:00,2.56,2.698527633582921
2018-09-30 03:30:00,3.13,2.698527633582921
2018-09-30 03:45:00,2.88,2.698527633582921
2018-09-30 04:00:00,3.1,2.778997570466414
2018-09-30 04:15:00,3.02,2.7598896752707285
2018-09-30 04:30:00,2.52,2.881214077259216
2018-09-30 04:45:00,2.63,2.766770405366574
2018-09-30 05:00:00,2.66,2.757885553562017
2018-09-30 05:15:00,2.52,2.757885553562017
2018-09-30 05:30:00,2.59,2.757885553562017
2018-09-30 05:45:00,2.52,2.757885553562017
2018-09-30 06:00:00,2.52,2.7098886735529204
2018-09-30 06:15:00,2.56,2.7098886735529204
2018-09-30 06:30:00,2.56,2.7098886735529204
2018-09-30 06:45:00,2.59,2.7098886735529204
2018-09-30 07:00:00,2.52,2.824450879358858
2018-09-30 07:15:00,2.95,2.824450879358858
2018-09-30 07:30:00,2.95,2.426592699066147
2018-09-30 07:45:00,2.59,2.8246181168268882
2018-09-30 08:00:00,2.56,10.598902786027475
2018-09-30 08:15:00,2.52,11.714039698726705
2018-09-30 08:30:00,2.63,6.162339828995323
2018-09-30 08:45:00,2.74,4.589655186779888
2018-09-30 09:00:00,3.02,6.407249714970088
2018-09-30 09:15:00,3.46,5.463074305657335
2018-09-30 09:30:00,2.81,5.523804219695265
2018-09-30 09:45:00,2.77,5.746245117318205
2018-09-30 10:00:00,2.74,5.463074305657335
2018-09-30 10:15:00,2.74,5.463074305657335
2018-09-30 10:30:00,2.74,5.583110069148382
2018-09-30 10:45:00,2.74,4.939847782896245
2018-09-30 11:00:00,2.7,4.939847782896245
2018-09-30 11:15:00,2.7,5.015992536273391
2018-09-30 11:30:00,2.74,4.9569788037452565
2018-09-30 11:45:00,3.02,3.5606263043818926
2018-09-30 12:00:00,3.31,3.0686626573525353
2018-09-30 12:15:00,2.77,2.8689815571891146
2018-09-30 12:30:00,2.81,2.6208519308140197
2018-09-30 12:45:00,2.77,2.8840814501837158
2018-09-30 13:00:00,2.7,2.726374938367696
2018-09-30 13:15:00,2.66,4.100378845111962
2018-09-30 13:30:00,2.74,3.8908378391677743
2018-09-30 13:45:00,2.74,3.6331340784539936
2018-09-30 14:00:00,2.74,3.715564728126367
2018-09-30 14:15:00,2.95,5.463074305657335
2018-09-30 14:30:00,3.38,3.6454797774671293
2018-09-30 14:45:00,2.95,3.7062096915050584
2018-09-30 15:00:00,2.7,3.954413039307693
2018-09-30 15:15:00,2.7,5.437560528977228
2018-09-30 15:30:00,2.7,3.6450073429214576
2018-09-30 15:45:00,2.74,3.727437992593831
2018-09-30 16:00:00,2.95,3.732504185289724
2018-09-30 16:15:00,3.31,2.9223631520871987
2018-09-30 16:30:00,2.66,3.117338068561564
2018-09-30 16:45:00,2.7,2.9477654926146712
2018-09-30 17:00:00,2.7,2.7444760555408925
2018-09-30 17:15:00,2.7,2.71320921857768
2018-09-30 17:30:00,2.7,2.7611798559215512
2018-09-30 17:45:00,2.74,2.7611798559215512
2018-09-30 18:00:00,2.63,2.71320921857768
2018-09-30 18:15:00,2.66,2.9107300153465956
2018-09-30 18:30:00,2.77,2.9146488160670136
2018-09-30 18:45:00,2.77,2.9146488160670136
2018-09-30 19:00:00,2.95,2.9146488160670136
2018-09-30 19:15:00,3.35,2.8464842964094705
2018-09-30 19:30:00,2.99,2.8831135794570586
2018-09-30 19:45:00,3.46,3.4091210483336387
2018-09-30 20:00:00,2.74,2.8831135794570586
2018-09-30 20:15:00,2.7,3.3644488878195
2018-09-30 20:30:00,2.77,2.959825230758383
2018-09-30 20:45:00,2.77,2.818796828857271
2018-09-30 21:00:00,2.77,2.818796828857271
2018-09-30 21:15:00,2.77,2.7275150965962216
2018-09-30 21:30:00,2.74,2.6795444592523503
2018-09-30 21:45:00,2.77,2.6795444592523503
2018-09-30 22:00:00,2.59,2.7441056633404797
2018-09-30 22:15:00,3.17,2.7441056633404797
2018-09-30 22:30:00,2.81,2.302559131081248
2018-09-30 22:45:00,2.59,2.3514155792286764
2018-09-30 23:00:00,2.56,2.3898263758947764
2018-09-30 23:15:00,2.52,2.376257864405238
2018-09-30 23:30:00,2.59,2.302559131081248
2018-09-30 23:45:00,2.74,2.3505297684251194
