interval_start,energy,prediction
2018-07-01 00:00:00,2.81,3.277508380433501
2018-07-01 00:15:00,2.81,3.0522580439103586
2018-07-01 00:30:00,2.95,3.0018908160272506
2018-07-01 00:45:00,2.81,3.0163440994302944
2018-07-01 01:00:00,2.88,3.0018908160272506
2018-07-01 01:15:00,2.88,3.0018908160272506
2018-07-01 01:30:00,2.84,2.9675165451304233
2018-07-01 01:45:00,2.84,3.023987682027476
2018-07-01 02:00:00,2.92,3.0102662707568633
2018-07-01 02:15:00,2.84,2.9675165451304233
2018-07-01 02:30:00,2.88,2.9342507950404
2018-07-01 02:45:00,2.84,2.989693266361337
2018-07-01 03:00:00,3.67,2.9593103906310385
2018-07-01 03:15:00,3.85,3.0181243772241806
2018-07-01 03:30:00,2.88,3.468727009657419
2018-07-01 03:45:00,2.81,3.387561090098996
2018-07-01 04:00:00,2.81,2.827213291166609
2018-07-01 04:15:00,2.81,2.9732510516331043
2018-07-01 04:30:00,2.81,3.0167118678158396
2018-07-01 04:45:00,2.84,3.0296069100728666
2018-07-01 05:00:00,2.74,3.0065142031655956
2018-07-01 05:15:00,2.77,3.065911637269428
2018-07-01 05:30:00,2.81,3.065911637269428
2018-07-01 05:45:00,2.81,3.0296069100728666
2018-07-01 06:00:00,2.77,2.984240006395254
2018-07-01 06:15:00,2.81,2.9486201496555915
2018-07-01 06:30:00,2.74,2.9486201496555915
2018-07-01 06:45:00,2.74,2.9486201496555915
2018-07-01 07:00:00,2.7,2.9939870533332043
2018-07-01 07:15:00,2.74,2.9818858997456146
2018-07-01 07:30:00,3.28,3.076988321737405
2018-07-01 07:45:00,3.06,3.9297465649686405
2018-07-01 08:00:00,3.38,19.43602306051151
2018-07-01 08:15:00,2.74,9.262727000329189
2018-07-01 08:30:00,2.66,6.645197349119618
2018-07-01 08:45:00,2.84,4.478608663589743
2018-07-01 09:00:00,2.99,3.385678497256842
2018-07-01 09:15:00,3.1,3.7648815085236063
2018-07-01 09:30:00,2.99,3.5864102279531407
2018-07-01 09:45:00,2.99,3.674791893209146
2018-07-01 10:00:00,3.02,3.615705183821803
2018-07-01 10:15:00,3.02,3.6352311143459386
2018-07-01 10:30:00,2.99,3.676146769839081
2018-07-01 10:45:00,3.06,3.4289487694377363
2018-07-01 11:00:00,3.35,3.449594961156878
2018-07-01 11:15:00,3.02,3.4984933555266577
2018-07-01 11:30:00,2.84,3.6929790953020145
2018-07-01 11:45:00,2.81,3.2549372918724746
2018-07-01 12:00:00,2.95,3.333303055858339
2018-07-01 12:15:00,3.13,3.3316701778561075
2018-07-01 12:30:00,3.1,3.3419405335832857
2018-07-01 12:45:00,3.06,3.6550021781649273
2018-07-01 13:00:00,3.42,3.3338437517722994
2018-07-01 13:15:00,3.6,3.363579135167091
2018-07-01 13:30:00,2.99,3.8277039249558222
2018-07-01 13:45:00,2.95,3.8851164559747047
2018-07-01 14:00:00,2.99,3.4074344917710473
2018-07-01 14:15:00,2.99,3.5817013984269526
2018-07-01 14:30:00,3.02,3.6489591935236243
2018-07-01 14:45:00,2.99,3.6489591935236243
2018-07-01 15:00:00,2.99,3.759058703724895
2018-07-01 15:15:00,3.56,3.568061759411928
2018-07-01 15:30:00,3.17,3.5057324567981256
2018-07-01 15:45:00,2.92,3.7586896583534872
2018-07-01 16:00:00,2.92,3.678449351771327
2018-07-01 16:15:00,2.95,2.5345554442996696
2018-07-01 16:30:00,2.95,2.8547959694845293
2018-07-01 16:45:00,2.95,2.820962774374393
2018-07-01 17:00:00,2.99,2.919495498807822
2018-07-01 17:15:00,2.99,2.919495498807822
2018-07-01 17:30:00,2.95,2.927762046300976
2018-07-01 17:45:00,3.06,2.894496296210953
2018-07-01 18:00:00,2.88,2.971035942865686
2018-07-01 18:15:00,2.84,3.1054840094052674
2018-07-01 18:30:00,3.06,3.0776808384466197
2018-07-01 18:45:00,3.74,3.0850511116238932
2018-07-01 19:00:00,3.56,3.1054840094052674
2018-07-01 19:15:00,3.53,3.495631875088393
2018-07-01 19:30:00,3.02,3.4109308037397486
2018-07-01 19:45:00,3.06,3.408862529333829
2018-07-01 20:00:00,3.06,2.96172717360838
2018-07-01 20:15:00,3.1,2.9179394311142732
2018-07-01 20:30:00,3.06,2.9580277130896278
2018-07-01 20:45:00,3.06,2.998651749456614
2018-07-01 21:00:00,3.06,3.034118892892344
2018-07-01 21:15:00,3.06,2.997706727868122
2018-07-01 21:30:00,3.06,2.997706727868122
2018-07-01 21:45:00,3.06,2.9894401803749684
2018-07-01 22:00:00,2.99,3.0309724779581453
2018-07-01 22:15:00,2.88,2.997706727868122
2018-07-01 22:30:00,2.84,2.983351658760179
2018-07-01 22:45:00,2.81,3.030065510700907
2018-07-01 23:00:00,3.35,3.030065510700907
2018-07-01 23:15:00,2.92,3.030065510700907
2018-07-01 23:30:00,2.81,3.277508380433501
2018-07-01 23:45:00,2.88,2.9877523113402447
2018-07-02 00:00:00,2.81,3.094000887276197
2018-07-02 00:15:00,2.84,3.091812168456474
2018-07-02 00:30:00,2.88,3.0719040212759716
2018-07-02 00:45:00,3.28,3.0719040212759716
2018-07-02 01:00:00,3.38,3.0375297503791443
2018-07-02 01:15:00,2.88,3.347521585682222
2018-07-02 01:30:00,2.92,3.330830553814401
2018-07-02 01:45:00,2.92,3.0345601297819362
2018-07-02 02:00:00,2.92,3.0779818499494027
2018-07-02 02:15:00,2.88,3.0103418289625523
2018-07-02 02:30:00,2.92,3.049630903966734
2018-07-02 02:45:00,3.38,3.049630903966734
2018-07-02 03:00:00,3.13,3.0879025198466628
2018-07-02 03:15:00,2.95,3.462423467769241
2018-07-02 03:30:00,2.92,3.179299257189562
2018-07-02 03:45:00,2.84,3.1059392368066203
2018-07-02 04:00:00,2.92,3.1198933476151556
2018-07-02 04:15:00,2.84,3.0968006407078845
2018-07-02 04:30:00,2.88,3.0996201153215877
2018-07-02 04:45:00,2.88,3.1096956829649116
2018-07-02 05:00:00,2.88,3.1691905926081723
2018-07-02 05:15:00,2.84,3.1691905926081723
2018-07-02 05:30:00,2.88,3.1096956829649116
2018-07-02 05:45:00,2.84,3.1096956829649116
2018-07-02 06:00:00,2.81,3.0996201153215877
2018-07-02 06:15:00,2.81,3.074075826225249
2018-07-02 06:30:00,3.42,3.0640002585819253
2018-07-02 06:45:00,3.78,3.0640002585819253
2018-07-02 07:00:00,3.06,3.5248488921182806
2018-07-02 07:15:00,2.99,3.695942297378288
2018-07-02 07:30:00,3.02,3.2184474134407153
2018-07-02 07:45:00,2.99,4.201443837172476
2018-07-02 08:00:00,18.61,26.968190626843036
2018-07-02 08:15:00,39.53,28.669535665025037
2018-07-02 08:30:00,44.89,52.740052639908065
2018-07-02 08:45:00,48.31,48.780982410306606
2018-07-02 09:00:00,51.3,56.9030022618888
2018-07-02 09:15:00,50.18,59.182539695759154
2018-07-02 09:30:00,61.85,57.49693930349427
2018-07-02 09:45:00,71.35,54.79371092636396
2018-07-02 10:00:00,72.68,54.84146162883093
2018-07-02 10:15:00,59.72,64.37186010470342
2018-07-02 10:30:00,59.11,73.86414227516457
2018-07-02 10:45:00,56.45,63.95580071137636
2018-07-02 11:00:00,70.52,68.19529188543481
2018-07-02 11:15:00,65.7,66.3263646502489
2018-07-02 11:30:00,70.7,57.266207112547015
2018-07-02 11:45:00,63.76,61.438406969844664
2018-07-02 12:00:00,8.24,11.294842872873044
2018-07-02 12:15:00,5.08,5.850699132014862
2018-07-02 12:30:00,5.58,5.624893896688178
2018-07-02 12:45:00,5.51,6.8016078782104055
2018-07-02 13:00:00,40.1,43.54029775122597
2018-07-02 13:15:00,61.81,58.52906801224616
2018-07-02 13:30:00,87.7,61.43822120980515
2018-07-02 13:45:00,69.12,66.07088258943944
2018-07-02 14:00:00,58.1,77.44359595524733
2018-07-02 14:15:00,56.77,71.8251485522237
2018-07-02 14:30:00,59.8,63.34216130971712
2018-07-02 14:45:00,57.28,62.36930687735756
2018-07-02 15:00:00,68.04,61.87759274668303
2018-07-02 15:15:00,63.54,61.05769916797149
2018-07-02 15:30:00,70.31,65.15003657646835
2018-07-02 15:45:00,62.32,63.96876469359002
2018-07-02 16:00:00,53.1,66.36456824533926
2018-07-02 16:15:00,51.52,66.47586834321748
2018-07-02 16:30:00,49.75,61.77785819050325
2018-07-02 16:45:00,58.03,59.330435283457234
2018-07-02 17:00:00,57.24,51.95011109654618
2018-07-02 17:15:00,57.46,50.70097194661813
2018-07-02 17:30:00,34.7,41.36722575041221
2018-07-02 17:45:00,27.43,35.467528695813506
2018-07-02 18:00:00,31.68,41.22419147910203
2018-07-02 18:15:00,53.03,38.67238033230996
2018-07-02 18:30:00,40.5,43.368416438004516
2018-07-02 18:45:00,35.96,57.4671502389563
2018-07-02 19:00:00,40.18,43.82920710752097
2018-07-02 19:15:00,44.57,39.24040528045807
2018-07-02 19:30:00,44.5,44.73993515543293
2018-07-02 19:45:00,45.43,47.72769692112194
2018-07-02 20:00:00,46.08,47.3901803610713
2018-07-02 20:15:00,46.62,45.99337218201747
2018-07-02 20:30:00,47.63,36.19552716921025
2018-07-02 20:45:00,18.14,20.25016868911953
2018-07-02 21:00:00,4.46,17.995817325609384
2018-07-02 21:15:00,3.82,2.1407703219386254
2018-07-02 21:30:00,3.78,2.4102430405209923
2018-07-02 21:45:00,3.82,2.4920343787420136
2018-07-02 22:00:00,3.71,3.845670691502557
2018-07-02 22:15:00,3.6,3.7165739726617057
2018-07-02 22:30:00,3.46,3.654741935746455
2018-07-02 22:45:00,3.46,4.036170405492128
2018-07-02 23:00:00,3.46,3.5711966615208226
2018-07-02 23:15:00,3.46,3.5832452876564735
2018-07-02 23:30:00,3.42,3.501615566795042
2018-07-02 23:45:00,3.2,3.501615566795042
2018-07-03 00:00:00,2.84,3.501615566795042
2018-07-03 00:15:00,2.88,3.2675391903265925
2018-07-03 00:30:00,2.95,3.248094868389017
2018-07-03 00:45:00,2.92,3.2198245065061344
2018-07-03 01:00:00,3.38,3.250692982496725
2018-07-03 01:15:00,3.2,3.2482890453542774
2018-07-03 01:30:00,2.7,3.347521585682222
2018-07-03 01:45:00,2.77,3.141715571096655
2018-07-03 02:00:00,2.81,3.1222712491590796
2018-07-03 02:15:00,2.81,3.0779818499494027
2018-07-03 02:30:00,2.84,3.093094318707001
2018-07-03 02:45:00,2.81,3.092972221700081
2018-07-03 03:00:00,2.84,3.1180318172907193
2018-07-03 03:15:00,2.81,3.157708059759486
2018-07-03 03:30:00,3.06,3.1691905926081723
2018-07-03 03:45:00,3.24,3.087518961733998
2018-07-03 04:00:00,2.84,3.1154013079768568
2018-07-03 04:15:00,2.81,3.3783048804027094
2018-07-03 04:30:00,2.84,3.087479920822093
2018-07-03 04:45:00,2.81,3.1098177799718316
2018-07-03 05:00:00,2.81,3.064450876294219
2018-07-03 05:15:00,2.81,3.1328858654116107
2018-07-03 05:30:00,2.84,3.087518961733998
2018-07-03 05:45:00,2.77,3.112832135610878
2018-07-03 06:00:00,2.77,3.112832135610878
2018-07-03 06:15:00,2.77,3.040907551674654
2018-07-03 06:30:00,2.77,3.0186333549043125
2018-07-03 06:45:00,2.77,3.0640002585819253
2018-07-03 07:00:00,2.77,3.198952976608651
2018-07-03 07:15:00,3.53,3.198952976608651
2018-07-03 07:30:00,3.67,3.2940553986004417
2018-07-03 07:45:00,5.22,5.544870306608817
2018-07-03 08:00:00,30.42,36.44132577237441
2018-07-03 08:15:00,41.44,58.93550570893538
2018-07-03 08:30:00,48.31,58.60683021420498
2018-07-03 08:45:00,59.04,54.335209942980285
2018-07-03 09:00:00,60.62,63.16709312255073
2018-07-03 09:15:00,61.13,59.410202667832635
2018-07-03 09:30:00,71.82,61.05910799951923
2018-07-03 09:45:00,62.71,57.46775361440807
2018-07-03 10:00:00,49.86,66.56253032783675
2018-07-03 10:15:00,46.73,64.7879526180132
2018-07-03 10:30:00,57.42,64.15211802936403
2018-07-03 10:45:00,59.83,64.66305283821141
2018-07-03 11:00:00,71.14,64.6142187937814
2018-07-03 11:15:00,54.4,61.87772481112649
2018-07-03 11:30:00,57.64,58.00968979692187
2018-07-03 11:45:00,66.67,58.58169317521192
2018-07-03 12:00:00,23.72,9.448355367947729
2018-07-03 12:15:00,4.1,8.098985708519303
2018-07-03 12:30:00,4.21,7.781958635382344
2018-07-03 12:45:00,4.79,6.497558131423523
2018-07-03 13:00:00,38.3,34.04504844909038
2018-07-03 13:15:00,66.17,68.87510676484172
2018-07-03 13:30:00,55.48,65.37167060892722
2018-07-03 13:45:00,57.35,78.50180833216359
2018-07-03 14:00:00,48.74,62.49326776746739
2018-07-03 14:15:00,52.78,62.51445184247306
2018-07-03 14:30:00,71.32,53.8340726562888
2018-07-03 14:45:00,53.82,61.69018751657967
2018-07-03 15:00:00,67.0,64.89529514582341
2018-07-03 15:15:00,56.74,59.71894936179487
2018-07-03 15:30:00,78.34,61.79507095810847
2018-07-03 15:45:00,105.66,58.326459502365985
2018-07-03 16:00:00,64.37,69.27205590262692
2018-07-03 16:15:00,66.74,92.06981509205268
2018-07-03 16:30:00,95.54,71.71280000561282
2018-07-03 16:45:00,113.26,71.2123708596287
2018-07-03 17:00:00,72.47,80.15179849677551
2018-07-03 17:15:00,73.48,98.9520556241944
2018-07-03 17:30:00,43.7,44.27233856199587
2018-07-03 17:45:00,31.43,47.80460680188631
2018-07-03 18:00:00,42.05,51.644047536953316
2018-07-03 18:15:00,70.2,62.49011597580651
2018-07-03 18:30:00,57.53,58.68462795641383
2018-07-03 18:45:00,71.21,71.5764821283721
2018-07-03 19:00:00,81.07,55.2591382828151
2018-07-03 19:15:00,103.36,70.69208178352162
2018-07-03 19:30:00,90.83,78.62688459788768
2018-07-03 19:45:00,109.73,88.58247536860655
2018-07-03 20:00:00,106.56,91.7478774082702
2018-07-03 20:15:00,76.1,92.52541839329929
2018-07-03 20:30:00,92.38,92.79435258765902
2018-07-03 20:45:00,77.04,64.32661478276584
2018-07-03 21:00:00,27.11,34.03275014612707
2018-07-03 21:15:00,27.79,34.358097891346176
2018-07-03 21:30:00,14.33,14.803200463507348
2018-07-03 21:45:00,4.18,23.49096471624962
2018-07-03 22:00:00,3.85,8.824828009982715
2018-07-03 22:15:00,3.53,7.097620712208792
2018-07-03 22:30:00,3.56,3.8772094290792403
2018-07-03 22:45:00,3.6,3.252297749656272
2018-07-03 23:00:00,3.46,4.26995543827804
2018-07-03 23:15:00,3.46,3.6557189056781834
2018-07-03 23:30:00,3.49,3.6480378518239487
2018-07-03 23:45:00,3.42,3.6557189056781834
2018-07-04 00:00:00,3.2,3.5930442635481152
2018-07-04 00:15:00,2.81,3.5930442635481152
2018-07-04 00:30:00,3.24,3.3666489409339
2018-07-04 00:45:00,3.42,3.347204618996325
2018-07-04 01:00:00,2.95,3.572454955519467
2018-07-04 01:15:00,2.84,3.516203073244989
2018-07-04 01:30:00,2.84,3.256604546165533
2018-07-04 01:45:00,2.81,3.2344120129560814
2018-07-04 02:00:00,2.81,3.238085904487065
2018-07-04 02:15:00,2.88,3.0777199177355534
2018-07-04 02:30:00,2.92,3.021248780838501
2018-07-04 02:45:00,2.84,3.102920411712675
2018-07-04 03:00:00,2.81,3.1279800073033135
2018-07-04 03:15:00,2.84,3.1151979306656052
2018-07-04 03:30:00,2.84,3.1166048958709673
2018-07-04 03:45:00,2.92,3.1166048958709673
2018-07-04 04:00:00,2.81,3.0712379921933546
2018-07-04 04:15:00,3.06,3.0712379921933546
2018-07-04 04:30:00,3.42,3.060246438873673
2018-07-04 04:45:00,2.99,3.15456280975715
2018-07-04 05:00:00,2.81,3.440656564629702
2018-07-04 05:15:00,2.84,3.0711989512814495
2018-07-04 05:30:00,2.81,3.093536810431188
2018-07-04 05:45:00,2.81,3.093536810431188
2018-07-04 06:00:00,2.77,3.080519671167241
2018-07-04 06:15:00,2.77,3.002352385363669
2018-07-04 06:30:00,3.31,3.0840240162378434
2018-07-04 06:45:00,3.42,3.0840240162378434
2018-07-04 07:00:00,3.02,3.5002669657023926
2018-07-04 07:15:00,3.13,3.4631619779881193
2018-07-04 07:30:00,3.53,3.4113924650042855
2018-07-04 07:45:00,6.7,4.2754729428099125
2018-07-04 08:00:00,56.09,39.921440682598906
2018-07-04 08:15:00,87.37,67.23040746117063
2018-07-04 08:30:00,93.85,74.23897695796826
2018-07-04 08:45:00,68.8,91.83504132391035
2018-07-04 09:00:00,118.98,85.25431140149382
2018-07-04 09:15:00,98.57,76.74135233142756
2018-07-04 09:30:00,116.06,85.25455531882639
2018-07-04 09:45:00,88.6,94.84519776502658
2018-07-04 10:00:00,86.62,94.35727941654179
2018-07-04 10:15:00,111.38,88.7707686596134
2018-07-04 10:30:00,90.36,89.07020141607234
2018-07-04 10:45:00,105.05,97.29463570164704
2018-07-04 11:00:00,91.4,93.34371411814996
2018-07-04 11:15:00,108.22,92.21634112063015
2018-07-04 11:30:00,67.07,90.34596683958266
2018-07-04 11:45:00,42.34,89.67718361538265
2018-07-04 12:00:00,8.1,12.706863518687765
2018-07-04 12:15:00,4.5,14.544508777914979
2018-07-04 12:30:00,5.26,5.2397097203036695
2018-07-04 12:45:00,4.57,7.601899857654157
2018-07-04 13:00:00,24.26,44.37330102821502
2018-07-04 13:15:00,40.14,57.5297275564909
2018-07-04 13:30:00,38.63,75.28330254577212
2018-07-04 13:45:00,34.99,52.804436807969005
2018-07-04 14:00:00,35.93,45.874345925623565
2018-07-04 14:15:00,43.31,42.348082305070584
2018-07-04 14:30:00,35.78,45.24142339181101
2018-07-04 14:45:00,36.4,45.0668369395802
2018-07-04 15:00:00,40.21,42.172734292207586
2018-07-04 15:15:00,40.86,41.05542093112052
2018-07-04 15:30:00,39.28,45.92582423478341
2018-07-04 15:45:00,48.06,43.3883471551397
2018-07-04 16:00:00,53.17,41.59375154262288
2018-07-04 16:15:00,44.06,52.52379647019249
2018-07-04 16:30:00,42.23,57.7872559511087
2018-07-04 16:45:00,46.26,49.42479631730621
2018-07-04 17:00:00,47.48,40.890426425431905
2018-07-04 17:15:00,41.36,46.14887773264685
2018-07-04 17:30:00,35.42,39.17621756797113
2018-07-04 17:45:00,36.68,30.883591411638264
2018-07-04 18:00:00,50.87,34.447472939754206
2018-07-04 18:15:00,47.7,33.27942969631323
2018-07-04 18:30:00,44.21,45.18229176681062
2018-07-04 18:45:00,50.9,47.47819149216913
2018-07-04 19:00:00,45.72,46.71165658804171
2018-07-04 19:15:00,43.13,50.96389147610772
2018-07-04 19:30:00,35.96,47.62539930884853
2018-07-04 19:45:00,34.38,39.93652522719881
2018-07-04 20:00:00,53.32,37.24683810110818
2018-07-04 20:15:00,45.22,36.18575734166149
2018-07-04 20:30:00,53.21,46.95370464968749
2018-07-04 20:45:00,34.31,25.13809557084349
2018-07-04 21:00:00,37.33,18.12584194970799
2018-07-04 21:15:00,56.05,14.209570697644505
2018-07-04 21:30:00,37.26,36.76516498697279
2018-07-04 21:45:00,4.5,49.30710631535568
2018-07-04 22:00:00,4.72,40.07390421838323
2018-07-04 22:15:00,3.89,6.029806885525818
2018-07-04 22:30:00,3.71,4.833506281240281
2018-07-04 22:45:00,3.64,4.064853294612244
2018-07-04 23:00:00,3.6,3.618592753387811
2018-07-04 23:15:00,3.53,3.524047215989589
2018-07-04 23:30:00,3.53,3.541454421443457
2018-07-04 23:45:00,3.56,3.554915691980179
2018-07-05 00:00:00,3.56,3.56696431811583
2018-07-05 00:15:00,3.53,3.5360958421252398
2018-07-05 00:30:00,3.1,3.4853345972543988
2018-07-05 00:45:00,3.02,3.4853345972543988
2018-07-05 01:00:00,3.02,3.2821266967765395
2018-07-05 01:15:00,3.13,3.2522038935854676
2018-07-05 01:30:00,3.56,3.203543536965491
2018-07-05 01:45:00,3.06,3.2538563348936567
2018-07-05 02:00:00,3.02,3.5093984835224763
2018-07-05 02:15:00,3.06,3.280711335477891
2018-07-05 02:30:00,3.06,3.1197754822845982
2018-07-05 02:45:00,3.06,3.1364723523691413
2018-07-05 03:00:00,3.13,3.174056344963613
2018-07-05 03:15:00,3.06,3.1875034278791423
2018-07-05 03:30:00,3.06,3.228895981156609
2018-07-05 03:45:00,3.06,3.2103258947096114
2018-07-05 04:00:00,3.1,3.2103258947096114
2018-07-05 04:15:00,3.02,3.1989859607278284
2018-07-05 04:30:00,3.1,3.228895981156609
2018-07-05 04:45:00,3.1,3.1824435484667526
2018-07-05 05:00:00,3.06,3.176293970317606
2018-07-05 05:15:00,3.56,3.195630231066586
2018-07-05 05:30:00,3.24,3.2103258947096114
2018-07-05 05:45:00,3.1,3.4871589564765073
2018-07-05 06:00:00,3.2,3.5010494049056455
2018-07-05 06:15:00,3.64,3.1203644389300025
2018-07-05 06:30:00,3.17,3.1819361904351635
2018-07-05 06:45:00,2.99,3.407977401898222
2018-07-05 07:00:00,3.06,3.3874861945504233
2018-07-05 07:15:00,3.53,3.341033761860567
2018-07-05 07:30:00,4.03,3.485816244005855
2018-07-05 07:45:00,4.82,5.851569650130451
2018-07-05 08:00:00,38.41,47.86538669237505
2018-07-05 08:15:00,71.14,73.79365606154691
2018-07-05 08:30:00,117.32,66.1328471487437
2018-07-05 08:45:00,121.68,88.84718943580495
2018-07-05 09:00:00,84.2,90.69445666689094
2018-07-05 09:15:00,98.17,106.61974670752028
2018-07-05 09:30:00,74.52,91.58999362790286
2018-07-05 09:45:00,85.97,89.97667403157539
2018-07-05 10:00:00,106.96,93.67214704371814
2018-07-05 10:15:00,83.7,88.3656325096947
2018-07-05 10:30:00,66.28,94.80503990949397
2018-07-05 10:45:00,75.89,78.43774329872845
2018-07-05 11:00:00,74.88,75.98401363470954
2018-07-05 11:15:00,101.7,72.92292871807506
2018-07-05 11:30:00,107.75,66.68683282549848
2018-07-05 11:45:00,82.73,92.3135574867617
2018-07-05 12:00:00,8.42,23.854630994448417
2018-07-05 12:15:00,5.9,9.086946855883921
2018-07-05 12:30:00,5.0,4.767054108648967
2018-07-05 12:45:00,4.86,7.974948919469776
2018-07-05 13:00:00,59.62,63.769633206309706
2018-07-05 13:15:00,64.76,80.60673267541651
2018-07-05 13:30:00,50.94,88.29466349861659
2018-07-05 13:45:00,56.92,75.64402783852329
2018-07-05 14:00:00,55.48,65.50888271269868
2018-07-05 14:15:00,61.02,64.22694586510869
2018-07-05 14:30:00,65.52,60.53247562667051
2018-07-05 14:45:00,47.59,60.284873132318125
2018-07-05 15:00:00,81.04,63.70200872635248
2018-07-05 15:15:00,105.12,59.40132019728179
2018-07-05 15:30:00,82.19,72.86307593701422
2018-07-05 15:45:00,74.23,88.7642022233011
2018-07-05 16:00:00,58.68,82.28515579844886
2018-07-05 16:15:00,53.46,76.50157825100003
2018-07-05 16:30:00,51.48,63.37153894090394
2018-07-05 16:45:00,64.04,60.20644202191052
2018-07-05 17:00:00,59.04,58.368876472512994
2018-07-05 17:15:00,55.19,58.58643872579855
2018-07-05 17:30:00,30.74,40.76063076085062
2018-07-05 17:45:00,32.47,28.70180551317617
2018-07-05 18:00:00,41.0,42.28479712697122
2018-07-05 18:15:00,62.42,51.37065702579851
2018-07-05 18:30:00,57.6,51.53514049705519
2018-07-05 18:45:00,57.46,64.04826330187416
2018-07-05 19:00:00,55.51,54.80959861759009
2018-07-05 19:15:00,57.85,56.41569065105409
2018-07-05 19:30:00,47.74,59.4710877896464
2018-07-05 19:45:00,49.61,57.82725722663594
2018-07-05 20:00:00,65.23,53.87576846738257
2018-07-05 20:15:00,109.87,54.911209737745786
2018-07-05 20:30:00,106.74,55.7485197115749
2018-07-05 20:45:00,33.77,59.70833638799728
2018-07-05 21:00:00,4.72,60.03817570182559
2018-07-05 21:15:00,4.28,20.675397662004638
2018-07-05 21:30:00,4.07,1.3063196198471008
2018-07-05 21:45:00,4.0,5.655050807299383
2018-07-05 22:00:00,3.85,5.586119054482048
2018-07-05 22:15:00,3.74,3.778709435819867
2018-07-05 22:30:00,4.64,5.896008932151166
2018-07-05 22:45:00,4.57,5.569487133621873
2018-07-05 23:00:00,3.64,4.360035125327982
2018-07-05 23:15:00,3.6,3.821856448840073
2018-07-05 23:30:00,3.64,3.652370640325366
2018-07-05 23:45:00,3.67,3.5081155078893858
2018-07-06 00:00:00,3.64,3.4866112632346264
2018-07-06 00:15:00,3.28,3.60072531740235
2018-07-06 00:30:00,3.17,3.5930442635481152
2018-07-06 00:45:00,3.13,3.6438055084189562
2018-07-06 01:00:00,3.17,3.279155705939303
2018-07-06 01:15:00,3.13,3.2320683525994456
2018-07-06 01:30:00,3.1,3.221589871345949
2018-07-06 01:45:00,3.17,3.2320683525994456
2018-07-06 02:00:00,3.24,3.221589871345949
2018-07-06 02:15:00,3.2,3.0673017132678684
2018-07-06 02:30:00,3.24,3.330042426236042
2018-07-06 02:45:00,3.2,3.2838687230690247
2018-07-06 03:00:00,3.17,3.5521305370791887
2018-07-06 03:15:00,3.2,3.1775716610289835
2018-07-06 03:30:00,3.2,3.1890541938776695
2018-07-06 03:45:00,3.17,3.1890541938776695
2018-07-06 04:00:00,3.31,3.1890541938776695
2018-07-06 04:15:00,3.6,3.1890541938776695
2018-07-06 04:30:00,3.53,3.447317169197568
2018-07-06 04:45:00,3.89,3.447317169197568
2018-07-06 05:00:00,3.31,3.447317169197568
2018-07-06 05:15:00,3.24,3.6161474262041176
2018-07-06 05:30:00,3.28,3.447317169197568
2018-07-06 05:45:00,3.24,3.447317169197568
2018-07-06 06:00:00,3.2,3.447317169197568
2018-07-06 06:15:00,3.24,3.3542451661901445
2018-07-06 06:30:00,3.2,3.153434337138007
2018-07-06 06:45:00,3.24,3.3542451661901445
2018-07-06 07:00:00,3.24,3.153434337138007
2018-07-06 07:15:00,3.6,3.3542451661901445
2018-07-06 07:30:00,3.53,4.943166987980029
2018-07-06 07:45:00,3.85,5.631408241147174
2018-07-06 08:00:00,58.0,43.65113928792544
2018-07-06 08:15:00,112.32,61.77536177632111
2018-07-06 08:30:00,115.52,85.76670461541163
2018-07-06 08:45:00,112.72,102.40507972283446
2018-07-06 09:00:00,86.4,102.8269264136143
2018-07-06 09:15:00,106.52,104.29853210013323
2018-07-06 09:30:00,105.37,84.84612002158342
2018-07-06 09:45:00,78.12,83.59184057641073
2018-07-06 10:00:00,108.94,110.31985900462377
2018-07-06 10:15:00,88.67,85.25624381424998
2018-07-06 10:30:00,96.7,89.1090364125659
2018-07-06 10:45:00,118.91,79.63611514137654
2018-07-06 11:00:00,76.9,89.77231526551817
2018-07-06 11:15:00,110.84,104.39876351448977
2018-07-06 11:30:00,97.56,82.7709720784382
2018-07-06 11:45:00,99.32,87.46238305713554
2018-07-06 12:00:00,7.16,19.644992927859363
2018-07-06 12:15:00,5.72,12.058317334888846
2018-07-06 12:30:00,5.15,4.51420953774296
2018-07-06 12:45:00,4.9,9.444794721311668
2018-07-06 13:00:00,48.24,75.64255638641025
2018-07-06 13:15:00,54.94,82.74185915138942
2018-07-06 13:30:00,84.71,79.52588271388942
2018-07-06 13:45:00,96.98,66.60307555806752
2018-07-06 14:00:00,89.35,74.46501953290633
2018-07-06 14:15:00,115.13,88.80594240033452
2018-07-06 14:30:00,93.24,88.07470023546458
2018-07-06 14:45:00,112.72,89.3080149467442
2018-07-06 15:00:00,94.61,94.87631756889442
2018-07-06 15:15:00,78.88,96.53677403549298
2018-07-06 15:30:00,111.24,99.59816092795509
2018-07-06 15:45:00,81.11,91.52594765252388
2018-07-06 16:00:00,107.93,95.76214659328592
2018-07-06 16:15:00,99.43,91.59072711175872
2018-07-06 16:30:00,104.87,82.70129012981268
2018-07-06 16:45:00,102.89,89.44598854583914
2018-07-06 17:00:00,61.16,98.084484955996
2018-07-06 17:15:00,69.62,87.93023947198769
2018-07-06 17:30:00,32.54,51.774479595589945
2018-07-06 17:45:00,32.98,49.18746363742013
2018-07-06 18:00:00,60.44,58.28282862903099
2018-07-06 18:15:00,112.03,70.69832677246363
2018-07-06 18:30:00,90.36,65.44923133705831
2018-07-06 18:45:00,103.32,94.31323760429217
2018-07-06 19:00:00,104.83,90.1605547555383
2018-07-06 19:15:00,88.02,90.91283988047189
2018-07-06 19:30:00,116.21,95.03730163287686
2018-07-06 19:45:00,117.0,99.48408030947655
2018-07-06 20:00:00,89.35,89.8828630839116
2018-07-06 20:15:00,115.34,109.73637830799089
2018-07-06 20:30:00,87.66,96.11693823461883
2018-07-06 20:45:00,34.56,68.47661489123152
2018-07-06 21:00:00,12.24,43.28567129513713
2018-07-06 21:15:00,4.1,20.255760096242753
2018-07-06 21:30:00,4.07,8.899267242214728
2018-07-06 21:45:00,4.0,4.494389918565999
2018-07-06 22:00:00,3.92,4.6154010208121
2018-07-06 22:15:00,3.78,3.8824265825896114
2018-07-06 22:30:00,3.67,4.74959695193963
2018-07-06 22:45:00,3.67,3.7288138263051427
2018-07-06 23:00:00,3.64,3.6317568822833053
2018-07-06 23:15:00,3.6,3.6317568822833053
2018-07-06 23:30:00,3.6,3.60072531740235
2018-07-06 23:45:00,3.67,4.216116276891864
2018-07-07 00:00:00,3.49,4.41967112116893
2018-07-07 00:15:00,3.06,3.804280161679417
2018-07-07 00:30:00,3.1,2.9837699932982553
2018-07-07 00:45:00,3.13,3.565114532381335
2018-07-07 01:00:00,3.1,3.2328216493720214
2018-07-07 01:15:00,3.35,3.2328216493720214
2018-07-07 01:30:00,3.74,3.221589871345949
2018-07-07 01:45:00,3.35,3.4556662478143987
2018-07-07 02:00:00,3.13,3.5939683779511946
2018-07-07 02:15:00,3.13,3.4496352284168346
2018-07-07 02:30:00,3.17,3.0959660497675925
2018-07-07 02:45:00,3.2,3.1191020837374475
2018-07-07 03:00:00,3.13,3.150234129684316
2018-07-07 03:15:00,3.13,3.1775716610289835
2018-07-07 03:30:00,3.13,3.1890541938776695
2018-07-07 03:45:00,3.17,3.1751637454485313
2018-07-07 04:00:00,3.2,3.1751637454485313
2018-07-07 04:15:00,3.53,3.1751637454485313
2018-07-07 04:30:00,3.49,3.1890541938776695
2018-07-07 04:45:00,3.13,3.447317169197568
2018-07-07 05:00:00,3.1,3.447317169197568
2018-07-07 05:15:00,3.17,3.1890541938776695
2018-07-07 05:30:00,3.2,3.1751637454485313
2018-07-07 05:45:00,3.13,3.1751637454485313
2018-07-07 06:00:00,3.1,3.1890541938776695
2018-07-07 06:15:00,3.13,3.153434337138007
2018-07-07 06:30:00,2.99,3.139543888708869
2018-07-07 06:45:00,2.92,3.139543888708869
2018-07-07 07:00:00,3.02,3.0930914560190126
2018-07-07 07:15:00,3.85,3.073755195270033
2018-07-07 07:30:00,3.49,3.22388204035058
2018-07-07 07:45:00,3.24,5.767011788975605
2018-07-07 08:00:00,39.53,24.60551306222217
2018-07-07 08:15:00,110.27,37.68739708029035
2018-07-07 08:30:00,100.33,71.87411960116515
2018-07-07 08:45:00,43.24,91.57527581427215
2018-07-07 09:00:00,62.5,88.25975617955555
2018-07-07 09:15:00,54.9,59.02782705197282
2018-07-07 09:30:00,55.62,70.00771609478566
2018-07-07 09:45:00,59.76,46.74376226556703
2018-07-07 10:00:00,49.18,50.69785246402828
2018-07-07 10:15:00,42.7,55.80304400980479
2018-07-07 10:30:00,45.61,57.546014355515666
2018-07-07 10:45:00,40.57,48.26526806842792
2018-07-07 11:00:00,59.44,50.51690761495227
2018-07-07 11:15:00,59.8,39.87852333882224
2018-07-07 11:30:00,80.78,54.16616438917592
2018-07-07 11:45:00,101.81,43.85805639567078
2018-07-07 12:00:00,21.56,3.4196724334624755
2018-07-07 12:15:00,6.26,14.032132643136567
2018-07-07 12:30:00,5.69,13.136792525153432
2018-07-07 12:45:00,5.18,9.463710285335297
2018-07-07 13:00:00,23.15,13.860884648916235
2018-07-07 13:15:00,79.78,57.769054109622665
2018-07-07 13:30:00,105.23,38.83440706972959
2018-07-07 13:45:00,106.16,72.397271921032
2018-07-07 14:00:00,72.07,93.93960352534579
2018-07-07 14:15:00,94.25,99.90930105160535
2018-07-07 14:30:00,94.18,88.90706403433795
2018-07-07 14:45:00,96.01,78.7610505160089
2018-07-07 15:00:00,98.1,90.00248805255744
2018-07-07 15:15:00,78.01,90.06584970635701
2018-07-07 15:30:00,98.71,88.23756135858031
2018-07-07 15:45:00,109.98,91.48067497240923
2018-07-07 16:00:00,90.9,85.39028217490913
2018-07-07 16:15:00,107.21,89.60233047457115
2018-07-07 16:30:00,89.39,81.35962240186389
2018-07-07 16:45:00,6.3,78.27583778649
2018-07-07 17:00:00,4.07,82.69722609105162
2018-07-07 17:15:00,3.64,8.019640582860767
2018-07-07 17:30:00,3.67,8.191888236301729
2018-07-07 17:45:00,3.71,3.7014450878769476
2018-07-07 18:00:00,3.56,5.411755516695245
2018-07-07 18:15:00,3.46,3.902006479901592
2018-07-07 18:30:00,3.49,4.723838670372155
2018-07-07 18:45:00,3.6,3.881984937405636
2018-07-07 19:00:00,4.39,4.013164450009207
2018-07-07 19:15:00,4.21,4.009848776219905
2018-07-07 19:30:00,3.67,4.8844100432553
2018-07-07 19:45:00,3.46,4.599813459501657
2018-07-07 20:00:00,3.02,3.9226548038518803
2018-07-07 20:15:00,3.06,3.9014735108253453
2018-07-07 20:30:00,3.06,3.5180436764179723
2018-07-07 20:45:00,3.02,3.599894214907342
2018-07-07 21:00:00,3.1,3.2462154658252507
2018-07-07 21:15:00,3.06,3.2497651790760025
2018-07-07 21:30:00,3.06,3.049509832638482
2018-07-07 21:45:00,3.06,3.062212460438236
2018-07-07 22:00:00,3.02,3.062212460438236
2018-07-07 22:15:00,2.84,3.0539459129450823
2018-07-07 22:30:00,2.95,3.047857391330293
2018-07-07 22:45:00,2.77,3.030065510700907
2018-07-07 23:00:00,2.77,3.021798963207753
2018-07-07 23:15:00,2.74,3.1843536687789875
2018-07-07 23:30:00,3.28,3.1782758401055564
2018-07-07 23:45:00,3.1,3.023987682027476
2018-07-08 00:00:00,3.35,3.277508380433501
2018-07-08 00:15:00,2.74,2.998930085784666
2018-07-08 00:30:00,2.81,3.241963412582571
2018-07-08 00:45:00,2.81,3.0133744788330863
2018-07-08 01:00:00,2.81,2.9403286237138313
2018-07-08 01:15:00,2.81,2.9735943738038544
2018-07-08 01:30:00,2.81,2.9675165451304233
2018-07-08 01:45:00,2.84,3.023987682027476
2018-07-08 02:00:00,2.81,3.023987682027476
2018-07-08 02:15:00,2.81,2.9907219319374527
2018-07-08 02:30:00,2.81,2.9342507950404
2018-07-08 02:45:00,2.84,2.9342507950404
2018-07-08 03:00:00,3.24,2.9593103906310385
2018-07-08 03:15:00,2.99,2.972757473546568
2018-07-08 03:30:00,2.84,3.2889554144050086
2018-07-08 03:45:00,2.84,3.050732465663395
2018-07-08 04:00:00,2.81,3.0628726601628897
2018-07-08 04:15:00,2.84,3.027703421135521
2018-07-08 04:30:00,3.42,2.994437671045498
2018-07-08 04:45:00,3.13,2.984240006395254
2018-07-08 05:00:00,2.77,3.468727009657419
2018-07-08 05:15:00,2.81,3.2799954707122003
2018-07-08 05:30:00,2.77,3.050815257129354
2018-07-08 05:45:00,2.77,3.0167118678158396
2018-07-08 06:00:00,2.84,3.0398045747231106
2018-07-08 06:15:00,3.38,2.9486201496555915
2018-07-08 06:30:00,2.81,2.970894346425933
2018-07-08 06:45:00,2.81,3.4119597338465573
2018-07-08 07:00:00,2.74,3.0635184897078838
2018-07-08 07:15:00,2.81,2.9818858997456146
2018-07-08 07:30:00,2.95,3.053920236297626
2018-07-08 07:45:00,18.76,3.9297465649686405
2018-07-08 08:00:00,54.58,8.663555273557195
2018-07-08 08:15:00,105.91,34.86144229729675
2018-07-08 08:30:00,112.36,63.399942073194936
2018-07-08 08:45:00,86.51,87.4700409960782
2018-07-08 09:00:00,99.94,96.35825224134754
2018-07-08 09:15:00,104.69,87.07199254537257
2018-07-08 09:30:00,96.8,72.00871113395694
2018-07-08 09:45:00,92.52,82.23756583268013
2018-07-08 10:00:00,64.44,101.13098738856277
2018-07-08 10:15:00,79.78,84.40850729917511
2018-07-08 10:30:00,116.78,78.38312674724297
2018-07-08 10:45:00,90.04,75.63456984947075
2018-07-08 11:00:00,110.2,100.13974560328892
2018-07-08 11:15:00,98.96,85.21032347429212
2018-07-08 11:30:00,78.26,80.91476282402256
2018-07-08 11:45:00,49.79,95.7371692421553
2018-07-08 12:00:00,4.07,16.05049178463574
2018-07-08 12:15:00,4.03,3.5755991504698197
2018-07-08 12:30:00,3.96,2.6935861739108433
2018-07-08 12:45:00,4.0,10.150497256141055
2018-07-08 13:00:00,53.21,31.76633283222401
2018-07-08 13:15:00,90.4,59.11007831811446
2018-07-08 13:30:00,51.55,81.53607645451306
2018-07-08 13:45:00,48.46,73.73087671889326
2018-07-08 14:00:00,56.7,61.3218825320846
2018-07-08 14:15:00,62.75,55.53741972385812
2018-07-08 14:30:00,59.98,56.58225742079342
2018-07-08 14:45:00,53.14,63.33749432261042
2018-07-08 15:00:00,43.42,55.030728667736035
2018-07-08 15:15:00,45.97,58.99128087968858
2018-07-08 15:30:00,44.14,49.3706295913409
2018-07-08 15:45:00,48.35,50.122880884964914
2018-07-08 16:00:00,51.08,46.32007465701511
2018-07-08 16:15:00,44.1,47.096057002679046
2018-07-08 16:30:00,44.17,50.30250684984962
2018-07-08 16:45:00,5.87,38.61964721093853
2018-07-08 17:00:00,3.96,34.453072115523895
2018-07-08 17:15:00,3.82,2.0986575350422374
2018-07-08 17:30:00,3.78,1.936754354279172
2018-07-08 17:45:00,3.74,3.492267840965094
2018-07-08 18:00:00,3.56,3.7512741159824934
2018-07-08 18:15:00,3.38,2.912268284060544
2018-07-08 18:30:00,3.49,2.8230032411954915
2018-07-08 18:45:00,3.89,2.8230032411954915
2018-07-08 19:00:00,4.61,3.783008248679438
2018-07-08 19:15:00,3.49,3.85151290999013
2018-07-08 19:30:00,3.56,4.312062705589091
2018-07-08 19:45:00,3.64,3.5700850328786506
2018-07-08 20:00:00,3.56,3.5928659435136376
2018-07-08 20:15:00,3.31,3.466320688917999
2018-07-08 20:30:00,2.92,3.466320688917999
2018-07-08 20:45:00,2.95,3.461519160698529
2018-07-08 21:00:00,2.95,3.2423388779708042
2018-07-08 21:15:00,2.95,3.2154637977955556
2018-07-08 21:30:00,2.99,3.030065510700907
2018-07-08 21:45:00,2.95,3.023987682027476
2018-07-08 22:00:00,2.84,3.023987682027476
2018-07-08 22:15:00,2.7,3.023987682027476
2018-07-08 22:30:00,2.74,3.023987682027476
2018-07-08 22:45:00,2.7,3.0163440994302944
2018-07-08 23:00:00,2.74,3.0102662707568633
2018-07-08 23:15:00,3.28,3.164554428834944
2018-07-08 23:30:00,2.92,3.0102662707568633
2018-07-08 23:45:00,2.7,3.269241832940347
2018-07-09 00:00:00,2.66,3.108549837888467
2018-07-09 00:15:00,3.17,3.0719040212759716
2018-07-09 00:30:00,3.02,3.0436075790525754
2018-07-09 00:45:00,2.77,3.0237083222266965
2018-07-09 01:00:00,2.74,3.001294379691913
2018-07-09 01:15:00,2.74,3.004264000289121
2018-07-09 01:30:00,2.77,3.066812965859605
2018-07-09 01:45:00,2.7,3.0530915545889923
2018-07-09 02:00:00,2.77,3.004264000289121
2018-07-09 02:15:00,2.74,3.004264000289121
2018-07-09 02:30:00,2.74,3.0517084495483173
2018-07-09 02:45:00,2.77,3.0515029902742414
2018-07-09 03:00:00,2.74,3.0293235958797595
2018-07-09 03:15:00,2.77,3.042770678795289
2018-07-09 03:30:00,2.81,3.087518961733998
2018-07-09 03:45:00,2.74,3.054253211643975
2018-07-09 04:00:00,3.24,3.054253211643975
2018-07-09 04:15:00,3.02,3.054253211643975
2018-07-09 04:30:00,2.99,3.3922343697437527
2018-07-09 04:45:00,3.13,3.087479920822093
2018-07-09 05:00:00,2.7,3.054253211643975
2018-07-09 05:15:00,2.7,3.110903308984075
2018-07-09 05:30:00,2.7,3.0837871370431986
2018-07-09 05:45:00,2.7,3.064450876294219
2018-07-09 06:00:00,2.7,3.064450876294219
2018-07-09 06:15:00,2.66,3.0772122788712157
2018-07-09 06:30:00,2.66,3.0658723448894327
2018-07-09 06:45:00,2.66,3.0658723448894327
2018-07-09 07:00:00,2.74,3.2575319005755543
2018-07-09 07:15:00,2.99,3.198952976608651
2018-07-09 07:30:00,3.42,3.2940553986004417
2018-07-09 07:45:00,4.72,4.180079391921699
2018-07-09 08:00:00,17.39,33.419009439159524
2018-07-09 08:15:00,53.6,60.169724607504314
2018-07-09 08:30:00,57.71,53.23772383648315
2018-07-09 08:45:00,60.95,65.35012558163827
2018-07-09 09:00:00,50.98,63.77590041570913
2018-07-09 09:15:00,50.62,60.14859951237604
2018-07-09 09:30:00,53.39,59.30403579204639
2018-07-09 09:45:00,59.8,59.68616456876109
2018-07-09 10:00:00,69.23,61.05062513169091
2018-07-09 10:15:00,53.42,60.10684787277668
2018-07-09 10:30:00,56.3,66.975069372831
2018-07-09 10:45:00,48.42,62.094694963438826
2018-07-09 11:00:00,55.69,62.625434721945844
2018-07-09 11:15:00,69.62,58.26741977903588
2018-07-09 11:30:00,50.69,61.07433125332644
2018-07-09 11:45:00,53.06,60.34297451064842
2018-07-09 12:00:00,16.16,11.992713294881492
2018-07-09 12:15:00,6.34,6.120374020934404
2018-07-09 12:30:00,5.44,6.0095576614711135
2018-07-09 12:45:00,6.12,7.627515577949221
2018-07-09 13:00:00,34.52,40.16091407064414
2018-07-09 13:15:00,49.57,59.42646907097536
2018-07-09 13:30:00,46.66,58.84762903669862
2018-07-09 13:45:00,48.49,59.516529299197224
2018-07-09 14:00:00,50.47,53.30568437630499
2018-07-09 14:15:00,48.64,55.7228729789495
2018-07-09 14:30:00,52.92,57.987839991807526
2018-07-09 14:45:00,52.02,52.109120014564546
2018-07-09 15:00:00,50.0,52.433135715785596
2018-07-09 15:15:00,47.45,55.830815376670365
2018-07-09 15:30:00,52.52,55.40129035148096
2018-07-09 15:45:00,66.24,50.65504153590048
2018-07-09 16:00:00,58.54,56.995488106361016
2018-07-09 16:15:00,54.25,63.079177570144445
2018-07-09 16:30:00,59.11,58.76681952633673
2018-07-09 16:45:00,67.43,59.15642259878183
2018-07-09 17:00:00,57.24,54.5213883153511
2018-07-09 17:15:00,57.64,60.02689576951125
2018-07-09 17:30:00,28.04,43.20907664529475
2018-07-09 17:45:00,27.72,29.478515026282547
2018-07-09 18:00:00,32.87,28.853021858660043
2018-07-09 18:15:00,42.66,41.63173675121255
2018-07-09 18:30:00,45.25,44.96155337146714
2018-07-09 18:45:00,48.82,44.170498997983294
2018-07-09 19:00:00,48.38,47.28937800223811
2018-07-09 19:15:00,61.2,47.66506810220397
2018-07-09 19:30:00,58.82,48.04593841884104
2018-07-09 19:45:00,48.1,53.25817135377554
2018-07-09 20:00:00,47.02,51.544949512559754
2018-07-09 20:15:00,42.05,49.470923467323416
2018-07-09 20:30:00,60.16,41.79437503899893
2018-07-09 20:45:00,38.45,26.703953726327512
2018-07-09 21:00:00,5.04,23.9687688448963
2018-07-09 21:15:00,3.92,16.39714499882099
2018-07-09 21:30:00,3.82,4.596563334845809
2018-07-09 21:45:00,3.78,4.173768430468401
2018-07-09 22:00:00,3.67,4.439903623970891
2018-07-09 22:15:00,3.49,3.7396027878647957
2018-07-09 22:30:00,3.46,3.5165972224442443
2018-07-09 22:45:00,3.46,3.446064535514291
2018-07-09 23:00:00,3.35,3.540328185530232
2018-07-09 23:15:00,3.35,3.540328185530232
2018-07-09 23:30:00,3.31,3.6170062869429933
2018-07-09 23:45:00,3.31,3.6170062869429933
2018-07-10 00:00:00,3.42,3.501615566795042
2018-07-10 00:15:00,3.49,3.501615566795042
2018-07-10 00:30:00,3.38,3.5324840427856325
2018-07-10 00:45:00,3.35,3.6170062869429933
2018-07-10 01:00:00,2.99,3.5324840427856325
2018-07-10 01:15:00,2.84,3.5318749339414306
2018-07-10 01:30:00,2.81,3.2661277352595306
2018-07-10 01:45:00,3.42,3.100078715949628
2018-07-10 02:00:00,3.24,3.100078715949628
2018-07-10 02:15:00,2.92,3.353599414355653
2018-07-10 02:30:00,2.88,3.3898579668345192
2018-07-10 02:45:00,2.88,3.1474717431362014
2018-07-10 03:00:00,2.84,3.154458641494201
2018-07-10 03:15:00,2.95,3.156565790427947
2018-07-10 03:30:00,2.84,3.1328858654116107
2018-07-10 03:45:00,2.84,3.087518961733998
2018-07-10 04:00:00,2.88,3.1691905926081723
2018-07-10 04:15:00,2.88,3.1691905926081723
2018-07-10 04:30:00,2.95,3.1429614330549347
2018-07-10 04:45:00,2.99,3.1328858654116107
2018-07-10 05:00:00,3.31,3.1328858654116107
2018-07-10 05:15:00,2.84,3.0996201153215877
2018-07-10 05:30:00,2.84,3.4144110909746663
2018-07-10 05:45:00,2.81,3.1097541175924346
2018-07-10 06:00:00,2.88,3.1430835300618547
2018-07-10 06:15:00,2.84,3.1074636733221923
2018-07-10 06:30:00,2.84,3.0640002585819253
2018-07-10 06:45:00,2.88,3.074075826225249
2018-07-10 07:00:00,2.95,3.2692846735010423
2018-07-10 07:15:00,3.24,3.2806246074828254
2018-07-10 07:30:00,3.67,3.3394223022780545
2018-07-10 07:45:00,5.76,6.961086424375464
2018-07-10 08:00:00,39.56,37.32196254076916
2018-07-10 08:15:00,49.54,58.787636441658485
2018-07-10 08:30:00,53.6,67.52001581360042
2018-07-10 08:45:00,70.13,67.53953272583203
2018-07-10 09:00:00,59.76,63.39278817075025
2018-07-10 09:15:00,71.93,65.10198531783425
2018-07-10 09:30:00,61.63,59.313188194358034
2018-07-10 09:45:00,55.73,66.1095131298631
2018-07-10 10:00:00,55.48,64.90570242305826
2018-07-10 10:15:00,54.97,66.76001940110102
2018-07-10 10:30:00,50.94,60.80282746154693
2018-07-10 10:45:00,67.86,68.36734676972802
2018-07-10 11:00:00,63.83,61.74114636842413
2018-07-10 11:15:00,71.86,63.89686129978655
2018-07-10 11:30:00,55.84,62.21909715695406
2018-07-10 11:45:00,50.65,67.9408524646278
2018-07-10 12:00:00,4.07,9.457646899897478
2018-07-10 12:15:00,4.0,7.521639534586401
2018-07-10 12:30:00,4.03,6.159414968681591
2018-07-10 12:45:00,4.25,5.981313324701547
2018-07-10 13:00:00,36.25,39.53756449090241
2018-07-10 13:15:00,64.8,68.43393043644642
2018-07-10 13:30:00,55.58,60.59757076980191
2018-07-10 13:45:00,52.2,73.4476385041487
2018-07-10 14:00:00,54.83,61.029281416989
2018-07-10 14:15:00,64.08,62.364026086479534
2018-07-10 14:30:00,56.88,58.25589052869029
2018-07-10 14:45:00,47.7,63.57193145362895
2018-07-10 15:00:00,86.22,60.489548753788576
2018-07-10 15:15:00,113.29,59.157249837784946
2018-07-10 15:30:00,99.0,75.68371409007469
2018-07-10 15:45:00,118.91,83.58690071972788
2018-07-10 16:00:00,89.14,75.28776893042631
2018-07-10 16:15:00,92.74,97.72052593745869
2018-07-10 16:30:00,110.41,85.45608233422992
2018-07-10 16:45:00,95.11,91.56954846144625
2018-07-10 17:00:00,101.52,100.2064699889015
2018-07-10 17:15:00,82.8,98.70855167354117
2018-07-10 17:30:00,47.12,56.806761147251414
2018-07-10 17:45:00,29.02,58.56888951419119
2018-07-10 18:00:00,49.79,58.23042520735373
2018-07-10 18:15:00,79.56,56.890489521896306
2018-07-10 18:30:00,86.18,71.04726589402158
2018-07-10 18:45:00,108.58,81.44291554776572
2018-07-10 19:00:00,80.53,78.8398691889604
2018-07-10 19:15:00,49.68,96.68961509271338
2018-07-10 19:30:00,78.91,91.65637866459684
2018-07-10 19:45:00,74.59,76.0205317412671
2018-07-10 20:00:00,82.08,81.34405380398816
2018-07-10 20:15:00,44.75,72.64063006490922
2018-07-10 20:30:00,41.65,69.56524366513126
2018-07-10 20:45:00,28.33,47.1833770170325
2018-07-10 21:00:00,13.46,47.50316997617178
2018-07-10 21:15:00,3.67,14.44169157773018
2018-07-10 21:30:00,3.82,8.785643215026996
2018-07-10 21:45:00,3.64,3.4414984001735087
2018-07-10 22:00:00,3.6,3.7769933769871575
2018-07-10 22:15:00,3.38,3.1981385865161096
2018-07-10 22:30:00,3.35,3.6818577170887434
2018-07-10 22:45:00,3.31,3.6557189056781834
2018-07-10 23:00:00,3.31,3.6480378518239487
2018-07-10 23:15:00,3.28,3.6557189056781834
2018-07-10 23:30:00,3.28,3.501615566795042
2018-07-10 23:45:00,3.24,3.6170062869429933
2018-07-11 00:00:00,3.28,3.60072531740235
2018-07-11 00:15:00,3.38,3.60072531740235
2018-07-11 00:30:00,3.31,3.4853345972543988
2018-07-11 00:45:00,3.46,3.516203073244989
2018-07-11 01:00:00,3.35,3.516203073244989
2018-07-11 01:15:00,2.77,3.516203073244989
2018-07-11 01:30:00,2.74,3.3655888066978923
2018-07-11 01:45:00,2.77,3.1120681082918673
2018-07-11 02:00:00,2.74,3.0837977464089845
2018-07-11 02:15:00,2.74,3.0837977464089845
2018-07-11 02:30:00,2.81,3.091785937004968
2018-07-11 02:45:00,2.77,3.102920411712675
2018-07-11 03:00:00,2.77,3.1279800073033135
2018-07-11 03:15:00,2.84,3.141427090218843
2018-07-11 03:30:00,2.77,3.0712379921933546
2018-07-11 03:45:00,2.77,3.0712379921933546
2018-07-11 04:00:00,2.88,3.0712379921933546
2018-07-11 04:15:00,3.24,3.0712379921933546
2018-07-11 04:30:00,2.77,3.0712379921933546
2018-07-11 04:45:00,2.81,3.3759534002031093
2018-07-11 05:00:00,2.77,3.1044647013714726
2018-07-11 05:15:00,2.77,3.0712379921933546
2018-07-11 05:30:00,2.77,3.070444103523917
2018-07-11 05:45:00,2.74,3.0379722421033315
2018-07-11 06:00:00,2.74,3.0379722421033315
2018-07-11 06:15:00,2.99,3.024626582134011
2018-07-11 06:30:00,3.35,3.0609313093305723
2018-07-11 06:45:00,2.84,3.002352385363669
2018-07-11 07:00:00,2.81,3.4299352688100013
2018-07-11 07:15:00,2.92,3.2158987162461257
2018-07-11 07:30:00,3.13,3.3429965167987987
2018-07-11 07:45:00,3.2,4.229020510120055
2018-07-11 08:00:00,18.14,32.293827204868606
2018-07-11 08:15:00,111.2,50.318285190533125
2018-07-11 08:30:00,76.54,49.317169686211734
2018-07-11 08:45:00,55.51,99.21144435927876
2018-07-11 09:00:00,62.14,89.86587170471735
2018-07-11 09:15:00,53.35,76.85625165418398
2018-07-11 09:30:00,64.48,61.52657877549383
2018-07-11 09:45:00,53.93,50.72129423471178
2018-07-11 10:00:00,60.88,49.91720895654571
2018-07-11 10:15:00,66.71,59.42395982603771
2018-07-11 10:30:00,56.84,58.93598392494815
2018-07-11 10:45:00,62.53,69.79384621218176
2018-07-11 11:00:00,60.8,64.32277144052097
2018-07-11 11:15:00,68.18,63.73241484435346
2018-07-11 11:30:00,60.98,59.91291008574886
2018-07-11 11:45:00,59.83,62.2962316289074
2018-07-11 12:00:00,7.27,10.077836426322861
2018-07-11 12:15:00,4.61,6.213463534794309
2018-07-11 12:30:00,4.64,5.957756957034596
2018-07-11 12:45:00,4.54,7.0770481455241265
2018-07-11 13:00:00,42.88,38.21212057762719
2018-07-11 13:15:00,58.14,61.923884947664256
2018-07-11 13:30:00,63.32,61.76824906092029
2018-07-11 13:45:00,51.01,58.16910767568261
2018-07-11 14:00:00,45.72,60.41827880056059
2018-07-11 14:15:00,43.42,59.3339338185256
2018-07-11 14:30:00,47.63,57.492668184590414
2018-07-11 14:45:00,48.74,46.28042068461854
2018-07-11 15:00:00,39.71,56.29028562389783
2018-07-11 15:15:00,38.84,53.816761091787384
2018-07-11 15:30:00,38.92,43.03257894653765
2018-07-11 15:45:00,46.55,42.56685364121798
2018-07-11 16:00:00,49.46,43.00543193289813
2018-07-11 16:15:00,49.93,52.31923467211285
2018-07-11 16:30:00,49.28,56.61605004320053
2018-07-11 16:45:00,42.84,52.48146856984811
2018-07-11 17:00:00,43.34,47.39937846765385
2018-07-11 17:15:00,39.38,38.61507826050804
2018-07-11 17:30:00,33.08,30.8152402874897
2018-07-11 17:45:00,28.87,29.32982210711242
2018-07-11 18:00:00,29.88,33.72316827249856
2018-07-11 18:15:00,35.71,33.2706533053388
2018-07-11 18:30:00,43.92,34.69321565597093
2018-07-11 18:45:00,44.03,38.8241036722825
2018-07-11 19:00:00,46.48,39.66800370075566
2018-07-11 19:15:00,45.32,46.77345286088758
2018-07-11 19:30:00,38.02,46.30719212934999
2018-07-11 19:45:00,36.4,45.83108653546378
2018-07-11 20:00:00,38.34,40.7365560681535
2018-07-11 20:15:00,56.41,35.979619282138785
2018-07-11 20:30:00,27.97,33.90396097873488
2018-07-11 20:45:00,7.27,26.23514127040128
2018-07-11 21:00:00,5.4,5.174269896037361
2018-07-11 21:15:00,3.74,7.839539973068169
2018-07-11 21:30:00,3.78,5.1003523172522796
2018-07-11 21:45:00,3.82,4.120893403795211
2018-07-11 22:00:00,3.64,3.7055202514984655
2018-07-11 22:15:00,3.53,3.713702901788139
2018-07-11 22:30:00,3.53,3.520484615925366
2018-07-11 22:45:00,3.42,3.524047215989589
2018-07-11 23:00:00,2.88,3.524047215989589
2018-07-11 23:15:00,2.88,3.524047215989589
2018-07-11 23:30:00,2.92,3.231813898848374
2018-07-11 23:45:00,3.06,3.2344120129560814
2018-07-12 00:00:00,3.49,3.2344120129560814
2018-07-12 00:15:00,2.99,3.2426892533905933
2018-07-12 00:30:00,2.92,3.584169007475422
2018-07-12 00:45:00,2.99,3.256604546165533
2018-07-12 01:00:00,2.99,3.2345302019749895
2018-07-12 01:15:00,2.95,3.2124333359747643
2018-07-12 01:30:00,2.95,3.0617008804087593
2018-07-12 01:45:00,2.95,3.063998506464941
2018-07-12 02:00:00,2.99,3.0837977464089845
2018-07-12 02:15:00,3.02,3.0837977464089845
2018-07-12 02:30:00,2.99,3.080446003023185
2018-07-12 02:45:00,3.02,3.0766912521594376
2018-07-12 03:00:00,2.99,3.1166400733215305
2018-07-12 03:15:00,3.49,3.1070190707972807
2018-07-12 03:30:00,3.13,3.103612378074512
2018-07-12 03:45:00,3.06,3.408327786084267
2018-07-12 04:00:00,2.99,3.2165572700325096
2018-07-12 04:15:00,2.92,3.1989859607278284
2018-07-12 04:30:00,2.92,3.1378378643949465
2018-07-12 04:45:00,3.28,3.1185016036459667
2018-07-12 05:00:00,3.49,3.1185016036459667
2018-07-12 05:15:00,2.99,3.4232170116557215
2018-07-12 05:30:00,2.92,3.4575859901653785
2018-07-12 05:45:00,2.99,3.1528705821556238
2018-07-12 06:00:00,2.95,3.0763051538016906
2018-07-12 06:15:00,2.92,3.0828817469063043
2018-07-12 06:30:00,2.92,3.06799252133485
2018-07-12 06:45:00,2.99,3.057794856684606
2018-07-12 07:00:00,3.02,3.274541302592426
2018-07-12 07:15:00,3.31,3.264343637942182
2018-07-12 07:30:00,3.82,3.436396299130969
2018-07-12 07:45:00,4.1,5.7646185205846985
2018-07-12 08:00:00,37.04,46.08215914922828
2018-07-12 08:15:00,63.14,68.46296684949922
2018-07-12 08:30:00,66.49,62.3940016318339
2018-07-12 08:45:00,61.42,74.06843482158305
2018-07-12 09:00:00,67.61,68.28952310005224
2018-07-12 09:15:00,59.8,63.530934169302654
2018-07-12 09:30:00,70.13,57.510370411008196
2018-07-12 09:45:00,53.96,60.43530023255667
2018-07-12 10:00:00,63.86,67.15507250601934
2018-07-12 10:15:00,68.4,62.533491026521126
2018-07-12 10:30:00,57.42,62.70346781565594
2018-07-12 10:45:00,75.74,62.610093019760065
2018-07-12 11:00:00,58.82,66.68555865206658
2018-07-12 11:15:00,54.61,65.11886336601883
2018-07-12 11:30:00,68.26,60.97043692053825
2018-07-12 11:45:00,49.5,55.21996449325656
2018-07-12 12:00:00,4.36,11.599129131397211
2018-07-12 12:15:00,4.36,8.466436583510124
2018-07-12 12:30:00,4.39,5.809685137043848
2018-07-12 12:45:00,4.61,7.16027476327008
2018-07-12 13:00:00,4.97,49.585415296159866
2018-07-12 13:15:00,6.48,60.92748214262899
2018-07-12 13:30:00,5.22,50.37316307481928
2018-07-12 13:45:00,4.75,42.633637163125705
2018-07-12 14:00:00,39.53,41.27781423668789
2018-07-12 14:15:00,67.07,15.126423106625092
2018-07-12 14:30:00,45.22,62.538192449852204
2018-07-12 14:45:00,47.45,77.67872294655923
2018-07-12 15:00:00,54.86,50.72761313844986
2018-07-12 15:15:00,54.54,58.89926146561616
2018-07-12 15:30:00,48.13,58.460775616545604
2018-07-12 15:45:00,51.73,59.850336398819564
2018-07-12 16:00:00,57.46,50.563824150613286
2018-07-12 16:15:00,61.38,59.53278456321808
2018-07-12 16:30:00,48.92,57.97705124023719
2018-07-12 16:45:00,49.97,61.18395161626238
2018-07-12 17:00:00,62.93,53.38129515960028
2018-07-12 17:15:00,56.02,49.80899432703995
2018-07-12 17:30:00,31.86,42.153666478622625
2018-07-12 17:45:00,30.82,32.60089842174551
2018-07-12 18:00:00,51.95,42.52872105604914
2018-07-12 18:15:00,58.9,50.691847635784896
2018-07-12 18:30:00,56.92,66.42353701567438
2018-07-12 18:45:00,58.72,54.949812671217686
2018-07-12 19:00:00,49.39,54.67486389745256
2018-07-12 19:15:00,46.87,55.04983456165173
2018-07-12 19:30:00,47.27,52.290184085682014
2018-07-12 19:45:00,44.1,53.83419352430186
2018-07-12 20:00:00,48.89,51.67865926544155
2018-07-12 20:15:00,73.84,47.17516336727853
2018-07-12 20:30:00,49.32,38.218909145138916
2018-07-12 20:45:00,19.04,34.557466421407064
2018-07-12 21:00:00,7.99,14.079809392882174
2018-07-12 21:15:00,4.03,2.34669824025507
2018-07-12 21:30:00,3.64,5.711235361265336
2018-07-12 21:45:00,3.56,4.168623746416795
2018-07-12 22:00:00,3.53,3.701566073078616
2018-07-12 22:15:00,3.71,3.9890209599608943
2018-07-12 22:30:00,4.39,4.195598717977084
2018-07-12 22:45:00,3.82,4.232235328992144
2018-07-12 23:00:00,2.95,4.360035125327982
2018-07-12 23:15:00,2.66,3.6828344257975485
2018-07-12 23:30:00,2.7,3.2545948094833608
2018-07-12 23:45:00,2.74,3.203543536965491
2018-07-13 00:00:00,2.66,3.2048202029457187
2018-07-13 00:15:00,2.81,3.1987423742722876
2018-07-13 00:30:00,2.74,3.312856428440011
2018-07-13 00:45:00,2.77,3.2495036191431286
2018-07-13 01:00:00,2.81,3.1746019485745727
2018-07-13 01:15:00,2.81,3.012269171267263
2018-07-13 01:30:00,2.74,3.121804703208504
2018-07-13 01:45:00,2.81,2.9675165451304233
2018-07-13 02:00:00,2.77,2.9675165451304233
2018-07-13 02:15:00,2.74,2.9675165451304233
2018-07-13 02:30:00,2.77,2.9675165451304233
2018-07-13 02:45:00,3.2,3.121804703208504
2018-07-13 03:00:00,3.2,2.9925761407210616
2018-07-13 03:15:00,2.81,3.019209906236424
2018-07-13 03:30:00,2.84,3.063919148263228
2018-07-13 03:45:00,2.88,3.017466715573372
2018-07-13 04:00:00,2.84,2.994437671045498
2018-07-13 04:15:00,2.84,2.994437671045498
2018-07-13 04:30:00,3.17,2.984240006395254
2018-07-13 04:45:00,3.28,2.984240006395254
2018-07-13 05:00:00,2.84,3.2467687615340823
2018-07-13 05:15:00,2.84,3.5382584460320987
2018-07-13 05:30:00,2.81,3.017466715573372
2018-07-13 05:45:00,2.84,3.0167118678158396
2018-07-13 06:00:00,2.77,3.0167118678158396
2018-07-13 06:15:00,2.74,2.970894346425933
2018-07-13 06:30:00,2.81,2.970894346425933
2018-07-13 06:45:00,2.77,3.0071990736224947
2018-07-13 07:00:00,2.81,3.063557530619789
2018-07-13 07:15:00,3.2,3.0272528034232273
2018-07-13 07:30:00,3.38,3.1210211915064803
2018-07-13 07:45:00,3.67,4.031223420747253
2018-07-13 08:00:00,29.95,40.0881931435844
2018-07-13 08:15:00,39.06,66.99317953227839
2018-07-13 08:30:00,46.91,58.15382547598996
2018-07-13 08:45:00,48.42,47.52771975732744
2018-07-13 09:00:00,49.07,54.28301249968734
2018-07-13 09:15:00,60.91,55.51385606458177
2018-07-13 09:30:00,65.52,52.77517531579265
2018-07-13 09:45:00,56.66,54.95662925596179
2018-07-13 10:00:00,55.19,57.04563813885841
2018-07-13 10:15:00,61.56,56.49885856915922
2018-07-13 10:30:00,51.01,60.040607888435574
2018-07-13 10:45:00,53.03,64.58785520138223
2018-07-13 11:00:00,57.78,64.82858347622515
2018-07-13 11:15:00,56.74,63.2526495777563
2018-07-13 11:30:00,47.45,58.895913140366076
2018-07-13 11:45:00,46.33,52.49309024722886
2018-07-13 12:00:00,6.73,10.236015942149207
2018-07-13 12:15:00,4.57,5.5110973050681205
2018-07-13 12:30:00,4.86,5.8117369314286
2018-07-13 12:45:00,5.72,5.513980646981338
2018-07-13 13:00:00,34.78,35.651447226557366
2018-07-13 13:15:00,52.42,51.23245001941887
2018-07-13 13:30:00,58.75,56.94813939177704
2018-07-13 13:45:00,48.24,58.75581235141335
2018-07-13 14:00:00,51.84,58.01086499618065
2018-07-13 14:15:00,61.85,53.4174516731457
2018-07-13 14:30:00,47.27,58.38407224526802
2018-07-13 14:45:00,48.74,61.18966410988557
2018-07-13 15:00:00,53.24,53.01861401337204
2018-07-13 15:15:00,54.72,56.391768819205474
2018-07-13 15:30:00,57.31,58.28219450399047
2018-07-13 15:45:00,46.62,54.32457626133365
2018-07-13 16:00:00,48.35,51.435754707557344
2018-07-13 16:15:00,49.5,51.32727811539944
2018-07-13 16:30:00,54.83,53.18556104476649
2018-07-13 16:45:00,57.13,56.126000880295614
2018-07-13 17:00:00,58.14,54.464146073120894
2018-07-13 17:15:00,54.94,49.42178513617025
2018-07-13 17:30:00,30.89,39.84954447875921
2018-07-13 17:45:00,31.1,31.377456210375477
2018-07-13 18:00:00,34.88,40.158488802003944
2018-07-13 18:15:00,59.94,52.29841043892348
2018-07-13 18:30:00,57.56,42.62765372363919
2018-07-13 18:45:00,48.89,55.88394006490446
2018-07-13 19:00:00,46.87,53.70751284582419
2018-07-13 19:15:00,62.6,49.23105547301617
2018-07-13 19:30:00,55.44,50.53157007930367
2018-07-13 19:45:00,65.66,58.70393476441903
2018-07-13 20:00:00,57.6,54.04527518815012
2018-07-13 20:15:00,61.85,60.60989586225219
2018-07-13 20:30:00,46.84,47.855297087612115
2018-07-13 20:45:00,27.22,35.030921274307
2018-07-13 21:00:00,20.45,22.884118190342335
2018-07-13 21:15:00,3.89,11.54741306767316
2018-07-13 21:30:00,3.82,9.924358082436553
2018-07-13 21:45:00,3.78,3.819366637758604
2018-07-13 22:00:00,3.74,3.7963549340164375
2018-07-13 22:15:00,4.54,3.5134516214344784
2018-07-13 22:30:00,3.67,4.265484948216656
2018-07-13 22:45:00,3.2,4.346625226660906
2018-07-13 23:00:00,2.7,3.5253238819698165
2018-07-13 23:15:00,2.74,3.314028416136354
2018-07-13 23:30:00,2.66,3.347204618996325
2018-07-13 23:45:00,2.59,3.2048202029457187
2018-07-14 00:00:00,2.56,3.522489101390509
2018-07-14 00:15:00,2.63,3.516411272717078
2018-07-14 00:30:00,2.63,3.567172517587919
2018-07-14 00:45:00,2.74,3.2136480438293438
2018-07-14 01:00:00,2.66,3.189507618131629
2018-07-14 01:15:00,2.63,3.1330364812345763
2018-07-14 01:30:00,2.66,2.9675165451304233
2018-07-14 01:45:00,2.7,2.9675165451304233
2018-07-14 02:00:00,2.66,2.9675165451304233
2018-07-14 02:15:00,2.74,2.9675165451304233
2018-07-14 02:30:00,2.88,3.121804703208504
2018-07-14 02:45:00,3.24,2.9675165451304233
2018-07-14 03:00:00,2.77,2.9925761407210616
2018-07-14 03:15:00,2.84,3.2774728815563225
2018-07-14 03:30:00,3.31,3.017466715573372
2018-07-14 03:45:00,3.06,2.984240006395254
2018-07-14 04:00:00,2.74,3.2991530790552526
2018-07-14 04:15:00,2.74,3.0453490618162307
2018-07-14 04:30:00,2.74,3.0035762671442336
2018-07-14 04:45:00,2.74,2.820236681581155
2018-07-14 05:00:00,2.74,3.053016595012401
2018-07-14 05:15:00,2.84,2.984240006395254
2018-07-14 05:30:00,2.7,2.810039016930911
2018-07-14 05:45:00,2.7,3.042818930362157
2018-07-14 06:00:00,2.7,3.042818930362157
2018-07-14 06:15:00,2.7,2.9486201496555915
2018-07-14 06:30:00,2.7,2.9486201496555915
2018-07-14 06:45:00,2.7,2.9486201496555915
2018-07-14 07:00:00,2.66,2.9818858997456146
2018-07-14 07:15:00,2.77,2.9486201496555915
2018-07-14 07:30:00,3.74,3.1441138984137513
2018-07-14 07:45:00,3.92,4.018036738147417
2018-07-14 08:00:00,22.5,23.256737980864347
2018-07-14 08:15:00,35.89,30.112638983339586
2018-07-14 08:30:00,38.63,22.831472191418953
2018-07-14 08:45:00,37.33,40.61413545262181
2018-07-14 09:00:00,37.76,43.497459543524464
2018-07-14 09:15:00,37.73,41.92929555840222
2018-07-14 09:30:00,37.08,41.08312694426678
2018-07-14 09:45:00,39.13,39.956581160678596
2018-07-14 10:00:00,37.84,40.20247920678772
2018-07-14 10:15:00,38.3,40.42224369367731
2018-07-14 10:30:00,36.04,40.787719456182955
2018-07-14 10:45:00,37.48,38.54342442067199
2018-07-14 11:00:00,38.05,34.40175369956082
2018-07-14 11:15:00,35.68,39.30067352949564
2018-07-14 11:30:00,38.16,37.085422704753384
2018-07-14 11:45:00,24.59,23.452366904798456
2018-07-14 12:00:00,3.71,9.284201046359058
2018-07-14 12:15:00,4.32,7.8987930622255735
2018-07-14 12:30:00,3.89,4.727801201024176
2018-07-14 12:45:00,3.42,6.163369920289436
2018-07-14 13:00:00,22.03,16.085589286905517
2018-07-14 13:15:00,36.76,33.00217235812607
2018-07-14 13:30:00,34.96,31.484461153017733
2018-07-14 13:45:00,36.83,40.32650855960335
2018-07-14 14:00:00,35.86,34.73076811634274
2018-07-14 14:15:00,33.84,40.11393547171579
2018-07-14 14:30:00,70.2,36.37421349536563
2018-07-14 14:45:00,77.18,35.11466015294265
2018-07-14 15:00:00,73.26,67.7154494531844
2018-07-14 15:15:00,76.28,72.08322226657225
2018-07-14 15:30:00,84.28,69.91579819484028
2018-07-14 15:45:00,61.56,68.70597462350308
2018-07-14 16:00:00,57.46,70.01263981195034
2018-07-14 16:15:00,84.49,63.29178680225738
2018-07-14 16:30:00,71.96,59.95869285463421
2018-07-14 16:45:00,40.1,54.15498455910452
2018-07-14 17:00:00,25.99,59.936715229168335
2018-07-14 17:15:00,24.84,41.19340401107705
2018-07-14 17:30:00,26.1,14.351315400061592
2018-07-14 17:45:00,24.3,11.235625909088258
2018-07-14 18:00:00,5.47,21.919981059481607
2018-07-14 18:15:00,2.99,16.31451476744341
2018-07-14 18:30:00,2.88,4.384790637793877
2018-07-14 18:45:00,2.95,3.5222360193085755
2018-07-14 19:00:00,2.92,3.7658839523313374
2018-07-14 19:15:00,3.28,3.783793174513653
2018-07-14 19:30:00,3.31,3.797865171856458
2018-07-14 19:45:00,2.92,4.022004373677985
2018-07-14 20:00:00,2.92,4.037827029043442
2018-07-14 20:15:00,2.95,3.6559968122445246
2018-07-14 20:30:00,2.92,3.5868707286110393
2018-07-14 20:45:00,2.99,3.5509945732817507
2018-07-14 21:00:00,2.99,3.209056756682026
2018-07-14 21:15:00,3.02,3.172644591657804
2018-07-14 21:30:00,3.56,3.189507618131629
2018-07-14 21:45:00,3.64,3.189507618131629
2018-07-14 22:00:00,3.06,3.4353847339404724
2018-07-14 22:15:00,2.92,3.448867615285207
2018-07-14 22:30:00,2.81,2.940927414024947
2018-07-14 22:45:00,2.81,2.9160938636635074
2018-07-14 23:00:00,2.77,2.98853321311773
2018-07-14 23:15:00,2.81,2.98853321311773
2018-07-14 23:30:00,2.77,3.015721134534322
2018-07-14 23:45:00,2.77,3.023987682027476
2018-07-15 00:00:00,2.84,2.9907219319374527
2018-07-15 00:15:00,2.84,2.9907219319374527
2018-07-15 00:30:00,2.84,2.97700052066684
2018-07-15 00:45:00,2.84,2.9342507950404
2018-07-15 01:00:00,3.17,2.9342507950404
2018-07-15 01:15:00,3.38,2.9342507950404
2018-07-15 01:30:00,2.92,2.9536951169779755
2018-07-15 01:45:00,2.84,3.249307605419331
2018-07-15 02:00:00,2.84,2.995786907013306
2018-07-15 02:15:00,2.88,3.0079686447006817
2018-07-15 02:30:00,3.35,2.989815363368257
2018-07-15 02:45:00,3.1,2.956524991810742
2018-07-15 03:00:00,2.95,3.4192522194609594
2018-07-15 03:15:00,2.92,3.1110155393814454
2018-07-15 03:30:00,2.84,3.062155191111137
2018-07-15 03:45:00,2.84,3.0267874354591635
2018-07-15 04:00:00,2.81,3.0167118678158396
2018-07-15 04:15:00,2.84,3.0296069100728666
2018-07-15 04:30:00,2.84,3.0296069100728666
2018-07-15 04:45:00,2.92,3.065911637269428
2018-07-15 05:00:00,2.81,3.065911637269428
2018-07-15 05:15:00,2.77,3.0729482278062137
2018-07-15 05:30:00,2.81,3.0729482278062137
2018-07-15 05:45:00,2.81,3.0296069100728666
2018-07-15 06:00:00,2.81,3.0296069100728666
2018-07-15 06:15:00,2.81,2.9486201496555915
2018-07-15 06:30:00,4.28,2.9939870533332043
2018-07-15 06:45:00,3.2,3.0272528034232273
2018-07-15 07:00:00,2.74,3.974409611691543
2018-07-15 07:15:00,2.74,2.8462153472652494
2018-07-15 07:30:00,3.67,3.37201260317055
2018-07-15 07:45:00,8.86,4.493118089559666
2018-07-15 08:00:00,56.88,12.997614638864253
2018-07-15 08:15:00,90.68,32.75833302950775
2018-07-15 08:30:00,71.75,72.51496449360738
2018-07-15 08:45:00,111.92,86.7779784506875
2018-07-15 09:00:00,86.65,76.35709747138011
2018-07-15 09:15:00,82.66,79.73672320852512
2018-07-15 09:30:00,101.05,79.6135586550629
2018-07-15 09:45:00,77.62,71.8808168858256
2018-07-15 10:00:00,108.47,91.34176979402037
2018-07-15 10:15:00,98.57,82.77471736830908
2018-07-15 10:30:00,80.46,93.47243084074083
2018-07-15 10:45:00,107.71,90.41688336647256
2018-07-15 11:00:00,78.66,83.58308835170727
2018-07-15 11:15:00,90.14,95.13337341375392
2018-07-15 11:30:00,87.3,85.66485044836521
2018-07-15 11:45:00,35.06,84.96098062660877
2018-07-15 12:00:00,5.58,9.541255681333714
2018-07-15 12:15:00,4.5,13.691374981159733
2018-07-15 12:30:00,4.28,4.738352530363312
2018-07-15 12:45:00,4.18,6.7234325945360665
2018-07-15 13:00:00,48.92,40.451203015575665
2018-07-15 13:15:00,97.6,45.05020365914331
2018-07-15 13:30:00,88.88,70.86189625228828
2018-07-15 13:45:00,94.86,74.13623815580668
2018-07-15 14:00:00,99.86,86.00420889189832
2018-07-15 14:15:00,88.34,81.33218386129202
2018-07-15 14:30:00,95.72,92.28436954376464
2018-07-15 14:45:00,99.61,86.80881546511017
2018-07-15 15:00:00,85.93,81.58649698856965
2018-07-15 15:15:00,96.91,92.8471944184509
2018-07-15 15:30:00,98.06,88.10253702906158
2018-07-15 15:45:00,88.27,81.98416290119363
2018-07-15 16:00:00,97.85,87.65848657400977
2018-07-15 16:15:00,84.6,85.40193059736004
2018-07-15 16:30:00,91.04,80.39248020483726
2018-07-15 16:45:00,49.54,84.41643250778841
2018-07-15 17:00:00,26.89,75.6401441587864
2018-07-15 17:15:00,26.06,53.24159315218122
2018-07-15 17:30:00,25.56,17.06423455995215
2018-07-15 17:45:00,25.31,29.38350232876185
2018-07-15 18:00:00,37.73,30.277187409108127
2018-07-15 18:15:00,42.05,26.731445252341764
2018-07-15 18:30:00,39.46,42.08939261183617
2018-07-15 18:45:00,44.53,44.76813748672868
2018-07-15 19:00:00,45.79,39.8851066822455
2018-07-15 19:15:00,47.45,40.680022902493235
2018-07-15 19:30:00,44.5,46.43208321933742
2018-07-15 19:45:00,44.71,48.4300458726106
2018-07-15 20:00:00,44.35,41.73982520599234
2018-07-15 20:15:00,44.28,47.61060397481586
2018-07-15 20:30:00,44.03,36.28249895435326
2018-07-15 20:45:00,11.63,25.708118122299314
2018-07-15 21:00:00,6.3,13.599405182870274
2018-07-15 21:15:00,3.78,5.555766481173761
2018-07-15 21:30:00,3.67,3.724907327549993
2018-07-15 21:45:00,3.85,2.3910576125686323
2018-07-15 22:00:00,4.72,3.579631199838569
2018-07-15 22:15:00,3.78,3.661645122883791
2018-07-15 22:30:00,3.46,4.08626058650741
2018-07-15 22:45:00,3.49,3.630681561959131
2018-07-15 23:00:00,2.77,3.5481047926048035
2018-07-15 23:15:00,2.84,3.5253238819698165
2018-07-15 23:30:00,2.81,3.2330905648286015
2018-07-15 23:45:00,2.92,3.2048202029457187
2018-07-16 00:00:00,2.92,3.2198245065061344
2018-07-16 00:15:00,2.92,3.2645079227035443
2018-07-16 00:30:00,2.88,3.2137466778327033
2018-07-16 00:45:00,2.88,3.2137466778327033
2018-07-16 01:00:00,2.88,3.2446151538232937
2018-07-16 01:15:00,2.92,3.1882622059451493
2018-07-16 01:30:00,2.88,3.0719040212759716
2018-07-16 01:45:00,2.95,3.0375297503791443
2018-07-16 02:00:00,2.99,3.0802794760055843
2018-07-16 02:15:00,2.95,3.234567634083665
2018-07-16 02:30:00,3.42,3.0912721087863697
2018-07-16 02:45:00,2.99,3.082896654056757
2018-07-16 03:00:00,2.92,3.3881264832249056
2018-07-16 03:15:00,2.99,3.1084692493939925
2018-07-16 03:30:00,2.88,3.1096956829649116
2018-07-16 03:45:00,2.84,3.0867250730645606
2018-07-16 04:00:00,3.42,3.1198933476151556
2018-07-16 04:15:00,3.06,3.124584908536366
2018-07-16 04:30:00,2.88,3.4246087556249103
2018-07-16 04:45:00,2.92,3.197033897939126
2018-07-16 05:00:00,2.81,3.143921169285346
2018-07-16 05:15:00,2.77,3.1198933476151556
2018-07-16 05:30:00,2.81,3.13478257318661
2018-07-16 05:45:00,2.81,3.0996201153215877
2018-07-16 06:00:00,2.92,3.0996201153215877
2018-07-16 06:15:00,3.35,3.100304985778487
2018-07-16 06:30:00,2.77,3.100304985778487
2018-07-16 06:45:00,2.77,3.344529270413942
2018-07-16 07:00:00,2.81,3.287622157107706
2018-07-16 07:15:00,3.28,3.198952976608651
2018-07-16 07:30:00,3.6,3.3042530632506857
2018-07-16 07:45:00,5.26,6.915719520697852
2018-07-16 08:00:00,63.25,34.50950145041227
2018-07-16 08:15:00,88.49,59.5457364992076
2018-07-16 08:30:00,94.21,88.01706273511826
2018-07-16 08:45:00,89.21,97.42577650707887
2018-07-16 09:00:00,97.81,86.68105498763083
2018-07-16 09:15:00,94.82,82.78763677643697
2018-07-16 09:30:00,77.9,84.84754323284871
2018-07-16 09:45:00,91.37,88.71068222664034
2018-07-16 10:00:00,101.27,91.83565221315462
2018-07-16 10:15:00,88.42,84.40575681300885
2018-07-16 10:30:00,55.33,88.83921746106144
2018-07-16 10:45:00,66.6,84.72339466172677
2018-07-16 11:00:00,47.92,78.23115375339144
2018-07-16 11:15:00,53.39,73.31623296423774
2018-07-16 11:30:00,75.71,54.05231760828723
2018-07-16 11:45:00,52.6,52.20922908196718
2018-07-16 12:00:00,5.69,12.423536205927977
2018-07-16 12:15:00,5.54,4.424428632116517
2018-07-16 12:30:00,5.36,7.682934363446884
2018-07-16 12:45:00,6.16,7.232862746377418
2018-07-16 13:00:00,30.92,63.91184014848204
2018-07-16 13:15:00,71.35,52.57091042513065
2018-07-16 13:30:00,52.13,61.746595435623384
2018-07-16 13:45:00,50.47,84.49285336898421
2018-07-16 14:00:00,55.76,62.80759406308516
2018-07-16 14:15:00,62.5,64.3356353282574
2018-07-16 14:30:00,57.6,60.16816042299661
2018-07-16 14:45:00,65.81,63.76424117298372
2018-07-16 15:00:00,66.71,58.90648384489948
2018-07-16 15:15:00,60.05,63.622486484777056
2018-07-16 15:30:00,59.76,65.62785408569155
2018-07-16 15:45:00,64.15,62.10482200390508
2018-07-16 16:00:00,67.18,59.608936489786366
2018-07-16 16:15:00,65.3,63.033960527630704
2018-07-16 16:30:00,69.01,65.73636365841492
2018-07-16 16:45:00,67.07,64.39355172976403
2018-07-16 17:00:00,61.38,62.32148007912366
2018-07-16 17:15:00,56.02,61.765957427232756
2018-07-16 17:30:00,29.88,42.8266005076208
2018-07-16 17:45:00,31.21,32.13678905812549
2018-07-16 18:00:00,36.47,40.205982524637186
2018-07-16 18:15:00,46.48,54.77119677413974
2018-07-16 18:30:00,54.5,52.6154023207921
2018-07-16 18:45:00,56.16,48.87705958408187
2018-07-16 19:00:00,63.11,54.53297875302632
2018-07-16 19:15:00,61.85,53.36195440764311
2018-07-16 19:30:00,58.18,58.84373772576739
2018-07-16 19:45:00,55.01,59.136519350741445
2018-07-16 20:00:00,51.05,59.88669317209214
2018-07-16 20:15:00,49.46,57.81852462091228
2018-07-16 20:30:00,44.06,50.81675256721557
2018-07-16 20:45:00,23.0,35.444359493281496
2018-07-16 21:00:00,4.9,19.803846594325314
2018-07-16 21:15:00,4.18,0.5884976523775346
2018-07-16 21:30:00,3.82,4.958519817733427
2018-07-16 21:45:00,3.82,2.849644635344645
2018-07-16 22:00:00,3.71,3.7667709189652663
2018-07-16 22:15:00,3.64,3.689997632202529
2018-07-16 22:30:00,3.64,3.6212246380004247
2018-07-16 22:45:00,3.53,3.542002642333962
2018-07-16 23:00:00,3.53,3.540328185530232
2018-07-16 23:15:00,3.89,3.6557189056781834
2018-07-16 23:30:00,3.46,3.6170062869429933
2018-07-16 23:45:00,2.92,3.775793496750953
2018-07-17 00:00:00,2.95,3.501615566795042
2018-07-17 00:15:00,2.92,3.248094868389017
2018-07-17 00:30:00,2.95,3.2198245065061344
2018-07-17 00:45:00,2.95,3.2198245065061344
2018-07-17 01:00:00,2.99,3.2446151538232937
2018-07-17 01:15:00,2.99,3.2482890453542774
2018-07-17 01:30:00,3.02,3.2482890453542774
2018-07-17 01:45:00,2.95,3.094000887276197
2018-07-17 02:00:00,2.99,3.0802794760055843
2018-07-17 02:15:00,2.95,3.0863573046790154
2018-07-17 02:30:00,2.99,3.1014697734366137
2018-07-17 02:45:00,3.49,3.103169886350325
2018-07-17 03:00:00,3.42,3.1180318172907193
2018-07-17 03:15:00,2.92,3.461281198437702
2018-07-17 03:30:00,2.95,3.495792775814262
2018-07-17 03:45:00,2.88,3.201275032454751
2018-07-17 04:00:00,2.95,3.1198933476151556
2018-07-17 04:15:00,2.92,3.13478257318661
2018-07-17 04:30:00,2.95,3.1096956829649116
2018-07-17 04:45:00,3.13,3.124584908536366
2018-07-17 05:00:00,3.49,3.135924842518149
2018-07-17 05:15:00,2.99,3.1823772752080055
2018-07-17 05:30:00,2.92,3.433747351723646
2018-07-17 05:45:00,2.92,3.1429223921430296
2018-07-17 06:00:00,2.95,3.0562813961457724
2018-07-17 06:15:00,2.92,3.084273490875493
2018-07-17 06:30:00,2.88,3.084273490875493
2018-07-17 06:45:00,2.88,3.074075826225249
2018-07-17 07:00:00,2.99,3.3138903575728484
2018-07-17 07:15:00,3.17,3.3138903575728484
2018-07-17 07:30:00,3.24,3.364387095492833
2018-07-17 07:45:00,3.49,4.281974295932493
2018-07-17 08:00:00,32.83,38.72728171329975
2018-07-17 08:15:00,47.38,55.46478331485053
2018-07-17 08:30:00,67.75,58.55947203877416
2018-07-17 08:45:00,67.86,58.146138116343046
2018-07-17 09:00:00,58.64,69.17458024953875
2018-07-17 09:15:00,82.3,63.46662225494244
2018-07-17 09:30:00,60.91,57.54865845716702
2018-07-17 09:45:00,66.56,67.01935999096607
2018-07-17 10:00:00,50.0,61.39746297009776
2018-07-17 10:15:00,52.2,64.60041490020582
2018-07-17 10:30:00,49.79,58.85293197715326
2018-07-17 10:45:00,47.38,60.86316024907208
2018-07-17 11:00:00,54.0,61.21931524378852
2018-07-17 11:15:00,66.42,56.41870426270063
2018-07-17 11:30:00,54.72,60.05539962340304
2018-07-17 11:45:00,69.73,61.05257986363209
2018-07-17 12:00:00,8.39,6.392117560791577
2018-07-17 12:15:00,4.86,7.613256050910056
2018-07-17 12:30:00,4.46,5.372708541544364
2018-07-17 12:45:00,4.25,7.176316962642625
2018-07-17 13:00:00,26.46,38.644715128019214
2018-07-17 13:15:00,59.62,71.06340805858947
2018-07-17 13:30:00,80.82,52.65227643624891
2018-07-17 13:45:00,96.62,60.615997420327425
2018-07-17 14:00:00,79.74,75.25409706029282
2018-07-17 14:15:00,104.94,86.31282853986554
2018-07-17 14:30:00,94.54,83.35819258205429
2018-07-17 14:45:00,71.35,91.5058980350006
2018-07-17 15:00:00,71.6,88.12669231687667
2018-07-17 15:15:00,72.97,85.70282300504789
2018-07-17 15:30:00,104.58,77.39977070889006
2018-07-17 15:45:00,78.55,72.50398968653502
2018-07-17 16:00:00,108.4,85.93757280970411
2018-07-17 16:15:00,100.55,84.66839956786289
2018-07-17 16:30:00,88.45,89.98894315566795
2018-07-17 16:45:00,104.26,95.00749401469272
2018-07-17 17:00:00,76.61,90.95788020714572
2018-07-17 17:15:00,60.05,85.43281328343105
2018-07-17 17:30:00,32.44,52.31449538403256
2018-07-17 17:45:00,32.29,47.137417618872085
2018-07-17 18:00:00,45.79,57.515105375796516
2018-07-17 18:15:00,91.04,74.26027880409882
2018-07-17 18:30:00,87.05,69.46385169086346
2018-07-17 18:45:00,60.48,84.67758197384022
2018-07-17 19:00:00,46.8,82.87285400591816
2018-07-17 19:15:00,55.48,64.65062278134937
2018-07-17 19:30:00,44.89,56.30999918181928
2018-07-17 19:45:00,57.17,65.8508078230888
2018-07-17 20:00:00,37.48,59.43184763537326
2018-07-17 20:15:00,55.76,59.05908101982262
2018-07-17 20:30:00,36.47,41.89839809980543
2018-07-17 20:45:00,9.86,29.445703664426254
2018-07-17 21:00:00,6.62,22.259306200768393
2018-07-17 21:15:00,3.78,8.04344521109961
2018-07-17 21:30:00,3.85,5.507218928953851
2018-07-17 21:45:00,3.85,4.011133807745656
2018-07-17 22:00:00,3.74,3.5811502761227825
2018-07-17 22:15:00,3.67,3.699115395338192
2018-07-17 22:30:00,3.53,3.8246807231013387
2018-07-17 22:45:00,2.81,3.6557189056781834
2018-07-17 23:00:00,2.74,3.6557189056781834
2018-07-17 23:15:00,2.7,3.2868074871242072
2018-07-17 23:30:00,2.66,3.2198245065061344
2018-07-17 23:45:00,2.66,3.2198245065061344
2018-07-18 00:00:00,2.7,3.312856428440011
2018-07-18 00:15:00,2.74,3.2283341842826503
2018-07-18 00:30:00,2.74,3.19746570829206
2018-07-18 00:45:00,2.7,3.2283341842826503
2018-07-18 01:00:00,2.7,3.1718630473855978
2018-07-18 01:15:00,2.7,3.171981236404506
2018-07-18 01:30:00,2.77,3.021248780838501
2018-07-18 01:45:00,3.24,3.021248780838501
2018-07-18 02:00:00,3.42,3.021248780838501
2018-07-18 02:15:00,2.92,3.274769479244526
2018-07-18 02:30:00,2.88,3.3030398411274087
2018-07-18 02:45:00,2.88,3.0495191427213837
2018-07-18 03:00:00,2.92,3.02324029098936
2018-07-18 03:15:00,2.81,3.0366873739048894
2018-07-18 03:30:00,2.88,3.0379722421033315
2018-07-18 03:45:00,3.02,3.0379722421033315
2018-07-18 04:00:00,3.35,3.0965511660702347
2018-07-18 04:15:00,2.84,3.0965511660702347
2018-07-18 04:30:00,2.81,3.5325348130088208
2018-07-18 04:45:00,2.77,3.093473148051791
2018-07-18 05:00:00,2.81,3.070444103523917
2018-07-18 05:15:00,2.77,3.080519671167241
2018-07-18 05:30:00,2.74,3.0379722421033315
2018-07-18 05:45:00,2.7,3.060246438873673
2018-07-18 06:00:00,2.74,3.141569689085746
2018-07-18 06:15:00,2.74,3.1172897663278665
2018-07-18 06:30:00,2.77,3.047719289041282
2018-07-18 06:45:00,2.66,3.002352385363669
2018-07-18 07:00:00,2.66,3.1826720070680077
2018-07-18 07:15:00,2.99,3.1826720070680077
2018-07-18 07:30:00,3.31,3.3327988521485548
2018-07-18 07:45:00,3.82,4.218822845469811
2018-07-18 08:00:00,29.74,40.199511338238786
2018-07-18 08:15:00,43.31,64.75212352350154
2018-07-18 08:30:00,49.68,56.44986538217036
2018-07-18 08:45:00,47.52,49.561813040931824
2018-07-18 09:00:00,55.94,61.325967046607005
2018-07-18 09:15:00,50.11,56.54857066363699
2018-07-18 09:30:00,45.61,57.09625517422114
2018-07-18 09:45:00,50.83,55.31619247125221
2018-07-18 10:00:00,44.75,54.315400440344824
2018-07-18 10:15:00,50.94,59.48873746698598
2018-07-18 10:30:00,64.15,55.93223069902793
2018-07-18 10:45:00,76.1,58.02634296151865
2018-07-18 11:00:00,51.34,61.91153656372402
2018-07-18 11:15:00,51.37,73.25699208526532
2018-07-18 11:30:00,55.04,65.31695250623476
2018-07-18 11:45:00,47.59,53.14356988497336
2018-07-18 12:00:00,29.45,9.920340772288458
2018-07-18 12:15:00,30.92,7.133671524822722
2018-07-18 12:30:00,29.16,19.00145327305165
2018-07-18 12:45:00,29.45,33.315372107872214
2018-07-18 13:00:00,44.89,44.65866619583977
2018-07-18 13:15:00,73.87,46.06045647461762
2018-07-18 13:30:00,59.8,54.3871172787648
2018-07-18 13:45:00,66.96,71.66337572822249
2018-07-18 14:00:00,62.57,61.89195848867346
2018-07-18 14:15:00,54.07,61.449652221087156
2018-07-18 14:30:00,60.48,61.959161280653014
2018-07-18 14:45:00,56.99,64.9280270814131
2018-07-18 15:00:00,48.38,61.94049030138746
2018-07-18 15:15:00,52.49,60.82796877902903
2018-07-18 15:30:00,59.18,58.93122755967001
2018-07-18 15:45:00,60.59,59.441326040597296
2018-07-18 16:00:00,61.96,58.049303040759185
2018-07-18 16:15:00,61.45,61.43887713966956
2018-07-18 16:30:00,61.99,59.76267369764254
2018-07-18 16:45:00,53.17,60.947280457675966
2018-07-18 17:00:00,50.51,59.01135562188238
2018-07-18 17:15:00,60.3,53.2018745067372
2018-07-18 17:30:00,60.34,40.62136674273854
2018-07-18 17:45:00,53.32,33.16970043400817
2018-07-18 18:00:00,5.83,36.05934645852314
2018-07-18 18:15:00,3.78,38.271529140188484
2018-07-18 18:30:00,3.42,2.3317047866293663
2018-07-18 18:45:00,3.38,3.901827948952635
2018-07-18 19:00:00,3.42,4.620609019150588
2018-07-18 19:15:00,3.42,4.355867833308683
2018-07-18 19:30:00,3.42,3.330290861685186
2018-07-18 19:45:00,3.28,3.5691446513942626
2018-07-18 20:00:00,2.81,3.763767423682718
2018-07-18 20:15:00,2.77,3.6786974851433385
2018-07-18 20:30:00,2.77,3.349516902856766
2018-07-18 20:45:00,2.84,3.3116484106690893
2018-07-18 21:00:00,2.92,3.035656820823122
2018-07-18 21:15:00,2.88,2.9956365623435968
2018-07-18 21:30:00,2.95,3.312856428440011
2018-07-18 21:45:00,3.28,3.312856428440011
2018-07-18 22:00:00,3.28,3.19746570829206
2018-07-18 22:15:00,2.81,3.425501934810531
2018-07-18 22:30:00,2.84,3.3030398411274087
2018-07-18 22:45:00,2.81,3.0495191427213837
2018-07-18 23:00:00,2.81,3.0617008804087593
2018-07-18 23:15:00,2.7,3.070076335138372
2018-07-18 23:30:00,2.77,3.055623051735328
2018-07-18 23:45:00,3.38,3.063998506464941
2018-07-19 00:00:00,2.99,3.0777199177355534
2018-07-19 00:15:00,2.84,3.4417441853559385
2018-07-19 00:30:00,2.77,2.9850134101512698
2018-07-19 00:45:00,2.81,3.0086292224676194
2018-07-19 01:00:00,2.81,2.994060859421909
2018-07-19 01:15:00,3.1,2.994060859421909
2018-07-19 01:30:00,2.95,2.987983030748478
2018-07-19 01:45:00,3.02,3.007427352686053
2018-07-19 02:00:00,2.99,3.0955117983649396
2018-07-19 02:15:00,2.99,3.0694533702423996
2018-07-19 02:30:00,3.02,3.0204548921690635
2018-07-19 02:45:00,2.92,2.987983030748478
2018-07-19 03:00:00,2.95,3.02324029098936
2018-07-19 03:15:00,3.46,3.0366873739048894
2018-07-19 03:30:00,3.38,3.1067488307204787
2018-07-19 03:45:00,2.74,3.5427324776590647
2018-07-19 04:00:00,2.77,3.4795118062736186
2018-07-19 04:15:00,3.17,3.1415306481738408
2018-07-19 04:30:00,2.99,3.1185016036459667
2018-07-19 04:45:00,2.81,3.299358727910621
2018-07-19 05:00:00,2.7,3.103548715695115
2018-07-19 05:15:00,2.7,3.070322006516997
2018-07-19 05:30:00,2.7,3.163107287717773
2018-07-19 05:45:00,2.7,3.1298415376277497
2018-07-19 06:00:00,2.7,3.0379722421033315
2018-07-19 06:15:00,2.7,3.002352385363669
2018-07-19 06:30:00,2.59,3.0840240162378434
2018-07-19 06:45:00,2.7,3.0726840822560604
2018-07-19 07:00:00,2.81,3.1826720070680077
2018-07-19 07:15:00,3.24,3.1826720070680077
2018-07-19 07:30:00,3.6,3.366064602238578
2018-07-19 07:45:00,5.33,6.159033189422696
2018-07-19 08:00:00,46.44,40.721839195744494
2018-07-19 08:15:00,52.81,72.8498684540306
2018-07-19 08:30:00,65.27,66.7079598889844
2018-07-19 08:45:00,71.24,62.18218439737518
2018-07-19 09:00:00,72.5,66.31287796250119
2018-07-19 09:15:00,59.58,66.54239016119138
2018-07-19 09:30:00,52.31,61.61660069861624
2018-07-19 09:45:00,47.45,63.7391680853431
2018-07-19 10:00:00,54.5,67.64398169096329
2018-07-19 10:15:00,62.24,64.40020223293597
2018-07-19 10:30:00,54.04,58.04874491006165
2018-07-19 10:45:00,56.92,62.009196138166914
2018-07-19 11:00:00,70.78,63.04254128586008
2018-07-19 11:15:00,88.81,64.3969021867926
2018-07-19 11:30:00,100.3,58.37453831840612
2018-07-19 11:45:00,91.44,88.24080157657036
2018-07-19 12:00:00,7.06,23.681504981936918
2018-07-19 12:15:00,15.55,9.210743109320093
2018-07-19 12:30:00,23.33,6.501382349643367
2018-07-19 12:45:00,26.32,14.51849944919046
2018-07-19 13:00:00,48.64,79.58305720183276
2018-07-19 13:15:00,67.21,82.58579876701015
2018-07-19 13:30:00,94.61,60.07766655338425
2018-07-19 13:45:00,75.28,75.61198197168027
2018-07-19 14:00:00,71.82,90.68309792601427
2018-07-19 14:15:00,97.85,85.25287598508491
2018-07-19 14:30:00,106.27,73.26805041815814
2018-07-19 14:45:00,83.95,87.24351551290091
2018-07-19 15:00:00,75.96,96.82528946306483
2018-07-19 15:15:00,79.38,93.10000691265446
2018-07-19 15:30:00,83.77,80.58146220742196
2018-07-19 15:45:00,78.73,79.57503290605369
2018-07-19 16:00:00,111.42,82.70644674999974
2018-07-19 16:15:00,85.5,79.10567465066894
2018-07-19 16:30:00,90.9,92.12729022136396
2018-07-19 16:45:00,95.76,87.78419595734063
2018-07-19 17:00:00,70.2,80.43644309564633
2018-07-19 17:15:00,96.55,83.41451935568331
2018-07-19 17:30:00,31.68,51.976945338021444
2018-07-19 17:45:00,31.64,47.998628080257056
2018-07-19 18:00:00,55.76,55.58580387150843
2018-07-19 18:15:00,82.66,78.8412424315863
2018-07-19 18:30:00,99.14,74.31068933649964
2018-07-19 18:45:00,69.8,85.68980730606293
2018-07-19 19:00:00,51.44,85.87199988224913
2018-07-19 19:15:00,66.13,89.15768477251483
2018-07-19 19:30:00,65.7,70.05428104288114
2018-07-19 19:45:00,59.22,74.61273844140625
2018-07-19 20:00:00,52.38,66.21661106398564
2018-07-19 20:15:00,51.98,61.48745061597656
2018-07-19 20:30:00,63.22,50.60973915670815
2018-07-19 20:45:00,47.66,38.480706820125036
2018-07-19 21:00:00,40.61,30.15677745833151
2018-07-19 21:15:00,40.28,25.474858312588676
2018-07-19 21:30:00,35.71,44.46822254481245
2018-07-19 21:45:00,33.48,35.74371817183173
2018-07-19 22:00:00,11.84,31.44771188102158
2018-07-19 22:15:00,3.82,33.36411444676296
2018-07-19 22:30:00,3.6,9.44996815897523
2018-07-19 22:45:00,3.53,3.7950964815381494
2018-07-19 23:00:00,4.5,4.034512579935909
2018-07-19 23:15:00,3.82,3.4679881938695245
2018-07-19 23:30:00,3.38,4.360035125327982
2018-07-19 23:45:00,3.42,3.7982251459454996
2018-07-20 00:00:00,3.38,3.662218846772527
2018-07-20 00:15:00,2.84,3.5253238819698165
2018-07-20 00:30:00,2.81,3.4866112632346264
2018-07-20 00:45:00,2.77,3.347204618996325
2018-07-20 01:00:00,2.88,3.2048202029457187
2018-07-20 01:15:00,2.88,3.2314410221188448
2018-07-20 01:30:00,2.84,3.1746019485745727
2018-07-20 01:45:00,2.88,3.1746019485745727
2018-07-20 02:00:00,2.81,3.1746019485745727
2018-07-20 02:15:00,2.84,3.1746019485745727
2018-07-20 02:30:00,2.88,3.012883448808036
2018-07-20 02:45:00,2.84,2.9675165451304233
2018-07-20 03:00:00,2.92,2.9925761407210616
2018-07-20 03:15:00,2.92,3.2255727180309948
2018-07-20 03:30:00,2.81,3.0628726601628897
2018-07-20 03:45:00,2.74,3.0628726601628897
2018-07-20 04:00:00,2.77,3.0628726601628897
2018-07-20 04:15:00,3.28,3.017505756485277
2018-07-20 04:30:00,4.21,3.0296069100728666
2018-07-20 04:45:00,2.81,3.468727009657419
2018-07-20 05:00:00,2.77,3.781147785167036
2018-07-20 05:15:00,2.77,3.0729091868943086
2018-07-20 05:30:00,2.77,3.3449434647114846
2018-07-20 05:45:00,2.81,3.5476115309862806
2018-07-20 06:00:00,2.81,2.984240006395254
2018-07-20 06:15:00,2.81,2.9486201496555915
2018-07-20 06:30:00,2.7,3.0302917805297658
2018-07-20 06:45:00,2.74,3.0302917805297658
2018-07-20 07:00:00,2.7,2.9486201496555915
2018-07-20 07:15:00,3.2,2.9486201496555915
2018-07-20 07:30:00,3.24,3.0987469947361386
2018-07-20 07:45:00,3.78,4.031223420747253
2018-07-20 08:00:00,31.57,38.162671084179806
2018-07-20 08:15:00,47.88,68.05065881993488
2018-07-20 08:30:00,51.52,56.842018359665296
2018-07-20 08:45:00,64.3,57.509736041442686
2018-07-20 09:00:00,59.44,58.86170853770076
2018-07-20 09:15:00,57.71,60.52418724477227
2018-07-20 09:30:00,52.7,54.46603129076971
2018-07-20 09:45:00,53.5,51.6728830736391
2018-07-20 10:00:00,47.12,58.40486952760179
2018-07-20 10:15:00,63.58,60.600541787899154
2018-07-20 10:30:00,54.65,59.476141911893265
2018-07-20 10:45:00,61.38,63.07146313017343
2018-07-20 11:00:00,61.7,59.54091608300252
2018-07-20 11:15:00,63.83,58.90685641694721
2018-07-20 11:30:00,60.3,59.11472219126635
2018-07-20 11:45:00,57.38,51.50603097161846
2018-07-20 12:00:00,6.88,8.387122929580437
2018-07-20 12:15:00,5.33,5.4451774594314815
2018-07-20 12:30:00,4.39,5.714289404828034
2018-07-20 12:45:00,4.28,6.644505428412846
2018-07-20 13:00:00,30.38,40.80505922103751
2018-07-20 13:15:00,61.34,62.830870434755056
2018-07-20 13:30:00,61.49,55.346597350551974
2018-07-20 13:45:00,59.33,62.40013362554376
2018-07-20 14:00:00,50.65,62.12343221286018
2018-07-20 14:15:00,54.43,60.86179643341839
2018-07-20 14:30:00,60.01,60.01702185355584
2018-07-20 14:45:00,58.0,59.10346071238033
2018-07-20 15:00:00,62.71,57.839941991752994
2018-07-20 15:15:00,64.58,58.01064233444381
2018-07-20 15:30:00,64.51,60.41946390273829
2018-07-20 15:45:00,63.94,60.89170418297992
2018-07-20 16:00:00,60.91,62.077249250690215
2018-07-20 16:15:00,68.18,61.54603450000397
2018-07-20 16:30:00,99.18,60.74182346778287
2018-07-20 16:45:00,99.04,64.26549648846259
2018-07-20 17:00:00,68.26,78.20601629549975
2018-07-20 17:15:00,59.51,83.02883204250605
2018-07-20 17:30:00,31.28,46.801439388000766
2018-07-20 17:45:00,31.21,36.40644562502989
2018-07-20 18:00:00,42.01,55.46446393025699
2018-07-20 18:15:00,52.34,61.20109930889814
2018-07-20 18:30:00,43.42,51.135818057024785
2018-07-20 18:45:00,82.66,55.35336526884783
2018-07-20 19:00:00,102.35,45.002536665633144
2018-07-20 19:15:00,66.02,69.44714322405618
2018-07-20 19:30:00,82.08,89.10905996410854
2018-07-20 19:45:00,97.67,74.18447876345185
2018-07-20 20:00:00,72.86,79.76582479121703
2018-07-20 20:15:00,67.82,89.7577310664946
2018-07-20 20:30:00,44.68,77.48105146451013
2018-07-20 20:45:00,28.48,56.69804545688142
2018-07-20 21:00:00,6.19,42.190581478408376
2018-07-20 21:15:00,4.46,20.173861552444276
2018-07-20 21:30:00,3.92,4.924441104256666
2018-07-20 21:45:00,3.92,4.500505195322077
2018-07-20 22:00:00,3.96,3.6770043604221208
2018-07-20 22:15:00,3.78,3.3436424492879597
2018-07-20 22:30:00,3.6,3.645864890475204
2018-07-20 22:45:00,3.17,3.6548219876568457
2018-07-20 23:00:00,3.1,3.63943793613754
2018-07-20 23:15:00,3.1,3.3976805058148556
2018-07-20 23:30:00,3.1,3.417410185804741
2018-07-20 23:45:00,3.6,3.3561704596804036
2018-07-21 00:00:00,3.13,3.451738605286451
2018-07-21 00:15:00,2.99,3.7938016804259203
2018-07-21 00:30:00,3.06,3.570203785210967
2018-07-21 00:45:00,3.06,3.237517753132161
2018-07-21 01:00:00,3.02,3.209940515913003
2018-07-21 01:15:00,3.02,3.212944916004241
2018-07-21 01:30:00,2.99,3.2021455494083737
2018-07-21 01:45:00,3.24,3.167844168127927
2018-07-21 02:00:00,3.24,3.167844168127927
2018-07-21 02:15:00,3.64,3.4213648665339518
2018-07-21 02:30:00,3.78,3.318702492254259
2018-07-21 02:45:00,3.35,3.3636569414593938
2018-07-21 03:00:00,3.38,3.5256660278844074
2018-07-21 03:15:00,3.28,3.424494702367099
2018-07-21 03:30:00,3.35,3.435977235215785
2018-07-21 03:45:00,3.28,3.435977235215785
2018-07-21 04:00:00,3.24,3.447317169197568
2018-07-21 04:15:00,3.31,3.447317169197568
2018-07-21 04:30:00,3.28,3.414051419107545
2018-07-21 04:45:00,3.28,3.447317169197568
2018-07-21 05:00:00,3.35,3.447317169197568
2018-07-21 05:15:00,3.24,3.414051419107545
2018-07-21 05:30:00,3.71,3.414051419107545
2018-07-21 05:45:00,3.64,3.414051419107545
2018-07-21 06:00:00,3.24,3.585183865279457
2018-07-21 06:15:00,3.31,3.3542451661901445
2018-07-21 06:30:00,3.24,3.3542451661901445
2018-07-21 06:45:00,3.28,3.3542451661901445
2018-07-21 07:00:00,3.28,3.3542451661901445
2018-07-21 07:15:00,3.46,3.3542451661901445
2018-07-21 07:30:00,4.07,4.943166987980029
2018-07-21 07:45:00,3.78,5.631408241147174
2018-07-21 08:00:00,24.23,23.90577365983521
2018-07-21 08:15:00,40.39,35.75866877002995
2018-07-21 08:30:00,32.69,30.56816801070249
2018-07-21 08:45:00,33.55,46.10180228479223
2018-07-21 09:00:00,44.42,35.98828626969409
2018-07-21 09:15:00,45.14,35.16657582743256
2018-07-21 09:30:00,43.49,49.32741469131971
2018-07-21 09:45:00,43.74,48.80381033010978
2018-07-21 10:00:00,42.12,39.35983550364013
2018-07-21 10:15:00,45.54,38.661844274569724
2018-07-21 10:30:00,44.64,38.666834293724094
2018-07-21 10:45:00,43.67,47.41605039387001
2018-07-21 11:00:00,44.93,47.15317595829647
2018-07-21 11:15:00,45.14,38.67434513653083
2018-07-21 11:30:00,32.9,45.53094451510134
2018-07-21 11:45:00,10.87,34.26655115106758
2018-07-21 12:00:00,4.25,11.887726891797868
2018-07-21 12:15:00,4.28,8.172110672283848
2018-07-21 12:30:00,4.21,3.8259764945906776
2018-07-21 12:45:00,4.14,6.5190933153810455
2018-07-21 13:00:00,11.81,17.028598933906355
2018-07-21 13:15:00,50.29,33.48512276442009
2018-07-21 13:30:00,37.73,27.480509443078304
2018-07-21 13:45:00,31.86,57.45037739304248
2018-07-21 14:00:00,37.01,39.493858713719874
2018-07-21 14:15:00,49.18,33.41402538132653
2018-07-21 14:30:00,31.14,41.69179962843821
2018-07-21 14:45:00,42.19,51.27025206299484
2018-07-21 15:00:00,44.14,32.02406234412363
2018-07-21 15:15:00,50.4,38.42452701400582
2018-07-21 15:30:00,36.65,45.01702285929669
2018-07-21 15:45:00,34.96,52.22259521935054
2018-07-21 16:00:00,51.77,36.7012367056845
2018-07-21 16:15:00,45.68,32.08969286486165
2018-07-21 16:30:00,46.01,52.74792324275659
2018-07-21 16:45:00,12.53,37.756618358064195
2018-07-21 17:00:00,4.5,30.764600929814037
2018-07-21 17:15:00,3.78,5.805561622332257
2018-07-21 17:30:00,3.46,2.4950906373730617
2018-07-21 17:45:00,3.46,4.1395145011131875
2018-07-21 18:00:00,3.35,3.859684650207119
2018-07-21 18:15:00,3.35,3.6823010732898966
2018-07-21 18:30:00,3.42,3.668903069299779
2018-07-21 18:45:00,3.53,3.7105017045744555
2018-07-21 19:00:00,3.49,3.723911603241532
2018-07-21 19:15:00,3.49,3.7607516581245903
2018-07-21 19:30:00,2.88,3.6975883225406365
2018-07-21 19:45:00,2.95,3.607998309347305
2018-07-21 20:00:00,2.92,3.2651836587474166
2018-07-21 20:15:00,2.99,3.174890123753903
2018-07-21 20:30:00,2.92,3.174890123753903
2018-07-21 20:45:00,2.95,3.1885559412932465
2018-07-21 21:00:00,2.95,3.2227781679526384
2018-07-21 21:15:00,3.6,3.175134224902344
2018-07-21 21:30:00,3.06,3.030065510700907
2018-07-21 21:45:00,3.1,3.2554115144332756
2018-07-21 22:00:00,2.95,3.052891701747689
2018-07-21 22:15:00,2.81,3.0475024733238247
2018-07-21 22:30:00,2.84,3.0395908438371393
2018-07-21 22:45:00,2.81,3.0163440994302944
2018-07-21 23:00:00,2.81,3.0163440994302944
2018-07-21 23:15:00,2.81,3.0102662707568633
2018-07-21 23:30:00,2.92,3.023987682027476
2018-07-21 23:45:00,3.38,2.9907219319374527
2018-07-22 00:00:00,3.13,2.9907219319374527
2018-07-22 00:15:00,2.84,3.230521219072865
2018-07-22 00:30:00,2.81,2.9507254963807674
2018-07-22 00:45:00,2.92,2.955176964086523
2018-07-22 01:00:00,2.92,2.9403286237138313
2018-07-22 01:15:00,2.88,2.9403286237138313
2018-07-22 01:30:00,2.84,2.9675165451304233
2018-07-22 01:45:00,2.88,3.0102662707568633
2018-07-22 02:00:00,3.28,3.023987682027476
2018-07-22 02:15:00,3.31,2.9907219319374527
2018-07-22 02:30:00,2.99,3.367543088698836
2018-07-22 02:45:00,2.88,3.2072819133648616
2018-07-22 03:00:00,2.88,3.024886864222822
2018-07-22 03:15:00,2.88,3.0153049026104775
2018-07-22 03:30:00,2.81,3.0167118678158396
2018-07-22 03:45:00,2.81,3.0398045747231106
2018-07-22 04:00:00,2.84,3.0628726601628897
2018-07-22 04:15:00,2.92,3.0991773873594513
2018-07-22 04:30:00,2.92,3.065911637269428
2018-07-22 04:45:00,2.84,3.031478996380374
2018-07-22 05:00:00,2.77,3.0296069100728666
2018-07-22 05:15:00,2.81,3.0296069100728666
2018-07-22 05:30:00,2.81,3.0296069100728666
2018-07-22 05:45:00,3.46,2.984240006395254
2018-07-22 06:00:00,2.77,2.984240006395254
2018-07-22 06:15:00,2.74,3.274516065165221
2018-07-22 06:30:00,2.74,3.0705550802446693
2018-07-22 06:45:00,3.35,3.004062620976528
2018-07-22 07:00:00,2.95,3.004184717983448
2018-07-22 07:15:00,2.7,3.195883411397585
2018-07-22 07:30:00,2.77,3.0769492808255
2018-07-22 07:45:00,2.66,3.9297465649686405
2018-07-22 08:00:00,2.74,8.55210366889341
2018-07-22 08:15:00,2.74,6.116263294530555
2018-07-22 08:30:00,2.74,3.7628114462691737
2018-07-22 08:45:00,2.81,3.6837757762173586
2018-07-22 09:00:00,2.88,3.485359952343385
2018-07-22 09:15:00,2.92,3.5193806947143083
2018-07-22 09:30:00,2.92,3.5864102279531407
2018-07-22 09:45:00,2.84,3.5864102279531407
2018-07-22 10:00:00,2.88,3.6196759780431638
2018-07-22 10:15:00,2.81,3.5864102279531407
2018-07-22 10:30:00,3.28,3.67006894116565
2018-07-22 10:45:00,2.92,3.422870940764305
2018-07-22 11:00:00,2.81,3.4764214050637325
2018-07-22 11:15:00,2.7,3.271105480644634
2018-07-22 11:30:00,2.7,3.21880244001412
2018-07-22 11:45:00,2.66,3.1742182369444243
2018-07-22 12:00:00,2.81,3.266401079410128
2018-07-22 12:15:00,3.35,3.2647682014078963
2018-07-22 12:30:00,3.38,3.3013861946836416
2018-07-22 12:45:00,2.92,3.8156036639058404
2018-07-22 13:00:00,2.84,3.853318804535876
2018-07-22 13:15:00,2.84,3.2770371248165286
2018-07-22 13:30:00,2.84,3.4984579382640884
2018-07-22 13:45:00,2.88,3.592488056626572
2018-07-22 14:00:00,2.92,3.5864102279531407
2018-07-22 14:15:00,3.02,3.5864102279531407
2018-07-22 14:30:00,3.46,3.6291532856725075
2018-07-22 14:45:00,3.17,3.6761471149402163
2018-07-22 15:00:00,2.92,3.973295291412776
2018-07-22 15:15:00,2.95,3.6930596208920625
2018-07-22 15:30:00,2.95,3.4669378910230066
2018-07-22 15:45:00,2.92,3.4699075116202147
2018-07-22 16:00:00,2.99,3.4699075116202147
2018-07-22 16:15:00,2.99,2.5658006770943613
2018-07-22 16:30:00,2.95,2.848718140811098
2018-07-22 16:45:00,2.95,2.8231514931941155
2018-07-22 17:00:00,2.92,2.894496296210953
2018-07-22 17:15:00,2.95,2.8868527136137714
2018-07-22 17:30:00,2.99,2.8868527136137714
2018-07-22 17:45:00,3.06,2.8807748849403403
2018-07-22 18:00:00,2.95,2.971035942865686
2018-07-22 18:15:00,2.88,3.104861044509295
2018-07-22 18:30:00,3.06,3.0770578735506473
2018-07-22 18:45:00,3.38,3.1243946903873474
2018-07-22 19:00:00,3.67,3.1387497594952904
2018-07-22 19:15:00,3.53,3.3523103152290448
2018-07-22 19:30:00,3.46,3.340970207392176
2018-07-22 19:45:00,3.02,3.3498116605411736
2018-07-22 20:00:00,3.06,3.3045418242082683
2018-07-22 20:15:00,3.06,2.9089901961387348
2018-07-22 20:30:00,3.17,2.9714758149403324
2018-07-22 20:45:00,3.1,2.9935624966269816
2018-07-22 21:00:00,3.06,3.039208145721976
2018-07-22 21:15:00,3.13,3.013274461951251
2018-07-22 21:30:00,3.17,2.997706727868122
2018-07-22 21:45:00,3.17,3.0027959806977544
2018-07-22 22:00:00,3.1,3.0277951832946237
2018-07-22 22:15:00,2.95,3.013274461951251
2018-07-22 22:30:00,3.06,3.013274461951251
2018-07-22 22:45:00,2.95,3.0166174088502022
2018-07-22 23:00:00,2.88,3.04442057980885
2018-07-22 23:15:00,2.88,3.047857391330293
2018-07-22 23:30:00,2.92,3.023987682027476
2018-07-22 23:45:00,2.88,3.030065510700907
2018-07-23 00:00:00,2.92,3.0607351371861737
2018-07-23 00:15:00,2.95,3.094000887276197
2018-07-23 00:30:00,2.95,3.0802794760055843
2018-07-23 00:45:00,3.1,3.094000887276197
2018-07-23 01:00:00,4.18,3.0802794760055843
2018-07-23 01:15:00,3.49,3.091348343213547
2018-07-23 01:30:00,2.95,3.899495879707347
2018-07-23 01:45:00,2.95,3.362070536294492
2018-07-23 02:00:00,2.92,3.1062522118322855
2018-07-23 02:15:00,2.99,3.0863573046790154
2018-07-23 02:30:00,2.92,3.0682040233465906
2018-07-23 02:45:00,2.95,3.092972221700081
2018-07-23 03:00:00,2.95,3.110995226753934
2018-07-23 03:15:00,2.88,3.124442309669463
2018-07-23 03:30:00,2.84,3.146122507168393
2018-07-23 03:45:00,2.84,3.1096956829649116
2018-07-23 04:00:00,2.92,3.1096956829649116
2018-07-23 04:15:00,2.92,3.1096956829649116
2018-07-23 04:30:00,2.88,3.124584908536366
2018-07-23 04:45:00,2.77,3.1096956829649116
2018-07-23 05:00:00,2.81,3.1429614330549347
2018-07-23 05:15:00,2.81,3.3056614909230397
2018-07-23 05:30:00,3.31,3.1328858654116107
2018-07-23 05:45:00,2.84,3.0996201153215877
2018-07-23 06:00:00,2.77,3.4043355233313424
2018-07-23 06:15:00,2.77,3.107302535403367
2018-07-23 06:30:00,2.77,3.074075826225249
2018-07-23 06:45:00,3.17,3.0741979232321692
2018-07-23 07:00:00,3.49,3.198952976608651
2018-07-23 07:15:00,3.67,3.2454054092985074
2018-07-23 07:30:00,3.74,4.361365968693222
2018-07-23 07:45:00,3.74,5.581135992893475
2018-07-23 08:00:00,20.59,36.96318912672987
2018-07-23 08:15:00,48.96,58.57085093364018
2018-07-23 08:30:00,73.55,56.571205879439546
2018-07-23 08:45:00,49.28,61.31830529360007
2018-07-23 09:00:00,72.36,75.56188169088254
2018-07-23 09:15:00,56.99,61.91426153963513
2018-07-23 09:30:00,67.32,63.70724173062362
2018-07-23 09:45:00,45.4,58.62647518827542
2018-07-23 10:00:00,48.85,61.61072161076326
2018-07-23 10:15:00,54.79,59.1911309503971
2018-07-23 10:30:00,59.0,67.80007759542212
2018-07-23 10:45:00,62.78,66.20057577597217
2018-07-23 11:00:00,65.16,64.11779854106628
2018-07-23 11:15:00,60.01,64.38570667521797
2018-07-23 11:30:00,51.8,60.41762483188376
2018-07-23 11:45:00,52.81,53.287849668650225
2018-07-23 12:00:00,6.16,10.007722244980245
2018-07-23 12:15:00,5.36,7.498093452667151
2018-07-23 12:30:00,5.44,4.6093515146952
2018-07-23 12:45:00,5.33,5.92581007788359
2018-07-23 13:00:00,42.84,46.91073495699355
2018-07-23 13:15:00,66.53,57.188458843385064
2018-07-23 13:30:00,57.2,62.31779258180559
2018-07-23 13:45:00,59.94,68.35787113937624
2018-07-23 14:00:00,63.83,60.93828474607237
2018-07-23 14:15:00,61.45,63.085266034698535
2018-07-23 14:30:00,55.58,60.72355466908726
2018-07-23 14:45:00,57.82,63.931842706214866
2018-07-23 15:00:00,54.14,63.47345125105601
2018-07-23 15:15:00,74.92,61.188615843048545
2018-07-23 15:30:00,59.65,61.01365650045879
2018-07-23 15:45:00,70.7,64.9541308070203
2018-07-23 16:00:00,59.26,60.40200374728422
2018-07-23 16:15:00,55.51,67.64163075293008
2018-07-23 16:30:00,65.7,61.39846665403257
2018-07-23 16:45:00,56.48,59.524185244777954
2018-07-23 17:00:00,63.0,60.16341713690767
2018-07-23 17:15:00,83.88,53.28356274301142
2018-07-23 17:30:00,29.92,43.807776228921774
2018-07-23 17:45:00,30.85,50.10424637262237
2018-07-23 18:00:00,57.64,39.93460591254023
2018-07-23 18:15:00,103.43,53.85012961647412
2018-07-23 18:30:00,76.61,68.9592287927455
2018-07-23 18:45:00,93.38,89.07677965739026
2018-07-23 19:00:00,79.99,86.96504053473795
2018-07-23 19:15:00,99.29,92.5349854623998
2018-07-23 19:30:00,88.34,89.37630667019033
2018-07-23 19:45:00,74.3,93.88226590571357
2018-07-23 20:00:00,101.09,88.51124359886404
2018-07-23 20:15:00,67.5,79.77292487724385
2018-07-23 20:30:00,61.38,73.92126851502394
2018-07-23 20:45:00,38.27,68.85049974214257
2018-07-23 21:00:00,5.0,36.143034039080796
2018-07-23 21:15:00,4.21,25.138709655680028
2018-07-23 21:30:00,3.85,5.2775720742636185
2018-07-23 21:45:00,3.89,4.517283934378354
2018-07-23 22:00:00,3.85,3.568977997460998
2018-07-23 22:15:00,3.64,3.501698324279841
2018-07-23 22:30:00,3.49,3.8002394378109714
2018-07-23 22:45:00,3.06,3.561455255662242
2018-07-23 23:00:00,2.84,3.6557189056781834
2018-07-23 23:15:00,2.81,3.4165532763801014
2018-07-23 23:30:00,2.77,3.345326053429237
2018-07-23 23:45:00,2.84,3.3352152266540855
2018-07-24 00:00:00,2.81,3.3352152266540855
2018-07-24 00:15:00,3.53,3.3214563441264198
2018-07-24 00:30:00,2.99,3.3291373979806544
2018-07-24 00:45:00,2.81,3.5826580963866794
2018-07-24 01:00:00,2.92,3.2728855157061765
2018-07-24 01:15:00,2.92,3.2219091789788665
2018-07-24 01:30:00,2.88,3.197895737130656
2018-07-24 01:45:00,2.92,3.0436075790525754
2018-07-24 02:00:00,2.99,3.0719040212759716
2018-07-24 02:15:00,3.46,3.0375297503791443
2018-07-24 02:30:00,2.92,3.1080669065456115
2018-07-24 02:45:00,2.92,3.383862186193205
2018-07-24 03:00:00,2.95,3.0958160551479006
2018-07-24 03:15:00,3.06,3.1084108147664695
2018-07-24 03:30:00,3.02,3.0968006407078845
2018-07-24 03:45:00,2.95,3.1044097546571754
2018-07-24 04:00:00,2.99,3.1290319437138914
2018-07-24 04:15:00,2.92,3.101492201629095
2018-07-24 04:30:00,2.92,3.1793882572584162
2018-07-24 04:45:00,2.95,3.1198933476151556
2018-07-24 05:00:00,2.95,3.0866029760576406
2018-07-24 05:15:00,3.35,3.1198933476151556
2018-07-24 05:30:00,3.35,3.135924842518149
2018-07-24 05:45:00,2.92,3.429300316546121
2018-07-24 06:00:00,2.95,3.4476378001527843
2018-07-24 06:15:00,2.92,3.1221917609748218
2018-07-24 06:30:00,3.02,3.1175392409655163
2018-07-24 06:45:00,2.88,3.084273490875493
2018-07-24 07:00:00,3.46,3.254395447929588
2018-07-24 07:15:00,3.49,3.254395447929588
2018-07-24 07:30:00,3.56,4.4430766404793
2018-07-24 07:45:00,3.38,5.591333657543719
2018-07-24 08:00:00,34.06,33.538161737533365
2018-07-24 08:15:00,71.32,45.466137096428156
2018-07-24 08:30:00,94.61,58.6815000963579
2018-07-24 08:45:00,96.41,88.71218807378783
2018-07-24 09:00:00,82.19,88.94180496850063
2018-07-24 09:15:00,93.02,92.31711748682116
2018-07-24 09:30:00,92.52,87.46218182060414
2018-07-24 09:45:00,78.41,89.63676552035888
2018-07-24 10:00:00,97.06,80.50647056042094
2018-07-24 10:15:00,99.18,77.56755962856248
2018-07-24 10:30:00,104.94,86.81753485232764
2018-07-24 10:45:00,105.37,88.16284820746164
2018-07-24 11:00:00,102.56,92.87129698766971
2018-07-24 11:15:00,103.64,94.2717736261533
2018-07-24 11:30:00,88.06,91.56158405769098
2018-07-24 11:45:00,102.92,89.677843631055
2018-07-24 12:00:00,7.27,16.315489893639125
2018-07-24 12:15:00,5.65,12.193373068959339
2018-07-24 12:30:00,5.51,5.365454105145049
2018-07-24 12:45:00,5.4,6.1425011759938
2018-07-24 13:00:00,42.08,60.28677314183806
2018-07-24 13:15:00,83.56,84.79275437112554
2018-07-24 13:30:00,103.64,80.51267017806805
2018-07-24 13:45:00,94.21,78.2343627166199
2018-07-24 14:00:00,56.38,90.67163242522201
2018-07-24 14:15:00,55.8,94.376141819888
2018-07-24 14:30:00,61.02,78.65049895897444
2018-07-24 14:45:00,66.96,66.45600174858471
2018-07-24 15:00:00,66.49,66.23506423964294
2018-07-24 15:15:00,56.74,67.7740780158694
2018-07-24 15:30:00,53.64,69.99192573726552
2018-07-24 15:45:00,58.46,62.85423642770766
2018-07-24 16:00:00,51.52,63.41753544595895
2018-07-24 16:15:00,55.84,61.0387639890394
2018-07-24 16:30:00,58.32,61.418582811872376
2018-07-24 16:45:00,55.44,59.358363777843934
2018-07-24 17:00:00,54.94,53.97925841954454
2018-07-24 17:15:00,43.63,52.73585884926676
2018-07-24 17:30:00,29.12,40.935783214165234
2018-07-24 17:45:00,30.28,37.853492900708844
2018-07-24 18:00:00,49.68,35.619292019641044
2018-07-24 18:15:00,56.16,48.7464821446675
2018-07-24 18:30:00,58.61,54.20136187847996
2018-07-24 18:45:00,54.68,53.68172827303657
2018-07-24 19:00:00,46.91,54.41480687087039
2018-07-24 19:15:00,57.89,53.55792344173291
2018-07-24 19:30:00,58.5,54.23648473495875
2018-07-24 19:45:00,46.66,57.3401928143807
2018-07-24 20:00:00,52.56,57.36082194240442
2018-07-24 20:15:00,61.27,46.11919094362019
2018-07-24 20:30:00,39.02,47.78262559792323
2018-07-24 20:45:00,29.16,35.71903881839404
2018-07-24 21:00:00,8.68,9.08881398734481
2018-07-24 21:15:00,3.92,9.901915336052753
2018-07-24 21:30:00,3.85,7.483596714503634
2018-07-24 21:45:00,3.82,3.7827642638725743
2018-07-24 22:00:00,3.64,3.793347259424443
2018-07-24 22:15:00,3.56,3.6591291562119386
2018-07-24 22:30:00,3.56,4.038551548726049
2018-07-24 22:45:00,3.53,3.6557189056781834
2018-07-24 23:00:00,2.95,3.540328185530232
2018-07-24 23:15:00,2.88,3.540328185530232
2018-07-24 23:30:00,2.88,3.3634855885369683
2018-07-24 23:45:00,2.88,3.3352152266540855
2018-07-25 00:00:00,2.84,3.203543536965491
2018-07-25 00:15:00,3.13,3.19746570829206
2018-07-25 00:30:00,3.24,3.312856428440011
2018-07-25 00:45:00,2.84,3.2477785062202256
2018-07-25 01:00:00,3.13,3.4996467633180615
2018-07-25 01:15:00,3.06,3.2428831348949205
2018-07-25 01:30:00,2.99,3.2189238597733545
2018-07-25 01:45:00,2.99,3.0938478301460886
2018-07-25 02:00:00,3.02,3.0734149323647144
2018-07-25 02:15:00,3.02,3.0617008804087593
2018-07-25 02:30:00,2.99,3.101983601655212
2018-07-25 02:45:00,2.95,3.113118076362919
2018-07-25 03:00:00,3.17,3.101872944756996
2018-07-25 03:15:00,3.31,3.1183590047790637
2018-07-25 03:30:00,3.24,3.176293970317606
2018-07-25 03:45:00,3.35,3.4564437208338394
2018-07-25 04:00:00,3.2,3.4462460561835955
2018-07-25 04:15:00,3.17,3.4564437208338394
2018-07-25 04:30:00,3.2,3.231446495603964
2018-07-25 04:45:00,3.13,3.231446495603964
2018-07-25 05:00:00,3.13,3.1832915199424865
2018-07-25 05:15:00,3.2,3.242786429585747
2018-07-25 05:30:00,3.17,3.228895981156609
2018-07-25 05:45:00,3.56,3.195630231066586
2018-07-25 06:00:00,3.78,3.209520679495724
2018-07-25 06:15:00,3.31,3.374711651808199
2018-07-25 06:30:00,3.06,3.5125783478900883
2018-07-25 06:45:00,3.13,3.32117526798214
2018-07-25 07:00:00,3.17,3.2821139741873435
2018-07-25 07:15:00,3.82,3.373595746121285
2018-07-25 07:30:00,4.14,3.523722591201832
2018-07-25 07:45:00,3.82,6.034290355566139
2018-07-25 08:00:00,17.75,45.61145390690475
2018-07-25 08:15:00,49.68,68.8552271309029
2018-07-25 08:30:00,57.17,56.92371588502731
2018-07-25 08:45:00,59.9,69.2262936712704
2018-07-25 09:00:00,57.38,61.336153343353914
2018-07-25 09:15:00,59.33,59.154844205107416
2018-07-25 09:30:00,46.91,59.808340554096915
2018-07-25 09:45:00,47.74,59.029623373315204
2018-07-25 10:00:00,49.14,57.656034801213565
2018-07-25 10:15:00,48.96,57.838017802357065
2018-07-25 10:30:00,47.74,56.433207346694736
2018-07-25 10:45:00,51.26,55.82897108637864
2018-07-25 11:00:00,58.18,54.10607273732839
2018-07-25 11:15:00,46.44,57.76122159896422
2018-07-25 11:30:00,57.96,56.024442136982834
2018-07-25 11:45:00,40.43,44.7650929329424
2018-07-25 12:00:00,4.39,9.402326612812185
2018-07-25 12:15:00,5.44,10.434507428039899
2018-07-25 12:30:00,5.65,5.766215206538945
2018-07-25 12:45:00,5.58,6.5948396420408395
2018-07-25 13:00:00,28.26,44.538187514355656
2018-07-25 13:15:00,49.75,52.99637506462693
2018-07-25 13:30:00,51.3,52.79258672180084
2018-07-25 13:45:00,54.9,60.30850465553655
2018-07-25 14:00:00,57.53,58.57698688725404
2018-07-25 14:15:00,60.23,58.78987356616063
2018-07-25 14:30:00,56.88,57.268144074200585
2018-07-25 14:45:00,63.4,59.16801565237856
2018-07-25 15:00:00,45.18,59.41354331548119
2018-07-25 15:15:00,52.6,62.37813690549185
2018-07-25 15:30:00,56.88,56.753338804940114
2018-07-25 15:45:00,54.18,61.305096038250475
2018-07-25 16:00:00,63.0,60.86590349640066
2018-07-25 16:15:00,81.76,61.58547214448821
2018-07-25 16:30:00,98.93,59.62744521429342
2018-07-25 16:45:00,90.9,70.80827188742815
2018-07-25 17:00:00,92.56,82.81214798341593
2018-07-25 17:15:00,90.94,84.96168772345068
2018-07-25 17:30:00,29.84,41.92074902578968
2018-07-25 17:45:00,30.17,37.64011176328193
2018-07-25 18:00:00,48.78,49.46764590067209
2018-07-25 18:15:00,93.17,73.72649168046398
2018-07-25 18:30:00,103.86,61.27905907210128
2018-07-25 18:45:00,84.28,86.03324905939277
2018-07-25 19:00:00,94.64,89.72088825028014
2018-07-25 19:15:00,92.09,82.38059231133005
2018-07-25 19:30:00,79.67,88.09554812252892
2018-07-25 19:45:00,113.47,89.52243377547791
2018-07-25 20:00:00,84.28,78.9311197432473
2018-07-25 20:15:00,105.55,95.57107597724855
2018-07-25 20:30:00,69.91,72.36660665872627
2018-07-25 20:45:00,8.86,68.39009429949215
2018-07-25 21:00:00,6.16,47.981115999311825
2018-07-25 21:15:00,3.64,2.9265328037071647
2018-07-25 21:30:00,3.56,5.998729721587994
2018-07-25 21:45:00,3.53,3.740260109672806
2018-07-25 22:00:00,3.42,3.202306982138999
2018-07-25 22:15:00,3.31,3.181857616975466
2018-07-25 22:30:00,3.24,3.7768244940778812
2018-07-25 22:45:00,3.28,3.686915201445042
2018-07-25 23:00:00,2.66,3.63943793613754
2018-07-25 23:15:00,2.59,3.5314512374665203
2018-07-25 23:30:00,2.59,3.347204618996325
2018-07-25 23:45:00,2.74,3.318934257113442
2018-07-26 00:00:00,2.63,2.4984240887322806
2018-07-26 00:15:00,2.66,3.312856428440011
2018-07-26 00:30:00,2.63,3.3051753745857764
2018-07-26 00:45:00,2.63,3.312856428440011
2018-07-26 01:00:00,2.88,3.2283341842826503
2018-07-26 01:15:00,3.2,3.171981236404506
2018-07-26 01:30:00,3.38,3.021248780838501
2018-07-26 01:45:00,3.28,3.040693102776076
2018-07-26 02:00:00,3.56,3.3030398411274087
2018-07-26 02:15:00,3.82,3.3030398411274087
2018-07-26 02:30:00,3.31,3.3132375057776526
2018-07-26 02:45:00,3.17,3.4404207407371166
2018-07-26 03:00:00,3.42,3.187819039576695
2018-07-26 03:15:00,3.64,3.242601727199215
2018-07-26 03:30:00,3.17,3.248215761673667
2018-07-26 03:45:00,3.2,3.248215761673667
2018-07-26 04:00:00,3.17,3.343925371070522
2018-07-26 04:15:00,3.2,2.9364164025277093
2018-07-26 04:30:00,3.17,3.343925371070522
2018-07-26 04:45:00,3.17,2.9899527863537685
2018-07-26 05:00:00,3.1,2.9899527863537685
2018-07-26 05:15:00,3.13,3.209520679495724
2018-07-26 05:30:00,3.1,3.242786429585747
2018-07-26 05:45:00,3.1,3.228895981156609
2018-07-26 06:00:00,3.13,3.228895981156609
2018-07-26 06:15:00,3.1,3.1932761244169465
2018-07-26 06:30:00,3.06,3.1932761244169465
2018-07-26 06:45:00,3.06,3.1932761244169465
2018-07-26 07:00:00,3.24,3.3550256596742876
2018-07-26 07:15:00,3.2,3.3550256596742876
2018-07-26 07:30:00,3.56,5.163328396963307
2018-07-26 07:45:00,5.04,4.423637032952227
2018-07-26 08:00:00,35.46,43.75174680666315
2018-07-26 08:15:00,107.17,79.69995626110844
2018-07-26 08:30:00,79.74,60.47379207783226
2018-07-26 08:45:00,102.42,101.43601379348931
2018-07-26 09:00:00,100.12,89.84394795663798
2018-07-26 09:15:00,41.9,91.67461303784859
2018-07-26 09:30:00,56.95,95.83292944023519
2018-07-26 09:45:00,37.76,52.62372767492852
2018-07-26 10:00:00,36.29,62.43787152197171
2018-07-26 10:15:00,49.61,41.098326076383366
2018-07-26 10:30:00,50.15,50.25001336741698
2018-07-26 10:45:00,47.66,61.286703310180414
2018-07-26 11:00:00,51.01,58.8463834507554
2018-07-26 11:15:00,45.58,55.252886646987456
2018-07-26 11:30:00,52.24,58.163578623867686
2018-07-26 11:45:00,49.28,44.96102634038568
2018-07-26 12:00:00,16.7,8.849730260778625
2018-07-26 12:15:00,4.9,4.4160897911216255
2018-07-26 12:30:00,4.61,5.088041782419983
2018-07-26 12:45:00,5.0,5.597738988027423
2018-07-26 13:00:00,28.62,37.04553689651007
2018-07-26 13:15:00,52.67,58.586597214596694
2018-07-26 13:30:00,56.12,51.79161591053978
2018-07-26 13:45:00,55.08,61.49740784252476
2018-07-26 14:00:00,42.55,59.15594334319071
2018-07-26 14:15:00,45.14,59.094764154124924
2018-07-26 14:30:00,45.97,46.04711618194668
2018-07-26 14:45:00,51.88,54.77144066798345
2018-07-26 15:00:00,48.96,55.150600997235955
2018-07-26 15:15:00,53.64,56.151414520319385
2018-07-26 15:30:00,56.95,50.336628167706834
2018-07-26 15:45:00,59.0,53.58565846983382
2018-07-26 16:00:00,56.95,55.90934671480415
2018-07-26 16:15:00,53.64,58.96005252824075
2018-07-26 16:30:00,56.09,58.65199537531026
2018-07-26 16:45:00,46.94,60.33407056987554
2018-07-26 17:00:00,56.2,55.45751945228477
2018-07-26 17:15:00,47.27,50.505266581457875
2018-07-26 17:30:00,28.44,36.1798170822663
2018-07-26 17:45:00,28.44,29.388725166472216
2018-07-26 18:00:00,35.82,31.62614249079407
2018-07-26 18:15:00,54.9,41.97857230227543
2018-07-26 18:30:00,42.55,39.266473452897905
2018-07-26 18:45:00,60.91,49.23734677516661
2018-07-26 19:00:00,53.89,39.382917681466154
2018-07-26 19:15:00,63.61,55.448523531987114
2018-07-26 19:30:00,55.73,53.513048186786236
2018-07-26 19:45:00,45.43,58.11875995339335
2018-07-26 20:00:00,63.18,55.738949041287015
2018-07-26 20:15:00,52.6,52.34652040482447
2018-07-26 20:30:00,38.77,51.057312703478416
2018-07-26 20:45:00,7.06,33.431305295154914
2018-07-26 21:00:00,6.12,14.30729119129542
2018-07-26 21:15:00,3.78,4.588420841300043
2018-07-26 21:30:00,3.71,5.774386797150049
2018-07-26 21:45:00,3.64,4.080907164668958
2018-07-26 22:00:00,3.71,3.7611870844299458
2018-07-26 22:15:00,4.46,3.432419250972403
2018-07-26 22:30:00,3.46,3.6049436684597813
2018-07-26 22:45:00,2.88,4.08371892633518
2018-07-26 23:00:00,2.84,3.63943793613754
2018-07-26 23:15:00,2.74,3.293307428218551
2018-07-26 23:30:00,2.77,3.318934257113442
2018-07-26 23:45:00,2.81,3.203543536965491
2018-07-27 00:00:00,2.77,3.1987423742722876
2018-07-27 00:15:00,2.81,3.312856428440011
2018-07-27 00:30:00,2.84,3.2495036191431286
2018-07-27 00:45:00,2.84,3.1746019485745727
2018-07-27 01:00:00,2.84,3.1526232715932556
2018-07-27 01:15:00,2.88,3.1526232715932556
2018-07-27 01:30:00,2.84,2.9675165451304233
2018-07-27 01:45:00,2.88,2.9675165451304233
2018-07-27 02:00:00,2.88,2.9675165451304233
2018-07-27 02:15:00,3.2,2.9675165451304233
2018-07-27 02:30:00,3.06,3.121804703208504
2018-07-27 02:45:00,2.88,3.054807811261256
2018-07-27 03:00:00,2.88,3.065786349729628
2018-07-27 03:15:00,2.88,3.0374606379731603
2018-07-27 03:30:00,2.92,3.0167118678158396
2018-07-27 03:45:00,2.88,3.0167118678158396
2018-07-27 04:00:00,2.92,3.0065142031655956
2018-07-27 04:15:00,3.46,3.0065142031655956
2018-07-27 04:30:00,3.24,3.042818930362157
2018-07-27 04:45:00,2.81,3.370627045279183
2018-07-27 05:00:00,2.84,3.3675490272607393
2018-07-27 05:15:00,2.84,3.0628336192509846
2018-07-27 05:30:00,2.84,3.0398045747231106
2018-07-27 05:45:00,2.81,3.0498801423664346
2018-07-27 06:00:00,2.77,3.0296069100728666
2018-07-27 06:15:00,3.24,3.004062620976528
2018-07-27 06:30:00,3.02,3.063557530619789
2018-07-27 06:45:00,2.81,3.3108207923617825
2018-07-27 07:00:00,2.95,2.9818468588337095
2018-07-27 07:15:00,4.25,2.9939870533332043
2018-07-27 07:30:00,4.07,3.1543115630639953
2018-07-27 07:45:00,3.96,5.89536644132708
2018-07-27 08:00:00,28.4,41.655860665774135
2018-07-27 08:15:00,66.1,67.5282255165564
2018-07-27 08:30:00,50.4,61.98005992844338
2018-07-27 08:45:00,46.8,81.72545016901753
2018-07-27 09:00:00,66.31,64.68397707456013
2018-07-27 09:15:00,55.62,62.08564454561411
2018-07-27 09:30:00,58.79,62.724130060656904
2018-07-27 09:45:00,60.88,59.72768541593295
2018-07-27 10:00:00,52.56,57.97763874427316
2018-07-27 10:15:00,60.66,59.55399032775369
2018-07-27 10:30:00,56.95,59.49405297296216
2018-07-27 10:45:00,62.6,60.85823856362742
2018-07-27 11:00:00,45.76,59.78270570313859
2018-07-27 11:15:00,50.0,61.11884363557116
2018-07-27 11:30:00,53.14,55.88451391002287
2018-07-27 11:45:00,48.89,53.654548929874835
2018-07-27 12:00:00,4.25,9.905671253648975
2018-07-27 12:15:00,4.54,4.460171206148418
2018-07-27 12:30:00,4.57,4.18242163963255
2018-07-27 12:45:00,4.61,6.554498764780989
2018-07-27 13:00:00,19.55,44.71601024582725
2018-07-27 13:15:00,47.02,55.35145571450871
2018-07-27 13:30:00,53.28,52.763910779683314
2018-07-27 13:45:00,55.3,52.63083027625045
2018-07-27 14:00:00,52.02,58.252566862781904
2018-07-27 14:15:00,55.4,58.03365898977747
2018-07-27 14:30:00,51.05,56.944871708493956
2018-07-27 14:45:00,39.96,58.01554047241721
2018-07-27 15:00:00,41.15,56.319355970237396
2018-07-27 15:15:00,50.76,45.394232912785554
2018-07-27 15:30:00,54.65,44.56750835759733
2018-07-27 15:45:00,55.08,56.20964507357064
2018-07-27 16:00:00,56.34,55.062051797033725
2018-07-27 16:15:00,52.88,55.57670789092991
2018-07-27 16:30:00,48.24,57.10571167851818
2018-07-27 16:45:00,54.4,57.79596676393457
2018-07-27 17:00:00,53.21,50.21154691582319
2018-07-27 17:15:00,39.85,52.218739211257585
2018-07-27 17:30:00,25.31,35.198461891074956
2018-07-27 17:45:00,25.56,26.038058690381025
2018-07-27 18:00:00,29.52,23.19489382219618
2018-07-27 18:15:00,45.97,33.13070369761439
2018-07-27 18:30:00,52.85,35.111206753686076
2018-07-27 18:45:00,67.57,49.149218079941534
2018-07-27 19:00:00,50.87,51.959123759352124
2018-07-27 19:15:00,54.32,60.54202697505073
2018-07-27 19:30:00,55.08,48.122380075764056
2018-07-27 19:45:00,34.24,53.97065413215633
2018-07-27 20:00:00,32.87,52.79942027525306
2018-07-27 20:15:00,40.14,39.105892662491726
2018-07-27 20:30:00,48.13,34.29965072518723
2018-07-27 20:45:00,15.8,24.140972960759466
2018-07-27 21:00:00,6.77,17.568704131254556
2018-07-27 21:15:00,4.36,1.867963383592074
2018-07-27 21:30:00,3.82,6.010740428640266
2018-07-27 21:45:00,3.85,2.527633853356166
2018-07-27 22:00:00,3.78,3.804946590374766
2018-07-27 22:15:00,3.1,3.6827515767150483
2018-07-27 22:30:00,2.92,3.653147530853116
2018-07-27 22:45:00,2.92,3.7562212494726723
2018-07-27 23:00:00,2.92,3.3754387564780184
2018-07-27 23:15:00,2.84,3.2435328216809087
2018-07-27 23:30:00,2.84,3.2336846152337477
2018-07-27 23:45:00,2.81,3.1987423742722876
2018-07-28 00:00:00,2.81,3.189507618131629
2018-07-28 00:15:00,2.92,3.189507618131629
2018-07-28 00:30:00,2.88,3.189507618131629
2018-07-28 00:45:00,2.92,3.199926632558731
2018-07-28 01:00:00,2.95,3.1757862068610163
2018-07-28 01:15:00,3.38,3.1609987263228683
2018-07-28 01:30:00,3.78,3.156178974105331
2018-07-28 01:45:00,3.24,3.2554115144332756
2018-07-28 02:00:00,3.6,3.5051311831968066
2018-07-28 02:15:00,3.46,3.0672236611610146
2018-07-28 02:30:00,3.56,3.2820076459967096
2018-07-28 02:45:00,3.64,3.080762537434402
2018-07-28 03:00:00,3.49,3.2848110855317882
2018-07-28 03:15:00,4.0,3.376339726705621
2018-07-28 03:30:00,3.85,3.3605150352814857
2018-07-28 03:45:00,3.46,3.179019765200465
2018-07-28 04:00:00,3.42,2.7251857236134365
2018-07-28 04:15:00,3.49,3.4949197268562835
2018-07-28 04:30:00,3.46,3.3605150352814857
2018-07-28 04:45:00,3.42,3.414051419107545
2018-07-28 05:00:00,3.35,3.414051419107545
2018-07-28 05:15:00,3.28,3.3605150352814857
2018-07-28 05:30:00,3.24,3.447317169197568
2018-07-28 05:45:00,3.31,3.447317169197568
2018-07-28 06:00:00,3.2,3.447317169197568
2018-07-28 06:15:00,3.28,3.3542451661901445
2018-07-28 06:30:00,3.2,3.153434337138007
2018-07-28 06:45:00,3.2,3.3542451661901445
2018-07-28 07:00:00,3.2,3.153434337138007
2018-07-28 07:15:00,4.79,3.153434337138007
2018-07-28 07:30:00,6.73,3.4662612400866593
2018-07-28 07:45:00,6.12,6.321226220030175
2018-07-28 08:00:00,18.72,38.49895125363035
2018-07-28 08:15:00,42.44,41.64944991610507
2018-07-28 08:30:00,51.19,35.915971727266566
2018-07-28 08:45:00,35.75,48.19559137108629
2018-07-28 09:00:00,35.78,60.673012348072696
2018-07-28 09:15:00,36.83,37.54074175398052
2018-07-28 09:30:00,49.21,36.68558063410129
2018-07-28 09:45:00,47.23,41.22907191435436
2018-07-28 10:00:00,46.4,51.00600739108953
2018-07-28 10:15:00,39.38,49.605443036127916
2018-07-28 10:30:00,40.32,49.103697681969145
2018-07-28 10:45:00,56.38,39.612240076341344
2018-07-28 11:00:00,67.61,38.11520197249966
2018-07-28 11:15:00,45.86,52.77594989515691
2018-07-28 11:30:00,57.89,61.39246988915879
2018-07-28 11:45:00,27.68,43.675286321776106
2018-07-28 12:00:00,4.54,3.203260391490205
2018-07-28 12:15:00,4.68,6.3055076642536765
2018-07-28 12:30:00,4.5,6.005737607716565
2018-07-28 12:45:00,4.39,5.909658613106745
2018-07-28 13:00:00,35.93,29.194136612344227
2018-07-28 13:15:00,47.27,46.685165052274506
2018-07-28 13:30:00,46.01,53.460684882393984
2018-07-28 13:45:00,45.29,47.621098998211956
2018-07-28 14:00:00,71.53,48.97041760144778
2018-07-28 14:15:00,44.89,49.34032970469517
2018-07-28 14:30:00,63.9,64.94807959795111
2018-07-28 14:45:00,49.9,51.36904116461124
2018-07-28 15:00:00,44.53,55.383842357491545
2018-07-28 15:15:00,41.65,55.756980592585826
2018-07-28 15:30:00,44.57,49.012734932733004
2018-07-28 15:45:00,50.94,39.737449674340986
2018-07-28 16:00:00,50.58,48.60928694316402
2018-07-28 16:15:00,48.92,50.05287866490561
2018-07-28 16:30:00,33.98,50.3310638900756
2018-07-28 16:45:00,22.82,39.67024929941908
2018-07-28 17:00:00,11.23,21.05071870497423
2018-07-28 17:15:00,3.49,4.415182509910041
2018-07-28 17:30:00,3.42,8.245298578428473
2018-07-28 17:45:00,3.53,3.1510190811969405
2018-07-28 18:00:00,3.35,3.0344583279218917
2018-07-28 18:15:00,3.35,4.661964173462274
2018-07-28 18:30:00,4.1,3.967084047029187
2018-07-28 18:45:00,4.14,4.103364638487082
2018-07-28 19:00:00,2.84,4.400170576806391
2018-07-28 19:15:00,2.95,4.350959690558835
2018-07-28 19:30:00,2.92,3.3777812788523462
2018-07-28 19:45:00,2.84,3.2139056899529357
2018-07-28 20:00:00,2.88,3.2139056899529357
2018-07-28 20:15:00,2.92,3.168812295080472
2018-07-28 20:30:00,2.88,3.168812295080472
2018-07-28 20:45:00,2.84,3.182221771687276
2018-07-28 21:00:00,2.92,3.2227781679526384
2018-07-28 21:15:00,2.81,3.1642691369281915
2018-07-28 21:30:00,2.81,3.0102662707568633
2018-07-28 21:45:00,2.88,3.0102662707568633
2018-07-28 22:00:00,2.7,3.0018908160272506
2018-07-28 22:15:00,2.63,3.0018908160272506
2018-07-28 22:30:00,2.74,3.0102662707568633
2018-07-28 22:45:00,3.13,3.156178974105331
2018-07-28 23:00:00,2.88,3.156178974105331
2018-07-28 23:15:00,2.59,2.9964448426044155
2018-07-28 23:30:00,2.59,2.9208026931896955
2018-07-28 23:45:00,2.66,2.9342507950404
2018-07-29 00:00:00,2.66,2.9747028946106586
2018-07-29 00:15:00,2.66,2.9342507950404
2018-07-29 00:30:00,2.63,2.9342507950404
2018-07-29 00:45:00,3.06,2.9342507950404
2018-07-29 01:00:00,3.13,2.9907219319374527
2018-07-29 01:15:00,2.7,2.9829801350451706
2018-07-29 01:30:00,2.66,2.940247015127271
2018-07-29 01:45:00,2.74,2.9208026931896955
2018-07-29 02:00:00,2.7,2.9403286237138313
2018-07-29 02:15:00,2.66,2.9403286237138313
2018-07-29 02:30:00,2.66,2.9342507950404
2018-07-29 02:45:00,2.66,2.9342507950404
2018-07-29 03:00:00,2.7,3.074247771595236
2018-07-29 03:15:00,2.74,3.054429104420742
2018-07-29 03:30:00,2.74,2.984240006395254
2018-07-29 03:45:00,2.66,2.984240006395254
2018-07-29 04:00:00,3.02,2.984240006395254
2018-07-29 04:15:00,3.06,2.984240006395254
2018-07-29 04:30:00,2.7,2.984240006395254
2018-07-29 04:45:00,2.7,3.0121223526381127
2018-07-29 05:00:00,2.74,3.0368420172342567
2018-07-29 05:15:00,2.66,3.027703421135521
2018-07-29 05:30:00,2.7,2.994437671045498
2018-07-29 05:45:00,2.7,2.984240006395254
2018-07-29 06:00:00,2.66,2.984240006395254
2018-07-29 06:15:00,2.66,2.9958591396407117
2018-07-29 06:30:00,2.88,3.0071990736224947
2018-07-29 06:45:00,3.28,2.9486201496555915
2018-07-29 07:00:00,2.95,2.9486201496555915
2018-07-29 07:15:00,2.66,3.195883411397585
2018-07-29 07:30:00,2.81,3.0769492808255
2018-07-29 07:45:00,3.17,3.9297465649686405
2018-07-29 08:00:00,19.73,8.561078856532315
2018-07-29 08:15:00,34.7,17.198946395155826
2018-07-29 08:30:00,32.54,25.046574688330264
2018-07-29 08:45:00,35.39,39.938533204222175
2018-07-29 09:00:00,35.89,35.86608736894723
2018-07-29 09:15:00,32.51,37.97532854653906
2018-07-29 09:30:00,35.28,36.580810037492526
2018-07-29 09:45:00,32.47,34.94432164480186
2018-07-29 10:00:00,31.86,35.44135513539855
2018-07-29 10:15:00,35.14,35.919926786903055
2018-07-29 10:30:00,32.15,35.315774881615525
2018-07-29 10:45:00,35.39,34.32820758995062
2018-07-29 11:00:00,32.69,33.62248808782907
2018-07-29 11:15:00,34.99,32.26170764754051
2018-07-29 11:30:00,34.16,32.135800664132965
2018-07-29 11:45:00,11.09,25.31722101918419
2018-07-29 12:00:00,3.42,13.36910704215117
2018-07-29 12:15:00,3.53,10.521889157992192
2018-07-29 12:30:00,3.49,5.071890572796992
2018-07-29 12:45:00,3.56,5.5788755899215445
2018-07-29 13:00:00,12.02,15.616700814807357
2018-07-29 13:15:00,33.98,31.00694448272922
2018-07-29 13:30:00,32.62,28.49620502298018
2018-07-29 13:45:00,33.55,42.94672095327814
2018-07-29 14:00:00,35.42,34.94227217339514
2018-07-29 14:15:00,34.63,35.16429368930404
2018-07-29 14:30:00,32.72,35.88424030834273
2018-07-29 14:45:00,33.3,34.86346926246645
2018-07-29 15:00:00,28.73,34.45155297623666
2018-07-29 15:15:00,34.92,33.898932981916026
2018-07-29 15:30:00,33.8,27.53680882539535
2018-07-29 15:45:00,34.02,33.03501622785647
2018-07-29 16:00:00,35.06,32.01441187784504
2018-07-29 16:15:00,32.54,31.21286431788957
2018-07-29 16:30:00,32.72,29.513666315862128
2018-07-29 16:45:00,5.47,23.63971846209638
2018-07-29 17:00:00,3.35,20.389724576200123
2018-07-29 17:15:00,3.02,3.0517552705221114
2018-07-29 17:30:00,2.99,3.2877742319215857
2018-07-29 17:45:00,3.02,3.0671605053510773
2018-07-29 18:00:00,2.81,3.1063702907585533
2018-07-29 18:15:00,2.81,3.3379209212017047
2018-07-29 18:30:00,2.95,3.3379209212017047
2018-07-29 18:45:00,3.53,3.3379209212017047
2018-07-29 19:00:00,3.42,3.3379209212017047
2018-07-29 19:15:00,2.92,3.6713420693388645
2018-07-29 19:30:00,2.92,3.6913458837285935
2018-07-29 19:45:00,2.95,3.2359336130237755
2018-07-29 20:00:00,3.02,3.2137410798143238
2018-07-29 20:15:00,2.95,3.1265209242113925
2018-07-29 20:30:00,3.06,3.1204430955379614
2018-07-29 20:45:00,3.02,3.1535946908596073
2018-07-29 21:00:00,3.02,3.2223457565224334
2018-07-29 21:15:00,3.1,3.047857391330293
2018-07-29 21:30:00,3.64,2.97700052066684
2018-07-29 21:45:00,3.02,3.0025226712778466
2018-07-29 22:00:00,2.99,3.2231509458955916
2018-07-29 22:15:00,2.77,2.9718355133428362
2018-07-29 22:30:00,2.63,2.9158138863365264
2018-07-29 22:45:00,2.66,2.996799760610884
2018-07-29 23:00:00,2.66,3.021798963207753
2018-07-29 23:15:00,3.17,3.021798963207753
2018-07-29 23:30:00,3.24,2.9907219319374527
2018-07-29 23:45:00,2.74,3.010166253875028
2018-07-30 00:00:00,2.66,3.303019667501837
2018-07-30 00:15:00,2.66,3.049498969095812
2018-07-30 00:30:00,2.74,3.0103418289625523
2018-07-30 00:45:00,2.7,3.0436075790525754
2018-07-30 01:00:00,2.7,3.004264000289121
2018-07-30 01:15:00,2.81,3.004264000289121
2018-07-30 01:30:00,2.74,3.094000887276197
2018-07-30 01:45:00,2.77,3.094000887276197
2018-07-30 02:00:00,2.77,3.004264000289121
2018-07-30 02:15:00,2.95,3.004264000289121
2018-07-30 02:30:00,3.35,3.004264000289121
2018-07-30 02:45:00,2.88,3.004264000289121
2018-07-30 03:00:00,2.77,3.3094938294572698
2018-07-30 03:15:00,2.7,3.075997387973407
2018-07-30 03:30:00,2.77,3.087518961733998
2018-07-30 03:45:00,2.77,3.097716626384242
2018-07-30 04:00:00,2.7,3.054253211643975
2018-07-30 04:15:00,2.74,3.054253211643975
2018-07-30 04:30:00,2.81,3.0866029760576406
2018-07-30 04:45:00,2.74,3.112832135610878
2018-07-30 05:00:00,2.74,3.0765274084143166
2018-07-30 05:15:00,2.66,3.054253211643975
2018-07-30 05:30:00,3.13,3.054253211643975
2018-07-30 05:45:00,2.88,3.054253211643975
2018-07-30 06:00:00,2.7,3.1007056443338312
2018-07-30 06:15:00,2.74,3.0379696156532923
2018-07-30 06:30:00,2.7,3.0186333549043125
2018-07-30 06:45:00,2.66,3.0620967696445796
2018-07-30 07:00:00,2.63,3.198952976608651
2018-07-30 07:15:00,3.06,3.198952976608651
2018-07-30 07:30:00,3.78,3.2940553986004417
2018-07-30 07:45:00,3.56,4.266540662131461
2018-07-30 08:00:00,27.32,37.228324929239484
2018-07-30 08:15:00,62.68,46.74204233453628
2018-07-30 08:30:00,56.16,54.11227717978802
2018-07-30 08:45:00,58.68,73.81384221152638
2018-07-30 09:00:00,58.72,67.01877773597276
2018-07-30 09:15:00,57.2,61.884423396269106
2018-07-30 09:30:00,62.21,58.378403158701914
2018-07-30 09:45:00,59.94,60.604560584667176
2018-07-30 10:00:00,47.84,61.06821591813606
2018-07-30 10:15:00,50.76,61.713894580679145
2018-07-30 10:30:00,48.28,61.36506803051435
2018-07-30 10:45:00,54.14,59.60780910013494
2018-07-30 11:00:00,44.28,56.721832079887726
2018-07-30 11:15:00,56.99,58.914142240602935
2018-07-30 11:30:00,44.39,52.62315645576585
2018-07-30 11:45:00,34.02,49.86577296897807
2018-07-30 12:00:00,5.04,9.099802561414123
2018-07-30 12:15:00,7.09,12.138197021024466
2018-07-30 12:30:00,6.01,4.638817010433003
2018-07-30 12:45:00,5.9,9.359214133163862
2018-07-30 13:00:00,18.83,46.65939315603003
2018-07-30 13:15:00,60.41,43.6511315765387
2018-07-30 13:30:00,66.85,53.41589375385463
2018-07-30 13:45:00,53.06,65.22105335308949
2018-07-30 14:00:00,48.64,67.77915673131083
2018-07-30 14:15:00,50.36,61.544083660234264
2018-07-30 14:30:00,59.15,58.165534770343186
2018-07-30 14:45:00,76.14,59.3814839155655
2018-07-30 15:00:00,74.81,58.51034147011866
2018-07-30 15:15:00,74.74,64.107424433998
2018-07-30 15:30:00,83.77,72.23049066280647
2018-07-30 15:45:00,106.52,69.67712929752052
2018-07-30 16:00:00,85.64,76.21560120832001
2018-07-30 16:15:00,83.74,92.18632798660629
2018-07-30 16:30:00,75.67,84.6888206900813
2018-07-30 16:45:00,92.12,79.41133979889406
2018-07-30 17:00:00,74.99,74.02607741020138
2018-07-30 17:15:00,62.14,86.51156436158684
2018-07-30 17:30:00,41.18,45.94784091568487
2018-07-30 17:45:00,31.75,41.501088483600476
2018-07-30 18:00:00,51.95,41.37236320344737
2018-07-30 18:15:00,54.83,61.610571945774346
2018-07-30 18:30:00,73.08,67.38701547612348
2018-07-30 18:45:00,75.35,58.07216372824243
2018-07-30 19:00:00,60.55,69.72751100971362
2018-07-30 19:15:00,72.29,75.9316180722459
2018-07-30 19:30:00,86.08,64.24740658682492
2018-07-30 19:45:00,57.85,71.40364635692255
2018-07-30 20:00:00,81.43,80.98004248213411
2018-07-30 20:15:00,85.75,66.55616261020822
2018-07-30 20:30:00,51.23,60.970160306901256
2018-07-30 20:45:00,23.76,56.34487235726767
2018-07-30 21:00:00,3.85,31.595432942261052
2018-07-30 21:15:00,4.07,5.442752331651125
2018-07-30 21:30:00,3.2,3.096296024472431
2018-07-30 21:45:00,3.13,4.809854292397964
2018-07-30 22:00:00,2.99,3.5781989973855595
2018-07-30 22:15:00,2.84,3.9165622093594097
2018-07-30 22:30:00,2.84,3.2941523929565792
2018-07-30 22:45:00,2.81,3.3552334399680035
2018-07-30 23:00:00,2.81,3.3739278453892756
2018-07-30 23:15:00,2.74,3.3352152266540855
2018-07-30 23:30:00,2.7,3.3291373979806544
2018-07-30 23:45:00,2.63,3.3291373979806544
2018-07-31 00:00:00,2.95,3.3291373979806544
2018-07-31 00:15:00,3.28,3.3208708504875006
2018-07-31 00:30:00,3.42,3.3070405319804292
2018-07-31 00:45:00,3.02,3.445170510238503
2018-07-31 01:00:00,2.84,3.469935077215149
2018-07-31 01:15:00,2.81,3.065800112262027
2018-07-31 01:30:00,2.88,3.197895737130656
2018-07-31 01:45:00,2.95,3.0436075790525754
2018-07-31 02:00:00,2.88,3.0436075790525754
2018-07-31 02:15:00,2.84,3.047013725915561
2018-07-31 02:30:00,3.56,3.0748011564555884
2018-07-31 02:45:00,3.13,3.0859356311632955
2018-07-31 03:00:00,2.95,3.514230217924459
2018-07-31 03:15:00,2.99,3.1201374716573573
2018-07-31 03:30:00,2.95,3.0200530885668955
2018-07-31 03:45:00,2.92,3.0867250730645606
2018-07-31 04:00:00,3.17,2.9003254544732
2018-07-31 04:15:00,3.28,3.0996201153215877
2018-07-31 04:30:00,3.17,3.189535962751711
2018-07-31 04:45:00,3.13,3.507132709796045
2018-07-31 05:00:00,3.02,3.2156039843861235
2018-07-31 05:15:00,3.56,3.19957248948313
2018-07-31 05:30:00,3.28,3.131026127028319
2018-07-31 05:45:00,3.06,3.4246087556249103
2018-07-31 06:00:00,3.06,3.4578354648030283
2018-07-31 06:15:00,3.17,3.1180753220236483
2018-07-31 06:30:00,3.06,3.1577212574205693
2018-07-31 06:45:00,3.06,3.20955709395759
2018-07-31 07:00:00,3.17,3.385197077644069
2018-07-31 07:15:00,3.42,3.326700945143125
2018-07-31 07:30:00,5.08,3.451713387563696
2018-07-31 07:45:00,27.25,5.591333657543719
2018-07-31 08:00:00,58.36,44.78062567955076
2018-07-31 08:15:00,80.1,65.70302557134949
2018-07-31 08:30:00,90.61,69.6704246625904
2018-07-31 08:45:00,64.84,84.76539336398413
2018-07-31 09:00:00,78.41,80.60754802736851
2018-07-31 09:15:00,55.94,68.6493925713055
2018-07-31 09:30:00,67.54,64.20587258643972
2018-07-31 09:45:00,78.84,63.96104435402303
2018-07-31 10:00:00,53.24,62.3781289339805
2018-07-31 10:15:00,63.86,68.42129041092764
2018-07-31 10:30:00,66.1,60.737844055953495
2018-07-31 10:45:00,60.23,65.2584883967766
2018-07-31 11:00:00,81.79,59.68194354059685
2018-07-31 11:15:00,84.85,61.72201682861195
2018-07-31 11:30:00,83.52,65.87937793047003
2018-07-31 11:45:00,58.1,84.43953700839647
2018-07-31 12:00:00,6.01,9.395499141985093
2018-07-31 12:15:00,6.23,4.843891824130052
2018-07-31 12:30:00,6.23,5.12097863937785
2018-07-31 12:45:00,6.19,6.919586858367185
2018-07-31 13:00:00,58.32,63.3674973262029
2018-07-31 13:15:00,115.56,57.82445195874045
2018-07-31 13:30:00,57.67,83.91841580530244
2018-07-31 13:45:00,38.2,95.34249795392486
2018-07-31 14:00:00,42.41,65.93355261120193
2018-07-31 14:15:00,52.2,52.73182769952334
2018-07-31 14:30:00,48.17,58.42326152928804
2018-07-31 14:45:00,49.79,64.94716686165806
2018-07-31 15:00:00,50.62,55.15850632739985
2018-07-31 15:15:00,44.57,57.75577682987283
2018-07-31 15:30:00,41.36,61.270766726143755
2018-07-31 15:45:00,37.8,51.96303904685587
2018-07-31 16:00:00,31.72,43.79384558690229
2018-07-31 16:15:00,28.98,43.90253710922464
2018-07-31 16:30:00,28.48,38.91552853840756
2018-07-31 16:45:00,11.38,32.63507826358806
2018-07-31 17:00:00,10.8,29.356788583295664
2018-07-31 17:15:00,4.21,11.029882067720411
2018-07-31 17:30:00,3.42,13.006725097804795
2018-07-31 17:45:00,4.57,3.620236358492403
2018-07-31 18:00:00,3.78,4.26623185547158
2018-07-31 18:15:00,3.42,4.995821848169381
2018-07-31 18:30:00,3.38,4.388997174701607
2018-07-31 18:45:00,3.1,4.002157494043088
2018-07-31 19:00:00,2.88,4.110061889148545
2018-07-31 19:15:00,2.88,3.4893958481034892
2018-07-31 19:30:00,2.92,3.4083583354641145
2018-07-31 19:45:00,2.99,3.376405849575929
2018-07-31 20:00:00,2.92,3.4395691851598826
2018-07-31 20:15:00,2.95,3.281714467602834
2018-07-31 20:30:00,2.95,3.281714467602834
2018-07-31 20:45:00,2.95,2.87686124488962
2018-07-31 21:00:00,2.99,3.0090806107055044
2018-07-31 21:15:00,3.06,3.2193766726198563
2018-07-31 21:30:00,3.02,3.2261921793540522
2018-07-31 21:45:00,3.06,3.0946345451135273
2018-07-31 22:00:00,2.88,3.25781437849051
2018-07-31 22:15:00,2.81,3.1007123737869584
2018-07-31 22:30:00,2.88,3.1041491853084016
2018-07-31 22:45:00,3.24,3.0863573046790154
2018-07-31 23:00:00,3.31,3.0863573046790154
2018-07-31 23:15:00,2.77,3.305989288099045
2018-07-31 23:30:00,2.77,3.3112862149949907
2018-07-31 23:45:00,2.84,3.049498969095812
2018-08-01 00:00:00,3.2,3.0642165253075477
2018-08-01 00:15:00,2.66,3.086636699803136
2018-08-01 00:30:00,2.63,3.3038706726883156
2018-08-01 00:45:00,2.66,3.0303483253684287
2018-08-01 01:00:00,2.63,3.0239943155849844
2018-08-01 01:15:00,2.7,2.897404938955003
2018-08-01 01:30:00,2.7,2.8941479159244854
2018-08-01 01:45:00,2.66,2.8306165181590646
2018-08-01 02:00:00,2.74,2.8306165181590646
2018-08-01 02:15:00,2.66,2.8242625083756203
2018-08-01 02:30:00,2.7,3.004428791173959
2018-08-01 02:45:00,2.66,3.004428791173959
2018-08-01 03:00:00,2.7,3.004428791173959
2018-08-01 03:15:00,2.74,3.047124693369909
2018-08-01 03:30:00,2.81,2.9128941096770555
2018-08-01 03:45:00,2.7,2.9128941096770555
2018-08-01 04:00:00,3.24,3.0523439067767018
2018-08-01 04:15:00,2.77,3.0523439067767018
2018-08-01 04:30:00,3.2,2.315094265346465
2018-08-01 04:45:00,2.99,2.9222029874577995
2018-08-01 05:00:00,2.66,2.323827856774613
2018-08-01 05:15:00,2.7,2.1511095967527964
2018-08-01 05:30:00,2.66,2.997132465511054
2018-08-01 05:45:00,2.7,2.943008869873657
2018-08-01 06:00:00,2.7,2.997132465511054
2018-08-01 06:15:00,2.66,2.9821982617794713
2018-08-01 06:30:00,2.66,2.9222029874577995
2018-08-01 06:45:00,2.7,2.9158489776743552
2018-08-01 07:00:00,2.66,2.9158489776743552
2018-08-01 07:15:00,2.74,2.9222029874577995
2018-08-01 07:30:00,2.7,2.9985364589489714
2018-08-01 07:45:00,2.66,4.229023446249041
2018-08-01 08:00:00,2.63,26.106189218807312
2018-08-01 08:15:00,2.56,23.424487475499834
2018-08-01 08:30:00,3.02,5.132442931157382
2018-08-01 08:45:00,3.06,6.281367462088315
2018-08-01 09:00:00,2.77,5.438397208517337
2018-08-01 09:15:00,2.7,4.539264720568393
2018-08-01 09:30:00,2.74,6.1744038412221505
2018-08-01 09:45:00,2.74,6.0005915682072555
2018-08-01 10:00:00,3.2,6.083251205748692
2018-08-01 10:15:00,3.17,6.083251205748692
2018-08-01 10:30:00,2.81,5.0991602562951295
2018-08-01 10:45:00,2.77,4.852416690850545
2018-08-01 11:00:00,2.59,5.760033942245389
2018-08-01 11:15:00,2.56,2.4773731110136605
2018-08-01 11:30:00,2.59,2.707058664744619
2018-08-01 11:45:00,2.77,2.9740124149808262
2018-08-01 12:00:00,2.77,2.8681923108434315
2018-08-01 12:15:00,2.81,2.7008830263059953
2018-08-01 12:30:00,2.84,2.5288413797897387
2018-08-01 12:45:00,2.84,2.602466305826649
2018-08-01 13:00:00,2.74,5.952184261789452
2018-08-01 13:15:00,2.74,6.101508495944705
2018-08-01 13:30:00,2.74,6.265377871687377
2018-08-01 13:45:00,2.74,3.381322069516857
2018-08-01 14:00:00,3.31,3.381322069516857
2018-08-01 14:15:00,2.66,3.527243977532961
2018-08-01 14:30:00,2.66,3.801276879499424
2018-08-01 14:45:00,2.74,3.4445843399915255
2018-08-01 15:00:00,2.7,2.983127048902093
2018-08-01 15:15:00,2.7,2.7896514189499797
2018-08-01 15:30:00,2.77,2.883211395564632
2018-08-01 15:45:00,2.74,2.7896514189499797
2018-08-01 16:00:00,2.84,2.7894947521305924
2018-08-01 16:15:00,3.28,2.7922056775674657
2018-08-01 16:30:00,2.84,2.491296823840825
2018-08-01 16:45:00,2.7,2.652872494577223
2018-08-01 17:00:00,2.7,2.446118073008617
2018-08-01 17:15:00,2.66,2.285267890474523
2018-08-01 17:30:00,2.77,2.3620245502848403
2018-08-01 17:45:00,2.77,2.411735592709833
2018-08-01 18:00:00,2.66,2.874258633909591
2018-08-01 18:15:00,2.63,3.036248435637623
2018-08-01 18:30:00,3.02,2.875055300356164
2018-08-01 18:45:00,3.35,2.8714410711252296
2018-08-01 19:00:00,2.84,2.8806176787084548
2018-08-01 19:15:00,2.84,2.225783127550815
2018-08-01 19:30:00,2.74,2.8724674453249412
2018-08-01 19:45:00,2.81,2.819495479211175
2018-08-01 20:00:00,2.88,2.8862839000071134
2018-08-01 20:15:00,2.84,3.036634036179976
2018-08-01 20:30:00,2.92,3.020514483699967
2018-08-01 20:45:00,2.84,3.020514483699967
2018-08-01 21:00:00,2.88,2.806619836909761
2018-08-01 21:15:00,2.92,2.9280593802081674
2018-08-01 21:30:00,2.88,2.9280593802081674
2018-08-01 21:45:00,2.95,2.9046380052547596
2018-08-01 22:00:00,3.06,2.9046380052547596
2018-08-01 22:15:00,3.24,2.1435771463448194
2018-08-01 22:30:00,2.74,2.1843344875877944
2018-08-01 22:45:00,2.66,3.3484616183381424
2018-08-01 23:00:00,2.74,3.0642165253075477
2018-08-01 23:15:00,2.66,3.0642165253075477
2018-08-01 23:30:00,2.59,3.0642165253075477
2018-08-01 23:45:00,2.63,2.9576551877862007
2018-08-02 00:00:00,2.66,2.991074094728165
2018-08-02 00:15:00,2.63,3.0025939301505367
2018-08-02 00:30:00,2.66,3.0025939301505367
2018-08-02 00:45:00,2.7,3.008947939933981
2018-08-02 01:00:00,3.13,3.008947939933981
2018-08-02 01:15:00,2.88,2.9957562940617737
2018-08-02 01:30:00,2.7,2.9566220363853937
2018-08-02 01:45:00,2.7,2.9957562940617737
2018-08-02 02:00:00,2.7,2.9957562940617737
2018-08-02 02:15:00,2.74,2.9957562940617737
2018-08-02 02:30:00,2.74,3.0888425212135626
2018-08-02 02:45:00,2.7,2.9529852354353325
2018-08-02 03:00:00,2.77,2.8962759923601396
2018-08-02 03:15:00,2.7,2.9065400998936113
2018-08-02 03:30:00,2.77,2.9222029874577995
2018-08-02 03:45:00,2.77,2.9222029874577995
2018-08-02 04:00:00,2.77,2.9222029874577995
2018-08-02 04:15:00,3.17,2.9222029874577995
2018-08-02 04:30:00,3.2,2.943008869873657
2018-08-02 04:45:00,2.74,2.966545662857496
2018-08-02 05:00:00,2.77,3.0752728613155442
2018-08-02 05:15:00,3.24,3.073149789192559
2018-08-02 05:30:00,2.7,3.073149789192559
2018-08-02 05:45:00,2.66,3.189967017627209
2018-08-02 06:00:00,2.7,2.997132465511054
2018-08-02 06:15:00,2.66,2.9222029874577995
2018-08-02 06:30:00,2.7,2.9273459823094687
2018-08-02 06:45:00,2.7,2.98782358773031
2018-08-02 07:00:00,2.59,2.9222029874577995
2018-08-02 07:15:00,2.63,2.9128941096770555
2018-08-02 07:30:00,2.7,3.001491326946271
2018-08-02 07:45:00,2.63,4.0556816203921615
2018-08-02 08:00:00,2.59,26.09688034102657
2018-08-02 08:15:00,2.63,23.251145649642957
2018-08-02 08:30:00,2.59,5.305784757014261
2018-08-02 08:45:00,2.77,6.610176386786422
2018-08-02 09:00:00,2.77,6.464254478770318
2018-08-02 09:15:00,2.74,6.4939038881395135
2018-08-02 09:30:00,2.7,6.639825796155619
2018-08-02 09:45:00,2.77,6.494540268808072
2018-08-02 10:00:00,2.81,6.494540268808072
2018-08-02 10:15:00,3.74,6.531811870988017
2018-08-02 10:30:00,3.64,6.531811870988017
2018-08-02 10:45:00,2.74,15.348253848587003
2018-08-02 11:00:00,2.63,7.810392786357697
2018-08-02 11:15:00,2.59,2.8434536378917126
2018-08-02 11:30:00,2.59,3.162083802379907
2018-08-02 11:45:00,2.59,3.8126704956630695
2018-08-02 12:00:00,2.77,3.916603332824474
2018-08-02 12:15:00,2.81,3.0964727597049833
2018-08-02 12:30:00,2.88,2.8576503044878456
2018-08-02 12:45:00,2.88,2.7883081905059517
2018-08-02 13:00:00,2.81,6.135071278471456
2018-08-02 13:15:00,2.81,5.7932551624298725
2018-08-02 13:30:00,2.92,6.58487791860474
2018-08-02 13:45:00,2.95,3.733552369168374
2018-08-02 14:00:00,2.95,3.7101309942149663
2018-08-02 14:15:00,2.95,3.909693908619262
2018-08-02 14:30:00,2.88,3.958646857118932
2018-08-02 14:45:00,2.95,3.948136399036911
2018-08-02 15:00:00,2.95,3.512942234685561
2018-08-02 15:15:00,2.88,3.4898391924348706
2018-08-02 15:30:00,3.1,3.4898391924348706
2018-08-02 15:45:00,3.24,3.4319347427847227
2018-08-02 16:00:00,2.92,3.525856895526303
2018-08-02 16:15:00,3.02,3.266890454373273
2018-08-02 16:30:00,2.99,2.7889000062319615
2018-08-02 16:45:00,3.49,2.7720049558486073
2018-08-02 17:00:00,2.92,2.761437805654404
2018-08-02 17:15:00,2.92,3.0506764969478706
2018-08-02 17:30:00,2.95,2.7322891089796846
2018-08-02 17:45:00,2.95,2.7710998123314607
2018-08-02 18:00:00,2.81,3.063348518529071
2018-08-02 18:15:00,2.88,3.163577283026612
2018-08-02 18:30:00,2.92,3.064226153081785
2018-08-02 18:45:00,2.95,3.0542579140674064
2018-08-02 19:00:00,2.95,3.0542579140674064
2018-08-02 19:15:00,2.95,3.1049243757869522
2018-08-02 19:30:00,2.95,3.094401223956216
2018-08-02 19:45:00,3.42,3.075373784626594
2018-08-02 20:00:00,3.28,3.075373784626594
2018-08-02 20:15:00,2.95,3.6548076861900896
2018-08-02 20:30:00,2.99,3.297227119093446
2018-08-02 20:45:00,3.06,3.0701545712198013
2018-08-02 21:00:00,3.06,2.8619272697968667
2018-08-02 21:15:00,3.02,2.9233545647157846
2018-08-02 21:30:00,3.42,3.084869951569052
2018-08-02 21:45:00,3.42,3.0717397693691573
2018-08-02 22:00:00,2.95,3.291040772631165
2018-08-02 22:15:00,2.81,3.280517620800429
2018-08-02 22:30:00,2.81,3.1186374632453986
2018-08-02 22:45:00,2.81,3.0642165253075477
2018-08-02 23:00:00,2.84,3.0751168643807643
2018-08-02 23:15:00,2.81,3.0751168643807643
2018-08-02 23:30:00,2.81,3.0642165253075477
2018-08-02 23:45:00,2.84,3.0642165253075477
2018-08-03 00:00:00,2.81,3.013349378089173
2018-08-03 00:15:00,3.02,3.0248692135115447
2018-08-03 00:30:00,3.35,3.0248692135115447
2018-08-03 00:45:00,2.84,3.0833727438089844
2018-08-03 01:00:00,2.84,3.302673747070992
2018-08-03 01:15:00,2.88,3.0116775676393375
2018-08-03 01:30:00,2.99,3.0116775676393375
2018-08-03 01:45:00,2.88,3.0116775676393375
2018-08-03 02:00:00,2.88,3.0669240749062596
2018-08-03 02:15:00,3.17,3.0116775676393375
2018-08-03 02:30:00,3.2,3.0195797648115215
2018-08-03 02:45:00,2.84,3.0888107718807034
2018-08-03 03:00:00,2.84,3.2923304970181135
2018-08-03 03:15:00,2.81,3.0487927911556603
2018-08-03 03:30:00,2.88,3.0487927911556603
2018-08-03 03:45:00,2.84,3.054418117106499
2018-08-03 04:00:00,2.84,3.0596373305132913
2018-08-03 04:15:00,2.84,3.054012004562453
2018-08-03 04:30:00,2.84,3.054012004562453
2018-08-03 04:45:00,3.31,3.054012004562453
2018-08-03 05:00:00,2.92,3.054012004562453
2018-08-03 05:15:00,2.88,3.4302177615840117
2018-08-03 05:30:00,2.81,3.054012004562453
2018-08-03 05:45:00,2.81,3.054012004562453
2018-08-03 06:00:00,2.84,3.054012004562453
2018-08-03 06:15:00,2.84,3.0596373305132913
2018-08-03 06:30:00,2.88,3.054012004562453
2018-08-03 06:45:00,2.81,3.054012004562453
2018-08-03 07:00:00,2.77,3.054012004562453
2018-08-03 07:15:00,2.84,3.054012004562453
2018-08-03 07:30:00,3.31,3.1387145329405177
2018-08-03 07:45:00,3.24,4.29600815089686
2018-08-03 08:00:00,2.84,38.82093960939762
2018-08-03 08:15:00,2.74,60.944886494622125
2018-08-03 08:30:00,2.77,5.644838934103434
2018-08-03 08:45:00,2.99,6.817048173418407
2018-08-03 09:00:00,3.2,6.0439197302065075
2018-08-03 09:15:00,3.53,7.565116548096165
2018-08-03 09:30:00,3.06,7.531182994329497
2018-08-03 09:45:00,2.88,6.540460040426673
2018-08-03 10:00:00,2.84,6.964072001064499
2018-08-03 10:15:00,2.84,6.646176882268204
2018-08-03 10:30:00,2.88,6.642919859237685
2018-08-03 10:45:00,2.84,6.230384821284345
2018-08-03 11:00:00,2.77,6.246833490187072
2018-08-03 11:15:00,2.7,2.84190437290848
2018-08-03 11:30:00,2.74,3.2310607782986023
2018-08-03 11:45:00,2.81,3.8707471325085483
2018-08-03 12:00:00,2.95,3.9746799696699533
2018-08-03 12:15:00,2.99,3.2481093731651143
2018-08-03 12:30:00,3.06,2.944762403859223
2018-08-03 12:45:00,2.99,2.738281056596886
2018-08-03 13:00:00,3.02,6.327057066711757
2018-08-03 13:15:00,3.2,6.061588152725342
2018-08-03 13:30:00,3.64,6.815939306720266
2018-08-03 13:45:00,3.24,4.022663423492097
2018-08-03 14:00:00,2.99,4.20272764464894
2018-08-03 14:15:00,2.99,4.134586235591569
2018-08-03 14:30:00,2.99,3.8699771928895084
2018-08-03 14:45:00,2.95,3.880877531962725
2018-08-03 15:00:00,3.02,3.683688772433321
2018-08-03 15:15:00,3.02,3.4633456293156577
2018-08-03 15:30:00,3.1,3.4522107698708924
2018-08-03 15:45:00,2.95,3.452445290242441
2018-08-03 16:00:00,2.95,3.604377269597291
2018-08-03 16:15:00,3.35,3.22408881096132
2018-08-03 16:30:00,3.35,2.770904039435131
2018-08-03 16:45:00,2.99,2.9932304055829286
2018-08-03 17:00:00,2.92,2.9826632553887253
2018-08-03 17:15:00,3.02,2.7043249031684753
2018-08-03 17:30:00,2.95,2.66465305466302
2018-08-03 17:45:00,2.99,2.7640041846078467
2018-08-03 18:00:00,2.92,3.006612803285623
2018-08-03 18:15:00,2.77,3.0850408896367307
2018-08-03 18:30:00,2.92,2.9965900987651204
2018-08-03 18:45:00,2.99,2.9866218597507417
2018-08-03 19:00:00,2.95,2.9866218597507417
2018-08-03 19:15:00,2.99,3.0372883214702875
2018-08-03 19:30:00,2.92,3.0372883214702875
2018-08-03 19:45:00,2.99,2.9559956851649942
2018-08-03 20:00:00,2.99,2.958097642790095
2018-08-03 20:15:00,3.2,3.007737730309929
2018-08-03 20:30:00,3.6,3.0025185169031365
2018-08-03 20:45:00,3.02,3.1690205041025137
2018-08-03 21:00:00,3.06,3.2681611150223095
2018-08-03 21:15:00,3.42,3.0103494703200466
2018-08-03 21:30:00,3.42,3.033625617108197
2018-08-03 21:45:00,3.02,3.251073964486007
2018-08-03 22:00:00,2.88,3.251073964486007
2018-08-03 22:15:00,2.81,3.0103494703200466
2018-08-03 22:30:00,2.81,2.909126426149005
2018-08-03 22:45:00,2.74,3.0242497171623897
2018-08-03 23:00:00,2.81,3.0242497171623897
2018-08-03 23:15:00,2.7,3.013349378089173
2018-08-03 23:30:00,2.74,3.013349378089173
2018-08-03 23:45:00,2.81,3.013349378089173
2018-08-04 00:00:00,2.77,3.01964466769498
2018-08-04 00:15:00,2.74,2.9643760823214134
2018-08-04 00:30:00,2.77,3.0311645031173517
2018-08-04 00:45:00,2.84,2.9643760823214134
2018-08-04 01:00:00,2.84,2.9643760823214134
2018-08-04 01:15:00,2.99,3.0179728572451445
2018-08-04 01:30:00,3.42,2.972584821883654
2018-08-04 01:45:00,3.17,3.009687966746646
2018-08-04 02:00:00,3.28,3.2503893554431014
2018-08-04 02:15:00,2.84,3.4036832287752805
2018-08-04 02:30:00,2.84,3.272346779635683
2018-08-04 02:45:00,2.84,3.0258750544173285
2018-08-04 03:00:00,2.88,2.930563459674478
2018-08-04 03:15:00,2.81,3.060713406712306
2018-08-04 03:30:00,2.84,2.9657993325528818
2018-08-04 03:45:00,2.81,2.9508651288212993
2018-08-04 04:00:00,2.84,3.06030729416826
2018-08-04 04:15:00,2.84,2.9508651288212993
2018-08-04 04:30:00,2.84,2.9508651288212993
2018-08-04 04:45:00,2.88,2.9508651288212993
2018-08-04 05:00:00,2.84,3.06030729416826
2018-08-04 05:15:00,2.88,3.06030729416826
2018-08-04 05:30:00,2.84,3.06030729416826
2018-08-04 05:45:00,2.81,3.06030729416826
2018-08-04 06:00:00,2.84,3.06030729416826
2018-08-04 06:15:00,2.81,3.06030729416826
2018-08-04 06:30:00,3.24,3.06030729416826
2018-08-04 06:45:00,2.99,3.06030729416826
2018-08-04 07:00:00,2.77,3.4199063514541512
2018-08-04 07:15:00,2.77,3.1239458579627106
2018-08-04 07:30:00,3.38,3.1450098225463248
2018-08-04 07:45:00,3.17,3.6160455073143125
2018-08-04 08:00:00,2.77,21.94975631451003
2018-08-04 08:15:00,2.77,22.64215309249263
2018-08-04 08:30:00,2.59,4.246584473965247
2018-08-04 08:45:00,2.81,3.117691648549483
2018-08-04 09:00:00,2.88,3.149299208674757
2018-08-04 09:15:00,2.81,3.4105813779458547
2018-08-04 09:30:00,2.77,3.253843524215275
2018-08-04 09:45:00,2.81,3.307550995856598
2018-08-04 10:00:00,2.77,3.270279393676653
2018-08-04 10:15:00,2.74,3.359293041001533
2018-08-04 10:30:00,2.88,3.359293041001533
2018-08-04 10:45:00,3.2,3.0100911560057018
2018-08-04 11:00:00,2.56,2.9145616135589125
2018-08-04 11:15:00,2.63,3.0569538023664813
2018-08-04 11:30:00,2.56,2.944081792192544
2018-08-04 11:45:00,2.59,3.326733171128085
2018-08-04 12:00:00,2.7,3.1327459685491412
2018-08-04 12:15:00,2.81,2.864223521508586
2018-08-04 12:30:00,2.92,2.8191980136750714
2018-08-04 12:45:00,2.81,2.7591647774739214
2018-08-04 13:00:00,2.81,2.9201192811207854
2018-08-04 13:15:00,2.74,3.2050862575200108
2018-08-04 13:30:00,2.77,3.3596467554819345
2018-08-04 13:45:00,2.74,3.209040052214202
2018-08-04 14:00:00,3.17,3.3249543284776206
2018-08-04 14:15:00,3.35,3.209040052214202
2018-08-04 14:30:00,2.88,3.2754340535598088
2018-08-04 14:45:00,2.84,3.4625740009143415
2018-08-04 15:00:00,3.38,3.1457106865442306
2018-08-04 15:15:00,2.81,2.848184163242523
2018-08-04 15:30:00,2.74,3.244589195394317
2018-08-04 15:45:00,2.74,2.941744139857175
2018-08-04 16:00:00,2.77,2.954108508917979
2018-08-04 16:15:00,2.74,2.4855505170018977
2018-08-04 16:30:00,2.81,2.7384595805943204
2018-08-04 16:45:00,2.74,2.6715472554486515
2018-08-04 17:00:00,2.74,2.59419168445851
2018-08-04 17:15:00,2.74,2.5878376746750655
2018-08-04 17:30:00,2.7,2.5161181435603757
2018-08-04 17:45:00,2.74,2.533528461477704
2018-08-04 18:00:00,2.66,2.8429255009514187
2018-08-04 18:15:00,2.74,2.9749076709267652
2018-08-04 18:30:00,2.88,2.936096967574989
2018-08-04 18:45:00,2.88,2.9261287285606103
2018-08-04 19:00:00,2.88,2.9261287285606103
2018-08-04 19:15:00,2.88,2.927155102760322
2018-08-04 19:30:00,2.84,2.927155102760322
2018-08-04 19:45:00,3.2,2.788162346253003
2018-08-04 20:00:00,3.17,2.8549507670489414
2018-08-04 20:15:00,2.92,3.0508894219500062
2018-08-04 20:30:00,2.99,2.8789013591085406
2018-08-04 20:45:00,2.95,2.9591737189891094
2018-08-04 21:00:00,2.95,2.864124695266662
2018-08-04 21:15:00,2.92,2.923322147058902
2018-08-04 21:30:00,3.06,2.923322147058902
2018-08-04 21:45:00,3.53,2.8967262472499953
2018-08-04 22:00:00,3.06,2.9251748029430997
2018-08-04 22:15:00,2.74,3.1314882908761446
2018-08-04 22:30:00,2.81,2.982595648650077
2018-08-04 22:45:00,2.74,3.01964466769498
2018-08-04 23:00:00,2.74,3.01964466769498
2018-08-04 23:15:00,2.7,3.0305450067681967
2018-08-04 23:30:00,2.74,3.01964466769498
2018-08-04 23:45:00,2.7,2.9465022371155976
2018-08-05 00:00:00,3.1,3.013349378089173
2018-08-05 00:15:00,3.06,2.951726782932162
2018-08-05 00:30:00,2.81,2.9189465350392263
2018-08-05 00:45:00,2.77,3.02933731797046
2018-08-05 01:00:00,2.77,2.9580807927156063
2018-08-05 01:15:00,2.77,2.944889146843399
2018-08-05 01:30:00,2.81,3.0116775676393375
2018-08-05 01:45:00,2.77,3.0116775676393375
2018-08-05 02:00:00,2.81,3.0116775676393375
2018-08-05 02:15:00,2.81,2.9599355224944026
2018-08-05 02:30:00,2.81,2.8637905646478297
2018-08-05 02:45:00,2.84,2.974367526371442
2018-08-05 03:00:00,2.84,2.9186428441178323
2018-08-05 03:15:00,2.81,2.896071569528934
2018-08-05 03:30:00,2.88,2.953878716996236
2018-08-05 03:45:00,3.2,2.944569839215492
2018-08-05 04:00:00,3.49,2.953878716996236
2018-08-05 04:15:00,2.92,3.360501915925414
2018-08-05 04:30:00,2.81,3.4210724765996816
2018-08-05 04:45:00,2.99,3.054012004562453
2018-08-05 05:00:00,3.2,2.944569839215492
2018-08-05 05:15:00,2.84,3.0138337289607815
2018-08-05 05:30:00,2.81,3.218242586111643
2018-08-05 05:45:00,2.81,3.054012004562453
2018-08-05 06:00:00,2.74,2.944569839215492
2018-08-05 06:15:00,2.84,3.054012004562453
2018-08-05 06:30:00,2.81,3.0596373305132913
2018-08-05 06:45:00,2.77,3.054012004562453
2018-08-05 07:00:00,2.74,3.054012004562453
2018-08-05 07:15:00,2.77,3.054012004562453
2018-08-05 07:30:00,2.7,3.104242230489187
2018-08-05 07:45:00,2.77,3.7098986742216566
2018-08-05 08:00:00,2.74,11.440529708699136
2018-08-05 08:15:00,2.74,7.736585688730068
2018-08-05 08:30:00,2.77,3.870828497638154
2018-08-05 08:45:00,2.99,3.2551283699248237
2018-08-05 09:00:00,3.06,3.2865907462818313
2018-08-05 09:15:00,3.02,3.698846403378766
2018-08-05 09:30:00,3.1,3.3499684381628
2018-08-05 09:45:00,3.67,3.2981238151910555
2018-08-05 10:00:00,3.42,3.4200967048419995
2018-08-05 10:15:00,3.6,3.649972203553616
2018-08-05 10:30:00,3.06,3.4374826938944936
2018-08-05 10:45:00,2.95,3.249559114894428
2018-08-05 11:00:00,2.84,2.978146410445855
2018-08-05 11:15:00,2.84,2.9762937545616572
2018-08-05 11:30:00,2.81,3.0313044217059963
2018-08-05 11:45:00,2.81,3.0995617763251007
2018-08-05 12:00:00,2.95,2.984432794406962
2018-08-05 12:15:00,2.95,2.8842574375141146
2018-08-05 12:30:00,2.99,3.023215694047963
2018-08-05 12:45:00,2.92,2.953873580066069
2018-08-05 13:00:00,2.99,3.1410141231078574
2018-08-05 13:15:00,2.92,3.2980417235158237
2018-08-05 13:30:00,2.99,3.5599897205323416
2018-08-05 13:45:00,3.06,3.335250156931998
2018-08-05 14:00:00,2.92,3.4273336537378394
2018-08-05 14:15:00,2.95,3.4400866486952535
2018-08-05 14:30:00,3.17,3.335250156931998
2018-08-05 14:45:00,3.17,3.4273336537378394
2018-08-05 15:00:00,3.17,3.242897889165848
2018-08-05 15:15:00,3.13,3.127945870480866
2018-08-05 15:30:00,3.13,3.127945870480866
2018-08-05 15:45:00,3.17,3.127945870480866
2018-08-05 16:00:00,3.2,3.162110917688103
2018-08-05 16:15:00,3.49,2.6616326683167504
2018-08-05 16:30:00,3.67,2.9198831513386403
2018-08-05 16:45:00,3.35,2.9539840447408605
2018-08-05 17:00:00,3.6,3.0320607484577544
2018-08-05 17:15:00,3.13,2.9434168945466572
2018-08-05 17:30:00,3.1,3.011375039447205
2018-08-05 17:45:00,3.1,2.776757179565261
2018-08-05 18:00:00,2.81,3.019365798243037
2018-08-05 18:15:00,2.74,3.0981710718366253
2018-08-05 18:30:00,2.92,3.007490437838337
2018-08-05 18:45:00,3.06,2.997522198823958
2018-08-05 19:00:00,3.06,2.9866218597507417
2018-08-05 19:15:00,3.1,3.0500413164277016
2018-08-05 19:30:00,3.1,3.0500413164277016
2018-08-05 19:45:00,3.06,2.9473482946879606
2018-08-05 20:00:00,3.13,3.020490725267343
2018-08-05 20:15:00,3.1,3.020490725267343
2018-08-05 20:30:00,3.1,3.0152715118605506
2018-08-05 20:45:00,3.1,3.0152715118605506
2018-08-05 21:00:00,3.13,2.9853285043891735
2018-08-05 21:15:00,3.13,3.033625617108197
2018-08-05 21:30:00,3.17,3.0445259561814133
2018-08-05 21:45:00,3.2,3.033625617108197
2018-08-05 22:00:00,3.53,3.033625617108197
2018-08-05 22:15:00,2.84,3.1690799129077867
2018-08-05 22:30:00,3.31,3.19374870642208
2018-08-05 22:45:00,3.06,3.0242497171623897
2018-08-05 23:00:00,2.74,3.302054250721837
2018-08-05 23:15:00,2.77,3.0955062424172435
2018-08-05 23:30:00,2.74,3.0242497171623897
2018-08-05 23:45:00,2.63,3.013349378089173
2018-08-06 00:00:00,2.66,3.0751168643807643
2018-08-06 00:15:00,2.66,3.0757363607299193
2018-08-06 00:30:00,2.63,3.008947939933981
2018-08-06 00:45:00,2.66,3.0239943155849844
2018-08-06 01:00:00,2.66,3.0025939301505367
2018-08-06 01:15:00,2.66,2.9957562940617737
2018-08-06 01:30:00,2.74,2.9957562940617737
2018-08-06 01:45:00,2.7,2.9957562940617737
2018-08-06 02:00:00,2.66,2.9957562940617737
2018-08-06 02:15:00,3.1,2.9957562940617737
2018-08-06 02:30:00,2.92,3.004428791173959
2018-08-06 02:45:00,2.59,3.084182950073877
2018-08-06 03:00:00,2.63,3.004428791173959
2018-08-06 03:15:00,2.63,2.9128941096770555
2018-08-06 03:30:00,2.74,2.9128941096770555
2018-08-06 03:45:00,2.74,2.9821982617794713
2018-08-06 04:00:00,2.63,2.9915071395602153
2018-08-06 04:15:00,2.7,2.9222029874577995
2018-08-06 04:30:00,3.24,2.9158489776743552
2018-08-06 04:45:00,2.81,2.9158489776743552
2018-08-06 05:00:00,2.63,3.1150375395739545
2018-08-06 05:15:00,2.59,2.9222029874577995
2018-08-06 05:30:00,2.63,2.9222029874577995
2018-08-06 05:45:00,2.56,2.9128941096770555
2018-08-06 06:00:00,2.59,2.997132465511054
2018-08-06 06:15:00,2.59,2.9915071395602153
2018-08-06 06:30:00,2.59,3.0523439067767018
2018-08-06 06:45:00,2.77,3.0459898969932575
2018-08-06 07:00:00,4.14,2.9222029874577995
2018-08-06 07:15:00,4.0,2.9222029874577995
2018-08-06 07:30:00,3.96,3.237522574428747
2018-08-06 07:45:00,3.56,5.8053928443375975
2018-08-06 08:00:00,26.78,36.723715144532804
2018-08-06 08:15:00,58.14,55.012177638255935
2018-08-06 08:30:00,79.49,58.792979964398775
2018-08-06 08:45:00,83.81,67.71295829913518
2018-08-06 09:00:00,109.22,74.74823364345895
2018-08-06 09:15:00,79.81,81.35067174840691
2018-08-06 09:30:00,93.28,86.19095874465853
2018-08-06 09:45:00,102.24,81.57987785090248
2018-08-06 10:00:00,49.03,75.8040555970177
2018-08-06 10:15:00,57.89,90.63280454542094
2018-08-06 10:30:00,58.9,63.1615024651606
2018-08-06 10:45:00,64.4,63.22022507914592
2018-08-06 11:00:00,106.56,56.52550483838843
2018-08-06 11:15:00,88.52,67.10673143323069
2018-08-06 11:30:00,90.18,93.89601116109745
2018-08-06 11:45:00,103.9,89.13271426811737
2018-08-06 12:00:00,6.84,7.5840604888403345
2018-08-06 12:15:00,6.12,6.436783684712411
2018-08-06 12:30:00,6.05,5.333715335727539
2018-08-06 12:45:00,5.87,6.525866897776434
2018-08-06 13:00:00,53.64,60.33967246250115
2018-08-06 13:15:00,97.67,91.16195513076741
2018-08-06 13:30:00,98.93,87.47033969637407
2018-08-06 13:45:00,85.9,93.48065704691732
2018-08-06 14:00:00,49.07,94.12169441220277
2018-08-06 14:15:00,55.84,96.32791277894427
2018-08-06 14:30:00,43.42,56.95199225379727
2018-08-06 14:45:00,39.24,63.52309259343477
2018-08-06 15:00:00,39.38,52.06041350122525
2018-08-06 15:15:00,46.51,51.53887045550256
2018-08-06 15:30:00,50.94,48.076272550902175
2018-08-06 15:45:00,49.61,53.50043131075559
2018-08-06 16:00:00,53.86,61.21010728036635
2018-08-06 16:15:00,49.82,54.83629201868502
2018-08-06 16:30:00,55.33,55.568642721075456
2018-08-06 16:45:00,52.67,53.18403314874404
2018-08-06 17:00:00,91.48,54.251236258033515
2018-08-06 17:15:00,98.21,47.17384843459039
2018-08-06 17:30:00,30.89,51.95574429801562
2018-08-06 17:45:00,31.18,47.837683353565154
2018-08-06 18:00:00,85.72,52.780937725226764
2018-08-06 18:15:00,72.97,76.34475821050492
2018-08-06 18:30:00,55.76,80.33625771011695
2018-08-06 18:45:00,96.12,82.38852382839136
2018-08-06 19:00:00,99.18,58.59292876431233
2018-08-06 19:15:00,86.98,84.01411456933492
2018-08-06 19:30:00,113.65,89.90184969552236
2018-08-06 19:45:00,74.09,93.17661136272896
2018-08-06 20:00:00,91.73,90.46388788964764
2018-08-06 20:15:00,118.12,89.7835581285199
2018-08-06 20:30:00,48.92,71.63470278613613
2018-08-06 20:45:00,43.6,60.38387511906895
2018-08-06 21:00:00,8.17,26.610523920538437
2018-08-06 21:15:00,4.9,20.575202993726748
2018-08-06 21:30:00,4.03,8.288692950275278
2018-08-06 21:45:00,3.96,6.758657520924684
2018-08-06 22:00:00,3.82,3.3192628531278574
2018-08-06 22:15:00,3.46,3.7290090587615654
2018-08-06 22:30:00,3.35,4.571929426834887
2018-08-06 22:45:00,2.84,3.5233465851210752
2018-08-06 23:00:00,2.81,3.7716814798652716
2018-08-06 23:15:00,2.7,3.1842297622610483
2018-08-06 23:30:00,3.2,3.311980358225357
2018-08-06 23:45:00,2.88,3.2445011075396635
2018-08-07 00:00:00,2.77,3.3122770377790633
2018-08-07 00:15:00,2.88,3.2874042341135237
2018-08-07 00:30:00,2.84,3.2451206038888185
2018-08-07 00:45:00,2.81,3.1268494591731653
2018-08-07 01:00:00,2.74,3.2108922288257644
2018-08-07 01:15:00,3.06,3.162625736599672
2018-08-07 01:30:00,2.99,3.1172377012381816
2018-08-07 01:45:00,2.99,3.2566541378635727
2018-08-07 02:00:00,2.99,3.2251140395463693
2018-08-07 02:15:00,2.92,3.1050033915706727
2018-08-07 02:30:00,3.02,3.067302206628159
2018-08-07 02:45:00,3.24,3.070446912029896
2018-08-07 03:00:00,3.31,3.462348505176844
2018-08-07 03:15:00,3.2,3.4392179151283457
2018-08-07 03:30:00,3.74,2.507483593303695
2018-08-07 03:45:00,3.53,3.417089844871727
2018-08-07 04:00:00,3.24,3.6148637414204314
2018-08-07 04:15:00,3.24,3.008961574510724
2018-08-07 04:30:00,3.6,3.503479141851515
2018-08-07 04:45:00,3.74,3.503479141851515
2018-08-07 05:00:00,3.24,3.5898351193463416
2018-08-07 05:15:00,3.17,3.332456745638184
2018-08-07 05:30:00,3.2,3.526772576915079
2018-08-07 05:45:00,3.2,3.216927892332353
2018-08-07 06:00:00,3.17,3.4534317330079833
2018-08-07 06:15:00,3.17,3.4869717331876005
2018-08-07 06:30:00,3.17,3.206404740501617
2018-08-07 06:45:00,3.38,3.216927892332353
2018-08-07 07:00:00,3.13,3.229698175565181
2018-08-07 07:15:00,3.31,3.560312577094696
2018-08-07 07:30:00,3.89,3.438947919090431
2018-08-07 07:45:00,5.54,5.118073210744951
2018-08-07 08:00:00,66.31,36.89385075711543
2018-08-07 08:15:00,93.71,68.87616428681493
2018-08-07 08:30:00,79.52,97.24004385442117
2018-08-07 08:45:00,86.33,100.71949301399347
2018-08-07 09:00:00,86.8,88.98973969275808
2018-08-07 09:15:00,58.46,78.77869486278681
2018-08-07 09:30:00,65.45,74.29248524370028
2018-08-07 09:45:00,108.32,67.48906222668572
2018-08-07 10:00:00,101.59,61.660234048085165
2018-08-07 10:15:00,83.41,89.32942771558159
2018-08-07 10:30:00,112.21,89.23127148768593
2018-08-07 10:45:00,87.01,82.29135593638647
2018-08-07 11:00:00,96.23,96.18911169578195
2018-08-07 11:15:00,82.84,91.09651634534174
2018-08-07 11:30:00,95.87,79.59246792171352
2018-08-07 11:45:00,94.18,81.33802012172755
2018-08-07 12:00:00,10.87,13.980761568715891
2018-08-07 12:15:00,5.98,8.035313639163997
2018-08-07 12:30:00,5.8,5.213379618818918
2018-08-07 12:45:00,5.98,6.550434154196324
2018-08-07 13:00:00,62.64,58.12224793202692
2018-08-07 13:15:00,99.79,90.28633151904708
2018-08-07 13:30:00,103.61,83.60561690436546
2018-08-07 13:45:00,58.54,91.58859190430552
2018-08-07 14:00:00,58.75,93.54808442174526
2018-08-07 14:15:00,50.94,76.35252756718174
2018-08-07 14:30:00,43.49,59.903974261035174
2018-08-07 14:45:00,42.84,62.459248853996705
2018-08-07 15:00:00,49.93,52.340965077472255
2018-08-07 15:15:00,54.11,48.94334818216069
2018-08-07 15:30:00,52.02,59.33935483210304
2018-08-07 15:45:00,56.84,60.693768100562046
2018-08-07 16:00:00,59.4,57.57731776296419
2018-08-07 16:15:00,58.75,56.988747421202234
2018-08-07 16:30:00,47.92,58.15090778360887
2018-08-07 16:45:00,87.19,56.38460318187646
2018-08-07 17:00:00,72.25,55.03231813012893
2018-08-07 17:15:00,104.76,75.85027495629333
2018-08-07 17:30:00,30.31,50.45394911769581
2018-08-07 17:45:00,30.42,33.363463048398565
2018-08-07 18:00:00,75.28,48.86569627634054
2018-08-07 18:15:00,77.22,83.25569053309555
2018-08-07 18:30:00,48.06,90.44540626676361
2018-08-07 18:45:00,49.68,85.85737267409858
2018-08-07 19:00:00,51.73,60.3259473112344
2018-08-07 19:15:00,51.88,66.58704691618028
2018-08-07 19:30:00,47.34,64.03347771006753
2018-08-07 19:45:00,47.59,56.75088569584146
2018-08-07 20:00:00,48.35,47.12919241640613
2018-08-07 20:15:00,50.29,52.392652686553376
2018-08-07 20:30:00,50.0,44.439958385917365
2018-08-07 20:45:00,30.13,20.398828026845806
2018-08-07 21:00:00,26.42,15.202549510668177
2018-08-07 21:15:00,15.52,16.628565539953307
2018-08-07 21:30:00,4.14,20.36225807777786
2018-08-07 21:45:00,4.0,4.448590447215261
2018-08-07 22:00:00,3.82,3.6444020128791204
2018-08-07 22:15:00,3.56,4.0901374519752745
2018-08-07 22:30:00,3.06,3.967264561115415
2018-08-07 22:45:00,2.88,3.5233465851210752
2018-08-07 23:00:00,2.88,3.3103580173453344
2018-08-07 23:15:00,2.88,3.2285910340084563
2018-08-07 23:30:00,2.81,3.2285910340084563
2018-08-07 23:45:00,2.84,3.199372393403393
2018-08-08 00:00:00,2.92,3.1884720543301763
2018-08-08 00:15:00,3.46,3.199991889752548
2018-08-08 00:30:00,3.02,3.199991889752548
2018-08-08 00:45:00,3.13,3.4883068813940197
2018-08-08 01:00:00,3.31,3.271386682517847
2018-08-08 01:15:00,3.17,3.2443927199365503
2018-08-08 01:30:00,3.17,3.450940728241144
2018-08-08 01:45:00,3.13,3.253397114833055
2018-08-08 02:00:00,3.2,3.2566541378635727
2018-08-08 02:15:00,3.28,3.1144993634975693
2018-08-08 02:30:00,3.2,3.3131861761752983
2018-08-08 02:45:00,3.67,3.4006847970799807
2018-08-08 03:00:00,3.28,3.3488229701873267
2018-08-08 03:15:00,3.17,3.5897725051858522
2018-08-08 03:30:00,3.2,3.266277334058392
2018-08-08 03:45:00,3.17,3.2011855270948244
2018-08-08 04:00:00,3.13,3.4429085811772473
2018-08-08 04:15:00,3.17,3.206404740501617
2018-08-08 04:30:00,3.17,3.229698175565181
2018-08-08 04:45:00,3.13,3.216927892332353
2018-08-08 05:00:00,3.17,3.229698175565181
2018-08-08 05:15:00,3.17,3.229698175565181
2018-08-08 05:30:00,3.17,3.229698175565181
2018-08-08 05:45:00,3.53,3.229698175565181
2018-08-08 06:00:00,3.74,3.229698175565181
2018-08-08 06:15:00,3.17,3.560312577094696
2018-08-08 06:30:00,3.1,3.677322502614451
2018-08-08 06:45:00,3.13,3.229698175565181
2018-08-08 07:00:00,3.2,3.229698175565181
2018-08-08 07:15:00,4.07,3.229698175565181
2018-08-08 07:30:00,5.18,4.548410824727521
2018-08-08 07:45:00,4.82,5.690402967771556
2018-08-08 08:00:00,34.99,46.4851444010768
2018-08-08 08:15:00,53.14,66.26252274090187
2018-08-08 08:30:00,64.91,69.08056019468744
2018-08-08 08:45:00,59.44,63.15631529781501
2018-08-08 09:00:00,84.56,67.95500991210537
2018-08-08 09:15:00,56.38,61.18032638343191
2018-08-08 09:30:00,63.5,73.36548087559316
2018-08-08 09:45:00,103.93,63.24434877660435
2018-08-08 10:00:00,87.08,62.80186755602157
2018-08-08 10:15:00,90.61,82.96175238537703
2018-08-08 10:30:00,91.08,84.90034960177337
2018-08-08 10:45:00,106.99,82.38124707085456
2018-08-08 11:00:00,93.85,84.12498325192443
2018-08-08 11:15:00,76.1,96.17195834312919
2018-08-08 11:30:00,117.68,94.88441095287268
2018-08-08 11:45:00,95.65,84.7322445653568
2018-08-08 12:00:00,7.24,17.765892511444026
2018-08-08 12:15:00,5.0,18.88262152052437
2018-08-08 12:30:00,4.93,3.7212783523367134
2018-08-08 12:45:00,4.93,8.259126308682825
2018-08-08 13:00:00,44.42,60.875793124888
2018-08-08 13:15:00,123.16,88.51219352621743
2018-08-08 13:30:00,85.68,68.43405483611566
2018-08-08 13:45:00,93.92,105.91523174282591
2018-08-08 14:00:00,104.0,93.39169630127671
2018-08-08 14:15:00,79.56,81.74610602077847
2018-08-08 14:30:00,115.67,101.53236241124614
2018-08-08 14:45:00,81.68,84.83739506043742
2018-08-08 15:00:00,115.74,87.96986851066308
2018-08-08 15:15:00,111.38,89.783358474867
2018-08-08 15:30:00,69.23,93.69864413388623
2018-08-08 15:45:00,50.33,100.25876159315892
2018-08-08 16:00:00,45.86,92.54183460173044
2018-08-08 16:15:00,60.73,72.70824024913978
2018-08-08 16:30:00,42.73,63.35960880882814
2018-08-08 16:45:00,50.26,63.89734750951385
2018-08-08 17:00:00,49.43,43.675747210152636
2018-08-08 17:15:00,37.69,48.775399877706974
2018-08-08 17:30:00,30.96,48.84323004553201
2018-08-08 17:45:00,32.08,30.358668895211636
2018-08-08 18:00:00,38.34,36.62949903715721
2018-08-08 18:15:00,47.38,45.44593911963053
2018-08-08 18:30:00,49.79,46.387222784691126
2018-08-08 18:45:00,52.56,52.55384564691398
2018-08-08 19:00:00,44.35,52.17205760224071
2018-08-08 19:15:00,64.44,56.48836983791085
2018-08-08 19:30:00,53.42,48.82635327987227
2018-08-08 19:45:00,111.06,56.241346885545944
2018-08-08 20:00:00,53.86,52.74938291654195
2018-08-08 20:15:00,94.14,87.10152562085872
2018-08-08 20:30:00,70.63,66.34301585534307
2018-08-08 20:45:00,22.0,44.82465599319609
2018-08-08 21:00:00,7.16,32.93305133230066
2018-08-08 21:15:00,4.18,2.8550231079397106
2018-08-08 21:30:00,3.89,5.382542068530542
2018-08-08 21:45:00,3.85,4.6598780263827715
2018-08-08 22:00:00,3.71,5.504445399554154
2018-08-08 22:15:00,3.24,3.6718980029927297
2018-08-08 22:30:00,2.7,3.4987363662304967
2018-08-08 22:45:00,2.66,3.546122281881003
2018-08-08 23:00:00,2.59,3.2285910340084563
2018-08-08 23:15:00,2.56,3.2285910340084563
2018-08-08 23:30:00,2.56,3.1879711342878307
2018-08-08 23:45:00,2.66,3.199372393403393
2018-08-09 00:00:00,3.17,3.1642397688305834
2018-08-09 00:15:00,2.84,3.1268494591731653
2018-08-09 00:30:00,2.7,3.296028786871019
2018-08-09 00:45:00,2.74,3.1218022098410474
2018-08-09 01:00:00,2.77,3.1355842733424444
2018-08-09 01:15:00,2.77,3.122392627470237
2018-08-09 01:30:00,2.74,3.1981854431626804
2018-08-09 01:45:00,2.74,3.062544714857712
2018-08-09 02:00:00,2.99,2.9957562940617737
2018-08-09 02:15:00,3.2,2.9894022842783294
2018-08-09 02:30:00,2.77,3.0881080890440162
2018-08-09 02:45:00,2.81,3.123041757865447
2018-08-09 03:00:00,2.74,2.8962759923601396
2018-08-09 03:15:00,2.77,2.9222029874577995
2018-08-09 03:30:00,2.77,2.9915071395602153
2018-08-09 03:45:00,2.77,2.997132465511054
2018-08-09 04:00:00,2.77,2.943008869873657
2018-08-09 04:15:00,2.81,3.1216480588791176
2018-08-09 04:30:00,2.81,3.0459898969932575
2018-08-09 04:45:00,2.74,2.943008869873657
2018-08-09 05:00:00,2.77,2.933699992092913
2018-08-09 05:15:00,3.35,2.933699992092913
2018-08-09 05:30:00,3.13,2.933699992092913
2018-08-09 05:45:00,2.74,3.1819021555806777
2018-08-09 06:00:00,2.81,3.033410278864219
2018-08-09 06:15:00,2.74,3.0523439067767018
2018-08-09 06:30:00,3.24,3.073149789192559
2018-08-09 06:45:00,2.92,2.98782358773031
2018-08-09 07:00:00,2.99,3.509099803444219
2018-08-09 07:15:00,4.07,2.9128941096770555
2018-08-09 07:30:00,4.21,3.2210371471792083
2018-08-09 07:45:00,8.21,4.882327221941262
2018-08-09 08:00:00,64.87,43.775733043452206
2018-08-09 08:15:00,98.32,75.4527316309882
2018-08-09 08:30:00,109.98,89.70064029773104
2018-08-09 08:45:00,96.41,105.51128073757015
2018-08-09 09:00:00,73.76,95.16355415594897
2018-08-09 09:15:00,98.86,93.9809582147262
2018-08-09 09:30:00,103.39,82.74171474042468
2018-08-09 09:45:00,110.66,90.77448232327147
2018-08-09 10:00:00,111.67,94.86663429002537
2018-08-09 10:15:00,88.88,93.17355775400453
2018-08-09 10:30:00,111.64,89.78380769070614
2018-08-09 10:45:00,72.11,84.80585297674016
2018-08-09 11:00:00,126.29,98.22391651450725
2018-08-09 11:15:00,94.54,93.2884462458385
2018-08-09 11:30:00,103.72,90.04389857466973
2018-08-09 11:45:00,89.39,93.54557191004096
2018-08-09 12:00:00,19.26,14.767449868219975
2018-08-09 12:15:00,4.9,14.798951039427081
2018-08-09 12:30:00,4.79,7.51370451195984
2018-08-09 12:45:00,4.57,7.13663409941507
2018-08-09 13:00:00,50.72,56.21651247177705
2018-08-09 13:15:00,107.21,87.14065639998508
2018-08-09 13:30:00,72.43,78.27799654281458
2018-08-09 13:45:00,133.06,89.88283953697031
2018-08-09 14:00:00,66.1,84.35224657618669
2018-08-09 14:15:00,42.37,97.24589601038477
2018-08-09 14:30:00,49.18,85.90167284447689
2018-08-09 14:45:00,62.39,63.98313736568778
2018-08-09 15:00:00,44.35,64.35757402067755
2018-08-09 15:15:00,40.0,78.94188000287369
2018-08-09 15:30:00,49.9,51.670108123822274
2018-08-09 15:45:00,67.43,48.4738642255378
2018-08-09 16:00:00,59.8,61.71329200336879
2018-08-09 16:15:00,54.04,63.7566941020617
2018-08-09 16:30:00,46.26,58.02407134043599
2018-08-09 16:45:00,44.96,60.116762641882865
2018-08-09 17:00:00,56.99,53.29268174548068
2018-08-09 17:15:00,44.03,49.227594369930735
2018-08-09 17:30:00,30.53,39.51301047141995
2018-08-09 17:45:00,31.43,26.761539167624903
2018-08-09 18:00:00,51.59,45.51374493714097
2018-08-09 18:15:00,44.6,50.110086353320945
2018-08-09 18:30:00,44.75,60.00533398791665
2018-08-09 18:45:00,49.32,43.165510989636054
2018-08-09 19:00:00,52.78,48.329865994697
2018-08-09 19:15:00,52.2,50.90165047135082
2018-08-09 19:30:00,49.03,51.998339606384796
2018-08-09 19:45:00,42.73,50.13570241113037
2018-08-09 20:00:00,50.36,47.48816341909482
2018-08-09 20:15:00,49.5,44.782883747764714
2018-08-09 20:30:00,46.55,44.77587931904988
2018-08-09 20:45:00,16.99,20.513891597482974
2018-08-09 21:00:00,10.15,11.17533729656897
2018-08-09 21:15:00,5.98,1.4993356839785368
2018-08-09 21:30:00,4.46,6.016833626766631
2018-08-09 21:45:00,3.89,3.6676016917388004
2018-08-09 22:00:00,3.67,3.761554686894484
2018-08-09 22:15:00,3.49,3.781042726353679
2018-08-09 22:30:00,3.46,3.369338093426853
2018-08-09 22:45:00,3.24,3.5233465851210752
2018-08-09 23:00:00,2.66,3.516906025649928
2018-08-09 23:15:00,2.63,3.516906025649928
2018-08-09 23:30:00,2.63,3.2285910340084563
2018-08-09 23:45:00,2.66,3.237995462876131
2018-08-10 00:00:00,2.7,3.150886050570853
2018-08-10 00:15:00,2.66,3.16002508160739
2018-08-10 00:30:00,2.7,3.0759823119547907
2018-08-10 00:45:00,2.66,3.0759823119547907
2018-08-10 01:00:00,2.66,3.0783631163406255
2018-08-10 01:15:00,2.7,3.0715254802518626
2018-08-10 01:30:00,2.74,3.0715254802518626
2018-08-10 01:45:00,2.66,3.083786898178885
2018-08-10 02:00:00,2.7,2.944889146843399
2018-08-10 02:15:00,2.7,2.944889146843399
2018-08-10 02:30:00,3.31,2.9535616439555845
2018-08-10 02:45:00,2.88,2.9535616439555845
2018-08-10 03:00:00,2.66,3.2941200574207015
2018-08-10 03:15:00,2.74,2.8845745648938204
2018-08-10 03:30:00,3.06,2.8845745648938204
2018-08-10 03:45:00,2.56,2.8845745648938204
2018-08-10 04:00:00,2.52,3.003846718346771
2018-08-10 04:15:00,2.63,2.953878716996236
2018-08-10 04:30:00,2.63,2.8845745648938204
2018-08-10 04:45:00,2.59,2.878220555110376
2018-08-10 05:00:00,2.59,2.953878716996236
2018-08-10 05:15:00,2.56,2.8845745648938204
2018-08-10 05:30:00,2.56,2.8845745648938204
2018-08-10 05:45:00,2.52,2.868911677329632
2018-08-10 06:00:00,2.52,2.8845745648938204
2018-08-10 06:15:00,2.66,2.8845745648938204
2018-08-10 06:30:00,2.66,2.8845745648938204
2018-08-10 06:45:00,2.66,2.984707852460037
2018-08-10 07:00:00,2.59,2.984707852460037
2018-08-10 07:15:00,3.53,2.8845745648938204
2018-08-10 07:30:00,7.31,2.9609080363849922
2018-08-10 07:45:00,6.34,4.873022029646105
2018-08-10 08:00:00,37.4,50.92830607766741
2018-08-10 08:15:00,49.9,69.33068357314791
2018-08-10 08:30:00,55.73,70.80142854600335
2018-08-10 08:45:00,47.84,64.75676417026226
2018-08-10 09:00:00,50.65,58.434134426990255
2018-08-10 09:15:00,55.08,55.19492048012973
2018-08-10 09:30:00,51.55,54.326369322817484
2018-08-10 09:45:00,52.09,56.96587210419445
2018-08-10 10:00:00,42.7,56.05470542021512
2018-08-10 10:15:00,44.14,56.306923598282296
2018-08-10 10:30:00,60.37,45.417020972103664
2018-08-10 10:45:00,91.44,46.44316118003835
2018-08-10 11:00:00,69.8,59.29770507507471
2018-08-10 11:15:00,94.32,79.6227510868941
2018-08-10 11:30:00,105.77,70.8233055688973
2018-08-10 11:45:00,113.72,85.92238265681361
2018-08-10 12:00:00,12.31,22.415291505183536
2018-08-10 12:15:00,4.79,9.434026346883266
2018-08-10 12:30:00,4.68,4.00470753309152
2018-08-10 12:45:00,4.61,6.332261633141089
2018-08-10 13:00:00,30.06,58.982987800417696
2018-08-10 13:15:00,123.8,80.12859508349136
2018-08-10 13:30:00,105.7,66.17529936383197
2018-08-10 13:45:00,94.93,98.89085986584763
2018-08-10 14:00:00,115.45,103.66820325622002
2018-08-10 14:15:00,86.47,97.03277932072442
2018-08-10 14:30:00,91.84,105.47502763422712
2018-08-10 14:45:00,89.35,93.2232583274544
2018-08-10 15:00:00,90.18,79.53043091038879
2018-08-10 15:15:00,106.67,84.92273312835441
2018-08-10 15:30:00,131.0,84.07255733866359
2018-08-10 15:45:00,107.46,89.8578088837895
2018-08-10 16:00:00,103.46,97.4260860586024
2018-08-10 16:15:00,100.22,101.66390335003203
2018-08-10 16:30:00,118.04,93.17273803917523
2018-08-10 16:45:00,55.66,99.09524472624645
2018-08-10 17:00:00,83.27,101.77091447141686
2018-08-10 17:15:00,99.83,70.19771631224359
2018-08-10 17:30:00,30.71,77.36372970192774
2018-08-10 17:45:00,29.81,54.715535579753535
2018-08-10 18:00:00,63.79,71.49185740771068
2018-08-10 18:15:00,79.96,79.41949572576492
2018-08-10 18:30:00,98.75,85.53290414202515
2018-08-10 18:45:00,86.9,82.06923465597575
2018-08-10 19:00:00,110.84,88.44728624384165
2018-08-10 19:15:00,73.55,93.58556217985462
2018-08-10 19:30:00,112.61,96.50232119127512
2018-08-10 19:45:00,91.8,98.73995250963445
2018-08-10 20:00:00,100.33,90.82291551499907
2018-08-10 20:15:00,84.46,97.926810788933
2018-08-10 20:30:00,102.46,69.09637777040102
2018-08-10 20:45:00,64.8,52.280179065832876
2018-08-10 21:00:00,4.46,39.19305499561502
2018-08-10 21:15:00,4.25,30.991385044868267
2018-08-10 21:30:00,3.74,3.4886001953125803
2018-08-10 21:45:00,3.78,5.084940035343525
2018-08-10 22:00:00,3.56,3.7820131658981873
2018-08-10 22:15:00,3.28,4.088898831959924
2018-08-10 22:30:00,3.24,4.159288274896357
2018-08-10 22:45:00,2.74,4.515050795108395
2018-08-10 23:00:00,2.7,3.8719748317914284
2018-08-10 23:15:00,2.7,2.9719732957143843
2018-08-10 23:30:00,2.66,3.107539592581116
2018-08-10 23:45:00,2.7,2.928853321245073
2018-08-11 00:00:00,2.66,3.3740686664438004
2018-08-11 00:15:00,2.81,3.2771466093290282
2018-08-11 00:30:00,2.74,3.297522712069498
2018-08-11 00:45:00,2.7,3.2771466093290282
2018-08-11 01:00:00,2.74,3.2148999974834322
2018-08-11 01:15:00,2.77,3.090082187784692
2018-08-11 01:30:00,3.35,3.090082187784692
2018-08-11 01:45:00,2.92,3.0179728572451445
2018-08-11 02:00:00,2.74,3.239499428090678
2018-08-11 02:15:00,2.7,2.951184436449206
2018-08-11 02:30:00,2.66,2.9598569335613916
2018-08-11 02:45:00,2.66,2.980662815977249
2018-08-11 03:00:00,3.28,2.930563459674478
2018-08-11 03:15:00,2.99,2.960174006602043
2018-08-11 03:30:00,2.77,3.2067895824705968
2018-08-11 03:45:00,2.77,3.1798261094697735
2018-08-11 04:00:00,2.77,2.884515844716183
2018-08-11 04:15:00,2.77,2.8908698544996274
2018-08-11 04:30:00,2.81,3.0659326201190984
2018-08-11 04:45:00,2.74,2.9508651288212993
2018-08-11 05:00:00,2.81,2.911675736915485
2018-08-11 05:15:00,2.74,2.8960128493512967
2018-08-11 05:30:00,2.74,2.8960128493512967
2018-08-11 05:45:00,2.74,3.0118090244817015
2018-08-11 06:00:00,2.74,3.06030729416826
2018-08-11 06:15:00,2.74,2.8815609767188834
2018-08-11 06:30:00,2.84,2.960174006602043
2018-08-11 06:45:00,2.7,2.8908698544996274
2018-08-11 07:00:00,2.7,2.8908698544996274
2018-08-11 07:15:00,3.28,2.991003142065844
2018-08-11 07:30:00,4.25,3.110537520094994
2018-08-11 07:45:00,5.44,4.019814428726214
2018-08-11 08:00:00,68.94,22.83587047477788
2018-08-11 08:15:00,111.38,38.892490890931626
2018-08-11 08:30:00,77.72,83.5328002931517
2018-08-11 08:45:00,109.84,94.04308103409646
2018-08-11 09:00:00,91.19,85.89051737094339
2018-08-11 09:15:00,109.91,75.09021789860354
2018-08-11 09:30:00,87.88,84.48488829779834
2018-08-11 09:45:00,110.59,78.85539397989766
2018-08-11 10:00:00,73.87,82.0643423824427
2018-08-11 10:15:00,78.44,78.855459677503
2018-08-11 10:30:00,76.25,76.24344636003052
2018-08-11 10:45:00,90.76,74.80813396566283
2018-08-11 11:00:00,94.86,76.30747051626402
2018-08-11 11:15:00,71.71,82.15811657941927
2018-08-11 11:30:00,103.82,76.06868439519381
2018-08-11 11:45:00,56.63,70.36623205612813
2018-08-11 12:00:00,4.0,10.467422965245941
2018-08-11 12:15:00,4.21,7.05164736443133
2018-08-11 12:30:00,3.92,8.56366066737345
2018-08-11 12:45:00,4.21,8.801624139569626
2018-08-11 13:00:00,37.22,32.54906051611138
2018-08-11 13:15:00,83.99,72.20118870071494
2018-08-11 13:30:00,95.65,66.2680821782445
2018-08-11 13:45:00,109.33,76.65490207503461
2018-08-11 14:00:00,89.32,88.0087335520497
2018-08-11 14:15:00,105.59,99.63664785005898
2018-08-11 14:30:00,96.3,96.82089132708178
2018-08-11 14:45:00,103.57,87.28287814028286
2018-08-11 15:00:00,93.56,90.75689456601694
2018-08-11 15:15:00,71.64,88.79744655994959
2018-08-11 15:30:00,72.54,94.12827617120378
2018-08-11 15:45:00,86.9,98.41301837636358
2018-08-11 16:00:00,103.36,82.30184186354983
2018-08-11 16:15:00,81.9,80.14600316326279
2018-08-11 16:30:00,95.83,76.85903849862743
2018-08-11 16:45:00,15.55,67.46557371432007
2018-08-11 17:00:00,5.62,47.1196277373907
2018-08-11 17:15:00,4.0,0.0
2018-08-11 17:30:00,3.78,5.202794968656171
2018-08-11 17:45:00,3.2,4.2612550483891924
2018-08-11 18:00:00,2.84,8.16328350905911
2018-08-11 18:15:00,2.74,4.387812193790186
2018-08-11 18:30:00,2.88,3.2722087603331964
2018-08-11 18:45:00,3.06,3.7113072529201085
2018-08-11 19:00:00,3.06,3.5074703905104463
2018-08-11 19:15:00,3.02,3.792736117891136
2018-08-11 19:30:00,3.02,3.3560052611947557
2018-08-11 19:45:00,3.06,2.836197855479167
2018-08-11 20:00:00,3.1,3.425331293484759
2018-08-11 20:15:00,3.17,3.45788302591526
2018-08-11 20:30:00,3.1,3.399172606470481
2018-08-11 20:45:00,3.1,3.59225846504966
2018-08-11 21:00:00,3.1,3.1337123988377726
2018-08-11 21:15:00,3.17,3.182009511556796
2018-08-11 21:30:00,3.17,3.189329116131514
2018-08-11 21:45:00,3.24,3.0613317038692447
2018-08-11 22:00:00,3.49,3.039920906714004
2018-08-11 22:15:00,2.88,3.2359457631878614
2018-08-11 22:30:00,2.74,3.1891436569546707
2018-08-11 22:45:00,3.17,3.0305450067681967
2018-08-11 23:00:00,3.24,3.0305450067681967
2018-08-11 23:15:00,2.59,3.1018015320230505
2018-08-11 23:30:00,2.66,3.308349540327644
2018-08-11 23:45:00,2.7,3.01964466769498
2018-08-12 00:00:00,2.7,2.9402069475097905
2018-08-12 00:15:00,2.74,3.035769552584761
2018-08-12 00:30:00,2.74,3.035769552584761
2018-08-12 00:45:00,2.7,2.9580807927156063
2018-08-12 01:00:00,2.7,2.951726782932162
2018-08-12 01:15:00,2.7,2.938535137059955
2018-08-12 01:30:00,2.74,2.944889146843399
2018-08-12 01:45:00,2.81,2.944889146843399
2018-08-12 02:00:00,2.77,2.944889146843399
2018-08-12 02:15:00,2.77,2.944889146843399
2018-08-12 02:30:00,3.06,2.9535616439555845
2018-08-12 02:45:00,3.06,2.8493386920154165
2018-08-12 03:00:00,2.77,3.0432161514579814
2018-08-12 03:15:00,2.77,3.138447298658057
2018-08-12 03:30:00,2.84,2.905380447309678
2018-08-12 03:45:00,2.77,2.905380447309678
2018-08-12 04:00:00,2.77,2.953878716996236
2018-08-12 04:15:00,2.77,2.953878716996236
2018-08-12 04:30:00,2.81,2.896071569528934
2018-08-12 04:45:00,3.28,2.8897175597454896
2018-08-12 05:00:00,3.2,2.953878716996236
2018-08-12 05:15:00,2.74,3.227129087244206
2018-08-12 05:30:00,2.66,3.1665585265699385
2018-08-12 05:45:00,2.74,2.896071569528934
2018-08-12 06:00:00,2.77,3.054012004562453
2018-08-12 06:15:00,2.74,2.9501951651663307
2018-08-12 06:30:00,3.17,2.9501951651663307
2018-08-12 06:45:00,2.84,2.984707852460037
2018-08-12 07:00:00,2.74,3.0680083501789897
2018-08-12 07:15:00,2.7,2.868911677329632
2018-08-12 07:30:00,2.7,2.929985492186542
2018-08-12 07:45:00,2.63,3.5752779152571748
2018-08-12 08:00:00,2.59,11.102016481468592
2018-08-12 08:15:00,2.63,8.455061997921534
2018-08-12 08:30:00,2.7,3.727494303533958
2018-08-12 08:45:00,2.95,3.280236736498387
2018-08-12 09:00:00,3.06,3.2865907462818313
2018-08-12 09:15:00,3.02,3.372183970712993
2018-08-12 09:30:00,3.1,3.2340541618993814
2018-08-12 09:45:00,3.06,3.2588667097063166
2018-08-12 10:00:00,3.06,3.194962533885051
2018-08-12 10:15:00,3.1,3.3495704639400716
2018-08-12 10:30:00,3.64,3.3495704639400716
2018-08-12 10:45:00,3.13,3.091392192667802
2018-08-12 11:00:00,3.02,3.290670099353548
2018-08-12 11:15:00,3.24,2.978146410445855
2018-08-12 11:30:00,2.7,3.0876174100636726
2018-08-12 11:45:00,2.77,3.3732629226542548
2018-08-12 12:00:00,2.88,3.0046420112609225
2018-08-12 12:15:00,3.06,2.904466654368075
2018-08-12 12:30:00,3.06,2.942100784075996
2018-08-12 12:45:00,3.06,2.9543164537748816
2018-08-12 13:00:00,3.1,3.0647534707403916
2018-08-12 13:15:00,3.06,3.366440172382897
2018-08-12 13:30:00,3.1,3.5727427154897557
2018-08-12 13:45:00,3.02,3.4400866486952535
2018-08-12 14:00:00,3.02,3.4400866486952535
2018-08-12 14:15:00,2.99,3.4273336537378394
2018-08-12 14:30:00,3.06,3.4273336537378394
2018-08-12 14:45:00,3.02,3.4273336537378394
2018-08-12 15:00:00,3.06,3.242897889165848
2018-08-12 15:15:00,3.1,3.125716027354188
2018-08-12 15:30:00,3.64,3.138469022311602
2018-08-12 15:45:00,3.06,3.011797073845899
2018-08-12 16:00:00,3.1,3.3858815968892033
2018-08-12 16:15:00,2.99,2.640209177412798
2018-08-12 16:30:00,3.02,2.783657034392545
2018-08-12 16:45:00,3.02,2.7148920533626786
2018-08-12 17:00:00,3.02,2.715225242241692
2018-08-12 17:15:00,3.56,2.7043249031684753
2018-08-12 17:30:00,3.38,2.714293142182854
2018-08-12 17:45:00,2.99,2.9812954978395965
2018-08-12 18:00:00,2.77,3.2410240826855548
2018-08-12 18:15:00,2.74,3.0850408896367307
2018-08-12 18:30:00,2.88,2.9965900987651204
2018-08-12 18:45:00,2.99,2.997522198823958
2018-08-12 19:00:00,3.02,2.997522198823958
2018-08-12 19:15:00,3.06,3.0372883214702875
2018-08-12 19:30:00,3.02,2.9855462763253526
2018-08-12 19:45:00,3.06,2.9473482946879606
2018-08-12 20:00:00,3.02,3.007737730309929
2018-08-12 20:15:00,3.46,3.020490725267343
2018-08-12 20:30:00,3.28,3.0025185169031365
2018-08-12 20:45:00,3.13,3.2295910647767814
2018-08-12 21:00:00,3.13,3.1996480573054042
2018-08-12 21:15:00,3.13,3.033625617108197
2018-08-12 21:30:00,3.13,3.033625617108197
2018-08-12 21:45:00,3.13,3.0445259561814133
2018-08-12 22:00:00,2.99,3.0445259561814133
2018-08-12 22:15:00,2.7,2.929779852410509
2018-08-12 22:30:00,2.92,2.9744477031600725
2018-08-12 22:45:00,3.28,3.0242497171623897
2018-08-12 23:00:00,2.88,3.0242497171623897
2018-08-12 23:15:00,2.66,3.302054250721837
2018-08-12 23:30:00,2.74,3.013349378089173
2018-08-12 23:45:00,2.74,2.9402069475097905
2018-08-13 00:00:00,2.77,3.0642165253075477
2018-08-13 00:15:00,2.81,3.086636699803136
2018-08-13 00:30:00,3.28,3.0757363607299193
2018-08-13 00:45:00,2.74,3.0025939301505367
2018-08-13 01:00:00,2.77,3.280398463709984
2018-08-13 01:15:00,2.77,2.9957562940617737
2018-08-13 01:30:00,2.81,3.0171566794962215
2018-08-13 01:45:00,2.77,3.062544714857712
2018-08-13 02:00:00,2.77,3.0592876918271945
2018-08-13 02:15:00,2.81,2.9957562940617737
2018-08-13 02:30:00,2.84,2.917081874775997
2018-08-13 02:45:00,2.77,3.0188806638063723
2018-08-13 03:00:00,2.7,3.073732943276375
2018-08-13 03:15:00,2.74,3.0679305757857667
2018-08-13 03:30:00,2.7,2.943008869873657
2018-08-13 03:45:00,2.74,2.9821982617794713
2018-08-13 04:00:00,2.74,2.9821982617794713
2018-08-13 04:15:00,2.81,2.933699992092913
2018-08-13 04:30:00,3.74,3.0523439067767018
2018-08-13 04:45:00,3.74,3.0523439067767018
2018-08-13 05:00:00,2.74,2.505746889368366
2018-08-13 05:15:00,2.7,3.3262124909875284
2018-08-13 05:30:00,2.7,3.4377721409502944
2018-08-13 05:45:00,2.66,3.1216480588791176
2018-08-13 06:00:00,2.66,2.98782358773031
2018-08-13 06:15:00,2.63,2.98782358773031
2018-08-13 06:30:00,2.74,3.0523439067767018
2018-08-13 06:45:00,2.7,3.0459898969932575
2018-08-13 07:00:00,2.7,2.9065400998936113
2018-08-13 07:15:00,3.53,2.9222029874577995
2018-08-13 07:30:00,4.03,2.9985364589489714
2018-08-13 07:45:00,3.85,4.582730779150492
2018-08-13 08:00:00,26.64,36.169438708368936
2018-08-13 08:15:00,92.23,56.564014678486885
2018-08-13 08:30:00,82.08,56.235389840446835
2018-08-13 08:45:00,119.92,88.5883668199378
2018-08-13 09:00:00,92.34,78.1584777542278
2018-08-13 09:15:00,110.2,81.93330413607083
2018-08-13 09:30:00,89.78,92.68564026242095
2018-08-13 09:45:00,106.34,87.54499930180523
2018-08-13 10:00:00,84.31,93.23545887593528
2018-08-13 10:15:00,104.62,89.17163066133767
2018-08-13 10:30:00,81.94,83.63434280070648
2018-08-13 10:45:00,100.66,90.31190301108931
2018-08-13 11:00:00,101.99,83.4866153726677
2018-08-13 11:15:00,81.54,91.9919544423215
2018-08-13 11:30:00,100.94,86.78251472029503
2018-08-13 11:45:00,96.55,89.93569004458068
2018-08-13 12:00:00,28.87,13.91009579563271
2018-08-13 12:15:00,24.01,8.132071624570674
2018-08-13 12:30:00,4.97,13.37842078344581
2018-08-13 12:45:00,4.97,11.016662785511263
2018-08-13 13:00:00,60.48,61.44803108259965
2018-08-13 13:15:00,90.07,93.71774883879347
2018-08-13 13:30:00,107.6,86.73137275835926
2018-08-13 13:45:00,111.46,84.51219602304411
2018-08-13 14:00:00,105.19,95.07498120370825
2018-08-13 14:15:00,85.75,97.69524012975131
2018-08-13 14:30:00,109.19,95.85798524515837
2018-08-13 14:45:00,93.6,87.63188221092142
2018-08-13 15:00:00,57.56,88.6486316866025
2018-08-13 15:15:00,57.64,100.78940540417334
2018-08-13 15:30:00,75.64,77.38612754376156
2018-08-13 15:45:00,76.1,73.15418815781533
2018-08-13 16:00:00,91.98,76.78137677299927
2018-08-13 16:15:00,85.18,77.52342429815324
2018-08-13 16:30:00,102.64,79.79478945978991
2018-08-13 16:45:00,110.05,78.8905857972802
2018-08-13 17:00:00,95.36,74.01338706574639
2018-08-13 17:15:00,101.2,90.29980988310278
2018-08-13 17:30:00,35.21,43.16710435482337
2018-08-13 17:45:00,32.11,38.73547915673692
2018-08-13 18:00:00,68.29,59.883750347772526
2018-08-13 18:15:00,86.9,89.70917263052506
2018-08-13 18:30:00,103.1,88.459019831876
2018-08-13 18:45:00,70.13,95.07617817870381
2018-08-13 19:00:00,103.68,88.64368658149299
2018-08-13 19:15:00,88.74,88.78735661532116
2018-08-13 19:30:00,104.4,88.01038346938986
2018-08-13 19:45:00,83.63,97.57522204531112
2018-08-13 20:00:00,99.68,87.86465477311059
2018-08-13 20:15:00,91.98,90.89118152221614
2018-08-13 20:30:00,105.37,75.99923044462066
2018-08-13 20:45:00,68.29,54.97830736676586
2018-08-13 21:00:00,6.05,46.13483419363476
2018-08-13 21:15:00,4.61,26.148054304762095
2018-08-13 21:30:00,4.43,4.042348970077773
2018-08-13 21:45:00,4.1,4.275066417587338
2018-08-13 22:00:00,3.89,4.444787326387191
2018-08-13 22:15:00,3.6,4.577193390516922
2018-08-13 22:30:00,3.67,4.408692091525961
2018-08-13 22:45:00,3.67,4.614656053591784
2018-08-13 23:00:00,3.64,3.7646690056975873
2018-08-13 23:15:00,2.99,3.7258860542694334
2018-08-13 23:30:00,2.84,3.7386418293967925
2018-08-13 23:45:00,2.84,3.3559195963353847
2018-08-14 00:00:00,2.84,3.2827617176202937
2018-08-14 00:15:00,3.06,3.2739054503021956
2018-08-14 00:30:00,3.46,3.29830457318674
2018-08-14 00:45:00,2.81,3.330669018169216
2018-08-14 01:00:00,2.84,3.4769056222784576
2018-08-14 01:15:00,2.92,3.162625736599672
2018-08-14 01:30:00,2.84,3.1748871545266946
2018-08-14 01:45:00,2.84,3.1748871545266946
2018-08-14 02:00:00,3.13,3.171630131496177
2018-08-14 02:15:00,3.02,3.0359894031912087
2018-08-14 02:30:00,3.06,3.148813119361306
2018-08-14 02:45:00,3.02,3.134708279052604
2018-08-14 03:00:00,3.02,3.163387450778772
2018-08-14 03:15:00,3.06,3.190590561097512
2018-08-14 03:30:00,3.31,3.1962158870483504
2018-08-14 03:45:00,3.56,3.195560201143986
2018-08-14 04:00:00,2.92,3.4978538159006765
2018-08-14 04:15:00,2.92,3.4978538159006765
2018-08-14 04:30:00,2.88,3.1216480588791176
2018-08-14 04:45:00,2.92,3.1216480588791176
2018-08-14 05:00:00,2.92,3.127273384829956
2018-08-14 05:15:00,2.92,3.127273384829956
2018-08-14 05:30:00,2.88,3.1216480588791176
2018-08-14 05:45:00,2.88,3.1216480588791176
2018-08-14 06:00:00,2.92,3.1216480588791176
2018-08-14 06:15:00,3.46,3.1216480588791176
2018-08-14 06:30:00,2.84,3.1216480588791176
2018-08-14 06:45:00,2.81,3.5419169679110296
2018-08-14 07:00:00,2.81,3.1216480588791176
2018-08-14 07:15:00,3.35,3.1216480588791176
2018-08-14 07:30:00,3.92,3.516843838860098
2018-08-14 07:45:00,3.67,6.299388468444816
2018-08-14 08:00:00,22.32,38.20728250350726
2018-08-14 08:15:00,101.63,52.892130429561924
2018-08-14 08:30:00,93.49,55.921120494579455
2018-08-14 08:45:00,69.41,91.63021223183482
2018-08-14 09:00:00,96.66,87.32202439551824
2018-08-14 09:15:00,82.69,87.0153544162649
2018-08-14 09:30:00,76.28,90.82849664249997
2018-08-14 09:45:00,97.49,91.04783757608563
2018-08-14 10:00:00,105.88,76.32474079073366
2018-08-14 10:15:00,91.8,86.66851692738716
2018-08-14 10:30:00,106.49,94.16927115015432
2018-08-14 10:45:00,57.28,88.0282660031581
2018-08-14 11:00:00,63.79,88.0051114380115
2018-08-14 11:15:00,72.68,68.64962051593552
2018-08-14 11:30:00,53.21,54.721379780351846
2018-08-14 11:45:00,72.86,68.43630427945622
2018-08-14 12:00:00,15.23,12.824919832772334
2018-08-14 12:15:00,5.87,8.153880103947127
2018-08-14 12:30:00,5.87,10.177403290377027
2018-08-14 12:45:00,5.76,7.315257174839602
2018-08-14 13:00:00,52.99,40.0788307244606
2018-08-14 13:15:00,63.25,81.72183558656734
2018-08-14 13:30:00,71.42,78.84288501630573
2018-08-14 13:45:00,66.1,60.95746023186988
2018-08-14 14:00:00,74.48,72.118747264177
2018-08-14 14:15:00,96.12,71.70748947083759
2018-08-14 14:30:00,81.22,69.73827671629907
2018-08-14 14:45:00,96.7,91.51210652395103
2018-08-14 15:00:00,95.08,84.48618593957522
2018-08-14 15:15:00,75.92,82.88741314789861
2018-08-14 15:30:00,89.78,92.31049906813263
2018-08-14 15:45:00,93.64,88.62583570299951
2018-08-14 16:00:00,83.59,84.21072889618921
2018-08-14 16:15:00,88.09,86.20005807454775
2018-08-14 16:30:00,105.26,86.98358532300166
2018-08-14 16:45:00,86.0,82.4057950375682
2018-08-14 17:00:00,105.48,86.83875742991762
2018-08-14 17:15:00,70.99,81.14183302318676
2018-08-14 17:30:00,29.92,45.65722662737545
2018-08-14 17:45:00,29.99,37.49686782359826
2018-08-14 18:00:00,67.5,59.864288454896396
2018-08-14 18:15:00,106.45,74.88988113300493
2018-08-14 18:30:00,85.03,81.2236319122712
2018-08-14 18:45:00,108.36,98.5863054689533
2018-08-14 19:00:00,75.89,96.81100749009028
2018-08-14 19:15:00,95.94,100.341130582305
2018-08-14 19:30:00,82.62,92.47846464093128
2018-08-14 19:45:00,89.5,90.75606226114544
2018-08-14 20:00:00,95.44,90.22967006418499
2018-08-14 20:15:00,81.61,80.493712621621
2018-08-14 20:30:00,119.34,77.76600393287889
2018-08-14 20:45:00,37.73,51.737977124839915
2018-08-14 21:00:00,28.4,45.65285314684461
2018-08-14 21:15:00,4.0,23.719737593545094
2018-08-14 21:30:00,3.89,26.55961712268105
2018-08-14 21:45:00,3.85,7.728602668572924
2018-08-14 22:00:00,3.42,6.616791111482406
2018-08-14 22:15:00,2.77,3.7672609226720786
2018-08-14 22:30:00,2.77,3.659711267683679
2018-08-14 22:45:00,2.77,3.1712886890928424
2018-08-14 23:00:00,2.74,3.3358457926003515
2018-08-14 23:15:00,2.74,3.1688500250190277
2018-08-14 23:30:00,2.74,3.2847012228396424
2018-08-14 23:45:00,2.74,3.2201193334021423
2018-08-15 00:00:00,2.74,3.2241423535462173
2018-08-15 00:15:00,2.74,3.2335786740438626
2018-08-15 00:30:00,2.59,3.2165927931735103
2018-08-15 00:45:00,2.63,3.404176388614711
2018-08-15 01:00:00,2.59,3.1355842733424444
2018-08-15 01:15:00,2.63,3.095837315803734
2018-08-15 01:30:00,2.63,3.108098733730756
2018-08-15 01:45:00,2.59,2.9692009823952703
2018-08-15 02:00:00,2.95,2.9692009823952703
2018-08-15 02:15:00,3.13,2.9692009823952703
2018-08-15 02:30:00,3.2,2.8394497471023614
2018-08-15 02:45:00,2.81,2.8563304905480797
2018-08-15 03:00:00,2.59,3.056564184439011
2018-08-15 03:15:00,2.59,2.9128941096770555
2018-08-15 03:30:00,2.63,2.9821982617794713
2018-08-15 03:45:00,2.7,2.98782358773031
2018-08-15 04:00:00,2.74,2.98782358773031
2018-08-15 04:15:00,2.66,2.9821982617794713
2018-08-15 04:30:00,2.59,2.9065400998936113
2018-08-15 04:45:00,2.63,2.9158489776743552
2018-08-15 05:00:00,2.63,2.9222029874577995
2018-08-15 05:15:00,2.63,2.9222029874577995
2018-08-15 05:30:00,2.66,2.9222029874577995
2018-08-15 05:45:00,2.59,2.9222029874577995
2018-08-15 06:00:00,2.59,2.9222029874577995
2018-08-15 06:15:00,2.99,3.0523439067767018
2018-08-15 06:30:00,3.06,3.0523439067767018
2018-08-15 06:45:00,2.59,3.1265056224018886
2018-08-15 07:00:00,2.66,3.031607631347865
2018-08-15 07:15:00,3.1,2.9222029874577995
2018-08-15 07:30:00,3.64,3.0078453367297153
2018-08-15 07:45:00,5.8,3.2971885766445808
2018-08-15 08:00:00,33.73,38.49143640315181
2018-08-15 08:15:00,46.76,63.12540696661276
2018-08-15 08:30:00,56.99,57.052231447493504
2018-08-15 08:45:00,62.42,56.62462217858397
2018-08-15 09:00:00,57.46,58.76038977870129
2018-08-15 09:15:00,81.11,58.162639789339394
2018-08-15 09:30:00,101.02,55.02776728507142
2018-08-15 09:45:00,82.3,66.81697812417517
2018-08-15 10:00:00,100.69,82.47041442282493
2018-08-15 10:15:00,112.68,81.87891115740388
2018-08-15 10:30:00,99.97,82.52812222375786
2018-08-15 10:45:00,111.17,96.42444915945879
2018-08-15 11:00:00,83.34,93.10059170390997
2018-08-15 11:15:00,113.98,83.86390518791728
2018-08-15 11:30:00,69.7,89.84333797763176
2018-08-15 11:45:00,70.45,76.21425757696021
2018-08-15 12:00:00,6.91,13.404872514805723
2018-08-15 12:15:00,7.81,7.797980439530883
2018-08-15 12:30:00,7.02,5.550181969356323
2018-08-15 12:45:00,7.13,15.447580654291832
2018-08-15 13:00:00,46.12,64.83492170931565
2018-08-15 13:15:00,107.35,62.96916186733758
2018-08-15 13:30:00,67.68,77.06698511044252
2018-08-15 13:45:00,103.32,93.54726870165705
2018-08-15 14:00:00,108.68,77.55191839805687
2018-08-15 14:15:00,66.35,80.04449356912612
2018-08-15 14:30:00,99.76,105.0872023651968
2018-08-15 14:45:00,92.27,92.8698990196268
2018-08-15 15:00:00,72.32,84.53439661857468
2018-08-15 15:15:00,49.61,93.70103812897212
2018-08-15 15:30:00,78.05,86.095227516655
2018-08-15 15:45:00,99.68,64.69606008888236
2018-08-15 16:00:00,99.0,75.76949231863357
2018-08-15 16:15:00,78.19,83.9015996447755
2018-08-15 16:30:00,71.42,88.87640165815628
2018-08-15 16:45:00,18.86,88.34607484218185
2018-08-15 17:00:00,5.4,71.65714732687508
2018-08-15 17:15:00,3.96,10.8676147034922
2018-08-15 17:30:00,3.85,5.065355326566534
2018-08-15 17:45:00,3.38,4.577379245918329
2018-08-15 18:00:00,2.99,7.6335365959124
2018-08-15 18:15:00,2.81,3.27602393017138
2018-08-15 18:30:00,2.99,3.193609645678229
2018-08-15 18:45:00,3.2,3.1110714548597658
2018-08-15 19:00:00,3.17,3.509527668410696
2018-08-15 19:15:00,3.1,3.107090470967039
2018-08-15 19:30:00,3.13,3.2668838441692514
2018-08-15 19:45:00,3.13,3.373121520801908
2018-08-15 20:00:00,3.17,3.3753906353291065
2018-08-15 20:15:00,3.28,3.386290974402323
2018-08-15 20:30:00,3.13,3.3451101779034325
2018-08-15 20:45:00,3.2,3.425533660434841
2018-08-15 21:00:00,3.2,3.0276692086702894
2018-08-15 21:15:00,3.28,3.229715313631276
2018-08-15 21:30:00,3.24,3.3719916570878348
2018-08-15 21:45:00,3.28,3.312451569786406
2018-08-15 22:00:00,3.56,3.3019411117043815
2018-08-15 22:15:00,3.1,3.3019411117043815
2018-08-15 22:30:00,2.81,3.348838805580623
2018-08-15 22:45:00,2.84,3.1528139491067653
2018-08-15 23:00:00,3.38,3.0751168643807643
2018-08-15 23:15:00,3.1,3.0751168643807643
2018-08-15 23:30:00,2.81,3.3529213979402117
2018-08-15 23:45:00,2.81,3.1354730505624016
2018-08-16 00:00:00,2.84,3.0642165253075477
2018-08-16 00:15:00,2.81,3.0757363607299193
2018-08-16 00:30:00,2.7,3.086636699803136
2018-08-16 00:45:00,2.66,3.0757363607299193
2018-08-16 01:00:00,2.74,3.0757363607299193
2018-08-16 01:15:00,2.7,3.062544714857712
2018-08-16 01:30:00,2.7,3.062544714857712
2018-08-16 01:45:00,2.63,3.062544714857712
2018-08-16 02:00:00,2.66,2.9957562940617737
2018-08-16 02:15:00,2.66,2.9957562940617737
2018-08-16 02:30:00,2.95,3.004428791173959
2018-08-16 02:45:00,3.31,3.004428791173959
2018-08-16 03:00:00,2.74,2.968199723867912
2018-08-16 03:15:00,2.74,3.408356253443579
2018-08-16 03:30:00,2.66,3.047124693369909
2018-08-16 03:45:00,2.74,3.047124693369909
2018-08-16 04:00:00,2.66,3.1216480588791176
2018-08-16 04:15:00,2.81,3.127273384829956
2018-08-16 04:30:00,2.7,3.0523439067767018
2018-08-16 04:45:00,2.81,2.9158489776743552
2018-08-16 05:00:00,3.31,2.9158489776743552
2018-08-16 05:15:00,2.81,2.9128941096770555
2018-08-16 05:30:00,2.77,3.1150375395739545
2018-08-16 05:45:00,2.7,2.9915071395602153
2018-08-16 06:00:00,2.74,2.9222029874577995
2018-08-16 06:15:00,2.7,2.9915071395602153
2018-08-16 06:30:00,2.74,2.997132465511054
2018-08-16 06:45:00,2.7,3.1216480588791176
2018-08-16 07:00:00,2.63,3.073149789192559
2018-08-16 07:15:00,3.49,2.9065400998936113
2018-08-16 07:30:00,4.1,2.9985364589489714
2018-08-16 07:45:00,5.18,4.582730779150492
2018-08-16 08:00:00,69.08,39.69825269406905
2018-08-16 08:15:00,78.05,69.17405025145291
2018-08-16 08:30:00,89.89,86.08796904420223
2018-08-16 08:45:00,111.89,93.34907559112402
2018-08-16 09:00:00,80.03,82.45153937376955
2018-08-16 09:15:00,98.53,84.93800875231115
2018-08-16 09:30:00,116.6,79.55940671556414
2018-08-16 09:45:00,80.21,77.21271274387918
2018-08-16 10:00:00,103.03,97.24139475891197
2018-08-16 10:15:00,105.62,84.70399131230629
2018-08-16 10:30:00,70.27,79.32506297135714
2018-08-16 10:45:00,40.0,95.20009124372314
2018-08-16 11:00:00,58.03,82.73249006054928
2018-08-16 11:15:00,53.75,46.16392968119774
2018-08-16 11:30:00,47.16,63.12647135200323
2018-08-16 11:45:00,36.97,57.38306350394916
2018-08-16 12:00:00,4.93,10.819354264126352
2018-08-16 12:15:00,4.64,11.761992056320558
2018-08-16 12:30:00,4.64,5.282377122777295
2018-08-16 12:45:00,4.61,8.067054790612945
2018-08-16 13:00:00,32.51,39.70435021608056
2018-08-16 13:15:00,108.68,50.26256537479958
2018-08-16 13:30:00,100.51,58.08925170221717
2018-08-16 13:45:00,57.89,88.22245249871561
2018-08-16 14:00:00,51.44,93.2796467880505
2018-08-16 14:15:00,46.33,73.0126889772304
2018-08-16 14:30:00,43.85,69.09250482983984
2018-08-16 14:45:00,44.14,56.39023068666849
2018-08-16 15:00:00,65.41,52.85496248731093
2018-08-16 15:15:00,45.18,47.94147892829333
2018-08-16 15:30:00,55.84,65.84559924804189
2018-08-16 15:45:00,44.32,52.738542057583004
2018-08-16 16:00:00,41.4,59.56445633535422
2018-08-16 16:15:00,45.47,46.29853987003188
2018-08-16 16:30:00,53.14,48.20684767795735
2018-08-16 16:45:00,43.31,49.715660261037065
2018-08-16 17:00:00,55.22,51.46688391476356
2018-08-16 17:15:00,57.42,40.98710562093666
2018-08-16 17:30:00,27.79,40.355604861299646
2018-08-16 17:45:00,28.08,36.84800446149409
2018-08-16 18:00:00,33.16,25.383394725322482
2018-08-16 18:15:00,48.89,37.28637668493468
2018-08-16 18:30:00,50.8,45.71185772132499
2018-08-16 18:45:00,58.68,56.07907280873216
2018-08-16 19:00:00,43.56,51.219271985889414
2018-08-16 19:15:00,60.37,52.66626304678388
2018-08-16 19:30:00,39.56,42.73001537963429
2018-08-16 19:45:00,47.45,51.663981504417606
2018-08-16 20:00:00,54.61,42.5027312454031
2018-08-16 20:15:00,48.67,52.41128196077021
2018-08-16 20:30:00,37.55,49.11746282907085
2018-08-16 20:45:00,13.36,23.815956664337115
2018-08-16 21:00:00,5.15,16.158262792385887
2018-08-16 21:15:00,3.85,3.948729505000457
2018-08-16 21:30:00,3.64,5.122517656887535
2018-08-16 21:45:00,3.6,3.4336520874386656
2018-08-16 22:00:00,3.6,3.6483451292636215
2018-08-16 22:15:00,3.49,3.536819601516838
2018-08-16 22:30:00,3.49,3.5918596428379805
2018-08-16 22:45:00,3.31,3.5233465851210752
2018-08-16 23:00:00,3.13,3.5763993509130514
2018-08-16 23:15:00,2.74,3.516906025649928
2018-08-16 23:30:00,2.74,3.269738117624709
2018-08-16 23:45:00,2.77,3.2017531977892277
2018-08-17 00:00:00,2.77,3.1485052461850183
2018-08-17 00:15:00,2.84,3.16002508160739
2018-08-17 00:30:00,2.81,3.16002508160739
2018-08-17 00:45:00,2.77,3.0783631163406255
2018-08-17 01:00:00,2.81,3.0783631163406255
2018-08-17 01:15:00,2.77,3.086571855902866
2018-08-17 01:30:00,2.77,2.966289532277847
2018-08-17 01:45:00,2.74,3.0116775676393375
2018-08-17 02:00:00,2.77,3.0116775676393375
2018-08-17 02:15:00,2.74,2.966289532277847
2018-08-17 02:30:00,2.77,3.0195797648115215
2018-08-17 02:45:00,3.28,2.974367526371442
2018-08-17 03:00:00,3.06,2.974367526371442
2018-08-17 03:15:00,2.77,3.340720199126914
2018-08-17 03:30:00,2.77,2.9472835866136817
2018-08-17 03:45:00,2.77,2.8752656871130764
2018-08-17 04:00:00,2.99,2.896071569528934
2018-08-17 04:15:00,3.46,2.9501951651663307
2018-08-17 04:30:00,3.24,3.442627566462922
2018-08-17 04:45:00,2.77,3.3538001533105404
2018-08-17 05:00:00,2.81,3.383801173364713
2018-08-17 05:15:00,2.81,2.99915972509245
2018-08-17 05:30:00,2.77,2.944569839215492
2018-08-17 05:45:00,2.74,2.9501951651663307
2018-08-17 06:00:00,2.81,2.9501951651663307
2018-08-17 06:15:00,2.77,2.8897175597454896
2018-08-17 06:30:00,2.77,2.944569839215492
2018-08-17 06:45:00,2.7,2.944569839215492
2018-08-17 07:00:00,3.28,3.0055137348758945
2018-08-17 07:15:00,2.99,2.984707852460037
2018-08-17 07:30:00,3.1,3.769783173845807
2018-08-17 07:45:00,3.17,4.481123144373204
2018-08-17 08:00:00,33.84,28.59116075444844
2018-08-17 08:15:00,40.72,35.16638522745031
2018-08-17 08:30:00,64.94,60.51902234356093
2018-08-17 08:45:00,50.22,43.84592920945769
2018-08-17 09:00:00,45.86,62.32220719303715
2018-08-17 09:15:00,40.5,58.951454637583154
2018-08-17 09:30:00,45.65,54.295729340272594
2018-08-17 09:45:00,42.12,40.89678402426654
2018-08-17 10:00:00,46.08,46.24845750772619
2018-08-17 10:15:00,42.01,44.69090608451767
2018-08-17 10:30:00,44.53,49.985896933054434
2018-08-17 10:45:00,43.49,46.7114057363217
2018-08-17 11:00:00,41.4,44.70577137808929
2018-08-17 11:15:00,63.0,46.958183698288195
2018-08-17 11:30:00,45.07,43.593020588137215
2018-08-17 11:45:00,36.25,50.83140761781699
2018-08-17 12:00:00,4.07,9.689335477160782
2018-08-17 12:15:00,4.86,13.095602233869322
2018-08-17 12:30:00,5.26,4.083122822568655
2018-08-17 12:45:00,5.11,5.877032943845767
2018-08-17 13:00:00,28.12,36.3934903888948
2018-08-17 13:15:00,81.14,47.79154991959287
2018-08-17 13:30:00,86.62,54.54202909426441
2018-08-17 13:45:00,91.19,77.09451622167423
2018-08-17 14:00:00,77.65,81.009561678389
2018-08-17 14:15:00,65.45,82.1344428451801
2018-08-17 14:30:00,91.37,75.23541220904816
2018-08-17 14:45:00,82.01,71.36333769973294
2018-08-17 15:00:00,75.6,76.11673152491913
2018-08-17 15:15:00,71.46,72.9073178634011
2018-08-17 15:30:00,58.61,72.51557984166266
2018-08-17 15:45:00,59.08,74.092643375007
2018-08-17 16:00:00,89.06,66.44747776129014
2018-08-17 16:15:00,85.14,67.08299963816447
2018-08-17 16:30:00,109.73,76.79367178166653
2018-08-17 16:45:00,118.76,74.70839910956266
2018-08-17 17:00:00,64.3,82.24767953474301
2018-08-17 17:15:00,40.28,96.52587279023906
2018-08-17 17:30:00,30.06,50.30056244665076
2018-08-17 17:45:00,30.6,54.785539397401166
2018-08-17 18:00:00,43.52,54.73305145141575
2018-08-17 18:15:00,51.41,64.18981809980404
2018-08-17 18:30:00,49.03,58.24618223873724
2018-08-17 18:45:00,51.95,61.49384100315485
2018-08-17 19:00:00,67.61,55.1004955682613
2018-08-17 19:15:00,60.62,52.804610780023516
2018-08-17 19:30:00,42.95,60.732764958504504
2018-08-17 19:45:00,41.94,55.22551965187957
2018-08-17 20:00:00,45.86,42.783341021050695
2018-08-17 20:15:00,48.31,47.132189516873
2018-08-17 20:30:00,92.59,43.875653635613865
2018-08-17 20:45:00,51.26,32.82247446789461
2018-08-17 21:00:00,11.09,38.38639513038416
2018-08-17 21:15:00,4.46,29.065854735543176
2018-08-17 21:30:00,3.74,2.8709287545794417
2018-08-17 21:45:00,3.6,3.905759560576411
2018-08-17 22:00:00,3.49,6.447610635753093
2018-08-17 22:15:00,3.35,3.692134350710269
2018-08-17 22:30:00,3.28,3.4724794379027006
2018-08-17 22:45:00,2.63,3.348702213270289
2018-08-17 23:00:00,2.63,3.4660388784315534
2018-08-17 23:15:00,2.56,3.24141885980339
2018-08-17 23:30:00,2.63,3.1757270565421942
2018-08-17 23:45:00,3.13,3.150886050570853
2018-08-18 00:00:00,2.92,3.15718134017666
2018-08-18 00:15:00,2.59,3.164044584897476
2018-08-18 00:30:00,2.66,3.0822776015605977
2018-08-18 00:45:00,2.63,3.301545732213573
2018-08-18 01:00:00,2.66,3.088631611344042
2018-08-18 01:15:00,2.63,3.1413521676230904
2018-08-18 01:30:00,2.66,3.1568706085806304
2018-08-18 01:45:00,2.7,2.951184436449206
2018-08-18 02:00:00,2.63,2.944830426665762
2018-08-18 02:15:00,2.63,2.944830426665762
2018-08-18 02:30:00,2.7,2.9598569335613916
2018-08-18 02:45:00,2.95,2.9598569335613916
2018-08-18 03:00:00,2.88,2.8649428594019675
2018-08-18 03:15:00,2.52,2.919719738022114
2018-08-18 03:30:00,2.48,2.8908698544996274
2018-08-18 03:45:00,2.52,2.8908698544996274
2018-08-18 04:00:00,2.59,2.991003142065844
2018-08-18 04:15:00,2.56,3.06030729416826
2018-08-18 04:30:00,2.52,2.960174006602043
2018-08-18 04:45:00,2.52,2.8908698544996274
2018-08-18 05:00:00,2.56,2.884515844716183
2018-08-18 05:15:00,2.48,2.8908698544996274
2018-08-18 05:30:00,2.56,2.8908698544996274
2018-08-18 05:45:00,2.88,2.8908698544996274
2018-08-18 06:00:00,2.88,2.8908698544996274
2018-08-18 06:15:00,2.52,2.8908698544996274
2018-08-18 06:30:00,2.81,2.8908698544996274
2018-08-18 06:45:00,3.06,2.8908698544996274
2018-08-18 07:00:00,2.66,2.991003142065844
2018-08-18 07:15:00,2.81,3.464415647945939
2018-08-18 07:30:00,7.88,3.092912870975145
2018-08-18 07:45:00,26.93,3.447547888539531
2018-08-18 08:00:00,81.43,32.98553278978712
2018-08-18 08:15:00,110.7,49.935342455245866
2018-08-18 08:30:00,73.91,80.97630971379219
2018-08-18 08:45:00,79.92,92.21828929531931
2018-08-18 09:00:00,85.68,88.91556482741326
2018-08-18 09:15:00,75.6,70.12956216435677
2018-08-18 09:30:00,64.26,70.11095238235163
2018-08-18 09:45:00,80.96,72.82373140602466
2018-08-18 10:00:00,109.12,62.93552770205977
2018-08-18 10:15:00,82.98,66.50520558628412
2018-08-18 10:30:00,72.07,83.2346538120118
2018-08-18 10:45:00,115.38,85.60448502347394
2018-08-18 11:00:00,47.09,73.50061500472451
2018-08-18 11:15:00,45.79,89.8959273885746
2018-08-18 11:30:00,38.56,60.07373213871001
2018-08-18 11:45:00,26.57,43.472737737140385
2018-08-18 12:00:00,3.67,15.474767683449537
2018-08-18 12:15:00,3.56,10.86351762842021
2018-08-18 12:30:00,4.25,13.108275120375579
2018-08-18 12:45:00,4.32,10.58177091380376
2018-08-18 13:00:00,26.89,37.43471692358496
2018-08-18 13:15:00,44.28,38.10793468127955
2018-08-18 13:30:00,46.55,32.00318988925498
2018-08-18 13:45:00,52.16,40.38286443588702
2018-08-18 14:00:00,48.71,47.41858575064805
2018-08-18 14:15:00,50.87,57.97649058752582
2018-08-18 14:30:00,47.77,49.60605759031234
2018-08-18 14:45:00,43.2,49.933991516656576
2018-08-18 15:00:00,46.08,50.806561037308015
2018-08-18 15:15:00,52.02,39.57988012348323
2018-08-18 15:30:00,67.1,44.53789132567653
2018-08-18 15:45:00,81.5,51.9943766431548
2018-08-18 16:00:00,76.36,58.280458817280525
2018-08-18 16:15:00,89.71,66.59058522835801
2018-08-18 16:30:00,74.38,71.69035228975177
2018-08-18 16:45:00,20.74,67.98198333578992
2018-08-18 17:00:00,7.74,52.42324313948101
2018-08-18 17:15:00,3.82,1.6675011113080938
2018-08-18 17:30:00,3.38,7.179192896779042
2018-08-18 17:45:00,3.35,5.98564224333871
2018-08-18 18:00:00,3.31,8.054925195580383
2018-08-18 18:15:00,3.24,3.4730409191988825
2018-08-18 18:30:00,3.38,3.675250954652133
2018-08-18 18:45:00,3.38,3.3523021569839253
2018-08-18 19:00:00,2.77,3.4771943084526953
2018-08-18 19:15:00,2.74,3.478220682652407
2018-08-18 19:30:00,2.77,3.1435398779723376
2018-08-18 19:45:00,2.77,3.2644514685483412
2018-08-18 20:00:00,2.84,3.376081086956117
2018-08-18 20:15:00,2.84,3.376081086956117
2018-08-18 20:30:00,2.81,3.3011952581780166
2018-08-18 20:45:00,2.77,3.2498481226091016
2018-08-18 21:00:00,2.81,3.0090668131335647
2018-08-18 21:15:00,2.84,3.0637179356360327
2018-08-18 21:30:00,2.92,2.9775278242367555
2018-08-18 21:45:00,3.28,2.9775278242367555
2018-08-18 22:00:00,3.13,2.9775278242367555
2018-08-18 22:15:00,2.59,3.201080879657107
2018-08-18 22:30:00,2.66,3.097341752420981
2018-08-18 22:45:00,2.63,3.01964466769498
2018-08-18 23:00:00,2.99,3.01964466769498
2018-08-18 23:15:00,3.1,2.9263220548280287
2018-08-18 23:30:00,2.63,2.9743024332947323
2018-08-18 23:45:00,2.56,2.8031450274990495
2018-08-19 00:00:00,2.63,2.8359839955696224
2018-08-19 00:15:00,2.59,2.951726782932162
2018-08-19 00:30:00,2.59,3.0248692135115447
2018-08-19 00:45:00,2.66,3.0248692135115447
2018-08-19 01:00:00,2.59,2.8538578407754382
2018-08-19 01:15:00,2.63,2.938535137059955
2018-08-19 01:30:00,2.59,2.938535137059955
2018-08-19 01:45:00,2.63,2.944889146843399
2018-08-19 02:00:00,2.74,2.944889146843399
2018-08-19 02:15:00,2.74,2.944889146843399
2018-08-19 02:30:00,2.66,2.8586475697961604
2018-08-19 02:45:00,3.24,2.8586475697961604
2018-08-19 03:00:00,2.84,2.8586475697961604
2018-08-19 03:15:00,2.74,3.340720199126914
2018-08-19 03:30:00,2.7,2.9794886390532445
2018-08-19 03:45:00,2.7,2.8845745648938204
2018-08-19 04:00:00,3.02,2.8845745648938204
2018-08-19 04:15:00,2.99,2.9595040429470747
2018-08-19 04:30:00,2.74,2.9827286005187226
2018-08-19 04:45:00,2.7,2.9134244484163068
2018-08-19 05:00:00,2.63,2.878220555110376
2018-08-19 05:15:00,2.63,2.8845745648938204
2018-08-19 05:30:00,2.7,2.953878716996236
2018-08-19 05:45:00,2.63,2.953878716996236
2018-08-19 06:00:00,2.63,2.8845745648938204
2018-08-19 06:15:00,2.63,2.868911677329632
2018-08-19 06:30:00,2.66,2.868911677329632
2018-08-19 06:45:00,2.66,2.8845745648938204
2018-08-19 07:00:00,2.66,2.984707852460037
2018-08-19 07:15:00,2.59,2.984707852460037
2018-08-19 07:30:00,2.59,2.9609080363849922
2018-08-19 07:45:00,3.06,3.441252598933724
2018-08-19 08:00:00,3.42,10.174067232603175
2018-08-19 08:15:00,2.95,8.548410351931063
2018-08-19 08:30:00,2.63,4.725205167301752
2018-08-19 08:45:00,2.81,3.161660321169378
2018-08-19 09:00:00,2.84,3.179985347799157
2018-08-19 09:15:00,2.81,3.1219126479406163
2018-08-19 09:30:00,3.2,3.16383927473044
2018-08-19 09:45:00,3.56,3.2836218975976035
2018-08-19 10:00:00,3.64,3.375007341879658
2018-08-19 10:15:00,3.67,3.504843202916962
2018-08-19 10:30:00,3.6,3.6010343551937196
2018-08-19 10:45:00,4.14,3.1920004435210956
2018-08-19 11:00:00,3.78,3.162445701841528
2018-08-19 11:15:00,3.92,3.0501546055864934
2018-08-19 11:30:00,3.92,4.04764347041386
2018-08-19 11:45:00,3.78,4.169933662165748
2018-08-19 12:00:00,3.96,3.155937204376968
2018-08-19 12:15:00,4.03,3.088571639903133
2018-08-19 12:30:00,3.82,3.243124907271013
2018-08-19 12:45:00,4.21,3.83031122005445
2018-08-19 13:00:00,4.32,3.351467277848755
2018-08-19 13:15:00,3.89,5.564019590378299
2018-08-19 13:30:00,4.0,4.975746218931072
2018-08-19 13:45:00,4.14,4.282090604264531
2018-08-19 14:00:00,3.49,5.060098549575012
2018-08-19 14:15:00,2.84,5.060098549575012
2018-08-19 14:30:00,2.77,3.683174598698049
2018-08-19 14:45:00,2.74,3.3461504960052144
2018-08-19 15:00:00,2.77,3.326493769728499
2018-08-19 15:15:00,2.81,3.1680862215423
2018-08-19 15:30:00,2.81,3.2032777995144635
2018-08-19 15:45:00,2.77,3.192377460441247
2018-08-19 16:00:00,2.88,3.005155193537432
2018-08-19 16:15:00,3.35,2.6739417460798034
2018-08-19 16:30:00,3.17,2.853407949806496
2018-08-19 16:45:00,2.81,2.9535941637496683
2018-08-19 17:00:00,2.74,2.9051203894606035
2018-08-19 17:15:00,2.77,2.7868288135398402
2018-08-19 17:30:00,2.7,2.66465305466302
2018-08-19 17:45:00,2.74,2.8918961303407023
2018-08-19 18:00:00,2.66,3.1345047490184785
2018-08-19 18:15:00,2.63,3.0354008021168966
2018-08-19 18:30:00,2.66,2.9234476681857378
2018-08-19 18:45:00,2.7,2.825437649258846
2018-08-19 19:00:00,2.77,2.8103912736078427
2018-08-19 19:15:00,2.81,2.8114176478075543
2018-08-19 19:30:00,2.74,2.920859813154515
2018-08-19 19:45:00,2.92,2.8913092219941565
2018-08-19 20:00:00,3.35,2.781867056647196
2018-08-19 20:15:00,3.24,2.8913092219941565
2018-08-19 20:30:00,3.2,3.1842030294152908
2018-08-19 20:45:00,2.84,3.2295910647767814
2018-08-19 21:00:00,2.81,2.9618982929039643
2018-08-19 21:15:00,2.81,2.8670095826907804
2018-08-19 21:30:00,2.88,2.877909921763997
2018-08-19 21:45:00,2.88,2.9013312967174048
2018-08-19 22:00:00,2.74,2.877909921763997
2018-08-19 22:15:00,2.63,2.8904309576441882
2018-08-19 22:30:00,2.66,2.918435303929749
2018-08-19 22:45:00,2.7,2.918435303929749
2018-08-19 23:00:00,2.63,2.918435303929749
2018-08-19 23:15:00,2.66,2.909126426149005
2018-08-19 23:30:00,2.63,2.9465609572932348
2018-08-19 23:45:00,2.66,2.8423380053530667
2018-08-20 00:00:00,2.66,2.9974281045116093
2018-08-20 00:15:00,2.66,3.008947939933981
2018-08-20 00:30:00,2.95,3.008947939933981
2018-08-20 00:45:00,4.03,3.008947939933981
2018-08-20 01:00:00,3.06,2.957060687300187
2018-08-20 01:15:00,2.66,3.042751356222537
2018-08-20 01:30:00,2.7,3.1393732855277787
2018-08-20 01:45:00,2.66,2.9957562940617737
2018-08-20 02:00:00,2.7,3.5060784006646424
2018-08-20 02:15:00,2.7,2.941826015232631
2018-08-20 02:30:00,2.74,2.9622941132160765
2018-08-20 02:45:00,2.66,2.8899219825766953
2018-08-20 03:00:00,2.66,2.8899219825766953
2018-08-20 03:15:00,2.66,2.9158489776743552
2018-08-20 03:30:00,2.66,2.9222029874577995
2018-08-20 03:45:00,2.7,2.9222029874577995
2018-08-20 04:00:00,2.7,2.9222029874577995
2018-08-20 04:15:00,2.63,2.9222029874577995
2018-08-20 04:30:00,2.7,2.9222029874577995
2018-08-20 04:45:00,3.1,3.0523439067767018
2018-08-20 05:00:00,2.99,3.2116322190854554
2018-08-20 05:15:00,2.59,3.1419984142790987
2018-08-20 05:30:00,2.59,2.951052870980286
2018-08-20 05:45:00,2.63,2.9222029874577995
2018-08-20 06:00:00,2.63,2.9222029874577995
2018-08-20 06:15:00,2.63,2.9915071395602153
2018-08-20 06:30:00,3.1,2.9915071395602153
2018-08-20 06:45:00,2.95,2.9128941096770555
2018-08-20 07:00:00,2.74,2.9601916530740517
2018-08-20 07:15:00,3.02,2.9446988611968417
2018-08-20 07:30:00,3.38,3.0078453367297153
2018-08-20 07:45:00,4.0,4.093840381695393
2018-08-20 08:00:00,72.9,34.51175086828067
2018-08-20 08:15:00,59.04,60.52409115719955
2018-08-20 08:30:00,107.68,87.29547285414583
2018-08-20 08:45:00,127.66,65.22583754707323
2018-08-20 09:00:00,96.55,86.8666536133387
2018-08-20 09:15:00,60.3,101.3870113417685
2018-08-20 09:30:00,111.31,92.49629090269791
2018-08-20 09:45:00,115.56,69.24600543994235
2018-08-20 10:00:00,105.01,92.07630320823712
2018-08-20 10:15:00,55.98,103.98832636507146
2018-08-20 10:30:00,101.2,95.20948626958172
2018-08-20 10:45:00,133.7,68.66057427551495
2018-08-20 11:00:00,118.12,89.27100597365099
2018-08-20 11:15:00,75.2,106.38283384231227
2018-08-20 11:30:00,54.83,108.78355121132707
2018-08-20 11:45:00,37.48,74.76252696989458
2018-08-20 12:00:00,14.11,15.817157318521943
2018-08-20 12:15:00,5.62,15.404961448043137
2018-08-20 12:30:00,5.47,6.888949366737757
2018-08-20 12:45:00,5.22,7.7512193548132835
2018-08-20 13:00:00,44.17,52.12612690737697
2018-08-20 13:15:00,58.75,68.50112339310255
2018-08-20 13:30:00,54.54,67.98639355232206
2018-08-20 13:45:00,48.64,61.40741412872329
2018-08-20 14:00:00,45.32,61.04297619751241
2018-08-20 14:15:00,45.65,60.354586351566574
2018-08-20 14:30:00,55.51,54.1346342276132
2018-08-20 14:45:00,51.3,55.865781107724956
2018-08-20 15:00:00,53.06,62.389168000602254
2018-08-20 15:15:00,65.7,60.761395927703944
2018-08-20 15:30:00,55.01,57.424759803798025
2018-08-20 15:45:00,56.38,62.38180701809316
2018-08-20 16:00:00,62.14,59.81783694900376
2018-08-20 16:15:00,97.42,59.69544133760252
2018-08-20 16:30:00,103.36,58.58108697632834
2018-08-20 16:45:00,101.48,87.68491182966886
2018-08-20 17:00:00,92.41,79.40774061888882
2018-08-20 17:15:00,114.12,80.05014090255548
2018-08-20 17:30:00,34.31,46.01970316069682
2018-08-20 17:45:00,28.94,37.55617376802023
2018-08-20 18:00:00,35.5,54.81726150084963
2018-08-20 18:15:00,47.41,70.36092923087391
2018-08-20 18:30:00,52.96,71.85417121949145
2018-08-20 18:45:00,45.36,60.57648686919074
2018-08-20 19:00:00,45.72,55.03993146128841
2018-08-20 19:15:00,54.25,50.30644039045497
2018-08-20 19:30:00,46.58,49.94943788894662
2018-08-20 19:45:00,41.18,50.365697245311644
2018-08-20 20:00:00,62.75,46.97607870036713
2018-08-20 20:15:00,49.79,42.85563253648876
2018-08-20 20:30:00,40.86,52.44777885302022
2018-08-20 20:45:00,13.54,28.951336970223874
2018-08-20 21:00:00,6.37,23.2795199819345
2018-08-20 21:15:00,3.74,6.68349340815316
2018-08-20 21:30:00,3.53,7.250844425257194
2018-08-20 21:45:00,3.56,3.329227633987702
2018-08-20 22:00:00,3.38,3.548951929114623
2018-08-20 22:15:00,3.31,3.4683065437999328
2018-08-20 22:30:00,2.77,3.5233465851210752
2018-08-20 22:45:00,2.63,3.5233465851210752
2018-08-20 23:00:00,2.56,3.2285910340084563
2018-08-20 23:15:00,2.59,3.2285910340084563
2018-08-20 23:30:00,2.52,3.199372393403393
2018-08-20 23:45:00,2.56,3.199372393403393
2018-08-21 00:00:00,2.52,3.1391108135710764
2018-08-21 00:15:00,2.74,3.115448200057603
2018-08-21 00:30:00,3.2,3.1268494591731653
2018-08-21 00:45:00,2.74,3.1355842733424444
2018-08-21 01:00:00,2.66,3.3633287043096485
2018-08-21 01:15:00,2.7,3.095837315803734
2018-08-21 01:30:00,2.7,2.9692009823952703
2018-08-21 01:45:00,2.74,2.9692009823952703
2018-08-21 02:00:00,2.77,3.032732380160691
2018-08-21 02:15:00,3.35,2.9692009823952703
2018-08-21 02:30:00,2.88,3.004428791173959
2018-08-21 02:45:00,2.74,3.0820645977311356
2018-08-21 03:00:00,2.77,2.8962759923601396
2018-08-21 03:15:00,2.7,2.9222029874577995
2018-08-21 03:30:00,2.74,2.943008869873657
2018-08-21 03:45:00,2.81,2.997132465511054
2018-08-21 04:00:00,2.7,2.9915071395602153
2018-08-21 04:15:00,2.74,2.9222029874577995
2018-08-21 04:30:00,2.81,2.9273459823094687
2018-08-21 04:45:00,3.28,3.0523439067767018
2018-08-21 05:00:00,2.77,2.9128941096770555
2018-08-21 05:15:00,2.7,2.384398417448881
2018-08-21 05:30:00,2.74,2.9222029874577995
2018-08-21 05:45:00,2.63,2.9222029874577995
2018-08-21 06:00:00,2.63,2.9821982617794713
2018-08-21 06:15:00,2.63,2.98782358773031
2018-08-21 06:30:00,2.88,3.073149789192559
2018-08-21 06:45:00,2.95,3.0523439067767018
2018-08-21 07:00:00,3.24,2.9065400998936113
2018-08-21 07:15:00,2.84,2.8766650423710085
2018-08-21 07:30:00,3.17,2.5171622902907265
2018-08-21 07:45:00,4.1,4.0556816203921615
2018-08-21 08:00:00,67.46,28.493369861910892
2018-08-21 08:15:00,69.77,60.1368946416439
2018-08-21 08:30:00,53.42,86.81329192152197
2018-08-21 08:45:00,49.79,70.8685227386385
2018-08-21 09:00:00,58.43,63.33518775252368
2018-08-21 09:15:00,55.44,59.44450009005817
2018-08-21 09:30:00,56.84,55.79450040997899
2018-08-21 09:45:00,75.78,53.8346845567302
2018-08-21 10:00:00,48.1,52.12416503591062
2018-08-21 10:15:00,48.56,68.43667668766531
2018-08-21 10:30:00,52.81,59.980791544697816
2018-08-21 10:45:00,65.45,60.18574765079362
2018-08-21 11:00:00,60.8,60.488360731466315
2018-08-21 11:15:00,44.21,62.75994268003574
2018-08-21 11:30:00,41.4,59.03507561486648
2018-08-21 11:45:00,33.77,38.397762510509956
2018-08-21 12:00:00,4.14,18.044887356191612
2018-08-21 12:15:00,5.47,9.890577428314526
2018-08-21 12:30:00,5.47,3.843670358826865
2018-08-21 12:45:00,5.29,6.356389304403412
2018-08-21 13:00:00,39.82,38.93269746013735
2018-08-21 13:15:00,48.02,53.470581045279175
2018-08-21 13:30:00,40.82,62.57536990202838
2018-08-21 13:45:00,39.17,54.26829776269015
2018-08-21 14:00:00,42.91,44.12715877411688
2018-08-21 14:15:00,46.4,44.31952684374027
2018-08-21 14:30:00,52.42,43.858268735901184
2018-08-21 14:45:00,57.64,50.89350400769361
2018-08-21 15:00:00,56.88,56.69718571241682
2018-08-21 15:15:00,51.23,54.64086333128096
2018-08-21 15:30:00,49.86,55.723598658599755
2018-08-21 15:45:00,51.08,58.504889618100975
2018-08-21 16:00:00,50.58,60.09929025692455
2018-08-21 16:15:00,57.64,57.1097210729169
2018-08-21 16:30:00,57.28,55.552443492619076
2018-08-21 16:45:00,50.87,56.827811896519655
2018-08-21 17:00:00,56.48,54.2499412398323
2018-08-21 17:15:00,38.74,50.83723669218279
2018-08-21 17:30:00,30.38,39.05855782343872
2018-08-21 17:45:00,29.02,35.613064016489254
2018-08-21 18:00:00,33.01,43.245564106313324
2018-08-21 18:15:00,54.86,40.49092095936938
2018-08-21 18:30:00,54.76,42.227238934948566
2018-08-21 18:45:00,48.71,54.379419831870976
2018-08-21 19:00:00,56.27,55.766689212533926
2018-08-21 19:15:00,53.93,51.947397025818844
2018-08-21 19:30:00,50.4,56.4484154741863
2018-08-21 19:45:00,55.87,54.54269165393998
2018-08-21 20:00:00,54.9,50.77278041349416
2018-08-21 20:15:00,56.09,51.598760558742256
2018-08-21 20:30:00,57.31,50.21806172067657
2018-08-21 20:45:00,34.06,21.503056586196593
2018-08-21 21:00:00,4.54,12.521261812486062
2018-08-21 21:15:00,3.82,14.14044143729765
2018-08-21 21:30:00,3.49,3.98483431857864
2018-08-21 21:45:00,3.38,4.399835619202047
2018-08-21 22:00:00,3.64,4.002224982014857
2018-08-21 22:15:00,3.89,3.4683065437999328
2018-08-21 22:30:00,3.24,3.4445635837801225
2018-08-21 22:45:00,2.77,3.579641985256014
2018-08-21 23:00:00,2.56,3.516906025649928
2018-08-21 23:15:00,2.59,3.237995462876131
2018-08-21 23:30:00,2.56,3.199372393403393
2018-08-21 23:45:00,2.56,3.199372393403393
2018-08-22 00:00:00,2.59,3.199372393403393
2018-08-22 00:15:00,2.74,3.148249844607613
2018-08-22 00:30:00,2.63,3.1268494591731653
2018-08-22 00:45:00,2.59,3.0210922624076604
2018-08-22 01:00:00,2.59,3.1355842733424444
2018-08-22 01:15:00,2.63,3.108098733730756
2018-08-22 01:30:00,2.59,2.9692009823952703
2018-08-22 01:45:00,2.66,2.9692009823952703
2018-08-22 02:00:00,2.63,2.9692009823952703
2018-08-22 02:15:00,2.56,2.9692009823952703
2018-08-22 02:30:00,2.59,3.004428791173959
2018-08-22 02:45:00,2.95,3.004428791173959
2018-08-22 03:00:00,3.17,2.8869671145793956
2018-08-22 03:15:00,2.95,2.1511095967527964
2018-08-22 03:30:00,3.1,2.1666023886300065
2018-08-22 03:45:00,2.59,2.1511095967527964
2018-08-22 04:00:00,2.63,2.1666023886300065
2018-08-22 04:15:00,2.59,2.9915071395602153
2018-08-22 04:30:00,2.56,2.98782358773031
2018-08-22 04:45:00,2.66,2.9915071395602153
2018-08-22 05:00:00,2.63,2.9915071395602153
2018-08-22 05:15:00,2.63,2.9158489776743552
2018-08-22 05:30:00,2.63,2.9158489776743552
2018-08-22 05:45:00,2.56,2.9158489776743552
2018-08-22 06:00:00,2.59,2.9222029874577995
2018-08-22 06:15:00,2.59,2.9222029874577995
2018-08-22 06:30:00,2.59,2.9222029874577995
2018-08-22 06:45:00,2.52,2.9222029874577995
2018-08-22 07:00:00,2.59,3.0523439067767018
2018-08-22 07:15:00,3.46,3.0523439067767018
2018-08-22 07:30:00,3.96,3.1718782848058518
2018-08-22 07:45:00,4.03,4.94065808396277
2018-08-22 08:00:00,44.57,36.444846915032066
2018-08-22 08:15:00,48.35,59.791964676736086
2018-08-22 08:30:00,59.04,64.96415870109483
2018-08-22 08:45:00,51.41,61.47235514247181
2018-08-22 09:00:00,48.28,58.597439758782706
2018-08-22 09:15:00,68.33,56.08188305964003
2018-08-22 09:30:00,60.01,52.57049008842803
2018-08-22 09:45:00,61.74,61.235194707827354
2018-08-22 10:00:00,42.05,56.20733055834596
2018-08-22 10:15:00,48.67,54.758986941288185
2018-08-22 10:30:00,60.62,46.12931401929916
2018-08-22 10:45:00,57.82,57.65599709215179
2018-08-22 11:00:00,62.03,59.81875646102296
2018-08-22 11:15:00,59.11,58.66956292865886
2018-08-22 11:30:00,51.44,58.27680061162634
2018-08-22 11:45:00,40.93,54.9355896090028
2018-08-22 12:00:00,4.03,10.369492693457673
2018-08-22 12:15:00,4.36,10.61176747760946
2018-08-22 12:30:00,4.46,4.801833657546586
2018-08-22 12:45:00,4.36,6.82167958051411
2018-08-22 13:00:00,32.15,39.938310560525494
2018-08-22 13:15:00,55.48,55.14521183940969
2018-08-22 13:30:00,57.24,56.73065133780295
2018-08-22 13:45:00,51.84,61.28673907377512
2018-08-22 14:00:00,68.76,57.4578259354999
2018-08-22 14:15:00,60.73,59.60334931902791
2018-08-22 14:30:00,60.7,63.21285667764946
2018-08-22 14:45:00,46.22,60.98620336434058
2018-08-22 15:00:00,55.66,61.521539087967696
2018-08-22 15:15:00,47.59,58.65301115462971
2018-08-22 15:30:00,61.6,60.85960875995407
2018-08-22 15:45:00,53.28,54.89171636551725
2018-08-22 16:00:00,56.05,59.4177763753304
2018-08-22 16:15:00,58.75,59.720355862704345
2018-08-22 16:30:00,51.48,59.758207525721694
2018-08-22 16:45:00,56.2,59.07666833757895
2018-08-22 17:00:00,45.18,55.44876106153962
2018-08-22 17:15:00,62.17,51.389160912337076
2018-08-22 17:30:00,34.16,37.60709415944008
2018-08-22 17:45:00,15.05,33.98842966722632
2018-08-22 18:00:00,5.4,36.13206555128116
2018-08-22 18:15:00,3.92,21.41263683800834
2018-08-22 18:30:00,3.49,5.49238435183724
2018-08-22 18:45:00,3.38,5.663820473423015
2018-08-22 19:00:00,3.46,3.6088652089065656
2018-08-22 19:15:00,3.42,3.5592298841783307
2018-08-22 19:30:00,2.81,3.4487132490153907
2018-08-22 19:45:00,2.88,3.59287598699519
2018-08-22 20:00:00,2.88,3.2045486921279003
2018-08-22 20:15:00,2.88,3.2045486921279003
2018-08-22 20:30:00,2.88,2.870938493115507
2018-08-22 20:45:00,2.92,2.815448697959293
2018-08-22 21:00:00,2.92,2.5963210574631415
2018-08-22 21:15:00,3.02,2.9897816373709887
2018-08-22 21:30:00,2.95,3.1349539517563896
2018-08-22 21:45:00,2.95,3.208886560859645
2018-08-22 22:00:00,2.88,3.208886560859645
2018-08-22 22:15:00,2.81,3.208886560859645
2018-08-22 22:30:00,2.81,3.1843271732832443
2018-08-22 22:45:00,2.81,3.0642165253075477
2018-08-22 23:00:00,2.81,3.0642165253075477
2018-08-22 23:15:00,3.2,3.0642165253075477
2018-08-22 23:30:00,2.99,3.0642165253075477
2018-08-22 23:45:00,2.92,3.2709273463619915
2018-08-23 00:00:00,3.46,3.1121969037742514
2018-08-23 00:15:00,2.92,3.0757363607299193
2018-08-23 00:30:00,2.99,3.667994740564649
2018-08-23 00:45:00,2.92,3.086636699803136
2018-08-23 01:00:00,2.92,3.448693737302641
2018-08-23 01:15:00,2.92,3.062544714857712
2018-08-23 01:30:00,3.17,3.0592876918271945
2018-08-23 01:45:00,3.02,3.062544714857712
2018-08-23 02:00:00,3.13,3.133801240112566
2018-08-23 02:15:00,3.28,3.1105250933244157
2018-08-23 02:30:00,3.2,3.1382899675305698
2018-08-23 02:45:00,5.62,3.371766036065578
2018-08-23 03:00:00,4.46,3.3488229701873267
2018-08-23 03:15:00,4.0,4.9034326783443385
2018-08-23 03:30:00,4.07,4.045392993156201
2018-08-23 03:45:00,5.0,4.165228690990911
2018-08-23 04:00:00,5.18,3.987769419516677
2018-08-23 04:15:00,3.96,5.933627439692963
2018-08-23 04:30:00,3.64,5.703848759021694
2018-08-23 04:45:00,3.17,3.9279791637593644
2018-08-23 05:00:00,3.13,3.5540070591900306
2018-08-23 05:15:00,3.17,3.245027809974355
2018-08-23 05:30:00,3.2,3.206404740501617
2018-08-23 05:45:00,3.13,3.229698175565181
2018-08-23 06:00:00,3.17,3.4826503736130467
2018-08-23 06:15:00,3.17,3.2589168161702444
2018-08-23 06:30:00,3.13,3.229698175565181
2018-08-23 06:45:00,3.06,3.229698175565181
2018-08-23 07:00:00,3.06,3.3767250699469122
2018-08-23 07:15:00,3.24,3.3889864878739346
2018-08-23 07:30:00,3.78,3.3778546776387968
2018-08-23 07:45:00,4.5,5.056979969293318
2018-08-23 08:00:00,41.0,39.189650759475235
2018-08-23 08:15:00,66.06,69.71384832153267
2018-08-23 08:30:00,59.47,71.77186961690192
2018-08-23 08:45:00,57.31,73.77130512620788
2018-08-23 09:00:00,49.54,63.65023464393639
2018-08-23 09:15:00,65.45,61.228745112355035
2018-08-23 09:30:00,52.67,54.11150791709984
2018-08-23 09:45:00,79.13,64.52295226540903
2018-08-23 10:00:00,68.26,60.06324617059214
2018-08-23 10:15:00,59.04,69.22578261269632
2018-08-23 10:30:00,63.9,67.19737164598048
2018-08-23 10:45:00,78.77,63.178787523721375
2018-08-23 11:00:00,71.32,55.96847845176491
2018-08-23 11:15:00,71.68,73.60130803082079
2018-08-23 11:30:00,69.01,70.72702899629584
2018-08-23 11:45:00,62.06,69.96374257492968
2018-08-23 12:00:00,15.3,13.924070543403388
2018-08-23 12:15:00,29.23,8.046145945439966
2018-08-23 12:30:00,28.44,7.973582898181539
2018-08-23 12:45:00,28.94,17.07224709203438
2018-08-23 13:00:00,38.88,50.359349177725875
2018-08-23 13:15:00,45.97,53.83738077435369
2018-08-23 13:30:00,41.26,48.22770285348375
2018-08-23 13:45:00,39.82,52.15900917803321
2018-08-23 14:00:00,40.07,45.317023148938546
2018-08-23 14:15:00,40.07,43.789911943798785
2018-08-23 14:30:00,42.62,43.49231358145269
2018-08-23 14:45:00,42.08,44.373487336782
2018-08-23 15:00:00,41.47,44.8214845220757
2018-08-23 15:15:00,45.4,44.43771969111567
2018-08-23 15:30:00,45.79,44.43771969111567
2018-08-23 15:45:00,50.65,50.29535255735647
2018-08-23 16:00:00,51.95,50.15665388372115
2018-08-23 16:15:00,49.46,54.95514552750815
2018-08-23 16:30:00,53.28,54.91652835452579
2018-08-23 16:45:00,53.57,51.754418640615505
2018-08-23 17:00:00,48.49,50.56763424299818
2018-08-23 17:15:00,41.04,50.605054219706574
2018-08-23 17:30:00,31.54,34.45078639925811
2018-08-23 17:45:00,31.68,33.60549072727055
2018-08-23 18:00:00,37.12,40.88505431691871
2018-08-23 18:15:00,39.96,45.62231854001943
2018-08-23 18:30:00,43.24,44.9016047447725
2018-08-23 18:45:00,41.04,41.32457913840027
2018-08-23 19:00:00,40.43,43.35989591114738
2018-08-23 19:15:00,45.54,41.803206849644134
2018-08-23 19:30:00,41.15,40.67933412113402
2018-08-23 19:45:00,48.74,46.12959931910256
2018-08-23 20:00:00,49.82,42.11455721937013
2018-08-23 20:15:00,54.36,48.624484966149375
2018-08-23 20:30:00,41.69,43.70975110783446
2018-08-23 20:45:00,22.36,20.872606547680796
2018-08-23 21:00:00,6.55,15.353499552044966
2018-08-23 21:15:00,3.89,1.4942193822596401
2018-08-23 21:30:00,3.78,5.273261597874908
2018-08-23 21:45:00,3.78,4.232443994751757
2018-08-23 22:00:00,3.67,3.557583115726693
2018-08-23 22:15:00,4.72,3.567473549541766
2018-08-23 22:30:00,3.74,3.6248943952487434
2018-08-23 22:45:00,3.38,4.054840643769693
2018-08-23 23:00:00,2.92,3.618453835777596
2018-08-23 23:15:00,2.88,3.6591455411204694
2018-08-23 23:30:00,2.92,3.199372393403393
2018-08-23 23:45:00,2.92,3.2017531977892277
2018-08-24 00:00:00,2.92,3.1485052461850183
2018-08-24 00:15:00,2.95,3.16002508160739
2018-08-24 00:30:00,2.92,3.1877478120069114
2018-08-24 00:45:00,2.92,3.220519535299472
2018-08-24 01:00:00,2.92,3.151505546920008
2018-08-24 01:15:00,2.92,3.138313901047801
2018-08-24 01:30:00,2.92,3.0116775676393375
2018-08-24 01:45:00,2.95,3.0116775676393375
2018-08-24 02:00:00,2.88,3.0116775676393375
2018-08-24 02:15:00,2.95,3.070181097936777
2018-08-24 02:30:00,2.88,3.1584775161470073
2018-08-24 02:45:00,2.95,3.0943515899162537
2018-08-24 03:00:00,3.13,3.0228657960580003
2018-08-24 03:15:00,3.78,3.112431354950111
2018-08-24 03:30:00,3.78,3.127924146827321
2018-08-24 03:45:00,3.24,3.516511124918349
2018-08-24 04:00:00,2.92,3.3407424414960616
2018-08-24 04:15:00,2.95,3.2237325159763066
2018-08-24 04:30:00,2.92,3.0596373305132913
2018-08-24 04:45:00,3.02,3.123275894307742
2018-08-24 05:00:00,2.88,3.0596373305132913
2018-08-24 05:15:00,2.88,3.123275894307742
2018-08-24 05:30:00,2.92,3.054012004562453
2018-08-24 05:45:00,2.92,3.054012004562453
2018-08-24 06:00:00,2.88,3.054012004562453
2018-08-24 06:15:00,2.92,3.054012004562453
2018-08-24 06:30:00,2.84,3.054012004562453
2018-08-24 06:45:00,2.84,3.054012004562453
2018-08-24 07:00:00,2.88,3.054012004562453
2018-08-24 07:15:00,3.71,3.054012004562453
2018-08-24 07:30:00,4.03,3.2103941779794067
2018-08-24 07:45:00,3.82,5.329390390266158
2018-08-24 08:00:00,38.59,42.209695744125746
2018-08-24 08:15:00,58.46,61.69106854502252
2018-08-24 08:30:00,64.44,69.40237204854456
2018-08-24 08:45:00,62.32,66.18989216022526
2018-08-24 09:00:00,55.76,62.30123194631308
2018-08-24 09:15:00,51.41,60.416889998664
2018-08-24 09:30:00,68.58,61.55131580095544
2018-08-24 09:45:00,60.62,59.74991670749617
2018-08-24 10:00:00,61.2,64.4285951348706
2018-08-24 10:15:00,53.39,59.78130504201015
2018-08-24 10:30:00,55.4,58.911078333104776
2018-08-24 10:45:00,51.7,59.0687070951237
2018-08-24 11:00:00,64.48,58.6756792821159
2018-08-24 11:15:00,58.25,59.57810415820924
2018-08-24 11:30:00,57.82,59.812257616837755
2018-08-24 11:45:00,45.11,56.81483069306587
2018-08-24 12:00:00,4.68,8.585796394883145
2018-08-24 12:15:00,4.5,5.999439846069885
2018-08-24 12:30:00,4.5,5.174424124180285
2018-08-24 12:45:00,4.5,6.710991858029865
2018-08-24 13:00:00,32.94,37.81592746230348
2018-08-24 13:15:00,55.48,50.26787529280033
2018-08-24 13:30:00,50.29,57.99564250613625
2018-08-24 13:45:00,52.09,58.65757675885527
2018-08-24 14:00:00,57.85,55.64420528792915
2018-08-24 14:15:00,47.16,58.819609921417964
2018-08-24 14:30:00,45.94,56.77653272640341
2018-08-24 14:45:00,39.24,54.33812535358028
2018-08-24 15:00:00,45.76,52.04914360011682
2018-08-24 15:15:00,47.59,46.65584555607961
2018-08-24 15:30:00,51.62,50.966873934306875
2018-08-24 15:45:00,50.58,50.23289487880054
2018-08-24 16:00:00,58.9,54.33038850094889
2018-08-24 16:15:00,53.28,54.3174784223839
2018-08-24 16:30:00,54.11,51.72099294106598
2018-08-24 16:45:00,54.65,53.987586450360446
2018-08-24 17:00:00,56.84,52.66820762855051
2018-08-24 17:15:00,45.54,52.12352266381379
2018-08-24 17:30:00,29.92,36.337832337810745
2018-08-24 17:45:00,28.91,30.634616093559032
2018-08-24 18:00:00,38.09,36.92533567827729
2018-08-24 18:15:00,54.68,42.946696332923096
2018-08-24 18:30:00,57.67,47.88383373374648
2018-08-24 18:45:00,55.12,49.18395798343587
2018-08-24 19:00:00,56.05,52.004905569034996
2018-08-24 19:15:00,53.39,50.692617260260256
2018-08-24 19:30:00,56.7,52.355828572407994
2018-08-24 19:45:00,52.49,52.27118521301934
2018-08-24 20:00:00,51.73,53.93267982135254
2018-08-24 20:15:00,56.63,52.662492205974836
2018-08-24 20:30:00,51.62,49.189997552622906
2018-08-24 20:45:00,17.5,22.87143337576122
2018-08-24 21:00:00,6.7,14.918559273115514
2018-08-24 21:15:00,3.92,3.2311987023355266
2018-08-24 21:30:00,3.78,4.352082134163019
2018-08-24 21:45:00,3.31,3.9516657451736257
2018-08-24 22:00:00,2.95,3.6037531415591753
2018-08-24 22:15:00,2.92,3.417439396581558
2018-08-24 22:30:00,3.06,3.105882375582835
2018-08-24 22:45:00,3.24,3.530630357788086
2018-08-24 23:00:00,2.7,3.25949087012696
2018-08-24 23:15:00,2.74,3.4660388784315534
2018-08-24 23:30:00,2.74,3.1376049071118017
2018-08-24 23:45:00,2.81,3.1376049071118017
2018-08-25 00:00:00,2.7,3.143900196717609
2018-08-25 00:15:00,2.74,3.166320371213197
2018-08-25 00:30:00,2.74,3.0822776015605977
2018-08-25 00:45:00,2.7,3.0822776015605977
2018-08-25 01:00:00,2.81,3.0846584059464326
2018-08-25 01:15:00,2.74,3.144609190653608
2018-08-25 01:30:00,2.77,3.0712950844249027
2018-08-25 01:45:00,2.81,2.951184436449206
2018-08-25 02:00:00,2.74,2.951184436449206
2018-08-25 02:15:00,2.95,2.951184436449206
2018-08-25 02:30:00,3.38,3.0258750544173285
2018-08-25 02:45:00,2.92,3.0241183005840995
2018-08-25 03:00:00,2.81,3.321221229442366
2018-08-25 03:15:00,3.31,2.960174006602043
2018-08-25 03:30:00,3.02,2.8815609767188834
2018-08-25 03:45:00,2.84,3.27365419847732
2018-08-25 04:00:00,2.77,3.101651845326636
2018-08-25 04:15:00,2.84,2.960174006602043
2018-08-25 04:30:00,2.81,2.9508651288212993
2018-08-25 04:45:00,2.81,2.956490454772138
2018-08-25 05:00:00,2.81,2.960174006602043
2018-08-25 05:15:00,2.74,3.06030729416826
2018-08-25 05:30:00,2.74,2.8960128493512967
2018-08-25 05:45:00,2.81,2.9508651288212993
2018-08-25 06:00:00,2.77,3.06030729416826
2018-08-25 06:15:00,2.77,2.9508651288212993
2018-08-25 06:30:00,2.92,3.06030729416826
2018-08-25 06:45:00,3.28,2.991003142065844
2018-08-25 07:00:00,2.77,2.991003142065844
2018-08-25 07:15:00,3.02,3.3919870128672382
2018-08-25 07:30:00,3.2,3.301513211227185
2018-08-25 07:45:00,3.1,3.6248123762897184
2018-08-25 08:00:00,4.21,24.24382007734065
2018-08-25 08:15:00,4.21,16.868016205392127
2018-08-25 08:30:00,5.83,6.950560346337322
2018-08-25 08:45:00,5.62,3.3670319647473748
2018-08-25 09:00:00,4.93,5.891321280991754
2018-08-25 09:15:00,4.57,6.817961962748955
2018-08-25 09:30:00,6.66,7.74944908461581
2018-08-25 09:45:00,4.43,6.417924201295625
2018-08-25 10:00:00,4.61,12.850981340776595
2018-08-25 10:15:00,4.43,5.714787882147866
2018-08-25 10:30:00,4.57,5.245011225594544
2018-08-25 10:45:00,4.79,4.241306542149424
2018-08-25 11:00:00,4.68,4.8650308677290095
2018-08-25 11:15:00,5.18,4.226660805364687
2018-08-25 11:30:00,5.44,3.7909060024350394
2018-08-25 11:45:00,3.35,3.2143839044691287
2018-08-25 12:00:00,3.56,3.014939603181152
2018-08-25 12:15:00,3.67,3.0859354327002047
2018-08-25 12:30:00,3.46,3.1383720419341725
2018-08-25 12:45:00,3.38,3.3716870618467123
2018-08-25 13:00:00,4.25,4.177644312246792
2018-08-25 13:15:00,4.57,4.457817089336582
2018-08-25 13:30:00,4.79,6.2023722362448375
2018-08-25 13:45:00,5.8,5.209250013669744
2018-08-25 14:00:00,5.58,5.573955893554333
2018-08-25 14:15:00,5.51,6.676757326071934
2018-08-25 14:30:00,5.51,6.676757326071934
2018-08-25 14:45:00,5.58,7.021386172434109
2018-08-25 15:00:00,5.51,6.99369363754925
2018-08-25 15:15:00,5.36,6.332497300857317
2018-08-25 15:30:00,6.37,6.320235882930295
2018-08-25 15:45:00,6.84,6.320235882930295
2018-08-25 16:00:00,7.13,10.065190856033968
2018-08-25 16:15:00,6.37,10.983259769106903
2018-08-25 16:30:00,3.74,9.864307282647209
2018-08-25 16:45:00,4.03,4.72744585557743
2018-08-25 17:00:00,3.67,2.556786572503974
2018-08-25 17:15:00,3.53,3.623980590654933
2018-08-25 17:30:00,3.42,3.2761085608484537
2018-08-25 17:45:00,3.42,3.2157522584583975
2018-08-25 18:00:00,3.38,3.4632194253773334
2018-08-25 18:15:00,3.46,3.5525478508016577
2018-08-25 18:30:00,3.46,3.5137371474498806
2018-08-25 18:45:00,3.38,3.4745502678304385
2018-08-25 19:00:00,2.84,3.4745502678304385
2018-08-25 19:15:00,2.81,3.47557664203015
2018-08-25 19:30:00,2.92,3.1701144779551442
2018-08-25 19:45:00,2.88,3.140563886794786
2018-08-25 20:00:00,2.84,3.140563886794786
2018-08-25 20:15:00,2.92,3.140563886794786
2018-08-25 20:30:00,3.42,3.090751865749877
2018-08-25 20:45:00,3.31,2.9591737189891094
2018-08-25 21:00:00,2.88,3.3602933696810258
2018-08-25 21:15:00,2.92,3.2542404596302346
2018-08-25 21:30:00,2.88,2.9775278242367555
2018-08-25 21:45:00,2.95,2.9775278242367555
2018-08-25 22:00:00,2.88,2.988428163309972
2018-08-25 22:15:00,2.66,3.0380682508298062
2018-08-25 22:30:00,2.56,3.01964466769498
2018-08-25 22:45:00,2.52,3.01964466769498
2018-08-25 23:00:00,2.74,3.01964466769498
2018-08-25 23:15:00,3.17,3.01964466769498
2018-08-25 23:30:00,2.59,3.01964466769498
2018-08-25 23:45:00,2.56,2.913721989222662
2018-08-26 00:00:00,2.56,2.9402069475097905
2018-08-26 00:15:00,2.63,2.9580807927156063
2018-08-26 00:30:00,2.66,2.9580807927156063
2018-08-26 00:45:00,2.59,3.035769552584761
2018-08-26 01:00:00,2.66,2.9580807927156063
2018-08-26 01:15:00,2.63,2.944889146843399
2018-08-26 01:30:00,2.59,2.938535137059955
2018-08-26 01:45:00,2.56,2.944889146843399
2018-08-26 02:00:00,2.77,2.944889146843399
2018-08-26 02:15:00,3.24,2.944889146843399
2018-08-26 02:30:00,2.81,2.8586475697961604
2018-08-26 02:45:00,2.56,3.125178013559878
2018-08-26 03:00:00,2.59,2.8586475697961604
2018-08-26 03:15:00,2.59,2.8752656871130764
2018-08-26 03:30:00,2.63,3.000294521469102
2018-08-26 03:45:00,3.1,2.9595040429470747
2018-08-26 04:00:00,2.84,2.953878716996236
2018-08-26 04:15:00,2.63,2.928917240293517
2018-08-26 04:30:00,2.56,2.878220555110376
2018-08-26 04:45:00,2.59,2.8845745648938204
2018-08-26 05:00:00,2.59,2.8845745648938204
2018-08-26 05:15:00,2.59,2.953878716996236
2018-08-26 05:30:00,2.77,2.953878716996236
2018-08-26 05:45:00,2.77,2.8845745648938204
2018-08-26 06:00:00,2.7,2.878220555110376
2018-08-26 06:15:00,2.7,2.8752656871130764
2018-08-26 06:30:00,2.74,2.984707852460037
2018-08-26 06:45:00,2.74,2.984707852460037
2018-08-26 07:00:00,2.7,2.905380447309678
2018-08-26 07:15:00,2.74,2.905380447309678
2018-08-26 07:30:00,2.84,2.970216914165736
2018-08-26 07:45:00,4.61,3.441252598933724
2018-08-26 08:00:00,6.73,10.308092548926627
2018-08-26 08:15:00,5.72,33.768957423829015
2018-08-26 08:30:00,5.72,14.79998794367121
2018-08-26 08:45:00,5.65,7.6932451098309365
2018-08-26 09:00:00,5.65,9.379427022544364
2018-08-26 09:15:00,5.08,7.048906997554925
2018-08-26 09:30:00,5.8,7.039102166635905
2018-08-26 09:45:00,5.62,6.9125870017613416
2018-08-26 10:00:00,6.34,6.243098745385208
2018-08-26 10:15:00,5.33,6.41696910180342
2018-08-26 10:30:00,5.33,10.875229937201576
2018-08-26 10:45:00,5.4,5.771013678219914
2018-08-26 11:00:00,5.04,5.712860700955439
2018-08-26 11:15:00,5.26,4.103234276892922
2018-08-26 11:30:00,4.57,4.183361828796391
2018-08-26 11:45:00,4.64,3.2915695086421324
2018-08-26 12:00:00,3.31,2.877406416824787
2018-08-26 12:15:00,3.06,2.499277907694699
2018-08-26 12:30:00,3.02,2.86755503401801
2018-08-26 12:45:00,3.06,3.2371370811614004
2018-08-26 13:00:00,3.24,3.8750120485844017
2018-08-26 13:15:00,5.0,4.147299394007238
2018-08-26 13:30:00,5.98,4.549935833927707
2018-08-26 13:45:00,6.59,6.2561134559223
2018-08-26 14:00:00,5.62,6.260264049101611
2018-08-26 14:15:00,5.15,12.665139455655067
2018-08-26 14:30:00,4.93,7.012062741429772
2018-08-26 14:45:00,4.82,6.385581993687111
2018-08-26 15:00:00,6.12,6.600024549451879
2018-08-26 15:15:00,8.24,5.387591712465788
2018-08-26 15:30:00,7.85,8.121752698895913
2018-08-26 15:45:00,7.96,18.908765022762196
2018-08-26 16:00:00,8.42,18.779867864668823
2018-08-26 16:15:00,7.67,8.651333014439434
2018-08-26 16:30:00,4.0,7.836589281506044
2018-08-26 16:45:00,3.89,7.637802449123423
2018-08-26 17:00:00,4.14,2.6764168533571713
2018-08-26 17:15:00,4.57,2.787441699251555
2018-08-26 17:30:00,4.25,3.6898789062224076
2018-08-26 17:45:00,3.64,3.7567101502543614
2018-08-26 18:00:00,3.6,4.01643873510032
2018-08-26 18:15:00,3.53,3.8127233768985596
2018-08-26 18:30:00,3.6,3.575954915560979
2018-08-26 18:45:00,3.24,3.4682549782246315
2018-08-26 19:00:00,3.06,3.549029453868559
2018-08-26 19:15:00,3.06,3.469281352424343
2018-08-26 19:30:00,3.06,3.275345798381348
2018-08-26 19:45:00,3.06,3.2457952072209895
2018-08-26 20:00:00,3.13,3.2071721377482514
2018-08-26 20:15:00,3.1,3.2071721377482514
2018-08-26 20:30:00,3.1,3.1573601167033427
2018-08-26 20:45:00,3.06,3.169621534630365
2018-08-26 21:00:00,3.13,2.9958389624711974
2018-08-26 21:15:00,3.06,3.1879756398780112
2018-08-26 21:30:00,3.17,3.1939341655989235
2018-08-26 21:45:00,3.13,3.183033826525707
2018-08-26 22:00:00,2.99,3.033625617108197
2018-08-26 22:15:00,2.92,3.033625617108197
2018-08-26 22:30:00,2.92,3.0891938069309766
2018-08-26 22:45:00,3.89,3.013349378089173
2018-08-26 23:00:00,3.85,3.0242497171623897
2018-08-26 23:15:00,3.02,3.505645709914634
2018-08-26 23:30:00,2.88,3.312162782495433
2018-08-26 23:45:00,2.88,3.1183891453265953
2018-08-27 00:00:00,2.92,3.507750211114478
2018-08-27 00:15:00,2.95,3.086636699803136
2018-08-27 00:30:00,3.02,3.086636699803136
2018-08-27 00:45:00,2.99,3.134239891027359
2018-08-27 01:00:00,2.92,3.134239891027359
2018-08-27 01:15:00,2.95,3.121048245155152
2018-08-27 01:30:00,2.95,3.062544714857712
2018-08-27 01:45:00,2.95,3.121048245155152
2018-08-27 02:00:00,2.99,3.121048245155152
2018-08-27 02:15:00,2.92,3.121048245155152
2018-08-27 02:30:00,3.17,3.1227971756533597
2018-08-27 02:45:00,3.53,3.070446912029896
2018-08-27 03:00:00,2.92,3.163387450778772
2018-08-27 03:15:00,2.92,3.4776604055459948
2018-08-27 03:30:00,2.92,3.116428845472325
2018-08-27 03:45:00,2.95,3.116428845472325
2018-08-27 04:00:00,2.95,3.127273384829956
2018-08-27 04:15:00,2.92,3.190911948624407
2018-08-27 04:30:00,2.88,3.1958097745043044
2018-08-27 04:45:00,2.88,3.1216480588791176
2018-08-27 05:00:00,3.1,3.1216480588791176
2018-08-27 05:15:00,3.49,3.1216480588791176
2018-08-27 05:30:00,2.88,3.2113025663815145
2018-08-27 05:45:00,2.84,3.5083769677314125
2018-08-27 06:00:00,2.88,3.1216480588791176
2018-08-27 06:15:00,2.88,3.1216480588791176
2018-08-27 06:30:00,2.84,3.1216480588791176
2018-08-27 06:45:00,2.88,3.140043668062784
2018-08-27 07:00:00,3.02,3.1216480588791176
2018-08-27 07:15:00,3.53,3.1216480588791176
2018-08-27 07:30:00,3.74,3.251769059290753
2018-08-27 07:45:00,3.92,4.946387142822485
2018-08-27 08:00:00,28.48,38.12599423406382
2018-08-27 08:15:00,47.3,58.710860883007854
2018-08-27 08:30:00,50.54,59.94418265560118
2018-08-27 08:45:00,55.73,61.76390705508221
2018-08-27 09:00:00,59.98,60.26668033763433
2018-08-27 09:15:00,53.75,58.89930091989075
2018-08-27 09:30:00,62.71,57.43891846601715
2018-08-27 09:45:00,60.66,57.018396000206494
2018-08-27 10:00:00,54.72,57.82871461966292
2018-08-27 10:15:00,57.6,60.38316018046543
2018-08-27 10:30:00,58.93,60.25741246818087
2018-08-27 10:45:00,65.45,58.787771498320716
2018-08-27 11:00:00,54.94,60.47567940153343
2018-08-27 11:15:00,47.88,65.39633450900897
2018-08-27 11:30:00,41.29,60.25253790411174
2018-08-27 11:45:00,40.57,47.94573912013891
2018-08-27 12:00:00,28.12,13.95399621165944
2018-08-27 12:15:00,25.24,12.095837848051712
2018-08-27 12:30:00,25.27,7.437612058598391
2018-08-27 12:45:00,25.52,11.08611232363737
2018-08-27 13:00:00,46.3,46.50539001723057
2018-08-27 13:15:00,58.68,55.740665821238366
2018-08-27 13:30:00,46.76,55.22199703143619
2018-08-27 13:45:00,41.76,58.02258142625861
2018-08-27 14:00:00,52.42,52.505997005175374
2018-08-27 14:15:00,68.65,46.7582419329642
2018-08-27 14:30:00,45.79,57.33330022981172
2018-08-27 14:45:00,67.79,63.8611146912179
2018-08-27 15:00:00,43.88,50.25561556509586
2018-08-27 15:15:00,45.9,64.05646540606779
2018-08-27 15:30:00,50.51,47.93135105470633
2018-08-27 15:45:00,49.5,53.89265989422323
2018-08-27 16:00:00,52.02,56.60529446790234
2018-08-27 16:15:00,63.22,56.36677571566143
2018-08-27 16:30:00,44.42,55.18994288465109
2018-08-27 16:45:00,63.4,58.0992399339506
2018-08-27 17:00:00,51.73,44.70392891310674
2018-08-27 17:15:00,49.97,53.16660220485646
2018-08-27 17:30:00,46.58,38.93567030076876
2018-08-27 17:45:00,29.95,30.85124694168109
2018-08-27 18:00:00,5.54,35.61381592850595
2018-08-27 18:15:00,3.6,41.52408404560481
2018-08-27 18:30:00,3.38,3.6376202330533225
2018-08-27 18:45:00,3.42,2.6487373729072927
2018-08-27 19:00:00,3.42,3.3125707742515953
2018-08-27 19:15:00,3.46,3.573798129691868
2018-08-27 19:30:00,3.46,3.573798129691868
2018-08-27 19:45:00,3.35,3.5442475385315095
2018-08-27 20:00:00,3.38,3.5442475385315095
2018-08-27 20:15:00,3.42,3.513240119152296
2018-08-27 20:30:00,2.88,3.3213704288708974
2018-08-27 20:45:00,2.84,2.987608220797636
2018-08-27 21:00:00,2.88,2.401183690021739
2018-08-27 21:15:00,2.81,3.000681976444205
2018-08-27 21:30:00,2.84,3.157255549945168
2018-08-27 21:45:00,2.77,3.157255549945168
2018-08-27 22:00:00,2.7,3.1487360152577866
2018-08-27 22:15:00,2.66,3.1487360152577866
2018-08-27 22:30:00,2.7,3.0642165253075477
2018-08-27 22:45:00,2.63,3.0642165253075477
2018-08-27 23:00:00,2.59,3.0642165253075477
2018-08-27 23:15:00,2.66,3.018828489946057
2018-08-27 23:30:00,3.13,2.9974281045116093
2018-08-27 23:45:00,2.66,2.9974281045116093
2018-08-28 00:00:00,2.59,3.068684629766463
2018-08-28 00:15:00,2.56,3.008947939933981
2018-08-28 00:30:00,2.59,3.008947939933981
2018-08-28 00:45:00,2.59,3.008947939933981
2018-08-28 01:00:00,2.56,3.086636699803136
2018-08-28 01:15:00,2.74,2.8306165181590646
2018-08-28 01:30:00,3.06,2.8306165181590646
2018-08-28 01:45:00,2.59,2.8242625083756203
2018-08-28 02:00:00,2.59,2.674020583888121
2018-08-28 02:15:00,2.56,2.722463719345245
2018-08-28 02:30:00,2.59,2.8962759923601396
2018-08-28 02:45:00,2.59,2.8962759923601396
2018-08-28 03:00:00,2.59,2.9655801444625554
2018-08-28 03:15:00,2.52,2.9222029874577995
2018-08-28 03:30:00,2.52,2.9222029874577995
2018-08-28 03:45:00,2.56,3.040770683586465
2018-08-28 04:00:00,2.56,2.9222029874577995
2018-08-28 04:15:00,2.52,2.9222029874577995
2018-08-28 04:30:00,2.63,2.9222029874577995
2018-08-28 04:45:00,3.17,2.9222029874577995
2018-08-28 05:00:00,3.06,2.9222029874577995
2018-08-28 05:15:00,2.52,2.1666023886300065
2018-08-28 05:30:00,2.52,2.8921578342482186
2018-08-28 05:45:00,3.06,3.0523439067767018
2018-08-28 06:00:00,2.56,2.9222029874577995
2018-08-28 06:15:00,2.56,2.241531866683261
2018-08-28 06:30:00,2.52,2.9915071395602153
2018-08-28 06:45:00,2.59,2.9222029874577995
2018-08-28 07:00:00,2.52,2.9158489776743552
2018-08-28 07:15:00,2.95,2.9915071395602153
2018-08-28 07:30:00,3.31,3.0078453367297153
2018-08-28 07:45:00,3.67,3.2938971074678998
2018-08-28 08:00:00,31.72,33.97210862758997
2018-08-28 08:15:00,49.18,49.83070467336212
2018-08-28 08:30:00,53.24,55.24891260028908
2018-08-28 08:45:00,45.9,55.26629801708654
2018-08-28 09:00:00,52.06,58.710273755194045
2018-08-28 09:15:00,60.7,54.783678802009
2018-08-28 09:30:00,66.74,54.02684995957796
2018-08-28 09:45:00,62.86,51.89443864446262
2018-08-28 10:00:00,50.15,59.651595585835075
2018-08-28 10:15:00,59.08,53.936218387777856
2018-08-28 10:30:00,50.4,56.98461835931462
2018-08-28 10:45:00,60.91,59.97553168402831
2018-08-28 11:00:00,61.09,57.79969216660398
2018-08-28 11:15:00,59.9,58.79539914046474
2018-08-28 11:30:00,55.98,59.43064488209969
2018-08-28 11:45:00,40.72,54.57633798585656
2018-08-28 12:00:00,5.0,9.003218392542435
2018-08-28 12:15:00,4.32,10.474586513600226
2018-08-28 12:30:00,4.39,5.087704217291823
2018-08-28 12:45:00,4.28,6.481915298750555
2018-08-28 13:00:00,29.02,41.049570042717576
2018-08-28 13:15:00,53.32,59.01857954903547
2018-08-28 13:30:00,58.0,53.46211722560256
2018-08-28 13:45:00,49.54,60.40483066730615
2018-08-28 14:00:00,51.16,57.220453876292765
2018-08-28 14:15:00,50.4,59.68969828019261
2018-08-28 14:30:00,41.69,58.620305752647695
2018-08-28 14:45:00,50.18,56.55134661249661
2018-08-28 15:00:00,45.61,45.15591657812574
2018-08-28 15:15:00,42.7,53.319914763421586
2018-08-28 15:30:00,47.41,53.325471332521936
2018-08-28 15:45:00,48.06,43.9265621053867
2018-08-28 16:00:00,49.97,52.971213252598545
2018-08-28 16:15:00,44.78,53.95397168969475
2018-08-28 16:30:00,35.93,49.747476827401854
2018-08-28 16:45:00,40.07,45.54013182676333
2018-08-28 17:00:00,40.39,38.15376203697372
2018-08-28 17:15:00,40.61,39.72251079478704
2018-08-28 17:30:00,30.31,31.31295604075181
2018-08-28 17:45:00,30.53,31.54861407556833
2018-08-28 18:00:00,34.49,38.362401206651995
2018-08-28 18:15:00,39.24,47.00274084564578
2018-08-28 18:30:00,33.95,43.37672939054045
2018-08-28 18:45:00,32.94,40.9175629309812
2018-08-28 19:00:00,38.2,35.942474160701266
2018-08-28 19:15:00,39.35,35.63713625632957
2018-08-28 19:30:00,41.22,41.41681541445523
2018-08-28 19:45:00,42.62,40.82180320211377
2018-08-28 20:00:00,49.64,42.15402570198003
2018-08-28 20:15:00,60.16,41.60790530202288
2018-08-28 20:30:00,46.62,44.22935414445796
2018-08-28 20:45:00,28.01,25.407824581926572
2018-08-28 21:00:00,4.36,10.088184094799953
2018-08-28 21:15:00,3.82,13.184161529227346
2018-08-28 21:30:00,3.64,3.912784821718679
2018-08-28 21:45:00,3.6,5.367035096078162
2018-08-28 22:00:00,3.42,3.1446913256111855
2018-08-28 22:15:00,3.53,3.536819601516838
2018-08-28 22:30:00,3.42,3.52572738950691
2018-08-28 22:45:00,3.13,3.52572738950691
2018-08-28 23:00:00,2.77,3.519286830035763
2018-08-28 23:15:00,2.74,3.322143250598844
2018-08-28 23:30:00,2.92,3.2017531977892277
2018-08-28 23:45:00,3.42,3.2017531977892277
2018-08-29 00:00:00,2.74,3.2017531977892277
2018-08-29 00:15:00,2.81,3.499207220467236
2018-08-29 00:30:00,2.77,3.4033089667231553
2018-08-29 00:45:00,2.77,3.1268494591731653
2018-08-29 01:00:00,2.7,3.2023726941383828
2018-08-29 01:15:00,2.77,3.171630131496177
2018-08-29 01:30:00,2.7,2.9692009823952703
2018-08-29 01:45:00,2.7,3.0359894031912087
2018-08-29 02:00:00,2.7,2.984247358046274
2018-08-29 02:15:00,2.77,2.990601367829718
2018-08-29 02:30:00,2.77,3.004428791173959
2018-08-29 02:45:00,2.77,3.0252346735898166
2018-08-29 03:00:00,2.7,3.004428791173959
2018-08-29 03:15:00,2.74,2.9128941096770555
2018-08-29 03:30:00,2.74,2.9128941096770555
2018-08-29 03:45:00,2.95,3.0679305757857667
2018-08-29 04:00:00,3.38,3.073149789192559
2018-08-29 04:15:00,2.88,2.9694192173004508
2018-08-29 04:30:00,2.7,3.328682032697763
2018-08-29 04:45:00,2.77,2.9128941096770555
2018-08-29 05:00:00,2.77,2.9128941096770555
2018-08-29 05:15:00,3.2,2.9915071395602153
2018-08-29 05:30:00,2.99,2.98782358773031
2018-08-29 05:45:00,2.74,2.323827856774613
2018-08-29 06:00:00,2.77,2.144755586969352
2018-08-29 06:15:00,2.74,2.9366548600902127
2018-08-29 06:30:00,2.7,2.933699992092913
2018-08-29 06:45:00,2.66,2.98782358773031
2018-08-29 07:00:00,2.7,2.9821982617794713
2018-08-29 07:15:00,3.24,2.9222029874577995
2018-08-29 07:30:00,3.78,3.0856497269515324
2018-08-29 07:45:00,3.46,4.501988940757772
2018-08-29 08:00:00,34.31,38.829177108594955
2018-08-29 08:15:00,55.66,56.71260915149063
2018-08-29 08:30:00,55.08,59.76239260937869
2018-08-29 08:45:00,60.95,62.40123525516442
2018-08-29 09:00:00,56.84,58.3388644544745
2018-08-29 09:15:00,50.15,58.89836948505134
2018-08-29 09:30:00,48.46,59.72176296286319
2018-08-29 09:45:00,43.27,58.88007911951685
2018-08-29 10:00:00,34.88,55.90355504845434
2018-08-29 10:15:00,37.08,48.077250303969755
2018-08-29 10:30:00,45.72,41.297542950500606
2018-08-29 10:45:00,44.82,43.16095967647715
2018-08-29 11:00:00,58.1,49.65024267605263
2018-08-29 11:15:00,59.29,51.9380982015718
2018-08-29 11:30:00,52.78,57.28561400713389
2018-08-29 11:45:00,48.64,52.57890467873604
2018-08-29 12:00:00,4.79,6.597273034916189
2018-08-29 12:15:00,5.87,5.769334237116622
2018-08-29 12:30:00,5.9,4.710903223503175
2018-08-29 12:45:00,6.26,6.515384628659873
2018-08-29 13:00:00,32.9,38.75905908462994
2018-08-29 13:15:00,60.77,56.736193180078146
2018-08-29 13:30:00,50.4,56.63392821532027
2018-08-29 13:45:00,41.72,64.05181881230911
2018-08-29 14:00:00,49.46,56.32367220001973
2018-08-29 14:15:00,56.2,47.254516066897004
2018-08-29 14:30:00,38.99,58.002826156629865
2018-08-29 14:45:00,38.84,58.93175891105014
2018-08-29 15:00:00,53.28,44.08948501151852
2018-08-29 15:15:00,44.96,44.600955348226876
2018-08-29 15:30:00,56.2,56.75336080968284
2018-08-29 15:45:00,55.73,51.75320362026438
2018-08-29 16:00:00,58.03,56.49040749881741
2018-08-29 16:15:00,54.47,59.668579596563895
2018-08-29 16:30:00,52.96,57.02075427919719
2018-08-29 16:45:00,52.88,57.27114215428383
2018-08-29 17:00:00,53.64,54.33895064887569
2018-08-29 17:15:00,44.6,52.80112524300357
2018-08-29 17:30:00,29.02,37.27650923096179
2018-08-29 17:45:00,29.41,27.759483265187214
2018-08-29 18:00:00,36.18,31.69856168039826
2018-08-29 18:15:00,54.54,45.135884514194586
2018-08-29 18:30:00,56.16,44.96745697396608
2018-08-29 18:45:00,40.68,51.99364696957062
2018-08-29 19:00:00,43.06,53.86772088199062
2018-08-29 19:15:00,63.76,43.499170604289034
2018-08-29 19:30:00,41.47,47.84845804967501
2018-08-29 19:45:00,45.25,55.65482876683125
2018-08-29 20:00:00,46.98,45.79992216793471
2018-08-29 20:15:00,43.67,50.39776183745676
2018-08-29 20:30:00,43.31,44.00680596448977
2018-08-29 20:45:00,14.22,24.090075556764862
2018-08-29 21:00:00,6.3,13.423253320533865
2018-08-29 21:15:00,3.92,1.9283873932447735
2018-08-29 21:30:00,3.82,2.9730385946335898
2018-08-29 21:45:00,3.74,3.1530675148998055
2018-08-29 22:00:00,3.6,3.720047263518118
2018-08-29 22:15:00,3.35,3.567473549541766
2018-08-29 22:30:00,3.53,3.5918596428379805
2018-08-29 22:45:00,3.06,3.5233465851210752
2018-08-29 23:00:00,2.92,3.519286830035763
2018-08-29 23:15:00,2.88,3.3127388217311693
2018-08-29 23:30:00,2.84,3.1879711342878307
2018-08-29 23:45:00,2.88,3.2017531977892277
2018-08-30 00:00:00,2.88,3.199372393403393
2018-08-30 00:15:00,2.92,3.199991889752548
2018-08-30 00:30:00,2.95,3.199991889752548
2018-08-30 00:45:00,2.99,3.199991889752548
2018-08-30 01:00:00,2.92,3.271386682517847
2018-08-30 01:15:00,2.66,3.2581950366456396
2018-08-30 01:30:00,2.63,3.1826553628334087
2018-08-30 01:45:00,2.66,3.062544714857712
2018-08-30 02:00:00,2.66,3.062544714857712
2018-08-30 02:15:00,2.66,3.062544714857712
2018-08-30 02:30:00,2.66,3.070446912029896
2018-08-30 02:45:00,2.77,2.998074781390515
2018-08-30 03:00:00,3.13,2.998074781390515
2018-08-30 03:15:00,2.66,3.040770683586465
2018-08-30 03:30:00,2.66,3.0263884179410723
2018-08-30 03:45:00,2.7,3.047124693369909
2018-08-30 04:00:00,3.17,3.0523439067767018
2018-08-30 04:15:00,2.66,3.073149789192559
2018-08-30 04:30:00,2.63,3.531381738607635
2018-08-30 04:45:00,2.59,3.0523439067767018
2018-08-30 05:00:00,2.66,3.0523439067767018
2018-08-30 05:15:00,2.59,3.0459898969932575
2018-08-30 05:30:00,2.52,2.997132465511054
2018-08-30 05:45:00,2.52,2.9222029874577995
2018-08-30 06:00:00,2.52,2.9222029874577995
2018-08-30 06:15:00,2.59,2.9158489776743552
2018-08-30 06:30:00,2.59,2.9222029874577995
2018-08-30 06:45:00,2.48,2.9222029874577995
2018-08-30 07:00:00,2.84,2.9128941096770555
2018-08-30 07:15:00,3.71,3.0523439067767018
2018-08-30 07:30:00,3.85,3.0078453367297153
2018-08-30 07:45:00,3.71,4.28103444516426
2018-08-30 08:00:00,30.96,41.022486239989675
2018-08-30 08:15:00,50.8,63.91008619634065
2018-08-30 08:30:00,47.3,57.79546442978163
2018-08-30 08:45:00,53.96,63.09170189757387
2018-08-30 09:00:00,56.74,53.588777406253655
2018-08-30 09:15:00,53.6,57.40090960288264
2018-08-30 09:30:00,42.23,56.54696776338688
2018-08-30 09:45:00,43.13,54.86859214333931
2018-08-30 10:00:00,42.66,45.03606675885719
2018-08-30 10:15:00,51.62,45.9397909651018
2018-08-30 10:30:00,48.17,46.185251753041335
2018-08-30 10:45:00,48.35,56.322328209511795
2018-08-30 11:00:00,42.84,55.826035710957825
2018-08-30 11:15:00,68.87,55.04750132711118
2018-08-30 11:30:00,46.55,44.37515911468905
2018-08-30 11:45:00,43.34,59.45853782297282
2018-08-30 12:00:00,6.16,9.719415346443093
2018-08-30 12:15:00,4.97,12.233734873114772
2018-08-30 12:30:00,5.47,4.473996083769302
2018-08-30 12:45:00,5.33,6.900153749450955
2018-08-30 13:00:00,27.76,37.54200089906725
2018-08-30 13:15:00,47.23,48.10772761355441
2018-08-30 13:30:00,58.03,54.430139743414024
2018-08-30 13:45:00,50.33,56.19942938838172
2018-08-30 14:00:00,68.65,57.6024736613541
2018-08-30 14:15:00,52.13,57.65921761419182
2018-08-30 14:30:00,59.18,62.70450917496561
2018-08-30 14:45:00,49.14,58.04606923690543
2018-08-30 15:00:00,57.24,60.03338661721549
2018-08-30 15:15:00,54.94,55.643667830161036
2018-08-30 15:30:00,55.55,60.77204382223885
2018-08-30 15:45:00,56.38,57.68032288356867
2018-08-30 16:00:00,57.67,58.15476157803899
2018-08-30 16:15:00,47.66,58.471057903433014
2018-08-30 16:30:00,48.56,59.940151920192214
2018-08-30 16:45:00,43.24,55.84677884422969
2018-08-30 17:00:00,42.48,53.378226110788816
2018-08-30 17:15:00,39.35,44.91965230134149
2018-08-30 17:30:00,41.44,30.4284027677697
2018-08-30 17:45:00,47.38,31.063764094891273
2018-08-30 18:00:00,100.58,30.12808780337139
2018-08-30 18:15:00,77.4,35.69113359570105
2018-08-30 18:30:00,39.92,62.5635129468801
2018-08-30 18:45:00,40.61,85.96091609945421
2018-08-30 19:00:00,39.89,44.1070947159226
2018-08-30 19:15:00,37.33,49.75946852163551
2018-08-30 19:30:00,40.86,52.301879776041126
2018-08-30 19:45:00,33.12,48.68442453311658
2018-08-30 20:00:00,38.52,41.071291229429036
2018-08-30 20:15:00,34.42,39.062301710646565
2018-08-30 20:30:00,32.22,39.429828913431976
2018-08-30 20:45:00,24.44,23.269123594375156
2018-08-30 21:00:00,3.74,19.99970835714691
2018-08-30 21:15:00,4.25,4.960153203502558
2018-08-30 21:30:00,3.89,3.3967502398252534
2018-08-30 21:45:00,3.64,3.903214104554644
2018-08-30 22:00:00,3.53,3.669517198606895
2018-08-30 22:15:00,3.31,3.8398313652607925
2018-08-30 22:30:00,2.88,3.6620728872304054
2018-08-30 22:45:00,3.38,3.52572738950691
2018-08-30 23:00:00,2.77,3.230971838394291
2018-08-30 23:15:00,2.63,3.4900681894306995
2018-08-30 23:30:00,2.7,3.240376267261966
2018-08-30 23:45:00,2.74,3.2017531977892277
2018-08-31 00:00:00,2.74,3.1399857114976366
2018-08-31 00:15:00,2.7,3.1624058859932247
2018-08-31 00:30:00,2.7,3.0997635017750733
2018-08-31 00:45:00,2.7,3.08471712612407
2018-08-31 01:00:00,2.7,3.0783631163406255
2018-08-31 01:15:00,2.7,2.944889146843399
2018-08-31 01:30:00,2.74,3.083786898178885
2018-08-31 01:45:00,2.77,2.944889146843399
2018-08-31 02:00:00,2.7,2.944889146843399
2018-08-31 02:15:00,2.74,2.944889146843399
2018-08-31 02:30:00,2.99,2.9535616439555845
2018-08-31 02:45:00,3.2,2.9535616439555845
2018-08-31 03:00:00,2.81,3.0277233595807713
2018-08-31 03:15:00,2.74,3.158290078510687
2018-08-31 03:30:00,2.74,2.8845745648938204
2018-08-31 03:45:00,2.74,2.8845745648938204
2018-08-31 04:00:00,3.02,2.944569839215492
2018-08-31 04:15:00,3.38,2.9501951651663307
2018-08-31 04:30:00,2.81,2.9827286005187226
2018-08-31 04:45:00,2.77,3.071055107226531
2018-08-31 05:00:00,2.77,3.14468093634148
2018-08-31 05:15:00,2.74,2.8845745648938204
2018-08-31 05:30:00,2.74,2.953878716996236
2018-08-31 05:45:00,2.7,2.9501951651663307
2018-08-31 06:00:00,2.74,2.944569839215492
2018-08-31 06:15:00,2.7,2.8990264375262336
2018-08-31 06:30:00,2.74,2.8897175597454896
2018-08-31 06:45:00,2.88,2.984707852460037
2018-08-31 07:00:00,3.06,2.984707852460037
2018-08-31 07:15:00,3.31,2.984707852460037
2018-08-31 07:30:00,3.85,2.9401717609561553
2018-08-31 07:45:00,3.6,4.470714527977237
2018-08-31 08:00:00,26.14,38.977488657087996
2018-08-31 08:15:00,45.65,58.75573033944658
2018-08-31 08:30:00,58.03,53.51940800160751
2018-08-31 08:45:00,88.99,57.196898817112306
2018-08-31 09:00:00,113.04,58.23156492254982
2018-08-31 09:15:00,112.68,79.89550676491129
2018-08-31 09:30:00,54.32,82.3330190299109
2018-08-31 09:45:00,58.54,93.54662030779676
2018-08-31 10:00:00,52.92,67.23260436380484
2018-08-31 10:15:00,53.6,64.76171229324531
2018-08-31 10:30:00,44.21,59.95594952741942
2018-08-31 10:45:00,49.03,60.89138805603499
2018-08-31 11:00:00,61.52,49.72225270968351
2018-08-31 11:15:00,60.01,59.00328876142466
2018-08-31 11:30:00,61.56,63.936190661395145
2018-08-31 11:45:00,48.28,54.58435075692329
2018-08-31 12:00:00,4.46,8.84242466689954
2018-08-31 12:15:00,5.54,6.4314697003769075
2018-08-31 12:30:00,5.44,4.92862069419131
2018-08-31 12:45:00,8.5,6.6404589464844905
2018-08-31 13:00:00,37.44,41.988381009944874
2018-08-31 13:15:00,44.64,59.397152714566616
2018-08-31 13:30:00,53.03,63.41132723707996
2018-08-31 13:45:00,56.77,45.99290844280893
2018-08-31 14:00:00,56.12,56.82566993630815
2018-08-31 14:15:00,58.97,57.256159831211264
2018-08-31 14:30:00,56.77,56.44934625584911
2018-08-31 14:45:00,40.32,57.99239399597473
2018-08-31 15:00:00,48.17,56.37498182308182
2018-08-31 15:15:00,44.42,47.752128125708396
2018-08-31 15:30:00,55.55,57.94468263152364
2018-08-31 15:45:00,55.87,48.138834544765324
2018-08-31 16:00:00,58.14,55.75586865205969
2018-08-31 16:15:00,56.12,56.41621063330924
2018-08-31 16:30:00,51.98,57.45216317792831
2018-08-31 16:45:00,55.19,56.11687561827936
2018-08-31 17:00:00,47.41,52.94160054164388
2018-08-31 17:15:00,43.92,51.51165549474292
2018-08-31 17:30:00,28.4,37.673871048995444
2018-08-31 17:45:00,28.69,31.701527152083425
2018-08-31 18:00:00,31.82,34.20932641787399
2018-08-31 18:15:00,44.03,39.441508021967074
2018-08-31 18:30:00,36.76,37.44181384347128
2018-08-31 18:45:00,36.22,44.89217555306124
2018-08-31 19:00:00,43.49,41.23853202023182
2018-08-31 19:15:00,40.25,38.549131009423824
2018-08-31 19:30:00,44.71,41.170026461457056
2018-08-31 19:45:00,43.67,40.41969565739869
2018-08-31 20:00:00,37.94,41.49116510993094
2018-08-31 20:15:00,36.4,42.47193996198306
2018-08-31 20:30:00,53.71,35.942836029868424
2018-08-31 20:45:00,19.22,22.35041470287101
2018-08-31 21:00:00,4.46,15.664367948875816
2018-08-31 21:15:00,4.03,2.7709432111585506
2018-08-31 21:30:00,4.07,4.244681993006034
2018-08-31 21:45:00,3.85,4.4381830160572076
2018-08-31 22:00:00,3.67,5.21397227465152
2018-08-31 22:15:00,3.6,3.621030855774355
2018-08-31 22:30:00,3.82,3.571646443644534
2018-08-31 22:45:00,4.64,3.543373300005441
2018-08-31 23:00:00,3.06,3.6395150172208828
2018-08-31 23:15:00,2.92,4.006937365947846
2018-08-31 23:30:00,2.95,3.2326530339077313
2018-08-31 23:45:00,2.95,3.2883639572697247
2018-09-01 00:00:00,2.95,3.132437866327123
2018-09-01 00:15:00,3.02,3.125872629881163
2018-09-01 00:30:00,3.02,3.125872629881163
2018-09-01 00:45:00,3.02,3.132437866327123
2018-09-01 01:00:00,3.02,3.0801585742938347
2018-09-01 01:15:00,2.95,3.09974813113444
2018-09-01 01:30:00,2.99,3.093202887033567
2018-09-01 01:45:00,3.06,3.093202887033567
2018-09-01 02:00:00,2.99,2.9952165177061376
2018-09-01 02:15:00,2.95,3.096535723582436
2018-09-01 02:30:00,3.02,3.0893340701094303
2018-09-01 02:45:00,3.49,3.105983091077288
2018-09-01 03:00:00,3.17,3.1657698418338853
2018-09-01 03:15:00,3.06,3.467815953405781
2018-09-01 03:30:00,3.53,3.1870506093716013
2018-09-01 03:45:00,3.46,3.133863103132535
2018-09-01 04:00:00,3.02,3.4751225388833116
2018-09-01 04:15:00,3.02,3.4591044029097566
2018-09-01 04:30:00,3.02,3.120850940878555
2018-09-01 04:45:00,3.13,3.120850940878555
2018-09-01 05:00:00,3.06,3.13686907685211
2018-09-01 05:15:00,3.06,3.189754578855862
2018-09-01 05:30:00,3.02,3.1498812391060897
2018-09-01 05:45:00,3.02,3.1498812391060897
2018-09-01 06:00:00,3.02,3.13686907685211
2018-09-01 06:15:00,3.06,3.120850940878555
2018-09-01 06:30:00,3.53,3.120850940878555
2018-09-01 06:45:00,3.24,3.133863103132535
2018-09-01 07:00:00,2.99,3.4414955198129866
2018-09-01 07:15:00,3.02,3.4414955198129866
2018-09-01 07:30:00,3.17,3.367573961629646
2018-09-01 07:45:00,3.28,4.1367051499690275
2018-09-01 08:00:00,17.17,19.840027012848427
2018-09-01 08:15:00,32.44,38.18313062780509
2018-09-01 08:30:00,32.11,27.052074658894934
2018-09-01 08:45:00,37.4,37.63533012951129
2018-09-01 09:00:00,47.09,34.26768042720087
2018-09-01 09:15:00,32.9,40.19279042131196
2018-09-01 09:30:00,42.77,47.11860014739915
2018-09-01 09:45:00,41.11,35.95580122928804
2018-09-01 10:00:00,49.46,40.85146967221109
2018-09-01 10:15:00,38.88,41.90803557497536
2018-09-01 10:30:00,50.62,50.43547376023034
2018-09-01 10:45:00,32.94,43.9162820567111
2018-09-01 11:00:00,28.15,51.39979677278284
2018-09-01 11:15:00,25.78,37.64189083614718
2018-09-01 11:30:00,25.7,18.93648237379825
2018-09-01 11:45:00,25.31,18.93974214880326
2018-09-01 12:00:00,25.6,13.450111376695485
2018-09-01 12:15:00,25.34,10.124357464217551
2018-09-01 12:30:00,25.49,12.946973283298448
2018-09-01 12:45:00,25.49,20.114761441287598
2018-09-01 13:00:00,25.49,27.835663649069204
2018-09-01 13:15:00,28.19,36.19615222438932
2018-09-01 13:30:00,27.61,28.695768954679316
2018-09-01 13:45:00,27.04,28.47297660220642
2018-09-01 14:00:00,27.43,28.78656224751774
2018-09-01 14:15:00,26.86,29.425848061554294
2018-09-01 14:30:00,26.78,29.141809462760573
2018-09-01 14:45:00,27.14,28.841870374662296
2018-09-01 15:00:00,26.57,28.180322029888735
2018-09-01 15:15:00,26.17,22.462520356285015
2018-09-01 15:30:00,26.42,22.331525173682284
2018-09-01 15:45:00,25.99,22.331525173682284
2018-09-01 16:00:00,25.92,22.221460252049276
2018-09-01 16:15:00,26.53,19.84412783220678
2018-09-01 16:30:00,26.32,18.614824449129284
2018-09-01 16:45:00,26.32,15.55329903918284
2018-09-01 17:00:00,26.06,13.38632053572606
2018-09-01 17:15:00,25.02,13.400102881545749
2018-09-01 17:30:00,25.85,16.21031886756303
2018-09-01 17:45:00,24.34,21.22930005876751
2018-09-01 18:00:00,25.74,22.232271835340633
2018-09-01 18:15:00,6.44,15.840447574547479
2018-09-01 18:30:00,3.49,20.98119755786435
2018-09-01 18:45:00,3.49,4.678430872920665
2018-09-01 19:00:00,3.6,3.4818283826564467
2018-09-01 19:15:00,3.56,3.4717925384833306
2018-09-01 19:30:00,3.31,3.4948900139117653
2018-09-01 19:45:00,2.92,3.463980007477669
2018-09-01 20:00:00,2.92,3.463980007477669
2018-09-01 20:15:00,2.99,3.111870259888199
2018-09-01 20:30:00,2.99,3.111870259888199
2018-09-01 20:45:00,2.95,3.1263701731580267
2018-09-01 21:00:00,2.99,2.9996915088612477
2018-09-01 21:15:00,2.92,3.0801585742938347
2018-09-01 21:30:00,2.81,3.0801585742938347
2018-09-01 21:45:00,2.81,3.065658661024007
2018-09-01 22:00:00,2.7,3.036172544837968
2018-09-01 22:15:00,2.7,3.036172544837968
2018-09-01 22:30:00,2.66,3.0078309104858647
2018-09-01 22:45:00,2.66,2.929434097999041
2018-09-01 23:00:00,2.66,2.929434097999041
2018-09-01 23:15:00,2.63,2.929434097999041
2018-09-01 23:30:00,3.82,2.8350515794436117
2018-09-01 23:45:00,3.85,2.8350515794436117
2018-09-02 00:00:00,2.63,1.7230851270963183
2018-09-02 00:15:00,2.63,1.7705287115914201
2018-09-02 00:30:00,2.66,2.833519715979886
2018-09-02 00:45:00,2.63,2.833519715979886
2018-09-02 01:00:00,2.74,2.8995606001832117
2018-09-02 01:15:00,2.7,2.8995606001832117
2018-09-02 01:30:00,2.63,2.8051780816277825
2018-09-02 01:45:00,2.66,2.811723325728656
2018-09-02 02:00:00,2.63,2.811723325728656
2018-09-02 02:15:00,2.66,2.80454756325744
2018-09-02 02:30:00,2.7,2.80454756325744
2018-09-02 02:45:00,2.63,2.8157504930367523
2018-09-02 03:00:00,2.66,2.8157504930367523
2018-09-02 03:15:00,2.63,2.8157504930367523
2018-09-02 03:30:00,2.63,2.8157504930367523
2018-09-02 03:45:00,2.81,2.893446332021528
2018-09-02 04:00:00,3.2,2.893446332021528
2018-09-02 04:15:00,2.77,2.8157504930367523
2018-09-02 04:30:00,2.66,3.0236614208679375
2018-09-02 04:45:00,3.2,2.8157504930367523
2018-09-02 05:00:00,3.17,2.858845745497947
2018-09-02 05:15:00,2.59,3.139104937917625
2018-09-02 05:30:00,2.56,3.0487319891089295
2018-09-02 05:45:00,2.63,2.8818652877635613
2018-09-02 06:00:00,2.56,2.858845745497947
2018-09-02 06:15:00,2.56,2.9472121460599947
2018-09-02 06:30:00,2.56,2.9311940100864398
2018-09-02 06:45:00,2.56,2.8157504930367523
2018-09-02 07:00:00,2.59,2.8317686290103072
2018-09-02 07:15:00,2.66,2.8317686290103072
2018-09-02 07:30:00,2.77,3.004824423572157
2018-09-02 07:45:00,2.7,3.789973747885095
2018-09-02 08:00:00,26.17,6.800761792130382
2018-09-02 08:15:00,50.18,5.732948782289656
2018-09-02 08:30:00,42.37,35.118089053103766
2018-09-02 08:45:00,41.76,57.426568973104075
2018-09-02 09:00:00,31.46,43.60020287604848
2018-09-02 09:15:00,39.13,44.30787013117443
2018-09-02 09:30:00,56.95,32.51516266750662
2018-09-02 09:45:00,35.14,40.049252168015784
2018-09-02 10:00:00,51.34,54.30155581036194
2018-09-02 10:15:00,48.67,35.544614996662304
2018-09-02 10:30:00,32.36,52.56018860828072
2018-09-02 10:45:00,31.14,50.371566541404505
2018-09-02 11:00:00,35.53,36.23306891920597
2018-09-02 11:15:00,52.63,32.889609013139356
2018-09-02 11:30:00,57.38,31.517501922460408
2018-09-02 11:45:00,21.67,47.9631955840449
2018-09-02 12:00:00,3.17,5.05791666138848
2018-09-02 12:15:00,3.17,10.865867756445471
2018-09-02 12:30:00,3.31,6.824419588921014
2018-09-02 12:45:00,3.89,5.748290436197442
2018-09-02 13:00:00,13.43,14.975075358878426
2018-09-02 13:15:00,32.8,31.317838102143064
2018-09-02 13:30:00,52.2,42.57713419226818
2018-09-02 13:45:00,56.56,36.401398573483355
2018-09-02 14:00:00,33.91,56.19731189701856
2018-09-02 14:15:00,42.41,54.38089196112766
2018-09-02 14:30:00,44.75,36.09384079776886
2018-09-02 14:45:00,47.7,40.213427122330884
2018-09-02 15:00:00,44.82,46.41767004148988
2018-09-02 15:15:00,31.68,50.253064100813575
2018-09-02 15:30:00,23.69,43.85308265290134
2018-09-02 15:45:00,5.65,31.365431133226732
2018-09-02 16:00:00,5.04,23.205582687121183
2018-09-02 16:15:00,3.64,7.193386523748114
2018-09-02 16:30:00,3.6,4.661782092840227
2018-09-02 16:45:00,3.64,2.981079581450504
2018-09-02 17:00:00,3.6,3.007559422517191
2018-09-02 17:15:00,3.64,3.099738580823704
2018-09-02 17:30:00,3.53,3.149383377837661
2018-09-02 17:45:00,3.42,3.0820731528630874
2018-09-02 18:00:00,3.42,3.788854066291885
2018-09-02 18:15:00,3.49,3.4628900274496344
2018-09-02 18:30:00,3.02,3.4519548848406174
2018-09-02 18:45:00,2.92,3.4266846750447955
2018-09-02 19:00:00,2.81,3.0812623097194916
2018-09-02 19:15:00,2.84,3.056726552276548
2018-09-02 19:30:00,2.99,3.0590558899872042
2018-09-02 19:45:00,2.88,3.0590558899872042
2018-09-02 20:00:00,2.92,3.068155040990094
2018-09-02 20:15:00,3.64,3.0307142556351008
2018-09-02 20:30:00,3.35,3.003599949585546
2018-09-02 20:45:00,2.95,3.3456925583255086
2018-09-02 21:00:00,2.99,3.181460543223641
2018-09-02 21:15:00,2.92,2.9653430198903084
2018-09-02 21:30:00,2.92,2.9653430198903084
2018-09-02 21:45:00,2.88,2.9508431066204808
2018-09-02 22:00:00,2.7,2.9508431066204808
2018-09-02 22:15:00,2.77,2.927902234535315
2018-09-02 22:30:00,2.81,2.9344474786361885
2018-09-02 22:45:00,2.74,2.906105844284085
2018-09-02 23:00:00,2.66,2.8995606001832117
2018-09-02 23:15:00,2.7,2.8995606001832117
2018-09-02 23:30:00,2.74,2.8051780816277825
2018-09-02 23:45:00,2.74,2.8222041183098816
2018-09-03 00:00:00,3.35,2.935669862677435
2018-09-03 00:15:00,2.74,2.841287344122006
2018-09-03 00:30:00,2.74,3.2080787072438324
2018-09-03 00:45:00,2.74,2.8350017931395213
2018-09-03 01:00:00,2.74,2.8696289784741094
2018-09-03 01:15:00,2.74,2.841287344122006
2018-09-03 01:30:00,2.77,2.935669862677435
2018-09-03 01:45:00,2.74,2.841287344122006
2018-09-03 02:00:00,3.17,2.841287344122006
2018-09-03 02:15:00,3.31,2.847202069852537
2018-09-03 02:30:00,2.74,3.02994394169511
2018-09-03 02:45:00,2.7,3.2986663994995697
2018-09-03 03:00:00,2.77,2.9179745502577847
2018-09-03 03:15:00,2.74,2.8949550079921704
2018-09-03 03:30:00,2.74,2.967303272580663
2018-09-03 03:45:00,3.28,2.967303272580663
2018-09-03 04:00:00,2.7,2.8518597555309757
2018-09-03 04:15:00,2.77,3.3689766361004003
2018-09-03 04:30:00,2.7,2.890897433770145
2018-09-03 04:45:00,2.77,2.8949550079921704
2018-09-03 05:00:00,2.7,2.8518597555309757
2018-09-03 05:15:00,2.63,2.967303272580663
2018-09-03 05:30:00,2.63,2.8518597555309757
2018-09-03 05:45:00,2.66,2.9525751367813657
2018-09-03 06:00:00,2.59,2.8678778915045307
2018-09-03 06:15:00,2.74,2.9525751367813657
2018-09-03 06:30:00,2.66,2.9295555945157514
2018-09-03 06:45:00,2.66,2.8518597555309757
2018-09-03 07:00:00,2.77,2.864136307367382
2018-09-03 07:15:00,4.54,2.9418321463521577
2018-09-03 07:30:00,3.71,3.1138269131426086
2018-09-03 07:45:00,2.95,4.8885265911790725
2018-09-03 08:00:00,12.17,38.705974440098785
2018-09-03 08:15:00,41.9,23.347151366650426
2018-09-03 08:30:00,41.04,51.73775023052316
2018-09-03 08:45:00,46.08,56.44581546126316
2018-09-03 09:00:00,46.66,45.03336132344269
2018-09-03 09:15:00,67.0,52.930658205941064
2018-09-03 09:30:00,65.88,52.71197684764755
2018-09-03 09:45:00,41.0,61.33431443826405
2018-09-03 10:00:00,41.22,59.61724258684478
2018-09-03 10:15:00,40.93,44.95091424941443
2018-09-03 10:30:00,39.17,48.31218355156741
2018-09-03 10:45:00,44.24,47.50500140519495
2018-09-03 11:00:00,59.94,47.76654256086139
2018-09-03 11:15:00,39.13,50.51194524529047
2018-09-03 11:30:00,39.6,63.27544649225066
2018-09-03 11:45:00,30.71,37.263673958700544
2018-09-03 12:00:00,5.08,14.798962929189331
2018-09-03 12:15:00,5.0,9.977480924375806
2018-09-03 12:30:00,4.97,3.8768117482092985
2018-09-03 12:45:00,5.11,5.125360073333287
2018-09-03 13:00:00,23.15,35.86544957305086
2018-09-03 13:15:00,46.26,55.11711507523853
2018-09-03 13:30:00,63.58,50.64907423221627
2018-09-03 13:45:00,54.22,55.760515037969974
2018-09-03 14:00:00,56.77,61.53388457249194
2018-09-03 14:15:00,51.34,57.83202847821397
2018-09-03 14:30:00,54.94,59.08793174634615
2018-09-03 14:45:00,60.88,57.320496386384924
2018-09-03 15:00:00,58.9,60.05096457463493
2018-09-03 15:15:00,55.15,57.17865240146766
2018-09-03 15:30:00,79.67,58.96659400786327
2018-09-03 15:45:00,83.16,60.572027475191966
2018-09-03 16:00:00,113.65,74.27909388484454
2018-09-03 16:15:00,63.83,76.92075138222309
2018-09-03 16:30:00,118.04,90.83734588612097
2018-09-03 16:45:00,110.56,79.83961459300808
2018-09-03 17:00:00,72.43,82.86267310028107
2018-09-03 17:15:00,88.74,95.84298951894587
2018-09-03 17:30:00,38.27,52.09956447518042
2018-09-03 17:45:00,30.92,53.13630277494665
2018-09-03 18:00:00,52.6,46.145698590296576
2018-09-03 18:15:00,77.83,78.52161879364454
2018-09-03 18:30:00,75.89,68.63393733203802
2018-09-03 18:45:00,30.53,79.97234456406802
2018-09-03 19:00:00,29.3,84.68983170893624
2018-09-03 19:15:00,27.11,42.83819873468815
2018-09-03 19:30:00,25.67,35.62656964680126
2018-09-03 19:45:00,25.67,27.4751462950548
2018-09-03 20:00:00,25.74,24.85930810367588
2018-09-03 20:15:00,26.42,22.671330771280562
2018-09-03 20:30:00,25.31,21.562504191741056
2018-09-03 20:45:00,4.57,19.04046717500994
2018-09-03 21:00:00,5.0,12.831671778142878
2018-09-03 21:15:00,3.64,3.8456849622593205
2018-09-03 21:30:00,3.67,4.707011536698343
2018-09-03 21:45:00,3.53,3.4890267602876275
2018-09-03 22:00:00,3.35,3.5267327226478056
2018-09-03 22:15:00,3.31,3.3997915855167045
2018-09-03 22:30:00,3.31,3.529437739617098
2018-09-03 22:45:00,2.74,3.3880596560321146
2018-09-03 23:00:00,2.7,3.415744916739062
2018-09-03 23:15:00,2.66,3.0489535536172356
2018-09-03 23:30:00,2.66,3.0489535536172356
2018-09-03 23:45:00,2.7,3.020611919265132
2018-09-04 00:00:00,2.66,3.020611919265132
2018-09-04 00:15:00,2.66,2.926229400709703
2018-09-04 00:30:00,2.7,2.926229400709703
2018-09-04 00:45:00,2.7,2.926229400709703
2018-09-04 01:00:00,2.66,2.939273713449435
2018-09-04 01:15:00,2.7,2.9196841566088296
2018-09-04 01:30:00,2.7,2.841287344122006
2018-09-04 01:45:00,2.77,2.841287344122006
2018-09-04 02:00:00,2.7,2.841287344122006
2018-09-04 02:15:00,2.88,2.9158171664256582
2018-09-04 02:30:00,3.02,2.9158171664256582
2018-09-04 02:45:00,2.63,2.9270200962049704
2018-09-04 03:00:00,3.28,2.889300540885969
2018-09-04 03:15:00,3.17,2.87487929779659
2018-09-04 03:30:00,2.63,3.285756162016091
2018-09-04 03:45:00,2.66,3.084841251603153
2018-09-04 04:00:00,2.59,3.010398525041858
2018-09-04 04:15:00,2.63,2.8949550079921704
2018-09-04 04:30:00,2.63,2.967303272580663
2018-09-04 04:45:00,2.66,2.967303272580663
2018-09-04 05:00:00,2.66,2.8518597555309757
2018-09-04 05:15:00,2.59,2.8678778915045307
2018-09-04 05:30:00,2.59,2.8678778915045307
2018-09-04 05:45:00,2.74,2.8518597555309757
2018-09-04 06:00:00,3.17,2.9295555945157514
2018-09-04 06:15:00,2.74,2.8518597555309757
2018-09-04 06:30:00,2.63,3.0134665544679162
2018-09-04 06:45:00,2.63,2.9295555945157514
2018-09-04 07:00:00,2.59,2.9072315598285767
2018-09-04 07:15:00,2.77,2.9418321463521577
2018-09-04 07:30:00,2.88,3.688729991918774
2018-09-04 07:45:00,3.24,4.181508959817214
2018-09-04 08:00:00,29.3,21.97412849174869
2018-09-04 08:15:00,51.34,48.59353757613666
2018-09-04 08:30:00,72.76,57.5793986989685
2018-09-04 08:45:00,65.02,57.859196404208426
2018-09-04 09:00:00,81.65,66.15569987202394
2018-09-04 09:15:00,59.15,68.11280708760727
2018-09-04 09:30:00,55.58,71.66710985595242
2018-09-04 09:45:00,84.42,61.405981659929516
2018-09-04 10:00:00,99.25,58.85795241639145
2018-09-04 10:15:00,89.53,75.57143804979987
2018-09-04 10:30:00,102.67,80.85195185125013
2018-09-04 10:45:00,105.95,91.05387236771021
2018-09-04 11:00:00,122.65,86.12438529913685
2018-09-04 11:15:00,98.24,87.98573872226888
2018-09-04 11:30:00,113.51,87.64140117173382
2018-09-04 11:45:00,99.04,86.3526021500497
2018-09-04 12:00:00,5.44,14.388582970022044
2018-09-04 12:15:00,5.4,21.505933595392513
2018-09-04 12:30:00,4.32,6.703373987231019
2018-09-04 12:45:00,4.61,4.588475916357966
2018-09-04 13:00:00,47.52,59.20390340949977
2018-09-04 13:15:00,107.17,95.98909270058189
2018-09-04 13:30:00,90.97,69.84777538275696
2018-09-04 13:45:00,112.0,95.14870525663308
2018-09-04 14:00:00,90.79,84.065708031733
2018-09-04 14:15:00,103.9,79.2614448793026
2018-09-04 14:30:00,101.92,86.08257257047045
2018-09-04 14:45:00,99.4,84.75638324427698
2018-09-04 15:00:00,100.51,90.11120434711903
2018-09-04 15:15:00,85.9,95.93436191201951
2018-09-04 15:30:00,102.6,95.01057260137836
2018-09-04 15:45:00,82.15,96.10538651062514
2018-09-04 16:00:00,118.69,89.19059745738457
2018-09-04 16:15:00,90.83,91.13464641224726
2018-09-04 16:30:00,102.28,97.253942080004
2018-09-04 16:45:00,102.96,92.96525336116227
2018-09-04 17:00:00,68.36,83.19172202732828
2018-09-04 17:15:00,100.19,86.2488878837781
2018-09-04 17:30:00,59.44,47.25995796470482
2018-09-04 17:45:00,40.68,45.858364126518346
2018-09-04 18:00:00,47.02,54.775451645165894
2018-09-04 18:15:00,75.85,67.41840623397638
2018-09-04 18:30:00,85.75,63.490008602518586
2018-09-04 18:45:00,76.75,81.46305804391977
2018-09-04 19:00:00,76.75,80.63515509030611
2018-09-04 19:15:00,78.95,75.25729125999328
2018-09-04 19:30:00,72.0,80.4352713036233
2018-09-04 19:45:00,88.02,79.37663329675075
2018-09-04 20:00:00,72.47,73.65228841458621
2018-09-04 20:15:00,88.09,79.28389251947107
2018-09-04 20:30:00,64.62,71.21758469083397
2018-09-04 20:45:00,11.3,47.96039669019233
2018-09-04 21:00:00,4.57,37.79153815202764
2018-09-04 21:15:00,3.49,5.735720485894158
2018-09-04 21:30:00,3.49,3.570072519557947
2018-09-04 21:45:00,3.49,3.6630932909764677
2018-09-04 22:00:00,3.31,3.6590598052949486
2018-09-04 22:15:00,3.1,3.2933463921824604
2018-09-04 22:30:00,2.66,2.4628870362075723
2018-09-04 22:45:00,2.59,3.4312709509024386
2018-09-04 23:00:00,2.52,3.0794351083587355
2018-09-04 23:15:00,2.48,3.0794351083587355
2018-09-04 23:30:00,2.52,3.051093474006632
2018-09-04 23:45:00,2.56,2.781772113537573
2018-09-05 00:00:00,2.48,2.9501760240798607
2018-09-05 00:15:00,2.52,2.6808546636108015
2018-09-05 00:30:00,2.52,2.9501760240798607
2018-09-05 00:45:00,2.48,3.040844073381064
2018-09-05 01:00:00,2.59,2.9060934617829233
2018-09-05 01:15:00,2.48,2.9256830186235288
2018-09-05 01:30:00,2.48,2.8276966492960995
2018-09-05 01:45:00,2.48,2.8276966492960995
2018-09-05 02:00:00,2.52,2.8276966492960995
2018-09-05 02:15:00,3.42,2.902226471599752
2018-09-05 02:30:00,3.71,2.902226471599752
2018-09-05 02:45:00,2.52,3.102899749549398
2018-09-05 03:00:00,2.52,1.867499462529279
2018-09-05 03:15:00,2.48,2.881364313166264
2018-09-05 03:30:00,2.48,2.881364313166264
2018-09-05 03:45:00,2.52,2.953712577754757
2018-09-05 04:00:00,2.59,2.953712577754757
2018-09-05 04:15:00,2.52,2.8382690607050693
2018-09-05 04:30:00,2.52,2.8542871966786243
2018-09-05 04:45:00,2.56,2.8542871966786243
2018-09-05 05:00:00,2.52,2.8382690607050693
2018-09-05 05:15:00,2.48,2.8382690607050693
2018-09-05 05:30:00,2.56,2.8382690607050693
2018-09-05 05:45:00,2.48,2.8382690607050693
2018-09-05 06:00:00,2.52,2.8382690607050693
2018-09-05 06:15:00,2.77,2.8382690607050693
2018-09-05 06:30:00,3.31,2.915964899689845
2018-09-05 06:45:00,2.99,2.915964899689845
2018-09-05 07:00:00,2.7,2.9857783157230062
2018-09-05 07:15:00,2.92,2.78013402656418
2018-09-05 07:30:00,3.02,3.143331470777897
2018-09-05 07:45:00,2.88,4.154874782192309
2018-09-05 08:00:00,40.32,27.547083121064112
2018-09-05 08:15:00,95.4,25.580094452016823
2018-09-05 08:30:00,98.06,62.0603802450149
2018-09-05 08:45:00,111.92,86.01687282276315
2018-09-05 09:00:00,97.81,83.45203255582229
2018-09-05 09:15:00,100.08,94.49923892752759
2018-09-05 09:30:00,103.54,104.1218715573555
2018-09-05 09:45:00,60.23,90.91912532727028
2018-09-05 10:00:00,56.99,83.9730400053508
2018-09-05 10:15:00,55.4,65.74648949862448
2018-09-05 10:30:00,53.82,65.81215094849182
2018-09-05 10:45:00,53.57,64.71784383355237
2018-09-05 11:00:00,47.45,60.85992799572511
2018-09-05 11:15:00,64.26,61.231208554793525
2018-09-05 11:30:00,66.17,53.75045130192631
2018-09-05 11:45:00,52.81,61.04053787356073
2018-09-05 12:00:00,6.95,8.012353029493507
2018-09-05 12:15:00,5.51,6.082207312308876
2018-09-05 12:30:00,5.44,7.965039365334078
2018-09-05 12:45:00,5.47,6.037780601698383
2018-09-05 13:00:00,28.3,42.21439898353799
2018-09-05 13:15:00,71.17,55.7273432238667
2018-09-05 13:30:00,70.38,56.45043743760956
2018-09-05 13:45:00,56.05,74.80721232954896
2018-09-05 14:00:00,50.29,70.35873518593704
2018-09-05 14:15:00,65.63,67.10878571425889
2018-09-05 14:30:00,64.73,58.27522042703169
2018-09-05 14:45:00,48.49,66.14635704737958
2018-09-05 15:00:00,49.68,64.78428056858709
2018-09-05 15:15:00,54.07,57.40863837356813
2018-09-05 15:30:00,66.71,61.325528463283156
2018-09-05 15:45:00,63.86,60.985508535472135
2018-09-05 16:00:00,61.81,62.189188216105045
2018-09-05 16:15:00,52.78,59.53423881085512
2018-09-05 16:30:00,54.22,61.749569778638765
2018-09-05 16:45:00,49.03,59.8358814695171
2018-09-05 17:00:00,60.08,56.388001969360026
2018-09-05 17:15:00,62.28,51.238873829953754
2018-09-05 17:30:00,32.51,40.1141666785654
2018-09-05 17:45:00,29.95,28.53382689705706
2018-09-05 18:00:00,52.6,37.33260892765572
2018-09-05 18:15:00,47.52,50.962925057277396
2018-09-05 18:30:00,49.79,62.49731857840687
2018-09-05 18:45:00,45.9,52.91919201865446
2018-09-05 19:00:00,51.88,49.2052955670074
2018-09-05 19:15:00,51.34,48.88266327797472
2018-09-05 19:30:00,59.33,50.39777274942582
2018-09-05 19:45:00,55.8,51.73521696726063
2018-09-05 20:00:00,47.99,52.8212527747844
2018-09-05 20:15:00,54.58,52.50375362800103
2018-09-05 20:30:00,46.26,44.910706412582286
2018-09-05 20:45:00,27.94,26.378010553786154
2018-09-05 21:00:00,8.86,13.05566729264479
2018-09-05 21:15:00,3.78,11.453612867518281
2018-09-05 21:30:00,3.74,7.138953951873604
2018-09-05 21:45:00,3.85,3.290997647066128
2018-09-05 22:00:00,3.56,3.707090421540254
2018-09-05 22:15:00,3.53,3.680564573529563
2018-09-05 22:30:00,3.49,3.386200890690798
2018-09-05 22:45:00,3.64,3.386200890690798
2018-09-05 23:00:00,4.64,3.386200890690798
2018-09-05 23:15:00,3.92,3.4594827342393635
2018-09-05 23:30:00,2.81,4.052367962933308
2018-09-05 23:45:00,2.81,3.7702348712516707
2018-09-06 00:00:00,2.77,2.9338836931838537
2018-09-06 00:15:00,2.81,3.0194095275689716
2018-09-06 00:30:00,2.84,2.90554205883175
2018-09-06 00:45:00,2.81,2.991067893216868
2018-09-06 01:00:00,2.81,3.007021224439226
2018-09-06 01:15:00,2.84,3.007021224439226
2018-09-06 01:30:00,2.84,2.851267930079072
2018-09-06 01:45:00,2.81,2.9220791678515288
2018-09-06 02:00:00,2.88,2.9220791678515288
2018-09-06 02:15:00,2.81,3.0062869021121092
2018-09-06 02:30:00,2.95,3.0062869021121092
2018-09-06 02:45:00,2.95,3.022935923079967
2018-09-06 03:00:00,2.95,3.0663137037837447
2018-09-06 03:15:00,3.02,3.12909431364404
2018-09-06 03:30:00,3.31,3.131348515700956
2018-09-06 03:45:00,3.28,3.105993841698294
2018-09-06 04:00:00,3.02,3.3389795989449604
2018-09-06 04:15:00,3.02,3.3389795989449604
2018-09-06 04:30:00,3.6,3.105993841698294
2018-09-06 04:45:00,3.06,3.105993841698294
2018-09-06 05:00:00,2.92,3.4063491796684406
2018-09-06 05:15:00,2.92,3.119006003952274
2018-09-06 05:30:00,2.92,3.0909615991672954
2018-09-06 05:45:00,2.95,3.1069797351408504
2018-09-06 06:00:00,2.92,3.1069797351408504
2018-09-06 06:15:00,3.06,3.105993841698294
2018-09-06 06:30:00,2.81,3.0909615991672954
2018-09-06 06:45:00,2.81,3.1425263089585775
2018-09-06 07:00:00,3.06,3.0979545570443094
2018-09-06 07:15:00,3.28,3.0819364210707545
2018-09-06 07:30:00,3.06,3.454866907102814
2018-09-06 07:45:00,3.2,5.0746764974803815
2018-09-06 08:00:00,31.39,24.47430296857471
2018-09-06 08:15:00,59.15,52.51088212728736
2018-09-06 08:30:00,54.11,60.984373037720644
2018-09-06 08:45:00,62.68,61.716587685751854
2018-09-06 09:00:00,62.89,57.2567533029509
2018-09-06 09:15:00,57.78,60.68665459982802
2018-09-06 09:30:00,50.9,56.9321366190044
2018-09-06 09:45:00,48.56,54.162310270514986
2018-09-06 10:00:00,50.94,54.1105841248946
2018-09-06 10:15:00,58.46,57.5298958522762
2018-09-06 10:30:00,58.14,58.49243754875239
2018-09-06 10:45:00,51.66,59.07551555654357
2018-09-06 11:00:00,55.37,57.89640055192389
2018-09-06 11:15:00,59.51,57.297018900688734
2018-09-06 11:30:00,59.83,58.63628964865987
2018-09-06 11:45:00,55.69,50.519183388319725
2018-09-06 12:00:00,5.8,9.151883245992387
2018-09-06 12:15:00,5.22,6.070902838840338
2018-09-06 12:30:00,5.4,5.112540068189034
2018-09-06 12:45:00,6.12,6.580949749786151
2018-09-06 13:00:00,32.47,38.71054773292481
2018-09-06 13:15:00,61.38,58.04232604296679
2018-09-06 13:30:00,54.94,61.07874898325731
2018-09-06 13:45:00,58.21,65.85798858674798
2018-09-06 14:00:00,54.32,57.51819257414127
2018-09-06 14:15:00,57.78,58.24395605159138
2018-09-06 14:30:00,48.46,57.43926589297951
2018-09-06 14:45:00,48.46,59.27926969880617
2018-09-06 15:00:00,46.91,56.346989405430435
2018-09-06 15:15:00,53.96,55.89065311737022
2018-09-06 15:30:00,60.44,53.099892811239094
2018-09-06 15:45:00,59.9,57.23213856895434
2018-09-06 16:00:00,56.41,55.15698055592839
2018-09-06 16:15:00,57.92,56.76058085018001
2018-09-06 16:30:00,49.72,56.95498297517617
2018-09-06 16:45:00,57.89,58.87184850273232
2018-09-06 17:00:00,60.44,53.627025425675406
2018-09-06 17:15:00,59.69,54.463099977841566
2018-09-06 17:30:00,31.36,36.27650238058292
2018-09-06 17:45:00,29.2,26.60643204438716
2018-09-06 18:00:00,49.25,41.89103270913322
2018-09-06 18:15:00,58.82,46.63255951454622
2018-09-06 18:30:00,57.85,61.41858480307734
2018-09-06 18:45:00,59.83,56.6351007308115
2018-09-06 19:00:00,57.49,53.059570413018164
2018-09-06 19:15:00,49.9,53.01854868510455
2018-09-06 19:30:00,55.37,55.418641839430215
2018-09-06 19:45:00,66.89,56.64255098636928
2018-09-06 20:00:00,55.76,56.63603143933826
2018-09-06 20:15:00,70.38,63.263815033300276
2018-09-06 20:30:00,58.5,51.06228997644314
2018-09-06 20:45:00,63.5,36.0546686532411
2018-09-06 21:00:00,7.92,16.83537874884645
2018-09-06 21:15:00,3.96,28.270517735631877
2018-09-06 21:30:00,3.85,8.195608742925112
2018-09-06 21:45:00,3.78,3.95827842618314
2018-09-06 22:00:00,3.49,3.9864783588105817
2018-09-06 22:15:00,3.53,3.965797440196251
2018-09-06 22:30:00,3.53,3.4023109405719048
2018-09-06 22:45:00,4.14,3.5310294397203186
2018-09-06 23:00:00,4.64,3.7102538052244327
2018-09-06 23:15:00,3.42,4.142038260655416
2018-09-06 23:30:00,3.31,4.052367962933308
2018-09-06 23:45:00,3.35,3.30067505630568
2018-09-07 00:00:00,3.31,3.5369048335112967
2018-09-07 00:15:00,3.31,3.3546980296970936
2018-09-07 00:30:00,3.35,3.1703701796401607
2018-09-07 00:45:00,3.31,3.475871188412906
2018-09-07 01:00:00,3.53,3.5369048335112967
2018-09-07 01:15:00,3.67,3.383051616131666
2018-09-07 01:30:00,3.1,3.322507308614756
2018-09-07 01:45:00,2.95,3.415642609553586
2018-09-07 02:00:00,2.95,3.031173880270425
2018-09-07 02:15:00,2.88,3.063270311179459
2018-09-07 02:30:00,2.92,3.069421778281302
2018-09-07 02:45:00,3.06,3.058102905766848
2018-09-07 03:00:00,2.99,3.140830528608611
2018-09-07 03:15:00,2.92,3.139022006090085
2018-09-07 03:30:00,2.95,3.110411540923108
2018-09-07 03:45:00,2.99,3.0953792983921096
2018-09-07 04:00:00,3.02,3.094393404949553
2018-09-07 04:15:00,2.95,3.094393404949553
2018-09-07 04:30:00,3.49,3.094393404949553
2018-09-07 04:45:00,3.42,3.094393404949553
2018-09-07 05:00:00,2.99,3.4899783050375075
2018-09-07 05:15:00,2.99,3.4739601690639526
2018-09-07 05:30:00,2.99,3.094393404949553
2018-09-07 05:45:00,2.95,3.094393404949553
2018-09-07 06:00:00,3.2,3.094393404949553
2018-09-07 06:15:00,3.56,3.094393404949553
2018-09-07 06:30:00,3.02,3.21733900318097
2018-09-07 06:45:00,2.99,3.4488491169344337
2018-09-07 07:00:00,3.02,3.1226880927595144
2018-09-07 07:15:00,3.06,3.1066699567859595
2018-09-07 07:30:00,3.2,3.3298726725307466
2018-09-07 07:45:00,3.06,4.4180690504920825
2018-09-07 08:00:00,35.71,32.88756476147639
2018-09-07 08:15:00,93.38,24.95073008471609
2018-09-07 08:30:00,96.44,64.48725583403349
2018-09-07 08:45:00,84.89,86.62044892695056
2018-09-07 09:00:00,107.93,87.67421503431115
2018-09-07 09:15:00,93.42,95.41136354258009
2018-09-07 09:30:00,103.9,92.44486192507739
2018-09-07 09:45:00,85.39,82.17082038238497
2018-09-07 10:00:00,107.24,82.95310037315565
2018-09-07 10:15:00,91.69,91.19576538702765
2018-09-07 10:30:00,100.15,94.6170088689665
2018-09-07 10:45:00,102.24,86.56505670689705
2018-09-07 11:00:00,101.12,90.78245400883876
2018-09-07 11:15:00,104.15,92.42469778580906
2018-09-07 11:30:00,84.92,88.59290001375813
2018-09-07 11:45:00,95.29,83.96638193410092
2018-09-07 12:00:00,3.92,3.5957479344031094
2018-09-07 12:15:00,4.54,10.790769382819436
2018-09-07 12:30:00,4.28,6.776624183320443
2018-09-07 12:45:00,4.46,5.279000335209026
2018-09-07 13:00:00,43.16,59.352035988634064
2018-09-07 13:15:00,114.37,88.4718453190373
2018-09-07 13:30:00,107.35,71.58447438593775
2018-09-07 13:45:00,95.65,93.00541349718223
2018-09-07 14:00:00,118.69,93.25326038812383
2018-09-07 14:15:00,96.34,81.98804036359485
2018-09-07 14:30:00,113.51,108.83983074897506
2018-09-07 14:45:00,63.79,98.86081019677685
2018-09-07 15:00:00,41.29,94.1644481017839
2018-09-07 15:15:00,50.36,83.01638882528654
2018-09-07 15:30:00,42.19,67.55002353688236
2018-09-07 15:45:00,51.91,67.01460814055906
2018-09-07 16:00:00,111.42,55.45747570935805
2018-09-07 16:15:00,100.73,57.12626729115336
2018-09-07 16:30:00,107.68,88.4622208581597
2018-09-07 16:45:00,89.68,89.86406925761057
2018-09-07 17:00:00,94.72,85.54849240082235
2018-09-07 17:15:00,81.65,84.62051821432829
2018-09-07 17:30:00,28.84,55.39087636983147
2018-09-07 17:45:00,29.02,40.414408830163126
2018-09-07 18:00:00,52.27,48.45313690312143
2018-09-07 18:15:00,72.43,86.850197840657
2018-09-07 18:30:00,54.97,80.39980345484906
2018-09-07 18:45:00,47.66,84.17043505594833
2018-09-07 19:00:00,48.42,61.21605894678307
2018-09-07 19:15:00,73.62,55.12600379360986
2018-09-07 19:30:00,106.96,57.97274002989628
2018-09-07 19:45:00,105.05,67.64193587215821
2018-09-07 20:00:00,97.92,84.92412013950012
2018-09-07 20:15:00,91.33,86.029700205096
2018-09-07 20:30:00,114.98,86.56574257050902
2018-09-07 20:45:00,74.41,57.896296730145714
2018-09-07 21:00:00,13.28,52.42650750496631
2018-09-07 21:15:00,4.25,52.39975422021457
2018-09-07 21:30:00,4.21,0.5355511447288157
2018-09-07 21:45:00,4.18,5.463111671423152
2018-09-07 22:00:00,3.89,5.366874466688578
2018-09-07 22:15:00,3.89,5.257184715946534
2018-09-07 22:30:00,3.78,3.3360153633305116
2018-09-07 22:45:00,3.71,3.66546774542033
2018-09-07 23:00:00,3.71,3.390743503265298
2018-09-07 23:15:00,3.64,3.4971886965995416
2018-09-07 23:30:00,3.85,3.540375881511335
2018-09-07 23:45:00,4.79,3.457848257498986
2018-09-08 00:00:00,3.64,3.8052374038974417
2018-09-08 00:15:00,3.1,4.275323248155485
2018-09-08 00:30:00,3.1,3.68243801946154
2018-09-08 00:45:00,2.99,3.2548745442488975
2018-09-08 01:00:00,3.17,3.2712681573288505
2018-09-08 01:15:00,3.06,3.0801585742938347
2018-09-08 01:30:00,3.1,3.176434121048899
2018-09-08 01:45:00,3.02,3.113101251709289
2018-09-08 02:00:00,3.02,3.155617785526856
2018-09-08 02:15:00,3.1,3.0897278471084606
2018-09-08 02:30:00,3.17,3.0958793142103036
2018-09-08 02:45:00,3.1,3.177870881443259
2018-09-08 03:00:00,3.1,3.1859628822727366
2018-09-08 03:15:00,3.31,3.189754578855862
2018-09-08 03:30:00,3.6,3.189754578855862
2018-09-08 03:45:00,3.17,3.483834089379336
2018-09-08 04:00:00,3.17,3.547179289462219
2018-09-08 04:15:00,3.17,3.19455277840435
2018-09-08 04:30:00,3.13,3.210570914377905
2018-09-08 04:45:00,3.2,3.210570914377905
2018-09-08 05:00:00,3.78,3.189754578855862
2018-09-08 05:15:00,3.49,3.3009438631866006
2018-09-08 05:30:00,3.13,3.547053632388139
2018-09-08 05:45:00,3.17,3.4751225388833116
2018-09-08 06:00:00,3.13,3.189754578855862
2018-09-08 06:15:00,3.13,3.17694389530758
2018-09-08 06:30:00,3.2,3.156127559785537
2018-09-08 06:45:00,3.78,3.156127559785537
2018-09-08 07:00:00,3.28,3.2673168441162757
2018-09-08 07:15:00,3.24,3.5134266133178143
2018-09-08 07:30:00,3.24,3.891400365503386
2018-09-08 07:45:00,3.02,4.6765496898163255
2018-09-08 08:00:00,25.56,27.850285718221958
2018-09-08 08:15:00,32.83,13.94028034365008
2018-09-08 08:30:00,32.58,37.62997165702844
2018-09-08 08:45:00,33.01,37.398558767634974
2018-09-08 09:00:00,33.08,35.25232162522855
2018-09-08 09:15:00,32.87,35.31688360163537
2018-09-08 09:30:00,47.81,35.40496934148171
2018-09-08 09:45:00,33.16,35.08189828973135
2018-09-08 10:00:00,41.18,49.44330192721725
2018-09-08 10:15:00,50.47,36.07913340442884
2018-09-08 10:30:00,34.7,39.69948094306962
2018-09-08 10:45:00,51.73,50.125559028881206
2018-09-08 11:00:00,39.49,37.71222769169119
2018-09-08 11:15:00,33.7,54.7314086181888
2018-09-08 11:30:00,40.25,38.43160274444863
2018-09-08 11:45:00,17.71,23.411174003808387
2018-09-08 12:00:00,3.24,10.937950642012652
2018-09-08 12:15:00,3.31,10.343846704937969
2018-09-08 12:30:00,3.31,5.834569124045632
2018-09-08 12:45:00,3.28,5.537054964305198
2018-09-08 13:00:00,19.37,20.20247788641306
2018-09-08 13:15:00,40.39,28.300237267082085
2018-09-08 13:30:00,33.91,36.699177196205426
2018-09-08 13:45:00,32.69,40.14508936377992
2018-09-08 14:00:00,36.07,35.74013364426533
2018-09-08 14:15:00,52.6,35.16550950663761
2018-09-08 14:30:00,48.6,35.27929911658439
2018-09-08 14:45:00,34.81,52.25185620146492
2018-09-08 15:00:00,35.24,46.8458760603395
2018-09-08 15:15:00,34.7,35.287497316395076
2018-09-08 15:30:00,53.06,35.95891193774165
2018-09-08 15:45:00,49.46,35.81312558662102
2018-09-08 16:00:00,32.51,51.99042221258344
2018-09-08 16:15:00,32.98,46.38642464114349
2018-09-08 16:30:00,41.72,29.02999436361979
2018-09-08 16:45:00,18.18,24.325017308830184
2018-09-08 17:00:00,3.89,22.11710534229084
2018-09-08 17:15:00,3.71,1.4907689134443565
2018-09-08 17:30:00,3.67,3.5079338886492217
2018-09-08 17:45:00,3.56,3.8958604605082106
2018-09-08 18:00:00,3.46,3.196712710067097
2018-09-08 18:15:00,3.49,3.5384775808527924
2018-09-08 18:30:00,3.53,3.502272228447953
2018-09-08 18:45:00,3.56,3.502272228447953
2018-09-08 19:00:00,3.56,3.4818283826564467
2018-09-08 19:15:00,3.24,3.517506594070659
2018-09-08 19:30:00,3.42,3.463980007477669
2018-09-08 19:45:00,3.31,3.4844238532691754
2018-09-08 20:00:00,2.99,3.4844238532691754
2018-09-08 20:15:00,2.99,3.463980007477669
2018-09-08 20:30:00,2.95,3.1263701731580267
2018-09-08 20:45:00,2.95,3.1720842287453554
2018-09-08 21:00:00,2.99,2.9996915088612477
2018-09-08 21:15:00,2.99,3.001761761807011
2018-09-08 21:30:00,3.06,3.001761761807011
2018-09-08 21:45:00,3.1,3.001761761807011
2018-09-08 22:00:00,2.81,3.0151148823818597
2018-09-08 22:15:00,2.84,3.0510861720985534
2018-09-08 22:30:00,2.84,2.9577757323511444
2018-09-08 22:45:00,2.84,2.9577757323511444
2018-09-08 23:00:00,2.88,2.929434097999041
2018-09-08 23:15:00,3.31,2.929434097999041
2018-09-08 23:30:00,2.84,2.929434097999041
2018-09-08 23:45:00,3.02,3.3027707052217408
2018-09-09 00:00:00,3.38,2.8998202933016004
2018-09-09 00:15:00,2.77,2.9653430198903084
2018-09-09 00:30:00,2.84,3.266351963305038
2018-09-09 00:45:00,2.81,2.927902234535315
2018-09-09 01:00:00,2.77,2.927902234535315
2018-09-09 01:15:00,2.77,2.8995606001832117
2018-09-09 01:30:00,2.81,2.906105844284085
2018-09-09 01:45:00,2.81,2.8222041183098816
2018-09-09 02:00:00,2.84,2.8995606001832117
2018-09-09 02:15:00,2.84,2.9903135785446655
2018-09-09 02:30:00,2.84,2.898861751695752
2018-09-09 02:45:00,2.84,2.9131016828592466
2018-09-09 03:00:00,3.13,3.0063543507604344
2018-09-09 03:15:00,3.13,3.0088898490712155
2018-09-09 03:30:00,2.95,3.1056114925716622
2018-09-09 03:45:00,2.84,3.1056114925716622
2018-09-09 04:00:00,2.84,3.0909774430627257
2018-09-09 04:15:00,3.17,3.047141301566031
2018-09-09 04:30:00,3.42,3.0396391325332823
2018-09-09 04:45:00,2.92,3.1264278280937052
2018-09-09 05:00:00,2.92,3.3909794525991117
2018-09-09 05:15:00,2.88,3.0844611674725333
2018-09-09 05:30:00,2.84,3.0844611674725333
2018-09-09 05:45:00,2.81,3.0396391325332823
2018-09-09 06:00:00,2.84,3.0396391325332823
2018-09-09 06:15:00,3.17,3.0088898490712155
2018-09-09 06:30:00,3.13,3.0249079850447704
2018-09-09 06:45:00,2.81,3.1088189449969352
2018-09-09 07:00:00,2.92,3.0719844735013373
2018-09-09 07:15:00,2.92,3.047141301566031
2018-09-09 07:30:00,3.06,3.306650085309263
2018-09-09 07:45:00,3.06,4.0535479571273845
2018-09-09 08:00:00,3.74,9.15942561990323
2018-09-09 08:15:00,5.76,8.861440280412447
2018-09-09 08:30:00,8.53,8.806337678187257
2018-09-09 08:45:00,10.55,6.292976125788483
2018-09-09 09:00:00,10.22,20.88013488491801
2018-09-09 09:15:00,10.98,23.306475885947034
2018-09-09 09:30:00,11.45,21.69595739558398
2018-09-09 09:45:00,10.58,20.794372026726997
2018-09-09 10:00:00,11.09,20.917410020272065
2018-09-09 10:15:00,10.44,20.917410020272065
2018-09-09 10:30:00,7.67,21.206783220262526
2018-09-09 10:45:00,9.11,20.662317615282223
2018-09-09 11:00:00,20.66,19.890339810628724
2018-09-09 11:15:00,25.78,17.135850149604522
2018-09-09 11:30:00,20.99,20.77119349094192
2018-09-09 11:45:00,4.07,17.699039522598493
2018-09-09 12:00:00,4.07,11.606321621124023
2018-09-09 12:15:00,4.07,3.5496161299950915
2018-09-09 12:30:00,4.1,3.358302812637935
2018-09-09 12:45:00,4.1,4.146383690418211
2018-09-09 13:00:00,4.1,8.015348638060496
2018-09-09 13:15:00,21.1,13.857066730129576
2018-09-09 13:30:00,28.76,6.7828403389578655
2018-09-09 13:45:00,29.48,20.831049680457344
2018-09-09 14:00:00,29.59,27.910523468746792
2018-09-09 14:15:00,27.36,33.106728040489244
2018-09-09 14:30:00,25.42,31.465682606248787
2018-09-09 14:45:00,25.52,21.855294724412992
2018-09-09 15:00:00,23.9,21.774827658980406
2018-09-09 15:15:00,23.26,21.55253384205176
2018-09-09 15:30:00,23.65,21.979789432711556
2018-09-09 15:45:00,17.71,19.05306632287057
2018-09-09 16:00:00,4.25,18.569942729615654
2018-09-09 16:15:00,4.5,8.417492089015376
2018-09-09 16:30:00,5.18,3.776466746417011
2018-09-09 16:45:00,6.26,3.5599346372337433
2018-09-09 17:00:00,3.85,4.804627113934631
2018-09-09 17:15:00,3.67,6.984275957790483
2018-09-09 17:30:00,3.64,3.3704652171278604
2018-09-09 17:45:00,3.64,3.198024482806856
2018-09-09 18:00:00,3.49,3.4938000338837307
2018-09-09 18:15:00,3.53,3.4938000338837307
2018-09-09 18:30:00,3.49,3.4519548848406174
2018-09-09 18:45:00,2.99,3.4519548848406174
2018-09-09 19:00:00,2.95,3.4519548848406174
2018-09-09 19:15:00,2.95,3.0964966753421974
2018-09-09 19:30:00,2.99,3.0964966753421974
2018-09-09 19:45:00,2.99,3.0964966753421974
2018-09-09 20:00:00,2.95,3.0964966753421974
2018-09-09 20:15:00,2.99,3.116086232182803
2018-09-09 20:30:00,2.95,3.116086232182803
2018-09-09 20:45:00,2.95,3.0964966753421974
2018-09-09 21:00:00,2.99,2.963272766944545
2018-09-09 21:15:00,3.02,2.9653430198903084
2018-09-09 21:30:00,2.99,2.9653430198903084
2018-09-09 21:45:00,2.95,2.9653430198903084
2018-09-09 22:00:00,3.74,2.9653430198903084
2018-09-09 22:15:00,4.03,2.9653430198903084
2018-09-09 22:30:00,2.77,3.3516287988144478
2018-09-09 22:45:00,2.88,3.76518583512949
2018-09-09 23:00:00,2.77,2.927902234535315
2018-09-09 23:15:00,2.77,2.927902234535315
2018-09-09 23:30:00,2.74,2.8995606001832117
2018-09-09 23:45:00,2.77,2.8995606001832117
2018-09-10 00:00:00,2.77,2.858313380804105
2018-09-10 00:15:00,2.88,2.9422151067783084
2018-09-10 00:30:00,2.77,2.8648586249049783
2018-09-10 00:45:00,2.77,2.858313380804105
2018-09-10 01:00:00,2.84,2.841287344122006
2018-09-10 01:15:00,2.81,2.858313380804105
2018-09-10 01:30:00,2.77,2.858313380804105
2018-09-10 01:45:00,3.28,2.935669862677435
2018-09-10 02:00:00,3.02,2.858313380804105
2018-09-10 02:15:00,2.81,3.301762377311802
2018-09-10 02:30:00,2.81,3.1111681377008216
2018-09-10 02:45:00,2.81,3.0672759013679403
2018-09-10 03:00:00,3.38,2.9807889219326515
2018-09-10 03:15:00,3.35,3.044999111565439
2018-09-10 03:30:00,2.81,3.4358002655893594
2018-09-10 03:45:00,2.84,3.351818875622099
2018-09-10 04:00:00,2.81,3.0917665310010607
2018-09-10 04:15:00,2.77,3.0757483950275057
2018-09-10 04:30:00,2.84,3.044999111565439
2018-09-10 04:45:00,2.88,3.044999111565439
2018-09-10 05:00:00,2.84,3.044999111565439
2018-09-10 05:15:00,2.81,3.061017247538994
2018-09-10 05:30:00,3.35,3.061017247538994
2018-09-10 05:45:00,2.95,2.9525751367813657
2018-09-10 06:00:00,2.7,3.468402017176533
2018-09-10 06:15:00,2.77,3.082549702079649
2018-09-10 06:30:00,2.74,3.0757483950275057
2018-09-10 06:45:00,2.74,3.0757483950275057
2018-09-10 07:00:00,2.74,3.057275663401845
2018-09-10 07:15:00,3.02,3.057275663401845
2018-09-10 07:30:00,3.17,3.1915227521273843
2018-09-10 07:45:00,3.2,4.342078618537854
2018-09-10 08:00:00,15.44,28.157548515705663
2018-09-10 08:15:00,80.21,48.58640360020801
2018-09-10 08:30:00,58.28,49.4239365993019
2018-09-10 08:45:00,50.11,81.964133174965
2018-09-10 09:00:00,46.66,63.02909825847466
2018-09-10 09:15:00,57.06,58.96886693463788
2018-09-10 09:30:00,58.46,53.50760856347004
2018-09-10 09:45:00,48.96,53.53678616595423
2018-09-10 10:00:00,55.66,55.15594802004055
2018-09-10 10:15:00,46.04,54.11798544894013
2018-09-10 10:30:00,56.12,58.84783690736408
2018-09-10 10:45:00,56.74,53.86242262260898
2018-09-10 11:00:00,51.08,59.18870312279702
2018-09-10 11:15:00,56.7,58.78952472951865
2018-09-10 11:30:00,54.79,55.6460568712714
2018-09-10 11:45:00,59.08,52.65783925613959
2018-09-10 12:00:00,4.79,9.242742331217897
2018-09-10 12:15:00,4.57,5.342125134905117
2018-09-10 12:30:00,3.92,5.026729380925417
2018-09-10 12:45:00,3.82,6.6977860941692695
2018-09-10 13:00:00,58.32,33.208011918964516
2018-09-10 13:15:00,108.07,49.6643603147023
2018-09-10 13:30:00,89.75,73.83494655216695
2018-09-10 13:45:00,103.46,90.62298818211495
2018-09-10 14:00:00,116.68,86.2276606573792
2018-09-10 14:15:00,63.65,85.43688963911106
2018-09-10 14:30:00,108.32,96.3743748801726
2018-09-10 14:45:00,104.08,76.92445926393135
2018-09-10 15:00:00,73.33,84.003882645828
2018-09-10 15:15:00,109.87,91.40190611741673
2018-09-10 15:30:00,87.7,93.011999585964
2018-09-10 15:45:00,101.95,89.11346520742622
2018-09-10 16:00:00,122.54,91.87574353097305
2018-09-10 16:15:00,92.23,84.15779090536373
2018-09-10 16:30:00,106.06,94.78828547908411
2018-09-10 16:45:00,120.46,93.98776321991849
2018-09-10 17:00:00,82.44,84.73154585705517
2018-09-10 17:15:00,121.46,95.39681254380179
2018-09-10 17:30:00,108.14,55.87200829291286
2018-09-10 17:45:00,47.45,48.2491369454728
2018-09-10 18:00:00,14.94,76.2072814050433
2018-09-10 18:15:00,3.82,83.833054447796
2018-09-10 18:30:00,3.82,17.194215358142692
2018-09-10 18:45:00,3.46,12.20838896155035
2018-09-10 19:00:00,3.46,5.710254136656018
2018-09-10 19:15:00,3.49,3.6275418782017144
2018-09-10 19:30:00,3.53,3.2940543633504964
2018-09-10 19:45:00,3.49,5.496132769786697
2018-09-10 20:00:00,3.46,3.5426789794047724
2018-09-10 20:15:00,3.42,3.9071777514385895
2018-09-10 20:30:00,3.49,3.5613626256676163
2018-09-10 20:45:00,3.49,3.395163677260132
2018-09-10 21:00:00,3.53,3.184134062818282
2018-09-10 21:15:00,3.53,3.4966717506161844
2018-09-10 21:30:00,4.1,3.603865553114061
2018-09-10 21:45:00,4.64,3.494709258584504
2018-09-10 22:00:00,2.92,4.0659586577592135
2018-09-10 22:15:00,2.66,4.081911988981571
2018-09-10 22:30:00,2.63,2.9934976132155775
2018-09-10 22:45:00,2.7,2.970556741130412
2018-09-10 23:00:00,2.63,2.970556741130412
2018-09-10 23:15:00,2.59,2.9422151067783084
2018-09-10 23:30:00,2.52,2.9422151067783084
2018-09-10 23:45:00,2.56,2.847832588222879
2018-09-11 00:00:00,2.56,2.847832588222879
2018-09-11 00:15:00,2.63,2.841287344122006
2018-09-11 00:30:00,2.56,2.841287344122006
2018-09-11 00:45:00,2.63,2.841287344122006
2018-09-11 01:00:00,2.66,2.841287344122006
2018-09-11 01:15:00,2.63,2.841287344122006
2018-09-11 01:30:00,3.17,2.841287344122006
2018-09-11 01:45:00,2.92,2.939273713449435
2018-09-11 02:00:00,2.59,2.9463848742686163
2018-09-11 02:15:00,2.56,2.831742424060553
2018-09-11 02:30:00,3.2,2.8837520782128583
2018-09-11 02:45:00,2.88,2.8949550079921704
2018-09-11 03:00:00,2.56,3.1669531954403767
2018-09-11 03:15:00,2.66,2.967303272580663
2018-09-11 03:30:00,2.59,2.8949550079921704
2018-09-11 03:45:00,2.66,2.8678778915045307
2018-09-11 04:00:00,2.56,2.967303272580663
2018-09-11 04:15:00,2.56,2.967303272580663
2018-09-11 04:30:00,2.59,2.8518597555309757
2018-09-11 04:45:00,2.63,2.8678778915045307
2018-09-11 05:00:00,2.56,2.8518597555309757
2018-09-11 05:15:00,2.59,2.8518597555309757
2018-09-11 05:30:00,2.56,2.8518597555309757
2018-09-11 05:45:00,2.95,2.9295555945157514
2018-09-11 06:00:00,3.02,2.9295555945157514
2018-09-11 06:15:00,2.63,2.7877337205361647
2018-09-11 06:30:00,2.56,2.7877337205361647
2018-09-11 06:45:00,2.52,3.153103725067582
2018-09-11 07:00:00,2.81,3.1653802769039885
2018-09-11 07:15:00,3.06,2.9795798244170695
2018-09-11 07:30:00,2.99,3.6110341529339984
2018-09-11 07:45:00,3.13,4.130395087076383
2018-09-11 08:00:00,52.38,22.5483927061494
2018-09-11 08:15:00,106.52,31.778096891224486
2018-09-11 08:30:00,102.46,74.9395638064349
2018-09-11 08:45:00,93.92,84.36763018529238
2018-09-11 09:00:00,115.13,81.76185932273033
2018-09-11 09:15:00,106.7,95.67777027550919
2018-09-11 09:30:00,67.93,97.06483632578028
2018-09-11 09:45:00,86.15,86.921492481846
2018-09-11 10:00:00,125.46,78.01469245654386
2018-09-11 10:15:00,95.15,82.06762221014223
2018-09-11 10:30:00,77.69,88.83371111824758
2018-09-11 10:45:00,107.14,87.59107644309998
2018-09-11 11:00:00,109.58,91.86437160645704
2018-09-11 11:15:00,90.25,94.61815538430902
2018-09-11 11:30:00,122.11,92.1694183834841
2018-09-11 11:45:00,114.84,79.25678139363659
2018-09-11 12:00:00,7.56,0.0
2018-09-11 12:15:00,7.42,10.413616993970923
2018-09-11 12:30:00,6.84,7.040628767092479
2018-09-11 12:45:00,6.16,10.342987249163317
2018-09-11 13:00:00,55.69,78.83151116646364
2018-09-11 13:15:00,96.84,104.27084334359606
2018-09-11 13:30:00,122.94,84.13399643775946
2018-09-11 13:45:00,125.89,91.40453622602236
2018-09-11 14:00:00,62.78,100.66647474469524
2018-09-11 14:15:00,59.54,97.38349468462337
2018-09-11 14:30:00,64.98,75.75004521541062
2018-09-11 14:45:00,53.64,70.10088966525996
2018-09-11 15:00:00,62.57,68.30895409783778
2018-09-11 15:15:00,58.07,59.3087629506317
2018-09-11 15:30:00,70.16,63.61696393645646
2018-09-11 15:45:00,106.67,60.698274692868324
2018-09-11 16:00:00,73.44,62.27952297483016
2018-09-11 16:15:00,115.34,86.50231115558188
2018-09-11 16:30:00,99.11,81.88917845610577
2018-09-11 16:45:00,122.76,91.23100894809565
2018-09-11 17:00:00,118.84,91.70484934542513
2018-09-11 17:15:00,75.82,92.53801472638224
2018-09-11 17:30:00,62.42,53.310266034484776
2018-09-11 17:45:00,28.37,57.28702173564625
2018-09-11 18:00:00,35.21,75.49512335711161
2018-09-11 18:15:00,38.16,50.919154998322696
2018-09-11 18:30:00,33.62,65.45034801725387
2018-09-11 18:45:00,34.81,52.29679623232847
2018-09-11 19:00:00,37.26,42.150549460363216
2018-09-11 19:15:00,37.76,41.18062975248223
2018-09-11 19:30:00,37.58,42.888755906066834
2018-09-11 19:45:00,32.15,41.88700289132748
2018-09-11 20:00:00,37.33,44.91371009558611
2018-09-11 20:15:00,38.52,36.459551578030236
2018-09-11 20:30:00,34.02,39.106076532064705
2018-09-11 20:45:00,14.72,29.05249359631826
2018-09-11 21:00:00,6.52,26.021144610861544
2018-09-11 21:15:00,4.0,5.5602368026562266
2018-09-11 21:30:00,3.89,4.6478553563270895
2018-09-11 21:45:00,3.82,4.1431996485888325
2018-09-11 22:00:00,3.6,3.710108599577827
2018-09-11 22:15:00,3.6,3.6563794641002407
2018-09-11 22:30:00,4.18,3.4890267602876275
2018-09-11 22:45:00,4.72,3.4890267602876275
2018-09-11 23:00:00,3.53,4.081911988981571
2018-09-11 23:15:00,3.49,4.081911988981571
2018-09-11 23:30:00,3.06,3.415744916739062
2018-09-11 23:45:00,2.95,3.415744916739062
2018-09-12 00:00:00,2.92,3.086156764721171
2018-09-12 00:15:00,2.95,3.0728036441463225
2018-09-12 00:30:00,2.92,3.058303730876495
2018-09-12 00:45:00,2.92,3.0728036441463225
2018-09-12 01:00:00,2.95,3.058303730876495
2018-09-12 01:15:00,2.92,3.058303730876495
2018-09-12 01:30:00,2.95,3.092393200986928
2018-09-12 01:45:00,2.99,2.979906918389671
2018-09-12 02:00:00,2.88,2.9878615875586254
2018-09-12 02:15:00,2.95,3.075827672860075
2018-09-12 02:30:00,2.92,3.044538354606925
2018-09-12 02:45:00,2.92,3.1524779163375887
2018-09-12 03:00:00,2.99,3.10566354592173
2018-09-12 03:15:00,3.2,3.098463768200044
2018-09-12 03:30:00,4.32,3.1134960107310428
2018-09-12 03:45:00,3.38,3.2775707970655334
2018-09-12 04:00:00,2.95,4.659543698093714
2018-09-12 04:15:00,2.92,3.7711884267011597
2018-09-12 04:30:00,2.99,3.1134960107310428
2018-09-12 04:45:00,2.92,3.4794833793621036
2018-09-12 05:00:00,2.92,3.105993841698294
2018-09-12 05:15:00,2.92,3.098463768200044
2018-09-12 05:30:00,2.88,3.1069797351408504
2018-09-12 05:45:00,2.88,3.114481904173599
2018-09-12 06:00:00,2.92,3.085678005207903
2018-09-12 06:15:00,2.92,3.0621577002015994
2018-09-12 06:30:00,2.88,3.0602123157052286
2018-09-12 06:45:00,2.84,3.0602123157052286
2018-09-12 07:00:00,2.88,3.0744342520380057
2018-09-12 07:15:00,3.02,3.0819364210707545
2018-09-12 07:30:00,3.31,3.3980186033521402
2018-09-12 07:45:00,4.75,4.634853375827789
2018-09-12 08:00:00,58.07,36.930139138051494
2018-09-12 08:15:00,126.25,62.43910114257622
2018-09-12 08:30:00,87.91,77.4575806429653
2018-09-12 08:45:00,54.54,91.3380196849484
2018-09-12 09:00:00,54.25,100.92727057143512
2018-09-12 09:15:00,41.69,79.07404156268295
2018-09-12 09:30:00,52.78,64.64666111883956
2018-09-12 09:45:00,59.33,47.17612302661233
2018-09-12 10:00:00,47.84,57.924978569177426
2018-09-12 10:15:00,46.15,58.18247405004727
2018-09-12 10:30:00,49.03,56.40741002168999
2018-09-12 10:45:00,55.44,57.22099934214894
2018-09-12 11:00:00,67.0,56.95374485969749
2018-09-12 11:15:00,54.36,59.39278515807789
2018-09-12 11:30:00,59.33,56.04125868973807
2018-09-12 11:45:00,44.35,51.65858107256139
2018-09-12 12:00:00,4.43,9.643396402142761
2018-09-12 12:15:00,5.18,6.422138090555693
2018-09-12 12:30:00,4.5,8.434831464518174
2018-09-12 12:45:00,5.11,6.808346455297704
2018-09-12 13:00:00,38.23,35.94456049762412
2018-09-12 13:15:00,64.22,55.28399248179947
2018-09-12 13:30:00,62.42,63.14798234042968
2018-09-12 13:45:00,66.53,67.79401054783473
2018-09-12 14:00:00,91.51,59.05241770122414
2018-09-12 14:15:00,66.02,62.30926638372463
2018-09-12 14:30:00,76.82,80.75343183664687
2018-09-12 14:45:00,115.7,72.71784168563103
2018-09-12 15:00:00,77.44,70.79317338231118
2018-09-12 15:15:00,99.68,93.12562388712708
2018-09-12 15:30:00,120.13,89.35437051428158
2018-09-12 15:45:00,87.52,82.32220779080615
2018-09-12 16:00:00,53.75,94.97593083073193
2018-09-12 16:15:00,57.49,87.75809065573087
2018-09-12 16:30:00,58.39,75.3484209607125
2018-09-12 16:45:00,58.39,73.11028235212163
2018-09-12 17:00:00,58.39,63.060874195805305
2018-09-12 17:15:00,43.49,55.22883672666656
2018-09-12 17:30:00,29.09,39.21450621831899
2018-09-12 17:45:00,27.32,34.80082675584037
2018-09-12 18:00:00,43.45,33.894213824299406
2018-09-12 18:15:00,55.76,33.431286515686025
2018-09-12 18:30:00,51.8,47.858810072268206
2018-09-12 18:45:00,44.14,54.583063479108525
2018-09-12 19:00:00,58.5,58.733709462870614
2018-09-12 19:15:00,44.6,46.199153411469766
2018-09-12 19:30:00,49.5,56.10093889442159
2018-09-12 19:45:00,56.09,50.61668895734538
2018-09-12 20:00:00,40.39,51.32922436197031
2018-09-12 20:15:00,43.31,53.69681136364429
2018-09-12 20:30:00,32.51,36.93933486238879
2018-09-12 20:45:00,13.82,23.773189170184626
2018-09-12 21:00:00,5.54,21.197881396274465
2018-09-12 21:15:00,3.82,5.975545156845066
2018-09-12 21:30:00,3.64,4.206631816307309
2018-09-12 21:45:00,3.64,3.6427887692743344
2018-09-12 22:00:00,3.46,3.475436065461721
2018-09-12 22:15:00,3.49,3.4594827342393635
2018-09-12 22:30:00,3.38,3.30067505630568
2018-09-12 22:45:00,3.35,3.386200890690798
2018-09-12 23:00:00,3.35,3.386200890690798
2018-09-12 23:15:00,3.35,3.475871188412906
2018-09-12 23:30:00,3.31,3.386200890690798
2018-09-12 23:45:00,3.35,3.386200890690798
2018-09-13 00:00:00,3.06,3.30067505630568
2018-09-13 00:15:00,2.74,3.4021542219131558
2018-09-13 00:30:00,2.74,3.0702034334988135
2018-09-13 00:45:00,2.77,3.0353628587913293
2018-09-13 01:00:00,2.7,3.0353628587913293
2018-09-13 01:15:00,2.77,3.007021224439226
2018-09-13 01:30:00,2.77,2.928624411952402
2018-09-13 01:45:00,2.66,2.834241893396973
2018-09-13 02:00:00,2.99,2.834241893396973
2018-09-13 02:15:00,3.38,2.9279255634649424
2018-09-13 02:30:00,2.99,2.939667256954745
2018-09-13 02:45:00,2.77,3.307266553822163
2018-09-13 03:00:00,2.74,3.012141181494487
2018-09-13 03:15:00,2.74,2.9542163521846607
2018-09-13 03:30:00,2.7,3.069659869234348
2018-09-13 03:45:00,2.81,3.0314084167395325
2018-09-13 04:00:00,3.17,3.0314084167395325
2018-09-13 04:15:00,3.38,2.9389844419554594
2018-09-13 04:30:00,2.81,2.971825175701114
2018-09-13 04:45:00,2.77,3.1150909594484304
2018-09-13 05:00:00,2.84,2.946714183151912
2018-09-13 05:15:00,2.81,2.8582769213668033
2018-09-13 05:30:00,2.84,3.0314084167395325
2018-09-13 05:45:00,2.77,3.0314084167395325
2018-09-13 06:00:00,2.74,2.953712577754757
2018-09-13 06:15:00,2.81,2.9550025779290143
2018-09-13 06:30:00,2.77,3.0474265527130875
2018-09-13 06:45:00,2.7,3.0314084167395325
2018-09-13 07:00:00,2.81,3.043684968575939
2018-09-13 07:15:00,2.81,2.87356515480709
2018-09-13 07:30:00,3.6,3.1002362183167023
2018-09-13 07:45:00,4.61,4.665125504782698
2018-09-13 08:00:00,35.75,35.64571705608091
2018-09-13 08:15:00,52.78,64.03398549895347
2018-09-13 08:30:00,47.95,63.16173637824008
2018-09-13 08:45:00,90.79,64.8886328506254
2018-09-13 09:00:00,108.72,58.59260966925518
2018-09-13 09:15:00,105.52,81.42133320533817
2018-09-13 09:30:00,59.51,85.59361280383494
2018-09-13 09:45:00,116.64,82.38646194353377
2018-09-13 10:00:00,123.55,69.65742802828258
2018-09-13 10:15:00,78.44,83.96142805195745
2018-09-13 10:30:00,51.8,96.43220089019651
2018-09-13 10:45:00,53.6,87.35470217952064
2018-09-13 11:00:00,50.33,71.54284527274235
2018-09-13 11:15:00,51.01,72.4477700409863
2018-09-13 11:30:00,56.45,55.791383125713786
2018-09-13 11:45:00,56.09,49.058774245647236
2018-09-13 12:00:00,7.31,10.766645808479783
2018-09-13 12:15:00,4.43,6.4476840657751975
2018-09-13 12:30:00,4.5,6.048850986993868
2018-09-13 12:45:00,5.08,6.2837390460894715
2018-09-13 13:00:00,40.25,37.10123544418831
2018-09-13 13:15:00,60.48,60.110728264275146
2018-09-13 13:30:00,58.18,64.55608030095223
2018-09-13 13:45:00,65.99,59.40657154484949
2018-09-13 14:00:00,59.8,58.36726476012899
2018-09-13 14:15:00,51.44,67.56920383681285
2018-09-13 14:30:00,61.81,57.99596939208806
2018-09-13 14:45:00,67.9,58.611989280155676
2018-09-13 15:00:00,109.01,61.167704607869915
2018-09-13 15:15:00,99.72,62.7361202906435
2018-09-13 15:30:00,68.0,91.54804938115267
2018-09-13 15:45:00,101.02,92.52641167639183
2018-09-13 16:00:00,122.87,85.9206766398519
2018-09-13 16:15:00,74.56,79.61818096355529
2018-09-13 16:30:00,49.32,103.30614257751436
2018-09-13 16:45:00,58.68,85.0861303835276
2018-09-13 17:00:00,54.4,66.60671400794908
2018-09-13 17:15:00,57.74,71.59038347305682
2018-09-13 17:30:00,32.69,46.90191485758436
2018-09-13 17:45:00,31.97,32.05028422237559
2018-09-13 18:00:00,41.22,41.95240270583681
2018-09-13 18:15:00,50.65,60.346261736041065
2018-09-13 18:30:00,46.3,53.567798430852825
2018-09-13 18:45:00,57.17,51.53449327740748
2018-09-13 19:00:00,54.76,48.72250133333959
2018-09-13 19:15:00,49.1,54.502914271842165
2018-09-13 19:30:00,46.8,55.0276303578337
2018-09-13 19:45:00,40.79,50.22492802022596
2018-09-13 20:00:00,47.95,53.07668820510448
2018-09-13 20:15:00,69.16,47.81793532589427
2018-09-13 20:30:00,49.82,44.14894916002561
2018-09-13 20:45:00,19.98,29.645620828874968
2018-09-13 21:00:00,5.04,11.51632567094767
2018-09-13 21:15:00,4.93,0.0
2018-09-13 21:30:00,4.86,5.929898892455968
2018-09-13 21:45:00,4.79,4.566115465950249
2018-09-13 22:00:00,4.46,3.7841683801153976
2018-09-13 22:15:00,4.46,4.068321294155665
2018-09-13 22:30:00,4.43,3.866145535473159
2018-09-13 22:45:00,4.28,4.052367962933308
2018-09-13 23:00:00,4.28,4.142038260655416
2018-09-13 23:15:00,4.32,3.966842128548188
2018-09-13 23:30:00,4.28,4.052367962933308
2018-09-13 23:45:00,4.28,4.052367962933308
2018-09-14 00:00:00,4.28,4.049218688374176
2018-09-14 00:15:00,4.25,4.052367962933308
2018-09-14 00:30:00,3.89,4.2030719057538075
2018-09-14 00:45:00,3.28,4.052367962933308
2018-09-14 01:00:00,3.24,3.677415298970431
2018-09-14 01:15:00,3.53,3.383051616131666
2018-09-14 01:30:00,4.36,3.383051616131666
2018-09-14 01:45:00,3.31,3.4026411729722716
2018-09-14 02:00:00,3.35,4.068808245214782
2018-09-14 02:15:00,3.31,3.446470644354105
2018-09-14 02:30:00,3.31,3.452622111455948
2018-09-14 02:45:00,3.24,3.48359896446926
2018-09-14 03:00:00,3.28,3.500429805575894
2018-09-14 03:15:00,3.28,3.511226308858147
2018-09-14 03:30:00,3.35,3.511226308858147
2018-09-14 03:45:00,3.31,3.511226308858147
2018-09-14 04:00:00,3.89,3.5438280604453203
2018-09-14 04:15:00,4.07,3.5438280604453203
2018-09-14 04:30:00,3.31,3.8744836015531834
2018-09-14 04:45:00,3.31,4.2130264236250525
2018-09-14 05:00:00,3.35,3.4899783050375075
2018-09-14 05:15:00,3.35,3.4899783050375075
2018-09-14 05:30:00,3.64,3.4899783050375075
2018-09-14 05:45:00,4.28,3.5438280604453203
2018-09-14 06:00:00,3.67,3.599552006855171
2018-09-14 06:15:00,3.24,4.179399404554728
2018-09-14 06:30:00,3.31,3.6036309501450243
2018-09-14 06:45:00,3.24,3.4563512859671826
2018-09-14 07:00:00,3.28,3.468627837803589
2018-09-14 07:15:00,3.49,3.468627837803589
2018-09-14 07:30:00,3.71,3.918532683493989
2018-09-14 07:45:00,4.82,4.986214730168598
2018-09-14 08:00:00,33.34,44.59483284548078
2018-09-14 08:15:00,50.9,67.14566543592652
2018-09-14 08:30:00,63.58,64.16476823803958
2018-09-14 08:45:00,49.32,63.868934512763055
2018-09-14 09:00:00,47.41,68.24508315103544
2018-09-14 09:15:00,61.2,56.6799719493584
2018-09-14 09:30:00,45.79,53.16504519901934
2018-09-14 09:45:00,39.6,57.36981923691291
2018-09-14 10:00:00,41.18,52.248440937341265
2018-09-14 10:15:00,52.06,45.536434892096814
2018-09-14 10:30:00,55.19,45.37465766824868
2018-09-14 10:45:00,50.4,57.721593789178776
2018-09-14 11:00:00,56.05,57.66974948575874
2018-09-14 11:15:00,55.4,57.72541260164123
2018-09-14 11:30:00,64.48,58.90386929948387
2018-09-14 11:45:00,63.4,49.78369374434806
2018-09-14 12:00:00,13.46,9.192920034156101
2018-09-14 12:15:00,4.32,5.264070750281668
2018-09-14 12:30:00,4.64,8.142180383088633
2018-09-14 12:45:00,3.71,6.458692805512714
2018-09-14 13:00:00,47.34,34.83490241691249
2018-09-14 13:15:00,54.76,54.93780065532089
2018-09-14 13:30:00,68.29,62.65054921584517
2018-09-14 13:45:00,58.46,57.02422251997544
2018-09-14 14:00:00,66.31,61.82580538337611
2018-09-14 14:15:00,60.98,57.355299425435284
2018-09-14 14:30:00,67.68,62.0725347097957
2018-09-14 14:45:00,61.49,57.229819433198394
2018-09-14 15:00:00,48.24,59.52451316874688
2018-09-14 15:15:00,61.06,60.56037522717479
2018-09-14 15:30:00,65.99,58.95550636502788
2018-09-14 15:45:00,58.03,61.07031628767841
2018-09-14 16:00:00,65.81,63.9792596166586
2018-09-14 16:15:00,111.78,59.09882269036024
2018-09-14 16:30:00,106.16,63.97021763232175
2018-09-14 16:45:00,48.13,86.36530420302861
2018-09-14 17:00:00,43.02,82.3861941097787
2018-09-14 17:15:00,62.5,57.5742384070973
2018-09-14 17:30:00,54.58,41.381750646433446
2018-09-14 17:45:00,34.99,32.63679456542041
2018-09-14 18:00:00,28.48,38.79565472381048
2018-09-14 18:15:00,29.05,42.77478226528765
2018-09-14 18:30:00,28.26,37.96367001115248
2018-09-14 18:45:00,27.0,34.05128616755915
2018-09-14 19:00:00,20.41,22.92072322021544
2018-09-14 19:15:00,7.85,21.884078307773276
2018-09-14 19:30:00,8.32,9.373547441515202
2018-09-14 19:45:00,4.54,7.384420361997517
2018-09-14 20:00:00,3.67,5.322351719812558
2018-09-14 20:15:00,3.71,4.483845135942768
2018-09-14 20:30:00,3.67,3.123601572169741
2018-09-14 20:45:00,3.64,3.579068581821236
2018-09-14 21:00:00,3.6,2.258944804165219
2018-09-14 21:15:00,3.74,3.4193298868470765
2018-09-14 21:30:00,3.6,3.610186677059862
2018-09-14 21:45:00,3.6,3.465685835605837
2018-09-14 22:00:00,3.28,3.4563334596802315
2018-09-14 22:15:00,3.31,3.4563334596802315
2018-09-14 22:30:00,2.84,3.383051616131666
2018-09-14 22:45:00,2.7,3.383051616131666
2018-09-14 23:00:00,2.66,3.0162602530098397
2018-09-14 23:15:00,2.66,3.0162602530098397
2018-09-14 23:30:00,2.66,2.9879186186577362
2018-09-14 23:45:00,2.66,2.9879186186577362
2018-09-15 00:00:00,2.7,3.0339657114273435
2018-09-15 00:15:00,2.63,2.841596823544485
2018-09-15 00:30:00,2.63,2.841596823544485
2018-09-15 00:45:00,2.63,2.8350515794436117
2018-09-15 01:00:00,2.81,2.8350515794436117
2018-09-15 01:15:00,3.24,2.8350515794436117
2018-09-15 01:30:00,2.99,2.8350515794436117
2018-09-15 01:45:00,2.66,3.201842942565438
2018-09-15 02:00:00,2.7,2.872492364798605
2018-09-15 02:15:00,2.7,2.9416813871402367
2018-09-15 02:30:00,2.63,3.237189962811452
2018-09-15 02:45:00,2.63,3.0302908532274793
2018-09-15 03:00:00,2.7,2.9601299731850195
2018-09-15 03:15:00,2.63,2.844686456135332
2018-09-15 03:30:00,2.63,2.860704592108887
2018-09-15 03:45:00,3.31,2.844686456135332
2018-09-15 04:00:00,2.77,2.844686456135332
2018-09-15 04:15:00,2.7,3.2267760596632282
2018-09-15 04:30:00,2.7,3.5548856342766713
2018-09-15 04:45:00,2.7,3.6042664377203506
2018-09-15 05:00:00,2.7,3.561171185259156
2018-09-15 05:15:00,2.63,3.0387633468870447
2018-09-15 05:30:00,2.59,2.9463393721029716
2018-09-15 05:45:00,2.63,2.9233198298373573
2018-09-15 06:00:00,2.7,2.860704592108887
2018-09-15 06:15:00,2.63,2.844686456135332
2018-09-15 06:30:00,2.63,2.844686456135332
2018-09-15 06:45:00,2.63,3.561171185259156
2018-09-15 07:00:00,3.06,3.561171185259156
2018-09-15 07:15:00,3.1,2.844686456135332
2018-09-15 07:30:00,2.74,3.8070934195452355
2018-09-15 07:45:00,8.06,4.236843408818484
2018-09-15 08:00:00,34.02,7.054183420498044
2018-09-15 08:15:00,33.44,56.212685296468756
2018-09-15 08:30:00,38.3,59.36560616699241
2018-09-15 08:45:00,48.78,37.04348399862193
2018-09-15 09:00:00,33.05,40.52577525247389
2018-09-15 09:15:00,35.75,50.393981160960514
2018-09-15 09:30:00,35.14,37.12821589148849
2018-09-15 09:45:00,40.14,35.95673259819847
2018-09-15 10:00:00,33.8,37.37279079761769
2018-09-15 10:15:00,40.43,38.80063933407728
2018-09-15 10:30:00,33.01,34.70920952555983
2018-09-15 10:45:00,40.72,37.530450487482675
2018-09-15 11:00:00,41.22,35.93913357019096
2018-09-15 11:15:00,32.58,38.86418158228098
2018-09-15 11:30:00,40.39,36.618181721996955
2018-09-15 11:45:00,17.89,24.87556093457917
2018-09-15 12:00:00,3.31,11.11817781679776
2018-09-15 12:15:00,3.82,9.211736893494868
2018-09-15 12:30:00,3.82,4.086928106478445
2018-09-15 12:45:00,3.31,4.739930230136632
2018-09-15 13:00:00,29.63,14.089314010607827
2018-09-15 13:15:00,40.97,28.965800239449063
2018-09-15 13:30:00,39.96,51.384212229794215
2018-09-15 13:45:00,36.65,40.13852412733395
2018-09-15 14:00:00,40.39,40.96838299007445
2018-09-15 14:15:00,40.39,39.81966719952672
2018-09-15 14:30:00,32.98,41.33375744925332
2018-09-15 14:45:00,37.84,40.12318093598759
2018-09-15 15:00:00,44.21,36.02269423258223
2018-09-15 15:15:00,42.37,40.073335261924846
2018-09-15 15:30:00,38.59,42.92746628058979
2018-09-15 15:45:00,33.08,41.73616492716487
2018-09-15 16:00:00,39.67,38.16415611998938
2018-09-15 16:15:00,40.72,32.752636437385206
2018-09-15 16:30:00,39.67,35.24784659891111
2018-09-15 16:45:00,5.83,23.630292782482336
2018-09-15 17:00:00,3.82,15.50629296185623
2018-09-15 17:15:00,3.46,4.072251896688815
2018-09-15 17:30:00,3.49,3.4542047531716356
2018-09-15 17:45:00,3.49,3.2049960674157396
2018-09-15 18:00:00,3.42,3.5384775808527924
2018-09-15 18:15:00,3.42,3.5384775808527924
2018-09-15 18:30:00,3.6,3.5275424382437754
2018-09-15 18:45:00,3.67,3.3508332000537187
2018-09-15 19:00:00,3.64,3.6203335627960755
2018-09-15 19:15:00,3.6,3.6227334711873156
2018-09-15 19:30:00,3.64,3.602485187617298
2018-09-15 19:45:00,3.06,3.602485187617298
2018-09-15 20:00:00,2.99,3.4948900139117653
2018-09-15 20:15:00,2.92,3.1854373493202037
2018-09-15 20:30:00,2.92,3.1720842287453554
2018-09-15 20:45:00,2.95,3.157584315475528
2018-09-15 21:00:00,3.53,2.98519159559142
2018-09-15 21:15:00,3.49,3.001761761807011
2018-09-15 21:30:00,2.92,3.3311123395738442
2018-09-15 21:45:00,2.88,3.3311123395738442
2018-09-15 22:00:00,2.77,2.9872618485371834
2018-09-15 22:15:00,2.84,2.9577757323511444
2018-09-15 22:30:00,2.77,2.9577757323511444
2018-09-15 22:45:00,2.88,2.929434097999041
2018-09-15 23:00:00,3.2,2.929434097999041
2018-09-15 23:15:00,2.66,2.9359793420999143
2018-09-15 23:30:00,2.66,3.0609159771540924
2018-09-15 23:45:00,2.66,2.929434097999041
2018-09-16 00:00:00,2.66,2.850545752661985
2018-09-16 00:15:00,2.81,2.8995606001832117
2018-09-16 00:30:00,2.74,2.8995606001832117
2018-09-16 00:45:00,2.7,2.8051780816277825
2018-09-16 01:00:00,2.7,2.8051780816277825
2018-09-16 01:15:00,2.7,2.811723325728656
2018-09-16 01:30:00,2.74,2.8051780816277825
2018-09-16 01:45:00,2.77,2.8995606001832117
2018-09-16 02:00:00,2.74,2.8051780816277825
2018-09-16 02:15:00,2.99,2.879707903931435
2018-09-16 02:30:00,3.31,2.879707903931435
2018-09-16 02:45:00,2.7,2.92835161906574
2018-09-16 03:00:00,3.35,3.2734509827631957
2018-09-16 03:15:00,3.2,2.954717326781958
2018-09-16 03:30:00,2.74,3.2496468995218675
2018-09-16 03:45:00,2.74,3.1328193869351404
2018-09-16 04:00:00,2.74,2.9742892625476345
2018-09-16 04:15:00,2.77,2.858845745497947
2018-09-16 04:30:00,2.74,3.0088898490712155
2018-09-16 04:45:00,2.74,2.9472121460599947
2018-09-16 05:00:00,2.7,2.8157504930367523
2018-09-16 05:15:00,2.74,2.8317686290103072
2018-09-16 05:30:00,2.66,2.8317686290103072
2018-09-16 05:45:00,2.7,2.8387700353023666
2018-09-16 06:00:00,2.66,2.893446332021528
2018-09-16 06:15:00,2.77,2.8157504930367523
2018-09-16 06:30:00,3.17,2.893446332021528
2018-09-16 06:45:00,3.02,2.893446332021528
2018-09-16 07:00:00,2.66,2.899661452988917
2018-09-16 07:15:00,2.66,2.9372824735182226
2018-09-16 07:30:00,2.63,3.1207717150517484
2018-09-16 07:45:00,2.7,3.856088542611904
2018-09-16 08:00:00,2.59,12.382674785119686
2018-09-16 08:15:00,2.63,11.625643814698465
2018-09-16 08:30:00,3.35,3.3923425373830587
2018-09-16 08:45:00,3.2,3.360450792067775
2018-09-16 09:00:00,2.88,2.7350537037347777
2018-09-16 09:15:00,2.92,3.125362369115838
2018-09-16 09:30:00,2.81,3.3611803612143394
2018-09-16 09:45:00,2.84,3.4252062127085092
2018-09-16 10:00:00,2.84,3.614887819877005
2018-09-16 10:15:00,2.84,3.6480732541954874
2018-09-16 10:30:00,2.88,3.6900481605509996
2018-09-16 10:45:00,2.92,3.1230222099799034
2018-09-16 11:00:00,2.84,3.1230222099799034
2018-09-16 11:15:00,2.81,3.0596639047778385
2018-09-16 11:30:00,2.77,3.199744475976356
2018-09-16 11:45:00,3.2,3.076996902396174
2018-09-16 12:00:00,3.06,2.9128794712994575
2018-09-16 12:15:00,2.84,2.831634697620098
2018-09-16 12:30:00,2.95,2.9534723659001982
2018-09-16 12:45:00,2.84,3.153133469677935
2018-09-16 13:00:00,2.81,3.1049029037127966
2018-09-16 13:15:00,2.84,4.169363210837735
2018-09-16 13:30:00,2.81,3.7108876258703543
2018-09-16 13:45:00,2.81,3.6900481605509996
2018-09-16 14:00:00,2.92,3.696593404651873
2018-09-16 14:15:00,2.88,3.696593404651873
2018-09-16 14:30:00,3.49,3.712989032636165
2018-09-16 14:45:00,2.92,3.6900481605509996
2018-09-16 15:00:00,2.84,3.9201761237138633
2018-09-16 15:15:00,3.13,3.1156280498797924
2018-09-16 15:30:00,3.38,3.408126743509124
2018-09-16 15:45:00,2.88,3.4733240174114512
2018-09-16 16:00:00,2.84,3.6770428414658674
2018-09-16 16:15:00,2.88,2.6563856033213
2018-09-16 16:30:00,2.84,2.5093931312734283
2018-09-16 16:45:00,2.84,2.6033449619228546
2018-09-16 17:00:00,2.81,2.6232795588886684
2018-09-16 17:15:00,2.88,2.6232795588886684
2018-09-16 17:30:00,2.95,2.6794696000034985
2018-09-16 17:45:00,2.81,2.6904047426125155
2018-09-16 18:00:00,2.77,3.00418397118453
2018-09-16 18:15:00,2.84,2.9667431858295368
2018-09-16 18:30:00,2.88,2.9766475085398745
2018-09-16 18:45:00,2.84,2.95580804322052
2018-09-16 19:00:00,3.06,2.95580804322052
2018-09-16 19:15:00,3.56,2.9457721990474037
2018-09-16 19:30:00,3.28,2.9192096231039155
2018-09-16 19:45:00,3.28,3.320822818722039
2018-09-16 20:00:00,3.49,3.341662284041394
2018-09-16 20:15:00,2.95,3.341662284041394
2018-09-16 20:30:00,2.92,3.3006370384876713
2018-09-16 20:45:00,2.99,3.0040524497217516
2018-09-16 21:00:00,2.92,2.862873872155145
2018-09-16 21:15:00,2.92,2.964386094958433
2018-09-16 21:30:00,2.95,2.9498861816886053
2018-09-16 21:45:00,2.99,2.957388350721354
2018-09-16 22:00:00,2.74,2.964386094958433
2018-09-16 22:15:00,2.88,2.964386094958433
2018-09-16 22:30:00,2.77,2.9204000655025664
2018-09-16 22:45:00,2.74,2.9204000655025664
2018-09-16 23:00:00,2.74,2.8995606001832117
2018-09-16 23:15:00,2.66,2.8995606001832117
2018-09-16 23:30:00,2.7,2.8051780816277825
2018-09-16 23:45:00,2.74,2.8995606001832117
2018-09-17 00:00:00,2.7,2.858313380804105
2018-09-17 00:15:00,2.77,2.841287344122006
2018-09-17 00:30:00,2.74,2.841287344122006
2018-09-17 00:45:00,2.74,2.841287344122006
2018-09-17 01:00:00,3.35,2.841287344122006
2018-09-17 01:15:00,2.84,2.841287344122006
2018-09-17 01:30:00,3.28,3.2080787072438324
2018-09-17 01:45:00,3.1,2.8520278298216204
2018-09-17 02:00:00,2.77,3.236420341595936
2018-09-17 02:15:00,2.77,2.9339672654990725
2018-09-17 02:30:00,2.77,3.0506268804000825
2018-09-17 02:45:00,2.74,3.0672759013679403
2018-09-17 03:00:00,2.77,2.967303272580663
2018-09-17 03:15:00,2.84,2.983321408554218
2018-09-17 03:30:00,2.77,2.87487929779659
2018-09-17 03:45:00,2.74,2.890897433770145
2018-09-17 04:00:00,2.74,2.890897433770145
2018-09-17 04:15:00,2.81,2.8518597555309757
2018-09-17 04:30:00,2.74,2.9525751367813657
2018-09-17 04:45:00,3.2,2.967303272580663
2018-09-17 05:00:00,2.99,2.87487929779659
2018-09-17 05:15:00,2.77,3.1374665223469367
2018-09-17 05:30:00,2.7,2.973391736012446
2018-09-17 05:45:00,2.63,3.0832505640602546
2018-09-17 06:00:00,2.66,2.967807047010567
2018-09-17 06:15:00,2.7,3.044999111565439
2018-09-17 06:30:00,3.13,3.044999111565439
2018-09-17 06:45:00,3.06,2.9525751367813657
2018-09-17 07:00:00,2.66,2.9432490677710588
2018-09-17 07:15:00,2.92,2.998680450102832
2018-09-17 07:30:00,3.06,3.222272035589451
2018-09-17 07:45:00,3.13,4.318757981229754
2018-09-17 08:00:00,25.78,27.946654145320085
2018-09-17 08:15:00,63.11,36.29859501736964
2018-09-17 08:30:00,45.76,57.965384688272344
2018-09-17 08:45:00,56.34,68.6476189479605
2018-09-17 09:00:00,56.48,54.04770954233709
2018-09-17 09:15:00,50.98,61.929461514487315
2018-09-17 09:30:00,47.34,57.53669053587815
2018-09-17 09:45:00,42.3,53.116281023141035
2018-09-17 10:00:00,43.02,51.46887593923566
2018-09-17 10:15:00,55.19,48.729096946537815
2018-09-17 10:30:00,56.63,48.9786324585449
2018-09-17 10:45:00,62.96,61.604983865712136
2018-09-17 11:00:00,49.79,60.97023165164373
2018-09-17 11:15:00,56.88,59.7848654964081
2018-09-17 11:30:00,48.17,55.8884739552684
2018-09-17 11:45:00,45.79,49.02139605181703
2018-09-17 12:00:00,6.23,9.108945428131511
2018-09-17 12:15:00,3.89,9.071189514067106
2018-09-17 12:30:00,6.55,4.953757906594585
2018-09-17 12:45:00,5.26,6.036206317949856
2018-09-17 13:00:00,50.98,40.698683017798615
2018-09-17 13:15:00,74.77,50.47014586500483
2018-09-17 13:30:00,115.49,66.43919273371338
2018-09-17 13:45:00,114.12,72.7828577450546
2018-09-17 14:00:00,96.23,91.96263813007715
2018-09-17 14:15:00,111.64,97.40854312775107
2018-09-17 14:30:00,97.85,88.72347676734407
2018-09-17 14:45:00,121.14,93.85082634268666
2018-09-17 15:00:00,85.9,98.73580844559865
2018-09-17 15:15:00,108.5,91.3582988767011
2018-09-17 15:30:00,107.82,93.35847805380561
2018-09-17 15:45:00,105.19,86.63996752506269
2018-09-17 16:00:00,110.52,99.20870945766539
2018-09-17 16:15:00,100.3,99.12412706300881
2018-09-17 16:30:00,122.54,103.27515329810909
2018-09-17 16:45:00,82.62,100.53721963443697
2018-09-17 17:00:00,65.05,90.01751479263586
2018-09-17 17:15:00,53.35,90.03752798980486
2018-09-17 17:30:00,34.92,64.23946239937885
2018-09-17 17:45:00,27.36,56.427743751613846
2018-09-17 18:00:00,35.6,54.15768121160571
2018-09-17 18:15:00,42.48,50.58847263940592
2018-09-17 18:30:00,52.6,57.98755680788042
2018-09-17 18:45:00,51.05,49.447723257768246
2018-09-17 19:00:00,54.22,60.04155577609473
2018-09-17 19:15:00,51.16,53.85717148297054
2018-09-17 19:30:00,54.29,55.52667608331103
2018-09-17 19:45:00,55.76,56.12155396019267
2018-09-17 20:00:00,44.14,55.98351148079493
2018-09-17 20:15:00,48.31,58.049958410683175
2018-09-17 20:30:00,53.82,39.57651575155696
2018-09-17 20:45:00,12.28,38.35354776578096
2018-09-17 21:00:00,5.76,17.544085140655774
2018-09-17 21:15:00,4.07,4.525208317866963
2018-09-17 21:30:00,3.92,4.180693868415157
2018-09-17 21:45:00,3.89,4.152330405188858
2018-09-17 22:00:00,3.67,3.3142111879168863
2018-09-17 22:15:00,3.64,3.710108599577827
2018-09-17 22:30:00,3.6,3.5267327226478056
2018-09-17 22:45:00,3.6,3.47307342906527
2018-09-17 23:00:00,4.21,3.47307342906527
2018-09-17 23:15:00,4.61,3.47307342906527
2018-09-17 23:30:00,3.49,4.0659586577592135
2018-09-17 23:45:00,3.53,4.0659586577592135
2018-09-18 00:00:00,3.56,3.3142657511315865
2018-09-18 00:15:00,3.53,3.3997915855167045
2018-09-18 00:30:00,3.31,3.3997915855167045
2018-09-18 00:45:00,2.95,3.3997915855167045
2018-09-18 01:00:00,2.95,3.415744916739062
2018-09-18 01:15:00,2.95,3.086394338972229
2018-09-18 01:30:00,2.95,3.1059838958128343
2018-09-18 01:45:00,2.99,3.0258500314553185
2018-09-18 02:00:00,2.95,3.007997526485405
2018-09-18 02:15:00,2.95,3.0959636117868548
2018-09-18 02:30:00,2.95,3.1021150788886978
2018-09-18 02:45:00,2.95,3.128236991729237
2018-09-18 03:00:00,2.95,3.1181558511044667
2018-09-18 03:15:00,2.99,3.180936460964762
2018-09-18 03:30:00,2.99,3.180936460964762
2018-09-18 03:45:00,2.99,3.127086705556949
2018-09-18 04:00:00,3.6,3.127086705556949
2018-09-18 04:15:00,3.06,3.127086705556949
2018-09-18 04:30:00,3.46,3.616227171489012
2018-09-18 04:45:00,2.99,3.140098867810929
2018-09-18 05:00:00,2.99,3.5066534696713485
2018-09-18 05:15:00,2.95,3.127086705556949
2018-09-18 05:30:00,2.84,3.127086705556949
2018-09-18 05:45:00,2.84,3.127086705556949
2018-09-18 06:00:00,2.88,3.0832505640602546
2018-09-18 06:15:00,2.95,3.0992687000338095
2018-09-18 06:30:00,2.88,3.061017247538994
2018-09-18 06:45:00,2.84,3.1048533890356884
2018-09-18 07:00:00,2.88,3.057275663401845
2018-09-18 07:15:00,2.95,3.095527115896661
2018-09-18 07:30:00,4.54,3.411609298178046
2018-09-18 07:45:00,4.9,4.523127486349347
2018-09-18 08:00:00,35.46,40.37714634043702
2018-09-18 08:15:00,51.59,60.60543028080769
2018-09-18 08:30:00,55.87,60.00676943537972
2018-09-18 08:45:00,53.82,64.01211872163414
2018-09-18 09:00:00,48.24,61.36440106559929
2018-09-18 09:15:00,60.08,58.82879637349934
2018-09-18 09:30:00,61.2,54.463331334437385
2018-09-18 09:45:00,59.8,59.91841163002983
2018-09-18 10:00:00,59.26,59.9012914048813
2018-09-18 10:15:00,53.93,55.62381041051693
2018-09-18 10:30:00,49.75,57.63090903593977
2018-09-18 10:45:00,47.09,60.42344053061255
2018-09-18 11:00:00,60.55,58.956141263229036
2018-09-18 11:15:00,62.06,56.64074469693256
2018-09-18 11:30:00,62.68,57.77181441031165
2018-09-18 11:45:00,45.68,56.95863473332422
2018-09-18 12:00:00,25.6,10.503635766914027
2018-09-18 12:15:00,12.46,8.829440371007438
2018-09-18 12:30:00,4.07,10.049572649282851
2018-09-18 12:45:00,3.89,8.810051279031523
2018-09-18 13:00:00,39.2,30.270981198883682
2018-09-18 13:15:00,53.57,52.24109754951927
2018-09-18 13:30:00,60.48,65.8224768012743
2018-09-18 13:45:00,64.69,58.22789693417374
2018-09-18 14:00:00,62.89,57.37616354249735
2018-09-18 14:15:00,57.31,61.846786649348346
2018-09-18 14:30:00,54.11,61.586152955119324
2018-09-18 14:45:00,58.1,58.54269305689038
2018-09-18 15:00:00,42.62,61.40226610911581
2018-09-18 15:15:00,48.38,60.63972622213988
2018-09-18 15:30:00,60.23,49.227224820846956
2018-09-18 15:45:00,47.09,57.11624316189017
2018-09-18 16:00:00,41.08,58.8998246731994
2018-09-18 16:15:00,55.4,52.839149400285315
2018-09-18 16:30:00,51.12,42.94784128869981
2018-09-18 16:45:00,48.67,55.23100239534334
2018-09-18 17:00:00,43.02,50.76355108314581
2018-09-18 17:15:00,54.0,48.69436973282327
2018-09-18 17:30:00,32.22,34.99843684014454
2018-09-18 17:45:00,31.28,28.9492690857916
2018-09-18 18:00:00,37.26,38.26811887666992
2018-09-18 18:15:00,55.73,47.53421246280651
2018-09-18 18:30:00,48.67,49.17274211479193
2018-09-18 18:45:00,42.01,51.96524721760329
2018-09-18 19:00:00,47.7,52.297372433953726
2018-09-18 19:15:00,45.68,44.739358246404876
2018-09-18 19:30:00,49.18,51.69036055977266
2018-09-18 19:45:00,66.35,48.50300588041445
2018-09-18 20:00:00,40.93,48.49617653447233
2018-09-18 20:15:00,43.78,59.792044684019594
2018-09-18 20:30:00,41.44,34.08979996122504
2018-09-18 20:45:00,42.37,20.360788976633934
2018-09-18 21:00:00,27.29,15.559396466555354
2018-09-18 21:15:00,4.86,20.027393762879342
2018-09-18 21:30:00,3.67,17.274308669245542
2018-09-18 21:45:00,3.6,3.9475911713288085
2018-09-18 22:00:00,3.31,3.357144534943284
2018-09-18 22:15:00,3.38,3.4890267602876275
2018-09-18 22:30:00,3.35,3.3142657511315865
2018-09-18 22:45:00,4.46,3.3997915855167045
2018-09-18 23:00:00,3.96,3.415744916739062
2018-09-18 23:15:00,3.2,4.0659586577592135
2018-09-18 23:30:00,3.2,3.6941552683554693
2018-09-18 23:45:00,3.2,3.235293339322386
2018-09-19 00:00:00,2.92,3.3724065873169784
2018-09-19 00:15:00,2.74,3.2376559757188375
2018-09-19 00:30:00,2.66,3.0423503996541372
2018-09-19 00:45:00,2.66,3.0353628587913293
2018-09-19 01:00:00,2.7,3.0353628587913293
2018-09-19 01:15:00,2.66,3.007021224439226
2018-09-19 01:30:00,2.74,3.0266107812798313
2018-09-19 01:45:00,2.77,2.834241893396973
2018-09-19 02:00:00,2.74,2.834241893396973
2018-09-19 02:15:00,2.77,2.902226471599752
2018-09-19 02:30:00,2.74,2.902226471599752
2018-09-19 02:45:00,2.74,2.913429401379064
2018-09-19 03:00:00,2.81,2.967279156786877
2018-09-19 03:15:00,2.77,2.956836946925373
2018-09-19 03:30:00,2.74,2.915964899689845
2018-09-19 03:45:00,3.82,2.9389844419554594
2018-09-19 04:00:00,3.89,2.915964899689845
2018-09-19 04:15:00,2.7,1.9267753459167456
2018-09-19 04:30:00,2.77,2.9042435076570525
2018-09-19 04:45:00,2.74,3.743943423666924
2018-09-19 05:00:00,2.81,2.881364313166264
2018-09-19 05:15:00,2.74,2.953712577754757
2018-09-19 05:30:00,2.7,2.953712577754757
2018-09-19 05:45:00,2.7,2.8382690607050693
2018-09-19 06:00:00,2.74,2.9550025779290143
2018-09-19 06:15:00,2.66,2.8542871966786243
2018-09-19 06:30:00,2.66,3.0314084167395325
2018-09-19 06:45:00,2.66,2.8382690607050693
2018-09-19 07:00:00,2.66,2.8505456125414756
2018-09-19 07:15:00,2.92,2.9282414515262514
2018-09-19 07:30:00,4.61,3.177932057301478
2018-09-19 07:45:00,4.9,4.196722163957005
2018-09-19 08:00:00,25.45,37.96230101529912
2018-09-19 08:15:00,61.09,60.344762472468986
2018-09-19 08:30:00,34.99,58.64468231325807
2018-09-19 08:45:00,37.3,68.82967113841579
2018-09-19 09:00:00,54.65,41.053880575474786
2018-09-19 09:15:00,55.01,49.93102625811622
2018-09-19 09:30:00,37.76,57.252329634369154
2018-09-19 09:45:00,36.72,59.0939784670754
2018-09-19 10:00:00,37.22,45.09435837422973
2018-09-19 10:15:00,39.67,46.056925015883046
2018-09-19 10:30:00,43.09,46.41045851425112
2018-09-19 10:45:00,43.34,46.096107123093084
2018-09-19 11:00:00,45.76,46.173846701482816
2018-09-19 11:15:00,40.25,50.35484729440382
2018-09-19 11:30:00,48.06,50.586339906758035
2018-09-19 11:45:00,38.59,35.39646246683734
2018-09-19 12:00:00,5.36,8.574300963725577
2018-09-19 12:15:00,4.97,8.724141092692856
2018-09-19 12:30:00,4.46,3.0871216199955476
2018-09-19 12:45:00,4.9,4.597873915828049
2018-09-19 13:00:00,30.74,32.87581443510146
2018-09-19 13:15:00,41.58,47.33020923610036
2018-09-19 13:30:00,43.27,61.151105919820054
2018-09-19 13:45:00,44.1,48.32059575546585
2018-09-19 14:00:00,42.7,46.202089151891165
2018-09-19 14:15:00,38.7,46.66853266068865
2018-09-19 14:30:00,44.93,45.946873099586796
2018-09-19 14:45:00,43.42,44.1428186119027
2018-09-19 15:00:00,45.86,50.55713451072221
2018-09-19 15:15:00,37.15,45.03168082515949
2018-09-19 15:30:00,40.61,50.96702120574592
2018-09-19 15:45:00,42.52,43.16976431699412
2018-09-19 16:00:00,50.58,43.59605390411993
2018-09-19 16:15:00,52.38,44.53834506540669
2018-09-19 16:30:00,43.16,51.21899904156204
2018-09-19 16:45:00,51.62,53.69955426467244
2018-09-19 17:00:00,59.44,41.77799282070686
2018-09-19 17:15:00,51.66,49.45638398753468
2018-09-19 17:30:00,39.71,34.550533687850255
2018-09-19 17:45:00,36.47,27.73622534825031
2018-09-19 18:00:00,4.0,33.7840108911807
2018-09-19 18:15:00,3.85,37.2445613253049
2018-09-19 18:30:00,3.71,4.007489801556972
2018-09-19 18:45:00,3.67,4.319126385614236
2018-09-19 19:00:00,3.6,3.6243430626208553
2018-09-19 19:15:00,3.6,3.716770153289795
2018-09-19 19:30:00,3.64,3.605798410049087
2018-09-19 19:45:00,3.64,3.605798410049087
2018-09-19 20:00:00,3.67,3.558009632584948
2018-09-19 20:15:00,3.64,3.558009632584948
2018-09-19 20:30:00,3.64,3.4730134553582874
2018-09-19 20:45:00,3.71,2.349518959630442
2018-09-19 21:00:00,3.71,2.2361070222173804
2018-09-19 21:15:00,3.31,3.781088763740889
2018-09-19 21:30:00,3.74,3.4971886965995416
2018-09-19 21:45:00,3.31,3.4021542219131558
2018-09-19 22:00:00,2.92,3.513142027821899
2018-09-19 22:15:00,2.92,3.4217437787537612
2018-09-19 22:30:00,2.92,2.979906918389671
2018-09-19 22:45:00,2.92,2.979906918389671
2018-09-19 23:00:00,2.74,2.979906918389671
2018-09-19 23:15:00,2.7,2.979906918389671
2018-09-19 23:30:00,2.66,2.9569660463045055
2018-09-19 23:45:00,2.66,2.9569660463045055
2018-09-20 00:00:00,2.7,2.928624411952402
2018-09-20 00:15:00,2.77,2.9220791678515288
2018-09-20 00:30:00,3.35,2.8276966492960995
2018-09-20 00:45:00,2.77,2.8276966492960995
2018-09-20 01:00:00,2.7,3.194488012417926
2018-09-20 01:15:00,2.7,2.821411098313615
2018-09-20 01:30:00,2.66,2.856038283648203
2018-09-20 01:45:00,2.74,2.8447226859781987
2018-09-20 02:00:00,2.7,2.9220791678515288
2018-09-20 02:15:00,2.7,2.921380319364069
2018-09-20 02:30:00,2.7,2.902226471599752
2018-09-20 02:45:00,3.1,2.929447537352619
2018-09-20 03:00:00,3.35,2.913429401379064
2018-09-20 03:15:00,2.92,2.934990704205516
2018-09-20 03:30:00,2.7,3.22907021472899
2018-09-20 03:45:00,2.66,2.771637303282812
2018-09-20 04:00:00,2.74,2.742833404317116
2018-09-20 04:15:00,2.92,3.0817853073533445
2018-09-20 04:30:00,3.28,3.0314084167395325
2018-09-20 04:45:00,2.77,3.0602123157052286
2018-09-20 05:00:00,2.66,3.208804934406761
2018-09-20 05:15:00,2.66,2.758851540290671
2018-09-20 05:30:00,2.66,2.742833404317116
2018-09-20 05:45:00,2.66,2.953712577754757
2018-09-20 06:00:00,2.66,2.953712577754757
2018-09-20 06:15:00,2.7,2.8612886029706837
2018-09-20 06:30:00,2.63,2.8382690607050693
2018-09-20 06:45:00,2.66,2.8542871966786243
2018-09-20 07:00:00,2.63,2.9282414515262514
2018-09-20 07:15:00,2.66,2.9282414515262514
2018-09-20 07:30:00,2.81,3.177932057301478
2018-09-20 07:45:00,3.96,4.167918264991308
2018-09-20 08:00:00,34.7,21.960537796922786
2018-09-20 08:15:00,41.47,57.64670105417211
2018-09-20 08:30:00,48.42,62.23732340039229
2018-09-20 08:45:00,41.11,50.545705792187775
2018-09-20 09:00:00,46.12,57.387047034295485
2018-09-20 09:15:00,38.63,44.78401602736599
2018-09-20 09:30:00,38.27,51.11951110812615
2018-09-20 09:45:00,39.02,46.2817009245036
2018-09-20 10:00:00,38.81,44.51103332840542
2018-09-20 10:15:00,43.56,45.54202255100119
2018-09-20 10:30:00,54.04,45.050142869575794
2018-09-20 10:45:00,54.54,46.623136933233724
2018-09-20 11:00:00,50.76,58.74455230211973
2018-09-20 11:15:00,49.1,57.660957054734425
2018-09-20 11:30:00,59.98,52.43190633727537
2018-09-20 11:45:00,34.78,43.779281817151016
2018-09-20 12:00:00,26.78,8.564465226145105
2018-09-20 12:15:00,10.15,9.366283852413924
2018-09-20 12:30:00,3.67,9.219902814553837
2018-09-20 12:45:00,4.28,7.913216662868539
2018-09-20 13:00:00,31.36,30.42103320802562
2018-09-20 13:15:00,61.16,51.03828297561594
2018-09-20 13:30:00,64.4,64.58685993367783
2018-09-20 13:45:00,61.99,63.96540285326938
2018-09-20 14:00:00,60.12,65.07654477016446
2018-09-20 14:15:00,48.85,59.830109651510114
2018-09-20 14:30:00,45.47,61.5483440501164
2018-09-20 14:45:00,55.3,56.38789235906142
2018-09-20 15:00:00,48.13,54.449791477608066
2018-09-20 15:15:00,51.8,58.506637542887354
2018-09-20 15:30:00,70.49,55.075062456614006
2018-09-20 15:45:00,54.32,56.495626746735894
2018-09-20 16:00:00,65.23,64.28194819033212
2018-09-20 16:15:00,43.16,60.88324986866046
2018-09-20 16:30:00,56.41,63.608842753649334
2018-09-20 16:45:00,51.3,46.48433376684909
2018-09-20 17:00:00,50.33,56.08832545036558
2018-09-20 17:15:00,55.19,50.194966170742084
2018-09-20 17:30:00,29.09,38.54948680254201
2018-09-20 17:45:00,30.31,30.75005462552599
2018-09-20 18:00:00,37.66,32.8437712531673
2018-09-20 18:15:00,52.81,48.91458431458932
2018-09-20 18:30:00,39.42,49.828709482327035
2018-09-20 18:45:00,44.17,53.818047994679645
2018-09-20 19:00:00,57.13,41.88014560209319
2018-09-20 19:15:00,54.22,46.34928973457556
2018-09-20 19:30:00,45.04,53.34703226018498
2018-09-20 19:45:00,41.11,52.59195420911062
2018-09-20 20:00:00,41.47,47.42392602189235
2018-09-20 20:15:00,67.54,45.222221845873854
2018-09-20 20:30:00,37.58,39.56364462220637
2018-09-20 20:45:00,13.28,31.690203164786784
2018-09-20 21:00:00,4.07,12.25670769852187
2018-09-20 21:15:00,3.89,5.882180393211291
2018-09-20 21:30:00,3.74,4.770153672310437
2018-09-20 21:45:00,3.71,3.5054383050933056
2018-09-20 22:00:00,3.53,3.513142027821899
2018-09-20 22:15:00,3.49,3.513142027821899
2018-09-20 22:30:00,3.49,3.3498361922584587
2018-09-20 22:45:00,3.53,3.4021542219131558
2018-09-20 23:00:00,3.42,3.386200890690798
2018-09-20 23:15:00,3.42,3.475871188412906
2018-09-20 23:30:00,3.38,3.386200890690798
2018-09-20 23:45:00,3.42,3.386200890690798
2018-09-21 00:00:00,2.77,3.383051616131666
2018-09-21 00:15:00,2.92,3.383051616131666
2018-09-21 00:30:00,3.17,3.1701134703894702
2018-09-21 00:45:00,3.46,3.0392011250950053
2018-09-21 01:00:00,2.84,3.102045393927188
2018-09-21 01:15:00,2.81,3.4026411729722716
2018-09-21 01:30:00,2.81,2.860506958649686
2018-09-21 01:45:00,2.92,2.937863440523016
2018-09-21 02:00:00,2.88,2.9095218061709125
2018-09-21 02:15:00,2.88,3.0101251684157853
2018-09-21 02:30:00,2.81,2.9871842963306197
2018-09-21 02:45:00,2.84,3.058102905766848
2018-09-21 03:00:00,2.84,3.025788448620817
2018-09-21 03:15:00,2.84,3.012305810958043
2018-09-21 03:30:00,2.84,3.012305810958043
2018-09-21 03:45:00,2.95,3.012305810958043
2018-09-21 04:00:00,3.38,3.012305810958043
2018-09-21 04:15:00,3.1,3.0561419524547375
2018-09-21 04:30:00,2.84,3.435708716569137
2018-09-21 04:45:00,2.92,3.1472789069533054
2018-09-21 05:00:00,2.81,3.0505572634528586
2018-09-21 05:15:00,2.77,3.071858993385806
2018-09-21 05:30:00,2.74,3.012305810958043
2018-09-21 05:45:00,2.88,3.04305509442011
2018-09-21 06:00:00,3.38,3.012305810958043
2018-09-21 06:15:00,2.95,3.028323946931598
2018-09-21 06:30:00,2.81,3.418099833472367
2018-09-21 06:45:00,2.74,2.9574324266881797
2018-09-21 07:00:00,2.7,2.9398881292068286
2018-09-21 07:15:00,2.99,3.055331646256516
2018-09-21 07:30:00,3.35,3.255287247571985
2018-09-21 07:45:00,14.33,4.706938204242857
2018-09-21 08:00:00,35.14,34.41155080505493
2018-09-21 08:15:00,41.11,72.98586980658358
2018-09-21 08:30:00,50.29,45.803451185123606
2018-09-21 08:45:00,55.91,44.20045886000767
2018-09-21 09:00:00,59.83,58.78242525473254
2018-09-21 09:15:00,45.58,59.230661586005624
2018-09-21 09:30:00,39.31,57.386843619454424
2018-09-21 09:45:00,47.52,51.50554270046326
2018-09-21 10:00:00,54.9,48.23106298955897
2018-09-21 10:15:00,38.66,53.66645282983751
2018-09-21 10:30:00,39.35,57.94275696832602
2018-09-21 10:45:00,34.09,46.76259913354333
2018-09-21 11:00:00,30.24,47.66088840039237
2018-09-21 11:15:00,31.25,41.036809215111084
2018-09-21 11:30:00,30.38,34.35070204518599
2018-09-21 11:45:00,29.84,27.251611899212595
2018-09-21 12:00:00,7.24,13.08985704235356
2018-09-21 12:15:00,6.26,10.369623917691468
2018-09-21 12:30:00,4.64,5.67428614758416
2018-09-21 12:45:00,4.21,5.044883890387822
2018-09-21 13:00:00,18.18,33.37432323440305
2018-09-21 13:15:00,28.08,45.45774822111444
2018-09-21 13:30:00,29.77,48.17072936345609
2018-09-21 13:45:00,27.86,39.391894970266776
2018-09-21 14:00:00,27.07,41.415981075742266
2018-09-21 14:15:00,24.95,34.85671756664093
2018-09-21 14:30:00,8.6,32.658931837647195
2018-09-21 14:45:00,8.64,32.286556951608546
2018-09-21 15:00:00,8.57,26.498174168394254
2018-09-21 15:15:00,7.67,30.15657013982194
2018-09-21 15:30:00,6.52,30.236524722148076
2018-09-21 15:45:00,5.08,30.21100946341194
2018-09-21 16:00:00,3.31,36.19460499884384
2018-09-21 16:15:00,3.31,7.945606691839835
2018-09-21 16:30:00,3.35,3.2261830855920026
2018-09-21 16:45:00,3.38,3.18259840386083
2018-09-21 17:00:00,3.35,3.2090782449275173
2018-09-21 17:15:00,3.42,3.1057453073539714
2018-09-21 17:30:00,3.31,3.155390104367928
2018-09-21 17:45:00,3.24,3.166325246976945
2018-09-21 18:00:00,3.28,3.499806760413998
2018-09-21 18:15:00,3.31,3.499806760413998
2018-09-21 18:30:00,3.92,3.488871617804981
2018-09-21 18:45:00,4.39,3.488871617804981
2018-09-21 19:00:00,2.7,3.8162120342022914
2018-09-21 19:15:00,2.74,4.1985687675088625
2018-09-21 19:30:00,2.77,3.0624718518740317
2018-09-21 19:45:00,2.7,3.0624718518740317
2018-09-21 20:00:00,2.77,3.0341302175219282
2018-09-21 20:15:00,2.74,2.9557334050351045
2018-09-21 20:30:00,2.74,2.8613508864796753
2018-09-21 20:45:00,2.7,2.8613508864796753
2018-09-21 21:00:00,2.66,2.7516982588649954
2018-09-21 21:15:00,2.7,2.80859404351461
2018-09-21 21:30:00,2.77,2.825620080196709
2018-09-21 21:45:00,2.66,2.80859404351461
2018-09-21 22:00:00,2.52,2.80859404351461
2018-09-21 22:15:00,2.59,2.80859404351461
2018-09-21 22:30:00,2.52,2.80859404351461
2018-09-21 22:45:00,3.17,2.8264465484845234
2018-09-21 23:00:00,2.88,2.9236064495241383
2018-09-21 23:15:00,3.2,2.847560478110067
2018-09-21 23:30:00,2.52,2.7334337028406153
2018-09-21 23:45:00,2.48,3.031726625761473
2018-09-22 00:00:00,2.52,2.7589537040523675
2018-09-22 00:15:00,2.56,3.14213487569091
2018-09-22 00:30:00,2.59,2.8533362226077967
2018-09-22 00:45:00,2.56,2.8533362226077967
2018-09-22 01:00:00,2.52,2.765498948153241
2018-09-22 01:15:00,2.56,2.7589537040523675
2018-09-22 01:30:00,2.52,2.765498948153241
2018-09-22 01:45:00,2.56,2.834114044726362
2018-09-22 02:00:00,2.63,2.7589537040523675
2018-09-22 02:15:00,3.02,3.5499682554798437
2018-09-22 02:30:00,2.84,3.5499682554798437
2018-09-22 02:45:00,2.56,3.4915963561638788
2018-09-22 03:00:00,2.56,2.9207843315265762
2018-09-22 03:15:00,2.56,3.146867960389188
2018-09-22 03:30:00,3.02,2.9233198298373573
2018-09-22 03:45:00,3.06,3.6766147023088434
2018-09-22 04:00:00,2.66,3.612488667314033
2018-09-22 04:15:00,2.56,3.6180194890098307
2018-09-22 04:30:00,2.59,3.6042664377203506
2018-09-22 04:45:00,2.59,3.6042664377203506
2018-09-22 05:00:00,2.66,3.6766147023088434
2018-09-22 05:15:00,2.59,3.6766147023088434
2018-09-22 05:30:00,2.52,3.561171185259156
2018-09-22 05:45:00,2.52,3.561171185259156
2018-09-22 06:00:00,3.17,3.577189321232711
2018-09-22 06:15:00,3.1,3.561171185259156
2018-09-22 06:30:00,2.59,2.8992686132980166
2018-09-22 06:45:00,2.56,2.8784522777759736
2018-09-22 07:00:00,2.48,3.6042664377203506
2018-09-22 07:15:00,2.52,3.6042664377203506
2018-09-22 07:30:00,2.52,4.247452355585951
2018-09-22 07:45:00,2.52,4.394750324477088
2018-09-22 08:00:00,2.95,6.830635289946212
2018-09-22 08:15:00,3.28,7.7290691848155175
2018-09-22 08:30:00,3.31,6.531042887101853
2018-09-22 08:45:00,3.74,3.332627171349381
2018-09-22 09:00:00,2.99,3.9985797711969635
2018-09-22 09:15:00,2.92,1.9766345337251252
2018-09-22 09:30:00,2.99,3.9158172270443377
2018-09-22 09:45:00,2.92,4.042099965591147
2018-09-22 10:00:00,4.0,4.16798610942395
2018-09-22 10:15:00,3.24,3.771204164804098
2018-09-22 10:30:00,2.92,5.198162949298781
2018-09-22 10:45:00,2.95,3.8896567511074345
2018-09-22 11:00:00,3.28,3.6934758600332964
2018-09-22 11:15:00,3.78,3.6968369366898877
2018-09-22 11:30:00,2.99,4.168827495358579
2018-09-22 11:45:00,3.35,4.573697095571376
2018-09-22 12:00:00,2.92,3.5729933752966727
2018-09-22 12:15:00,2.81,3.2385277735611053
2018-09-22 12:30:00,2.88,3.084495367836392
2018-09-22 12:45:00,2.95,3.1830069674937644
2018-09-22 13:00:00,2.81,3.174692098046963
2018-09-22 13:15:00,2.81,4.243222738109429
2018-09-22 13:30:00,3.17,3.8575278460829105
2018-09-22 13:45:00,4.5,3.7482632927189323
2018-09-22 14:00:00,2.99,3.812480511892073
2018-09-22 14:15:00,2.92,6.544378545047686
2018-09-22 14:30:00,2.81,3.7857040780739255
2018-09-22 14:45:00,2.77,3.9841598352660714
2018-09-22 15:00:00,2.84,4.056318007481154
2018-09-22 15:15:00,3.13,3.445502410357702
2018-09-22 15:30:00,3.38,3.4171607760055984
2018-09-22 15:45:00,3.06,3.488903294008799
2018-09-22 16:00:00,2.77,3.8445225269977783
2018-09-22 16:15:00,2.84,2.652194356160892
2018-09-22 16:30:00,2.88,2.5392666290892576
2018-09-22 16:45:00,2.77,2.647512680957165
2018-09-22 17:00:00,2.77,2.6531530567044976
2018-09-22 17:15:00,2.81,2.6531530567044976
2018-09-22 17:30:00,2.81,2.6319866159459977
2018-09-22 17:45:00,2.81,2.7202782404283448
2018-09-22 18:00:00,2.77,3.1011482970736686
2018-09-22 18:15:00,2.92,2.919260201772036
2018-09-22 18:30:00,3.56,2.908325059163019
2018-09-22 18:45:00,3.06,3.0086224131215147
2018-09-22 19:00:00,2.88,3.3676071569993966
2018-09-22 19:15:00,2.84,3.0472790681124295
2018-09-22 19:30:00,2.95,2.9266308493420063
2018-09-22 19:45:00,3.38,3.0039873312153365
2018-09-22 20:00:00,3.13,3.013086482218226
2018-09-22 20:15:00,2.88,3.349758781820619
2018-09-22 20:30:00,2.95,3.0897956019299966
2018-09-22 20:45:00,2.92,3.003030406283461
2018-09-22 21:00:00,2.92,2.9128549926244256
2018-09-22 21:15:00,2.88,2.951437435366957
2018-09-22 21:30:00,2.88,2.9732144354035612
2018-09-22 21:45:00,2.84,2.9502735633183956
2018-09-22 22:00:00,2.66,2.956818807419269
2018-09-22 22:15:00,2.7,2.9350418073826647
2018-09-22 22:30:00,2.77,2.929434097999041
2018-09-22 22:45:00,2.77,2.929434097999041
2018-09-22 23:00:00,2.95,2.929434097999041
2018-09-22 23:15:00,2.95,2.929434097999041
2018-09-22 23:30:00,2.84,2.872492364798605
2018-09-22 23:45:00,2.92,2.872492364798605
2018-09-23 00:00:00,2.56,2.850545752661985
2018-09-23 00:15:00,2.52,2.8734866247471507
2018-09-23 00:30:00,2.56,2.8995606001832117
2018-09-23 00:45:00,2.52,2.927902234535315
2018-09-23 01:00:00,2.56,2.8995606001832117
2018-09-23 01:15:00,2.66,2.8995606001832117
2018-09-23 01:30:00,2.56,2.8051780816277825
2018-09-23 01:45:00,2.52,2.8051780816277825
2018-09-23 02:00:00,2.56,2.8051780816277825
2018-09-23 02:15:00,2.48,2.80454756325744
2018-09-23 02:30:00,2.84,2.80454756325744
2018-09-23 02:45:00,3.17,2.890910833710747
2018-09-23 03:00:00,2.52,2.890910833710747
2018-09-23 03:15:00,2.59,2.9030221345525122
2018-09-23 03:30:00,2.81,2.893446332021528
2018-09-23 03:45:00,3.13,3.1169944625733588
2018-09-23 04:00:00,2.56,3.0088898490712155
2018-09-23 04:15:00,2.63,2.919953477095381
2018-09-23 04:30:00,2.52,2.8157504930367523
2018-09-23 04:45:00,2.52,2.858845745497947
2018-09-23 05:00:00,2.56,2.9472121460599947
2018-09-23 05:15:00,2.59,2.9311940100864398
2018-09-23 05:30:00,2.52,2.8157504930367523
2018-09-23 05:45:00,2.56,2.8157504930367523
2018-09-23 06:00:00,2.52,2.8317686290103072
2018-09-23 06:15:00,2.52,2.8157504930367523
2018-09-23 06:30:00,2.48,2.8157504930367523
2018-09-23 06:45:00,2.88,2.893446332021528
2018-09-23 07:00:00,2.95,2.893446332021528
2018-09-23 07:15:00,2.52,2.8157504930367523
2018-09-23 07:30:00,2.48,2.940698388577346
2018-09-23 07:45:00,3.13,3.8676695868698707
2018-09-23 08:00:00,2.84,7.024309922682214
2018-09-23 08:15:00,2.48,22.011154615684156
2018-09-23 08:30:00,2.56,5.465411832795408
2018-09-23 08:45:00,2.81,3.4226416580659866
2018-09-23 09:00:00,2.7,3.361712677055385
2018-09-23 09:15:00,2.7,4.013331930653
2018-09-23 09:30:00,2.7,4.013331930653
2018-09-23 09:45:00,2.7,3.3790313760698933
2018-09-23 10:00:00,2.74,3.3878316834148543
2018-09-23 10:15:00,2.7,3.5959325010389356
2018-09-23 10:30:00,2.77,3.381286439313981
2018-09-23 10:45:00,2.77,2.8077152446420115
2018-09-23 11:00:00,2.7,2.9018309041540755
2018-09-23 11:15:00,2.77,2.897237311641713
2018-09-23 11:30:00,2.74,2.966143095413332
2018-09-23 11:45:00,2.84,2.966143095413332
2018-09-23 12:00:00,3.35,2.910683330100122
2018-09-23 12:15:00,2.81,2.9194376376090903
2018-09-23 12:30:00,2.81,2.728986357638398
2018-09-23 12:45:00,2.81,2.658719593545295
2018-09-23 13:00:00,2.77,2.92267036947343
2018-09-23 13:15:00,2.99,4.094202870163742
2018-09-23 13:30:00,3.35,3.614887819877005
2018-09-23 13:45:00,2.81,3.652328605231998
2018-09-23 14:00:00,2.88,3.9046433831531027
2018-09-23 14:15:00,2.77,3.6546184982963608
2018-09-23 14:30:00,2.81,3.5707167723221573
2018-09-23 14:45:00,2.81,3.6900481605509996
2018-09-23 15:00:00,2.81,3.6095810951184126
2018-09-23 15:15:00,2.77,3.3121269375157745
2018-09-23 15:30:00,2.81,3.387287278189769
2018-09-23 15:45:00,2.84,3.2413156997433177
2018-09-23 16:00:00,2.84,3.387287278189769
2018-09-23 16:15:00,3.1,2.6280439689691963
2018-09-23 16:30:00,3.2,2.4885536659540737
2018-09-23 16:45:00,2.81,2.579126656625735
2018-09-23 17:00:00,2.77,2.7919456567458516
2018-09-23 17:15:00,2.81,2.644119024208023
2018-09-23 17:30:00,2.81,2.7012659902547287
2018-09-23 17:45:00,2.81,2.683859498511642
2018-09-23 18:00:00,3.17,2.9667431858295368
2018-09-23 18:15:00,3.13,2.9667431858295368
2018-09-23 18:30:00,2.81,3.016094387766348
2018-09-23 18:45:00,2.81,3.0726345341176353
2018-09-23 19:00:00,2.81,2.9766475085398745
2018-09-23 19:15:00,2.88,2.9666116643667584
2018-09-23 19:30:00,2.81,2.9457721990474037
2018-09-23 19:45:00,3.24,2.9457721990474037
2018-09-23 20:00:00,3.02,2.9457721990474037
2018-09-23 20:15:00,2.81,3.3273680628229125
2018-09-23 20:30:00,2.84,2.98975822850327
2018-09-23 20:45:00,2.81,2.974113833399507
2018-09-23 21:00:00,2.92,2.8399330000699794
2018-09-23 21:15:00,2.81,2.8995606001832117
2018-09-23 21:30:00,2.88,2.9225014722683773
2018-09-23 21:45:00,2.81,2.8995606001832117
2018-09-23 22:00:00,2.63,2.9269453096034397
2018-09-23 22:15:00,2.63,2.8995606001832117
2018-09-23 22:30:00,2.66,2.8995606001832117
2018-09-23 22:45:00,2.7,2.8995606001832117
2018-09-23 23:00:00,3.6,2.8995606001832117
2018-09-23 23:15:00,4.0,2.8995606001832117
2018-09-23 23:30:00,2.63,3.2452512882981743
2018-09-23 23:45:00,2.66,2.0007098709764395
2018-09-24 00:00:00,2.59,4.35731314892218
2018-09-24 00:15:00,2.63,3.0549256565311245
2018-09-24 00:30:00,2.74,2.935669862677435
2018-09-24 00:45:00,2.63,2.935669862677435
2018-09-24 01:00:00,2.59,2.841287344122006
2018-09-24 01:15:00,2.63,2.847832588222879
2018-09-24 01:30:00,2.63,2.847832588222879
2018-09-24 01:45:00,2.66,2.841287344122006
2018-09-24 02:00:00,2.66,2.841287344122006
2018-09-24 02:15:00,2.66,2.8406568257516636
2018-09-24 02:30:00,2.63,2.8406568257516636
2018-09-24 02:45:00,2.63,2.8518597555309757
2018-09-24 03:00:00,2.95,2.8518597555309757
2018-09-24 03:15:00,3.02,2.9295555945157514
2018-09-24 03:30:00,2.63,3.027241491420259
2018-09-24 03:45:00,3.17,2.8956958970276703
2018-09-24 04:00:00,3.24,2.8949550079921704
2018-09-24 04:15:00,2.74,3.01249298701466
2018-09-24 04:30:00,2.66,3.4839100491395545
2018-09-24 04:45:00,2.63,3.010398525041858
2018-09-24 05:00:00,2.66,2.8949550079921704
2018-09-24 05:15:00,2.63,2.967303272580663
2018-09-24 05:30:00,2.7,2.967303272580663
2018-09-24 05:45:00,2.63,2.8518597555309757
2018-09-24 06:00:00,2.59,2.8678778915045307
2018-09-24 06:15:00,3.1,2.8678778915045307
2018-09-24 06:30:00,2.92,2.8518597555309757
2018-09-24 06:45:00,2.56,2.9149543799610975
2018-09-24 07:00:00,2.66,2.892940206333078
2018-09-24 07:15:00,2.59,2.9800835988469734
2018-09-24 07:30:00,2.56,3.415070882679215
2018-09-24 07:45:00,2.63,4.678716199608604
2018-09-24 08:00:00,2.59,23.976522013482317
2018-09-24 08:15:00,2.59,20.650764918918494
2018-09-24 08:30:00,2.74,5.0829823202849544
2018-09-24 08:45:00,2.81,2.841109114608881
2018-09-24 09:00:00,2.88,2.7190311425174105
2018-09-24 09:15:00,2.84,2.7190311425174105
2018-09-24 09:30:00,3.17,2.7190311425174105
2018-09-24 09:45:00,3.24,2.7363498415319194
2018-09-24 10:00:00,2.84,2.824618514200377
2018-09-24 10:15:00,2.88,3.720367206618366
2018-09-24 10:30:00,3.42,3.2610049384221442
2018-09-24 10:45:00,2.88,2.4946348966604104
2018-09-24 11:00:00,2.84,3.213295551354985
2018-09-24 11:15:00,2.81,2.889662125542891
2018-09-24 11:30:00,2.84,3.2245360956415343
2018-09-24 11:45:00,2.88,3.3348735944845203
2018-09-24 12:00:00,2.81,3.0480085898076235
2018-09-24 12:15:00,2.81,3.0502176532157184
2018-09-24 12:30:00,2.84,3.0502176532157184
2018-09-24 12:45:00,2.81,3.203715931998071
2018-09-24 13:00:00,2.81,2.4737954313410557
2018-09-24 13:15:00,2.84,3.5266816762997633
2018-09-24 13:30:00,2.84,3.0473666260130257
2018-09-24 13:45:00,3.13,3.0473666260130257
2018-09-24 14:00:00,3.49,3.0473666260130257
2018-09-24 14:15:00,2.92,3.1125638999153526
2018-09-24 14:30:00,3.38,3.378435491372317
2018-09-24 14:45:00,3.24,3.0986491324502947
2018-09-24 15:00:00,2.84,3.318807891259085
2018-09-24 15:15:00,2.84,3.1897179452782387
2018-09-24 15:30:00,2.81,2.76544520897115
2018-09-24 15:45:00,2.81,2.76544520897115
2018-09-24 16:00:00,2.81,2.7511509877526685
2018-09-24 16:15:00,2.92,2.965507749762369
2018-09-24 16:30:00,2.88,2.5369394802847034
2018-09-24 16:45:00,2.81,2.712729352229784
2018-09-24 17:00:00,2.81,2.9934455621927
2018-09-24 17:15:00,2.84,2.995463231574775
2018-09-24 17:30:00,2.77,3.024268563269377
2018-09-24 17:45:00,2.77,3.035203705878394
2018-09-24 18:00:00,2.74,3.0309477160003797
2018-09-24 18:15:00,2.74,3.0309477160003797
2018-09-24 18:30:00,2.88,3.0200125733913628
2018-09-24 18:45:00,2.84,3.0200125733913628
2018-09-24 19:00:00,2.81,2.9426560915180326
2018-09-24 19:15:00,3.38,2.9326202473449166
2018-09-24 19:30:00,4.43,2.9155942106628174
2018-09-24 19:45:00,2.92,3.4393741849320065
2018-09-24 20:00:00,2.81,4.472170146855692
2018-09-24 20:15:00,2.81,3.26621492220015
2018-09-24 20:30:00,2.81,2.806836141884014
2018-09-24 20:45:00,2.81,3.3461680094213264
2018-09-24 21:00:00,2.88,2.855202797244848
2018-09-24 21:15:00,2.92,2.935669862677435
2018-09-24 21:30:00,2.81,2.9422151067783084
2018-09-24 21:45:00,2.77,2.965155978863474
2018-09-24 22:00:00,2.66,2.935669862677435
2018-09-24 22:15:00,2.63,2.893694956321923
2018-09-24 22:30:00,2.84,2.8605095220034404
2018-09-24 22:45:00,3.2,2.935669862677435
2018-09-24 23:00:00,2.59,2.935669862677435
2018-09-24 23:15:00,2.56,3.060606497731613
2018-09-24 23:30:00,2.59,2.841287344122006
2018-09-24 23:45:00,2.63,2.9676153478015386
2018-09-25 00:00:00,2.66,2.935669862677435
2018-09-25 00:15:00,3.24,2.935669862677435
2018-09-25 00:30:00,2.99,2.841287344122006
2018-09-25 00:45:00,2.63,3.2080787072438324
2018-09-25 01:00:00,2.63,2.8852733735778724
2018-09-25 01:15:00,2.63,3.0549256565311245
2018-09-25 01:30:00,2.59,3.0549256565311245
2018-09-25 01:45:00,2.7,2.935669862677435
2018-09-25 02:00:00,3.24,2.935669862677435
2018-09-25 02:15:00,2.77,2.8406568257516636
2018-09-25 02:30:00,2.7,3.2139934329743634
2018-09-25 02:45:00,2.63,2.9270200962049704
2018-09-25 03:00:00,2.59,3.150568226756801
2018-09-25 03:15:00,2.66,2.8518597555309757
2018-09-25 03:30:00,2.63,2.967303272580663
2018-09-25 03:45:00,2.63,2.87487929779659
2018-09-25 04:00:00,2.59,2.8518597555309757
2018-09-25 04:15:00,2.59,2.8678778915045307
2018-09-25 04:30:00,2.66,2.9295555945157514
2018-09-25 04:45:00,2.66,2.9295555945157514
2018-09-25 05:00:00,2.63,2.8518597555309757
2018-09-25 05:15:00,2.88,2.8518597555309757
2018-09-25 05:30:00,3.85,2.8518597555309757
2018-09-25 05:45:00,2.84,2.8518597555309757
2018-09-25 06:00:00,2.56,1.7276142092735467
2018-09-25 06:15:00,2.56,2.923270043533267
2018-09-25 06:30:00,2.56,3.153103725067582
2018-09-25 06:45:00,2.52,2.967303272580663
2018-09-25 07:00:00,2.56,2.9795798244170695
2018-09-25 07:15:00,2.63,2.9795798244170695
2018-09-25 07:30:00,2.59,3.1138269131426086
2018-09-25 07:45:00,2.63,4.197527095790769
2018-09-25 08:00:00,2.59,21.97412849174869
2018-09-25 08:15:00,2.52,21.16105749388787
2018-09-25 08:30:00,2.48,2.727999942079976
2018-09-25 08:45:00,2.92,2.841109114608881
2018-09-25 09:00:00,3.13,2.7190311425174105
2018-09-25 09:15:00,2.66,2.6349564001523054
2018-09-25 09:30:00,2.7,2.859388757093732
2018-09-25 09:45:00,2.66,3.3523890929871243
2018-09-25 10:00:00,3.1,3.0463588766971896
2018-09-25 10:15:00,3.35,2.9532509665009616
2018-09-25 10:30:00,2.74,2.911432625953018
2018-09-25 10:45:00,2.63,2.1718721540285344
2018-09-25 11:00:00,2.66,2.0612414553619245
2018-09-25 11:15:00,2.66,2.8534138347337703
2018-09-25 11:30:00,2.66,3.328328350383647
2018-09-25 11:45:00,2.59,3.328328350383647
2018-09-25 12:00:00,2.66,2.8268172839817955
2018-09-25 12:15:00,2.66,2.842116835591637
2018-09-25 12:30:00,2.66,2.842116835591637
2018-09-25 12:45:00,2.84,2.963569307334174
2018-09-25 13:00:00,3.35,2.259149369616101
2018-09-25 13:15:00,2.66,3.3120356145748087
2018-09-25 13:30:00,2.63,2.9420480821056354
2018-09-25 13:45:00,2.66,2.462960123218934
2018-09-25 14:00:00,2.66,2.790745657932559
2018-09-25 14:15:00,2.66,3.0473666260130257
2018-09-25 14:30:00,2.63,3.0473666260130257
2018-09-25 14:45:00,2.74,2.7575602236140764
2018-09-25 15:00:00,2.74,2.65813783934342
2018-09-25 15:15:00,2.66,2.4613445853537192
2018-09-25 15:30:00,2.63,2.454799341252846
2018-09-25 15:45:00,2.7,2.454799341252846
2018-09-25 16:00:00,2.66,2.4358440224147766
2018-09-25 16:15:00,2.66,2.789419646432072
2018-09-25 16:30:00,3.28,2.3673966210552795
2018-09-25 16:45:00,3.67,2.513700376814321
2018-09-25 17:00:00,2.95,2.834525647325945
2018-09-25 17:15:00,2.66,2.03173261468235
2018-09-25 17:30:00,2.63,2.6481746827320345
2018-09-25 17:45:00,2.63,2.465736032087394
2018-09-25 18:00:00,2.52,2.9889728096448676
2018-09-25 18:15:00,2.56,2.955787375326385
2018-09-25 18:30:00,2.59,2.944852232717368
2018-09-25 18:45:00,2.59,2.838059639424743
2018-09-25 19:00:00,2.7,2.857014958262812
2018-09-25 19:15:00,2.77,2.8404338699888227
2018-09-25 19:30:00,2.84,2.8404338699888227
2018-09-25 19:45:00,3.02,2.7834208472596194
2018-09-25 20:00:00,3.35,2.8023761660976887
2018-09-25 20:15:00,2.74,2.697689075582462
2018-09-25 20:30:00,2.74,2.994273664348382
2018-09-25 20:45:00,2.77,3.073088594442952
2018-09-25 21:00:00,2.81,3.0688411096539667
2018-09-25 21:15:00,2.7,2.935669862677435
2018-09-25 21:30:00,2.77,2.8605095220034404
2018-09-25 21:45:00,3.46,2.747171684609942
2018-09-25 22:00:00,2.88,2.747171684609942
2018-09-25 22:15:00,2.59,3.137534328514741
2018-09-25 22:30:00,2.56,2.8352686521828865
2018-09-25 22:45:00,2.63,2.6433794298678293
2018-09-25 23:00:00,2.56,2.764197721292041
2018-09-25 23:15:00,2.63,2.8605095220034404
2018-09-25 23:30:00,3.13,2.935669862677435
2018-09-25 23:45:00,2.66,2.841287344122006
2018-09-26 00:00:00,2.56,2.927552333144382
2018-09-26 00:15:00,2.66,2.8276966492960995
2018-09-26 00:30:00,2.63,2.7857217429405874
2018-09-26 00:45:00,2.66,2.752536308622105
2018-09-26 01:00:00,2.63,2.9220791678515288
2018-09-26 01:15:00,2.59,2.8276966492960995
2018-09-26 01:30:00,2.59,2.752536308622105
2018-09-26 01:45:00,2.66,2.834241893396973
2018-09-26 02:00:00,2.59,2.8276966492960995
2018-09-26 02:15:00,2.56,2.902226471599752
2018-09-26 02:30:00,2.77,2.827066130925757
2018-09-26 02:45:00,3.17,2.8382690607050693
2018-09-26 03:00:00,2.81,2.8382690607050693
2018-09-26 03:15:00,2.63,2.955807039727559
2018-09-26 03:30:00,3.13,2.8382690607050693
2018-09-26 03:45:00,2.92,3.139513030241676
2018-09-26 04:00:00,2.59,2.9580102464711304
2018-09-26 04:15:00,2.56,2.8745543002289473
2018-09-26 04:30:00,2.59,2.9968078302159515
2018-09-26 04:45:00,2.56,2.881364313166264
2018-09-26 05:00:00,2.63,2.9697307137283118
2018-09-26 05:15:00,2.56,2.953712577754757
2018-09-26 05:30:00,2.63,2.8382690607050693
2018-09-26 05:45:00,2.56,2.8542871966786243
2018-09-26 06:00:00,2.48,2.8382690607050693
2018-09-26 06:15:00,2.52,2.8382690607050693
2018-09-26 06:30:00,2.52,2.8382690607050693
2018-09-26 06:45:00,2.59,2.915964899689845
2018-09-26 07:00:00,2.52,2.9282414515262514
2018-09-26 07:15:00,2.56,2.9282414515262514
2018-09-26 07:30:00,2.56,3.1002362183167023
2018-09-26 07:45:00,3.13,4.245614103976084
2018-09-26 08:00:00,3.02,21.06326604180329
2018-09-26 08:15:00,2.74,29.326300952033762
2018-09-26 08:30:00,2.48,2.300070205247903
2018-09-26 08:45:00,2.59,2.92713010097887
2018-09-26 09:00:00,2.63,2.8050521288873997
2018-09-26 09:15:00,2.63,3.3570597012891192
2018-09-26 09:30:00,2.66,3.3570597012891192
2018-09-26 09:45:00,2.63,2.722759146706013
2018-09-26 10:00:00,2.74,2.731559454050974
2018-09-26 10:15:00,2.63,2.7250142099501007
2018-09-26 10:30:00,2.63,2.7250142099501007
2018-09-26 10:45:00,2.59,2.1514430152781308
2018-09-26 11:00:00,2.59,2.1514430152781308
2018-09-26 11:15:00,3.2,2.9370701505491033
2018-09-26 11:30:00,3.2,3.031286158566334
2018-09-26 11:45:00,3.24,3.265698337563081
2018-09-26 12:00:00,2.81,2.836298486317694
2018-09-26 12:15:00,2.7,2.944950921654756
2018-09-26 12:30:00,2.74,2.8741216498214093
2018-09-26 12:45:00,2.81,3.0608324194911094
2018-09-26 13:00:00,2.74,2.3660890770030854
2018-09-26 13:15:00,2.7,3.4189753219617933
2018-09-26 13:30:00,2.7,2.9462055157759286
2018-09-26 13:45:00,2.59,2.7505147728890433
2018-09-26 14:00:00,2.59,2.731559454050974
2018-09-26 14:15:00,2.59,2.9586155905131246
2018-09-26 14:30:00,2.59,2.7250142099501007
2018-09-26 14:45:00,2.66,2.7250142099501007
2018-09-26 15:00:00,3.24,2.6445471445175137
2018-09-26 15:15:00,2.77,2.4222533275888702
2018-09-26 15:30:00,2.59,2.765683322109765
2018-09-26 15:45:00,2.59,2.5163689871009343
2018-09-26 16:00:00,2.56,2.730007299510053
2018-09-26 16:15:00,2.59,2.8509892922801603
2018-09-26 16:30:00,2.52,2.4481884447848024
2018-09-26 16:45:00,2.66,2.47907801477938
2018-09-26 17:00:00,2.59,2.5636921598379625
2018-09-26 17:15:00,2.59,2.482800511428435
2018-09-26 17:30:00,3.17,2.5259000643415184
2018-09-26 17:45:00,3.02,2.5368352069505353
2018-09-26 18:00:00,2.52,3.027337282743544
2018-09-26 18:15:00,2.59,2.933680485780252
2018-09-26 18:30:00,3.31,2.706229255110466
2018-09-26 18:45:00,2.7,2.706229255110466
2018-09-26 19:00:00,2.66,3.1931422621361776
2018-09-26 19:15:00,2.66,2.9636066692618583
2018-09-26 19:30:00,2.74,3.0891480140980323
2018-09-26 19:45:00,2.74,2.787939286277723
2018-09-26 20:00:00,2.66,2.875776560732279
2018-09-26 20:15:00,2.63,2.7813940421768497
2018-09-26 20:30:00,2.66,2.7813940421768497
2018-09-26 20:45:00,2.7,2.787939286277723
2018-09-26 21:00:00,2.63,2.672069243189518
2018-09-26 21:15:00,2.92,2.7335809897840355
2018-09-26 21:30:00,3.28,2.7335809897840355
2018-09-26 21:45:00,2.74,2.850637521381265
2018-09-26 22:00:00,2.56,3.194488012417926
2018-09-26 22:15:00,2.63,2.629788735041923
2018-09-26 22:30:00,3.17,2.629788735041923
2018-09-26 22:45:00,2.7,2.9220791678515288
2018-09-26 23:00:00,2.45,2.961045602446986
2018-09-26 23:15:00,2.45,2.752536308622105
2018-09-26 23:30:00,2.45,2.7857217429405874
2018-09-26 23:45:00,2.48,2.759081552722978
2018-09-27 00:00:00,2.48,2.846918827177534
2018-09-27 00:15:00,2.48,2.752536308622105
2018-09-27 00:30:00,2.59,2.7335809897840355
2018-09-27 00:45:00,3.1,2.759081552722978
2018-09-27 01:00:00,2.74,2.752536308622105
2018-09-27 01:15:00,2.56,2.7198758150811737
2018-09-27 01:30:00,2.52,2.8276966492960995
2018-09-27 01:45:00,2.52,3.041334961705218
2018-09-27 02:00:00,2.56,2.752536308622105
2018-09-27 02:15:00,2.52,2.9311265614381146
2018-09-27 02:30:00,2.52,2.827066130925757
2018-09-27 02:45:00,2.7,2.913429401379064
2018-09-27 03:00:00,3.2,2.8542871966786243
2018-09-27 03:15:00,2.81,2.8382690607050693
2018-09-27 03:30:00,2.52,2.938217812044749
2018-09-27 03:45:00,2.56,2.8382690607050693
2018-09-27 04:00:00,2.52,2.742833404317116
2018-09-27 04:15:00,2.52,2.8382690607050693
2018-09-27 04:30:00,2.52,2.953712577754757
2018-09-27 04:45:00,3.17,2.953712577754757
2018-09-27 05:00:00,2.66,2.915964899689845
2018-09-27 05:15:00,2.56,2.971825175701114
2018-09-27 05:30:00,2.52,2.8382690607050693
2018-09-27 05:45:00,2.45,2.742833404317116
2018-09-27 06:00:00,2.45,2.8382690607050693
2018-09-27 06:15:00,2.48,2.953712577754757
2018-09-27 06:30:00,2.48,2.8382690607050693
2018-09-27 06:45:00,2.45,2.8382690607050693
2018-09-27 07:00:00,2.48,2.8665637485150306
2018-09-27 07:15:00,2.84,2.9282414515262514
2018-09-27 07:30:00,7.99,3.177932057301478
2018-09-27 07:45:00,9.04,4.167918264991308
2018-09-27 08:00:00,28.04,50.62395917314323
2018-09-27 08:15:00,49.46,76.03666379336619
2018-09-27 08:30:00,56.41,58.218001576809726
2018-09-27 08:45:00,40.75,60.171017282946174
2018-09-27 09:00:00,47.16,61.577017527516034
2018-09-27 09:15:00,46.91,45.14142841319598
2018-09-27 09:30:00,54.72,52.950800475243675
2018-09-27 09:45:00,57.78,51.8363266156623
2018-09-27 10:00:00,48.38,55.88036605631719
2018-09-27 10:15:00,57.82,54.751561049468016
2018-09-27 10:30:00,62.06,51.16888758782791
2018-09-27 10:45:00,57.49,57.0006430345696
2018-09-27 11:00:00,51.8,60.034841898238845
2018-09-27 11:15:00,44.28,56.89576628698496
2018-09-27 11:30:00,48.96,55.33607316002573
2018-09-27 11:45:00,54.0,43.077631665897854
2018-09-27 12:00:00,3.89,10.32232278800791
2018-09-27 12:15:00,3.67,5.35253732661002
2018-09-27 12:30:00,3.49,4.311464105663008
2018-09-27 12:45:00,4.07,5.388912012086519
2018-09-27 13:00:00,25.85,13.053733321985334
2018-09-27 13:15:00,61.02,49.65038887435071
2018-09-27 13:30:00,52.85,54.25363278093239
2018-09-27 13:45:00,60.62,63.69970625358631
2018-09-27 14:00:00,121.46,57.06114882788169
2018-09-27 14:15:00,127.62,57.234286080620656
2018-09-27 14:30:00,71.14,93.44268820719549
2018-09-27 14:45:00,112.46,104.01112504524355
2018-09-27 15:00:00,110.05,88.1954609071115
2018-09-27 15:15:00,96.01,85.80403171061907
2018-09-27 15:30:00,115.24,98.93502604258167
2018-09-27 15:45:00,82.19,87.4903951249716
2018-09-27 16:00:00,61.63,89.70344766028167
2018-09-27 16:15:00,60.73,107.23691846670326
2018-09-27 16:30:00,48.53,73.33216205527484
2018-09-27 16:45:00,49.07,68.11808225455476
2018-09-27 17:00:00,54.32,56.76667688443852
2018-09-27 17:15:00,59.62,51.86447792460379
2018-09-27 17:30:00,34.81,39.161036803984125
2018-09-27 17:45:00,27.32,25.63970095275437
2018-09-27 18:00:00,32.22,39.64356572468855
2018-09-27 18:15:00,40.86,40.58644002588674
2018-09-27 18:30:00,36.18,47.070206290556605
2018-09-27 18:45:00,31.75,45.0812345999626
2018-09-27 19:00:00,37.76,40.51723350207543
2018-09-27 19:15:00,31.79,35.85186393638481
2018-09-27 19:30:00,36.4,46.49892610650987
2018-09-27 19:45:00,40.32,36.47890139150803
2018-09-27 20:00:00,34.34,39.25767972057098
2018-09-27 20:15:00,34.92,41.691387140977966
2018-09-27 20:30:00,39.64,33.197445367792035
2018-09-27 20:45:00,19.04,21.927033056280447
2018-09-27 21:00:00,7.49,18.67901586880471
2018-09-27 21:15:00,5.26,3.7569767868186124
2018-09-27 21:30:00,3.78,6.409209304978153
2018-09-27 21:45:00,3.78,4.504512977511992
2018-09-27 22:00:00,3.49,3.513142027821899
2018-09-27 22:15:00,3.46,3.513142027821899
2018-09-27 22:30:00,3.46,3.4021542219131558
2018-09-27 22:45:00,3.42,3.4021542219131558
2018-09-27 23:00:00,3.31,3.4021542219131558
2018-09-27 23:15:00,2.77,3.4021542219131558
2018-09-27 23:30:00,2.77,3.4021542219131558
2018-09-27 23:45:00,2.84,3.0353628587913293
2018-09-28 00:00:00,2.77,3.0162602530098397
2018-09-28 00:15:00,2.81,2.9879186186577362
2018-09-28 00:30:00,2.84,2.9879186186577362
2018-09-28 00:45:00,2.95,2.910562136784406
2018-09-28 01:00:00,2.88,2.910562136784406
2018-09-28 01:15:00,2.92,3.0253594040127294
2018-09-28 01:30:00,3.02,2.904016892683533
2018-09-28 01:45:00,2.99,2.9542590685073082
2018-09-28 02:00:00,3.38,2.9404173474250324
2018-09-28 02:15:00,4.1,3.0567250670785855
2018-09-28 02:30:00,3.17,3.392227111947262
2018-09-28 02:45:00,2.99,4.523330949991129
2018-09-28 03:00:00,2.95,3.159505346343735
2018-09-28 03:15:00,2.95,3.094393404949553
2018-09-28 03:30:00,2.95,3.0868912359168044
2018-09-28 03:45:00,2.88,3.0868912359168044
2018-09-28 04:00:00,2.95,3.0868912359168044
2018-09-28 04:15:00,3.02,3.0590732303936647
2018-09-28 04:30:00,2.95,3.1029093718903593
2018-09-28 04:45:00,2.92,3.0721600884282925
2018-09-28 05:00:00,2.95,3.094393404949553
2018-09-28 05:15:00,2.99,3.071858993385806
2018-09-28 05:30:00,2.95,3.0868912359168044
2018-09-28 05:45:00,3.64,3.094393404949553
2018-09-28 06:00:00,3.85,3.094393404949553
2018-09-28 06:15:00,3.17,3.5499068518112913
2018-09-28 06:30:00,2.88,3.770785841757866
2018-09-28 06:45:00,2.84,3.1344682234050234
2018-09-28 07:00:00,2.92,3.062833815289265
2018-09-28 07:15:00,3.06,3.062833815289265
2018-09-28 07:30:00,3.2,3.284091146537681
2018-09-28 07:45:00,3.02,4.379817597997267
2018-09-28 08:00:00,28.48,34.53738892515623
2018-09-28 08:15:00,38.59,24.40197530704745
2018-09-28 08:30:00,55.51,61.442223363332175
2018-09-28 08:45:00,58.03,46.66532521243448
2018-09-28 09:00:00,54.36,56.58107868871407
2018-09-28 09:15:00,60.3,58.38365573192211
2018-09-28 09:30:00,60.12,55.348236073083655
2018-09-28 09:45:00,47.2,54.32950018634063
2018-09-28 10:00:00,49.32,52.50104254706815
2018-09-28 10:15:00,53.14,55.51136177072883
2018-09-28 10:30:00,52.6,56.92755200605585
2018-09-28 10:45:00,59.69,58.233873944343486
2018-09-28 11:00:00,50.26,58.493604202016286
2018-09-28 11:15:00,56.77,56.828651800462886
2018-09-28 11:30:00,50.72,55.12720521406472
2018-09-28 11:45:00,46.12,51.364273350583304
2018-09-28 12:00:00,6.12,7.379597720485885
2018-09-28 12:15:00,5.26,7.012779003734448
2018-09-28 12:30:00,4.0,5.1282202747780055
2018-09-28 12:45:00,3.64,5.171762653691734
2018-09-28 13:00:00,26.57,35.471346924542445
2018-09-28 13:15:00,43.67,25.427133391169946
2018-09-28 13:30:00,55.58,57.71086964006143
2018-09-28 13:45:00,64.87,49.02345903087005
2018-09-28 14:00:00,41.72,56.25108093514298
2018-09-28 14:15:00,39.1,61.75306222557156
2018-09-28 14:30:00,53.68,48.301068733601724
2018-09-28 14:45:00,55.04,45.377801950912385
2018-09-28 15:00:00,38.52,56.4421837152941
2018-09-28 15:15:00,56.81,57.322456271766065
2018-09-28 15:30:00,56.66,45.35450028376506
2018-09-28 15:45:00,44.71,56.80147470564249
2018-09-28 16:00:00,38.74,57.46432281286166
2018-09-28 16:15:00,45.36,49.785266492334976
2018-09-28 16:30:00,50.18,44.23273355494176
2018-09-28 16:45:00,58.25,50.233893329871584
2018-09-28 17:00:00,46.76,46.998407835512836
2018-09-28 17:15:00,51.48,49.904095205478875
2018-09-28 17:30:00,33.41,33.178522239164316
2018-09-28 17:45:00,27.25,30.44766414819894
2018-09-28 18:00:00,29.52,38.99445545551072
2018-09-28 18:15:00,37.87,31.83920647570652
2018-09-28 18:30:00,38.12,38.14804659823511
2018-09-28 18:45:00,38.63,43.43282865103242
2018-09-28 19:00:00,38.38,40.240500352420035
2018-09-28 19:15:00,29.45,41.692180462396585
2018-09-28 19:30:00,36.58,41.70447175329688
2018-09-28 19:45:00,35.32,33.503125679076675
2018-09-28 20:00:00,35.24,43.60662246599133
2018-09-28 20:15:00,33.16,37.29679906531566
2018-09-28 20:30:00,21.67,32.78126628674168
2018-09-28 20:45:00,7.85,21.927033056280447
2018-09-28 21:00:00,6.19,2.4901994419784805
2018-09-28 21:15:00,3.56,6.311304949650763
2018-09-28 21:30:00,3.6,4.643638135429655
2018-09-28 21:45:00,3.53,3.383051616131666
2018-09-28 22:00:00,3.24,3.4563334596802315
2018-09-28 22:15:00,3.17,3.383051616131666
2018-09-28 22:30:00,3.2,3.383051616131666
2018-09-28 22:45:00,3.17,3.1303870282792916
2018-09-28 23:00:00,3.1,3.218553369937348
2018-09-28 23:15:00,3.1,3.1303870282792916
2018-09-28 23:30:00,3.13,3.1095706927572486
2018-09-28 23:45:00,3.13,3.1095706927572486
2018-09-29 00:00:00,2.7,3.181742284273579
2018-09-29 00:15:00,2.48,3.181742284273579
2018-09-29 00:30:00,2.45,3.0427177889388415
2018-09-29 00:45:00,2.56,3.0427177889388415
2018-09-29 01:00:00,2.59,3.014376154586738
2018-09-29 01:15:00,3.17,3.014376154586738
2018-09-29 01:30:00,2.95,2.841596823544485
2018-09-29 01:45:00,2.52,2.955723598813937
2018-09-29 02:00:00,2.52,2.8790376088994782
2018-09-29 02:15:00,2.59,2.9416813871402367
2018-09-29 02:30:00,2.48,3.133129532299095
2018-09-29 02:45:00,2.52,3.0302908532274793
2018-09-29 03:00:00,2.59,3.0362278485762637
2018-09-29 03:15:00,2.59,2.9233198298373573
2018-09-29 03:30:00,2.59,2.9393379658109122
2018-09-29 03:45:00,2.59,2.9233198298373573
2018-09-29 04:00:00,2.52,2.9233198298373573
2018-09-29 04:15:00,2.77,2.844686456135332
2018-09-29 04:30:00,3.17,3.561171185259156
2018-09-29 04:45:00,2.56,3.561171185259156
2018-09-29 05:00:00,2.59,3.5707469877901405
2018-09-29 05:15:00,2.59,3.561171185259156
2018-09-29 05:30:00,2.56,3.146867960389188
2018-09-29 05:45:00,2.56,2.9463393721029716
2018-09-29 06:00:00,2.52,3.6766147023088434
2018-09-29 06:15:00,2.56,3.561171185259156
2018-09-29 06:30:00,2.59,3.561171185259156
2018-09-29 06:45:00,2.74,3.577189321232711
2018-09-29 07:00:00,3.13,3.561171185259156
2018-09-29 07:15:00,3.02,3.561171185259156
2018-09-29 07:30:00,2.66,3.451694084505544
2018-09-29 07:45:00,3.06,4.47126840511269
2018-09-29 08:00:00,21.85,8.486549491933479
2018-09-29 08:15:00,47.3,8.490110181135101
2018-09-29 08:30:00,45.65,34.473698576840974
2018-09-29 08:45:00,41.9,52.266354591209804
2018-09-29 09:00:00,44.46,47.97829113596004
2018-09-29 09:15:00,47.41,41.47375064496524
2018-09-29 09:30:00,47.23,43.96147594189542
2018-09-29 09:45:00,37.87,45.660687531646644
2018-09-29 10:00:00,47.74,44.90178229176527
2018-09-29 10:15:00,44.5,41.972801266386085
2018-09-29 10:30:00,42.3,46.5547351641434
2018-09-29 10:45:00,44.14,45.71322900804274
2018-09-29 11:00:00,48.02,44.551241906637706
2018-09-29 11:15:00,49.14,41.7842258808948
2018-09-29 11:30:00,44.5,44.93746513707956
2018-09-29 11:45:00,32.47,32.068847694082066
2018-09-29 12:00:00,3.42,4.303984802917049
2018-09-29 12:15:00,3.28,8.512083659248303
2018-09-29 12:30:00,3.38,4.0420984176286385
2018-09-29 12:45:00,4.5,4.335716311005852
2018-09-29 13:00:00,19.51,11.99234131960943
2018-09-29 13:15:00,47.59,42.307135543927984
2018-09-29 13:30:00,47.48,45.30208470932057
2018-09-29 13:45:00,35.03,49.20363478417629
2018-09-29 14:00:00,34.6,47.624983182218166
2018-09-29 14:15:00,46.58,36.085175262246366
2018-09-29 14:30:00,47.88,36.22022647788526
2018-09-29 14:45:00,34.49,45.580223184090926
2018-09-29 15:00:00,34.92,50.138934783629175
2018-09-29 15:15:00,50.62,35.44029982889898
2018-09-29 15:30:00,36.14,33.88427324375318
2018-09-29 15:45:00,35.93,49.70399002905863
2018-09-29 16:00:00,51.59,34.58930631137675
2018-09-29 16:15:00,35.32,32.379929355244506
2018-09-29 16:30:00,24.12,48.87562826147591
2018-09-29 16:45:00,4.97,21.125877024018482
2018-09-29 17:00:00,3.6,0.0
2018-09-29 17:15:00,3.46,4.749780089707412
2018-09-29 17:30:00,3.49,3.055983531262118
2018-09-29 17:45:00,3.38,3.064869581713945
2018-09-29 18:00:00,3.35,3.3617683426627356
2018-09-29 18:15:00,3.42,3.8532630326712205
2018-09-29 18:30:00,3.46,3.502272228447953
2018-09-29 18:45:00,3.49,3.502272228447953
2018-09-29 19:00:00,3.49,3.4818283826564467
2018-09-29 19:15:00,3.46,3.4717925384833306
2018-09-29 19:30:00,3.42,3.4844238532691754
2018-09-29 19:45:00,3.42,3.5096940630649978
2018-09-29 20:00:00,3.46,3.5096940630649978
2018-09-29 20:15:00,3.53,3.4844238532691754
2018-09-29 20:30:00,3.38,3.468668817511275
2018-09-29 20:45:00,2.81,3.4229547619239464
2018-09-29 21:00:00,2.81,3.2962760976271674
2018-09-29 21:15:00,2.81,2.9643209764520178
2018-09-29 21:30:00,2.81,2.9643209764520178
2018-09-29 21:45:00,2.81,2.9359793420999143
2018-09-29 22:00:00,3.13,2.9359793420999143
2018-09-29 22:15:00,3.28,2.9359793420999143
2018-09-29 22:30:00,2.59,3.0292897818473232
2018-09-29 22:45:00,2.59,3.3027707052217408
2018-09-29 23:00:00,2.59,2.9577757323511444
2018-09-29 23:15:00,2.56,2.9577757323511444
2018-09-29 23:30:00,2.52,2.929434097999041
2018-09-29 23:45:00,2.56,2.929434097999041
2018-09-30 00:00:00,3.02,2.8051780816277825
2018-09-30 00:15:00,2.81,2.811723325728656
2018-09-30 00:30:00,2.63,2.849164111083649
2018-09-30 00:45:00,2.56,2.8051780816277825
2018-09-30 01:00:00,2.56,3.018816394036901
2018-09-30 01:15:00,2.59,2.8051780816277825
2018-09-30 01:30:00,2.56,2.8995606001832117
2018-09-30 01:45:00,2.56,2.8995606001832117
2018-09-30 02:00:00,2.63,2.8051780816277825
2018-09-30 02:15:00,2.56,2.879707903931435
2018-09-30 02:30:00,2.56,2.879707903931435
2018-09-30 02:45:00,2.63,2.8157504930367523
2018-09-30 03:00:00,2.59,2.8157504930367523
2018-09-30 03:15:00,2.56,2.8157504930367523
2018-09-30 03:30:00,3.13,2.8157504930367523
2018-09-30 03:45:00,2.88,2.8157504930367523
2018-09-30 04:00:00,3.1,2.8045099600456935
2018-09-30 04:15:00,3.02,2.893446332021528
2018-09-30 04:30:00,2.52,3.1057539295823
2018-09-30 04:45:00,2.63,2.7516244580419413
2018-09-30 05:00:00,2.66,2.9742892625476345
2018-09-30 05:15:00,2.52,2.9742892625476345
2018-09-30 05:30:00,2.59,2.9311940100864398
2018-09-30 05:45:00,2.52,2.9472121460599947
2018-09-30 06:00:00,2.52,2.8157504930367523
2018-09-30 06:15:00,2.56,2.8317686290103072
2018-09-30 06:30:00,2.56,2.8157504930367523
2018-09-30 06:45:00,2.59,2.8157504930367523
2018-09-30 07:00:00,2.52,2.8157504930367523
2018-09-30 07:15:00,2.95,2.8157504930367523
2018-09-30 07:30:00,2.95,3.004824423572157
2018-09-30 07:45:00,2.59,3.8035435518750598
2018-09-30 08:00:00,2.56,6.943063988641782
2018-09-30 08:15:00,2.52,6.329309216806751
2018-09-30 08:30:00,2.63,3.572263099632649
2018-09-30 08:45:00,2.74,4.5301014134750375
2018-09-30 09:00:00,3.02,4.468640116623392
2018-09-30 09:15:00,3.46,3.361712677055385
2018-09-30 09:30:00,2.81,3.399153462410378
2018-09-30 09:45:00,2.77,3.6386692142708807
2018-09-30 10:00:00,2.74,3.2774941845718684
2018-09-30 10:15:00,2.74,3.2774941845718684
2018-09-30 10:30:00,2.74,3.5959325010389356
2018-09-30 10:45:00,2.74,3.022361306366966
2018-09-30 11:00:00,2.7,3.022361306366966
2018-09-30 11:15:00,2.7,2.9404112319812734
2018-09-30 11:30:00,2.74,3.0668039990262694
2018-09-30 11:45:00,3.02,3.060258754925396
2018-09-30 12:00:00,3.31,2.6792780907364335
2018-09-30 12:15:00,2.77,2.725473183600395
2018-09-30 12:30:00,2.81,2.728986357638398
2018-09-30 12:45:00,2.77,2.7122378593467005
2018-09-30 13:00:00,2.7,2.8598559977985634
2018-09-30 13:15:00,2.66,4.169363210837735
2018-09-30 13:30:00,2.74,3.6900481605509996
2018-09-30 13:45:00,2.74,3.6126916786776695
2018-09-30 14:00:00,2.74,3.6900481605509996
2018-09-30 14:15:00,2.95,3.544076582104548
2018-09-30 14:30:00,3.38,3.4002417581520503
2018-09-30 14:45:00,2.95,3.4376825435070435
2018-09-30 15:00:00,2.7,3.6095302559955598
2018-09-30 15:15:00,2.7,3.1681070954642956
2018-09-30 15:30:00,2.7,3.1306663101093024
2018-09-30 15:45:00,2.74,3.345312371834257
2018-09-30 16:00:00,2.95,3.387287278189769
2018-09-30 16:15:00,3.31,2.6280439689691963
2018-09-30 16:30:00,2.66,2.4316119327536376
2018-09-30 16:45:00,2.7,2.827445422108875
2018-09-30 17:00:00,2.7,2.549736505652594
2018-09-30 17:15:00,2.7,2.486922133977727
2018-09-30 17:30:00,2.7,2.5977640152286305
2018-09-30 17:45:00,2.74,2.6086991578376475
2018-09-30 18:00:00,2.63,2.797200326600113
2018-09-30 18:15:00,2.66,2.797200326600113
2018-09-30 18:30:00,2.77,2.867970768765964
2018-09-30 18:45:00,2.77,2.8614255246650906
2018-09-30 19:00:00,2.95,2.8614255246650906
2018-09-30 19:15:00,3.35,2.77622933981798
2018-09-30 19:30:00,2.99,2.813670125172973
2018-09-30 19:45:00,3.46,3.1512799594926153
2018-09-30 20:00:00,2.74,2.8638815961735546
2018-09-30 20:15:00,2.7,3.4571046492578277
2018-09-30 20:30:00,2.77,2.974113833399507
2018-09-30 20:45:00,2.77,2.9037972926918916
2018-09-30 21:00:00,2.77,2.74393319407663
2018-09-30 21:15:00,2.77,2.824400259509217
2018-09-30 21:30:00,2.74,2.736562985054661
2018-09-30 21:45:00,2.77,2.730017740953788
2018-09-30 22:00:00,2.59,2.7535890217367602
2018-09-30 22:15:00,3.17,2.7280884587978176
2018-09-30 22:30:00,2.81,2.747043777635887
2018-09-30 22:45:00,2.59,2.9363308935793335
2018-09-30 23:00:00,2.56,2.8051780816277825
2018-09-30 23:15:00,2.52,2.850545752661985
2018-09-30 23:30:00,2.59,2.8051780816277825
2018-09-30 23:45:00,2.74,2.8995606001832117
